frame_idx,time_sec,xmin,ymin,xmax,ymax,pitch_deg,yaw_deg,x_norm,y_norm,x_norm_smooth,y_norm_smooth
6422,214.067,957,408,2088,1961,2.2744,11.5085,0.28260171862207994,0.7398339330264448,0.28260171862207994,0.7398339330264448
6423,214.1,959,408,2090,1963,1.6794,14.1491,0.24074568470684188,0.5052220253399834,0.2700449084475085,0.6694503607205063
6424,214.133,959,407,2090,1965,0.3477,15.6235,0.17802271232955869,0.3585079095468372,0.24243824961212354,0.5761676253684056
6425,214.167,959,407,2092,1966,1.2879,13.3509,0.23482632177815493,0.5822101743926024,0.24015467126193296,0.5779803900756646
6426,214.2,957,408,2092,1966,0.2006,12.8343,0.20282914819035408,0.6338063503031539,0.2289570143404593,0.5947281781439113
6427,214.233,958,409,2092,1967,1.8692,12.493,0.26192557914957176,0.6578553701029921,0.23884758378319304,0.6136663357316355
6428,214.267,957,409,2093,1966,1.2716,12.6151,0.24053989085600577,0.6487878981183691,0.23935527590503686,0.6242028044476556
6429,214.3,957,408,2092,1966,4.8488,12.9012,0.36579178653014677,0.6234977940291685,0.27728622909256984,0.6239913013221094
6430,214.333,955,408,2093,1966,5.9764,14.0409,0.39991180687426525,0.5230952082044213,0.31407390242707844,0.593722473386803
6431,214.367,956,405,2092,1966,7.6323,18.412,0.41825667229633967,0.05737112728253144,0.34532873338785675,0.4328170695555215
6432,214.4,957,407,2091,1967,6.9549,18.5673,0.3878933985423021,0.03206524404722349,0.35809813293419035,0.31259152190303213
6433,214.433,955,406,2090,1968,7.9834,19.8486,0.4118069534073945,0.0,0.3742107790761516,0.21881406533212247
6434,214.467,955,405,2090,1968,7.4793,19.7441,0.3920474108263487,0.0,0.3795617686012107,0.1531698457324857
6435,214.5,955,406,2090,1968,6.2545,19.2438,0.3489747042161525,0.0,0.37038564928569323,0.10721889201273999
6436,214.533,954,406,2089,1968,8.4798,20.6594,0.42001177152346447,0.0,0.3852734859570246,0.07505322440891798
6437,214.567,953,408,2089,1968,8.1152,17.0784,0.4555710517110501,0.22045835159538807,0.4063627556832322,0.11867476256485901
6438,214.6,952,406,2088,1968,6.9336,18.7219,0.38477788479087544,0.012629910554943887,0.3998872944155252,0.08686130696188446
6439,214.633,952,406,2088,1968,7.9239,19.4353,0.41567713848847393,0.0,0.4046242476374098,0.06080291487331912
6440,214.667,954,403,2088,1968,9.0599,20.7687,0.44356727812728125,0.0,0.41630715678437114,0.04256204041132338
6441,214.7,953,404,2088,1968,8.36,18.7944,0.4436588066632131,0.01746587501255815,0.42451265174802366,0.035033190791693807
6442,214.733,954,402,2088,1969,8.8067,19.9637,0.44549540557755984,0.0,0.43080747789688445,0.024523233554185665
6443,214.767,954,402,2091,1968,6.4282,19.3888,0.3538350946638617,0.0,0.4077157629269776,0.017166263487929965
6444,214.8,954,400,2090,1970,5.6936,18.412,0.33879065858005825,0.042091236234941314,0.38703823162290174,0.024643755312033368
6445,214.833,954,400,2090,1969,6.4482,19.7073,0.3495849979957241,0.0,0.3758022615347484,0.017250628718423356
6446,214.867,952,398,2089,1968,0.8485,15.4496,0.19742084844160399,0.37513617618875095,0.32228783760680507,0.12461629295952163
6447,214.9,953,395,2089,1969,2.6229,15.5753,0.258815465194524,0.3587004833119554,0.3032461258831207,0.19484155006525178
6448,214.933,953,395,2089,1969,1.9717,15.1394,0.24045985832130728,0.40498570527104033,0.2844102456145767,0.2578847966269883
6449,214.967,953,394,2089,1970,2.4165,14.7523,0.2605637147713259,0.44419713816013734,0.27725628636160143,0.313778499086933
6450,215.0,954,395,2089,1969,1.37,15.2853,0.2175499323297114,0.3909321188676854,0.2593443801520344,0.3369245850211587
6451,215.033,953,395,2089,1969,2.2486,14.5308,0.2568988438489908,0.4666152843613084,0.25861071926112134,0.37583179482320356
6452,215.067,953,395,2090,1970,1.3849,13.8566,0.23341590276569174,0.5342456415278309,0.25105227431249244,0.42335594883459177
6453,215.1,950,399,2089,1971,-0.6387,14.0999,0.16284165019654692,0.5199398345234411,0.22458908707770878,0.4523311145412465
6454,215.133,950,398,2090,1970,0.8371,16.0581,0.18934271039645473,0.3095331143955548,0.21401517407333256,0.409491714497539
6455,215.167,949,397,2091,1970,0.2582,15.5937,0.17533916104086839,0.3620859193827089,0.2024123701635933,0.39526997596309
6456,215.2,949,397,2090,1970,0.7491,15.9578,0.18758658681319873,0.32080731348654085,0.19796463515847493,0.3729311772201252
6457,215.233,949,398,2091,1970,1.5869,14.91,0.22945289189538268,0.42931780472979664,0.20741111217954722,0.38984716547302656
6458,215.267,949,398,2091,1971,1.734,14.9156,0.23456183281907397,0.42844713733746426,0.21555632837140523,0.4014271570323579
6459,215.3,950,398,2092,1971,2.4981,16.4775,0.24311353253951942,0.26021623661925997,0.22382348962183948,0.35906388090842845
6460,215.333,950,398,2092,1971,2.0903,16.2098,0.23178478448588474,0.2902095280914279,0.22621187808105306,0.3384075750633283
6461,215.367,951,398,2091,1971,5.6367,14.9078,0.37899126144645623,0.43570235815366876,0.272045693090674,0.3675960099904304
6462,215.4,951,398,2092,1970,4.7824,15.6689,0.33823125110717067,0.35274596585361734,0.291901360495623,0.3631409967493865
6463,215.433,951,399,2091,1970,4.6719,16.6604,0.3223299386350252,0.24371752683131476,0.3010299339374436,0.32731395577396494
6464,215.467,951,399,2092,1970,4.1315,15.4112,0.3163763358785893,0.37789615952609934,0.3056338545197873,0.34248861689960525
6465,215.5,950,399,2092,1970,3.5714,15.9091,0.28975919697028085,0.3236354819457884,0.30087145725493536,0.33683267641346015
6466,215.533,951,399,2093,1970,4.0707,16.0262,0.3071012765903737,0.31200170917732845,0.3027404030555668,0.32938338624262065
6467,215.567,950,401,2093,1970,2.4635,16.332,0.24373482358251924,0.27645537474424625,0.28503872921365253,0.3135049827931083
6468,215.6,949,402,2094,1970,0.871,16.9202,0.17874770166219428,0.2124615525921124,0.253151420948215,0.2831919537328095
6469,215.633,949,401,2093,1970,2.3329,16.5312,0.23639116267354127,0.25423642243693995,0.24812334346581288,0.2745052943440486
6470,215.667,949,402,2093,1970,1.173,16.2783,0.19821293532869025,0.2842370588491168,0.23315022102467609,0.27742482369556903
6471,215.7,949,403,2093,1970,0.2047,15.2791,0.1774186916295636,0.3956825825719075,0.21643076220614235,0.31290215135847055
6472,215.733,950,403,2093,1970,2.6459,15.9113,0.25563937016318217,0.32261724518475887,0.22819334459325427,0.31581667950635706
6473,215.767,950,402,2093,1970,2.863,15.6562,0.2666063116626416,0.3501059654116123,0.23971723471407047,0.32610346527793366
6474,215.8,950,401,2094,1971,4.5667,15.6991,0.3296627955765729,0.3487451141877804,0.2667009029728212,0.33289595995088767
6475,215.833,952,401,2094,1972,4.9012,15.757,0.341809664886887,0.34381594306472685,0.2892335315470409,0.33617195488503937
6476,215.867,952,400,2095,1972,5.701,15.2447,0.37816762020044015,0.40151180828486244,0.31591375814306066,0.3557739109049863
6477,215.9,953,400,2095,1972,5.5165,14.6545,0.3767450748546751,0.4605939539537433,0.334163153156545,0.38721992381961334
6478,215.933,953,399,2095,1972,5.4234,15.3221,0.3666010316122081,0.39204674704501363,0.3438945166932439,0.3886679707872334
6479,215.967,953,398,2094,1970,5.9718,15.4173,0.3870000002167465,0.38508458084681685,0.35682616175029463,0.3875929538051084
6480,216.0,954,397,2094,1970,5.8337,15.0948,0.3848308187404836,0.4176895336245163,0.36522755884735125,0.3966219277509307
6481,216.033,951,395,2097,1971,6.3432,14.0951,0.41373783195944136,0.5200705943754987,0.37978064078097823,0.4336565277383011
6482,216.067,952,396,2097,1970,5.4091,14.2364,0.37639741993429643,0.5013031760617622,0.3787656745269737,0.4539505222353394
6483,216.1,952,400,2097,1968,5.2424,13.9242,0.37271148089500455,0.530640054859994,0.37694941643738294,0.47695738202273574
6484,216.133,952,401,2097,1969,4.4055,13.0893,0.34796421663069976,0.6053319769519001,0.36825385649537795,0.5154697605014851
6485,216.167,954,400,2097,1969,6.4122,14.1346,0.41611260045392967,0.5167049835243985,0.38261147968294346,0.5158403274083591
6486,216.2,955,399,2096,1969,7.4991,15.0204,0.45171674435228965,0.43711486491600304,0.4033430590837473,0.4922226886606522
6487,216.233,956,400,2096,1970,8.0356,14.0807,0.48129462130259715,0.5346913819341361,0.4267285277494022,0.5049632966426973
6488,216.267,955,397,2097,1970,10.5138,14.3197,0.583097422255798,0.5405407648040088,0.4736391961013209,0.5156365370910908
6489,216.3,956,397,2097,1971,9.6548,13.625,0.5512640591826631,0.5950110013469937,0.49692665502572353,0.5394488763678617
6490,216.333,956,397,2096,1971,10.0167,13.6556,0.5663007968298608,0.5967112831185428,0.5177388975669647,0.556627598393066
6491,216.367,955,395,2097,1971,9.225,12.8626,0.5378511634442269,0.6586952637166642,0.5237725773301433,0.5872478979901454
6492,216.4,955,395,2097,1972,9.9797,13.5569,0.5653459458135126,0.6053446378232277,0.536244587875154,0.5926769199400701
6493,216.433,955,395,2097,1972,10.4889,13.5158,0.5871813851447143,0.615848627480278,0.5515256270560221,0.5996284322021325
6494,216.467,955,395,2097,1972,10.2299,13.4033,0.576830988237634,0.6226380726831172,0.5591172354105056,0.6065313243464279
6495,216.5,954,395,2097,1972,9.2896,12.7649,0.5410334617377549,0.6679707411999655,0.5536921033086804,0.6249631494024891
6496,216.533,954,395,2097,1972,9.8742,13.1361,0.5633532621162164,0.6421638980680471,0.5565904509509412,0.6301233740021565
6497,216.567,954,395,2097,1972,9.9495,13.1905,0.56621150447536,0.6382389744008656,0.5594767670082668,0.6325580541217692
6498,216.6,954,395,2097,1972,10.4018,13.3302,0.5845374527722828,0.6315592602330824,0.5669949727374716,0.6322584159551632
6499,216.633,954,396,2097,1973,10.7942,13.4793,0.6004444610026732,0.6234453311049954,0.577029819217032,0.6296144905001129
6500,216.667,954,397,2096,1972,10.2822,14.5003,0.571877311576056,0.5198058989240578,0.5754840669247392,0.5966719130272964
6501,216.7,955,397,2096,1972,11.6746,13.2148,0.6399156972152161,0.6605436591651013,0.5948135560118822,0.6158334368686378
6502,216.733,954,398,2096,1973,10.7976,13.6996,0.5993064237525265,0.6032306432449318,0.5961614163340755,0.612052598781526
6503,216.767,954,396,2095,1973,8.7253,14.5459,0.5059711243424183,0.49645232920393695,0.5691043287365782,0.5773725179082492
6504,216.8,953,397,2096,1973,8.4605,15.6307,0.48545522143955505,0.383118469853663,0.5440095965474713,0.5190963034918733
6505,216.833,954,397,2096,1973,9.5553,15.0584,0.5365461408113628,0.4547915917826745,0.5417705598266387,0.49980488997911365
6506,216.867,954,398,2096,1973,8.3962,15.6041,0.4830392749477612,0.38524713876795696,0.5241511743629754,0.46543756461576663
6507,216.9,953,398,2096,1973,8.552,14.9653,0.49531639476066786,0.45276130569791423,0.5155007404822831,0.4616346869404109
6508,216.933,953,399,2097,1973,8.0413,16.5583,0.4584393530673532,0.27840377652419823,0.49838232425780415,0.4066654138155471
6509,216.967,953,399,2097,1973,7.9539,17.2672,0.44657642067350667,0.19710629661337598,0.48284055318251484,0.34379767865489574
6510,217.0,953,398,2098,1974,8.642,14.409,0.5036056257595395,0.5089885365892769,0.4890700749556222,0.39335493603521005
6511,217.033,953,395,2098,1974,9.7786,13.9891,0.5540861836748777,0.5624609183493418,0.5085749075713989,0.44408673072944954
6512,217.067,953,395,2098,1974,9.6195,14.0898,0.5466947959638794,0.5509212015549643,0.520010874089143,0.476137071977104
6513,217.1,951,395,2099,1975,9.5759,12.9872,0.5517111720034833,0.6517700906967939,0.5295209634634451,0.5288269775930109
6514,217.133,952,395,2099,1975,10.9748,14.7638,0.5998314897300541,0.5036680921427444,0.5506141213434278,0.5212793119579309
6515,217.167,952,395,2099,1975,10.9141,14.8631,0.5964436657343238,0.49287766988985104,0.5643629846606966,0.5127588193375069
6516,217.2,952,395,2099,1975,11.1291,14.8073,0.6062367025124523,0.50165781362218,0.5769251000162232,0.5094285176229087
6517,217.233,953,395,2099,1975,10.0932,15.2542,0.5578306054990703,0.4417308773006647,0.5711967516610773,0.4891192255262355
6518,217.267,950,396,2100,1975,11.2176,15.7541,0.6024594779345357,0.40598155167773214,0.5805755695431147,0.46417792337168445
6519,217.3,950,396,2100,1975,11.1262,15.6051,0.599723828571107,0.4202144050012529,0.5863200472515124,0.4509888678605549
6520,217.333,950,397,2100,1976,11.1274,14.0878,0.6111450966182377,0.5716231141116296,0.5937675620615299,0.4871791417358773
6521,217.367,950,397,2100,1976,11.0034,14.0618,0.6059360797150894,0.5722499168133754,0.5974181173575978,0.5127003742591267
6522,217.4,950,397,2101,1974,10.8987,16.5401,0.5810254768358651,0.31625252600404324,0.592500325201078,0.45376601978260167
6523,217.433,950,397,2101,1974,10.6717,16.6352,0.5700683980943875,0.3023283510139322,0.5857707470690708,0.4083347191520008
6524,217.467,950,397,2101,1974,10.6622,16.6707,0.5692874986931551,0.298240733323191,0.5808257725562961,0.37530652340335785
6525,217.5,949,398,2101,1972,10.0962,13.4781,0.5707376110341366,0.6140692902967335,0.5777993240996482,0.4469353534713705
6526,217.533,950,397,2101,1972,9.1321,18.6488,0.47887468888742585,0.04466997060441568,0.5481219335359815,0.32625573861128404
6527,217.567,949,399,2099,1972,3.0907,13.8258,0.2938800910320195,0.5351020295689254,0.4718493807847929,0.3889096258985764
6528,217.6,949,399,2099,1972,2.0409,14.0905,0.25399364929190427,0.5102630952661222,0.4064926613369263,0.42531566670884013
6529,217.633,949,399,2099,1972,1.2616,13.8631,0.2291040921585329,0.5339773253310308,0.35327609058340825,0.45791416429549736
6530,217.667,950,399,2099,1971,1.2125,13.8584,0.2274621043380823,0.5345771997289306,0.31553189470981047,0.4809130749255273
6531,217.7,950,399,2099,1971,1.8483,13.5259,0.252585885821959,0.564480601282388,0.296648092043455,0.5059833328325856
6532,217.733,950,399,2099,1971,1.7516,13.2951,0.25129047933966303,0.5861428473846221,0.2830408082323174,0.5300311871981965
6533,217.767,949,400,2099,1971,0.7908,14.3139,0.20837604432772003,0.49165447912222165,0.2606413790609382,0.518518174775404
6534,217.8,950,399,2099,1972,0.9655,14.7912,0.2091663873943611,0.44314664078941535,0.24519888156096506,0.49590671457960733
6535,217.833,950,399,2099,1972,0.3681,14.8736,0.18778258613992962,0.43702572956360863,0.22797399293465442,0.4782424190748077
6536,217.867,950,399,2099,1972,0.5444,14.8374,0.1942003906908281,0.43998641646715303,0.2178419122615065,0.46676561829251123
6537,217.9,950,399,2099,1971,0.2574,13.1262,0.2021108398188093,0.6070596790392568,0.21312259052869734,0.5088538365165349
6538,217.933,950,402,2099,1972,-1.0103,14.2465,0.14910417218487745,0.5080112056007993,0.19391706502555137,0.5086010472418142
6539,217.967,950,402,2099,1972,-0.6099,14.7602,0.1563346713843074,0.4537786792761511,0.18264234693317818,0.49215433685211524
6540,218.0,950,401,2098,1972,2.8739,14.9186,0.2752675523011139,0.42717023165177503,0.2104299085435589,0.47265910529201316
6541,218.033,950,402,2098,1973,3.3683,14.3932,0.2986195539664714,0.4802346527214103,0.23688680217043262,0.47493176952083227
6542,218.067,949,400,2101,1974,9.6873,15.0971,0.5418213126509943,0.4525064663739929,0.32836715531460114,0.4682041785767804
6543,218.1,950,400,2097,1972,9.8118,15.6751,0.542059710546443,0.39428553662698146,0.39247492188415367,0.4460285859918407
6544,218.133,949,400,2097,1971,10.0085,16.4046,0.543490254199476,0.31843725577135973,0.43777952157875033,0.4077511869256964
6545,218.167,948,401,2097,1971,8.5336,17.4234,0.46904258930743875,0.18505784606738415,0.4471584418973569,0.34094318466820267
6546,218.2,948,400,2097,1971,8.6945,15.9559,0.4920390093223771,0.3510616323986832,0.4606226121248629,0.34397871898734683
6547,218.233,945,400,2096,1967,10.2271,11.9375,0.5836508698404856,0.7491819416836032,0.4975310894395497,0.46553968579622373
6548,218.267,949,394,2092,1963,7.896,15.3452,0.46487323656982565,0.40733476759400017,0.4877337335786325,0.4480782103355566
6549,218.3,949,396,2091,1961,10.5573,17.7092,0.5532171945731227,0.17770349997679333,0.5073787718769796,0.3669657972279276
6550,218.333,945,398,2093,1964,5.0028,16.0305,0.3426337421177875,0.3147618272639669,0.45795526294922195,0.3513046062387394
6551,218.367,946,401,2094,1969,4.9665,15.6066,0.3459710179193033,0.3600957012941713,0.42435998944024633,0.35394193475536895
6552,218.4,947,401,2095,1970,5.754,16.3459,0.36828515450063115,0.28399317958625037,0.40753753895836176,0.3329573082046334
6553,218.433,948,402,2095,1970,4.8247,16.4682,0.33059054530870796,0.2658573954046129,0.38445344086346556,0.31282733436462723
6554,218.467,947,402,2095,1970,3.4342,17.2169,0.26790600736333464,0.17651158170929995,0.3494892108134262,0.27193260856802903
6555,218.5,947,401,2096,1970,4.3893,16.469,0.31386027426151386,0.2641600433482249,0.33880052984785247,0.2696008390020878
6556,218.533,947,400,2096,1971,4.1147,16.759,0.2997415068197631,0.2306995646583519,0.32708282293942564,0.257930456698967
6557,218.567,948,399,2096,1970,3.3335,17.5362,0.25965113350844665,0.1388425849440654,0.30685331611013195,0.2222040951724965
6558,218.6,949,399,2096,1970,3.6011,18.1195,0.26127440135048396,0.06922126539499289,0.29317964168223754,0.1763092462392454
6559,218.633,949,399,2096,1970,4.1027,17.292,0.29224062639757303,0.16933074412992777,0.29289793709683815,0.17421569560645012
6560,218.667,950,399,2095,1970,-0.5368,14.9345,0.15668692191380434,0.43546305786848427,0.252034632541928,0.25258990428506034
6561,218.7,950,399,2095,1970,-0.067,14.68,0.1753287378757769,0.4588418328103752,0.22902286414208264,0.3144654828426548
6562,218.733,951,400,2095,1970,-0.4501,15.1703,0.15671095629311033,0.41047749636634845,0.20732929178739096,0.3432690868997629
6563,218.767,951,401,2095,1970,-2.1736,15.0,0.1027728818626294,0.440931932291008,0.17596236880996247,0.3725679405171364
6564,218.8,950,403,2095,1970,-0.9822,15.5272,0.13455518442239814,0.3760687416679944,0.16354021349369316,0.3736181808623938
6565,218.833,950,403,2095,1970,-0.6129,15.2887,0.14982427230053172,0.39902059240400606,0.15942543113574473,0.3812389043248775
6566,218.867,950,403,2096,1970,-0.446,15.1353,0.15727645551301467,0.41410813039297883,0.1587807384489257,0.39109967214530783
6567,218.9,950,403,2095,1971,-1.4689,15.1763,0.1231374607684154,0.4166905734269948,0.1480877551447726,0.3987769425298139
6568,218.933,951,403,2095,1971,-0.4877,14.9303,0.15836705542435892,0.4356032389175242,0.15117154522864848,0.40982483144612697
6569,218.967,951,402,2095,1971,-1.0008,15.1207,0.13910504640175034,0.4191246930947242,0.147551595580579,0.4126147899407061
6570,219.0,951,403,2096,1970,-1.3715,15.4391,0.12293111994838317,0.3882040739249516,0.14016545289092025,0.4052915751359797
6571,219.033,950,402,2096,1970,-0.7025,14.9967,0.15045100471747214,0.4300576357639678,0.1432511184388858,0.4127213933243761
6572,219.067,951,401,2095,1970,-0.005,14.1599,0.18315178895621778,0.5103846339895233,0.1552213195940854,0.4420203655239202
6573,219.1,953,402,2094,1970,4.6192,11.8093,0.3642203979409638,0.7163621430990484,0.2179210430981489,0.5243228987964587
6574,219.133,954,401,2094,1971,4.3282,13.7842,0.3395320826589592,0.540834998551405,0.25440435496639197,0.5292765287229425
6575,219.167,954,401,2094,1971,5.1528,13.4305,0.3732877180988056,0.576602401707835,0.29006936390611604,0.5434742906184102
6576,219.2,954,401,2094,1971,5.929,14.055,0.39795976569659736,0.5214778317179597,0.3224364844432604,0.536875352948275
6577,219.233,954,401,2094,1972,5.2227,13.2238,0.3774873792268153,0.5958272982315558,0.33895175287832685,0.5545609365332592
6578,219.267,953,406,2095,1970,5.879,11.2727,0.4136890838524095,0.7641963171096389,0.3613729521705516,0.6174515507061731
6579,219.3,953,403,2095,1970,5.8573,11.215,0.4131233155987517,0.7686192205736585,0.3768980611990116,0.6628018516664187
6580,219.333,956,391,2086,1962,6.6409,6.7208,0.44646709272926194,1.0,0.39776877065808663,0.763961296166493
6581,219.367,953,394,2090,1960,3.9921,10.4425,0.34805077337141666,0.8218813194780479,0.38285337147208565,0.7813373031599594
6582,219.4,955,391,2090,1961,4.213,11.5009,0.3511056256107806,0.7405524953337538,0.37332904771369413,0.7691018608120977
6583,219.433,954,397,2094,1964,7.6385,14.1053,0.46504820668203584,0.5287602939578103,0.4008447954041966,0.6969993907558115
6584,219.467,958,401,2095,1966,7.8295,15.638,0.45932819636413125,0.3760893634876107,0.418389815692177,0.6007263825753513
6585,219.5,958,401,2096,1967,9.5109,16.8509,0.5173281139660586,0.2622732376023133,0.44807130517434146,0.49919043908343985
6586,219.533,956,398,2097,1969,9.3627,18.6456,0.48893002754522275,0.04797888499096666,0.4603289218856058,0.36382697285569787
6587,219.567,954,398,2096,1969,10.859,17.2592,0.5717142899313102,0.23461011798432121,0.49374453229931714,0.32506191639428483
6588,219.6,953,399,2096,1969,13.4447,16.977,0.6922147824219991,0.3120721109014681,0.5532856073361216,0.3211649747464398
6589,219.633,953,398,2098,1973,12.9077,16.1813,0.674719505732257,0.3893676047046934,0.5897157768549622,0.34162576373391584
6590,219.667,953,397,2097,1972,12.5935,16.152,0.6606297454927244,0.38673927424547416,0.6109899674462909,0.3551598168873833
6591,219.7,953,396,2097,1973,12.4751,16.1072,0.6556422460880434,0.38942289424485305,0.6243856510388166,0.3654387400946242
6592,219.733,952,398,2097,1973,14.029,16.3752,0.7250157092108938,0.39051646168274723,0.6545746684904398,0.3729620565710611
6593,219.767,952,397,2097,1973,13.0122,14.824,0.6899924309858486,0.5317362769087175,0.6651999972390624,0.42059432267235797
6594,219.8,952,396,2096,1973,11.5837,15.902,0.6173826283677081,0.39613667138498915,0.6508547865776562,0.4132570272861473
6595,219.833,951,396,2097,1973,12.8686,14.338,0.6866247218908498,0.576573576790095,0.6615857671716142,0.4622519921373316
6596,219.867,950,399,2096,1973,12.8554,16.2997,0.6712794911865091,0.37559296133319975,0.6644938843760826,0.43625428289609197
6597,219.9,948,402,2095,1973,10.6045,17.4322,0.558509825087732,0.2108024619190904,0.6326986665895774,0.3686187366029915
6598,219.933,948,402,2096,1973,9.8878,18.0818,0.5192133385781018,0.12380967839223846,0.5986530681861347,0.29517601913976554
6599,219.967,947,402,2096,1973,10.3096,15.0856,0.5685308245507664,0.4618622936819782,0.5896163950955242,0.34518190150242933
6600,220.0,946,403,2096,1974,8.3002,14.7709,0.4865854640321453,0.4697262385048847,0.5587071157765106,0.38254520260316593
6601,220.033,946,403,2096,1973,7.3513,14.7525,0.4481441627484559,0.46289755331112803,0.5255382298680942,0.4066509078155546
6602,220.067,947,400,2096,1973,9.2495,15.2692,0.5218139838796747,0.4295566183061042,0.5244209560715684,0.4135226209627194
6603,220.1,947,401,2096,1973,9.0202,13.9713,0.5224998723390043,0.5551915469279766,0.5238446309517991,0.4560232987522965
6604,220.133,946,404,2096,1972,7.8274,16.5978,0.4491317579832649,0.2719170874294192,0.5014307690612388,0.40079143535543327
6605,220.167,941,404,2096,1973,6.1583,16.6637,0.3805658174236507,0.25108426640507014,0.4651712835699624,0.3558792846703243
6606,220.2,940,404,2097,1971,5.6229,15.8779,0.3684394449008678,0.3342648145179584,0.43615173196923396,0.34939494362461454
6607,220.233,943,405,2095,1969,6.4823,15.2217,0.40908914349620396,0.4086544818561267,0.4280329554273249,0.3671728050940682
6608,220.267,945,406,2093,1969,7.9224,15.8795,0.4607298765660311,0.35130799893178005,0.43784203176893677,0.3624133632453817
6609,220.3,946,407,2093,1970,7.6951,14.6765,0.4626866426032316,0.4734302814531669,0.4452954150192252,0.3957184387077173
6610,220.333,947,404,2094,1970,6.9438,16.5468,0.41352144050772227,0.26985997448049726,0.4357632226657743,0.3579608994395513
6611,220.367,947,404,2092,1970,3.2016,14.541,0.29108133347079657,0.46542964015388666,0.392358655907281,0.3902015216538519
6612,220.4,947,401,2092,1970,1.0405,15.4981,0.2034951894651439,0.36937844503820005,0.3356996159746398,0.3839545986691563
6613,220.433,948,399,2091,1969,2.394,14.1017,0.2663677699114502,0.5087508989337322,0.31490006215568295,0.42139348874852905
6614,220.467,949,399,2091,1970,3.5183,14.2285,0.3056823275417822,0.49657334528173863,0.3121347417715127,0.4439474457084919
6615,220.5,949,396,2091,1970,1.7004,14.4301,0.2386061957046467,0.4774986044604042,0.29007617795145285,0.4540127933340656
6616,220.533,949,396,2091,1970,0.4162,14.73,0.1910589432025694,0.4514659182470561,0.2603710075267878,0.45324873080796274
6617,220.567,950,394,2091,1969,1.0947,13.4388,0.22742271781211104,0.5746578571892865,0.25048652061238474,0.48967146872235984
6618,220.6,949,393,2090,1969,2.2213,13.5521,0.26539693640845863,0.5614049127679132,0.25495964535120685,0.5111915019360258
6619,220.633,950,392,2090,1970,3.6852,13.1152,0.32137640903644815,0.6016304759656133,0.2748846744567792,0.538323194144902
6620,220.667,949,395,2089,1970,3.3617,14.291,0.2993675055123252,0.4902887958973151,0.282229523773443,0.5239128746706259
6621,220.7,949,393,2090,1971,3.5674,13.6693,0.31253453105075507,0.5502765840810884,0.2913210259566366,0.5318219874937645
6622,220.733,949,394,2089,1971,4.1786,14.1245,0.33098377328927775,0.5078658022499625,0.30321985015642894,0.5246351319206238
6623,220.767,949,395,2089,1970,3.7443,14.229,0.313967940169708,0.496840227946653,0.30644427716041267,0.5162966607284326
6624,220.8,949,395,2090,1971,4.0234,14.865,0.3180879223635764,0.4340335240273124,0.30993737072136174,0.49161771971809654
6625,220.833,948,394,2090,1971,3.4109,14.5108,0.29902143610147314,0.4686211317993554,0.3066625903353951,0.4847187433424742
6626,220.867,949,395,2089,1971,2.9933,14.5252,0.28367599869157895,0.46690084754634603,0.29976661284225026,0.4793733746036357
6627,220.9,949,393,2089,1970,3.2765,14.9906,0.28917547815749767,0.4200261327204326,0.2965892724368245,0.46156920203867474
6628,220.933,950,393,2088,1970,3.7301,13.1935,0.3223933383701152,0.5945692930083022,0.3043304922168117,0.501469229329563
6629,220.967,950,392,2089,1970,5.0132,15.0191,0.35389895740639227,0.4214688473136536,0.31920103177368586,0.4774691147247901
6630,221.0,948,393,2089,1972,5.5126,15.6141,0.366999413590392,0.36183527624176004,0.3335405463186977,0.442778963179881
6631,221.033,946,397,2090,1973,3.5921,14.3115,0.30759698928570817,0.488537810184505,0.3257574792088008,0.4565066172812682
6632,221.067,947,393,2091,1974,7.4388,15.2874,0.44679233430178267,0.4092138658565889,0.3620679357366954,0.4423187918538644
6633,221.1,945,395,2091,1975,5.7378,13.9721,0.39126714194863615,0.5283979706021632,0.3708276976002776,0.46814254547835404
6634,221.133,946,397,2089,1974,4.9722,13.7925,0.3635740107595253,0.5420734720814306,0.36865159154805194,0.490321823459277
6635,221.167,946,397,2090,1975,6.0257,13.8411,0.40344297983656136,0.5424151303455363,0.3790890080346047,0.5059498155251547
6636,221.2,945,398,2089,1975,8.1265,15.3634,0.4741686096506346,0.4076631216019,0.4076128885194137,0.4764638073481783
6637,221.233,945,396,2089,1974,6.468,13.7163,0.4216135529911039,0.5568464905243667,0.41181308786092075,0.5005786123010347
6638,221.267,945,396,2089,1974,6.5107,13.6765,0.42358392380194704,0.5608500073931437,0.4153443386432286,0.5186600308286674
6639,221.3,946,395,2089,1973,5.8104,14.4188,0.39024371061418245,0.485471852168202,0.4078141502345147,0.5087035772305277
6640,221.333,946,394,2090,1974,6.0227,13.792,0.40371644451811073,0.5470392207840737,0.4065848385195935,0.5202042702965914
6641,221.367,946,394,2091,1973,5.49,14.0789,0.3808558452328047,0.5169268120020911,0.3988661405335568,0.5192210328082414
6642,221.4,946,394,2091,1973,5.5053,14.3641,0.37895980812067304,0.48928367004671547,0.39289424080969165,0.5102398239797836
6643,221.433,946,394,2091,1973,5.6397,14.2657,0.3849974832635403,0.49956628635304473,0.39052521354584624,0.5070377626917619
6644,221.467,946,395,2091,1973,6.4866,14.3288,0.41740707693052886,0.4983477597465579,0.398589772561251,0.5044307618082007
6645,221.5,946,396,2091,1973,6.8613,14.4338,0.43131345923739034,0.49067387635773174,0.4084068785640928,0.50030369617306
6646,221.533,946,396,2090,1974,7.4499,13.6009,0.4612299946314606,0.5747862895558928,0.4242538133843031,0.5226484741879098
6647,221.567,946,395,2090,1973,6.8737,14.1435,0.4342116053000373,0.5190049870226944,0.4272411509590233,0.5215554280383452
6648,221.6,946,396,2089,1973,7.1253,13.0952,0.45179178662292424,0.6184112066200014,0.43460634165819356,0.550612161612842
6649,221.633,945,398,2088,1972,5.4125,14.0506,0.37813058638834623,0.5192882695903409,0.41766361507723937,0.5412149940060916
6650,221.667,945,398,2088,1973,4.9586,13.7705,0.36324312147924276,0.5441030800095321,0.40133746699784034,0.5420814198071238
6651,221.7,945,398,2089,1973,5.9659,14.7487,0.39329200741011355,0.4535603171240021,0.3989238291215223,0.5155250890021872
6652,221.733,945,398,2090,1974,4.9896,14.286,0.3599683466542853,0.49468386415993937,0.3872371843813512,0.5092727215495128
6653,221.767,945,395,2090,1974,3.7487,13.1143,0.32369128613784875,0.6017940608803316,0.36817341490830047,0.5370291233487584
6654,221.8,944,396,2090,1974,5.9171,13.8994,0.3987756068445135,0.5362802831639879,0.37735407248916436,0.5368044712933273
6655,221.833,945,396,2091,1974,4.0928,14.2459,0.32668615435710935,0.4958591738559776,0.3621536970495478,0.5245208820621223
6656,221.867,945,394,2090,1974,5.5071,12.5679,0.39273092669171344,0.655346083696671,0.3713268659421975,0.5637684425524869
6657,221.9,944,395,2090,1974,5.6112,12.656,0.3961050726719547,0.6481441251663047,0.37876032796112463,0.5890811473366322
6658,221.933,944,391,2091,1973,11.4879,13.6269,0.629597792721005,0.6202302625948685,0.4540115673890887,0.5984258819141031
6659,221.967,945,391,2091,1974,11.3367,11.7744,0.6311013327082368,0.7777482685909907,0.5071384969848332,0.6522225979171693
6660,222.0,945,391,2092,1974,10.5358,11.9751,0.5964612304679456,0.7501537033356418,0.5339353170297669,0.681601929542711
6661,222.033,945,390,2092,1973,11.358,12.2731,0.6303206560569182,0.7371507314833212,0.5628509187379123,0.698266570124894
6662,222.067,949,394,2090,1972,13.1176,6.1625,0.699606724670532,1.0,0.6038776605176981,0.7887865990874258
6663,222.1,948,393,2090,1973,12.7718,8.1945,0.6932353948775563,1.0,0.6306849808256555,0.8521506193611981
6664,222.133,950,373,2081,1969,9.992,6.179,0.5720257107010897,1.0,0.6130871997882857,0.8965054335528386
6665,222.167,950,380,2082,1968,10.5511,10.2259,0.6012674392666127,0.8840781256921412,0.6095412716317838,0.8927772411946293
6666,222.2,949,380,2082,1969,7.9852,10.7837,0.4964991964981162,0.8157526532584259,0.5756286490916835,0.8696698648137682
6667,222.233,952,392,2085,1968,10.2469,12.3678,0.5827618602380877,0.7136749376498552,0.5777686124356047,0.8228713866645943
6668,222.267,950,396,2086,1969,9.6731,14.3061,0.5474114055045989,0.5308028799018786,0.568661450356303,0.7352508346357796
6669,222.3,950,396,2087,1970,8.525,13.3559,0.5062515033541072,0.6071262174958885,0.5499384662556442,0.6968134494938122
6670,222.333,949,397,2087,1971,11.134,14.056,0.6116348045903793,0.5747405022917518,0.5684473677560647,0.660191565333194
6671,222.367,947,399,2088,1972,9.0507,14.9081,0.516561237622955,0.4639917634761841,0.5528815287161318,0.601331624776091
6672,222.4,947,399,2088,1972,8.4548,15.5383,0.48609980545312514,0.39276313705956023,0.5328470117372298,0.5387610784611317
6673,222.433,947,398,2088,1973,10.974,14.1404,0.6041535704963166,0.5643391029862147,0.5542389793649558,0.5464344858186566
6674,222.467,948,398,2088,1972,11.8754,14.8176,0.6390172208068423,0.5124407996377086,0.5796724517975218,0.5362363799643721
6675,222.5,948,398,2087,1972,9.9555,15.4275,0.5504336578177861,0.42203183559628665,0.570900813603601,0.5019750166539465
6676,222.533,948,399,2088,1972,10.4402,14.1376,0.581190151196952,0.5570156435366495,0.5739876148816063,0.5184872047187573
6677,222.567,948,398,2088,1973,9.642,14.5592,0.5442122160342874,0.5057331966214625,0.5650549952274107,0.5146610022895688
6678,222.6,948,399,2089,1973,8.6403,14.898,0.49955150272150795,0.46048582652867,0.5454039474756398,0.49840844956129915
6679,222.633,947,396,2090,1973,6.9078,13.9308,0.43724606113824055,0.5396083298656362,0.51295658157442,0.5107684136526003
6680,222.667,947,397,2091,1973,8.0874,14.0615,0.4835441177186686,0.5370146541000924,0.5041328424176946,0.5186422857868479
6681,222.7,947,398,2091,1973,8.4225,13.7185,0.4996678037477673,0.5726679398838416,0.5027933308167164,0.534849982015946
6682,222.733,947,398,2091,1973,8.0092,14.4755,0.47712399992940585,0.4961701549770735,0.4950925315505232,0.5232460339042843
6683,222.767,947,400,2092,1973,6.4884,15.4183,0.4073847925492363,0.3882828785958116,0.46878020985013713,0.48275708731174244
6684,222.8,948,398,2091,1973,6.3722,14.1051,0.41478967732642097,0.5192915553567133,0.45258305009302224,0.49371742772523375
6685,222.833,948,399,2092,1973,6.6411,14.4799,0.42220011670908286,0.4845729131742573,0.44346817007784045,0.4909740733599408
6686,222.867,949,398,2092,1972,2.5111,14.4425,0.2671609611759103,0.4751939829915037,0.3905760074072614,0.48624004624940964
6687,222.9,950,398,2091,1972,3.1962,13.4078,0.30132676648388357,0.5744104292801921,0.363801235130248,0.5126911611586444
6688,222.933,951,397,2091,1972,2.7435,13.3489,0.2856330539914007,0.5798597490428111,0.3403507807885938,0.5328417375238944
6689,222.967,951,397,2091,1971,2.5946,12.7091,0.2855285113245283,0.6377760327649402,0.32390409994937414,0.5643220260962081
6690,223.0,950,395,2092,1972,3.6736,12.0904,0.3282162257635665,0.6912556529095745,0.3251977376936318,0.6024021141402179
6691,223.033,950,395,2092,1972,3.142,13.1138,0.30179448293441696,0.6013553277557429,0.31817676126586736,0.6020880782248754
6692,223.067,950,394,2092,1972,3.3753,13.9858,0.30272656308856133,0.519954558509982,0.31354170181267554,0.5774480223104074
6693,223.1,953,395,2092,1969,4.6117,12.7658,0.35793236302305903,0.6347767652900818,0.32685890017579056,0.5946466452043097
6694,223.133,953,394,2093,1969,4.8527,12.9955,0.3652642573804438,0.6150841931609297,0.3383805073371865,0.6007779095912956
6695,223.167,953,394,2094,1969,4.4072,14.1016,0.33970262872325746,0.5106698676783576,0.33877714375300777,0.5737454970174142
6696,223.2,952,397,2093,1969,5.7565,13.6067,0.39490855972278277,0.5629938730663161,0.35561656854394025,0.5705200098320847
6697,223.233,951,393,2094,1969,4.9361,12.1907,0.3736921549163634,0.6854764606500172,0.36103924445566715,0.6050069450774644
6698,223.267,950,394,2094,1968,9.2487,13.7792,0.5333068097269734,0.5758625136333057,0.412719514037059,0.5962636156442167
6699,223.3,951,392,2094,1968,8.1154,16.0959,0.4664789585900529,0.3298979886219274,0.4288473474029571,0.5163539275375298
6700,223.333,950,393,2095,1968,7.889,15.7682,0.460478154387773,0.3628603457813604,0.4383365894984019,0.470305853010679
6701,223.367,951,391,2095,1967,8.9143,15.229,0.5080914303784924,0.42982330200635943,0.45926304176242905,0.45816108770938313
6702,223.4,951,391,2096,1967,9.4408,16.9389,0.5133459657896655,0.25144415316330626,0.47548791897059994,0.39614600734556005
6703,223.433,951,392,2096,1967,8.2822,16.727,0.46659936662920465,0.2620100649448201,0.4728213532681813,0.355905224625338
6704,223.467,950,393,2096,1967,9.8602,16.2653,0.5384882181577674,0.33169671064198286,0.4925214127350571,0.3486426704303314
6705,223.5,951,391,2097,1966,9.002,17.5373,0.4875908120720215,0.1771300030139069,0.4910422325361464,0.2971888702054041
6706,223.533,949,392,2097,1966,8.4392,15.8484,0.4824435357664,0.35981890751470313,0.4884626235052224,0.31597788139819377
6707,223.567,948,391,2096,1966,9.5254,14.81,0.5373209461189709,0.4794375754446962,0.5031201202893469,0.3650157896121444
6708,223.6,948,392,2097,1966,10.1163,14.8637,0.5620135418743,0.4816151672278099,0.5207881467648328,0.3999956028968441
6709,223.633,947,393,2096,1966,9.8009,15.6266,0.5420359737424951,0.3992430551444815,0.5271624948581315,0.3997698385711353
6710,223.667,948,393,2097,1966,10.0264,15.4816,0.5529999329343394,0.4173513619973488,0.5349137262809938,0.40504429559899935
6711,223.7,948,393,2097,1966,9.9831,15.636,0.5497622235224128,0.4006413319678492,0.5393682754534195,0.4037234065096542
6712,223.733,948,393,2097,1966,9.737,15.7308,0.5383454019974346,0.38744701072446647,0.539061413416624,0.39884048777409786
6713,223.767,948,394,2097,1966,9.7329,16.8558,0.5268395892069396,0.26458192258534824,0.5353948661537187,0.358562918217473
6714,223.8,948,395,2097,1967,10.5879,16.2736,0.5699974762740545,0.34086643474588596,0.5457756491898194,0.3532539731759969
6715,223.833,948,395,2096,1967,9.0353,17.3507,0.49124927386219136,0.19927411218948637,0.5294177365915309,0.3070600148800437
6716,223.867,949,395,2097,1966,10.9565,17.4785,0.5735993946325391,0.21074863841175856,0.5426722340038334,0.27816660193955817
6717,223.9,949,395,2096,1967,8.1662,16.5598,0.4636187650962327,0.2794937237833076,0.5189561933315531,0.278564738492683
6718,223.933,950,397,2097,1967,8.8971,16.4011,0.49599855632466067,0.3049579427594529,0.5120689022294853,0.28648269977271396
6719,223.967,950,398,2097,1967,8.7895,16.7307,0.4878930589193693,0.2671176784501387,0.5048161492364505,0.2806731933759414
6720,224.0,948,402,2096,1967,0.5853,15.2965,0.19020484260738865,0.3922449267892202,0.41043275724773187,0.314144713399925
6721,224.033,948,403,2096,1967,-0.2236,14.8091,0.16859715243474993,0.446537563853575,0.3378820758038373,0.35386256853602
6722,224.067,948,403,2096,1967,-0.1318,15.5117,0.1631351469957114,0.372703231139281,0.28545799716139947,0.3595147673169983
6723,224.1,948,405,2095,1968,1.7183,17.3367,0.20295248796135346,0.16215635816400775,0.2607063444013856,0.3003072445711011
6724,224.133,947,405,2096,1968,-0.3526,17.8488,0.12207503355786016,0.10755267887595486,0.21911695114832797,0.2424808748625572
6725,224.167,947,406,2097,1968,-1.3719,18.1913,0.08174014378863581,0.07159074091246802,0.1779039089404203,0.19121383467753045
6726,224.2,948,405,2096,1969,1.3487,18.0267,0.1791942841115184,0.08009469977315553,0.17829102149174972,0.15787809420621796
6727,224.233,948,405,2096,1969,1.8538,18.0334,0.1974075128482144,0.0785723674936398,0.1840259688986891,0.1340863761924445
6728,224.267,948,403,2097,1968,11.079,16.1763,0.5925104135810279,0.35875803472435225,0.3065713023033907,0.20148787375201682
6729,224.3,948,403,2097,1967,11.2522,15.9184,0.602531840122915,0.38911270794337777,0.395359463649248,0.2577753240094251
6730,224.333,947,404,2097,1967,9.8542,17.9166,0.5197998758131249,0.1431467757820528,0.43269158729841106,0.2233867595412134
6731,224.367,946,405,2097,1968,8.8745,17.0335,0.4880902933765022,0.23385527190814667,0.44931119912183837,0.22652731325129338
6732,224.4,945,406,2097,1968,11.3307,17.7,0.5878177055169432,0.19076392635018993,0.4908631510403698,0.21579829718096233
6733,224.433,944,406,2097,1968,8.3399,16.8703,0.4673933861953819,0.24647059314080566,0.4838222215868734,0.22499998596891532
6734,224.467,944,405,2097,1968,12.2764,17.9061,0.6284073810083731,0.1825587504718114,0.5271977694133232,0.2122676153197841
6735,224.5,944,407,2097,1969,8.4167,15.1015,0.4885270659494999,0.43752137779376343,0.5155965583741762,0.2798437440619779
6736,224.533,944,407,2096,1970,9.8774,15.6893,0.5447405509386809,0.3936439845640997,0.5243397561435276,0.3139838162126144
6737,224.567,945,408,2096,1971,4.5601,16.5804,0.3190251282734886,0.2522920678349607,0.46274536778251585,0.29547629169931827
6738,224.6,944,407,2096,1971,4.7797,16.6156,0.3270451079054536,0.24918325162391974,0.42203528981939714,0.2815883796766987
6739,224.633,944,406,2096,1971,4.7335,15.5573,0.3375856971133801,0.3643994987458112,0.396700412007592,0.3064317153974324
6740,224.667,943,405,2097,1971,4.665,16.3861,0.325435669865142,0.2743566191219969,0.3753209893648569,0.2968091865148017
6741,224.7,943,406,2097,1971,4.2508,15.9978,0.3142478995326601,0.3155891530485949,0.35699906241519785,0.3024431764749397
6742,224.733,944,406,2097,1971,3.5905,16.3133,0.2855773718929443,0.27942139988285586,0.33557255525852175,0.2955366434973145
6743,224.767,944,404,2097,1971,2.3938,15.9813,0.2456244465415005,0.3150641462913629,0.30858812264341534,0.301394894335529
6744,224.8,944,404,2096,1971,3.662,15.5666,0.29709388412993254,0.3604810333861356,0.3051398510893705,0.31912073605071095
6745,224.833,944,404,2097,1971,3.1695,15.154,0.2834970238874462,0.40309718490665153,0.2986470029287932,0.3443136707074931
6746,224.867,944,403,2097,1971,3.4785,16.3562,0.2808566809321987,0.27447251087803703,0.2933099063298148,0.32336132275865626
6747,224.9,944,403,2097,1971,3.558,16.1967,0.28579847578973294,0.2922332401124704,0.2910564771677902,0.3140228979648005
6748,224.933,943,403,2097,1970,3.6613,15.5972,0.296721215742338,0.3572320751444565,0.2927558987401545,0.32698565111869726
6749,224.967,943,403,2096,1970,5.5033,14.4883,0.3777657042500301,0.47704490568607305,0.31825884039311714,0.37200342748891
6750,225.0,942,403,2096,1970,4.4069,14.7011,0.33407427423974767,0.45157957397503745,0.32300347054710626,0.39587627143474824
6751,225.033,942,403,2097,1970,4.8127,14.9187,0.3472588309900967,0.43092838955471363,0.33028007868000336,0.4063919068707378
6752,225.067,943,403,2097,1970,2.5206,15.4054,0.25708427087379726,0.376702331051287,0.3083213363381415,0.39748503412490255
6753,225.1,944,410,2100,1968,3.3639,16.8681,0.2699779681007365,0.21662920160902924,0.29681832586692003,0.3432282843701405
6754,225.133,944,411,2101,1968,2.3286,14.8811,0.25603934334412326,0.43117135896220266,0.284584631110081,0.36961120674775916
6755,225.167,944,413,2100,1968,1.5519,15.7576,0.2182555069102803,0.3403323828080752,0.26468589385014074,0.360827559565854
6756,225.2,943,413,2100,1968,2.3079,16.232,0.23936304321704358,0.2875968278269978,0.2570890386602116,0.3388583400441971
6757,225.233,945,414,2102,1966,3.76,10.6303,0.33904097147300016,0.807668005390626,0.2816746185040481,0.47950123964812574
6758,225.267,946,395,2090,1961,8.3232,10.4507,0.5106872565060517,0.8433490452896716,0.3503784099046492,0.5886555813405895
6759,225.3,945,395,2091,1959,5.9412,8.8933,0.42234535138985657,0.9338001382803482,0.37196849235021134,0.6921989484225171
6760,225.333,947,401,2098,1961,-1.5128,12.2244,0.15295726631770729,0.6991175321506774,0.30626512454046007,0.6942745235409651
6761,225.367,947,408,2101,1962,4.0522,16.9254,0.29520527767397736,0.21156460815650163,0.3029471704805152,0.549461548925626
6762,225.4,947,407,2100,1962,5.1257,15.1772,0.3566098173898549,0.4056940661057566,0.31904596455331713,0.5063313040796652
6763,225.433,947,405,2099,1963,3.2193,14.7258,0.28985144017860237,0.44690729332489343,0.3102876072409027,0.4885041008532337
6764,225.467,947,406,2100,1964,2.6673,15.2714,0.2639136042120124,0.39072042618559394,0.2963754063322356,0.4591689984529418
6765,225.5,948,406,2100,1965,2.4041,14.679,0.2608945335985405,0.451609316160181,0.285731144512127,0.45690109376511356
6766,225.533,947,404,2101,1965,4.024,15.6917,0.309214801041328,0.34793563109600895,0.29277624147088727,0.4242114549643822
6767,225.567,946,404,2101,1967,4.5708,16.1757,0.3243411462684035,0.2972157695126697,0.30224571291014213,0.3861127493288684
6768,225.6,947,403,2101,1967,4.7794,15.0451,0.3447224776619404,0.4178988811251845,0.3149887423356816,0.3956485888677632
6769,225.633,948,402,2101,1967,3.5596,13.6222,0.31265611150836103,0.5546964896674212,0.3142889530874854,0.44336295910766055
6770,225.667,947,402,2102,1970,3.9724,13.8967,0.3253896814571959,0.5293351606235746,0.3176191715983985,0.46915461956243476
6771,225.7,948,402,2101,1972,5.663,14.705,0.3819326162846195,0.4562833566546763,0.33691320500426475,0.4652932406901072
6772,225.733,948,404,2101,1972,2.6754,15.0544,0.26661549809050783,0.41323147019428147,0.31582389293013763,0.44967470954135946
6773,225.767,947,407,2102,1976,3.2917,16.2047,0.27578508054252676,0.2909572952312123,0.30381224921385436,0.4020594852483153
6774,225.8,947,405,2102,1978,5.718,14.6841,0.38425677261291946,0.45866387818654236,0.3279456062335738,0.4190408031297834
6775,225.833,945,401,2104,1981,8.7065,14.0638,0.5088694540004336,0.5429914083133304,0.38222276056363175,0.45622598468484743
6776,225.867,948,397,2103,1978,13.8128,16.0818,0.7173788594315313,0.41769695543708885,0.4827695902240016,0.4446672759105198
6777,225.9,948,389,2104,1974,13.8165,17.0042,0.7093406199570578,0.3165176889680835,0.5507408991439184,0.4062223998277889
6778,225.933,950,411,2090,1957,12.2352,19.634,0.6046428342603983,0.0,0.5669114796788624,0.2843556798794522
6779,225.967,951,414,2091,1958,11.6687,17.7444,0.6025565700748038,0.1911147396794089,0.5776050067976447,0.2563833978194392
6780,226.0,953,415,2089,1960,9.0717,16.8143,0.4989426143518823,0.2610019012780276,0.5540062890639159,0.2577689488570157
6781,226.033,953,413,2090,1960,11.3504,16.6416,0.6000446853953065,0.31204139538856634,0.567817807963333,0.2740506828164809
6782,226.067,954,412,2091,1963,13.7973,16.2436,0.7153029423450049,0.40000579846860046,0.6120633482778346,0.31183721751211674
6783,226.1,959,395,2103,1980,11.6961,14.1315,0.6357091743794464,0.5762780004651045,0.6191570961083182,0.39116945239801304
6784,226.133,958,395,2102,1981,11.1078,15.859,0.5966906728361538,0.3931898767174367,0.6124171691266689,0.39177557969384014
6785,226.167,955,415,2089,1969,10.6688,16.8573,0.5676385945641459,0.27745827793324457,0.598983596757912,0.35748038916566144
6786,226.2,955,417,2088,1971,10.0776,16.7953,0.5424271446042747,0.2760029784144712,0.5820166611118207,0.3330371659403043
6787,226.233,962,401,2101,1983,14.3828,11.8358,0.7653716745861573,0.8263675941379923,0.6370231651541216,0.4810362943996107
6788,226.267,959,403,2102,1984,16.8409,13.4906,0.8762711925710572,0.7416191234297019,0.7087975733792022,0.5592111431086381
6789,226.3,958,395,2103,1984,14.9826,12.6509,0.7909221703707132,0.7716022748437695,0.7334349524766555,0.6229284826291774
6790,226.333,954,396,2103,1984,16.79,14.7761,0.8682019061084163,0.6195265457259295,0.7738650385661836,0.621907901558203
6791,226.367,953,397,2102,1985,18.0889,13.2442,0.9380202906488265,0.7963846650689215,0.8231116141909764,0.6742509306114185
6792,226.4,952,400,2103,1984,18.5242,14.5839,0.9550506159152676,0.6849677295215457,0.8626933147082637,0.6774659702844567
6793,226.433,952,398,2103,1983,17.0606,15.7457,0.8757519890884438,0.5285587602858164,0.8666109170223177,0.6327938072848646
6794,226.467,953,398,2102,1983,17.3407,14.2439,0.8977094888977334,0.6849993121103555,0.8759404885849423,0.6484554587325118
6795,226.5,952,397,2102,1983,18.2065,12.6219,0.9451594814121705,0.8532189470331353,0.8967061864331107,0.7098845052226987
6796,226.533,953,395,2101,1983,18.0307,12.0066,0.9373183248455587,0.8990521973630076,0.908889827956845,0.7666348128647913
6797,226.567,953,396,2101,1984,17.6551,13.3883,0.916260772242416,0.7718892708343718,0.9111011112425162,0.7682111502556653
6798,226.6,953,395,2101,1984,18.0379,12.4156,0.9371947831920302,0.8658533208454205,0.9189292128273704,0.7975038014325919
6799,226.633,953,400,2101,1984,18.0135,13.9482,0.9320860617734711,0.7307316473557348,0.9228762675112006,0.7774721552095347
6800,226.667,953,402,2101,1984,17.9468,12.9969,0.9316254623475447,0.8141133835206128,0.9255010259621037,0.788464523702858
6801,226.7,953,402,2103,1982,15.48,13.6351,0.8107080435378065,0.6958941024077935,0.8910631312348144,0.7606933973143386
6802,226.733,953,402,2104,1980,14.9483,13.6392,0.7857297151635377,0.6836717572115042,0.8594631064134313,0.7375869052834882
6803,226.767,959,403,2104,1978,10.5626,14.3996,0.5846340854001233,0.5334827627001658,0.7770144001094388,0.6763556625084916
6804,226.8,959,405,2104,1983,6.507,12.8751,0.42903650853425085,0.6337703796639482,0.6726210326368824,0.6635800776551285
6805,226.833,958,404,2104,1982,7.6162,13.7871,0.46654454592405525,0.5587844616608958,0.6107980866230343,0.6321413928568587
6806,226.867,957,406,2105,1982,7.556,14.3786,0.4595522314666698,0.5015906136358749,0.5654243300761249,0.5929761590905634
6807,226.9,956,398,2100,1974,6.6619,14.1032,0.4261753775095321,0.5213881197740686,0.523649644306147,0.5714997472956149
6808,226.933,954,398,2100,1974,5.3857,11.3656,0.3948154994579912,0.7547158031961506,0.48499940085170024,0.6264645640657756
6809,226.967,954,396,2100,1970,6.5365,12.1509,0.4344451468107291,0.6964090681357329,0.46983312463940885,0.6474479152867627
6810,227.0,950,408,2104,1977,4.312,13.7744,0.33901391062114206,0.5417217656008582,0.4305873604339288,0.6157300703809914
6811,227.033,948,407,2106,1981,5.1072,15.7427,0.3498975755484522,0.3462188753753895,0.4063804249682858,0.5348767118793107
6812,227.067,950,406,2105,1985,6.7233,12.205,0.4413705065928628,0.6930462964372966,0.41687744945565886,0.5823275872467065
6813,227.1,950,408,2104,1985,7.0267,16.3126,0.4195268105707964,0.29644120703446347,0.4176722577902001,0.4965616731830336
6814,227.133,953,407,2102,1982,8.5867,12.7539,0.5123174456594506,0.6614193416997577,0.44606581415097524,0.5460189737380508
6815,227.167,953,406,2101,1983,10.1536,12.5764,0.5779151782076107,0.6947144522237434,0.48562062336796585,0.5906276172837585
6816,227.2,954,408,2101,1980,8.8889,13.7218,0.5187865805618117,0.5772097188444842,0.4955704105261196,0.5866022477519761
6817,227.233,954,405,2100,1978,10.3808,13.203,0.5843483527297948,0.6427316266431796,0.5222037931872221,0.6034410614193372
6818,227.267,953,401,2100,1976,9.8765,14.42,0.5551812673098487,0.5223059807528707,0.5320970354240101,0.5791005372193971
6819,227.3,951,401,2101,1977,7.6435,13.9801,0.4662073934928206,0.5407674630733263,0.5123301428446533,0.5676006149755759
6820,227.333,950,401,2100,1978,7.7987,14.354,0.4695556287648585,0.5061204160140125,0.4994977886207148,0.5491565552871068
6821,227.367,944,405,2104,1973,3.5079,15.8186,0.2884618683567976,0.33330059465611217,0.43618701254153963,0.4843997670978084
6822,227.4,947,405,2105,1972,3.8128,17.8923,0.2727064502965974,0.0972949490053183,0.3871428438680569,0.3682683216700614
6823,227.433,945,403,2105,1975,3.2237,19.2512,0.22895642450716666,0.0,0.3396869180597898,0.257787825169043
6824,227.467,942,403,2104,1978,3.584,16.5808,0.2819671101697073,0.24956406286329702,0.322370975692765,0.2553206964773192
6825,227.5,938,404,2105,1979,4.8849,15.3542,0.3455473635649232,0.3863190677215629,0.3293238920544125,0.2946202078505923
6826,227.533,940,406,2105,1981,4.8159,17.1278,0.3219227587290181,0.19096892553679046,0.32710355205679414,0.2635248231564517
6827,227.567,938,403,2106,1986,5.6077,17.8922,0.34275887069750993,0.10487245164184701,0.33180014764900884,0.21592911170207027
6828,227.6,933,400,2101,1986,8.9039,16.3934,0.49636702113777326,0.3058830431859903,0.38117020969563814,0.24291529114724628
6829,227.633,932,398,2101,1985,9.6364,16.4523,0.5269617486193782,0.30829699375562225,0.4249076713727601,0.26252980192975905
6830,227.667,931,398,2102,1987,8.4925,17.5472,0.4657901587315602,0.17013015403741066,0.43717241758040015,0.2348099075620545
6831,227.7,931,397,2102,1990,8.8607,17.2808,0.4846290776150745,0.20531000151112538,0.45140941559080244,0.22595993574677575
6832,227.733,930,398,2102,1990,8.9129,18.1433,0.47616026555241564,0.10393077817083317,0.4588346705792864,0.18935118847399296
6833,227.767,931,399,2101,1990,7.3953,18.0016,0.41396842635201075,0.1050835163063271,0.44537479731110363,0.1640708868236932
6834,227.8,932,400,2102,1989,8.1157,18.6717,0.4349976961673837,0.030136637517353924,0.44226166696798763,0.1238906120317914
6835,227.833,930,400,2102,1990,8.5139,19.3046,0.44286509935713164,0.0,0.4424426966847308,0.08672342842225397
6836,227.867,931,399,2102,1989,6.634,18.5408,0.3750659018795174,0.03273524533176974,0.4222296582431667,0.0705269734951087
6837,227.9,934,400,2098,1988,8.9168,18.3191,0.4740189161209795,0.0826179455773935,0.4377664356065105,0.07415426511979414
6838,227.933,934,400,2099,1990,6.6317,18.0659,0.3816624833501497,0.09088558012260585,0.4209352499296022,0.07917365962063766
6839,227.967,935,406,2097,1996,2.4782,20.7228,0.17419642936476878,0.0,0.3469136037601521,0.05542156173444636
6840,228.0,931,407,2098,2003,4.7071,18.3653,0.30035781193641253,0.04270135277509682,0.33294686621303027,0.05160549904664149
6841,228.033,929,408,2098,2003,2.5288,16.2426,0.24725462150508667,0.2863514972897582,0.30723919280064715,0.1220292985195765
6842,228.067,927,408,2099,2002,2.3451,15.3424,0.2514856338420216,0.3834143642939772,0.2905131251130595,0.2004448182518967
6843,228.1,927,408,2098,2000,1.103,15.136,0.2099839995330961,0.40724193484439536,0.2663543874390705,0.2624839532296463
6844,228.133,928,404,2098,1995,0.9006,15.388,0.1999727898804331,0.3814780231504194,0.24643990817147926,0.2981821742058782
6845,228.167,923,406,2095,1982,0.9306,18.3424,0.15914009941313165,0.0421731213228731,0.22024996554397497,0.2213794583409767
6846,228.2,923,403,2094,1983,1.602,18.5322,0.18029656722560744,0.017245679439963607,0.2082639460484647,0.16013932467067277
6847,228.233,919,398,2092,1987,3.1612,16.6528,0.26525013702207356,0.2408217604207532,0.22535980334054734,0.1843440553956969
6848,228.267,914,409,2091,1995,0.0229,16.7494,0.15169998954706615,0.23525768170956063,0.20326185920250295,0.199618143289856
6849,228.3,915,406,2091,1997,0.551,16.0046,0.18011523618315364,0.316403950806219,0.19631787229669814,0.2346538855447649
6850,228.333,917,406,2092,2004,0.6389,15.8526,0.18512473569204033,0.33264925647519583,0.19295993131530081,0.26405249682389415
6851,228.367,918,406,2092,2004,-0.6649,15.9925,0.13892879457593235,0.32366737686391517,0.17675059029349027,0.2819369608359005
6852,228.4,917,405,2094,2007,-1.721,14.6117,0.12197112798962229,0.47687762030479086,0.16031675160232986,0.3404191586765676
6853,228.433,914,402,2096,1999,2.0143,14.1204,0.2527635782313885,0.5073957916202618,0.18805079959104742,0.3905121485596758
6854,228.467,912,402,2097,1998,1.2344,15.1564,0.214318844222435,0.40474499709238754,0.19593121298046368,0.3947820031194893
6855,228.5,912,402,2098,2000,1.6896,15.8248,0.22230408285690084,0.3328201405918955,0.2038430739433948,0.37619344436121116
6856,228.533,912,402,2097,2000,2.4271,16.0167,0.24639267168255594,0.3111906479936886,0.2166079532651431,0.3566926054509544
6857,228.567,909,403,2096,2002,0.0323,16.2773,0.15863615410892248,0.2884776202624046,0.1992164135182769,0.33622810989438945
6858,228.6,908,401,2097,2001,1.2625,17.6213,0.18233972473419297,0.1292103805826326,0.19415340688305172,0.27412279110086235
6859,228.633,911,402,2095,1999,4.6418,15.1667,0.3382479889879118,0.4048952957230747,0.23738178151450973,0.31335454248752603
6860,228.667,910,404,2094,2000,4.1404,13.7658,0.33272957610401555,0.542129215278724,0.26598611989136145,0.38198694432488545
6861,228.7,912,403,2094,1997,4.3643,15.9411,0.3192145074732751,0.32208027830268976,0.2819546361659355,0.3640149445182267
6862,228.733,913,401,2093,2002,3.5585,15.4157,0.2949430962354302,0.37624150054117195,0.2858511741867839,0.3676829113251103
6863,228.767,917,395,2095,1997,4.0602,15.4451,0.3133278424347319,0.3741545073858202,0.2940941746611683,0.36962439014332327
6864,228.8,919,398,2095,1992,7.2535,16.3909,0.4278756609713694,0.2896915063688483,0.3342286205542286,0.34564452501098075
6865,228.833,921,393,2094,1991,7.7505,16.2161,0.45014206398143924,0.3133047247490149,0.36900265358239176,0.33594258493239093
6866,228.867,921,400,2094,1992,5.5553,18.1545,0.3369759365281198,0.07283457706077641,0.35939463846611014,0.2570101825709066
6867,228.9,920,400,2094,1992,6.5121,18.4314,0.37164802830529065,0.04531893060011131,0.36307065541786426,0.19350280697966799
6868,228.933,919,401,2093,1990,6.801,18.8857,0.3768887889898898,0.0,0.36721609548947187,0.13545196488576758
6869,228.967,918,400,2092,1989,5.8432,18.3008,0.34640938582976216,0.056705309426093364,0.36097408259155894,0.11182796824786531
6870,229.0,918,401,2094,1989,5.6358,18.1987,0.3395588529187598,0.06791910537017969,0.3545495136897192,0.09865530938455962
6871,229.033,915,405,2091,1986,2.7527,18.3307,0.22601052518346285,0.04200383963591779,0.3159878171378423,0.08165986845996706
6872,229.067,912,406,2092,1985,1.5319,19.0916,0.16839169875568608,0.0,0.2717089816231954,0.05716190792197694
6873,229.1,914,407,2092,1983,4.5333,15.3443,0.33226452281229696,0.3860814495497228,0.2898756439799258,0.1558377704103007
6874,229.133,915,405,2091,1983,2.5687,18.4499,0.21726554135059511,0.027115083914039738,0.2680926131911266,0.11722096446142241
6875,229.167,918,404,2088,1987,4.3548,19.358,0.27098438437990313,0.0,0.2689601445477595,0.08205467512299568
6876,229.2,913,405,2089,1987,4.7148,20.8156,0.25989669802410115,0.0,0.266241110590662,0.05743827258609697
6877,229.233,915,405,2090,1991,4.8751,20.0225,0.2804214185192372,0.0,0.27049520296923457,0.04020679081026787
6878,229.267,916,403,2093,1990,2.8217,21.4107,0.17395026890257323,0.0,0.24153172274923615,0.02814475356718751
6879,229.3,915,401,2094,1998,3.2405,23.4052,0.1479369065225095,0.0,0.21345327788121812,0.019701327497031258
6880,229.333,910,402,2097,2001,4.0602,20.4538,0.2404702864069527,0.0,0.2215583804389385,0.01379092924792188
6881,229.367,903,403,2097,2012,1.9764,19.3822,0.17976389866226813,0.0,0.20902003590593737,0.009653650473545316
6882,229.4,889,402,2097,2019,1.6355,21.0923,0.13517632420898526,0.0,0.1868669223968517,0.006757555331481721
6883,229.433,887,408,2097,2024,0.5894,22.8169,0.05935800759793377,0.0,0.14861424795717632,0.004730288732037204
6884,229.467,884,416,2092,2021,1.3027,23.2444,0.07632976926974228,0.0,0.1269289043509461,0.003311202112426043
6885,229.5,883,414,2092,2022,0.2005,22.9276,0.04243865272965711,0.0,0.10158182886455938,0.00231784147869823
6886,229.533,884,413,2090,2024,1.9147,23.5643,0.09232836514443729,0.0,0.09880578974852275,0.001622489035088761
6887,229.567,888,411,2089,2017,5.5287,23.3861,0.2416931300896713,0.0,0.14167199185086732,0.0011357423245621327
6888,229.6,886,407,2086,2013,3.3041,24.9638,0.1135321476633841,0.0,0.13323003859462235,0.0007950196271934929
6889,229.633,886,406,2084,2011,3.4236,25.9485,0.0932937193909361,0.0,0.12124914283351647,0.0005565137390354449
6890,229.667,886,406,2082,2006,3.8942,25.5326,0.12331324788323902,0.0,0.12186837434843323,0.00038955961732481143
6891,229.7,890,410,2081,2005,4.5354,22.799,0.213330111321329,0.0,0.14930689544030196,0.000272691732127368
6892,229.733,892,410,2079,2003,4.0334,24.8427,0.14619461989421634,0.0,0.14837321277647625,0.0001908842124891576
6893,229.767,891,410,2079,2002,3.7209,27.7583,0.05600825337162139,0.0,0.12066372495501979,0.0001336189487424103
6894,229.8,890,408,2076,2000,2.5443,24.8709,0.08542486036390862,0.0,0.11009206557768643,9.353326411968721e-05
6895,229.833,890,409,2077,2003,4.6346,25.7218,0.14924582314820187,0.0,0.12183819284884106,6.547328488378104e-05
6896,229.867,890,411,2075,2001,3.4156,27.6879,0.04530326887914401,0.0,0.09887771565793194,4.5831299418646725e-05
6897,229.9,893,411,2077,2000,2.177,26.6474,0.024087782859716977,0.0,0.07644073581846744,3.2081909593052706e-05
6898,229.933,893,412,2076,2002,3.52,28.5824,0.02349026269476742,0.0,0.06055559388135743,2.2457336715136894e-05
6899,229.967,899,415,2075,1998,1.0,23.4395,0.060328457992067826,0.0,0.060487453114570544,1.5720135700595826e-05
6900,230.0,900,413,2071,1999,0.4288,25.378,0.0,0.0,0.04234121718019938,1.1004094990417077e-05
6901,230.033,900,411,2070,1999,1.4127,25.8082,0.016695192832664563,0.0,0.03464740987593893,7.702866493291953e-06
6902,230.067,903,412,2069,1992,1.5531,22.0547,0.11223263444002857,0.0,0.05792297724516582,5.3920065453043674e-06
6903,230.1,907,417,2073,1996,-0.5131,22.8761,0.017589354224173587,0.0,0.04582289033886815,3.774404581713057e-06
6904,230.133,910,419,2071,1996,-0.8426,21.7161,0.03189323993046605,0.0,0.04164399521634751,2.64208320719914e-06
6905,230.167,911,419,2073,1998,1.6991,24.3952,0.0640772543929519,0.0,0.04837397296932883,1.8494582450393977e-06
6906,230.2,907,420,2076,2005,2.2743,21.9511,0.14184875390737778,0.0,0.0764164072507435,1.2946207715275784e-06
6907,230.233,907,417,2075,2006,1.4104,24.1606,0.058689785035679225,0.0,0.07109842058622422,9.062345400693048e-07
6908,230.267,907,419,2075,2008,1.476,24.0577,0.0637073453855551,0.0,0.06888109802602348,6.343641780485134e-07
6909,230.3,908,420,2076,2008,-0.5232,24.6169,0.0,0.0,0.04821676861821643,4.4405492463395935e-07
6910,230.333,910,420,2076,2009,3.1923,23.0489,0.15399477400341427,0.0,0.07995017023377578,3.108384472437715e-07
6911,230.367,910,421,2075,2009,5.6948,22.3126,0.27109404406264254,0.0,0.1372933323824358,2.1758691307064004e-07
6912,230.4,907,424,2078,2011,1.4153,19.5363,0.15635924058381023,0.0,0.14301310484284813,1.5231083914944802e-07
6913,230.433,910,430,2077,2009,0.9434,21.1152,0.10901825739071606,0.0,0.1328146506072085,1.066175874046136e-07
6914,230.467,909,432,2079,2010,5.2068,20.0225,0.2937301579286682,0.0,0.1810893028036464,7.463231118322951e-08
6915,230.5,913,427,2081,2010,6.5023,21.8724,0.31355283475770324,0.0,0.22082836238986345,5.224261782826065e-08
6916,230.533,914,425,2082,2005,7.6491,23.9996,0.31929064320479356,0.0,0.2503670466343425,3.656983247978245e-08
6917,230.567,917,422,2084,2004,5.9664,25.5143,0.21096347658452796,0.0,0.2385459756193981,2.5598882735847715e-08
6918,230.6,920,421,2087,2003,7.7916,23.4563,0.33717683064950166,0.0,0.26813523212842916,1.79192179150934e-08
6919,230.633,920,423,2087,2003,7.4426,22.4103,0.3432217220619435,0.0,0.29066117910848344,1.254345254056538e-08
6920,230.667,920,423,2087,2003,7.3366,21.6442,0.353298821148389,0.0,0.3094524717204551,8.780416778395765e-09
6921,230.7,920,424,2087,2003,7.5907,23.941,0.3180013950856396,0.0,0.3120171487300104,6.146291744877035e-09
6922,230.733,919,425,2088,2005,5.7375,24.6499,0.2219439873825244,0.0,0.2849952003257646,4.302404221413924e-09
6923,230.767,918,423,2088,2005,8.2554,23.2327,0.3622507878333027,0.0,0.308171876578026,3.011682954989747e-09
6924,230.8,919,420,2087,2007,6.1293,23.4281,0.2660693366882407,0.0,0.2955411146110904,2.1081780684928227e-09
6925,230.833,920,421,2088,2008,6.8534,21.5093,0.3352380206518738,0.0,0.3074501864233254,1.4757246479449758e-09
6926,230.867,919,416,2088,2007,6.9881,22.7597,0.31668185264898285,0.0,0.3102196862910226,1.033007253561483e-09
6927,230.9,924,419,2088,2006,11.4073,23.8253,0.4944623002333053,0.0,0.36549247047370736,7.231050774930381e-10
6928,230.933,925,421,2087,2008,9.543,23.555,0.41342913177627705,0.0,0.37987346886447826,5.061735542451266e-10
6929,230.967,933,424,2078,2004,9.5083,5.2621,0.5485799159775548,1.0,0.4304854029984012,0.30000000035432145
6930,231.0,935,428,2075,2003,6.1834,9.0991,0.4310707267917126,0.9216734737273637,0.43066100013639463,0.4865020423662341
6931,231.033,935,429,2075,2004,6.441,12.1184,0.43094410225313146,0.6985532279239974,0.43074593077141565,0.5501173980335631
6932,231.067,930,423,2081,2009,8.6829,19.3152,0.44998829306578364,0.0,0.436518639459726,0.38508217862349414
6933,231.1,926,423,2091,2016,5.9472,23.6767,0.252944679062328,0.0,0.3814464513405066,0.26955752503644587
6934,231.133,926,422,2093,2015,5.9609,23.6272,0.25461079583083746,0.0,0.3433957546876058,0.1886902675255121
6935,231.167,931,421,2097,2016,9.0199,25.3382,0.3506276728614299,0.0,0.345565330139753,0.13208318726785845
6936,231.2,933,419,2100,2016,6.5113,26.3484,0.21369543387647322,0.0,0.306004361260769,0.09245823108750091
6937,231.233,935,413,2099,2016,10.3803,22.5643,0.47113139730121634,0.0,0.3555424720729032,0.06472076176125063
6938,231.267,933,409,2098,2017,7.9339,24.7489,0.3151866517910056,0.0,0.3434357259883339,0.04530453323287544
6939,231.3,939,416,2096,2015,5.3932,22.327,0.2583058736732454,0.0,0.3178967702938073,0.03171317326301281
6940,231.333,940,415,2097,2013,3.5748,21.4911,0.2017166936179869,0.0,0.28304274729106116,0.022199221284108967
6941,231.367,942,414,2097,2012,3.0327,21.3855,0.1826217722277241,0.0,0.25291645477206004,0.015539454898876277
6942,231.4,943,413,2098,2008,0.0093,20.4207,0.08895499131962065,0.0,0.2037280157363282,0.010877618429213393
6943,231.433,943,410,2100,2008,-1.0278,21.4567,0.030955327221276762,0.0,0.15189620918181276,0.0076143329004493745
6944,231.467,942,411,2098,2009,-0.3391,23.3894,0.011800618154393998,0.0,0.10986753187358714,0.005330033030314562
6945,231.5,940,410,2098,2009,1.4405,22.2596,0.10358314576299799,0.0,0.10798221604041039,0.003731023121220193
6946,231.533,941,409,2097,2009,1.4389,22.0842,0.10729945562741094,0.0,0.10777738791651055,0.002611716184854135
6947,231.567,944,408,2095,2005,0.9454,24.6416,0.02896924532846254,0.0,0.08413494514009615,0.0018282013293978944
6948,231.6,944,408,2094,2004,2.0338,23.4376,0.09987338952337246,0.0,0.08885647845507903,0.001279740930578526
6949,231.633,944,410,2093,2005,2.7673,22.4914,0.14945661052162304,0.0,0.10703651807504222,0.0008958186514049682
6950,231.667,943,413,2092,2005,0.2148,21.3343,0.0779072371821241,0.0,0.09829773380716678,0.0006270730559834777
6951,231.7,943,412,2093,2005,1.6537,21.022,0.13725443753048147,0.0,0.10998474492416117,0.0004389511391884344
6952,231.733,942,412,2093,2006,0.9108,20.437,0.12120825908588667,0.0,0.11335179917267882,0.00030726579743190407
6953,231.767,941,412,2093,2006,2.5388,22.3611,0.14337084506839562,0.0,0.12235751294139385,0.00021508605820233284
6954,231.8,939,412,2094,2005,2.267,20.804,0.16461676081078674,0.0,0.1350352873022117,0.00015056024074163298
6955,231.833,940,410,2093,2006,1.977,20.8335,0.1530901830310164,0.0,0.1404517560208531,0.00010539216851914308
6956,231.867,939,410,2093,2005,2.9943,20.8567,0.19142021595196332,0.0,0.15574229400018616,7.377451796340015e-05
6957,231.9,940,410,2093,2006,1.6237,19.7009,0.1610838515459388,0.0,0.15734476126391195,5.16421625743801e-05
6958,231.933,940,410,2093,2005,1.9594,19.9893,0.1683263610837417,0.0,0.16063924120986087,3.614951380206607e-05
6959,231.967,952,441,2084,1996,2.6792,15.1196,0.2660362115685759,0.4064980592360736,0.19225833231747536,0.1219747224304835
6960,232.0,951,442,2084,1996,0.5312,15.3121,0.18816041139829473,0.3908175550073989,0.19102895604172115,0.20262757220355812
6961,232.033,958,445,2080,1997,9.8434,6.9199,0.569013457781594,1.0,0.30442430656368297,0.44183930054249065
6962,232.067,957,451,2082,1996,4.0912,14.0403,0.3285019194123863,0.5158030919365054,0.31164759041829393,0.46402843796069504
6963,232.1,956,446,2084,1995,6.1416,13.9551,0.4070223160771542,0.5322518507400987,0.34026000811595203,0.4844954617945161
6964,232.133,950,416,2090,2003,8.2758,16.7002,0.46663222735991744,0.26494876685742913,0.37817167388914164,0.41863145331338997
6965,232.167,947,418,2093,2003,9.3668,18.7885,0.4871570373001558,0.03024970859459974,0.4108672829124459,0.3021169298977529
6966,232.2,945,416,2093,2005,6.8327,18.8553,0.3786487259085598,0.0,0.40120171581128006,0.21148185092842703
6967,232.233,944,413,2093,2005,7.026,18.0843,0.3975822534933525,0.09185426331978419,0.40011587711590174,0.17559357464583417
6968,232.267,950,428,2083,2002,8.827,21.2235,0.4255583289742381,0.0,0.4077486126734027,0.1229155022520839
6969,232.3,950,425,2083,2002,7.9416,21.8714,0.3751560338396632,0.0,0.3979708390232808,0.08604085157645873
6970,232.333,951,425,2083,2002,7.383,22.9918,0.3289821230025675,0.0,0.37727422421706674,0.060228596103521104
6971,232.367,952,424,2083,2002,6.9342,21.5791,0.33736301653316947,0.0,0.36530086191189753,0.04216001727246477
6972,232.4,950,420,2083,2003,6.4267,22.4218,0.29958344076370025,0.0,0.3455856355674383,0.029512012090725334
6973,232.433,951,418,2083,2003,7.6139,19.6417,0.3993467530876231,0.0,0.3617139708234937,0.020658408463507732
6974,232.467,950,421,2085,2003,9.7898,22.0854,0.45310416879001475,0.0,0.38913103021344997,0.014460885924455411
6975,232.5,949,418,2088,2004,7.861,20.4084,0.3975013151544549,0.0,0.3916421156957514,0.010122620147118786
6976,232.533,950,417,2088,2007,9.2068,18.5276,0.48375279277819755,0.06059104316125693,0.4192753188204852,0.025263147051360228
6977,232.567,949,417,2089,2007,9.491,19.8305,0.47751706391915716,0.0,0.4367478423500868,0.01768420293595216
6978,232.6,950,421,2085,2007,12.1762,20.9363,0.5825792354268271,0.0,0.4804972602731089,0.01237894205516651
6979,232.633,952,418,2091,2008,10.0357,21.7868,0.4696144506779279,0.0,0.4772324173945546,0.008665259438616556
6980,232.667,948,415,2089,2006,11.4949,18.9615,0.5796794051640178,0.04015356346851829,0.5079665137253935,0.018111750647587077
6981,232.7,938,431,2096,2000,10.2992,24.3082,0.4324978545139516,0.0,0.48532591596196084,0.012678225453310953
6982,232.733,939,398,2089,2006,14.8119,25.0252,0.6370761158423158,0.0,0.5308509759260673,0.008874757817317665
6983,232.767,937,397,2091,2006,13.3131,24.2949,0.576971071415655,0.0,0.5446870045729436,0.006212330472122366
6984,232.8,937,410,2088,2006,16.8909,24.1486,0.761544756763372,0.0,0.609744330230072,0.004348631330485656
6985,232.833,933,409,2084,2009,16.8472,23.6766,0.767871225765741,0.0,0.6571823988907727,0.0030440419313399586
6986,232.867,930,404,2082,2007,16.9127,22.6003,0.7897238051404406,0.0,0.696944820765673,0.002130829351937971
6987,232.9,928,406,2079,2002,15.6232,24.3561,0.6918754928048257,0.0,0.6954240223774187,0.0014915805463565795
6988,232.933,927,410,2076,1994,12.2094,20.5589,0.5899806386987689,0.0,0.6637910072738238,0.0010441063824496056
6989,232.967,928,412,2074,1990,15.5016,23.3973,0.7035748531440028,0.0,0.6757261610348775,0.0007308744677147239
6990,233.0,921,411,2076,1987,10.9924,19.5275,0.5490855430089925,0.0,0.6377339756271119,0.0005116121274003067
6991,233.033,922,415,2076,1988,14.635,17.0752,0.7474022338866634,0.3259337816077066,0.6706344531049773,0.09813826297149218
6992,233.067,923,413,2076,1989,8.5255,18.7446,0.4514322133163491,0.025542877265067064,0.6048737811683887,0.07635964725956464
6993,233.1,926,411,2077,1988,5.2505,19.1288,0.3101608287669668,0.0,0.5164598954479621,0.053451753081695245
6994,233.133,928,411,2079,1988,4.4575,19.0923,0.2793281371068054,0.0,0.4453203679456151,0.03741622715718667
6995,233.167,934,410,2084,1987,5.3332,20.8342,0.28454456754501345,0.0,0.3970876278254346,0.026191359010030668
6996,233.2,937,410,2085,1987,6.2525,19.622,0.34290312441247217,0.0,0.38083227680154585,0.018333951307021465
6997,233.233,938,410,2085,1988,5.4864,21.3416,0.28141337042641473,0.0,0.3510066048890065,0.012833765914915024
6998,233.267,939,407,2085,1988,5.5858,19.6465,0.3153219083797812,0.0,0.34030119593623886,0.008983636140440517
6999,233.3,939,407,2084,1988,5.2077,18.7506,0.3143225623732441,0.0,0.3325076058673404,0.006288545298308361
7000,233.333,937,406,2083,1989,3.7583,20.5345,0.22714271956071222,0.0,0.3008981399753519,0.0044019817088158525
7001,233.367,938,406,2083,1991,2.9597,18.4103,0.23253754126176898,0.03234906030591761,0.28038996036127706,0.01278610528794638
7002,233.4,938,405,2083,1990,1.1405,17.8923,0.17381481911139618,0.09686606322603471,0.24841741798631278,0.03801009266937287
7003,233.433,938,405,2082,1990,1.4583,17.378,0.19298777701214503,0.15770374644474158,0.23178852569406244,0.07391818880198348
7004,233.467,937,405,2082,1991,0.8599,17.6577,0.16744062250496555,0.12584939503572068,0.21248415473733337,0.08949755067210463
7005,233.5,937,406,2081,1992,3.9918,17.864,0.279971041772273,0.10119539914243383,0.23273022084781525,0.09300690521320339
7006,233.533,938,406,2083,1991,3.8258,18.8306,0.25892258882370933,0.0,0.24058793124058347,0.06510483364924237
7007,233.567,940,405,2084,1992,5.1838,17.3393,0.33350008824077837,0.1680868514078018,0.26846157834064194,0.0959994389768102
7008,233.6,940,409,2082,1989,5.5554,18.1903,0.3364678123693592,0.06847050113613079,0.2888634485492571,0.08774075762460637
7009,233.633,939,405,2082,1990,4.8595,19.0779,0.295407107550827,0.0,0.29082654624972804,0.061418530337224456
7010,233.667,942,403,2082,1990,6.5488,20.4123,0.3420261838339053,0.0,0.3061864375249812,0.042992971236057116
7011,233.7,942,403,2082,1989,5.6259,20.3071,0.30581779110361695,0.0,0.30607584359857193,0.03009507986523998
7012,233.733,945,401,2082,1989,3.5067,21.0215,0.20817633184778112,0.0,0.2767059900733347,0.021066555905667986
7013,233.767,946,402,2082,1988,4.0614,20.7704,0.2347132651423474,0.0,0.26410817259403846,0.01474658913396759
7014,233.8,946,401,2083,1989,4.7188,20.4784,0.26617310073380623,0.0,0.26472765103596874,0.010322612393777313
7015,233.833,945,404,2083,1991,4.685,19.8147,0.27639521363898173,0.0,0.2682279198168726,0.007225828675644119
7016,233.867,944,404,2084,1994,3.9227,19.2732,0.25551007187048663,0.0,0.2644125654329568,0.005058080072950883
7017,233.9,943,404,2084,1992,2.5523,19.994,0.19052858140458792,0.0,0.24224737022444615,0.0035406560510656175
7018,233.933,943,404,2084,1992,2.5631,19.72,0.195819866549137,0.0,0.22831911912185338,0.002478459235745932
7019,233.967,945,404,2081,1992,4.0695,19.5521,0.2565837408895158,0.0,0.2367985056521521,0.0017349214650221522
7020,234.0,944,404,2081,1993,1.9112,17.183,0.21214374509859224,0.1799219611159,0.22940207748608415,0.05519103336028551
7021,234.033,945,403,2081,1994,1.7279,17.8329,0.19590648184298448,0.10302878750613392,0.21935339879315424,0.06954235960404004
7022,234.067,947,400,2082,1994,2.4019,18.2086,0.214846687438379,0.05689824385544433,0.21800138538672167,0.06574912487946133
7023,234.1,947,431,2065,1978,5.1059,21.482,0.2631923535356438,0.0,0.2315586758313983,0.046024387415622925
7024,234.133,950,432,2066,1979,4.052,20.5066,0.23918899458203338,0.0,0.23384777145658883,0.032217071190936045
7025,234.167,952,432,2067,1973,5.4986,21.7529,0.27404710129666526,0.0,0.24590757040861175,0.02255194983365523
7026,234.2,953,407,2079,1984,4.0303,17.7608,0.28293104333411595,0.1136946684744057,0.257014612286263,0.049894765425880366
7027,234.233,952,406,2079,1983,3.0325,19.359,0.2198537184336722,0.0,0.24586634413048575,0.034926335798116256
7028,234.267,951,402,2081,1981,5.5727,20.1352,0.3066095633511443,0.0,0.2640893098966833,0.024448435058681377
7029,234.3,950,405,2080,1981,2.6447,20.7959,0.17915262110161922,0.0,0.23860830325816404,0.017113904541076964
7030,234.333,948,405,2081,1981,2.9428,21.1111,0.18452963456351534,0.0,0.2223847026497694,0.011979733178753874
7031,234.367,947,403,2082,1982,2.7191,20.2788,0.19168478623347326,0.0,0.21317472772488055,0.00838581322512771
7032,234.4,946,404,2084,1984,4.482,19.3692,0.2758010794349949,0.0,0.23196263323791483,0.005870069257589397
7033,234.433,946,404,2083,1984,4.8532,21.0477,0.2611665152480903,0.0,0.24072379784096745,0.004109048480312578
7034,234.467,946,403,2084,1983,4.0847,21.4985,0.22175115566840042,0.0,0.23503200518919734,0.0028763339362188043
7035,234.5,946,403,2083,1983,3.262,20.7446,0.2038997382691034,0.0,0.22569232511316917,0.002013433755353163
7036,234.533,946,403,2084,1983,2.2069,20.8194,0.16204299183100687,0.0,0.20659752512852048,0.001409403628747214
7037,234.567,946,402,2084,1985,2.2873,20.4669,0.17180111068278295,0.0,0.19615860079479921,0.0009865825401230498
7038,234.6,947,400,2083,1984,2.9346,19.4177,0.21513357594517454,0.0,0.2018510933399118,0.0006906077780861348
7039,234.633,948,401,2084,1985,0.7065,18.4277,0.1497451550356603,0.032177745858944826,0.18621931184863633,0.010136749202343741
7040,234.667,948,402,2085,1984,2.4996,18.7218,0.21033068109830635,0.0,0.19345272262353733,0.0070957244416406185
7041,234.7,949,402,2085,1986,1.697,19.2409,0.1718845895123906,0.0,0.1869822826901933,0.004967007109148432
7042,234.733,949,403,2084,1986,0.4582,19.2019,0.12767630141734262,0.0,0.1691904883083381,0.0034769049764039025
7043,234.767,950,405,2085,1987,1.0389,19.3779,0.1454472442373124,0.0,0.16206751508703038,0.0024338334834827315
7044,234.8,952,405,2085,1989,-0.2493,19.4229,0.09866848320520721,0.0,0.14304780552248342,0.001703683438437912
7045,234.833,952,405,2085,1989,0.0502,18.9873,0.11699151994694658,0.0,0.13523091984982236,0.0011925784069065383
7046,234.867,952,405,2084,1989,-1.4322,19.1638,0.06256511118689084,0.0,0.1134311772509429,0.0008348048848345768
7047,234.9,953,405,2084,1988,-0.796,19.8875,0.07088056771680991,0.0,0.100665994390703,0.0005843634193842038
7048,234.933,954,403,2083,1988,0.6123,17.7233,0.1576750976167667,0.11872972335738047,0.1177687253585221,0.03602797140078308
7049,234.967,952,403,2084,1988,-0.1819,20.4562,0.08144403939747398,0.0,0.10687131957020767,0.025219579980548155
7050,235.0,953,403,2083,1987,-0.4806,19.9548,0.08061629378343411,0.0,0.0989948118341756,0.017653705986383706
7051,235.033,953,405,2084,1988,-1.402,19.521,0.056958167833718,0.0,0.08638381863403832,0.012357594190468594
7052,235.067,952,406,2085,1989,-0.0763,16.3472,0.1539664002691143,0.28119400099607755,0.10665859312456111,0.09300851623215128
7053,235.1,951,410,2084,1989,-2.8234,16.3274,0.06394852859783795,0.30355413221232247,0.09384557376654415,0.15617220102620263
7054,235.133,951,410,2084,1988,-1.4162,16.0445,0.11333094499837781,0.32295518197320616,0.09969118513609423,0.20620709531030368
7055,235.167,950,411,2084,1989,-1.0618,16.7994,0.11422450155996956,0.23553805202431116,0.10405118006325682,0.21500638232450592
7056,235.2,950,410,2084,1988,-1.7138,16.8409,0.092016634609789,0.23539545018647912,0.10044081642721647,0.22112310268309787
7057,235.233,950,408,2083,1988,4.3542,17.5237,0.29872364639004045,0.14293147394004135,0.15992566541606365,0.1976656140601809
7058,235.267,950,407,2085,1988,6.1781,17.5696,0.3699679935222383,0.1468925471313982,0.22293836384791604,0.18243369398154607
7059,235.3,949,406,2084,1989,5.1835,17.5407,0.3307891594186803,0.14443755772171152,0.2552936025191453,0.1710348531035957
7060,235.333,950,406,2085,1988,3.8431,16.593,0.29156374510412164,0.24873654418265692,0.2661746452946382,0.19434536042731404
7061,235.367,949,407,2085,1989,7.2993,18.1732,0.4076665203125992,0.08345735981953821,0.30862220780002647,0.16107896024498128
7062,235.4,946,410,2087,1991,7.9342,18.7813,0.42575997286695416,0.014564907288098365,0.3437635373201048,0.1171247443579164
7063,235.433,946,408,2087,1991,7.1792,18.4838,0.3983681082204036,0.04433881735000861,0.3601449085901944,0.09528896625554406
7064,235.467,943,409,2087,1993,7.6698,18.3681,0.4204342116863771,0.06312421344956835,0.3782316995190492,0.08563954041375134
7065,235.5,943,407,2086,1992,7.8274,18.8542,0.4202019805975092,0.00433415174911262,0.3908227838425872,0.061247923814359714
7066,235.533,941,405,2086,1993,9.5196,19.1591,0.48865112414904854,0.0,0.4201712859345256,0.0428735466700518
7067,235.567,941,405,2086,1992,9.5052,20.5918,0.4661682127220551,0.0,0.4339703639707844,0.030011482669036256
7068,235.6,941,405,2085,1992,7.9113,19.5625,0.41319389774946064,0.0,0.4277374241043873,0.021008037868325377
7069,235.633,941,404,2084,1993,7.3618,17.8237,0.4149377862568307,0.12610351269097714,0.4238975327501203,0.052536680315120904
7070,235.667,944,407,2086,1990,11.4828,13.4868,0.6301497174065962,0.6329863281770656,0.48577318814706305,0.2266715746737043
7071,235.7,944,407,2086,1990,12.68,14.3097,0.6783125062713774,0.5758958574921096,0.5435349835843573,0.3314388595192259
7072,235.733,949,400,2079,1986,9.9702,10.1154,0.5774821447504817,0.8846403972074282,0.5537191319341945,0.49739932082568655
7073,235.767,944,400,2082,1987,8.5078,14.0468,0.5008228209688904,0.5425491898714437,0.5378502386446032,0.5109442815394136
7074,235.8,944,397,2082,1987,7.9672,13.2196,0.4845217602317179,0.6141582620072011,0.5218516951207376,0.5419084756797499
7075,235.833,944,405,2087,1988,5.8593,18.6561,0.3418599638275734,0.012834831467357234,0.4678541757327883,0.3831863824160321
7076,235.867,941,402,2086,1991,7.1741,19.1862,0.387871505933032,0.0,0.44385937479286136,0.26823046769122244
7077,235.9,940,405,2086,1992,7.6937,20.7124,0.3852118091265964,0.0,0.4262651050929819,0.1877613273838557
7078,235.933,938,404,2087,1991,7.8771,20.2795,0.4003210943269706,0.0,0.41848190186317846,0.13143292916869898
7079,235.967,937,403,2087,1992,8.012,22.1427,0.3731045872801028,0.0,0.40486870748825576,0.09200305041808927
7080,236.0,936,403,2086,1993,8.9933,19.9637,0.4536299871836646,0.0,0.4194970913968784,0.06440213529266249
7081,236.033,936,403,2087,1992,7.8051,19.3468,0.41197802052953597,0.0,0.4172413701366756,0.045081494704863743
7082,236.067,939,403,2087,1992,7.3804,19.1638,0.3968390709494468,0.0,0.411120680380507,0.03155704629340462
7083,236.1,941,402,2088,1993,7.4955,17.2684,0.42752765923315944,0.19259408548854196,0.41604277403630263,0.07986815805194582
7084,236.133,942,401,2088,1992,7.5523,17.6449,0.42515422833848193,0.1490776971658915,0.41877621032695644,0.10063101978612951
7085,236.167,942,401,2088,1993,7.1085,16.8492,0.4166956330762998,0.237229771019594,0.4181520371517594,0.14161064515616884
7086,236.2,942,402,2087,1993,7.0587,17.4137,0.4077422225111633,0.17187495041218398,0.41502909275958055,0.15068993673297337
7087,236.233,943,402,2088,1993,6.8286,17.6589,0.39516884520448725,0.1411540978879094,0.4090710184930525,0.14782918507945417
7088,236.267,943,402,2088,1993,6.3387,17.5768,0.3763467892708256,0.14715918251006957,0.3992537497263844,0.14762818430863878
7089,236.3,944,402,2088,1993,9.6679,17.9285,0.5115279166955545,0.13923167887188206,0.4329359998171354,0.14510923267761175
7090,236.333,943,402,2088,1993,7.507,16.4832,0.4372144442660136,0.281691949101201,0.43421953315179884,0.1860840476046885
7091,236.367,943,402,2088,1993,8.9975,16.446,0.4997731922101882,0.30117223867068765,0.4538856308693156,0.22061050492448825
7092,236.4,943,402,2089,1993,8.9044,18.4203,0.4721363964529891,0.0700862475734002,0.4593608605444176,0.17545322771916183
7093,236.433,944,402,2089,1992,11.1351,18.2205,0.5728393688692889,0.1255472221811672,0.493404413041879,0.16048142605776344
7094,236.467,945,402,2089,1993,11.0471,18.4238,0.5663514542418091,0.09943557757250944,0.515288525401858,0.14216767151218723
7095,236.5,946,402,2088,1992,10.1478,17.2945,0.5399973548794693,0.22017150402134808,0.5227011742451414,0.1655688212649355
7096,236.533,947,402,2088,1993,11.0895,17.5107,0.5791664467219808,0.20907315052137582,0.5396407559881932,0.17862012004186759
7097,236.567,947,402,2089,1996,9.2243,17.8814,0.4928990144239782,0.1391675420493901,0.5256182335189287,0.16678434664412434
7098,236.6,949,403,2090,1997,9.8819,17.1425,0.530125044109197,0.2339966169764013,0.5269702766960092,0.18694802774380742
7099,236.633,948,404,2090,1998,10.7137,18.8647,0.5456580634675711,0.039731368596618355,0.5325766127274777,0.1427830299996507
7100,236.667,949,403,2089,1998,10.2708,17.1146,0.5473914142178565,0.24254378519017122,0.5370210531745914,0.17271125655680686
7101,236.7,951,402,2089,1998,10.2376,19.4252,0.5166065900089474,0.0,0.5308967142248981,0.12089787958976479
7102,236.733,951,402,2089,1997,10.9546,17.9666,0.5678293030204687,0.15320490425182923,0.5419764908635692,0.13058998698838412
7103,236.767,950,402,2089,1997,8.7913,17.1593,0.48310446230724446,0.21850488714324623,0.5243148822966718,0.15696445703484274
7104,236.8,951,404,2090,1997,8.2462,17.578,0.45501073013474974,0.16385801966928493,0.5035236366480952,0.15903252582517538
7105,236.833,951,405,2090,1997,6.8534,18.5421,0.38406690301971586,0.034342136057035094,0.4676866165595813,0.12162540889473329
7106,236.867,951,405,2090,1997,6.6219,18.6144,0.3735037946098365,0.023498731701022964,0.4394317699746578,0.09218740573662018
7107,236.9,951,405,2090,1997,6.6595,19.0385,0.3687607388648543,0.0,0.41823046064171676,0.06453118401563412
7108,236.933,950,405,2089,1998,8.0127,19.5942,0.41702525136352486,0.0,0.4178688978582592,0.045171828810943886
7109,236.967,951,406,2089,1998,6.0722,19.9787,0.3296532742449238,0.0,0.3914042107742585,0.03162028016766072
7110,237.0,951,404,2089,1999,8.7538,16.8415,0.48514990833523963,0.25425058180154353,0.4195279200425528,0.09840937065782555
7111,237.033,951,406,2090,1999,5.3153,19.0264,0.3143591952862583,0.0,0.38797730261566443,0.06888655946047788
7112,237.067,951,408,2090,1999,7.4714,18.1028,0.4157711919431575,0.09356600284774767,0.3963154694139123,0.07629039247665881
7113,237.1,951,405,2091,1998,10.0841,16.963,0.5409030122133338,0.2571831990086775,0.4396917322537387,0.1305582344362644
7114,237.133,950,405,2091,1998,7.2948,17.6718,0.41414833631468967,0.14355703656095162,0.432028713472024,0.13445787507367057
7115,237.167,951,407,2090,1998,5.824,18.5199,0.3424512336784769,0.029558424340678593,0.4051554695339598,0.10298803985377297
7116,237.2,949,411,2090,1999,10.2612,17.716,0.5400731021701152,0.17260305893717073,0.4456307593248064,0.12387254557879229
7117,237.233,949,410,2089,1999,9.9011,17.107,0.5313563344749639,0.2383136595240947,0.47134843186985365,0.158204879762383
7118,237.267,949,410,2089,1999,9.1872,17.458,0.4964798172776302,0.1886344602282309,0.4788878474921866,0.16733375390213737
7119,237.3,948,410,2089,1999,10.9442,18.8318,0.5564502498784919,0.0474244260690027,0.5021565682080782,0.13136095555219696
7120,237.333,948,412,2090,1998,8.2182,19.0486,0.4339632403893536,0.0,0.4816985698624608,0.09195266888653786
7121,237.367,948,412,2090,1998,8.1601,19.7465,0.42096710908480645,0.0,0.4634791316291645,0.0643668682205765
7122,237.4,949,412,2090,1998,7.3835,19.8056,0.3870283987603599,0.0,0.4405439117685231,0.045056807754403544
7123,237.433,949,412,2090,1998,7.5617,19.1581,0.40453923452001506,0.0,0.4297425085939707,0.03153976542808248
7124,237.467,950,413,2090,1997,7.7151,19.1345,0.41135643169846736,0.0,0.4242266855253196,0.022077835799657733
7125,237.5,950,413,2089,1997,8.7294,19.1865,0.4538818569214462,0.0,0.43312323694415755,0.015454485059760412
7126,237.533,951,412,2090,1998,6.565,18.3532,0.3749243997742293,0.0553473277485028,0.415663585793179,0.02742233786638313
7127,237.567,951,412,2090,1998,7.1111,18.5405,0.3947396489396138,0.0367286132520812,0.4093864047371094,0.03021422048209255
7128,237.6,950,412,2091,1997,4.5504,18.4655,0.29272043269436576,0.029654345166090404,0.3743866131242863,0.030046257887291906
7129,237.633,951,412,2091,1997,6.6453,18.4681,0.37657408964844663,0.04182022291384907,0.3750428560815343,0.03357844739525905
7130,237.667,951,412,2090,1998,6.1772,19.1396,0.3474309350603282,0.0,0.3667592797751724,0.023504913176681335
7131,237.7,950,413,2091,1998,4.9454,18.4211,0.30889681345823483,0.03689422928736136,0.3494005398800911,0.02752170800988534
7132,237.733,950,413,2090,1998,4.0771,18.4846,0.2740250928083743,0.025564930613747438,0.3267879057585761,0.026934674791043972
7133,237.767,951,413,2090,1996,2.1268,17.4574,0.21603181722600168,0.1475314677159411,0.29356107919880375,0.06311371266851311
7134,237.8,951,415,2089,1997,-0.8448,16.2573,0.1292754749376625,0.29548885258683655,0.24427539792046138,0.13282625464401013
7135,237.833,951,416,2089,1996,-0.9311,15.9139,0.13112231950822353,0.33393534274475467,0.21032947439679,0.1931589810742335
7136,237.867,953,416,2089,1993,-1.7705,14.2539,0.12458324266686074,0.5131426017929536,0.18460560487781122,0.2891540672898495
7137,237.9,958,401,2078,1984,-3.198,8.809,0.12436319867708892,0.9754889188582858,0.1665328830175945,0.4950545227603804
7138,237.933,961,429,2060,1973,-1.2556,5.2649,0.18496211938345652,1.0,0.1720616539273531,0.6465381659322662
7139,237.967,962,404,2084,1988,-1.5416,11.3791,0.15872951376899908,0.7700915538057073,0.16806201187984687,0.6836041822942984
7140,238.0,957,415,2087,1989,2.3644,13.9362,0.26690384008110885,0.5247730029986878,0.19771456034022544,0.6359548285056151
7141,238.033,956,414,2087,1989,1.1156,14.9158,0.21295125953158542,0.42993997286042024,0.20228557009763343,0.5741503718120566
7142,238.067,954,418,2089,1993,-0.3674,17.5188,0.12678689084344308,0.14730804103505193,0.1796359663213763,0.4460976725789552
7143,238.1,952,419,2086,1994,2.9826,18.8558,0.2263068157459442,0.0,0.19363722114874665,0.31226837080526865
7144,238.133,952,420,2087,1994,3.2023,17.7514,0.2516136724862149,0.11300112140879828,0.21103015654998714,0.25248819598632755
7145,238.167,953,419,2087,1996,4.2658,19.0094,0.27315045443583774,0.0,0.2296662459157423,0.17674173719042927
7146,238.2,953,418,2088,1996,3.205,17.743,0.25183767849872074,0.11401139614166309,0.23631767569063583,0.1579226348757994
7147,238.233,953,416,2086,1994,3.1645,16.4823,0.26757480270706435,0.2599940025663843,0.24569481379556435,0.18854404518297485
7148,238.267,953,416,2086,1994,4.4319,16.5278,0.314762870264748,0.25773453538721525,0.26641523073631945,0.20930119224424695
7149,238.3,953,416,2087,1994,4.166,17.0101,0.2984331846339318,0.20217939484786024,0.27602061690560314,0.20716465302533094
7150,238.333,953,416,2087,1994,4.3189,16.6362,0.3090890849625625,0.245195711468699,0.28594115732269093,0.21857397055834132
7151,238.367,952,415,2088,1993,2.3406,17.7791,0.21912740695928815,0.10910282095743887,0.26589703221367006,0.18573262567807058
7152,238.4,953,415,2088,1993,3.6143,17.0282,0.27725049851971156,0.19870527048097708,0.2693030721054825,0.18962441911894254
7153,238.433,953,416,2088,1994,3.7375,17.5443,0.2748209895205089,0.1386912707365703,0.2709584473299904,0.17434447460423086
7154,238.467,953,415,2088,1993,3.9655,16.6485,0.2954876777224291,0.24278839380869172,0.278317216447722,0.1948776503655691
7155,238.5,953,416,2088,1994,4.0802,17.0782,0.2942560750522852,0.19408208636996502,0.28309887402909095,0.19463898116688785
7156,238.533,953,417,2088,1993,4.1357,16.4196,0.30481184107283255,0.26888634755909707,0.28961276414221343,0.2169131910845506
7157,238.567,953,417,2090,1994,8.2931,18.0915,0.45041292157287455,0.10316640113414398,0.33785281137141177,0.18278915409942859
7158,238.6,953,416,2090,1994,7.2444,17.7112,0.41155693318683745,0.13844380130558193,0.3599640479160395,0.16948554826127457
7159,238.633,953,416,2089,1993,8.6246,16.6277,0.4820689384160524,0.2767911309157858,0.39659551506604335,0.20167722305762792
7160,238.667,953,415,2089,1993,9.3094,16.8431,0.5087711677988446,0.2606333984182183,0.43024821088588366,0.21936407566580501
7161,238.7,953,416,2089,1993,9.5887,16.0436,0.5290260104294742,0.3522017149510593,0.4598815507489608,0.2592153674513813
7162,238.733,953,416,2089,1993,9.7777,16.0081,0.5374658890010316,0.3584380571476601,0.48315685222458205,0.2889821743602649
7163,238.767,952,414,2088,1993,10.1474,16.7986,0.5454288886292367,0.27659336228533693,0.5018384631459784,0.2852655307377865
7164,238.8,953,415,2088,1992,10.2264,17.5175,0.5408792220649201,0.195400501150788,0.5135506908216608,0.25830602186168694
7165,238.833,952,413,2088,1992,11.9906,16.2901,0.6320942880541751,0.36120640199756104,0.5491137699914151,0.28917613590244917
7166,238.867,951,415,2088,1993,13.8168,16.4295,0.7146123766466073,0.38023611025819265,0.5987633519879727,0.3164941282091722
7167,238.9,951,414,2089,1993,14.4231,15.2954,0.7518475825316216,0.5124368180366319,0.6446886211510674,0.3752769351574101
7168,238.933,953,414,2089,1994,13.8366,16.8444,0.7117921719704907,0.3348534716111032,0.6648196863968944,0.363149896093518
7169,238.967,952,414,2089,1994,13.8191,16.1906,0.7167669891035688,0.4061590041549046,0.6804038772088967,0.37605262851193394
7170,239.0,952,415,2090,1994,12.7491,16.7474,0.6622642619071412,0.3244203506847815,0.6749619926183701,0.3605629451637882
7171,239.033,952,418,2090,1995,13.1334,17.0126,0.6774058572686475,0.30196474083535296,0.6756951520134533,0.3429834838652576
7172,239.067,951,418,2089,1995,7.7238,17.6563,0.4321407376077127,0.14935527262334436,0.6026288276917311,0.2848950204926836
7173,239.1,953,419,2088,1995,10.0349,19.1676,0.5112498800324891,0.0,0.5752151433939585,0.1994265143448785
7174,239.133,954,423,2087,1994,2.916,18.6328,0.2273809842792339,0.004549027224610179,0.4708648956595411,0.14096326820879798
7175,239.167,955,417,2089,1991,1.2947,14.1171,0.22771667709243296,0.5093128283805,0.39792043008940864,0.25146813626030856
7176,239.2,956,406,2079,1983,1.6538,11.4973,0.26147369325172665,0.7421489841819361,0.356986409038104,0.3986723906367968
7177,239.233,956,407,2080,1982,1.2913,11.4995,0.2492402084901234,0.7431169331228531,0.3246625488737098,0.5020057533826137
7178,239.267,961,405,2081,1984,1.3298,12.021,0.24700584342100945,0.6998338953593969,0.30136553723789966,0.5613541959756486
7179,239.3,961,405,2079,1984,1.5201,12.1159,0.25277303190398837,0.6912078153939989,0.2867877856377262,0.6003102818011536
7180,239.333,951,418,2090,1991,4.5248,19.399,0.27699794973957786,0.0,0.28385083486828167,0.42021719726080753
7181,239.367,952,418,2090,1992,6.3186,18.142,0.3678629265174581,0.07931834856181984,0.3090544623630346,0.3179475426511112
7182,239.4,951,418,2090,1992,7.1279,18.3404,0.39825717911224057,0.061533375358634325,0.3358152773877964,0.24102329246336812
7183,239.433,952,418,2089,1993,7.1757,18.0206,0.4046211616960501,0.10083569770056705,0.35645704268027245,0.19896701403452777
7184,239.467,952,416,2089,1993,6.3599,18.0608,0.37066847204735354,0.08946525639150438,0.36072047149039677,0.16611648674162074
7185,239.5,952,418,2090,1995,9.4728,17.2492,0.5112121569653433,0.21639775550392537,0.4058679771328807,0.18120086737031213
7186,239.533,952,416,2090,1995,8.3921,17.5148,0.46194515454543006,0.17283333018715177,0.42269113035664546,0.17869060621536403
7187,239.567,953,415,2090,1996,7.4732,19.3788,0.39747550199223464,0.0,0.41512644184732217,0.1250834243507548
7188,239.6,952,416,2090,1996,8.6381,19.2538,0.4489606048556254,0.0,0.4252766907498131,0.08755839704552837
7189,239.633,952,416,2091,1997,6.5335,20.0723,0.3471297966973759,0.0,0.4018326225340819,0.06129087793186985
7190,239.667,953,413,2090,1995,4.1848,21.1465,0.23253330107251577,0.0,0.35104282609561205,0.04290361455230889
7191,239.7,952,415,2090,1997,3.6584,21.1615,0.21143613328209274,0.0,0.3091608182515562,0.030032530186616224
7192,239.733,950,415,2090,1999,5.1394,20.6931,0.27923615956056763,0.0,0.3001834206442596,0.021022771130631356
7193,239.767,950,415,2090,1998,5.3122,20.2443,0.2941682992450223,0.0,0.29837888422448844,0.014715939791441947
7194,239.8,950,416,2089,1997,4.8555,20.4422,0.27229487543806313,0.0,0.2905536815885608,0.010301157854009363
7195,239.833,951,417,2089,1998,5.4109,20.1276,0.30017515990635524,0.0,0.29344012508389916,0.007210810497806554
7196,239.867,951,416,2089,1999,6.4185,20.6916,0.33175839922395106,0.0,0.30493560732591474,0.005047567348464587
7197,239.9,951,417,2089,1999,6.2422,19.8099,0.3394279223088052,0.0,0.31528330182078185,0.0035332971439252106
7198,239.933,953,416,2089,1998,4.0912,20.7875,0.2355738654305018,0.0,0.29137047090369783,0.002473308000747647
7199,239.967,952,416,2090,1998,4.6683,19.1099,0.2873407276917584,0.0,0.290161547940116,0.0017313156005233528
7200,240.0,953,417,2089,1998,6.6446,19.4534,0.3617468015451175,0.0,0.3116371240216165,0.001211920920366347
7201,240.033,952,415,2089,1999,7.0207,19.0061,0.3841934377382272,0.0,0.3334040181365997,0.0008483446442564428
7202,240.067,953,414,2089,2000,5.9862,19.1058,0.340174300402351,0.0,0.3354351028163251,0.00059384125097951
7203,240.1,950,413,2091,1997,5.109,18.5255,0.313805493557101,0.024762288098067128,0.3289462200385579,0.007844375305105795
7204,240.133,950,413,2091,1997,5.1433,18.7719,0.311435592911986,0.0,0.3236930319005863,0.005491062713574056
7205,240.167,952,411,2089,1991,3.6068,18.6512,0.2533376975286986,0.00345812402197421,0.30258643158902,0.004881181106094102
7206,240.2,958,410,2088,1984,4.4385,17.5956,0.30098228862234117,0.13472272533108662,0.3021051886990163,0.04383364437359186
7207,240.233,956,410,2087,1984,6.9351,15.816,0.4211763864241315,0.34953724929165275,0.3378265480165509,0.13554472584901012
7208,240.267,954,405,2083,1980,8.7079,21.0727,0.4229424623229856,0.0,0.3633613223084813,0.09488130809430707
7209,240.3,952,418,2094,1991,7.2971,22.8809,0.3275273157683009,0.0,0.35261112034642716,0.06641691566601494
7210,240.333,951,416,2094,1992,8.595,21.2576,0.4147772087441675,0.0,0.37126094686574923,0.04649184096621046
7211,240.367,950,418,2096,2000,5.5754,21.8394,0.2755300615107643,0.0,0.34254168125925377,0.032544288676347316
7212,240.4,952,416,2095,2003,9.1769,23.7217,0.39337076332644544,0.0,0.35779040587941124,0.02278100207344312
7213,240.433,953,417,2094,2002,8.6876,23.6803,0.3722086141458711,0.0,0.36211586835934917,0.015946701451410184
7214,240.467,954,417,2094,2003,6.3175,24.5393,0.2492966092771971,0.0,0.3282700906347036,0.011162691015987129
7215,240.5,954,417,2095,2003,9.3632,24.1616,0.3925391445053313,0.0,0.34755080679589184,0.00781388371119099
7216,240.533,954,415,2095,2001,6.0164,22.6049,0.2785966215437791,0.0,0.326864551220258,0.005469718597833693
7217,240.567,951,417,2095,2000,7.0858,21.6988,0.3415698601958129,0.0,0.3312761439129245,0.003828803018483585
7218,240.6,952,417,2094,2003,8.0354,21.1491,0.3923272714866652,0.0,0.34959148218504665,0.002680162112938509
7219,240.633,950,419,2096,2003,8.4111,20.5429,0.41897202202326034,0.0,0.3704056441365107,0.0018761134790569562
7220,240.667,948,420,2097,2006,6.7934,21.0339,0.34137698551505735,0.0,0.36169704655007473,0.0013132794353398693
7221,240.7,951,424,2098,2006,8.8184,20.8108,0.4322505683269635,0.0,0.3828631030831413,0.0009192956047379084
7222,240.733,952,423,2100,2008,7.9944,19.1279,0.4232788079231693,0.0,0.39498781453514964,0.0006435069233165358
7223,240.767,952,423,2101,2014,11.1876,18.3643,0.5734222482540281,0.10893747182555892,0.4485181446508132,0.03313169639398925
7224,240.8,955,422,2103,2016,8.944,16.7383,0.49435350533502037,0.2680404163905629,0.46226875285607527,0.10360431239296135
7225,240.833,954,420,2104,2017,9.3783,15.7381,0.522993288454405,0.3821887655794042,0.48048611353557413,0.18717964834889417
7226,240.867,954,419,2103,2018,9.3513,15.7509,0.5217267684994832,0.3805060056722932,0.4928583100247468,0.24517755554591386
7227,240.9,954,419,2102,2019,8.6755,14.955,0.5005259121188643,0.4551130971254995,0.495158590652982,0.30815821801978954
7228,240.933,955,420,2102,2019,8.8859,16.9973,0.4889878043443796,0.23811009025238275,0.4933073547604013,0.2871437796895675
7229,240.967,950,421,2101,2017,16.6997,14.0695,0.8671969379070327,0.6849421841768415,0.6054742297043907,0.4064833010357497
7230,241.0,950,424,2101,2017,18.0094,18.4648,0.9009143523510447,0.2487826958773959,0.6941062664983868,0.35917311948824354
7231,241.033,949,424,2099,2015,17.2824,16.7893,0.8792026701093492,0.42248976395996324,0.7496351875816755,0.37816811282975943
7232,241.067,952,418,2099,2008,17.5535,16.2357,0.8969205751843479,0.48999497894949656,0.7938208038624771,0.41171617266568056
7233,241.1,953,418,2096,2005,18.229,18.1375,0.915389489688132,0.29427745802316635,0.8302914096101736,0.37648455827292626
7234,241.133,952,418,2097,2003,16.9254,18.5,0.8454904230570613,0.2146997210201931,0.8348511136442398,0.3279491070971063
7235,241.167,956,423,2094,2004,10.5119,20.0946,0.5190273632213623,0.0,0.7401039885173765,0.22956437496797438
7236,241.2,959,422,2095,2006,5.2781,19.6652,0.3026015418141106,0.0,0.6088532545063967,0.16069506247758206
7237,241.233,959,425,2095,2003,7.065,20.0607,0.3695014601989399,0.0,0.5370477162141596,0.11248654373430743
7238,241.267,961,428,2080,1997,5.5212,21.1314,0.2867670902274346,0.0,0.4619635284181421,0.07874058061401519
7239,241.3,962,432,2082,1996,3.4254,19.3896,0.23436183921907797,0.0,0.39368302165842284,0.055118406429810626
7240,241.333,960,432,2081,1997,3.0008,17.7099,0.24466073639093197,0.11771649428462033,0.3489763360781756,0.07389783278625353
7241,241.367,960,429,2082,1996,3.1584,17.701,0.25069755110360176,0.1189715761973175,0.31949270058580337,0.08741995580957272
7242,241.4,961,426,2085,2000,5.4899,18.59,0.328004812107407,0.01881136012163236,0.32204633404228444,0.06683737710319061
7243,241.433,961,426,2085,2000,4.497,18.2684,0.2935858802452465,0.053759310457989415,0.3135081979031731,0.06291395710963024
7244,241.467,960,426,2086,2002,0.2717,17.7809,0.14481632592592655,0.11300430920702136,0.2629006363099991,0.07794106273884757
7245,241.5,961,425,2086,2000,1.0828,18.6581,0.15940485259519926,0.0023384389545420725,0.23185190119555915,0.055260275603555925
7246,241.533,960,422,2084,1999,2.4237,17.0349,0.23289796529644655,0.19680952199548854,0.23216572042582537,0.0977250495211357
7247,241.567,957,401,2093,1998,-0.2295,16.7992,0.14233581003989326,0.2307639449558622,0.20521674731004572,0.13763671815155365
7248,241.6,956,402,2093,2000,-1.1057,14.2643,0.14580916498682506,0.5069284015550496,0.1873944726130795,0.24842422317260243
7249,241.633,954,402,2094,1998,-0.6637,16.3836,0.1335697219259372,0.2802690487738131,0.1712470474069368,0.25797767085296563
7250,241.667,953,404,2095,1996,3.9118,17.2236,0.2858859452701477,0.17677026682031077,0.20563871676590006,0.23361544964316916
7251,241.7,952,403,2095,1996,3.7758,17.9669,0.27020212997246895,0.08818776295879699,0.22500774072787072,0.18998714363785751
7252,241.733,954,403,2096,1996,2.9962,17.9341,0.2411789315756397,0.09073513232141056,0.2298590979822014,0.16021154024292342
7253,241.767,955,404,2096,1994,5.1824,17.0317,0.3374563525116407,0.20370713053107806,0.26213827434103315,0.1732602173293698
7254,241.8,956,402,2096,1992,1.9339,16.0,0.22882902397196145,0.3134174748496093,0.2521454992303116,0.21530739458544165
7255,241.833,955,401,2097,1990,2.1848,17.5932,0.21616333957255357,0.13138773334599974,0.24135085133298417,0.19013149621360906
7256,241.867,953,402,2096,1990,3.1869,16.2716,0.2710684394982221,0.2834540076623876,0.2502661277825555,0.21812824964824262
7257,241.9,951,402,2097,1993,4.2659,18.9851,0.2735421819128983,0.0,0.2572489440216583,0.15268977475376982
7258,241.933,945,404,2096,1992,3.706,16.8458,0.2831272714669588,0.21980378488744348,0.26501244225524845,0.1728239777938719
7259,241.967,941,405,2096,1993,0.703,16.4445,0.17950735189882921,0.26708582114756263,0.23936091514832267,0.2011025307999791
7260,242.0,948,429,2084,1981,6.9629,18.9339,0.3828709891702691,0.0,0.2824139373549066,0.14077177155998538
7261,242.033,944,427,2085,1982,3.5457,16.8518,0.27701206896189695,0.21879842976433758,0.28079337683700367,0.16417976902129106
7262,242.067,943,429,2090,1975,0.8853,15.4784,0.19834421739474947,0.3719592959937456,0.2560586290043274,0.22651362711302742
7263,242.1,937,407,2097,1982,0.6917,18.3619,0.15029992914444257,0.04041020714018211,0.22433101904636193,0.1706826011211738
7264,242.133,937,405,2097,1980,2.3465,18.3895,0.20995797366233526,0.0345609119181399,0.2200191054311539,0.12984609436026362
7265,242.167,935,404,2098,1978,6.7719,17.8201,0.39072022526270234,0.12153309827463146,0.27122944138061844,0.12735219553457397
7266,242.2,935,407,2099,1976,8.7705,18.5363,0.46481344719841583,0.05422486923419552,0.32930464312595764,0.10541399764446044
7267,242.233,932,407,2099,1977,14.2411,13.6712,0.752777499431446,0.6657769099940539,0.45634650001760413,0.27352287134933845
7268,242.267,933,409,2100,1977,13.4464,14.238,0.7134087298074251,0.596960398227647,0.5334651689545504,0.370554129412831
7269,242.3,933,409,2100,1977,12.4523,14.9968,0.6634922550212433,0.5043693709906016,0.5724732947745582,0.4106987018861622
7270,242.333,933,410,2100,1976,11.8389,13.5584,0.6453191490808611,0.632073885052925,0.594327051066449,0.47711125683619104
7271,242.367,934,409,2100,1978,12.2805,13.9863,0.6624084730474616,0.59967822086993,0.6147514776607528,0.5138813460463127
7272,242.4,933,412,2101,1976,12.7789,16.8513,0.6626287646458221,0.3133760792727639,0.6291146637562736,0.4537297660142481
7273,242.433,934,411,2101,1976,14.6081,15.5959,0.7584131652206267,0.4855314155619541,0.6679042141955794,0.4632702608785599
7274,242.467,935,413,2100,1979,9.6364,17.8097,0.5116242851125649,0.1529604432712913,0.6210202354706751,0.3701773155963793
7275,242.5,934,413,2099,1978,5.5847,16.1203,0.36423094484881746,0.30780872460396586,0.5439834482841178,0.35146673829865527
7276,242.533,932,415,2100,1973,6.2029,16.2939,0.3866549688253647,0.2924842288501325,0.49678490444649187,0.3337719854640984
7277,242.567,931,415,2100,1973,5.3405,15.9767,0.3563275639139997,0.3221515400438686,0.4546477022867442,0.33028585183802944
7278,242.6,931,416,2098,1972,7.936,16.2083,0.4578744940323843,0.315919444914386,0.4556157398104362,0.32597592976093637
7279,242.633,932,415,2098,1973,7.0099,16.8119,0.41311839097132474,0.24063915828797916,0.4428665351587027,0.3003748983190492
7280,242.667,931,414,2099,1975,6.8685,20.0763,0.3610144356838505,0.0,0.41831090531624704,0.2102624288233344
7281,242.7,933,415,2098,1975,2.2044,19.4886,0.1864021205622645,0.0,0.3487382698900523,0.14718370017633406
7282,242.733,930,417,2096,1978,0.2345,19.0373,0.1226234039956997,0.0,0.2809038101217465,0.10302859012343384
7283,242.767,931,416,2097,1978,0.0353,19.8236,0.10131253117631424,0.0,0.2270264264381168,0.07212001308640369
7284,242.8,931,416,2097,1977,0.1526,20.5874,0.09080867401776546,0.0,0.1861611007120114,0.050484009160482575
7285,242.833,931,416,2097,1977,0.3919,20.8989,0.09323187947034683,0.0,0.15828233433951203,0.0353388064123378
7286,242.867,932,416,2096,1977,-0.731,20.2434,0.06625864456561752,0.0,0.13067522740734366,0.02473716448863646
7287,242.9,932,418,2096,1979,0.6163,20.724,0.10486858721576431,0.0,0.12293323534986984,0.017316015142045522
7288,242.933,934,416,2097,1983,-0.1078,19.04,0.1105098065226224,0.0,0.1192062067016956,0.012121210599431864
7289,242.967,937,413,2096,1982,9.6823,21.0544,0.4663928696921824,0.0,0.22336220559884162,0.008484847419602305
7290,243.0,937,412,2098,1983,12.3227,18.9658,0.6176552115054377,0.05412852622638783,0.3416501073708204,0.02217795106163796
7291,243.033,939,410,2099,1984,11.6838,18.3865,0.5956226473487696,0.11443873672837498,0.41784186936420514,0.049856186761659066
7292,243.067,938,411,2099,1986,12.4091,19.9841,0.6078140927441819,0.0,0.47483353637819814,0.03489933073316134
7293,243.1,942,408,2095,1985,11.1271,19.5336,0.5551126268737492,0.0,0.4989172635268634,0.02442953151321294
7294,243.133,943,407,2095,1986,12.1115,19.9212,0.594838243197193,0.0,0.5276935574279622,0.017100672059249054
7295,243.167,939,412,2094,1983,14.762,19.1608,0.7309675216598798,0.07969101198188401,0.5886757466975374,0.03587777403603954
7296,243.2,937,410,2097,1979,12.8952,19.9614,0.6309801358150193,0.0,0.6013670634327819,0.025114441825227676
7297,243.233,937,411,2097,1976,11.5938,20.6201,0.5603872367059629,0.0,0.5890731154147362,0.01758010927765937
7298,243.267,938,412,2096,1972,8.1671,19.1436,0.43039468002732983,0.0,0.5414695847985143,0.01230607649436156
7299,243.3,939,413,2093,1970,8.6792,12.7799,0.5159367227181136,0.6600859599718946,0.533809726174394,0.20664004153762144
7300,243.333,939,413,2094,1969,7.2668,14.1863,0.4495017612529258,0.5178737420136598,0.5085173366979536,0.30001015168043293
7301,243.367,938,412,2094,1971,9.9539,11.9366,0.5722691608770564,0.7458175349957902,0.5276428839516845,0.43375236667504014
7302,243.4,936,411,2095,1975,8.6913,17.4998,0.4748004803323389,0.17790411932788613,0.5117901628658807,0.3569978924708939
7303,243.433,936,412,2094,1975,8.8824,16.0505,0.4989862200108434,0.34298513915417334,0.5079489800093695,0.35279406647587774
7304,243.467,935,413,2095,1976,7.0451,18.7419,0.3891031566053011,0.011081405884000804,0.47229523298814896,0.2502802682983146
7305,243.5,934,416,2095,1976,6.8698,17.6117,0.39746891567540454,0.14706662657755185,0.4498473377943256,0.2193161757820858
7306,243.533,934,416,2096,1977,6.9899,17.3284,0.406002575672554,0.18124637706885136,0.4366939091577941,0.20789523616811545
7307,243.567,936,414,2095,1980,7.3689,17.2877,0.4220658869248314,0.1892167957381271,0.4323055024879053,0.20229170403911892
7308,243.6,937,414,2097,1980,8.9071,19.8283,0.4519676197822404,0.0,0.4382041376762058,0.14160419282738324
7309,243.633,936,414,2095,1979,10.1534,18.7516,0.5222107313775534,0.04553819169508249,0.46340611578661006,0.11278439248769301
7310,243.667,936,415,2096,1984,9.1797,17.6944,0.4932968088149809,0.1608052391535535,0.47237332369512125,0.12719064648745115
7311,243.7,934,419,2096,1993,10.5457,19.8608,0.5240613614690306,0.0,0.48787973502729404,0.08903345254121581
7312,243.733,934,418,2096,1995,11.1245,22.0169,0.5154428411978047,0.0,0.49614866687844716,0.06232341677885106
7313,243.767,933,418,2096,2000,11.4764,20.1317,0.5623976841718024,0.0,0.5160233720664537,0.04362639174519574
7314,243.8,931,421,2095,2001,10.56,20.0934,0.5212159955536835,0.0,0.5175811591126226,0.030538474221637014
7315,243.833,934,420,2095,1998,11.4955,20.8924,0.5515507386177919,0.0,0.5277720329641734,0.02137693195514591
7316,243.867,933,420,2094,1996,10.6759,20.8661,0.5143428225730869,0.0,0.5237432698468474,0.014963852368602135
7317,243.9,932,423,2094,1993,9.1508,20.0898,0.4585534129783885,0.0,0.5041863127863097,0.010474696658021494
7318,243.933,931,422,2094,1991,9.8053,21.9005,0.4571610338587261,0.0,0.4900787291080345,0.007332287660615045
7319,243.967,931,422,2095,1985,8.6938,21.2542,0.4191687220632322,0.0,0.4688057269945938,0.005132601362430531
7320,244.0,929,421,2095,1986,8.4053,20.5102,0.419262964946518,0.0,0.453942898380171,0.003592820953701372
7321,244.033,929,420,2095,1983,9.331,20.2522,0.4639173215047304,0.0,0.4569352253175388,0.00251497466759096
7322,244.067,927,416,2095,1988,8.4457,19.2887,0.4401704465587977,0.0,0.4519057916899164,0.001760482267313672
7323,244.1,928,419,2098,1987,9.1174,22.0388,0.4237844125915897,0.0,0.4434693779604184,0.0012323375871195702
7324,244.133,929,418,2100,1988,6.1649,21.7557,0.30163482298244715,0.0,0.40091901146702696,0.000862636310983699
7325,244.167,928,419,2100,1988,6.7311,19.666,0.3619605958886974,0.0,0.38923148679352804,0.0006038454176885893
7326,244.2,928,418,2100,1988,1.582,21.2623,0.1297638101088038,0.0,0.3113911837881107,0.0004226917923820125
7327,244.233,929,418,2100,1986,0.4525,20.2619,0.10793805079776625,0.0,0.25035524389100733,0.00029588425466740874
7328,244.267,929,418,2100,1984,1.4397,22.3271,0.10208796805091819,0.0,0.20587506113898058,0.00020711897826718612
7329,244.3,930,419,2100,1984,1.0979,20.1518,0.13347608139733835,0.0,0.1841553672164879,0.00014498328478703028
7330,244.333,930,421,2100,1985,1.6403,18.401,0.18381696781630857,0.03355601203599576,0.1840538473964341,0.010168291910149648
7331,244.367,930,420,2100,1982,1.3501,20.3567,0.13887626699128516,0.0,0.17050057327488943,0.007117804337104753
7332,244.4,931,419,2099,1980,2.12,21.1663,0.15195754422409083,0.0,0.16493766455964984,0.004982463035973327
7333,244.433,932,419,2099,1979,0.0977,19.5679,0.10826369674701576,0.0,0.14793547421585962,0.0034877241251813286
7334,244.467,935,408,2088,1973,3.5277,8.4319,0.33691977682076835,0.9576026964692957,0.20463076499733224,0.2897222158284157
7335,244.5,937,413,2089,1972,7.0168,5.147,0.4545461462453953,1.0,0.2796053793717511,0.502805551079891
7336,244.533,939,412,2088,1969,7.5925,6.1458,0.479894042793889,1.0,0.3396919783983925,0.6519638857559237
7337,244.567,935,414,2088,1973,2.3144,13.1533,0.2721271699716268,0.5981733919950996,0.3194225358703628,0.6358267376276764
7338,244.6,932,417,2092,1975,5.3313,14.6941,0.369248735875144,0.4557518215908785,0.3343703958717971,0.581804262816637
7339,244.633,931,415,2092,1976,6.1316,11.3505,0.42288210520657543,0.7593315211489785,0.36092390867223056,0.6350624403163394
7340,244.667,929,420,2098,1978,6.4969,14.8932,0.41279598284514707,0.44232154117251316,0.37648553092410547,0.5772401705731915
7341,244.7,928,420,2100,1980,7.2105,16.6989,0.42262098499055467,0.2550375483425201,0.3903261671440402,0.4805793839039901
7342,244.733,927,422,2101,1981,7.1007,20.51,0.3634821146581389,0.0,0.3822729513982698,0.33640556873279304
7343,244.767,927,422,2101,1981,8.6177,21.6074,0.40954587907696616,0.0,0.39045482970187867,0.23548389811295511
7344,244.8,928,422,2102,1980,9.2095,22.2309,0.4243242325642437,0.0,0.4006156505605881,0.16483872867906857
7345,244.833,929,421,2102,1980,9.3326,19.5424,0.4748815449496376,0.0,0.4228954188773029,0.11538711007534799
7346,244.867,927,416,2104,1982,14.9249,22.1263,0.6964299567154992,0.0,0.5049557802287618,0.0807709770527436
7347,244.9,927,416,2103,1981,15.3213,22.4302,0.711249887795364,0.0,0.5668440124987424,0.056539683936920514
7348,244.933,927,418,2101,1980,17.7411,23.1247,0.8243579776087578,0.0,0.644098202031747,0.03957777875584436
7349,244.967,925,417,2101,1979,16.2727,23.9074,0.7338243432130055,0.0,0.6710160443861245,0.02770444512909105
7350,245.0,926,415,2101,1979,18.9702,24.4293,0.8673836170904816,0.0,0.7299263161974316,0.019393111590363735
7351,245.033,927,409,2101,1981,18.8517,21.4607,0.9088212310632594,0.0,0.78359479065718,0.013575178113254614
7352,245.067,927,407,2103,1978,18.9389,20.1097,0.931053383815698,0.06918326494877061,0.8278323686047353,0.03025760416390941
7353,245.1,929,407,2102,1982,18.7711,18.8358,0.9365080352542932,0.22581846829850652,0.8604350685996026,0.08892586340428854
7354,245.133,937,409,2101,1972,19.0798,16.0133,0.9757509545660534,0.5570886514508356,0.8950298343895378,0.22937469981825265
7355,245.167,937,407,2103,1968,18.3794,18.2915,0.9216490609501566,0.28027869908894404,0.9030156023577234,0.24464589959946004
7356,245.2,939,407,2102,1969,16.9255,19.4716,0.8345991272036922,0.09388814100919259,0.8824906598115139,0.19941857202237978
7357,245.233,939,406,2100,1964,15.3561,18.5309,0.7673082827247464,0.17153740222215258,0.8479359466854836,0.1910542210823116
7358,245.267,938,406,2100,1964,17.3703,19.3759,0.8583453263155184,0.11812254492131334,0.8510587605744939,0.1691747182340121
7359,245.3,938,406,2100,1965,15.4537,17.9227,0.7785840068020717,0.24680345908930443,0.8293163344427672,0.19246334049059977
7360,245.333,937,406,2099,1966,15.4176,18.8102,0.7671530931086369,0.13872075327217642,0.810667362042528,0.17634056432507275
7361,245.367,935,406,2099,1967,19.5914,16.9001,0.9962587909383123,0.47693598832137407,0.8663447907112631,0.26651919152396314
7362,245.4,934,406,2100,1969,21.8919,17.4852,1.0,0.4875425123393901,0.9064413534978841,0.3328261877685912
7363,245.433,934,406,2100,1968,20.2274,18.0293,1.0,0.36823907628699437,0.9345089474485189,0.34345005432411213
7364,245.467,935,405,2099,1967,15.8583,17.7648,0.799964886233901,0.2750948372515154,0.8941457290841335,0.32294348920233307
7365,245.5,934,406,2099,1967,19.111,17.3786,0.9676029226396072,0.4085360293784649,0.9161828871507756,0.34862125125517257
7366,245.533,932,407,2100,1967,19.1492,17.7887,0.9661443868778083,0.362514187631177,0.9311713370688854,0.35278913216797386
7367,245.567,938,426,2092,1958,20.4038,19.4263,1.0,0.20367209631339175,0.9518199359482198,0.3080540214115992
7368,245.6,939,426,2094,1958,19.5238,20.2942,0.9598433351040028,0.06313547338832412,0.9542269556949545,0.23457845700461666
7369,245.633,943,429,2093,1966,11.2771,20.4048,0.5491130294263806,0.0,0.8326927778143823,0.16420491990323166
7370,245.667,942,428,2092,1965,7.8137,20.1697,0.3994088651625101,0.0,0.7027076040188206,0.11494344393226215
7371,245.7,943,429,2092,1966,6.3553,19.1166,0.35506899697374544,0.0,0.598416021905298,0.0804604107525835
7372,245.733,943,429,2093,1966,7.543,19.227,0.4027180373704046,0.0,0.5397066265448299,0.05632228752680845
7373,245.767,943,430,2092,1966,8.4326,19.1902,0.4410608092648485,0.0,0.5101128813608354,0.03942560126876591
7374,245.8,944,431,2093,1966,8.3491,19.6448,0.43064961055601303,0.0,0.48627390011938865,0.027597920888136136
7375,245.833,944,431,2093,1964,8.271,20.4571,0.4143295116285529,0.0,0.4646905835721379,0.019318544621695292
7376,245.867,944,430,2093,1963,8.0487,21.2135,0.39176574221360133,0.0,0.4428131311645769,0.013522981235186703
7377,245.9,942,430,2093,1963,10.6205,18.9385,0.5404917064922586,0.029062547312369985,0.4721167037628814,0.018184851058341688
7378,245.933,941,429,2093,1963,10.833,17.9645,0.562424865113331,0.1515760406656684,0.4992091521680162,0.0582022079405397
7379,245.967,942,429,2092,1963,9.6814,19.0451,0.49736435735204076,0.0021586708238106205,0.4986557137232236,0.04138914680552097
7380,246.0,941,430,2092,1962,11.5202,18.8085,0.5828354059097847,0.05970101114352671,0.5239096213791918,0.04688270610692269
7381,246.033,940,430,2092,1960,9.8853,17.383,0.5275325496036036,0.2063357778328268,0.5249964998465153,0.09471862762469392
7382,246.067,939,430,2092,1961,12.0858,18.7507,0.609469809251107,0.07666681263740054,0.5503384926678928,0.08930308312850589
7383,246.1,936,427,2092,1959,10.2121,16.7077,0.5492065403654509,0.28766671518249415,0.5499989069771603,0.14881217274470238
7384,246.133,937,428,2091,1958,8.8021,16.8575,0.48701445339549093,0.25299299014385773,0.5311035709026595,0.18006641796444897
7385,246.167,937,428,2092,1958,8.9874,16.9605,0.4937202334117111,0.24347711244169107,0.5198885696553749,0.1990896263076216
7386,246.2,936,427,2093,1957,7.0685,17.721,0.4041860982780557,0.1357654849228408,0.48517782824217914,0.18009238389218735
7387,246.233,940,427,2093,1956,3.6421,13.589,0.31594445988666975,0.5579082471032657,0.4344078177355263,0.2934371428555108
7388,246.267,943,431,2092,1952,2.5054,15.5538,0.25481191758313815,0.3610122223290399,0.38052904768980983,0.3137096666975695
7389,246.3,944,431,2092,1953,3.4487,14.2552,0.3028848493594654,0.4938837942263965,0.3572357881907065,0.3677619049562176
7390,246.333,945,433,2091,1950,2.1635,13.3294,0.2653355107207851,0.5822117762797995,0.32966570494973,0.43209686635329214
7391,246.367,945,434,2090,1951,2.7394,13.6225,0.28310968587698127,0.5543565134227176,0.3156988992279054,0.46877476047411976
7392,246.4,945,434,2090,1951,3.9938,15.5053,0.3101728516878583,0.3676507301095345,0.3140410849658912,0.43843755136474416
7393,246.433,945,434,2090,1950,2.9225,15.2284,0.27365990056834416,0.3952337150582157,0.3019267296466271,0.42547640047278557
7394,246.467,944,434,2090,1950,3.2723,14.9973,0.28895030743898154,0.41933519816547404,0.2980338029843334,0.4236340397805921
7395,246.5,944,436,2089,1950,4.4598,15.7343,0.3252023782932861,0.3446286912223203,0.3061843755770192,0.39993243521311056
7396,246.533,944,435,2090,1951,5.3884,16.3176,0.3542753661732659,0.2851385237047171,0.3206116727558932,0.3654942617605925
7397,246.567,944,434,2090,1953,3.0507,16.1692,0.26730778110223774,0.2946176050932284,0.30462050525979656,0.34423126476038324
7398,246.6,944,433,2089,1952,3.3881,15.0949,0.29215872568741574,0.409417132365316,0.3008819713880823,0.36378702504186305
7399,246.633,945,432,2089,1952,2.5196,17.9613,0.22300177756492773,0.08711339721490584,0.27751791324113595,0.2807849366937759
7400,246.667,945,432,2089,1952,3.0266,18.1704,0.23875605741645142,0.06199830615557713,0.2658893564937306,0.21514894753231628
7401,246.7,945,432,2089,1952,3.1402,18.1274,0.2436866090124713,0.06740956719695079,0.25922853224935277,0.17082713343170663
7402,246.733,944,432,2089,1951,3.7235,16.4612,0.28872151083797754,0.2632371403882306,0.2680764258259402,0.1985501355186638
7403,246.767,944,432,2090,1952,2.349,16.0288,0.2434128856529275,0.3099036695668893,0.2606773637740364,0.23195619573313142
7404,246.8,944,433,2089,1952,1.904,15.4008,0.2350405151156245,0.3777439589614193,0.25298630917651277,0.27569252470161776
7405,246.833,944,432,2089,1953,0.8119,18.8476,0.14647436989039797,0.0,0.22103272739067834,0.19298476729113243
7406,246.867,944,432,2089,1952,1.4525,16.6189,0.20353416643074146,0.24541041106639117,0.21578315910269727,0.20871246042371006
7407,246.9,944,431,2090,1954,2.1717,16.7574,0.22751048135480187,0.22873556956114563,0.21930135577832865,0.2147193931649407
7408,246.933,945,432,2089,1955,3.5778,16.927,0.27722498456098904,0.2102602476930559,0.23667844441312674,0.21338164952337524
7409,246.967,945,433,2089,1955,2.2014,17.0,0.22526132800135173,0.20091467408011512,0.23325330948959422,0.2096415568903972
7410,247.0,945,422,2094,1962,2.7444,20.2817,0.19259621316115172,0.0,0.22105618059106147,0.14674908982327803
7411,247.033,945,421,2095,1962,3.1927,19.2747,0.22737961430579692,0.0,0.2229532107054821,0.10272436287629462
7412,247.067,945,419,2095,1961,4.9204,18.7438,0.3030302075857365,0.0,0.24697630976955842,0.07190705401340623
7413,247.1,945,419,2095,1960,8.0897,18.8747,0.4310103687652342,0.004469567544487593,0.30218652746826113,0.05167580807273064
7414,247.133,945,419,2095,1960,8.1077,18.8917,0.4315305150750852,0.0025221830742570115,0.34098972375030834,0.03692972057318855
7415,247.167,945,419,2095,1959,6.6269,19.405,0.3617743499033054,0.0,0.34722511159620745,0.025850804401231983
7416,247.2,945,419,2095,1960,7.6984,18.6339,0.41791876975858633,0.0305830981251882,0.36843320904492105,0.02727049251841885
7417,247.233,945,419,2094,1960,7.0632,19.6335,0.3763140053279867,0.0,0.3707974479298407,0.019089344762893194
