frame_idx,time_sec,xmin,ymin,xmax,ymax,pitch_deg,yaw_deg
3,0.100,1038,294,2090,1761,24.8895,12.9900
4,0.133,1038,294,2090,1761,24.9680,12.8594
5,0.167,1051,244,2108,1663,8.8786,21.9092
6,0.200,1051,244,2108,1663,9.0172,21.7663
7,0.233,1051,244,2108,1663,8.9386,21.8226
8,0.267,1051,244,2108,1663,9.1772,21.7818
9,0.300,1040,283,2085,1691,6.7719,20.3119
10,0.333,1042,283,2088,1694,5.9015,18.2179
11,0.367,1041,289,2087,1697,4.9322,18.4247
12,0.400,1061,305,2074,1759,-0.7460,19.0639
13,0.433,1058,307,2084,1762,3.1269,17.9082
14,0.467,1055,308,2085,1771,0.7938,19.4405
15,0.500,1053,305,2088,1772,3.6055,20.6055
16,0.533,1053,306,2088,1772,3.5258,20.1152
17,0.567,1053,307,2089,1771,2.5380,19.4585
18,0.600,1053,307,2089,1771,2.5380,19.4585
19,0.633,1053,307,2089,1771,2.5380,19.4585
20,0.667,1053,307,2089,1771,3.0578,19.4949
21,0.700,1053,309,2088,1773,2.8632,22.1258
22,0.733,1054,297,2085,1732,4.3091,20.1397
23,0.767,1046,306,2086,1720,6.6940,19.1425
24,0.800,1044,301,2087,1726,8.9693,22.6149
25,0.833,1042,304,2089,1742,8.8688,23.5087
26,0.867,1045,301,2095,1750,8.5439,19.9775
27,0.900,1045,298,2097,1762,10.7619,20.9868
28,0.933,1045,297,2096,1763,10.1272,20.5783
29,0.967,1046,296,2095,1763,11.0354,21.4053
30,1.000,1046,296,2095,1763,11.0127,21.3519
31,1.033,1045,295,2095,1763,10.6126,21.1913
32,1.067,1045,294,2095,1762,9.5141,20.2585
33,1.100,1043,298,2094,1761,9.7320,19.3876
34,1.133,1044,298,2094,1761,9.4913,19.2140
35,1.167,1044,298,2093,1760,9.5253,19.3189
36,1.200,1048,293,2095,1762,3.5585,21.5537
37,1.233,1052,299,2101,1772,3.4892,19.2294
38,1.267,1055,298,2100,1775,1.7000,19.0157
39,1.300,1055,300,2101,1773,-1.8968,20.5387
40,1.333,1054,282,2089,1763,2.3997,15.3078
41,1.367,1055,281,2088,1763,1.9061,16.4481
42,1.400,1070,264,2088,1761,0.9505,13.6600
43,1.433,1068,270,2089,1761,-1.1849,12.7818
44,1.467,1052,294,2097,1767,-3.3784,15.0211
45,1.500,1053,296,2100,1770,-2.8058,16.9501
46,1.533,1052,293,2099,1770,-0.2799,19.2662
47,1.567,1054,295,2100,1769,-0.4968,14.8658
48,1.600,1057,302,2099,1770,-1.7044,16.0411
49,1.633,1059,302,2100,1771,-1.1977,16.9947
50,1.667,1058,302,2100,1771,0.5717,17.5661
51,1.700,1059,304,2098,1770,0.5564,17.0228
52,1.733,1060,307,2096,1771,-0.9277,16.2825
53,1.767,1060,308,2094,1771,-1.0389,13.5630
54,1.800,1060,307,2097,1773,0.0506,16.0039
55,1.833,1061,305,2098,1773,-0.0874,15.6804
56,1.867,1061,306,2099,1774,0.0149,13.5255
57,1.900,1062,305,2100,1774,0.8460,15.6326
58,1.933,1060,304,2102,1772,2.9041,16.2042
59,1.967,1058,302,2101,1771,3.3156,17.3792
60,2.000,1056,302,2101,1771,3.2463,18.3358
61,2.033,1054,306,2096,1770,4.1661,20.4548
62,2.067,1054,305,2095,1769,7.1835,20.8933
63,2.100,1061,295,2093,1762,5.7604,20.2629
64,2.133,1060,292,2094,1762,4.5312,20.4454
65,2.167,1059,285,2095,1763,10.2575,18.2405
66,2.200,1058,286,2095,1763,12.5061,17.2130
67,2.233,1059,288,2096,1762,11.8734,16.7605
68,2.267,1059,289,2096,1763,10.1241,17.0172
69,2.300,1058,289,2097,1762,8.8603,18.0098
70,2.333,1059,289,2097,1762,9.8475,16.5970
71,2.367,1059,289,2097,1763,11.0035,16.3210
72,2.400,1059,288,2097,1762,11.1649,17.6495
73,2.433,1059,288,2097,1762,10.9443,17.6008
74,2.467,1049,298,2100,1767,10.0006,18.8404
75,2.500,1049,297,2100,1767,8.9995,20.4510
76,2.533,1049,298,2100,1768,9.9961,21.0464
77,2.567,1049,299,2100,1768,10.4794,20.7355
78,2.600,1049,300,2100,1769,7.2642,22.0248
79,2.633,1056,292,2098,1764,7.1024,21.1539
80,2.667,1058,293,2097,1762,8.9481,20.9215
81,2.700,1059,293,2096,1763,10.1575,20.3539
82,2.733,1059,290,2097,1763,7.7770,19.8278
83,2.767,1059,291,2095,1762,5.2087,21.0928
84,2.800,1053,304,2098,1768,2.2571,22.6360
85,2.833,1054,306,2096,1769,-8.0969,23.5682
86,2.867,1053,306,2097,1770,-7.9148,25.2984
87,2.900,1054,306,2096,1769,-8.8572,23.8558
88,2.933,1053,306,2097,1771,-7.6864,24.7374
89,2.967,1053,307,2098,1770,-9.7728,22.2691
90,3.000,1053,307,2098,1770,-9.3382,22.3871
91,3.033,1054,307,2098,1770,-9.5843,22.4112
92,3.067,1053,308,2099,1771,-7.1034,24.9478
93,3.100,1054,305,2095,1770,-7.8288,21.7172
94,3.133,1054,305,2095,1771,-8.8967,23.2206
95,3.167,1054,306,2095,1770,-7.4575,23.5026
96,3.200,1054,305,2095,1771,-9.0022,23.3891
97,3.233,1054,305,2095,1771,-9.3710,23.9580
98,3.267,1055,306,2096,1771,-8.5429,21.8740
99,3.300,1055,306,2096,1770,-6.7201,22.3091
100,3.333,1057,306,2095,1769,-9.6865,22.2382
101,3.367,1057,308,2097,1769,-7.6878,20.8582
102,3.400,1056,305,2096,1769,-9.1316,20.9004
103,3.433,1057,306,2096,1769,-7.1115,21.3019
104,3.467,1056,307,2096,1768,-9.8167,20.6422
105,3.500,1057,306,2096,1767,-10.0701,21.2941
106,3.533,1057,305,2095,1767,-10.0945,21.2487
107,3.567,1058,306,2095,1765,-10.8580,20.6003
108,3.600,1058,306,2095,1766,-10.6889,21.0304
109,3.633,1058,307,2095,1765,-11.9158,20.9538
110,3.667,1058,306,2094,1766,-9.1236,21.8604
111,3.700,1059,307,2095,1765,-12.3721,21.4444
112,3.733,1059,307,2095,1765,-11.9782,22.1427
113,3.767,1059,309,2095,1766,-9.9106,21.6077
114,3.800,1059,309,2095,1766,-9.4551,21.7085
115,3.833,1059,309,2095,1766,-9.7918,21.4466
116,3.867,1060,310,2097,1764,-9.3420,23.9303
117,3.900,1060,310,2097,1765,-11.0860,22.7081
118,3.933,1060,311,2096,1764,-8.8598,22.4177
119,3.967,1060,310,2097,1764,-8.8854,23.4791
120,4.000,1060,311,2096,1764,-9.8135,22.4988
121,4.033,1060,311,2096,1764,-8.5430,22.7299
122,4.067,1068,307,2096,1755,-9.9427,20.9145
123,4.100,1060,309,2098,1764,-11.3069,24.1706
124,4.133,1061,310,2098,1764,-8.8289,24.5029
125,4.167,1061,310,2098,1763,-10.6636,22.8204
126,4.200,1061,309,2098,1763,-11.0150,23.5050
127,4.233,1060,310,2098,1763,-10.3426,23.0835
128,4.267,1060,311,2098,1763,-8.2140,23.6200
129,4.300,1060,310,2098,1763,-8.9689,23.7118
130,4.333,1060,310,2098,1763,-8.8820,23.4092
131,4.367,1067,309,2098,1752,-9.7639,23.4294
132,4.400,1067,309,2097,1753,-9.1557,25.5487
133,4.433,1067,307,2096,1753,-7.3445,23.5126
134,4.467,1067,307,2096,1753,-7.1187,23.2631
135,4.500,1066,308,2096,1753,-8.3635,24.0484
136,4.533,1066,308,2097,1753,-8.3843,23.4783
137,4.567,1066,307,2097,1753,-7.2451,24.0153
138,4.600,1067,304,2096,1753,-6.7719,22.2822
139,4.633,1067,302,2098,1752,-5.9187,21.8408
140,4.667,1068,303,2100,1752,-7.6747,21.7167
141,4.700,1068,303,2102,1752,-9.8876,21.8295
142,4.733,1068,302,2103,1752,-10.1459,22.3065
143,4.767,1069,302,2103,1753,-9.6732,23.1888
144,4.800,1069,304,2103,1753,-8.4660,25.2014
145,4.833,1068,306,2102,1753,-11.3111,24.9560
146,4.867,1067,305,2102,1753,-10.3337,23.7532
147,4.900,1067,307,2103,1752,-8.4954,23.1144
148,4.933,1066,306,2102,1752,-10.4204,22.5300
149,4.967,1067,308,2103,1751,-8.5208,21.9007
150,5.000,1066,304,2105,1751,-10.6078,22.8137
151,5.033,1067,302,2103,1752,-10.6429,22.2816
152,5.067,1067,302,2104,1751,-11.0736,22.9272
153,5.100,1066,302,2103,1753,-11.0634,22.8478
154,5.133,1067,302,2104,1752,-9.3438,23.9812
155,5.167,1066,301,2105,1751,-10.6349,22.1075
156,5.200,1063,300,2106,1752,-10.5233,21.1552
157,5.233,1062,300,2108,1754,-11.6340,18.7839
158,5.267,1062,299,2107,1752,-11.8212,20.9275
159,5.300,1063,300,2107,1752,-12.0849,20.0676
160,5.333,1063,301,2106,1752,-11.6204,19.9634
161,5.367,1063,300,2105,1752,-11.3219,20.7714
162,5.400,1063,301,2106,1750,-12.6451,18.4055
163,5.433,1062,300,2107,1751,-11.4172,19.9027
164,5.467,1062,301,2107,1750,-11.0242,21.5624
165,5.500,1062,303,2107,1749,-10.3452,21.9428
166,5.533,1062,300,2107,1748,-12.4736,23.1835
167,5.567,1062,298,2108,1746,-12.2662,22.4638
168,5.600,1061,297,2108,1745,-10.8400,22.4011
169,5.633,1062,294,2106,1745,-9.4746,23.2250
170,5.667,1063,296,2107,1743,-13.2267,21.6820
171,5.700,1064,297,2106,1742,-10.1416,21.9654
172,5.733,1064,294,2106,1743,-10.4390,24.1628
173,5.767,1064,297,2109,1743,-12.3133,18.8667
174,5.800,1064,299,2108,1742,-10.3902,20.1862
175,5.833,1064,299,2107,1742,-8.9504,20.2666
176,5.867,1063,301,2106,1742,-10.2554,21.0818
177,5.900,1064,303,2105,1742,-9.5939,19.7484
178,5.933,1063,303,2103,1743,-11.2421,18.7540
179,5.967,1063,303,2100,1743,-10.1090,17.9415
180,6.000,1064,303,2100,1743,-11.2069,18.1791
181,6.033,1063,302,2102,1744,-10.8312,19.8824
182,6.067,1064,302,2102,1744,-12.8940,18.4224
183,6.100,1065,295,2104,1744,-10.6137,19.4207
184,6.133,1064,294,2109,1743,-12.7705,16.7436
185,6.167,1063,293,2107,1744,-14.0227,16.1690
186,6.200,1063,294,2107,1743,-14.1214,16.1601
187,6.233,1063,296,2107,1743,-14.6863,15.8931
188,6.267,1063,302,2108,1743,-12.2308,13.4375
189,6.300,1063,300,2107,1744,-12.2618,16.1793
190,6.333,1063,306,2103,1745,-12.5068,16.5563
191,6.367,1064,306,2103,1747,-15.3855,16.8499
192,6.400,1064,305,2103,1746,-14.9193,17.6533
193,6.433,1064,304,2103,1747,-12.1010,17.4586
194,6.467,1065,304,2102,1746,-10.7279,17.2764
195,6.500,1065,302,2103,1747,-12.0084,17.5061
196,6.533,1065,301,2103,1746,-12.3677,16.1849
197,6.567,1066,302,2102,1746,-11.8880,17.5497
198,6.600,1066,301,2103,1746,-12.3629,16.1814
199,6.633,1067,303,2104,1747,-11.7160,17.1715
200,6.667,1068,305,2103,1747,-12.6333,17.1968
201,6.700,1069,304,2102,1747,-12.9975,17.6580
202,6.733,1069,306,2102,1746,-11.6746,16.8057
203,6.767,1070,309,2101,1747,-12.9664,16.4595
204,6.800,1070,308,2103,1748,-11.6501,16.5348
205,6.833,1069,308,2102,1748,-13.0022,16.8357
206,6.867,1068,310,2102,1748,-10.4067,16.1160
207,6.900,1067,311,2101,1749,-11.9463,14.5577
208,6.933,1065,312,2102,1749,-13.5570,17.5919
209,6.967,1065,313,2101,1749,-14.2231,18.5070
210,7.000,1064,313,2101,1750,-12.8474,16.5017
211,7.033,1063,316,2102,1750,-12.5974,16.5592
212,7.067,1063,317,2100,1751,-10.7822,17.8592
213,7.100,1063,312,2100,1750,-13.7675,16.4764
214,7.133,1064,313,2100,1751,-12.4835,16.8333
215,7.167,1064,313,2100,1752,-12.0480,16.9830
216,7.200,1064,313,2100,1752,-12.1142,16.8949
217,7.233,1065,312,2101,1755,-12.2854,16.2726
218,7.267,1059,309,2099,1767,-14.3265,17.8855
219,7.300,1059,307,2099,1766,-13.6474,17.7300
220,7.333,1059,307,2100,1766,-13.5042,17.2479
221,7.367,1059,307,2100,1766,-14.0322,17.4207
222,7.400,1058,305,2099,1766,-13.5329,17.8939
223,7.433,1059,307,2099,1767,-13.7022,18.2959
224,7.467,1059,308,2099,1767,-13.8845,18.2229
225,7.500,1059,312,2098,1770,-12.8219,17.1951
226,7.533,1059,314,2097,1772,-12.9939,16.1606
227,7.567,1058,314,2097,1772,-14.0856,17.0509
228,7.600,1059,315,2096,1772,-13.7500,17.4359
229,7.633,1059,314,2096,1773,-14.1042,16.7228
230,7.667,1059,315,2096,1773,-13.2457,16.1720
231,7.700,1059,315,2095,1773,-13.3378,17.2394
232,7.733,1058,314,2096,1774,-12.4825,17.7520
233,7.767,1058,315,2095,1774,-12.7367,18.1497
234,7.800,1059,312,2095,1774,-11.5524,16.7764
235,7.833,1057,313,2097,1773,-12.8843,17.9978
236,7.867,1057,313,2097,1772,-12.8763,18.0464
237,7.900,1058,314,2098,1771,-12.8695,17.3260
238,7.933,1059,315,2098,1770,-12.3289,17.9947
239,7.967,1059,316,2099,1769,-14.0920,18.4375
240,8.000,1059,316,2099,1769,-13.8903,18.2629
241,8.033,1060,313,2100,1770,-14.2578,17.4853
242,8.067,1059,310,2101,1770,-14.2413,15.3399
243,8.100,1058,314,2102,1773,-13.3527,18.4354
244,8.133,1058,312,2102,1774,-12.9913,17.8907
245,8.167,1058,311,2101,1774,-13.8589,16.8297
246,8.200,1058,312,2101,1775,-14.7547,18.0157
247,8.233,1057,313,2101,1775,-12.3241,16.9644
248,8.267,1058,313,2102,1774,-13.0453,17.8170
249,8.300,1057,315,2101,1775,-13.5638,17.3075
250,8.333,1058,314,2101,1775,-12.7534,18.8271
251,8.367,1058,313,2102,1775,-11.6976,18.0417
252,8.400,1059,312,2103,1774,-12.8201,15.7910
253,8.433,1058,311,2103,1774,-12.4420,16.0356
254,8.467,1059,311,2103,1774,-14.3088,16.2909
255,8.500,1059,312,2104,1775,-14.1730,16.9481
256,8.533,1061,312,2103,1776,-12.5112,15.7122
257,8.567,1061,311,2103,1777,-14.5295,15.1634
258,8.600,1061,311,2102,1777,-14.2167,15.5619
259,8.633,1060,312,2103,1778,-11.6223,15.1769
260,8.667,1060,310,2103,1777,-11.7847,15.2350
261,8.700,1059,310,2103,1777,-12.2540,15.0646
262,8.733,1060,311,2102,1776,-12.8300,14.5914
263,8.767,1059,313,2103,1777,-13.3494,16.9052
264,8.800,1058,314,2102,1776,-13.2323,17.2651
265,8.833,1056,316,2104,1777,-11.9392,17.7777
266,8.867,1056,316,2103,1777,-12.2274,18.1405
267,8.900,1056,318,2103,1776,-12.8629,16.7463
268,8.933,1056,320,2103,1775,-13.8590,19.2094
269,8.967,1056,320,2103,1775,-14.0238,19.2399
270,9.000,1056,320,2103,1775,-14.1618,19.3905
271,9.033,1056,319,2103,1775,-12.3153,17.9221
272,9.067,1056,319,2102,1775,-12.7269,18.9843
273,9.100,1057,317,2102,1775,-14.9258,16.7301
274,9.133,1057,317,2101,1775,-13.8645,16.2567
275,9.167,1056,317,2101,1775,-14.5363,15.8710
276,9.200,1057,316,2100,1775,-14.1168,15.9767
277,9.233,1056,314,2100,1773,-10.4838,14.0370
278,9.267,1054,309,2096,1772,-11.1585,12.2339
279,9.300,1054,312,2096,1771,-12.4713,10.8220
280,9.333,1054,309,2096,1771,-11.1376,14.3260
281,9.367,1055,308,2096,1771,-10.5167,12.7085
282,9.400,1055,306,2096,1771,-9.4474,13.6287
283,9.433,1055,305,2096,1770,-7.7273,12.9959
284,9.467,1055,306,2096,1771,-8.2531,12.0711
285,9.500,1054,306,2097,1771,-9.5001,11.1440
286,9.533,1054,304,2098,1772,-10.7705,8.6218
287,9.567,1053,304,2097,1771,-10.8115,12.8994
288,9.600,1053,302,2097,1770,-10.8019,13.5212
289,9.633,1052,303,2096,1771,-12.0900,12.6133
290,9.667,1052,301,2095,1771,-14.2262,12.7614
291,9.700,1052,301,2094,1771,-13.2608,12.2044
292,9.733,1052,302,2094,1771,-13.0008,15.1007
293,9.767,1053,300,2093,1772,-10.7586,13.4563
294,9.800,1053,300,2093,1772,-10.8733,13.4102
295,9.833,1053,299,2093,1772,-10.5225,13.3520
296,9.867,1052,299,2093,1771,-10.3348,13.0079
297,9.900,1052,299,2092,1772,-9.2458,13.6197
298,9.933,1052,299,2093,1772,-11.7984,13.5222
299,9.967,1051,299,2094,1771,-11.2162,13.7952
300,10.000,1051,299,2093,1770,-10.5082,14.2002
301,10.033,1050,300,2094,1771,-11.6365,14.3790
302,10.067,1049,298,2095,1771,-13.0639,13.1340
303,10.100,1051,302,2096,1773,-12.6128,14.3813
304,10.133,1051,302,2096,1773,-13.3640,13.4286
305,10.167,1051,301,2096,1773,-11.2717,15.0345
306,10.200,1051,301,2096,1773,-10.9555,14.3784
307,10.233,1051,301,2096,1773,-12.0248,13.5834
308,10.267,1051,300,2096,1773,-12.2007,14.3186
309,10.300,1051,301,2096,1773,-12.0054,13.2592
310,10.333,1051,300,2096,1773,-12.8614,14.2164
311,10.367,1050,299,2096,1773,-11.2163,13.0052
312,10.400,1050,299,2096,1773,-12.6379,13.0902
313,10.433,1051,298,2095,1773,-12.7513,11.8871
314,10.467,1051,298,2096,1773,-14.0339,12.5356
315,10.500,1051,298,2095,1773,-12.8210,11.6291
316,10.533,1052,297,2096,1772,-12.8924,13.2824
317,10.567,1052,296,2096,1772,-12.4931,14.3320
318,10.600,1052,297,2097,1772,-12.4483,13.0438
319,10.633,1052,296,2097,1772,-13.4863,12.9206
320,10.667,1051,296,2097,1772,-13.2584,13.9836
321,10.700,1051,297,2097,1773,-13.4984,13.0783
322,10.733,1051,297,2098,1773,-15.0213,12.2260
323,10.767,1051,298,2098,1773,-13.1162,12.4461
324,10.800,1051,298,2099,1773,-12.6118,12.6983
325,10.833,1051,298,2099,1773,-12.5121,12.6889
326,10.867,1051,299,2098,1773,-12.8657,13.7960
327,10.900,1050,298,2098,1772,-12.3124,13.1093
328,10.933,1049,299,2098,1772,-12.7737,13.0933
329,10.967,1050,299,2097,1771,-13.0845,13.6858
330,11.000,1050,300,2097,1771,-13.6039,13.6793
331,11.033,1049,300,2096,1771,-14.3576,12.8462
332,11.067,1049,300,2096,1771,-13.8771,12.6671
333,11.100,1049,304,2096,1771,-14.3720,13.6493
334,11.133,1048,304,2097,1772,-13.9686,12.7310
335,11.167,1049,304,2098,1771,-13.5549,12.6267
336,11.200,1049,304,2097,1771,-15.7277,12.2511
337,11.233,1049,305,2098,1771,-12.9831,12.3557
338,11.267,1049,305,2098,1771,-13.1646,12.4875
339,11.300,1048,306,2098,1771,-14.7038,12.0798
340,11.333,1048,307,2098,1771,-13.3217,11.1485
341,11.367,1047,307,2098,1771,-13.6259,10.7839
342,11.400,1047,305,2098,1771,-13.0050,11.5837
343,11.433,1047,302,2098,1771,-13.4003,12.8930
344,11.467,1047,303,2098,1770,-13.1145,12.1763
345,11.500,1048,298,2097,1770,-12.5845,13.6974
346,11.533,1049,296,2096,1771,-10.4971,14.0096
347,11.567,1049,296,2096,1771,-10.8473,14.1797
348,11.600,1049,297,2096,1771,-11.1275,11.6392
349,11.633,1049,297,2096,1771,-11.8715,11.2526
350,11.667,1049,298,2097,1770,-11.8010,10.7950
351,11.700,1049,298,2098,1770,-12.6048,12.5142
352,11.733,1049,297,2097,1771,-11.0271,11.9509
353,11.767,1050,297,2097,1770,-12.4164,11.9854
354,11.800,1049,297,2098,1770,-12.2157,12.0107
355,11.833,1049,296,2099,1771,-13.2163,13.1591
356,11.867,1049,296,2099,1770,-12.8119,13.9731
357,11.900,1048,297,2099,1771,-13.0394,13.6996
358,11.933,1048,296,2099,1771,-12.7996,14.2458
359,11.967,1048,296,2099,1771,-13.1606,14.1819
360,12.000,1048,296,2099,1771,-13.2664,14.1757
361,12.033,1048,296,2099,1772,-13.2836,14.2017
362,12.067,1048,296,2099,1772,-13.6066,14.1595
363,12.100,1050,298,2099,1772,-13.1697,12.6316
364,12.133,1050,298,2098,1771,-12.3397,12.8647
365,12.167,1050,298,2098,1772,-12.7049,12.8128
366,12.200,1051,300,2099,1772,-13.8241,13.7155
367,12.233,1051,299,2098,1772,-11.7915,12.4153
368,12.267,1051,298,2098,1772,-12.0147,13.2572
369,12.300,1051,298,2098,1772,-12.0819,13.2988
370,12.333,1051,297,2098,1772,-11.5558,14.4360
371,12.367,1051,296,2098,1772,-13.1459,13.8365
372,12.400,1050,298,2098,1772,-11.3261,13.6317
373,12.433,1050,297,2099,1772,-13.0786,13.4859
374,12.467,1050,298,2099,1772,-12.6297,13.3069
375,12.500,1050,297,2099,1772,-13.0257,13.5795
376,12.533,1051,298,2098,1772,-12.0342,12.6976
377,12.567,1051,299,2098,1772,-11.9038,11.9807
378,12.600,1051,300,2099,1772,-13.8236,12.7812
379,12.633,1051,301,2099,1772,-14.2231,12.6785
380,12.667,1052,299,2098,1773,6.7714,12.6462
381,12.700,1052,298,2098,1773,7.3423,11.8754
382,12.733,1053,299,2098,1773,6.3575,13.0456
383,12.767,1053,299,2098,1773,5.0595,12.8769
384,12.800,1054,299,2097,1774,2.9819,13.7819
385,12.833,1054,298,2097,1773,4.0651,14.3946
386,12.867,1054,298,2096,1774,4.5076,13.5630
387,12.900,1054,299,2096,1774,5.3502,13.8687
388,12.933,1054,298,2095,1774,3.8443,14.0739
389,12.967,1053,298,2095,1775,4.8157,13.5332
390,13.000,1052,299,2095,1775,3.7147,12.6164
391,13.033,1052,297,2095,1775,7.1025,11.8238
392,13.067,1053,297,2095,1775,5.0759,11.9948
393,13.100,1053,297,2096,1774,4.5473,13.1754
394,13.133,1053,297,2096,1773,5.4796,13.4257
395,13.167,1052,294,2098,1771,6.0525,14.1977
396,13.200,1052,292,2098,1771,5.9373,12.9395
397,13.233,1052,292,2098,1771,7.0264,13.4408
398,13.267,1051,293,2097,1770,3.9989,13.4585
399,13.300,1052,292,2097,1770,5.0234,13.3883
400,13.333,1052,291,2097,1770,5.5759,14.5389
401,13.367,1052,293,2098,1771,5.8727,12.6023
402,13.400,1052,294,2098,1771,6.0141,13.7392
403,13.433,1052,293,2098,1770,6.3448,13.1952
404,13.467,1052,294,2098,1771,5.7190,13.7690
405,13.500,1052,294,2098,1771,5.1698,13.7127
406,13.533,1053,295,2098,1772,4.9194,15.4885
407,13.567,1054,296,2098,1772,4.1796,13.7821
408,13.600,1054,296,2098,1772,4.0516,13.8519
409,13.633,1054,297,2097,1772,4.4857,13.1815
410,13.667,1054,298,2097,1772,6.0816,13.7061
411,13.700,1054,298,2097,1772,6.6021,13.3599
412,13.733,1054,298,2097,1772,6.7217,13.0416
413,13.767,1053,297,2097,1772,6.6262,13.6060
414,13.800,1053,296,2097,1772,5.6353,13.3730
415,13.833,1052,294,2096,1773,6.3413,13.5641
416,13.867,1052,295,2096,1773,7.0555,12.8336
417,13.900,1052,294,2096,1773,7.0436,13.6805
418,13.933,1052,295,2096,1773,7.1291,14.0924
419,13.967,1052,295,2096,1773,7.4872,14.4595
420,14.000,1052,296,2096,1773,6.2515,12.8665
421,14.033,1052,295,2096,1773,7.8234,14.8896
422,14.067,1053,296,2095,1773,7.4135,14.2051
423,14.100,1051,297,2095,1771,7.0558,14.3996
424,14.133,1051,297,2095,1772,7.3601,13.8032
425,14.167,1050,297,2095,1772,7.6769,14.2901
426,14.200,1051,298,2095,1772,6.8091,13.6040
427,14.233,1050,296,2096,1772,6.2051,14.1189
428,14.267,1049,296,2097,1772,8.7707,15.6731
429,14.300,1049,294,2098,1772,7.9886,15.2400
430,14.333,1049,295,2098,1772,8.9243,15.9944
431,14.367,1049,294,2097,1771,6.5168,15.0099
432,14.400,1049,296,2097,1771,10.1817,15.2957
433,14.433,1049,296,2097,1771,10.1807,15.4014
434,14.467,1049,298,2096,1772,8.3910,13.9846
435,14.500,1049,299,2096,1772,7.8082,13.8995
436,14.533,1047,300,2096,1771,8.1740,14.7443
437,14.567,1048,299,2096,1771,6.9408,14.3610
438,14.600,1047,301,2097,1771,7.2464,15.0408
439,14.633,1047,303,2096,1771,7.3218,13.8239
440,14.667,1047,301,2095,1772,7.4819,15.6003
441,14.700,1048,302,2094,1772,7.2785,15.0640
442,14.733,1054,294,2096,1775,6.9216,13.6407
443,14.767,1053,292,2094,1775,4.7662,13.9365
444,14.800,1053,292,2094,1776,4.4687,15.0232
445,14.833,1053,291,2094,1776,4.6351,14.6171
446,14.867,1053,292,2093,1776,4.6638,13.5163
447,14.900,1053,292,2093,1776,4.4169,13.3432
448,14.933,1053,292,2092,1775,4.0893,13.0674
449,14.967,1053,291,2092,1775,3.7274,12.7090
450,15.000,1053,291,2093,1774,4.3601,13.6495
451,15.033,1053,290,2092,1774,5.3858,13.1851
452,15.067,1053,291,2092,1775,2.7856,12.8598
453,15.100,1056,281,2094,1774,5.7841,12.1142
454,15.133,1056,281,2094,1773,6.1859,11.7054
455,15.167,1056,280,2093,1774,4.1918,11.9537
456,15.200,1056,280,2093,1774,3.8994,11.9428
457,15.233,1056,281,2092,1774,4.4518,11.2889
458,15.267,1056,283,2092,1775,4.6750,12.0901
459,15.300,1055,280,2092,1776,4.5686,12.8817
460,15.333,1055,282,2092,1776,5.7666,12.5277
461,15.367,1055,284,2093,1776,3.3076,11.1929
462,15.400,1053,284,2093,1776,4.6648,11.7934
463,15.433,1054,281,2094,1776,5.4361,12.5074
464,15.467,1054,281,2094,1776,5.1915,12.2838
465,15.500,1054,279,2094,1775,6.7656,11.4322
466,15.533,1054,281,2093,1775,4.2650,12.9076
467,15.567,1054,281,2094,1775,5.6534,11.8059
468,15.600,1054,280,2094,1775,5.7312,12.0394
469,15.633,1054,280,2095,1776,5.4548,11.6156
470,15.667,1054,280,2094,1776,5.6564,11.2518
471,15.700,1053,278,2093,1776,3.8064,13.2726
472,15.733,1054,278,2093,1777,5.4337,11.5922
473,15.767,1053,277,2093,1776,4.1838,12.3242
474,15.800,1053,278,2093,1776,4.8145,12.2585
475,15.833,1053,278,2093,1777,5.6282,11.9630
476,15.867,1053,278,2093,1776,4.4500,12.0987
477,15.900,1053,279,2093,1776,6.0555,12.1800
478,15.933,1053,277,2094,1776,4.4948,12.4400
479,15.967,1054,277,2095,1776,5.6865,11.4837
480,16.000,1054,277,2095,1776,5.2918,11.4229
481,16.033,1054,277,2095,1774,5.3474,10.7374
482,16.067,1053,277,2095,1773,5.1990,11.5427
483,16.100,1053,282,2094,1771,4.5109,9.0130
484,16.133,1053,283,2093,1771,5.6138,9.8811
485,16.167,1052,282,2091,1770,7.8745,11.0144
486,16.200,1051,283,2090,1768,9.2990,11.0803
487,16.233,1050,281,2091,1768,18.8476,12.8805
488,16.267,1050,284,2091,1769,18.2606,12.2042
489,16.300,1049,284,2093,1770,19.3176,12.0854
490,16.333,1049,285,2093,1770,19.8267,11.8544
491,16.367,1049,287,2094,1770,20.6091,12.7143
492,16.400,1050,286,2093,1771,19.2641,12.1642
493,16.433,1051,286,2092,1768,25.6920,11.3615
494,16.467,1051,283,2092,1769,27.9171,10.0291
495,16.500,1051,282,2091,1769,26.3387,10.9661
496,16.533,1051,284,2091,1769,27.4995,11.0909
497,16.567,1049,285,2091,1769,27.0728,11.8017
498,16.600,1049,285,2091,1769,26.9525,11.8812
499,16.633,1049,285,2091,1770,28.3682,12.8284
500,16.667,1050,283,2090,1770,29.0035,11.2574
501,16.700,1049,285,2090,1770,27.8605,11.6552
502,16.733,1049,282,2091,1771,30.5100,12.0683
503,16.767,1047,279,2091,1770,29.0820,11.3644
504,16.800,1047,278,2090,1771,29.4507,9.8759
505,16.833,1047,277,2087,1771,28.6931,10.5462
506,16.867,1047,277,2088,1771,27.7673,10.7498
507,16.900,1046,278,2088,1772,27.2504,9.4019
508,16.933,1046,280,2088,1773,27.5008,9.4072
509,16.967,1045,281,2088,1773,28.1240,11.3786
510,17.000,1045,280,2087,1773,28.3112,10.1241
511,17.033,1044,282,2088,1774,26.3129,12.5235
512,17.067,1045,280,2088,1774,28.1756,10.3801
513,17.100,1045,281,2090,1775,27.0330,11.3729
514,17.133,1045,280,2091,1775,26.5080,10.8999
515,17.167,1045,280,2090,1774,25.8833,10.9678
516,17.200,1044,280,2091,1775,27.4392,12.6635
517,17.233,1044,279,2091,1774,27.4480,10.6191
518,17.267,1044,279,2091,1774,27.3145,10.5127
519,17.300,1044,281,2090,1774,27.4367,11.6562
520,17.333,1044,279,2090,1774,26.9636,10.8361
521,17.367,1044,280,2090,1775,26.6387,10.4880
522,17.400,1044,280,2090,1774,26.3477,10.2864
523,17.433,1044,281,2090,1774,26.1262,12.2021
524,17.467,1044,281,2090,1775,25.4990,11.8825
525,17.500,1044,280,2090,1775,27.4435,9.9258
526,17.533,1044,284,2089,1774,25.0999,16.8943
527,17.567,1045,282,2090,1774,26.4825,13.0933
528,17.600,1045,283,2090,1773,26.1621,13.9320
529,17.633,1045,284,2090,1774,26.0297,15.5773
530,17.667,1045,284,2090,1774,26.1331,15.8399
531,17.700,1045,283,2090,1774,26.5793,13.4260
532,17.733,1045,284,2090,1774,26.1271,15.8526
533,17.767,1045,284,2090,1774,25.3493,15.5038
534,17.800,1045,284,2090,1774,25.1795,15.2541
535,17.833,1044,284,2090,1774,24.9304,15.2477
536,17.867,1045,284,2090,1774,24.8165,15.0804
537,17.900,1046,283,2091,1774,26.6768,13.2128
538,17.933,1046,282,2092,1774,25.7316,13.2777
539,17.967,1046,279,2091,1772,26.8401,11.2737
540,18.000,1047,282,2091,1772,24.5233,12.4151
541,18.033,1046,284,2092,1772,24.0864,13.1784
542,18.067,1046,284,2091,1772,24.5932,13.0636
543,18.100,1048,286,2091,1773,24.1946,12.7795
544,18.133,1048,287,2091,1773,25.1726,13.4718
545,18.167,1048,287,2091,1773,25.2240,13.8478
546,18.200,1048,287,2091,1773,24.8472,13.7325
547,18.233,1048,287,2090,1773,25.4240,14.2578
548,18.267,1048,287,2090,1773,24.9805,13.7199
549,18.300,1048,287,2090,1773,25.7696,13.7294
550,18.333,1048,287,2090,1773,25.7327,13.6491
551,18.367,1049,287,2090,1773,24.8501,11.9862
552,18.400,1048,287,2091,1773,24.6208,13.9470
553,18.433,1049,288,2091,1773,25.6267,14.5200
554,18.467,1049,288,2091,1773,25.6785,14.4433
555,18.500,1050,289,2091,1773,26.9326,14.3204
556,18.533,1050,290,2091,1774,27.4401,15.1431
557,18.567,1051,291,2091,1774,25.7347,13.8663
558,18.600,1051,291,2091,1775,24.5744,15.4775
559,18.633,1050,291,2092,1775,25.0350,15.0912
560,18.667,1049,291,2092,1774,24.8554,16.8264
561,18.700,1048,290,2092,1774,24.7810,16.4820
562,18.733,1048,290,2092,1774,24.9887,16.6173
563,18.767,1048,288,2093,1774,25.5301,15.8037
564,18.800,1048,289,2093,1773,24.2999,16.6712
565,18.833,1048,289,2092,1774,24.9246,15.7837
566,18.867,1048,290,2092,1774,24.1530,17.8139
567,18.900,1049,289,2092,1774,24.9299,16.5296
568,18.933,1048,289,2092,1774,24.5567,15.9858
569,18.967,1048,288,2091,1774,26.7360,15.9069
570,19.000,1048,288,2091,1774,26.5052,15.8066
571,19.033,1048,288,2092,1774,24.0031,16.5677
572,19.067,1048,288,2092,1774,24.2740,16.4082
573,19.100,1048,290,2093,1772,23.7728,15.7824
574,19.133,1048,290,2093,1772,24.0460,15.5932
575,19.167,1047,289,2093,1772,24.8893,15.5897
576,19.200,1048,289,2093,1772,26.1541,15.9059
577,19.233,1048,289,2092,1773,28.5004,17.2472
578,19.267,1049,286,2092,1772,25.4783,14.4127
579,19.300,1048,285,2092,1772,25.3735,16.3283
580,19.333,1048,284,2092,1772,24.2465,15.8803
581,19.367,1049,283,2092,1772,24.2070,13.4153
582,19.400,1049,283,2092,1772,23.9799,13.2371
583,19.433,1049,283,2092,1772,24.4214,13.5179
584,19.467,1049,283,2092,1772,24.0555,13.3100
585,19.500,1049,283,2092,1772,24.1499,12.8962
586,19.533,1050,284,2092,1772,26.1377,14.3767
587,19.567,1049,284,2092,1772,26.5137,13.9995
588,19.600,1049,285,2092,1771,26.6693,14.9118
589,19.633,1048,286,2092,1771,26.6749,15.9745
590,19.667,1048,286,2092,1770,27.2740,14.7952
591,19.700,1048,285,2092,1771,27.4667,15.5367
592,19.733,1046,285,2094,1771,26.6859,19.7364
593,19.767,1046,285,2092,1774,25.2067,22.9492
594,19.800,1046,282,2092,1774,24.1667,22.3620
595,19.833,1045,282,2093,1774,24.1820,22.5313
596,19.867,1046,280,2093,1774,23.3802,21.6796
597,19.900,1045,280,2092,1775,23.3154,21.5165
598,19.933,1046,280,2093,1775,24.2375,20.8035
599,19.967,1046,282,2093,1775,26.3786,21.8133
600,20.000,1045,283,2092,1775,27.1297,21.4834
601,20.033,1046,281,2092,1776,26.0481,20.1281
602,20.067,1045,280,2093,1775,26.6947,19.6896
603,20.100,1047,277,2094,1778,29.7179,17.8044
604,20.133,1047,276,2094,1778,29.2187,17.2115
605,20.167,1047,276,2094,1778,29.3114,17.8207
606,20.200,1047,275,2095,1777,28.9114,18.2562
607,20.233,1047,274,2094,1777,27.1723,18.9685
608,20.267,1048,274,2094,1777,27.0699,18.6147
609,20.300,1047,274,2094,1777,26.8418,19.1030
610,20.333,1048,274,2094,1777,26.8511,18.6526
611,20.367,1048,275,2094,1777,28.0139,17.2917
612,20.400,1048,276,2094,1777,27.1980,17.2816
613,20.433,1048,276,2094,1777,27.0873,16.7431
614,20.467,1048,275,2094,1777,28.4998,16.6818
615,20.500,1047,276,2094,1778,27.4489,17.1166
616,20.533,1047,277,2094,1777,26.9471,17.9066
617,20.567,1047,277,2094,1777,26.9958,17.3812
618,20.600,1047,277,2094,1777,27.0191,17.7698
619,20.633,1047,277,2094,1777,26.9371,17.9862
620,20.667,1047,277,2094,1777,26.9163,17.7550
621,20.700,1047,278,2094,1777,26.8816,17.5347
622,20.733,1047,278,2094,1777,27.3975,17.3965
623,20.767,1048,280,2095,1777,26.4861,18.7972
624,20.800,1048,282,2094,1777,25.0189,19.8702
625,20.833,1048,283,2094,1776,25.6002,19.5808
626,20.867,1048,282,2093,1776,23.9504,20.3044
627,20.900,1048,284,2093,1776,25.4753,19.1491
628,20.933,1048,284,2093,1776,25.4842,19.7475
629,20.967,1048,284,2093,1776,25.2716,19.6875
630,21.000,1048,283,2093,1776,24.9255,19.3513
631,21.033,1048,283,2093,1776,24.8041,19.3848
632,21.067,1047,283,2093,1776,25.0530,20.1046
633,21.100,1047,279,2093,1777,24.8644,18.6348
634,21.133,1047,278,2094,1776,25.2077,18.4768
635,21.167,1047,279,2094,1776,24.7016,18.4141
636,21.200,1047,279,2094,1776,24.8821,18.5638
637,21.233,1047,279,2095,1777,24.6156,19.2992
638,21.267,1047,278,2094,1777,25.1590,19.0797
639,21.300,1047,278,2094,1777,25.2317,19.0282
640,21.333,1046,277,2094,1777,24.3842,20.4771
641,21.367,1046,278,2093,1777,23.9373,18.9311
642,21.400,1046,278,2094,1778,25.1792,18.7086
643,21.433,1046,279,2093,1778,25.0053,19.0738
644,21.467,1046,279,2093,1777,23.8689,19.2021
645,21.500,1046,279,2094,1778,23.5319,20.0714
646,21.533,1046,278,2093,1777,24.3869,18.9904
647,21.567,1046,279,2093,1777,25.0778,19.2332
648,21.600,1046,278,2092,1776,23.6529,19.8040
649,21.633,1044,279,2092,1778,23.1144,20.4582
650,21.667,1045,280,2092,1778,23.6710,20.6049
651,21.700,1045,280,2092,1778,23.5648,20.6798
652,21.733,1045,280,2092,1778,23.7820,20.7612
653,21.767,1045,280,2092,1777,23.1680,20.7076
654,21.800,1045,279,2092,1777,23.4126,19.6755
655,21.833,1046,279,2092,1777,24.9536,18.7848
656,21.867,1046,279,2092,1777,25.2283,19.1852
657,21.900,1045,279,2092,1777,23.6257,19.6329
658,21.933,1045,279,2092,1777,23.9154,19.6722
659,21.967,1044,280,2092,1777,21.5899,20.4422
660,22.000,1044,279,2092,1777,24.0466,20.4470
661,22.033,1044,278,2091,1777,24.0074,19.0179
662,22.067,1044,278,2091,1777,23.7746,19.2939
663,22.100,1044,283,2090,1774,25.8831,21.1745
664,22.133,1045,282,2091,1774,25.0616,22.0164
665,22.167,1044,283,2091,1775,25.5318,22.3842
666,22.200,1045,283,2090,1785,21.7603,15.8520
667,22.233,1046,283,2090,1784,25.3511,17.1902
668,22.267,1046,282,2091,1783,23.5213,16.6917
669,22.300,1046,282,2092,1783,24.4417,15.1986
670,22.333,1047,282,2092,1783,24.5172,16.2146
671,22.367,1047,281,2092,1783,25.9205,16.7605
672,22.400,1047,284,2091,1783,28.0056,16.4166
673,22.433,1048,280,2092,1782,26.9162,16.9841
674,22.467,1046,284,2094,1783,25.0243,17.3782
675,22.500,1046,283,2094,1783,24.8580,16.1495
676,22.533,1046,284,2095,1782,24.6007,16.1524
677,22.567,1046,285,2094,1782,25.6522,16.3952
678,22.600,1047,287,2093,1783,23.6331,16.7250
679,22.633,1047,287,2093,1783,23.5974,16.7749
680,22.667,1049,287,2093,1783,24.7838,15.7528
681,22.700,1048,286,2093,1784,28.3854,16.5038
682,22.733,1048,287,2093,1784,24.1918,16.4886
683,22.767,1049,285,2094,1784,24.8067,17.1341
684,22.800,1051,290,2094,1784,24.0166,18.0663
685,22.833,1051,291,2094,1785,26.0546,17.0104
686,22.867,1051,291,2093,1786,26.1132,18.9817
687,22.900,1051,293,2092,1786,25.5347,20.1389
688,22.933,1052,291,2092,1784,22.1648,22.0331
689,22.967,1051,292,2092,1784,25.3647,20.4511
690,23.000,1051,294,2091,1784,23.4483,20.6636
691,23.033,1051,292,2092,1783,23.1682,20.1746
692,23.067,1051,292,2092,1783,22.3404,20.5295
693,23.100,1052,293,2093,1782,23.5078,19.9491
694,23.133,1052,293,2092,1782,24.4972,19.3401
695,23.167,1053,292,2092,1781,24.7016,19.3176
696,23.200,1053,291,2092,1781,24.8290,19.9802
697,23.233,1054,291,2091,1781,23.9837,19.1845
698,23.267,1053,289,2092,1782,23.5796,21.4433
699,23.300,1053,290,2092,1782,23.5613,20.1252
700,23.333,1054,289,2092,1782,25.4746,17.7610
701,23.367,1054,289,2091,1782,26.5825,17.5862
702,23.400,1055,290,2090,1781,25.7584,21.1163
703,23.433,1054,291,2090,1781,26.9559,17.0341
704,23.467,1054,292,2090,1780,24.8461,18.5905
705,23.500,1052,295,2089,1781,24.8043,20.9701
706,23.533,1051,297,2088,1783,24.0224,20.2814
707,23.567,1050,297,2090,1781,24.3936,22.8303
708,23.600,1051,298,2090,1781,24.7456,23.2983
709,23.633,1051,299,2091,1781,24.7282,22.1273
710,23.667,1052,301,2092,1781,25.6863,24.2556
711,23.700,1051,301,2092,1781,23.3467,23.8278
712,23.733,1051,301,2092,1782,24.6088,24.2674
713,23.767,1051,301,2092,1781,23.2630,23.4953
714,23.800,1052,300,2092,1781,25.5454,23.1535
715,23.833,1051,300,2091,1781,25.6666,22.5261
716,23.867,1052,299,2091,1782,26.1570,21.7249
717,23.900,1051,299,2090,1782,26.0723,22.8689
718,23.933,1051,300,2090,1782,25.7748,22.8869
719,23.967,1050,299,2090,1781,24.8191,23.1491
720,24.000,1050,299,2091,1781,25.3620,24.1685
721,24.033,1049,302,2090,1781,23.8161,24.3052
722,24.067,1049,303,2090,1781,24.7694,23.1997
723,24.100,1050,298,2091,1781,25.0451,22.9682
724,24.133,1051,299,2090,1779,26.2343,22.2048
725,24.167,1051,299,2090,1779,26.2635,22.0557
726,24.200,1051,300,2090,1779,25.4370,22.7651
727,24.233,1051,299,2089,1779,25.8379,21.8275
728,24.267,1051,298,2088,1778,25.2752,23.9170
729,24.300,1052,298,2089,1778,25.3107,23.2242
730,24.333,1053,297,2089,1776,24.7705,22.4358
731,24.367,1052,298,2089,1777,24.2610,23.9698
732,24.400,1052,297,2089,1776,23.5497,23.4640
733,24.433,1052,297,2089,1776,23.7403,23.7942
734,24.467,1052,296,2089,1777,25.6108,20.8904
735,24.500,1052,296,2090,1777,26.0020,21.6507
736,24.533,1052,296,2090,1777,26.7098,21.1255
737,24.567,1052,296,2089,1777,25.4953,20.8300
738,24.600,1053,297,2089,1777,24.4990,23.9267
739,24.633,1052,297,2089,1777,24.2655,20.1982
740,24.667,1052,300,2089,1776,26.1806,19.3211
741,24.700,1052,299,2089,1776,25.1928,23.5884
742,24.733,1052,300,2088,1776,25.1190,23.1452
743,24.767,1052,300,2088,1776,25.3227,22.2922
744,24.800,1052,301,2089,1776,25.6830,18.9918
745,24.833,1052,302,2089,1776,25.4424,22.1328
746,24.867,1053,303,2089,1776,23.7729,22.1010
747,24.900,1053,303,2088,1777,25.0135,19.7621
748,24.933,1053,303,2088,1777,24.4324,19.5782
749,24.967,1053,302,2088,1777,23.5540,20.2788
750,25.000,1053,302,2088,1776,24.0317,21.6029
751,25.033,1053,302,2088,1777,23.5598,20.4760
752,25.067,1053,302,2088,1777,23.2326,20.3880
753,25.100,1053,301,2087,1776,23.5508,20.4192
754,25.133,1053,302,2088,1777,24.2792,19.1955
755,25.167,1053,302,2087,1777,25.1221,20.6587
756,25.200,1053,302,2087,1777,25.0544,20.9248
757,25.233,1053,302,2087,1777,25.3467,19.7789
758,25.267,1053,301,2087,1775,24.4011,21.6899
759,25.300,1052,303,2088,1775,25.1855,22.0223
760,25.333,1052,303,2088,1775,25.3731,22.4734
761,25.367,1051,303,2089,1775,24.4801,22.7320
762,25.400,1051,302,2089,1774,25.9070,22.6626
763,25.433,1052,302,2089,1774,26.6039,21.6746
764,25.467,1052,301,2089,1774,25.9441,21.6753
765,25.500,1053,303,2089,1774,26.7630,21.2207
766,25.533,1054,303,2088,1773,25.9656,21.5302
767,25.567,1053,302,2088,1773,25.9303,19.8522
768,25.600,1053,302,2088,1773,25.9307,20.2515
769,25.633,1054,301,2089,1773,23.8459,21.7732
770,25.667,1054,301,2088,1774,24.3723,23.9121
771,25.700,1054,301,2089,1774,23.6863,21.1631
772,25.733,1054,301,2089,1774,23.8232,20.9251
773,25.767,1054,301,2089,1775,22.9043,22.7356
774,25.800,1054,300,2089,1775,23.0706,22.8025
775,25.833,1054,300,2089,1775,23.4498,22.4832
776,25.867,1054,300,2089,1775,23.2147,22.1823
777,25.900,1054,300,2088,1774,24.9971,22.3708
778,25.933,1053,301,2089,1775,24.9149,17.9543
779,25.967,1054,302,2089,1775,25.6439,17.3275
780,26.000,1054,303,2088,1775,25.8493,18.3243
781,26.033,1053,303,2089,1776,24.6872,22.7888
782,26.067,1052,302,2090,1776,24.7810,22.9220
783,26.100,1052,305,2090,1775,25.2451,21.9629
784,26.133,1051,305,2090,1775,25.7488,22.8836
785,26.167,1051,305,2089,1775,25.6286,21.6229
786,26.200,1052,304,2089,1775,26.3751,21.3159
787,26.233,1051,303,2089,1777,24.5322,23.5254
788,26.267,1050,300,2091,1777,24.8476,22.0148
789,26.300,1050,299,2091,1777,22.7632,22.6446
790,26.333,1048,303,2091,1779,9.1203,23.6207
791,26.367,1052,301,2095,1778,-1.6815,25.9136
792,26.400,1050,303,2096,1777,0.5093,24.3551
793,26.433,1050,302,2096,1778,0.2545,26.8381
794,26.467,1048,303,2097,1778,1.3607,28.3146
795,26.500,1048,305,2097,1779,0.9976,28.3705
796,26.533,1048,304,2097,1779,2.3903,28.3759
797,26.567,1048,305,2097,1779,-0.3543,27.8405
798,26.600,1048,304,2097,1779,2.1688,28.8339
799,26.633,1050,303,2096,1779,2.7874,26.4870
800,26.667,1050,304,2095,1779,0.5128,26.6476
801,26.700,1050,302,2094,1779,5.1085,26.7206
802,26.733,1052,302,2094,1779,4.6803,26.5163
803,26.767,1051,305,2095,1779,6.9073,25.6987
804,26.800,1052,306,2094,1779,5.7781,25.7886
805,26.833,1052,306,2094,1779,5.3938,25.6268
806,26.867,1052,309,2093,1780,5.4478,26.6247
807,26.900,1052,308,2092,1780,4.6409,24.8283
808,26.933,1052,307,2092,1780,4.8505,26.2697
809,26.967,1052,307,2092,1780,4.8211,26.4457
810,27.000,1052,307,2092,1780,4.8663,26.7388
811,27.033,1052,306,2092,1779,3.1332,26.8525
812,27.067,1053,305,2092,1780,2.7175,26.3004
813,27.100,1052,308,2093,1780,4.0239,25.3515
814,27.133,1053,308,2093,1778,3.9890,25.9404
815,27.167,1053,309,2093,1778,6.6384,27.8265
816,27.200,1053,309,2093,1779,4.4203,27.8130
817,27.233,1054,308,2092,1779,6.1634,27.1162
818,27.267,1054,308,2092,1779,5.7622,27.1810
819,27.300,1055,307,2092,1779,8.5169,27.9879
820,27.333,1055,307,2093,1779,7.5424,27.8861
821,27.367,1054,308,2094,1780,4.6753,27.3389
822,27.400,1054,309,2094,1780,3.2148,27.9064
823,27.433,1055,309,2095,1779,5.4820,27.8468
824,27.467,1056,309,2097,1779,6.5877,26.8311
825,27.500,1056,311,2096,1779,4.6750,27.2573
826,27.533,1057,314,2096,1778,5.3014,28.1433
827,27.567,1056,314,2096,1779,3.7096,28.1626
828,27.600,1056,314,2097,1779,4.8576,26.9911
829,27.633,1055,317,2096,1779,4.3249,26.4024
830,27.667,1056,317,2097,1779,4.1138,26.5707
831,27.700,1056,317,2097,1780,3.3367,25.8817
832,27.733,1055,317,2097,1779,4.6799,25.7055
833,27.767,1056,316,2097,1779,4.4022,27.0742
834,27.800,1056,318,2097,1779,5.1861,25.8669
835,27.833,1056,318,2096,1780,5.0918,25.6301
836,27.867,1056,318,2096,1780,5.1593,26.0092
837,27.900,1056,320,2095,1781,4.9177,25.2019
838,27.933,1056,320,2095,1781,3.9739,25.6574
839,27.967,1056,321,2095,1781,2.6937,27.0421
840,28.000,1056,322,2095,1780,3.2428,26.3757
841,28.033,1056,323,2095,1782,2.2177,26.5624
842,28.067,1057,322,2095,1782,4.0074,25.3431
843,28.100,1056,320,2094,1783,3.0964,26.3943
844,28.133,1056,316,2094,1782,5.3179,26.5699
845,28.167,1055,316,2093,1782,4.4330,26.0899
846,28.200,1054,315,2093,1782,4.6521,25.9271
847,28.233,1054,314,2093,1782,3.7059,27.9261
848,28.267,1054,313,2092,1783,4.6985,25.3780
849,28.300,1054,313,2092,1782,4.0744,25.0947
850,28.333,1054,312,2093,1783,2.7611,25.1038
851,28.367,1054,311,2093,1783,2.6005,26.0928
852,28.400,1053,311,2094,1783,1.3761,25.7612
853,28.433,1053,311,2094,1783,1.4021,25.4724
854,28.467,1053,312,2094,1783,1.4582,26.0000
855,28.500,1053,311,2094,1783,1.1065,25.5264
856,28.533,1053,311,2094,1783,1.2194,25.3582
857,28.567,1053,311,2094,1783,1.1315,25.3112
858,28.600,1053,311,2094,1783,0.9939,25.1496
859,28.633,1053,311,2094,1783,1.3573,25.4468
860,28.667,1053,311,2094,1782,1.8584,25.0923
861,28.700,1053,310,2095,1782,3.0215,25.5199
862,28.733,1053,310,2095,1782,2.5760,25.7873
863,28.767,1053,309,2095,1782,4.6089,26.8431
864,28.800,1052,308,2095,1782,3.4868,25.8213
865,28.833,1052,309,2095,1782,3.8169,25.7287
866,28.867,1052,310,2096,1781,1.6451,26.5348
867,28.900,1052,310,2096,1781,1.6252,27.0028
868,28.933,1052,311,2095,1781,2.1102,27.1662
869,28.967,1052,311,2095,1782,2.0882,27.1958
870,29.000,1052,312,2094,1782,2.9616,26.6778
871,29.033,1052,312,2094,1782,3.6094,26.4572
872,29.067,1052,312,2094,1783,5.4511,26.7688
873,29.100,1052,312,2096,1780,5.0621,25.9946
874,29.133,1052,311,2096,1780,1.7659,26.7536
875,29.167,1053,311,2095,1779,3.9105,26.6543
876,29.200,1053,312,2095,1779,3.5724,26.5777
877,29.233,1054,311,2094,1778,4.3596,25.8214
878,29.267,1054,312,2093,1777,4.9657,24.8853
879,29.300,1054,312,2094,1778,4.6730,26.2327
880,29.333,1054,312,2094,1778,4.1886,26.5384
881,29.367,1053,311,2095,1778,7.0998,26.3794
882,29.400,1053,311,2096,1778,7.0585,26.4873
883,29.433,1053,311,2096,1778,6.6888,26.4451
884,29.467,1053,311,2096,1778,6.8277,26.2370
885,29.500,1053,311,2096,1778,7.3826,26.4155
886,29.533,1053,311,2096,1778,7.9910,26.5631
887,29.567,1053,311,2096,1778,7.1691,26.6432
888,29.600,1053,310,2096,1778,4.9692,27.1940
889,29.633,1053,311,2096,1778,7.2675,26.3198
890,29.667,1053,311,2096,1778,7.6316,26.7176
891,29.700,1053,310,2096,1778,6.8488,27.3971
892,29.733,1053,311,2096,1778,7.4361,26.9926
893,29.767,1053,311,2096,1778,7.8108,26.4099
894,29.800,1053,312,2098,1778,7.6691,25.1659
895,29.833,1053,312,2098,1779,7.1845,25.1193
896,29.867,1054,309,2103,1778,3.1337,26.0457
897,29.900,1054,310,2102,1779,4.6975,26.4837
898,29.933,1053,312,2103,1779,5.1802,26.0362
899,29.967,1053,312,2102,1779,5.1824,26.4444
900,30.000,1053,311,2102,1779,5.0633,27.1190
901,30.033,1053,310,2101,1780,5.6108,24.6670
902,30.067,1052,309,2101,1780,5.5928,24.2680
903,30.100,1050,308,2100,1780,7.3365,23.6611
904,30.133,1049,312,2100,1779,2.7374,22.3215
905,30.167,1052,319,2099,1779,-7.0431,24.3823
906,30.200,1052,319,2099,1779,-8.4962,24.0215
907,30.233,1052,318,2099,1779,-11.8256,22.4104
908,30.267,1053,316,2100,1780,-10.7551,22.5186
909,30.300,1053,317,2099,1780,-11.2024,22.2093
910,30.333,1053,318,2099,1779,-12.6440,21.9717
911,30.367,1054,317,2099,1779,-10.4227,22.5808
912,30.400,1054,317,2099,1780,-9.9508,23.1765
913,30.433,1054,318,2099,1780,-9.8705,23.5760
914,30.467,1054,318,2099,1779,-9.6218,23.6320
915,30.500,1054,319,2098,1780,-11.2262,23.0910
916,30.533,1055,319,2098,1780,-10.9785,22.9507
917,30.567,1055,317,2097,1779,-11.1331,22.7191
918,30.600,1055,318,2098,1780,-12.0965,22.8188
919,30.633,1055,319,2098,1779,-10.2216,23.2293
920,30.667,1055,319,2098,1779,-10.2266,22.8043
921,30.700,1055,319,2098,1779,-10.3588,22.9156
922,30.733,1054,319,2099,1780,-10.0606,23.4369
923,30.767,1054,320,2098,1779,-11.3893,24.3088
924,30.800,1054,320,2098,1779,-10.1714,24.3307
925,30.833,1055,321,2099,1778,-11.9444,22.8740
926,30.867,1056,320,2100,1778,-12.8581,24.0752
927,30.900,1057,321,2100,1778,-12.0295,23.3836
928,30.933,1057,323,2101,1778,-11.3049,24.7179
929,30.967,1057,323,2101,1778,-11.4803,24.6105
930,31.000,1057,323,2102,1779,-10.2732,23.0597
931,31.033,1056,324,2102,1779,-9.2910,22.2222
932,31.067,1056,325,2102,1779,-11.1873,22.2541
933,31.100,1056,322,2103,1779,-8.1454,23.8324
934,31.133,1056,320,2103,1778,-7.7152,22.6003
935,31.167,1057,321,2103,1777,-9.5390,22.8541
936,31.200,1058,321,2103,1778,-11.8303,22.0297
937,31.233,1059,322,2103,1778,-11.4875,20.9723
938,31.267,1059,324,2103,1777,-8.1345,23.3120
939,31.300,1059,324,2103,1778,-8.5718,24.2025
940,31.333,1060,322,2105,1778,-9.7703,22.2839
941,31.367,1060,322,2104,1778,-9.8344,21.8505
942,31.400,1061,323,2105,1777,-7.2828,24.2310
943,31.433,1061,323,2104,1778,-10.1365,23.6948
944,31.467,1061,325,2104,1778,-6.9541,23.4357
945,31.500,1061,325,2104,1779,-5.8354,24.2018
946,31.533,1061,325,2104,1778,-5.6313,24.0932
947,31.567,1061,324,2104,1778,-6.8087,24.3296
948,31.600,1062,325,2104,1778,-6.6965,23.5345
949,31.633,1062,324,2104,1778,-9.3829,21.7612
950,31.667,1061,324,2105,1777,-9.3040,23.7260
951,31.700,1062,323,2106,1777,-7.7353,21.7198
952,31.733,1064,323,2108,1776,-9.5432,21.1647
953,31.767,1063,323,2107,1776,-9.5459,21.1589
954,31.800,1063,324,2107,1775,-10.9669,22.2319
955,31.833,1062,324,2108,1776,-9.1834,21.4140
956,31.867,1061,326,2108,1776,-10.5595,21.0240
957,31.900,1061,326,2107,1776,-10.4584,21.5913
958,31.933,1061,326,2107,1775,-9.9028,21.0162
959,31.967,1062,327,2107,1776,-11.4347,21.9297
960,32.000,1061,325,2107,1776,-10.4977,21.0988
961,32.033,1061,326,2107,1776,-9.7519,21.4723
962,32.067,1063,326,2106,1776,-9.9495,23.1827
963,32.100,1064,322,2106,1774,-11.5125,22.8452
964,32.133,1064,322,2107,1774,-13.7018,21.5455
965,32.167,1064,323,2107,1775,-13.3596,24.0683
966,32.200,1064,322,2108,1776,-13.6416,23.9007
967,32.233,1064,322,2107,1774,-13.1617,22.6139
968,32.267,1064,322,2107,1775,-12.3861,22.4450
969,32.300,1064,321,2108,1774,-12.8786,22.3631
970,32.333,1064,321,2108,1775,-12.6764,22.8197
971,32.367,1065,321,2107,1774,-12.9542,22.0690
972,32.400,1064,322,2107,1774,-12.9606,22.5833
973,32.433,1064,322,2107,1774,-12.2473,22.6454
974,32.467,1064,322,2107,1774,-12.1142,22.1465
975,32.500,1064,322,2107,1774,-12.0705,22.4702
976,32.533,1064,322,2108,1773,-12.7810,24.1475
977,32.567,1064,323,2107,1773,-12.4617,23.2995
978,32.600,1064,322,2107,1773,-11.6583,21.2218
979,32.633,1063,323,2106,1772,-12.6897,23.0582
980,32.667,1063,323,2106,1773,-11.5316,22.7890
981,32.700,1062,323,2106,1773,-11.5211,23.8517
982,32.733,1062,323,2106,1773,-11.3999,23.6501
983,32.767,1060,322,2106,1773,-10.7035,22.6171
984,32.800,1060,323,2106,1772,-11.1802,22.7950
985,32.833,1059,324,2106,1773,-10.8010,22.4419
986,32.867,1059,325,2106,1773,-12.7078,22.9666
987,32.900,1059,324,2106,1773,-11.5790,22.5663
988,32.933,1059,325,2106,1773,-12.7562,22.7127
989,32.967,1059,322,2106,1773,-10.9061,22.5494
990,33.000,1059,322,2105,1772,-12.0650,22.5912
991,33.033,1059,322,2105,1772,-11.6049,22.4741
992,33.067,1059,323,2105,1772,-10.9165,22.5698
993,33.100,1061,323,2107,1772,-10.2336,22.8311
994,33.133,1059,323,2106,1771,-7.4361,23.0738
995,33.167,1059,323,2105,1771,-8.4859,22.9099
996,33.200,1058,323,2104,1772,-8.8963,22.2438
997,33.233,1058,322,2105,1772,-9.7486,22.2410
998,33.267,1058,323,2105,1772,-9.0423,21.7393
999,33.300,1059,324,2104,1772,-8.3359,21.7863
1000,33.333,1058,327,2104,1772,-12.5304,19.3754
1001,33.367,1058,328,2105,1771,-10.9128,19.3429
1002,33.400,1057,328,2104,1773,-11.4246,18.4608
1003,33.433,1057,327,2104,1772,-12.5306,18.4391
1004,33.467,1057,325,2103,1772,-12.3521,19.0415
1005,33.500,1059,321,2103,1772,-11.8082,17.9241
1006,33.533,1058,316,2103,1771,-7.0107,19.3742
1007,33.567,1058,314,2104,1774,2.5255,17.0088
1008,33.600,1058,311,2104,1773,2.5456,13.6999
1009,33.633,1057,311,2104,1774,4.0263,13.7508
1010,33.667,1057,307,2105,1776,2.9816,15.0095
1011,33.700,1056,310,2104,1776,3.1723,15.8162
1012,33.733,1055,309,2105,1775,3.3458,14.5947
1013,33.767,1056,305,2106,1777,5.1135,16.8708
1014,33.800,1057,303,2107,1779,6.6362,15.3408
1015,33.833,1057,306,2107,1779,6.3071,16.9698
1016,33.867,1056,308,2108,1780,5.0679,15.1505
1017,33.900,1057,307,2108,1779,4.7645,15.2943
1018,33.933,1057,311,2108,1778,4.8336,18.2174
1019,33.967,1057,310,2109,1778,4.1189,19.0839
1020,34.000,1057,311,2108,1778,4.1392,18.2740
1021,34.033,1057,311,2108,1776,6.5668,19.0457
1022,34.067,1057,310,2107,1776,4.6427,18.2750
1023,34.100,1054,311,2107,1779,5.8247,18.8354
1024,34.133,1054,311,2107,1779,6.1539,17.7258
1025,34.167,1054,312,2107,1779,6.6755,17.7903
1026,34.200,1054,312,2107,1779,6.3516,17.7904
1027,34.233,1053,313,2106,1779,7.4563,19.8612
1028,34.267,1053,314,2107,1779,6.2056,18.8746
1029,34.300,1053,313,2107,1779,7.6256,19.8807
1030,34.333,1053,313,2107,1779,7.6934,20.5293
1031,34.367,1053,311,2106,1780,5.8344,16.5435
1032,34.400,1053,311,2106,1779,5.5055,17.1052
1033,34.433,1053,313,2105,1778,9.0122,18.5264
1034,34.467,1053,314,2105,1778,9.4205,18.7912
1035,34.500,1054,313,2105,1777,7.4625,15.7641
1036,34.533,1054,315,2104,1777,9.4943,20.5858
1037,34.567,1054,317,2104,1777,8.8131,18.8148
1038,34.600,1055,317,2104,1777,9.0027,19.0368
1039,34.633,1055,315,2104,1776,9.0352,20.0246
1040,34.667,1055,314,2104,1776,8.1905,17.4617
1041,34.700,1055,313,2103,1777,6.1143,17.3995
1042,34.733,1054,315,2103,1776,9.1951,19.9281
1043,34.767,1054,314,2102,1776,8.3662,18.2236
1044,34.800,1054,315,2101,1777,7.1805,17.7905
1045,34.833,1054,314,2101,1777,7.7423,17.6521
1046,34.867,1055,314,2101,1777,8.3978,17.8301
1047,34.900,1055,313,2101,1777,5.9191,19.0346
1048,34.933,1055,313,2101,1776,7.3113,18.7928
1049,34.967,1055,315,2101,1775,7.4103,18.2018
1050,35.000,1055,315,2101,1775,6.8635,18.3265
1051,35.033,1055,315,2101,1775,7.5835,18.8792
1052,35.067,1056,314,2102,1774,7.6500,18.7251
1053,35.100,1056,314,2100,1775,6.5613,18.2860
1054,35.133,1057,315,2100,1775,6.2443,16.7899
1055,35.167,1056,314,2100,1775,6.6948,18.2314
1056,35.200,1057,315,2100,1776,4.7906,16.7028
1057,35.233,1056,314,2099,1776,5.7129,18.0210
1058,35.267,1056,315,2099,1777,6.7150,17.8850
1059,35.300,1056,316,2100,1777,8.1711,19.0548
1060,35.333,1056,316,2100,1777,7.8024,18.7922
1061,35.367,1057,315,2100,1777,6.0052,17.5704
1062,35.400,1056,316,2101,1777,7.8293,19.8213
1063,35.433,1057,316,2101,1778,5.3587,19.8614
1064,35.467,1057,317,2101,1778,6.1622,21.2713
1065,35.500,1056,317,2101,1777,4.7897,21.0247
1066,35.533,1056,317,2101,1777,5.1186,21.1636
1067,35.567,1056,317,2101,1777,5.3713,21.5131
1068,35.600,1056,317,2102,1777,4.9604,20.5195
1069,35.633,1056,317,2102,1777,5.0394,20.9499
1070,35.667,1056,319,2106,1778,6.1721,20.3584
1071,35.700,1056,319,2106,1778,6.1274,20.6034
1072,35.733,1055,318,2106,1778,5.1805,19.6091
1073,35.767,1055,319,2106,1778,6.7669,22.4734
1074,35.800,1055,319,2106,1778,6.0902,21.8917
1075,35.833,1056,319,2106,1778,5.6081,20.5600
1076,35.867,1056,320,2106,1778,6.0497,21.7188
1077,35.900,1057,320,2106,1777,5.0187,21.7639
1078,35.933,1058,322,2105,1778,7.0445,20.2455
1079,35.967,1058,321,2105,1776,7.7962,21.1639
1080,36.000,1058,320,2105,1776,3.9933,19.5241
1081,36.033,1059,322,2105,1776,7.5844,20.0123
1082,36.067,1058,325,2105,1777,6.8093,21.3114
1083,36.100,1059,321,2103,1776,2.6173,17.8746
1084,36.133,1060,319,2104,1776,3.1496,18.3949
1085,36.167,1060,319,2104,1776,2.8460,18.1072
1086,36.200,1060,319,2103,1776,2.3578,18.0032
1087,36.233,1060,318,2104,1776,2.6852,17.8908
1088,36.267,1060,321,2103,1776,3.3297,17.8518
1089,36.300,1060,321,2103,1776,3.3948,18.1040
1090,36.333,1060,321,2103,1777,3.4674,17.2287
1091,36.367,1060,321,2103,1777,3.3135,17.5883
1092,36.400,1062,320,2103,1778,6.7447,18.9930
1093,36.433,1063,321,2103,1776,6.5147,18.6211
1094,36.467,1062,318,2100,1778,5.9286,17.8796
1095,36.500,1063,320,2100,1777,4.9884,17.2277
1096,36.533,1064,325,2098,1777,4.8008,18.4530
1097,36.567,1062,324,2099,1777,4.6920,16.8062
1098,36.600,1063,305,2102,1780,3.5239,16.0713
1099,36.633,1063,304,2103,1780,4.2912,15.9537
1100,36.667,1064,303,2103,1779,7.1897,18.7341
1101,36.700,1064,304,2103,1779,5.0175,16.1254
1102,36.733,1064,303,2101,1779,6.0176,18.3293
1103,36.767,1065,301,2102,1778,6.1062,17.0611
1104,36.800,1065,300,2103,1775,7.7987,17.8621
1105,36.833,1064,292,2101,1770,5.7687,19.6756
1106,36.867,1064,285,2098,1769,6.2513,20.0040
1107,36.900,1064,284,2099,1770,4.7794,20.0875
1108,36.933,1064,286,2100,1770,6.7949,19.8623
1109,36.967,1063,286,2100,1770,7.1570,20.4980
1110,37.000,1062,288,2100,1771,8.3279,21.6769
1111,37.033,1062,287,2101,1771,9.5595,21.8111
1112,37.067,1061,289,2101,1772,10.2293,19.1616
1113,37.100,1062,290,2101,1771,7.0734,19.0813
1114,37.133,1061,289,2101,1772,7.7473,18.4730
1115,37.167,1062,295,2105,1770,3.9312,21.9291
1116,37.200,1062,292,2105,1771,5.3604,23.4397
1117,37.233,1060,300,2106,1774,3.0836,22.1453
1118,37.267,1061,307,2105,1776,0.5738,18.0818
1119,37.300,1061,308,2104,1777,0.1987,19.4682
1120,37.333,1060,307,2104,1777,0.6391,18.5417
1121,37.367,1060,304,2105,1777,0.9534,18.3972
1122,37.400,1062,298,2106,1777,7.8738,23.1260
1123,37.433,1062,298,2104,1779,9.5507,22.8589
1124,37.467,1062,298,2103,1780,10.0714,22.9568
1125,37.500,1061,297,2101,1782,8.6098,23.3774
1126,37.533,1060,298,2098,1783,9.3875,21.9142
1127,37.567,1060,299,2099,1782,9.3885,23.0231
1128,37.600,1060,297,2100,1782,8.2312,20.9245
1129,37.633,1060,299,2100,1783,8.5401,22.6430
1130,37.667,1060,298,2101,1783,8.8204,23.0551
1131,37.700,1058,300,2098,1783,4.1430,22.3590
1132,37.733,1059,302,2100,1783,-1.7478,19.2695
1133,37.767,1059,305,2100,1783,-1.8681,20.3799
1134,37.800,1059,307,2100,1784,-1.3906,19.8988
1135,37.833,1059,309,2099,1783,-4.6663,19.9435
1136,37.867,1059,308,2099,1783,-3.4571,18.3850
1137,37.900,1059,309,2098,1782,-3.2494,18.4186
1138,37.933,1059,310,2097,1782,-5.1064,18.8550
1139,37.967,1060,312,2098,1781,-6.4959,18.8730
1140,38.000,1061,311,2097,1781,-5.6470,18.9272
1141,38.033,1061,315,2097,1780,-5.3736,18.4270
1142,38.067,1060,317,2099,1780,-3.7041,17.9053
1143,38.100,1061,309,2101,1782,3.4290,16.1994
1144,38.133,1061,309,2101,1782,3.9963,16.0192
1145,38.167,1061,308,2102,1782,7.5408,16.0496
1146,38.200,1062,307,2102,1781,8.0573,16.3342
1147,38.233,1061,308,2102,1781,10.1939,17.7351
1148,38.267,1058,310,2102,1781,11.0928,17.9018
1149,38.300,1062,302,2100,1770,11.8549,22.2777
1150,38.333,1055,312,2104,1764,12.4391,15.8044
1151,38.367,1051,313,2110,1765,12.5285,17.5390
1152,38.400,1049,309,2110,1768,13.5542,16.2976
1153,38.433,1046,300,2114,1769,15.0787,19.3120
1154,38.467,1048,299,2112,1769,15.4573,17.0072
1155,38.500,1050,294,2109,1770,1.3523,20.9768
1156,38.533,1052,303,2109,1771,3.8116,19.1104
1157,38.567,1052,310,2106,1771,1.1638,16.5988
1158,38.600,1053,305,2106,1770,2.4302,17.8094
1159,38.633,1054,303,2108,1770,0.7242,19.1704
1160,38.667,1056,302,2108,1770,-0.6102,18.7424
1161,38.700,1056,304,2109,1770,-1.8099,19.8134
1162,38.733,1057,306,2108,1770,-2.8073,19.6998
1163,38.767,1057,310,2109,1771,-3.5186,20.6745
1164,38.800,1056,310,2109,1770,-4.2941,20.1995
1165,38.833,1056,310,2110,1772,-4.6965,19.4539
1166,38.867,1055,308,2109,1771,-4.2374,19.5698
1167,38.900,1056,307,2110,1770,-4.8010,19.6760
1168,38.933,1058,309,2110,1770,-5.8256,18.3769
1169,38.967,1060,309,2109,1770,-8.5739,17.9193
1170,39.000,1059,307,2109,1769,-7.4518,16.9331
1171,39.033,1060,305,2109,1768,-8.5274,15.2260
1172,39.067,1060,306,2109,1768,-9.1375,15.5822
1173,39.100,1062,313,2111,1769,-10.5540,15.5198
1174,39.133,1063,314,2110,1770,-9.3876,16.0614
1175,39.167,1063,315,2111,1770,-9.9561,15.6825
1176,39.200,1063,315,2110,1769,-10.6338,16.1585
1177,39.233,1061,322,2110,1771,-7.4022,17.6311
1178,39.267,1060,309,2110,1772,5.9109,19.1653
1179,39.300,1059,309,2111,1773,4.5586,18.8490
1180,39.333,1060,308,2111,1773,5.6653,20.8284
1181,39.367,1059,309,2111,1772,5.1930,19.9589
1182,39.400,1060,309,2111,1773,6.0429,20.8446
1183,39.433,1060,308,2111,1771,10.3938,18.8202
1184,39.467,1063,311,2112,1771,10.5280,18.0052
1185,39.500,1064,311,2112,1771,10.7287,17.5370
1186,39.533,1065,312,2111,1772,11.5440,18.2288
1187,39.567,1064,310,2111,1772,10.8940,19.0481
1188,39.600,1064,309,2112,1773,11.2743,18.4907
1189,39.633,1064,309,2110,1772,11.8774,18.1942
1190,39.667,1063,309,2109,1770,14.1519,19.2823
1191,39.700,1062,308,2109,1770,13.2354,19.7130
1192,39.733,1062,307,2109,1771,11.2973,19.9420
1193,39.767,1063,305,2109,1770,13.2316,21.0449
1194,39.800,1063,304,2109,1771,12.6093,20.4940
1195,39.833,1063,304,2109,1771,12.9178,20.4844
1196,39.867,1063,302,2109,1771,11.0137,20.1310
1197,39.900,1063,303,2109,1771,13.2517,19.6244
1198,39.933,1062,303,2109,1769,12.2267,20.4138
1199,39.967,1063,302,2109,1769,14.3468,21.0694
1200,40.000,1063,301,2109,1770,13.3912,21.8409
1201,40.033,1063,298,2109,1769,12.0963,19.9960
1202,40.067,1063,296,2110,1769,12.9669,20.0375
1203,40.100,1060,296,2112,1770,13.5618,22.4406
1204,40.133,1061,296,2112,1771,11.2779,21.1849
1205,40.167,1060,294,2112,1772,8.6158,23.2426
1206,40.200,1061,287,2111,1772,6.4442,22.9963
1207,40.233,1062,295,2113,1769,7.1093,25.9364
1208,40.267,1062,296,2113,1769,4.2856,24.7793
1209,40.300,1062,296,2112,1769,7.0219,24.0068
1210,40.333,1063,299,2112,1767,5.5039,25.3389
1211,40.367,1057,311,2111,1769,0.4417,25.2392
1212,40.400,1058,310,2111,1769,5.1114,25.1437
1213,40.433,1058,317,2110,1772,4.5472,25.6367
1214,40.467,1059,311,2110,1773,3.7054,24.8667
1215,40.500,1059,311,2111,1774,4.1369,25.5115
1216,40.533,1059,310,2111,1774,4.2275,25.4624
1217,40.567,1060,307,2111,1776,3.0085,25.9837
1218,40.600,1061,305,2111,1778,2.3059,23.1711
1219,40.633,1061,307,2109,1778,1.6032,24.6574
1220,40.667,1061,305,2108,1778,3.5846,25.3263
1221,40.700,1060,303,2108,1778,1.6876,27.0158
1222,40.733,1060,305,2109,1780,3.7491,24.6715
1223,40.767,1060,305,2107,1779,3.3801,25.2647
1224,40.800,1060,307,2106,1779,3.5113,23.9915
1225,40.833,1059,303,2106,1780,2.1372,25.5678
1226,40.867,1059,303,2106,1779,2.2067,25.0641
1227,40.900,1059,303,2106,1779,1.7699,24.7795
1228,40.933,1059,303,2105,1779,3.1826,24.8209
1229,40.967,1058,301,2105,1779,2.8735,24.5254
1230,41.000,1059,302,2104,1778,0.5878,24.9920
1231,41.033,1058,313,2105,1777,-0.9761,21.6956
1232,41.067,1058,311,2106,1777,0.6432,18.7023
1233,41.100,1054,311,2104,1777,0.8562,19.5024
1234,41.133,1056,311,2104,1778,-0.2405,18.4046
1235,41.167,1056,313,2104,1779,-0.6663,19.2835
1236,41.200,1057,313,2105,1779,-0.4427,18.8581
1237,41.233,1057,312,2106,1780,-2.7561,18.4155
1238,41.267,1057,313,2107,1782,-1.0930,18.0463
1239,41.300,1057,314,2107,1782,-2.2776,18.0847
1240,41.333,1056,316,2107,1782,-2.0571,18.5333
1241,41.367,1056,315,2107,1781,-1.8951,19.4764
1242,41.400,1058,314,2106,1781,-1.3583,18.2251
1243,41.433,1059,312,2107,1780,-4.0186,15.1652
1244,41.467,1059,312,2106,1781,-3.1146,15.3552
1245,41.500,1059,312,2107,1779,-5.4331,16.0633
1246,41.533,1058,317,2107,1779,-3.8300,16.0687
1247,41.567,1058,317,2107,1780,-3.0866,16.6786
1248,41.600,1058,318,2107,1780,-2.3815,17.3806
1249,41.633,1059,317,2106,1780,0.9922,12.8375
1250,41.667,1061,320,2105,1782,0.0833,14.5444
1251,41.700,1061,321,2105,1782,0.9632,13.7064
1252,41.733,1061,317,2105,1780,8.5015,15.8134
1253,41.767,1056,320,2105,1779,16.7570,14.4353
1254,41.800,1055,325,2104,1780,15.4102,13.8965
1255,41.833,1055,324,2104,1779,15.6439,13.6607
1256,41.867,1054,324,2104,1779,17.0950,12.9065
1257,41.900,1053,326,2104,1778,14.0810,15.0249
1258,41.933,1053,326,2105,1778,14.4391,14.9579
1259,41.967,1053,326,2105,1778,14.7354,14.4865
1260,42.000,1053,325,2105,1778,15.5743,13.2439
1261,42.033,1054,326,2105,1778,15.4683,13.9425
1262,42.067,1053,326,2105,1778,16.0479,14.5064
1263,42.100,1055,322,2106,1779,14.7222,14.3586
1264,42.133,1055,322,2108,1778,14.2579,15.9026
1265,42.167,1056,321,2108,1779,13.1994,15.4063
1266,42.200,1056,323,2108,1779,11.9016,16.3594
1267,42.233,1056,321,2109,1780,11.4985,16.9427
1268,42.267,1056,324,2109,1781,11.6729,15.4993
1269,42.300,1057,323,2109,1781,12.5192,15.1235
1270,42.333,1057,325,2109,1782,11.8321,15.3101
1271,42.367,1056,326,2109,1782,11.2899,15.1609
1272,42.400,1055,327,2109,1784,14.3834,15.1171
1273,42.433,1056,327,2109,1784,13.3431,15.2635
1274,42.467,1055,327,2109,1785,12.9467,14.3241
1275,42.500,1054,329,2108,1784,12.2886,15.2000
1276,42.533,1055,329,2108,1784,12.7215,16.0961
1277,42.567,1053,321,2105,1778,15.9447,14.1331
1278,42.600,1052,322,2105,1778,16.1034,13.2078
1279,42.633,1051,318,2104,1773,15.2211,14.1116
1280,42.667,1051,318,2104,1775,16.7720,14.6560
1281,42.700,1051,316,2105,1774,14.7033,13.3248
1282,42.733,1053,309,2105,1769,17.9263,14.1634
1283,42.767,1052,312,2112,1773,16.3879,13.5569
1284,42.800,1051,310,2111,1774,18.7573,13.8452
1285,42.833,1051,308,2109,1774,15.8925,16.4930
1286,42.867,1053,303,2108,1776,2.3395,16.1177
1287,42.900,1053,304,2108,1777,4.6987,15.9825
1288,42.933,1060,299,2108,1777,-0.0900,17.5261
1289,42.967,1064,308,2103,1780,-2.0868,15.5863
1290,43.000,1065,308,2104,1779,2.7285,18.0011
1291,43.033,1062,315,2105,1781,-2.3012,17.7941
1292,43.067,1064,314,2103,1782,-0.4306,18.8482
1293,43.100,1065,316,2103,1785,-3.5775,19.8964
1294,43.133,1066,314,2102,1783,-4.0899,20.4367
1295,43.167,1065,309,2102,1784,-5.0986,18.5586
1296,43.200,1065,314,2102,1784,-5.3954,21.8031
1297,43.233,1065,312,2101,1783,-3.8998,20.0767
1298,43.267,1064,307,2103,1781,0.5300,21.6776
1299,43.300,1065,305,2105,1782,1.6124,20.4150
1300,43.333,1066,300,2106,1781,6.5159,19.5226
1301,43.367,1068,301,2106,1782,8.7440,19.4377
1302,43.400,1067,300,2107,1782,9.6767,19.8966
1303,43.433,1066,297,2109,1782,8.9449,20.4122
1304,43.467,1065,297,2110,1783,8.1027,20.6525
1305,43.500,1066,293,2111,1782,8.3950,20.4883
1306,43.533,1067,301,2108,1783,10.5371,17.4827
1307,43.567,1068,304,2109,1782,5.6105,16.7430
1308,43.600,1068,306,2109,1783,6.2098,18.0415
1309,43.633,1068,307,2108,1782,6.9944,18.1224
1310,43.667,1068,308,2109,1781,5.7920,18.0926
1311,43.700,1067,311,2108,1779,7.4134,15.7486
1312,43.733,1067,310,2109,1779,7.2288,15.5475
1313,43.767,1068,310,2109,1777,5.8873,16.0883
1314,43.800,1067,311,2109,1778,7.7046,14.7472
1315,43.833,1068,312,2109,1777,9.9587,14.9727
1316,43.867,1068,306,2109,1778,7.3756,15.9000
1317,43.900,1067,306,2109,1778,8.1712,16.2104
1318,43.933,1068,302,2109,1778,7.9000,19.7869
1319,43.967,1068,302,2109,1778,7.7669,18.9368
1320,44.000,1068,299,2109,1779,6.9746,18.3090
1321,44.033,1067,299,2109,1779,8.0659,19.2457
1322,44.067,1067,298,2109,1779,7.6657,17.9247
1323,44.100,1064,310,2108,1780,0.7856,17.6253
1324,44.133,1063,312,2108,1779,-10.7679,19.4912
1325,44.167,1063,311,2108,1780,-9.8190,19.5173
1326,44.200,1062,310,2108,1779,-7.3080,22.3840
1327,44.233,1063,311,2108,1780,-9.8353,22.5311
1328,44.267,1062,310,2109,1779,-10.2964,22.4020
1329,44.300,1063,308,2109,1779,-8.7512,23.5004
1330,44.333,1063,307,2108,1779,-8.4439,23.1847
1331,44.367,1062,309,2109,1779,-8.4543,23.6050
1332,44.400,1061,308,2109,1779,-6.8490,23.3576
1333,44.433,1060,311,2107,1780,-8.1423,22.3961
1334,44.467,1061,311,2108,1779,-7.5291,22.6766
1335,44.500,1060,310,2108,1780,-6.6027,23.3670
1336,44.533,1060,311,2108,1780,-7.8829,21.6428
1337,44.567,1060,310,2109,1781,-6.9221,23.6955
1338,44.600,1060,311,2108,1780,-6.0837,21.1395
1339,44.633,1063,304,2107,1780,-2.9486,14.2311
1340,44.667,1063,304,2107,1778,-2.7404,14.7318
1341,44.700,1063,305,2106,1778,-2.0684,14.4284
1342,44.733,1063,306,2107,1778,-2.8442,15.5823
1343,44.767,1062,307,2107,1778,-4.2695,14.3333
1344,44.800,1062,308,2108,1777,-3.0951,15.0531
1345,44.833,1061,307,2108,1778,-4.1503,14.8102
1346,44.867,1062,309,2108,1777,-4.0574,16.1191
1347,44.900,1060,313,2109,1777,-8.2592,16.7514
1348,44.933,1061,312,2109,1776,-6.8920,15.8904
1349,44.967,1061,310,2110,1776,-7.5639,15.3523
1350,45.000,1059,310,2110,1776,-9.6073,14.9596
1351,45.033,1059,311,2111,1777,-7.8400,14.8960
1352,45.067,1060,308,2112,1778,-9.3162,13.6641
1353,45.100,1060,308,2112,1777,-12.2126,14.8749
1354,45.133,1060,308,2112,1777,-11.1506,15.4028
1355,45.167,1060,308,2112,1777,-10.6601,15.2235
1356,45.200,1060,308,2112,1777,-10.3767,15.3471
1357,45.233,1060,308,2112,1777,-9.7328,16.5908
1358,45.267,1060,307,2112,1777,-9.4629,16.2438
1359,45.300,1059,308,2112,1777,-10.7840,15.1754
1360,45.333,1060,308,2112,1777,-10.0091,17.9426
1361,45.367,1060,311,2112,1778,-8.8070,17.4585
1362,45.400,1060,313,2113,1777,-9.6576,16.4057
1363,45.433,1060,312,2113,1777,-8.9186,17.9894
1364,45.467,1060,312,2113,1777,-9.0401,18.2500
1365,45.500,1060,313,2113,1779,-9.6598,17.5311
1366,45.533,1060,311,2113,1779,-8.8007,18.9761
1367,45.567,1060,311,2113,1779,-9.0501,18.6074
1368,45.600,1060,311,2113,1779,-8.7480,18.8967
1369,45.633,1060,311,2113,1779,-9.2399,18.5349
1370,45.667,1060,310,2113,1778,-9.5181,18.3044
1371,45.700,1060,310,2112,1778,-11.0972,17.7894
1372,45.733,1061,308,2113,1778,-9.8154,15.2850
1373,45.767,1060,309,2113,1778,-7.8330,17.2489
1374,45.800,1060,309,2113,1778,-8.3112,17.0490
1375,45.833,1060,309,2113,1778,-8.2022,17.3608
1376,45.867,1059,311,2113,1778,-10.4486,17.9746
1377,45.900,1058,309,2113,1778,-9.4612,18.6163
1378,45.933,1058,310,2115,1779,-9.0629,23.7907
1379,45.967,1059,311,2116,1780,-9.3968,22.8523
1380,46.000,1059,310,2117,1781,-7.6139,24.0155
1381,46.033,1059,308,2117,1781,-9.5582,23.2072
1382,46.067,1058,306,2116,1782,-8.9727,23.9864
1383,46.100,1057,305,2114,1782,-7.3802,24.1494
1384,46.133,1056,306,2113,1782,-6.9271,23.0230
1385,46.167,1055,307,2112,1781,-7.5220,23.4029
1386,46.200,1056,306,2112,1781,-5.9627,24.1844
1387,46.233,1057,306,2112,1782,-6.2616,24.5124
1388,46.267,1058,307,2113,1781,-7.0506,26.2728
1389,46.300,1059,307,2113,1781,-7.7966,26.0146
1390,46.333,1059,307,2113,1781,-7.7153,26.1917
1391,46.367,1060,307,2113,1781,-6.3554,23.5441
1392,46.400,1060,305,2114,1780,-6.2765,24.7277
1393,46.433,1059,305,2114,1780,-5.4914,25.3896
1394,46.467,1060,303,2114,1780,-10.4121,24.5046
1395,46.500,1059,304,2115,1780,-7.9484,24.7399
1396,46.533,1059,302,2114,1780,-9.8266,24.7719
1397,46.567,1059,303,2114,1779,-4.1679,22.3077
1398,46.600,1059,302,2114,1779,-6.1079,23.4291
1399,46.633,1063,298,2114,1779,1.7215,19.6634
1400,46.667,1063,297,2114,1779,0.9741,19.1072
1401,46.700,1063,297,2113,1778,1.3409,20.4889
1402,46.733,1062,296,2113,1777,3.8118,22.6905
1403,46.767,1062,297,2112,1777,7.7938,19.7357
1404,46.800,1062,296,2111,1777,9.8787,20.4207
1405,46.833,1064,294,2111,1775,8.6435,17.7119
1406,46.867,1062,296,2111,1775,11.0315,17.6848
1407,46.900,1062,300,2110,1776,11.4075,15.5330
1408,46.933,1061,299,2111,1776,13.2619,16.6290
1409,46.967,1060,300,2111,1776,9.7182,15.5222
1410,47.000,1060,300,2111,1777,10.2103,15.8086
1411,47.033,1060,301,2111,1775,11.9692,15.7754
1412,47.067,1060,301,2111,1776,10.2777,15.5237
1413,47.100,1062,304,2109,1776,12.7775,12.6843
1414,47.133,1062,302,2108,1775,16.4421,14.9370
1415,47.167,1061,301,2108,1774,17.6239,14.4028
1416,47.200,1061,302,2109,1773,17.0228,14.5178
1417,47.233,1061,303,2109,1773,17.0780,15.4607
1418,47.267,1061,302,2109,1773,17.4259,15.3903
1419,47.300,1062,300,2109,1773,18.3789,14.2956
1420,47.333,1061,301,2110,1773,17.6424,15.7962
1421,47.367,1061,300,2111,1774,15.9321,15.9704
1422,47.400,1062,301,2111,1774,15.7999,16.1839
1423,47.433,1063,301,2111,1774,14.7539,16.3992
1424,47.467,1063,302,2111,1774,16.4701,15.7495
1425,47.500,1064,303,2111,1774,16.4835,15.9218
1426,47.533,1063,301,2113,1774,13.6077,18.1029
1427,47.567,1063,301,2112,1774,13.1707,17.6096
1428,47.600,1064,308,2113,1776,4.2538,17.9404
1429,47.633,1062,307,2113,1777,4.0694,19.1312
1430,47.667,1063,305,2112,1777,6.6551,20.2561
1431,47.700,1063,303,2112,1777,4.3712,18.5530
1432,47.733,1063,305,2111,1778,6.1901,19.8144
1433,47.767,1063,305,2112,1778,6.4134,18.8164
1434,47.800,1063,306,2113,1779,7.4880,20.3670
1435,47.833,1062,305,2113,1778,5.8117,20.5791
1436,47.867,1062,305,2114,1779,4.3510,17.9844
1437,47.900,1062,308,2113,1779,4.6426,19.3237
1438,47.933,1063,307,2113,1779,6.5253,20.0993
1439,47.967,1063,307,2113,1778,4.4310,18.9950
1440,48.000,1063,307,2113,1779,6.4315,19.9320
1441,48.033,1062,308,2113,1779,3.2164,19.4318
1442,48.067,1062,308,2113,1778,3.9233,19.8171
1443,48.100,1061,313,2111,1781,3.3708,19.6774
1444,48.133,1059,318,2111,1781,-1.0590,19.4174
1445,48.167,1060,318,2111,1782,-1.7838,20.7971
1446,48.200,1060,317,2111,1782,-2.1911,18.5361
1447,48.233,1060,319,2110,1783,-3.2337,19.0446
1448,48.267,1061,316,2110,1784,-0.0647,18.5721
1449,48.300,1060,316,2110,1783,-0.4951,18.2309
1450,48.333,1059,306,2108,1775,-10.9290,19.0325
1451,48.367,1059,296,2107,1770,-6.9668,20.9257
1452,48.400,1061,293,2108,1770,-8.0850,21.8015
1453,48.433,1059,301,2111,1776,-8.8459,21.6392
1454,48.467,1060,306,2113,1780,-10.9681,21.5051
1455,48.500,1060,309,2113,1780,-9.0271,19.4392
1456,48.533,1059,311,2114,1781,-9.5826,18.9725
1457,48.567,1059,312,2113,1782,-7.9878,18.9608
1458,48.600,1059,318,2113,1783,-6.4085,23.3290
1459,48.633,1059,319,2113,1783,-7.3196,21.4176
1460,48.667,1058,321,2113,1783,-8.7139,20.6903
1461,48.700,1058,320,2113,1783,-8.1509,21.4679
1462,48.733,1059,321,2113,1784,-7.5283,22.3833
1463,48.767,1059,322,2113,1784,-7.2731,21.8035
1464,48.800,1060,321,2113,1785,-7.1420,22.7590
1465,48.833,1059,319,2113,1785,-4.7043,21.4514
1466,48.867,1060,319,2112,1785,-4.9872,22.0240
1467,48.900,1060,317,2112,1784,-5.5851,21.6113
1468,48.933,1061,316,2113,1783,-7.1878,21.7555
1469,48.967,1060,316,2112,1782,-5.7140,21.7473
1470,49.000,1061,316,2113,1783,-6.9334,21.4472
1471,49.033,1060,316,2113,1783,-7.6196,21.3850
1472,49.067,1061,314,2113,1782,-6.5876,22.0559
1473,49.100,1061,315,2113,1782,-6.1742,21.1210
1474,49.133,1061,310,2110,1779,-2.0879,26.3652
1475,49.167,1061,308,2110,1780,0.6189,26.3419
1476,49.200,1062,308,2109,1780,0.1897,26.9969
1477,49.233,1062,309,2110,1780,0.4598,26.1901
1478,49.267,1063,309,2109,1780,0.9448,26.8261
1479,49.300,1064,309,2109,1780,1.1307,26.2511
1480,49.333,1064,309,2109,1781,0.0177,26.3128
1481,49.367,1063,310,2109,1781,-0.3664,27.0664
1482,49.400,1064,311,2108,1781,0.3055,26.3302
1483,49.433,1063,311,2108,1781,0.1950,27.2822
1484,49.467,1064,301,2109,1781,9.5618,20.5688
1485,49.500,1062,302,2109,1780,9.3454,20.5145
1486,49.533,1062,305,2108,1778,10.8778,16.9480
1487,49.567,1063,303,2108,1778,10.5543,16.3622
1488,49.600,1063,301,2108,1778,10.8492,17.1731
1489,49.633,1061,299,2108,1776,15.2034,16.5420
1490,49.667,1061,300,2108,1776,16.1228,17.6803
1491,49.700,1061,300,2108,1775,14.6700,17.1419
1492,49.733,1060,299,2109,1775,15.7262,17.1623
1493,49.767,1060,299,2108,1775,17.7605,16.2144
1494,49.800,1061,298,2107,1775,16.7329,15.1719
1495,49.833,1061,298,2107,1775,16.7226,14.9518
1496,49.867,1061,298,2107,1775,17.3853,14.2440
1497,49.900,1061,299,2107,1775,16.7716,15.2568
1498,49.933,1062,300,2107,1775,16.6139,17.3649
1499,49.967,1062,302,2107,1775,17.7657,15.6480
1500,50.000,1062,302,2107,1775,17.7693,16.0049
1501,50.033,1062,304,2107,1776,18.3861,16.8512
1502,50.067,1061,302,2107,1776,17.2804,15.9714
1503,50.100,1064,301,2107,1778,14.3101,17.7150
1504,50.133,1063,301,2108,1777,13.5082,17.0360
1505,50.167,1062,300,2107,1776,16.1638,17.8562
1506,50.200,1063,302,2107,1776,15.6837,16.4728
1507,50.233,1064,301,2107,1776,12.8384,18.5243
1508,50.267,1063,301,2107,1776,14.4514,17.5711
1509,50.300,1063,301,2108,1776,15.7636,16.8325
1510,50.333,1062,302,2108,1775,19.5588,15.3857
1511,50.367,1063,301,2108,1775,18.9538,16.4789
1512,50.400,1063,298,2108,1774,20.3695,16.3311
1513,50.433,1062,298,2108,1774,20.8722,15.3032
1514,50.467,1062,298,2108,1774,19.8620,15.4275
1515,50.500,1062,301,2109,1773,19.4965,16.1135
1516,50.533,1063,302,2109,1771,21.0795,15.8443
1517,50.567,1062,302,2110,1771,20.3477,15.9733
1518,50.600,1063,302,2110,1771,22.0463,16.4598
1519,50.633,1064,301,2110,1770,17.7692,15.6304
1520,50.667,1063,301,2109,1770,19.0173,15.8281
1521,50.700,1063,302,2109,1770,21.4174,15.5041
1522,50.733,1064,302,2109,1771,18.7608,15.0536
1523,50.767,1063,302,2109,1771,20.0920,14.4279
1524,50.800,1067,304,2108,1772,10.0753,15.4309
1525,50.833,1065,306,2109,1773,-4.6133,12.8271
1526,50.867,1065,301,2109,1772,-0.7043,14.0560
1527,50.900,1064,305,2107,1770,-10.9243,14.1225
1528,50.933,1064,306,2110,1771,-9.8476,14.3664
1529,50.967,1064,306,2109,1772,-9.0638,15.3792
1530,51.000,1064,308,2109,1772,-9.6826,13.7787
1531,51.033,1062,311,2109,1773,-10.4369,13.2498
1532,51.067,1063,310,2109,1773,-10.2034,12.8466
1533,51.100,1060,311,2111,1777,-5.7906,15.3693
1534,51.133,1060,311,2110,1778,-6.9866,14.6190
1535,51.167,1060,312,2110,1778,-7.0437,14.5269
1536,51.200,1060,312,2110,1778,-6.9920,14.6648
1537,51.233,1061,311,2111,1778,-8.2330,14.6016
1538,51.267,1060,312,2110,1778,-7.4718,13.9537
1539,51.300,1060,313,2110,1778,-7.2997,13.9800
1540,51.333,1062,309,2110,1777,2.2298,14.0569
1541,51.367,1062,309,2110,1776,3.2731,12.8808
1542,51.400,1062,301,2111,1776,14.0965,16.2859
1543,51.433,1062,300,2112,1776,15.2538,15.8306
1544,51.467,1061,300,2112,1777,16.0303,15.5732
1545,51.500,1061,300,2112,1776,17.7581,15.1230
1546,51.533,1061,302,2111,1776,20.3997,16.0769
1547,51.567,1062,301,2110,1774,19.4263,16.4208
1548,51.600,1061,302,2111,1775,18.8523,17.8222
1549,51.633,1062,303,2111,1775,17.3942,16.1283
1550,51.667,1062,300,2111,1776,18.5352,17.2576
1551,51.700,1061,298,2111,1777,19.0077,18.5994
1552,51.733,1060,309,2110,1776,3.3980,14.5396
1553,51.767,1057,309,2111,1775,-7.4261,13.9509
1554,51.800,1055,309,2112,1777,-7.3228,15.3103
1555,51.833,1053,309,2113,1780,-7.2174,17.0252
1556,51.867,1051,309,2114,1782,-4.4101,17.2340
1557,51.900,1049,310,2116,1785,-7.7436,15.3891
1558,51.933,1049,308,2116,1784,-7.3483,16.8092
1559,51.967,1048,305,2116,1783,-6.4852,15.9935
1560,52.000,1020,324,2085,1854,10.9707,14.4307
1561,52.033,1019,322,2087,1849,11.8328,16.1959
1562,52.067,1020,320,2088,1848,12.1962,14.9632
1563,52.100,1024,321,2090,1850,11.6781,16.6808
1564,52.133,1027,323,2092,1854,9.4577,16.7490
1565,52.167,1026,322,2093,1852,10.9385,16.0965
1566,52.200,1026,321,2093,1852,10.6440,16.5438
1567,52.233,1024,321,2094,1851,10.0946,18.2959
1568,52.267,1025,318,2092,1850,9.0318,18.8519
1569,52.300,1026,317,2090,1854,9.8723,15.3731
1570,52.333,1026,311,2089,1861,10.8149,16.7524
1571,52.367,1027,313,2090,1861,7.2875,15.7850
1572,52.400,1031,317,2088,1864,6.7899,15.1920
1573,52.433,1031,317,2088,1864,7.0825,15.2087
1574,52.467,1031,317,2088,1864,7.0791,15.2031
1575,52.500,1031,317,2088,1864,7.1098,15.2124
1576,52.533,1031,317,2088,1864,6.9142,15.2705
1577,52.567,1023,314,2088,1862,8.8046,15.4685
1578,52.600,1018,316,2092,1864,6.6569,15.7498
1579,52.633,1019,318,2090,1863,6.9264,15.0555
1580,52.667,1019,318,2090,1862,6.8939,15.4748
1581,52.700,1018,318,2090,1862,6.2841,15.6606
1582,52.733,1018,319,2089,1860,6.6922,15.2987
1583,52.767,1017,319,2088,1859,5.6680,15.1284
1584,52.800,1017,320,2088,1858,4.9512,13.7249
1585,52.833,1017,313,2087,1855,0.7009,18.1624
1586,52.867,1019,314,2086,1854,3.6920,19.2922
1587,52.900,1017,314,2088,1855,3.0300,17.8113
1588,52.933,1019,313,2088,1856,1.0896,17.3547
1589,52.967,1019,315,2088,1857,2.5499,16.7867
1590,53.000,1020,316,2088,1857,1.9794,16.6707
1591,53.033,1020,318,2087,1859,5.0202,15.4987
1592,53.067,1021,319,2087,1859,4.0022,15.4258
1593,53.100,1018,322,2088,1859,7.7488,15.2541
1594,53.133,1018,322,2088,1858,10.2970,15.9877
1595,53.167,1020,321,2090,1857,9.5759,14.4676
1596,53.200,1020,322,2089,1856,10.0925,14.6397
1597,53.233,1025,326,2088,1857,8.8810,13.7977
1598,53.267,1026,329,2086,1857,7.4967,15.9633
1599,53.300,1027,327,2087,1857,7.1756,14.6038
1600,53.333,1028,328,2087,1859,5.7265,13.7241
1601,53.367,1030,328,2087,1861,3.6638,16.2134
1602,53.400,1031,326,2084,1864,6.0533,15.9751
1603,53.433,1031,326,2085,1863,3.2655,17.0467
1604,53.467,1031,326,2085,1863,3.0550,16.9807
1605,53.500,1028,321,2085,1864,5.8963,14.7141
1606,53.533,1025,318,2086,1864,5.5872,14.0968
1607,53.567,1025,317,2086,1864,6.1180,14.3733
1608,53.600,1025,315,2086,1864,6.4917,15.3347
1609,53.633,1025,313,2085,1864,6.6465,17.5389
1610,53.667,1025,314,2086,1864,7.0719,15.5950
1611,53.700,1025,314,2085,1864,7.0958,16.7740
1612,53.733,1025,315,2086,1863,7.3529,14.1708
1613,53.767,1025,318,2086,1863,5.9618,14.1548
1614,53.800,1025,319,2087,1863,6.3645,14.3084
1615,53.833,1025,318,2088,1863,6.1720,14.6190
1616,53.867,1025,318,2088,1863,6.1167,14.6903
1617,53.900,1026,319,2088,1863,4.7943,13.9861
1618,53.933,1025,320,2087,1863,4.6077,15.4713
1619,53.967,1025,320,2089,1863,5.0719,15.5500
1620,54.000,1025,318,2090,1863,5.3177,13.4951
1621,54.033,1026,316,2091,1863,6.8574,14.3021
1622,54.067,1027,313,2091,1863,5.2015,15.0007
1623,54.100,1026,314,2089,1862,5.5792,17.1542
1624,54.133,1027,315,2090,1862,5.0422,16.1056
1625,54.167,1026,313,2090,1862,-3.5427,19.1664
1626,54.200,1026,314,2089,1862,-2.1330,19.5298
1627,54.233,1027,320,2094,1863,-12.7834,22.4622
1628,54.267,1026,320,2094,1863,-13.2544,23.2731
1629,54.300,1026,321,2094,1863,-11.3875,20.8561
1630,54.333,1025,320,2093,1862,-13.5772,22.6093
1631,54.367,1025,320,2092,1862,-11.7546,22.6605
1632,54.400,1024,321,2092,1861,-13.0555,22.1358
1633,54.433,1023,320,2091,1861,-12.0060,23.4023
1634,54.467,1024,318,2091,1862,-10.8490,20.8172
1635,54.500,1024,320,2091,1862,-10.6948,23.4156
1636,54.533,1025,320,2092,1862,-10.1562,23.3730
1637,54.567,1025,319,2092,1862,-8.9205,22.6101
1638,54.600,1025,320,2093,1862,-11.2744,22.9789
1639,54.633,1025,319,2093,1862,-8.2704,21.2965
1640,54.667,1024,320,2093,1861,-11.0167,21.4593
1641,54.700,1024,319,2093,1861,-11.6030,23.2578
1642,54.733,1024,320,2092,1861,-12.2735,23.4267
1643,54.767,1024,319,2092,1861,-11.6703,24.2412
1644,54.800,1024,320,2091,1861,-7.5884,23.5641
1645,54.833,1025,320,2091,1861,-8.2034,23.1858
1646,54.867,1024,321,2090,1861,-8.2769,23.5084
1647,54.900,1025,322,2089,1862,-10.2969,23.1689
1648,54.933,1025,321,2090,1861,-7.8426,23.5570
1649,54.967,1025,320,2090,1861,-10.4203,21.8403
1650,55.000,1025,319,2090,1861,-11.6071,22.1065
1651,55.033,1026,320,2090,1861,-12.0167,22.8449
1652,55.067,1026,320,2089,1861,-12.4772,21.1259
1653,55.100,1027,319,2089,1860,-8.1712,22.4603
1654,55.133,1026,318,2089,1860,-8.5124,22.8647
1655,55.167,1027,319,2089,1861,-11.7883,21.9017
1656,55.200,1026,319,2088,1860,-10.4647,22.8210
1657,55.233,1026,320,2088,1861,-10.5228,20.7645
1658,55.267,1026,321,2087,1862,-9.5435,21.9057
1659,55.300,1028,321,2088,1862,-9.3440,21.1095
1660,55.333,1028,320,2087,1861,-9.0006,22.3057
1661,55.367,1029,319,2088,1862,-10.5762,23.3687
1662,55.400,1030,319,2088,1862,-10.3551,21.5206
1663,55.433,1030,320,2089,1861,-11.5132,23.1427
1664,55.467,1030,322,2089,1861,-9.2586,23.1237
1665,55.500,1030,323,2089,1861,-11.0190,22.8331
1666,55.533,1029,322,2089,1861,-11.2249,23.0552
1667,55.567,1029,323,2089,1861,-12.0092,22.2132
1668,55.600,1029,322,2089,1861,-11.7614,23.2406
1669,55.633,1029,322,2089,1861,-12.5106,22.7458
1670,55.667,1029,322,2089,1861,-12.0061,22.7791
1671,55.700,1030,320,2090,1861,-10.0334,21.7379
1672,55.733,1031,319,2091,1862,-10.8095,22.3827
1673,55.767,1032,319,2090,1862,-10.6483,22.0231
1674,55.800,1031,321,2090,1861,-11.0060,21.3278
1675,55.833,1030,322,2092,1860,-10.2705,22.4962
1676,55.867,1029,322,2092,1860,-10.1641,21.8654
1677,55.900,1029,326,2092,1858,-11.4140,22.6485
1678,55.933,1028,326,2091,1858,-9.9420,22.6033
1679,55.967,1028,326,2090,1858,-7.8910,20.5690
1680,56.000,1028,326,2090,1858,-8.2754,21.1907
1681,56.033,1028,326,2090,1858,-9.9708,21.7591
1682,56.067,1028,325,2091,1858,-10.8092,21.4405
1683,56.100,1028,324,2090,1858,-9.8328,19.5504
1684,56.133,1027,324,2090,1858,-10.8472,19.9004
1685,56.167,1027,323,2090,1858,-9.3045,20.1074
1686,56.200,1029,325,2090,1859,-9.4764,20.1555
1687,56.233,1029,325,2090,1859,-9.7996,20.9643
1688,56.267,1029,326,2090,1859,-9.3653,20.9665
1689,56.300,1029,326,2090,1858,-9.5276,20.1939
1690,56.333,1029,326,2091,1858,-9.6258,21.4561
1691,56.367,1029,326,2091,1858,-9.7492,21.4227
1692,56.400,1028,331,2091,1851,-9.4222,22.0175
1693,56.433,1028,331,2091,1851,-8.9797,21.7162
1694,56.467,1028,332,2091,1851,-9.4434,21.4431
1695,56.500,1028,332,2092,1851,-8.7940,20.7935
1696,56.533,1027,330,2092,1851,-7.7929,20.0397
1697,56.567,1027,330,2092,1851,-7.6271,19.9762
1698,56.600,1027,330,2092,1851,-7.7014,20.3923
1699,56.633,1026,331,2093,1851,-8.1951,20.4594
1700,56.667,1026,331,2093,1851,-8.6063,20.4245
1701,56.700,1025,332,2093,1851,-9.9288,20.4743
1702,56.733,1025,332,2093,1851,-9.9583,20.0415
1703,56.767,1023,330,2093,1851,-10.8008,21.6440
1704,56.800,1023,328,2093,1851,-10.5850,20.3581
1705,56.833,1023,329,2093,1852,-10.7859,20.7816
1706,56.867,1024,328,2093,1852,-10.0321,21.7472
1707,56.900,1023,329,2094,1852,-10.5851,20.3207
1708,56.933,1023,329,2095,1853,-10.4106,21.9377
1709,56.967,1024,328,2095,1853,-10.7822,21.6006
1710,57.000,1023,327,2095,1853,-11.2159,20.7551
1711,57.033,1023,327,2094,1853,-10.6924,22.1725
1712,57.067,1023,327,2094,1853,-10.6346,22.8830
1713,57.100,1026,329,2092,1855,-10.9008,19.8165
1714,57.133,1027,329,2092,1855,-10.1791,19.5412
1715,57.167,1026,328,2092,1855,-10.8528,19.6581
1716,57.200,1026,328,2092,1855,-11.1752,20.2428
1717,57.233,1027,329,2091,1856,-11.0857,21.7916
1718,57.267,1026,328,2091,1855,-9.5577,21.8464
1719,57.300,1025,327,2091,1856,-10.4593,23.1493
1720,57.333,1026,327,2091,1858,-11.6017,21.5631
1721,57.367,1024,326,2089,1857,-12.9601,21.6564
1722,57.400,1024,329,2091,1858,-12.4785,20.6277
1723,57.433,1024,326,2089,1857,-10.9555,19.0305
1724,57.467,1022,327,2087,1856,-11.7205,17.9414
1725,57.500,1023,328,2088,1856,-12.7750,17.4232
1726,57.533,1023,329,2088,1857,-13.5070,16.7338
1727,57.567,1023,329,2088,1857,-13.6302,16.2768
1728,57.600,1023,330,2088,1857,-13.8974,15.9520
1729,57.633,1022,330,2089,1858,-14.4480,15.4504
1730,57.667,1022,330,2089,1858,-14.6296,14.4339
1731,57.700,1023,330,2089,1858,-13.7407,14.3471
1732,57.733,1023,332,2091,1859,-15.6720,15.1067
1733,57.767,1023,332,2091,1859,-16.0528,15.2399
1734,57.800,1024,332,2091,1859,-15.5344,15.2532
1735,57.833,1024,332,2091,1858,-16.0920,17.0607
1736,57.867,1023,332,2091,1858,-14.8299,16.9831
1737,57.900,1023,333,2092,1858,-12.7846,16.4367
1738,57.933,1023,332,2093,1858,-13.8287,18.0139
1739,57.967,1023,332,2092,1858,-13.3844,17.8962
1740,58.000,1023,331,2092,1858,-13.4660,18.3911
1741,58.033,1022,331,2092,1857,-12.8735,18.4181
1742,58.067,1022,329,2093,1858,-14.7532,17.9093
1743,58.100,1023,331,2094,1857,-12.2427,18.6547
1744,58.133,1023,332,2094,1858,-14.3200,18.5897
1745,58.167,1023,331,2094,1858,-12.6575,17.9510
1746,58.200,1024,331,2094,1859,-12.1714,17.6549
1747,58.233,1024,330,2094,1860,-13.4191,18.1736
1748,58.267,1024,329,2094,1860,-13.6284,15.8741
1749,58.300,1025,328,2095,1860,-13.9284,15.5629
1750,58.333,1025,328,2095,1859,-13.2359,15.8345
1751,58.367,1025,328,2095,1859,-14.7295,15.4865
1752,58.400,1025,328,2094,1858,-14.2451,16.4297
1753,58.433,1025,327,2095,1859,-13.3297,16.2166
1754,58.467,1026,328,2095,1859,-12.7120,15.7071
1755,58.500,1025,328,2095,1859,-13.2551,16.0327
1756,58.533,1025,329,2094,1859,-13.2461,14.8188
1757,58.567,1025,329,2094,1859,-13.5705,15.2533
1758,58.600,1024,329,2093,1859,-12.9908,15.5393
1759,58.633,1023,328,2094,1859,-13.1622,16.8167
1760,58.667,1023,327,2094,1859,-13.6064,16.4936
1761,58.700,1023,327,2094,1859,-13.7218,16.7623
1762,58.733,1023,327,2094,1859,-14.4615,16.9259
1763,58.767,1022,327,2094,1860,-13.6692,17.9362
1764,58.800,1023,327,2094,1860,-13.2751,16.6785
1765,58.833,1023,328,2093,1860,-13.8585,16.8993
1766,58.867,1023,327,2094,1859,-13.9027,18.0801
1767,58.900,1023,328,2093,1859,-14.8739,17.0858
1768,58.933,1023,329,2093,1860,-13.8379,16.9784
1769,58.967,1023,329,2093,1860,-14.1882,16.9279
1770,59.000,1023,329,2093,1860,-14.0951,16.8899
1771,59.033,1023,328,2092,1860,-14.3290,17.5809
1772,59.067,1022,328,2092,1860,-15.0035,16.7461
1773,59.100,1024,326,2092,1860,-11.9294,16.8282
1774,59.133,1024,327,2093,1860,-13.0338,17.1709
1775,59.167,1024,328,2093,1861,-12.4327,17.2765
1776,59.200,1025,328,2093,1860,-12.5960,18.1987
1777,59.233,1025,327,2093,1861,-12.4377,17.8617
1778,59.267,1023,329,2092,1861,-12.7044,16.6751
1779,59.300,1022,330,2092,1860,-8.3654,16.2636
1780,59.333,1022,329,2091,1860,-12.1354,15.8048
1781,59.367,1021,328,2092,1860,-11.2273,15.6305
1782,59.400,1022,329,2092,1860,-11.7327,15.8743
1783,59.433,1022,329,2092,1860,-11.9094,15.7396
1784,59.467,1022,329,2092,1860,-11.9328,15.6278
1785,59.500,1022,329,2092,1860,-11.6353,15.7863
1786,59.533,1022,330,2092,1860,-10.1691,15.8620
1787,59.567,1022,330,2091,1860,-11.2578,15.9784
1788,59.600,1022,329,2091,1860,-12.2807,16.1661
1789,59.633,1022,330,2092,1860,-10.1341,16.1898
1790,59.667,1022,330,2092,1860,-9.7380,16.0913
1791,59.700,1022,330,2091,1860,-11.1383,15.9275
1792,59.733,1023,329,2092,1860,-12.2365,14.9108
1793,59.767,1022,329,2092,1860,-12.1090,16.1016
1794,59.800,1021,329,2092,1860,-10.1954,16.5150
1795,59.833,1022,330,2091,1860,-10.8367,16.1370
1796,59.867,1023,326,2089,1860,-11.6096,17.6099
1797,59.900,1023,326,2089,1859,-13.4329,16.1623
1798,59.933,1022,323,2088,1859,-13.0728,16.2752
1799,59.967,1023,323,2088,1859,-11.8454,14.5922
1800,60.000,1022,322,2088,1858,-12.5281,16.0749
1801,60.033,1021,323,2087,1858,-12.0889,16.7522
1802,60.067,1021,322,2085,1858,-11.7965,16.0219
1803,60.100,1018,322,2084,1856,-14.4856,17.1835
1804,60.133,1017,323,2083,1857,-13.8492,18.5403
1805,60.167,1017,324,2082,1857,-14.7178,16.4199
1806,60.200,1017,323,2083,1856,-13.8508,18.2284
1807,60.233,1018,323,2083,1856,-14.3821,18.3502
1808,60.267,1018,321,2083,1856,-12.3236,16.5519
1809,60.300,1016,319,2083,1856,-12.2699,17.5080
1810,60.333,1016,319,2083,1856,-12.2580,17.3979
1811,60.367,1016,320,2083,1856,-12.4953,17.7401
1812,60.400,1016,319,2083,1856,-10.8365,16.7401
1813,60.433,1015,319,2083,1856,-11.9041,16.3219
1814,60.467,1016,319,2084,1856,-10.8490,17.1583
1815,60.500,1017,318,2085,1855,-12.9632,16.5704
1816,60.533,1018,319,2086,1855,-12.7459,16.8394
1817,60.567,1018,321,2086,1855,-13.3109,17.3376
1818,60.600,1018,319,2087,1855,-12.0419,17.8696
1819,60.633,1018,318,2087,1855,-12.9330,17.2097
1820,60.667,1019,318,2087,1856,-13.5548,16.7727
1821,60.700,1019,318,2088,1856,-14.3816,17.8269
1822,60.733,1019,317,2088,1855,-14.8269,15.3873
1823,60.767,1020,314,2087,1854,-16.6471,11.8719
1824,60.800,1020,313,2086,1853,-15.5789,9.4821
1825,60.833,1022,309,2084,1853,-11.7294,10.2407
1826,60.867,1022,309,2084,1852,-13.2045,10.5137
1827,60.900,1022,310,2085,1852,-13.8229,11.5824
1828,60.933,1022,311,2084,1852,-14.1537,12.1350
1829,60.967,1022,312,2083,1852,-13.9329,10.9543
1830,61.000,1023,313,2084,1852,-14.8711,11.2953
1831,61.033,1023,315,2084,1851,-14.4523,11.5625
1832,61.067,1023,315,2084,1851,-14.1651,11.7710
1833,61.100,1023,317,2084,1850,-13.1881,10.0693
1834,61.133,1023,318,2084,1850,-14.8646,10.9817
1835,61.167,1023,318,2084,1850,-15.0728,11.0286
1836,61.200,1022,318,2084,1851,-13.8210,12.3262
1837,61.233,1022,318,2085,1851,-14.0880,11.7250
1838,61.267,1022,319,2084,1851,-14.5763,12.9270
1839,61.300,1022,319,2083,1851,-14.8423,13.0053
1840,61.333,1022,319,2083,1851,-14.8153,13.2130
1841,61.367,1021,320,2083,1851,-14.7762,12.3897
1842,61.400,1022,321,2083,1852,-16.1172,13.1348
1843,61.433,1022,320,2083,1852,-15.6903,14.1911
1844,61.467,1022,319,2083,1852,-12.9965,12.5737
1845,61.500,1023,320,2083,1852,-14.1535,13.1182
1846,61.533,1023,320,2083,1852,-14.4128,12.9464
1847,61.567,1022,320,2083,1852,-16.2697,13.9719
1848,61.600,1022,322,2082,1852,-15.3073,12.7209
1849,61.633,1022,322,2082,1852,-15.0466,13.3240
1850,61.667,1022,322,2082,1853,-13.2276,13.0072
1851,61.700,1022,321,2082,1853,-13.8892,12.2169
1852,61.733,1022,321,2082,1853,-13.8176,12.2522
1853,61.767,1022,319,2083,1853,-12.4927,13.2873
1854,61.800,1023,320,2083,1854,-15.8691,12.7892
1855,61.833,1022,320,2083,1854,-15.8560,14.5534
1856,61.867,1023,320,2083,1854,-16.0715,12.5695
1857,61.900,1023,321,2083,1854,-15.9534,13.3595
1858,61.933,1023,322,2083,1854,-15.9564,12.6672
1859,61.967,1023,322,2083,1855,-16.9554,12.2789
1860,62.000,1023,321,2083,1854,-15.9819,13.2870
1861,62.033,1023,321,2083,1855,-15.9555,13.8146
1862,62.067,1023,320,2083,1855,-16.7292,12.9021
1863,62.100,1022,318,2084,1854,-14.2268,12.3097
1864,62.133,1022,318,2085,1854,-15.2431,11.8492
1865,62.167,1022,317,2085,1853,-14.9131,11.4189
1866,62.200,1022,318,2085,1853,-16.5790,13.1510
1867,62.233,1022,319,2085,1854,-16.5517,12.0328
1868,62.267,1022,318,2085,1854,-15.6972,11.9728
1869,62.300,1022,319,2085,1854,-16.8051,12.8757
1870,62.333,1022,319,2087,1854,-16.3904,12.3536
1871,62.367,1022,321,2088,1854,-17.5939,12.4783
1872,62.400,1023,329,2088,1854,-13.6626,10.4199
1873,62.433,1021,325,2087,1854,-12.3070,10.7681
1874,62.467,1021,327,2087,1854,-13.1128,10.7175
1875,62.500,1018,325,2086,1854,-13.8407,10.4412
1876,62.533,1017,326,2085,1855,-12.5115,11.5422
1877,62.567,1018,325,2086,1854,-13.9707,10.8365
1878,62.600,1019,324,2087,1855,-11.0891,11.8678
1879,62.633,1021,324,2087,1855,-11.5585,13.4183
1880,62.667,1021,323,2087,1855,-10.7908,13.5351
1881,62.700,1021,322,2086,1855,-14.4400,12.6756
1882,62.733,1022,323,2087,1855,-13.1729,12.4429
1883,62.767,1022,322,2087,1855,-14.2189,14.2072
1884,62.800,1022,322,2087,1856,-13.2718,14.6479
1885,62.833,1022,322,2087,1856,-13.2693,14.4451
1886,62.867,1022,322,2087,1856,-13.5133,14.4757
1887,62.900,1021,321,2087,1855,-12.4772,13.8723
1888,62.933,1021,321,2087,1855,-12.8286,13.4537
1889,62.967,1022,321,2087,1855,-13.9752,13.2231
1890,63.000,1022,321,2086,1855,-13.6270,12.8858
1891,63.033,1022,321,2086,1856,-13.3058,11.7339
1892,63.067,1022,321,2087,1855,-13.1683,12.7430
1893,63.100,1021,322,2086,1854,-14.0843,10.7434
1894,63.133,1021,322,2086,1854,-14.4405,11.6314
1895,63.167,1021,322,2086,1854,-14.1716,11.2704
1896,63.200,1021,323,2086,1854,-12.4655,10.0983
1897,63.233,1021,323,2086,1854,-12.6642,10.0034
1898,63.267,1021,324,2085,1855,-12.5312,10.6893
1899,63.300,1021,324,2085,1855,-13.1454,10.4083
1900,63.333,1021,325,2084,1855,-11.6805,12.1494
1901,63.367,1021,325,2084,1855,-11.1598,12.1308
1902,63.400,1021,325,2084,1854,-10.0573,11.7491
1903,63.433,1021,325,2084,1854,-10.1059,11.4524
1904,63.467,1021,325,2084,1854,-10.0443,11.6100
1905,63.500,1020,325,2085,1854,-10.7959,13.7531
1906,63.533,1020,323,2085,1854,-12.3713,11.5014
1907,63.567,1020,323,2085,1855,-11.8005,9.6770
1908,63.600,1020,322,2086,1854,-11.7682,11.2827
1909,63.633,1020,322,2086,1853,-12.9163,11.6380
1910,63.667,1021,322,2086,1854,-12.8619,12.1942
1911,63.700,1021,322,2086,1854,-13.3388,11.9998
1912,63.733,1021,322,2087,1853,-12.3754,11.9656
1913,63.767,1022,323,2087,1854,-12.9044,11.8705
1914,63.800,1021,324,2087,1854,-11.1240,12.2913
1915,63.833,1022,323,2087,1854,-13.7738,12.3224
1916,63.867,1022,324,2086,1854,-13.4102,11.2852
1917,63.900,1022,325,2086,1854,-11.5335,12.7794
1918,63.933,1022,325,2086,1854,-11.3509,12.9746
1919,63.967,1022,325,2086,1854,-11.4246,12.9962
1920,64.000,1022,325,2086,1855,-12.8195,11.8412
1921,64.033,1022,325,2086,1855,-12.3357,11.6182
1922,64.067,1022,324,2086,1855,-13.0904,11.9850
1923,64.100,1020,327,2087,1855,-12.9378,12.8111
1924,64.133,1020,326,2087,1855,-11.8777,12.5726
1925,64.167,1020,326,2087,1854,-12.5321,13.3237
1926,64.200,1021,326,2087,1854,-11.8465,13.1624
1927,64.233,1020,323,2084,1851,-10.6207,11.0168
1928,64.267,1023,319,2085,1852,4.7791,11.0799
1929,64.300,1022,319,2084,1852,5.6013,10.8275
1930,64.333,1022,319,2084,1852,5.6839,10.9711
1931,64.367,1021,316,2083,1852,6.8958,9.9884
1932,64.400,1021,316,2082,1851,7.0272,10.5901
1933,64.433,1022,315,2083,1851,6.4436,7.8816
1934,64.467,1022,316,2083,1850,7.5331,8.1654
1935,64.500,1023,316,2083,1851,5.1163,9.0412
1936,64.533,1022,315,2083,1852,6.2833,8.5737
1937,64.567,1023,316,2084,1852,6.1666,10.3045
1938,64.600,1023,316,2085,1852,6.6512,10.1604
1939,64.633,1023,315,2084,1852,6.1792,10.7904
1940,64.667,1024,316,2084,1852,5.6104,9.5951
1941,64.700,1024,317,2083,1852,6.4687,9.4077
1942,64.733,1024,317,2083,1852,6.6134,9.7041
1943,64.767,1024,317,2083,1851,6.5831,10.0848
1944,64.800,1024,317,2083,1851,6.7323,10.3281
1945,64.833,1024,315,2083,1850,7.1169,8.2486
1946,64.867,1024,315,2083,1851,5.7868,9.1470
1947,64.900,1024,314,2082,1850,8.2669,8.4190
1948,64.933,1024,315,2083,1850,7.1044,8.7069
1949,64.967,1024,317,2082,1851,6.2284,10.2975
1950,65.000,1024,317,2082,1851,5.6414,10.1892
1951,65.033,1024,317,2082,1851,5.8818,10.4010
1952,65.067,1024,318,2082,1851,5.8204,11.2163
1953,65.100,1025,316,2083,1850,6.1108,10.4040
1954,65.133,1025,315,2083,1849,5.9677,10.2995
1955,65.167,1025,315,2083,1850,5.5240,10.0998
1956,65.200,1025,315,2083,1850,5.9923,10.3911
1957,65.233,1025,314,2084,1850,5.8954,9.8840
1958,65.267,1024,316,2083,1850,6.0079,10.5792
1959,65.300,1024,315,2084,1850,6.9026,10.8962
1960,65.333,1024,315,2084,1850,7.1227,11.1488
1961,65.367,1024,315,2084,1850,6.8423,11.4346
1962,65.400,1024,314,2084,1850,5.3381,10.6178
1963,65.433,1024,315,2084,1850,6.8645,11.6063
1964,65.467,1024,315,2083,1851,6.4546,11.0607
1965,65.500,1024,315,2084,1851,6.2353,11.4239
1966,65.533,1024,316,2084,1850,6.4378,10.8568
1967,65.567,1024,317,2084,1850,3.5686,10.5354
1968,65.600,1026,314,2083,1850,9.1584,9.2890
1969,65.633,1021,313,2075,1840,4.8681,-2.3546
1970,65.667,1022,313,2076,1840,2.5336,-3.3709
1971,65.700,1023,312,2076,1841,4.8495,-0.3937
1972,65.733,1023,315,2081,1843,7.2211,6.8690
1973,65.767,1026,317,2083,1846,8.3626,8.7296
1974,65.800,1025,320,2080,1846,6.4279,9.0130
1975,65.833,1027,319,2081,1847,6.6778,10.6971
1976,65.867,1025,319,2081,1848,7.4373,9.8904
1977,65.900,1024,319,2082,1848,6.9271,11.9779
1978,65.933,1024,319,2082,1848,5.3130,13.0461
1979,65.967,1024,320,2082,1848,7.6968,11.7872
1980,66.000,1024,319,2082,1848,6.7457,12.7270
1981,66.033,1024,318,2082,1848,7.9068,11.6302
1982,66.067,1024,318,2082,1848,8.6908,11.2510
1983,66.100,1024,320,2084,1849,8.4063,11.5798
1984,66.133,1024,320,2083,1849,8.4720,12.2799
1985,66.167,1023,320,2084,1848,8.0565,12.5732
1986,66.200,1023,320,2083,1848,7.8992,12.4574
1987,66.233,1023,320,2085,1848,8.5005,10.6884
1988,66.267,1023,320,2085,1848,8.4544,11.0652
1989,66.300,1023,320,2085,1848,8.1008,10.6382
1990,66.333,1023,320,2085,1849,7.0788,10.9542
1991,66.367,1023,319,2085,1848,7.9237,10.1757
1992,66.400,1023,319,2085,1849,7.7452,10.3799
1993,66.433,1023,320,2084,1849,5.8412,10.7174
1994,66.467,1023,320,2084,1849,5.4577,10.7585
1995,66.500,1023,319,2084,1849,5.8355,12.1801
1996,66.533,1023,319,2084,1849,6.3348,12.1840
1997,66.567,1023,320,2084,1849,5.8366,10.5023
1998,66.600,1023,320,2084,1848,6.9687,11.4915
1999,66.633,1023,320,2084,1849,6.1059,11.0513
2000,66.667,1023,319,2084,1849,7.1341,12.3958
2001,66.700,1022,319,2084,1849,6.9886,11.5685
2002,66.733,1022,319,2084,1849,7.1071,11.4229
2003,66.767,1021,320,2083,1849,7.3558,9.8633
2004,66.800,1021,319,2083,1849,8.0292,10.8656
2005,66.833,1021,319,2083,1849,7.5564,11.2104
2006,66.867,1021,319,2083,1849,7.3442,11.3692
2007,66.900,1021,318,2083,1850,7.4907,13.8117
2008,66.933,1021,320,2082,1849,6.7394,10.6266
2009,66.967,1020,319,2082,1850,7.6628,10.9911
2010,67.000,1019,319,2082,1849,8.8242,11.2654
2011,67.033,1018,318,2081,1850,7.3030,12.9170
2012,67.067,1017,318,2081,1849,7.3287,13.2972
2013,67.100,1017,320,2079,1849,8.6236,12.3184
2014,67.133,1017,320,2079,1849,8.5610,12.4071
2015,67.167,1017,320,2079,1849,8.8326,12.1499
2016,67.200,1017,320,2079,1849,8.5953,12.0826
2017,67.233,1016,319,2079,1849,9.5629,10.9941
2018,67.267,1017,319,2079,1849,8.8480,11.6796
2019,67.300,1017,319,2080,1849,10.0547,11.1074
2020,67.333,1018,320,2080,1850,8.6373,12.4567
2021,67.367,1019,321,2081,1850,8.1996,13.6159
2022,67.400,1020,320,2082,1850,8.0531,10.6854
2023,67.433,1020,320,2081,1849,7.5532,10.0426
2024,67.467,1022,317,2082,1849,7.3875,12.2664
2025,67.500,1021,317,2082,1849,8.5434,12.1466
2026,67.533,1022,317,2082,1849,6.9958,12.1245
2027,67.567,1022,317,2082,1849,7.1253,11.7358
2028,67.600,1022,317,2081,1849,9.3102,12.1310
2029,67.633,1022,317,2082,1849,7.2636,12.0011
2030,67.667,1022,317,2082,1849,7.1825,11.7390
2031,67.700,1022,316,2082,1849,7.7875,11.6494
2032,67.733,1022,316,2082,1849,7.9215,11.5930
2033,67.767,1022,317,2081,1849,9.7009,12.2076
2034,67.800,1022,317,2082,1849,7.5961,11.8877
2035,67.833,1022,317,2082,1848,9.0084,11.6681
2036,67.867,1022,319,2082,1849,8.2604,11.0943
2037,67.900,1021,319,2083,1848,8.5647,11.3321
2038,67.933,1021,319,2083,1848,8.7970,11.2734
2039,67.967,1021,319,2083,1849,8.4671,10.7271
2040,68.000,1021,318,2083,1848,8.7637,11.7056
2041,68.033,1016,314,2081,1845,22.5186,10.7331
2042,68.067,1016,316,2083,1846,22.3693,9.2278
2043,68.100,1015,315,2082,1846,23.6437,9.8462
2044,68.133,1015,316,2082,1846,23.9385,9.3509
2045,68.167,1015,318,2082,1847,20.7660,7.3370
2046,68.200,1015,318,2082,1847,20.1280,7.6238
2047,68.233,1015,319,2082,1847,22.1271,7.6042
2048,68.267,1016,320,2082,1847,22.1360,9.2495
2049,68.300,1015,321,2082,1847,21.8142,11.3309
2050,68.333,1014,321,2082,1847,22.9800,10.2673
2051,68.367,1014,322,2082,1847,22.5726,10.7295
2052,68.400,1014,322,2082,1847,22.5083,11.2226
2053,68.433,1014,321,2083,1847,24.0388,11.9206
2054,68.467,1013,321,2083,1846,22.1563,13.2157
2055,68.500,1013,322,2083,1847,22.4159,14.8688
2056,68.533,1013,324,2082,1846,24.3569,13.3094
2057,68.567,1013,323,2082,1846,20.7961,15.0237
2058,68.600,1013,323,2082,1846,21.0745,15.0208
2059,68.633,1013,322,2082,1846,19.9527,15.8006
2060,68.667,1013,322,2081,1845,19.3427,14.4545
2061,68.700,1013,323,2081,1846,20.4631,13.6543
2062,68.733,1013,322,2081,1845,20.0638,13.6083
2063,68.767,1014,323,2081,1846,21.6887,13.2390
2064,68.800,1014,323,2081,1845,21.9859,13.1903
2065,68.833,1015,323,2082,1846,19.6604,13.4036
2066,68.867,1015,323,2082,1847,21.4205,12.9230
2067,68.900,1015,322,2081,1846,23.4493,12.3633
2068,68.933,1015,322,2080,1846,22.1725,12.8181
2069,68.967,1015,322,2080,1846,22.9706,12.1523
2070,69.000,1016,322,2080,1846,23.2058,12.5489
2071,69.033,1016,323,2080,1845,22.5060,13.1908
2072,69.067,1015,322,2080,1845,24.4145,13.5732
2073,69.100,1016,322,2079,1846,24.7943,12.2542
2074,69.133,1016,322,2079,1846,25.2144,11.9786
2075,69.167,1016,322,2079,1846,24.7053,12.1306
2076,69.200,1016,323,2079,1846,23.7842,13.3309
2077,69.233,1016,322,2079,1847,24.6773,12.8488
2078,69.267,1016,321,2080,1847,25.0998,12.4630
2079,69.300,1016,321,2080,1847,25.2394,12.1804
2080,69.333,1016,320,2079,1847,25.8218,11.8931
2081,69.367,1016,321,2079,1847,24.3943,12.4568
2082,69.400,1016,322,2079,1847,25.3787,12.8111
2083,69.433,1016,322,2079,1847,25.3158,12.7408
2084,69.467,1016,322,2079,1846,26.2277,13.3437
2085,69.500,1016,322,2079,1846,24.9203,13.2256
2086,69.533,1017,323,2079,1847,24.8210,11.7722
2087,69.567,1017,323,2079,1847,24.2667,11.6669
2088,69.600,1018,324,2079,1848,25.2314,10.6499
2089,69.633,1018,323,2079,1848,21.8878,11.9974
2090,69.667,1017,322,2079,1848,22.0749,12.0550
2091,69.700,1019,325,2078,1849,25.2845,12.9640
2092,69.733,1020,323,2080,1849,25.1138,11.5507
2093,69.767,1021,323,2080,1849,24.0165,12.0137
2094,69.800,1021,324,2080,1849,24.5325,11.0331
2095,69.833,1021,324,2081,1850,23.8073,11.9277
2096,69.867,1021,323,2081,1850,22.8765,13.4973
2097,69.900,1021,323,2081,1850,23.7192,13.1888
2098,69.933,1021,323,2081,1850,23.3878,13.1789
2099,69.967,1021,323,2081,1850,23.5198,13.3326
2100,70.000,1021,323,2080,1850,25.8102,11.5338
2101,70.033,1021,323,2080,1849,23.0201,12.8028
2102,70.067,1022,324,2080,1850,25.5392,13.8204
2103,70.100,1018,323,2081,1851,22.1626,12.9417
2104,70.133,1019,323,2080,1851,23.8560,13.7304
2105,70.167,1019,323,2081,1851,23.6736,12.5233
2106,70.200,1019,323,2080,1850,24.8313,12.8054
2107,70.233,1020,324,2080,1851,24.8288,13.1854
2108,70.267,1020,325,2081,1850,22.4309,12.8018
2109,70.300,1020,326,2081,1851,22.0565,13.1909
2110,70.333,1020,327,2081,1851,22.9763,13.9913
2111,70.367,1020,328,2081,1851,24.3282,13.4749
2112,70.400,1021,329,2081,1851,23.3157,12.7724
2113,70.433,1021,329,2081,1851,24.0659,12.5695
2114,70.467,1021,329,2081,1851,23.8288,12.6631
2115,70.500,1021,328,2080,1849,23.0526,14.3115
2116,70.533,1020,328,2081,1851,23.6303,13.1873
2117,70.567,1020,327,2080,1850,22.9418,12.6761
2118,70.600,1020,328,2080,1850,24.0473,12.6572
2119,70.633,1020,328,2081,1850,27.2853,12.5162
2120,70.667,1020,329,2081,1851,26.8891,13.9051
2121,70.700,1020,329,2081,1851,26.8456,13.6393
2122,70.733,1019,328,2081,1851,26.3834,12.3666
2123,70.767,1019,327,2081,1851,25.6045,12.1916
2124,70.800,1018,326,2081,1852,23.7979,12.7377
2125,70.833,1018,325,2080,1851,22.7880,12.1103
2126,70.867,1018,326,2081,1851,24.9146,12.8247
2127,70.900,1018,324,2080,1852,24.9647,13.1321
2128,70.933,1017,326,2080,1853,24.1377,12.7349
2129,70.967,1016,325,2079,1853,22.5822,12.3884
2130,71.000,1016,325,2079,1853,23.4582,12.4005
2131,71.033,1015,324,2079,1852,25.2325,13.4291
2132,71.067,1014,325,2079,1851,26.6611,11.9555
2133,71.100,1014,326,2079,1851,26.1561,13.7484
2134,71.133,1015,325,2080,1852,28.3481,13.4489
2135,71.167,1015,327,2081,1852,24.8913,16.1009
2136,71.200,1014,327,2081,1852,26.6636,15.8484
2137,71.233,1014,327,2080,1853,26.2364,14.6219
2138,71.267,1014,326,2081,1853,24.8847,13.5253
2139,71.300,1014,326,2081,1852,24.2874,14.4966
2140,71.333,1014,326,2080,1852,25.8481,14.1571
2141,71.367,1015,326,2079,1851,26.1814,13.0055
2142,71.400,1015,325,2079,1851,25.9336,12.6788
2143,71.433,1014,325,2079,1851,26.3427,14.6796
2144,71.467,1014,326,2079,1851,24.2563,15.4743
2145,71.500,1013,325,2080,1851,22.7923,16.2220
2146,71.533,1013,324,2080,1851,22.0437,15.0397
2147,71.567,1011,324,2080,1851,24.3675,15.0673
2148,71.600,1012,324,2080,1851,22.7001,16.8734
2149,71.633,1012,324,2080,1851,23.2122,16.3214
2150,71.667,1012,322,2079,1851,24.0444,15.7987
2151,71.700,1013,323,2079,1852,24.9352,15.8690
2152,71.733,1012,322,2078,1852,26.3441,16.1830
2153,71.767,1013,323,2077,1852,24.7940,15.5694
2154,71.800,1013,320,2078,1852,26.2338,15.1221
2155,71.833,1012,320,2078,1852,25.5195,14.9782
2156,71.867,1013,321,2078,1852,26.4875,15.6562
2157,71.900,1014,322,2078,1852,25.5431,14.7285
2158,71.933,1015,322,2078,1852,26.0918,15.6700
2159,71.967,1015,323,2078,1852,24.8601,15.4346
2160,72.000,1015,323,2078,1852,24.6910,15.2897
2161,72.033,1015,322,2077,1852,24.5594,15.3750
2162,72.067,1015,323,2077,1852,24.4580,16.0338
2163,72.100,1015,323,2080,1852,24.5468,15.8342
2164,72.133,1015,323,2080,1852,24.3773,16.1639
2165,72.167,1015,323,2080,1853,24.4440,16.1033
2166,72.200,1016,323,2080,1853,25.9158,15.6270
2167,72.233,1016,324,2080,1853,23.3935,17.4040
2168,72.267,1016,324,2080,1852,23.2865,17.0558
2169,72.300,1016,324,2080,1852,23.8836,17.1401
2170,72.333,1015,324,2081,1852,23.7842,18.6689
2171,72.367,1014,324,2082,1852,21.2494,15.8740
2172,72.400,1014,324,2082,1852,21.2626,15.5611
2173,72.433,1014,324,2081,1852,20.6942,16.8593
2174,72.467,1014,324,2082,1852,20.8830,15.5057
2175,72.500,1014,325,2083,1851,22.2466,16.1317
2176,72.533,1014,324,2083,1851,21.2908,15.4494
2177,72.567,1014,325,2083,1851,22.2436,16.2099
2178,72.600,1015,325,2083,1851,20.2767,17.0152
2179,72.633,1014,324,2083,1851,21.5550,15.1695
2180,72.667,1014,324,2083,1851,21.5164,15.2724
2181,72.700,1014,325,2083,1851,21.7930,16.0502
2182,72.733,1015,325,2083,1851,19.9708,16.6082
2183,72.767,1014,325,2083,1851,22.6768,16.2932
2184,72.800,1015,325,2083,1851,20.6257,15.8014
2185,72.833,1015,325,2083,1851,20.4545,15.7976
2186,72.867,1015,325,2083,1850,21.2278,15.3538
2187,72.900,1014,325,2083,1850,21.8233,16.3339
2188,72.933,1014,324,2083,1850,20.7833,17.0306
2189,72.967,1014,325,2082,1850,21.4934,17.0477
2190,73.000,1015,325,2082,1850,19.3945,16.5735
2191,73.033,1014,325,2082,1849,22.3458,15.9670
2192,73.067,1014,325,2082,1849,22.5490,16.0936
2193,73.100,1015,323,2081,1848,22.4233,17.6858
2194,73.133,1015,322,2080,1848,23.5318,17.2133
2195,73.167,1016,322,2081,1848,23.3626,17.0552
2196,73.200,1015,322,2081,1848,23.5486,17.2325
2197,73.233,1015,321,2081,1848,23.1850,16.5603
2198,73.267,1015,320,2081,1848,26.5720,17.8877
2199,73.300,1015,321,2081,1848,23.1927,16.5674
2200,73.333,1015,321,2081,1849,26.1316,16.3048
2201,73.367,1015,321,2082,1848,22.7328,17.1499
2202,73.400,1015,320,2081,1848,26.3589,17.4009
2203,73.433,1015,320,2081,1848,26.4539,17.1662
2204,73.467,1015,321,2081,1848,23.5265,16.3799
2205,73.500,1015,320,2081,1848,26.1467,17.8830
2206,73.533,1015,320,2081,1848,25.7126,17.2925
2207,73.567,1014,320,2081,1848,22.7252,16.5912
2208,73.600,1014,319,2081,1848,23.3621,16.3985
2209,73.633,1013,319,2081,1848,22.9602,16.0502
2210,73.667,1013,319,2080,1848,24.1983,16.6367
2211,73.700,1013,319,2081,1847,23.6998,18.7575
2212,73.733,1013,319,2081,1847,23.4393,18.2385
2213,73.767,1012,319,2080,1848,24.0994,16.8859
2214,73.800,1013,317,2081,1848,28.8383,18.5772
2215,73.833,1012,316,2081,1848,28.7978,17.9398
2216,73.867,1013,316,2080,1848,25.4786,17.6725
2217,73.900,1013,316,2080,1848,25.3648,17.1751
2218,73.933,1013,316,2081,1848,29.4699,19.4989
2219,73.967,1013,316,2081,1848,29.7067,19.1407
2220,74.000,1013,315,2081,1848,24.6928,17.6090
2221,74.033,1013,315,2081,1848,24.4404,17.5406
2222,74.067,1013,315,2081,1848,24.9605,18.1808
2223,74.100,1014,316,2081,1848,24.5715,17.6491
2224,74.133,1015,316,2081,1848,24.6895,16.8728
2225,74.167,1015,317,2083,1848,27.5840,18.4346
2226,74.200,1015,318,2083,1848,25.2424,18.0471
2227,74.233,1016,317,2085,1848,24.6003,17.1395
2228,74.267,1017,318,2084,1848,25.0283,17.6166
2229,74.300,1017,318,2084,1848,25.7547,17.1464
2230,74.333,1017,317,2084,1847,26.0551,17.7936
2231,74.367,1017,317,2084,1847,25.2367,18.3747
2232,74.400,1017,318,2084,1847,22.6783,17.8592
2233,74.433,1017,320,2084,1848,23.2692,18.2616
2234,74.467,1016,321,2084,1847,24.4018,20.5797
2235,74.500,1017,321,2084,1847,24.3399,20.0052
2236,74.533,1017,319,2084,1847,20.5949,20.7044
2237,74.567,1018,321,2085,1847,22.7885,21.8345
2238,74.600,1018,320,2085,1848,21.0626,19.0491
2239,74.633,1019,321,2085,1847,21.1895,19.4662
2240,74.667,1020,321,2085,1847,20.7187,19.4333
2241,74.700,1019,320,2084,1847,21.5335,20.4150
2242,74.733,1019,320,2084,1847,21.4202,20.3702
2243,74.767,1019,320,2084,1847,20.3578,21.5977
2244,74.800,1020,320,2084,1847,21.2370,21.1897
2245,74.833,1020,320,2084,1847,23.2906,19.7945
2246,74.867,1020,320,2084,1847,24.4397,19.7881
2247,74.900,1019,320,2084,1847,23.7084,20.0758
2248,74.933,1020,320,2084,1848,22.8369,20.2706
2249,74.967,1020,320,2083,1848,22.5222,20.7490
2250,75.000,1020,320,2082,1848,22.5072,20.4369
2251,75.033,1021,320,2082,1848,21.2856,20.5083
2252,75.067,1020,319,2082,1848,20.7080,20.8058
2253,75.100,1022,321,2082,1849,21.4335,22.3421
2254,75.133,1022,321,2082,1849,21.5049,21.5993
2255,75.167,1022,320,2082,1849,22.1100,21.3145
2256,75.200,1022,320,2082,1848,20.3030,21.9931
2257,75.233,1019,320,2081,1848,21.5800,20.6689
2258,75.267,1016,317,2082,1849,22.2448,21.5577
2259,75.300,1016,316,2082,1848,21.5742,20.2769
2260,75.333,1015,318,2081,1848,20.8134,21.1976
2261,75.367,1015,317,2081,1849,21.7299,21.0461
2262,75.400,1014,317,2080,1849,23.0959,19.8266
2263,75.433,1014,318,2081,1849,23.5923,22.5259
2264,75.467,1015,318,2080,1849,23.8997,20.8823
2265,75.500,1014,318,2080,1849,21.2638,20.1764
2266,75.533,1015,319,2079,1850,23.2825,21.0307
2267,75.567,1015,319,2079,1850,23.1684,20.8168
2268,75.600,1017,318,2080,1851,22.7277,21.3689
2269,75.633,1016,319,2080,1851,20.1726,22.4947
2270,75.667,1016,320,2081,1849,21.8277,21.0920
2271,75.700,1016,320,2081,1849,21.2370,21.6344
2272,75.733,1016,323,2081,1849,21.8456,19.6722
2273,75.767,1017,322,2081,1849,24.6918,17.5615
2274,75.800,1017,322,2081,1849,24.4589,17.9677
2275,75.833,1017,322,2081,1849,24.5490,17.7986
2276,75.867,1017,322,2081,1849,24.5418,17.9846
2277,75.900,1017,322,2081,1849,24.0554,17.7725
2278,75.933,1017,322,2081,1849,24.8016,18.7008
2279,75.967,1017,322,2081,1849,24.4701,19.1058
2280,76.000,1016,322,2080,1849,23.9884,18.4789
2281,76.033,1016,323,2081,1849,22.7084,19.9625
2282,76.067,1016,323,2081,1849,22.8388,20.2769
2283,76.100,1016,313,2079,1845,23.2033,19.4662
2284,76.133,1015,313,2079,1845,23.0859,19.1901
2285,76.167,1015,313,2079,1845,22.8351,19.1446
2286,76.200,1015,312,2079,1845,23.0589,19.4240
2287,76.233,1015,312,2079,1846,22.8932,18.8404
2288,76.267,1015,312,2079,1845,22.3319,19.9662
2289,76.300,1016,313,2080,1844,23.2355,18.7771
2290,76.333,1016,313,2079,1845,22.8792,19.5297
2291,76.367,1016,313,2079,1845,22.9510,20.3513
2292,76.400,1017,312,2080,1845,22.5727,17.6696
2293,76.433,1017,312,2080,1844,22.7543,18.6680
2294,76.467,1016,312,2079,1844,23.0217,18.0257
2295,76.500,1017,312,2080,1843,23.3380,18.1832
2296,76.533,1017,312,2080,1843,23.1093,18.9445
2297,76.567,1017,312,2080,1843,23.0776,19.1662
2298,76.600,1017,312,2080,1843,22.9470,19.0961
2299,76.633,1016,312,2080,1844,23.4335,18.8013
2300,76.667,1016,313,2080,1844,22.8955,19.9155
2301,76.700,1016,313,2080,1844,22.5191,20.5306
2302,76.733,1016,313,2080,1844,22.8819,19.7092
2303,76.767,1016,313,2080,1844,23.0729,19.3732
2304,76.800,1016,315,2080,1843,21.9881,19.8420
2305,76.833,1016,315,2080,1843,22.0346,19.7818
2306,76.867,1016,316,2080,1843,22.6593,19.7963
2307,76.900,1015,316,2080,1843,21.7912,20.3529
2308,76.933,1015,316,2079,1843,22.0790,21.2824
2309,76.967,1015,316,2080,1843,22.5638,21.2350
2310,77.000,1014,316,2080,1843,20.3356,21.0547
2311,77.033,1013,315,2080,1843,20.4366,21.9391
2312,77.067,1013,317,2080,1842,19.0368,21.8023
2313,77.100,1013,320,2080,1842,24.0716,22.7842
2314,77.133,1014,319,2080,1842,22.4907,22.3865
2315,77.167,1014,320,2079,1841,22.2958,23.1749
2316,77.200,1014,320,2080,1842,21.8617,21.8699
2317,77.233,1014,321,2080,1842,21.4451,22.7369
2318,77.267,1014,321,2079,1841,22.9800,23.7863
2319,77.300,1014,321,2079,1841,22.9937,23.8998
2320,77.333,1014,320,2079,1841,23.2668,23.5454
2321,77.367,1014,321,2079,1841,23.4233,23.6347
2322,77.400,1014,320,2079,1841,23.4047,23.3159
2323,77.433,1014,320,2079,1841,23.5102,23.4494
2324,77.467,1014,320,2079,1841,24.1266,23.5277
2325,77.500,1014,319,2078,1841,21.4174,22.0117
2326,77.533,1014,318,2078,1841,21.8087,22.2706
2327,77.567,1014,319,2077,1842,21.2758,22.3997
2328,77.600,1013,318,2077,1842,20.8674,21.8517
2329,77.633,1013,318,2077,1842,21.7851,21.5049
2330,77.667,1013,318,2077,1842,22.0832,21.5326
2331,77.700,1013,319,2078,1843,22.9570,20.1652
2332,77.733,1013,319,2078,1843,23.0883,20.1901
2333,77.767,1014,319,2078,1843,24.5099,19.9198
2334,77.800,1014,320,2078,1843,25.2487,20.4774
2335,77.833,1014,321,2077,1843,22.2999,20.3044
2336,77.867,1016,319,2080,1844,13.8127,25.0512
2337,77.900,1017,319,2081,1844,13.0712,24.9394
2338,77.933,1016,320,2080,1844,6.2108,25.3722
2339,77.967,1015,320,2080,1844,5.2094,25.1214
2340,78.000,1016,320,2080,1844,5.3948,24.0854
2341,78.033,1015,320,2081,1844,4.3336,25.9047
2342,78.067,1016,320,2082,1845,4.0135,25.4347
2343,78.100,1017,321,2082,1845,5.1743,25.3929
2344,78.133,1017,320,2082,1846,5.9717,24.7386
2345,78.167,1017,320,2081,1845,7.4903,24.2339
2346,78.200,1017,321,2081,1846,5.8865,24.3707
2347,78.233,1018,321,2081,1846,5.6203,23.9543
2348,78.267,1018,321,2081,1845,7.1877,23.1354
2349,78.300,1018,322,2082,1845,7.8697,24.5376
2350,78.333,1019,323,2082,1845,6.6963,24.7227
2351,78.367,1019,322,2082,1844,7.0720,23.3214
2352,78.400,1019,323,2083,1844,5.0828,24.4056
2353,78.433,1019,323,2083,1843,6.0479,25.5705
2354,78.467,1019,323,2083,1844,4.7322,24.4578
2355,78.500,1019,322,2083,1843,5.6939,25.2992
2356,78.533,1019,321,2082,1843,6.4950,23.4251
2357,78.567,1018,319,2082,1843,6.6865,23.3394
2358,78.600,1019,321,2082,1843,6.4702,23.8701
2359,78.633,1019,321,2082,1844,7.2883,24.0377
2360,78.667,1019,321,2082,1844,7.0712,23.8857
2361,78.700,1019,321,2082,1844,7.1672,24.0335
2362,78.733,1019,321,2082,1844,6.9837,23.9424
2363,78.767,1019,321,2082,1844,7.0779,23.8610
2364,78.800,1019,322,2082,1843,7.0070,23.7932
2365,78.833,1019,321,2082,1844,7.2936,23.7964
2366,78.867,1019,322,2082,1843,6.4842,23.6767
2367,78.900,1019,322,2082,1843,6.7076,23.3214
2368,78.933,1019,320,2082,1843,6.7679,24.8297
2369,78.967,1019,319,2083,1843,7.7863,24.4391
2370,79.000,1019,320,2084,1843,6.4472,25.8551
2371,79.033,1021,322,2083,1844,6.7542,24.9220
2372,79.067,1021,324,2082,1845,6.3105,24.2172
2373,79.100,1022,322,2084,1846,6.8484,22.2634
2374,79.133,1021,323,2084,1847,5.8055,23.7887
2375,79.167,1021,323,2084,1846,4.0760,24.0199
2376,79.200,1021,323,2085,1847,5.6205,23.1463
2377,79.233,1021,323,2085,1847,5.4349,23.4488
2378,79.267,1020,324,2085,1848,4.0325,22.8999
2379,79.300,1020,323,2085,1848,4.0510,23.6371
2380,79.333,1020,323,2085,1848,4.3165,23.6913
2381,79.367,1019,323,2085,1848,5.6083,26.1885
2382,79.400,1019,324,2085,1848,5.9430,25.6961
2383,79.433,1019,323,2085,1848,5.6213,25.7803
2384,79.467,1019,324,2085,1849,6.5610,26.5143
2385,79.500,1020,324,2084,1849,5.5937,25.2076
2386,79.533,1019,325,2085,1849,7.8103,24.7848
2387,79.567,1019,325,2085,1849,7.5229,24.8326
2388,79.600,1019,325,2085,1848,7.8596,25.2554
2389,79.633,1020,324,2085,1848,6.9872,22.6260
2390,79.667,1021,324,2085,1849,7.8456,24.9525
2391,79.700,1021,325,2085,1849,7.9254,23.3289
2392,79.733,1020,325,2085,1849,7.3271,22.2903
2393,79.767,1020,325,2084,1850,7.9116,23.3085
2394,79.800,1020,325,2084,1850,7.1305,23.6435
2395,79.833,1020,325,2085,1850,6.0724,23.9840
2396,79.867,1021,325,2085,1850,7.0090,23.4641
2397,79.900,1021,324,2085,1850,7.5757,23.0480
2398,79.933,1021,324,2084,1849,6.5802,24.0935
2399,79.967,1021,325,2084,1849,7.0598,24.3523
2400,80.000,1021,324,2085,1849,7.0775,23.6073
2401,80.033,1020,323,2085,1848,5.7758,23.0477
2402,80.067,1019,320,2085,1847,6.5148,24.0886
2403,80.100,1018,323,2085,1847,9.1550,24.1963
2404,80.133,1018,324,2084,1847,7.9507,26.4593
2405,80.167,1019,324,2085,1847,8.4856,26.1566
2406,80.200,1019,324,2084,1847,7.7245,25.1936
2407,80.233,1019,325,2084,1847,8.9919,24.8591
2408,80.267,1018,326,2085,1847,6.4206,26.6193
2409,80.300,1018,326,2085,1847,7.2326,26.3036
2410,80.333,1017,326,2085,1847,8.0729,25.9217
2411,80.367,1017,325,2086,1846,7.6629,26.0709
2412,80.400,1018,326,2086,1846,8.6517,26.2065
2413,80.433,1017,326,2086,1846,8.4166,26.4856
2414,80.467,1018,325,2085,1846,8.3488,26.2027
2415,80.500,1019,328,2086,1847,8.8771,24.8989
2416,80.533,1019,327,2086,1846,7.9434,24.7891
2417,80.567,1019,327,2086,1846,8.0796,24.9007
2418,80.600,1019,327,2085,1846,8.9245,25.2365
2419,80.633,1019,327,2085,1846,8.9281,25.1000
2420,80.667,1018,324,2086,1845,9.1343,24.9655
2421,80.700,1018,324,2086,1845,9.0879,25.1378
2422,80.733,1019,324,2085,1845,8.4843,24.3593
2423,80.767,1018,323,2085,1843,6.6633,23.7952
2424,80.800,1019,322,2086,1843,7.1026,23.7077
2425,80.833,1019,322,2087,1843,7.3396,24.2669
2426,80.867,1019,322,2087,1843,7.4088,24.8105
2427,80.900,1019,323,2086,1844,7.3087,24.9016
2428,80.933,1019,324,2086,1844,7.8165,26.2339
2429,80.967,1019,323,2086,1845,7.4441,24.3336
2430,81.000,1019,323,2086,1844,7.5308,25.2561
2431,81.033,1020,323,2085,1845,7.7336,25.3257
2432,81.067,1019,323,2085,1845,7.6940,23.5436
2433,81.100,1019,323,2086,1845,6.1631,23.7912
2434,81.133,1018,323,2086,1845,5.6046,25.3831
2435,81.167,1018,323,2086,1844,4.6819,24.3175
2436,81.200,1018,323,2086,1844,5.6768,24.5791
2437,81.233,1019,324,2086,1844,7.2079,24.3992
2438,81.267,1020,325,2086,1844,6.3265,25.2604
2439,81.300,1022,325,2086,1844,7.3358,25.4129
2440,81.333,1022,326,2087,1844,5.8268,26.0634
2441,81.367,1024,330,2088,1845,-2.1696,25.7421
2442,81.400,1025,331,2087,1845,-4.9081,28.0986
2443,81.433,1025,331,2088,1846,-8.8153,23.6738
2444,81.467,1025,330,2088,1845,-8.7713,24.1884
2445,81.500,1026,332,2089,1845,-7.1950,22.2318
2446,81.533,1025,333,2090,1843,-8.6700,20.4010
2447,81.567,1025,334,2091,1843,-9.2846,20.3275
2448,81.600,1026,334,2091,1843,-9.3645,20.8792
2449,81.633,1025,334,2092,1843,-8.9749,20.7239
2450,81.667,1026,334,2092,1843,-7.9416,21.9648
2451,81.700,1026,333,2092,1842,-10.0373,20.9557
2452,81.733,1026,334,2093,1843,-8.5956,20.5660
2453,81.767,1026,335,2093,1843,-10.5626,20.2617
2454,81.800,1026,336,2093,1843,-12.6473,22.2744
2455,81.833,1026,336,2092,1843,-11.7027,19.7307
2456,81.867,1027,335,2092,1842,-10.2486,20.3800
2457,81.900,1027,335,2092,1843,-10.5179,21.1069
2458,81.933,1027,335,2092,1843,-9.5562,22.3764
2459,81.967,1027,335,2091,1843,-9.2810,21.5420
2460,82.000,1028,334,2091,1843,-6.6231,22.0110
2461,82.033,1028,335,2092,1843,-7.5060,22.7835
2462,82.067,1028,334,2092,1843,-5.2383,22.0664
2463,82.100,1029,333,2092,1845,-9.7548,20.9034
2464,82.133,1030,332,2092,1846,-10.1465,21.0192
2465,82.167,1028,331,2093,1847,-8.8299,19.5903
2466,82.200,1029,330,2094,1846,-9.8761,21.8365
2467,82.233,1030,331,2094,1848,-12.0168,20.8855
2468,82.267,1030,330,2093,1848,-8.3647,20.1886
2469,82.300,1030,330,2093,1848,-8.5306,19.8339
2470,82.333,1030,330,2093,1848,-8.7519,20.2118
2471,82.367,1030,330,2092,1848,-10.1965,20.3816
2472,82.400,1030,331,2092,1847,-8.8555,21.2337
2473,82.433,1030,332,2093,1847,-11.4430,20.9930
2474,82.467,1031,332,2092,1848,-9.6251,21.1721
2475,82.500,1031,332,2092,1847,-9.3045,19.1747
2476,82.533,1030,332,2092,1846,-9.3120,20.8726
2477,82.567,1030,331,2091,1846,-7.8931,21.3250
2478,82.600,1030,332,2091,1846,-6.7287,21.3990
2479,82.633,1029,332,2091,1845,-7.6209,21.1667
2480,82.667,1029,333,2091,1845,-6.8537,20.1905
2481,82.700,1029,333,2091,1845,-6.9063,20.1388
2482,82.733,1029,333,2091,1845,-6.4809,20.0699
2483,82.767,1029,333,2091,1845,-6.9386,20.1237
2484,82.800,1028,333,2092,1844,-8.4250,21.8371
2485,82.833,1028,333,2092,1844,-8.4498,21.9873
2486,82.867,1029,333,2092,1844,-8.6059,21.3637
2487,82.900,1028,332,2092,1843,-7.8671,21.3191
2488,82.933,1028,332,2092,1842,-7.7616,22.3460
2489,82.967,1028,332,2091,1842,-8.9313,21.6108
2490,83.000,1028,331,2091,1842,-7.6729,21.5152
2491,83.033,1029,332,2091,1842,-8.7038,21.5545
2492,83.067,1028,332,2092,1842,-8.1388,22.0479
2493,83.100,1029,331,2093,1842,-8.8031,21.9550
2494,83.133,1029,331,2093,1842,-9.8416,22.2304
2495,83.167,1029,331,2093,1842,-9.4787,22.3524
2496,83.200,1029,331,2093,1842,-9.4077,22.2612
2497,83.233,1029,332,2093,1842,-9.0834,22.4778
2498,83.267,1029,332,2093,1842,-9.6207,22.6725
2499,83.300,1028,332,2093,1841,-8.4354,21.6679
2500,83.333,1028,333,2093,1841,-7.4247,20.5491
2501,83.367,1025,334,2092,1841,-9.3729,18.6234
2502,83.400,1029,331,2093,1843,-7.8044,22.6828
2503,83.433,1029,331,2094,1843,-7.5620,23.8724
2504,83.467,1029,331,2094,1843,-8.2172,23.7837
2505,83.500,1030,332,2094,1843,-8.8972,21.7156
2506,83.533,1029,331,2094,1843,-8.5865,23.1747
2507,83.567,1029,331,2093,1842,-7.8100,21.5278
2508,83.600,1029,331,2094,1843,-8.3258,23.5907
2509,83.633,1029,331,2094,1843,-8.5983,23.4790
2510,83.667,1029,331,2094,1843,-8.9011,23.2722
2511,83.700,1029,331,2094,1843,-9.4781,23.3497
2512,83.733,1029,331,2094,1843,-8.9637,23.1394
2513,83.767,1029,331,2094,1843,-9.6868,22.9287
2514,83.800,1029,331,2094,1843,-10.1021,23.2643
2515,83.833,1029,330,2094,1843,-8.5053,22.6501
2516,83.867,1029,330,2094,1844,-8.9615,23.3281
2517,83.900,1029,330,2094,1844,-9.1261,23.1607
2518,83.933,1028,330,2093,1843,-9.3167,22.0618
2519,83.967,1028,331,2093,1844,-9.2048,22.6697
2520,84.000,1028,332,2093,1844,-10.0451,22.9794
2521,84.033,1028,333,2093,1844,-8.5598,22.3519
2522,84.067,1028,332,2094,1844,-9.2442,21.9475
2523,84.100,1027,328,2095,1844,-8.5481,21.7003
2524,84.133,1026,327,2095,1843,-7.8256,22.0545
2525,84.167,1026,328,2095,1843,-7.4933,22.2470
2526,84.200,1026,328,2095,1843,-8.5815,22.3469
2527,84.233,1026,327,2096,1842,-8.0428,22.4924
2528,84.267,1026,327,2095,1843,-7.3801,22.3480
2529,84.300,1026,327,2095,1842,-7.2278,22.0936
2530,84.333,1026,326,2096,1843,-7.3791,22.5598
2531,84.367,1026,327,2096,1842,-8.2625,22.0485
2532,84.400,1026,326,2095,1842,-8.4384,21.9069
2533,84.433,1027,326,2095,1842,-8.8880,21.3688
2534,84.467,1027,328,2095,1844,-8.5793,21.1212
2535,84.500,1027,327,2095,1844,-8.1060,21.8364
2536,84.533,1027,328,2095,1843,-7.0572,20.8118
2537,84.567,1027,328,2095,1843,-7.1383,20.7915
2538,84.600,1026,328,2096,1843,-7.1078,20.0905
2539,84.633,1027,331,2096,1842,-9.7921,16.9331
2540,84.667,1027,330,2096,1842,-7.8361,17.0689
2541,84.700,1027,330,2096,1842,-9.2341,16.8779
2542,84.733,1027,330,2096,1842,-9.1685,16.4831
2543,84.767,1027,329,2096,1842,-8.9317,17.9848
2544,84.800,1028,330,2096,1842,-8.1722,17.7939
2545,84.833,1027,327,2097,1843,-9.9387,18.3084
2546,84.867,1028,324,2098,1843,-10.6485,16.6776
2547,84.900,1027,324,2098,1843,-9.9875,16.2486
2548,84.933,1026,325,2097,1842,-10.2960,16.4006
2549,84.967,1026,325,2098,1842,-11.0080,16.9478
2550,85.000,1025,325,2098,1842,-11.0534,17.5284
2551,85.033,1025,328,2098,1841,-9.8725,18.4917
2552,85.067,1024,329,2098,1841,-13.0314,18.6115
2553,85.100,1025,331,2099,1842,-9.9242,15.5809
2554,85.133,1026,336,2098,1841,-13.4648,15.7851
2555,85.167,1026,338,2099,1842,4.1838,17.2462
2556,85.200,1027,336,2097,1841,6.8757,17.7589
2557,85.233,1028,338,2097,1841,5.4854,17.4144
2558,85.267,1029,335,2097,1841,10.5537,17.6931
2559,85.300,1029,336,2097,1841,10.4203,17.3276
2560,85.333,1028,336,2097,1842,11.1416,17.7417
2561,85.367,1028,336,2096,1842,10.3226,18.7197
2562,85.400,1028,336,2096,1842,10.3499,17.5931
2563,85.433,1028,337,2096,1842,10.2205,18.7806
2564,85.467,1028,334,2094,1843,9.0117,20.4979
2565,85.500,1029,335,2093,1843,8.0968,20.3180
2566,85.533,1028,335,2093,1843,7.6166,18.8836
2567,85.567,1028,334,2093,1843,8.2810,19.1958
2568,85.600,1028,333,2093,1843,9.0178,17.5410
2569,85.633,1028,333,2093,1843,9.3809,17.4969
2570,85.667,1029,333,2093,1843,8.1315,17.7429
2571,85.700,1028,332,2093,1843,7.8974,17.1806
2572,85.733,1028,332,2092,1843,9.7333,18.1066
2573,85.767,1028,333,2092,1843,9.3474,17.0052
2574,85.800,1027,333,2091,1844,9.5969,16.6609
2575,85.833,1027,332,2091,1844,10.4473,18.4226
2576,85.867,1028,333,2091,1844,9.9685,17.1039
2577,85.900,1027,332,2092,1844,9.4191,17.9209
2578,85.933,1028,332,2092,1844,8.9063,17.7326
2579,85.967,1027,331,2092,1844,8.6634,18.2735
2580,86.000,1027,331,2093,1844,8.6085,18.3175
2581,86.033,1027,331,2093,1844,8.6331,18.6131
2582,86.067,1027,332,2093,1844,8.7831,17.2159
2583,86.100,1027,327,2091,1844,7.2130,17.7111
2584,86.133,1025,326,2091,1844,7.8913,18.0824
2585,86.167,1026,326,2091,1844,7.8065,18.7628
2586,86.200,1026,326,2089,1843,7.3604,18.3288
2587,86.233,1026,327,2089,1844,7.4873,18.6863
2588,86.267,1026,327,2089,1844,7.4830,18.7360
2589,86.300,1026,327,2089,1843,7.4349,18.6570
2590,86.333,1026,327,2089,1843,7.8550,18.4626
2591,86.367,1025,328,2089,1843,7.9133,16.6266
2592,86.400,1024,328,2089,1843,8.3508,16.6118
2593,86.433,1024,328,2090,1844,7.6607,18.7981
2594,86.467,1023,328,2089,1843,8.5575,17.5973
2595,86.500,1023,320,2088,1843,6.4498,20.7735
2596,86.533,1023,322,2087,1844,6.7802,19.3452
2597,86.567,1021,320,2086,1843,5.9844,19.2547
2598,86.600,1022,323,2085,1842,6.0859,21.4049
2599,86.633,1023,321,2086,1842,6.5517,20.9158
2600,86.667,1023,322,2086,1843,7.3335,19.5232
2601,86.700,1024,323,2087,1843,7.9453,19.2607
2602,86.733,1024,323,2086,1844,7.7168,19.7166
2603,86.767,1024,323,2087,1843,8.1424,19.1054
2604,86.800,1024,322,2087,1843,7.7364,19.5935
2605,86.833,1024,323,2087,1843,8.1274,19.1325
2606,86.867,1025,324,2087,1843,8.9649,17.0352
2607,86.900,1025,323,2087,1843,7.6082,18.3909
2608,86.933,1024,323,2088,1842,7.4213,18.1281
2609,86.967,1024,323,2088,1842,7.4829,17.5384
2610,87.000,1024,323,2087,1841,5.8719,17.7774
2611,87.033,1023,323,2087,1841,6.1680,18.1634
2612,87.067,1023,323,2088,1842,6.6459,18.3527
2613,87.100,1023,324,2089,1840,5.0768,17.4087
2614,87.133,1023,322,2089,1840,5.4471,18.1082
2615,87.167,1022,323,2088,1842,6.1833,18.0329
2616,87.200,1022,324,2088,1842,6.9426,18.9445
2617,87.233,1020,322,2090,1844,5.8021,18.7273
2618,87.267,1019,322,2090,1844,7.8095,18.4056
2619,87.300,1019,322,2090,1844,7.9230,18.3865
2620,87.333,1019,321,2090,1843,6.0243,18.2446
2621,87.367,1019,320,2090,1844,4.6906,17.6583
2622,87.400,1019,320,2089,1844,5.3652,17.4269
2623,87.433,1019,320,2090,1844,4.6938,17.6251
2624,87.467,1019,320,2090,1844,4.4084,17.3788
2625,87.500,1019,320,2089,1844,5.2914,17.7011
2626,87.533,1020,321,2089,1844,5.2030,17.3637
2627,87.567,1020,321,2089,1844,4.5411,16.9820
2628,87.600,1020,320,2089,1844,4.0278,18.3559
2629,87.633,1020,320,2089,1844,4.6678,18.5208
2630,87.667,1020,321,2089,1845,5.2743,17.8462
2631,87.700,1020,321,2089,1845,5.8841,17.9571
2632,87.733,1020,321,2089,1845,6.0620,18.1479
2633,87.767,1019,321,2090,1845,5.8363,18.8734
2634,87.800,1019,321,2090,1845,5.8909,18.7658
2635,87.833,1019,322,2090,1845,6.2315,19.3574
2636,87.867,1019,321,2090,1845,5.5534,18.6726
2637,87.900,1019,322,2090,1845,6.0960,19.5402
2638,87.933,1020,322,2091,1845,6.0401,20.0329
2639,87.967,1020,326,2090,1846,7.7562,19.0776
2640,88.000,1020,324,2091,1847,6.9382,18.8862
2641,88.033,1020,318,2090,1843,6.4875,17.3379
2642,88.067,1022,315,2088,1840,7.7279,17.2833
2643,88.100,1021,315,2089,1840,6.1441,17.0003
2644,88.133,1021,316,2090,1841,6.4147,16.2468
2645,88.167,1020,316,2090,1841,6.2809,16.1042
2646,88.200,1021,316,2090,1841,5.2593,15.1553
2647,88.233,1020,317,2090,1842,6.6320,14.8004
2648,88.267,1020,318,2091,1842,6.4973,16.6519
2649,88.300,1020,316,2091,1842,6.6194,14.7563
2650,88.333,1020,315,2092,1843,7.2363,14.1810
2651,88.367,1020,315,2091,1843,6.7269,14.1061
2652,88.400,1020,316,2090,1843,5.8204,15.5223
2653,88.433,1020,316,2090,1843,6.3805,15.1783
2654,88.467,1021,313,2088,1840,7.1805,14.8533
2655,88.500,1020,314,2088,1840,5.8355,15.5746
2656,88.533,1020,316,2088,1841,6.5074,15.5517
2657,88.567,1021,316,2088,1841,6.9001,16.6133
2658,88.600,1020,315,2089,1841,8.2367,15.8952
2659,88.633,1019,317,2090,1842,6.2070,17.9502
2660,88.667,1017,319,2091,1843,6.7439,18.3882
2661,88.700,1019,318,2093,1843,6.6959,18.0346
2662,88.733,1020,321,2093,1844,8.8305,19.3453
2663,88.767,1019,318,2094,1844,5.8122,20.4450
2664,88.800,1018,316,2094,1844,2.7606,20.4886
2665,88.833,1018,316,2094,1844,2.1396,20.8265
2666,88.867,1019,308,2093,1841,5.6743,17.3734
2667,88.900,1018,313,2091,1842,4.8508,17.3589
2668,88.933,1018,313,2091,1843,3.8896,18.7848
2669,88.967,1018,316,2091,1843,7.1135,18.8369
2670,89.000,1018,315,2092,1843,9.7704,19.0104
2671,89.033,1019,316,2093,1842,8.2297,18.4734
2672,89.067,1019,316,2094,1842,6.3663,17.0894
2673,89.100,1022,323,2093,1846,6.9900,20.1595
2674,89.133,1023,326,2094,1847,10.8365,20.2128
2675,89.167,1022,325,2094,1847,9.6687,19.3344
2676,89.200,1022,324,2094,1848,10.0613,20.4572
2677,89.233,1021,324,2095,1848,10.2483,20.1095
2678,89.267,1021,322,2096,1848,7.3764,20.4832
2679,89.300,1021,323,2095,1848,7.4038,19.5908
2680,89.333,1021,325,2094,1847,9.9724,19.3215
2681,89.367,1021,322,2094,1847,7.5176,19.0762
2682,89.400,1023,322,2095,1847,6.8029,20.4184
2683,89.433,1025,325,2093,1848,0.4749,20.2335
2684,89.467,1027,326,2094,1848,-5.8119,17.1396
2685,89.500,1027,326,2094,1848,-5.9892,17.2308
2686,89.533,1028,328,2095,1849,-6.0120,17.8860
2687,89.567,1027,328,2095,1849,-4.8025,17.8825
2688,89.600,1027,329,2094,1849,-3.2834,18.2025
2689,89.633,1027,329,2095,1849,-4.7320,19.1565
2690,89.667,1028,329,2094,1850,-4.2842,17.3344
2691,89.700,1027,328,2092,1849,4.3926,16.2109
2692,89.733,1028,329,2091,1849,6.2901,17.3946
2693,89.767,1026,326,2093,1848,9.6357,16.9747
2694,89.800,1026,324,2092,1848,8.6638,18.3565
2695,89.833,1025,325,2093,1849,10.4728,17.1003
2696,89.867,1025,325,2093,1849,10.4777,16.5864
2697,89.900,1026,337,2087,1848,12.7153,18.6428
2698,89.933,1026,337,2088,1847,13.2670,19.7085
2699,89.967,1026,336,2088,1847,12.8591,19.1764
2700,90.000,1025,335,2089,1847,18.5703,18.3915
2701,90.033,1024,335,2088,1847,16.6924,18.4411
2702,90.067,1023,332,2087,1842,17.8526,16.2835
2703,90.100,1015,342,2079,1834,15.1094,17.0589
2704,90.133,1015,342,2079,1834,15.1478,17.0370
2705,90.167,1018,337,2088,1826,13.6832,16.8310
2706,90.200,1015,347,2091,1828,13.9887,16.3721
2707,90.233,1019,345,2092,1832,13.4191,13.9486
2708,90.267,1020,344,2091,1838,11.5099,15.9485
2709,90.300,1016,349,2090,1838,7.4723,17.4940
2710,90.333,1016,347,2092,1839,9.0367,18.4621
2711,90.367,1015,350,2092,1837,-4.5201,18.0379
2712,90.400,1015,352,2093,1840,-4.7350,17.0647
2713,90.433,1015,352,2094,1840,-3.4893,16.1740
2714,90.467,1015,348,2092,1842,-4.5006,18.1168
2715,90.500,1013,351,2092,1842,-2.4710,17.1859
2716,90.533,1013,352,2092,1843,-5.0848,20.1656
2717,90.567,1013,349,2093,1844,-5.5001,18.7327
2718,90.600,1013,352,2094,1846,-5.3458,21.2338
2719,90.633,1013,350,2094,1845,-3.3398,21.3177
2720,90.667,1014,352,2094,1844,-5.8240,23.0887
2721,90.700,1015,349,2095,1844,-4.9895,20.6103
2722,90.733,1016,346,2093,1844,-1.5266,22.5492
2723,90.767,1015,345,2093,1843,-2.6230,21.9835
2724,90.800,1016,344,2092,1843,-2.6921,20.3751
2725,90.833,1014,345,2095,1842,0.2451,20.6129
2726,90.867,1013,348,2095,1842,-0.7452,20.5543
2727,90.900,1014,351,2095,1843,1.7812,20.8308
2728,90.933,1014,352,2095,1845,2.4646,22.1070
2729,90.967,1012,357,2098,1844,2.1650,22.5345
2730,91.000,1012,358,2098,1844,1.2911,21.9514
2731,91.033,1012,356,2098,1845,3.9017,22.2727
2732,91.067,1013,357,2097,1845,1.9321,22.4852
2733,91.100,1015,354,2096,1845,1.0400,20.9074
2734,91.133,1014,354,2095,1845,-0.4422,21.3473
2735,91.167,1015,352,2094,1844,2.4679,23.7236
2736,91.200,1014,353,2095,1845,2.0314,21.3378
2737,91.233,1015,355,2095,1844,-2.3428,19.8318
2738,91.267,1015,357,2095,1844,-2.1038,21.2923
2739,91.300,1015,356,2095,1844,-2.6183,20.3242
2740,91.333,1015,357,2095,1844,-1.7199,21.6434
2741,91.367,1014,356,2094,1843,-5.1359,20.1940
2742,91.400,1014,358,2094,1843,-4.3955,21.4315
2743,91.433,1015,357,2094,1843,-3.8427,22.9378
2744,91.467,1015,358,2094,1843,-6.4491,20.6862
2745,91.500,1015,358,2094,1843,-4.9376,20.8245
2746,91.533,1016,350,2094,1843,-6.7517,20.3973
2747,91.567,1018,329,2090,1838,0.0024,21.1498
2748,91.600,1019,322,2087,1836,-2.7496,19.9546
2749,91.633,1019,310,2086,1833,0.5512,18.1250
2750,91.667,1017,332,2090,1838,-0.2216,22.3930
2751,91.700,1017,332,2090,1838,0.3372,22.6934
2752,91.733,1015,337,2090,1840,-4.3189,21.4053
2753,91.767,1014,337,2089,1840,-4.6218,20.8702
2754,91.800,1014,341,2091,1842,-1.9886,22.4439
2755,91.833,1014,343,2091,1842,-3.6528,22.2117
2756,91.867,1014,344,2091,1843,-4.2586,20.4425
2757,91.900,1013,345,2093,1844,-0.7281,21.5186
2758,91.933,1012,344,2093,1849,4.7338,22.6287
2759,91.967,1012,342,2095,1850,5.3652,22.6903
2760,92.000,1013,345,2094,1851,3.6944,23.1819
2761,92.033,1013,347,2094,1853,3.8224,22.6983
2762,92.067,1013,344,2094,1854,3.8728,23.8119
2763,92.100,1015,343,2096,1853,3.1135,21.7282
2764,92.133,1016,340,2097,1852,5.2697,21.5168
2765,92.167,1016,340,2096,1851,5.1059,22.1248
2766,92.200,1020,349,2096,1853,3.2119,21.8804
2767,92.233,1022,344,2096,1852,2.9784,20.8471
2768,92.267,1023,344,2093,1852,2.7600,21.9445
2769,92.300,1024,336,2090,1851,9.5888,23.8622
2770,92.333,1023,335,2090,1853,7.7574,23.7403
2771,92.367,1025,337,2090,1852,8.5141,24.5781
2772,92.400,1024,339,2090,1852,6.5383,24.2720
2773,92.433,1025,338,2089,1851,1.7965,24.5481
2774,92.467,1026,337,2090,1853,5.9229,23.8394
2775,92.500,1030,339,2088,1853,-4.1088,18.4751
2776,92.533,1031,339,2089,1853,-4.0259,18.8185
2777,92.567,1031,338,2089,1852,-7.7511,18.7997
2778,92.600,1033,341,2088,1853,-2.6396,19.8701
2779,92.633,1034,337,2088,1857,-2.2652,20.2517
2780,92.667,1034,333,2089,1858,-3.8936,19.2016
2781,92.700,1032,330,2091,1856,4.7951,18.9168
2782,92.733,1032,328,2090,1856,7.1897,18.0459
2783,92.767,1031,323,2087,1856,5.4433,18.2306
2784,92.800,1028,321,2088,1858,5.1803,18.9767
2785,92.833,1023,319,2089,1859,4.7787,19.3647
2786,92.867,1023,322,2089,1858,5.3618,19.6703
2787,92.900,1026,313,2084,1853,8.4324,20.2697
2788,92.933,1029,313,2087,1854,11.3240,19.8260
2789,92.967,1028,312,2089,1854,10.6196,19.4024
2790,93.000,1030,315,2089,1855,9.2959,19.8990
2791,93.033,1029,314,2088,1857,11.0994,20.9712
2792,93.067,1030,317,2090,1859,10.5671,19.7044
2793,93.100,1027,333,2089,1858,5.5632,18.9398
2794,93.133,1027,330,2089,1858,6.7824,19.1781
2795,93.167,1026,331,2090,1859,6.1230,18.7112
2796,93.200,1025,330,2090,1859,7.6270,18.2453
2797,93.233,1023,329,2092,1859,6.3172,18.9231
2798,93.267,1022,330,2091,1858,9.4007,20.6734
2799,93.300,1023,331,2089,1859,1.3190,16.9874
2800,93.333,1024,330,2088,1858,-0.5976,16.0010
2801,93.367,1023,330,2088,1857,1.2991,17.1651
2802,93.400,1022,330,2089,1857,1.2186,16.2224
2803,93.433,1022,327,2089,1856,2.0450,17.5363
2804,93.467,1023,330,2090,1856,-7.8585,19.1266
2805,93.500,1021,330,2091,1855,-8.7912,19.9470
2806,93.533,1021,325,2090,1856,-7.3792,18.2725
2807,93.567,1021,328,2090,1857,-7.8779,20.1903
2808,93.600,1022,328,2090,1857,-5.3916,19.6845
2809,93.633,1024,325,2090,1857,-5.9086,16.5337
2810,93.667,1024,326,2091,1857,-5.6547,17.9916
2811,93.700,1024,328,2091,1857,-3.9242,18.9033
2812,93.733,1024,327,2092,1857,-4.3495,19.5154
2813,93.767,1024,328,2092,1857,-2.6875,18.9829
2814,93.800,1024,330,2092,1857,-4.1775,19.2226
2815,93.833,1024,330,2092,1857,-4.0348,18.7311
2816,93.867,1022,330,2091,1857,0.5551,21.3919
2817,93.900,1022,331,2091,1857,4.6569,20.7372
2818,93.933,1021,329,2091,1856,4.3082,19.1282
2819,93.967,1020,330,2091,1854,3.0514,19.8098
2820,94.000,1021,329,2092,1855,3.1852,19.5035
2821,94.033,1021,330,2092,1855,5.3025,19.8139
2822,94.067,1022,330,2092,1856,5.2259,19.3081
2823,94.100,1020,331,2094,1854,5.2534,17.6748
2824,94.133,1020,329,2093,1853,4.4467,19.4122
2825,94.167,1020,330,2092,1851,5.3414,19.5894
2826,94.200,1020,329,2091,1849,3.4242,18.8724
2827,94.233,1020,329,2091,1849,3.6977,17.4911
2828,94.267,1020,330,2090,1849,4.4435,18.1664
2829,94.300,1020,331,2090,1846,5.9275,18.6764
2830,94.333,1024,315,2086,1847,8.4577,22.5582
2831,94.367,1022,314,2087,1845,7.0486,22.4107
2832,94.400,1021,318,2090,1845,11.2621,21.3812
2833,94.433,1021,322,2092,1846,10.0753,20.6353
2834,94.467,1021,320,2092,1845,8.3921,19.3987
2835,94.500,1021,321,2090,1845,7.9645,19.9284
2836,94.533,1023,318,2089,1847,6.6423,19.3805
2837,94.567,1021,317,2089,1847,6.3455,18.8452
2838,94.600,1021,319,2089,1848,2.8250,18.8161
2839,94.633,1024,325,2087,1849,0.1709,19.0859
2840,94.667,1024,324,2088,1849,0.1162,19.6045
2841,94.700,1024,325,2087,1850,-0.8102,20.3040
2842,94.733,1024,325,2088,1852,-3.2831,20.0535
2843,94.767,1023,326,2088,1851,-4.2843,18.5642
2844,94.800,1023,322,2087,1852,-3.2670,19.1740
2845,94.833,1023,322,2087,1852,-3.4153,18.5623
2846,94.867,1023,320,2087,1852,-1.1152,17.0706
2847,94.900,1021,321,2086,1852,-1.1089,18.5351
2848,94.933,1017,323,2088,1856,-1.6485,19.1437
2849,94.967,1015,320,2089,1860,-2.4727,18.3010
2850,95.000,1015,319,2088,1862,-4.4942,17.9618
2851,95.033,1016,320,2089,1862,-4.3208,16.9774
2852,95.067,1016,317,2089,1861,-3.2561,18.5649
2853,95.100,1015,313,2090,1861,-2.7262,14.8948
2854,95.133,1016,311,2091,1860,2.2908,15.9399
2855,95.167,1016,311,2092,1861,3.4917,14.8091
2856,95.200,1016,311,2091,1861,2.0422,15.3507
2857,95.233,1017,312,2090,1861,1.9721,14.5677
2858,95.267,1019,316,2089,1861,1.0098,14.7746
2859,95.300,1019,315,2090,1861,0.1162,15.4525
2860,95.333,1021,316,2089,1862,0.5563,16.0481
2861,95.367,1021,319,2088,1860,2.0054,16.4846
2862,95.400,1022,322,2087,1860,4.3962,17.5652
2863,95.433,1022,322,2087,1860,4.5458,17.7466
2864,95.467,1022,322,2087,1859,4.7391,17.2887
2865,95.500,1022,323,2086,1860,4.1952,17.9179
2866,95.533,1022,327,2087,1862,8.1093,17.3453
2867,95.567,1022,330,2087,1862,9.6593,17.9820
2868,95.600,1024,332,2086,1862,16.3606,16.4175
2869,95.633,1023,328,2086,1860,15.8792,16.0392
2870,95.667,1022,325,2085,1859,19.0694,13.9170
2871,95.700,1021,324,2086,1860,19.8477,14.8111
2872,95.733,1020,323,2086,1860,16.1516,16.4995
2873,95.767,1021,323,2086,1860,19.9407,16.8131
2874,95.800,1020,323,2085,1858,16.8284,17.2845
2875,95.833,1021,325,2086,1859,16.9037,17.9955
2876,95.867,1021,326,2084,1858,16.9661,16.4966
2877,95.900,1021,327,2084,1858,18.5710,16.0036
2878,95.933,1020,326,2085,1861,17.4292,16.2363
2879,95.967,1020,327,2085,1861,17.2126,15.4689
2880,96.000,1020,328,2084,1863,15.5269,16.7240
2881,96.033,1019,326,2085,1863,14.7780,16.1630
2882,96.067,1020,326,2085,1864,18.3029,16.9199
2883,96.100,1021,327,2084,1864,16.7001,15.5406
2884,96.133,1021,330,2084,1865,17.2611,16.2773
2885,96.167,1019,330,2083,1866,13.5860,19.1530
2886,96.200,1018,330,2085,1866,13.9960,17.3100
2887,96.233,1017,329,2084,1866,16.5311,19.8008
2888,96.267,1018,328,2084,1866,13.0601,18.1629
2889,96.300,1017,330,2083,1866,14.5014,18.5172
2890,96.333,1018,330,2083,1867,15.9491,18.7441
2891,96.367,1018,331,2082,1866,15.5141,19.2372
2892,96.400,1018,328,2082,1866,11.5008,18.3449
2893,96.433,1019,325,2082,1866,13.5285,18.2925
2894,96.467,1019,325,2083,1866,14.6933,19.3840
2895,96.500,1020,332,2080,1867,1.9887,17.7517
2896,96.533,1019,331,2079,1867,2.5338,18.7904
2897,96.567,1020,330,2079,1867,-0.9340,19.7069
2898,96.600,1021,329,2078,1867,-0.1824,17.8834
2899,96.633,1020,328,2078,1867,-2.4071,17.2429
2900,96.667,1022,326,2076,1865,-9.8331,17.6927
2901,96.700,1021,326,2077,1866,-9.5435,19.2505
2902,96.733,1022,327,2078,1866,-12.0479,17.3771
2903,96.767,1023,327,2077,1867,-11.2325,17.0010
2904,96.800,1023,328,2078,1868,-10.1422,17.9961
2905,96.833,1023,329,2079,1869,-9.3181,17.9113
2906,96.867,1022,330,2079,1869,-9.8109,16.8500
2907,96.900,1022,330,2079,1870,-9.2311,17.5704
2908,96.933,1022,331,2080,1869,-7.9986,16.3167
2909,96.967,1021,335,2080,1870,-9.6599,18.2516
2910,97.000,1021,335,2080,1870,-9.7578,18.4545
2911,97.033,1020,334,2080,1870,-10.0618,18.1927
2912,97.067,1019,335,2081,1871,-9.8622,18.4695
2913,97.100,1018,335,2081,1871,-10.3117,19.6314
2914,97.133,1018,335,2082,1872,-10.0240,19.5259
2915,97.167,1018,335,2082,1872,-10.1008,19.4391
2916,97.200,1017,335,2083,1872,-9.8432,18.9531
2917,97.233,1017,335,2083,1873,-11.1526,18.7168
2918,97.267,1017,333,2083,1873,-11.1627,19.1422
2919,97.300,1017,332,2083,1873,-11.2780,19.3336
2920,97.333,1017,333,2083,1872,-10.2712,19.1684
2921,97.367,1016,331,2084,1873,-12.0912,18.8935
2922,97.400,1016,332,2085,1872,-11.3323,19.7048
2923,97.433,1016,332,2085,1873,-10.9865,19.7345
2924,97.467,1015,332,2086,1872,-12.0994,20.5375
2925,97.500,1016,332,2085,1872,-12.2704,21.1306
2926,97.533,1017,331,2084,1869,-11.7059,20.9680
2927,97.567,1018,325,2089,1873,-8.6924,21.8219
2928,97.600,1016,325,2089,1872,-12.0436,20.8411
2929,97.633,1016,325,2089,1872,-11.7455,20.8746
2930,97.667,1016,323,2089,1872,-10.5013,21.0994
2931,97.700,1016,323,2089,1872,-10.6133,20.9984
2932,97.733,1016,323,2089,1872,-10.7918,21.5791
2933,97.767,1015,323,2089,1872,-10.1747,20.7591
2934,97.800,1015,324,2089,1872,-8.8348,21.2213
2935,97.833,1016,325,2090,1872,-9.6744,21.4129
2936,97.867,1015,323,2091,1871,-9.6160,20.7074
2937,97.900,1014,325,2090,1873,-9.5762,21.1061
2938,97.933,1015,321,2090,1877,-8.4357,20.9498
2939,97.967,1006,324,2082,1884,-4.3189,18.1767
2940,98.000,1007,323,2083,1885,-2.7500,17.6666
2941,98.033,1007,320,2084,1884,5.9670,13.1078
2942,98.067,1008,319,2083,1884,5.8750,13.2804
2943,98.100,1008,318,2082,1883,4.9907,12.7908
2944,98.133,1007,320,2084,1883,2.9660,12.8629
2945,98.167,1007,321,2084,1884,4.0216,13.3348
2946,98.200,1007,320,2084,1883,3.2595,12.8672
2947,98.233,1006,319,2082,1882,6.1225,13.4947
2948,98.267,1006,319,2081,1882,9.5392,15.7604
2949,98.300,1005,320,2082,1882,10.8627,14.5812
2950,98.333,1005,320,2081,1882,8.7921,15.1574
2951,98.367,1004,318,2081,1882,4.1177,15.5661
2952,98.400,1004,319,2081,1882,3.1409,14.5369
2953,98.433,1005,323,2081,1884,-4.2346,15.8846
2954,98.467,1005,322,2081,1884,-2.5768,17.3300
2955,98.500,1005,322,2080,1883,-2.6686,17.6142
2956,98.533,1005,319,2081,1882,-5.4302,17.2079
2957,98.567,1004,321,2083,1882,-6.5779,17.4869
2958,98.600,1005,320,2083,1882,-6.0641,17.1168
2959,98.633,1005,321,2084,1882,-7.7977,16.8984
2960,98.667,1004,320,2084,1882,-5.9606,17.9800
2961,98.700,1004,320,2084,1882,-6.3839,17.6508
2962,98.733,1004,320,2083,1881,-5.9001,16.2562
2963,98.767,1004,320,2083,1882,-5.5740,17.0699
2964,98.800,1004,319,2084,1882,-4.1020,16.5198
2965,98.833,1004,320,2083,1882,-4.9894,16.0050
2966,98.867,1017,312,2090,1878,-6.6682,15.5940
2967,98.900,1016,312,2090,1879,-6.0403,16.5694
2968,98.933,1017,310,2089,1879,-0.9544,17.0252
2969,98.967,1004,319,2083,1880,0.9535,16.3060
2970,99.000,1016,309,2090,1877,0.8764,15.4726
2971,99.033,1015,312,2088,1876,0.7644,13.3044
2972,99.067,1013,312,2085,1875,3.1794,14.9652
2973,99.100,1010,309,2086,1873,16.4474,11.0909
2974,99.133,1013,313,2083,1874,17.5423,12.0778
2975,99.167,1018,306,2078,1872,18.1413,9.0881
2976,99.200,1023,296,2075,1868,17.8675,11.0702
2977,99.233,1025,296,2075,1867,18.9324,9.6519
2978,99.267,1024,303,2076,1865,13.3302,12.1346
2979,99.300,1021,311,2078,1868,13.2989,10.5537
2980,99.333,1021,311,2079,1868,15.3739,9.5086
2981,99.367,1021,309,2078,1867,13.5952,10.4027
2982,99.400,1017,318,2080,1869,17.9127,9.9502
2983,99.433,1017,317,2079,1869,17.7848,10.8994
2984,99.467,1017,318,2080,1869,17.3026,9.7999
2985,99.500,1017,318,2080,1869,16.5417,9.7708
2986,99.533,1018,319,2080,1869,16.4696,8.9200
2987,99.567,1018,319,2079,1869,18.0571,11.1681
2988,99.600,1017,318,2080,1869,18.4369,11.7646
2989,99.633,1016,321,2080,1869,15.7787,11.9694
2990,99.667,1018,322,2079,1870,16.2083,12.1593
2991,99.700,1018,321,2079,1870,18.5381,14.6350
2992,99.733,1019,321,2079,1870,16.3014,14.4409
2993,99.767,1018,321,2079,1870,18.6269,15.4534
2994,99.800,1016,324,2079,1871,17.5770,16.8833
2995,99.833,1016,321,2079,1871,18.1122,15.4131
2996,99.867,1017,321,2079,1871,17.4744,14.9877
2997,99.900,1017,324,2079,1871,14.9984,18.6617
2998,99.933,1019,323,2080,1871,16.5018,14.9416
2999,99.967,1019,324,2079,1870,17.0832,15.2096
3000,100.000,1019,323,2080,1870,17.6470,15.3665
3001,100.033,1020,323,2080,1870,18.0259,15.9891
3002,100.067,1019,324,2080,1870,15.9082,15.5610
3003,100.100,1019,323,2080,1871,14.0287,16.3349
3004,100.133,1019,325,2080,1871,13.1035,15.6488
3005,100.167,1019,325,2080,1871,12.8268,15.7902
3006,100.200,1019,325,2079,1871,13.3215,16.1967
3007,100.233,1018,326,2079,1871,13.3916,14.8565
3008,100.267,1017,321,2079,1871,11.9452,16.6823
3009,100.300,1017,321,2080,1872,11.2280,18.8245
3010,100.333,1017,321,2079,1872,12.4274,20.4225
3011,100.367,1016,321,2079,1872,11.6445,20.3307
3012,100.400,1016,319,2078,1872,15.3582,19.2660
3013,100.433,1017,319,2078,1872,13.0779,19.0288
3014,100.467,1016,319,2079,1872,11.0078,19.2203
3015,100.500,1016,319,2079,1872,12.2973,19.1930
3016,100.533,1016,317,2079,1871,13.3961,20.3358
3017,100.567,1017,317,2079,1872,12.3607,19.9237
3018,100.600,1016,318,2079,1872,11.0476,19.0855
3019,100.633,1016,316,2078,1872,11.9335,19.1988
3020,100.667,1015,318,2080,1873,9.1152,19.3470
3021,100.700,1015,320,2080,1873,9.8688,19.3077
3022,100.733,1021,322,2080,1873,-3.2261,16.1838
3023,100.767,1024,324,2079,1873,-6.1505,14.1722
3024,100.800,1024,326,2079,1874,-5.3374,14.8487
3025,100.833,1024,326,2080,1874,-4.4036,13.6102
3026,100.867,1023,328,2080,1874,-7.6629,14.2310
3027,100.900,1023,329,2080,1874,-5.7280,15.2893
3028,100.933,1023,330,2080,1875,-7.4476,15.6309
3029,100.967,1023,333,2080,1874,-7.3089,13.5078
3030,101.000,1023,333,2080,1874,-7.8144,13.9775
3031,101.033,1023,332,2081,1874,-7.4316,12.1497
3032,101.067,1022,330,2081,1875,-7.7433,14.1820
3033,101.100,1023,330,2081,1876,-7.2640,14.2630
3034,101.133,1023,330,2081,1876,-7.0057,14.3944
3035,101.167,1024,330,2081,1877,-5.4651,13.7997
3036,101.200,1023,330,2081,1876,-7.1860,14.0973
3037,101.233,1021,328,2082,1876,-0.5281,14.8533
3038,101.267,1022,328,2082,1876,-1.5499,14.3358
3039,101.300,1021,327,2082,1877,-1.0434,14.0876
3040,101.333,1021,326,2082,1877,0.1151,14.6818
3041,101.367,1019,325,2081,1877,-0.2809,15.4439
3042,101.400,1018,325,2081,1876,0.1555,15.1868
3043,101.433,1018,325,2081,1876,5.0579,14.3445
3044,101.467,1017,322,2081,1875,6.9958,13.6440
3045,101.500,1018,323,2081,1875,7.4956,12.7072
3046,101.533,1020,323,2082,1875,7.2654,13.0544
3047,101.567,1022,325,2081,1875,6.0556,12.1017
3048,101.600,1023,327,2082,1875,6.6033,12.6986
3049,101.633,1027,308,2075,1869,8.4487,14.8535
3050,101.667,1026,308,2075,1867,7.7967,15.6525
3051,101.700,1027,309,2075,1866,8.3417,16.3544
3052,101.733,1024,320,2078,1871,7.9809,13.0530
3053,101.767,1022,326,2082,1874,10.3576,14.9218
3054,101.800,1022,323,2081,1875,9.6196,16.7230
3055,101.833,1022,323,2082,1875,9.0753,15.9505
3056,101.867,1021,322,2082,1875,7.7697,15.3850
3057,101.900,1021,322,2082,1875,7.7338,14.6904
3058,101.933,1021,321,2082,1874,7.4401,15.5607
3059,101.967,1020,320,2083,1873,6.8733,15.3804
3060,102.000,1020,320,2083,1873,7.5547,15.1978
3061,102.033,1020,319,2083,1873,7.3901,15.2162
3062,102.067,1020,318,2082,1873,7.5935,16.8512
3063,102.100,1006,324,2074,1874,3.3572,16.3411
3064,102.133,1007,325,2074,1874,2.8083,16.0512
3065,102.167,1007,325,2075,1874,2.6025,15.4275
3066,102.200,1007,325,2075,1873,3.1699,16.7193
3067,102.233,1021,319,2082,1875,2.4422,14.4359
3068,102.267,1022,321,2082,1874,3.1907,15.7143
3069,102.300,1022,322,2083,1875,3.7485,14.2734
3070,102.333,1022,323,2083,1875,2.6304,14.1215
3071,102.367,1023,326,2084,1874,0.3724,14.6819
3072,102.400,1023,327,2083,1875,0.3391,14.1332
3073,102.433,1023,327,2083,1875,0.3565,13.8746
3074,102.467,1023,327,2083,1875,0.6833,13.5353
3075,102.500,1022,326,2083,1874,0.3985,13.6092
3076,102.533,1022,326,2083,1874,0.1539,14.6425
3077,102.567,1023,327,2083,1874,-2.7808,14.6285
3078,102.600,1023,327,2082,1874,-4.2730,13.4390
3079,102.633,1023,326,2082,1875,-3.4617,12.1377
3080,102.667,1024,328,2082,1874,-7.1566,14.3410
3081,102.700,1024,330,2083,1875,-6.1167,14.3791
3082,102.733,1024,330,2083,1875,-7.0412,14.7665
3083,102.767,1024,331,2083,1875,-5.8973,14.4781
3084,102.800,1022,330,2083,1875,2.2683,15.6309
3085,102.833,1022,329,2083,1875,1.5291,13.7162
3086,102.867,1021,332,2084,1875,6.7189,14.0088
3087,102.900,1021,334,2084,1876,5.6693,15.2015
3088,102.933,1020,331,2084,1875,7.1119,14.9020
3089,102.967,1019,330,2084,1875,5.9543,16.1805
3090,103.000,1019,328,2084,1874,6.6681,13.6348
3091,103.033,1019,332,2083,1874,6.8944,14.0538
3092,103.067,1019,332,2084,1873,5.8025,13.7999
3093,103.100,1020,326,2083,1872,7.6709,14.3876
3094,103.133,1020,327,2083,1872,7.0765,14.3221
3095,103.167,1020,327,2083,1872,7.0991,14.0889
3096,103.200,1020,328,2083,1872,5.9608,13.9801
3097,103.233,1021,328,2083,1872,6.1515,14.2348
3098,103.267,1021,328,2083,1872,5.4194,15.0002
3099,103.300,1021,329,2082,1872,5.2355,15.2728
3100,103.333,1021,329,2082,1872,5.8645,15.8252
3101,103.367,1022,329,2082,1872,2.1776,16.2729
3102,103.400,1022,330,2082,1872,2.1261,15.1846
3103,103.433,1021,329,2082,1872,2.2337,15.5748
3104,103.467,1022,329,2083,1872,2.9791,17.4901
3105,103.500,1023,328,2083,1872,-2.2654,18.4107
3106,103.533,1024,329,2082,1872,1.0251,19.6925
3107,103.567,1023,331,2083,1872,-3.5701,16.9787
3108,103.600,1024,332,2082,1873,-3.3423,16.4100
3109,103.633,1025,331,2081,1872,-1.5826,16.8513
3110,103.667,1025,330,2081,1872,-3.7147,16.8047
3111,103.700,1025,330,2081,1872,-3.4360,16.8503
3112,103.733,1024,328,2082,1872,-0.8307,18.0418
3113,103.767,1023,330,2082,1871,-2.6524,17.7421
3114,103.800,1025,331,2081,1872,1.1093,15.4160
3115,103.833,1024,331,2080,1871,1.1851,15.5344
3116,103.867,1024,330,2081,1871,0.1495,18.0249
3117,103.900,1024,330,2081,1871,1.1425,17.7194
3118,103.933,1024,331,2081,1872,3.1841,15.7174
3119,103.967,1024,330,2082,1872,3.8761,15.4779
3120,104.000,1023,330,2082,1872,3.1576,16.7733
3121,104.033,1023,329,2082,1873,5.7697,16.0746
3122,104.067,1023,329,2082,1873,6.6932,15.5586
3123,104.100,1025,332,2083,1872,5.6085,18.3120
3124,104.133,1025,332,2083,1872,5.2321,18.4738
3125,104.167,1025,332,2083,1872,5.0390,18.2175
3126,104.200,1025,332,2084,1872,7.3387,17.4034
3127,104.233,1026,335,2083,1874,1.5390,17.9041
3128,104.267,1025,335,2082,1874,-0.3570,19.5203
3129,104.300,1026,335,2082,1874,-1.1404,17.8297
3130,104.333,1028,333,2081,1873,-1.5893,17.0368
3131,104.367,1032,307,2073,1865,-3.3255,19.8934
3132,104.400,1030,309,2075,1865,-1.2417,19.1890
3133,104.433,1031,324,2078,1866,-8.3744,20.0021
3134,104.467,1029,331,2080,1870,-6.3583,20.7715
3135,104.500,1031,334,2080,1870,-5.3893,18.6385
3136,104.533,1028,335,2083,1871,-3.3204,16.7593
3137,104.567,1025,339,2085,1872,-4.6017,20.2397
3138,104.600,1026,336,2085,1873,-6.9783,17.1896
3139,104.633,1025,336,2085,1872,-6.7352,17.5338
3140,104.667,1025,335,2084,1873,-6.5928,16.9871
3141,104.700,1026,335,2085,1872,-7.6470,17.0388
3142,104.733,1026,336,2083,1872,-3.7110,19.9162
3143,104.767,1025,335,2083,1872,-3.6618,18.2923
3144,104.800,1025,335,2083,1872,-4.1053,17.4126
3145,104.833,1025,335,2083,1872,-4.2301,17.3172
3146,104.867,1025,335,2083,1872,-4.1344,17.2024
3147,104.900,1024,333,2083,1872,-3.0506,19.4979
3148,104.933,1024,333,2083,1872,-3.1259,19.6553
3149,104.967,1025,333,2084,1873,-3.5460,19.0177
3150,105.000,1025,333,2083,1873,-4.0382,17.6510
3151,105.033,1025,334,2084,1873,-5.0426,18.0511
3152,105.067,1025,334,2084,1874,-6.3067,17.9607
3153,105.100,1024,333,2085,1873,-5.5397,19.5457
3154,105.133,1023,333,2085,1873,-5.2931,18.6079
3155,105.167,1024,333,2085,1873,-5.4674,20.4760
3156,105.200,1024,334,2085,1873,-4.2119,19.1949
3157,105.233,1024,335,2085,1874,-3.6281,19.0715
3158,105.267,1024,333,2084,1873,-7.2986,18.8190
3159,105.300,1025,335,2084,1874,-7.9509,18.6806
3160,105.333,1024,330,2084,1873,-5.5327,17.6778
3161,105.367,1023,329,2083,1873,-6.0340,17.6158
3162,105.400,1023,329,2083,1873,-6.0253,18.6443
3163,105.433,1022,325,2083,1872,-0.3611,19.6018
3164,105.467,1024,325,2083,1871,-0.4150,18.1009
3165,105.500,1023,322,2083,1871,5.0622,14.3871
3166,105.533,1025,321,2083,1870,5.8106,14.3558
3167,105.567,1027,318,2080,1868,3.5213,13.6714
3168,105.600,1027,306,2077,1863,9.2574,17.0298
3169,105.633,1028,307,2076,1862,8.6504,17.2122
3170,105.667,1027,307,2077,1861,8.6600,17.7305
3171,105.700,1024,321,2078,1864,9.1365,13.7058
3172,105.733,1024,321,2079,1865,8.4588,14.6165
3173,105.767,1023,322,2079,1866,9.6981,15.4637
3174,105.800,1021,324,2080,1867,8.1019,16.1321
3175,105.833,1021,328,2082,1868,8.0968,16.3718
3176,105.867,1021,328,2082,1868,8.1635,15.5659
3177,105.900,1021,329,2082,1872,8.7695,14.6623
3178,105.933,1021,328,2084,1872,10.3630,14.7685
3179,105.967,1021,328,2084,1872,10.9396,14.5535
3180,106.000,1021,329,2084,1872,11.1536,13.4480
3181,106.033,1021,329,2084,1873,10.7594,13.6680
3182,106.067,1021,328,2083,1873,3.2110,14.9612
3183,106.100,1020,333,2083,1871,0.4877,14.8343
3184,106.133,1020,333,2084,1872,2.0932,15.6507
3185,106.167,1020,333,2085,1872,1.0703,14.3477
3186,106.200,1020,332,2085,1872,2.0242,15.1148
3187,106.233,1020,332,2085,1872,1.7581,15.0400
3188,106.267,1021,331,2085,1872,1.4327,16.6931
3189,106.300,1022,329,2085,1871,0.5939,12.4950
3190,106.333,1022,330,2085,1872,0.5234,13.4329
3191,106.367,1022,330,2085,1872,-0.2364,13.2320
3192,106.400,1022,330,2085,1872,-0.8846,13.7146
3193,106.433,1022,330,2085,1872,-0.6762,13.9943
3194,106.467,1023,330,2084,1871,0.2222,14.8826
3195,106.500,1024,329,2084,1870,5.0189,11.9931
3196,106.533,1024,332,2085,1870,5.3602,11.7453
3197,106.567,1028,313,2080,1865,8.8409,14.4662
3198,106.600,1029,302,2079,1861,8.2282,16.3911
3199,106.633,1029,305,2078,1861,6.7369,13.5085
3200,106.667,1026,323,2082,1864,14.0985,18.5810
3201,106.700,1024,330,2084,1868,10.3088,16.3697
3202,106.733,1024,330,2085,1868,11.3116,14.2742
3203,106.767,1024,330,2084,1869,10.9039,15.6720
3204,106.800,1024,329,2083,1869,9.8535,15.2172
3205,106.833,1024,329,2083,1870,8.8589,15.7728
3206,106.867,1023,330,2084,1869,8.6945,12.8304
3207,106.900,1023,329,2083,1870,8.7166,13.4545
3208,106.933,1023,329,2083,1869,9.8678,14.3887
3209,106.967,1022,330,2083,1870,7.9095,14.4240
3210,107.000,1024,330,2081,1870,-6.0890,16.9509
3211,107.033,1025,331,2082,1870,-7.3004,14.1348
3212,107.067,1025,332,2081,1870,-4.9513,16.3858
3213,107.100,1027,333,2082,1872,-4.8222,16.0712
3214,107.133,1027,334,2082,1872,-4.8549,17.5224
3215,107.167,1027,334,2082,1872,-4.5358,16.8369
3216,107.200,1027,335,2082,1872,-6.4190,17.0021
3217,107.233,1027,337,2081,1872,-5.5512,15.8129
3218,107.267,1027,333,2081,1872,-1.3758,17.0040
3219,107.300,1000,334,2060,1770,20.5805,16.8063
3220,107.333,1001,331,2058,1771,9.8118,21.9497
3221,107.367,1001,334,2058,1771,10.2471,21.3826
3222,107.400,1001,333,2059,1772,8.0259,21.0122
3223,107.433,1000,335,2059,1772,5.9040,20.7556
3224,107.467,1001,337,2059,1772,6.9234,20.1203
3225,107.500,1001,338,2059,1773,6.4147,20.4336
3226,107.533,1001,338,2058,1772,7.2416,20.0717
3227,107.567,1000,338,2060,1773,8.2455,20.6086
3228,107.600,1001,337,2064,1772,9.4680,20.7609
3229,107.633,1001,337,2062,1773,10.0614,20.0420
3230,107.667,1001,337,2062,1773,10.3497,20.0203
3231,107.700,1001,336,2061,1773,9.9671,20.7443
3232,107.733,1001,337,2060,1773,9.5195,21.8899
3233,107.767,999,336,2062,1773,9.4190,20.4261
3234,107.800,999,337,2062,1772,8.7682,20.3643
3235,107.833,999,338,2062,1773,9.7124,20.1211
3236,107.867,999,337,2063,1772,8.3110,19.3961
3237,107.900,999,336,2061,1772,8.3508,19.6295
3238,107.933,998,336,2060,1773,9.5324,19.9695
3239,107.967,998,335,2061,1773,9.1233,19.1762
3240,108.000,998,334,2061,1773,9.1751,19.4360
3241,108.033,998,334,2061,1773,9.2876,19.1641
3242,108.067,998,332,2061,1773,7.8153,18.9349
3243,108.100,998,333,2059,1772,10.0605,19.3552
3244,108.133,999,333,2059,1772,9.4744,20.4124
3245,108.167,999,334,2059,1772,8.0275,19.7042
3246,108.200,998,334,2059,1772,8.6011,19.6518
3247,108.233,999,334,2059,1772,7.8903,20.0644
3248,108.267,999,333,2058,1772,9.7578,20.4728
3249,108.300,999,334,2058,1773,9.0488,19.5460
3250,108.333,999,334,2058,1773,9.0504,19.4074
3251,108.367,999,334,2058,1774,9.6736,18.4909
3252,108.400,999,334,2058,1773,9.5188,19.3666
3253,108.433,999,335,2058,1773,9.2158,19.4027
3254,108.467,1000,335,2058,1773,8.8980,19.1721
3255,108.500,1000,335,2058,1773,8.3756,18.8064
3256,108.533,1000,335,2058,1773,8.6884,18.4896
3257,108.567,1000,335,2058,1773,8.6374,19.0819
3258,108.600,999,335,2058,1773,9.0390,19.7372
3259,108.633,998,335,2058,1774,8.5444,20.2384
3260,108.667,998,334,2058,1773,7.6577,20.8414
3261,108.700,999,334,2058,1774,8.9790,18.5100
3262,108.733,1000,334,2058,1773,9.0515,18.7009
3263,108.767,1000,335,2058,1773,8.5634,17.9303
3264,108.800,1001,333,2059,1773,9.5699,17.6813
3265,108.833,1001,333,2059,1773,9.4192,17.7412
3266,108.867,1001,333,2059,1774,9.8546,18.1050
3267,108.900,1001,334,2059,1774,8.5576,17.9802
3268,108.933,1001,334,2059,1775,9.1561,18.1249
3269,108.967,1002,333,2061,1775,8.5658,19.3211
3270,109.000,1002,332,2061,1775,7.1668,18.0029
3271,109.033,1002,332,2062,1777,7.3440,18.1987
3272,109.067,1003,332,2062,1777,8.1218,18.3967
3273,109.100,1003,331,2063,1778,8.8038,19.1810
3274,109.133,1003,331,2064,1778,9.8607,19.0476
3275,109.167,1003,331,2063,1778,9.7272,19.6399
3276,109.200,1002,332,2064,1778,8.9482,17.7997
3277,109.233,1006,334,2063,1779,10.2510,19.4767
3278,109.267,1004,332,2064,1776,7.2638,15.9162
3279,109.300,1004,332,2064,1777,8.0613,14.7470
3280,109.333,1003,333,2064,1777,7.9074,15.8666
3281,109.367,1003,333,2064,1777,8.3842,15.4398
3282,109.400,1002,334,2064,1776,8.2073,16.2806
3283,109.433,1003,332,2064,1776,8.5425,16.9132
3284,109.467,1002,337,2061,1776,4.4762,18.6917
3285,109.500,1002,335,2062,1776,3.1853,19.5508
3286,109.533,1001,335,2063,1775,-8.6226,25.6100
3287,109.567,1001,336,2064,1774,-8.1207,26.3356
3288,109.600,1006,324,2060,1771,-2.5403,24.1873
3289,109.633,1006,328,2061,1771,-4.6428,23.8209
3290,109.667,1006,329,2061,1771,-1.4594,23.9224
3291,109.700,1005,323,2068,1772,-10.3062,23.9231
3292,109.733,1003,331,2067,1775,-9.0125,24.5538
3293,109.767,1004,332,2066,1776,-9.3784,24.0471
3294,109.800,1004,333,2066,1776,-5.7284,24.6290
3295,109.833,1004,332,2064,1776,-6.6375,24.7870
3296,109.867,1004,333,2064,1777,-6.3026,25.0848
3297,109.900,1004,332,2062,1778,-6.8786,24.0445
3298,109.933,1006,329,2063,1777,-4.0725,24.2548
3299,109.967,1006,329,2064,1777,-4.5624,25.1117
3300,110.000,1006,333,2064,1777,-6.8403,24.9426
3301,110.033,1006,335,2064,1775,-9.8224,22.4893
3302,110.067,1005,337,2064,1776,-7.1883,25.8854
3303,110.100,1004,339,2065,1778,-8.6179,24.4283
3304,110.133,1004,340,2065,1779,-8.2706,23.4168
3305,110.167,1004,340,2065,1779,-8.3398,23.4243
3306,110.200,1004,339,2065,1780,-9.9212,24.4988
3307,110.233,1004,340,2065,1780,-8.8653,24.6849
3308,110.267,1002,342,2066,1782,-11.4991,23.3933
3309,110.300,1003,342,2065,1781,-12.4264,23.2575
3310,110.333,1002,341,2066,1783,-11.4908,23.0786
3311,110.367,1002,341,2066,1783,-11.6133,23.0868
3312,110.400,1001,340,2066,1783,-9.5640,23.3167
3313,110.433,1001,340,2066,1783,-9.8306,23.0861
3314,110.467,1002,340,2067,1782,-9.8801,23.1254
3315,110.500,1002,340,2067,1782,-9.8825,23.5869
3316,110.533,1003,341,2066,1782,-11.7973,22.0512
3317,110.567,1002,341,2066,1782,-9.3153,22.5439
3318,110.600,1002,342,2065,1782,-10.1831,22.4184
3319,110.633,1002,333,2069,1785,-7.8836,22.2712
3320,110.667,1002,339,2065,1788,-8.1022,21.0621
3321,110.700,1014,314,2068,1801,-10.8635,21.6470
3322,110.733,1002,315,2064,1794,-8.4242,17.7508
3323,110.767,999,316,2065,1793,-10.0972,17.9202
3324,110.800,999,305,2065,1789,-7.3072,19.3051
3325,110.833,1008,316,2069,1775,-7.2930,20.6482
3326,110.867,997,308,2073,1788,-11.0915,19.1905
3327,110.900,996,307,2070,1784,-10.7298,19.7056
3328,110.933,996,308,2068,1784,-13.6652,20.1695
3329,110.967,997,307,2067,1785,-12.0946,19.6700
3330,111.000,996,306,2067,1785,-12.5900,19.8024
3331,111.033,996,308,2067,1784,-13.3931,19.8121
3332,111.067,996,310,2067,1783,-11.6674,21.5439
3333,111.100,999,309,2065,1782,-12.6885,19.0598
3334,111.133,998,309,2066,1782,-12.5319,18.2621
3335,111.167,1000,309,2066,1781,-9.7738,18.7624
3336,111.200,998,310,2066,1780,-12.2392,18.1540
3337,111.233,997,311,2068,1780,-11.1835,18.5236
3338,111.267,998,312,2069,1780,-10.1285,16.6369
3339,111.300,998,312,2069,1780,-10.0067,16.0516
3340,111.333,999,312,2071,1781,-9.8080,15.7889
3341,111.367,998,311,2071,1781,-11.1700,16.4770
3342,111.400,999,310,2072,1782,-11.8883,17.1986
3343,111.433,999,311,2072,1782,-10.6584,17.3578
3344,111.467,1000,310,2072,1783,-11.7922,16.8002
3345,111.500,999,309,2070,1785,-10.0582,16.7803
3346,111.533,999,311,2069,1787,-10.3822,16.7125
3347,111.567,1000,311,2068,1787,-9.9559,16.7249
3348,111.600,1000,310,2069,1790,-12.2476,18.0844
3349,111.633,1000,310,2069,1790,-12.3467,19.0525
3350,111.667,1000,310,2069,1790,-12.5639,17.7974
3351,111.700,1004,304,2068,1785,-9.1501,16.4539
3352,111.733,1003,305,2068,1785,-6.7954,18.8038
3353,111.767,1000,311,2065,1782,0.1873,18.4378
3354,111.800,999,314,2066,1782,-0.9291,15.2010
3355,111.833,1001,312,2064,1782,-1.5582,18.6057
3356,111.867,1002,312,2063,1782,-1.3993,12.6603
3357,111.900,1004,310,2059,1781,0.5873,13.0348
3358,111.933,1005,312,2059,1782,1.4997,10.7075
3359,111.967,1005,318,2059,1782,1.1243,11.3820
3360,112.000,1002,316,2064,1783,-6.1338,15.4399
3361,112.033,1002,310,2069,1785,-9.0878,19.3620
3362,112.067,1001,310,2069,1785,-10.3697,18.6028
3363,112.100,1002,314,2072,1787,-11.1445,17.8688
3364,112.133,1002,313,2071,1788,-12.2660,17.3326
3365,112.167,1004,313,2071,1790,-11.4310,17.2315
3366,112.200,1003,312,2071,1790,-11.6545,16.4321
3367,112.233,1004,314,2069,1791,-12.7490,15.4662
3368,112.267,1002,315,2068,1792,-10.6482,17.4672
3369,112.300,1002,315,2071,1792,-14.0087,15.6509
3370,112.333,1001,315,2072,1792,-13.6920,14.2802
3371,112.367,1002,315,2074,1791,-13.4011,17.0977
3372,112.400,1001,316,2074,1791,-12.2555,14.8011
3373,112.433,1002,317,2075,1791,-10.8061,16.1411
3374,112.467,1001,317,2075,1791,-12.0215,17.6323
3375,112.500,1002,318,2075,1792,-12.1629,16.7579
3376,112.533,1002,318,2075,1793,-10.8425,15.2826
3377,112.567,1001,322,2074,1794,-9.3125,20.2202
3378,112.600,1002,321,2074,1794,-9.1853,15.4948
3379,112.633,1000,323,2074,1795,-9.7343,18.6886
3380,112.667,999,324,2074,1796,-8.1795,15.7871
3381,112.700,1000,324,2074,1796,-10.1893,17.7995
3382,112.733,1000,324,2073,1795,-8.8753,17.6182
3383,112.767,1000,322,2073,1796,-8.2140,15.8008
3384,112.800,1000,323,2073,1795,-9.1078,17.7192
3385,112.833,999,322,2072,1795,-8.2501,15.4138
3386,112.867,999,323,2073,1795,-9.4708,17.9016
3387,112.900,999,322,2073,1795,-10.0457,16.8283
3388,112.933,999,324,2072,1794,-9.6883,14.2412
3389,112.967,999,324,2072,1794,-9.9409,14.2116
3390,113.000,999,323,2072,1794,-10.2638,16.3702
3391,113.033,999,324,2072,1793,-9.3037,13.5277
3392,113.067,1000,324,2072,1793,-9.9257,14.4722
3393,113.100,1001,321,2073,1791,-11.1457,14.2932
3394,113.133,1002,323,2073,1791,-11.0897,11.1539
3395,113.167,1003,322,2073,1791,-12.1934,11.5947
3396,113.200,1003,322,2073,1791,-11.6818,11.9402
3397,113.233,1003,324,2073,1791,-9.7541,14.0028
3398,113.267,1005,326,2072,1791,-10.5105,14.3693
3399,113.300,1005,326,2071,1790,-12.0573,13.4982
3400,113.333,1004,325,2071,1792,-11.0784,11.2431
3401,113.367,1003,324,2072,1792,-12.1829,12.5879
3402,113.400,1004,322,2072,1792,-13.0301,12.0599
3403,113.433,1004,321,2072,1792,-14.4282,11.3885
3404,113.467,1004,317,2072,1792,-13.4807,13.7921
3405,113.500,1004,318,2072,1792,-13.8046,14.6105
3406,113.533,1004,317,2071,1794,-13.9046,15.5815
3407,113.567,1003,317,2071,1793,-12.9244,14.9062
3408,113.600,1003,315,2071,1793,-14.3255,16.5438
3409,113.633,1003,314,2070,1794,-15.4355,14.2107
3410,113.667,1003,314,2069,1795,-13.1983,14.8346
3411,113.700,1004,313,2069,1794,-13.4762,16.4686
3412,113.733,1002,316,2069,1794,-12.4427,14.7697
3413,113.767,1003,315,2070,1796,-13.9443,14.3547
3414,113.800,1003,316,2071,1797,-13.6686,14.4706
3415,113.833,1003,316,2071,1797,-13.8555,14.4808
3416,113.867,1003,320,2072,1800,-15.4443,17.3259
3417,113.900,1003,321,2073,1799,-14.0135,16.3618
3418,113.933,1003,320,2073,1800,-12.9692,17.1603
3419,113.967,1003,320,2073,1800,-13.1058,17.3180
3420,114.000,1003,319,2073,1800,-14.1547,17.2641
3421,114.033,1003,318,2074,1800,-13.0497,18.3811
3422,114.067,1004,317,2073,1800,-12.3303,16.7889
3423,114.100,1004,316,2072,1801,-14.9054,16.1524
3424,114.133,1004,316,2072,1802,-14.4538,16.9753
3425,114.167,1004,318,2071,1802,-15.2033,18.3339
3426,114.200,1005,318,2071,1802,-14.9841,17.6219
3427,114.233,1005,320,2072,1802,-12.7755,17.0835
3428,114.267,1005,320,2072,1802,-12.5440,16.1013
3429,114.300,1005,320,2072,1802,-13.3489,16.8064
3430,114.333,1005,318,2072,1802,-13.9631,14.0694
3431,114.367,1004,321,2073,1802,-12.5820,15.5978
3432,114.400,1004,322,2073,1803,-13.4983,14.9063
3433,114.433,1004,322,2072,1801,-13.7841,16.9020
3434,114.467,1005,322,2072,1803,-13.5819,18.0690
3435,114.500,1005,322,2073,1801,-12.1033,17.9089
3436,114.533,1004,321,2074,1802,-12.7234,16.5951
3437,114.567,1005,320,2074,1804,-14.8047,17.3346
3438,114.600,1004,319,2075,1805,-13.6332,19.5641
3439,114.633,1005,320,2075,1805,-12.9285,17.0389
3440,114.667,1006,321,2075,1804,-14.3638,16.9241
3441,114.700,1005,321,2075,1805,-14.5099,18.0185
3442,114.733,1005,320,2075,1806,-14.7832,16.9966
3443,114.767,1004,320,2074,1808,-12.6887,16.4585
3444,114.800,1004,317,2072,1809,-14.0304,19.5521
3445,114.833,1003,316,2072,1808,-13.4882,15.3219
3446,114.867,1002,316,2072,1809,-13.5653,14.8705
3447,114.900,1001,314,2072,1809,-14.8666,16.8274
3448,114.933,1001,313,2072,1809,-13.9385,17.5611
3449,114.967,1001,313,2072,1809,-14.2107,17.8309
3450,115.000,1001,312,2072,1809,-11.1277,19.2683
3451,115.033,1001,311,2071,1809,-12.0819,18.4770
3452,115.067,1001,312,2071,1810,-12.1650,18.4669
3453,115.100,999,310,2069,1809,-10.3206,19.0299
3454,115.133,998,310,2068,1809,-10.8044,19.0381
3455,115.167,998,310,2068,1809,-11.1901,19.0789
3456,115.200,997,311,2067,1809,-9.6991,19.1999
3457,115.233,997,311,2067,1808,-8.8725,17.6657
3458,115.267,997,311,2068,1808,-8.5850,19.8726
3459,115.300,997,311,2068,1809,-8.1076,18.4388
3460,115.333,998,311,2068,1810,-10.8396,18.5928
3461,115.367,1000,309,2069,1809,-12.3442,16.7774
3462,115.400,1001,314,2069,1809,-11.1144,19.7395
3463,115.433,1006,319,2072,1809,-13.7007,18.6098
3464,115.467,1006,319,2072,1809,-13.9294,18.7604
3465,115.500,1006,319,2071,1809,-14.2386,19.4643
3466,115.533,1006,317,2071,1809,-13.9482,15.8212
3467,115.567,1006,317,2071,1809,-13.0644,16.3959
3468,115.600,1006,318,2071,1809,-12.8166,18.2995
3469,115.633,1006,319,2071,1809,-13.3085,21.6387
3470,115.667,1006,320,2070,1809,-14.1174,20.5262
3471,115.700,1006,321,2069,1808,-13.9083,18.8635
3472,115.733,1006,320,2069,1809,-13.3638,17.4454
3473,115.767,1007,320,2069,1809,-14.2239,19.6903
3474,115.800,1007,319,2069,1809,-15.1929,19.3686
3475,115.833,1007,319,2070,1808,-13.5727,17.0066
3476,115.867,1006,317,2069,1807,-13.1224,18.5219
3477,115.900,1006,319,2070,1808,-11.5842,19.9834
3478,115.933,1005,317,2070,1808,-14.4181,16.0780
3479,115.967,1004,317,2069,1808,-14.4315,16.3330
3480,116.000,1003,316,2069,1808,-12.9278,17.4625
3481,116.033,1003,316,2069,1809,-13.2902,17.2076
3482,116.067,1003,316,2069,1808,-13.1330,17.1774
3483,116.100,1001,323,2069,1807,-12.1187,15.2054
3484,116.133,1001,323,2069,1809,-12.7707,16.0765
3485,116.167,1001,322,2068,1809,-12.6642,14.9881
3486,116.200,1003,324,2069,1809,-12.0226,15.9805
3487,116.233,1001,321,2070,1810,-10.2672,12.9939
3488,116.267,1001,321,2069,1810,-11.7146,15.4850
3489,116.300,1001,321,2069,1810,-11.8729,15.4044
3490,116.333,1001,321,2069,1810,-11.5503,15.1936
3491,116.367,1001,322,2070,1810,-10.6429,15.0527
3492,116.400,1001,321,2070,1810,-10.9792,13.5714
3493,116.433,1001,321,2070,1810,-11.3833,12.9790
3494,116.467,1001,322,2070,1810,-11.1088,14.8211
3495,116.500,1001,321,2070,1810,-10.7215,14.3569
3496,116.533,1002,320,2068,1809,-14.3041,15.6281
3497,116.567,1002,321,2068,1809,-13.7629,15.3342
3498,116.600,1002,320,2068,1808,-11.6137,15.4260
3499,116.633,1003,320,2067,1807,-13.6314,13.8468
3500,116.667,1003,322,2066,1807,-12.6105,14.9037
3501,116.700,1003,322,2066,1806,-12.5118,13.3913
3502,116.733,1002,322,2066,1806,-12.8208,15.2067
3503,116.767,1001,324,2066,1807,-10.4810,15.4728
3504,116.800,1001,324,2067,1806,-13.3217,13.7761
3505,116.833,1002,324,2069,1806,-13.8628,11.4418
3506,116.867,1001,323,2070,1805,-13.2629,9.6768
3507,116.900,1001,323,2070,1804,-14.6287,11.0312
3508,116.933,1001,322,2069,1804,-13.6350,10.9601
3509,116.967,1001,321,2069,1804,-13.3516,11.9956
3510,117.000,1002,320,2069,1804,-11.1901,9.9469
3511,117.033,1001,320,2069,1804,-13.7236,12.5862
3512,117.067,1000,319,2069,1804,-12.5568,11.5305
3513,117.100,998,314,2070,1807,-12.1182,8.3946
3514,117.133,998,315,2070,1807,-11.2935,9.4624
3515,117.167,997,315,2069,1807,-11.8414,10.9457
3516,117.200,998,314,2070,1807,-10.9749,8.5327
3517,117.233,998,313,2070,1807,-12.4979,9.0859
3518,117.267,998,314,2070,1807,-12.3636,9.4671
3519,117.300,998,314,2070,1807,-12.4715,9.5212
3520,117.333,999,314,2071,1807,-11.0588,8.3793
3521,117.367,999,313,2070,1809,-12.6021,12.2178
3522,117.400,1000,313,2071,1810,-11.4533,13.0334
3523,117.433,1000,313,2070,1810,-11.5396,15.2736
3524,117.467,1001,313,2070,1810,-11.0951,12.8212
3525,117.500,1002,315,2070,1810,-12.3303,12.4658
3526,117.533,1001,316,2070,1810,-13.4258,12.8269
3527,117.567,1002,319,2070,1810,-12.9774,13.3859
3528,117.600,1002,318,2070,1810,-11.9072,12.0749
3529,117.633,1002,317,2069,1811,-13.9195,12.3934
3530,117.667,1003,318,2069,1810,-12.4662,11.2335
3531,117.700,1003,318,2069,1810,-12.5703,11.7702
3532,117.733,1003,318,2070,1809,-14.2337,12.0460
3533,117.767,1004,317,2070,1809,-13.5357,9.0298
3534,117.800,1004,318,2071,1809,-12.9616,10.5415
3535,117.833,1005,320,2072,1808,-14.7745,13.1419
3536,117.867,1005,319,2072,1809,-14.0260,13.3493
3537,117.900,1005,320,2074,1809,-13.9914,10.4265
3538,117.933,1006,319,2074,1809,-15.0463,12.2457
3539,117.967,1006,321,2075,1809,-13.9567,11.3809
3540,118.000,1005,322,2075,1810,-12.7779,13.2790
3541,118.033,1005,320,2076,1811,-12.6889,13.9449
3542,118.067,1006,315,2077,1811,-14.8760,11.0657
3543,118.100,1007,312,2077,1812,-13.3361,8.4048
3544,118.133,1007,311,2077,1813,-14.3944,6.9215
3545,118.167,1007,312,2077,1813,-12.9037,7.2044
3546,118.200,1007,311,2077,1813,-14.3289,6.6088
3547,118.233,1007,311,2077,1813,-13.8454,6.9476
3548,118.267,1007,311,2078,1813,-14.3262,6.5444
3549,118.300,1007,311,2077,1813,-14.2751,7.4191
3550,118.333,1008,311,2078,1813,-14.9879,6.4508
3551,118.367,1008,311,2078,1812,-15.9967,9.5793
3552,118.400,1008,313,2076,1813,-14.6164,11.1537
3553,118.433,1009,313,2076,1815,-16.4606,13.1301
3554,118.467,1009,311,2076,1814,-13.5357,10.4125
3555,118.500,1009,312,2076,1816,-16.1325,10.4264
3556,118.533,1008,312,2076,1816,-15.3658,11.7813
3557,118.567,1007,312,2076,1816,-14.6834,8.5612
3558,118.600,1008,312,2076,1816,-14.8838,11.8685
3559,118.633,1008,312,2075,1815,-14.4892,9.0101
3560,118.667,1010,316,2076,1816,-14.4484,10.2622
3561,118.700,1010,315,2076,1816,-14.5443,7.7482
3562,118.733,1010,317,2076,1815,-14.5797,10.4649
3563,118.767,1010,315,2074,1817,-13.8275,8.5811
3564,118.800,1010,314,2074,1817,-15.1661,9.0139
3565,118.833,1010,314,2073,1817,-14.6220,10.3197
3566,118.867,1010,314,2074,1817,-15.5601,9.3016
3567,118.900,1010,315,2074,1816,-16.2894,10.6801
3568,118.933,1010,314,2074,1816,-15.4977,9.2865
3569,118.967,1009,314,2074,1816,-13.9889,11.6892
3570,119.000,1009,314,2074,1815,-15.1938,10.4806
3571,119.033,1009,314,2074,1815,-15.1163,10.9611
3572,119.067,1008,313,2074,1815,-15.0801,12.4140
3573,119.100,1008,311,2072,1814,-14.9869,10.8530
3574,119.133,1008,312,2073,1814,-15.1931,13.0147
3575,119.167,1008,311,2074,1815,-16.1536,10.7785
3576,119.200,1006,309,2073,1814,-14.9404,12.3935
3577,119.233,1004,310,2072,1814,-13.9010,11.6662
3578,119.267,1004,309,2072,1814,-12.9108,12.3192
3579,119.300,1003,310,2073,1813,-13.3535,12.8967
3580,119.333,1003,308,2072,1814,-14.5399,12.4183
3581,119.367,1003,307,2071,1813,-14.6783,12.0924
3582,119.400,1003,308,2071,1813,-15.2521,12.9987
3583,119.433,1003,309,2071,1812,-16.1698,14.0422
3584,119.467,1003,309,2071,1812,-16.2425,13.1017
3585,119.500,1003,308,2072,1813,-16.0109,13.5538
3586,119.533,1003,308,2072,1812,-15.7189,13.4470
3587,119.567,1003,308,2072,1812,-15.5659,13.9364
3588,119.600,1003,308,2072,1812,-15.3489,13.4707
3589,119.633,1003,309,2072,1812,-15.5504,12.8046
3590,119.667,1003,309,2071,1812,-16.0457,14.3055
3591,119.700,1003,309,2071,1812,-16.2198,14.1902
3592,119.733,1004,305,2069,1811,-14.4263,14.7649
3593,119.767,1004,304,2067,1809,-12.9024,14.6353
3594,119.800,1005,303,2067,1809,4.1233,16.2636
3595,119.833,1004,302,2069,1808,4.9910,14.2015
3596,119.867,1004,302,2069,1808,5.7682,14.3722
3597,119.900,1004,301,2069,1809,8.5405,14.5744
3598,119.933,1004,301,2070,1809,5.0690,12.5295
3599,119.967,1004,302,2070,1809,4.9688,13.0262
3600,120.000,1003,301,2069,1809,6.5798,15.2771
3601,120.033,1003,303,2070,1810,4.9362,13.4913
3602,120.067,1002,303,2069,1809,4.1911,14.6368
3603,120.100,1001,308,2066,1808,7.5658,14.0128
3604,120.133,1002,308,2066,1807,5.2414,13.8768
3605,120.167,1002,308,2067,1807,7.3315,13.6359
3606,120.200,1003,309,2067,1807,8.0625,13.9284
3607,120.233,1004,307,2067,1807,3.9613,15.8105
3608,120.267,1005,306,2068,1807,5.1844,15.2838
3609,120.300,1005,306,2068,1807,5.6968,15.3163
3610,120.333,1004,306,2068,1806,4.5774,15.0729
3611,120.367,1005,306,2068,1807,6.0294,15.1217
3612,120.400,1005,305,2068,1807,5.8049,14.1335
3613,120.433,1005,305,2068,1806,6.0116,14.0712
3614,120.467,1005,305,2069,1806,6.6694,13.1698
3615,120.500,1005,306,2069,1806,5.6051,13.8874
3616,120.533,1005,306,2070,1807,4.8301,14.3339
3617,120.567,1005,306,2070,1807,4.5862,14.1932
3618,120.600,1005,306,2070,1807,4.6735,13.4677
3619,120.633,1005,306,2069,1807,6.3709,13.4404
3620,120.667,1005,305,2069,1807,5.2964,13.2386
3621,120.700,1004,305,2069,1807,4.7793,13.5735
3622,120.733,1004,305,2069,1807,4.6069,13.5200
3623,120.767,1004,305,2068,1807,5.6796,14.7227
3624,120.800,1003,305,2069,1806,5.6609,14.6206
3625,120.833,1002,305,2069,1806,4.9044,15.1451
3626,120.867,1003,306,2069,1806,3.8810,14.2655
3627,120.900,1002,307,2068,1806,5.8656,13.5577
3628,120.933,1003,308,2067,1805,4.0102,13.8474
3629,120.967,1003,309,2068,1805,5.3204,13.7524
3630,121.000,1003,309,2067,1804,4.7391,13.1205
3631,121.033,1003,308,2067,1804,3.1143,14.2660
3632,121.067,1003,309,2067,1804,3.5595,12.7281
3633,121.100,1002,310,2069,1805,5.1060,14.1321
3634,121.133,1001,310,2068,1805,4.9219,12.6475
3635,121.167,1001,309,2068,1805,5.9953,12.8830
3636,121.200,1001,310,2069,1804,4.9260,11.8172
3637,121.233,1001,310,2067,1804,5.4164,12.7097
3638,121.267,991,324,2053,1791,10.7744,-4.3635
3639,121.300,996,327,2051,1792,8.7381,-2.2400
3640,121.333,994,328,2052,1792,7.4420,-2.5362
3641,121.367,990,332,2052,1794,9.8343,-0.4664
3642,121.400,991,334,2056,1795,6.8144,2.3104
3643,121.433,998,312,2055,1798,9.2462,4.1799
3644,121.467,1000,313,2058,1800,7.5864,7.8231
3645,121.500,1000,313,2061,1802,7.8669,11.5334
3646,121.533,999,313,2062,1802,8.3994,11.6868
3647,121.567,1000,314,2062,1803,7.9934,13.2141
3648,121.600,999,313,2061,1803,8.2283,11.5007
3649,121.633,997,315,2061,1803,6.7292,12.4741
3650,121.667,996,314,2061,1804,8.7543,11.7682
3651,121.700,995,312,2060,1804,8.6084,11.1653
3652,121.733,994,313,2062,1804,8.6731,10.0359
3653,121.767,993,315,2062,1803,8.2458,9.0097
3654,121.800,996,320,2070,1805,4.9996,14.1715
3655,121.833,997,320,2069,1805,4.7734,13.6991
3656,121.867,997,320,2070,1805,5.4494,13.4658
3657,121.900,997,320,2070,1805,5.2617,13.4445
3658,121.933,997,321,2070,1805,4.6176,13.8475
3659,121.967,997,321,2070,1804,5.1122,13.7325
3660,122.000,997,321,2070,1805,5.0403,14.0832
3661,122.033,997,321,2070,1805,5.3537,14.1855
3662,122.067,997,321,2070,1805,5.1571,14.1105
3663,122.100,995,317,2068,1805,5.2823,12.5659
3664,122.133,996,318,2068,1804,6.3560,11.4638
3665,122.167,996,318,2069,1804,4.2866,13.0877
3666,122.200,996,320,2069,1804,6.8225,13.4402
3667,122.233,997,321,2069,1805,5.8630,13.2452
3668,122.267,997,320,2069,1806,4.2458,12.8064
3669,122.300,998,320,2069,1806,4.2779,12.9992
3670,122.333,998,319,2069,1807,4.4030,14.0241
3671,122.367,998,319,2069,1807,4.2779,14.0213
3672,122.400,998,317,2069,1807,4.7829,12.5049
3673,122.433,998,317,2069,1807,4.9222,11.7325
3674,122.467,999,318,2070,1807,4.3954,15.0042
3675,122.500,999,317,2070,1807,3.7565,13.1516
3676,122.533,1000,317,2069,1807,5.7811,11.6764
3677,122.567,999,317,2069,1807,5.3104,12.0548
3678,122.600,1000,316,2067,1807,3.7156,13.6141
3679,122.633,999,316,2068,1807,5.9258,13.0832
3680,122.667,999,314,2068,1807,6.2043,14.6065
3681,122.700,999,313,2068,1807,6.4931,14.1968
3682,122.733,1000,313,2068,1807,7.6654,12.5998
3683,122.767,999,314,2067,1807,7.1387,12.7024
3684,122.800,999,313,2067,1807,8.1341,12.6274
3685,122.833,998,314,2068,1807,6.7611,13.4430
3686,122.867,998,314,2067,1807,5.5253,13.9272
3687,122.900,997,313,2068,1807,7.2854,14.0683
3688,122.933,997,314,2068,1807,7.3883,12.9251
3689,122.967,997,314,2068,1806,6.8619,13.8820
3690,123.000,997,314,2067,1806,6.9059,14.4825
3691,123.033,997,313,2068,1806,7.1558,13.7977
3692,123.067,997,313,2068,1806,7.1447,13.5739
3693,123.100,999,313,2067,1807,7.7038,13.1616
3694,123.133,998,312,2067,1807,6.6604,13.8978
3695,123.167,999,312,2067,1807,7.5517,14.2171
3696,123.200,999,312,2067,1807,7.2320,13.7836
3697,123.233,998,312,2067,1807,6.6539,14.1251
3698,123.267,996,314,2067,1805,6.8674,12.4678
3699,123.300,996,315,2066,1804,5.6628,13.7288
3700,123.333,995,313,2065,1803,7.6727,12.1316
3701,123.367,995,314,2065,1804,6.7816,10.8095
3702,123.400,996,313,2066,1804,6.7770,13.2625
3703,123.433,996,314,2066,1804,6.0911,12.3853
3704,123.467,996,314,2066,1805,6.2989,13.0483
3705,123.500,997,314,2065,1804,7.3605,14.3508
3706,123.533,996,313,2062,1804,14.2755,14.7225
3707,123.567,997,311,2062,1803,12.8235,15.5358
3708,123.600,997,310,2063,1804,24.4263,16.2131
3709,123.633,996,311,2063,1804,26.0072,11.6692
3710,123.667,997,308,2064,1806,26.8680,11.5525
3711,123.700,996,307,2063,1806,26.6432,11.5717
3712,123.733,995,307,2063,1806,26.1529,8.7932
3713,123.767,996,307,2063,1806,25.1188,9.3863
3714,123.800,996,309,2063,1805,28.1149,12.0675
3715,123.833,996,309,2063,1806,27.5866,11.4512
3716,123.867,996,311,2061,1805,25.2827,11.8074
3717,123.900,996,310,2061,1805,26.3339,12.0405
3718,123.933,996,312,2060,1805,26.8611,11.0246
3719,123.967,996,311,2061,1805,25.1072,11.7523
3720,124.000,996,310,2062,1805,26.5860,13.2257
3721,124.033,996,310,2062,1805,26.4062,13.9341
3722,124.067,994,310,2063,1804,29.1309,12.5753
3723,124.100,993,308,2063,1804,26.3602,11.1751
3724,124.133,994,308,2063,1804,26.7438,12.8604
3725,124.167,994,309,2062,1804,26.8267,13.6012
3726,124.200,994,309,2062,1804,26.8130,13.1888
3727,124.233,994,308,2062,1804,26.2107,10.8140
3728,124.267,995,308,2063,1804,25.9307,12.2343
3729,124.300,995,309,2063,1804,24.9352,13.7801
3730,124.333,995,309,2063,1804,24.5208,13.2421
3731,124.367,995,309,2063,1804,24.5054,13.1966
3732,124.400,995,309,2063,1804,24.2316,13.3016
3733,124.433,994,308,2063,1804,25.5724,12.3679
3734,124.467,995,309,2063,1804,24.6733,13.5580
3735,124.500,994,308,2063,1804,25.4847,11.7242
3736,124.533,994,308,2063,1803,24.5424,12.4208
3737,124.567,994,308,2063,1803,25.2701,12.3205
3738,124.600,994,308,2062,1803,25.4438,12.3120
3739,124.633,994,308,2063,1803,25.2605,11.8221
3740,124.667,994,308,2063,1804,26.1780,11.1690
3741,124.700,994,307,2063,1805,24.9560,10.2936
3742,124.733,994,307,2063,1805,25.4939,10.0311
3743,124.767,994,306,2064,1806,26.6033,9.5202
3744,124.800,995,304,2065,1806,24.3652,12.1781
3745,124.833,994,305,2064,1806,27.0532,12.0694
3746,124.867,994,305,2063,1806,23.4319,11.8322
3747,124.900,993,304,2063,1805,25.6298,12.6927
3748,124.933,993,302,2063,1805,25.6094,12.2892
3749,124.967,993,302,2063,1804,25.0686,13.0749
3750,125.000,993,302,2063,1805,26.2639,12.1826
3751,125.033,992,302,2063,1805,26.2220,14.3214
3752,125.067,993,301,2063,1805,27.7317,12.4914
3753,125.100,992,305,2065,1805,27.6054,10.5180
3754,125.133,992,306,2065,1805,23.9406,11.2497
3755,125.167,992,306,2065,1806,25.6493,11.4788
3756,125.200,992,306,2065,1806,25.5030,11.3752
3757,125.233,992,306,2065,1806,25.1760,11.4972
3758,125.267,992,305,2064,1806,27.1303,11.1340
3759,125.300,992,306,2064,1806,25.8788,11.9382
3760,125.333,992,306,2064,1806,25.4651,12.1170
3761,125.367,992,306,2064,1806,26.5912,11.4984
3762,125.400,985,336,2062,1802,26.6049,10.1346
3763,125.433,985,337,2062,1801,23.1680,11.6223
3764,125.467,991,307,2063,1806,23.8101,12.6570
3765,125.500,993,308,2064,1806,24.8842,12.4115
3766,125.533,985,337,2063,1801,24.3496,9.9979
3767,125.567,992,308,2063,1805,25.7546,12.2787
3768,125.600,992,308,2063,1805,25.9402,12.1606
3769,125.633,991,307,2064,1805,22.7240,11.0794
3770,125.667,991,307,2065,1805,22.1369,10.6546
3771,125.700,992,307,2065,1805,21.5514,11.1093
3772,125.733,991,307,2065,1805,22.1088,10.1723
3773,125.767,992,306,2065,1804,25.3495,10.3543
3774,125.800,993,306,2065,1804,27.6857,7.8455
3775,125.833,993,305,2065,1805,27.6998,9.8719
3776,125.867,992,306,2066,1804,23.7976,10.2637
3777,125.900,992,306,2066,1804,23.8503,9.3177
3778,125.933,992,306,2067,1804,24.6880,9.3815
3779,125.967,993,306,2067,1804,25.0876,8.4584
3780,126.000,993,306,2067,1804,25.0807,8.4899
3781,126.033,993,307,2067,1804,24.6140,7.9100
3782,126.067,993,307,2066,1804,25.1738,11.5214
3783,126.100,994,304,2064,1806,25.0591,11.1347
3784,126.133,995,306,2066,1806,24.5646,9.2039
3785,126.167,995,307,2066,1807,25.3666,6.5514
3786,126.200,994,307,2065,1806,26.6210,8.5017
3787,126.233,996,306,2065,1806,24.9827,10.1589
3788,126.267,996,306,2065,1807,24.7260,10.0402
3789,126.300,996,306,2065,1806,24.8458,10.0672
3790,126.333,996,306,2065,1807,24.5223,10.2647
3791,126.367,997,306,2064,1807,26.3793,10.1857
3792,126.400,997,305,2065,1807,26.0189,9.3295
3793,126.433,997,306,2065,1807,23.5041,10.1024
3794,126.467,997,305,2065,1807,26.5524,9.0049
3795,126.500,998,305,2065,1807,25.3823,11.0175
3796,126.533,998,306,2066,1808,26.0209,11.5602
3797,126.567,997,305,2065,1808,26.3456,9.8542
3798,126.600,998,306,2066,1808,25.3978,11.0005
3799,126.633,998,307,2064,1807,25.6732,10.9232
3800,126.667,997,308,2065,1807,25.4054,12.0238
3801,126.700,998,307,2065,1808,27.1669,10.1906
3802,126.733,998,308,2065,1808,24.9528,11.2540
3803,126.767,998,309,2066,1808,25.6091,9.4922
3804,126.800,998,309,2067,1808,26.2078,8.4557
3805,126.833,998,309,2067,1808,26.5807,9.9993
3806,126.867,997,310,2067,1808,27.8602,9.3719
3807,126.900,996,310,2067,1807,26.8985,11.6238
3808,126.933,996,309,2067,1807,27.2055,11.7040
3809,126.967,996,309,2067,1807,26.6553,11.5452
3810,127.000,996,311,2068,1808,24.3320,12.3733
3811,127.033,997,311,2067,1810,24.2114,11.5431
3812,127.067,997,311,2067,1810,25.7851,11.3719
3813,127.100,997,310,2070,1809,24.5951,10.8430
3814,127.133,997,310,2069,1809,25.7940,12.0089
3815,127.167,997,310,2069,1809,26.2924,13.2059
3816,127.200,997,309,2068,1809,25.1473,13.5748
3817,127.233,997,307,2068,1809,25.2956,13.1216
3818,127.267,996,306,2067,1809,26.1831,12.2390
3819,127.300,997,306,2067,1809,25.2164,13.7733
3820,127.333,995,305,2067,1809,26.6753,12.5865
3821,127.367,995,305,2068,1809,27.5705,13.9369
3822,127.400,995,305,2067,1809,25.4798,12.5176
3823,127.433,996,305,2067,1809,24.9488,12.6825
3824,127.467,995,305,2068,1808,24.6974,11.7741
3825,127.500,995,305,2068,1808,25.8702,12.9225
3826,127.533,995,306,2068,1808,25.4266,13.1015
3827,127.567,995,305,2068,1808,25.4565,12.8280
3828,127.600,995,305,2068,1808,25.6110,13.2724
3829,127.633,995,305,2067,1808,25.4660,12.2215
3830,127.667,996,305,2067,1808,24.9519,10.7830
3831,127.700,995,305,2067,1809,25.0166,10.0326
3832,127.733,996,305,2067,1808,24.5376,10.4268
3833,127.767,996,305,2067,1808,24.4969,10.1419
3834,127.800,996,305,2066,1808,25.8271,11.3354
3835,127.833,996,305,2067,1808,25.5011,11.1211
3836,127.867,987,335,2065,1804,26.8474,13.6198
3837,127.900,996,305,2067,1808,25.4414,11.9417
3838,127.933,997,305,2067,1808,26.6707,11.9087
3839,127.967,997,305,2066,1808,25.7010,12.2131
3840,128.000,998,305,2066,1808,26.8530,11.8667
3841,128.033,998,306,2065,1808,26.8999,11.4922
3842,128.067,998,306,2064,1807,26.6871,11.0247
3843,128.100,1000,299,2062,1805,26.4439,12.0113
3844,128.133,1001,300,2063,1805,24.5955,11.7670
3845,128.167,988,335,2049,1796,7.7113,6.6682
3846,128.200,989,339,2048,1796,6.9855,6.1779
3847,128.233,990,342,2048,1798,6.8436,9.1248
3848,128.267,989,336,2051,1798,17.1384,16.3553
3849,128.300,997,309,2059,1802,19.9019,15.9765
3850,128.333,997,307,2059,1803,24.0336,16.9198
3851,128.367,997,307,2064,1805,23.1361,13.9265
3852,128.400,997,307,2064,1806,23.1069,13.0907
3853,128.433,987,338,2061,1804,28.0410,15.6699
3854,128.467,998,309,2064,1808,23.3582,13.4261
3855,128.500,997,308,2064,1809,24.5637,13.7029
3856,128.533,998,309,2065,1809,24.5768,11.3185
3857,128.567,988,339,2061,1805,28.9239,14.2528
3858,128.600,988,339,2061,1804,29.7850,15.1889
3859,128.633,989,338,2061,1803,29.9213,16.2817
3860,128.667,989,339,2060,1803,29.8023,15.7664
3861,128.700,989,338,2061,1803,30.0293,17.8527
3862,128.733,990,338,2060,1802,29.6727,18.1694
3863,128.767,990,336,2059,1802,30.0363,17.6530
3864,128.800,989,336,2057,1802,31.0087,15.3356
3865,128.833,989,335,2057,1801,29.9551,17.6458
3866,128.867,988,336,2058,1800,28.2260,16.9622
3867,128.900,987,337,2057,1801,28.1099,18.1859
3868,128.933,986,336,2057,1799,28.0289,16.7492
3869,128.967,986,336,2058,1799,28.3017,17.3296
3870,129.000,986,336,2058,1799,28.8672,17.0335
3871,129.033,988,335,2058,1798,26.8452,17.2592
3872,129.067,984,331,2061,1804,24.6325,17.6932
3873,129.100,984,330,2063,1805,23.8888,16.0962
3874,129.133,984,329,2063,1804,23.3424,17.7986
3875,129.167,983,329,2063,1804,23.7714,17.0749
3876,129.200,983,329,2063,1804,23.9577,16.8189
3877,129.233,984,329,2063,1804,22.9538,17.2934
3878,129.267,984,329,2064,1804,24.7927,16.8575
3879,129.300,985,330,2063,1804,25.7324,17.5071
3880,129.333,985,331,2063,1805,25.6980,17.0404
3881,129.367,985,331,2063,1805,25.2740,16.8421
3882,129.400,985,331,2063,1805,25.0309,16.6857
3883,129.433,985,332,2063,1805,24.9153,16.5953
3884,129.467,985,332,2063,1805,24.9007,16.0454
3885,129.500,984,332,2063,1805,26.5143,16.8533
3886,129.533,985,332,2064,1806,25.1030,16.4098
3887,129.567,985,332,2064,1805,24.6730,17.3359
3888,129.600,985,332,2064,1805,25.0705,17.1891
3889,129.633,985,331,2064,1804,24.2051,16.5917
3890,129.667,985,328,2064,1805,24.4355,19.7582
3891,129.700,985,328,2064,1805,23.9970,19.5178
3892,129.733,985,328,2064,1806,23.5376,18.6747
3893,129.767,986,326,2064,1806,24.4346,17.7700
3894,129.800,986,327,2063,1806,26.2449,18.2616
3895,129.833,986,326,2064,1806,24.8666,17.1049
3896,129.867,986,327,2063,1806,26.7048,17.9856
3897,129.900,986,327,2063,1806,27.3127,18.0170
3898,129.933,986,326,2063,1805,26.7906,17.7023
3899,129.967,987,326,2063,1805,26.2663,18.1088
3900,130.000,986,326,2063,1805,26.4412,17.6254
3901,130.033,987,327,2063,1806,27.7948,17.6939
3902,130.067,987,329,2063,1807,26.0261,17.9652
3903,130.100,987,329,2064,1807,28.0277,19.0142
3904,130.133,989,328,2064,1807,29.3920,17.9143
3905,130.167,997,293,2069,1811,25.7334,16.6514
3906,130.200,997,291,2068,1811,27.1156,17.3807
3907,130.233,996,292,2069,1812,24.8149,16.2125
3908,130.267,995,292,2069,1813,25.7706,15.5103
3909,130.300,995,293,2069,1813,25.5748,17.2025
3910,130.333,996,292,2070,1814,25.6150,15.5910
3911,130.367,995,294,2069,1815,24.6117,19.3606
3912,130.400,995,295,2069,1817,25.6664,17.4037
3913,130.433,995,294,2069,1815,24.5302,18.4215
3914,130.467,996,295,2068,1816,23.5485,18.5041
3915,130.500,995,296,2067,1815,22.6505,15.5400
3916,130.533,996,297,2066,1815,21.0260,16.7015
3917,130.567,996,296,2066,1816,24.1622,18.4059
3918,130.600,996,296,2066,1816,24.2298,18.9366
3919,130.633,996,296,2066,1817,22.3705,18.7967
3920,130.667,997,296,2066,1817,22.1458,17.2503
3921,130.700,999,292,2065,1817,23.6198,17.4941
3922,130.733,1001,294,2065,1817,26.6093,10.2399
3923,130.767,1002,294,2065,1817,25.2933,12.2629
3924,130.800,1003,295,2065,1817,24.1015,15.1865
3925,130.833,1003,296,2065,1818,24.8757,15.8032
3926,130.867,1003,294,2064,1817,24.1576,16.3407
3927,130.900,1005,296,2063,1817,22.9447,16.2791
3928,130.933,1006,297,2062,1817,21.4596,17.0179
3929,130.967,1006,297,2061,1817,22.4362,16.0068
3930,131.000,1006,296,2061,1816,20.1023,18.2662
3931,131.033,1006,296,2061,1817,20.7648,16.6665
3932,131.067,1006,294,2061,1818,20.1232,17.8048
3933,131.100,1007,296,2061,1818,22.4345,16.9860
3934,131.133,1006,296,2061,1816,21.1001,20.2563
3935,131.167,1006,296,2061,1816,21.3107,20.0149
3936,131.200,1005,297,2060,1818,20.8792,17.6677
3937,131.233,1005,296,2060,1818,23.0003,17.5649
3938,131.267,1005,297,2060,1819,23.3227,17.9536
3939,131.300,1005,297,2060,1819,23.6322,17.8131
3940,131.333,1005,298,2061,1819,23.2516,17.1471
3941,131.367,1005,298,2061,1819,22.9047,17.3854
3942,131.400,1004,297,2060,1818,20.3379,19.1471
3943,131.433,1003,297,2060,1818,22.9959,18.1723
3944,131.467,1003,296,2060,1818,21.2365,20.3219
3945,131.500,1003,297,2061,1818,22.9802,17.2748
3946,131.533,1002,298,2061,1817,21.7153,15.8506
3947,131.567,1002,297,2060,1817,21.1751,17.1521
3948,131.600,1003,297,2060,1817,23.1634,18.4781
3949,131.633,1005,315,2063,1802,23.3540,21.3004
3950,131.667,1005,317,2062,1802,22.7676,22.2252
3951,131.700,1005,317,2062,1801,23.6465,23.2808
3952,131.733,1005,317,2062,1802,22.7983,22.8445
3953,131.767,1005,316,2062,1801,22.7719,22.9840
3954,131.800,1006,317,2062,1801,23.3911,24.0261
3955,131.833,1006,317,2062,1801,23.1595,24.0737
3956,131.867,1006,316,2062,1801,23.6702,22.7246
3957,131.900,1006,316,2062,1802,24.1909,22.1213
3958,131.933,1006,316,2061,1800,23.7330,21.9092
3959,131.967,1006,316,2061,1800,23.5627,21.9582
3960,132.000,993,331,2060,1805,20.1205,19.9741
3961,132.033,993,331,2059,1804,20.5864,18.2566
3962,132.067,1005,317,2061,1799,25.4917,23.5274
3963,132.100,1005,314,2063,1801,22.1861,20.2494
3964,132.133,1005,313,2063,1801,22.0856,21.2127
3965,132.167,1005,314,2062,1801,22.8444,21.8963
3966,132.200,1005,314,2063,1800,22.4037,20.7151
3967,132.233,1005,313,2063,1800,22.1130,21.3870
3968,132.267,1006,311,2062,1800,23.7520,21.3260
3969,132.300,1006,312,2062,1800,23.1897,21.7965
3970,132.333,1006,312,2063,1800,23.4462,21.1084
3971,132.367,1006,312,2063,1799,23.4737,22.7188
3972,132.400,1003,293,2061,1813,22.6749,14.9111
3973,132.433,1004,289,2062,1813,23.8460,17.7138
3974,132.467,1004,291,2062,1813,24.0540,16.3738
3975,132.500,1003,292,2062,1813,21.6312,14.9057
3976,132.533,1003,292,2062,1813,22.3203,14.3766
3977,132.567,1002,292,2062,1813,24.1151,14.8262
3978,132.600,1003,293,2062,1814,23.2623,12.5560
3979,132.633,1003,292,2062,1813,22.5201,15.0792
3980,132.667,1003,292,2062,1813,23.3705,15.6697
3981,132.700,1003,292,2062,1813,23.6224,16.0572
3982,132.733,1003,293,2062,1814,21.9442,12.3872
3983,132.767,1003,295,2061,1813,24.9796,13.0822
3984,132.800,1002,294,2060,1813,24.5927,16.5998
3985,132.833,991,328,2062,1802,25.1974,21.7803
3986,132.867,1002,295,2059,1813,23.6183,14.7779
3987,132.900,1002,292,2061,1813,24.4687,16.0471
3988,132.933,1002,290,2059,1812,22.0439,16.9805
3989,132.967,1001,289,2059,1811,22.3329,17.7252
3990,133.000,990,324,2059,1802,22.9801,15.5547
3991,133.033,1000,291,2058,1812,23.5481,16.6410
3992,133.067,989,327,2058,1801,22.5197,17.2704
3993,133.100,990,329,2060,1800,23.9855,20.8736
3994,133.133,990,328,2060,1800,25.8453,22.3869
3995,133.167,990,327,2060,1800,26.3046,21.3463
3996,133.200,990,327,2060,1800,26.5314,21.3751
3997,133.233,1001,292,2058,1811,23.3360,17.8057
3998,133.267,1001,291,2058,1811,24.2973,16.9625
3999,133.300,1001,291,2058,1811,24.3411,17.5035
4000,133.333,990,326,2059,1800,25.5523,20.0221
4001,133.367,990,326,2058,1800,25.7965,19.9303
4002,133.400,991,327,2058,1800,25.2036,20.9977
4003,133.433,991,328,2058,1800,25.4899,19.7276
4004,133.467,992,328,2058,1799,23.3887,21.8434
4005,133.500,1003,300,2061,1812,11.5751,21.9773
4006,133.533,1004,296,2061,1812,5.1298,25.4326
4007,133.567,1005,295,2062,1812,6.9898,24.6854
4008,133.600,1005,296,2062,1813,4.7447,25.1405
4009,133.633,1004,296,2063,1814,5.5887,21.7733
4010,133.667,1005,296,2064,1814,4.6686,22.1378
4011,133.700,1004,297,2063,1814,4.4196,21.0295
4012,133.733,1005,297,2063,1814,5.3032,23.4601
4013,133.767,1005,297,2063,1813,4.5800,21.6166
4014,133.800,1005,297,2063,1813,4.9413,22.3977
4015,133.833,1005,298,2063,1813,3.3819,22.1384
4016,133.867,1005,298,2063,1814,2.9647,22.6909
4017,133.900,1005,299,2063,1813,4.6823,21.3722
4018,133.933,1005,300,2063,1813,3.9315,22.4153
4019,133.967,1006,298,2064,1813,2.8159,20.6281
4020,134.000,1006,299,2065,1813,6.5945,23.6535
4021,134.033,1006,300,2066,1813,6.8754,20.5855
4022,134.067,1006,300,2065,1814,5.5766,21.3011
4023,134.100,1003,300,2066,1816,5.5737,23.6060
4024,134.133,1003,300,2066,1816,5.2359,23.5868
4025,134.167,1003,300,2066,1816,5.5409,23.0579
4026,134.200,1003,300,2066,1816,5.8519,23.7506
4027,134.233,1003,301,2066,1816,6.3117,23.6988
4028,134.267,1002,299,2065,1816,7.3437,22.6373
4029,134.300,1002,299,2065,1816,7.3159,22.2624
4030,134.333,1000,298,2064,1816,7.5044,20.1740
4031,134.367,1001,298,2064,1816,7.8622,20.2058
4032,134.400,1001,296,2065,1816,9.2697,21.7486
4033,134.433,1001,296,2065,1816,9.2517,21.6883
4034,134.467,1002,296,2065,1816,10.3024,19.3052
4035,134.500,1001,295,2065,1817,9.0387,21.8742
4036,134.533,1002,294,2065,1817,8.7042,19.1053
4037,134.567,1002,293,2065,1817,9.2607,19.9357
4038,134.600,1002,292,2065,1817,10.3302,18.8631
4039,134.633,1003,293,2065,1816,10.4565,19.6291
4040,134.667,1003,292,2065,1816,7.9977,20.7422
4041,134.700,1003,293,2065,1816,10.4688,20.2515
4042,134.733,1003,292,2065,1816,8.0847,20.9206
4043,134.767,1004,292,2065,1816,5.6433,22.1424
4044,134.800,1004,292,2065,1816,6.2018,21.5586
4045,134.833,1004,292,2065,1816,6.4299,21.9762
4046,134.867,1004,293,2065,1816,5.8452,20.7339
4047,134.900,1003,294,2064,1816,10.3611,19.6458
4048,134.933,1004,296,2065,1816,8.9508,20.0944
4049,134.967,1004,296,2066,1816,7.9385,19.9333
4050,135.000,1005,298,2066,1817,8.5829,18.4245
4051,135.033,1004,297,2066,1818,8.4900,16.9780
4052,135.067,1005,297,2065,1818,7.8520,20.0942
4053,135.100,1006,296,2066,1816,6.8188,18.6132
4054,135.133,1005,295,2064,1815,7.1131,20.6659
4055,135.167,1005,311,2061,1799,8.9148,23.5539
4056,135.200,1005,312,2062,1799,7.8878,23.3712
4057,135.233,1006,312,2062,1799,7.1432,23.5016
4058,135.267,1006,312,2062,1799,8.2367,23.2783
4059,135.300,1007,312,2062,1799,8.8530,24.3114
4060,135.333,1007,310,2064,1800,8.9488,26.7661
4061,135.367,1008,308,2064,1801,6.4278,24.5321
4062,135.400,1009,306,2064,1801,7.7216,23.5852
4063,135.433,1009,306,2062,1801,7.0482,26.2134
4064,135.467,1009,308,2063,1801,6.4138,25.2286
4065,135.500,1010,308,2064,1800,5.3422,23.6780
4066,135.533,1010,309,2065,1800,4.8062,23.8216
4067,135.567,1009,295,2062,1817,2.7224,25.4356
4068,135.600,1009,294,2063,1817,3.7273,24.0408
4069,135.633,1009,293,2063,1816,2.8120,24.8906
4070,135.667,1010,294,2063,1816,3.8271,24.4001
4071,135.700,1009,293,2064,1817,4.1583,23.9526
4072,135.733,1008,294,2064,1817,6.3580,26.1462
4073,135.767,1007,295,2065,1817,5.0052,22.5179
4074,135.800,1007,292,2065,1816,6.0501,24.8270
4075,135.833,1008,291,2064,1816,4.9421,25.5497
4076,135.867,1008,292,2065,1816,6.0804,24.4785
4077,135.900,1007,292,2065,1816,4.4846,23.4111
4078,135.933,1008,294,2065,1816,6.3989,21.8948
4079,135.967,1009,294,2065,1816,3.2053,23.1950
4080,136.000,1008,295,2064,1816,4.0886,21.4825
4081,136.033,1009,297,2064,1815,4.8902,20.8460
4082,136.067,1009,296,2064,1815,2.8995,21.6476
4083,136.100,1009,294,2067,1815,2.3616,22.8316
4084,136.133,1008,294,2066,1816,0.9374,21.9084
4085,136.167,1007,294,2066,1816,0.8617,21.2644
4086,136.200,1007,294,2066,1817,1.1991,22.2059
4087,136.233,1006,295,2067,1818,3.6447,21.3877
4088,136.267,1007,296,2067,1818,4.2385,21.3819
4089,136.300,1007,296,2067,1817,4.0674,20.5375
4090,136.333,1007,295,2067,1818,4.4779,20.8448
4091,136.367,1007,296,2065,1817,3.8427,20.9175
4092,136.400,1007,296,2065,1818,3.4890,20.7351
4093,136.433,1007,296,2066,1818,4.7466,22.1939
4094,136.467,1007,296,2066,1818,4.6326,21.6827
4095,136.500,1007,296,2066,1819,4.9871,21.1154
4096,136.533,1007,297,2065,1819,3.4673,20.8308
4097,136.567,1007,298,2065,1818,4.6622,22.3839
4098,136.600,1007,297,2065,1818,3.5604,21.3182
4099,136.633,1006,299,2066,1819,4.6326,21.8575
4100,136.667,1006,299,2065,1819,5.5704,25.0472
4101,136.700,1006,300,2065,1819,5.0620,23.3328
4102,136.733,1007,299,2065,1819,4.8130,24.5088
4103,136.767,1007,298,2064,1819,4.6319,22.4128
4104,136.800,1008,299,2065,1819,6.2179,21.9290
4105,136.833,1008,299,2064,1819,5.0387,22.0136
4106,136.867,1008,299,2064,1819,5.7767,21.4405
4107,136.900,1007,298,2065,1820,4.7901,22.8875
4108,136.933,1007,298,2065,1820,4.7887,22.4034
4109,136.967,1007,297,2066,1820,3.2016,21.7704
4110,137.000,1008,297,2066,1820,4.0503,22.6187
4111,137.033,1007,295,2066,1820,4.5833,21.9302
4112,137.067,1007,295,2066,1820,3.7589,21.7229
4113,137.100,1007,297,2066,1819,4.5040,21.3873
4114,137.133,1007,297,2066,1819,4.4380,20.6650
4115,137.167,1007,298,2065,1819,4.8022,22.2287
4116,137.200,1007,301,2066,1819,5.5947,18.9511
4117,137.233,1007,320,2067,1800,-7.6043,23.1085
4118,137.267,1008,321,2067,1800,-7.2544,22.0530
4119,137.300,1008,303,2065,1817,-13.0376,17.6570
4120,137.333,1008,301,2065,1817,-15.0689,15.3029
4121,137.367,1007,303,2065,1817,-13.4247,19.9937
4122,137.400,1009,307,2064,1817,-11.0269,18.4016
4123,137.433,1009,328,2067,1800,-13.0006,20.9359
4124,137.467,1008,328,2066,1800,-12.2718,19.2496
4125,137.500,1008,328,2066,1800,-13.3820,20.4831
4126,137.533,1008,332,2066,1801,-15.1797,23.8961
4127,137.567,1008,333,2065,1800,-12.9380,22.5642
4128,137.600,1008,334,2066,1801,-13.3697,21.5558
4129,137.633,1008,319,2063,1819,-11.8538,20.8427
4130,137.667,1008,320,2063,1819,-10.7563,20.6113
4131,137.700,1009,334,2067,1802,-12.2285,21.2645
4132,137.733,1009,333,2067,1802,-14.1940,22.9843
4133,137.767,1009,333,2067,1801,-13.7687,22.8403
4134,137.800,1009,331,2066,1801,-12.9377,21.0771
4135,137.833,1009,331,2067,1801,-14.5172,22.9068
4136,137.867,1009,331,2066,1800,-13.5559,22.0836
4137,137.900,1009,330,2066,1800,-12.6516,20.1333
4138,137.933,1009,330,2066,1800,-12.4940,20.1066
4139,137.967,1010,316,2063,1819,-11.2127,21.4321
4140,138.000,1010,317,2063,1818,-11.9831,20.9972
4141,138.033,1009,316,2064,1818,-11.3627,20.8614
4142,138.067,1009,316,2064,1818,-10.2385,21.7150
4143,138.100,1008,330,2067,1802,-12.0548,20.1943
4144,138.133,1009,316,2064,1819,-12.5589,22.1740
4145,138.167,1008,330,2067,1801,-11.4885,21.0705
4146,138.200,1009,316,2064,1820,-12.2267,20.9940
4147,138.233,1008,330,2067,1802,-11.3157,19.9808
4148,138.267,1007,329,2067,1801,-10.5256,21.5531
4149,138.300,1008,329,2067,1801,-11.4111,21.1847
4150,138.333,1008,330,2067,1802,-11.7849,20.5075
4151,138.367,1008,329,2067,1802,-10.6369,19.5424
4152,138.400,1007,331,2067,1801,-11.3499,20.0257
4153,138.433,1007,329,2067,1801,-10.9734,21.1686
4154,138.467,1006,332,2067,1802,-9.6262,20.5602
4155,138.500,1007,332,2067,1803,-10.2136,21.1253
4156,138.533,1008,331,2069,1802,-10.8983,19.8407
4157,138.567,1008,320,2065,1821,-8.2362,23.4309
4158,138.600,1009,320,2066,1821,-9.9002,21.7975
4159,138.633,1009,321,2067,1822,-9.7037,22.2508
4160,138.667,1007,321,2067,1825,-11.2641,22.5119
4161,138.700,1007,321,2067,1824,-10.7681,21.7761
4162,138.733,1007,322,2068,1825,-11.7183,22.5093
4163,138.767,1006,320,2069,1826,-10.4917,20.8025
4164,138.800,1007,323,2069,1826,-10.9388,22.2455
4165,138.833,1007,324,2068,1826,-10.4594,22.2650
4166,138.867,1007,324,2068,1826,-10.5069,21.8641
4167,138.900,1008,324,2068,1825,-10.4447,21.6790
4168,138.933,1008,324,2068,1825,-10.6969,21.6244
4169,138.967,1008,324,2068,1825,-10.5314,21.3624
4170,139.000,1009,324,2068,1825,-11.0592,21.4431
4171,139.033,1009,324,2068,1824,-11.6006,23.1374
4172,139.067,1010,323,2067,1824,-10.9237,22.3945
4173,139.100,1009,336,2070,1803,-12.8670,19.6922
4174,139.133,1008,337,2069,1804,-12.0701,18.9687
4175,139.167,1008,336,2068,1804,-13.1989,19.6210
4176,139.200,1008,336,2069,1803,-12.9388,19.1606
4177,139.233,1008,336,2069,1804,-13.1823,19.1644
4178,139.267,1008,336,2070,1803,-12.2254,19.6564
4179,139.300,1008,335,2071,1803,-14.2535,19.2570
4180,139.333,1010,321,2070,1822,-11.3392,20.9974
4181,139.367,1011,322,2071,1822,-11.7840,19.8336
4182,139.400,1011,320,2072,1821,-10.3473,20.1545
4183,139.433,1011,318,2072,1821,-12.6934,21.1537
4184,139.467,1011,318,2072,1821,-12.7542,20.8632
4185,139.500,1010,317,2073,1821,-10.9419,18.9479
4186,139.533,1010,317,2073,1821,-10.6695,18.8447
4187,139.567,1010,316,2073,1821,-13.5790,20.9545
4188,139.600,1010,316,2073,1820,-12.9485,20.1852
4189,139.633,1010,315,2072,1820,-11.0953,20.4612
4190,139.667,1010,316,2073,1820,-12.5130,20.0849
4191,139.700,1009,316,2072,1820,-12.1929,20.2103
4192,139.733,1009,317,2072,1820,-12.4411,19.6287
4193,139.767,1009,317,2071,1819,-13.2376,20.0975
4194,139.800,1010,316,2072,1819,-10.0838,20.6761
4195,139.833,1011,316,2071,1818,-9.9188,21.2411
4196,139.867,1011,315,2071,1818,-10.1131,20.6982
4197,139.900,1011,315,2071,1819,-10.9906,20.1986
4198,139.933,1012,314,2071,1819,-11.9457,22.0633
4199,139.967,1011,314,2072,1818,-10.7430,19.0905
4200,140.000,1011,315,2071,1818,-11.1231,19.7769
4201,140.033,1011,315,2070,1817,-12.5434,18.8831
4202,140.067,1010,314,2070,1818,-10.4148,19.6370
4203,140.100,1010,319,2070,1819,-8.8772,21.3725
4204,140.133,1010,321,2070,1818,-9.4665,23.4594
4205,140.167,1010,321,2070,1817,-10.1237,22.7042
4206,140.200,1010,319,2070,1817,-9.2654,21.4946
4207,140.233,1010,318,2070,1818,-10.5774,21.2678
4208,140.267,1011,318,2071,1818,-10.3029,20.6073
4209,140.300,1011,318,2071,1818,-10.2377,20.5765
4210,140.333,1011,318,2071,1819,-11.3590,19.7567
4211,140.367,1011,318,2070,1819,-12.0432,21.0730
4212,140.400,1010,318,2070,1818,-11.1185,21.4080
4213,140.433,1010,318,2071,1818,-12.5820,21.2950
4214,140.467,1009,319,2069,1818,-10.7789,21.0869
4215,140.500,1009,319,2069,1818,-10.0357,21.5673
4216,140.533,1009,319,2069,1819,-10.8767,21.3873
4217,140.567,1010,318,2068,1818,-10.6358,20.2460
4218,140.600,1010,309,2067,1815,-5.3170,21.9023
4219,140.633,1014,296,2069,1811,4.2493,17.2116
4220,140.667,1014,299,2070,1811,5.5120,18.0797
4221,140.700,1012,299,2072,1810,9.4146,15.4653
4222,140.733,1012,300,2074,1809,8.4823,16.3705
4223,140.767,1012,304,2075,1808,7.6068,14.9881
4224,140.800,1012,306,2076,1808,8.5197,15.0562
4225,140.833,1010,299,2077,1808,7.5983,15.9167
4226,140.867,1011,303,2077,1808,8.1821,14.5218
4227,140.900,1010,304,2077,1809,6.3691,18.4534
4228,140.933,1009,301,2077,1808,7.0710,17.7951
4229,140.967,1009,299,2076,1808,5.1265,20.6447
4230,141.000,1013,303,2073,1807,7.1915,19.6290
4231,141.033,1016,299,2072,1806,8.2405,18.5475
4232,141.067,1015,297,2070,1804,6.0516,21.3742
4233,141.100,1010,298,2063,1795,9.4891,12.8993
4234,141.133,1010,297,2062,1795,8.4208,14.5166
4235,141.167,999,320,2056,1794,13.0700,6.0274
4236,141.200,1000,321,2055,1794,13.3645,7.1289
4237,141.233,1000,321,2057,1796,10.7705,10.5466
4238,141.267,1009,299,2065,1796,6.5794,11.8463
4239,141.300,1009,299,2071,1802,7.1663,19.4769
4240,141.333,1009,300,2074,1803,9.4451,20.7296
4241,141.367,1009,301,2078,1804,6.6416,21.5502
4242,141.400,1012,307,2077,1805,7.7069,22.0520
4243,141.433,1012,308,2077,1807,9.1435,22.7909
4244,141.467,1011,310,2076,1807,6.6879,21.7345
4245,141.500,1011,309,2075,1807,12.0417,20.1171
4246,141.533,1009,308,2073,1809,7.3691,22.2165
4247,141.567,1008,306,2074,1808,7.3901,22.8772
4248,141.600,1005,307,2073,1809,8.2819,21.8194
4249,141.633,1003,306,2072,1809,7.3989,22.7483
4250,141.667,1003,306,2072,1809,7.5481,22.1805
4251,141.700,1004,305,2072,1808,7.6780,22.0182
4252,141.733,1003,305,2072,1808,5.1949,23.5264
4253,141.767,1003,305,2072,1808,5.1970,23.5840
4254,141.800,1004,303,2072,1809,6.8467,21.1462
4255,141.833,1005,303,2072,1809,6.7364,20.6507
4256,141.867,1005,304,2072,1809,5.8537,20.8943
4257,141.900,1005,304,2072,1808,5.9318,20.9548
4258,141.933,1003,303,2074,1809,6.0214,21.9302
4259,141.967,1003,301,2075,1808,7.2052,21.2430
4260,142.000,1003,301,2076,1809,6.6900,21.2363
4261,142.033,1003,301,2077,1809,5.9371,21.1056
4262,142.067,1003,300,2076,1809,7.1548,21.1483
4263,142.100,1005,299,2074,1809,8.0419,18.8080
4264,142.133,1006,299,2074,1809,7.6830,19.1782
4265,142.167,1006,299,2075,1809,8.6082,19.3803
4266,142.200,1006,299,2075,1809,8.6117,19.4173
4267,142.233,1008,299,2075,1809,6.9720,18.3887
4268,142.267,1010,309,2071,1815,8.6464,19.8052
4269,142.300,1009,308,2071,1815,7.7823,21.1016
4270,142.333,1009,308,2071,1816,7.6026,20.9458
4271,142.367,1010,308,2071,1816,7.4775,21.7239
4272,142.400,1010,310,2071,1816,7.5973,20.1922
4273,142.433,1009,309,2071,1815,7.8564,19.9971
4274,142.467,1009,308,2071,1816,7.2110,21.0246
4275,142.500,1009,310,2071,1815,6.9236,20.4641
4276,142.533,1009,309,2071,1814,8.7099,20.1809
4277,142.567,1009,309,2071,1814,7.8467,20.3590
4278,142.600,1010,309,2072,1814,8.8603,21.9943
4279,142.633,1010,309,2071,1814,5.8764,20.0986
4280,142.667,1012,310,2072,1813,4.6160,20.3344
4281,142.700,1011,310,2071,1813,5.3268,19.9661
4282,142.733,1011,310,2071,1812,5.9232,19.8081
4283,142.767,1012,311,2071,1813,5.6198,19.8702
4284,142.800,1011,312,2071,1813,5.4167,20.4382
4285,142.833,1010,310,2071,1814,6.5598,20.0692
4286,142.867,1011,309,2071,1814,7.7091,20.8246
4287,142.900,1011,312,2071,1815,8.1894,20.6647
4288,142.933,1011,312,2071,1816,8.0592,21.9511
4289,142.967,1011,310,2072,1816,6.7157,20.2500
4290,143.000,1010,310,2072,1816,7.0129,20.7832
4291,143.033,1011,312,2072,1815,5.1979,20.9627
4292,143.067,1011,314,2072,1815,8.3388,21.4739
4293,143.100,1011,315,2075,1816,8.6040,22.1471
4294,143.133,1011,314,2075,1817,9.1309,22.4424
4295,143.167,1011,315,2075,1817,8.1256,22.6519
4296,143.200,1013,316,2074,1817,7.6220,22.7757
4297,143.233,1013,317,2074,1817,8.6015,22.8854
4298,143.267,1013,316,2074,1815,7.7986,22.1524
4299,143.300,1012,317,2075,1815,8.8685,21.8906
4300,143.333,1012,318,2075,1815,8.5852,21.6680
4301,143.367,1012,317,2075,1815,8.5651,21.0491
4302,143.400,1011,315,2074,1814,9.1707,22.2658
4303,143.433,1012,315,2075,1814,9.3036,20.3638
4304,143.467,1013,316,2074,1814,9.1879,21.1710
4305,143.500,1013,316,2074,1814,8.3542,21.4032
4306,143.533,1013,316,2073,1813,9.1814,22.0184
4307,143.567,1013,317,2073,1814,9.3267,22.0608
4308,143.600,1014,317,2073,1814,8.2055,20.7461
4309,143.633,1014,316,2073,1813,9.8625,19.9801
4310,143.667,1013,314,2073,1814,10.0543,19.4954
4311,143.700,1013,313,2073,1815,10.7263,19.0029
4312,143.733,1012,313,2073,1814,8.9305,18.8596
4313,143.767,1013,309,2072,1813,7.1934,18.8673
4314,143.800,1010,311,2072,1813,7.5148,19.2639
4315,143.833,1010,301,2071,1812,7.4649,17.6877
4316,143.867,1010,298,2071,1810,6.8631,16.8324
4317,143.900,1012,292,2072,1806,8.6468,16.3439
4318,143.933,1011,293,2061,1800,13.2314,12.3400
4319,143.967,1013,292,2063,1800,12.6010,8.7524
4320,144.000,1016,297,2049,1784,12.3005,2.0895
4321,144.033,1014,300,2051,1785,7.1098,8.2029
4322,144.067,1014,306,2050,1785,8.2267,9.3573
4323,144.100,1013,297,2065,1805,7.2512,13.4439
4324,144.133,1012,302,2071,1807,9.9662,18.8028
4325,144.167,1010,298,2072,1807,11.4823,17.7370
4326,144.200,1009,294,2073,1807,10.1082,17.7716
4327,144.233,1009,295,2072,1807,10.8560,17.6709
4328,144.267,1007,294,2071,1806,11.8839,18.2335
4329,144.300,1009,295,2072,1807,12.3395,17.0496
4330,144.333,1010,297,2072,1807,13.0890,18.2688
4331,144.367,1011,295,2072,1806,10.1896,16.2648
4332,144.400,1011,294,2071,1807,9.3822,16.1209
4333,144.433,1010,296,2072,1808,9.8913,17.9725
4334,144.467,1010,295,2072,1808,9.6652,19.5118
4335,144.500,1007,290,2072,1807,7.9762,18.1388
4336,144.533,1007,289,2072,1807,7.7514,18.6199
4337,144.567,1009,303,2075,1810,3.4102,21.1573
4338,144.600,1011,303,2072,1808,4.4677,20.7024
4339,144.633,1011,301,2073,1808,4.2648,22.0056
4340,144.667,1011,300,2073,1809,7.7805,21.2350
4341,144.700,1011,302,2072,1809,11.8831,20.4744
4342,144.733,1011,304,2073,1809,13.3953,21.7088
4343,144.767,1011,304,2074,1809,13.3614,21.5554
4344,144.800,1011,303,2074,1809,13.5355,20.9136
4345,144.833,1010,304,2073,1809,12.5567,20.7780
4346,144.867,1011,304,2073,1809,12.9735,21.4791
4347,144.900,1011,304,2074,1811,12.9350,21.1937
4348,144.933,1011,303,2074,1811,13.5167,20.1679
4349,144.967,1011,304,2075,1812,12.0264,22.3675
4350,145.000,1011,304,2076,1812,13.6097,21.8844
4351,145.033,1011,304,2076,1812,13.4972,21.1863
4352,145.067,1012,304,2076,1813,13.0065,20.0396
4353,145.100,1013,301,2077,1810,12.0092,22.9455
4354,145.133,1012,302,2077,1809,10.8793,22.4949
4355,145.167,1011,302,2076,1810,10.5917,22.6799
4356,145.200,1012,302,2076,1810,10.8544,22.0234
4357,145.233,1012,301,2076,1811,12.5839,21.2778
4358,145.267,1012,301,2075,1811,13.7732,22.1638
4359,145.300,1012,301,2076,1812,13.5539,21.8093
4360,145.333,1012,301,2076,1811,12.3344,20.4749
4361,145.367,1011,303,2076,1810,-0.5250,19.3326
4362,145.400,1010,303,2077,1811,0.4635,19.6467
4363,145.433,1011,302,2075,1810,-1.8862,22.1012
4364,145.467,1011,302,2076,1810,-3.3144,21.4253
4365,145.500,1011,302,2075,1811,-3.3769,21.3611
4366,145.533,1012,304,2075,1810,-1.3707,21.5020
4367,145.567,1011,305,2073,1809,-2.6141,21.8731
4368,145.600,1011,304,2073,1810,-2.5647,20.0023
4369,145.633,1011,305,2073,1808,-2.0794,23.6273
4370,145.667,1013,307,2072,1806,-2.2621,21.4077
4371,145.700,1013,308,2071,1804,-2.8125,19.1080
4372,145.733,1013,304,2069,1803,-1.0587,19.4572
4373,145.767,1011,302,2072,1804,-1.0711,16.9719
4374,145.800,1011,307,2072,1803,-0.2061,17.9223
4375,145.833,1011,308,2072,1803,0.9746,18.1951
4376,145.867,1009,301,2077,1801,1.4309,18.7690
4377,145.900,1008,305,2078,1804,2.0353,20.9316
4378,145.933,1006,305,2078,1805,0.0561,19.8708
4379,145.967,1006,304,2078,1805,0.6607,20.3582
4380,146.000,1007,304,2079,1805,3.2528,21.0869
4381,146.033,1007,300,2078,1804,6.0071,19.8064
4382,146.067,1007,300,2076,1803,4.5595,20.5778
4383,146.100,1007,297,2074,1802,4.1989,22.4821
4384,146.133,1006,296,2075,1802,5.7786,23.0216
4385,146.167,1007,295,2075,1802,8.3109,22.6932
4386,146.200,1007,294,2075,1803,7.8477,22.3829
4387,146.233,1008,294,2076,1805,5.6865,21.9984
4388,146.267,1007,293,2077,1805,4.4325,20.0430
4389,146.300,1008,292,2077,1803,4.4220,24.2382
4390,146.333,1009,292,2075,1804,-2.2347,21.9431
4391,146.367,1012,294,2076,1804,-5.5234,19.6714
4392,146.400,1011,297,2075,1803,-5.5422,19.9000
4393,146.433,1011,292,2074,1803,-4.5649,19.7451
4394,146.467,1011,287,2073,1803,-3.6043,20.1118
4395,146.500,1012,294,2073,1803,-3.6857,18.5645
4396,146.533,1015,302,2081,1804,-8.1156,19.5940
4397,146.567,1016,300,2079,1802,-5.9156,21.2739
4398,146.600,1023,300,2079,1799,-1.2876,19.6528
4399,146.633,1023,294,2077,1796,-0.5242,19.6455
4400,146.667,1024,298,2076,1788,-1.4734,20.9227
4401,146.700,1022,299,2081,1789,0.8260,17.9365
4402,146.733,1020,300,2078,1788,2.4362,18.8699
4403,146.767,1021,302,2079,1787,0.8175,20.2593
4404,146.800,1019,302,2080,1788,8.6887,19.0812
4405,146.833,1018,301,2078,1785,9.4847,18.0481
4406,146.867,1018,297,2078,1783,10.2945,20.9685
4407,146.900,1017,298,2077,1786,12.3854,20.7131
4408,146.933,1014,302,2074,1789,11.3312,19.3796
4409,146.967,1015,302,2072,1788,8.9236,19.5201
4410,147.000,1014,301,2074,1788,15.5283,20.0406
4411,147.033,1014,302,2076,1787,13.9086,19.4696
4412,147.067,1015,303,2076,1787,14.6830,19.0467
4413,147.100,1012,300,2077,1788,12.3680,19.5650
4414,147.133,1013,299,2077,1787,17.3340,19.6609
4415,147.167,1013,299,2077,1789,17.8445,20.2863
4416,147.200,1013,300,2076,1788,18.1008,20.9801
4417,147.233,1012,302,2075,1790,14.9060,20.3283
4418,147.267,1013,302,2074,1789,16.1360,19.8807
4419,147.300,1013,304,2075,1787,15.9186,21.0379
4420,147.333,1010,307,2076,1784,17.7827,20.9257
4421,147.367,1010,307,2075,1785,18.3286,21.5678
4422,147.400,1009,306,2075,1785,15.8293,20.6781
4423,147.433,1020,298,2072,1780,22.4301,18.0784
4424,147.467,1020,296,2074,1782,19.2390,17.3812
4425,147.500,1014,295,2063,1776,12.3027,13.3889
4426,147.533,1016,303,2075,1780,17.2838,17.8546
4427,147.567,1013,298,2075,1780,17.7447,19.2148
4428,147.600,1012,297,2081,1780,16.5927,17.0293
4429,147.633,1012,301,2080,1780,15.7397,19.8641
4430,147.667,1013,294,2080,1781,15.2480,22.6079
4431,147.700,1017,301,2079,1777,12.5432,24.4137
4432,147.733,1014,298,2081,1778,11.7209,21.5740
4433,147.767,1013,301,2083,1778,16.5938,25.0641
4434,147.800,1012,304,2083,1774,13.8332,24.6464
4435,147.833,1014,308,2085,1773,13.3434,24.9549
4436,147.867,1016,308,2084,1773,13.2094,23.4241
4437,147.900,1020,309,2082,1767,14.5396,22.0522
4438,147.933,1022,311,2085,1763,14.6604,22.7749
4439,147.967,1024,311,2087,1759,15.2343,23.8733
4440,148.000,1024,306,2087,1755,14.4149,23.1387
4441,148.033,1023,304,2089,1756,13.6204,22.4509
4442,148.067,1024,306,2091,1753,13.5033,22.7727
4443,148.100,1025,309,2090,1751,14.6791,19.8613
4444,148.133,1024,308,2090,1748,12.0930,20.2652
4445,148.167,1026,304,2090,1746,14.3697,21.2535
4446,148.200,1028,306,2089,1744,15.9761,20.7113
4447,148.233,1032,307,2089,1745,15.9153,18.8436
4448,148.267,1033,310,2090,1745,14.8411,20.6684
4449,148.300,1035,303,2089,1742,19.4085,22.7185
4450,148.333,1035,297,2091,1742,15.4325,19.9351
4451,148.367,1037,301,2090,1742,15.0018,19.3037
4452,148.400,1041,308,2088,1742,16.9505,22.5935
4453,148.433,1045,317,2095,1746,12.4818,18.7164
4454,148.467,1048,349,2089,1759,13.4832,17.3384
4455,148.500,1050,349,2089,1761,11.9483,19.5162
4456,148.533,1049,347,2090,1760,14.3057,19.8742
4457,148.567,1049,351,2090,1762,12.5323,18.5138
4458,148.600,1051,350,2090,1762,11.7637,18.7554
4459,148.633,1051,347,2092,1761,12.4812,19.1025
4460,148.667,1051,344,2093,1759,13.3419,19.9759
4461,148.700,1052,346,2094,1758,11.0494,19.1557
4462,148.733,1050,344,2095,1757,8.6050,18.7958
4463,148.767,1055,341,2092,1753,13.0056,20.8452
4464,148.800,1056,341,2092,1751,14.7500,19.6292
4465,148.833,1062,331,2091,1746,19.1572,15.8014
4466,148.867,1061,320,2088,1744,13.6673,19.9713
4467,148.900,1064,320,2091,1743,14.2434,19.3595
4468,148.933,1066,318,2093,1744,12.5439,22.1130
4469,148.967,1068,310,2094,1744,14.4854,18.8985
4470,149.000,1068,308,2097,1743,12.3307,19.6750
4471,149.033,1068,319,2095,1745,17.0796,21.8340
4472,149.067,1068,311,2095,1744,14.1107,21.9732
4473,149.100,1069,317,2093,1747,14.3343,18.7181
4474,149.133,1069,318,2093,1746,18.2981,17.8698
4475,149.167,1070,317,2095,1747,15.8537,18.7593
4476,149.200,1069,314,2093,1750,16.6839,19.0289
4477,149.233,1068,307,2092,1749,17.9966,17.0861
4478,149.267,1065,309,2092,1751,16.5343,17.1513
4479,149.300,1066,308,2091,1751,15.2028,17.4002
4480,149.333,1066,308,2091,1751,14.9141,18.0761
4481,149.367,1066,308,2091,1750,11.0973,20.3302
4482,149.400,1067,308,2090,1749,12.6822,19.2417
4483,149.433,1066,303,2091,1749,4.5285,23.7169
4484,149.467,1066,303,2093,1748,3.7591,24.6235
4485,149.500,1073,301,2097,1746,-3.8861,26.1187
4486,149.533,1074,306,2096,1744,-1.6340,26.7894
4487,149.567,1072,305,2096,1745,-0.5487,27.8662
4488,149.600,1069,306,2097,1750,-2.3186,28.7176
4489,149.633,1067,308,2097,1754,0.0989,28.5838
4490,149.667,1069,307,2096,1756,-0.7066,28.1498
4491,149.700,1065,299,2094,1757,-0.9870,27.2698
4492,149.733,1063,297,2092,1758,-0.7115,24.1758
4493,149.767,1061,292,2090,1760,-0.5141,26.7578
4494,149.800,1060,296,2089,1760,2.3260,27.0020
4495,149.833,1062,292,2089,1762,3.1052,26.5477
4496,149.867,1062,294,2090,1762,2.0573,28.9087
4497,149.900,1061,295,2091,1764,4.0848,27.1105
4498,149.933,1065,303,2096,1764,4.9242,30.7303
4499,149.967,1064,303,2094,1766,1.8447,31.7322
4500,150.000,1064,306,2095,1767,3.6994,30.2713
4501,150.033,1066,307,2095,1767,2.2239,30.5525
4502,150.067,1065,307,2094,1765,3.8565,29.9497
4503,150.100,1070,311,2092,1768,4.7300,29.8053
4504,150.133,1071,311,2092,1768,6.0186,28.2152
4505,150.167,1072,314,2094,1767,6.8880,28.9757
4506,150.200,1073,316,2095,1766,4.4705,27.9569
4507,150.233,1074,317,2095,1765,2.4650,27.9302
4508,150.267,1075,320,2096,1765,4.1412,26.6785
4509,150.300,1077,325,2097,1756,4.5333,29.1820
4510,150.333,1077,322,2101,1752,4.0355,29.5617
4511,150.367,1078,326,2099,1750,4.5742,30.9373
4512,150.400,1078,327,2100,1747,5.1757,29.1245
4513,150.433,1086,327,2096,1739,0.7057,28.2732
4514,150.467,1084,328,2097,1742,2.6000,30.0351
4515,150.500,1088,328,2096,1740,6.0883,30.3952
4516,150.533,1091,327,2099,1742,1.4154,29.4639
4517,150.567,1091,335,2100,1741,0.6276,29.5874
4518,150.600,1091,338,2100,1741,2.3756,28.4037
4519,150.633,1092,333,2101,1738,-4.8315,16.3545
4520,150.667,1093,332,2102,1736,-5.7097,18.1556
4521,150.700,1098,330,2103,1729,-11.3047,19.9931
4522,150.733,1104,337,2098,1732,-6.3772,17.0473
4523,150.767,1103,339,2100,1733,-11.0952,15.7023
4524,150.800,1101,346,2101,1735,-11.4398,16.7722
4525,150.833,1096,342,2104,1747,-14.2908,17.1503
4526,150.867,1095,341,2104,1755,-11.3847,16.7744
4527,150.900,1095,332,2104,1757,-11.4594,16.8183
4528,150.933,1090,334,2106,1764,-11.8554,17.0536
4529,150.967,1091,335,2105,1765,-9.2094,16.7355
4530,151.000,1088,334,2104,1767,-10.8155,17.8158
4531,151.033,1084,331,2103,1768,-10.7097,17.6010
4532,151.067,1083,332,2104,1770,-12.5357,15.8220
4533,151.100,1077,329,2108,1775,-6.1674,18.9162
4534,151.133,1078,331,2111,1774,-5.5552,18.3586
4535,151.167,1077,326,2107,1776,3.8327,18.0840
4536,151.200,1075,317,2100,1775,2.5989,15.5614
4537,151.233,1076,317,2101,1774,1.2451,16.4559
4538,151.267,1075,321,2102,1771,3.6356,18.8115
4539,151.300,1074,322,2101,1773,5.1807,19.7827
4540,151.333,1073,321,2102,1772,3.6737,20.3011
4541,151.367,1075,324,2104,1768,5.4201,21.2184
4542,151.400,1073,333,2110,1767,6.7791,18.1434
4543,151.433,1074,333,2108,1768,7.0343,18.1763
4544,151.467,1075,328,2107,1768,8.7236,19.6841
4545,151.500,1074,327,2108,1771,7.9557,16.9514
4546,151.533,1075,331,2105,1769,8.8963,19.0728
4547,151.567,1075,331,2105,1767,9.1913,19.2189
4548,151.600,1074,330,2102,1768,8.6633,18.4186
4549,151.633,1073,330,2101,1769,7.0881,17.4192
4550,151.667,1074,331,2100,1767,8.3916,16.8799
4551,151.700,1074,330,2100,1768,7.1741,17.2664
4552,151.733,1073,331,2099,1766,7.6050,19.1062
4553,151.767,1076,328,2097,1764,10.4520,15.3564
4554,151.800,1073,325,2096,1758,10.4024,17.9673
4555,151.833,1075,325,2096,1759,8.6908,17.9057
4556,151.867,1071,329,2096,1759,8.0666,16.7305
4557,151.900,1073,325,2096,1760,7.4124,17.6833
4558,151.933,1074,321,2096,1758,6.7154,17.7763
4559,151.967,1077,322,2096,1755,6.7393,17.4860
4560,152.000,1075,322,2096,1755,6.2236,18.1969
4561,152.033,1073,313,2096,1755,7.5495,18.0470
4562,152.067,1070,312,2095,1753,7.3528,17.5040
4563,152.100,1069,317,2095,1755,4.6205,19.5023
4564,152.133,1065,308,2095,1753,7.1170,18.7057
4565,152.167,1066,306,2095,1754,8.7316,18.8879
4566,152.200,1065,304,2096,1753,9.5148,19.3985
4567,152.233,1066,302,2095,1753,9.5391,18.8960
4568,152.267,1065,303,2095,1753,10.1864,18.2672
4569,152.300,1066,304,2095,1752,10.7531,18.0933
4570,152.333,1066,306,2095,1753,9.7202,17.4863
4571,152.367,1065,308,2095,1754,9.3105,18.2672
4572,152.400,1066,307,2096,1756,8.8321,16.6003
4573,152.433,1064,302,2094,1757,8.0354,21.5591
4574,152.467,1065,313,2093,1755,1.8011,18.5184
4575,152.500,1066,310,2092,1756,0.1173,16.0129
4576,152.533,1064,310,2091,1756,0.1961,16.8114
4577,152.567,1066,308,2092,1753,0.0687,15.6838
4578,152.600,1062,308,2092,1753,0.2891,16.9015
4579,152.633,1065,307,2093,1755,-2.3607,16.7087
4580,152.667,1064,304,2092,1754,-1.6830,17.8441
4581,152.700,1065,298,2091,1748,-2.2661,19.4142
4582,152.733,1061,297,2091,1749,-2.3215,17.9818
4583,152.767,1061,292,2091,1750,-4.0800,18.4326
4584,152.800,1059,296,2089,1749,-4.4510,19.4095
4585,152.833,1059,292,2084,1745,-0.9843,20.0135
4586,152.867,1057,287,2083,1745,0.3426,19.7932
4587,152.900,1050,298,2083,1744,2.3230,26.9125
4588,152.933,1048,308,2083,1748,-0.0616,25.8370
4589,152.967,1048,309,2083,1748,-0.0374,23.6323
4590,153.000,1049,310,2082,1747,0.1725,24.9836
4591,153.033,1048,309,2081,1747,0.3942,22.8928
4592,153.067,1048,312,2082,1746,-0.0248,21.7216
4593,153.100,1048,310,2083,1749,-2.0047,23.8897
4594,153.133,1048,311,2086,1752,1.4023,23.5493
4595,153.167,1049,313,2087,1752,2.0141,24.2021
4596,153.200,1049,313,2087,1753,2.2671,24.9565
4597,153.233,1050,310,2087,1754,2.6985,24.1298
4598,153.267,1051,311,2089,1756,1.7715,25.3982
4599,153.300,1051,312,2090,1757,2.0517,25.1945
4600,153.333,1052,310,2090,1759,2.4233,23.4629
4601,153.367,1052,312,2091,1760,3.1655,24.6599
4602,153.400,1052,310,2091,1759,3.2554,23.9238
4603,153.433,1053,310,2091,1759,3.6973,24.6725
4604,153.467,1053,310,2091,1759,4.1082,24.8441
4605,153.500,1053,304,2092,1758,4.1528,26.5020
4606,153.533,1058,301,2091,1756,6.0500,23.4851
4607,153.567,1058,305,2092,1757,3.5589,24.7709
4608,153.600,1060,312,2090,1754,3.0183,22.0647
4609,153.633,1063,301,2091,1748,5.7626,26.4571
4610,153.667,1063,301,2091,1748,6.1774,25.4324
4611,153.700,1062,304,2091,1747,4.3721,26.1376
4612,153.733,1062,299,2092,1744,-1.3128,18.4555
4613,153.767,1063,299,2094,1744,-0.5018,19.7327
4614,153.800,1062,291,2091,1742,-2.9290,20.4125
4615,153.833,1062,291,2090,1741,-4.8298,19.1523
4616,153.867,1063,289,2091,1743,-3.9932,19.2644
4617,153.900,1064,292,2093,1746,-3.4398,19.2545
4618,153.933,1068,286,2094,1749,-1.2665,19.6511
4619,153.967,1067,289,2094,1748,-1.8697,17.9319
4620,154.000,1071,291,2093,1748,0.4886,16.3728
4621,154.033,1073,294,2093,1748,0.3025,16.8875
4622,154.067,1071,294,2091,1749,1.6542,17.1024
4623,154.100,1072,291,2086,1750,0.8727,19.4745
4624,154.133,1072,292,2088,1751,0.8720,18.8055
4625,154.167,1071,293,2089,1753,3.1152,15.6462
4626,154.200,1071,293,2087,1753,2.7369,17.6292
4627,154.233,1071,291,2088,1753,1.7112,16.0259
4628,154.267,1070,292,2088,1753,3.1615,17.8577
4629,154.300,1071,293,2088,1753,1.6378,18.1545
4630,154.333,1073,290,2086,1753,5.6380,18.0945
4631,154.367,1072,290,2086,1753,6.5529,17.5567
4632,154.400,1072,288,2086,1754,6.8603,19.1131
4633,154.433,1073,289,2087,1753,5.5898,18.4653
4634,154.467,1074,289,2088,1754,6.4733,20.1992
4635,154.500,1073,289,2088,1755,5.6936,17.8775
4636,154.533,1072,290,2088,1755,4.3113,19.0290
4637,154.567,1072,291,2088,1755,4.2806,18.6975
4638,154.600,1071,291,2088,1755,4.6986,17.9875
4639,154.633,1071,291,2088,1755,4.3282,18.4463
4640,154.667,1070,293,2089,1757,7.6306,18.9438
4641,154.700,1070,294,2089,1757,5.9646,17.8701
4642,154.733,1072,294,2089,1753,6.5979,16.9636
4643,154.767,1071,296,2089,1755,5.4795,16.2423
4644,154.800,1068,296,2089,1758,4.8419,18.1672
4645,154.833,1068,295,2089,1758,5.6454,16.9309
4646,154.867,1065,295,2090,1759,5.0496,19.0287
4647,154.900,1064,291,2092,1760,5.0818,16.3214
4648,154.933,1062,295,2095,1759,6.3727,18.6621
4649,154.967,1062,296,2095,1759,5.2150,19.5554
4650,155.000,1060,295,2098,1760,3.9938,25.3874
4651,155.033,1059,296,2100,1763,4.9186,21.8358
4652,155.067,1060,295,2100,1765,1.8006,29.0466
4653,155.100,1059,296,2099,1770,3.8925,29.3910
4654,155.133,1057,294,2098,1767,3.1206,28.3877
4655,155.167,1058,294,2098,1766,4.1796,27.3624
4656,155.200,1058,293,2096,1763,3.5649,28.1786
4657,155.233,1058,291,2098,1761,4.1988,28.9770
4658,155.267,1061,296,2098,1761,1.5079,28.0407
4659,155.300,1063,296,2098,1759,4.0062,29.0444
4660,155.333,1064,294,2098,1758,4.8293,28.9569
4661,155.367,1066,288,2099,1757,7.1256,27.6562
4662,155.400,1065,290,2097,1754,5.7021,27.9855
4663,155.433,1066,290,2097,1753,4.6956,29.3797
4664,155.467,1066,289,2097,1755,6.2947,28.6349
4665,155.500,1065,286,2097,1754,8.8563,28.2956
4666,155.533,1064,287,2096,1754,9.6988,27.3376
4667,155.567,1065,287,2097,1755,8.1531,28.0842
4668,155.600,1064,289,2097,1755,4.9330,27.4837
4669,155.633,1063,294,2096,1758,3.2941,25.2466
4670,155.667,1062,295,2098,1758,3.8020,27.1573
4671,155.700,1060,298,2099,1759,3.7311,27.1259
4672,155.733,1060,298,2099,1759,3.7311,27.1259
4673,155.767,1060,299,2099,1758,2.2413,27.8769
4674,155.800,1059,299,2099,1757,1.9133,26.2388
4675,155.833,1059,299,2099,1757,1.9133,26.2388
4676,155.867,1059,300,2099,1756,5.7109,27.0004
4677,155.900,1059,301,2098,1756,3.7032,27.4008
4678,155.933,1059,302,2098,1757,1.9948,27.3929
4679,155.967,1061,303,2098,1756,0.5415,25.7549
4680,156.000,1060,300,2099,1757,1.1194,26.7844
4681,156.033,1059,303,2099,1757,-1.1724,27.2659
4682,156.067,1058,302,2101,1759,-0.1106,28.8939
4683,156.100,1057,305,2100,1764,0.2887,21.3076
4684,156.133,1055,296,2102,1764,-1.3797,25.3794
4685,156.167,1054,294,2103,1764,-2.5438,24.9686
4686,156.200,1054,292,2103,1761,-7.5986,24.0395
4687,156.233,1057,291,2104,1760,-7.6062,22.1853
4688,156.267,1056,292,2104,1761,-6.6275,22.6740
4689,156.300,1057,292,2104,1761,-7.0596,22.0425
4690,156.333,1056,292,2104,1762,-8.2997,22.3049
4691,156.367,1055,290,2104,1762,-8.8111,21.1759
4692,156.400,1055,292,2104,1762,-5.9925,21.8150
4693,156.433,1054,292,2104,1762,-7.7461,21.5390
4694,156.467,1055,295,2104,1763,-8.3355,21.8295
4695,156.500,1055,293,2105,1762,-3.5483,19.6143
4696,156.533,1055,290,2105,1762,-4.5435,20.1750
4697,156.567,1055,288,2106,1762,-3.5903,22.1866
4698,156.600,1055,287,2106,1762,-3.8552,22.0489
4699,156.633,1055,290,2104,1762,-5.8117,22.7175
4700,156.667,1056,290,2104,1762,-2.6253,21.5549
4701,156.700,1056,289,2105,1762,-3.2097,22.2133
4702,156.733,1056,288,2105,1762,-3.7725,22.6768
4703,156.767,1057,287,2104,1762,-2.0939,19.9458
4704,156.800,1056,287,2106,1761,-2.0572,20.8551
4705,156.833,1056,286,2107,1761,-3.1565,20.5933
4706,156.867,1057,286,2107,1760,-3.4442,19.4102
4707,156.900,1056,287,2107,1761,-2.6828,21.2420
4708,156.933,1058,283,2107,1761,0.9142,20.8545
4709,156.967,1057,281,2107,1761,2.1006,20.5403
4710,157.000,1057,279,2108,1762,0.6854,20.6057
4711,157.033,1057,282,2108,1766,-1.0491,18.6372
4712,157.067,1058,284,2107,1765,-1.2461,18.3860
4713,157.100,1059,286,2105,1764,0.1740,21.1199
4714,157.133,1060,289,2104,1765,-2.9532,20.2462
4715,157.167,1060,290,2104,1765,-1.3665,20.9894
4716,157.200,1060,290,2105,1765,-1.9289,21.2834
4717,157.233,1060,289,2105,1765,-2.5400,21.3420
4718,157.267,1059,291,2106,1765,-1.3484,21.5298
4719,157.300,1059,291,2106,1765,-0.1259,22.2344
4720,157.333,1059,292,2106,1766,-2.2689,21.1978
4721,157.367,1058,293,2106,1767,-3.6610,22.8850
4722,157.400,1058,294,2106,1768,-0.1612,20.9890
4723,157.433,1059,291,2105,1767,2.8221,18.0457
4724,157.467,1059,288,2107,1768,1.6803,19.4836
4725,157.500,1060,286,2106,1768,-0.0271,19.3364
4726,157.533,1061,286,2105,1766,5.2795,19.3289
4727,157.567,1059,293,2108,1767,4.8452,18.0045
4728,157.600,1061,289,2114,1766,6.0612,20.0011
4729,157.633,1062,299,2120,1772,0.0628,17.7325
4730,157.667,1063,297,2118,1772,3.5673,19.0250
4731,157.700,1063,297,2117,1772,3.3901,19.0918
4732,157.733,1063,299,2116,1772,7.4026,18.7497
4733,157.767,1062,295,2115,1772,9.7353,14.2232
4734,157.800,1059,298,2110,1772,9.8713,20.6760
4735,157.833,1059,294,2111,1773,11.6488,20.2177
4736,157.867,1059,290,2110,1773,10.7068,19.4215
4737,157.900,1063,277,2101,1763,6.8087,16.9032
4738,157.933,1060,279,2103,1764,9.3730,18.3489
4739,157.967,1058,281,2104,1764,8.5912,17.9174
4740,158.000,1055,285,2107,1767,10.7046,17.3222
4741,158.033,1055,285,2108,1768,7.7298,18.7630
4742,158.067,1053,287,2108,1770,12.7043,16.1042
4743,158.100,1050,291,2110,1773,8.7497,20.6413
4744,158.133,1052,291,2110,1773,9.5591,20.1609
4745,158.167,1055,291,2112,1773,1.3823,19.7573
4746,158.200,1054,293,2113,1776,0.9430,21.2384
4747,158.233,1053,294,2114,1777,-0.8044,19.3616
4748,158.267,1053,296,2116,1779,-1.8940,21.4529
4749,158.300,1052,298,2116,1779,-0.7069,20.0100
4750,158.333,1052,297,2116,1779,-0.4811,19.5725
4751,158.367,1051,299,2116,1780,-1.1133,17.3368
4752,158.400,1050,299,2117,1778,0.3284,19.8928
4753,158.433,1052,299,2117,1777,-4.0355,20.3243
4754,158.467,1052,299,2119,1777,-3.3487,19.3642
4755,158.500,1052,299,2119,1778,-4.5508,18.5239
4756,158.533,1050,303,2119,1776,-3.8366,21.7708
4757,158.567,1049,306,2118,1776,-7.5866,19.4946
4758,158.600,1049,306,2117,1776,-6.4846,19.4540
4759,158.633,1049,305,2117,1777,-6.9025,20.0233
4760,158.667,1050,304,2116,1777,-7.5595,19.1623
4761,158.700,1051,303,2117,1777,-7.7566,18.7526
4762,158.733,1051,304,2116,1777,-7.8248,18.4098
4763,158.767,1052,304,2116,1777,-10.9323,19.1761
4764,158.800,1052,305,2115,1777,-8.1002,19.8550
4765,158.833,1054,303,2116,1777,-6.2377,17.8024
4766,158.867,1054,303,2117,1777,-7.0047,17.0254
4767,158.900,1054,303,2116,1776,-7.2211,17.6728
4768,158.933,1053,305,2117,1777,-6.2487,17.2508
4769,158.967,1052,301,2118,1777,-4.5502,17.4779
4770,159.000,1052,303,2119,1776,-6.0601,18.1152
4771,159.033,1051,302,2119,1777,-4.3006,18.4516
4772,159.067,1051,303,2118,1776,-4.0246,16.8339
4773,159.100,1050,304,2118,1778,-7.6756,17.7989
4774,159.133,1049,305,2117,1778,-5.7831,17.4490
4775,159.167,1049,301,2117,1778,-5.8322,16.8428
4776,159.200,1049,302,2118,1779,-7.1684,17.8360
4777,159.233,1054,295,2115,1772,-2.8170,17.3298
4778,159.267,1054,293,2116,1771,2.2667,20.1976
4779,159.300,1053,295,2115,1771,-1.8759,21.5242
4780,159.333,1051,294,2115,1773,3.0427,19.5052
4781,159.367,1050,297,2116,1774,0.1384,19.0081
4782,159.400,1049,297,2115,1774,0.6231,18.9802
4783,159.433,1050,295,2116,1774,3.4039,19.9991
4784,159.467,1049,296,2115,1775,1.6181,17.9357
4785,159.500,1048,297,2113,1776,2.3463,15.8409
4786,159.533,1047,299,2113,1775,-0.9564,19.1226
4787,159.567,1046,299,2114,1774,-0.5081,17.7143
4788,159.600,1045,299,2115,1776,-0.8937,17.6314
4789,159.633,1047,298,2111,1776,0.3011,18.8609
4790,159.667,1047,298,2112,1776,1.1167,18.5331
4791,159.700,1049,298,2113,1775,-0.2618,19.1915
4792,159.733,1048,301,2114,1775,-4.0769,16.7655
4793,159.767,1049,304,2113,1776,-5.7337,16.2643
4794,159.800,1048,302,2113,1776,-4.3092,17.0161
4795,159.833,1048,301,2114,1777,-4.6758,16.1656
4796,159.867,1047,302,2113,1778,-4.5901,20.1734
4797,159.900,1046,301,2114,1777,-4.4678,19.8579
4798,159.933,1046,301,2114,1778,-4.5424,21.1430
4799,159.967,1046,302,2114,1778,-4.7165,19.7934
4800,160.000,1046,301,2114,1777,-2.4027,21.4664
4801,160.033,1046,302,2115,1778,-2.0535,20.0324
4802,160.067,1046,301,2115,1778,-3.0744,19.2782
4803,160.100,1044,305,2113,1777,-2.9181,18.0014
4804,160.133,1045,304,2114,1777,-3.2718,18.4793
4805,160.167,1045,303,2113,1777,-1.7019,18.1079
4806,160.200,1045,301,2114,1777,1.4470,19.2026
4807,160.233,1046,300,2113,1776,6.0432,21.0326
4808,160.267,1047,297,2113,1774,1.8064,18.0727
4809,160.300,1047,296,2112,1774,5.4888,18.5130
4810,160.333,1048,298,2111,1772,8.5364,20.3026
4811,160.367,1049,296,2110,1773,7.7881,20.2595
4812,160.400,1050,299,2111,1773,8.4229,22.3034
4813,160.433,1050,300,2111,1775,9.5796,21.8582
4814,160.467,1050,301,2111,1775,9.9033,21.1809
4815,160.500,1050,300,2110,1774,8.9148,22.2928
4816,160.533,1049,304,2109,1775,8.5385,21.6349
4817,160.567,1049,304,2109,1776,7.6418,21.7972
4818,160.600,1049,306,2110,1776,6.3596,22.8121
4819,160.633,1048,308,2109,1777,4.8904,20.4613
4820,160.667,1048,309,2108,1776,5.7079,20.4193
4821,160.700,1048,310,2108,1777,3.4287,18.1629
4822,160.733,1047,311,2111,1775,8.7034,19.6392
4823,160.767,1044,315,2113,1781,6.6940,15.2863
4824,160.800,1048,313,2115,1779,8.8173,18.5828
4825,160.833,1058,288,2113,1773,3.0103,18.7150
4826,160.867,1060,286,2114,1774,2.4956,19.4568
4827,160.900,1053,290,2115,1781,2.6260,18.6116
4828,160.933,1047,295,2112,1785,3.0772,19.9468
4829,160.967,1045,300,2113,1788,1.9180,18.8140
4830,161.000,1044,295,2114,1779,3.0308,20.4759
4831,161.033,1039,292,2118,1776,2.1312,18.3537
4832,161.067,1037,295,2116,1773,2.4055,17.4603
4833,161.100,1035,288,2115,1774,1.8363,18.3044
4834,161.133,1035,285,2115,1773,0.5599,19.0272
4835,161.167,1035,283,2116,1774,1.6683,20.2929
4836,161.200,1034,284,2116,1774,4.4352,18.5421
4837,161.233,1033,282,2115,1774,3.6021,18.7012
4838,161.267,1013,281,2124,1773,3.6002,21.6765
4839,161.300,1011,278,2124,1772,1.7454,22.6779
4840,161.333,1010,281,2123,1774,0.5818,20.4373
4841,161.367,1011,280,2123,1773,1.7327,19.6036
4842,161.400,1031,283,2116,1770,6.2109,20.8697
4843,161.433,1032,287,2117,1770,7.7419,21.9323
4844,161.467,1032,290,2116,1770,8.7352,22.4296
4845,161.500,1033,291,2116,1770,7.7225,21.7273
4846,161.533,1034,290,2118,1768,-1.1648,22.6342
4847,161.567,1036,289,2120,1768,-1.5226,22.6426
4848,161.600,1036,289,2120,1767,-1.7754,22.2734
4849,161.633,1037,286,2119,1768,-2.4464,20.7132
4850,161.667,1038,287,2119,1767,-2.1795,22.0628
4851,161.700,1039,288,2118,1768,-2.2418,22.0445
4852,161.733,1037,290,2118,1768,-5.2212,21.3363
4853,161.767,1039,290,2116,1768,-5.4495,22.3531
4854,161.800,1040,290,2116,1768,-4.9553,22.2652
4855,161.833,1040,293,2116,1768,-6.9111,20.1020
4856,161.867,1040,294,2116,1768,-7.8705,19.9172
4857,161.900,1041,296,2116,1767,-7.5912,19.8846
4858,161.933,1044,298,2115,1768,-9.1796,18.7899
4859,161.967,1043,296,2114,1769,-4.7160,18.7857
4860,162.000,1044,293,2113,1771,-3.1658,17.6589
4861,162.033,1044,293,2113,1771,-3.2889,17.5387
4862,162.067,1044,293,2111,1770,-0.9589,17.7656
4863,162.100,1044,289,2111,1771,-2.5892,18.7488
4864,162.133,1044,289,2111,1771,-2.4792,18.7601
4865,162.167,1044,289,2111,1771,-2.4792,18.7601
4866,162.200,1044,289,2111,1771,-2.4792,18.7601
4867,162.233,1047,284,2116,1773,1.7142,17.7944
4868,162.267,1045,291,2117,1772,0.6595,19.6717
4869,162.300,1045,288,2115,1772,1.0923,20.8133
4870,162.333,1045,288,2115,1773,-1.3118,20.5229
4871,162.367,1044,285,2115,1772,0.2983,19.8486
4872,162.400,1046,286,2114,1771,3.3085,17.6720
4873,162.433,1046,285,2114,1770,2.3134,20.3361
4874,162.467,1045,286,2115,1771,4.2533,19.4398
4875,162.500,1047,284,2115,1771,4.8019,19.8127
4876,162.533,1047,284,2115,1771,4.4908,19.0220
4877,162.567,1047,284,2114,1770,3.3550,20.2616
4878,162.600,1048,285,2115,1770,3.0594,20.0690
4879,162.633,1022,281,2113,1757,4.2210,16.3297
4880,162.667,1022,286,2111,1758,2.8374,19.3607
4881,162.700,1024,291,2113,1759,-0.2440,16.9156
4882,162.733,1049,277,2109,1764,3.5817,18.7184
4883,162.767,1048,278,2109,1765,2.9284,20.0152
4884,162.800,1043,287,2107,1766,1.2781,16.8087
4885,162.833,1045,285,2110,1771,4.9528,23.4111
4886,162.867,1045,285,2110,1771,6.5509,24.0541
4887,162.900,1019,297,2113,1770,4.5006,18.9538
4888,162.933,1018,298,2112,1773,3.6848,19.2030
4889,162.967,1018,300,2113,1774,4.3587,18.7516
4890,163.000,1044,287,2108,1780,6.0823,21.1045
4891,163.033,1043,287,2107,1780,2.6115,20.8981
4892,163.067,1043,287,2107,1781,0.5033,22.1454
4893,163.100,1042,290,2113,1783,3.0658,17.9844
4894,163.133,1039,290,2113,1785,-0.3242,17.9158
4895,163.167,1038,290,2112,1784,1.4093,18.8234
4896,163.200,1038,290,2112,1785,1.8877,18.6242
4897,163.233,1039,289,2112,1784,0.9440,17.9722
4898,163.267,1039,290,2112,1787,1.8587,16.2166
4899,163.300,1037,292,2109,1788,2.2029,18.9603
4900,163.333,1037,293,2109,1787,4.7824,17.9152
4901,163.367,1037,295,2109,1787,4.1181,19.1537
4902,163.400,1035,298,2105,1789,7.3731,15.7836
4903,163.433,1035,298,2104,1789,6.5808,16.0446
4904,163.467,1036,301,2103,1791,4.2374,18.2123
4905,163.500,1034,302,2104,1791,3.6085,16.1457
4906,163.533,1035,299,2106,1792,5.0939,18.6385
4907,163.567,1034,299,2107,1791,4.4378,18.6346
4908,163.600,1037,299,2108,1790,5.6805,19.3039
4909,163.633,1036,299,2108,1791,3.4520,21.1924
4910,163.667,1039,299,2109,1791,5.9348,19.2373
4911,163.700,1038,298,2109,1790,5.9846,17.0099
4912,163.733,1040,299,2109,1791,2.7406,17.3409
4913,163.767,1039,300,2109,1791,5.3082,18.1092
4914,163.800,1039,296,2110,1791,2.0145,20.6068
4915,163.833,1039,296,2109,1790,1.8448,20.0448
4916,163.867,1039,296,2108,1790,2.8413,22.3119
4917,163.900,1039,295,2110,1790,6.4213,19.7573
4918,163.933,1038,297,2111,1792,5.0665,16.2619
4919,163.967,1038,299,2111,1793,1.8035,17.7188
4920,164.000,1042,296,2113,1792,0.9031,17.4821
4921,164.033,1050,282,2112,1781,-4.2309,10.3889
4922,164.067,1050,283,2113,1781,-3.8338,16.1960
4923,164.100,1048,277,2115,1782,-3.5468,13.9800
4924,164.133,1044,284,2116,1784,-3.4938,22.3648
4925,164.167,1045,285,2116,1785,-1.7166,21.3952
4926,164.200,1043,285,2115,1788,2.8265,22.5522
4927,164.233,1043,289,2115,1789,4.3908,20.4695
4928,164.267,1044,289,2115,1790,2.0296,20.6727
4929,164.300,1043,289,2116,1792,5.6394,22.0578
4930,164.333,1019,293,2122,1789,8.3261,20.5471
4931,164.367,1042,288,2119,1793,5.8554,21.9348
4932,164.400,1018,295,2123,1791,3.3490,20.1601
4933,164.433,1018,294,2123,1791,4.9104,20.9446
4934,164.467,1018,295,2122,1790,3.4810,22.5357
4935,164.500,1042,288,2119,1793,4.1762,20.6323
4936,164.533,1043,286,2119,1792,4.3465,20.2299
4937,164.567,1019,292,2121,1789,6.0170,20.3546
4938,164.600,1020,293,2120,1789,4.6459,17.8746
4939,164.633,1020,293,2119,1790,3.3111,19.5347
4940,164.667,1044,285,2116,1793,1.9071,20.6561
4941,164.700,1021,295,2120,1790,-5.1948,21.0069
4942,164.733,1022,294,2121,1790,-3.2170,21.9374
4943,164.767,1021,296,2118,1792,-5.2277,20.6230
4944,164.800,1022,296,2119,1792,-6.5755,21.4160
4945,164.833,1021,295,2120,1792,-7.0485,21.8916
4946,164.867,1021,295,2120,1792,-7.4334,21.4219
4947,164.900,1042,290,2117,1794,-6.2422,22.2473
4948,164.933,1022,296,2119,1792,-8.2083,21.4966
4949,164.967,1022,296,2122,1793,-6.6479,21.8751
4950,165.000,1043,294,2118,1796,-7.3315,20.5465
4951,165.033,1042,297,2120,1799,-5.8157,19.9367
4952,165.067,1042,296,2121,1798,-5.2424,19.1264
4953,165.100,1042,300,2118,1796,-7.3969,18.7819
4954,165.133,1043,300,2118,1796,-6.5917,18.6148
4955,165.167,1043,300,2118,1796,-5.5604,18.4219
4956,165.200,1043,299,2118,1795,-4.2842,18.4369
4957,165.233,1045,296,2118,1793,-4.1468,12.8662
4958,165.267,1044,295,2118,1792,-1.7800,13.3432
4959,165.300,1045,296,2117,1792,-2.2420,12.9483
4960,165.333,1045,296,2117,1792,-1.6018,12.3910
4961,165.367,1044,296,2117,1792,-1.7924,13.6915
4962,165.400,1042,295,2118,1794,-1.2448,13.8714
4963,165.433,1042,293,2119,1794,0.9244,13.8596
4964,165.467,1041,297,2121,1796,-1.4681,15.0779
4965,165.500,1042,298,2120,1797,-1.4726,13.2740
4966,165.533,1041,296,2118,1797,1.7648,15.6218
4967,165.567,1041,296,2118,1797,1.9285,16.0089
4968,165.600,1042,297,2117,1796,0.4241,16.0990
4969,165.633,1042,300,2116,1794,0.6317,14.4228
4970,165.667,1043,301,2116,1794,-2.1668,15.9338
4971,165.700,1043,301,2115,1794,-3.5183,15.9778
4972,165.733,1044,303,2115,1795,-0.3048,17.0756
4973,165.767,1045,305,2115,1796,-2.8745,15.6844
4974,165.800,1043,305,2117,1796,-4.6206,18.1069
4975,165.833,1044,305,2116,1795,-1.9918,15.5445
4976,165.867,1043,304,2115,1796,-3.2297,14.3359
4977,165.900,1042,306,2116,1797,-5.7219,16.0276
4978,165.933,1042,304,2115,1798,0.6724,18.0444
4979,165.967,1042,304,2115,1798,-0.1472,18.3170
4980,166.000,1041,303,2116,1800,1.0721,19.7528
4981,166.033,1042,301,2116,1799,0.1460,17.2733
4982,166.067,1043,303,2115,1799,-0.1696,19.0354
4983,166.100,1042,304,2113,1801,-3.3456,17.2432
4984,166.133,1041,304,2112,1800,-4.6678,16.7979
4985,166.167,1041,302,2113,1799,-3.7894,18.0346
4986,166.200,1044,295,2112,1793,-1.1526,15.2446
4987,166.233,1051,293,2113,1786,-4.4823,16.4218
4988,166.267,1050,294,2112,1786,-3.4965,16.5001
4989,166.300,1043,300,2113,1793,-4.4952,16.5654
4990,166.333,1041,301,2114,1797,-4.8258,16.2438
4991,166.367,1043,305,2114,1797,-6.2647,15.3179
4992,166.400,1044,306,2115,1797,-6.6233,16.9076
4993,166.433,1047,303,2116,1796,-3.3566,17.0279
4994,166.467,1046,302,2117,1797,-2.1215,18.7501
4995,166.500,1045,303,2118,1797,-6.4573,17.1813
4996,166.533,1045,304,2120,1799,-7.4745,16.6581
4997,166.567,1046,302,2119,1798,-7.1359,17.7511
4998,166.600,1046,302,2119,1799,-7.5528,18.0406
4999,166.633,1046,300,2118,1798,-3.4550,18.0418
5000,166.667,1046,300,2117,1798,-3.1751,17.1493
5001,166.700,1045,302,2117,1798,-6.4478,18.3257
5002,166.733,1045,302,2116,1798,-3.3686,19.7885
5003,166.767,1044,303,2115,1798,-4.6852,19.7982
5004,166.800,1044,302,2116,1798,-6.2025,20.6721
5005,166.833,1045,300,2115,1798,-6.5863,19.4082
5006,166.867,1045,299,2115,1798,-6.0331,19.2628
5007,166.900,1046,299,2115,1798,-7.0522,20.7532
5008,166.933,1047,302,2114,1797,-5.7813,17.8289
5009,166.967,1045,301,2115,1797,-5.8916,16.6675
5010,167.000,1044,300,2113,1795,5.2527,16.2627
5011,167.033,913,429,2097,1988,-1.7415,15.2785
5012,167.067,904,454,2087,1983,7.0526,13.1953
5013,167.100,904,454,2088,1983,8.6927,12.5662
5014,167.133,904,454,2087,1983,7.4944,12.7243
5015,167.167,904,454,2087,1982,8.3132,12.9304
5016,167.200,904,454,2087,1982,8.2442,12.8771
5017,167.233,904,453,2088,1983,8.4730,13.1310
5018,167.267,904,453,2088,1983,8.6826,13.2788
5019,167.300,905,454,2087,1984,6.7285,13.2550
5020,167.333,904,453,2087,1984,7.3038,13.6802
5021,167.367,904,453,2087,1984,6.7678,13.7901
5022,167.400,904,453,2087,1984,6.1309,13.5096
5023,167.433,905,453,2088,1984,5.9309,14.3265
5024,167.467,905,453,2088,1984,6.0341,14.2661
5025,167.500,905,453,2087,1984,8.3367,14.4004
5026,167.533,905,454,2087,1985,7.5033,14.2703
5027,167.567,905,453,2088,1984,5.5999,14.1333
5028,167.600,905,454,2088,1984,5.3714,13.3122
5029,167.633,907,453,2088,1983,8.0533,14.8536
5030,167.667,907,453,2089,1984,8.0311,14.9438
5031,167.700,908,453,2089,1982,8.9973,14.5374
5032,167.733,908,452,2089,1982,8.2705,14.4579
5033,167.767,909,452,2089,1982,7.1970,15.1405
5034,167.800,910,451,2090,1981,8.5462,14.5660
5035,167.833,910,451,2090,1982,7.0022,15.0161
5036,167.867,910,451,2090,1982,7.1018,15.3104
5037,167.900,910,453,2090,1982,8.9235,14.4743
5038,167.933,910,453,2090,1982,8.5692,14.8911
5039,167.967,910,453,2090,1982,8.4048,14.7711
5040,168.000,910,453,2090,1981,8.3955,15.2419
5041,168.033,910,453,2090,1981,9.0628,15.3627
5042,168.067,910,453,2090,1981,8.7174,15.3658
5043,168.100,909,458,2090,1980,5.8020,13.9580
5044,168.133,909,457,2089,1981,5.9405,14.3446
5045,168.167,909,458,2089,1981,6.1809,13.7302
5046,168.200,909,458,2088,1980,6.8224,13.7550
5047,168.233,908,457,2089,1980,5.3919,14.6790
5048,168.267,909,456,2089,1980,7.7634,14.8145
5049,168.300,909,456,2089,1980,7.6207,14.2882
5050,168.333,909,455,2089,1980,7.4543,14.5341
5051,168.367,910,454,2089,1980,6.8457,14.2853
5052,168.400,910,455,2088,1980,7.8770,14.7164
5053,168.433,909,454,2089,1979,8.2126,15.4681
5054,168.467,906,452,2092,1980,9.6255,14.2361
5055,168.500,907,450,2093,1978,7.9341,15.1952
5056,168.533,908,450,2093,1978,6.8143,14.7347
5057,168.567,908,449,2093,1978,9.7057,13.8443
5058,168.600,908,449,2094,1978,7.9624,14.3617
5059,168.633,906,448,2095,1979,4.3893,15.9470
5060,168.667,918,422,2101,1986,5.0259,17.4269
5061,168.700,909,449,2094,1980,3.8006,14.0144
5062,168.733,921,422,2101,1986,-1.3013,17.8642
5063,168.767,921,423,2101,1986,-0.9983,17.0661
5064,168.800,923,422,2101,1985,0.9786,19.5170
5065,168.833,924,422,2102,1985,2.8096,19.6729
5066,168.867,913,448,2095,1977,-1.7552,17.1729
5067,168.900,913,450,2094,1977,-2.9129,17.1012
5068,168.933,913,449,2095,1977,-1.0459,16.6852
5069,168.967,913,449,2095,1977,-0.9255,16.4480
5070,169.000,926,422,2101,1984,-0.2250,18.6791
5071,169.033,914,447,2095,1977,-2.5847,16.4821
5072,169.067,914,447,2096,1977,-5.0205,18.8546
5073,169.100,914,449,2095,1977,-6.0502,17.7211
5074,169.133,913,448,2096,1977,-6.4646,18.2832
5075,169.167,915,448,2096,1977,-5.0894,17.9811
5076,169.200,915,448,2095,1977,-7.6452,18.8276
5077,169.233,915,447,2095,1979,-5.5447,19.9131
5078,169.267,916,448,2095,1980,-4.8622,20.0358
5079,169.300,917,448,2094,1980,-4.8576,18.4771
5080,169.333,916,448,2094,1980,-3.2227,19.6172
5081,169.367,916,448,2095,1979,-4.2502,19.2437
5082,169.400,916,448,2095,1980,-3.7166,18.7198
5083,169.433,916,448,2095,1980,-4.4520,19.0942
5084,169.467,916,447,2095,1980,-5.6546,17.9733
5085,169.500,930,418,2102,1988,-2.3454,18.4373
5086,169.533,917,445,2095,1981,-6.0701,18.3425
5087,169.567,918,446,2094,1980,-7.6881,18.8600
5088,169.600,918,446,2094,1980,-7.3736,18.7537
5089,169.633,930,419,2101,1988,-4.8333,19.7147
5090,169.667,929,420,2101,1988,-3.9810,18.9006
5091,169.700,916,446,2094,1981,-7.5683,17.6071
5092,169.733,917,446,2093,1980,-6.0391,17.8077
5093,169.767,916,445,2094,1981,-7.1546,17.6701
5094,169.800,927,419,2102,1989,-6.7800,19.5067
5095,169.833,915,446,2094,1982,-6.4959,19.0032
5096,169.867,914,448,2095,1982,-8.3339,18.8987
5097,169.900,915,447,2095,1981,-8.0980,18.1459
5098,169.933,915,446,2095,1980,-8.3908,18.7897
5099,169.967,915,447,2095,1980,-8.0545,18.8166
5100,170.000,915,447,2095,1980,-8.2875,18.6632
5101,170.033,915,447,2094,1980,-6.8416,19.7626
5102,170.067,914,448,2094,1980,-8.5469,20.0714
5103,170.100,914,449,2095,1979,-7.9111,18.7239
5104,170.133,914,449,2096,1979,-6.6925,19.4711
5105,170.167,914,449,2096,1979,-6.6541,19.4485
5106,170.200,914,451,2096,1978,-7.7492,20.1072
5107,170.233,914,450,2096,1979,-7.3850,18.8397
5108,170.267,915,450,2096,1979,-7.2627,17.8390
5109,170.300,914,451,2096,1979,-8.7033,18.6121
5110,170.333,914,451,2096,1979,-8.5229,18.5446
5111,170.367,914,451,2095,1980,-6.9225,19.0186
5112,170.400,913,451,2095,1979,-7.5475,19.0262
5113,170.433,913,451,2095,1979,-7.5125,18.6842
5114,170.467,913,451,2095,1979,-7.3334,19.2531
5115,170.500,913,452,2094,1979,-6.1662,19.6890
5116,170.533,913,453,2093,1980,-6.2564,20.8405
5117,170.567,912,454,2092,1980,-6.4004,21.2817
5118,170.600,913,454,2092,1981,-5.3678,20.7216
5119,170.633,913,455,2092,1981,-8.7511,20.0193
5120,170.667,914,453,2092,1982,-6.2382,18.4096
5121,170.700,914,453,2092,1981,-4.5673,19.6922
5122,170.733,914,452,2092,1981,-5.4773,19.7238
5123,170.767,913,452,2092,1981,-6.0733,19.5717
5124,170.800,913,452,2092,1982,-5.4648,19.3148
5125,170.833,912,453,2092,1982,-6.3028,20.9117
5126,170.867,912,453,2092,1983,-6.9135,21.6762
5127,170.900,912,452,2092,1983,-5.6802,19.2720
5128,170.933,913,452,2092,1983,-5.9553,18.9818
5129,170.967,913,452,2092,1983,-5.5152,18.6222
5130,171.000,913,451,2093,1983,-5.9551,19.2170
5131,171.033,913,451,2093,1983,-5.9205,19.2647
5132,171.067,913,452,2092,1982,-6.9097,18.8470
5133,171.100,913,452,2092,1985,-6.4735,18.9559
5134,171.133,913,453,2092,1985,-6.4948,19.0967
5135,171.167,913,453,2092,1985,-6.4648,18.8008
5136,171.200,913,453,2092,1984,-6.3044,21.0359
5137,171.233,913,452,2092,1985,-5.4329,18.7624
5138,171.267,913,452,2092,1985,-5.1557,18.3869
5139,171.300,913,453,2091,1984,-5.4101,18.2651
5140,171.333,913,453,2091,1984,-5.1539,18.2557
5141,171.367,913,453,2090,1984,-5.6776,19.3568
5142,171.400,913,453,2091,1984,-6.0566,18.0370
5143,171.433,913,452,2091,1984,-7.1274,17.7422
5144,171.467,913,452,2091,1985,-5.5421,18.1083
5145,171.500,913,453,2090,1985,-5.6362,17.5668
5146,171.533,913,453,2090,1984,-6.0996,18.4290
5147,171.567,913,453,2090,1985,-5.5279,17.5480
5148,171.600,913,453,2090,1984,-5.9019,19.3378
5149,171.633,913,451,2090,1985,-5.4509,17.5456
5150,171.667,913,450,2090,1985,-6.4745,18.3908
5151,171.700,913,450,2090,1985,-6.9897,18.5477
5152,171.733,913,450,2090,1985,-6.8690,18.4541
5153,171.767,913,450,2090,1985,-7.5889,17.9931
5154,171.800,913,450,2090,1985,-7.1524,17.8642
5155,171.833,913,450,2091,1984,-4.7255,17.2348
5156,171.867,914,450,2091,1984,-5.9445,17.1924
5157,171.900,914,450,2091,1984,-5.5544,17.3327
5158,171.933,914,449,2091,1985,-6.4044,17.1970
5159,171.967,913,451,2090,1984,-4.2491,17.7415
5160,172.000,912,451,2090,1984,-3.9278,17.6346
5161,172.033,911,452,2090,1984,-6.8304,18.7161
5162,172.067,910,451,2091,1984,-7.1436,20.9020
5163,172.100,921,421,2099,1995,-7.8492,20.5240
5164,172.133,921,422,2099,1995,-6.2079,19.7054
5165,172.167,922,422,2100,1995,-8.7312,20.1976
5166,172.200,922,421,2100,1995,-9.5583,19.4329
5167,172.233,921,418,2100,1993,-7.7745,16.1240
5168,172.267,907,445,2093,1984,-7.6229,14.3154
5169,172.300,907,446,2093,1984,-5.9268,13.9337
5170,172.333,919,420,2101,1992,-4.8029,16.0751
5171,172.367,920,419,2101,1993,-5.0414,15.7453
5172,172.400,919,419,2100,1992,-5.3014,16.8437
5173,172.433,919,419,2100,1992,-5.5863,16.6420
5174,172.467,918,421,2100,1992,-4.6523,16.1765
5175,172.500,907,447,2093,1984,-5.5769,13.4024
5176,172.533,919,420,2100,1991,-2.4471,14.3659
5177,172.567,908,447,2093,1983,-6.1459,13.6888
5178,172.600,920,419,2101,1991,-5.1944,15.2378
5179,172.633,908,446,2093,1982,-7.9427,12.9969
5180,172.667,909,444,2093,1982,-7.7493,15.3889
5181,172.700,908,445,2095,1982,-7.8614,14.1601
5182,172.733,911,446,2095,1982,-8.1581,15.4052
5183,172.767,911,446,2095,1981,-8.9987,15.2974
5184,172.800,912,443,2097,1980,-8.5166,16.3546
5185,172.833,924,417,2103,1987,-4.4928,18.4582
5186,172.867,926,416,2103,1989,-6.5024,15.5766
5187,172.900,925,417,2104,1989,-6.4803,16.3063
5188,172.933,912,444,2097,1981,-7.0424,14.2159
5189,172.967,912,444,2097,1981,-6.7815,14.1662
5190,173.000,912,445,2096,1981,-6.9261,15.6770
5191,173.033,912,445,2097,1981,-7.8786,14.5814
5192,173.067,912,446,2097,1980,-9.2096,14.5811
5193,173.100,923,418,2105,1989,-5.9500,17.5061
5194,173.133,911,445,2099,1982,-8.2293,14.1913
5195,173.167,911,443,2100,1982,-8.2222,14.7444
5196,173.200,911,443,2100,1981,-9.2943,14.6494
5197,173.233,912,443,2100,1980,-8.4611,15.8790
5198,173.267,912,444,2100,1981,-9.5407,14.8112
5199,173.300,913,443,2100,1981,-7.7023,13.9933
5200,173.333,913,443,2100,1980,-7.8081,14.6451
5201,173.367,914,444,2100,1980,-9.5334,14.9613
5202,173.400,915,442,2101,1981,-9.0071,15.0419
5203,173.433,914,442,2101,1981,-9.7132,14.8703
5204,173.467,914,442,2101,1981,-9.4003,15.2207
5205,173.500,913,441,2101,1981,-8.6744,14.4458
5206,173.533,913,441,2101,1981,-9.2153,14.4554
5207,173.567,913,441,2101,1981,-9.2230,14.5759
5208,173.600,913,442,2101,1981,-9.2648,15.0211
5209,173.633,913,441,2101,1981,-9.2321,14.5773
5210,173.667,913,441,2101,1981,-9.0924,14.6780
5211,173.700,913,442,2102,1980,-9.1212,15.3439
5212,173.733,913,442,2102,1980,-9.0970,15.8248
5213,173.767,913,444,2101,1981,-6.8875,15.3393
5214,173.800,912,444,2101,1981,-6.8544,14.9264
5215,173.833,912,442,2101,1981,-8.8601,14.9541
5216,173.867,912,442,2101,1981,-8.3504,14.8423
5217,173.900,912,442,2101,1981,-8.6112,14.7109
5218,173.933,924,416,2107,1989,-7.4461,16.7028
5219,173.967,923,416,2106,1989,-6.4239,16.4324
5220,174.000,924,416,2107,1989,-7.5513,16.5078
5221,174.033,923,417,2107,1989,-8.7494,15.7522
5222,174.067,923,417,2107,1989,-8.9156,15.8936
5223,174.100,924,418,2106,1988,-6.6515,17.1772
5224,174.133,924,417,2106,1988,-7.8049,17.8053
5225,174.167,924,417,2106,1988,-7.2100,17.5397
5226,174.200,924,418,2106,1988,-5.8816,17.9567
5227,174.233,924,417,2106,1988,-7.5526,17.8917
5228,174.267,923,418,2106,1988,-5.8081,17.1944
5229,174.300,923,418,2106,1988,-5.7330,17.1800
5230,174.333,912,444,2100,1982,-8.7180,13.8405
5231,174.367,912,444,2101,1981,-9.3939,13.7394
5232,174.400,923,417,2107,1988,-6.3900,16.2401
5233,174.433,923,418,2107,1989,-6.3111,16.9152
5234,174.467,923,418,2107,1989,-6.0926,16.9330
5235,174.500,922,418,2107,1988,-5.6022,15.7555
5236,174.533,921,418,2107,1989,-4.6977,16.4211
5237,174.567,921,418,2107,1989,-5.0110,16.4441
5238,174.600,920,418,2107,1988,-4.8247,15.3382
5239,174.633,921,418,2107,1988,-5.5725,15.8550
5240,174.667,921,417,2107,1989,-6.8770,16.1141
5241,174.700,921,417,2107,1989,-6.6569,16.3089
5242,174.733,922,417,2107,1990,-7.2982,16.7226
5243,174.767,921,417,2106,1990,-6.0186,16.5948
5244,174.800,921,417,2107,1992,-5.6829,17.1792
5245,174.833,921,417,2107,1992,-6.2005,17.1718
5246,174.867,920,417,2107,1992,-3.9450,17.0386
5247,174.900,920,418,2107,1992,-4.5470,15.8488
5248,174.933,920,418,2107,1992,-4.8135,15.7437
5249,174.967,920,417,2106,1992,-4.2359,15.9524
5250,175.000,920,418,2106,1992,-3.1113,16.3904
5251,175.033,921,419,2105,1992,-4.5983,15.5383
5252,175.067,920,418,2105,1992,-5.6415,15.2129
5253,175.100,919,419,2105,1993,-5.9355,16.9050
5254,175.133,919,419,2105,1993,-4.7634,17.6800
5255,175.167,920,421,2103,1993,-4.1515,17.0794
5256,175.200,921,420,2103,1993,-5.2492,16.8463
5257,175.233,920,421,2103,1993,-2.5787,16.8419
5258,175.267,921,419,2103,1993,-5.6842,16.0350
5259,175.300,921,420,2103,1993,-5.3195,15.1512
5260,175.333,921,420,2103,1992,-5.2679,17.0517
5261,175.367,921,418,2103,1993,-5.7684,15.9482
5262,175.400,921,417,2103,1992,-6.9187,16.1747
5263,175.433,921,417,2103,1993,-7.2079,15.4700
5264,175.467,921,417,2103,1992,-6.8715,16.2788
5265,175.500,921,416,2103,1992,-7.9849,16.1201
5266,175.533,921,416,2103,1992,-8.3256,16.0844
5267,175.567,922,414,2103,1991,-4.8918,16.5489
5268,175.600,922,415,2103,1991,-4.8236,15.5149
5269,175.633,922,414,2104,1991,-4.0430,14.1098
5270,175.667,922,414,2104,1992,-4.7765,14.4435
5271,175.700,921,415,2104,1991,-5.8646,13.9360
5272,175.733,921,416,2105,1991,-6.8016,12.9713
5273,175.767,921,417,2105,1992,-5.2980,13.4404
5274,175.800,919,418,2106,1991,-3.9076,10.8252
5275,175.833,920,418,2107,1991,-4.6893,9.7521
5276,175.867,919,418,2106,1992,-3.5024,10.0692
5277,175.900,919,418,2107,1991,-3.4662,10.9690
5278,175.933,919,418,2106,1991,-4.0418,9.9650
5279,175.967,919,419,2106,1990,-5.6046,12.4905
5280,176.000,919,420,2106,1990,-5.7094,11.3099
5281,176.033,919,419,2106,1989,-5.2630,13.1687
5282,176.067,919,420,2105,1988,-5.7556,12.6684
5283,176.100,919,426,2104,1987,-5.3476,14.3222
5284,176.133,919,426,2104,1987,-5.5659,13.8145
5285,176.167,919,426,2104,1987,-5.5973,13.7299
5286,176.200,919,427,2103,1987,-4.9094,15.7823
5287,176.233,918,428,2104,1987,-6.6118,15.0755
5288,176.267,921,434,2102,1981,-3.8255,13.3836
5289,176.300,921,434,2102,1981,-3.6787,13.4482
5290,176.333,921,433,2102,1982,-3.1430,13.6342
5291,176.367,921,434,2102,1981,-3.5671,13.4631
5292,176.400,921,433,2102,1982,-2.7860,14.2702
5293,176.433,922,433,2102,1982,-3.5090,14.4311
5294,176.467,922,433,2102,1981,-3.7598,14.1264
5295,176.500,923,431,2102,1982,-2.4664,14.3296
5296,176.533,923,431,2102,1982,-2.4860,14.0841
5297,176.567,923,431,2102,1982,-2.5859,13.9184
5298,176.600,923,431,2102,1982,-2.5622,13.8170
5299,176.633,923,430,2102,1981,-2.4713,14.6222
5300,176.667,914,456,2094,1976,-5.4342,13.2373
5301,176.700,914,456,2094,1975,-6.1593,14.9501
5302,176.733,914,454,2095,1975,-5.5687,15.3142
5303,176.767,915,456,2095,1975,-5.8020,14.8551
5304,176.800,914,456,2095,1975,-6.2870,14.0451
5305,176.833,914,456,2095,1975,-6.3447,14.2927
5306,176.867,914,456,2096,1975,-6.2383,14.7479
5307,176.900,913,454,2096,1975,-6.4406,15.8926
5308,176.933,912,454,2097,1975,-5.5614,14.9802
5309,176.967,913,453,2098,1975,-4.8480,14.3228
5310,177.000,913,453,2099,1975,-5.2340,13.4095
5311,177.033,914,453,2098,1976,-4.9688,15.0555
5312,177.067,925,426,2104,1980,-3.0961,14.4560
5313,177.100,914,459,2098,1974,-6.5940,13.4833
5314,177.133,914,458,2099,1974,-5.4287,13.5204
5315,177.167,913,457,2099,1974,-6.4811,14.1781
5316,177.200,913,458,2099,1974,-7.0005,14.7537
5317,177.233,913,458,2099,1974,-7.4600,14.5583
5318,177.267,913,458,2099,1974,-7.2348,14.6771
5319,177.300,913,458,2099,1974,-7.3431,14.7126
5320,177.333,913,458,2099,1973,-6.7199,14.7270
5321,177.367,913,458,2099,1973,-7.0355,14.6145
5322,177.400,913,458,2099,1973,-6.6872,14.7978
5323,177.433,913,458,2099,1973,-6.6704,14.5753
5324,177.467,914,458,2098,1973,-5.7880,14.2537
5325,177.500,914,458,2098,1973,-6.0568,14.1303
5326,177.533,914,458,2098,1973,-6.5302,15.2478
5327,177.567,913,458,2098,1974,-5.6163,15.2409
5328,177.600,913,458,2098,1974,-6.1039,15.2364
5329,177.633,912,458,2096,1974,-5.2599,15.6423
5330,177.667,911,458,2094,1973,-4.9129,15.2833
5331,177.700,910,460,2093,1974,-6.8664,15.0707
5332,177.733,909,459,2093,1973,-7.4401,13.8853
5333,177.767,910,458,2093,1973,-5.4118,14.2443
5334,177.800,910,457,2092,1972,-6.7440,14.1193
5335,177.833,910,458,2092,1972,-4.7144,15.4461
5336,177.867,910,458,2092,1972,-4.3532,16.0097
5337,177.900,911,457,2093,1972,-5.6311,15.0648
5338,177.933,911,455,2093,1972,-7.6155,14.6498
5339,177.967,911,450,2096,1970,-5.9307,12.3331
5340,178.000,911,449,2095,1971,-6.0895,11.5859
5341,178.033,911,446,2096,1970,-4.3756,12.6299
5342,178.067,911,441,2090,1968,-3.5258,5.0840
5343,178.100,909,434,2088,1971,-0.6026,0.4690
5344,178.133,906,436,2086,1971,0.4420,2.2099
5345,178.167,902,439,2086,1971,-6.8932,-2.5116
5346,178.200,905,439,2088,1971,-8.2012,4.2255
5347,178.233,905,438,2089,1970,-6.2777,5.2134
5348,178.267,906,440,2092,1969,-5.2338,10.5283
5349,178.300,905,443,2092,1970,-3.9651,11.3321
5350,178.333,906,445,2095,1971,-2.2065,11.6487
5351,178.367,904,445,2095,1970,-5.0814,11.1545
5352,178.400,912,424,2099,1976,-3.8261,12.0312
5353,178.433,906,425,2100,1977,-5.7543,11.2506
5354,178.467,902,431,2095,1983,-3.7894,10.9720
5355,178.500,902,432,2097,1983,-3.6599,11.1682
5356,178.533,901,430,2098,1983,-3.8736,11.3517
5357,178.567,901,430,2098,1983,-4.7208,11.0656
5358,178.600,901,430,2098,1984,-3.3391,11.1327
5359,178.633,902,429,2099,1982,-5.4688,11.7059
5360,178.667,905,429,2099,1980,-1.8908,11.6564
5361,178.700,898,452,2092,1975,-2.7061,11.6465
5362,178.733,908,428,2097,1976,-3.2757,13.6925
5363,178.767,913,425,2098,1977,-4.6867,14.4705
5364,178.800,914,424,2099,1979,-3.7425,13.5774
5365,178.833,914,422,2101,1978,-2.1230,15.6747
5366,178.867,917,422,2098,1976,-3.9023,15.7514
5367,178.900,916,419,2098,1970,-3.2104,15.0756
5368,178.933,919,414,2093,1968,-4.0280,12.7502
5369,178.967,923,407,2091,1958,1.3854,12.9545
5370,179.000,925,401,2093,1963,0.8808,13.1913
5371,179.033,925,417,2098,1947,4.0710,14.7661
5372,179.067,938,418,2097,1945,1.2390,14.8503
5373,179.100,954,397,2095,1947,3.9045,16.0143
5374,179.133,956,401,2095,1943,1.9794,18.1238
5375,179.167,956,400,2093,1937,1.1622,16.9348
5376,179.200,955,401,2091,1937,3.5885,15.0909
5377,179.233,955,401,2091,1939,3.8182,15.9876
5378,179.267,951,402,2093,1941,2.5199,18.2045
5379,179.300,948,401,2093,1941,1.6698,17.3407
5380,179.333,946,403,2090,1948,3.5353,16.6594
5381,179.367,947,406,2095,1951,2.0244,14.3558
5382,179.400,941,404,2096,1950,5.6934,13.2220
5383,179.433,938,398,2094,1950,8.2858,13.1526
5384,179.467,932,402,2088,1957,6.6476,12.0686
5385,179.500,931,403,2089,1959,7.6273,13.7165
5386,179.533,932,402,2090,1961,8.7813,12.5877
5387,179.567,934,401,2090,1961,7.5803,11.9920
5388,179.600,934,402,2091,1962,6.5447,10.9627
5389,179.633,936,403,2091,1963,7.3288,10.6292
5390,179.667,938,403,2093,1967,5.9818,12.8937
5391,179.700,939,400,2093,1968,6.8046,13.6831
5392,179.733,940,401,2092,1967,6.3452,11.9944
5393,179.767,939,397,2092,1968,6.2003,12.2144
5394,179.800,938,399,2093,1970,7.7834,11.4498
5395,179.833,942,399,2091,1968,6.1885,12.8371
5396,179.867,945,403,2090,1967,6.1578,10.2917
5397,179.900,946,401,2090,1967,6.7632,11.6387
5398,179.933,946,402,2091,1966,6.2399,10.5896
5399,179.967,948,402,2090,1966,9.1022,11.6335
5400,180.000,948,406,2091,1965,5.5087,12.7929
5401,180.033,948,402,2091,1965,8.2613,12.8770
5402,180.067,951,401,2092,1965,7.9170,13.6361
5403,180.100,939,430,2097,1954,7.2091,12.1721
5404,180.133,940,429,2096,1954,8.8368,13.4454
5405,180.167,938,424,2090,1957,7.3700,6.4428
5406,180.200,932,428,2087,1957,6.2053,4.7243
5407,180.233,932,428,2084,1955,4.9488,3.9960
5408,180.267,931,427,2082,1956,5.0376,4.5265
5409,180.300,929,418,2086,1955,4.0226,8.3827
5410,180.333,930,418,2088,1955,7.3857,6.3179
5411,180.367,928,417,2092,1955,7.8233,10.2830
5412,180.400,937,397,2091,1960,7.0931,13.9097
5413,180.433,940,398,2092,1961,6.2132,13.9375
5414,180.467,941,397,2091,1961,6.8563,14.6048
5415,180.500,942,396,2091,1961,8.4142,13.8461
5416,180.533,943,394,2091,1963,8.1589,13.8479
5417,180.567,944,399,2091,1962,8.1382,15.7688
5418,180.600,948,398,2089,1964,10.6581,13.8256
5419,180.633,948,400,2088,1965,8.9696,12.8354
5420,180.667,949,399,2089,1965,11.1580,13.5607
5421,180.700,950,400,2089,1964,9.6343,12.6905
5422,180.733,950,403,2090,1965,6.8310,12.6188
5423,180.767,950,402,2089,1964,7.9845,12.4120
5424,180.800,949,402,2089,1963,8.1676,13.1078
5425,180.833,948,401,2088,1963,8.6621,13.1962
5426,180.867,947,401,2088,1964,7.1734,12.8541
5427,180.900,944,400,2087,1963,6.8970,13.5920
5428,180.933,944,401,2086,1956,8.2223,12.9750
5429,180.967,938,402,2087,1955,5.9977,13.5599
5430,181.000,936,403,2086,1953,9.3730,13.9158
5431,181.033,936,402,2085,1952,8.2708,14.2734
5432,181.067,937,403,2087,1953,8.5532,15.2212
5433,181.100,940,400,2087,1953,7.0148,12.6872
5434,181.133,940,401,2087,1952,5.4657,11.7793
5435,181.167,941,400,2085,1954,6.4594,15.4929
5436,181.200,943,395,2084,1954,7.6824,13.4418
5437,181.233,943,396,2083,1954,8.3345,12.6361
5438,181.267,943,396,2082,1955,6.5541,10.7343
5439,181.300,945,402,2076,1951,4.4289,6.4991
5440,181.333,933,429,2082,1942,5.1156,4.6935
5441,181.367,935,438,2078,1940,3.9782,2.6171
5442,181.400,947,393,2078,1947,5.6901,8.0784
5443,181.433,947,393,2078,1947,5.6090,8.1111
5444,181.467,951,397,2080,1945,5.6216,10.6527
5445,181.500,958,402,2085,1952,9.5335,15.0953
5446,181.533,960,403,2086,1952,8.1598,11.7404
5447,181.567,960,404,2087,1951,6.8568,12.7030
5448,181.600,960,403,2087,1951,7.9433,12.6542
5449,181.633,960,402,2089,1953,8.6565,13.9812
5450,181.667,961,402,2089,1953,10.0699,13.6918
5451,181.700,960,401,2088,1953,9.2830,13.6942
5452,181.733,959,401,2088,1955,6.9123,13.9456
5453,181.767,959,399,2086,1955,8.4428,12.0471
5454,181.800,960,400,2086,1955,9.0282,13.2118
5455,181.833,959,402,2087,1955,8.9454,12.4672
5456,181.867,959,402,2087,1955,9.9162,11.4846
5457,181.900,958,403,2086,1954,10.7681,12.2258
5458,181.933,957,403,2085,1954,10.5471,12.6184
5459,181.967,954,401,2085,1954,9.9571,12.3176
5460,182.000,953,403,2086,1954,8.7575,12.2530
5461,182.033,951,403,2085,1954,8.3187,12.6019
5462,182.067,953,402,2085,1955,10.4237,12.3345
5463,182.100,951,402,2083,1950,6.2918,13.8098
5464,182.133,951,399,2081,1951,6.0973,14.0720
5465,182.167,949,399,2080,1951,7.8132,13.3687
5466,182.200,949,399,2080,1951,6.8949,12.4011
5467,182.233,949,399,2080,1951,6.7892,12.9624
5468,182.267,950,398,2081,1952,7.0554,14.1464
5469,182.300,950,397,2082,1951,7.2820,12.5403
5470,182.333,950,397,2082,1951,7.7686,14.5389
5471,182.367,952,399,2082,1951,7.1218,17.3160
5472,182.400,954,401,2082,1948,9.1165,15.5224
5473,182.433,955,403,2081,1949,9.3576,14.3347
5474,182.467,955,404,2082,1949,7.3809,15.3850
5475,182.500,956,404,2081,1948,9.6186,14.4475
5476,182.533,955,405,2081,1950,9.1996,14.1525
5477,182.567,955,404,2080,1950,10.2723,15.2743
5478,182.600,954,403,2081,1951,9.6851,15.6411
5479,182.633,953,404,2082,1952,9.0092,13.8663
5480,182.667,952,402,2082,1953,9.2667,14.4465
5481,182.700,952,403,2081,1953,8.4121,15.7454
5482,182.733,952,402,2081,1953,9.2392,16.0448
5483,182.767,951,404,2082,1954,9.3770,13.9190
5484,182.800,951,403,2084,1952,9.8319,15.0172
5485,182.833,949,402,2084,1953,15.0063,15.6426
5486,182.867,948,407,2084,1954,19.8426,15.6949
5487,182.900,948,407,2084,1955,21.1194,15.9437
5488,182.933,948,406,2085,1955,21.9281,15.3861
5489,182.967,948,405,2084,1955,21.3276,13.9235
5490,183.000,948,405,2085,1955,22.3041,13.7141
5491,183.033,949,404,2086,1957,20.3662,13.7831
5492,183.067,950,406,2085,1957,20.7047,13.1319
5493,183.100,946,406,2084,1958,20.3598,12.0970
5494,183.133,943,404,2084,1958,21.4143,12.4380
5495,183.167,943,400,2085,1961,20.8428,13.9746
5496,183.200,939,401,2085,1960,20.3057,12.0972
5497,183.233,941,400,2084,1958,20.1887,11.4739
5498,183.267,941,400,2082,1960,20.1633,14.4300
5499,183.300,939,395,2083,1960,21.9094,17.4024
5500,183.333,939,397,2081,1960,22.5615,16.3962
5501,183.367,936,397,2081,1960,20.4445,13.8211
5502,183.400,938,395,2082,1960,19.6147,14.8891
5503,183.433,938,397,2082,1960,21.6415,14.6712
5504,183.467,938,396,2081,1959,20.5462,14.5640
5505,183.500,938,396,2081,1958,19.8142,13.9405
5506,183.533,939,396,2083,1961,20.7575,13.5765
5507,183.567,941,395,2083,1961,18.7870,12.5400
5508,183.600,942,395,2083,1962,18.5166,12.8793
5509,183.633,942,396,2084,1963,19.6990,13.2578
5510,183.667,943,396,2083,1963,17.9114,13.0682
5511,183.700,943,396,2084,1963,18.9882,12.6521
5512,183.733,943,396,2083,1963,17.8739,13.3515
5513,183.767,943,396,2083,1963,18.5112,13.5771
5514,183.800,943,397,2083,1963,17.9319,14.3029
5515,183.833,944,396,2084,1963,19.4535,13.8870
5516,183.867,944,395,2084,1963,20.1760,13.4468
5517,183.900,945,397,2084,1963,20.4624,13.7403
5518,183.933,945,399,2085,1963,19.4097,14.8001
5519,183.967,945,399,2085,1963,19.2653,14.7814
5520,184.000,945,399,2085,1964,20.4126,16.1151
5521,184.033,944,399,2085,1963,19.8780,15.2022
5522,184.067,943,399,2085,1963,20.6268,15.6003
5523,184.100,940,397,2088,1965,19.2930,11.6842
5524,184.133,941,397,2088,1965,21.1930,12.8495
5525,184.167,940,398,2087,1965,19.9581,11.2605
5526,184.200,940,397,2087,1965,21.4754,12.3036
5527,184.233,940,396,2087,1965,20.9822,11.5225
5528,184.267,940,397,2087,1966,21.7785,11.7933
5529,184.300,938,396,2088,1966,18.5249,13.0547
5530,184.333,939,396,2088,1966,20.6120,12.5966
5531,184.367,940,396,2088,1966,21.1415,12.7610
5532,184.400,939,397,2088,1966,18.1216,12.4945
5533,184.433,940,396,2088,1967,19.7730,13.5038
5534,184.467,940,396,2088,1967,19.3006,13.4401
5535,184.500,940,395,2088,1966,19.9913,14.1194
5536,184.533,940,396,2088,1965,19.8250,13.1335
5537,184.567,940,396,2088,1965,20.4543,12.9041
5538,184.600,940,396,2088,1965,20.2646,12.6377
5539,184.633,940,396,2089,1966,19.6971,11.6656
5540,184.667,940,397,2089,1967,19.0907,12.6452
5541,184.700,940,397,2089,1967,19.4568,12.8238
5542,184.733,942,397,2088,1967,18.6790,13.8958
5543,184.767,942,397,2089,1967,18.3861,13.3704
5544,184.800,941,396,2089,1966,19.4520,11.7430
5545,184.833,941,396,2089,1967,18.3140,13.4296
5546,184.867,941,395,2089,1966,18.8836,14.7448
5547,184.900,941,397,2089,1966,17.9216,12.3077
5548,184.933,939,398,2089,1966,17.8993,13.7839
5549,184.967,940,398,2088,1967,18.6871,13.0471
5550,185.000,940,398,2089,1967,16.7419,12.6386
5551,185.033,939,398,2089,1967,16.9720,13.5739
5552,185.067,939,399,2089,1967,18.0082,12.8869
5553,185.100,941,401,2087,1966,15.1447,14.2054
5554,185.133,942,401,2087,1966,17.7004,15.2871
5555,185.167,942,401,2087,1966,17.4733,15.1376
5556,185.200,942,400,2087,1966,18.6275,14.8449
5557,185.233,943,400,2087,1966,17.7335,18.2145
5558,185.267,943,401,2087,1965,15.9985,15.7556
5559,185.300,944,401,2086,1964,16.7618,16.9407
5560,185.333,944,401,2086,1965,17.4475,16.4350
5561,185.367,942,403,2084,1964,18.9385,13.6866
5562,185.400,944,404,2085,1965,18.3949,15.4277
5563,185.433,945,404,2085,1965,16.9315,16.7998
5564,185.467,945,404,2085,1965,16.9262,17.1495
5565,185.500,946,403,2085,1966,19.3998,16.8823
5566,185.533,944,403,2086,1966,17.4614,15.4367
5567,185.567,944,403,2086,1966,17.5514,15.6374
5568,185.600,943,402,2086,1966,17.7899,15.8482
5569,185.633,944,401,2087,1966,18.3853,14.7608
5570,185.667,944,399,2086,1967,18.0794,14.7675
5571,185.700,946,399,2087,1967,20.6511,15.2087
5572,185.733,945,401,2087,1967,18.5415,13.6575
5573,185.767,944,402,2087,1970,18.0345,13.9451
5574,185.800,945,402,2087,1970,18.1618,15.7367
5575,185.833,944,402,2087,1970,19.0390,13.5483
5576,185.867,945,402,2087,1970,18.3918,15.6482
5577,185.900,945,402,2087,1970,18.4970,16.1335
5578,185.933,945,402,2087,1970,18.8745,15.9493
5579,185.967,945,402,2087,1970,18.6930,15.5407
5580,186.000,945,402,2087,1970,18.7662,15.4270
5581,186.033,944,402,2087,1970,18.3580,13.8960
5582,186.067,946,400,2088,1972,17.1108,16.7082
5583,186.100,947,399,2089,1972,18.9482,14.5419
5584,186.133,947,400,2089,1972,18.3655,14.6679
5585,186.167,948,400,2089,1973,18.9069,15.4885
5586,186.200,948,401,2089,1973,18.9936,14.7972
5587,186.233,946,401,2089,1973,19.3744,14.7787
5588,186.267,946,401,2088,1973,21.7982,16.3537
5589,186.300,945,402,2088,1972,20.5550,15.4811
5590,186.333,945,401,2088,1973,21.5064,16.2399
5591,186.367,945,401,2087,1973,22.0119,17.6132
5592,186.400,945,401,2088,1974,20.4693,16.3178
5593,186.433,944,401,2088,1975,21.0742,15.6428
5594,186.467,946,401,2088,1975,20.1160,16.2894
5595,186.500,945,402,2088,1975,21.0851,14.6782
5596,186.533,945,403,2088,1974,21.2606,16.5205
5597,186.567,945,403,2089,1974,21.4917,16.8222
5598,186.600,945,407,2090,1975,20.1449,17.4339
5599,186.633,946,407,2089,1974,20.7223,16.5419
5600,186.667,946,409,2087,1972,18.6703,17.0406
5601,186.700,947,408,2087,1971,19.0676,17.2463
5602,186.733,947,408,2087,1971,19.3537,17.4957
5603,186.767,947,408,2087,1970,19.0426,18.1021
5604,186.800,946,408,2087,1971,19.8609,18.2082
5605,186.833,947,408,2087,1970,19.0910,17.9404
5606,186.867,946,409,2087,1971,19.6627,16.6617
5607,186.900,945,410,2087,1971,19.5798,17.3992
5608,186.933,946,410,2087,1972,18.8107,17.0715
5609,186.967,946,410,2086,1972,19.6797,16.3319
5610,187.000,946,409,2087,1971,19.7141,16.9057
5611,187.033,946,408,2087,1972,20.2589,16.6928
5612,187.067,946,408,2086,1972,20.4068,17.8490
5613,187.100,946,405,2085,1971,18.6461,15.9298
5614,187.133,946,405,2085,1971,19.0766,16.3539
5615,187.167,946,405,2085,1970,18.8675,16.2488
5616,187.200,947,405,2085,1971,19.3759,16.0058
5617,187.233,946,406,2085,1971,19.7962,16.1971
5618,187.267,946,405,2085,1971,19.5435,15.8198
5619,187.300,946,405,2085,1971,19.2623,15.6377
5620,187.333,946,405,2085,1970,19.0520,15.7492
5621,187.367,946,404,2085,1971,19.9694,16.2805
5622,187.400,944,404,2086,1972,19.5769,15.7402
5623,187.433,945,404,2086,1972,19.6727,15.1615
5624,187.467,944,403,2086,1972,19.4236,15.6912
5625,187.500,944,404,2087,1974,20.4620,15.3775
5626,187.533,944,404,2086,1974,20.4355,16.4415
5627,187.567,944,404,2086,1974,20.7229,16.3092
5628,187.600,944,404,2086,1974,20.6591,16.2538
5629,187.633,944,404,2086,1974,20.3411,16.4765
5630,187.667,945,405,2085,1973,20.8100,16.5264
5631,187.700,945,405,2085,1973,20.8229,16.8892
5632,187.733,945,405,2085,1973,20.9930,17.2694
5633,187.767,945,404,2085,1973,19.7485,15.6038
5634,187.800,945,407,2086,1973,21.3893,16.5336
5635,187.833,945,407,2086,1973,21.6247,16.0969
5636,187.867,945,407,2086,1973,21.0866,15.4758
5637,187.900,946,408,2087,1972,21.7433,15.9209
5638,187.933,946,408,2087,1972,21.4383,16.5464
5639,187.967,946,408,2086,1972,21.2957,16.2966
5640,188.000,945,407,2087,1972,19.7585,16.3697
5641,188.033,945,407,2087,1972,19.6638,16.6572
5642,188.067,946,408,2086,1973,20.3916,16.5015
5643,188.100,946,410,2086,1973,22.0296,15.0487
5644,188.133,945,410,2087,1973,20.4748,17.3958
5645,188.167,945,410,2087,1973,20.0008,17.3479
5646,188.200,946,410,2087,1973,19.3293,17.9987
5647,188.233,946,410,2087,1972,18.5577,17.3133
5648,188.267,946,409,2087,1973,20.4112,16.7176
5649,188.300,946,407,2088,1973,21.0336,16.9476
5650,188.333,946,407,2088,1974,20.9964,16.4715
5651,188.367,946,407,2088,1974,20.9397,16.1966
5652,188.400,946,407,2088,1974,20.7582,16.1016
5653,188.433,946,408,2088,1974,20.2490,15.8973
5654,188.467,946,408,2088,1974,19.7746,15.5282
5655,188.500,946,408,2088,1974,19.8457,15.1949
5656,188.533,945,408,2088,1974,18.9134,16.8020
5657,188.567,946,408,2087,1974,20.1916,16.2774
5658,188.600,946,408,2087,1974,20.3250,16.3123
5659,188.633,945,409,2087,1973,18.5899,17.6245
5660,188.667,945,408,2088,1973,19.2718,16.3016
5661,188.700,945,408,2087,1972,19.0077,16.2256
5662,188.733,946,408,2088,1973,18.7295,15.9820
5663,188.767,946,408,2088,1972,19.5003,15.1400
5664,188.800,946,406,2089,1973,19.4959,15.5371
5665,188.833,946,406,2089,1973,19.3613,15.4295
5666,188.867,946,407,2088,1973,19.6848,14.6052
5667,188.900,946,407,2088,1973,20.2818,14.6447
5668,188.933,946,407,2088,1973,19.8778,14.3986
5669,188.967,946,405,2088,1974,19.1177,16.3636
5670,189.000,946,406,2088,1974,18.9115,16.7193
5671,189.033,945,406,2088,1974,20.1903,14.7869
5672,189.067,945,405,2088,1974,20.1999,14.8515
5673,189.100,944,402,2088,1974,20.8391,17.0589
5674,189.133,944,402,2088,1974,20.7098,16.5939
5675,189.167,944,402,2087,1974,20.1687,16.0084
5676,189.200,944,402,2088,1974,20.4458,16.5906
5677,189.233,944,402,2087,1974,20.3559,15.9107
5678,189.267,944,400,2087,1974,20.6492,15.3616
5679,189.300,945,405,2087,1975,19.2223,14.5459
5680,189.333,945,404,2087,1974,19.2415,15.4011
5681,189.367,949,406,2090,1970,11.4753,15.4094
5682,189.400,949,406,2090,1969,11.2102,17.1033
5683,189.433,949,407,2091,1969,9.7888,17.7063
5684,189.467,949,406,2090,1970,9.8442,14.8078
5685,189.500,949,405,2090,1970,8.2646,15.4277
5686,189.533,949,405,2090,1971,9.0834,15.4693
5687,189.567,949,405,2090,1971,8.5269,15.7366
5688,189.600,948,405,2090,1971,8.5338,14.5849
5689,189.633,948,405,2090,1970,9.0230,15.1984
5690,189.667,947,404,2090,1971,9.8395,14.4959
5691,189.700,945,403,2090,1971,9.6159,15.8586
5692,189.733,946,401,2088,1973,18.9016,20.1884
5693,189.767,945,400,2088,1974,20.1082,17.9541
5694,189.800,945,400,2087,1973,19.4524,19.8277
5695,189.833,944,402,2088,1974,17.6762,20.5966
5696,189.867,944,402,2087,1974,18.4883,19.4975
5697,189.900,942,403,2087,1973,18.0013,19.5389
5698,189.933,942,403,2086,1972,18.5356,19.4307
5699,189.967,941,403,2086,1972,18.9295,20.7495
5700,190.000,942,403,2087,1972,19.0082,21.2541
5701,190.033,941,403,2087,1975,19.8717,19.5939
5702,190.067,939,403,2087,1976,19.9701,18.0137
5703,190.100,936,405,2087,1975,20.1117,19.1849
5704,190.133,936,405,2087,1975,20.4694,19.2758
5705,190.167,936,405,2087,1975,20.1896,19.4128
5706,190.200,936,404,2087,1976,19.7326,20.0062
5707,190.233,937,406,2086,1976,21.5190,21.9872
5708,190.267,937,406,2086,1976,21.6908,22.3371
5709,190.300,938,406,2086,1976,20.8565,22.5839
5710,190.333,937,405,2086,1976,21.3350,20.8033
5711,190.367,937,406,2086,1977,21.2909,20.3501
5712,190.400,938,406,2087,1977,21.0853,20.3422
5713,190.433,937,406,2087,1977,20.1136,19.0645
5714,190.467,937,407,2087,1977,16.7861,20.4782
5715,190.500,937,406,2087,1977,20.4208,19.6484
5716,190.533,937,406,2087,1977,20.3052,19.6593
5717,190.567,937,405,2087,1977,20.4451,21.1328
5718,190.600,937,405,2087,1977,20.4870,21.1504
5719,190.633,937,406,2087,1977,21.1634,20.0192
5720,190.667,937,405,2086,1977,21.2808,21.2183
5721,190.700,937,404,2086,1977,20.6167,21.5515
5722,190.733,937,404,2086,1978,21.6712,21.1548
5723,190.767,937,403,2086,1977,20.4238,21.7701
5724,190.800,937,403,2086,1978,21.2916,21.2058
5725,190.833,937,403,2086,1977,20.3575,21.0001
5726,190.867,937,403,2086,1977,20.0452,20.7374
5727,190.900,937,402,2086,1977,21.4278,20.7861
5728,190.933,938,403,2086,1978,20.6754,20.6357
5729,190.967,938,403,2086,1978,20.6733,20.6139
5730,191.000,937,403,2086,1978,20.6428,21.2629
5731,191.033,937,404,2086,1978,21.4454,20.5855
5732,191.067,938,403,2086,1978,20.1070,20.5110
5733,191.100,939,401,2086,1981,18.9511,19.6113
5734,191.133,939,401,2086,1981,19.2293,20.1785
5735,191.167,939,401,2087,1981,21.9479,20.3242
5736,191.200,939,401,2087,1981,22.0796,20.3041
5737,191.233,938,402,2087,1981,19.3749,20.4923
5738,191.267,938,400,2087,1981,20.9013,21.0332
5739,191.300,938,401,2087,1981,21.7271,19.4145
5740,191.333,938,400,2087,1982,22.1075,20.1788
5741,191.367,938,398,2087,1981,18.1947,19.5425
5742,191.400,939,398,2087,1982,18.0459,21.0130
5743,191.433,939,397,2088,1982,18.9131,19.6146
5744,191.467,939,397,2087,1981,18.9833,20.6012
5745,191.500,938,397,2088,1982,18.5636,19.9445
5746,191.533,938,398,2088,1981,20.3693,21.0183
5747,191.567,939,398,2088,1981,17.6511,19.7186
5748,191.600,938,398,2088,1982,18.0805,20.3282
5749,191.633,939,398,2088,1982,18.3866,20.5242
5750,191.667,939,399,2088,1980,19.6775,21.7939
5751,191.700,939,400,2088,1980,19.4722,21.4788
5752,191.733,939,400,2088,1980,19.9248,21.3123
5753,191.767,939,401,2088,1978,19.2535,21.2451
5754,191.800,939,401,2088,1978,19.6689,21.4014
5755,191.833,939,400,2088,1978,18.6627,22.3567
5756,191.867,939,400,2088,1977,19.3834,21.9942
5757,191.900,940,400,2088,1977,18.0121,21.1086
5758,191.933,939,400,2088,1977,19.3300,21.7219
5759,191.967,939,401,2088,1977,20.3642,21.4073
5760,192.000,939,401,2088,1977,20.3939,20.7375
5761,192.033,939,401,2088,1977,20.3129,20.6082
5762,192.067,939,401,2088,1977,20.3942,21.7718
5763,192.100,940,402,2088,1977,20.0949,22.6124
5764,192.133,940,402,2087,1977,19.5457,21.0337
5765,192.167,940,401,2088,1977,18.2500,22.0255
5766,192.200,940,402,2088,1977,19.7237,21.7733
5767,192.233,940,402,2088,1977,19.4159,21.6303
5768,192.267,940,403,2088,1977,19.4247,21.9434
5769,192.300,940,402,2088,1977,18.9811,21.4027
5770,192.333,940,402,2088,1977,18.6350,21.2476
5771,192.367,939,402,2088,1976,17.9437,21.6044
5772,192.400,939,402,2087,1976,20.0349,22.2253
5773,192.433,939,402,2087,1976,19.8751,22.3743
5774,192.467,939,401,2088,1976,18.0740,22.1062
5775,192.500,939,401,2088,1975,17.3004,22.4366
5776,192.533,940,399,2089,1975,17.9572,20.5602
5777,192.567,940,400,2089,1975,18.9008,21.1395
5778,192.600,940,400,2088,1975,18.7266,21.5544
5779,192.633,940,399,2089,1975,17.1612,20.8475
5780,192.667,940,399,2089,1975,17.3455,20.3071
5781,192.700,940,399,2089,1975,16.9026,20.8063
5782,192.733,939,402,2089,1975,18.7729,22.0611
5783,192.767,937,403,2088,1974,12.5108,22.4351
5784,192.800,938,406,2089,1976,11.5937,20.7427
5785,192.833,941,405,2088,1977,9.2042,20.7235
5786,192.867,942,406,2088,1977,9.2576,22.0258
5787,192.900,943,408,2088,1977,7.8400,21.9389
5788,192.933,944,406,2088,1976,11.5049,21.7371
5789,192.967,945,405,2088,1976,11.0881,22.6057
5790,193.000,945,405,2088,1976,11.4068,22.3584
5791,193.033,945,405,2087,1976,10.3415,21.5675
5792,193.067,945,405,2087,1975,10.5880,22.8202
5793,193.100,946,406,2086,1974,11.5480,22.1785
5794,193.133,945,406,2086,1974,10.4728,21.3021
5795,193.167,945,406,2087,1974,10.1857,21.1451
5796,193.200,945,407,2087,1974,9.6894,21.7080
5797,193.233,945,407,2087,1974,9.3058,21.3894
5798,193.267,945,407,2086,1974,9.9277,21.2576
5799,193.300,945,407,2086,1974,9.8166,21.3065
5800,193.333,945,407,2086,1974,9.8554,21.1950
5801,193.367,945,407,2086,1974,9.7637,21.3068
5802,193.400,946,406,2086,1975,10.4673,21.3270
5803,193.433,946,406,2086,1975,10.5528,21.6420
5804,193.467,946,406,2086,1975,10.5454,21.9391
5805,193.500,947,405,2086,1975,8.3456,20.7887
5806,193.533,946,406,2085,1975,8.3806,21.3617
5807,193.567,946,405,2085,1975,7.4163,22.6294
5808,193.600,947,405,2085,1975,6.8934,21.1108
5809,193.633,947,407,2084,1974,8.7172,21.7936
5810,193.667,948,407,2084,1974,8.5646,21.8648
5811,193.700,948,407,2084,1974,8.0201,21.6284
5812,193.733,948,407,2084,1974,8.1163,22.0157
5813,193.767,947,406,2084,1974,6.9954,21.7365
5814,193.800,950,408,2083,1973,10.0936,19.9467
5815,193.833,949,408,2082,1972,10.3612,19.2473
5816,193.867,952,412,2082,1971,9.3238,20.5858
5817,193.900,953,413,2082,1971,9.6842,19.5061
5818,193.933,956,412,2083,1971,8.0806,20.5926
5819,193.967,956,412,2084,1971,8.0371,21.7095
5820,194.000,956,411,2084,1970,8.5957,22.2690
5821,194.033,957,413,2083,1970,7.8884,19.7648
5822,194.067,957,412,2083,1970,8.2745,20.7386
5823,194.100,955,407,2084,1971,10.0294,18.5177
5824,194.133,955,407,2084,1971,10.1515,19.0245
5825,194.167,955,407,2084,1971,9.8566,19.0080
5826,194.200,955,408,2084,1971,11.2823,18.2284
5827,194.233,954,408,2084,1971,11.0210,17.8795
5828,194.267,954,409,2084,1972,10.2836,17.8808
5829,194.300,954,408,2084,1971,10.9154,17.5727
5830,194.333,954,408,2084,1972,11.5770,18.2120
5831,194.367,954,406,2084,1972,10.1197,18.5399
5832,194.400,954,406,2083,1971,8.5610,18.8703
5833,194.433,954,406,2084,1971,9.1436,19.6527
5834,194.467,955,405,2084,1972,8.6558,20.2587
5835,194.500,955,406,2085,1973,9.4014,20.1564
5836,194.533,955,406,2086,1974,10.4818,20.7738
5837,194.567,955,408,2087,1975,8.8489,19.9431
5838,194.600,955,410,2087,1974,9.0372,22.0333
5839,194.633,956,409,2087,1972,8.2389,20.1054
5840,194.667,956,411,2088,1970,8.1028,21.2015
5841,194.700,956,408,2089,1970,8.3398,21.5603
5842,194.733,956,408,2088,1970,9.5652,20.0503
5843,194.767,956,408,2088,1971,9.5546,19.6935
5844,194.800,956,409,2088,1970,7.7987,21.1229
5845,194.833,957,410,2088,1970,8.7078,22.2620
5846,194.867,957,408,2088,1971,7.9626,19.7233
5847,194.900,956,406,2088,1971,7.3776,20.1719
5848,194.933,955,406,2087,1972,7.0461,21.1714
5849,194.967,956,406,2086,1973,7.5862,20.5431
5850,195.000,956,406,2086,1973,7.5789,20.6859
5851,195.033,955,406,2087,1974,7.5152,20.2742
5852,195.067,956,406,2087,1973,8.1300,19.4269
5853,195.100,956,406,2086,1972,6.8838,18.9619
5854,195.133,956,405,2086,1972,7.5359,18.8044
5855,195.167,956,406,2086,1972,6.7788,18.3472
5856,195.200,956,406,2086,1972,6.5210,18.4155
5857,195.233,955,406,2087,1972,7.5277,18.3599
5858,195.267,955,405,2087,1971,8.3423,18.6689
5859,195.300,955,404,2087,1971,7.1558,18.3754
5860,195.333,956,404,2087,1971,6.8682,17.8445
5861,195.367,954,407,2088,1970,6.8730,18.3794
5862,195.400,953,407,2088,1970,8.7820,19.0013
5863,195.433,953,408,2088,1970,10.1115,19.5061
5864,195.467,953,409,2088,1969,8.1654,20.8518
5865,195.500,953,410,2088,1970,8.2794,19.9073
5866,195.533,953,410,2088,1970,8.2733,19.3014
5867,195.567,954,409,2088,1969,9.4658,19.3602
5868,195.600,954,410,2088,1970,8.1108,20.0290
5869,195.633,954,411,2088,1970,7.3699,19.7439
5870,195.667,954,411,2088,1969,7.7872,19.2826
5871,195.700,955,410,2088,1970,8.3964,19.6519
5872,195.733,955,411,2087,1969,8.5092,18.3547
5873,195.767,954,409,2088,1969,9.2518,18.6924
5874,195.800,954,408,2088,1969,9.8695,19.4947
5875,195.833,954,407,2088,1969,6.8603,18.1839
5876,195.867,953,407,2087,1969,7.8048,18.2434
5877,195.900,952,407,2088,1969,7.6821,18.7076
5878,195.933,951,407,2087,1968,8.8145,20.5032
5879,195.967,950,408,2087,1969,8.4214,18.7114
5880,196.000,950,407,2087,1969,9.2243,20.8916
5881,196.033,950,408,2087,1969,8.6636,19.0047
5882,196.067,949,407,2087,1969,8.4206,20.6221
5883,196.100,948,410,2086,1970,7.6205,22.0172
5884,196.133,949,410,2086,1969,8.8899,21.0224
5885,196.167,950,412,2085,1969,8.6069,19.8374
5886,196.200,950,413,2085,1969,8.8719,18.8623
5887,196.233,949,412,2085,1969,8.0692,20.2557
5888,196.267,950,412,2084,1969,7.4247,18.9155
5889,196.300,949,413,2084,1969,9.5480,19.1765
5890,196.333,949,413,2084,1970,9.6406,18.6649
5891,196.367,950,414,2085,1970,10.2792,18.3480
5892,196.400,950,415,2084,1970,11.0385,18.2267
5893,196.433,950,415,2084,1970,11.4496,17.9643
5894,196.467,950,415,2084,1970,10.6738,17.9150
5895,196.500,949,416,2084,1971,8.6322,18.4352
5896,196.533,950,417,2085,1970,9.5046,18.7115
5897,196.567,949,416,2086,1970,0.0534,18.5204
5898,196.600,950,417,2086,1971,-0.4302,18.5742
5899,196.633,950,416,2085,1971,-1.3127,17.0873
5900,196.667,950,416,2085,1972,-0.5505,17.8887
5901,196.700,949,418,2085,1972,-1.8607,16.8976
5902,196.733,949,418,2085,1972,-1.8779,17.1419
5903,196.767,949,417,2086,1973,-0.4269,18.0720
5904,196.800,950,416,2086,1973,-1.0182,16.9807
5905,196.833,950,415,2086,1973,-2.3429,16.4012
5906,196.867,950,415,2086,1973,-2.6107,16.7177
5907,196.900,949,415,2086,1972,-0.1711,16.5069
5908,196.933,949,415,2086,1972,0.4339,16.7006
5909,196.967,949,415,2086,1972,0.2267,16.7596
5910,197.000,949,415,2086,1973,-0.3882,17.6169
5911,197.033,950,414,2086,1974,-2.4799,17.0902
5912,197.067,949,413,2085,1973,-3.5797,16.6105
5913,197.100,953,416,2086,1975,-3.0234,18.8219
5914,197.133,953,416,2086,1974,-3.0867,18.3568
5915,197.167,952,416,2087,1974,-3.3190,18.1493
5916,197.200,953,416,2086,1974,-3.0821,18.3809
5917,197.233,952,417,2086,1974,-3.1127,18.1943
5918,197.267,952,417,2087,1974,-1.9207,17.9783
5919,197.300,952,417,2087,1974,-2.3473,17.6972
5920,197.333,952,417,2086,1973,-2.7709,18.4417
5921,197.367,952,417,2086,1973,-2.6683,18.6788
5922,197.400,952,415,2086,1973,-2.3515,18.8133
5923,197.433,952,416,2086,1973,-3.0414,18.5755
5924,197.467,952,415,2086,1973,-2.4687,18.5207
5925,197.500,952,413,2086,1973,-3.5247,17.5142
5926,197.533,953,414,2086,1973,-3.0360,18.2777
5927,197.567,953,414,2087,1973,-1.4123,19.0889
5928,197.600,953,414,2087,1973,-1.2844,19.0620
5929,197.633,953,414,2088,1973,-2.9237,18.8058
5930,197.667,953,414,2088,1973,-3.2867,18.7702
5931,197.700,952,415,2088,1973,-4.4589,17.3152
5932,197.733,952,415,2088,1973,-4.5947,17.0304
5933,197.767,953,413,2088,1973,-4.7554,19.5491
5934,197.800,951,415,2088,1972,-2.3964,19.2439
5935,197.833,950,416,2089,1971,-4.1566,17.3916
5936,197.867,949,416,2089,1971,-4.4574,18.4848
5937,197.900,949,417,2089,1971,-2.3505,17.2661
5938,197.933,949,416,2088,1971,-3.7510,17.9574
5939,197.967,949,416,2088,1971,-3.9760,17.9445
5940,198.000,949,416,2088,1971,-4.2105,18.2201
5941,198.033,948,416,2089,1971,-1.2293,18.6628
5942,198.067,948,414,2089,1971,-3.0306,18.0505
5943,198.100,949,414,2088,1971,-2.2698,18.7052
5944,198.133,949,415,2088,1972,-2.5613,18.2453
5945,198.167,949,415,2089,1972,-3.3303,18.1185
5946,198.200,949,416,2089,1972,-2.6693,18.6368
5947,198.233,949,417,2089,1972,-3.3936,17.9100
5948,198.267,949,418,2089,1972,-3.7933,18.2407
5949,198.300,950,418,2089,1972,-3.2661,18.7265
5950,198.333,950,418,2088,1972,-2.9375,18.8064
5951,198.367,950,418,2088,1973,-2.7492,17.5525
5952,198.400,951,419,2088,1973,-2.2725,18.1709
5953,198.433,951,419,2088,1973,-1.9830,18.1268
5954,198.467,952,420,2088,1973,-2.5936,18.4453
5955,198.500,951,420,2088,1974,-2.0834,20.0771
5956,198.533,951,419,2088,1975,-0.5806,19.0569
5957,198.567,950,418,2089,1976,-2.9695,19.1782
5958,198.600,950,417,2089,1975,-3.1826,18.2923
5959,198.633,950,417,2089,1975,-3.4355,18.2873
5960,198.667,950,417,2089,1975,-4.0761,18.1391
5961,198.700,950,417,2088,1975,-1.0344,18.4907
5962,198.733,949,417,2088,1976,-3.4653,18.9420
5963,198.767,950,418,2088,1976,-2.1368,18.1090
5964,198.800,950,417,2089,1976,-2.6456,17.7878
5965,198.833,949,417,2089,1976,-3.2465,17.8693
5966,198.867,950,418,2089,1976,-2.4311,18.4490
5967,198.900,950,417,2089,1976,-1.3987,17.3041
5968,198.933,949,415,2090,1975,-1.5888,19.4375
5969,198.967,950,414,2090,1975,-3.1734,18.5069
5970,199.000,951,414,2089,1975,-1.9738,18.6688
5971,199.033,951,413,2090,1975,-1.3853,18.6536
5972,199.067,951,414,2089,1974,-2.7559,19.4533
5973,199.100,950,415,2091,1972,-3.0558,18.9220
5974,199.133,951,414,2091,1972,-2.5893,18.7478
5975,199.167,952,413,2091,1973,-3.8360,20.7074
5976,199.200,952,414,2091,1972,-3.1433,18.4761
5977,199.233,952,413,2091,1972,-2.1169,20.6248
5978,199.267,953,413,2090,1972,-3.5869,20.7556
5979,199.300,953,413,2090,1973,-1.8893,20.3617
5980,199.333,954,413,2090,1973,-1.6358,21.2353
5981,199.367,954,413,2089,1974,-2.3864,20.5332
5982,199.400,953,415,2089,1975,-3.2617,20.3209
5983,199.433,953,415,2089,1975,-3.4455,20.4740
5984,199.467,953,416,2089,1975,-2.7409,19.0524
5985,199.500,953,419,2088,1973,-3.4856,18.2373
5986,199.533,955,417,2088,1971,0.0861,18.2871
5987,199.567,956,418,2088,1972,5.9953,17.7992
5988,199.600,957,418,2089,1971,8.5622,15.6747
5989,199.633,958,414,2087,1970,9.9875,14.4477
5990,199.667,958,415,2087,1970,9.1380,15.7149
5991,199.700,958,415,2087,1970,9.3254,15.7026
5992,199.733,957,415,2088,1971,10.0829,14.7196
5993,199.767,956,415,2088,1969,9.6606,15.4550
5994,199.800,956,415,2088,1969,9.0243,15.4515
5995,199.833,956,415,2088,1969,8.9520,15.7532
5996,199.867,957,417,2088,1970,10.1378,15.8475
5997,199.900,957,417,2087,1970,9.9542,14.5760
5998,199.933,957,417,2087,1970,9.8644,14.9096
5999,199.967,957,416,2087,1970,9.1626,15.1202
6000,200.000,957,418,2087,1970,9.9489,14.5022
6001,200.033,958,416,2087,1970,8.2596,15.6849
6002,200.067,957,415,2087,1970,7.3617,15.9350
6003,200.100,956,418,2087,1969,8.1862,14.9643
6004,200.133,956,419,2087,1968,8.8466,16.5626
6005,200.167,956,420,2087,1968,8.6274,17.1714
6006,200.200,956,419,2087,1968,8.8094,16.4093
6007,200.233,955,418,2087,1969,8.6043,16.0113
6008,200.267,955,419,2087,1968,8.9538,16.1136
6009,200.300,955,418,2087,1968,8.4321,15.1375
6010,200.333,955,418,2087,1968,8.6700,15.1592
6011,200.367,955,416,2086,1968,8.4042,14.2419
6012,200.400,955,416,2086,1968,8.7007,14.6687
6013,200.433,955,417,2086,1967,9.5824,15.9214
6014,200.467,955,416,2086,1967,8.7145,14.5668
6015,200.500,955,416,2085,1967,8.7637,14.8153
6016,200.533,954,417,2085,1967,9.4807,13.9396
6017,200.567,955,417,2085,1967,7.8825,14.1915
6018,200.600,954,417,2086,1967,9.5262,14.5006
6019,200.633,953,416,2086,1967,8.5103,15.0374
6020,200.667,953,417,2086,1967,8.6350,15.3900
6021,200.700,953,417,2086,1967,9.0567,14.8749
6022,200.733,953,418,2086,1967,9.5929,15.0536
6023,200.767,954,415,2086,1968,8.1868,15.4447
6024,200.800,953,415,2086,1969,9.0928,14.5587
6025,200.833,953,415,2086,1968,7.9443,14.7606
6026,200.867,953,416,2086,1968,9.9400,15.0934
6027,200.900,953,416,2085,1968,9.7325,13.9558
6028,200.933,953,417,2085,1968,9.3230,14.6069
6029,200.967,953,417,2085,1968,8.9996,14.5958
6030,201.000,954,417,2085,1968,9.1133,14.8775
6031,201.033,954,417,2085,1968,8.4005,14.7627
6032,201.067,953,416,2086,1969,8.9725,13.8049
6033,201.100,955,420,2084,1970,9.2796,14.0174
6034,201.133,954,420,2084,1970,9.4552,15.1938
6035,201.167,954,420,2084,1970,9.4999,15.0075
6036,201.200,954,422,2084,1970,11.6956,15.2807
6037,201.233,953,420,2084,1970,10.6039,15.1672
6038,201.267,954,419,2084,1970,10.2171,13.8501
6039,201.300,954,419,2084,1970,10.1450,13.6245
6040,201.333,954,419,2084,1970,9.8381,13.6539
6041,201.367,955,418,2084,1970,9.5145,14.2649
6042,201.400,955,418,2084,1970,9.5614,14.0501
6043,201.433,956,417,2084,1970,6.7353,14.2701
6044,201.467,955,418,2084,1970,9.5011,14.0418
6045,201.500,955,418,2084,1970,8.9992,14.0724
6046,201.533,955,419,2084,1970,9.5708,13.5138
6047,201.567,955,419,2084,1970,8.9369,13.8208
6048,201.600,955,418,2084,1970,8.4397,14.4434
6049,201.633,955,419,2084,1970,10.2833,13.5661
6050,201.667,954,419,2085,1970,8.7489,14.1946
6051,201.700,954,419,2084,1969,9.5268,13.4471
6052,201.733,954,418,2085,1969,8.8118,13.2114
6053,201.767,955,415,2085,1970,7.5802,13.1472
6054,201.800,954,414,2086,1969,6.9930,13.6913
6055,201.833,954,414,2086,1969,7.2674,13.8096
6056,201.867,954,413,2086,1970,8.2848,12.6747
6057,201.900,954,412,2086,1970,8.5593,12.8639
6058,201.933,954,413,2086,1970,8.1044,12.8019
6059,201.967,954,413,2086,1970,7.7779,12.9499
6060,202.000,954,413,2086,1970,8.2308,12.8697
6061,202.033,954,413,2086,1970,8.3568,12.8605
6062,202.067,954,412,2086,1970,8.5429,12.6108
6063,202.100,953,411,2087,1969,9.8444,13.6630
6064,202.133,953,411,2087,1969,9.4688,12.9627
6065,202.167,953,410,2086,1969,8.4638,12.8226
6066,202.200,953,411,2087,1969,9.7324,13.1917
6067,202.233,952,410,2087,1969,9.6408,13.1879
6068,202.267,953,411,2087,1969,9.4694,13.4777
6069,202.300,953,410,2087,1969,9.1476,12.7605
6070,202.333,953,410,2087,1969,9.1545,12.8488
6071,202.367,953,411,2087,1969,9.5591,13.4902
6072,202.400,954,412,2087,1970,8.9453,13.5196
6073,202.433,954,412,2087,1969,9.0422,15.1463
6074,202.467,954,413,2087,1969,8.7050,14.4936
6075,202.500,954,414,2087,1968,6.7662,13.9400
6076,202.533,954,415,2087,1968,6.8855,13.3548
6077,202.567,953,414,2087,1968,6.7090,13.6770
6078,202.600,954,415,2087,1968,7.0697,13.0697
6079,202.633,953,414,2087,1967,7.4631,13.3742
6080,202.667,954,414,2087,1967,7.9915,14.0995
6081,202.700,954,414,2087,1968,8.1042,13.5137
6082,202.733,954,414,2086,1967,7.9994,13.1830
6083,202.767,954,411,2087,1966,9.2365,12.7790
6084,202.800,954,412,2087,1967,9.0165,13.2199
6085,202.833,953,415,2087,1967,7.4739,13.7083
6086,202.867,953,414,2087,1967,8.3115,13.5883
6087,202.900,953,413,2087,1967,8.2595,14.1909
6088,202.933,953,413,2087,1967,8.0177,14.1183
6089,202.967,953,413,2087,1967,8.1279,13.9871
6090,203.000,953,412,2089,1965,9.7646,13.1572
6091,203.033,952,412,2089,1963,7.7725,11.7125
6092,203.067,952,411,2089,1962,9.5438,13.4583
6093,203.100,949,412,2087,1962,11.6685,13.2245
6094,203.133,950,412,2087,1961,10.4281,13.4638
6095,203.167,950,415,2087,1961,7.8947,14.0037
6096,203.200,951,415,2086,1962,10.2843,12.9760
6097,203.233,950,414,2085,1963,8.6176,13.2989
6098,203.267,950,415,2085,1964,8.8350,14.9520
6099,203.300,950,413,2085,1964,10.5567,13.3706
6100,203.333,951,414,2085,1965,9.9417,13.9418
6101,203.367,950,413,2085,1966,10.9175,12.7196
6102,203.400,951,416,2084,1967,10.4933,16.2365
6103,203.433,952,416,2084,1966,10.1964,17.0985
6104,203.467,953,416,2084,1966,9.6505,16.0999
6105,203.500,953,415,2084,1968,11.5004,14.4902
6106,203.533,953,414,2084,1967,11.5427,15.0995
6107,203.567,953,414,2084,1967,11.5465,15.1011
6108,203.600,958,416,2083,1965,9.5188,15.8196
6109,203.633,959,418,2082,1965,7.8575,15.3033
6110,203.667,959,418,2083,1965,7.5960,15.5249
6111,203.700,958,417,2083,1965,7.2526,15.2937
6112,203.733,958,418,2083,1966,6.3078,15.7733
6113,203.767,958,418,2083,1966,6.3151,15.8890
6114,203.800,958,418,2083,1966,6.4088,16.1525
6115,203.833,958,418,2082,1967,4.4912,16.8080
6116,203.867,958,418,2083,1967,6.2010,16.6796
6117,203.900,960,416,2083,1966,2.5332,16.2957
6118,203.933,961,418,2083,1966,2.7869,15.0458
6119,203.967,960,418,2083,1967,1.2144,15.5249
6120,204.000,960,417,2085,1967,0.3610,13.9875
6121,204.033,960,416,2085,1968,1.2477,14.2902
6122,204.067,960,416,2085,1967,-0.2381,13.6895
6123,204.100,959,420,2086,1967,1.5250,14.4818
6124,204.133,959,419,2086,1967,1.9384,13.7352
6125,204.167,959,420,2086,1967,3.4575,14.1989
6126,204.200,959,419,2085,1967,5.3478,14.1258
6127,204.233,958,419,2085,1967,5.8799,14.6436
6128,204.267,959,418,2085,1967,4.6758,13.5177
6129,204.300,959,420,2085,1967,8.9900,15.9890
6130,204.333,959,420,2085,1967,9.2355,15.6543
6131,204.367,958,420,2084,1967,10.3081,14.6603
6132,204.400,958,418,2085,1968,10.3714,13.7355
6133,204.433,958,418,2085,1968,11.1654,14.1364
6134,204.467,958,419,2085,1968,11.6038,16.1203
6135,204.500,958,417,2086,1969,11.7668,13.8398
6136,204.533,957,417,2085,1969,12.5292,15.0611
6137,204.567,956,417,2086,1969,14.1063,14.8434
6138,204.600,954,418,2086,1969,15.1610,17.7250
6139,204.633,955,417,2086,1969,15.6270,15.8584
6140,204.667,955,415,2085,1968,13.6696,15.2572
6141,204.700,956,416,2084,1968,15.5116,15.6541
6142,204.733,955,415,2084,1968,15.3870,15.5144
6143,204.767,958,417,2084,1967,17.1294,14.9942
6144,204.800,950,413,2085,1962,16.8372,12.5968
6145,204.833,952,412,2087,1964,18.0881,14.1181
6146,204.867,948,419,2078,1959,9.0682,9.5415
6147,204.900,946,418,2075,1959,5.7758,10.1037
6148,204.933,951,412,2080,1962,13.5943,13.0190
6149,204.967,953,414,2083,1962,17.2558,15.7974
6150,205.000,952,408,2083,1960,14.7530,15.2470
6151,205.033,953,406,2082,1961,15.1706,16.4635
6152,205.067,956,411,2082,1965,15.6427,19.0048
6153,205.100,955,412,2083,1964,14.9176,17.2465
6154,205.133,955,411,2083,1964,15.5773,18.5481
6155,205.167,956,410,2083,1964,13.7439,20.1828
6156,205.200,958,410,2084,1964,14.8126,19.6720
6157,205.233,957,411,2084,1964,6.3505,19.8078
6158,205.267,958,412,2083,1964,2.4900,19.3693
6159,205.300,958,412,2083,1964,2.6278,19.9681
6160,205.333,957,411,2083,1965,2.7013,19.7361
6161,205.367,957,411,2083,1965,2.7388,19.5109
6162,205.400,958,410,2083,1966,2.2853,19.4989
6163,205.433,958,409,2083,1967,3.3032,18.4787
6164,205.467,959,409,2083,1967,1.4473,18.3387
6165,205.500,959,408,2084,1968,1.6168,19.4011
6166,205.533,960,408,2084,1968,0.2299,18.6508
6167,205.567,959,411,2085,1968,-2.4737,16.6168
6168,205.600,959,410,2086,1968,-4.1629,16.8498
6169,205.633,959,411,2085,1968,-3.6908,15.7715
6170,205.667,957,410,2086,1968,-3.8378,17.2425
6171,205.700,956,411,2086,1968,-2.4777,16.9202
6172,205.733,956,411,2087,1967,-0.8593,16.1749
6173,205.767,958,407,2087,1967,4.1191,18.2132
6174,205.800,957,407,2086,1967,5.5962,15.9743
6175,205.833,955,406,2087,1967,3.9948,16.2880
6176,205.867,954,404,2086,1968,6.3457,14.8035
6177,205.900,953,405,2086,1968,7.4338,16.5320
6178,205.933,953,406,2087,1965,14.5621,18.0400
6179,205.967,952,407,2087,1965,14.0416,16.8047
6180,206.000,952,406,2087,1965,13.8978,17.4505
6181,206.033,951,407,2088,1965,14.1955,15.6049
6182,206.067,951,406,2088,1965,13.5476,15.5878
6183,206.100,953,402,2088,1964,15.1922,14.3196
6184,206.133,953,402,2088,1965,14.7469,15.3124
6185,206.167,952,401,2088,1965,16.2485,16.9428
6186,206.200,952,399,2088,1966,13.6044,20.0229
6187,206.233,951,397,2087,1968,14.5199,20.3436
6188,206.267,950,398,2088,1969,12.4552,20.2073
6189,206.300,950,397,2088,1969,10.8494,21.0975
6190,206.333,949,397,2088,1969,11.9719,20.9194
6191,206.367,948,398,2088,1969,11.7414,18.7787
6192,206.400,948,398,2088,1968,10.9209,20.1577
6193,206.433,948,399,2088,1969,8.3883,21.6546
6194,206.467,948,399,2087,1968,9.0191,20.0332
6195,206.500,947,400,2087,1969,6.7185,20.4904
6196,206.533,946,401,2088,1970,9.5334,21.3399
6197,206.567,948,401,2088,1970,8.8898,23.7737
6198,206.600,950,400,2088,1969,5.6950,21.0732
6199,206.633,950,399,2089,1970,6.5425,19.9900
6200,206.667,950,406,2088,1962,9.5567,20.3158
6201,206.700,949,400,2086,1962,15.4256,9.9071
6202,206.733,948,404,2086,1961,16.7736,10.1087
6203,206.767,946,403,2088,1962,14.9973,13.1012
6204,206.800,947,405,2088,1963,15.0405,15.8363
6205,206.833,950,403,2088,1962,16.5387,14.8974
6206,206.867,952,403,2088,1963,17.2046,13.3151
6207,206.900,951,399,2088,1962,17.9703,13.9053
6208,206.933,952,402,2089,1963,16.5173,13.4535
6209,206.967,953,401,2090,1964,15.6492,13.5706
6210,207.000,952,404,2089,1965,16.7352,14.4088
6211,207.033,951,403,2089,1965,16.9070,14.0187
6212,207.067,952,403,2089,1965,16.7877,14.5449
6213,207.100,952,405,2090,1965,15.2662,15.6917
6214,207.133,951,404,2090,1965,15.7823,15.9355
6215,207.167,953,398,2090,1966,15.7453,14.2666
6216,207.200,951,400,2090,1966,16.2872,14.4874
6217,207.233,950,397,2091,1967,16.0313,13.9203
6218,207.267,949,397,2090,1966,16.8777,13.2614
6219,207.300,949,395,2091,1967,16.9255,12.7322
6220,207.333,951,395,2090,1966,15.0141,15.2834
6221,207.367,952,394,2091,1966,16.7691,14.7345
6222,207.400,953,392,2090,1967,15.5875,15.6146
6223,207.433,952,391,2090,1967,16.0588,16.9850
6224,207.467,952,393,2090,1967,16.6302,16.9592
6225,207.500,951,393,2090,1966,16.0370,17.4625
6226,207.533,952,396,2089,1966,15.5536,17.1247
6227,207.567,951,394,2089,1966,12.3259,17.6086
6228,207.600,950,394,2086,1970,7.7959,15.0375
6229,207.633,947,395,2087,1970,5.4560,15.1292
6230,207.667,947,394,2088,1971,5.1413,15.2667
6231,207.700,948,398,2089,1968,5.6723,14.7719
6232,207.733,946,398,2089,1968,5.5927,16.8338
6233,207.767,947,396,2082,1960,4.2060,5.0115
6234,207.800,950,399,2084,1960,-0.9716,7.6992
6235,207.833,951,396,2085,1960,-0.5542,8.9266
6236,207.867,949,398,2088,1959,-3.3754,14.9505
6237,207.900,948,397,2089,1961,-1.4370,16.5663
6238,207.933,948,401,2089,1962,0.4932,17.2245
6239,207.967,949,402,2090,1963,-1.9606,17.2980
6240,208.000,951,401,2090,1963,-3.4902,16.1310
6241,208.033,951,400,2090,1963,-4.0406,16.3288
6242,208.067,952,400,2090,1963,-3.8551,16.9529
6243,208.100,954,398,2088,1964,2.3304,13.7052
6244,208.133,954,398,2087,1964,2.5000,14.5980
6245,208.167,951,394,2089,1966,18.5159,14.8930
6246,208.200,951,396,2089,1966,17.7789,13.7533
6247,208.233,949,395,2090,1967,17.9771,14.4337
6248,208.267,948,394,2090,1968,15.8833,14.2959
6249,208.300,947,393,2091,1968,17.9882,13.6044
6250,208.333,947,394,2091,1967,18.2424,13.5059
6251,208.367,946,395,2091,1967,18.5954,14.4786
6252,208.400,946,393,2091,1968,18.3033,14.4874
6253,208.433,945,392,2091,1968,16.8129,15.7974
6254,208.467,945,393,2090,1967,18.3554,14.9258
6255,208.500,945,392,2091,1968,16.7899,15.0006
6256,208.533,944,392,2092,1969,16.9184,16.9329
6257,208.567,945,393,2092,1970,16.8429,17.6228
6258,208.600,946,395,2092,1969,17.0753,16.8789
6259,208.633,946,396,2092,1970,16.5642,15.9136
6260,208.667,945,395,2092,1969,15.2808,16.6445
6261,208.700,944,397,2093,1969,15.1888,14.8914
6262,208.733,943,397,2091,1966,14.5640,12.4567
6263,208.767,941,397,2081,1964,11.7475,3.1227
6264,208.800,941,396,2080,1963,10.6529,4.4517
6265,208.833,944,393,2081,1965,14.6411,7.4824
6266,208.867,946,399,2089,1965,13.6120,13.2453
6267,208.900,943,402,2090,1965,13.6833,11.8819
6268,208.933,939,401,2092,1966,12.9162,15.8903
6269,208.967,938,399,2093,1968,16.3387,15.2140
6270,209.000,938,401,2094,1970,12.6142,15.8573
6271,209.033,937,401,2095,1971,12.8445,14.5410
6272,209.067,935,402,2096,1973,14.2434,16.8062
6273,209.100,936,409,2094,1972,13.0625,16.2544
6274,209.133,936,408,2095,1971,12.9063,17.7445
6275,209.167,936,408,2095,1971,13.0314,17.8424
6276,209.200,936,406,2095,1972,10.7504,18.1020
6277,209.233,936,406,2095,1971,11.7955,18.4208
6278,209.267,936,404,2095,1972,11.1820,15.7230
6279,209.300,936,405,2095,1972,11.3214,16.6853
6280,209.333,935,405,2095,1972,10.5949,16.6124
6281,209.367,935,404,2095,1972,9.4910,17.0435
6282,209.400,935,404,2096,1973,11.2238,16.3739
6283,209.433,935,404,2096,1973,11.2983,16.1648
6284,209.467,935,404,2095,1973,11.3207,16.2375
6285,209.500,935,403,2095,1973,10.1975,17.0446
6286,209.533,935,403,2095,1974,11.2187,16.2968
6287,209.567,935,404,2095,1973,10.2868,15.9411
6288,209.600,936,404,2094,1974,9.9448,15.7616
6289,209.633,938,404,2094,1973,9.9338,14.4029
6290,209.667,942,406,2095,1972,10.6300,15.5699
6291,209.700,942,407,2096,1972,10.4638,15.9879
6292,209.733,944,409,2095,1974,11.4127,15.2678
6293,209.767,944,409,2096,1974,10.6291,16.9478
6294,209.800,945,410,2096,1974,10.2864,16.4704
6295,209.833,945,409,2096,1974,10.9348,15.2194
6296,209.867,945,410,2095,1974,9.2616,14.9472
6297,209.900,944,409,2095,1974,9.9172,14.9104
6298,209.933,944,409,2094,1974,8.5643,14.7096
6299,209.967,943,410,2094,1973,9.3496,15.5064
6300,210.000,945,413,2094,1974,10.3968,14.3381
6301,210.033,945,413,2094,1974,10.9399,14.8382
6302,210.067,943,406,2089,1966,9.8814,7.7205
6303,210.100,947,405,2084,1966,8.8075,6.3890
6304,210.133,946,406,2083,1966,8.3651,5.7538
6305,210.167,945,408,2090,1966,12.3838,10.5764
6306,210.200,947,413,2092,1968,13.4686,14.7854
6307,210.233,949,411,2093,1969,14.4542,14.5128
6308,210.267,948,411,2095,1970,12.3177,14.8578
6309,210.300,949,411,2095,1973,14.5855,15.5420
6310,210.333,949,413,2095,1973,12.7263,15.9954
6311,210.367,948,413,2094,1975,14.0972,15.2336
6312,210.400,947,413,2094,1975,15.7426,15.6328
6313,210.433,946,414,2094,1975,15.5807,13.1937
6314,210.467,947,413,2094,1975,16.3288,15.7180
6315,210.500,946,415,2094,1975,14.6877,14.6441
6316,210.533,946,415,2094,1974,15.1473,15.8355
6317,210.567,947,414,2094,1975,16.5218,13.8488
6318,210.600,946,414,2094,1975,16.7341,14.6709
6319,210.633,946,413,2094,1975,16.3986,15.5065
6320,210.667,946,412,2094,1975,18.4600,17.0640
6321,210.700,947,411,2094,1976,17.3470,16.0658
6322,210.733,947,411,2094,1976,17.8639,16.3036
6323,210.767,947,410,2094,1976,16.0969,16.9890
6324,210.800,946,409,2094,1976,15.3988,16.5738
6325,210.833,946,409,2094,1976,14.8597,16.0181
6326,210.867,946,409,2094,1976,14.8132,16.0840
6327,210.900,946,407,2093,1977,16.9983,16.9787
6328,210.933,946,407,2093,1976,17.1425,15.7866
6329,210.967,946,406,2093,1976,15.0379,17.1342
6330,211.000,946,406,2094,1976,14.3434,17.1735
6331,211.033,946,407,2093,1976,13.4068,16.4401
6332,211.067,946,407,2093,1976,13.7339,16.0384
6333,211.100,945,409,2092,1975,12.0331,15.7003
6334,211.133,946,410,2092,1975,13.0221,16.1724
6335,211.167,945,410,2092,1975,12.9083,16.0603
6336,211.200,946,410,2092,1976,14.1008,16.8246
6337,211.233,946,410,2092,1976,13.7437,16.7848
6338,211.267,946,410,2092,1975,12.3249,16.1966
6339,211.300,946,410,2092,1975,12.2889,16.3726
6340,211.333,946,410,2093,1975,12.5681,16.5669
6341,211.367,948,410,2092,1975,13.7384,17.2504
6342,211.400,953,403,2093,1966,13.9201,12.6088
6343,211.433,952,403,2092,1964,14.6969,10.7885
6344,211.467,951,404,2093,1963,13.5490,12.4245
6345,211.500,950,402,2092,1963,13.9440,11.1706
6346,211.533,952,403,2092,1962,14.6224,10.2361
6347,211.567,953,402,2092,1962,14.7267,12.0559
6348,211.600,953,403,2092,1962,14.4774,10.8140
6349,211.633,953,402,2093,1963,15.7529,11.1530
6350,211.667,954,402,2093,1962,16.3249,11.8741
6351,211.700,954,402,2093,1962,17.2326,12.2628
6352,211.733,954,402,2093,1962,18.0552,12.1419
6353,211.767,954,402,2092,1962,18.7834,13.1386
6354,211.800,954,402,2092,1961,18.0466,13.6822
6355,211.833,954,402,2092,1962,18.9760,13.0622
6356,211.867,954,401,2092,1962,18.4122,13.8433
6357,211.900,954,402,2091,1962,19.0419,13.7088
6358,211.933,954,404,2091,1963,18.1941,13.4720
6359,211.967,954,403,2092,1963,19.1133,14.0818
6360,212.000,954,402,2092,1963,20.2500,13.9458
6361,212.033,954,403,2093,1964,17.5901,13.3242
6362,212.067,955,403,2091,1965,15.1006,12.9477
6363,212.100,956,405,2091,1967,16.8953,13.9938
6364,212.133,957,404,2091,1968,14.7880,14.4364
6365,212.167,957,404,2091,1967,14.2761,13.2988
6366,212.200,958,405,2091,1967,15.8161,14.0612
6367,212.233,957,403,2092,1968,13.6782,14.5207
6368,212.267,956,401,2091,1967,14.9374,16.7709
6369,212.300,956,402,2092,1967,14.5331,19.3917
6370,212.333,955,401,2091,1969,16.6122,19.4416
6371,212.367,955,399,2091,1969,17.7575,19.9084
6372,212.400,954,398,2091,1970,18.1367,19.8795
6373,212.433,955,398,2091,1970,18.6542,20.0400
6374,212.467,954,400,2090,1970,17.9442,18.4969
6375,212.500,953,400,2090,1970,18.7052,18.4544
6376,212.533,953,400,2090,1971,18.9779,19.1399
6377,212.567,953,400,2090,1971,18.6987,19.1132
6378,212.600,952,400,2090,1970,19.2607,18.4936
6379,212.633,952,399,2091,1970,18.7566,19.4275
6380,212.667,953,400,2090,1971,18.5489,19.6200
6381,212.700,953,400,2090,1971,18.6382,19.3448
6382,212.733,954,398,2091,1971,16.3004,21.1091
6383,212.767,954,399,2090,1972,7.8435,19.7151
6384,212.800,957,399,2089,1971,6.0103,19.9340
6385,212.833,957,399,2089,1971,5.8154,20.1420
6386,212.867,957,398,2089,1972,6.4073,21.4112
6387,212.900,958,398,2089,1972,5.3430,20.8724
6388,212.933,959,400,2090,1972,5.0956,21.5092
6389,212.967,959,400,2090,1972,5.0801,21.4804
6390,213.000,958,402,2089,1970,3.8352,20.6551
6391,213.033,959,401,2089,1970,5.3512,19.1978
6392,213.067,960,400,2089,1968,3.8110,18.8016
6393,213.100,958,405,2087,1969,4.0957,18.4410
6394,213.133,958,405,2088,1969,4.6672,18.6257
6395,213.167,958,405,2087,1968,5.0338,18.8520
6396,213.200,958,405,2088,1968,4.9727,19.3087
6397,213.233,958,406,2087,1968,6.1453,19.3552
6398,213.267,957,406,2088,1969,6.1407,19.8722
6399,213.300,958,402,2089,1970,6.3651,21.0095
6400,213.333,958,403,2089,1969,6.1764,19.6134
6401,213.367,958,401,2089,1969,10.1989,21.4958
6402,213.400,959,403,2090,1969,17.6506,19.5910
6403,213.433,959,402,2090,1969,16.0670,20.4328
6404,213.467,959,402,2090,1969,15.6972,20.9239
6405,213.500,958,401,2089,1970,17.2411,21.1797
6406,213.533,958,400,2090,1969,17.5084,20.9228
6407,213.567,952,427,2077,1956,14.4962,20.0063
6408,213.600,951,426,2076,1956,15.9273,19.3452
6409,213.633,951,426,2076,1956,15.7810,18.9616
6410,213.667,952,426,2077,1957,16.4289,20.3584
6411,213.700,952,426,2076,1957,17.8716,19.2767
6412,213.733,952,425,2076,1957,17.6061,18.6551
6413,213.767,959,399,2088,1971,9.3155,17.3901
6414,213.800,961,403,2089,1971,5.4255,16.8676
6415,213.833,961,403,2089,1971,4.5888,16.3460
6416,213.867,962,402,2089,1970,6.7098,17.4610
6417,213.900,957,404,2091,1965,4.8776,16.9155
6418,213.933,957,404,2091,1965,5.1551,16.0553
6419,213.967,962,401,2088,1961,2.8982,11.3006
6420,214.000,960,406,2088,1961,-0.9529,10.0370
6421,214.033,959,407,2087,1961,1.3354,11.6999
6422,214.067,957,408,2088,1961,2.2744,11.5085
6423,214.100,959,408,2090,1963,1.6794,14.1491
6424,214.133,959,407,2090,1965,0.3477,15.6235
6425,214.167,959,407,2092,1966,1.2879,13.3509
6426,214.200,957,408,2092,1966,0.2006,12.8343
6427,214.233,958,409,2092,1967,1.8692,12.4930
6428,214.267,957,409,2093,1966,1.2716,12.6151
6429,214.300,957,408,2092,1966,4.8488,12.9012
6430,214.333,955,408,2093,1966,5.9764,14.0409
6431,214.367,956,405,2092,1966,7.6323,18.4120
6432,214.400,957,407,2091,1967,6.9549,18.5673
6433,214.433,955,406,2090,1968,7.9834,19.8486
6434,214.467,955,405,2090,1968,7.4793,19.7441
6435,214.500,955,406,2090,1968,6.2545,19.2438
6436,214.533,954,406,2089,1968,8.4798,20.6594
6437,214.567,953,408,2089,1968,8.1152,17.0784
6438,214.600,952,406,2088,1968,6.9336,18.7219
6439,214.633,952,406,2088,1968,7.9239,19.4353
6440,214.667,954,403,2088,1968,9.0599,20.7687
6441,214.700,953,404,2088,1968,8.3600,18.7944
6442,214.733,954,402,2088,1969,8.8067,19.9637
6443,214.767,954,402,2091,1968,6.4282,19.3888
6444,214.800,954,400,2090,1970,5.6936,18.4120
6445,214.833,954,400,2090,1969,6.4482,19.7073
6446,214.867,952,398,2089,1968,0.8485,15.4496
6447,214.900,953,395,2089,1969,2.6229,15.5753
6448,214.933,953,395,2089,1969,1.9717,15.1394
6449,214.967,953,394,2089,1970,2.4165,14.7523
6450,215.000,954,395,2089,1969,1.3700,15.2853
6451,215.033,953,395,2089,1969,2.2486,14.5308
6452,215.067,953,395,2090,1970,1.3849,13.8566
6453,215.100,950,399,2089,1971,-0.6387,14.0999
6454,215.133,950,398,2090,1970,0.8371,16.0581
6455,215.167,949,397,2091,1970,0.2582,15.5937
6456,215.200,949,397,2090,1970,0.7491,15.9578
6457,215.233,949,398,2091,1970,1.5869,14.9100
6458,215.267,949,398,2091,1971,1.7340,14.9156
6459,215.300,950,398,2092,1971,2.4981,16.4775
6460,215.333,950,398,2092,1971,2.0903,16.2098
6461,215.367,951,398,2091,1971,5.6367,14.9078
6462,215.400,951,398,2092,1970,4.7824,15.6689
6463,215.433,951,399,2091,1970,4.6719,16.6604
6464,215.467,951,399,2092,1970,4.1315,15.4112
6465,215.500,950,399,2092,1970,3.5714,15.9091
6466,215.533,951,399,2093,1970,4.0707,16.0262
6467,215.567,950,401,2093,1970,2.4635,16.3320
6468,215.600,949,402,2094,1970,0.8710,16.9202
6469,215.633,949,401,2093,1970,2.3329,16.5312
6470,215.667,949,402,2093,1970,1.1730,16.2783
6471,215.700,949,403,2093,1970,0.2047,15.2791
6472,215.733,950,403,2093,1970,2.6459,15.9113
6473,215.767,950,402,2093,1970,2.8630,15.6562
6474,215.800,950,401,2094,1971,4.5667,15.6991
6475,215.833,952,401,2094,1972,4.9012,15.7570
6476,215.867,952,400,2095,1972,5.7010,15.2447
6477,215.900,953,400,2095,1972,5.5165,14.6545
6478,215.933,953,399,2095,1972,5.4234,15.3221
6479,215.967,953,398,2094,1970,5.9718,15.4173
6480,216.000,954,397,2094,1970,5.8337,15.0948
6481,216.033,951,395,2097,1971,6.3432,14.0951
6482,216.067,952,396,2097,1970,5.4091,14.2364
6483,216.100,952,400,2097,1968,5.2424,13.9242
6484,216.133,952,401,2097,1969,4.4055,13.0893
6485,216.167,954,400,2097,1969,6.4122,14.1346
6486,216.200,955,399,2096,1969,7.4991,15.0204
6487,216.233,956,400,2096,1970,8.0356,14.0807
6488,216.267,955,397,2097,1970,10.5138,14.3197
6489,216.300,956,397,2097,1971,9.6548,13.6250
6490,216.333,956,397,2096,1971,10.0167,13.6556
6491,216.367,955,395,2097,1971,9.2250,12.8626
6492,216.400,955,395,2097,1972,9.9797,13.5569
6493,216.433,955,395,2097,1972,10.4889,13.5158
6494,216.467,955,395,2097,1972,10.2299,13.4033
6495,216.500,954,395,2097,1972,9.2896,12.7649
6496,216.533,954,395,2097,1972,9.8742,13.1361
6497,216.567,954,395,2097,1972,9.9495,13.1905
6498,216.600,954,395,2097,1972,10.4018,13.3302
6499,216.633,954,396,2097,1973,10.7942,13.4793
6500,216.667,954,397,2096,1972,10.2822,14.5003
6501,216.700,955,397,2096,1972,11.6746,13.2148
6502,216.733,954,398,2096,1973,10.7976,13.6996
6503,216.767,954,396,2095,1973,8.7253,14.5459
6504,216.800,953,397,2096,1973,8.4605,15.6307
6505,216.833,954,397,2096,1973,9.5553,15.0584
6506,216.867,954,398,2096,1973,8.3962,15.6041
6507,216.900,953,398,2096,1973,8.5520,14.9653
6508,216.933,953,399,2097,1973,8.0413,16.5583
6509,216.967,953,399,2097,1973,7.9539,17.2672
6510,217.000,953,398,2098,1974,8.6420,14.4090
6511,217.033,953,395,2098,1974,9.7786,13.9891
6512,217.067,953,395,2098,1974,9.6195,14.0898
6513,217.100,951,395,2099,1975,9.5759,12.9872
6514,217.133,952,395,2099,1975,10.9748,14.7638
6515,217.167,952,395,2099,1975,10.9141,14.8631
6516,217.200,952,395,2099,1975,11.1291,14.8073
6517,217.233,953,395,2099,1975,10.0932,15.2542
6518,217.267,950,396,2100,1975,11.2176,15.7541
6519,217.300,950,396,2100,1975,11.1262,15.6051
6520,217.333,950,397,2100,1976,11.1274,14.0878
6521,217.367,950,397,2100,1976,11.0034,14.0618
6522,217.400,950,397,2101,1974,10.8987,16.5401
6523,217.433,950,397,2101,1974,10.6717,16.6352
6524,217.467,950,397,2101,1974,10.6622,16.6707
6525,217.500,949,398,2101,1972,10.0962,13.4781
6526,217.533,950,397,2101,1972,9.1321,18.6488
6527,217.567,949,399,2099,1972,3.0907,13.8258
6528,217.600,949,399,2099,1972,2.0409,14.0905
6529,217.633,949,399,2099,1972,1.2616,13.8631
6530,217.667,950,399,2099,1971,1.2125,13.8584
6531,217.700,950,399,2099,1971,1.8483,13.5259
6532,217.733,950,399,2099,1971,1.7516,13.2951
6533,217.767,949,400,2099,1971,0.7908,14.3139
6534,217.800,950,399,2099,1972,0.9655,14.7912
6535,217.833,950,399,2099,1972,0.3681,14.8736
6536,217.867,950,399,2099,1972,0.5444,14.8374
6537,217.900,950,399,2099,1971,0.2574,13.1262
6538,217.933,950,402,2099,1972,-1.0103,14.2465
6539,217.967,950,402,2099,1972,-0.6099,14.7602
6540,218.000,950,401,2098,1972,2.8739,14.9186
6541,218.033,950,402,2098,1973,3.3683,14.3932
6542,218.067,949,400,2101,1974,9.6873,15.0971
6543,218.100,950,400,2097,1972,9.8118,15.6751
6544,218.133,949,400,2097,1971,10.0085,16.4046
6545,218.167,948,401,2097,1971,8.5336,17.4234
6546,218.200,948,400,2097,1971,8.6945,15.9559
6547,218.233,945,400,2096,1967,10.2271,11.9375
6548,218.267,949,394,2092,1963,7.8960,15.3452
6549,218.300,949,396,2091,1961,10.5573,17.7092
6550,218.333,945,398,2093,1964,5.0028,16.0305
6551,218.367,946,401,2094,1969,4.9665,15.6066
6552,218.400,947,401,2095,1970,5.7540,16.3459
6553,218.433,948,402,2095,1970,4.8247,16.4682
6554,218.467,947,402,2095,1970,3.4342,17.2169
6555,218.500,947,401,2096,1970,4.3893,16.4690
6556,218.533,947,400,2096,1971,4.1147,16.7590
6557,218.567,948,399,2096,1970,3.3335,17.5362
6558,218.600,949,399,2096,1970,3.6011,18.1195
6559,218.633,949,399,2096,1970,4.1027,17.2920
6560,218.667,950,399,2095,1970,-0.5368,14.9345
6561,218.700,950,399,2095,1970,-0.0670,14.6800
6562,218.733,951,400,2095,1970,-0.4501,15.1703
6563,218.767,951,401,2095,1970,-2.1736,15.0000
6564,218.800,950,403,2095,1970,-0.9822,15.5272
6565,218.833,950,403,2095,1970,-0.6129,15.2887
6566,218.867,950,403,2096,1970,-0.4460,15.1353
6567,218.900,950,403,2095,1971,-1.4689,15.1763
6568,218.933,951,403,2095,1971,-0.4877,14.9303
6569,218.967,951,402,2095,1971,-1.0008,15.1207
6570,219.000,951,403,2096,1970,-1.3715,15.4391
6571,219.033,950,402,2096,1970,-0.7025,14.9967
6572,219.067,951,401,2095,1970,-0.0050,14.1599
6573,219.100,953,402,2094,1970,4.6192,11.8093
6574,219.133,954,401,2094,1971,4.3282,13.7842
6575,219.167,954,401,2094,1971,5.1528,13.4305
6576,219.200,954,401,2094,1971,5.9290,14.0550
6577,219.233,954,401,2094,1972,5.2227,13.2238
6578,219.267,953,406,2095,1970,5.8790,11.2727
6579,219.300,953,403,2095,1970,5.8573,11.2150
6580,219.333,956,391,2086,1962,6.6409,6.7208
6581,219.367,953,394,2090,1960,3.9921,10.4425
6582,219.400,955,391,2090,1961,4.2130,11.5009
6583,219.433,954,397,2094,1964,7.6385,14.1053
6584,219.467,958,401,2095,1966,7.8295,15.6380
6585,219.500,958,401,2096,1967,9.5109,16.8509
6586,219.533,956,398,2097,1969,9.3627,18.6456
6587,219.567,954,398,2096,1969,10.8590,17.2592
6588,219.600,953,399,2096,1969,13.4447,16.9770
6589,219.633,953,398,2098,1973,12.9077,16.1813
6590,219.667,953,397,2097,1972,12.5935,16.1520
6591,219.700,953,396,2097,1973,12.4751,16.1072
6592,219.733,952,398,2097,1973,14.0290,16.3752
6593,219.767,952,397,2097,1973,13.0122,14.8240
6594,219.800,952,396,2096,1973,11.5837,15.9020
6595,219.833,951,396,2097,1973,12.8686,14.3380
6596,219.867,950,399,2096,1973,12.8554,16.2997
6597,219.900,948,402,2095,1973,10.6045,17.4322
6598,219.933,948,402,2096,1973,9.8878,18.0818
6599,219.967,947,402,2096,1973,10.3096,15.0856
6600,220.000,946,403,2096,1974,8.3002,14.7709
6601,220.033,946,403,2096,1973,7.3513,14.7525
6602,220.067,947,400,2096,1973,9.2495,15.2692
6603,220.100,947,401,2096,1973,9.0202,13.9713
6604,220.133,946,404,2096,1972,7.8274,16.5978
6605,220.167,941,404,2096,1973,6.1583,16.6637
6606,220.200,940,404,2097,1971,5.6229,15.8779
6607,220.233,943,405,2095,1969,6.4823,15.2217
6608,220.267,945,406,2093,1969,7.9224,15.8795
6609,220.300,946,407,2093,1970,7.6951,14.6765
6610,220.333,947,404,2094,1970,6.9438,16.5468
6611,220.367,947,404,2092,1970,3.2016,14.5410
6612,220.400,947,401,2092,1970,1.0405,15.4981
6613,220.433,948,399,2091,1969,2.3940,14.1017
6614,220.467,949,399,2091,1970,3.5183,14.2285
6615,220.500,949,396,2091,1970,1.7004,14.4301
6616,220.533,949,396,2091,1970,0.4162,14.7300
6617,220.567,950,394,2091,1969,1.0947,13.4388
6618,220.600,949,393,2090,1969,2.2213,13.5521
6619,220.633,950,392,2090,1970,3.6852,13.1152
6620,220.667,949,395,2089,1970,3.3617,14.2910
6621,220.700,949,393,2090,1971,3.5674,13.6693
6622,220.733,949,394,2089,1971,4.1786,14.1245
6623,220.767,949,395,2089,1970,3.7443,14.2290
6624,220.800,949,395,2090,1971,4.0234,14.8650
6625,220.833,948,394,2090,1971,3.4109,14.5108
6626,220.867,949,395,2089,1971,2.9933,14.5252
6627,220.900,949,393,2089,1970,3.2765,14.9906
6628,220.933,950,393,2088,1970,3.7301,13.1935
6629,220.967,950,392,2089,1970,5.0132,15.0191
6630,221.000,948,393,2089,1972,5.5126,15.6141
6631,221.033,946,397,2090,1973,3.5921,14.3115
6632,221.067,947,393,2091,1974,7.4388,15.2874
6633,221.100,945,395,2091,1975,5.7378,13.9721
6634,221.133,946,397,2089,1974,4.9722,13.7925
6635,221.167,946,397,2090,1975,6.0257,13.8411
6636,221.200,945,398,2089,1975,8.1265,15.3634
6637,221.233,945,396,2089,1974,6.4680,13.7163
6638,221.267,945,396,2089,1974,6.5107,13.6765
6639,221.300,946,395,2089,1973,5.8104,14.4188
6640,221.333,946,394,2090,1974,6.0227,13.7920
6641,221.367,946,394,2091,1973,5.4900,14.0789
6642,221.400,946,394,2091,1973,5.5053,14.3641
6643,221.433,946,394,2091,1973,5.6397,14.2657
6644,221.467,946,395,2091,1973,6.4866,14.3288
6645,221.500,946,396,2091,1973,6.8613,14.4338
6646,221.533,946,396,2090,1974,7.4499,13.6009
6647,221.567,946,395,2090,1973,6.8737,14.1435
6648,221.600,946,396,2089,1973,7.1253,13.0952
6649,221.633,945,398,2088,1972,5.4125,14.0506
6650,221.667,945,398,2088,1973,4.9586,13.7705
6651,221.700,945,398,2089,1973,5.9659,14.7487
6652,221.733,945,398,2090,1974,4.9896,14.2860
6653,221.767,945,395,2090,1974,3.7487,13.1143
6654,221.800,944,396,2090,1974,5.9171,13.8994
6655,221.833,945,396,2091,1974,4.0928,14.2459
6656,221.867,945,394,2090,1974,5.5071,12.5679
6657,221.900,944,395,2090,1974,5.6112,12.6560
6658,221.933,944,391,2091,1973,11.4879,13.6269
6659,221.967,945,391,2091,1974,11.3367,11.7744
6660,222.000,945,391,2092,1974,10.5358,11.9751
6661,222.033,945,390,2092,1973,11.3580,12.2731
6662,222.067,949,394,2090,1972,13.1176,6.1625
6663,222.100,948,393,2090,1973,12.7718,8.1945
6664,222.133,950,373,2081,1969,9.9920,6.1790
6665,222.167,950,380,2082,1968,10.5511,10.2259
6666,222.200,949,380,2082,1969,7.9852,10.7837
6667,222.233,952,392,2085,1968,10.2469,12.3678
6668,222.267,950,396,2086,1969,9.6731,14.3061
6669,222.300,950,396,2087,1970,8.5250,13.3559
6670,222.333,949,397,2087,1971,11.1340,14.0560
6671,222.367,947,399,2088,1972,9.0507,14.9081
6672,222.400,947,399,2088,1972,8.4548,15.5383
6673,222.433,947,398,2088,1973,10.9740,14.1404
6674,222.467,948,398,2088,1972,11.8754,14.8176
6675,222.500,948,398,2087,1972,9.9555,15.4275
6676,222.533,948,399,2088,1972,10.4402,14.1376
6677,222.567,948,398,2088,1973,9.6420,14.5592
6678,222.600,948,399,2089,1973,8.6403,14.8980
6679,222.633,947,396,2090,1973,6.9078,13.9308
6680,222.667,947,397,2091,1973,8.0874,14.0615
6681,222.700,947,398,2091,1973,8.4225,13.7185
6682,222.733,947,398,2091,1973,8.0092,14.4755
6683,222.767,947,400,2092,1973,6.4884,15.4183
6684,222.800,948,398,2091,1973,6.3722,14.1051
6685,222.833,948,399,2092,1973,6.6411,14.4799
6686,222.867,949,398,2092,1972,2.5111,14.4425
6687,222.900,950,398,2091,1972,3.1962,13.4078
6688,222.933,951,397,2091,1972,2.7435,13.3489
6689,222.967,951,397,2091,1971,2.5946,12.7091
6690,223.000,950,395,2092,1972,3.6736,12.0904
6691,223.033,950,395,2092,1972,3.1420,13.1138
6692,223.067,950,394,2092,1972,3.3753,13.9858
6693,223.100,953,395,2092,1969,4.6117,12.7658
6694,223.133,953,394,2093,1969,4.8527,12.9955
6695,223.167,953,394,2094,1969,4.4072,14.1016
6696,223.200,952,397,2093,1969,5.7565,13.6067
6697,223.233,951,393,2094,1969,4.9361,12.1907
6698,223.267,950,394,2094,1968,9.2487,13.7792
6699,223.300,951,392,2094,1968,8.1154,16.0959
6700,223.333,950,393,2095,1968,7.8890,15.7682
6701,223.367,951,391,2095,1967,8.9143,15.2290
6702,223.400,951,391,2096,1967,9.4408,16.9389
6703,223.433,951,392,2096,1967,8.2822,16.7270
6704,223.467,950,393,2096,1967,9.8602,16.2653
6705,223.500,951,391,2097,1966,9.0020,17.5373
6706,223.533,949,392,2097,1966,8.4392,15.8484
6707,223.567,948,391,2096,1966,9.5254,14.8100
6708,223.600,948,392,2097,1966,10.1163,14.8637
6709,223.633,947,393,2096,1966,9.8009,15.6266
6710,223.667,948,393,2097,1966,10.0264,15.4816
6711,223.700,948,393,2097,1966,9.9831,15.6360
6712,223.733,948,393,2097,1966,9.7370,15.7308
6713,223.767,948,394,2097,1966,9.7329,16.8558
6714,223.800,948,395,2097,1967,10.5879,16.2736
6715,223.833,948,395,2096,1967,9.0353,17.3507
6716,223.867,949,395,2097,1966,10.9565,17.4785
6717,223.900,949,395,2096,1967,8.1662,16.5598
6718,223.933,950,397,2097,1967,8.8971,16.4011
6719,223.967,950,398,2097,1967,8.7895,16.7307
6720,224.000,948,402,2096,1967,0.5853,15.2965
6721,224.033,948,403,2096,1967,-0.2236,14.8091
6722,224.067,948,403,2096,1967,-0.1318,15.5117
6723,224.100,948,405,2095,1968,1.7183,17.3367
6724,224.133,947,405,2096,1968,-0.3526,17.8488
6725,224.167,947,406,2097,1968,-1.3719,18.1913
6726,224.200,948,405,2096,1969,1.3487,18.0267
6727,224.233,948,405,2096,1969,1.8538,18.0334
6728,224.267,948,403,2097,1968,11.0790,16.1763
6729,224.300,948,403,2097,1967,11.2522,15.9184
6730,224.333,947,404,2097,1967,9.8542,17.9166
6731,224.367,946,405,2097,1968,8.8745,17.0335
6732,224.400,945,406,2097,1968,11.3307,17.7000
6733,224.433,944,406,2097,1968,8.3399,16.8703
6734,224.467,944,405,2097,1968,12.2764,17.9061
6735,224.500,944,407,2097,1969,8.4167,15.1015
6736,224.533,944,407,2096,1970,9.8774,15.6893
6737,224.567,945,408,2096,1971,4.5601,16.5804
6738,224.600,944,407,2096,1971,4.7797,16.6156
6739,224.633,944,406,2096,1971,4.7335,15.5573
6740,224.667,943,405,2097,1971,4.6650,16.3861
6741,224.700,943,406,2097,1971,4.2508,15.9978
6742,224.733,944,406,2097,1971,3.5905,16.3133
6743,224.767,944,404,2097,1971,2.3938,15.9813
6744,224.800,944,404,2096,1971,3.6620,15.5666
6745,224.833,944,404,2097,1971,3.1695,15.1540
6746,224.867,944,403,2097,1971,3.4785,16.3562
6747,224.900,944,403,2097,1971,3.5580,16.1967
6748,224.933,943,403,2097,1970,3.6613,15.5972
6749,224.967,943,403,2096,1970,5.5033,14.4883
6750,225.000,942,403,2096,1970,4.4069,14.7011
6751,225.033,942,403,2097,1970,4.8127,14.9187
6752,225.067,943,403,2097,1970,2.5206,15.4054
6753,225.100,944,410,2100,1968,3.3639,16.8681
6754,225.133,944,411,2101,1968,2.3286,14.8811
6755,225.167,944,413,2100,1968,1.5519,15.7576
6756,225.200,943,413,2100,1968,2.3079,16.2320
6757,225.233,945,414,2102,1966,3.7600,10.6303
6758,225.267,946,395,2090,1961,8.3232,10.4507
6759,225.300,945,395,2091,1959,5.9412,8.8933
6760,225.333,947,401,2098,1961,-1.5128,12.2244
6761,225.367,947,408,2101,1962,4.0522,16.9254
6762,225.400,947,407,2100,1962,5.1257,15.1772
6763,225.433,947,405,2099,1963,3.2193,14.7258
6764,225.467,947,406,2100,1964,2.6673,15.2714
6765,225.500,948,406,2100,1965,2.4041,14.6790
6766,225.533,947,404,2101,1965,4.0240,15.6917
6767,225.567,946,404,2101,1967,4.5708,16.1757
6768,225.600,947,403,2101,1967,4.7794,15.0451
6769,225.633,948,402,2101,1967,3.5596,13.6222
6770,225.667,947,402,2102,1970,3.9724,13.8967
6771,225.700,948,402,2101,1972,5.6630,14.7050
6772,225.733,948,404,2101,1972,2.6754,15.0544
6773,225.767,947,407,2102,1976,3.2917,16.2047
6774,225.800,947,405,2102,1978,5.7180,14.6841
6775,225.833,945,401,2104,1981,8.7065,14.0638
6776,225.867,948,397,2103,1978,13.8128,16.0818
6777,225.900,948,389,2104,1974,13.8165,17.0042
6778,225.933,950,411,2090,1957,12.2352,19.6340
6779,225.967,951,414,2091,1958,11.6687,17.7444
6780,226.000,953,415,2089,1960,9.0717,16.8143
6781,226.033,953,413,2090,1960,11.3504,16.6416
6782,226.067,954,412,2091,1963,13.7973,16.2436
6783,226.100,959,395,2103,1980,11.6961,14.1315
6784,226.133,958,395,2102,1981,11.1078,15.8590
6785,226.167,955,415,2089,1969,10.6688,16.8573
6786,226.200,955,417,2088,1971,10.0776,16.7953
6787,226.233,962,401,2101,1983,14.3828,11.8358
6788,226.267,959,403,2102,1984,16.8409,13.4906
6789,226.300,958,395,2103,1984,14.9826,12.6509
6790,226.333,954,396,2103,1984,16.7900,14.7761
6791,226.367,953,397,2102,1985,18.0889,13.2442
6792,226.400,952,400,2103,1984,18.5242,14.5839
6793,226.433,952,398,2103,1983,17.0606,15.7457
6794,226.467,953,398,2102,1983,17.3407,14.2439
6795,226.500,952,397,2102,1983,18.2065,12.6219
6796,226.533,953,395,2101,1983,18.0307,12.0066
6797,226.567,953,396,2101,1984,17.6551,13.3883
6798,226.600,953,395,2101,1984,18.0379,12.4156
6799,226.633,953,400,2101,1984,18.0135,13.9482
6800,226.667,953,402,2101,1984,17.9468,12.9969
6801,226.700,953,402,2103,1982,15.4800,13.6351
6802,226.733,953,402,2104,1980,14.9483,13.6392
6803,226.767,959,403,2104,1978,10.5626,14.3996
6804,226.800,959,405,2104,1983,6.5070,12.8751
6805,226.833,958,404,2104,1982,7.6162,13.7871
6806,226.867,957,406,2105,1982,7.5560,14.3786
6807,226.900,956,398,2100,1974,6.6619,14.1032
6808,226.933,954,398,2100,1974,5.3857,11.3656
6809,226.967,954,396,2100,1970,6.5365,12.1509
6810,227.000,950,408,2104,1977,4.3120,13.7744
6811,227.033,948,407,2106,1981,5.1072,15.7427
6812,227.067,950,406,2105,1985,6.7233,12.2050
6813,227.100,950,408,2104,1985,7.0267,16.3126
6814,227.133,953,407,2102,1982,8.5867,12.7539
6815,227.167,953,406,2101,1983,10.1536,12.5764
6816,227.200,954,408,2101,1980,8.8889,13.7218
6817,227.233,954,405,2100,1978,10.3808,13.2030
6818,227.267,953,401,2100,1976,9.8765,14.4200
6819,227.300,951,401,2101,1977,7.6435,13.9801
6820,227.333,950,401,2100,1978,7.7987,14.3540
6821,227.367,944,405,2104,1973,3.5079,15.8186
6822,227.400,947,405,2105,1972,3.8128,17.8923
6823,227.433,945,403,2105,1975,3.2237,19.2512
6824,227.467,942,403,2104,1978,3.5840,16.5808
6825,227.500,938,404,2105,1979,4.8849,15.3542
6826,227.533,940,406,2105,1981,4.8159,17.1278
6827,227.567,938,403,2106,1986,5.6077,17.8922
6828,227.600,933,400,2101,1986,8.9039,16.3934
6829,227.633,932,398,2101,1985,9.6364,16.4523
6830,227.667,931,398,2102,1987,8.4925,17.5472
6831,227.700,931,397,2102,1990,8.8607,17.2808
6832,227.733,930,398,2102,1990,8.9129,18.1433
6833,227.767,931,399,2101,1990,7.3953,18.0016
6834,227.800,932,400,2102,1989,8.1157,18.6717
6835,227.833,930,400,2102,1990,8.5139,19.3046
6836,227.867,931,399,2102,1989,6.6340,18.5408
6837,227.900,934,400,2098,1988,8.9168,18.3191
6838,227.933,934,400,2099,1990,6.6317,18.0659
6839,227.967,935,406,2097,1996,2.4782,20.7228
6840,228.000,931,407,2098,2003,4.7071,18.3653
6841,228.033,929,408,2098,2003,2.5288,16.2426
6842,228.067,927,408,2099,2002,2.3451,15.3424
6843,228.100,927,408,2098,2000,1.1030,15.1360
6844,228.133,928,404,2098,1995,0.9006,15.3880
6845,228.167,923,406,2095,1982,0.9306,18.3424
6846,228.200,923,403,2094,1983,1.6020,18.5322
6847,228.233,919,398,2092,1987,3.1612,16.6528
6848,228.267,914,409,2091,1995,0.0229,16.7494
6849,228.300,915,406,2091,1997,0.5510,16.0046
6850,228.333,917,406,2092,2004,0.6389,15.8526
6851,228.367,918,406,2092,2004,-0.6649,15.9925
6852,228.400,917,405,2094,2007,-1.7210,14.6117
6853,228.433,914,402,2096,1999,2.0143,14.1204
6854,228.467,912,402,2097,1998,1.2344,15.1564
6855,228.500,912,402,2098,2000,1.6896,15.8248
6856,228.533,912,402,2097,2000,2.4271,16.0167
6857,228.567,909,403,2096,2002,0.0323,16.2773
6858,228.600,908,401,2097,2001,1.2625,17.6213
6859,228.633,911,402,2095,1999,4.6418,15.1667
6860,228.667,910,404,2094,2000,4.1404,13.7658
6861,228.700,912,403,2094,1997,4.3643,15.9411
6862,228.733,913,401,2093,2002,3.5585,15.4157
6863,228.767,917,395,2095,1997,4.0602,15.4451
6864,228.800,919,398,2095,1992,7.2535,16.3909
6865,228.833,921,393,2094,1991,7.7505,16.2161
6866,228.867,921,400,2094,1992,5.5553,18.1545
6867,228.900,920,400,2094,1992,6.5121,18.4314
6868,228.933,919,401,2093,1990,6.8010,18.8857
6869,228.967,918,400,2092,1989,5.8432,18.3008
6870,229.000,918,401,2094,1989,5.6358,18.1987
6871,229.033,915,405,2091,1986,2.7527,18.3307
6872,229.067,912,406,2092,1985,1.5319,19.0916
6873,229.100,914,407,2092,1983,4.5333,15.3443
6874,229.133,915,405,2091,1983,2.5687,18.4499
6875,229.167,918,404,2088,1987,4.3548,19.3580
6876,229.200,913,405,2089,1987,4.7148,20.8156
6877,229.233,915,405,2090,1991,4.8751,20.0225
6878,229.267,916,403,2093,1990,2.8217,21.4107
6879,229.300,915,401,2094,1998,3.2405,23.4052
6880,229.333,910,402,2097,2001,4.0602,20.4538
6881,229.367,903,403,2097,2012,1.9764,19.3822
6882,229.400,889,402,2097,2019,1.6355,21.0923
6883,229.433,887,408,2097,2024,0.5894,22.8169
6884,229.467,884,416,2092,2021,1.3027,23.2444
6885,229.500,883,414,2092,2022,0.2005,22.9276
6886,229.533,884,413,2090,2024,1.9147,23.5643
6887,229.567,888,411,2089,2017,5.5287,23.3861
6888,229.600,886,407,2086,2013,3.3041,24.9638
6889,229.633,886,406,2084,2011,3.4236,25.9485
6890,229.667,886,406,2082,2006,3.8942,25.5326
6891,229.700,890,410,2081,2005,4.5354,22.7990
6892,229.733,892,410,2079,2003,4.0334,24.8427
6893,229.767,891,410,2079,2002,3.7209,27.7583
6894,229.800,890,408,2076,2000,2.5443,24.8709
6895,229.833,890,409,2077,2003,4.6346,25.7218
6896,229.867,890,411,2075,2001,3.4156,27.6879
6897,229.900,893,411,2077,2000,2.1770,26.6474
6898,229.933,893,412,2076,2002,3.5200,28.5824
6899,229.967,899,415,2075,1998,1.0000,23.4395
6900,230.000,900,413,2071,1999,0.4288,25.3780
6901,230.033,900,411,2070,1999,1.4127,25.8082
6902,230.067,903,412,2069,1992,1.5531,22.0547
6903,230.100,907,417,2073,1996,-0.5131,22.8761
6904,230.133,910,419,2071,1996,-0.8426,21.7161
6905,230.167,911,419,2073,1998,1.6991,24.3952
6906,230.200,907,420,2076,2005,2.2743,21.9511
6907,230.233,907,417,2075,2006,1.4104,24.1606
6908,230.267,907,419,2075,2008,1.4760,24.0577
6909,230.300,908,420,2076,2008,-0.5232,24.6169
6910,230.333,910,420,2076,2009,3.1923,23.0489
6911,230.367,910,421,2075,2009,5.6948,22.3126
6912,230.400,907,424,2078,2011,1.4153,19.5363
6913,230.433,910,430,2077,2009,0.9434,21.1152
6914,230.467,909,432,2079,2010,5.2068,20.0225
6915,230.500,913,427,2081,2010,6.5023,21.8724
6916,230.533,914,425,2082,2005,7.6491,23.9996
6917,230.567,917,422,2084,2004,5.9664,25.5143
6918,230.600,920,421,2087,2003,7.7916,23.4563
6919,230.633,920,423,2087,2003,7.4426,22.4103
6920,230.667,920,423,2087,2003,7.3366,21.6442
6921,230.700,920,424,2087,2003,7.5907,23.9410
6922,230.733,919,425,2088,2005,5.7375,24.6499
6923,230.767,918,423,2088,2005,8.2554,23.2327
6924,230.800,919,420,2087,2007,6.1293,23.4281
6925,230.833,920,421,2088,2008,6.8534,21.5093
6926,230.867,919,416,2088,2007,6.9881,22.7597
6927,230.900,924,419,2088,2006,11.4073,23.8253
6928,230.933,925,421,2087,2008,9.5430,23.5550
6929,230.967,933,424,2078,2004,9.5083,5.2621
6930,231.000,935,428,2075,2003,6.1834,9.0991
6931,231.033,935,429,2075,2004,6.4410,12.1184
6932,231.067,930,423,2081,2009,8.6829,19.3152
6933,231.100,926,423,2091,2016,5.9472,23.6767
6934,231.133,926,422,2093,2015,5.9609,23.6272
6935,231.167,931,421,2097,2016,9.0199,25.3382
6936,231.200,933,419,2100,2016,6.5113,26.3484
6937,231.233,935,413,2099,2016,10.3803,22.5643
6938,231.267,933,409,2098,2017,7.9339,24.7489
6939,231.300,939,416,2096,2015,5.3932,22.3270
6940,231.333,940,415,2097,2013,3.5748,21.4911
6941,231.367,942,414,2097,2012,3.0327,21.3855
6942,231.400,943,413,2098,2008,0.0093,20.4207
6943,231.433,943,410,2100,2008,-1.0278,21.4567
6944,231.467,942,411,2098,2009,-0.3391,23.3894
6945,231.500,940,410,2098,2009,1.4405,22.2596
6946,231.533,941,409,2097,2009,1.4389,22.0842
6947,231.567,944,408,2095,2005,0.9454,24.6416
6948,231.600,944,408,2094,2004,2.0338,23.4376
6949,231.633,944,410,2093,2005,2.7673,22.4914
6950,231.667,943,413,2092,2005,0.2148,21.3343
6951,231.700,943,412,2093,2005,1.6537,21.0220
6952,231.733,942,412,2093,2006,0.9108,20.4370
6953,231.767,941,412,2093,2006,2.5388,22.3611
6954,231.800,939,412,2094,2005,2.2670,20.8040
6955,231.833,940,410,2093,2006,1.9770,20.8335
6956,231.867,939,410,2093,2005,2.9943,20.8567
6957,231.900,940,410,2093,2006,1.6237,19.7009
6958,231.933,940,410,2093,2005,1.9594,19.9893
6959,231.967,952,441,2084,1996,2.6792,15.1196
6960,232.000,951,442,2084,1996,0.5312,15.3121
6961,232.033,958,445,2080,1997,9.8434,6.9199
6962,232.067,957,451,2082,1996,4.0912,14.0403
6963,232.100,956,446,2084,1995,6.1416,13.9551
6964,232.133,950,416,2090,2003,8.2758,16.7002
6965,232.167,947,418,2093,2003,9.3668,18.7885
6966,232.200,945,416,2093,2005,6.8327,18.8553
6967,232.233,944,413,2093,2005,7.0260,18.0843
6968,232.267,950,428,2083,2002,8.8270,21.2235
6969,232.300,950,425,2083,2002,7.9416,21.8714
6970,232.333,951,425,2083,2002,7.3830,22.9918
6971,232.367,952,424,2083,2002,6.9342,21.5791
6972,232.400,950,420,2083,2003,6.4267,22.4218
6973,232.433,951,418,2083,2003,7.6139,19.6417
6974,232.467,950,421,2085,2003,9.7898,22.0854
6975,232.500,949,418,2088,2004,7.8610,20.4084
6976,232.533,950,417,2088,2007,9.2068,18.5276
6977,232.567,949,417,2089,2007,9.4910,19.8305
6978,232.600,950,421,2085,2007,12.1762,20.9363
6979,232.633,952,418,2091,2008,10.0357,21.7868
6980,232.667,948,415,2089,2006,11.4949,18.9615
6981,232.700,938,431,2096,2000,10.2992,24.3082
6982,232.733,939,398,2089,2006,14.8119,25.0252
6983,232.767,937,397,2091,2006,13.3131,24.2949
6984,232.800,937,410,2088,2006,16.8909,24.1486
6985,232.833,933,409,2084,2009,16.8472,23.6766
6986,232.867,930,404,2082,2007,16.9127,22.6003
6987,232.900,928,406,2079,2002,15.6232,24.3561
6988,232.933,927,410,2076,1994,12.2094,20.5589
6989,232.967,928,412,2074,1990,15.5016,23.3973
6990,233.000,921,411,2076,1987,10.9924,19.5275
6991,233.033,922,415,2076,1988,14.6350,17.0752
6992,233.067,923,413,2076,1989,8.5255,18.7446
6993,233.100,926,411,2077,1988,5.2505,19.1288
6994,233.133,928,411,2079,1988,4.4575,19.0923
6995,233.167,934,410,2084,1987,5.3332,20.8342
6996,233.200,937,410,2085,1987,6.2525,19.6220
6997,233.233,938,410,2085,1988,5.4864,21.3416
6998,233.267,939,407,2085,1988,5.5858,19.6465
6999,233.300,939,407,2084,1988,5.2077,18.7506
7000,233.333,937,406,2083,1989,3.7583,20.5345
7001,233.367,938,406,2083,1991,2.9597,18.4103
7002,233.400,938,405,2083,1990,1.1405,17.8923
7003,233.433,938,405,2082,1990,1.4583,17.3780
7004,233.467,937,405,2082,1991,0.8599,17.6577
7005,233.500,937,406,2081,1992,3.9918,17.8640
7006,233.533,938,406,2083,1991,3.8258,18.8306
7007,233.567,940,405,2084,1992,5.1838,17.3393
7008,233.600,940,409,2082,1989,5.5554,18.1903
7009,233.633,939,405,2082,1990,4.8595,19.0779
7010,233.667,942,403,2082,1990,6.5488,20.4123
7011,233.700,942,403,2082,1989,5.6259,20.3071
7012,233.733,945,401,2082,1989,3.5067,21.0215
7013,233.767,946,402,2082,1988,4.0614,20.7704
7014,233.800,946,401,2083,1989,4.7188,20.4784
7015,233.833,945,404,2083,1991,4.6850,19.8147
7016,233.867,944,404,2084,1994,3.9227,19.2732
7017,233.900,943,404,2084,1992,2.5523,19.9940
7018,233.933,943,404,2084,1992,2.5631,19.7200
7019,233.967,945,404,2081,1992,4.0695,19.5521
7020,234.000,944,404,2081,1993,1.9112,17.1830
7021,234.033,945,403,2081,1994,1.7279,17.8329
7022,234.067,947,400,2082,1994,2.4019,18.2086
7023,234.100,947,431,2065,1978,5.1059,21.4820
7024,234.133,950,432,2066,1979,4.0520,20.5066
7025,234.167,952,432,2067,1973,5.4986,21.7529
7026,234.200,953,407,2079,1984,4.0303,17.7608
7027,234.233,952,406,2079,1983,3.0325,19.3590
7028,234.267,951,402,2081,1981,5.5727,20.1352
7029,234.300,950,405,2080,1981,2.6447,20.7959
7030,234.333,948,405,2081,1981,2.9428,21.1111
7031,234.367,947,403,2082,1982,2.7191,20.2788
7032,234.400,946,404,2084,1984,4.4820,19.3692
7033,234.433,946,404,2083,1984,4.8532,21.0477
7034,234.467,946,403,2084,1983,4.0847,21.4985
7035,234.500,946,403,2083,1983,3.2620,20.7446
7036,234.533,946,403,2084,1983,2.2069,20.8194
7037,234.567,946,402,2084,1985,2.2873,20.4669
7038,234.600,947,400,2083,1984,2.9346,19.4177
7039,234.633,948,401,2084,1985,0.7065,18.4277
7040,234.667,948,402,2085,1984,2.4996,18.7218
7041,234.700,949,402,2085,1986,1.6970,19.2409
7042,234.733,949,403,2084,1986,0.4582,19.2019
7043,234.767,950,405,2085,1987,1.0389,19.3779
7044,234.800,952,405,2085,1989,-0.2493,19.4229
7045,234.833,952,405,2085,1989,0.0502,18.9873
7046,234.867,952,405,2084,1989,-1.4322,19.1638
7047,234.900,953,405,2084,1988,-0.7960,19.8875
7048,234.933,954,403,2083,1988,0.6123,17.7233
7049,234.967,952,403,2084,1988,-0.1819,20.4562
7050,235.000,953,403,2083,1987,-0.4806,19.9548
7051,235.033,953,405,2084,1988,-1.4020,19.5210
7052,235.067,952,406,2085,1989,-0.0763,16.3472
7053,235.100,951,410,2084,1989,-2.8234,16.3274
7054,235.133,951,410,2084,1988,-1.4162,16.0445
7055,235.167,950,411,2084,1989,-1.0618,16.7994
7056,235.200,950,410,2084,1988,-1.7138,16.8409
7057,235.233,950,408,2083,1988,4.3542,17.5237
7058,235.267,950,407,2085,1988,6.1781,17.5696
7059,235.300,949,406,2084,1989,5.1835,17.5407
7060,235.333,950,406,2085,1988,3.8431,16.5930
7061,235.367,949,407,2085,1989,7.2993,18.1732
7062,235.400,946,410,2087,1991,7.9342,18.7813
7063,235.433,946,408,2087,1991,7.1792,18.4838
7064,235.467,943,409,2087,1993,7.6698,18.3681
7065,235.500,943,407,2086,1992,7.8274,18.8542
7066,235.533,941,405,2086,1993,9.5196,19.1591
7067,235.567,941,405,2086,1992,9.5052,20.5918
7068,235.600,941,405,2085,1992,7.9113,19.5625
7069,235.633,941,404,2084,1993,7.3618,17.8237
7070,235.667,944,407,2086,1990,11.4828,13.4868
7071,235.700,944,407,2086,1990,12.6800,14.3097
7072,235.733,949,400,2079,1986,9.9702,10.1154
7073,235.767,944,400,2082,1987,8.5078,14.0468
7074,235.800,944,397,2082,1987,7.9672,13.2196
7075,235.833,944,405,2087,1988,5.8593,18.6561
7076,235.867,941,402,2086,1991,7.1741,19.1862
7077,235.900,940,405,2086,1992,7.6937,20.7124
7078,235.933,938,404,2087,1991,7.8771,20.2795
7079,235.967,937,403,2087,1992,8.0120,22.1427
7080,236.000,936,403,2086,1993,8.9933,19.9637
7081,236.033,936,403,2087,1992,7.8051,19.3468
7082,236.067,939,403,2087,1992,7.3804,19.1638
7083,236.100,941,402,2088,1993,7.4955,17.2684
7084,236.133,942,401,2088,1992,7.5523,17.6449
7085,236.167,942,401,2088,1993,7.1085,16.8492
7086,236.200,942,402,2087,1993,7.0587,17.4137
7087,236.233,943,402,2088,1993,6.8286,17.6589
7088,236.267,943,402,2088,1993,6.3387,17.5768
7089,236.300,944,402,2088,1993,9.6679,17.9285
7090,236.333,943,402,2088,1993,7.5070,16.4832
7091,236.367,943,402,2088,1993,8.9975,16.4460
7092,236.400,943,402,2089,1993,8.9044,18.4203
7093,236.433,944,402,2089,1992,11.1351,18.2205
7094,236.467,945,402,2089,1993,11.0471,18.4238
7095,236.500,946,402,2088,1992,10.1478,17.2945
7096,236.533,947,402,2088,1993,11.0895,17.5107
7097,236.567,947,402,2089,1996,9.2243,17.8814
7098,236.600,949,403,2090,1997,9.8819,17.1425
7099,236.633,948,404,2090,1998,10.7137,18.8647
7100,236.667,949,403,2089,1998,10.2708,17.1146
7101,236.700,951,402,2089,1998,10.2376,19.4252
7102,236.733,951,402,2089,1997,10.9546,17.9666
7103,236.767,950,402,2089,1997,8.7913,17.1593
7104,236.800,951,404,2090,1997,8.2462,17.5780
7105,236.833,951,405,2090,1997,6.8534,18.5421
7106,236.867,951,405,2090,1997,6.6219,18.6144
7107,236.900,951,405,2090,1997,6.6595,19.0385
7108,236.933,950,405,2089,1998,8.0127,19.5942
7109,236.967,951,406,2089,1998,6.0722,19.9787
7110,237.000,951,404,2089,1999,8.7538,16.8415
7111,237.033,951,406,2090,1999,5.3153,19.0264
7112,237.067,951,408,2090,1999,7.4714,18.1028
7113,237.100,951,405,2091,1998,10.0841,16.9630
7114,237.133,950,405,2091,1998,7.2948,17.6718
7115,237.167,951,407,2090,1998,5.8240,18.5199
7116,237.200,949,411,2090,1999,10.2612,17.7160
7117,237.233,949,410,2089,1999,9.9011,17.1070
7118,237.267,949,410,2089,1999,9.1872,17.4580
7119,237.300,948,410,2089,1999,10.9442,18.8318
7120,237.333,948,412,2090,1998,8.2182,19.0486
7121,237.367,948,412,2090,1998,8.1601,19.7465
7122,237.400,949,412,2090,1998,7.3835,19.8056
7123,237.433,949,412,2090,1998,7.5617,19.1581
7124,237.467,950,413,2090,1997,7.7151,19.1345
7125,237.500,950,413,2089,1997,8.7294,19.1865
7126,237.533,951,412,2090,1998,6.5650,18.3532
7127,237.567,951,412,2090,1998,7.1111,18.5405
7128,237.600,950,412,2091,1997,4.5504,18.4655
7129,237.633,951,412,2091,1997,6.6453,18.4681
7130,237.667,951,412,2090,1998,6.1772,19.1396
7131,237.700,950,413,2091,1998,4.9454,18.4211
7132,237.733,950,413,2090,1998,4.0771,18.4846
7133,237.767,951,413,2090,1996,2.1268,17.4574
7134,237.800,951,415,2089,1997,-0.8448,16.2573
7135,237.833,951,416,2089,1996,-0.9311,15.9139
7136,237.867,953,416,2089,1993,-1.7705,14.2539
7137,237.900,958,401,2078,1984,-3.1980,8.8090
7138,237.933,961,429,2060,1973,-1.2556,5.2649
7139,237.967,962,404,2084,1988,-1.5416,11.3791
7140,238.000,957,415,2087,1989,2.3644,13.9362
7141,238.033,956,414,2087,1989,1.1156,14.9158
7142,238.067,954,418,2089,1993,-0.3674,17.5188
7143,238.100,952,419,2086,1994,2.9826,18.8558
7144,238.133,952,420,2087,1994,3.2023,17.7514
7145,238.167,953,419,2087,1996,4.2658,19.0094
7146,238.200,953,418,2088,1996,3.2050,17.7430
7147,238.233,953,416,2086,1994,3.1645,16.4823
7148,238.267,953,416,2086,1994,4.4319,16.5278
7149,238.300,953,416,2087,1994,4.1660,17.0101
7150,238.333,953,416,2087,1994,4.3189,16.6362
7151,238.367,952,415,2088,1993,2.3406,17.7791
7152,238.400,953,415,2088,1993,3.6143,17.0282
7153,238.433,953,416,2088,1994,3.7375,17.5443
7154,238.467,953,415,2088,1993,3.9655,16.6485
7155,238.500,953,416,2088,1994,4.0802,17.0782
7156,238.533,953,417,2088,1993,4.1357,16.4196
7157,238.567,953,417,2090,1994,8.2931,18.0915
7158,238.600,953,416,2090,1994,7.2444,17.7112
7159,238.633,953,416,2089,1993,8.6246,16.6277
7160,238.667,953,415,2089,1993,9.3094,16.8431
7161,238.700,953,416,2089,1993,9.5887,16.0436
7162,238.733,953,416,2089,1993,9.7777,16.0081
7163,238.767,952,414,2088,1993,10.1474,16.7986
7164,238.800,953,415,2088,1992,10.2264,17.5175
7165,238.833,952,413,2088,1992,11.9906,16.2901
7166,238.867,951,415,2088,1993,13.8168,16.4295
7167,238.900,951,414,2089,1993,14.4231,15.2954
7168,238.933,953,414,2089,1994,13.8366,16.8444
7169,238.967,952,414,2089,1994,13.8191,16.1906
7170,239.000,952,415,2090,1994,12.7491,16.7474
7171,239.033,952,418,2090,1995,13.1334,17.0126
7172,239.067,951,418,2089,1995,7.7238,17.6563
7173,239.100,953,419,2088,1995,10.0349,19.1676
7174,239.133,954,423,2087,1994,2.9160,18.6328
7175,239.167,955,417,2089,1991,1.2947,14.1171
7176,239.200,956,406,2079,1983,1.6538,11.4973
7177,239.233,956,407,2080,1982,1.2913,11.4995
7178,239.267,961,405,2081,1984,1.3298,12.0210
7179,239.300,961,405,2079,1984,1.5201,12.1159
7180,239.333,951,418,2090,1991,4.5248,19.3990
7181,239.367,952,418,2090,1992,6.3186,18.1420
7182,239.400,951,418,2090,1992,7.1279,18.3404
7183,239.433,952,418,2089,1993,7.1757,18.0206
7184,239.467,952,416,2089,1993,6.3599,18.0608
7185,239.500,952,418,2090,1995,9.4728,17.2492
7186,239.533,952,416,2090,1995,8.3921,17.5148
7187,239.567,953,415,2090,1996,7.4732,19.3788
7188,239.600,952,416,2090,1996,8.6381,19.2538
7189,239.633,952,416,2091,1997,6.5335,20.0723
7190,239.667,953,413,2090,1995,4.1848,21.1465
7191,239.700,952,415,2090,1997,3.6584,21.1615
7192,239.733,950,415,2090,1999,5.1394,20.6931
7193,239.767,950,415,2090,1998,5.3122,20.2443
7194,239.800,950,416,2089,1997,4.8555,20.4422
7195,239.833,951,417,2089,1998,5.4109,20.1276
7196,239.867,951,416,2089,1999,6.4185,20.6916
7197,239.900,951,417,2089,1999,6.2422,19.8099
7198,239.933,953,416,2089,1998,4.0912,20.7875
7199,239.967,952,416,2090,1998,4.6683,19.1099
7200,240.000,953,417,2089,1998,6.6446,19.4534
7201,240.033,952,415,2089,1999,7.0207,19.0061
7202,240.067,953,414,2089,2000,5.9862,19.1058
7203,240.100,950,413,2091,1997,5.1090,18.5255
7204,240.133,950,413,2091,1997,5.1433,18.7719
7205,240.167,952,411,2089,1991,3.6068,18.6512
7206,240.200,958,410,2088,1984,4.4385,17.5956
7207,240.233,956,410,2087,1984,6.9351,15.8160
7208,240.267,954,405,2083,1980,8.7079,21.0727
7209,240.300,952,418,2094,1991,7.2971,22.8809
7210,240.333,951,416,2094,1992,8.5950,21.2576
7211,240.367,950,418,2096,2000,5.5754,21.8394
7212,240.400,952,416,2095,2003,9.1769,23.7217
7213,240.433,953,417,2094,2002,8.6876,23.6803
7214,240.467,954,417,2094,2003,6.3175,24.5393
7215,240.500,954,417,2095,2003,9.3632,24.1616
7216,240.533,954,415,2095,2001,6.0164,22.6049
7217,240.567,951,417,2095,2000,7.0858,21.6988
7218,240.600,952,417,2094,2003,8.0354,21.1491
7219,240.633,950,419,2096,2003,8.4111,20.5429
7220,240.667,948,420,2097,2006,6.7934,21.0339
7221,240.700,951,424,2098,2006,8.8184,20.8108
7222,240.733,952,423,2100,2008,7.9944,19.1279
7223,240.767,952,423,2101,2014,11.1876,18.3643
7224,240.800,955,422,2103,2016,8.9440,16.7383
7225,240.833,954,420,2104,2017,9.3783,15.7381
7226,240.867,954,419,2103,2018,9.3513,15.7509
7227,240.900,954,419,2102,2019,8.6755,14.9550
7228,240.933,955,420,2102,2019,8.8859,16.9973
7229,240.967,950,421,2101,2017,16.6997,14.0695
7230,241.000,950,424,2101,2017,18.0094,18.4648
7231,241.033,949,424,2099,2015,17.2824,16.7893
7232,241.067,952,418,2099,2008,17.5535,16.2357
7233,241.100,953,418,2096,2005,18.2290,18.1375
7234,241.133,952,418,2097,2003,16.9254,18.5000
7235,241.167,956,423,2094,2004,10.5119,20.0946
7236,241.200,959,422,2095,2006,5.2781,19.6652
7237,241.233,959,425,2095,2003,7.0650,20.0607
7238,241.267,961,428,2080,1997,5.5212,21.1314
7239,241.300,962,432,2082,1996,3.4254,19.3896
7240,241.333,960,432,2081,1997,3.0008,17.7099
7241,241.367,960,429,2082,1996,3.1584,17.7010
7242,241.400,961,426,2085,2000,5.4899,18.5900
7243,241.433,961,426,2085,2000,4.4970,18.2684
7244,241.467,960,426,2086,2002,0.2717,17.7809
7245,241.500,961,425,2086,2000,1.0828,18.6581
7246,241.533,960,422,2084,1999,2.4237,17.0349
7247,241.567,957,401,2093,1998,-0.2295,16.7992
7248,241.600,956,402,2093,2000,-1.1057,14.2643
7249,241.633,954,402,2094,1998,-0.6637,16.3836
7250,241.667,953,404,2095,1996,3.9118,17.2236
7251,241.700,952,403,2095,1996,3.7758,17.9669
7252,241.733,954,403,2096,1996,2.9962,17.9341
7253,241.767,955,404,2096,1994,5.1824,17.0317
7254,241.800,956,402,2096,1992,1.9339,16.0000
7255,241.833,955,401,2097,1990,2.1848,17.5932
7256,241.867,953,402,2096,1990,3.1869,16.2716
7257,241.900,951,402,2097,1993,4.2659,18.9851
7258,241.933,945,404,2096,1992,3.7060,16.8458
7259,241.967,941,405,2096,1993,0.7030,16.4445
7260,242.000,948,429,2084,1981,6.9629,18.9339
7261,242.033,944,427,2085,1982,3.5457,16.8518
7262,242.067,943,429,2090,1975,0.8853,15.4784
7263,242.100,937,407,2097,1982,0.6917,18.3619
7264,242.133,937,405,2097,1980,2.3465,18.3895
7265,242.167,935,404,2098,1978,6.7719,17.8201
7266,242.200,935,407,2099,1976,8.7705,18.5363
7267,242.233,932,407,2099,1977,14.2411,13.6712
7268,242.267,933,409,2100,1977,13.4464,14.2380
7269,242.300,933,409,2100,1977,12.4523,14.9968
7270,242.333,933,410,2100,1976,11.8389,13.5584
7271,242.367,934,409,2100,1978,12.2805,13.9863
7272,242.400,933,412,2101,1976,12.7789,16.8513
7273,242.433,934,411,2101,1976,14.6081,15.5959
7274,242.467,935,413,2100,1979,9.6364,17.8097
7275,242.500,934,413,2099,1978,5.5847,16.1203
7276,242.533,932,415,2100,1973,6.2029,16.2939
7277,242.567,931,415,2100,1973,5.3405,15.9767
7278,242.600,931,416,2098,1972,7.9360,16.2083
7279,242.633,932,415,2098,1973,7.0099,16.8119
7280,242.667,931,414,2099,1975,6.8685,20.0763
7281,242.700,933,415,2098,1975,2.2044,19.4886
7282,242.733,930,417,2096,1978,0.2345,19.0373
7283,242.767,931,416,2097,1978,0.0353,19.8236
7284,242.800,931,416,2097,1977,0.1526,20.5874
7285,242.833,931,416,2097,1977,0.3919,20.8989
7286,242.867,932,416,2096,1977,-0.7310,20.2434
7287,242.900,932,418,2096,1979,0.6163,20.7240
7288,242.933,934,416,2097,1983,-0.1078,19.0400
7289,242.967,937,413,2096,1982,9.6823,21.0544
7290,243.000,937,412,2098,1983,12.3227,18.9658
7291,243.033,939,410,2099,1984,11.6838,18.3865
7292,243.067,938,411,2099,1986,12.4091,19.9841
7293,243.100,942,408,2095,1985,11.1271,19.5336
7294,243.133,943,407,2095,1986,12.1115,19.9212
7295,243.167,939,412,2094,1983,14.7620,19.1608
7296,243.200,937,410,2097,1979,12.8952,19.9614
7297,243.233,937,411,2097,1976,11.5938,20.6201
7298,243.267,938,412,2096,1972,8.1671,19.1436
7299,243.300,939,413,2093,1970,8.6792,12.7799
7300,243.333,939,413,2094,1969,7.2668,14.1863
7301,243.367,938,412,2094,1971,9.9539,11.9366
7302,243.400,936,411,2095,1975,8.6913,17.4998
7303,243.433,936,412,2094,1975,8.8824,16.0505
7304,243.467,935,413,2095,1976,7.0451,18.7419
7305,243.500,934,416,2095,1976,6.8698,17.6117
7306,243.533,934,416,2096,1977,6.9899,17.3284
7307,243.567,936,414,2095,1980,7.3689,17.2877
7308,243.600,937,414,2097,1980,8.9071,19.8283
7309,243.633,936,414,2095,1979,10.1534,18.7516
7310,243.667,936,415,2096,1984,9.1797,17.6944
7311,243.700,934,419,2096,1993,10.5457,19.8608
7312,243.733,934,418,2096,1995,11.1245,22.0169
7313,243.767,933,418,2096,2000,11.4764,20.1317
7314,243.800,931,421,2095,2001,10.5600,20.0934
7315,243.833,934,420,2095,1998,11.4955,20.8924
7316,243.867,933,420,2094,1996,10.6759,20.8661
7317,243.900,932,423,2094,1993,9.1508,20.0898
7318,243.933,931,422,2094,1991,9.8053,21.9005
7319,243.967,931,422,2095,1985,8.6938,21.2542
7320,244.000,929,421,2095,1986,8.4053,20.5102
7321,244.033,929,420,2095,1983,9.3310,20.2522
7322,244.067,927,416,2095,1988,8.4457,19.2887
7323,244.100,928,419,2098,1987,9.1174,22.0388
7324,244.133,929,418,2100,1988,6.1649,21.7557
7325,244.167,928,419,2100,1988,6.7311,19.6660
7326,244.200,928,418,2100,1988,1.5820,21.2623
7327,244.233,929,418,2100,1986,0.4525,20.2619
7328,244.267,929,418,2100,1984,1.4397,22.3271
7329,244.300,930,419,2100,1984,1.0979,20.1518
7330,244.333,930,421,2100,1985,1.6403,18.4010
7331,244.367,930,420,2100,1982,1.3501,20.3567
7332,244.400,931,419,2099,1980,2.1200,21.1663
7333,244.433,932,419,2099,1979,0.0977,19.5679
7334,244.467,935,408,2088,1973,3.5277,8.4319
7335,244.500,937,413,2089,1972,7.0168,5.1470
7336,244.533,939,412,2088,1969,7.5925,6.1458
7337,244.567,935,414,2088,1973,2.3144,13.1533
7338,244.600,932,417,2092,1975,5.3313,14.6941
7339,244.633,931,415,2092,1976,6.1316,11.3505
7340,244.667,929,420,2098,1978,6.4969,14.8932
7341,244.700,928,420,2100,1980,7.2105,16.6989
7342,244.733,927,422,2101,1981,7.1007,20.5100
7343,244.767,927,422,2101,1981,8.6177,21.6074
7344,244.800,928,422,2102,1980,9.2095,22.2309
7345,244.833,929,421,2102,1980,9.3326,19.5424
7346,244.867,927,416,2104,1982,14.9249,22.1263
7347,244.900,927,416,2103,1981,15.3213,22.4302
7348,244.933,927,418,2101,1980,17.7411,23.1247
7349,244.967,925,417,2101,1979,16.2727,23.9074
7350,245.000,926,415,2101,1979,18.9702,24.4293
7351,245.033,927,409,2101,1981,18.8517,21.4607
7352,245.067,927,407,2103,1978,18.9389,20.1097
7353,245.100,929,407,2102,1982,18.7711,18.8358
7354,245.133,937,409,2101,1972,19.0798,16.0133
7355,245.167,937,407,2103,1968,18.3794,18.2915
7356,245.200,939,407,2102,1969,16.9255,19.4716
7357,245.233,939,406,2100,1964,15.3561,18.5309
7358,245.267,938,406,2100,1964,17.3703,19.3759
7359,245.300,938,406,2100,1965,15.4537,17.9227
7360,245.333,937,406,2099,1966,15.4176,18.8102
7361,245.367,935,406,2099,1967,19.5914,16.9001
7362,245.400,934,406,2100,1969,21.8919,17.4852
7363,245.433,934,406,2100,1968,20.2274,18.0293
7364,245.467,935,405,2099,1967,15.8583,17.7648
7365,245.500,934,406,2099,1967,19.1110,17.3786
7366,245.533,932,407,2100,1967,19.1492,17.7887
7367,245.567,938,426,2092,1958,20.4038,19.4263
7368,245.600,939,426,2094,1958,19.5238,20.2942
7369,245.633,943,429,2093,1966,11.2771,20.4048
7370,245.667,942,428,2092,1965,7.8137,20.1697
7371,245.700,943,429,2092,1966,6.3553,19.1166
7372,245.733,943,429,2093,1966,7.5430,19.2270
7373,245.767,943,430,2092,1966,8.4326,19.1902
7374,245.800,944,431,2093,1966,8.3491,19.6448
7375,245.833,944,431,2093,1964,8.2710,20.4571
7376,245.867,944,430,2093,1963,8.0487,21.2135
7377,245.900,942,430,2093,1963,10.6205,18.9385
7378,245.933,941,429,2093,1963,10.8330,17.9645
7379,245.967,942,429,2092,1963,9.6814,19.0451
7380,246.000,941,430,2092,1962,11.5202,18.8085
7381,246.033,940,430,2092,1960,9.8853,17.3830
7382,246.067,939,430,2092,1961,12.0858,18.7507
7383,246.100,936,427,2092,1959,10.2121,16.7077
7384,246.133,937,428,2091,1958,8.8021,16.8575
7385,246.167,937,428,2092,1958,8.9874,16.9605
7386,246.200,936,427,2093,1957,7.0685,17.7210
7387,246.233,940,427,2093,1956,3.6421,13.5890
7388,246.267,943,431,2092,1952,2.5054,15.5538
7389,246.300,944,431,2092,1953,3.4487,14.2552
7390,246.333,945,433,2091,1950,2.1635,13.3294
7391,246.367,945,434,2090,1951,2.7394,13.6225
7392,246.400,945,434,2090,1951,3.9938,15.5053
7393,246.433,945,434,2090,1950,2.9225,15.2284
7394,246.467,944,434,2090,1950,3.2723,14.9973
7395,246.500,944,436,2089,1950,4.4598,15.7343
7396,246.533,944,435,2090,1951,5.3884,16.3176
7397,246.567,944,434,2090,1953,3.0507,16.1692
7398,246.600,944,433,2089,1952,3.3881,15.0949
7399,246.633,945,432,2089,1952,2.5196,17.9613
7400,246.667,945,432,2089,1952,3.0266,18.1704
7401,246.700,945,432,2089,1952,3.1402,18.1274
7402,246.733,944,432,2089,1951,3.7235,16.4612
7403,246.767,944,432,2090,1952,2.3490,16.0288
7404,246.800,944,433,2089,1952,1.9040,15.4008
7405,246.833,944,432,2089,1953,0.8119,18.8476
7406,246.867,944,432,2089,1952,1.4525,16.6189
7407,246.900,944,431,2090,1954,2.1717,16.7574
7408,246.933,945,432,2089,1955,3.5778,16.9270
7409,246.967,945,433,2089,1955,2.2014,17.0000
7410,247.000,945,422,2094,1962,2.7444,20.2817
7411,247.033,945,421,2095,1962,3.1927,19.2747
7412,247.067,945,419,2095,1961,4.9204,18.7438
7413,247.100,945,419,2095,1960,8.0897,18.8747
7414,247.133,945,419,2095,1960,8.1077,18.8917
7415,247.167,945,419,2095,1959,6.6269,19.4050
7416,247.200,945,419,2095,1960,7.6984,18.6339
7417,247.233,945,419,2094,1960,7.0632,19.6335
7418,247.267,945,419,2095,1959,6.2263,19.7679
7419,247.300,944,421,2094,1958,9.3454,19.9144
7420,247.333,944,421,2094,1958,9.3769,20.3323
7421,247.367,943,423,2093,1956,8.0019,20.7943
7422,247.400,943,425,2093,1956,7.7458,18.8553
7423,247.433,943,424,2094,1957,6.7290,20.7534
7424,247.467,943,424,2094,1957,6.7960,20.6144
7425,247.500,943,424,2093,1956,7.0090,18.9565
7426,247.533,942,425,2093,1956,7.0246,21.7981
7427,247.567,943,424,2092,1956,7.7919,19.9289
7428,247.600,944,424,2093,1956,5.9507,20.6770
7429,247.633,944,424,2094,1956,5.7788,18.6161
7430,247.667,944,424,2093,1956,6.1346,20.5943
7431,247.700,944,423,2093,1957,6.3882,21.7114
7432,247.733,944,423,2093,1958,6.1319,20.9903
7433,247.767,943,422,2094,1960,6.1737,21.5440
7434,247.800,942,421,2095,1961,6.5189,22.7121
7435,247.833,942,421,2095,1961,6.4785,22.7832
7436,247.867,942,422,2095,1962,4.3818,22.6475
7437,247.900,942,422,2096,1960,3.5407,22.6382
7438,247.933,941,422,2096,1961,4.8443,24.3011
7439,247.967,942,422,2096,1961,3.3473,23.0607
