frame_idx,time_sec,xmin,ymin,xmax,ymax,pitch_deg,yaw_deg
0,0.000,1122,0,2458,1907,5.0146,1.6830
1,0.033,1127,0,2456,1912,3.8453,0.2233
2,0.067,1126,0,2461,1913,5.7445,-0.6252
3,0.100,1128,0,2457,1913,5.1882,-0.5630
4,0.133,1133,0,2459,1919,6.1352,-0.8446
5,0.167,1129,0,2461,1920,7.1110,-0.9362
6,0.200,1128,0,2458,1919,6.6342,-0.7714
7,0.233,1129,0,2459,1922,6.5387,-1.9001
8,0.267,1130,0,2462,1923,6.5773,0.9050
9,0.300,1132,0,2463,1923,8.6049,0.5755
10,0.333,1131,0,2463,1921,7.4283,1.0932
11,0.367,1137,0,2465,1921,8.6074,0.3015
12,0.400,1151,0,2444,1924,9.9227,-9.5623
13,0.433,1152,0,2444,1921,6.8283,-9.7150
14,0.467,1154,0,2445,1912,8.1274,-6.2703
15,0.500,1156,0,2445,1921,8.4926,-6.4883
16,0.533,1138,0,2470,1932,8.5903,-7.8547
17,0.567,1142,0,2460,1923,7.4616,-3.3374
18,0.600,1140,0,2461,1927,7.9861,-0.5224
19,0.633,1145,0,2462,1928,9.0432,-1.9290
20,0.667,1148,0,2459,1923,7.2355,-2.4960
21,0.700,1149,0,2459,1919,7.6946,-1.2309
22,0.733,1148,0,2459,1916,7.7939,-0.8870
23,0.767,1148,0,2459,1914,5.7364,-0.6362
24,0.800,1147,0,2462,1915,6.3818,0.8351
25,0.833,1146,0,2465,1916,6.5755,1.6688
26,0.867,1146,0,2464,1916,6.9140,0.0627
27,0.900,1146,0,2465,1918,6.0551,0.0345
28,0.933,1145,0,2466,1920,8.4972,1.7833
29,0.967,1146,0,2465,1919,7.9537,2.6225
30,1.000,1146,0,2468,1920,7.6143,-0.5149
31,1.033,1144,0,2468,1921,6.9424,0.2145
32,1.067,1144,0,2467,1921,6.7324,-0.0099
33,1.100,1141,0,2467,1924,5.6525,1.6680
34,1.133,1142,0,2466,1925,5.4078,2.3638
35,1.167,1143,0,2466,1926,4.8566,1.7374
36,1.200,1145,2,2465,1925,5.1401,3.1651
37,1.233,1147,3,2463,1923,5.0345,2.7232
38,1.267,1146,1,2464,1923,6.5993,4.7427
39,1.300,1146,2,2464,1922,6.4827,3.7255
40,1.333,1145,2,2465,1924,4.8015,3.5250
41,1.367,1146,3,2465,1923,5.6961,2.3268
42,1.400,1144,1,2465,1921,4.5770,1.9968
43,1.433,1144,0,2466,1922,4.5957,4.0374
44,1.467,1144,0,2465,1922,4.8076,2.6420
45,1.500,1144,0,2464,1922,5.4958,1.7799
46,1.533,1144,0,2465,1923,6.0315,2.3920
47,1.567,1144,0,2463,1927,6.5105,2.4572
48,1.600,1146,0,2464,1922,6.7177,4.8488
49,1.633,1150,0,2462,1921,7.5349,6.3246
50,1.667,1153,0,2463,1918,6.6636,5.1142
51,1.700,1151,0,2462,1918,7.0325,5.1787
52,1.733,1151,0,2463,1916,7.2435,7.1305
53,1.767,1152,0,2463,1917,6.9089,6.3139
54,1.800,1154,0,2464,1918,6.5441,4.9380
55,1.833,1153,0,2463,1921,7.3702,6.4340
56,1.867,1152,0,2465,1923,6.3248,5.0096
57,1.900,1152,0,2464,1924,5.7879,5.8539
58,1.933,1152,0,2465,1923,6.0637,5.7991
59,1.967,1151,0,2465,1923,6.9815,6.3931
60,2.000,1149,0,2465,1930,7.7952,3.3329
61,2.033,1147,0,2466,1929,7.9852,4.1944
62,2.067,1148,0,2466,1928,7.1684,1.4672
63,2.100,1149,0,2466,1929,8.2545,1.7706
64,2.133,1151,0,2463,1927,7.5312,3.9650
65,2.167,1150,0,2467,1929,8.5402,-0.2204
66,2.200,1150,0,2468,1930,8.5303,0.5797
67,2.233,1152,0,2467,1928,8.9222,1.0616
68,2.267,1151,1,2467,1929,8.8618,1.0723
69,2.300,1149,0,2467,1928,9.0118,2.1393
70,2.333,1149,0,2467,1929,9.8743,1.4750
71,2.367,1149,0,2467,1928,9.3855,2.5287
72,2.400,1151,0,2468,1928,8.9746,3.2013
73,2.433,1155,0,2468,1931,4.7202,-2.3685
74,2.467,1155,0,2454,1919,6.5383,-2.8491
75,2.500,1158,0,2459,1924,6.8556,-2.5366
76,2.533,1158,0,2457,1930,10.6878,2.0900
77,2.567,1163,0,2464,1928,10.6184,-3.2397
78,2.600,1158,0,2466,1926,8.8597,-1.6728
79,2.633,1163,0,2466,1927,5.1885,0.3546
80,2.667,1162,0,2467,1930,7.7710,1.8572
81,2.700,1160,0,2465,1928,10.2488,3.4097
82,2.733,1161,0,2465,1927,8.9371,2.6143
83,2.767,1162,5,2464,1926,11.2923,0.7195
84,2.800,1164,5,2463,1926,12.4914,3.8793
85,2.833,1150,1,2464,1931,4.0333,6.7014
86,2.867,1153,0,2464,1932,2.7205,4.8522
87,2.900,1154,0,2464,1933,1.5612,4.0521
88,2.933,1154,0,2464,1933,0.8305,5.0718
89,2.967,1153,0,2465,1933,0.3059,7.7296
90,3.000,1154,0,2466,1935,1.8652,7.1480
91,3.033,1153,0,2465,1934,1.3314,5.7845
92,3.067,1154,0,2465,1933,0.8907,5.9813
93,3.100,1155,0,2464,1932,-0.5333,6.3560
94,3.133,1153,0,2463,1932,-0.2137,4.9053
95,3.167,1155,0,2462,1931,-0.5540,3.1745
96,3.200,1154,0,2463,1933,-0.3719,3.7025
97,3.233,1155,0,2464,1934,-0.8388,5.5060
98,3.267,1155,0,2464,1933,-0.7943,5.0270
99,3.300,1156,0,2465,1934,-2.5844,5.8120
100,3.333,1156,0,2465,1934,-2.6040,6.0258
101,3.367,1156,0,2465,1934,-2.5830,5.9973
102,3.400,1155,0,2465,1934,-1.6464,5.9649
103,3.433,1154,0,2465,1935,-2.5976,5.6904
104,3.467,1154,0,2464,1934,-1.4193,4.9534
105,3.500,1153,0,2465,1935,-2.6560,7.2139
106,3.533,1153,0,2464,1934,-2.2335,4.7545
107,3.567,1155,0,2464,1935,-3.0662,6.0890
108,3.600,1155,0,2464,1936,-2.4974,5.9316
109,3.633,1157,0,2465,1936,-1.7468,6.5969
110,3.667,1157,0,2465,1936,-1.5564,7.1370
111,3.700,1157,0,2464,1935,-2.0878,6.2387
112,3.733,1158,0,2464,1934,-1.7373,5.7350
113,3.767,1159,1,2464,1933,-0.7303,5.0954
114,3.800,1158,2,2464,1933,-2.4839,7.8192
115,3.833,1159,1,2462,1935,-1.5100,5.9342
116,3.867,1157,1,2462,1934,-1.9308,6.2852
117,3.900,1156,1,2460,1933,-2.5207,6.5911
118,3.933,1157,0,2460,1934,-3.1166,8.3307
119,3.967,1155,0,2461,1934,-3.8326,4.4140
120,4.000,1155,2,2461,1933,-5.7591,5.4009
121,4.033,1155,0,2462,1934,-5.9548,7.4737
122,4.067,1155,0,2461,1933,-3.7132,3.9520
123,4.100,1156,2,2462,1934,-8.3002,8.5553
124,4.133,1156,0,2461,1933,-3.8612,5.6382
125,4.167,1155,0,2460,1932,-4.6402,3.5322
126,4.200,1155,1,2460,1931,-4.2485,2.6036
127,4.233,1155,2,2459,1930,-4.2143,2.3669
128,4.267,1154,1,2460,1931,-4.2039,2.5835
129,4.300,1153,5,2460,1933,-6.5379,4.9867
130,4.333,1154,5,2460,1934,-5.9575,4.0320
131,4.367,1154,5,2461,1933,-6.1066,3.0847
132,4.400,1153,5,2460,1935,-5.2084,4.3338
133,4.433,1153,5,2459,1934,-6.7594,3.3766
134,4.467,1152,3,2459,1934,-6.9365,3.4453
135,4.500,1153,3,2459,1933,-7.2395,4.9844
136,4.533,1153,1,2459,1934,-3.7305,2.6054
137,4.567,1153,0,2460,1935,-3.7412,6.1106
138,4.600,1154,0,2459,1932,-5.0172,0.7172
139,4.633,1157,2,2459,1932,-4.2284,5.0941
140,4.667,1155,5,2463,1933,-5.4733,5.5390
141,4.700,1158,2,2465,1928,-6.2508,8.9644
142,4.733,1156,3,2464,1928,-4.8662,7.4051
143,4.767,1156,4,2465,1928,-5.6252,5.9550
144,4.800,1156,1,2466,1928,-5.5364,9.7672
145,4.833,1155,1,2466,1929,-6.7519,11.3083
146,4.867,1155,3,2467,1928,-5.5193,7.4356
147,4.900,1155,4,2467,1928,-3.7107,7.6811
148,4.933,1155,3,2468,1929,-6.3940,5.7722
149,4.967,1155,2,2468,1930,-6.6162,6.0134
150,5.000,1160,4,2467,1929,-6.5052,5.7150
151,5.033,1161,3,2468,1930,-5.7478,6.2191
152,5.067,1161,3,2468,1930,-6.5759,6.8640
153,5.100,1160,1,2468,1929,-4.7753,7.1729
154,5.133,1161,0,2467,1930,-6.9446,7.1879
155,5.167,1164,5,2468,1932,-5.4337,4.7486
156,5.200,1164,7,2468,1932,-6.0168,4.6259
157,5.233,1166,8,2469,1934,-5.1023,4.3338
158,5.267,1165,5,2469,1932,-6.3866,5.5978
159,5.300,1166,5,2467,1929,-7.3316,6.2342
160,5.333,1166,7,2468,1929,-4.7693,6.1905
161,5.367,1165,7,2469,1930,-5.5961,6.5117
162,5.400,1165,8,2469,1930,-3.8746,7.8629
163,5.433,1163,5,2470,1932,-5.0385,6.1965
164,5.467,1163,5,2470,1931,-4.8787,5.7066
165,5.500,1161,3,2469,1931,-6.9884,4.4489
166,5.533,1161,2,2469,1931,-5.9962,4.2043
167,5.567,1161,2,2469,1931,-5.4076,4.4875
168,5.600,1161,2,2469,1931,-5.3177,4.3285
169,5.633,1161,3,2469,1930,-5.3918,5.3799
170,5.667,1161,3,2469,1930,-4.6976,5.6006
171,5.700,1159,0,2470,1931,-5.0240,2.9911
172,5.733,1160,0,2469,1930,-4.8494,5.2142
173,5.767,1160,0,2469,1930,-4.9124,5.0375
174,5.800,1161,0,2475,1934,-4.6996,5.3590
175,5.833,1164,0,2475,1935,-5.4041,5.3098
176,5.867,1164,0,2474,1936,-4.7418,3.2383
177,5.900,1168,4,2474,1938,-4.7789,7.5984
178,5.933,1170,1,2473,1937,-5.1030,6.7548
179,5.967,1167,0,2473,1938,-3.5648,3.7007
180,6.000,1168,6,2472,1940,-4.2656,2.7568
181,6.033,1167,7,2472,1940,-2.7450,5.9700
182,6.067,1166,6,2472,1940,-2.7029,4.5287
183,6.100,1167,7,2472,1940,-2.7831,5.8932
184,6.133,1166,7,2472,1940,-3.0158,4.9665
185,6.167,1167,7,2472,1941,-2.7004,3.9068
186,6.200,1169,7,2473,1940,-3.7811,1.6194
187,6.233,1169,6,2473,1940,-4.5304,2.9956
188,6.267,1171,7,2473,1941,-3.8799,4.0724
189,6.300,1173,7,2474,1940,-2.8309,7.1479
190,6.333,1171,6,2473,1941,-3.7118,4.6554
191,6.367,1170,6,2473,1940,-4.1912,2.7839
192,6.400,1170,5,2473,1941,-4.5997,6.1537
193,6.433,1169,4,2473,1941,-3.7627,4.1017
194,6.467,1168,0,2474,1941,-3.3991,4.3185
195,6.500,1168,0,2475,1941,-4.5742,4.9698
196,6.533,1168,0,2477,1942,-4.0788,2.8120
197,6.567,1167,0,2477,1943,-4.4360,2.1974
198,6.600,1167,0,2477,1943,-4.7715,2.2709
199,6.633,1167,0,2476,1944,-4.8968,2.1013
200,6.667,1166,0,2477,1945,-5.4180,3.3042
201,6.700,1165,0,2477,1945,-5.6696,3.5562
202,6.733,1166,0,2476,1944,-4.2932,2.5947
203,6.767,1167,0,2476,1945,-5.6953,2.2364
204,6.800,1167,0,2473,1941,-5.0059,4.4425
205,6.833,1167,0,2473,1941,-5.1860,5.1713
206,6.867,1170,0,2446,1923,3.7545,-3.1957
207,6.900,1156,0,2444,1935,1.6717,-1.7193
208,6.933,1148,0,2442,1935,3.6313,-5.1658
209,6.967,1155,0,2461,1937,-2.2852,-3.0502
210,7.000,1155,0,2463,1934,-2.5465,3.6046
211,7.033,1154,0,2464,1935,-3.0356,1.6336
212,7.067,1159,0,2464,1941,-4.0343,0.6972
213,7.100,1158,0,2465,1942,-3.1471,4.7193
214,7.133,1158,0,2466,1943,-2.8988,4.0837
215,7.167,1156,0,2467,1943,-3.2601,2.8184
216,7.200,1158,0,2468,1944,-4.4075,3.9619
217,7.233,1158,0,2470,1946,-4.8374,1.9450
218,7.267,1164,0,2471,1942,-3.4561,6.5342
219,7.300,1168,0,2472,1942,-5.3830,6.3493
220,7.333,1167,1,2472,1940,-4.4138,7.3163
221,7.367,1169,2,2474,1941,-3.6044,8.2015
222,7.400,1171,5,2473,1940,-3.5414,5.8170
223,7.433,1172,4,2472,1939,-4.8029,8.5023
224,7.467,1172,3,2472,1941,-5.2495,7.2464
225,7.500,1172,6,2472,1941,-4.6390,7.8136
226,7.533,1171,5,2471,1941,-5.5540,7.4712
227,7.567,1170,4,2473,1942,-4.8632,8.9621
228,7.600,1170,5,2472,1940,-6.1103,9.7023
229,7.633,1170,5,2472,1941,-5.8488,9.7777
230,7.667,1168,2,2474,1939,-5.5515,8.9500
231,7.700,1168,3,2474,1938,-4.0543,6.6414
232,7.733,1169,2,2474,1938,-4.8765,9.1519
233,7.767,1169,2,2474,1937,-5.7788,9.0479
234,7.800,1169,0,2475,1936,-6.5345,9.3131
235,7.833,1168,0,2475,1936,-4.0669,8.0581
236,7.867,1168,0,2476,1937,-3.5609,6.5126
237,7.900,1169,0,2476,1936,-3.3986,7.3560
238,7.933,1170,0,2474,1936,-5.1560,8.1721
239,7.967,1171,0,2473,1936,-4.5232,7.6023
240,8.000,1164,0,2473,1935,0.3121,8.4612
241,8.033,1165,0,2473,1935,0.0017,8.8575
242,8.067,1165,0,2474,1935,0.5482,8.6259
243,8.100,1164,0,2474,1936,0.0710,7.7723
244,8.133,1164,0,2476,1937,1.0110,7.8108
245,8.167,1164,0,2475,1937,0.1749,9.0926
246,8.200,1163,0,2476,1937,1.1596,9.1872
247,8.233,1163,0,2476,1939,0.4236,8.9644
248,8.267,1162,0,2476,1940,0.2354,7.3033
249,8.300,1163,0,2476,1939,-0.4032,9.2771
250,8.333,1163,0,2476,1939,0.3279,8.8370
251,8.367,1162,0,2478,1941,-0.0759,6.4198
252,8.400,1162,1,2476,1941,0.6007,4.5755
253,8.433,1162,2,2475,1937,-2.0514,7.6453
254,8.467,1163,1,2476,1937,-1.0871,6.8139
255,8.500,1162,0,2475,1935,-1.2436,9.6867
256,8.533,1164,0,2475,1936,-4.6273,3.9723
257,8.567,1164,1,2474,1930,-3.7310,3.0190
258,8.600,1165,0,2474,1930,-6.3805,2.4192
259,8.633,1165,3,2473,1929,-4.5419,3.4419
260,8.667,1165,3,2472,1928,-5.5271,3.3349
261,8.700,1165,1,2469,1927,-6.3379,5.3749
262,8.733,1165,1,2469,1927,-6.3102,5.7857
263,8.767,1166,5,2469,1928,-5.1185,7.5244
264,8.800,1166,7,2469,1927,-4.1254,5.8877
265,8.833,1169,8,2469,1927,-5.9005,5.9496
266,8.867,1169,7,2469,1927,-5.5753,7.2305
267,8.900,1170,7,2469,1925,-5.5052,5.6918
268,8.933,1170,5,2469,1925,-6.1026,6.3643
269,8.967,1170,4,2469,1925,-6.2380,6.8997
270,9.000,1174,9,2468,1929,-5.3300,5.6810
271,9.033,1174,10,2467,1929,-6.0437,5.7583
272,9.067,1173,8,2468,1932,-5.8413,3.3674
273,9.100,1172,7,2468,1931,-5.4107,5.1678
274,9.133,1172,4,2470,1933,-2.6190,2.5753
275,9.167,1171,0,2472,1932,-4.3770,5.1222
276,9.200,1170,0,2472,1932,-3.2033,2.8480
277,9.233,1165,13,2475,1932,-1.6024,-1.3226
278,9.267,1165,12,2475,1932,-1.3183,-1.8074
279,9.300,1166,12,2476,1932,-1.9427,-0.7596
280,9.333,1165,13,2476,1932,-2.1727,-0.7700
281,9.367,1166,12,2476,1933,-1.7166,-0.6749
282,9.400,1165,11,2477,1933,-2.7477,0.2210
283,9.433,1165,12,2478,1934,-4.0239,-1.9007
284,9.467,1166,13,2477,1933,-4.0532,0.3649
285,9.500,1166,13,2477,1933,-4.1008,-0.5037
286,9.533,1165,13,2477,1932,-3.5483,-1.8309
287,9.567,1167,14,2477,1932,-2.0159,-3.3752
288,9.600,1166,13,2477,1932,-3.9315,-1.8001
289,9.633,1168,13,2477,1932,-3.8813,-0.0222
290,9.667,1168,13,2476,1931,-3.4939,1.2959
291,9.700,1168,13,2474,1926,-3.0274,1.1971
292,9.733,1168,14,2475,1927,-3.7152,2.5143
293,9.767,1169,15,2474,1926,-5.1820,0.3241
294,9.800,1169,13,2474,1925,-3.1750,1.0493
295,9.833,1159,4,2466,1921,-2.7716,-7.5991
296,9.867,1159,0,2464,1918,-2.1684,-9.1085
297,9.900,1161,0,2459,1915,-0.5928,-2.4206
298,9.933,1158,3,2461,1922,-3.7503,-4.2492
299,9.967,1156,0,2465,1922,-3.1975,-4.9184
300,10.000,1169,4,2469,1917,-0.8640,1.8697
301,10.033,1171,7,2469,1917,-1.0275,2.4775
302,10.067,1167,4,2469,1918,-2.0624,4.7638
303,10.100,1168,4,2469,1919,-2.2368,4.3059
304,10.133,1165,3,2468,1920,-2.2330,4.6754
305,10.167,1164,6,2468,1918,-2.4066,3.8303
306,10.200,1160,1,2471,1923,-4.6343,2.3707
307,10.233,1161,0,2471,1925,-5.4684,2.5093
308,10.267,1162,0,2471,1926,-2.2146,3.6777
309,10.300,1165,0,2472,1928,-4.4613,2.7850
310,10.333,1165,0,2473,1927,-4.6526,3.6966
311,10.367,1165,0,2472,1927,-4.8071,2.4747
312,10.400,1165,0,2473,1926,-5.4532,1.6349
313,10.433,1166,0,2473,1925,-4.4223,2.5118
314,10.467,1166,0,2473,1924,-3.4091,4.4136
315,10.500,1165,0,2473,1926,-4.9587,0.9056
316,10.533,1166,0,2474,1925,-4.7710,2.8696
317,10.567,1166,0,2473,1923,-3.9628,5.3534
318,10.600,1166,4,2474,1921,-6.4282,-0.6767
319,10.633,1165,9,2473,1920,-3.0537,3.2213
320,10.667,1164,4,2470,1915,-3.7979,2.0193
321,10.700,1162,0,2465,1914,-0.7578,3.1022
322,10.733,1160,0,2466,1915,-1.1011,-2.5799
323,10.767,1159,0,2465,1916,-1.8749,-1.4428
324,10.800,1158,0,2464,1914,-1.9807,0.5003
325,10.833,1158,0,2464,1915,-1.9980,0.6680
326,10.867,1157,0,2462,1913,-2.0224,1.9538
327,10.900,1157,0,2462,1915,-1.2716,1.1555
328,10.933,1154,0,2460,1912,-2.3552,1.6520
329,10.967,1152,0,2459,1912,-4.3005,3.4485
330,11.000,1150,0,2460,1918,-4.5851,2.0316
331,11.033,1148,0,2461,1918,-3.9678,-0.2524
332,11.067,1149,0,2462,1919,-4.2224,0.3355
333,11.100,1149,0,2461,1916,-3.8459,0.5573
334,11.133,1149,0,2462,1916,-4.1525,-0.6680
335,11.167,1150,0,2462,1918,-4.4434,-0.3648
336,11.200,1149,0,2462,1918,-3.9888,-1.2286
337,11.233,1150,0,2462,1919,-3.9364,0.9043
338,11.267,1148,0,2461,1920,-3.8655,-0.1388
339,11.300,1147,0,2461,1922,-3.2289,0.5212
340,11.333,1146,0,2461,1922,-4.2178,-0.5619
341,11.367,1147,0,2462,1922,-3.7310,0.1702
342,11.400,1147,0,2463,1923,-2.3888,-0.4362
343,11.433,1150,3,2464,1926,-3.5126,-2.3948
344,11.467,1147,1,2464,1928,-3.2374,-0.6301
345,11.500,1149,4,2461,1925,-1.0490,0.2358
346,11.533,1149,5,2461,1926,-1.9247,-0.7105
347,11.567,1145,2,2461,1927,-1.6459,0.7057
348,11.600,1144,1,2462,1927,-2.0859,1.8725
349,11.633,1141,0,2464,1930,-1.2466,-1.9127
350,11.667,1140,0,2466,1931,-3.0104,-0.5105
351,11.700,1142,0,2468,1930,-2.7739,1.9932
352,11.733,1143,0,2468,1931,-3.1833,3.6320
353,11.767,1142,0,2468,1930,-2.3082,2.4391
354,11.800,1143,0,2468,1929,-2.9458,2.5429
355,11.833,1143,0,2468,1930,-3.1268,3.3888
356,11.867,1143,0,2468,1929,-2.4127,1.8980
357,11.900,1142,0,2467,1929,-2.1511,1.3171
358,11.933,1144,0,2468,1929,-1.4014,2.6692
359,11.967,1145,0,2468,1930,-1.5954,-1.3249
360,12.000,1140,0,2468,1926,-2.4545,3.3484
361,12.033,1148,0,2459,1924,-0.2447,-4.5216
362,12.067,1157,0,2448,1917,3.5910,-4.2205
363,12.100,1154,0,2449,1917,4.6437,-1.5872
364,12.133,1141,0,2459,1929,-5.7449,-9.6739
365,12.167,1149,0,2458,1922,0.2151,-2.9869
366,12.200,1148,0,2457,1921,-1.1231,-0.2318
367,12.233,1146,0,2461,1923,0.5424,0.4377
368,12.267,1145,0,2462,1926,-2.5890,2.2032
369,12.300,1143,0,2462,1926,-3.4019,2.6271
370,12.333,1141,0,2463,1926,-3.5048,-0.6754
371,12.367,1141,0,2463,1926,-4.1920,1.2452
372,12.400,1141,0,2460,1925,-3.8082,1.6385
373,12.433,1141,0,2461,1926,-3.4448,3.1754
374,12.467,1142,0,2461,1926,-3.5686,2.2777
375,12.500,1141,0,2462,1926,-3.1562,2.2759
376,12.533,1143,0,2462,1925,-3.4673,2.2908
377,12.567,1145,0,2466,1927,-3.5833,2.9637
378,12.600,1145,0,2465,1927,-2.7182,4.1139
379,12.633,1146,0,2466,1927,-4.7513,4.2913
380,12.667,1145,0,2467,1927,-4.1526,3.3100
381,12.700,1143,0,2469,1929,-2.6266,4.0181
382,12.733,1143,0,2468,1928,-2.6533,4.2818
383,12.767,1142,0,2468,1928,-3.3493,3.5473
384,12.800,1141,0,2469,1929,-3.5204,1.7969
385,12.833,1139,0,2468,1931,-1.9693,4.2128
386,12.867,1139,0,2468,1932,-2.4235,2.7655
387,12.900,1139,0,2467,1933,-3.4350,1.7224
388,12.933,1139,0,2466,1932,-2.8108,2.9286
389,12.967,1138,0,2466,1932,-3.1575,2.2352
390,13.000,1132,0,2465,1933,-5.9531,2.5608
391,13.033,1132,0,2465,1934,-5.4586,1.2547
392,13.067,1129,0,2465,1932,-1.8003,1.1964
393,13.100,1129,0,2466,1933,-2.0127,1.1374
394,13.133,1130,0,2466,1930,-4.1242,1.1518
395,13.167,1132,0,2466,1930,-4.6001,2.9837
396,13.200,1131,0,2468,1930,-3.3468,0.3959
397,13.233,1132,0,2468,1930,-3.4314,2.3415
398,13.267,1131,0,2469,1932,-2.8987,0.3874
399,13.300,1130,0,2469,1932,-3.4943,-1.0877
400,13.333,1129,0,2467,1930,-3.4597,1.7010
401,13.367,1128,0,2468,1932,-3.7313,-1.2944
402,13.400,1127,0,2466,1930,-3.9787,-1.9949
403,13.433,1127,0,2465,1929,-3.6898,-1.9398
404,13.467,1128,0,2465,1929,-3.4092,-0.1025
405,13.500,1129,0,2466,1930,-3.8008,1.0835
406,13.533,1128,0,2466,1930,-3.7797,0.7121
407,13.567,1129,0,2465,1931,-3.2968,0.9948
408,13.600,1129,0,2463,1930,-5.2110,1.4221
409,13.633,1129,0,2464,1930,-3.8407,0.5038
410,13.667,1133,0,2464,1927,-4.5689,3.1758
411,13.700,1135,0,2464,1927,-3.8175,3.0547
412,13.733,1135,0,2463,1927,-3.4807,5.2763
413,13.767,1135,0,2464,1928,-4.6352,2.7019
414,13.800,1136,0,2464,1928,-3.8758,4.8484
415,13.833,1136,0,2463,1927,-3.5780,5.6687
416,13.867,1137,0,2464,1930,-3.4405,3.2865
417,13.900,1131,0,2462,1929,-3.6653,-6.1104
418,13.933,1132,0,2460,1930,-4.3839,-5.4783
419,13.967,1158,0,2448,1922,2.9509,-2.4481
420,14.000,1133,0,2463,1931,3.0545,-6.4740
421,14.033,1127,0,2461,1929,3.3793,-6.2662
422,14.067,1139,0,2462,1927,4.9414,2.0298
423,14.100,1136,0,2459,1925,4.4835,3.7947
424,14.133,1137,0,2461,1926,4.9777,2.7128
425,14.167,1138,0,2465,1928,3.9597,2.4996
426,14.200,1137,0,2466,1928,4.5920,-0.4386
427,14.233,1140,0,2469,1931,3.5899,2.7181
428,14.267,1140,0,2470,1931,5.2280,2.0474
429,14.300,1138,0,2471,1932,4.9066,0.8501
430,14.333,1138,0,2470,1931,4.8455,0.4323
431,14.367,1137,0,2470,1932,4.5388,0.1492
432,14.400,1136,0,2469,1931,3.8516,0.0757
433,14.433,1136,0,2468,1931,3.1164,1.2492
434,14.467,1136,0,2469,1930,1.6509,-2.2664
435,14.500,1139,0,2467,1930,-1.3602,0.0141
436,14.533,1139,0,2467,1930,-1.5919,-0.2544
437,14.567,1139,0,2467,1930,-1.8689,-0.0438
438,14.600,1139,0,2467,1929,-1.8616,0.0934
439,14.633,1139,0,2466,1928,-3.8002,0.2614
440,14.667,1139,0,2467,1928,-2.3105,-0.0670
441,14.700,1139,0,2467,1928,-2.7869,0.5524
442,14.733,1138,0,2469,1930,-4.3815,-3.4652
443,14.767,1138,0,2470,1932,-2.3149,-5.4879
444,14.800,1137,0,2469,1930,-4.1611,-3.4201
445,14.833,1140,0,2470,1933,-4.4839,-3.7308
446,14.867,1140,0,2470,1932,-4.4397,-3.6735
447,14.900,1143,0,2466,1933,-2.6511,-2.1764
448,14.933,1143,0,2470,1936,-4.0974,0.7900
449,14.967,1143,0,2468,1935,-3.0203,0.8695
450,15.000,1140,0,2464,1931,-1.9786,-0.5347
451,15.033,1141,0,2461,1926,-0.2605,-0.6165
452,15.067,1143,0,2463,1926,-3.1890,-3.6636
453,15.100,1146,0,2464,1928,-2.8414,-2.7532
454,15.133,1147,0,2463,1921,-3.5400,-0.5446
455,15.167,1151,0,2462,1917,-2.3730,0.3796
456,15.200,1148,0,2463,1918,-2.9458,0.0369
457,15.233,1152,0,2460,1917,-2.5171,-1.1572
458,15.267,1151,0,2461,1920,-3.5478,0.1953
459,15.300,1151,0,2460,1919,-3.9394,0.3695
460,15.333,1155,2,2457,1910,-2.2965,3.9816
461,15.367,1157,0,2445,1899,-1.2062,-2.5096
462,15.400,1158,0,2445,1900,0.3410,-0.4277
463,15.433,1159,0,2443,1900,-3.2964,-2.1076
464,15.467,1160,0,2441,1894,-2.8533,-0.1962
465,15.500,1158,0,2440,1893,-1.7529,-2.0994
466,15.533,1160,21,2433,1863,-1.1431,-2.6157
467,15.567,1153,39,2429,1849,-0.6996,2.0719
468,15.600,1163,28,2422,1847,-2.2706,0.9658
469,15.633,1155,27,2431,1858,-0.7864,3.4981
470,15.667,1170,18,2421,1841,-2.8140,-1.5005
471,15.700,1166,25,2429,1844,-1.6253,3.2025
472,15.733,1170,19,2425,1839,-0.4148,2.4388
473,15.767,1163,12,2425,1838,-2.9512,2.4764
474,15.800,1168,11,2432,1842,-1.9404,5.0921
475,15.833,1169,19,2432,1841,-2.5403,4.2339
476,15.867,1164,6,2435,1843,-0.0427,4.0518
477,15.900,1163,3,2432,1844,-0.9591,0.1904
478,15.933,1166,8,2434,1845,-1.1250,3.4879
479,15.967,1165,7,2434,1846,-0.8220,3.7413
480,16.000,1166,12,2435,1850,0.1096,2.3931
481,16.033,1165,13,2437,1849,0.0748,4.2232
482,16.067,1163,10,2437,1849,0.7209,4.1471
483,16.100,1164,9,2437,1847,0.4804,3.3808
484,16.133,1163,11,2438,1848,1.6540,3.3334
485,16.167,1162,9,2438,1848,0.2491,3.7772
486,16.200,1162,11,2439,1848,-0.5166,1.9553
487,16.233,1165,9,2440,1847,1.0219,2.9725
488,16.267,1163,11,2442,1850,-1.5385,3.2898
489,16.300,1163,7,2443,1851,-0.0335,4.0921
490,16.333,1164,8,2440,1846,-1.1121,2.1012
491,16.367,1164,8,2439,1847,-0.4308,2.6411
492,16.400,1165,9,2439,1847,0.2084,1.5731
493,16.433,1164,12,2440,1848,-0.3638,2.3476
494,16.467,1166,6,2439,1846,-0.1355,2.4062
495,16.500,1166,5,2439,1846,-1.0027,2.7134
496,16.533,1166,5,2440,1846,-0.0678,2.7184
497,16.567,1167,10,2439,1846,1.4161,0.3904
498,16.600,1165,12,2438,1847,1.7239,3.2165
499,16.633,1161,19,2438,1847,-0.2639,2.3630
500,16.667,1161,16,2437,1849,-0.0715,4.7374
501,16.700,1159,14,2437,1850,-0.6578,4.6606
502,16.733,1160,16,2437,1850,-0.5715,4.9875
503,16.767,1161,16,2437,1850,-0.2498,4.9823
504,16.800,1162,15,2438,1849,-0.2596,4.6361
505,16.833,1161,14,2442,1849,-0.3473,4.2813
506,16.867,1161,15,2442,1849,-1.0111,3.8282
507,16.900,1161,20,2443,1851,-1.4914,2.9991
508,16.933,1162,15,2444,1850,-1.4328,2.1741
509,16.967,1151,4,2441,1847,2.1925,-5.9209
510,17.000,1139,0,2444,1848,1.2421,-1.0223
511,17.033,1141,0,2445,1845,0.3529,-0.2939
512,17.067,1136,0,2444,1846,1.4263,-9.6415
513,17.100,1147,0,2440,1842,0.3745,-6.5506
514,17.133,1149,0,2442,1841,0.5289,-3.8849
515,17.167,1149,0,2443,1845,-3.5353,-2.1816
516,17.200,1148,0,2440,1839,-0.1986,-0.3944
517,17.233,1147,0,2440,1838,-1.6255,-0.8916
518,17.267,1150,0,2439,1837,-1.7097,-0.6280
519,17.300,1147,4,2438,1839,-3.3469,5.3051
520,17.333,1147,3,2439,1839,-2.7192,2.6138
521,17.367,1147,3,2439,1839,-3.3350,2.8135
522,17.400,1149,3,2440,1841,-1.3534,3.4482
523,17.433,1150,6,2439,1841,-2.4970,5.2779
524,17.467,1150,6,2440,1841,-2.3559,4.7345
525,17.500,1149,7,2441,1841,0.5851,6.1975
526,17.533,1150,7,2441,1842,-0.7895,5.7703
527,17.567,1149,8,2441,1845,0.3266,7.6691
528,17.600,1146,9,2440,1842,-0.7043,4.9717
529,17.633,1147,8,2439,1842,0.8508,4.6113
530,17.667,1146,13,2438,1842,-0.0206,4.6772
531,17.700,1144,13,2439,1843,-0.3945,3.4807
532,17.733,1144,13,2439,1844,1.3311,3.1281
533,17.767,1143,11,2439,1845,1.0722,3.4082
534,17.800,1143,11,2440,1843,-0.0451,3.9653
535,17.833,1143,10,2441,1844,-1.8868,4.0288
536,17.867,1143,8,2442,1845,0.4479,4.8533
537,17.900,1144,11,2441,1844,-0.7286,4.7051
538,17.933,1144,13,2442,1845,-1.2172,3.9389
539,17.967,1145,11,2442,1846,0.0860,4.9447
540,18.000,1145,13,2442,1849,-1.0781,2.7042
541,18.033,1148,13,2441,1848,-2.6470,1.7158
542,18.067,1146,12,2441,1848,-1.3520,2.9062
543,18.100,1149,15,2441,1849,-0.5438,3.1206
544,18.133,1149,12,2440,1848,-1.0662,4.0121
545,18.167,1148,11,2441,1846,-1.6952,2.7521
546,18.200,1148,10,2442,1846,-1.3477,3.5372
547,18.233,1149,12,2442,1846,-2.3755,3.3787
548,18.267,1149,12,2442,1848,-0.3492,3.3334
549,18.300,1150,12,2442,1848,-0.7507,3.5912
550,18.333,1149,13,2441,1848,-2.2267,4.9021
551,18.367,1149,13,2441,1848,-2.4305,5.1537
552,18.400,1149,14,2441,1848,-2.3241,4.5769
553,18.433,1148,14,2441,1848,-2.7098,4.8361
554,18.467,1149,16,2441,1848,-1.6544,4.5796
555,18.500,1150,16,2440,1846,-1.3026,4.5516
556,18.533,1149,13,2441,1848,-2.0174,5.6441
557,18.567,1148,12,2441,1847,-2.1114,4.4894
558,18.600,1148,12,2441,1847,-2.0779,4.5217
559,18.633,1149,12,2441,1847,-0.7029,5.5059
560,18.667,1148,12,2441,1848,-1.4266,4.4416
561,18.700,1148,12,2441,1849,-2.1855,5.0615
562,18.733,1148,13,2441,1848,-3.3261,3.5554
563,18.767,1148,13,2441,1848,-3.1687,3.5314
564,18.800,1148,13,2441,1847,-2.9289,3.2155
565,18.833,1149,12,2440,1847,-1.1230,3.5686
566,18.867,1146,12,2441,1847,-1.5680,4.9871
567,18.900,1147,12,2441,1846,-2.9676,4.0500
568,18.933,1147,11,2444,1848,-1.8405,5.5705
569,18.967,1147,13,2444,1849,-1.8347,4.1743
570,19.000,1147,16,2444,1847,-0.6448,5.4456
571,19.033,1148,15,2443,1846,-1.6775,3.7144
572,19.067,1147,14,2443,1846,-0.9190,4.2935
573,19.100,1148,14,2443,1845,-0.3804,3.7546
574,19.133,1149,19,2443,1847,0.4417,4.1612
575,19.167,1149,20,2443,1847,-0.4212,4.8395
576,19.200,1149,21,2443,1848,0.7111,5.7249
577,19.233,1149,21,2443,1848,0.5310,5.7647
578,19.267,1150,21,2443,1847,1.1291,5.1252
579,19.300,1150,18,2443,1847,0.5321,4.1956
580,19.333,1150,18,2443,1847,0.7855,4.4191
581,19.367,1149,18,2443,1846,0.6043,5.6464
582,19.400,1149,17,2443,1845,0.9150,4.9758
583,19.433,1149,14,2442,1845,-0.1584,5.3887
584,19.467,1151,13,2443,1845,0.5073,5.1642
585,19.500,1152,13,2443,1847,2.1152,5.5055
586,19.533,1153,11,2441,1844,0.2292,6.8540
587,19.567,1152,12,2441,1843,3.5951,5.4789
588,19.600,1151,11,2441,1842,1.7551,5.8994
589,19.633,1150,11,2442,1842,1.6028,7.5616
590,19.667,1149,11,2443,1842,0.7620,5.9919
591,19.700,1150,9,2443,1841,0.5558,6.2243
592,19.733,1148,0,2446,1839,1.2845,-4.4738
593,19.767,1148,0,2446,1840,0.0983,-5.5992
594,19.800,1138,0,2453,1844,6.0474,-2.4851
595,19.833,1147,0,2451,1836,10.0151,-2.7716
596,19.867,1145,0,2450,1836,10.4098,-4.2169
597,19.900,1146,3,2447,1835,7.7167,-1.7869
598,19.933,1148,6,2444,1836,9.1030,0.4356
599,19.967,1147,4,2444,1836,8.7441,0.5804
600,20.000,1146,4,2445,1836,7.7290,1.3750
601,20.033,1146,3,2445,1835,8.1420,-0.0643
602,20.067,1147,1,2445,1836,10.5121,0.0008
603,20.100,1143,0,2444,1835,10.9867,-0.6345
604,20.133,1143,0,2443,1835,9.9489,-0.0860
605,20.167,1142,0,2441,1835,10.8030,1.0252
606,20.200,1143,0,2440,1836,11.0016,0.6047
607,20.233,1143,0,2440,1836,11.1951,0.1464
608,20.267,1144,0,2442,1837,10.8954,1.0819
609,20.300,1144,1,2442,1837,10.7797,2.0553
610,20.333,1143,1,2443,1837,11.8768,1.5215
611,20.367,1144,0,2443,1837,10.5197,1.9819
612,20.400,1147,0,2443,1837,10.4501,1.3974
613,20.433,1148,0,2443,1838,9.3511,2.5064
614,20.467,1147,0,2443,1838,8.7737,1.8251
615,20.500,1148,0,2443,1837,9.4498,2.2905
616,20.533,1147,0,2444,1838,8.9320,2.4130
617,20.567,1146,0,2444,1836,9.7057,2.8410
618,20.600,1146,1,2445,1837,10.0540,2.7578
619,20.633,1147,2,2445,1837,9.7168,2.2124
620,20.667,1147,0,2445,1839,9.8505,2.4321
621,20.700,1147,1,2445,1838,9.2356,3.0181
622,20.733,1147,1,2445,1839,9.6975,2.8860
623,20.767,1147,2,2445,1839,9.6847,2.8599
624,20.800,1148,3,2445,1839,9.1058,3.4657
625,20.833,1147,4,2445,1840,7.7298,3.4829
626,20.867,1146,3,2445,1840,7.8863,3.2056
627,20.900,1147,2,2444,1838,9.6670,3.1183
628,20.933,1147,5,2443,1839,8.4637,3.9914
629,20.967,1148,5,2441,1838,9.3564,3.6359
630,21.000,1152,10,2441,1843,9.2706,3.8994
631,21.033,1153,8,2441,1842,10.2636,4.1584
632,21.067,1153,7,2441,1842,11.2332,2.2628
633,21.100,1154,6,2441,1841,12.2336,0.1498
634,21.133,1155,6,2441,1841,12.5129,2.0365
635,21.167,1154,3,2442,1841,10.5797,2.4667
636,21.200,1154,4,2442,1842,11.3353,2.9965
637,21.233,1154,3,2442,1842,10.7486,2.4410
638,21.267,1153,2,2443,1841,9.2667,1.9834
639,21.300,1158,1,2442,1839,9.7647,-1.5581
640,21.333,1160,0,2443,1840,11.3174,-2.4579
641,21.367,1152,0,2452,1844,4.7327,-6.8966
642,21.400,1146,0,2450,1842,8.1983,0.2641
643,21.433,1144,0,2447,1842,7.7999,0.6479
644,21.467,1153,0,2447,1836,9.0002,-1.4259
645,21.500,1154,8,2446,1835,7.0899,-0.2596
646,21.533,1156,16,2446,1837,9.7780,0.4104
647,21.567,1157,15,2444,1834,8.6165,0.2012
648,21.600,1156,15,2443,1836,8.9758,3.2522
649,21.633,1156,15,2444,1837,9.6871,2.0738
650,21.667,1156,16,2443,1837,9.5743,2.6657
651,21.700,1155,17,2443,1837,9.2670,2.6826
652,21.733,1155,17,2443,1836,8.5004,2.8955
653,21.767,1155,17,2444,1836,8.6149,3.8322
654,21.800,1156,17,2444,1837,9.5223,2.7404
655,21.833,1156,17,2444,1836,9.5553,2.8441
656,21.867,1156,17,2444,1837,9.8468,3.1543
657,21.900,1156,17,2444,1837,9.5096,3.2933
658,21.933,1156,17,2444,1837,8.7859,3.2463
659,21.967,1155,19,2444,1837,8.8487,6.0649
660,22.000,1155,15,2442,1838,9.5009,2.8197
661,22.033,1154,14,2442,1839,8.3182,3.2045
662,22.067,1155,14,2442,1838,9.3947,3.1117
663,22.100,1155,14,2442,1838,9.3010,3.2971
664,22.133,1155,15,2442,1838,9.4118,2.3864
665,22.167,1153,15,2442,1829,9.6500,4.6507
666,22.200,1153,13,2442,1830,9.6665,4.6448
667,22.233,1153,9,2442,1829,7.0684,3.0532
668,22.267,1154,8,2443,1829,8.9271,2.9534
669,22.300,1155,10,2442,1828,8.2063,2.4305
670,22.333,1155,8,2442,1830,9.8829,2.2887
671,22.367,1155,7,2442,1829,9.5551,1.8122
672,22.400,1156,4,2442,1830,8.9698,0.4722
673,22.433,1156,3,2442,1831,10.0470,0.3967
674,22.467,1156,4,2443,1831,10.2960,2.1181
675,22.500,1156,3,2443,1831,9.9182,0.7364
676,22.533,1155,3,2443,1832,8.7355,2.0487
677,22.567,1155,3,2443,1831,9.3814,2.3176
678,22.600,1154,3,2443,1831,10.9530,0.7735
679,22.633,1151,2,2443,1830,11.2763,1.5986
680,22.667,1152,5,2443,1831,10.8530,2.0909
681,22.700,1143,0,2444,1827,9.1843,3.4980
682,22.733,1149,0,2445,1827,9.5502,0.5422
683,22.767,1149,0,2446,1827,8.6895,6.9502
684,22.800,1152,0,2449,1829,8.2049,5.9723
685,22.833,1149,0,2453,1833,6.8384,5.7559
686,22.867,1151,0,2452,1833,8.5899,3.0470
687,22.900,1153,0,2451,1833,7.8913,3.1643
688,22.933,1156,0,2450,1837,11.6982,3.1316
689,22.967,1159,0,2450,1837,9.3268,1.7600
690,23.000,1159,1,2446,1836,10.5772,-1.4304
691,23.033,1156,5,2446,1834,13.6764,-0.8355
692,23.067,1155,4,2445,1835,12.6305,-0.1618
693,23.100,1155,6,2445,1836,11.0566,1.1474
694,23.133,1159,4,2446,1836,6.2235,1.8470
695,23.167,1158,5,2445,1835,7.8737,2.2747
696,23.200,1162,6,2438,1835,9.1816,-1.4591
697,23.233,1166,18,2440,1838,10.5628,-2.5167
698,23.267,1167,26,2440,1839,9.7237,-1.2125
699,23.300,1166,26,2440,1839,13.0161,2.3285
700,23.333,1167,23,2444,1837,11.3513,1.3426
701,23.367,1168,23,2445,1838,11.9372,0.8889
702,23.400,1168,24,2444,1837,11.0690,1.7101
703,23.433,1169,26,2442,1837,11.6442,-0.7799
704,23.467,1166,22,2439,1838,12.5459,0.1009
705,23.500,1162,17,2438,1839,10.9158,-1.2224
706,23.533,1160,14,2440,1839,9.7857,-1.5323
707,23.567,1162,15,2442,1840,10.9385,1.8896
708,23.600,1160,9,2443,1837,10.0261,-0.0060
709,23.633,1158,6,2443,1837,9.0391,0.1277
710,23.667,1158,3,2444,1837,9.6270,-1.6122
711,23.700,1157,4,2444,1838,8.1204,4.2380
712,23.733,1157,4,2444,1838,8.3929,4.3546
713,23.767,1156,5,2444,1839,10.4797,2.6116
714,23.800,1156,8,2444,1840,10.3244,2.8552
715,23.833,1157,5,2444,1840,9.6334,3.6559
716,23.867,1157,6,2444,1840,9.2562,3.1690
717,23.900,1158,6,2444,1839,10.2930,2.1751
718,23.933,1158,7,2444,1839,9.3506,2.6363
719,23.967,1158,7,2444,1840,9.7464,0.9614
720,24.000,1158,10,2441,1836,8.9019,2.9517
721,24.033,1158,10,2441,1837,9.4561,1.0921
722,24.067,1158,9,2441,1836,8.9236,2.0033
723,24.100,1158,8,2441,1838,11.0753,0.0959
724,24.133,1157,9,2441,1839,9.9357,-0.0392
725,24.167,1158,9,2440,1838,10.5602,0.8861
726,24.200,1158,9,2441,1837,9.9800,1.8221
727,24.233,1158,8,2440,1837,10.3804,-0.9017
728,24.267,1163,5,2439,1835,12.0134,-2.9782
729,24.300,1144,0,2452,1838,11.6371,-12.8257
730,24.333,1147,0,2451,1837,13.0269,-11.3458
731,24.367,1142,0,2447,1834,7.3894,-3.1389
732,24.400,1152,0,2446,1835,11.9530,-9.1642
733,24.433,1148,0,2446,1836,13.5722,-9.6661
734,24.467,1157,0,2443,1832,13.4003,-5.1808
735,24.500,1157,3,2441,1832,8.0284,2.1879
736,24.533,1157,5,2441,1833,9.5892,0.5824
737,24.567,1157,5,2440,1835,10.8843,0.4967
738,24.600,1156,3,2441,1835,9.8523,-0.4204
739,24.633,1156,3,2440,1837,10.4003,-0.5818
740,24.667,1156,2,2441,1838,8.9497,-0.2674
741,24.700,1156,2,2441,1837,9.8736,0.0272
742,24.733,1156,2,2441,1837,10.0845,0.2657
743,24.767,1156,3,2441,1837,11.6364,-0.6171
744,24.800,1157,4,2441,1837,11.4275,1.5530
745,24.833,1159,5,2441,1837,9.9984,0.9340
746,24.867,1159,5,2441,1836,9.9865,2.5696
747,24.900,1161,9,2440,1836,9.1568,0.3401
748,24.933,1161,8,2440,1836,9.3922,0.7894
749,24.967,1161,7,2441,1836,9.6819,1.9185
750,25.000,1162,3,2439,1836,11.7344,0.4516
751,25.033,1161,4,2438,1836,12.7634,-0.5863
752,25.067,1158,0,2438,1836,11.4765,-0.4359
753,25.100,1158,0,2439,1836,10.2261,1.5088
754,25.133,1157,0,2439,1838,11.1521,-1.3100
755,25.167,1157,0,2439,1840,11.3213,-1.5443
756,25.200,1157,0,2439,1840,11.5825,-1.2518
757,25.233,1157,0,2440,1839,11.9193,-1.2401
758,25.267,1158,0,2440,1839,10.5571,-0.2228
759,25.300,1158,0,2439,1839,10.8330,1.6148
760,25.333,1159,1,2440,1840,11.7014,1.7757
761,25.367,1159,1,2440,1841,11.5352,1.5673
762,25.400,1160,0,2442,1842,10.8542,0.9245
763,25.433,1160,0,2443,1841,11.8621,0.8501
764,25.467,1157,0,2443,1841,9.0868,0.2077
765,25.500,1158,0,2444,1841,9.8487,1.5089
766,25.533,1153,0,2445,1840,8.6028,2.4781
767,25.567,1152,0,2446,1843,7.4804,4.8117
768,25.600,1153,0,2446,1843,6.7425,3.5127
769,25.633,1153,0,2446,1843,7.5134,4.2392
770,25.667,1153,0,2445,1843,9.8477,3.6415
771,25.700,1153,1,2445,1842,7.7144,4.7603
772,25.733,1153,0,2446,1842,7.5359,3.5766
773,25.767,1143,0,2451,1847,8.9745,-8.7080
774,25.800,1140,0,2451,1845,8.4288,-1.2123
775,25.833,1144,0,2454,1847,13.7737,2.3954
776,25.867,1139,0,2450,1844,14.9936,0.7904
777,25.900,1151,0,2451,1841,16.0211,0.7510
778,25.933,1155,1,2444,1838,14.6260,1.5645
779,25.967,1156,2,2444,1838,13.4021,4.6727
780,26.000,1157,4,2448,1842,15.2393,1.6596
781,26.033,1159,9,2447,1843,13.3697,2.4431
782,26.067,1157,8,2446,1841,15.2965,2.8225
783,26.100,1158,13,2448,1843,14.1409,2.7430
784,26.133,1157,11,2447,1842,16.9363,3.0429
785,26.167,1158,13,2445,1842,15.2684,3.0816
786,26.200,1158,14,2445,1843,15.2130,2.8641
787,26.233,1161,20,2445,1845,15.3568,3.5170
788,26.267,1160,19,2444,1844,14.9470,4.0943
789,26.300,1162,19,2445,1846,15.2432,4.6590
790,26.333,1162,20,2444,1847,13.9943,5.3555
791,26.367,1163,21,2444,1847,12.4120,7.0607
792,26.400,1165,21,2444,1848,12.0631,6.4963
793,26.433,1164,16,2447,1847,19.2622,4.0183
794,26.467,1165,17,2446,1846,20.0608,5.0998
795,26.500,1161,17,2445,1845,21.1422,2.2918
796,26.533,1161,15,2445,1844,22.5847,3.3588
797,26.567,1162,11,2445,1843,21.2967,0.7397
798,26.600,1162,12,2445,1843,20.0255,0.7863
799,26.633,1163,10,2444,1843,21.5957,-0.7423
800,26.667,1162,8,2444,1842,19.5896,2.9090
801,26.700,1163,6,2443,1841,23.3722,-2.2247
802,26.733,1163,7,2443,1841,20.9250,-1.7715
803,26.767,1162,7,2444,1840,19.1270,0.2853
804,26.800,1163,8,2444,1842,20.7619,0.0439
805,26.833,1162,8,2444,1842,20.9885,2.3796
806,26.867,1163,9,2444,1842,22.5810,0.6034
807,26.900,1162,11,2446,1842,20.0656,2.9301
808,26.933,1163,11,2445,1842,21.0665,2.2090
809,26.967,1163,11,2444,1842,20.8233,2.5868
810,27.000,1164,13,2445,1845,20.5108,0.7360
811,27.033,1164,13,2445,1847,22.3684,0.7715
812,27.067,1163,15,2444,1846,20.2818,2.8324
813,27.100,1163,14,2445,1848,21.1362,3.4686
814,27.133,1163,12,2445,1848,22.3884,2.2257
815,27.167,1162,11,2444,1847,23.3392,1.1439
816,27.200,1160,11,2444,1849,22.4839,-1.1882
817,27.233,1161,9,2444,1849,22.4119,1.0951
818,27.267,1162,8,2443,1850,20.9745,0.8549
819,27.300,1162,3,2443,1849,19.2035,3.2680
820,27.333,1161,2,2443,1850,20.4655,3.2299
821,27.367,1162,1,2443,1849,21.5191,2.9117
822,27.400,1161,0,2444,1848,19.3841,2.4048
823,27.433,1159,1,2444,1849,20.8075,2.2754
824,27.467,1159,1,2444,1848,21.3191,2.5731
825,27.500,1159,1,2444,1848,21.8317,2.6687
826,27.533,1159,1,2444,1848,21.8827,2.9054
827,27.567,1159,1,2444,1848,21.5335,3.1854
828,27.600,1158,1,2443,1849,21.1229,2.8956
829,27.633,1158,1,2443,1850,21.5674,2.9118
830,27.667,1158,3,2443,1849,21.7431,2.6547
831,27.700,1159,6,2443,1848,20.7923,2.6360
832,27.733,1158,6,2444,1848,21.6228,2.5191
833,27.767,1158,6,2444,1849,21.0318,3.2888
834,27.800,1157,5,2444,1849,22.1944,1.5937
835,27.833,1155,6,2444,1849,18.5670,2.4970
836,27.867,1155,6,2444,1849,18.5920,3.1561
837,27.900,1154,6,2445,1850,19.9619,3.3917
838,27.933,1154,7,2445,1849,19.6585,3.0895
839,27.967,1154,6,2445,1850,20.3756,3.1149
840,28.000,1151,1,2445,1845,18.0407,1.5452
841,28.033,1152,2,2445,1843,18.3588,0.7619
842,28.067,1151,0,2445,1842,17.8810,1.1753
843,28.100,1149,0,2446,1840,17.7898,0.5927
844,28.133,1151,0,2445,1840,17.7259,0.2327
845,28.167,1152,0,2445,1840,17.9209,1.0975
846,28.200,1153,0,2446,1840,17.7462,1.3682
847,28.233,1154,0,2446,1841,18.4508,0.7002
848,28.267,1153,0,2447,1841,19.6129,0.1413
849,28.300,1151,0,2446,1842,19.8268,-1.7816
850,28.333,1151,0,2446,1841,18.7401,0.7853
851,28.367,1151,0,2447,1842,18.9637,-0.0061
852,28.400,1151,0,2446,1840,19.3958,0.9010
853,28.433,1153,0,2446,1840,18.3145,-0.0996
854,28.467,1152,0,2447,1841,18.7280,2.0797
855,28.500,1153,0,2447,1840,17.1491,-0.5753
856,28.533,1155,0,2446,1840,18.8891,1.2602
857,28.567,1148,0,2452,1847,24.4106,-9.1098
858,28.600,1141,0,2452,1850,20.8754,-9.5721
859,28.633,1138,0,2446,1843,18.6338,-0.0142
860,28.667,1145,0,2451,1846,19.8984,-3.8966
861,28.700,1137,0,2450,1848,18.5385,-2.6040
862,28.733,1147,0,2454,1846,21.3648,-1.7459
863,28.767,1149,0,2450,1842,21.3307,-2.7484
864,28.800,1150,0,2449,1843,19.2557,-1.1780
865,28.833,1149,0,2448,1843,20.0517,-1.4157
866,28.867,1148,0,2447,1843,18.7959,-0.9401
867,28.900,1145,0,2442,1843,19.2166,-0.1348
868,28.933,1145,2,2443,1843,19.6459,0.2919
869,28.967,1146,2,2443,1843,19.0526,0.0589
870,29.000,1146,13,2450,1858,17.9032,-1.1267
871,29.033,1146,13,2449,1856,16.4510,0.0828
872,29.067,1145,13,2449,1857,17.1866,0.5303
873,29.100,1145,13,2449,1857,17.5496,1.0193
874,29.133,1146,13,2448,1855,17.6518,-1.4218
875,29.167,1147,12,2448,1855,15.9157,2.8840
876,29.200,1147,12,2448,1856,15.7591,2.2737
877,29.233,1148,12,2448,1856,16.6134,-0.3427
878,29.267,1149,12,2448,1856,16.5050,-1.1773
879,29.300,1149,12,2449,1856,16.9745,-2.2306
880,29.333,1149,10,2450,1856,18.7535,-1.6423
881,29.367,1148,12,2449,1856,16.1563,0.6103
882,29.400,1149,13,2449,1857,16.4385,0.5813
883,29.433,1147,15,2449,1855,18.6410,-1.9625
884,29.467,1146,15,2449,1856,17.3734,1.1162
885,29.500,1147,16,2449,1854,17.7939,0.1543
886,29.533,1147,17,2447,1853,17.8079,2.5544
887,29.567,1147,17,2445,1853,18.3628,-1.3170
888,29.600,1147,16,2445,1855,17.3732,0.9951
889,29.633,1146,17,2445,1854,18.0974,0.8107
890,29.667,1148,16,2443,1852,17.9500,2.2988
891,29.700,1147,19,2443,1853,18.9733,1.5924
892,29.733,1147,18,2444,1853,18.6457,2.8156
893,29.767,1147,18,2444,1853,18.5075,2.7013
894,29.800,1146,18,2444,1852,15.7160,2.6870
895,29.833,1147,18,2444,1852,18.5006,1.2670
896,29.867,1147,17,2445,1852,17.5111,0.7424
897,29.900,1147,16,2444,1853,17.0238,2.9184
898,29.933,1146,15,2445,1854,17.4594,4.4012
899,29.967,1147,17,2445,1854,17.0826,2.7014
900,30.000,1150,18,2443,1849,18.8200,2.8527
901,30.033,1150,17,2443,1848,19.2562,3.5475
902,30.067,1152,17,2443,1848,20.1415,5.1802
903,30.100,1151,19,2442,1848,20.2368,2.9948
904,30.133,1150,17,2442,1848,17.9125,3.8860
905,30.167,1150,17,2443,1846,18.5017,2.5496
906,30.200,1150,17,2443,1845,18.5340,1.9263
907,30.233,1150,18,2442,1845,17.7036,2.5264
908,30.267,1150,19,2443,1844,19.4670,2.8510
909,30.300,1151,20,2443,1844,20.2552,3.5272
910,30.333,1151,21,2442,1844,20.1134,2.3456
911,30.367,1152,21,2443,1845,21.0755,1.8256
912,30.400,1152,22,2443,1845,20.5468,1.6942
913,30.433,1153,21,2443,1843,20.4749,3.4934
914,30.467,1153,21,2443,1843,20.4179,3.3323
915,30.500,1152,21,2442,1843,20.7964,2.7110
916,30.533,1153,21,2443,1843,21.4090,3.4764
917,30.567,1151,21,2443,1845,21.1391,3.4863
918,30.600,1151,21,2444,1844,21.2696,1.4141
919,30.633,1150,20,2444,1845,20.8690,2.1305
920,30.667,1149,19,2444,1845,20.4284,0.6189
921,30.700,1150,19,2443,1844,18.6068,1.7509
922,30.733,1150,21,2444,1843,18.9183,1.4113
923,30.767,1150,20,2443,1842,21.1027,2.9564
924,30.800,1150,21,2442,1841,19.4338,2.1202
925,30.833,1150,19,2443,1841,19.5599,2.7629
926,30.867,1150,18,2444,1840,21.0758,2.8438
927,30.900,1151,18,2444,1841,18.2556,1.8429
928,30.933,1153,18,2443,1838,21.4721,5.2123
929,30.967,1154,17,2442,1837,20.2805,1.7239
930,31.000,1154,15,2445,1839,20.1168,1.5612
931,31.033,1156,14,2445,1840,21.3645,2.0355
932,31.067,1156,14,2445,1839,21.5287,2.5012
933,31.100,1156,14,2445,1838,22.5228,1.6036
934,31.133,1158,14,2444,1839,21.3628,1.5186
935,31.167,1159,12,2445,1840,17.5533,2.2745
936,31.200,1157,11,2445,1840,19.3150,1.5268
937,31.233,1158,11,2444,1839,19.5132,-0.2162
938,31.267,1158,11,2445,1839,20.2892,0.3053
939,31.300,1158,6,2445,1842,19.6535,1.0179
940,31.333,1159,6,2445,1843,20.2700,-0.0347
941,31.367,1157,5,2445,1844,18.9644,0.0487
942,31.400,1160,4,2444,1846,19.6838,0.4182
943,31.433,1157,6,2442,1844,17.9433,-1.2559
944,31.467,1142,0,2449,1851,19.5155,-13.9320
945,31.500,1141,0,2443,1846,18.0648,-1.3737
946,31.533,1137,0,2440,1846,16.3940,-1.5476
947,31.567,1145,0,2445,1845,16.3405,-4.2570
948,31.600,1155,1,2442,1838,20.5701,-2.3265
949,31.633,1154,0,2442,1839,22.9399,-0.1791
950,31.667,1159,1,2442,1840,20.9087,-5.2174
951,31.700,1157,2,2441,1843,20.6361,0.1192
952,31.733,1157,2,2441,1842,21.5039,0.5866
953,31.767,1157,2,2441,1843,20.9315,0.1345
954,31.800,1154,5,2438,1843,21.0148,-0.4041
955,31.833,1156,7,2439,1844,21.6167,-0.0192
956,31.867,1156,7,2439,1844,21.4078,-0.5743
957,31.900,1156,9,2439,1844,17.6230,1.8323
958,31.933,1153,9,2439,1844,19.3927,2.1532
959,31.967,1156,11,2439,1843,20.6809,3.6939
960,32.000,1156,11,2442,1842,18.5440,3.8357
961,32.033,1156,14,2443,1844,19.0923,3.0661
962,32.067,1154,11,2444,1846,18.5450,1.2365
963,32.100,1154,12,2444,1846,19.2479,1.5558
964,32.133,1154,11,2444,1846,20.0868,2.7381
965,32.167,1155,13,2443,1847,20.1742,0.9577
966,32.200,1155,13,2443,1847,20.7345,0.9168
967,32.233,1155,13,2444,1847,21.2104,0.6469
968,32.267,1156,12,2443,1848,18.4756,4.1222
969,32.300,1157,13,2444,1848,20.0149,2.6768
970,32.333,1157,13,2444,1848,19.9116,2.3575
971,32.367,1157,13,2444,1849,20.4689,3.1640
972,32.400,1156,15,2446,1849,19.4339,-1.0088
973,32.433,1158,19,2445,1845,21.6000,2.4048
974,32.467,1159,21,2445,1845,20.3562,4.0536
975,32.500,1159,10,2447,1845,22.7870,0.1781
976,32.533,1164,15,2447,1844,20.1163,6.5809
977,32.567,1159,12,2447,1845,21.1018,6.4718
978,32.600,1159,14,2447,1845,24.3287,5.8947
979,32.633,1160,15,2447,1845,22.5958,7.5978
980,32.667,1160,13,2446,1844,20.5327,8.2950
981,32.700,1161,11,2445,1842,23.3105,4.6694
982,32.733,1160,12,2445,1842,21.7104,3.7532
983,32.767,1161,13,2445,1841,21.5200,7.4343
984,32.800,1161,14,2445,1841,21.0749,8.8666
985,32.833,1161,13,2444,1838,21.7058,6.7985
986,32.867,1161,13,2444,1839,20.3179,5.6860
987,32.900,1162,13,2444,1839,20.7281,6.0705
988,32.933,1162,13,2444,1839,19.5499,5.7970
989,32.967,1162,12,2444,1840,19.9425,6.2914
990,33.000,1159,9,2448,1841,20.1758,7.4969
991,33.033,1159,9,2447,1841,20.9459,6.2291
992,33.067,1159,10,2448,1842,18.8641,7.6779
993,33.100,1159,9,2448,1841,21.2306,7.6700
994,33.133,1159,10,2449,1842,19.0375,9.6159
995,33.167,1157,7,2449,1842,20.6678,8.3105
996,33.200,1157,7,2448,1841,20.0491,5.7144
997,33.233,1157,7,2449,1839,20.8304,7.1446
998,33.267,1158,9,2450,1840,18.8829,8.0859
999,33.300,1158,7,2448,1838,20.9118,6.7113
1000,33.333,1157,8,2448,1838,21.1079,8.0378
1001,33.367,1158,8,2448,1839,21.6321,9.1307
1002,33.400,1160,7,2447,1837,19.4840,6.1210
1003,33.433,1160,7,2447,1838,20.0939,5.6325
1004,33.467,1159,6,2447,1839,19.6670,6.3367
1005,33.500,1160,6,2448,1838,19.4125,6.8678
1006,33.533,1161,5,2448,1840,18.5435,5.8082
1007,33.567,1159,5,2449,1840,18.0587,8.8228
1008,33.600,1160,4,2447,1838,20.6578,7.0273
1009,33.633,1159,4,2448,1837,21.2771,4.9487
1010,33.667,1160,7,2448,1837,19.6906,8.0172
1011,33.700,1159,8,2447,1838,19.2176,7.7159
1012,33.733,1159,10,2448,1838,21.8020,8.3091
1013,33.767,1159,10,2447,1838,21.5316,6.8848
1014,33.800,1158,8,2447,1839,17.8056,8.2947
1015,33.833,1158,7,2447,1841,18.9914,7.8564
1016,33.867,1160,6,2446,1840,20.4724,6.3704
1017,33.900,1163,9,2444,1839,21.3997,7.7783
1018,33.933,1166,10,2443,1840,21.7739,6.0554
1019,33.967,1167,2,2443,1840,21.5006,4.8504
1020,34.000,1169,6,2440,1839,21.1062,-0.7453
1021,34.033,1169,6,2442,1839,21.4467,-1.3656
1022,34.067,1144,0,2443,1845,21.4283,0.1217
1023,34.100,1149,0,2442,1842,16.2121,3.0138
1024,34.133,1143,0,2441,1844,17.6453,4.2356
1025,34.167,1147,0,2448,1847,21.2460,-3.2203
1026,34.200,1160,7,2447,1843,23.0889,3.0488
1027,34.233,1159,7,2446,1843,21.1494,2.9651
1028,34.267,1161,7,2446,1844,20.2246,5.1465
1029,34.300,1161,0,2446,1843,19.0075,1.1529
1030,34.333,1164,0,2448,1846,19.1184,1.9232
1031,34.367,1162,0,2445,1845,19.0129,2.1608
1032,34.400,1161,0,2444,1846,17.1801,2.2096
1033,34.433,1160,0,2445,1847,19.5800,3.4841
1034,34.467,1160,0,2445,1847,19.7068,3.6396
1035,34.500,1159,0,2445,1848,19.9040,1.8070
1036,34.533,1158,0,2445,1848,20.0354,3.1738
1037,34.567,1157,0,2445,1848,20.2862,2.3740
1038,34.600,1158,0,2444,1849,19.2548,2.0061
1039,34.633,1157,0,2444,1849,21.7590,2.8266
1040,34.667,1157,0,2445,1849,21.2182,2.3972
1041,34.700,1155,0,2445,1850,20.8330,1.4463
1042,34.733,1153,0,2445,1851,20.8420,5.2724
1043,34.767,1154,0,2446,1852,20.6983,4.7988
1044,34.800,1153,0,2446,1854,20.2060,4.9389
1045,34.833,1154,0,2447,1856,20.5340,5.5840
1046,34.867,1154,0,2447,1856,20.7098,5.6555
1047,34.900,1155,0,2448,1856,19.1733,6.3852
1048,34.933,1156,0,2449,1857,19.8851,5.2554
1049,34.967,1156,0,2446,1855,17.7642,1.9148
1050,35.000,1156,0,2445,1855,19.6025,2.6534
1051,35.033,1156,0,2443,1855,18.5938,3.8234
1052,35.067,1155,0,2444,1856,18.6986,2.5727
1053,35.100,1155,0,2444,1855,19.7586,1.2016
1054,35.133,1154,0,2442,1854,20.0069,3.1938
1055,35.167,1155,0,2443,1854,19.1061,1.8916
1056,35.200,1155,0,2443,1853,19.3839,2.6916
1057,35.233,1155,0,2443,1853,19.1003,2.8143
1058,35.267,1154,0,2443,1853,18.2959,1.8937
1059,35.300,1155,0,2444,1853,18.5171,1.8196
1060,35.333,1155,0,2444,1853,18.6075,2.2478
1061,35.367,1155,0,2444,1853,18.7097,1.8680
1062,35.400,1155,0,2445,1853,19.3208,1.6645
1063,35.433,1155,0,2445,1852,19.6610,0.5176
1064,35.467,1155,0,2444,1852,20.6313,1.8335
1065,35.500,1155,0,2444,1851,20.0115,1.4583
1066,35.533,1157,0,2443,1849,18.9682,2.7003
1067,35.567,1158,0,2442,1848,18.8474,2.2818
1068,35.600,1157,0,2441,1848,18.4259,5.5640
1069,35.633,1157,0,2441,1848,18.5406,5.2939
1070,35.667,1159,0,2441,1848,19.3222,2.9481
1071,35.700,1158,0,2441,1849,19.2850,3.8888
1072,35.733,1159,0,2441,1849,20.4885,4.3647
1073,35.767,1160,0,2440,1849,21.2913,7.1037
1074,35.800,1160,0,2439,1848,20.2563,7.3557
1075,35.833,1159,0,2438,1848,20.7776,4.9550
1076,35.867,1159,0,2439,1849,20.7429,6.4357
1077,35.900,1158,0,2439,1849,19.9303,4.3843
1078,35.933,1158,0,2440,1848,18.5717,6.3586
1079,35.967,1158,0,2440,1849,20.2700,4.4197
1080,36.000,1157,0,2442,1855,18.9685,4.6889
1081,36.033,1158,0,2443,1855,19.1470,4.0682
1082,36.067,1157,0,2443,1854,18.2566,6.1165
1083,36.100,1157,0,2444,1854,18.9598,6.1614
1084,36.133,1158,0,2443,1854,19.0674,4.3256
1085,36.167,1158,0,2443,1853,19.5162,4.8948
1086,36.200,1160,0,2447,1839,18.6580,4.0712
1087,36.233,1160,0,2447,1837,19.7976,4.9142
1088,36.267,1161,0,2446,1836,20.1264,4.3334
1089,36.300,1160,0,2447,1836,19.2424,4.5278
1090,36.333,1160,0,2447,1835,19.3361,3.5105
1091,36.367,1160,0,2447,1835,19.3542,3.6876
1092,36.400,1161,0,2447,1836,19.4519,3.3330
1093,36.433,1161,0,2447,1836,19.1905,2.5873
1094,36.467,1161,0,2447,1836,19.2113,2.8103
1095,36.500,1161,0,2448,1837,20.0447,2.8933
1096,36.533,1162,0,2447,1836,20.1439,4.2352
1097,36.567,1162,0,2447,1836,20.3932,3.5103
1098,36.600,1162,0,2447,1836,20.2113,3.6866
1099,36.633,1162,0,2447,1835,19.0375,2.4736
1100,36.667,1161,0,2447,1837,17.9147,2.7048
1101,36.700,1162,0,2447,1836,20.1473,3.6324
1102,36.733,1162,0,2447,1837,19.0801,2.2460
1103,36.767,1162,0,2447,1837,18.9649,2.7455
1104,36.800,1162,0,2445,1835,20.1228,3.8503
1105,36.833,1159,0,2444,1838,18.4818,5.5177
1106,36.867,1158,0,2445,1839,17.2635,4.2636
1107,36.900,1158,0,2445,1839,18.3222,4.8380
1108,36.933,1159,0,2445,1840,17.9185,5.7765
1109,36.967,1156,0,2445,1843,17.2696,4.9316
1110,37.000,1158,0,2442,1836,18.8223,6.1253
1111,37.033,1158,0,2441,1835,18.5562,6.1165
1112,37.067,1159,0,2441,1834,18.3480,6.1019
1113,37.100,1159,0,2441,1835,19.2817,5.2296
1114,37.133,1159,0,2441,1835,18.9578,4.5211
1115,37.167,1157,0,2441,1835,18.6379,5.7712
1116,37.200,1157,0,2440,1834,17.8513,3.2796
1117,37.233,1160,0,2438,1834,21.8490,1.0305
1118,37.267,1145,0,2446,1838,19.2283,-1.3952
1119,37.300,1146,0,2440,1834,16.3768,-2.9185
1120,37.333,1141,0,2437,1831,11.5677,-9.5528
1121,37.367,1142,0,2439,1833,15.9407,-1.1210
1122,37.400,1150,0,2443,1832,21.5767,-2.6496
1123,37.433,1151,0,2443,1830,21.3220,-3.6561
1124,37.467,1157,0,2441,1828,21.2795,0.3096
1125,37.500,1156,0,2440,1829,19.2682,2.6730
1126,37.533,1154,0,2439,1830,20.0763,2.4618
1127,37.567,1157,0,2439,1832,19.7703,-2.1579
1128,37.600,1157,0,2438,1832,19.4514,-2.0498
1129,37.633,1157,0,2438,1832,19.2433,-0.3605
1130,37.667,1158,0,2439,1832,19.7294,0.4887
1131,37.700,1154,0,2441,1837,20.6031,-1.9599
1132,37.733,1151,0,2442,1838,20.9334,1.8568
1133,37.767,1149,0,2444,1841,19.2931,-0.9409
1134,37.800,1147,0,2445,1842,21.4059,5.9758
1135,37.833,1146,0,2445,1841,20.5561,5.4572
1136,37.867,1146,0,2446,1842,21.1629,4.3481
1137,37.900,1146,0,2445,1842,21.2271,6.1530
1138,37.933,1147,0,2445,1844,21.0029,6.1454
1139,37.967,1148,0,2445,1844,21.4617,6.0399
1140,38.000,1147,0,2444,1846,19.9297,5.5994
1141,38.033,1147,0,2443,1845,20.6438,4.4819
1142,38.067,1147,0,2442,1845,19.7902,4.0314
1143,38.100,1147,0,2442,1845,20.0003,2.9164
1144,38.133,1147,0,2440,1844,20.4967,2.5309
1145,38.167,1148,0,2441,1845,18.9581,1.2444
1146,38.200,1147,0,2442,1846,20.2601,2.0658
1147,38.233,1147,0,2442,1845,19.9095,1.3234
1148,38.267,1148,0,2443,1845,19.4084,0.9759
1149,38.300,1149,0,2444,1845,20.0563,1.2720
1150,38.333,1149,0,2445,1846,19.1541,1.2009
1151,38.367,1150,0,2444,1846,20.6532,1.9408
1152,38.400,1153,0,2446,1847,20.7198,5.0343
1153,38.433,1154,0,2446,1846,21.5403,-0.0710
1154,38.467,1155,0,2446,1846,21.8882,0.2020
1155,38.500,1154,0,2445,1846,21.9556,0.7894
1156,38.533,1154,0,2445,1846,22.3420,-0.5128
1157,38.567,1154,0,2445,1846,22.0936,1.8782
1158,38.600,1154,0,2445,1846,21.6239,2.4219
1159,38.633,1154,0,2444,1846,22.2070,3.7665
1160,38.667,1154,0,2444,1847,22.8958,4.0787
1161,38.700,1151,0,2442,1849,24.5023,4.7072
1162,38.733,1152,0,2442,1848,23.3436,4.2853
1163,38.767,1152,0,2442,1849,22.2014,4.2839
1164,38.800,1153,0,2442,1850,23.0773,2.8534
1165,38.833,1153,0,2441,1847,20.8171,7.1775
1166,38.867,1156,0,2440,1846,20.2039,7.8711
1167,38.900,1156,0,2439,1846,21.2578,7.8147
1168,38.933,1156,0,2440,1846,21.5574,6.6179
1169,38.967,1156,0,2439,1846,21.3105,7.8076
1170,39.000,1155,0,2443,1850,20.7199,6.3899
1171,39.033,1153,0,2444,1851,22.3523,7.1871
1172,39.067,1153,0,2444,1851,22.5631,7.3027
1173,39.100,1153,0,2444,1851,22.1175,8.4954
1174,39.133,1153,0,2445,1852,19.4954,8.3798
1175,39.167,1152,1,2446,1853,18.9672,10.5169
1176,39.200,1152,2,2446,1852,18.1197,11.2745
1177,39.233,1152,1,2445,1852,19.8417,10.1295
1178,39.267,1152,0,2443,1850,22.1207,6.9018
1179,39.300,1152,0,2442,1849,17.7107,6.6402
1180,39.333,1153,1,2442,1848,19.8848,6.9189
1181,39.367,1153,1,2441,1849,18.4319,6.8870
1182,39.400,1154,2,2440,1849,18.5207,5.5591
1183,39.433,1155,1,2442,1850,19.1487,7.1073
1184,39.467,1155,1,2442,1850,18.8370,7.1036
1185,39.500,1156,3,2440,1848,17.9669,8.4895
1186,39.533,1156,2,2441,1851,17.8535,9.9104
1187,39.567,1155,3,2442,1850,19.9717,7.2465
1188,39.600,1155,3,2442,1850,19.6113,7.7926
1189,39.633,1154,1,2443,1849,18.4776,9.0079
1190,39.667,1154,5,2444,1849,16.7486,8.6141
1191,39.700,1153,3,2444,1850,17.1107,12.1592
1192,39.733,1153,2,2444,1851,20.7703,9.8458
1193,39.767,1153,2,2443,1850,20.6415,9.5781
1194,39.800,1153,3,2445,1848,16.8504,12.0144
1195,39.833,1153,4,2444,1849,16.3300,11.4089
1196,39.867,1153,3,2444,1851,18.6156,10.5277
1197,39.900,1154,4,2444,1852,18.0942,8.4374
1198,39.933,1153,2,2444,1854,19.0350,11.2751
1199,39.967,1152,2,2444,1855,17.9996,12.3521
1200,40.000,1152,2,2446,1850,18.0016,12.2823
1201,40.033,1152,2,2444,1849,17.1311,7.3204
1202,40.067,1152,1,2444,1849,16.7428,6.6087
1203,40.100,1154,0,2445,1848,19.8246,5.6414
1204,40.133,1154,0,2444,1845,17.9071,7.8320
1205,40.167,1155,0,2442,1842,19.5497,3.7399
1206,40.200,1129,0,2449,1843,14.7229,2.2498
1207,40.233,1127,0,2448,1842,17.3425,1.1682
1208,40.267,1125,0,2442,1840,17.7887,1.7625
1209,40.300,1144,0,2450,1843,21.0488,6.4101
1210,40.333,1144,0,2451,1844,22.8588,2.7002
1211,40.367,1155,0,2448,1845,19.2164,5.5547
1212,40.400,1153,3,2444,1846,20.6742,5.8379
1213,40.433,1156,1,2444,1846,21.3696,3.8284
1214,40.467,1157,2,2444,1847,20.3329,5.8235
1215,40.500,1157,1,2443,1846,18.4125,3.9717
1216,40.533,1157,0,2444,1846,17.8479,3.1407
1217,40.567,1158,0,2444,1846,19.4754,2.1735
1218,40.600,1159,0,2444,1847,19.5158,4.1700
1219,40.633,1159,0,2443,1848,18.7007,4.7862
1220,40.667,1159,0,2443,1847,18.2130,6.2194
1221,40.700,1159,0,2443,1846,19.4472,7.1227
1222,40.733,1161,0,2444,1843,19.4294,5.9599
1223,40.767,1160,0,2444,1846,19.0678,9.8882
1224,40.800,1160,0,2446,1848,18.0491,10.3000
1225,40.833,1160,0,2446,1849,18.3829,9.2446
1226,40.867,1160,0,2446,1849,18.0899,9.7309
1227,40.900,1159,0,2446,1849,18.2617,6.9015
1228,40.933,1160,0,2446,1849,17.8630,10.0677
1229,40.967,1159,0,2446,1849,17.6733,7.8749
1230,41.000,1163,0,2445,1849,20.0529,11.1821
1231,41.033,1164,0,2444,1848,20.7757,12.0081
1232,41.067,1164,0,2444,1848,21.0790,11.7702
1233,41.100,1164,0,2444,1850,21.1426,12.4269
1234,41.133,1164,0,2443,1850,20.0703,9.3725
1235,41.167,1162,0,2442,1851,20.3093,8.0112
1236,41.200,1162,0,2441,1848,21.0244,9.2332
1237,41.233,1161,0,2441,1849,20.9575,10.2976
1238,41.267,1160,0,2441,1850,18.6473,10.3376
1239,41.300,1160,0,2442,1851,17.9982,11.1465
1240,41.333,1159,0,2444,1852,19.2863,7.2899
1241,41.367,1159,0,2443,1852,18.4242,11.2586
1242,41.400,1159,0,2443,1850,18.3995,10.4059
1243,41.433,1159,0,2442,1852,18.3169,11.0755
1244,41.467,1159,0,2442,1853,18.9628,10.8915
1245,41.500,1157,0,2442,1852,18.2873,6.5747
1246,41.533,1156,0,2442,1848,21.0018,6.9182
1247,41.567,1156,1,2441,1848,21.3133,7.9856
1248,41.600,1156,2,2440,1847,20.8752,6.5915
1249,41.633,1157,1,2441,1847,20.0503,8.0388
1250,41.667,1157,4,2440,1846,20.1029,7.1412
1251,41.700,1156,4,2439,1847,20.7559,3.9829
1252,41.733,1157,5,2439,1847,20.4887,5.0303
1253,41.767,1157,3,2440,1848,19.2095,9.5649
1254,41.800,1158,0,2440,1849,18.5172,7.0660
1255,41.833,1158,3,2439,1847,20.0410,10.6328
1256,41.867,1159,5,2439,1846,19.9393,8.6420
1257,41.900,1159,4,2439,1845,19.7686,7.9866
1258,41.933,1160,2,2438,1844,19.6686,11.5280
1259,41.967,1161,5,2438,1845,20.1564,11.4697
1260,42.000,1158,4,2441,1845,21.1878,4.1929
1261,42.033,1158,4,2442,1846,20.9859,4.9182
1262,42.067,1157,4,2442,1846,20.4016,4.5042
1263,42.100,1158,4,2442,1846,20.7949,4.6313
1264,42.133,1158,4,2441,1845,20.8156,3.1342
1265,42.167,1157,6,2441,1845,22.3409,3.0338
1266,42.200,1158,6,2441,1846,20.2839,4.6568
1267,42.233,1158,5,2441,1846,20.4887,5.9879
1268,42.267,1157,4,2441,1846,22.3462,3.2757
1269,42.300,1157,5,2441,1846,20.7537,5.8087
1270,42.333,1158,6,2441,1847,20.1741,5.7055
1271,42.367,1159,6,2441,1847,21.5329,5.8580
1272,42.400,1158,6,2442,1849,19.0106,2.5978
1273,42.433,1159,5,2442,1848,20.7233,5.4295
1274,42.467,1159,4,2442,1847,21.7720,7.5063
1275,42.500,1159,4,2442,1848,20.9699,5.5686
1276,42.533,1159,4,2443,1848,20.3203,6.2038
1277,42.567,1160,5,2443,1848,19.5470,5.8514
1278,42.600,1159,4,2443,1849,20.0549,6.9893
1279,42.633,1139,0,2446,1853,16.5092,0.3437
1280,42.667,1141,0,2447,1851,20.2348,1.0427
1281,42.700,1139,0,2439,1845,17.2463,1.8950
1282,42.733,1148,0,2448,1852,17.8005,7.9078
1283,42.767,1147,0,2448,1851,21.1082,4.7218
1284,42.800,1161,0,2449,1849,19.6450,0.6839
1285,42.833,1157,0,2445,1848,17.9868,6.6857
1286,42.867,1158,1,2443,1845,17.5935,3.3286
1287,42.900,1159,0,2441,1847,20.8253,6.3091
1288,42.933,1161,1,2440,1847,19.2682,8.4374
1289,42.967,1163,3,2439,1846,20.3481,8.3912
1290,43.000,1162,4,2441,1848,19.1939,12.3936
1291,43.033,1161,6,2441,1847,17.9987,7.5888
1292,43.067,1160,6,2442,1847,17.6422,6.9007
1293,43.100,1157,8,2445,1847,1.0371,7.9284
1294,43.133,1160,4,2443,1843,0.1176,5.7059
1295,43.167,1160,2,2443,1843,-1.6573,4.6499
1296,43.200,1157,0,2444,1842,-0.2637,5.7351
1297,43.233,1154,14,2447,1846,7.0300,5.6113
1298,43.267,1155,14,2446,1846,9.7640,5.3070
1299,43.300,1157,4,2446,1845,15.6896,2.6543
1300,43.333,1155,4,2445,1845,17.0785,1.3394
1301,43.367,1155,6,2445,1844,19.2410,2.6272
1302,43.400,1157,3,2444,1844,16.5349,5.4691
1303,43.433,1160,1,2443,1843,19.3250,-0.0744
1304,43.467,1160,0,2442,1843,19.4042,-0.0781
1305,43.500,1159,2,2443,1844,17.9821,1.8426
1306,43.533,1159,2,2442,1844,19.4945,2.1027
1307,43.567,1158,5,2442,1844,19.6891,-0.6518
1308,43.600,1158,6,2441,1844,19.9474,-0.0036
1309,43.633,1157,10,2441,1843,20.4868,4.1203
1310,43.667,1157,10,2440,1842,19.5693,5.1483
1311,43.700,1157,12,2441,1844,17.9843,5.2186
1312,43.733,1156,11,2442,1843,17.6981,5.7319
1313,43.767,1156,12,2442,1843,19.0300,6.9929
1314,43.800,1158,14,2442,1844,17.1409,8.7302
1315,43.833,1157,16,2443,1845,18.6858,8.2190
1316,43.867,1158,16,2444,1845,18.6088,6.1230
1317,43.900,1159,17,2446,1845,16.8177,9.0562
1318,43.933,1159,16,2446,1845,16.7993,8.9211
1319,43.967,1158,16,2445,1843,17.1690,8.0789
1320,44.000,1159,17,2442,1841,17.7178,6.2435
1321,44.033,1158,17,2442,1840,16.9356,7.4303
1322,44.067,1158,17,2441,1840,16.2638,8.2726
1323,44.100,1158,17,2441,1841,17.8612,8.5595
1324,44.133,1158,17,2441,1841,16.7137,9.4704
1325,44.167,1158,15,2441,1841,17.1941,6.5334
1326,44.200,1158,14,2441,1842,18.0248,7.1116
1327,44.233,1158,13,2441,1842,18.0135,8.8697
1328,44.267,1158,12,2440,1842,19.8224,6.7345
1329,44.300,1158,12,2440,1842,18.8872,8.9563
1330,44.333,1158,14,2440,1842,17.1649,8.2851
1331,44.367,1158,15,2440,1843,17.6450,6.2333
1332,44.400,1158,17,2440,1844,16.7994,9.3125
1333,44.433,1158,17,2440,1844,16.6767,8.9155
1334,44.467,1159,17,2440,1844,17.9175,7.6632
1335,44.500,1159,17,2440,1844,17.7027,8.7403
1336,44.533,1161,17,2441,1845,19.0398,6.0289
1337,44.567,1161,22,2441,1846,10.9446,8.6369
1338,44.600,1160,24,2441,1846,10.6638,9.9230
1339,44.633,1160,20,2442,1847,9.7260,9.1370
1340,44.667,1161,24,2441,1849,9.4067,11.5942
1341,44.700,1159,22,2442,1848,10.4399,10.7999
1342,44.733,1159,22,2441,1849,10.6782,10.0935
1343,44.767,1159,22,2441,1849,10.5336,9.7173
1344,44.800,1159,22,2441,1849,9.7074,10.1196
1345,44.833,1160,23,2440,1847,9.7202,11.1184
1346,44.867,1159,22,2440,1848,8.2570,9.7948
1347,44.900,1160,24,2439,1847,9.2941,8.7775
1348,44.933,1160,22,2439,1849,9.4955,9.7306
1349,44.967,1159,22,2441,1850,9.7546,10.0625
1350,45.000,1159,17,2442,1850,10.2886,9.3022
1351,45.033,1158,17,2441,1849,9.3198,10.2382
1352,45.067,1159,17,2441,1849,9.2661,11.0621
1353,45.100,1158,17,2441,1849,9.4819,10.1159
1354,45.133,1157,16,2441,1850,9.8839,9.4055
1355,45.167,1158,16,2440,1851,11.1415,7.6576
1356,45.200,1158,17,2440,1850,9.2949,9.9021
1357,45.233,1157,17,2441,1851,10.7022,9.8121
1358,45.267,1157,19,2441,1851,9.3910,9.4975
1359,45.300,1156,20,2441,1852,7.2184,9.7429
1360,45.333,1157,21,2440,1852,10.1556,11.1744
1361,45.367,1157,22,2440,1851,7.9227,10.3438
1362,45.400,1157,20,2439,1849,9.1116,10.2465
1363,45.433,1157,19,2438,1847,9.5220,9.7825
1364,45.467,1157,20,2439,1849,9.0623,9.1052
1365,45.500,1157,21,2439,1850,9.7344,8.7064
1366,45.533,1158,21,2439,1850,9.6196,9.4656
1367,45.567,1159,18,2439,1850,11.7158,7.1100
1368,45.600,1159,19,2439,1850,7.2973,8.3058
1369,45.633,1159,20,2440,1851,7.8281,8.6173
1370,45.667,1160,19,2440,1851,11.3417,7.8763
1371,45.700,1161,16,2440,1851,10.6792,7.7724
1372,45.733,1161,16,2440,1850,10.4579,7.8734
1373,45.767,1160,14,2441,1851,10.3499,7.0556
1374,45.800,1160,13,2441,1851,10.4404,5.6989
1375,45.833,1161,15,2443,1853,9.8954,5.4173
1376,45.867,1160,15,2443,1853,11.3868,6.9152
1377,45.900,1160,15,2442,1852,11.7507,7.4762
1378,45.933,1161,15,2443,1852,11.5139,7.2401
1379,45.967,1162,16,2443,1852,10.6996,6.7247
1380,46.000,1162,16,2444,1851,12.6316,6.5430
1381,46.033,1163,16,2443,1850,11.7713,6.3340
1382,46.067,1163,15,2443,1850,9.7108,6.5828
1383,46.100,1163,15,2444,1850,11.6115,5.5401
1384,46.133,1164,15,2443,1850,9.1857,4.9193
1385,46.167,1165,15,2443,1850,12.1454,2.9048
1386,46.200,1165,15,2443,1851,12.2117,3.4598
1387,46.233,1165,16,2442,1850,11.7641,3.3096
1388,46.267,1164,16,2442,1851,11.7276,4.0039
1389,46.300,1164,17,2443,1852,11.0860,9.5076
1390,46.333,1163,17,2442,1851,10.2452,7.3787
1391,46.367,1163,16,2442,1852,11.5301,6.1255
1392,46.400,1163,13,2442,1851,12.2980,3.5132
1393,46.433,1162,11,2442,1851,13.7531,8.9609
1394,46.467,1163,11,2442,1849,13.1944,5.4919
1395,46.500,1162,10,2442,1850,11.6125,7.2405
1396,46.533,1162,9,2442,1851,12.7278,6.6107
1397,46.567,1162,9,2442,1852,12.5058,7.9433
1398,46.600,1161,9,2443,1853,12.7511,8.8029
1399,46.633,1161,9,2442,1852,12.7671,6.1443
1400,46.667,1160,11,2442,1853,13.2184,6.6799
1401,46.700,1161,11,2441,1853,13.5770,5.4391
1402,46.733,1161,11,2441,1853,13.7278,6.0028
1403,46.767,1161,12,2441,1852,12.9517,6.9737
1404,46.800,1162,11,2440,1852,11.9034,8.4781
1405,46.833,1162,12,2440,1852,13.3654,7.1183
1406,46.867,1161,10,2440,1852,11.8345,7.6644
1407,46.900,1161,11,2440,1853,13.1732,7.4445
1408,46.933,1160,11,2441,1854,14.5875,7.3671
1409,46.967,1159,13,2442,1854,10.8191,6.3617
1410,47.000,1163,5,2441,1850,10.6608,5.3992
1411,47.033,1161,3,2440,1849,10.3248,5.1482
1412,47.067,1161,2,2441,1849,11.0478,5.0308
1413,47.100,1161,2,2439,1849,11.7744,8.1615
1414,47.133,1160,1,2439,1850,11.9087,7.4959
1415,47.167,1162,4,2439,1851,10.7296,6.7252
1416,47.200,1162,4,2438,1851,10.0588,8.9960
1417,47.233,1161,6,2438,1852,11.8163,8.3220
1418,47.267,1160,5,2438,1852,11.0965,7.8690
1419,47.300,1160,6,2438,1851,10.2035,7.2576
1420,47.333,1160,6,2439,1851,10.7237,6.1806
1421,47.367,1160,5,2438,1850,11.5493,7.9940
1422,47.400,1159,8,2438,1851,12.4644,6.2861
1423,47.433,1159,11,2438,1851,10.8857,7.8746
1424,47.467,1159,10,2438,1852,12.4953,7.8521
1425,47.500,1159,10,2438,1851,11.8876,6.6402
1426,47.533,1160,11,2437,1851,12.5924,7.6528
1427,47.567,1160,11,2437,1852,12.9847,7.6084
1428,47.600,1160,11,2437,1851,12.8559,7.2166
1429,47.633,1160,10,2437,1851,12.6433,7.5816
1430,47.667,1162,10,2436,1851,12.0325,6.9867
1431,47.700,1161,10,2435,1850,14.5470,6.8927
1432,47.733,1162,9,2436,1851,13.0182,7.0552
1433,47.767,1160,6,2438,1851,11.8246,8.7237
1434,47.800,1161,5,2437,1849,12.3698,8.2344
1435,47.833,1161,5,2437,1847,12.2904,7.6796
1436,47.867,1162,3,2436,1846,12.0703,5.6764
1437,47.900,1162,2,2438,1846,10.8457,10.3634
1438,47.933,1163,1,2438,1846,10.9561,4.9934
1439,47.967,1163,0,2438,1846,11.4623,5.1081
1440,48.000,1163,0,2436,1842,11.4574,4.4481
1441,48.033,1163,0,2436,1842,11.2894,4.5510
1442,48.067,1163,0,2436,1842,11.2534,4.9478
1443,48.100,1163,0,2436,1842,10.9190,4.3356
1444,48.133,1163,0,2436,1842,11.5345,4.0815
1445,48.167,1162,0,2436,1842,13.4396,9.0621
1446,48.200,1163,0,2437,1843,12.2787,5.7859
1447,48.233,1163,0,2437,1843,12.0646,6.1675
1448,48.267,1162,0,2439,1843,10.8858,6.6777
1449,48.300,1161,0,2440,1844,9.2125,6.0431
1450,48.333,1163,0,2439,1844,10.4935,8.1319
1451,48.367,1163,0,2438,1844,11.8680,9.7711
1452,48.400,1163,0,2437,1845,12.5637,7.0222
1453,48.433,1163,0,2437,1845,12.4016,6.2874
1454,48.467,1164,0,2438,1845,11.5174,7.3193
1455,48.500,1164,0,2438,1846,12.3149,5.9780
1456,48.533,1165,1,2438,1845,9.7005,6.1348
1457,48.567,1165,0,2440,1846,11.4280,8.5264
1458,48.600,1165,0,2439,1845,10.5819,8.3373
1459,48.633,1165,0,2440,1846,11.5833,8.3037
1460,48.667,1164,0,2440,1845,10.5551,7.7419
1461,48.700,1163,0,2440,1845,10.3839,9.8170
1462,48.733,1165,0,2440,1845,10.9193,7.4185
1463,48.767,1164,0,2441,1845,10.6424,9.1986
1464,48.800,1164,0,2440,1846,11.3378,7.3847
1465,48.833,1165,2,2439,1846,9.6268,8.5102
1466,48.867,1164,1,2440,1846,10.8081,8.9796
1467,48.900,1164,1,2440,1847,9.5277,8.5903
1468,48.933,1164,2,2440,1847,11.7472,7.2180
1469,48.967,1164,1,2441,1846,9.8766,10.0540
1470,49.000,1164,7,2438,1845,10.1481,7.1414
1471,49.033,1164,9,2438,1844,12.7448,7.3410
1472,49.067,1163,8,2439,1845,13.1602,6.0229
1473,49.100,1163,8,2439,1845,13.1244,6.3470
1474,49.133,1164,8,2439,1845,11.9450,7.6476
1475,49.167,1162,9,2440,1845,12.5872,3.2174
1476,49.200,1162,10,2440,1845,12.2617,4.3712
1477,49.233,1162,9,2441,1845,12.8710,3.4653
1478,49.267,1162,6,2442,1846,10.4583,4.9612
1479,49.300,1162,8,2442,1847,12.5697,3.6738
1480,49.333,1161,8,2442,1847,13.4121,3.9395
1481,49.367,1161,7,2442,1848,13.5321,3.4225
1482,49.400,1161,6,2442,1849,12.4203,2.0933
1483,49.433,1161,4,2442,1848,11.6388,2.8503
1484,49.467,1161,5,2442,1849,12.9696,2.1075
1485,49.500,1161,5,2442,1849,13.4114,1.8863
1486,49.533,1161,6,2442,1849,12.9392,2.0270
1487,49.567,1160,5,2442,1848,10.5721,1.5726
1488,49.600,1160,5,2442,1848,10.8091,1.4286
1489,49.633,1159,4,2443,1847,12.8768,1.7927
1490,49.667,1159,5,2442,1845,10.7546,2.2089
1491,49.700,1159,4,2443,1845,11.4300,2.4595
1492,49.733,1159,4,2442,1846,11.1971,2.2152
1493,49.767,1159,4,2442,1846,11.4664,1.7713
1494,49.800,1161,0,2442,1844,9.3679,4.5871
1495,49.833,1149,0,2450,1842,9.2833,-1.8338
1496,49.867,1147,0,2450,1842,8.0874,1.7215
1497,49.900,1145,0,2452,1843,9.6851,1.5132
1498,49.933,1152,0,2450,1840,11.1257,0.3221
1499,49.967,1155,4,2449,1841,9.0412,1.9019
1500,50.000,1156,6,2445,1842,8.4797,1.7039
1501,50.033,1155,7,2445,1842,9.5412,2.2421
1502,50.067,1155,4,2445,1843,9.5750,2.8831
1503,50.100,1156,7,2441,1844,8.8476,1.6524
1504,50.133,1156,6,2442,1845,10.0955,1.0115
1505,50.167,1157,6,2442,1846,10.6204,0.4799
1506,50.200,1157,6,2442,1845,11.2297,0.3376
1507,50.233,1158,5,2443,1845,10.9583,1.3332
1508,50.267,1158,6,2443,1846,11.2960,2.1396
1509,50.300,1153,11,2450,1852,10.9910,3.9998
1510,50.333,1154,15,2449,1850,9.5617,5.8284
1511,50.367,1155,16,2449,1850,8.4469,7.2192
1512,50.400,1155,15,2449,1851,8.5579,5.7951
1513,50.433,1155,17,2449,1852,7.1871,7.6328
1514,50.467,1157,18,2448,1853,7.9619,9.7920
1515,50.500,1158,18,2449,1853,7.6189,10.7539
1516,50.533,1157,17,2447,1851,5.8514,11.3516
1517,50.567,1156,19,2448,1852,6.3155,10.5475
1518,50.600,1156,23,2450,1853,0.2288,10.2150
1519,50.633,1157,23,2450,1853,-0.1893,11.8796
1520,50.667,1157,22,2449,1856,-0.4563,10.2345
1521,50.700,1158,24,2447,1856,-1.7396,11.6935
1522,50.733,1158,22,2447,1855,-3.0540,10.1170
1523,50.767,1158,22,2447,1857,-3.0569,11.8386
1524,50.800,1158,23,2446,1855,-3.3605,11.9349
1525,50.833,1158,24,2446,1855,-1.1481,11.1245
1526,50.867,1157,21,2447,1857,-4.0068,11.2655
1527,50.900,1158,22,2446,1856,-3.6328,10.9555
1528,50.933,1159,21,2447,1857,-5.6936,10.4711
1529,50.967,1157,18,2446,1856,-4.2616,12.2674
1530,51.000,1159,26,2446,1850,-2.5644,7.8401
1531,51.033,1159,21,2447,1848,-5.1289,11.5582
1532,51.067,1160,23,2447,1848,-3.9350,10.0872
1533,51.100,1160,20,2447,1848,-5.7054,9.3181
1534,51.133,1161,18,2445,1848,-3.0614,10.8655
1535,51.167,1161,17,2445,1846,-4.9801,10.5999
1536,51.200,1162,17,2445,1845,-5.7460,10.3930
1537,51.233,1161,15,2444,1845,-4.7950,7.4425
1538,51.267,1162,14,2445,1845,-4.8749,8.9739
1539,51.300,1161,8,2446,1846,-6.1930,8.4805
1540,51.333,1161,6,2446,1846,-3.4767,6.4418
1541,51.367,1161,3,2447,1848,-6.6926,3.6404
1542,51.400,1162,4,2448,1848,-5.9130,5.3928
1543,51.433,1161,1,2447,1849,-5.0656,5.3940
1544,51.467,1161,0,2448,1849,-5.0732,6.2397
1545,51.500,1161,0,2447,1855,-6.1546,8.3263
1546,51.533,1164,0,2445,1854,-4.9217,6.6615
1547,51.567,1163,3,2442,1852,-4.1537,10.2132
1548,51.600,1163,2,2443,1852,-3.8636,9.2471
1549,51.633,1161,2,2442,1850,-5.1967,7.7741
1550,51.667,1161,3,2443,1853,-4.6276,8.5087
1551,51.700,1161,4,2444,1855,-3.4413,9.9696
1552,51.733,1162,4,2442,1853,-4.7121,7.7213
1553,51.767,1163,4,2442,1853,-4.2117,8.8954
1554,51.800,1164,4,2442,1854,-3.8753,9.6635
1555,51.833,1163,5,2442,1855,-3.1460,7.0469
1556,51.867,1163,6,2442,1856,-2.7961,7.3033
1557,51.900,1162,7,2443,1856,-3.7281,8.7753
1558,51.933,1164,8,2442,1855,-3.4800,12.5297
1559,51.967,1164,4,2441,1855,-1.3061,6.4877
1560,52.000,1167,9,2439,1853,-0.7769,8.8095
1561,52.033,1141,0,2445,1843,7.8046,2.7160
1562,52.067,1143,0,2442,1839,6.6413,2.5270
1563,52.100,1142,0,2441,1840,8.1998,2.4958
1564,52.133,1155,0,2442,1842,3.4082,7.7533
1565,52.167,1153,0,2443,1842,1.6414,8.2766
1566,52.200,1152,0,2444,1841,1.9815,7.8712
1567,52.233,1162,1,2438,1843,-3.0424,10.1113
1568,52.267,1161,1,2438,1842,-2.0537,8.3443
1569,52.300,1162,1,2438,1843,-2.6861,11.6803
1570,52.333,1165,4,2438,1845,-0.5206,8.5859
1571,52.367,1167,2,2438,1845,-3.2514,7.1731
1572,52.400,1167,4,2438,1846,-3.8751,6.6131
1573,52.433,1168,6,2440,1847,-2.9328,6.4529
1574,52.467,1167,7,2441,1850,-3.3846,6.0761
1575,52.500,1168,8,2439,1851,-2.1996,3.9396
1576,52.533,1167,9,2441,1850,-1.2416,11.2654
1577,52.567,1167,11,2441,1851,-0.9254,8.6422
1578,52.600,1167,14,2440,1851,-1.8631,10.1986
1579,52.633,1165,14,2442,1852,-4.4201,7.9735
1580,52.667,1166,14,2441,1852,-1.9917,11.3915
1581,52.700,1167,10,2441,1851,-0.1332,11.9604
1582,52.733,1168,13,2441,1851,-4.2916,10.4691
1583,52.767,1169,13,2442,1852,-2.4718,11.1027
1584,52.800,1168,12,2442,1851,-4.2923,9.9567
1585,52.833,1168,11,2442,1852,-1.3750,11.1311
1586,52.867,1166,12,2442,1853,-4.3458,9.6129
1587,52.900,1166,12,2443,1854,-4.5658,9.5887
1588,52.933,1167,9,2442,1855,-4.0370,11.5964
1589,52.967,1165,6,2441,1854,-4.0693,10.3010
1590,53.000,1164,3,2441,1852,-4.9513,10.7197
1591,53.033,1162,3,2441,1852,-5.0167,13.6578
1592,53.067,1162,3,2440,1852,-4.2484,11.5112
1593,53.100,1162,2,2440,1852,-5.5034,10.9933
1594,53.133,1162,3,2440,1852,-4.7695,11.3608
1595,53.167,1163,3,2441,1852,-5.0708,13.1642
1596,53.200,1163,4,2441,1851,-3.8184,12.9444
1597,53.233,1164,6,2442,1855,-5.7737,13.6368
1598,53.267,1164,4,2442,1855,-5.2186,13.4626
1599,53.300,1164,7,2441,1854,-2.5283,13.4287
1600,53.333,1164,7,2442,1854,-3.1801,14.1126
1601,53.367,1165,8,2443,1854,-2.8498,14.1085
1602,53.400,1165,9,2442,1855,-2.7700,13.1777
1603,53.433,1164,8,2442,1856,-3.3023,11.7769
1604,53.467,1164,8,2442,1856,-3.4392,11.5312
1605,53.500,1165,8,2443,1857,-3.4257,12.2339
1606,53.533,1164,6,2443,1857,-4.3305,12.7489
1607,53.567,1163,8,2443,1857,-2.7829,12.8825
1608,53.600,1163,7,2443,1857,-1.0721,13.7260
1609,53.633,1164,8,2443,1857,-2.8725,12.3351
1610,53.667,1161,5,2444,1860,-2.6969,13.7423
1611,53.700,1161,5,2444,1860,-2.6267,14.4185
1612,53.733,1161,5,2444,1860,-2.8729,13.8527
1613,53.767,1160,6,2444,1860,-3.8857,11.4696
1614,53.800,1160,5,2444,1860,-2.8857,15.9177
1615,53.833,1160,6,2443,1860,-3.6158,14.0448
1616,53.867,1161,6,2443,1859,-3.2084,14.3675
1617,53.900,1161,6,2443,1859,-2.9819,13.9643
1618,53.933,1162,6,2443,1859,-3.4824,14.0238
1619,53.967,1161,5,2442,1860,-4.9377,12.3422
1620,54.000,1162,10,2442,1857,-4.3394,11.0775
1621,54.033,1164,11,2443,1862,-4.1064,11.8886
1622,54.067,1164,11,2443,1863,-3.7401,10.7265
1623,54.100,1167,10,2443,1868,-2.9607,8.3840
1624,54.133,1167,11,2443,1868,-1.0310,9.6055
1625,54.167,1166,12,2444,1869,-2.0048,11.6794
1626,54.200,1166,11,2444,1869,-1.7986,9.6272
1627,54.233,1166,11,2445,1870,-1.0988,10.0281
1628,54.267,1167,11,2446,1870,-1.7140,12.1742
1629,54.300,1166,14,2445,1871,-2.7627,13.0086
1630,54.333,1166,13,2444,1870,-2.2847,11.4624
1631,54.367,1167,14,2445,1870,-2.4631,12.2121
1632,54.400,1166,14,2445,1869,-1.7622,11.6152
1633,54.433,1164,11,2446,1871,-1.0159,11.3117
1634,54.467,1165,12,2446,1871,-2.2585,10.9797
1635,54.500,1165,12,2448,1876,-0.9407,11.8320
1636,54.533,1164,13,2448,1876,-1.8528,12.1316
1637,54.567,1160,8,2449,1877,-2.9666,11.3878
1638,54.600,1160,9,2449,1877,-2.5210,11.9118
1639,54.633,1158,7,2449,1879,-4.3016,11.2254
1640,54.667,1159,4,2448,1880,-3.4097,9.3434
1641,54.700,1161,3,2448,1878,-3.6616,7.4494
1642,54.733,1160,1,2448,1878,-2.8061,9.8876
1643,54.767,1161,2,2448,1878,-3.2798,9.6176
1644,54.800,1162,2,2448,1878,-2.5767,11.7689
1645,54.833,1162,3,2448,1878,-3.3944,11.7057
1646,54.867,1163,3,2447,1877,-2.5733,9.2805
1647,54.900,1163,4,2446,1877,-4.8256,10.0106
1648,54.933,1163,3,2447,1878,-3.8114,9.8302
1649,54.967,1163,4,2448,1878,-4.7684,11.0732
1650,55.000,1163,5,2449,1874,-3.8799,11.0990
1651,55.033,1160,3,2447,1874,-2.8549,6.0609
1652,55.067,1160,2,2447,1874,-2.9639,6.7524
1653,55.100,1162,4,2444,1869,-3.8079,8.7874
1654,55.133,1162,4,2444,1871,-4.7715,8.4078
1655,55.167,1163,4,2445,1872,-3.5103,7.6417
1656,55.200,1163,3,2445,1872,-4.4239,10.7970
1657,55.233,1164,8,2443,1870,-2.8609,10.4700
1658,55.267,1163,9,2445,1870,-1.1079,6.7068
1659,55.300,1161,11,2444,1868,-0.4809,12.4753
1660,55.333,1162,11,2444,1869,1.2334,7.6184
1661,55.367,1160,11,2445,1868,-2.6574,9.5377
1662,55.400,1163,8,2444,1867,-2.4245,8.8229
1663,55.433,1147,0,2448,1865,-2.2346,-1.8729
1664,55.467,1144,0,2446,1864,-0.1139,1.8606
1665,55.500,1156,4,2447,1863,-2.2049,3.7321
1666,55.533,1155,3,2445,1864,-2.5068,4.2504
1667,55.567,1154,4,2446,1864,-5.6043,4.3487
1668,55.600,1156,6,2443,1865,-1.6423,7.0074
1669,55.633,1156,7,2443,1866,-4.3838,9.7978
1670,55.667,1156,7,2444,1868,-4.8430,7.9635
1671,55.700,1157,6,2445,1869,-5.6078,8.1349
1672,55.733,1157,6,2445,1869,-5.5887,7.3620
1673,55.767,1156,5,2446,1870,-5.5060,7.1625
1674,55.800,1156,4,2447,1869,-4.6894,7.2993
1675,55.833,1157,8,2446,1870,-4.9464,6.6681
1676,55.867,1157,6,2447,1871,-5.7965,5.5255
1677,55.900,1157,7,2447,1872,-5.8170,6.8319
1678,55.933,1157,8,2447,1872,-4.7702,8.6560
1679,55.967,1158,10,2446,1870,-4.7387,9.4062
1680,56.000,1165,14,2444,1869,-1.7156,7.2570
1681,56.033,1166,14,2444,1869,-1.5110,8.8580
1682,56.067,1166,14,2443,1868,-3.2468,9.4993
1683,56.100,1166,14,2443,1868,-3.3571,9.9606
1684,56.133,1166,13,2443,1867,-3.3362,9.9080
1685,56.167,1166,13,2444,1868,-3.6340,10.2620
1686,56.200,1166,13,2444,1868,-3.2422,10.5146
1687,56.233,1166,13,2444,1868,-3.5334,9.9681
1688,56.267,1165,13,2445,1868,-2.4323,7.4878
1689,56.300,1165,14,2445,1869,-2.1793,8.5683
1690,56.333,1165,13,2445,1869,-2.2254,8.1253
1691,56.367,1165,12,2445,1869,-2.1280,5.6772
1692,56.400,1165,12,2444,1867,-0.9386,6.9944
1693,56.433,1164,7,2447,1867,5.4359,5.8888
1694,56.467,1161,4,2445,1866,5.7433,5.7016
1695,56.500,1158,4,2444,1865,11.7530,2.5741
1696,56.533,1156,0,2444,1864,9.2462,4.3307
1697,56.567,1156,0,2443,1862,8.8674,3.0917
1698,56.600,1157,1,2443,1863,9.5440,2.3963
1699,56.633,1158,0,2444,1864,10.0222,4.3660
1700,56.667,1160,0,2444,1862,11.2817,3.6600
1701,56.700,1160,1,2444,1862,9.7702,4.6885
1702,56.733,1158,2,2444,1862,8.8711,4.0312
1703,56.767,1158,2,2444,1861,8.2834,4.5991
1704,56.800,1158,3,2444,1862,9.5540,4.7002
1705,56.833,1158,3,2444,1862,9.6162,4.2703
1706,56.867,1158,3,2444,1862,9.3808,4.5416
1707,56.900,1158,6,2444,1863,9.2533,3.5603
1708,56.933,1158,4,2445,1863,9.7076,3.5477
1709,56.967,1157,4,2445,1862,9.2813,2.0153
1710,57.000,1156,5,2448,1863,6.1809,5.8027
1711,57.033,1155,3,2446,1863,7.1908,2.8416
1712,57.067,1155,3,2446,1863,6.8593,3.3324
1713,57.100,1153,4,2446,1861,6.8871,6.1737
1714,57.133,1154,6,2445,1861,7.5755,5.4329
1715,57.167,1154,7,2444,1861,6.9801,4.6756
1716,57.200,1154,7,2445,1861,7.4785,4.3181
1717,57.233,1154,5,2445,1861,5.9022,4.4925
1718,57.267,1153,5,2445,1862,8.1126,4.6890
1719,57.300,1154,4,2447,1862,7.4030,5.6612
1720,57.333,1153,4,2447,1863,6.7926,5.6813
1721,57.367,1151,5,2445,1863,8.3523,5.1988
1722,57.400,1149,0,2443,1855,9.7426,-1.4483
1723,57.433,1151,1,2443,1854,9.0935,-2.0450
1724,57.467,1150,0,2443,1855,9.9854,-0.8443
1725,57.500,1151,1,2443,1855,10.3735,-1.8143
1726,57.533,1152,0,2442,1855,10.8899,0.4501
1727,57.567,1152,0,2443,1855,9.5758,1.8582
1728,57.600,1152,0,2443,1854,9.9130,1.1401
1729,57.633,1153,0,2443,1855,10.1725,-1.0952
1730,57.667,1153,0,2444,1856,11.1003,-1.4535
1731,57.700,1151,0,2446,1860,9.3703,1.1346
1732,57.733,1151,3,2445,1861,9.6001,0.2303
1733,57.767,1153,3,2447,1862,10.8811,2.4099
1734,57.800,1153,2,2447,1864,8.4274,2.8671
1735,57.833,1152,2,2446,1864,8.7157,1.6292
1736,57.867,1150,3,2446,1864,9.7812,1.6259
1737,57.900,1150,2,2446,1864,9.5832,2.0420
1738,57.933,1150,5,2445,1864,9.8347,1.4161
1739,57.967,1151,5,2446,1863,10.3925,0.8242
1740,58.000,1157,3,2446,1862,7.9456,4.8996
1741,58.033,1157,4,2446,1860,8.5692,4.0222
1742,58.067,1156,4,2448,1862,9.2700,2.7419
1743,58.100,1157,5,2447,1860,8.9882,2.7082
1744,58.133,1159,5,2446,1857,8.6112,4.3030
1745,58.167,1160,6,2446,1858,11.2707,3.5640
1746,58.200,1159,6,2447,1860,8.7186,1.7710
1747,58.233,1159,5,2446,1860,10.2558,5.0472
1748,58.267,1161,4,2447,1858,10.0353,5.2163
1749,58.300,1163,4,2445,1855,8.5972,2.5727
1750,58.333,1163,4,2444,1854,9.5180,2.3919
1751,58.367,1164,3,2445,1853,11.1420,2.9586
1752,58.400,1165,0,2446,1854,7.2748,2.1329
1753,58.433,1145,0,2454,1859,12.9755,-4.9766
1754,58.467,1146,0,2441,1851,13.7119,1.8772
1755,58.500,1149,0,2443,1854,19.8313,1.2589
1756,58.533,1149,0,2441,1856,19.4118,-0.0694
1757,58.567,1160,0,2449,1855,19.2790,-0.9749
1758,58.600,1167,4,2450,1854,14.9848,1.2514
1759,58.633,1167,3,2449,1855,17.1338,-2.3064
1760,58.667,1167,0,2448,1855,15.9538,1.4349
1761,58.700,1165,0,2445,1854,15.5183,1.7513
1762,58.733,1164,0,2444,1855,16.7957,2.3468
1763,58.767,1164,0,2443,1855,13.4083,2.9472
1764,58.800,1164,0,2442,1853,14.1994,3.2263
1765,58.833,1165,0,2442,1852,13.4873,3.8255
1766,58.867,1167,0,2441,1853,13.4850,4.0143
1767,58.900,1168,0,2441,1852,12.8859,4.0999
1768,58.933,1167,0,2442,1852,12.4818,7.8932
1769,58.967,1168,2,2441,1852,12.0614,3.9457
1770,59.000,1169,0,2444,1858,9.9278,4.4380
1771,59.033,1169,0,2442,1860,10.2892,5.3337
1772,59.067,1168,0,2442,1858,9.8285,4.7816
1773,59.100,1168,0,2443,1860,11.5780,6.6843
1774,59.133,1167,0,2440,1855,11.2328,3.7674
1775,59.167,1167,0,2440,1855,11.2024,3.5593
1776,59.200,1167,0,2441,1856,12.6149,3.3983
1777,59.233,1166,0,2441,1854,13.2066,4.9680
1778,59.267,1165,0,2443,1855,10.6286,1.8371
1779,59.300,1164,0,2443,1856,10.1868,2.9121
1780,59.333,1164,0,2443,1856,10.1247,2.8649
1781,59.367,1164,0,2443,1856,10.5932,2.9425
1782,59.400,1164,0,2444,1856,10.6273,6.4700
1783,59.433,1164,0,2443,1858,10.2378,3.6364
1784,59.467,1164,0,2443,1858,9.6796,3.8739
1785,59.500,1165,0,2442,1858,12.1120,4.0857
1786,59.533,1164,0,2442,1857,10.6321,7.3934
1787,59.567,1163,0,2443,1858,10.0233,6.4072
1788,59.600,1163,0,2443,1858,10.1896,5.9138
1789,59.633,1164,0,2442,1857,10.6338,6.6084
1790,59.667,1163,0,2442,1857,10.9270,6.2639
1791,59.700,1163,0,2442,1858,11.1125,6.1967
1792,59.733,1164,0,2442,1858,12.3479,7.2002
1793,59.767,1164,0,2442,1858,11.8023,7.0580
1794,59.800,1164,0,2441,1856,13.0364,5.2362
1795,59.833,1166,0,2441,1855,13.4605,6.6033
1796,59.867,1165,0,2442,1856,13.0462,7.3107
1797,59.900,1167,0,2440,1857,10.9435,7.8364
1798,59.933,1155,0,2448,1859,7.0705,-5.8002
1799,59.967,1156,0,2447,1861,8.6925,-6.6854
1800,60.000,1152,0,2437,1847,13.7538,2.6849
1801,60.033,1153,0,2439,1854,13.1381,1.5823
1802,60.067,1152,0,2439,1855,13.3318,0.6917
1803,60.100,1164,1,2444,1856,12.0507,2.2472
1804,60.133,1165,7,2444,1855,13.3593,4.7823
1805,60.167,1159,8,2446,1857,8.6138,3.1605
1806,60.200,1157,7,2446,1858,10.1091,4.3671
1807,60.233,1156,4,2445,1858,9.9923,2.6067
1808,60.267,1156,3,2445,1859,9.1839,7.1998
1809,60.300,1156,1,2446,1860,8.5847,4.9242
1810,60.333,1156,0,2445,1859,9.6554,6.7009
1811,60.367,1157,2,2445,1860,9.6577,5.3188
1812,60.400,1157,4,2445,1860,9.7370,4.0714
1813,60.433,1158,3,2445,1860,9.7728,4.7377
1814,60.467,1159,7,2444,1859,9.8827,2.9656
1815,60.500,1159,5,2443,1859,10.8256,4.2395
1816,60.533,1159,5,2444,1861,11.6905,5.6526
1817,60.567,1161,2,2444,1863,9.1155,1.5325
1818,60.600,1161,0,2445,1863,9.8654,4.7900
1819,60.633,1160,0,2444,1862,10.8254,4.7871
1820,60.667,1160,0,2443,1861,9.1919,6.0154
1821,60.700,1160,0,2443,1861,9.7498,7.2348
1822,60.733,1160,0,2443,1861,9.7440,6.9046
1823,60.767,1162,0,2442,1859,10.0546,6.8328
1824,60.800,1164,1,2443,1859,8.7384,6.6016
1825,60.833,1164,2,2443,1859,8.5622,5.3474
1826,60.867,1164,3,2442,1861,8.8101,6.1612
1827,60.900,1163,2,2443,1862,8.3923,6.1737
1828,60.933,1162,2,2445,1863,8.4074,3.7070
1829,60.967,1164,3,2445,1863,9.2650,3.2484
1830,61.000,1168,11,2443,1862,9.5146,2.7691
1831,61.033,1167,10,2444,1862,10.1358,3.7323
1832,61.067,1168,11,2444,1863,9.5865,2.5356
1833,61.100,1168,11,2444,1862,10.2163,4.0920
1834,61.133,1169,11,2444,1861,9.2815,4.8084
1835,61.167,1169,13,2443,1860,10.1773,4.9458
1836,61.200,1169,13,2443,1861,10.9993,3.0439
1837,61.233,1168,12,2443,1861,10.2113,2.8398
1838,61.267,1169,11,2443,1860,8.7479,4.4457
1839,61.300,1169,12,2442,1860,9.6653,3.2659
1840,61.333,1170,13,2442,1859,9.2315,5.9300
1841,61.367,1170,11,2443,1859,8.8336,3.2341
1842,61.400,1170,11,2443,1857,8.8654,3.9535
1843,61.433,1171,13,2443,1857,10.9371,3.6247
1844,61.467,1172,14,2442,1857,10.7528,3.8148
1845,61.500,1172,13,2442,1858,11.9101,3.5405
1846,61.533,1174,15,2442,1857,11.8108,3.4584
1847,61.567,1173,15,2443,1859,11.7858,4.9097
1848,61.600,1173,15,2443,1859,11.4971,4.3090
1849,61.633,1173,15,2443,1858,11.0274,5.0578
1850,61.667,1172,14,2443,1856,11.0007,5.0853
1851,61.700,1172,15,2443,1856,9.7085,1.9918
1852,61.733,1172,15,2443,1855,9.0985,1.6827
1853,61.767,1172,15,2443,1856,9.7219,2.5188
1854,61.800,1171,14,2443,1856,8.9796,3.2025
1855,61.833,1169,13,2443,1855,11.2486,3.9516
1856,61.867,1169,14,2444,1854,12.2392,2.2204
1857,61.900,1169,14,2444,1855,11.6389,3.1945
1858,61.933,1169,13,2444,1854,11.0095,2.2508
1859,61.967,1169,14,2444,1854,11.9781,2.8515
1860,62.000,1164,9,2442,1850,9.3921,2.8834
1861,62.033,1164,8,2443,1851,9.6042,1.7170
1862,62.067,1164,9,2443,1851,10.4163,1.5935
1863,62.100,1164,9,2442,1851,9.9968,1.7977
1864,62.133,1164,11,2442,1850,10.8871,1.7608
1865,62.167,1165,9,2443,1852,10.5122,2.9427
1866,62.200,1165,8,2443,1852,9.8313,5.5170
1867,62.233,1166,7,2443,1852,10.4953,2.3817
1868,62.267,1167,8,2443,1852,10.3333,2.5564
1869,62.300,1167,7,2443,1853,8.8945,2.7093
1870,62.333,1167,8,2443,1853,10.0053,3.2014
1871,62.367,1167,8,2443,1852,10.2349,2.7729
1872,62.400,1167,5,2443,1852,9.6238,2.0869
1873,62.433,1167,4,2443,1853,10.1096,1.9522
1874,62.467,1168,5,2443,1853,9.9964,0.8076
1875,62.500,1167,5,2443,1853,8.1790,3.5652
1876,62.533,1167,1,2444,1854,8.7313,2.4435
1877,62.567,1167,3,2443,1852,10.5945,4.4461
1878,62.600,1167,4,2443,1852,10.5528,2.6181
1879,62.633,1167,4,2443,1851,10.3028,3.0189
1880,62.667,1168,4,2443,1850,10.6282,4.5917
1881,62.700,1166,3,2442,1850,9.6883,4.3883
1882,62.733,1166,2,2442,1851,10.4798,3.2155
1883,62.767,1165,2,2443,1851,10.0431,4.7378
1884,62.800,1164,2,2443,1851,10.2964,4.9970
1885,62.833,1164,3,2442,1851,9.4138,5.4295
1886,62.867,1164,4,2441,1850,8.7727,4.4195
1887,62.900,1164,5,2443,1852,7.6234,4.9664
1888,62.933,1164,5,2442,1851,7.8378,5.7000
1889,62.967,1164,5,2442,1850,7.0637,5.1350
1890,63.000,1168,8,2440,1853,8.2702,3.8140
1891,63.033,1167,5,2441,1853,7.3099,5.8027
1892,63.067,1168,7,2442,1853,7.8247,4.3178
1893,63.100,1169,11,2442,1854,8.0818,6.2658
1894,63.133,1168,8,2443,1854,8.8301,4.2117
1895,63.167,1167,9,2443,1854,9.1990,6.3831
1896,63.200,1166,9,2444,1854,11.0762,4.3173
1897,63.233,1166,7,2443,1854,11.2055,4.9883
1898,63.267,1165,7,2443,1854,11.8795,4.3688
1899,63.300,1165,6,2443,1853,12.9326,3.7875
1900,63.333,1164,6,2443,1852,11.6475,4.2916
1901,63.367,1164,6,2444,1854,12.0311,4.8582
1902,63.400,1167,8,2445,1854,12.4363,4.4119
1903,63.433,1167,6,2444,1854,12.9502,3.7313
1904,63.467,1167,7,2444,1855,13.7201,2.9409
1905,63.500,1167,6,2444,1855,12.5428,3.5480
1906,63.533,1166,5,2443,1855,10.7563,5.1680
1907,63.567,1166,6,2443,1856,11.8121,1.5464
1908,63.600,1165,11,2445,1858,6.3331,5.8392
1909,63.633,1167,10,2446,1858,6.8257,5.8734
1910,63.667,1169,11,2447,1857,3.4112,7.5076
1911,63.700,1165,6,2446,1854,3.1743,3.4091
1912,63.733,1166,4,2444,1856,2.8698,2.0219
1913,63.767,1165,3,2444,1857,3.1541,3.4485
1914,63.800,1168,6,2443,1860,2.3911,4.3390
1915,63.833,1168,8,2442,1861,3.4196,2.5565
1916,63.867,1168,7,2443,1861,2.6202,4.0932
1917,63.900,1168,10,2443,1861,4.3694,5.1576
1918,63.933,1169,12,2442,1861,4.2608,5.2885
1919,63.967,1168,10,2442,1858,4.3031,5.2338
1920,64.000,1167,8,2443,1858,6.1173,4.2362
1921,64.033,1165,9,2443,1857,5.3728,5.1293
1922,64.067,1164,6,2442,1857,9.9041,4.1954
1923,64.100,1164,7,2442,1854,10.3733,3.2582
1924,64.133,1165,7,2439,1848,9.8674,3.0466
1925,64.167,1167,5,2437,1842,7.9709,3.5087
1926,64.200,1167,5,2439,1851,8.8262,3.0153
1927,64.233,1167,5,2439,1851,8.8035,2.8806
1928,64.267,1165,12,2438,1846,11.0489,5.1684
1929,64.300,1167,15,2441,1852,10.8288,4.7616
1930,64.333,1167,16,2442,1852,10.2883,5.2510
1931,64.367,1167,18,2441,1852,11.4708,5.8293
1932,64.400,1166,18,2442,1851,12.0126,4.7259
1933,64.433,1166,18,2442,1850,13.3136,5.0194
1934,64.467,1158,0,2441,1845,16.3427,2.5603
1935,64.500,1159,0,2436,1844,19.6731,2.6369
1936,64.533,1154,0,2436,1849,16.4291,1.2145
1937,64.567,1167,1,2446,1854,17.2598,-0.4478
1938,64.600,1174,15,2447,1849,14.6671,3.1402
1939,64.633,1171,21,2446,1850,14.9676,-2.7229
1940,64.667,1175,31,2445,1849,17.0402,1.7545
1941,64.700,1175,25,2441,1846,16.3582,1.5238
1942,64.733,1172,24,2441,1849,17.4687,1.5689
1943,64.767,1171,20,2441,1850,18.9571,3.7960
1944,64.800,1169,14,2440,1847,20.0706,4.2078
1945,64.833,1166,19,2439,1847,17.3380,3.2371
1946,64.867,1162,23,2439,1843,12.1557,7.1902
1947,64.900,1165,21,2435,1845,8.1720,4.7953
1948,64.933,1166,17,2436,1845,7.6290,4.5652
1949,64.967,1167,20,2435,1847,10.2361,3.0008
1950,65.000,1166,20,2439,1849,9.1317,4.5717
1951,65.033,1167,22,2438,1849,9.4512,4.2293
1952,65.067,1167,23,2436,1847,8.5733,2.9779
1953,65.100,1168,23,2435,1848,8.5415,5.2287
1954,65.133,1167,24,2435,1847,8.7745,3.0419
1955,65.167,1165,23,2436,1848,9.1292,1.0311
1956,65.200,1165,26,2437,1847,9.8205,5.1446
1957,65.233,1165,28,2437,1848,9.0236,3.2828
1958,65.267,1167,27,2437,1846,7.6704,4.9895
1959,65.300,1167,30,2437,1849,3.4015,5.5475
1960,65.333,1167,27,2440,1853,0.5056,7.9109
1961,65.367,1168,31,2439,1854,2.0431,7.9491
1962,65.400,1166,27,2442,1860,5.1026,7.7109
1963,65.433,1165,26,2443,1862,5.6166,7.2176
1964,65.467,1165,29,2443,1861,6.3154,5.7358
1965,65.500,1166,32,2442,1861,5.2066,6.8066
1966,65.533,1166,27,2441,1858,6.2047,7.0396
1967,65.567,1166,26,2441,1856,5.0737,6.2377
1968,65.600,1168,27,2441,1856,4.9846,6.0195
1969,65.633,1166,27,2442,1856,5.0480,6.3687
1970,65.667,1168,25,2442,1855,5.2665,6.1647
1971,65.700,1169,26,2442,1854,7.0781,5.5608
1972,65.733,1169,30,2442,1856,3.8972,6.2916
1973,65.767,1169,29,2442,1857,6.6780,4.8777
1974,65.800,1171,30,2442,1854,7.0861,6.9099
1975,65.833,1172,29,2441,1854,7.1634,6.3206
1976,65.867,1172,27,2442,1854,5.4408,6.1572
1977,65.900,1171,27,2442,1854,8.4918,6.2008
1978,65.933,1162,0,2442,1853,5.6234,-5.0192
1979,65.967,1161,0,2443,1855,9.1178,-4.5856
1980,66.000,1169,0,2438,1849,10.8248,1.0593
1981,66.033,1165,12,2445,1854,10.3595,-0.2540
1982,66.067,1166,5,2445,1852,12.8049,1.1007
1983,66.100,1172,24,2445,1853,11.2623,5.2462
1984,66.133,1174,21,2445,1854,10.0090,5.4756
1985,66.167,1172,23,2444,1852,8.6956,5.9892
1986,66.200,1171,24,2443,1854,10.5205,5.8651
1987,66.233,1171,22,2443,1853,8.5733,7.9146
1988,66.267,1172,23,2442,1853,10.1572,7.9462
1989,66.300,1172,26,2440,1852,9.9694,5.5650
1990,66.333,1171,26,2440,1852,8.9659,5.3693
1991,66.367,1171,28,2438,1853,10.9186,6.9657
1992,66.400,1171,28,2438,1854,11.2911,7.1237
1993,66.433,1171,26,2437,1853,8.2820,5.7475
1994,66.467,1172,27,2437,1854,8.8401,5.7204
1995,66.500,1172,28,2437,1854,8.3745,7.5070
1996,66.533,1172,26,2436,1853,9.4176,7.3582
1997,66.567,1170,23,2434,1852,8.4348,6.9039
1998,66.600,1170,22,2435,1852,9.3882,5.8668
1999,66.633,1168,21,2435,1852,8.1214,4.5369
2000,66.667,1168,22,2435,1853,8.4294,6.9342
2001,66.700,1169,19,2436,1851,10.0711,5.4250
2002,66.733,1169,18,2436,1850,10.6400,6.9463
2003,66.767,1169,19,2436,1850,9.5201,6.5458
2004,66.800,1169,20,2436,1850,10.4482,6.3947
2005,66.833,1169,25,2437,1853,10.7246,6.5483
2006,66.867,1167,24,2437,1852,9.6324,3.8605
2007,66.900,1166,23,2440,1855,16.4465,2.2104
2008,66.933,1165,26,2439,1854,17.0661,1.5905
2009,66.967,1164,23,2439,1856,19.2149,0.4357
2010,67.000,1164,27,2440,1858,18.4195,1.6981
2011,67.033,1164,27,2439,1857,21.4861,1.0971
2012,67.067,1164,26,2438,1856,22.6021,1.0129
2013,67.100,1163,24,2438,1856,22.8546,1.7193
2014,67.133,1162,25,2437,1856,21.2842,0.3799
2015,67.167,1162,25,2435,1855,20.3923,-1.8144
2016,67.200,1162,24,2436,1855,21.5965,0.1128
2017,67.233,1162,24,2434,1853,20.7989,0.5617
2018,67.267,1163,22,2436,1854,21.2728,1.5736
2019,67.300,1162,18,2436,1855,19.9670,3.2975
2020,67.333,1161,16,2436,1852,18.5336,1.6285
2021,67.367,1161,17,2436,1852,18.8964,4.4407
2022,67.400,1160,20,2437,1853,21.6877,1.0196
2023,67.433,1159,22,2435,1855,21.2994,1.3493
2024,67.467,1159,22,2435,1855,21.3259,2.3149
2025,67.500,1159,22,2435,1855,21.8505,1.5884
2026,67.533,1158,25,2435,1856,20.6140,1.3927
2027,67.567,1158,22,2435,1856,20.0213,0.6800
2028,67.600,1159,21,2434,1855,21.8154,0.9759
2029,67.633,1159,21,2435,1854,21.5739,0.2800
2030,67.667,1162,22,2436,1855,20.7796,1.5982
2031,67.700,1162,25,2436,1856,20.7867,1.4315
2032,67.733,1162,26,2436,1855,20.4771,1.4961
2033,67.767,1162,26,2436,1856,20.9383,0.7393
2034,67.800,1165,28,2437,1858,20.8081,1.7581
2035,67.833,1165,30,2437,1857,19.8784,0.8399
2036,67.867,1166,30,2437,1858,20.2235,0.9508
2037,67.900,1165,29,2436,1857,19.9796,3.4438
2038,67.933,1165,30,2438,1858,20.0791,1.3890
2039,67.967,1166,32,2438,1859,21.7482,1.6253
2040,68.000,1165,31,2438,1859,20.1144,0.3879
2041,68.033,1164,28,2438,1857,20.6304,1.9694
2042,68.067,1164,28,2438,1857,20.3950,1.3294
2043,68.100,1164,24,2438,1856,22.7638,1.2350
2044,68.133,1163,25,2439,1856,20.6695,2.7107
2045,68.167,1163,26,2440,1859,20.6039,2.4281
2046,68.200,1164,27,2440,1858,17.5899,3.9196
2047,68.233,1165,29,2440,1859,18.5732,4.3117
2048,68.267,1164,28,2440,1859,16.3666,5.3323
2049,68.300,1165,30,2442,1860,17.5456,3.5057
2050,68.333,1165,31,2441,1860,17.3393,4.0293
2051,68.367,1166,31,2440,1860,18.8272,3.5612
2052,68.400,1166,33,2441,1860,18.5139,3.7914
2053,68.433,1167,33,2440,1857,17.7352,5.2578
2054,68.467,1167,33,2440,1857,17.5083,6.1559
2055,68.500,1167,36,2440,1857,11.0419,9.2919
2056,68.533,1168,35,2441,1858,11.8835,9.2079
2057,68.567,1170,31,2442,1859,14.0440,6.5030
2058,68.600,1171,29,2441,1858,13.3936,7.3091
2059,68.633,1172,27,2440,1856,12.1836,8.5852
2060,68.667,1170,26,2441,1857,12.0311,8.4370
2061,68.700,1171,27,2441,1858,13.0823,8.6451
2062,68.733,1171,27,2441,1858,12.9697,9.0788
2063,68.767,1171,28,2441,1858,13.1194,8.7099
2064,68.800,1171,28,2442,1859,12.3829,9.5736
2065,68.833,1172,29,2442,1860,12.5174,9.8832
2066,68.867,1172,28,2442,1858,12.7188,8.5162
2067,68.900,1173,26,2441,1858,11.4547,6.6715
2068,68.933,1172,26,2442,1858,10.6707,9.2478
2069,68.967,1172,25,2441,1856,11.1306,7.9252
2070,69.000,1171,27,2445,1863,12.4136,8.3880
2071,69.033,1170,26,2444,1862,13.0333,8.1148
2072,69.067,1171,26,2443,1860,13.9553,7.8636
2073,69.100,1171,26,2442,1860,11.2323,7.5052
2074,69.133,1169,22,2442,1861,13.3656,6.4753
2075,69.167,1167,17,2444,1864,9.9266,6.4067
2076,69.200,1166,20,2445,1864,10.3805,7.5432
2077,69.233,1165,21,2444,1861,8.1976,5.9172
2078,69.267,1164,19,2445,1863,9.8764,5.5621
2079,69.300,1165,17,2445,1866,10.6394,6.2705
2080,69.333,1165,19,2446,1867,11.6615,4.4022
2081,69.367,1164,21,2445,1866,11.3508,4.5113
2082,69.400,1164,26,2446,1872,12.6193,3.1096
2083,69.433,1168,30,2444,1870,10.9654,3.2894
2084,69.467,1166,30,2445,1871,11.4486,5.1442
2085,69.500,1165,29,2445,1870,10.7478,3.4112
2086,69.533,1165,29,2445,1870,10.9338,3.8386
2087,69.567,1166,29,2445,1871,11.5931,2.7363
2088,69.600,1166,26,2445,1871,11.4319,3.1538
2089,69.633,1169,26,2445,1870,11.8354,3.8489
2090,69.667,1171,23,2444,1871,10.4846,4.9146
2091,69.700,1154,6,2446,1874,12.1652,-5.2138
2092,69.733,1160,4,2440,1870,15.8521,-0.9370
2093,69.767,1157,2,2440,1870,17.7893,-1.6082
2094,69.800,1159,2,2449,1879,16.0937,0.9135
2095,69.833,1166,21,2454,1877,12.8990,-0.4508
2096,69.867,1164,19,2454,1874,12.7235,-1.0069
2097,69.900,1164,20,2451,1874,11.0353,4.7495
2098,69.933,1165,19,2449,1875,15.1930,1.9254
2099,69.967,1167,21,2449,1877,12.1307,1.1050
2100,70.000,1168,23,2448,1874,14.0321,2.5715
2101,70.033,1168,25,2446,1871,14.3903,5.5791
2102,70.067,1169,26,2447,1870,11.9908,4.9203
2103,70.100,1170,25,2445,1867,9.9137,6.3991
2104,70.133,1171,25,2444,1866,11.1157,5.8321
2105,70.167,1170,25,2444,1865,11.1782,4.6416
2106,70.200,1170,25,2444,1867,10.4068,5.6302
2107,70.233,1170,25,2444,1866,9.8097,5.7463
2108,70.267,1171,23,2444,1867,9.7315,4.5214
2109,70.300,1171,23,2442,1865,11.3836,3.5879
2110,70.333,1171,23,2441,1865,11.5605,2.4429
2111,70.367,1171,23,2440,1864,11.8589,2.7997
2112,70.400,1171,21,2441,1865,8.4354,4.1360
2113,70.433,1169,17,2443,1865,11.1203,2.9850
2114,70.467,1169,17,2443,1864,9.9172,3.3480
2115,70.500,1170,16,2443,1864,9.3920,6.4202
2116,70.533,1170,16,2444,1863,8.8232,6.2810
2117,70.567,1168,11,2446,1864,9.0599,4.3763
2118,70.600,1168,12,2445,1864,9.2811,4.9787
2119,70.633,1168,11,2445,1863,8.8601,4.5358
2120,70.667,1167,10,2446,1862,8.5194,4.2310
2121,70.700,1166,9,2445,1861,9.5116,4.5861
2122,70.733,1166,9,2445,1861,8.9997,4.7353
2123,70.767,1167,8,2444,1861,9.2201,9.6588
2124,70.800,1165,8,2444,1861,9.6983,5.8497
2125,70.833,1164,7,2448,1864,9.5392,5.0133
2126,70.867,1163,8,2448,1864,8.8214,4.3452
2127,70.900,1163,5,2449,1865,9.7934,5.1635
2128,70.933,1165,5,2450,1865,7.5170,3.0120
2129,70.967,1165,7,2451,1867,8.3717,5.6212
2130,71.000,1166,7,2456,1870,7.1309,3.5581
2131,71.033,1166,8,2455,1869,6.2460,4.5466
2132,71.067,1166,6,2455,1869,10.4961,4.5504
2133,71.100,1166,8,2456,1870,6.8671,3.8097
2134,71.133,1166,6,2456,1868,7.0193,4.5240
2135,71.167,1166,8,2455,1867,8.3599,5.9303
2136,71.200,1166,9,2455,1867,8.7827,7.5782
2137,71.233,1166,10,2455,1868,9.7349,8.9687
2138,71.267,1166,13,2454,1867,11.6031,3.7146
2139,71.300,1165,12,2454,1866,12.1846,4.1396
2140,71.333,1166,12,2453,1866,9.8043,5.4988
2141,71.367,1166,11,2453,1865,9.2413,4.2071
2142,71.400,1167,11,2453,1866,8.5347,3.6349
2143,71.433,1166,11,2453,1867,7.4783,3.7219
2144,71.467,1165,10,2453,1867,9.6193,4.6275
2145,71.500,1166,7,2453,1868,16.9685,3.1918
2146,71.533,1166,6,2453,1869,15.2526,1.4319
2147,71.567,1166,5,2453,1868,17.2210,0.2460
2148,71.600,1165,6,2454,1869,19.6805,2.8782
2149,71.633,1165,4,2454,1869,17.4498,2.2552
2150,71.667,1165,4,2454,1869,17.4441,2.9273
2151,71.700,1168,25,2445,1862,17.5406,5.1176
2152,71.733,1168,23,2445,1862,17.7498,8.3185
2153,71.767,1168,24,2444,1861,17.7631,6.0983
2154,71.800,1168,25,2444,1861,18.0190,5.2240
2155,71.833,1168,23,2443,1859,19.3574,6.0919
2156,71.867,1167,21,2442,1859,20.4762,5.8774
2157,71.900,1167,20,2442,1858,19.0859,3.7407
2158,71.933,1167,19,2442,1859,19.4104,5.2901
2159,71.967,1168,18,2444,1859,19.1595,5.2879
2160,72.000,1170,25,2446,1863,20.3899,6.9517
2161,72.033,1172,24,2447,1864,18.5353,4.7873
2162,72.067,1172,24,2447,1864,18.4381,4.4559
2163,72.100,1173,23,2447,1864,19.9207,3.4816
2164,72.133,1172,23,2447,1863,18.4811,4.8398
2165,72.167,1171,25,2447,1862,19.1493,6.8878
2166,72.200,1171,24,2447,1862,16.6806,8.6810
2167,72.233,1171,24,2447,1862,16.4650,8.6682
2168,72.267,1172,23,2448,1863,17.5814,5.8236
2169,72.300,1171,22,2448,1863,17.3154,4.8908
2170,72.333,1171,22,2447,1864,17.4582,6.2257
2171,72.367,1171,21,2447,1864,18.2323,4.8462
2172,72.400,1170,21,2447,1865,16.9767,5.6244
2173,72.433,1169,22,2449,1867,17.3336,5.7365
2174,72.467,1169,25,2448,1866,14.4168,7.1182
2175,72.500,1170,25,2449,1868,14.9108,7.4054
2176,72.533,1168,26,2450,1867,13.8515,7.8672
2177,72.567,1168,24,2450,1868,14.3756,8.7468
2178,72.600,1169,30,2449,1870,11.0665,6.8369
2179,72.633,1171,28,2450,1871,9.9502,10.0903
2180,72.667,1170,27,2450,1868,9.4376,9.5025
2181,72.700,1170,27,2450,1868,8.7397,10.5206
2182,72.733,1171,30,2451,1868,12.2670,7.8210
2183,72.767,1172,30,2450,1868,11.2077,7.5289
2184,72.800,1171,31,2451,1867,12.2644,7.7768
2185,72.833,1171,32,2451,1867,11.4151,9.1476
2186,72.867,1170,31,2451,1867,9.9997,7.7091
2187,72.900,1170,30,2451,1866,11.0919,9.4013
2188,72.933,1170,31,2450,1867,10.3427,8.1548
2189,72.967,1171,31,2451,1868,9.7482,9.1630
2190,73.000,1171,28,2451,1871,10.8932,9.0305
2191,73.033,1171,29,2452,1872,11.0251,9.3179
2192,73.067,1171,30,2451,1871,10.7431,8.7570
2193,73.100,1171,29,2451,1871,10.3707,7.8865
2194,73.133,1171,29,2451,1871,10.4172,8.6196
2195,73.167,1172,25,2450,1870,10.8898,7.6673
2196,73.200,1172,26,2450,1870,11.0432,8.1519
2197,73.233,1171,21,2451,1870,10.3207,6.6507
2198,73.267,1172,23,2452,1870,10.1449,8.0473
2199,73.300,1173,26,2452,1870,11.8511,7.0918
2200,73.333,1173,24,2452,1870,11.3135,8.4253
2201,73.367,1173,26,2452,1870,12.0282,7.5470
2202,73.400,1174,27,2453,1871,12.1593,9.8275
2203,73.433,1175,30,2452,1872,12.5484,7.7580
2204,73.467,1174,28,2453,1871,12.0721,6.6415
2205,73.500,1174,30,2452,1871,12.7999,7.9584
2206,73.533,1174,27,2452,1871,10.1449,5.8792
2207,73.567,1174,28,2453,1871,11.2466,6.6654
2208,73.600,1174,30,2452,1871,11.6806,7.0814
2209,73.633,1175,30,2453,1872,11.3938,6.5379
2210,73.667,1175,29,2454,1872,11.5678,7.7928
2211,73.700,1174,29,2454,1873,10.7513,6.4403
2212,73.733,1174,29,2454,1872,10.6791,7.4052
2213,73.767,1174,29,2454,1872,10.8850,7.9195
2214,73.800,1174,28,2453,1872,10.7473,7.2186
2215,73.833,1174,29,2453,1872,10.6606,7.5835
2216,73.867,1175,29,2453,1873,10.5418,6.6748
2217,73.900,1174,29,2453,1874,9.0850,7.3268
2218,73.933,1175,28,2453,1875,10.6033,6.5133
2219,73.967,1175,28,2453,1874,10.2097,6.0865
2220,74.000,1173,28,2452,1874,9.2048,9.0147
2221,74.033,1173,28,2453,1875,7.8609,9.0096
2222,74.067,1173,29,2453,1876,8.5595,8.6002
2223,74.100,1173,31,2453,1875,10.4371,8.4489
2224,74.133,1174,28,2454,1874,9.2864,8.3972
2225,74.167,1175,25,2455,1872,9.8617,5.9454
2226,74.200,1173,28,2454,1871,9.2227,7.7621
2227,74.233,1171,27,2454,1871,9.9580,7.7671
2228,74.267,1170,28,2455,1870,9.2226,8.6893
2229,74.300,1169,29,2456,1871,9.8985,7.3456
2230,74.333,1168,27,2457,1871,8.7336,8.8613
2231,74.367,1168,28,2457,1871,7.9826,10.6851
2232,74.400,1168,27,2457,1872,9.5475,6.2444
2233,74.433,1169,27,2457,1871,8.8672,6.3735
2234,74.467,1167,26,2456,1869,9.0778,7.2042
2235,74.500,1170,25,2457,1869,10.4070,7.4098
2236,74.533,1168,20,2457,1869,8.4468,5.7983
2237,74.567,1145,0,2453,1869,5.7242,-5.9741
2238,74.600,1156,0,2449,1864,11.6062,-2.3104
2239,74.633,1154,0,2449,1863,14.6043,-1.4536
2240,74.667,1152,0,2452,1867,20.0506,4.9788
2241,74.700,1155,15,2458,1870,9.2563,1.9750
2242,74.733,1155,13,2459,1869,8.8723,1.7148
2243,74.767,1158,21,2460,1871,12.7942,4.0442
2244,74.800,1160,23,2459,1871,9.1926,7.1667
2245,74.833,1159,26,2459,1873,9.5628,8.0810
2246,74.867,1163,24,2457,1874,10.8040,10.5580
2247,74.900,1163,30,2456,1877,12.1475,10.3285
2248,74.933,1164,25,2455,1877,11.4898,7.2421
2249,74.967,1163,25,2452,1874,10.2402,8.1884
2250,75.000,1167,20,2450,1864,13.1402,7.4339
2251,75.033,1169,23,2449,1864,12.1221,6.6626
2252,75.067,1169,23,2449,1864,11.4798,6.7263
2253,75.100,1169,23,2449,1864,11.5761,6.6958
2254,75.133,1170,20,2448,1865,10.6288,7.6623
2255,75.167,1170,19,2448,1864,10.3333,7.8964
2256,75.200,1170,19,2448,1864,10.6172,7.9077
2257,75.233,1170,18,2448,1865,10.7432,8.1707
2258,75.267,1170,18,2448,1865,10.6742,7.8833
2259,75.300,1170,18,2448,1865,11.0628,7.3525
2260,75.333,1171,17,2448,1865,7.5675,7.9311
2261,75.367,1171,18,2448,1866,9.1239,8.3969
2262,75.400,1171,16,2449,1867,7.9052,6.2390
2263,75.433,1171,16,2450,1867,6.6410,5.0685
2264,75.467,1171,19,2451,1869,9.8846,6.9894
2265,75.500,1171,18,2451,1868,9.2397,6.8009
2266,75.533,1170,18,2451,1868,9.1903,7.3404
2267,75.567,1170,18,2449,1865,7.8351,8.4784
2268,75.600,1170,18,2449,1864,9.2925,8.1105
2269,75.633,1170,19,2449,1866,9.7303,8.9237
2270,75.667,1169,18,2448,1864,9.3640,8.5001
2271,75.700,1168,18,2448,1862,9.9525,7.5046
2272,75.733,1169,19,2449,1863,9.9154,7.6947
2273,75.767,1168,19,2449,1862,11.8216,7.0808
2274,75.800,1170,18,2450,1862,10.1077,8.8324
2275,75.833,1170,19,2449,1862,9.2698,8.6911
2276,75.867,1171,18,2449,1862,9.0880,8.2750
2277,75.900,1170,17,2449,1862,8.3009,8.0085
2278,75.933,1171,18,2449,1862,9.4193,8.1333
2279,75.967,1171,17,2449,1862,8.3317,7.8522
2280,76.000,1174,18,2448,1860,9.0257,5.5773
2281,76.033,1174,18,2448,1860,9.2866,5.8489
2282,76.067,1174,18,2448,1861,7.7105,4.6034
2283,76.100,1173,17,2448,1861,9.3672,5.1035
2284,76.133,1173,18,2449,1861,6.6899,6.1076
2285,76.167,1174,19,2450,1864,7.4685,8.8037
2286,76.200,1174,19,2450,1865,5.7419,9.0369
2287,76.233,1175,18,2449,1866,5.1467,7.7290
2288,76.267,1176,18,2450,1866,4.3529,6.9742
2289,76.300,1176,19,2451,1867,4.8438,7.6912
2290,76.333,1176,19,2452,1866,3.8722,7.3965
2291,76.367,1176,20,2452,1866,4.1956,8.4437
2292,76.400,1176,20,2452,1867,5.1230,8.8048
2293,76.433,1207,13,2491,1868,15.4633,-3.7917
2294,76.467,1207,16,2490,1870,18.7206,1.6677
2295,76.500,1206,15,2488,1870,10.6915,-0.1105
2296,76.533,1205,15,2488,1870,11.3261,4.0613
2297,76.567,1205,15,2488,1870,11.5546,4.4521
2298,76.600,1205,14,2488,1869,12.4208,1.2986
2299,76.633,1205,17,2488,1870,11.4512,2.5286
2300,76.667,1205,16,2488,1871,11.1449,2.8784
2301,76.700,1204,16,2487,1871,11.3565,2.8573
2302,76.733,1203,15,2488,1872,12.0222,2.4347
2303,76.767,1203,17,2489,1875,10.1973,3.3462
2304,76.800,1204,15,2488,1872,11.7448,0.9626
2305,76.833,1203,15,2488,1872,10.2231,0.9922
2306,76.867,1201,15,2487,1873,8.6620,2.4499
2307,76.900,1200,17,2489,1874,7.9185,5.5123
2308,76.933,1199,15,2489,1874,9.0923,3.5948
2309,76.967,1200,17,2490,1873,8.7386,7.0310
2310,77.000,1200,13,2487,1867,8.7592,5.5017
2311,77.033,1200,14,2487,1865,8.0560,4.4448
2312,77.067,1200,15,2488,1865,7.1407,6.1593
2313,77.100,1200,12,2488,1863,7.5016,5.0077
2314,77.133,1201,15,2488,1865,6.1900,5.7263
2315,77.167,1202,16,2487,1865,6.5502,5.4005
2316,77.200,1200,16,2487,1866,7.2150,5.4500
2317,77.233,1201,15,2488,1867,6.2577,5.9977
2318,77.267,1199,16,2487,1865,6.5515,6.6608
2319,77.300,1196,19,2488,1871,8.7814,6.1496
2320,77.333,1194,18,2490,1876,8.3303,4.4855
2321,77.367,1192,18,2489,1876,8.5254,6.0332
2322,77.400,1191,22,2489,1874,9.5381,5.8444
2323,77.433,1190,20,2490,1876,8.6168,5.9268
2324,77.467,1186,15,2486,1875,7.5527,4.9032
2325,77.500,1187,15,2482,1872,8.4803,4.6485
2326,77.533,1187,14,2481,1873,8.2077,5.1958
2327,77.567,1187,16,2482,1874,7.0162,5.0452
2328,77.600,1188,16,2482,1874,8.7095,4.2302
2329,77.633,1187,15,2482,1873,7.4103,6.1968
2330,77.667,1187,17,2482,1871,7.1730,5.4576
2331,77.700,1187,17,2481,1870,6.1423,6.0702
2332,77.733,1187,17,2482,1871,7.6993,4.7387
2333,77.767,1188,15,2483,1870,8.0894,4.9432
2334,77.800,1189,17,2483,1870,8.0336,5.4361
2335,77.833,1191,22,2483,1870,6.2735,6.3784
2336,77.867,1193,24,2484,1871,6.8157,6.3271
2337,77.900,1194,24,2485,1871,5.1221,6.6016
2338,77.933,1192,20,2485,1873,5.4361,5.4169
2339,77.967,1190,22,2485,1875,5.0855,4.7085
2340,78.000,1190,26,2486,1877,5.1555,4.7263
2341,78.033,1191,25,2485,1876,7.6003,4.6256
2342,78.067,1191,24,2486,1876,6.9544,4.0748
2343,78.100,1193,25,2486,1873,7.3706,3.5626
2344,78.133,1193,21,2486,1873,8.0891,3.7092
2345,78.167,1195,19,2487,1873,8.8393,1.1398
2346,78.200,1195,22,2487,1873,8.7493,1.1198
2347,78.233,1197,23,2487,1873,5.4553,2.0987
2348,78.267,1198,24,2487,1873,7.2377,1.5320
2349,78.300,1195,14,2488,1873,5.9353,1.5795
2350,78.333,1195,14,2488,1874,7.6765,0.3085
2351,78.367,1195,12,2487,1870,4.8416,4.2678
2352,78.400,1195,11,2487,1868,5.9690,4.5092
2353,78.433,1194,12,2489,1869,5.3044,-0.0544
2354,78.467,1193,11,2490,1868,5.2395,1.0769
2355,78.500,1194,13,2489,1866,7.6057,-0.3198
2356,78.533,1193,17,2489,1866,6.2133,3.7470
2357,78.567,1193,24,2487,1866,7.9935,2.8467
2358,78.600,1192,25,2487,1868,6.9285,3.6456
2359,78.633,1195,25,2488,1865,8.1362,2.3656
2360,78.667,1198,27,2492,1878,5.3979,5.3708
2361,78.700,1198,27,2493,1880,6.3823,5.5386
2362,78.733,1199,27,2494,1881,6.3102,5.2550
2363,78.767,1199,27,2493,1880,7.0141,5.7921
2364,78.800,1200,27,2496,1881,5.7346,3.9379
2365,78.833,1207,30,2498,1882,5.3599,3.2561
2366,78.867,1211,36,2500,1882,5.1910,5.3678
2367,78.900,1210,36,2501,1885,6.6089,6.3562
2368,78.933,1208,37,2502,1885,7.0444,6.0394
2369,78.967,1192,0,2500,1884,10.8904,-6.7056
2370,79.000,1192,0,2503,1882,12.0519,-3.5327
2371,79.033,1193,0,2504,1881,12.9625,-2.9466
2372,79.067,1196,12,2499,1878,12.6596,2.0363
2373,79.100,1197,12,2498,1876,12.9832,0.2676
2374,79.133,1198,13,2498,1876,10.9966,1.2251
2375,79.167,1196,9,2497,1878,9.9417,2.5432
2376,79.200,1194,9,2495,1877,10.7387,2.1859
2377,79.233,1196,7,2494,1879,10.6308,2.7118
2378,79.267,1197,7,2495,1881,10.7930,3.5453
2379,79.300,1197,7,2495,1882,10.4932,5.8364
2380,79.333,1197,7,2495,1880,10.3037,4.8849
2381,79.367,1201,8,2494,1881,8.8108,1.6357
2382,79.400,1201,8,2496,1879,8.6416,1.7608
2383,79.433,1200,10,2495,1878,8.6413,3.1789
2384,79.467,1200,8,2494,1877,11.4676,3.7175
2385,79.500,1199,10,2496,1879,9.0840,4.8229
2386,79.533,1198,13,2496,1878,9.7653,3.7833
2387,79.567,1198,10,2496,1880,9.2309,6.4642
2388,79.600,1197,8,2495,1878,8.6318,5.5699
2389,79.633,1199,13,2494,1879,8.5561,4.8217
2390,79.667,1199,12,2493,1878,9.3626,3.6833
2391,79.700,1198,15,2493,1877,9.4738,3.4523
2392,79.733,1197,13,2494,1878,10.4661,4.2461
2393,79.767,1197,9,2494,1880,9.0545,3.4633
2394,79.800,1198,7,2495,1877,9.8584,1.5337
2395,79.833,1199,8,2493,1874,9.4305,-0.2591
2396,79.867,1199,12,2494,1875,6.9644,0.8576
2397,79.900,1200,14,2493,1878,-1.7507,3.7727
2398,79.933,1201,12,2492,1878,-2.5018,5.8498
2399,79.967,1200,13,2492,1876,-3.7904,6.1894
2400,80.000,1199,18,2490,1874,-2.1626,6.4189
2401,80.033,1198,19,2490,1872,-1.0603,5.1564
2402,80.067,1196,18,2491,1874,-3.0884,4.5774
2403,80.100,1193,17,2491,1872,-4.0097,7.6632
2404,80.133,1193,18,2490,1870,-3.7116,9.1931
2405,80.167,1192,24,2487,1869,-3.2774,7.3329
2406,80.200,1193,24,2487,1872,-1.7945,6.4657
2407,80.233,1194,24,2488,1872,-1.6772,8.1064
2408,80.267,1194,26,2486,1874,-4.0882,7.1704
2409,80.300,1196,27,2486,1877,-3.1394,5.8496
2410,80.333,1197,30,2486,1878,-3.5000,5.4477
2411,80.367,1198,27,2485,1876,-4.8260,6.3814
2412,80.400,1198,25,2487,1872,-5.5357,8.6239
2413,80.433,1198,25,2486,1872,-5.9918,6.8949
2414,80.467,1198,27,2485,1872,-6.2472,5.1663
2415,80.500,1198,26,2485,1871,-6.2372,9.1276
2416,80.533,1196,28,2483,1871,-5.8564,4.9939
2417,80.567,1197,29,2483,1871,-6.8837,4.9476
2418,80.600,1197,29,2483,1871,-6.5712,4.9794
2419,80.633,1196,29,2483,1871,-5.8147,4.8813
2420,80.667,1196,27,2483,1870,-6.1222,6.7009
2421,80.700,1195,28,2481,1870,-4.9854,5.8894
2422,80.733,1195,29,2481,1871,-4.4952,5.7856
2423,80.767,1195,29,2480,1871,-5.1607,7.1020
2424,80.800,1195,31,2480,1871,-5.0496,8.4235
2425,80.833,1196,30,2480,1875,-4.8944,6.0552
2426,80.867,1196,31,2480,1875,-5.7722,7.5917
2427,80.900,1197,31,2482,1876,-6.5205,4.9187
2428,80.933,1197,29,2482,1876,-5.7674,7.5038
2429,80.967,1198,24,2486,1880,-5.5558,9.3171
2430,81.000,1200,23,2488,1884,-3.8952,8.6751
2431,81.033,1200,22,2488,1883,-3.3899,8.2479
2432,81.067,1200,23,2487,1883,-3.6044,8.5138
2433,81.100,1199,22,2488,1883,-4.9246,7.4649
2434,81.133,1199,23,2488,1883,-3.6451,9.1487
2435,81.167,1199,27,2487,1879,-3.8202,9.5383
2436,81.200,1199,24,2487,1878,-0.8203,9.7601
2437,81.233,1198,26,2488,1878,-3.8370,9.8987
2438,81.267,1199,25,2487,1876,-1.7764,11.4141
2439,81.300,1199,22,2487,1877,-5.1333,10.3361
2440,81.333,1199,22,2487,1877,-4.8366,10.6056
2441,81.367,1198,21,2487,1879,-5.3618,9.2169
2442,81.400,1198,20,2487,1880,-5.2114,11.6129
2443,81.433,1198,20,2488,1880,-4.2923,10.9003
2444,81.467,1197,19,2488,1880,-4.8163,11.7173
2445,81.500,1198,20,2487,1880,-4.7975,11.7416
2446,81.533,1198,20,2487,1880,-4.8025,11.9360
2447,81.567,1194,20,2490,1881,-3.8931,9.0585
2448,81.600,1194,21,2489,1881,-3.5306,9.9064
2449,81.633,1194,20,2491,1884,-3.2216,8.8009
2450,81.667,1192,17,2494,1886,-4.0090,10.1579
2451,81.700,1192,12,2494,1889,-6.1439,10.2414
2452,81.733,1191,12,2494,1888,-7.3646,11.6389
2453,81.767,1191,10,2492,1888,-7.6281,11.4434
2454,81.800,1192,10,2491,1888,-4.8100,9.6227
2455,81.833,1192,12,2491,1887,-7.1017,10.7598
2456,81.867,1193,13,2491,1888,-8.3029,7.8931
2457,81.900,1194,15,2489,1888,-6.9642,9.3636
2458,81.933,1195,15,2489,1888,-7.4512,8.7255
2459,81.967,1196,18,2489,1889,-7.1525,9.8380
2460,82.000,1197,17,2488,1886,-6.8772,10.5591
2461,82.033,1195,18,2489,1887,-4.9139,8.4557
2462,82.067,1195,19,2488,1888,-5.0344,8.3336
2463,82.100,1194,17,2488,1889,-5.9511,9.9906
2464,82.133,1194,16,2489,1890,-6.5537,8.8282
2465,82.167,1194,18,2490,1890,-5.0482,7.7923
2466,82.200,1194,18,2490,1890,-5.6208,7.8164
2467,82.233,1194,18,2491,1891,-5.5275,7.7473
2468,82.267,1195,18,2491,1893,-4.2061,8.6059
2469,82.300,1194,21,2491,1892,-3.8899,8.5133
2470,82.333,1195,21,2492,1891,-5.2012,8.2770
2471,82.367,1195,19,2491,1891,-3.7192,7.3353
2472,82.400,1195,22,2491,1892,-3.8054,7.5802
2473,82.433,1195,27,2491,1891,-5.1630,10.5571
2474,82.467,1197,31,2492,1888,-4.3143,10.6969
2475,82.500,1197,32,2492,1888,-4.8741,9.8369
2476,82.533,1196,33,2493,1892,-5.4074,5.6797
2477,82.567,1196,34,2491,1889,-5.3110,5.1123
2478,82.600,1196,34,2492,1891,-6.0299,7.8354
2479,82.633,1197,32,2492,1891,-3.9683,9.7139
2480,82.667,1197,35,2491,1892,-4.4779,8.7234
2481,82.700,1196,34,2491,1889,-3.0155,3.8254
2482,82.733,1196,35,2493,1887,-4.2069,8.0383
2483,82.767,1195,34,2493,1887,-3.0127,7.4041
2484,82.800,1195,34,2493,1887,-3.8129,7.0473
2485,82.833,1194,32,2494,1887,-4.1148,8.9270
2486,82.867,1194,31,2494,1887,-4.2766,8.5113
2487,82.900,1193,31,2493,1887,-3.3437,7.9049
2488,82.933,1193,31,2493,1886,-5.0035,6.9863
2489,82.967,1194,31,2494,1886,-5.2746,7.3470
2490,83.000,1195,32,2494,1886,-4.5754,9.3172
2491,83.033,1193,34,2495,1892,-3.8093,9.5833
2492,83.067,1193,29,2498,1897,-4.0223,8.4237
2493,83.100,1193,26,2499,1900,-2.4361,9.1907
2494,83.133,1190,25,2503,1905,-4.5910,8.2511
2495,83.167,1189,24,2504,1905,-4.6715,8.3461
2496,83.200,1184,30,2493,1904,-3.0143,6.8608
2497,83.233,1185,28,2495,1908,-3.2197,6.5311
2498,83.267,1183,26,2495,1910,-1.7061,6.0382
2499,83.300,1183,23,2497,1917,-4.3246,4.5844
2500,83.333,1182,20,2497,1917,-1.6587,3.6295
2501,83.367,1187,22,2497,1928,-4.0423,7.7981
2502,83.400,1183,78,2484,1926,-4.7222,7.3382
2503,83.433,1182,79,2485,1923,-3.8454,9.2310
2504,83.467,1193,10,2511,1963,-6.3466,6.3649
2505,83.500,1194,18,2494,1934,-1.2826,6.9925
2506,83.533,1194,16,2491,1933,-0.8158,6.0544
2507,83.567,1195,16,2486,1921,-0.8444,6.2767
2508,83.600,1196,11,2486,1925,-4.0493,7.0392
2509,83.633,1194,0,2484,1920,-3.1798,5.1018
2510,83.667,1193,2,2485,1933,-5.3818,5.4314
2511,83.700,1191,3,2486,1934,-1.8690,2.3916
2512,83.733,1191,1,2483,1932,-6.9772,5.5085
2513,83.767,1188,0,2483,1934,-6.0805,4.9146
2514,83.800,1184,0,2482,1942,-1.5891,4.1744
2515,83.833,1183,2,2481,1944,-3.8682,4.3784
2516,83.867,1193,0,2493,1961,-2.6022,2.1969
2517,83.900,1181,6,2480,1943,-3.8179,5.2423
2518,83.933,1182,11,2479,1942,-1.2667,3.2515
2519,83.967,1183,9,2481,1943,-2.4612,3.4763
2520,84.000,1181,11,2482,1941,-3.7878,7.2794
2521,84.033,1180,7,2479,1941,-3.8715,6.7471
2522,84.067,1179,4,2480,1940,-4.4570,9.6539
2523,84.100,1180,3,2478,1938,-4.6768,7.0602
2524,84.133,1181,2,2476,1935,-3.0934,6.7710
2525,84.167,1181,0,2476,1930,-1.9668,7.3016
2526,84.200,1182,0,2473,1926,-2.6563,7.0603
2527,84.233,1185,0,2474,1927,-1.2451,5.5535
2528,84.267,1183,0,2476,1932,-2.2831,6.6509
2529,84.300,1183,0,2475,1929,-0.1525,7.4097
2530,84.333,1183,0,2475,1930,-4.0324,6.5446
2531,84.367,1184,0,2479,1931,-2.0493,7.0242
2532,84.400,1185,0,2483,1926,0.2458,4.6852
2533,84.433,1184,1,2486,1925,-2.8569,6.0804
2534,84.467,1185,2,2491,1930,-2.1588,6.0503
2535,84.500,1185,3,2491,1928,-2.2746,6.1953
2536,84.533,1186,3,2490,1925,-1.5733,4.3355
2537,84.567,1186,3,2489,1923,-2.0463,5.0103
2538,84.600,1184,5,2489,1921,-1.3730,6.5510
2539,84.633,1184,3,2485,1917,-3.7964,5.1538
2540,84.667,1186,2,2482,1910,-2.8522,5.9596
2541,84.700,1186,4,2481,1908,-3.3505,3.5398
2542,84.733,1187,5,2481,1910,-2.6625,3.4283
2543,84.767,1186,6,2483,1908,-2.1915,6.6256
2544,84.800,1186,7,2482,1904,-2.7664,6.3024
2545,84.833,1186,8,2481,1907,-1.4606,2.8755
2546,84.867,1185,6,2482,1904,-2.0397,5.5803
2547,84.900,1189,5,2482,1901,-2.4555,3.4883
2548,84.933,1190,5,2483,1899,-2.1523,4.6393
2549,84.967,1191,3,2483,1901,-3.9276,6.5971
2550,85.000,1194,5,2485,1909,-2.9191,5.1712
2551,85.033,1186,3,2476,1909,-4.0422,6.1953
2552,85.067,1181,1,2488,1940,-4.7134,9.8846
2553,85.100,1187,0,2493,1969,-4.0740,6.1757
2554,85.133,1178,3,2487,1932,-3.4652,6.0096
2555,85.167,1154,0,2495,1927,1.7472,1.6553
2556,85.200,1159,0,2504,1949,2.9156,4.3498
2557,85.233,1166,0,2502,1928,2.6354,3.7428
2558,85.267,1178,11,2519,1970,-2.4822,5.0946
2559,85.300,1167,10,2504,1937,-2.0758,6.7088
2560,85.333,1177,12,2495,1923,-5.3356,4.4751
2561,85.367,1194,16,2505,1969,-6.8085,7.3228
2562,85.400,1193,16,2516,1994,-5.7034,9.9910
2563,85.433,1200,18,2481,1931,-3.2674,5.2879
2564,85.467,1220,9,2503,1950,-2.2997,8.0252
2565,85.500,1204,24,2488,1940,-4.4955,11.5409
2566,85.533,1215,11,2496,1952,-2.8294,6.8244
2567,85.567,1200,12,2490,1940,-4.1693,7.8448
2568,85.600,1208,9,2512,1960,-5.8361,5.7568
2569,85.633,1197,4,2501,1923,-3.6267,9.5937
2570,85.667,1202,0,2518,1954,-4.5105,7.9084
2571,85.700,1197,0,2496,1922,-5.5939,6.7665
2572,85.733,1198,6,2496,1928,-3.4529,8.7976
2573,85.767,1205,10,2511,1970,-5.2549,8.0228
2574,85.800,1201,16,2508,1979,-6.0210,9.7596
2575,85.833,1211,19,2497,1954,-4.8739,2.8552
2576,85.867,1220,19,2497,1950,-3.0451,4.7378
2577,85.900,1221,23,2491,1942,-4.0751,7.1635
2578,85.933,1220,23,2491,1946,-3.6036,5.3005
2579,85.967,1218,24,2487,1942,-3.0049,4.7002
2580,86.000,1216,24,2490,1949,-4.2840,5.4798
2581,86.033,1220,28,2486,1931,-3.6707,6.3175
2582,86.067,1221,28,2488,1942,-2.4638,7.7131
2583,86.100,1225,36,2485,1925,-4.7902,6.6766
2584,86.133,1225,34,2484,1914,-5.6043,3.9930
2585,86.167,1216,32,2483,1934,-3.4932,7.4909
2586,86.200,1216,12,2485,1911,-2.4106,4.9076
2587,86.233,1199,3,2479,1915,-4.1381,1.7794
2588,86.267,1191,0,2487,1914,-2.8023,2.7969
2589,86.300,1188,0,2487,1899,-0.9665,2.5454
2590,86.333,1188,3,2492,1892,-3.7973,4.6267
2591,86.367,1189,0,2495,1893,-7.5289,4.2487
2592,86.400,1187,0,2498,1910,-6.9987,2.8669
2593,86.433,1186,0,2490,1888,-9.0861,4.3852
2594,86.467,1194,0,2490,1862,-4.6089,4.6455
2595,86.500,1193,0,2480,1893,-2.9239,7.0469
2596,86.533,1194,0,2472,1887,-1.7956,5.6057
2597,86.567,1190,11,2471,1904,-5.3938,8.5873
2598,86.600,1208,9,2471,1904,-7.0188,7.1424
2599,86.633,1197,16,2474,1892,-5.7709,8.2831
2600,86.667,1209,16,2467,1895,-6.4493,7.2287
2601,86.700,1209,21,2467,1898,-6.2658,8.1240
2602,86.733,1204,30,2467,1906,-6.4098,7.6069
2603,86.767,1210,36,2470,1896,-5.9196,10.2692
2604,86.800,1212,36,2466,1897,-9.6735,9.5581
2605,86.833,1208,33,2468,1896,-9.5477,9.1115
2606,86.867,1209,33,2468,1895,-9.4063,7.6229
2607,86.900,1203,31,2468,1894,-5.4146,6.4185
2608,86.933,1201,35,2467,1895,-5.9502,8.1090
2609,86.967,1200,34,2470,1899,-6.7698,9.6797
2610,87.000,1197,39,2470,1898,-6.3209,5.1531
2611,87.033,1198,38,2471,1900,-6.0663,4.9861
2612,87.067,1197,37,2472,1901,-4.8451,4.8611
2613,87.100,1196,39,2472,1901,-5.5356,3.7052
2614,87.133,1195,37,2473,1901,-7.3648,4.9319
2615,87.167,1192,33,2473,1905,-5.8031,3.8970
2616,87.200,1188,35,2474,1905,-4.4548,4.8903
2617,87.233,1189,34,2473,1903,-3.7251,3.7221
2618,87.267,1189,33,2472,1901,-5.7756,2.3432
2619,87.300,1190,33,2470,1902,-4.3683,3.6747
2620,87.333,1190,33,2470,1902,-3.9968,3.1014
2621,87.367,1190,38,2470,1901,-3.5722,7.0254
2622,87.400,1191,37,2469,1903,-2.9392,6.2112
2623,87.433,1193,37,2469,1900,-3.1841,2.4596
2624,87.467,1190,36,2471,1899,-4.2954,5.8958
2625,87.500,1190,39,2470,1898,-3.6946,3.2552
2626,87.533,1193,43,2467,1901,-4.4579,1.6213
2627,87.567,1194,43,2464,1903,-0.7455,2.2297
2628,87.600,1195,47,2465,1906,-2.7249,2.0090
2629,87.633,1195,46,2465,1907,-4.2564,4.1722
2630,87.667,1196,49,2465,1905,-2.3969,1.8474
2631,87.700,1197,48,2464,1904,-2.6954,4.3415
2632,87.733,1196,47,2465,1905,-2.5157,4.1080
2633,87.767,1197,48,2465,1904,-3.0303,4.7852
2634,87.800,1197,48,2464,1904,-3.2152,3.2659
2635,87.833,1198,48,2464,1904,-2.7111,3.0829
2636,87.867,1198,50,2463,1904,-3.3605,3.4544
2637,87.900,1198,50,2462,1902,-3.6731,4.3541
2638,87.933,1197,50,2461,1903,-4.3809,4.2441
2639,87.967,1196,47,2463,1905,-4.7983,1.6606
2640,88.000,1192,47,2464,1907,-3.8437,4.8022
2641,88.033,1195,45,2462,1902,-2.1516,4.1405
2642,88.067,1195,45,2460,1902,-4.0048,4.0721
2643,88.100,1196,44,2460,1902,-4.8389,4.7026
2644,88.133,1195,43,2460,1904,-3.4710,4.7910
2645,88.167,1196,42,2460,1906,-4.9013,3.9960
2646,88.200,1196,43,2460,1909,-3.9552,1.9498
2647,88.233,1195,43,2459,1903,-3.2762,3.9078
2648,88.267,1194,44,2460,1899,-5.0080,4.6681
2649,88.300,1195,44,2460,1897,-5.0030,4.1425
2650,88.333,1191,44,2461,1897,-5.0289,4.4375
2651,88.367,1193,42,2460,1889,-4.0793,3.3217
2652,88.400,1194,45,2461,1890,-4.7711,2.8736
2653,88.433,1193,47,2460,1886,-6.0898,2.4945
2654,88.467,1192,49,2461,1890,-5.1510,1.3817
2655,88.500,1191,49,2461,1891,-5.2093,3.2325
2656,88.533,1192,47,2461,1893,-4.7336,0.7416
2657,88.567,1195,49,2461,1893,-4.9403,1.6555
2658,88.600,1195,49,2462,1896,-4.2729,1.7377
2659,88.633,1198,47,2459,1893,-2.9362,1.1251
2660,88.667,1201,52,2459,1892,-0.3186,1.9097
2661,88.700,1204,53,2459,1895,-0.0475,0.9943
2662,88.733,1200,53,2458,1898,-1.7724,2.7824
2663,88.767,1199,53,2458,1897,-0.2563,2.2744
2664,88.800,1200,56,2458,1897,-0.6988,4.4346
2665,88.833,1201,54,2456,1896,-1.6864,2.8937
2666,88.867,1199,55,2455,1895,-0.4568,0.5305
2667,88.900,1199,56,2456,1895,0.0538,1.3582
2668,88.933,1199,58,2457,1897,-0.6235,3.3399
2669,88.967,1200,57,2458,1898,-0.3530,3.7553
2670,89.000,1200,57,2462,1896,0.2006,1.9663
2671,89.033,1202,58,2459,1900,5.1345,3.2348
2672,89.067,1199,60,2462,1904,6.6421,2.2724
2673,89.100,1203,61,2460,1899,5.4771,3.5524
2674,89.133,1204,60,2462,1898,6.2297,3.8145
2675,89.167,1205,60,2464,1897,5.8264,5.8611
2676,89.200,1205,59,2466,1899,6.2659,5.4787
2677,89.233,1205,60,2464,1896,5.0142,5.3120
2678,89.267,1204,62,2462,1902,5.2878,4.9612
2679,89.300,1202,57,2460,1897,6.2147,1.7864
2680,89.333,1201,55,2459,1899,6.8254,1.5688
2681,89.367,1201,54,2460,1902,6.0301,1.8413
2682,89.400,1200,51,2462,1902,7.5935,4.0385
2683,89.433,1200,48,2463,1902,8.7155,2.4151
2684,89.467,1201,46,2465,1905,5.9406,4.7147
2685,89.500,1200,44,2464,1900,5.3948,4.7287
2686,89.533,1202,41,2465,1900,7.9312,3.5052
2687,89.567,1204,42,2466,1898,8.7578,4.0266
2688,89.600,1199,45,2467,1898,9.4715,3.2600
2689,89.633,1188,36,2469,1909,6.6389,-4.8809
2690,89.667,1188,29,2468,1906,7.5950,-3.5843
2691,89.700,1200,25,2467,1886,6.1945,1.5087
2692,89.733,1188,21,2479,1886,6.9467,3.5959
2693,89.767,1190,23,2470,1866,5.1212,0.8585
2694,89.800,1188,26,2471,1865,6.4860,0.6321
2695,89.833,1188,27,2470,1862,6.9638,1.3990
2696,89.867,1188,29,2471,1862,6.8565,1.5496
2697,89.900,1188,25,2474,1871,6.8461,1.3501
2698,89.933,1188,24,2474,1869,6.3371,1.7867
2699,89.967,1190,0,2479,1865,9.5434,-1.9350
2700,90.000,1183,0,2476,1858,12.6166,-6.8353
2701,90.033,1186,0,2477,1857,12.9719,-9.7491
2702,90.067,1188,0,2475,1857,16.9752,-5.8440
2703,90.100,1188,0,2478,1862,13.3106,-1.8506
2704,90.133,1187,0,2473,1862,11.7549,-1.6373
2705,90.167,1185,6,2474,1860,10.5428,0.7460
2706,90.200,1187,12,2475,1861,8.7616,0.6119
2707,90.233,1192,11,2474,1864,7.9435,4.5967
2708,90.267,1196,8,2473,1863,8.4460,2.5349
2709,90.300,1196,7,2471,1852,7.1805,-0.5620
2710,90.333,1197,10,2469,1848,8.3710,1.8359
2711,90.367,1195,14,2469,1848,11.0637,1.1109
2712,90.400,1194,14,2468,1844,11.2979,-0.4017
2713,90.433,1195,13,2469,1843,9.7025,-0.2419
2714,90.467,1196,12,2469,1843,9.2442,2.7404
2715,90.500,1195,14,2470,1844,10.5898,2.7867
2716,90.533,1195,13,2470,1844,11.6825,1.4069
2717,90.567,1196,13,2470,1844,10.9647,1.1569
2718,90.600,1197,13,2471,1845,8.9763,1.5671
2719,90.633,1197,10,2470,1845,10.0379,5.7464
2720,90.667,1197,11,2472,1847,9.3947,2.7636
2721,90.700,1199,7,2472,1846,8.0972,3.0762
2722,90.733,1199,7,2472,1845,8.7828,2.8351
2723,90.767,1198,4,2473,1846,9.5535,1.3348
2724,90.800,1197,11,2476,1848,11.2399,2.3724
2725,90.833,1199,13,2475,1849,10.2878,2.5573
2726,90.867,1199,14,2474,1848,9.7462,0.9977
2727,90.900,1199,15,2475,1850,9.6529,-0.3745
2728,90.933,1200,16,2475,1851,8.5413,-1.5580
2729,90.967,1199,16,2476,1852,7.8575,0.3762
2730,91.000,1199,20,2475,1854,8.8634,1.8620
2731,91.033,1200,20,2475,1853,6.7984,-0.0204
2732,91.067,1199,20,2474,1852,7.2258,0.0939
2733,91.100,1199,21,2474,1851,7.3063,0.1589
2734,91.133,1199,21,2473,1849,8.0316,0.4911
2735,91.167,1199,21,2473,1849,8.8363,-0.0050
2736,91.200,1199,21,2474,1852,8.8702,0.8857
2737,91.233,1201,20,2478,1853,6.8716,2.3190
2738,91.267,1200,19,2479,1853,6.4632,3.4157
2739,91.300,1199,16,2480,1852,7.8580,3.0282
2740,91.333,1198,16,2480,1851,10.6655,3.3876
2741,91.367,1195,15,2481,1850,8.1592,2.7853
2742,91.400,1195,15,2480,1849,8.4510,3.2970
2743,91.433,1194,15,2480,1848,6.8918,4.6124
2744,91.467,1194,15,2479,1847,8.3895,2.3631
2745,91.500,1195,15,2480,1848,7.8359,2.7870
2746,91.533,1196,14,2478,1846,8.7005,2.3465
2747,91.567,1199,16,2479,1848,9.0083,3.8559
2748,91.600,1200,17,2478,1849,7.3686,3.2831
2749,91.633,1202,19,2479,1850,4.1662,3.7633
2750,91.667,1198,19,2481,1852,7.0089,3.4402
2751,91.700,1200,19,2481,1849,4.9773,3.4020
2752,91.733,1202,20,2480,1847,4.9381,4.1624
2753,91.767,1203,18,2481,1848,5.4478,2.7929
2754,91.800,1204,18,2482,1848,5.7064,4.2427
2755,91.833,1205,18,2480,1845,5.3181,4.4740
2756,91.867,1206,18,2480,1845,5.9611,5.3546
2757,91.900,1205,15,2479,1845,6.7119,1.7864
2758,91.933,1207,16,2480,1846,5.9901,3.3660
2759,91.967,1207,19,2479,1842,6.9294,5.9514
2760,92.000,1204,19,2477,1841,7.7759,7.1582
2761,92.033,1203,18,2477,1840,8.4239,6.9959
2762,92.067,1201,16,2478,1841,7.5760,6.5283
2763,92.100,1202,15,2478,1840,7.2101,5.9184
2764,92.133,1202,16,2478,1839,7.2764,7.4850
2765,92.167,1201,15,2477,1840,7.4310,5.3005
2766,92.200,1201,15,2477,1840,7.7512,5.8981
2767,92.233,1201,16,2478,1840,6.8046,7.5357
2768,92.267,1199,14,2478,1841,7.4936,7.0250
2769,92.300,1198,13,2478,1842,7.4975,6.9953
2770,92.333,1197,14,2478,1842,8.0571,7.8177
2771,92.367,1196,13,2478,1842,8.8437,7.4297
2772,92.400,1196,17,2477,1840,9.3130,4.7885
2773,92.433,1196,14,2477,1839,7.6605,6.5782
2774,92.467,1194,17,2477,1840,7.6726,5.6195
2775,92.500,1196,12,2478,1841,6.8551,7.4734
2776,92.533,1197,0,2485,1847,15.9357,-8.2273
2777,92.567,1185,0,2478,1846,10.6394,0.7841
2778,92.600,1186,0,2479,1844,10.7736,1.9480
2779,92.633,1193,0,2483,1847,15.6349,-0.3784
2780,92.667,1192,0,2480,1848,17.2412,2.1645
2781,92.700,1190,0,2477,1846,18.0673,3.2367
2782,92.733,1191,3,2479,1850,15.3798,2.4707
2783,92.767,1191,5,2478,1848,18.8511,1.8138
2784,92.800,1191,9,2479,1848,19.1022,2.6411
2785,92.833,1193,10,2478,1848,17.1237,4.8649
2786,92.867,1194,15,2478,1850,16.2884,2.3945
2787,92.900,1194,11,2476,1847,19.4563,3.0834
2788,92.933,1194,8,2477,1850,20.9980,3.5004
2789,92.967,1195,7,2479,1852,21.2731,4.0606
2790,93.000,1194,14,2483,1859,18.3896,3.0658
2791,93.033,1195,13,2484,1858,20.5335,3.7111
2792,93.067,1194,16,2485,1862,20.1849,4.8324
2793,93.100,1193,20,2486,1864,18.8207,3.5719
2794,93.133,1192,21,2487,1869,18.7824,1.3903
2795,93.167,1193,20,2487,1868,20.1271,0.5962
2796,93.200,1194,17,2487,1869,21.8329,2.4893
2797,93.233,1193,20,2488,1867,18.1938,1.6213
2798,93.267,1193,21,2488,1869,19.0038,1.9751
2799,93.300,1196,14,2485,1866,21.5750,2.5171
2800,93.333,1194,10,2485,1865,20.0880,3.1977
2801,93.367,1195,9,2486,1865,21.5236,2.1763
2802,93.400,1197,5,2488,1865,21.1884,4.0781
2803,93.433,1198,4,2489,1864,20.9030,2.5050
2804,93.467,1197,4,2488,1864,20.1052,2.2668
2805,93.500,1197,5,2488,1863,19.8977,2.8208
2806,93.533,1195,5,2489,1864,21.9114,2.1972
2807,93.567,1197,5,2487,1863,18.1129,1.2048
2808,93.600,1197,6,2486,1862,18.5084,0.0406
2809,93.633,1197,5,2485,1862,17.0377,1.9306
2810,93.667,1198,4,2484,1862,20.7913,0.2227
2811,93.700,1196,6,2485,1861,18.1347,1.4667
2812,93.733,1194,4,2487,1859,19.2994,0.1603
2813,93.767,1194,7,2488,1860,21.0551,2.2352
2814,93.800,1194,4,2490,1861,21.7469,2.6102
2815,93.833,1193,5,2489,1861,22.2664,1.8006
2816,93.867,1193,4,2489,1862,21.2868,1.5748
2817,93.900,1193,4,2488,1861,19.8929,1.9201
2818,93.933,1194,5,2488,1860,21.9067,2.6529
2819,93.967,1196,8,2487,1860,20.2402,0.4197
2820,94.000,1197,9,2484,1860,18.4581,2.1226
2821,94.033,1197,10,2484,1860,21.6022,2.0742
2822,94.067,1197,9,2485,1861,19.8254,2.1348
2823,94.100,1197,9,2485,1862,20.3693,1.0443
2824,94.133,1197,8,2485,1865,19.2115,1.6736
2825,94.167,1197,7,2484,1866,21.3134,1.8847
2826,94.200,1196,8,2485,1867,19.4356,2.2612
2827,94.233,1197,7,2484,1866,21.4443,0.8584
2828,94.267,1195,4,2484,1865,18.6254,1.2429
2829,94.300,1195,2,2484,1865,18.7215,-0.1925
2830,94.333,1194,0,2484,1866,21.1794,-0.5578
2831,94.367,1195,3,2483,1865,17.2027,-1.2099
2832,94.400,1195,4,2481,1865,17.7534,-0.3875
2833,94.433,1194,3,2483,1865,18.1080,-1.6348
2834,94.467,1193,1,2484,1867,18.4869,-0.5427
2835,94.500,1194,1,2484,1867,19.3895,-0.6030
2836,94.533,1194,1,2484,1867,18.9482,-0.7957
2837,94.567,1194,1,2484,1866,19.3081,-2.5687
2838,94.600,1194,1,2484,1865,18.5458,-1.6735
2839,94.633,1194,0,2485,1866,19.2132,-0.9446
2840,94.667,1194,0,2485,1866,20.0315,-0.9684
2841,94.700,1193,0,2485,1866,18.2124,-1.3829
2842,94.733,1194,0,2485,1865,20.8709,-0.8192
2843,94.767,1194,0,2484,1865,20.3827,-0.9761
2844,94.800,1195,0,2483,1863,19.6782,2.0627
2845,94.833,1198,0,2481,1857,18.4711,-0.0509
2846,94.867,1199,0,2480,1856,20.9033,-0.3815
2847,94.900,1198,0,2480,1856,20.2005,-0.3986
2848,94.933,1199,0,2479,1856,20.1194,-1.3274
2849,94.967,1200,2,2479,1857,18.8164,-0.0255
2850,95.000,1198,0,2482,1861,17.7432,-2.1589
2851,95.033,1198,0,2483,1860,21.0558,-0.9022
2852,95.067,1198,0,2482,1860,22.0057,-1.6469
2853,95.100,1198,0,2482,1861,18.0232,-1.5465
2854,95.133,1197,0,2483,1862,20.4503,0.6243
2855,95.167,1196,0,2486,1863,21.8177,2.5680
2856,95.200,1195,0,2486,1863,22.0105,2.8921
2857,95.233,1195,0,2486,1862,21.7327,2.2435
2858,95.267,1194,0,2488,1862,20.9421,1.3283
2859,95.300,1193,0,2488,1863,20.9886,-0.2658
2860,95.333,1192,0,2489,1863,21.3407,-0.7755
2861,95.367,1193,0,2488,1863,20.8304,-0.4976
2862,95.400,1191,0,2489,1866,21.0100,-0.9902
2863,95.433,1191,0,2488,1866,19.3128,-1.3158
2864,95.467,1191,0,2487,1866,20.1227,-0.4997
2865,95.500,1191,0,2487,1866,20.3656,-0.3806
2866,95.533,1191,0,2488,1867,19.1586,-1.8437
2867,95.567,1191,0,2487,1866,20.8270,-0.2984
2868,95.600,1191,0,2487,1865,19.7677,-1.1335
2869,95.633,1191,0,2488,1865,18.9929,-1.6032
2870,95.667,1192,0,2490,1866,18.0832,-1.1748
2871,95.700,1191,0,2490,1864,17.9158,-1.6466
2872,95.733,1191,0,2489,1862,17.2743,-3.1679
2873,95.767,1203,12,2482,1864,19.0031,-0.2704
2874,95.800,1203,12,2482,1864,18.8702,-0.6790
2875,95.833,1203,11,2482,1863,17.8566,1.0436
2876,95.867,1203,11,2483,1864,18.0801,-0.4849
2877,95.900,1203,10,2483,1864,17.4788,0.2602
2878,95.933,1203,10,2483,1864,17.3129,-0.5357
2879,95.967,1203,11,2484,1864,18.6391,-0.4943
2880,96.000,1205,19,2482,1864,22.1581,1.4328
2881,96.033,1205,20,2483,1865,19.4325,0.5878
2882,96.067,1209,18,2483,1865,21.3640,4.1270
2883,96.100,1210,20,2483,1865,21.4985,2.8005
2884,96.133,1212,20,2483,1866,21.2452,4.7195
2885,96.167,1211,22,2481,1867,19.2215,3.1516
2886,96.200,1213,22,2481,1868,21.1741,5.2331
2887,96.233,1213,21,2480,1866,20.7249,3.3650
2888,96.267,1210,21,2480,1870,19.7073,7.1344
2889,96.300,1211,23,2479,1870,19.6091,5.1517
2890,96.333,1211,26,2477,1870,20.0221,3.0795
2891,96.367,1211,26,2477,1870,19.8932,2.7722
2892,96.400,1209,29,2476,1867,20.0734,6.1048
2893,96.433,1209,31,2476,1866,22.2549,4.1765
2894,96.467,1209,29,2476,1866,21.4238,4.4349
2895,96.500,1209,29,2476,1865,22.2063,3.4065
2896,96.533,1209,30,2473,1861,22.3492,4.5823
2897,96.567,1209,31,2473,1862,21.2464,2.4099
2898,96.600,1209,31,2473,1862,21.1040,1.8253
2899,96.633,1209,30,2474,1863,22.2515,5.2889
2900,96.667,1210,30,2474,1861,22.2659,3.1619
2901,96.700,1209,30,2474,1862,22.0882,2.0827
2902,96.733,1209,31,2474,1861,22.1244,2.7279
2903,96.767,1210,31,2473,1861,21.8605,4.0925
2904,96.800,1210,32,2474,1862,20.9253,4.8916
2905,96.833,1209,31,2474,1862,21.6219,3.0770
2906,96.867,1210,31,2475,1862,20.4736,5.5556
2907,96.900,1210,31,2474,1862,20.7561,3.6192
2908,96.933,1210,30,2474,1860,23.3075,5.6901
2909,96.967,1210,28,2474,1860,22.9215,6.0370
2910,97.000,1209,20,2476,1855,22.3593,6.1616
2911,97.033,1209,17,2476,1854,22.8256,5.0488
2912,97.067,1209,16,2475,1854,24.1611,4.4085
2913,97.100,1209,15,2476,1854,23.7017,4.1268
2914,97.133,1208,14,2476,1854,23.0936,4.1376
2915,97.167,1208,14,2475,1853,23.6375,3.1252
2916,97.200,1208,13,2475,1853,23.6691,3.3572
2917,97.233,1208,12,2475,1852,24.1505,5.2681
2918,97.267,1208,10,2475,1849,19.9236,3.2374
2919,97.300,1208,7,2475,1849,22.5598,5.1709
2920,97.333,1208,10,2475,1850,21.0262,5.8529
2921,97.367,1208,11,2476,1851,22.8347,7.1385
2922,97.400,1209,10,2476,1852,20.8100,6.6751
2923,97.433,1209,12,2477,1854,22.4633,5.6822
2924,97.467,1210,13,2476,1852,22.5316,7.9485
2925,97.500,1208,14,2476,1854,21.9207,6.8383
2926,97.533,1207,12,2476,1854,22.3441,6.8517
2927,97.567,1208,11,2475,1855,21.5739,6.1838
2928,97.600,1207,12,2476,1856,21.6664,5.2476
2929,97.633,1209,12,2476,1857,22.1285,6.5947
2930,97.667,1208,13,2477,1857,21.4605,5.4983
2931,97.700,1207,16,2478,1859,23.7934,5.4064
2932,97.733,1207,16,2477,1855,22.3578,5.6031
2933,97.767,1207,17,2477,1855,23.1346,6.7169
2934,97.800,1206,16,2478,1854,23.0733,5.3514
2935,97.833,1207,14,2479,1853,21.4454,5.0279
2936,97.867,1206,7,2480,1850,22.9099,-2.6982
2937,97.900,1205,3,2483,1851,23.2412,0.6360
2938,97.933,1181,0,2479,1850,12.2651,-4.6507
2939,97.967,1190,0,2481,1853,23.2663,-0.7121
2940,98.000,1191,0,2481,1857,22.0872,1.9744
2941,98.033,1199,2,2485,1858,22.6400,-0.2031
2942,98.067,1204,6,2483,1855,23.3821,1.2170
2943,98.100,1204,14,2481,1856,23.8910,5.0692
2944,98.133,1204,14,2481,1855,22.5677,3.8874
2945,98.167,1204,13,2481,1857,21.5465,6.3206
2946,98.200,1204,12,2481,1856,24.1461,6.6329
2947,98.233,1204,12,2481,1856,24.0201,6.2153
2948,98.267,1202,10,2480,1858,23.0934,5.1960
2949,98.300,1203,11,2480,1858,23.4925,6.2919
2950,98.333,1203,13,2481,1859,22.2941,4.9098
2951,98.367,1204,13,2481,1859,22.3543,5.7985
2952,98.400,1204,12,2480,1859,22.0736,6.1887
2953,98.433,1203,9,2480,1858,21.0048,7.6281
2954,98.467,1201,8,2480,1857,21.3917,7.6963
2955,98.500,1202,7,2481,1858,20.4246,7.3147
2956,98.533,1203,8,2479,1858,22.1780,6.4440
2957,98.567,1202,11,2480,1856,21.0314,7.3351
2958,98.600,1202,12,2479,1857,21.9816,6.0750
2959,98.633,1202,12,2479,1857,22.0043,6.5262
2960,98.667,1201,12,2480,1858,21.1861,7.5645
2961,98.700,1200,14,2480,1856,16.5302,7.9832
2962,98.733,1200,13,2480,1856,19.7086,7.9195
2963,98.767,1200,12,2480,1857,19.1998,6.2393
2964,98.800,1200,11,2481,1857,20.3688,4.9661
2965,98.833,1199,10,2481,1858,20.1853,5.3152
2966,98.867,1198,9,2481,1855,18.7036,6.1582
2967,98.900,1198,8,2480,1854,19.8452,6.4019
2968,98.933,1196,6,2481,1853,18.3312,6.1902
2969,98.967,1194,5,2480,1853,19.6764,2.7189
2970,99.000,1193,8,2478,1851,20.1406,4.9639
2971,99.033,1192,8,2478,1850,19.7538,5.1105
2972,99.067,1193,8,2478,1850,20.7621,5.9186
2973,99.100,1193,10,2477,1848,21.5867,5.9724
2974,99.133,1193,14,2476,1847,18.0903,5.8970
2975,99.167,1192,14,2476,1847,18.7944,8.9229
2976,99.200,1193,14,2477,1847,18.7650,7.4630
2977,99.233,1193,14,2476,1847,17.2064,6.7955
2978,99.267,1194,14,2476,1847,17.8132,6.0278
2979,99.300,1194,14,2476,1847,18.2728,5.4424
2980,99.333,1194,14,2476,1847,17.8393,5.0885
2981,99.367,1195,15,2476,1847,17.9130,5.3464
2982,99.400,1194,14,2476,1849,20.5893,3.4855
2983,99.433,1190,13,2476,1852,16.8334,5.2328
2984,99.467,1190,13,2476,1852,17.0779,6.4863
2985,99.500,1193,12,2477,1855,20.5319,2.7198
2986,99.533,1188,10,2478,1855,18.8349,7.8894
2987,99.567,1183,10,2475,1853,20.0568,6.1921
2988,99.600,1178,3,2478,1858,20.1066,6.4029
2989,99.633,1179,3,2478,1858,19.8029,7.1692
2990,99.667,1178,1,2478,1857,20.5349,6.4423
2991,99.700,1179,1,2479,1857,19.1605,7.3573
2992,99.733,1179,3,2479,1856,18.4123,6.7018
2993,99.767,1181,1,2479,1857,19.0194,5.7101
2994,99.800,1186,5,2477,1859,20.0922,3.7998
2995,99.833,1186,6,2476,1858,21.1608,4.1080
2996,99.867,1186,9,2475,1858,20.5121,4.7517
2997,99.900,1188,7,2476,1859,20.4937,3.9732
2998,99.933,1190,8,2475,1859,20.3901,7.1276
2999,99.967,1189,8,2476,1858,20.3900,2.7961
3000,100.000,1191,12,2475,1855,21.4933,5.0694
3001,100.033,1190,12,2475,1856,20.7691,5.3490
3002,100.067,1192,11,2475,1855,21.3739,3.9007
3003,100.100,1191,11,2475,1856,21.1057,4.7859
3004,100.133,1191,10,2475,1855,21.7259,3.5957
3005,100.167,1191,14,2474,1852,21.4787,4.3102
3006,100.200,1191,12,2473,1851,20.9864,4.2397
3007,100.233,1190,14,2474,1852,21.7867,5.4697
3008,100.267,1189,15,2475,1852,18.9000,5.9317
3009,100.300,1190,12,2477,1857,18.6001,5.3764
3010,100.333,1188,11,2476,1857,20.1700,1.9974
3011,100.367,1188,9,2477,1856,21.4185,3.8764
3012,100.400,1187,3,2477,1857,18.4227,5.7783
3013,100.433,1187,4,2476,1856,18.8512,4.7895
3014,100.467,1188,4,2476,1857,19.7178,6.1823
3015,100.500,1187,3,2476,1856,20.5408,6.2175
3016,100.533,1188,5,2476,1856,19.3332,4.6500
3017,100.567,1188,5,2476,1856,19.2719,4.6725
3018,100.600,1188,4,2476,1856,20.3784,8.3709
3019,100.633,1188,4,2476,1856,20.2150,8.0641
3020,100.667,1187,3,2476,1856,20.9252,7.0184
3021,100.700,1188,4,2476,1856,19.8898,9.4948
3022,100.733,1189,4,2476,1857,20.7343,6.5174
3023,100.767,1189,5,2476,1856,18.7577,7.1516
3024,100.800,1191,5,2477,1858,20.1490,6.9987
3025,100.833,1190,5,2475,1858,20.5317,10.1898
3026,100.867,1189,4,2475,1857,19.9433,8.5556
3027,100.900,1189,5,2474,1855,19.2821,9.1750
3028,100.933,1188,4,2474,1856,20.5703,10.1603
3029,100.967,1190,9,2472,1857,19.9496,9.8398
3030,101.000,1191,7,2470,1852,19.9083,4.3438
3031,101.033,1191,7,2471,1852,18.4708,8.5953
3032,101.067,1190,8,2471,1851,18.6182,7.1946
3033,101.100,1190,7,2471,1851,19.8261,7.6959
3034,101.133,1192,7,2471,1853,19.4424,8.4882
3035,101.167,1192,6,2472,1853,19.7721,7.7193
3036,101.200,1192,6,2473,1855,18.8725,9.7063
3037,101.233,1191,7,2472,1854,19.5658,7.9643
3038,101.267,1191,6,2472,1854,19.3790,6.9714
3039,101.300,1190,7,2472,1853,18.9773,6.6852
3040,101.333,1190,6,2473,1853,19.9392,9.2685
3041,101.367,1190,7,2473,1853,19.6765,8.0613
3042,101.400,1191,7,2473,1852,19.3875,8.3760
3043,101.433,1190,8,2472,1853,18.4463,6.4073
3044,101.467,1190,6,2472,1853,19.8962,8.2401
3045,101.500,1190,5,2473,1854,19.3093,7.7944
3046,101.533,1191,6,2473,1853,19.0704,9.2310
3047,101.567,1192,6,2472,1852,19.0142,7.8924
3048,101.600,1193,7,2472,1851,19.1093,9.7738
3049,101.633,1193,7,2473,1853,18.6189,10.8890
3050,101.667,1192,8,2473,1852,20.6158,7.9209
3051,101.700,1191,8,2473,1852,20.3356,7.2248
3052,101.733,1191,8,2473,1853,20.1514,6.9275
3053,101.767,1191,8,2473,1852,20.0201,7.1122
3054,101.800,1192,7,2473,1852,19.8522,9.6054
3055,101.833,1192,8,2472,1852,20.3133,8.4661
3056,101.867,1192,7,2473,1852,19.8614,9.9360
3057,101.900,1192,8,2473,1851,20.2242,6.9160
3058,101.933,1192,7,2473,1851,20.2818,9.2607
3059,101.967,1192,7,2472,1851,20.3681,8.8944
3060,102.000,1191,9,2474,1852,20.5988,5.8554
3061,102.033,1191,9,2474,1852,20.8634,5.7735
3062,102.067,1192,9,2474,1852,20.9811,5.8710
3063,102.100,1191,10,2474,1852,21.4531,5.7824
3064,102.133,1191,9,2474,1851,20.4427,4.4535
3065,102.167,1190,9,2473,1851,20.6273,3.7521
3066,102.200,1189,10,2473,1850,21.6437,9.0654
3067,102.233,1189,10,2473,1850,21.4899,9.4095
3068,102.267,1189,9,2473,1852,20.0123,4.7344
3069,102.300,1188,8,2473,1852,20.0078,7.2830
3070,102.333,1189,8,2473,1851,20.5755,3.0934
3071,102.367,1189,8,2473,1851,20.3993,3.5043
3072,102.400,1189,8,2473,1852,20.2271,4.2197
3073,102.433,1189,6,2472,1853,18.9634,5.9395
3074,102.467,1189,5,2473,1853,19.8397,6.2109
3075,102.500,1189,5,2473,1854,20.0187,6.2285
3076,102.533,1190,6,2473,1854,20.4627,7.8824
3077,102.567,1189,7,2475,1857,22.0836,6.3167
3078,102.600,1190,6,2475,1854,20.6121,9.6015
3079,102.633,1194,6,2474,1857,19.7642,6.5452
3080,102.667,1193,9,2475,1844,23.7668,5.0219
3081,102.700,1193,9,2476,1845,23.0657,4.2148
3082,102.733,1193,9,2476,1845,22.8895,5.1984
3083,102.767,1192,9,2476,1845,22.5370,5.2244
3084,102.800,1191,8,2476,1847,23.0876,5.8333
3085,102.833,1193,9,2476,1847,23.4880,3.0201
3086,102.867,1194,9,2476,1847,22.8940,6.4591
3087,102.900,1192,10,2476,1846,19.7032,2.1747
3088,102.933,1192,12,2476,1846,18.0761,7.6374
3089,102.967,1193,12,2477,1847,18.7057,7.4514
3090,103.000,1193,16,2477,1852,19.1854,1.0763
3091,103.033,1193,17,2477,1851,20.3193,1.6916
3092,103.067,1192,15,2477,1851,19.5487,4.0171
3093,103.100,1192,21,2475,1850,14.3176,6.5567
3094,103.133,1194,18,2476,1850,13.8255,7.3847
3095,103.167,1196,16,2477,1850,14.6036,9.6402
3096,103.200,1195,15,2478,1850,10.8521,11.3255
3097,103.233,1195,15,2478,1851,13.9355,10.9135
3098,103.267,1196,18,2478,1852,12.3457,9.1898
3099,103.300,1195,16,2476,1850,12.8945,9.7633
3100,103.333,1196,16,2475,1848,14.0228,9.2926
3101,103.367,1195,15,2475,1848,12.6109,8.2210
3102,103.400,1195,17,2475,1845,12.7829,8.7303
3103,103.433,1195,16,2477,1845,11.3977,11.2227
3104,103.467,1195,17,2477,1847,10.9530,9.2270
3105,103.500,1194,17,2477,1847,11.1710,8.3511
3106,103.533,1194,16,2478,1849,11.0772,10.2852
3107,103.567,1194,15,2478,1846,9.6254,10.2739
3108,103.600,1195,16,2478,1848,10.5275,10.5906
3109,103.633,1195,15,2477,1849,9.6966,8.6891
3110,103.667,1196,13,2477,1851,13.1641,5.1249
3111,103.700,1195,13,2478,1853,13.0616,6.8207
3112,103.733,1195,14,2478,1855,10.4782,7.9651
3113,103.767,1194,15,2478,1857,10.7832,7.4307
3114,103.800,1194,16,2479,1859,11.4445,8.6814
3115,103.833,1194,16,2479,1859,11.1781,8.1726
3116,103.867,1193,16,2479,1860,10.5287,9.3880
3117,103.900,1193,16,2480,1861,9.9918,6.7379
3118,103.933,1193,15,2480,1861,10.7485,6.9506
3119,103.967,1192,15,2482,1862,11.6180,8.8290
3120,104.000,1192,10,2482,1863,12.0357,8.3560
3121,104.033,1193,8,2483,1863,12.6671,6.1732
3122,104.067,1194,8,2482,1861,11.9819,6.7710
3123,104.100,1194,5,2479,1860,10.7521,6.4104
3124,104.133,1194,3,2478,1861,10.6437,5.6255
3125,104.167,1196,0,2479,1862,9.5678,5.2146
3126,104.200,1197,2,2479,1864,9.6415,5.2343
3127,104.233,1197,1,2478,1863,8.4573,7.2620
3128,104.267,1197,1,2478,1864,7.7731,5.7068
3129,104.300,1196,3,2479,1864,8.7544,5.7319
3130,104.333,1195,2,2479,1863,11.3424,7.5634
3131,104.367,1195,5,2479,1864,11.5252,8.7945
3132,104.400,1193,8,2480,1865,10.3994,9.2408
3133,104.433,1193,8,2480,1862,11.1632,9.8436
3134,104.467,1193,9,2480,1861,13.9439,8.0998
3135,104.500,1194,10,2479,1861,11.4758,9.7144
3136,104.533,1194,11,2479,1858,13.0742,8.6016
3137,104.567,1194,11,2479,1859,12.4315,8.7704
3138,104.600,1194,13,2479,1861,12.7942,8.0938
3139,104.633,1195,12,2479,1862,12.2279,10.8541
3140,104.667,1196,14,2479,1863,11.4855,8.6369
3141,104.700,1199,15,2477,1862,9.9622,10.2710
3142,104.733,1201,14,2478,1862,10.2824,9.3001
3143,104.767,1199,9,2479,1862,10.4855,9.3990
3144,104.800,1199,6,2480,1862,6.8538,7.6742
3145,104.833,1197,2,2478,1861,6.3541,8.5863
3146,104.867,1177,0,2481,1858,13.1678,-2.8033
3147,104.900,1176,0,2479,1858,9.2017,-3.2821
3148,104.933,1166,0,2476,1854,7.9944,2.9328
3149,104.967,1186,0,2480,1858,12.3521,4.2521
3150,105.000,1187,0,2479,1853,13.5628,2.6265
3151,105.033,1198,5,2479,1853,7.5000,4.1183
3152,105.067,1197,5,2477,1854,5.8621,6.4274
3153,105.100,1199,4,2477,1855,6.6962,3.8060
3154,105.133,1200,2,2478,1856,7.6297,6.9073
3155,105.167,1197,7,2480,1858,11.5043,6.6715
3156,105.200,1198,10,2481,1858,9.6057,8.2309
3157,105.233,1196,11,2480,1857,9.3712,4.5159
3158,105.267,1196,11,2480,1857,10.0540,7.1646
3159,105.300,1194,12,2480,1856,13.2048,8.8534
3160,105.333,1195,11,2481,1856,11.9977,7.8953
3161,105.367,1194,11,2481,1856,12.4344,8.3024
3162,105.400,1194,10,2482,1856,12.6822,7.0952
3163,105.433,1193,10,2482,1856,13.6859,7.2377
3164,105.467,1193,11,2482,1855,13.6263,10.2037
3165,105.500,1193,9,2482,1856,13.4047,7.7780
3166,105.533,1193,10,2482,1857,14.2364,8.4742
3167,105.567,1191,10,2483,1857,11.0382,11.1861
3168,105.600,1191,10,2482,1857,10.4686,11.1210
3169,105.633,1192,9,2482,1856,11.8195,7.7860
3170,105.667,1191,8,2480,1856,12.1890,8.3814
3171,105.700,1192,6,2480,1855,12.4184,7.4813
3172,105.733,1192,7,2481,1855,9.8523,9.9230
3173,105.767,1191,8,2481,1855,11.7112,8.6817
3174,105.800,1191,8,2481,1854,10.4952,7.1420
3175,105.833,1191,10,2481,1854,12.0158,9.1620
3176,105.867,1190,11,2480,1853,12.4695,11.2135
3177,105.900,1189,12,2480,1852,10.1403,9.9944
3178,105.933,1188,13,2478,1851,10.9214,10.9372
3179,105.967,1188,13,2479,1852,10.8303,9.7644
3180,106.000,1192,15,2475,1851,14.5897,7.7138
3181,106.033,1192,14,2475,1852,13.8352,6.4353
3182,106.067,1191,16,2474,1851,10.0722,10.5762
3183,106.100,1187,16,2475,1852,8.2625,9.6013
3184,106.133,1187,14,2475,1852,10.0230,11.0786
3185,106.167,1186,14,2475,1852,8.3471,10.2529
3186,106.200,1186,15,2475,1852,8.3608,10.5629
3187,106.233,1186,16,2474,1853,8.2847,10.3226
3188,106.267,1186,14,2474,1851,7.7892,10.1696
3189,106.300,1187,14,2474,1852,9.4390,10.9915
3190,106.333,1187,14,2473,1852,7.0784,10.6957
3191,106.367,1186,14,2474,1852,7.6807,12.0670
3192,106.400,1187,12,2474,1853,7.1534,12.3857
3193,106.433,1188,13,2474,1852,5.2561,11.6855
3194,106.467,1189,15,2473,1853,6.1015,9.0279
3195,106.500,1189,15,2474,1855,5.6819,6.7612
3196,106.533,1191,13,2475,1856,4.8985,8.7334
3197,106.567,1193,11,2478,1858,0.2652,7.9175
3198,106.600,1195,12,2477,1860,-0.4966,11.3264
3199,106.633,1195,12,2477,1858,-0.4720,12.3987
3200,106.667,1197,11,2477,1858,-2.5014,11.6053
3201,106.700,1197,10,2477,1857,-2.8522,12.5929
3202,106.733,1197,9,2478,1857,-2.5932,11.7377
3203,106.767,1198,9,2477,1856,-3.3134,10.7098
3204,106.800,1198,8,2477,1856,-2.8179,9.5782
3205,106.833,1198,8,2477,1855,-3.4234,10.3270
3206,106.867,1198,8,2477,1856,-2.7964,8.7485
3207,106.900,1195,10,2477,1856,-1.8678,10.9434
3208,106.933,1194,10,2477,1857,-3.8469,12.0263
3209,106.967,1194,12,2477,1856,-2.2902,10.6778
3210,107.000,1195,12,2479,1854,-0.8573,10.9820
3211,107.033,1195,15,2479,1855,-1.1629,11.4843
3212,107.067,1195,16,2478,1855,-0.4680,10.8417
3213,107.100,1195,16,2478,1855,-0.7307,10.8591
3214,107.133,1194,18,2478,1855,-2.4178,12.1490
3215,107.167,1194,19,2478,1856,-2.5200,11.7727
3216,107.200,1195,18,2479,1855,-2.2047,11.7729
3217,107.233,1195,18,2478,1854,-1.0681,11.7648
3218,107.267,1196,20,2478,1854,-1.7192,13.2049
3219,107.300,1195,21,2478,1854,-3.2028,14.1926
3220,107.333,1196,19,2478,1854,-1.2501,12.6146
3221,107.367,1196,21,2477,1854,-1.3192,11.4264
3222,107.400,1195,20,2478,1856,-1.1215,11.2158
3223,107.433,1194,19,2477,1857,-0.6866,11.0253
3224,107.467,1194,19,2476,1857,-1.6717,9.7478
3225,107.500,1195,18,2477,1857,-1.4922,11.3319
3226,107.533,1195,16,2476,1856,-0.8531,9.8943
3227,107.567,1194,14,2479,1858,-1.7411,12.0387
3228,107.600,1193,12,2479,1856,-1.7323,12.4693
3229,107.633,1191,12,2479,1858,-1.6947,11.0150
3230,107.667,1191,12,2479,1858,-1.5055,12.1660
3231,107.700,1189,14,2479,1858,-3.7954,14.4834
3232,107.733,1189,14,2479,1858,-4.2836,14.6029
3233,107.767,1188,15,2478,1858,-2.6090,15.7888
3234,107.800,1188,13,2478,1858,-3.3842,15.2010
3235,107.833,1187,12,2478,1858,-3.1205,13.3463
3236,107.867,1186,13,2478,1858,-1.2948,15.4694
3237,107.900,1186,12,2478,1858,-3.0490,13.0276
3238,107.933,1187,9,2478,1858,-1.7007,11.5938
3239,107.967,1186,7,2478,1856,-1.4270,11.2852
3240,108.000,1183,0,2478,1854,-1.2793,9.3822
3241,108.033,1183,0,2480,1853,-2.2894,11.4018
3242,108.067,1185,4,2480,1854,-4.7139,10.7790
3243,108.100,1185,5,2480,1854,-1.8124,12.5684
3244,108.133,1186,6,2479,1855,-2.5182,12.7369
3245,108.167,1186,7,2478,1855,-1.3816,12.0345
3246,108.200,1186,7,2478,1854,-0.5096,11.3725
3247,108.233,1187,7,2478,1854,-1.0477,12.0971
3248,108.267,1188,6,2478,1853,-2.7477,10.5637
3249,108.300,1189,6,2478,1853,-2.7434,9.2267
3250,108.333,1189,6,2478,1853,-2.6560,9.4763
3251,108.367,1190,8,2478,1854,-2.9244,9.5120
3252,108.400,1191,10,2477,1852,-1.3529,10.7159
3253,108.433,1192,10,2477,1853,-1.0774,9.7754
3254,108.467,1192,10,2477,1853,-1.7694,9.9161
3255,108.500,1194,10,2479,1855,-3.2287,8.4119
3256,108.533,1198,3,2478,1852,-3.2161,10.9712
3257,108.567,1162,0,2481,1854,-0.0579,-1.9509
3258,108.600,1165,0,2482,1853,0.6288,0.1272
3259,108.633,1185,0,2483,1853,0.9399,0.9512
3260,108.667,1193,1,2479,1853,-5.3582,11.4652
3261,108.700,1194,3,2479,1850,-4.0971,9.2240
3262,108.733,1193,8,2475,1852,-4.3619,7.7426
3263,108.767,1194,10,2476,1852,-3.0121,10.5757
3264,108.800,1193,10,2476,1852,-2.7366,11.6196
3265,108.833,1193,11,2477,1852,-2.0255,11.5133
3266,108.867,1192,12,2477,1854,-3.7378,13.9429
3267,108.900,1192,13,2477,1854,-3.5065,13.7965
3268,108.933,1191,11,2477,1855,-4.1278,11.8398
3269,108.967,1191,10,2477,1855,-4.4197,11.9672
3270,109.000,1193,15,2473,1855,-4.2727,12.0448
3271,109.033,1193,16,2473,1855,-4.2527,11.9318
3272,109.067,1193,17,2472,1854,-3.7489,11.2683
3273,109.100,1192,17,2472,1855,-4.1420,11.9860
3274,109.133,1192,15,2473,1855,-5.5295,11.9940
3275,109.167,1193,15,2472,1855,-4.9101,11.0516
3276,109.200,1193,16,2472,1855,-5.6790,11.8484
3277,109.233,1193,14,2473,1855,-5.7344,9.3667
3278,109.267,1193,15,2472,1855,-5.1490,10.5785
3279,109.300,1193,14,2472,1855,-5.0634,8.8874
3280,109.333,1191,15,2474,1856,-4.3965,11.9122
3281,109.367,1191,16,2472,1856,-3.0674,12.2547
3282,109.400,1193,28,2471,1849,-5.4598,13.1220
3283,109.433,1193,27,2470,1849,-5.6927,11.2435
3284,109.467,1193,26,2470,1849,-5.3741,11.9113
3285,109.500,1193,26,2470,1849,-5.4669,12.1125
3286,109.533,1193,26,2471,1850,-6.0999,11.5641
3287,109.567,1193,25,2471,1851,-5.3622,11.1826
3288,109.600,1193,24,2471,1850,-6.1614,12.5856
3289,109.633,1193,25,2471,1851,-5.2964,11.5846
3290,109.667,1193,25,2471,1851,-5.0893,11.3599
3291,109.700,1194,24,2471,1849,-4.7720,13.2973
3292,109.733,1194,25,2471,1848,-6.1190,12.4954
3293,109.767,1195,26,2471,1848,-6.7380,12.1699
3294,109.800,1196,24,2472,1848,-6.3134,13.5343
3295,109.833,1196,24,2472,1847,-5.9641,12.9330
3296,109.867,1197,23,2472,1847,-6.5107,13.1042
3297,109.900,1194,25,2474,1844,2.6143,10.2870
3298,109.933,1195,23,2474,1843,2.5874,10.2439
3299,109.967,1195,16,2472,1840,7.6233,8.4153
3300,110.000,1197,17,2472,1843,8.8961,5.3777
3301,110.033,1196,16,2472,1844,8.0596,4.8252
3302,110.067,1196,16,2473,1844,8.4580,5.2223
3303,110.100,1195,16,2471,1842,6.3440,2.7055
3304,110.133,1194,14,2471,1840,9.2212,0.9811
3305,110.167,1193,14,2470,1839,11.9901,2.3025
3306,110.200,1192,16,2470,1840,10.8224,4.7398
3307,110.233,1192,16,2471,1842,11.0973,6.4320
3308,110.267,1191,14,2471,1841,9.2931,4.1271
3309,110.300,1192,15,2471,1842,11.5011,4.3259
3310,110.333,1193,16,2471,1841,10.0177,6.4171
3311,110.367,1191,15,2471,1842,10.7357,3.4012
3312,110.400,1192,16,2470,1840,9.7833,4.1932
3313,110.433,1190,18,2470,1839,10.3957,7.8565
3314,110.467,1190,20,2470,1837,10.6765,7.1642
3315,110.500,1189,20,2472,1839,9.4051,7.2286
3316,110.533,1186,17,2473,1843,8.5071,7.2876
3317,110.567,1184,13,2473,1844,7.7489,1.8058
3318,110.600,1183,11,2475,1848,8.0306,1.5031
3319,110.633,1183,13,2474,1848,9.0862,1.5484
3320,110.667,1183,12,2474,1849,6.6723,2.2552
3321,110.700,1185,13,2474,1847,7.0872,4.4433
3322,110.733,1186,11,2475,1847,8.5213,3.5302
3323,110.767,1184,8,2473,1847,6.3148,1.5685
3324,110.800,1185,8,2472,1848,7.7700,1.7546
3325,110.833,1185,5,2473,1848,8.4727,4.2478
3326,110.867,1183,6,2474,1848,6.6290,1.3529
3327,110.900,1183,6,2475,1848,5.9484,-1.4191
3328,110.933,1183,9,2475,1848,7.4355,0.1195
3329,110.967,1182,6,2475,1849,7.8860,-1.7664
3330,111.000,1186,8,2475,1849,9.3365,3.5120
3331,111.033,1186,8,2475,1848,8.2675,4.6411
3332,111.067,1185,10,2475,1848,7.6719,1.3588
3333,111.100,1186,9,2475,1848,8.0343,4.0258
3334,111.133,1186,10,2475,1847,8.9298,0.4827
3335,111.167,1186,12,2474,1847,8.3390,2.1671
3336,111.200,1186,11,2473,1846,8.9274,1.2384
3337,111.233,1185,11,2473,1848,9.4801,3.2401
3338,111.267,1186,14,2472,1848,9.0929,2.4681
3339,111.300,1186,14,2472,1847,9.4691,2.0647
3340,111.333,1186,13,2472,1848,10.5595,3.2083
3341,111.367,1186,13,2472,1847,9.1602,2.9886
3342,111.400,1187,12,2471,1846,10.9118,7.1002
3343,111.433,1187,15,2471,1845,10.3071,5.9680
3344,111.467,1187,13,2471,1846,9.7789,7.3030
3345,111.500,1186,14,2471,1845,10.5063,5.0948
3346,111.533,1186,15,2471,1845,10.7680,4.4315
3347,111.567,1186,14,2469,1842,9.3642,4.2119
3348,111.600,1187,15,2470,1843,10.2928,6.0358
3349,111.633,1187,14,2471,1842,10.8178,5.3654
3350,111.667,1188,17,2471,1841,9.8981,6.0443
3351,111.700,1188,15,2471,1840,9.5708,7.5370
3352,111.733,1188,15,2471,1840,9.5213,8.0129
3353,111.767,1188,15,2471,1840,9.6648,8.0582
3354,111.800,1187,17,2471,1839,10.8437,5.8147
3355,111.833,1186,16,2472,1842,10.4889,6.5814
3356,111.867,1185,16,2471,1841,9.9072,3.7489
3357,111.900,1185,15,2471,1840,9.3825,2.8928
3358,111.933,1186,14,2470,1841,11.1383,4.9137
3359,111.967,1185,14,2471,1844,10.9424,3.3152
3360,112.000,1186,6,2470,1842,7.9837,1.5181
3361,112.033,1185,7,2470,1843,7.8692,4.4459
3362,112.067,1186,5,2470,1846,7.9931,-1.2258
3363,112.100,1186,5,2470,1845,8.6012,0.7479
3364,112.133,1184,5,2470,1845,8.3071,3.9925
3365,112.167,1184,6,2469,1846,10.6514,2.1096
3366,112.200,1183,6,2469,1847,9.8608,2.4086
3367,112.233,1183,7,2469,1846,7.0788,4.1749
3368,112.267,1182,9,2469,1847,8.1126,3.6317
3369,112.300,1182,10,2469,1848,8.9080,5.6598
3370,112.333,1182,9,2469,1849,8.0940,3.2550
3371,112.367,1181,9,2470,1850,9.8821,5.2076
3372,112.400,1183,12,2469,1849,8.7534,4.3599
3373,112.433,1183,13,2471,1850,8.6871,-0.3443
3374,112.467,1184,13,2471,1848,8.2207,3.4851
3375,112.500,1184,12,2471,1847,8.7256,3.9549
3376,112.533,1185,12,2471,1847,8.5887,3.7188
3377,112.567,1186,13,2471,1846,8.0484,5.9103
3378,112.600,1187,12,2472,1845,6.4857,2.7252
3379,112.633,1187,13,2471,1845,7.3104,4.6465
3380,112.667,1187,16,2471,1846,8.1161,3.6065
3381,112.700,1186,18,2471,1846,5.8165,3.5132
3382,112.733,1186,19,2471,1846,5.7606,3.3594
3383,112.767,1186,19,2471,1845,5.4835,5.8139
3384,112.800,1186,19,2471,1844,5.5247,5.0233
3385,112.833,1186,20,2471,1844,6.5205,4.6598
3386,112.867,1186,19,2471,1844,5.5294,6.1030
3387,112.900,1186,17,2471,1844,6.6967,4.2108
3388,112.933,1186,18,2470,1845,6.5204,1.3791
3389,112.967,1187,17,2471,1845,8.0153,2.6892
3390,113.000,1189,20,2469,1847,9.0096,7.2628
3391,113.033,1187,16,2470,1849,9.4611,3.9045
3392,113.067,1187,14,2470,1848,8.6779,2.1943
3393,113.100,1187,14,2471,1848,10.2843,3.4133
3394,113.133,1187,15,2470,1849,8.8502,2.3384
3395,113.167,1188,13,2471,1849,9.2560,5.0356
3396,113.200,1186,12,2470,1849,8.7982,3.9786
3397,113.233,1186,13,2470,1848,9.3253,3.9001
3398,113.267,1184,13,2470,1848,8.3199,3.4400
3399,113.300,1184,17,2471,1848,8.1147,4.1763
3400,113.333,1186,14,2471,1846,7.4247,1.0813
3401,113.367,1186,16,2472,1847,7.5230,5.4062
3402,113.400,1183,20,2471,1851,7.9592,6.3797
3403,113.433,1183,19,2472,1850,8.3023,4.0197
3404,113.467,1184,17,2472,1851,7.8733,5.7783
3405,113.500,1185,19,2472,1851,7.9162,4.7138
3406,113.533,1186,15,2473,1853,7.3554,3.0739
3407,113.567,1184,13,2476,1856,7.8474,4.6060
3408,113.600,1186,12,2476,1855,7.1786,2.7158
3409,113.633,1186,12,2477,1855,7.5022,2.6736
3410,113.667,1187,13,2477,1855,7.9167,2.9730
3411,113.700,1190,11,2480,1853,8.0413,0.4569
3412,113.733,1190,9,2482,1852,7.5891,0.4297
3413,113.767,1165,0,2473,1852,8.8397,-2.4047
3414,113.800,1179,0,2476,1855,9.2806,-3.2598
3415,113.833,1177,0,2478,1856,8.7399,-1.5345
3416,113.867,1188,10,2481,1856,4.0118,3.1702
3417,113.900,1190,11,2479,1852,4.3238,6.3615
3418,113.933,1193,11,2478,1853,5.0966,3.6236
3419,113.967,1191,8,2474,1850,5.9193,2.7078
3420,114.000,1190,16,2470,1853,5.6436,5.7052
3421,114.033,1189,13,2470,1853,7.6855,6.0432
3422,114.067,1189,12,2470,1852,9.4177,4.2816
3423,114.100,1189,15,2469,1853,7.7664,5.7454
3424,114.133,1189,15,2469,1853,8.3513,6.4873
3425,114.167,1189,8,2469,1853,7.0753,5.6237
3426,114.200,1189,6,2471,1852,9.5294,5.4055
3427,114.233,1189,10,2470,1852,5.7934,6.8738
3428,114.267,1189,14,2471,1853,7.5295,6.9804
3429,114.300,1188,11,2472,1853,7.4400,6.5740
3430,114.333,1188,10,2472,1853,9.3968,7.7355
3431,114.367,1187,6,2472,1852,6.1485,6.4353
3432,114.400,1187,7,2472,1852,6.9315,7.7803
3433,114.433,1186,8,2472,1854,8.4095,7.6057
3434,114.467,1185,8,2471,1854,8.1201,8.0861
3435,114.500,1185,7,2472,1855,8.7320,6.9387
3436,114.533,1186,5,2471,1853,6.4484,6.6287
3437,114.567,1185,8,2470,1853,8.8445,6.9353
3438,114.600,1185,8,2470,1852,7.3089,6.9618
3439,114.633,1182,13,2471,1850,10.1761,8.8115
3440,114.667,1187,16,2470,1851,10.5985,6.6441
3441,114.700,1187,17,2470,1852,11.6841,6.8514
3442,114.733,1187,18,2470,1853,10.9490,6.0570
3443,114.767,1187,18,2470,1852,11.6154,5.7063
3444,114.800,1188,19,2470,1853,10.6440,6.7702
3445,114.833,1188,20,2470,1853,10.8877,7.7850
3446,114.867,1188,20,2470,1853,10.6506,7.5640
3447,114.900,1188,19,2470,1853,10.5167,6.1556
3448,114.933,1189,18,2469,1852,13.7019,5.2040
3449,114.967,1187,18,2471,1852,10.5675,5.7520
3450,115.000,1184,15,2471,1853,12.9890,3.4718
3451,115.033,1183,14,2470,1853,11.7643,4.5951
3452,115.067,1184,15,2470,1853,10.2448,4.9589
3453,115.100,1184,13,2470,1853,9.7732,4.9503
3454,115.133,1182,12,2471,1855,9.6138,3.7776
3455,115.167,1183,12,2471,1856,10.5239,5.0851
3456,115.200,1183,12,2471,1856,9.9449,5.2962
3457,115.233,1182,12,2472,1857,8.2311,5.9305
3458,115.267,1182,11,2472,1859,8.7363,3.7776
3459,115.300,1183,12,2473,1859,7.7275,3.7930
3460,115.333,1182,12,2473,1859,7.4418,8.2836
3461,115.367,1183,14,2472,1858,8.9830,6.6345
3462,115.400,1182,15,2473,1859,8.3396,7.2840
3463,115.433,1183,15,2472,1858,9.9962,6.0295
3464,115.467,1184,15,2472,1858,10.5474,4.0748
3465,115.500,1186,12,2473,1857,10.3018,1.6846
3466,115.533,1192,7,2476,1854,9.0031,-0.4024
3467,115.567,1167,0,2466,1853,10.4207,-0.6276
3468,115.600,1166,0,2465,1853,9.1915,0.8168
3469,115.633,1162,0,2466,1855,13.3299,2.4474
3470,115.667,1184,0,2474,1855,13.6672,2.2164
3471,115.700,1183,0,2472,1855,13.1404,3.2934
3472,115.733,1189,13,2475,1853,11.5107,5.4115
3473,115.767,1190,13,2474,1854,10.8230,2.5803
3474,115.800,1192,15,2475,1854,11.7506,4.9659
3475,115.833,1194,15,2475,1851,9.9708,4.3270
3476,115.867,1190,18,2472,1850,10.3092,6.2297
3477,115.900,1190,17,2473,1848,9.8413,6.7644
3478,115.933,1190,17,2473,1849,10.4281,5.4623
3479,115.967,1188,15,2473,1850,9.8263,7.2922
3480,116.000,1194,37,2473,1849,4.8364,7.4255
3481,116.033,1194,37,2473,1849,5.1108,7.5334
3482,116.067,1194,37,2473,1849,4.9430,6.9793
3483,116.100,1194,37,2473,1849,5.0237,7.5718
3484,116.133,1193,37,2473,1850,5.0337,8.1523
3485,116.167,1193,35,2473,1850,3.3685,9.5067
3486,116.200,1193,34,2474,1851,3.3012,8.2103
3487,116.233,1193,35,2473,1850,3.2864,9.9478
3488,116.267,1194,35,2473,1849,3.3428,9.1046
3489,116.300,1194,36,2472,1848,3.2010,7.7316
3490,116.333,1194,35,2472,1847,3.3211,11.1288
3491,116.367,1195,38,2471,1847,2.1757,6.4275
3492,116.400,1196,35,2471,1846,0.6519,11.1908
3493,116.433,1195,36,2472,1848,1.6327,7.3781
3494,116.467,1195,35,2472,1848,0.8546,9.9294
3495,116.500,1195,34,2471,1848,1.7828,10.0048
3496,116.533,1195,34,2471,1847,2.2866,10.2197
3497,116.567,1195,35,2473,1848,2.1586,9.2239
3498,116.600,1195,34,2472,1847,6.4756,9.9876
3499,116.633,1194,34,2472,1847,6.4958,7.9624
3500,116.667,1194,34,2472,1846,6.4284,7.3807
3501,116.700,1195,34,2472,1846,6.7279,9.0320
3502,116.733,1195,32,2472,1848,6.5059,10.8089
3503,116.767,1194,34,2472,1847,6.6459,9.0465
3504,116.800,1193,34,2472,1846,6.6424,8.3361
3505,116.833,1193,32,2472,1847,5.0975,7.9818
3506,116.867,1193,33,2472,1848,7.3854,9.7346
3507,116.900,1193,31,2472,1847,6.5551,9.6193
3508,116.933,1193,27,2473,1848,6.4787,9.2832
3509,116.967,1192,35,2475,1850,2.9827,5.5416
3510,117.000,1190,33,2476,1850,2.0186,8.8710
3511,117.033,1191,26,2478,1854,2.3600,13.8973
3512,117.067,1196,21,2476,1850,2.6658,10.8266
3513,117.100,1193,23,2477,1855,1.4636,14.0809
3514,117.133,1195,27,2475,1855,2.1270,14.5243
3515,117.167,1194,32,2477,1855,1.8016,14.5707
3516,117.200,1198,35,2477,1858,1.5211,13.4234
3517,117.233,1197,37,2477,1856,1.4078,11.7189
3518,117.267,1195,30,2478,1857,2.7714,11.8247
3519,117.300,1197,31,2478,1858,8.3643,12.0024
3520,117.333,1197,31,2477,1856,7.3034,11.7660
3521,117.367,1196,30,2477,1856,6.4861,11.6315
3522,117.400,1197,27,2477,1856,5.5112,10.4526
3523,117.433,1197,29,2476,1857,5.4109,12.6160
3524,117.467,1197,28,2476,1857,5.1106,12.3163
3525,117.500,1197,29,2475,1858,6.5946,10.6424
3526,117.533,1196,27,2473,1855,8.3552,10.7372
3527,117.567,1195,30,2473,1856,5.5590,14.1096
3528,117.600,1195,31,2475,1858,7.2633,11.1974
3529,117.633,1194,31,2475,1858,6.3191,11.2771
3530,117.667,1195,31,2474,1856,7.1820,13.0588
3531,117.700,1194,31,2475,1858,7.2861,11.5243
3532,117.733,1195,30,2475,1858,7.8216,12.6861
3533,117.767,1194,31,2475,1858,7.5437,12.0656
3534,117.800,1192,32,2475,1859,6.4699,12.7945
3535,117.833,1193,34,2476,1859,6.7061,13.9468
3536,117.867,1194,35,2475,1859,8.7190,14.7890
3537,117.900,1193,34,2475,1858,8.9932,11.8951
3538,117.933,1193,33,2473,1856,9.9743,13.1278
3539,117.967,1193,33,2474,1857,10.0637,11.5489
3540,118.000,1195,40,2475,1854,8.7823,12.6553
3541,118.033,1194,39,2474,1853,9.3394,12.6660
3542,118.067,1194,39,2474,1852,9.5858,13.1564
3543,118.100,1194,39,2474,1853,9.2859,12.5378
3544,118.133,1194,36,2475,1854,8.5875,9.0173
3545,118.167,1192,40,2473,1855,9.4957,12.0608
3546,118.200,1192,41,2472,1854,9.8180,10.6324
3547,118.233,1192,40,2472,1854,8.8799,10.6940
3548,118.267,1189,38,2472,1855,7.5056,11.5575
3549,118.300,1188,37,2473,1857,7.4981,10.4764
3550,118.333,1188,38,2473,1857,8.0889,12.2148
3551,118.367,1189,37,2473,1858,7.2028,12.1342
3552,118.400,1188,35,2473,1858,8.9459,10.5634
3553,118.433,1189,36,2473,1858,8.8108,11.7971
3554,118.467,1190,36,2472,1856,7.4347,10.7056
3555,118.500,1189,35,2472,1858,8.0504,11.1951
3556,118.533,1189,33,2472,1858,7.9600,10.8623
3557,118.567,1192,38,2472,1858,2.0704,10.1521
3558,118.600,1192,39,2473,1859,2.2921,12.9754
3559,118.633,1192,39,2473,1858,2.0912,11.4603
3560,118.667,1195,39,2472,1856,4.0213,11.3970
3561,118.700,1195,38,2473,1856,4.0873,12.2456
3562,118.733,1195,38,2473,1856,4.0815,11.9543
3563,118.767,1195,38,2473,1856,4.0111,12.1358
3564,118.800,1195,35,2473,1858,2.0864,10.1816
3565,118.833,1195,37,2473,1858,2.9186,12.0247
3566,118.867,1194,39,2474,1860,3.2044,11.4779
3567,118.900,1194,38,2473,1858,2.5803,12.3428
3568,118.933,1194,37,2473,1857,1.4137,12.1956
3569,118.967,1192,38,2473,1855,4.4270,11.3936
3570,119.000,1192,35,2476,1854,4.6932,11.7165
3571,119.033,1197,33,2477,1852,16.7977,9.4529
3572,119.067,1196,33,2477,1852,16.9365,8.0578
3573,119.100,1196,31,2478,1852,16.3912,6.9151
3574,119.133,1197,32,2478,1852,17.3533,6.6659
3575,119.167,1195,32,2479,1852,16.6285,7.0076
3576,119.200,1195,33,2478,1853,16.0234,7.5125
3577,119.233,1194,32,2477,1852,17.1185,7.9077
3578,119.267,1195,30,2477,1851,17.3426,5.9445
3579,119.300,1195,29,2478,1851,18.6860,7.0697
3580,119.333,1195,29,2478,1851,19.4931,6.8903
3581,119.367,1195,29,2479,1851,18.9805,5.9875
3582,119.400,1194,30,2478,1850,18.3972,4.9862
3583,119.433,1195,32,2478,1849,18.4227,6.3660
3584,119.467,1194,33,2477,1849,18.5158,7.0099
3585,119.500,1194,32,2477,1850,17.6470,7.3439
3586,119.533,1195,31,2478,1849,18.5758,5.8528
3587,119.567,1195,30,2477,1850,17.7765,7.7232
3588,119.600,1195,30,2476,1850,17.7407,8.3667
3589,119.633,1196,32,2476,1851,18.7747,6.3065
3590,119.667,1196,31,2476,1852,17.1443,7.5774
3591,119.700,1196,31,2477,1852,16.7529,6.8824
3592,119.733,1197,31,2477,1852,16.6538,9.2625
3593,119.767,1197,29,2477,1851,16.6906,8.1862
3594,119.800,1196,28,2476,1851,17.2064,8.5237
3595,119.833,1198,33,2476,1854,16.1194,4.9368
3596,119.867,1175,0,2471,1852,16.4292,-1.9308
3597,119.900,1175,0,2470,1854,19.7985,1.9149
3598,119.933,1179,0,2471,1851,18.9398,4.0350
3599,119.967,1202,22,2476,1852,12.5429,3.9911
3600,120.000,1201,49,2474,1854,10.3043,10.0753
3601,120.033,1203,49,2473,1854,8.1035,9.7455
3602,120.067,1204,45,2475,1853,8.3139,9.6254
3603,120.100,1205,50,2473,1853,9.1940,13.3127
3604,120.133,1204,48,2474,1853,8.4562,13.8390
3605,120.167,1205,47,2474,1855,6.4259,13.9344
3606,120.200,1206,43,2473,1853,5.9493,15.8575
3607,120.233,1204,47,2474,1856,4.5766,13.9686
3608,120.267,1205,46,2477,1857,-0.8311,15.2392
3609,120.300,1203,42,2480,1860,-0.8522,14.8741
3610,120.333,1204,41,2477,1856,0.6758,16.3100
3611,120.367,1202,41,2477,1853,-0.4280,17.1674
3612,120.400,1201,40,2482,1858,-0.2212,14.9113
3613,120.433,1199,31,2481,1855,0.3379,14.1104
3614,120.467,1198,32,2482,1857,2.4009,16.2656
3615,120.500,1199,31,2480,1854,0.5790,15.0005
3616,120.533,1201,31,2481,1856,0.6924,16.5749
3617,120.567,1199,31,2482,1856,1.0443,14.7943
3618,120.600,1199,31,2481,1855,0.6173,15.6080
3619,120.633,1198,32,2481,1856,2.6160,15.2213
3620,120.667,1198,33,2482,1856,1.4839,16.2427
3621,120.700,1199,34,2482,1855,1.3832,16.5009
3622,120.733,1199,35,2481,1854,0.8964,16.4453
3623,120.767,1199,35,2482,1855,0.0117,16.0523
3624,120.800,1199,35,2483,1857,0.6251,15.4757
3625,120.833,1197,36,2483,1858,0.4247,17.7289
3626,120.867,1197,37,2483,1857,-0.3536,17.9058
3627,120.900,1196,36,2482,1855,1.0733,14.4973
3628,120.933,1195,34,2482,1854,1.7800,12.7673
3629,120.967,1194,34,2482,1852,0.9465,14.5791
3630,121.000,1195,23,2482,1851,0.2953,15.0056
3631,121.033,1195,25,2484,1852,2.1681,13.5411
3632,121.067,1194,22,2485,1852,4.7930,15.6280
3633,121.100,1194,22,2485,1852,5.3450,15.2467
3634,121.133,1194,23,2485,1851,5.1391,13.3935
3635,121.167,1194,24,2484,1851,7.5737,14.3756
3636,121.200,1194,23,2483,1851,8.6973,15.0566
3637,121.233,1194,24,2484,1853,8.4748,13.7107
3638,121.267,1196,25,2481,1850,7.2616,15.3568
3639,121.300,1195,21,2481,1852,7.8377,14.0769
3640,121.333,1195,21,2481,1851,7.0733,15.3635
3641,121.367,1195,19,2481,1852,8.0579,14.1642
3642,121.400,1195,17,2481,1853,11.3533,14.1914
3643,121.433,1195,16,2481,1853,13.8838,11.4073
3644,121.467,1196,16,2481,1852,12.9657,11.5232
3645,121.500,1196,15,2481,1852,13.4397,12.1946
3646,121.533,1196,14,2482,1852,13.0644,13.0006
3647,121.567,1195,13,2481,1850,14.8294,12.2990
3648,121.600,1194,14,2481,1851,13.6013,11.2879
3649,121.633,1194,15,2480,1850,16.1186,11.2466
3650,121.667,1193,14,2479,1847,13.8909,9.1457
3651,121.700,1193,16,2478,1846,15.2257,9.1484
3652,121.733,1193,15,2478,1846,13.2275,11.1109
3653,121.767,1193,17,2478,1845,16.2739,10.5283
3654,121.800,1194,18,2478,1844,15.5575,9.6118
3655,121.833,1194,18,2479,1844,14.6414,8.7954
3656,121.867,1193,15,2479,1844,15.7320,9.5838
3657,121.900,1194,16,2479,1843,15.4113,7.7346
3658,121.933,1194,18,2479,1842,15.8871,9.2354
3659,121.967,1194,19,2480,1844,14.9626,9.1966
3660,122.000,1194,26,2482,1842,16.3826,7.5661
3661,122.033,1192,24,2482,1842,16.8514,11.5327
3662,122.067,1190,27,2481,1843,16.3907,8.9092
3663,122.100,1190,28,2482,1843,15.6775,11.5847
3664,122.133,1190,26,2480,1842,14.7107,9.8342
3665,122.167,1190,24,2479,1841,15.6599,11.3748
3666,122.200,1191,25,2478,1840,15.7169,11.1669
3667,122.233,1191,23,2478,1840,14.8048,10.7788
3668,122.267,1191,24,2478,1841,14.2914,11.4033
3669,122.300,1190,21,2478,1841,14.2962,13.6280
3670,122.333,1192,20,2479,1841,13.6036,10.9858
3671,122.367,1192,19,2478,1842,12.2509,9.1739
3672,122.400,1191,17,2479,1842,10.8082,11.1904
3673,122.433,1191,18,2480,1840,11.3964,11.3824
3674,122.467,1192,20,2482,1840,9.7776,11.3196
3675,122.500,1189,20,2481,1840,9.7784,12.4664
3676,122.533,1191,25,2480,1839,6.0642,13.0102
3677,122.567,1190,25,2481,1840,4.8407,13.3939
3678,122.600,1191,27,2482,1839,3.0553,13.0952
3679,122.633,1191,29,2481,1839,3.0599,11.8681
3680,122.667,1191,24,2482,1838,3.3594,13.7832
3681,122.700,1190,26,2481,1839,4.8518,14.0757
3682,122.733,1191,26,2481,1839,5.2197,14.3803
3683,122.767,1191,27,2481,1840,4.1264,11.9685
3684,122.800,1190,25,2481,1841,3.7985,12.6014
3685,122.833,1191,24,2480,1839,4.5480,13.9899
3686,122.867,1192,23,2481,1839,4.8645,13.3608
3687,122.900,1190,28,2477,1841,4.0101,12.1238
3688,122.933,1190,35,2472,1840,1.9958,11.6146
3689,122.967,1187,17,2475,1840,-0.2246,5.6821
3690,123.000,1188,18,2477,1844,1.3704,7.1155
3691,123.033,1189,18,2476,1843,-0.7659,6.9734
3692,123.067,1188,19,2476,1843,1.7083,8.8251
3693,123.100,1188,19,2475,1843,1.4102,7.9428
3694,123.133,1188,14,2477,1845,-0.8078,6.2824
3695,123.167,1182,0,2480,1842,1.4679,-2.3416
3696,123.200,1177,0,2482,1841,1.2248,-3.3648
3697,123.233,1176,0,2480,1841,4.0997,-2.9303
3698,123.267,1186,2,2479,1843,3.7604,-1.0623
3699,123.300,1190,15,2480,1844,4.5594,4.7491
3700,123.333,1189,16,2481,1845,2.0157,4.8497
3701,123.367,1190,19,2479,1844,3.8982,5.6227
3702,123.400,1190,22,2478,1845,4.5734,7.5347
3703,123.433,1189,25,2478,1846,5.4193,7.2188
3704,123.467,1189,23,2478,1845,4.2537,7.6924
3705,123.500,1189,24,2477,1845,3.3915,5.6951
3706,123.533,1189,23,2478,1844,3.0584,6.4127
3707,123.567,1190,23,2478,1843,2.4527,7.9755
3708,123.600,1190,29,2476,1842,6.7457,6.9088
3709,123.633,1190,32,2477,1843,6.9703,8.2531
3710,123.667,1191,31,2476,1840,7.2377,5.7236
3711,123.700,1190,31,2477,1837,8.2077,9.1784
3712,123.733,1192,32,2479,1839,5.7426,9.7705
3713,123.767,1192,31,2480,1837,12.5144,7.1835
3714,123.800,1194,28,2480,1836,13.8093,5.2937
3715,123.833,1194,28,2479,1835,14.2797,5.3743
3716,123.867,1196,26,2479,1835,13.9896,4.7598
3717,123.900,1195,24,2477,1835,15.0405,3.9932
3718,123.933,1196,21,2478,1836,13.9648,5.4302
3719,123.967,1195,21,2478,1834,14.5800,4.6131
3720,124.000,1196,19,2479,1836,15.0858,2.9626
3721,124.033,1195,17,2480,1840,15.5159,3.5539
3722,124.067,1195,16,2481,1841,15.2778,3.0453
3723,124.100,1194,12,2483,1845,15.9255,2.5648
3724,124.133,1194,13,2483,1844,14.8114,3.1703
3725,124.167,1195,16,2482,1842,14.1090,1.6511
3726,124.200,1195,17,2482,1843,14.7179,1.9542
3727,124.233,1195,18,2483,1843,14.4347,3.1041
3728,124.267,1196,18,2483,1843,15.8039,2.3538
3729,124.300,1196,19,2482,1843,15.8905,1.4391
3730,124.333,1196,19,2481,1844,15.9865,2.8849
3731,124.367,1196,16,2481,1845,14.9906,2.9217
3732,124.400,1196,15,2482,1846,14.8342,3.0101
3733,124.433,1197,15,2481,1846,13.9605,3.4033
3734,124.467,1197,21,2480,1846,13.6888,5.9442
3735,124.500,1197,21,2480,1845,13.9688,5.1928
3736,124.533,1197,19,2480,1848,13.8183,5.0357
3737,124.567,1197,19,2481,1848,13.5203,4.8228
3738,124.600,1198,19,2480,1847,14.3438,6.6237
3739,124.633,1197,19,2480,1849,13.5977,5.9946
3740,124.667,1197,20,2479,1847,12.7158,6.4620
3741,124.700,1198,20,2480,1849,12.4590,6.4047
3742,124.733,1198,21,2480,1849,11.6319,6.6491
3743,124.767,1197,21,2481,1851,10.6737,6.3577
3744,124.800,1197,21,2480,1853,11.5417,7.4369
3745,124.833,1196,21,2479,1852,12.1230,8.1699
3746,124.867,1195,23,2479,1852,8.7617,10.3813
3747,124.900,1195,27,2478,1851,10.6183,11.0466
3748,124.933,1194,22,2479,1854,6.6151,10.1339
3749,124.967,1194,20,2479,1854,3.3479,11.0125
3750,125.000,1193,23,2480,1850,3.6846,11.1411
3751,125.033,1193,26,2480,1850,3.4118,9.9032
3752,125.067,1194,26,2481,1853,4.0214,12.1474
3753,125.100,1194,25,2481,1852,2.8983,13.2277
3754,125.133,1196,23,2481,1857,4.7741,10.9088
3755,125.167,1198,25,2480,1856,1.9318,12.8420
3756,125.200,1198,24,2481,1856,1.9882,12.7469
3757,125.233,1198,23,2481,1857,1.0404,14.2082
3758,125.267,1199,20,2483,1855,2.2993,10.4190
3759,125.300,1198,19,2483,1856,0.8268,11.7312
3760,125.333,1198,19,2482,1855,2.1092,13.2894
3761,125.367,1198,20,2482,1855,2.0985,11.3454
3762,125.400,1199,19,2482,1854,2.7399,12.7729
3763,125.433,1199,19,2482,1853,2.5261,13.6720
3764,125.467,1199,20,2482,1853,2.5934,12.6737
3765,125.500,1199,19,2481,1853,1.6395,14.5871
3766,125.533,1199,17,2481,1853,2.1312,9.7957
3767,125.567,1199,17,2481,1851,1.0023,12.5290
3768,125.600,1197,16,2480,1851,0.4464,13.6501
3769,125.633,1197,16,2480,1851,0.9592,13.5776
3770,125.667,1200,7,2483,1846,1.7865,7.9749
3771,125.700,1201,7,2482,1846,1.7435,5.1183
3772,125.733,1180,0,2480,1845,6.7498,4.8896
3773,125.767,1184,0,2482,1847,4.9445,1.1763
3774,125.800,1191,1,2481,1847,8.0387,2.5610
3775,125.833,1199,21,2478,1844,4.0268,7.2656
3776,125.867,1205,15,2478,1842,4.1138,6.0636
3777,125.900,1201,22,2476,1844,2.6800,9.5129
3778,125.933,1200,20,2476,1845,2.5938,10.6222
3779,125.967,1200,18,2477,1846,4.1428,7.6539
3780,126.000,1199,18,2478,1850,6.4713,7.8235
3781,126.033,1199,19,2480,1851,3.6929,9.2002
3782,126.067,1199,18,2479,1850,6.7704,8.5967
3783,126.100,1199,17,2481,1852,6.9018,7.9751
3784,126.133,1199,16,2482,1854,6.4653,6.5125
3785,126.167,1199,20,2481,1854,3.3462,9.2710
3786,126.200,1200,22,2480,1852,3.5991,9.5157
3787,126.233,1200,20,2479,1851,6.0468,8.3050
3788,126.267,1200,23,2478,1850,4.1974,9.3484
3789,126.300,1200,24,2478,1851,4.8365,11.1892
3790,126.333,1201,25,2478,1851,7.1994,9.5651
3791,126.367,1200,24,2478,1851,7.4762,11.4275
3792,126.400,1200,25,2477,1851,6.5108,11.0824
3793,126.433,1199,28,2476,1849,8.1969,9.4409
3794,126.467,1198,28,2477,1850,7.2972,9.6222
3795,126.500,1198,28,2477,1850,6.9847,10.1626
3796,126.533,1199,25,2478,1851,8.4335,10.3822
3797,126.567,1199,20,2478,1849,9.5412,11.1094
3798,126.600,1199,19,2479,1849,9.5131,10.7250
3799,126.633,1198,19,2479,1849,8.5684,10.0904
3800,126.667,1198,15,2479,1846,9.0233,8.7823
3801,126.700,1198,14,2479,1846,10.0932,8.7365
3802,126.733,1198,13,2479,1846,10.1724,7.8721
3803,126.767,1198,12,2479,1845,12.0359,7.8433
3804,126.800,1198,12,2479,1845,12.0496,7.5253
3805,126.833,1199,12,2479,1846,11.4691,7.9971
3806,126.867,1199,13,2479,1847,10.4320,7.6859
3807,126.900,1198,15,2479,1847,9.6716,7.9932
3808,126.933,1197,17,2480,1847,9.9279,8.9808
3809,126.967,1197,22,2479,1844,8.9388,11.1923
3810,127.000,1199,23,2479,1846,8.0517,11.1255
3811,127.033,1201,22,2477,1843,7.9129,7.4470
3812,127.067,1203,23,2479,1845,9.5212,8.9261
3813,127.100,1203,22,2479,1845,7.5146,8.2862
3814,127.133,1206,18,2480,1846,7.4111,6.4349
3815,127.167,1206,9,2480,1843,7.0864,7.5152
3816,127.200,1206,6,2480,1839,9.9481,5.0782
3817,127.233,1205,11,2481,1840,7.9129,5.5991
3818,127.267,1205,17,2483,1837,10.8479,3.9967
3819,127.300,1204,14,2483,1835,16.7698,3.1016
3820,127.333,1203,15,2485,1839,16.3206,4.0366
3821,127.367,1202,19,2481,1836,14.2921,3.1524
3822,127.400,1201,21,2484,1844,17.4812,4.9798
3823,127.433,1199,17,2484,1842,15.1729,3.8497
3824,127.467,1200,19,2483,1845,17.5001,5.4108
3825,127.500,1200,22,2482,1843,17.9608,4.9837
3826,127.533,1202,28,2482,1845,18.4568,5.1669
3827,127.567,1201,25,2481,1845,18.0550,6.8947
3828,127.600,1201,26,2481,1845,16.7581,6.0879
3829,127.633,1200,26,2481,1844,17.8204,5.1666
3830,127.667,1200,27,2481,1845,17.7203,6.2057
3831,127.700,1201,30,2481,1846,16.0567,7.5255
3832,127.733,1201,30,2481,1846,15.8255,7.7535
3833,127.767,1202,32,2481,1846,18.0642,6.5451
3834,127.800,1203,32,2481,1847,15.6854,8.1563
3835,127.833,1203,28,2481,1844,16.0416,7.2500
3836,127.867,1202,26,2481,1843,16.5697,3.6845
3837,127.900,1201,26,2481,1843,18.6814,5.4605
3838,127.933,1201,24,2481,1843,15.2099,3.4240
3839,127.967,1200,24,2481,1842,18.1971,4.0322
3840,128.000,1201,22,2481,1843,16.8343,5.9583
3841,128.033,1202,24,2480,1844,17.9889,4.1529
3842,128.067,1203,24,2481,1847,15.8798,6.2430
3843,128.100,1204,25,2481,1846,15.3458,6.1939
3844,128.133,1204,25,2480,1845,15.7532,5.6525
3845,128.167,1203,24,2480,1847,14.4106,7.1312
3846,128.200,1204,24,2480,1847,14.8696,7.6897
3847,128.233,1205,29,2481,1848,13.3034,8.9278
3848,128.267,1206,29,2482,1851,12.9588,9.2478
3849,128.300,1205,32,2481,1850,10.8714,8.0253
3850,128.333,1205,33,2479,1850,13.0542,7.0712
3851,128.367,1204,36,2479,1846,12.6462,7.0368
3852,128.400,1204,36,2480,1848,11.1092,7.3193
3853,128.433,1205,37,2479,1847,11.1882,7.8314
3854,128.467,1206,37,2479,1849,11.9102,7.3114
3855,128.500,1205,35,2478,1849,12.9977,8.0058
3856,128.533,1205,31,2478,1851,12.3203,7.7060
3857,128.567,1203,27,2479,1851,13.2743,6.1984
3858,128.600,1204,28,2479,1851,12.9694,6.6766
3859,128.633,1202,31,2476,1850,14.6394,7.0588
3860,128.667,1204,29,2477,1851,15.5558,4.6530
3861,128.700,1204,30,2476,1851,15.9873,5.3753
3862,128.733,1204,31,2476,1853,14.7355,6.3760
3863,128.767,1204,32,2476,1853,13.0140,6.6349
3864,128.800,1205,35,2476,1853,12.7038,9.2559
3865,128.833,1203,0,2477,1852,11.9877,-4.0654
3866,128.867,1198,0,2469,1842,16.9781,-3.5096
3867,128.900,1195,0,2470,1843,8.2655,-1.0168
3868,128.933,1193,0,2470,1848,5.1344,3.0166
3869,128.967,1193,0,2478,1849,11.0453,-1.4334
3870,129.000,1190,3,2477,1847,11.5262,0.7701
3871,129.033,1200,13,2482,1844,9.0591,3.9311
3872,129.067,1198,31,2481,1847,8.0512,8.2924
3873,129.100,1199,24,2481,1847,8.2481,8.1842
3874,129.133,1199,19,2480,1848,7.7571,9.6295
3875,129.167,1199,21,2480,1849,7.3083,10.5086
3876,129.200,1197,20,2478,1848,7.5924,10.0703
3877,129.233,1198,24,2478,1848,7.5564,9.4920
3878,129.267,1199,29,2477,1845,6.9029,9.7835
3879,129.300,1198,32,2478,1849,9.4575,7.7965
3880,129.333,1199,31,2479,1850,5.4033,10.7874
3881,129.367,1199,30,2479,1850,5.4335,9.3764
3882,129.400,1200,30,2478,1848,5.8833,10.4517
3883,129.433,1200,30,2478,1851,5.2639,9.6160
3884,129.467,1201,29,2479,1852,4.7953,10.8621
3885,129.500,1200,28,2480,1851,6.0671,8.4930
3886,129.533,1200,27,2480,1850,6.0075,12.1137
3887,129.567,1200,29,2480,1851,3.4065,13.0729
3888,129.600,1201,32,2482,1848,1.4025,12.9296
3889,129.633,1201,31,2482,1848,0.6140,11.4255
3890,129.667,1201,31,2483,1849,1.2091,12.2603
3891,129.700,1200,31,2483,1849,0.7877,11.2292
3892,129.733,1200,28,2484,1850,0.5737,11.8347
3893,129.767,1201,29,2484,1849,0.0689,12.6891
3894,129.800,1200,28,2484,1850,1.5014,11.2823
3895,129.833,1201,26,2484,1849,1.5707,12.3269
3896,129.867,1202,28,2484,1849,0.9492,12.1349
3897,129.900,1207,11,2481,1846,3.5870,7.6694
3898,129.933,1207,11,2481,1846,3.1759,7.8306
3899,129.967,1206,10,2481,1845,3.2111,3.7564
3900,130.000,1208,17,2484,1851,3.7996,4.2895
3901,130.033,1208,16,2485,1852,0.5797,3.6957
3902,130.067,1208,16,2486,1850,2.2501,5.1285
3903,130.100,1209,15,2485,1848,1.2825,4.6723
3904,130.133,1208,15,2485,1847,0.9040,2.4197
3905,130.167,1207,15,2483,1846,0.2736,1.3416
3906,130.200,1207,18,2481,1843,0.0067,5.5487
3907,130.233,1207,18,2482,1844,0.9435,5.6718
3908,130.267,1206,17,2481,1843,0.0311,4.8004
3909,130.300,1208,20,2479,1840,1.5238,5.0868
3910,130.333,1206,22,2479,1842,4.2690,6.4166
3911,130.367,1209,24,2481,1840,14.2544,6.2365
3912,130.400,1208,22,2481,1839,15.7788,5.0658
3913,130.433,1207,19,2481,1840,17.0625,3.1298
3914,130.467,1195,0,2532,1871,4.5300,8.2251
3915,130.500,1196,0,2531,1868,2.5866,8.2399
3916,130.533,1193,0,2530,1869,2.9057,8.7339
3917,130.567,1173,0,2519,1869,6.3638,-9.9358
3918,130.600,1172,0,2522,1871,3.9563,-10.0846
3919,130.633,1170,0,2520,1864,14.9174,-3.1098
3920,130.667,1185,0,2527,1866,7.4417,-2.7835
3921,130.700,1184,0,2524,1863,9.6279,0.2645
3922,130.733,1186,0,2527,1860,8.7296,4.7575
3923,130.767,1191,0,2530,1860,8.0572,5.9914
3924,130.800,1191,0,2530,1860,9.5867,5.8407
3925,130.833,1192,0,2529,1861,10.9403,4.8989
3926,130.867,1192,0,2529,1861,10.1210,5.0966
3927,130.900,1192,0,2528,1861,7.4568,5.6046
3928,130.933,1191,0,2527,1861,7.2785,5.7177
3929,130.967,1193,0,2527,1861,8.0896,6.4122
3930,131.000,1192,0,2528,1861,7.1610,4.4991
3931,131.033,1191,0,2530,1858,7.4985,6.6217
3932,131.067,1191,0,2530,1857,7.7832,6.1719
3933,131.100,1191,0,2531,1858,7.3439,6.4204
3934,131.133,1191,0,2532,1858,7.5766,3.4825
3935,131.167,1188,0,2532,1858,8.0231,5.2501
3936,131.200,1188,0,2534,1860,8.8445,6.4626
3937,131.233,1187,0,2535,1859,8.1096,4.8948
3938,131.267,1187,0,2535,1858,9.1760,5.6106
3939,131.300,1187,0,2536,1858,8.4264,4.9853
3940,131.333,1187,0,2536,1858,8.5428,4.7626
3941,131.367,1187,0,2536,1858,8.2679,4.5204
3942,131.400,1188,0,2536,1859,6.7864,3.7902
3943,131.433,1188,0,2535,1860,7.1050,4.9134
3944,131.467,1188,0,2535,1860,6.5981,5.0712
3945,131.500,1187,0,2535,1859,6.9041,4.7070
3946,131.533,1187,0,2534,1860,6.5921,5.4044
3947,131.567,1188,0,2534,1861,8.4159,5.2075
3948,131.600,1189,0,2534,1862,9.4043,4.8396
3949,131.633,1191,0,2533,1863,7.9019,5.5475
3950,131.667,1192,0,2533,1862,7.8235,6.0361
3951,131.700,1192,0,2532,1861,8.5059,6.6009
3952,131.733,1191,0,2533,1860,7.4662,4.7451
3953,131.767,1192,0,2533,1859,7.7662,7.2158
3954,131.800,1190,0,2535,1858,6.0320,3.7109
3955,131.833,1190,0,2534,1856,7.0109,4.3317
3956,131.867,1193,0,2535,1854,7.9441,5.2498
3957,131.900,1193,0,2539,1856,6.2223,5.9791
3958,131.933,1195,0,2538,1855,7.0012,6.2425
3959,131.967,1196,0,2540,1858,7.1176,5.1910
3960,132.000,1195,0,2537,1860,6.1669,4.6069
3961,132.033,1195,0,2539,1863,7.1059,6.7091
3962,132.067,1195,1,2539,1860,7.6648,3.1887
3963,132.100,1196,1,2539,1859,7.3360,5.6488
3964,132.133,1197,0,2539,1859,7.4207,8.1843
3965,132.167,1198,0,2538,1857,8.2287,5.4677
3966,132.200,1198,2,2540,1859,11.2482,8.3729
3967,132.233,1201,0,2534,1857,11.1340,5.3212
3968,132.267,1200,2,2532,1857,13.3458,4.8190
3969,132.300,1200,2,2529,1855,12.0957,5.7136
3970,132.333,1199,2,2529,1855,11.5629,6.0538
3971,132.367,1199,0,2528,1854,10.0430,5.8034
3972,132.400,1200,0,2528,1853,9.3133,5.5515
3973,132.433,1201,0,2529,1855,11.2480,6.3562
3974,132.467,1200,0,2529,1856,9.8877,6.6886
3975,132.500,1200,0,2528,1856,4.7763,9.5981
3976,132.533,1200,0,2529,1855,6.5063,9.7714
3977,132.567,1202,0,2529,1857,5.7818,9.8319
3978,132.600,1201,0,2529,1857,6.0445,11.0644
3979,132.633,1202,0,2529,1856,3.3711,9.2101
3980,132.667,1202,0,2530,1857,4.0925,8.2667
3981,132.700,1202,0,2529,1858,5.3770,9.2398
3982,132.733,1201,0,2530,1859,3.8342,9.6265
3983,132.767,1201,0,2532,1859,3.2464,8.0604
3984,132.800,1202,0,2532,1859,3.5006,10.4043
3985,132.833,1201,0,2533,1863,5.0893,12.0042
3986,132.867,1200,0,2533,1865,4.4957,11.9901
3987,132.900,1201,0,2534,1866,4.8826,10.4048
3988,132.933,1202,0,2535,1866,5.4565,10.9867
3989,132.967,1203,0,2534,1865,3.3905,11.2139
3990,133.000,1200,0,2530,1859,4.0567,11.6761
3991,133.033,1200,0,2531,1860,3.7369,11.4233
3992,133.067,1200,0,2530,1860,3.4386,11.6648
3993,133.100,1201,0,2530,1861,5.9065,10.2856
3994,133.133,1201,0,2530,1859,4.1883,12.1135
3995,133.167,1202,0,2529,1858,5.6055,9.7874
3996,133.200,1204,0,2530,1858,7.5375,9.3100
3997,133.233,1205,0,2529,1858,6.4147,9.8177
3998,133.267,1205,0,2528,1857,7.9096,9.1699
3999,133.300,1205,0,2528,1857,8.5182,9.3191
4000,133.333,1206,0,2528,1855,9.2629,7.8574
4001,133.367,1205,0,2528,1855,9.3504,8.0973
4002,133.400,1206,0,2528,1855,9.9947,7.8213
4003,133.433,1206,0,2530,1858,8.1655,9.3580
4004,133.467,1206,0,2527,1857,11.5363,7.4446
4005,133.500,1206,0,2526,1858,9.7982,5.7758
4006,133.533,1204,0,2525,1857,11.0218,8.0372
4007,133.567,1203,0,2526,1856,9.5287,9.5505
4008,133.600,1203,0,2526,1858,10.4906,8.3493
4009,133.633,1204,0,2526,1858,10.4276,7.2245
4010,133.667,1204,0,2526,1857,10.6465,8.5897
4011,133.700,1204,0,2526,1858,10.5887,7.4540
4012,133.733,1205,0,2527,1857,11.8777,6.6991
4013,133.767,1205,0,2529,1859,9.8870,7.3595
4014,133.800,1204,0,2528,1858,10.8527,7.4536
4015,133.833,1205,0,2528,1859,10.3055,7.9371
4016,133.867,1205,0,2533,1863,9.7120,6.6829
4017,133.900,1206,0,2530,1860,10.1046,5.7856
4018,133.933,1204,0,2535,1868,8.6584,5.2238
4019,133.967,1208,0,2537,1867,6.0475,7.2816
4020,134.000,1208,0,2534,1867,7.3206,6.4540
4021,134.033,1207,0,2535,1867,6.1493,8.4983
4022,134.067,1207,0,2535,1867,6.5363,8.2377
4023,134.100,1207,0,2534,1866,6.6734,7.0143
4024,134.133,1207,0,2533,1865,7.9536,7.3990
4025,134.167,1207,0,2536,1866,6.5106,7.6620
4026,134.200,1210,0,2537,1864,7.2535,7.6817
4027,134.233,1210,0,2538,1864,7.0974,9.1994
4028,134.267,1194,0,2529,1865,7.8236,-5.2418
4029,134.300,1193,0,2530,1866,7.1723,-7.0357
4030,134.333,1188,0,2526,1857,8.9238,-1.8790
4031,134.367,1192,0,2528,1859,8.7320,0.0896
4032,134.400,1199,0,2531,1862,11.9628,6.0764
4033,134.433,1208,0,2534,1862,8.9674,6.5884
4034,134.467,1204,0,2537,1861,10.1133,4.8828
4035,134.500,1209,0,2538,1860,8.1436,9.3503
4036,134.533,1210,0,2540,1862,7.3346,9.1395
4037,134.567,1210,0,2539,1864,5.4745,10.7681
4038,134.600,1210,0,2539,1864,6.4388,10.5385
4039,134.633,1210,0,2537,1864,4.8452,11.1361
4040,134.667,1211,0,2539,1865,5.9975,10.8715
4041,134.700,1211,0,2538,1864,5.2519,10.8811
4042,134.733,1211,0,2535,1864,6.0515,10.6968
4043,134.767,1212,0,2534,1863,6.6000,9.4251
4044,134.800,1210,0,2534,1869,5.5995,11.2192
4045,134.833,1209,0,2534,1872,5.8510,8.4912
4046,134.867,1207,0,2534,1871,4.9963,10.6242
4047,134.900,1207,0,2533,1870,5.5816,9.8741
4048,134.933,1206,0,2537,1871,5.1602,9.3551
4049,134.967,1205,0,2538,1872,6.6283,7.8653
4050,135.000,1206,0,2537,1875,6.8215,7.6340
4051,135.033,1206,0,2537,1877,7.1378,7.3156
4052,135.067,1206,0,2537,1875,7.2283,8.4099
4053,135.100,1207,0,2537,1875,7.3920,9.3869
4054,135.133,1207,0,2538,1875,6.3740,9.1680
4055,135.167,1208,0,2538,1875,6.8085,8.8663
4056,135.200,1209,0,2537,1875,5.0620,10.4449
4057,135.233,1209,0,2536,1872,4.7828,8.5849
4058,135.267,1209,7,2536,1871,4.3798,6.9587
4059,135.300,1210,6,2535,1869,4.9045,6.2419
4060,135.333,1210,7,2535,1869,5.1018,6.2260
4061,135.367,1209,4,2536,1870,5.9263,4.9367
4062,135.400,1209,5,2535,1869,5.9066,7.0954
4063,135.433,1208,5,2535,1868,5.3841,5.8209
4064,135.467,1209,6,2534,1867,5.0102,6.6359
4065,135.500,1209,5,2534,1867,3.9660,7.0982
4066,135.533,1209,7,2532,1866,4.0746,9.3323
4067,135.567,1209,4,2531,1867,5.5044,7.2329
4068,135.600,1209,6,2531,1867,3.6778,6.0748
4069,135.633,1206,0,2533,1868,5.7695,6.2679
4070,135.667,1205,0,2533,1866,7.2315,4.3609
4071,135.700,1206,0,2533,1867,6.5458,7.4994
4072,135.733,1206,0,2533,1868,5.4237,6.1839
4073,135.767,1206,0,2532,1867,6.4149,8.4031
4074,135.800,1211,6,2529,1867,5.1774,7.3956
4075,135.833,1216,2,2532,1866,4.7078,7.4859
4076,135.867,1219,1,2531,1866,5.8202,7.4434
4077,135.900,1221,0,2535,1868,5.7462,9.1051
4078,135.933,1220,0,2538,1869,6.7142,7.6869
4079,135.967,1219,0,2540,1870,6.2106,8.0550
4080,136.000,1218,0,2541,1869,7.3907,6.8529
4081,136.033,1219,0,2540,1868,7.2336,5.8292
4082,136.067,1217,0,2537,1867,7.8854,8.8208
4083,136.100,1218,0,2538,1869,7.3870,5.7935
4084,136.133,1215,0,2537,1869,8.3726,9.0319
4085,136.167,1215,0,2537,1869,8.8848,8.4470
4086,136.200,1212,0,2531,1871,4.6156,-6.3425
4087,136.233,1208,0,2531,1872,6.5111,-6.1199
4088,136.267,1194,0,2530,1863,9.9299,-1.2746
4089,136.300,1197,0,2534,1865,6.2010,5.5724
4090,136.333,1207,0,2537,1868,6.8057,1.9239
4091,136.367,1205,0,2534,1866,5.5861,-0.1648
4092,136.400,1211,0,2535,1868,7.1029,4.6953
4093,136.433,1210,0,2534,1868,5.7522,4.6686
4094,136.467,1211,0,2538,1867,5.3948,6.5887
4095,136.500,1213,0,2541,1868,6.1752,5.4138
4096,136.533,1213,0,2540,1866,6.1522,7.4501
4097,136.567,1210,0,2538,1862,7.5295,8.4039
4098,136.600,1210,0,2538,1862,7.5796,8.4914
4099,136.633,1210,0,2538,1862,7.6983,8.5559
4100,136.667,1206,12,2532,1852,7.2114,8.0312
4101,136.700,1206,10,2531,1852,8.7290,8.1795
4102,136.733,1205,10,2531,1851,7.6733,7.6886
4103,136.767,1205,9,2531,1852,7.6390,7.6643
4104,136.800,1205,7,2532,1851,7.7197,7.9722
4105,136.833,1205,4,2533,1852,8.7626,8.5180
4106,136.867,1205,4,2533,1852,8.0457,8.1528
4107,136.900,1205,4,2534,1852,7.9449,6.9440
4108,136.933,1204,1,2535,1853,8.3279,9.9331
4109,136.967,1204,4,2535,1853,8.3016,8.1667
4110,137.000,1205,3,2535,1857,10.5060,9.4247
4111,137.033,1205,2,2535,1856,8.2146,9.6165
4112,137.067,1205,3,2534,1855,9.5665,9.1327
4113,137.100,1206,3,2534,1855,9.5408,9.3228
4114,137.133,1207,2,2534,1855,7.5671,9.1808
4115,137.167,1207,3,2534,1856,7.2593,9.8871
4116,137.200,1207,3,2534,1856,6.8602,9.5525
4117,137.233,1207,2,2533,1856,5.6084,8.6918
4118,137.267,1208,3,2533,1857,6.5182,9.1090
4119,137.300,1207,0,2534,1857,6.1651,8.1790
4120,137.333,1208,0,2534,1857,6.4173,8.9512
4121,137.367,1207,0,2534,1858,7.1823,7.2630
4122,137.400,1208,0,2536,1859,6.9303,6.9669
4123,137.433,1204,0,2536,1859,2.6662,8.7474
4124,137.467,1205,0,2537,1859,0.7798,8.2476
4125,137.500,1204,0,2537,1859,1.9684,10.0474
4126,137.533,1204,0,2537,1861,1.8128,9.8027
4127,137.567,1204,0,2537,1861,1.8142,9.9128
4128,137.600,1204,0,2536,1859,3.8355,9.1214
4129,137.633,1206,0,2538,1860,5.1043,7.8103
4130,137.667,1207,0,2538,1862,6.3102,7.6070
4131,137.700,1204,0,2539,1860,6.2878,7.8100
4132,137.733,1202,0,2538,1860,7.3937,6.1354
4133,137.767,1202,1,2538,1861,7.5780,7.3655
4134,137.800,1202,1,2538,1860,7.7055,6.0891
4135,137.833,1201,0,2538,1861,9.0478,6.6486
4136,137.867,1201,0,2538,1861,9.2682,6.2574
4137,137.900,1202,1,2537,1860,8.4019,6.1972
4138,137.933,1205,2,2536,1859,5.8007,8.2682
4139,137.967,1207,1,2536,1858,8.8058,6.3029
4140,138.000,1210,0,2541,1861,8.6633,7.1781
4141,138.033,1209,0,2541,1864,6.3084,9.2798
4142,138.067,1209,0,2542,1865,6.1989,8.7974
4143,138.100,1211,0,2544,1868,6.1118,6.3328
4144,138.133,1212,0,2543,1871,7.3410,7.8704
4145,138.167,1210,0,2543,1870,8.5763,5.9514
4146,138.200,1184,0,2532,1868,7.5108,2.9402
4147,138.233,1185,0,2535,1867,4.0414,3.5877
4148,138.267,1187,0,2537,1868,6.1355,6.0030
4149,138.300,1198,0,2537,1867,6.0888,-2.1333
4150,138.333,1208,3,2536,1866,6.7236,9.9923
4151,138.367,1208,5,2537,1867,6.6941,6.6772
4152,138.400,1210,5,2538,1865,5.0203,8.6110
4153,138.433,1209,1,2537,1865,6.6523,10.2452
4154,138.467,1209,0,2538,1865,6.3964,8.0492
4155,138.500,1209,0,2538,1866,7.3942,7.5973
4156,138.533,1209,0,2539,1864,6.4371,7.4402
4157,138.567,1208,0,2539,1863,7.2540,7.4551
4158,138.600,1209,0,2539,1863,5.6202,6.8499
4159,138.633,1208,0,2539,1862,4.6856,8.6740
4160,138.667,1207,0,2539,1860,4.9525,8.0425
4161,138.700,1206,0,2538,1861,5.2487,8.0330
4162,138.733,1206,0,2537,1861,6.5784,9.0863
4163,138.767,1206,0,2536,1860,5.6364,8.8754
4164,138.800,1208,1,2536,1860,5.9528,8.2177
4165,138.833,1209,0,2534,1858,4.8576,8.1747
4166,138.867,1211,0,2537,1857,6.1428,7.9692
4167,138.900,1211,0,2537,1857,7.0068,7.9901
4168,138.933,1211,0,2540,1858,8.1170,8.7923
4169,138.967,1212,0,2540,1859,7.7935,8.8727
4170,139.000,1215,0,2542,1859,8.8808,8.7008
4171,139.033,1216,0,2542,1858,8.7429,8.0359
4172,139.067,1215,0,2541,1858,8.2799,8.6161
4173,139.100,1216,0,2539,1855,9.2214,8.7154
4174,139.133,1214,0,2539,1857,8.0591,8.5540
4175,139.167,1215,0,2540,1858,8.2144,8.5778
4176,139.200,1215,0,2539,1858,8.3317,9.3975
4177,139.233,1216,0,2538,1857,9.2326,9.1166
4178,139.267,1216,0,2539,1860,9.8287,7.8130
4179,139.300,1216,0,2536,1859,8.0254,8.4480
4180,139.333,1215,0,2535,1859,8.4616,8.4558
4181,139.367,1215,0,2535,1858,6.5524,8.5777
4182,139.400,1215,0,2537,1857,4.6455,10.5884
4183,139.433,1216,0,2536,1855,6.0847,10.7864
4184,139.467,1216,0,2535,1857,-3.8450,12.0164
4185,139.500,1217,0,2534,1858,-3.4135,12.1671
4186,139.533,1216,0,2538,1859,-2.8024,13.1964
4187,139.567,1215,0,2533,1859,-1.0389,11.7564
4188,139.600,1214,0,2533,1858,-2.0585,12.4803
4189,139.633,1216,0,2532,1856,-3.3592,13.1711
4190,139.667,1216,0,2532,1857,-4.4003,11.8593
4191,139.700,1215,0,2532,1852,-2.5911,12.7470
4192,139.733,1216,0,2531,1852,-3.3721,13.8430
4193,139.767,1217,0,2530,1852,-3.2723,12.6284
4194,139.800,1216,0,2530,1850,-3.6870,13.0061
4195,139.833,1214,0,2531,1850,-3.3528,12.9515
4196,139.867,1215,0,2532,1851,-3.8482,12.9795
4197,139.900,1215,0,2532,1851,-4.0970,13.0567
4198,139.933,1214,0,2533,1851,-2.9225,13.7892
4199,139.967,1214,0,2533,1851,-2.9780,13.7275
4200,140.000,1216,0,2536,1851,-3.3305,13.8868
4201,140.033,1216,0,2536,1850,-3.2596,14.4751
4202,140.067,1216,0,2536,1850,-3.4259,14.3861
4203,140.100,1216,0,2536,1851,-4.1760,13.9447
4204,140.133,1216,0,2535,1850,-4.7662,14.6976
4205,140.167,1216,0,2535,1850,-4.2734,13.8240
4206,140.200,1215,0,2535,1850,-3.4078,13.5444
4207,140.233,1215,0,2536,1850,-2.4717,13.9642
4208,140.267,1214,0,2537,1852,-3.5992,13.6723
4209,140.300,1216,0,2538,1852,-3.1655,13.8831
4210,140.333,1216,0,2538,1852,-2.7040,13.8237
4211,140.367,1217,0,2538,1852,-3.1082,12.8086
4212,140.400,1217,0,2540,1853,-2.0352,12.8051
4213,140.433,1217,0,2541,1853,-5.4185,12.6998
4214,140.467,1217,0,2542,1854,-5.4609,11.9909
4215,140.500,1218,0,2543,1855,-3.3749,12.1939
4216,140.533,1218,0,2544,1855,-7.1569,13.7153
4217,140.567,1218,0,2542,1856,-3.1435,12.9340
4218,140.600,1217,0,2542,1855,-1.5927,11.9061
4219,140.633,1218,0,2543,1856,-3.8206,12.6881
4220,140.667,1218,0,2542,1858,-3.1569,14.6883
4221,140.700,1218,0,2542,1857,-3.6018,13.5645
4222,140.733,1218,0,2542,1856,-3.2083,14.2480
4223,140.767,1218,0,2542,1857,-3.6463,13.7497
4224,140.800,1219,0,2541,1857,-3.5624,14.7337
4225,140.833,1219,0,2541,1858,-3.9545,14.7033
4226,140.867,1213,0,2544,1860,-4.4585,13.8718
4227,140.900,1211,0,2545,1861,-5.9141,14.1201
4228,140.933,1208,0,2551,1869,-6.5749,13.0611
4229,140.967,1210,0,2548,1868,-4.7371,14.6621
4230,141.000,1209,1,2543,1871,-7.9393,13.2997
4231,141.033,1209,1,2542,1871,-8.4671,12.8794
4232,141.067,1210,0,2541,1871,-6.4563,13.3693
4233,141.100,1208,0,2539,1872,-7.2288,13.5485
4234,141.133,1208,0,2539,1875,-6.1494,11.3573
4235,141.167,1209,3,2539,1878,-4.8491,10.3378
4236,141.200,1210,1,2540,1880,-4.5399,11.3619
4237,141.233,1209,0,2540,1879,-4.4350,12.5002
4238,141.267,1208,0,2538,1879,-2.6549,10.2052
4239,141.300,1209,0,2537,1879,-4.3662,12.5627
4240,141.333,1208,0,2535,1877,-5.6567,11.1657
4241,141.367,1207,0,2535,1877,-6.9504,9.7832
4242,141.400,1208,0,2535,1876,-5.9295,12.2565
4243,141.433,1208,0,2532,1875,-4.8905,13.1024
4244,141.467,1208,0,2532,1875,-4.9593,13.6534
4245,141.500,1209,0,2531,1874,-6.6166,13.4014
4246,141.533,1209,0,2534,1875,-6.1770,13.3803
4247,141.567,1207,0,2535,1874,-7.9367,13.0129
4248,141.600,1207,0,2538,1872,-6.9834,14.4250
4249,141.633,1209,0,2538,1873,-6.0093,13.5296
4250,141.667,1210,0,2537,1874,-6.0025,12.5725
4251,141.700,1211,0,2537,1872,-5.7417,14.7999
4252,141.733,1214,0,2540,1873,-5.5514,15.3530
4253,141.767,1213,0,2539,1874,-5.0182,14.0894
4254,141.800,1214,0,2538,1874,-3.1496,11.9048
4255,141.833,1213,0,2536,1873,-3.7244,12.4961
4256,141.867,1213,0,2535,1873,-3.4568,11.8864
4257,141.900,1212,0,2535,1872,-2.3506,12.6993
4258,141.933,1212,0,2536,1873,-3.0563,14.5831
4259,141.967,1212,0,2536,1874,-3.9459,14.1539
4260,142.000,1212,8,2535,1870,-6.6992,15.1859
4261,142.033,1213,10,2534,1872,-5.7658,13.7856
4262,142.067,1213,8,2534,1872,-4.1065,15.7018
4263,142.100,1214,10,2534,1871,-6.3559,13.8784
4264,142.133,1214,9,2535,1872,-5.4125,13.7001
4265,142.167,1215,6,2535,1871,-4.9828,14.8300
4266,142.200,1215,8,2535,1872,-6.3797,15.2450
4267,142.233,1215,8,2535,1871,-5.1541,14.6689
4268,142.267,1217,8,2535,1870,-4.9224,14.9761
4269,142.300,1217,8,2535,1871,-4.3124,13.8117
4270,142.333,1217,10,2535,1871,-4.7403,13.7979
4271,142.367,1217,9,2535,1871,-5.4509,14.0349
4272,142.400,1218,10,2535,1871,-4.3248,15.0141
4273,142.433,1217,2,2536,1871,-5.1683,12.8772
4274,142.467,1217,4,2536,1871,-5.5136,14.4047
4275,142.500,1218,4,2535,1871,-6.5849,14.6960
4276,142.533,1217,0,2537,1871,-4.2512,13.9315
4277,142.567,1218,0,2537,1870,-4.8507,12.5895
4278,142.600,1218,0,2537,1871,-5.0732,14.1025
4279,142.633,1218,0,2537,1871,-5.5079,13.9331
4280,142.667,1218,0,2536,1869,-4.6671,13.9623
4281,142.700,1216,0,2538,1866,-3.5809,10.6127
4282,142.733,1216,0,2538,1865,-3.9661,9.6063
4283,142.767,1215,0,2540,1865,-4.6605,9.3029
4284,142.800,1217,0,2540,1863,-3.1077,9.1955
4285,142.833,1217,0,2539,1862,-2.9531,8.8846
4286,142.867,1217,0,2540,1862,-2.9935,7.7346
4287,142.900,1217,0,2539,1862,-3.2554,9.1379
4288,142.933,1216,0,2539,1862,-4.2641,9.0609
4289,142.967,1215,0,2540,1862,-3.8034,8.3079
4290,143.000,1213,0,2539,1864,-3.6665,8.5162
4291,143.033,1214,0,2539,1863,-3.7175,9.0393
4292,143.067,1214,0,2539,1863,-3.7398,9.1803
4293,143.100,1213,0,2537,1861,-2.9837,9.9498
4294,143.133,1212,0,2536,1860,-2.0724,8.9594
4295,143.167,1218,0,2543,1863,-2.1244,7.5479
4296,143.200,1217,0,2543,1863,-3.8958,9.6134
4297,143.233,1217,0,2543,1863,-3.3042,8.9892
4298,143.267,1217,0,2543,1863,-2.8532,8.9144
4299,143.300,1217,0,2542,1863,-3.3146,10.0830
4300,143.333,1216,0,2542,1863,-2.2185,10.3104
4301,143.367,1216,0,2542,1863,-2.2732,10.0619
4302,143.400,1216,0,2542,1862,-3.0177,8.7468
4303,143.433,1215,0,2542,1863,-3.6770,10.6982
4304,143.467,1215,0,2542,1862,-3.9622,9.7212
4305,143.500,1216,0,2542,1862,-2.0142,7.3130
4306,143.533,1216,0,2541,1863,-1.5217,8.8521
4307,143.567,1216,0,2541,1863,-2.2925,8.9169
4308,143.600,1215,0,2540,1862,-4.0330,8.0766
4309,143.633,1215,0,2540,1862,-4.3667,8.0103
4310,143.667,1215,0,2539,1862,-3.9637,10.0697
4311,143.700,1214,0,2539,1862,-2.9368,9.2065
4312,143.733,1214,0,2538,1861,-2.5814,10.9064
4313,143.767,1214,0,2539,1862,-3.1178,9.8438
4314,143.800,1214,0,2538,1861,-3.1009,10.9790
4315,143.833,1213,0,2537,1861,-4.6622,10.0046
4316,143.867,1212,0,2538,1862,-4.0098,9.4022
4317,143.900,1212,0,2538,1863,-4.6038,9.5343
4318,143.933,1210,0,2538,1867,-4.4361,10.6506
4319,143.967,1212,0,2538,1868,-4.3900,10.9352
4320,144.000,1213,0,2536,1869,-5.9045,10.7133
4321,144.033,1212,0,2536,1869,-5.7437,11.3964
4322,144.067,1212,0,2536,1869,-5.8863,11.7598
4323,144.100,1211,0,2536,1869,-3.0150,9.6134
4324,144.133,1211,0,2537,1870,-4.2531,10.8340
4325,144.167,1211,0,2537,1869,-3.6767,9.2514
4326,144.200,1211,0,2537,1868,-4.3560,9.5431
4327,144.233,1209,0,2536,1867,-5.0193,10.6160
4328,144.267,1210,0,2536,1868,-3.3350,10.1094
4329,144.300,1209,0,2538,1870,-5.8303,8.9565
4330,144.333,1209,0,2538,1871,-4.6976,11.0254
4331,144.367,1210,0,2538,1873,-5.0608,8.0317
4332,144.400,1209,0,2538,1874,-4.8857,9.6281
4333,144.433,1207,0,2538,1874,-5.3396,10.2015
4334,144.467,1208,0,2538,1873,-5.1624,9.9055
4335,144.500,1207,0,2537,1871,-5.4517,9.1059
4336,144.533,1207,0,2536,1871,-3.7321,9.5710
4337,144.567,1207,0,2537,1871,-3.8222,9.6228
4338,144.600,1207,0,2537,1871,-4.5073,9.5162
4339,144.633,1209,0,2537,1872,-5.3101,6.8692
4340,144.667,1209,0,2536,1872,-4.4460,8.3421
4341,144.700,1208,0,2537,1874,-3.8925,10.0538
4342,144.733,1210,0,2537,1874,-3.9662,7.9675
4343,144.767,1207,0,2537,1872,-4.0481,9.7529
4344,144.800,1206,0,2539,1876,-4.5353,10.1019
4345,144.833,1210,0,2542,1876,-6.3700,9.5600
4346,144.867,1209,0,2541,1876,-5.5759,10.5979
4347,144.900,1209,0,2541,1875,-5.5296,10.2449
4348,144.933,1208,0,2541,1876,-5.7566,10.7631
4349,144.967,1209,0,2541,1878,-5.1710,10.4814
4350,145.000,1212,0,2542,1877,-4.9257,9.4189
4351,145.033,1213,0,2542,1876,-5.2910,8.3453
4352,145.067,1214,0,2541,1876,-5.5188,7.0793
4353,145.100,1214,0,2541,1877,-4.9593,8.0890
4354,145.133,1214,0,2540,1876,-5.1736,7.3001
4355,145.167,1214,0,2540,1876,-4.7548,7.5150
4356,145.200,1214,0,2540,1875,-4.1669,6.6735
4357,145.233,1214,0,2539,1875,-4.1029,8.1551
4358,145.267,1214,0,2539,1877,-4.4960,8.7487
4359,145.300,1214,0,2539,1879,-4.6214,8.7458
4360,145.333,1215,0,2539,1879,-4.2546,9.2022
4361,145.367,1214,0,2538,1879,-4.3109,8.8369
4362,145.400,1215,0,2540,1881,-4.8185,9.2805
4363,145.433,1215,0,2541,1881,-5.0859,8.8015
4364,145.467,1215,0,2541,1881,-4.8948,9.0792
4365,145.500,1215,0,2540,1882,-3.9604,10.1037
4366,145.533,1215,0,2541,1882,-5.5508,9.2460
4367,145.567,1215,0,2541,1880,-5.6001,9.0707
4368,145.600,1215,0,2541,1881,-5.3203,9.8008
4369,145.633,1215,0,2542,1881,-5.9524,9.5993
4370,145.667,1215,0,2541,1880,-5.8404,9.4037
4371,145.700,1214,0,2540,1880,-6.0600,10.3171
4372,145.733,1214,0,2540,1879,-4.0886,10.1597
4373,145.767,1214,0,2540,1879,-3.8244,9.7345
4374,145.800,1216,0,2539,1875,-2.9180,8.4075
4375,145.833,1211,0,2540,1872,-1.6450,5.9507
4376,145.867,1211,0,2540,1871,-2.4057,5.6788
4377,145.900,1212,0,2540,1871,-2.2196,6.6467
4378,145.933,1211,0,2540,1871,-1.9964,5.6395
4379,145.967,1210,0,2538,1871,-2.2547,6.8111
4380,146.000,1209,0,2536,1864,-2.9811,5.8432
4381,146.033,1209,0,2536,1864,-3.2498,5.9144
4382,146.067,1210,0,2536,1865,-0.5634,7.2738
4383,146.100,1209,0,2536,1864,-3.2683,6.2152
4384,146.133,1210,0,2536,1864,-2.3050,6.0445
4385,146.167,1210,0,2534,1866,-3.6712,7.0863
4386,146.200,1209,0,2535,1866,-2.9988,7.0561
4387,146.233,1209,0,2534,1865,-1.6056,7.9140
4388,146.267,1209,0,2533,1867,-1.9193,7.8333
4389,146.300,1209,0,2533,1867,-2.3381,7.3820
4390,146.333,1208,0,2533,1867,-3.3203,6.8190
4391,146.367,1209,0,2532,1866,-3.0755,6.0237
4392,146.400,1209,0,2532,1866,-3.1220,5.7875
4393,146.433,1208,0,2533,1866,-2.8186,6.8612
4394,146.467,1209,0,2532,1865,-2.8275,5.1696
4395,146.500,1209,0,2532,1866,-2.8192,6.0987
4396,146.533,1209,0,2533,1866,-2.7945,6.5391
4397,146.567,1209,0,2533,1866,-1.6729,6.5489
4398,146.600,1209,0,2534,1866,-2.1473,7.0326
4399,146.633,1209,0,2533,1867,-2.3937,7.4343
4400,146.667,1210,0,2534,1868,-2.7513,6.1991
4401,146.700,1210,0,2532,1869,-4.5296,6.7470
4402,146.733,1209,0,2533,1869,-2.7230,6.9412
4403,146.767,1210,0,2533,1866,-4.0104,7.1792
4404,146.800,1210,0,2531,1866,-5.4136,7.1452
4405,146.833,1210,0,2530,1866,-4.7139,6.7477
4406,146.867,1211,0,2531,1866,-4.9780,7.2967
4407,146.900,1211,0,2531,1865,-4.7323,7.5607
4408,146.933,1210,0,2532,1865,-4.3899,7.4559
4409,146.967,1210,0,2532,1865,-4.2755,7.5405
4410,147.000,1209,0,2531,1865,-5.3098,6.4851
4411,147.033,1209,0,2531,1865,-5.5774,6.2997
4412,147.067,1209,0,2531,1864,-6.1844,5.8094
4413,147.100,1209,0,2531,1864,-6.0636,5.5404
4414,147.133,1208,0,2531,1865,-5.1786,6.6875
4415,147.167,1207,0,2531,1864,-5.6062,5.9989
4416,147.200,1209,0,2532,1864,-5.9799,5.9114
4417,147.233,1208,0,2532,1864,-4.8947,6.2378
4418,147.267,1210,0,2532,1864,-4.8109,6.1333
4419,147.300,1210,0,2532,1862,-4.0242,5.9730
4420,147.333,1188,0,2522,1862,-1.5388,-6.6559
4421,147.367,1190,0,2523,1859,-2.5708,-1.2339
4422,147.400,1186,0,2524,1861,-0.4257,-1.7602
4423,147.433,1197,0,2530,1861,-4.5410,-7.4963
4424,147.467,1203,0,2529,1862,0.2981,0.2085
4425,147.500,1204,0,2530,1862,-2.5570,0.9887
4426,147.533,1207,0,2530,1862,-2.0448,2.8435
4427,147.567,1206,0,2528,1863,-3.4066,5.1184
4428,147.600,1206,0,2529,1863,-2.1074,4.9429
4429,147.633,1208,0,2528,1863,-1.9955,6.1785
4430,147.667,1208,0,2530,1863,-2.9901,6.3407
4431,147.700,1208,0,2530,1864,-3.2852,6.5174
4432,147.733,1208,0,2529,1864,-3.2964,4.1299
4433,147.767,1209,0,2530,1864,-3.9337,4.7100
4434,147.800,1209,0,2530,1865,-3.7399,5.7659
4435,147.833,1210,0,2530,1864,-3.0134,5.4268
4436,147.867,1210,0,2530,1864,-2.7994,5.4639
4437,147.900,1210,0,2530,1864,-2.6466,5.8983
4438,147.933,1210,0,2530,1864,-3.1405,5.7177
4439,147.967,1210,0,2527,1862,-2.3881,5.0925
4440,148.000,1207,0,2525,1860,-3.7881,4.7174
4441,148.033,1207,0,2526,1859,-3.6656,5.5049
4442,148.067,1207,0,2526,1860,-4.1234,5.1756
4443,148.100,1207,0,2526,1860,-3.9361,4.9267
4444,148.133,1207,0,2527,1859,-4.5089,5.1743
4445,148.167,1206,0,2527,1856,-5.2384,5.6247
4446,148.200,1206,0,2527,1856,-5.3609,5.6838
4447,148.233,1206,0,2526,1855,-5.4635,5.4823
4448,148.267,1206,0,2528,1855,-5.8460,4.7101
4449,148.300,1206,0,2527,1854,-5.6430,5.3452
4450,148.333,1207,0,2527,1854,-5.3026,5.2942
4451,148.367,1207,0,2527,1854,-5.3481,5.2923
4452,148.400,1207,0,2526,1853,-5.0874,7.0530
4453,148.433,1208,0,2526,1853,-5.8269,7.0724
4454,148.467,1208,0,2526,1852,-6.0118,7.2346
4455,148.500,1208,0,2526,1852,-5.9552,7.2970
4456,148.533,1208,0,2527,1854,-5.5966,6.3347
4457,148.567,1208,0,2526,1853,-5.5979,7.8656
4458,148.600,1208,0,2527,1853,-5.4477,7.0611
4459,148.633,1208,0,2527,1853,-5.4701,7.3441
4460,148.667,1208,0,2527,1853,-5.7142,7.2374
4461,148.700,1208,0,2527,1853,-6.0717,6.6962
4462,148.733,1208,0,2527,1853,-6.0266,6.0849
4463,148.767,1208,0,2527,1853,-5.8811,5.8553
4464,148.800,1208,0,2528,1854,-4.7292,5.3350
4465,148.833,1207,0,2528,1855,-4.4808,5.1189
4466,148.867,1208,0,2527,1852,-5.0026,5.8343
4467,148.900,1208,0,2528,1853,-3.8556,5.3469
4468,148.933,1207,0,2527,1851,-3.7828,3.0666
4469,148.967,1204,0,2527,1851,-6.2009,6.4043
4470,149.000,1207,0,2525,1849,0.6940,5.3831
4471,149.033,1208,0,2526,1849,2.1067,6.3905
4472,149.067,1208,0,2526,1849,2.0404,6.5516
4473,149.100,1208,0,2525,1848,1.9010,6.9472
4474,149.133,1207,0,2527,1850,2.0434,8.0435
4475,149.167,1207,0,2527,1849,2.5576,7.6298
4476,149.200,1206,0,2527,1849,1.5309,7.0342
4477,149.233,1205,0,2528,1849,1.2191,6.9898
4478,149.267,1206,0,2528,1846,1.7155,6.0093
4479,149.300,1207,0,2528,1845,1.5009,7.0788
4480,149.333,1207,0,2529,1846,1.7469,6.9344
4481,149.367,1207,0,2529,1846,1.7726,7.1154
4482,149.400,1207,0,2529,1845,1.1896,6.3751
4483,149.433,1207,0,2529,1844,2.0224,7.8287
4484,149.467,1208,0,2527,1844,1.5959,7.3999
4485,149.500,1207,0,2526,1843,1.3647,5.4685
4486,149.533,1208,0,2525,1843,2.6952,5.5841
4487,149.567,1210,0,2524,1843,7.3347,5.8517
4488,149.600,1209,0,2522,1843,7.8645,6.5123
4489,149.633,1210,0,2522,1843,8.0629,4.0308
4490,149.667,1209,0,2521,1843,6.7408,5.2819
4491,149.700,1209,0,2521,1843,6.6596,5.3776
4492,149.733,1210,0,2522,1842,5.7664,5.7600
4493,149.767,1212,0,2523,1844,6.1209,3.7838
4494,149.800,1210,0,2523,1846,7.9785,5.3990
4495,149.833,1210,0,2523,1844,6.7826,4.7341
4496,149.867,1210,0,2523,1845,7.4393,5.4729
4497,149.900,1210,0,2523,1845,7.6744,5.5561
4498,149.933,1212,0,2523,1844,5.5120,3.4921
4499,149.967,1212,0,2521,1845,6.1360,4.4986
4500,150.000,1213,0,2521,1839,6.3580,5.6318
4501,150.033,1213,0,2521,1839,6.6438,5.1648
4502,150.067,1213,0,2521,1839,6.6657,4.9303
4503,150.100,1213,0,2521,1840,6.8136,3.3294
4504,150.133,1211,0,2524,1838,9.3140,1.9385
4505,150.167,1199,0,2520,1843,5.4715,-15.1343
4506,150.200,1195,0,2520,1840,1.4940,-12.9183
4507,150.233,1200,0,2517,1830,4.8979,-4.8388
4508,150.267,1196,0,2519,1834,8.2063,-0.8641
4509,150.300,1188,0,2516,1836,11.1604,-3.8923
4510,150.333,1196,0,2520,1840,3.3380,-9.8400
4511,150.367,1204,0,2521,1840,7.5303,-2.9642
4512,150.400,1203,0,2522,1841,6.8117,-2.7601
4513,150.433,1209,0,2522,1846,8.0015,0.2131
4514,150.467,1210,0,2529,1862,7.2480,1.0859
4515,150.500,1209,3,2529,1861,7.1071,-0.6828
4516,150.533,1209,2,2529,1861,7.2579,-0.7884
4517,150.567,1208,1,2530,1862,6.8170,-0.6511
4518,150.600,1209,0,2531,1862,6.5918,3.2014
4519,150.633,1209,0,2531,1862,5.6576,3.0018
4520,150.667,1209,0,2531,1864,5.8095,1.1594
4521,150.700,1210,0,2530,1865,6.8963,2.3634
4522,150.733,1210,0,2531,1865,7.1744,1.4264
4523,150.767,1211,0,2532,1865,6.3882,2.2136
4524,150.800,1210,1,2531,1867,5.9983,2.1408
4525,150.833,1210,0,2532,1865,6.6736,1.3144
4526,150.867,1210,0,2533,1866,6.0900,1.1678
4527,150.900,1206,0,2533,1867,5.6203,1.1884
4528,150.933,1206,0,2531,1865,5.7563,2.3698
4529,150.967,1206,0,2532,1866,6.5176,2.6148
4530,151.000,1204,5,2532,1867,5.8407,-0.2616
4531,151.033,1203,2,2532,1865,5.1547,1.9941
4532,151.067,1202,0,2532,1864,4.2913,1.4986
4533,151.100,1202,0,2532,1863,4.5678,1.6220
4534,151.133,1202,2,2532,1862,5.3881,2.7936
4535,151.167,1202,3,2532,1863,6.4149,1.0281
4536,151.200,1201,2,2532,1863,6.1419,1.7863
4537,151.233,1202,2,2531,1863,5.3356,2.3516
4538,151.267,1202,2,2531,1863,5.3680,2.7739
4539,151.300,1203,2,2531,1862,5.1625,2.4502
4540,151.333,1202,2,2531,1862,5.7379,2.5492
4541,151.367,1204,5,2531,1862,7.7346,2.0722
4542,151.400,1204,5,2531,1863,7.8952,2.2322
4543,151.433,1203,2,2531,1862,5.5464,2.7076
4544,151.467,1202,1,2531,1862,5.9612,3.2497
4545,151.500,1202,2,2531,1862,6.7378,4.3649
4546,151.533,1203,0,2529,1860,5.0948,3.2196
4547,151.567,1203,0,2529,1860,5.1591,3.6333
4548,151.600,1203,0,2529,1861,6.0267,3.1016
4549,151.633,1203,0,2529,1860,5.0522,4.1994
4550,151.667,1202,0,2529,1860,5.5398,3.0608
4551,151.700,1202,0,2530,1862,5.7309,4.0341
4552,151.733,1202,0,2530,1862,5.7539,3.7507
4553,151.767,1202,0,2530,1861,6.0056,2.6470
4554,151.800,1201,0,2530,1860,5.0766,3.2108
4555,151.833,1201,0,2530,1862,5.1170,3.2063
4556,151.867,1202,0,2529,1861,5.1571,3.5211
4557,151.900,1203,0,2528,1861,4.0554,3.7043
4558,151.933,1201,1,2528,1861,5.3464,3.6225
4559,151.967,1200,1,2529,1863,5.2840,4.7346
4560,152.000,1198,4,2529,1864,4.1490,2.8492
4561,152.033,1198,4,2529,1864,4.6164,3.2003
4562,152.067,1197,5,2530,1864,6.0356,3.3942
4563,152.100,1197,4,2529,1863,5.6611,3.8188
4564,152.133,1197,4,2529,1864,4.7915,3.2560
4565,152.167,1197,4,2530,1864,4.8488,4.5061
4566,152.200,1197,3,2530,1864,5.5113,4.4983
4567,152.233,1197,2,2530,1864,5.8196,3.7249
4568,152.267,1197,2,2530,1863,5.1588,4.4516
4569,152.300,1197,1,2530,1863,5.3655,4.5057
4570,152.333,1197,2,2529,1862,5.0843,4.6232
4571,152.367,1197,2,2530,1862,4.4347,4.1458
4572,152.400,1197,1,2531,1863,4.3751,3.9953
4573,152.433,1197,2,2531,1864,4.1799,3.6831
4574,152.467,1197,2,2531,1864,4.1342,3.9368
4575,152.500,1197,2,2530,1862,4.9011,4.5054
4576,152.533,1196,2,2531,1863,4.7270,2.1390
4577,152.567,1197,1,2530,1862,4.7957,3.9859
4578,152.600,1196,2,2530,1863,4.9433,2.5491
4579,152.633,1196,1,2530,1862,5.3575,3.0533
4580,152.667,1197,0,2529,1862,5.0298,3.0052
4581,152.700,1198,0,2530,1863,4.5309,2.7048
4582,152.733,1199,0,2531,1864,3.3204,3.4779
4583,152.767,1198,0,2530,1865,5.1788,3.3112
4584,152.800,1199,0,2530,1864,4.0704,3.4954
4585,152.833,1200,0,2529,1864,4.0473,2.8444
4586,152.867,1200,0,2529,1864,4.2903,2.5241
4587,152.900,1200,0,2528,1864,3.5747,2.2551
4588,152.933,1201,1,2529,1866,3.4119,2.2018
4589,152.967,1203,10,2532,1865,0.5423,2.6520
4590,153.000,1199,4,2535,1866,2.8443,1.3045
4591,153.033,1199,3,2534,1866,4.6639,4.1588
4592,153.067,1198,3,2535,1867,1.8342,2.5149
4593,153.100,1198,4,2534,1867,2.7201,2.4600
4594,153.133,1199,6,2533,1866,2.8400,2.1124
4595,153.167,1197,8,2530,1867,4.9215,0.6518
4596,153.200,1197,8,2530,1867,4.9555,1.3448
4597,153.233,1197,13,2529,1869,3.5537,3.9308
4598,153.267,1199,16,2528,1870,2.2247,2.9995
4599,153.300,1198,15,2528,1870,2.2206,3.1273
4600,153.333,1198,14,2527,1869,3.3695,2.1960
4601,153.367,1199,12,2527,1871,3.2152,2.2752
4602,153.400,1199,13,2528,1870,3.5577,1.9418
4603,153.433,1198,10,2528,1871,3.2102,1.9437
4604,153.467,1197,10,2527,1871,2.8721,2.4385
4605,153.500,1196,9,2528,1872,3.3692,2.7157
4606,153.533,1196,11,2529,1873,3.1340,2.2304
4607,153.567,1194,10,2529,1872,4.5560,1.3837
4608,153.600,1195,10,2528,1873,3.7507,2.4949
4609,153.633,1194,11,2529,1874,5.0887,2.2127
4610,153.667,1195,8,2529,1874,3.9135,-0.8966
4611,153.700,1196,3,2530,1875,3.2844,3.4510
4612,153.733,1196,3,2530,1875,3.6139,3.5322
4613,153.767,1198,0,2531,1875,5.0715,3.5277
4614,153.800,1198,0,2532,1875,4.3579,4.1810
4615,153.833,1198,0,2530,1872,5.8959,3.1561
4616,153.867,1198,0,2530,1873,5.1077,3.6237
4617,153.900,1198,0,2529,1871,6.1843,3.1577
4618,153.933,1198,0,2529,1871,6.1362,3.6837
4619,153.967,1198,0,2529,1870,5.9961,3.6597
4620,154.000,1197,0,2527,1871,5.0494,4.4642
4621,154.033,1196,0,2527,1872,4.6841,3.3746
4622,154.067,1197,0,2527,1869,5.8884,3.4283
4623,154.100,1199,0,2528,1868,6.6670,0.1670
4624,154.133,1188,0,2523,1868,4.5123,-8.2592
4625,154.167,1183,0,2523,1865,7.1934,-2.1042
4626,154.200,1179,0,2524,1867,9.0463,-2.7461
4627,154.233,1188,0,2528,1869,6.2294,-3.8272
4628,154.267,1189,0,2528,1869,2.5669,-9.3854
4629,154.300,1198,0,2528,1870,5.7692,-5.8009
4630,154.333,1200,0,2526,1869,7.3797,-1.9930
4631,154.367,1199,0,2527,1867,5.8925,-0.0865
4632,154.400,1202,2,2527,1867,6.4912,1.6491
4633,154.433,1201,1,2527,1868,4.7712,3.7196
4634,154.467,1202,1,2528,1867,4.4632,3.4294
4635,154.500,1202,0,2528,1867,5.7292,2.0324
4636,154.533,1202,0,2529,1870,5.9836,2.7048
4637,154.567,1202,0,2529,1869,5.8181,2.5794
4638,154.600,1203,0,2529,1870,6.4463,2.6452
4639,154.633,1202,0,2529,1870,7.2539,1.5249
4640,154.667,1202,0,2529,1869,5.9561,2.2664
4641,154.700,1202,0,2528,1868,5.9424,1.1906
4642,154.733,1204,1,2527,1867,5.7213,5.3456
4643,154.767,1203,0,2524,1861,6.1288,3.7348
4644,154.800,1210,7,2524,1864,4.5018,5.7432
4645,154.833,1207,0,2529,1873,6.7465,3.7984
4646,154.867,1206,0,2526,1867,6.6357,3.1258
4647,154.900,1205,0,2524,1864,7.2364,3.5291
4648,154.933,1205,0,2524,1865,7.9424,4.1891
4649,154.967,1207,0,2522,1864,9.1750,0.6775
4650,155.000,1207,2,2523,1866,8.5712,5.3562
4651,155.033,1205,1,2523,1866,10.0834,3.7021
4652,155.067,1204,0,2522,1866,9.2658,3.6798
4653,155.100,1204,0,2522,1866,9.4075,3.8254
4654,155.133,1203,0,2522,1866,9.5464,4.5525
4655,155.167,1203,0,2523,1866,9.4864,4.7691
4656,155.200,1204,0,2523,1865,10.5553,4.1171
4657,155.233,1204,0,2522,1864,9.9068,4.7629
4658,155.267,1205,1,2522,1865,9.6407,5.1798
4659,155.300,1206,1,2524,1867,8.0387,4.0358
4660,155.333,1209,3,2524,1866,9.0104,5.2887
4661,155.367,1208,3,2524,1867,9.8731,6.1523
4662,155.400,1209,4,2525,1867,8.8286,5.7536
4663,155.433,1212,6,2526,1868,7.6794,7.1253
4664,155.467,1212,6,2524,1862,8.0137,7.8450
4665,155.500,1212,5,2524,1863,8.6101,7.8204
4666,155.533,1213,4,2524,1859,7.7552,7.0863
4667,155.567,1213,3,2526,1857,6.6242,6.9802
4668,155.600,1209,14,2516,1851,5.5900,7.1979
4669,155.633,1207,13,2533,1873,4.4091,6.8854
4670,155.667,1222,26,2531,1887,5.5629,7.4120
4671,155.700,1226,35,2537,1894,9.8835,8.6130
4672,155.733,1226,17,2520,1879,9.8428,5.6817
4673,155.767,1225,21,2519,1867,6.5999,10.2092
4674,155.800,1217,31,2509,1877,6.2817,11.7560
4675,155.833,1222,28,2504,1884,7.5119,4.8085
4676,155.867,1221,32,2505,1889,9.7566,7.3920
4677,155.900,1223,34,2502,1886,9.1166,9.9352
4678,155.933,1216,33,2503,1883,11.2374,8.1481
4679,155.967,1206,34,2501,1885,8.0029,10.4189
4680,156.000,1209,39,2503,1889,8.9901,9.1526
4681,156.033,1215,54,2505,1899,11.6123,7.5847
4682,156.067,1211,46,2503,1900,10.0198,4.5292
4683,156.100,1207,50,2504,1902,5.2508,7.6903
4684,156.133,1207,50,2504,1904,5.2538,8.6125
4685,156.167,1209,53,2503,1908,6.8070,7.5378
4686,156.200,1210,55,2503,1911,6.8900,7.7785
4687,156.233,1208,55,2502,1914,9.6383,6.3004
4688,156.267,1209,48,2502,1910,8.0366,5.7274
4689,156.300,1211,38,2505,1907,10.0755,8.7080
4690,156.333,1210,39,2502,1907,6.4579,7.2449
4691,156.367,1208,35,2504,1910,9.2965,6.8875
4692,156.400,1207,33,2503,1910,6.3726,7.1757
4693,156.433,1207,36,2503,1913,8.3062,7.4380
4694,156.467,1207,38,2502,1912,6.6793,4.9703
4695,156.500,1208,42,2503,1912,9.8972,4.5770
4696,156.533,1210,43,2503,1908,8.0451,4.5930
4697,156.567,1210,44,2503,1907,7.5661,5.7464
4698,156.600,1210,44,2504,1906,7.8499,4.2629
4699,156.633,1208,43,2502,1903,9.4912,2.3426
4700,156.667,1203,41,2500,1902,6.3567,5.2573
4701,156.700,1201,41,2498,1900,8.2273,4.4209
4702,156.733,1203,49,2498,1895,8.3073,9.1153
4703,156.767,1203,55,2491,1888,12.7291,5.1877
4704,156.800,1204,54,2492,1888,16.4362,4.3101
4705,156.833,1203,52,2493,1889,15.8010,6.4578
4706,156.867,1204,52,2494,1889,16.4878,6.8583
4707,156.900,1204,53,2494,1889,16.5253,6.5982
4708,156.933,1204,53,2497,1890,20.3121,10.0153
4709,156.967,1201,51,2499,1894,21.4470,5.9952
4710,157.000,1202,62,2494,1895,21.0875,5.9568
4711,157.033,1198,63,2493,1899,23.7849,6.8530
4712,157.067,1197,62,2492,1898,20.8298,8.1984
4713,157.100,1198,67,2490,1899,25.3603,6.7550
4714,157.133,1204,68,2493,1895,23.2610,5.2325
4715,157.167,1205,71,2494,1893,22.9475,9.0575
4716,157.200,1204,66,2495,1894,21.2793,5.8887
4717,157.233,1205,65,2494,1893,20.3611,5.2236
4718,157.267,1205,66,2493,1892,21.4124,4.1912
4719,157.300,1204,64,2493,1893,18.6588,4.4721
4720,157.333,1198,60,2487,1897,8.0046,3.4454
4721,157.367,1193,60,2488,1907,5.8926,2.8209
4722,157.400,1191,58,2489,1905,4.1830,5.7462
4723,157.433,1189,58,2489,1906,3.0392,4.3960
4724,157.467,1193,59,2489,1901,3.8204,3.8986
4725,157.500,1197,61,2488,1899,2.2966,7.4221
4726,157.533,1206,64,2490,1897,2.9624,4.2140
4727,157.567,1212,68,2488,1898,2.0553,6.3979
4728,157.600,1212,65,2490,1900,3.2410,6.1235
4729,157.633,1208,59,2494,1902,2.7934,6.1981
4730,157.667,1204,60,2493,1909,-1.8518,7.4808
4731,157.700,1200,66,2495,1912,1.5305,7.0527
4732,157.733,1203,59,2494,1908,-2.1979,7.3641
4733,157.767,1202,58,2492,1905,1.4243,8.6160
4734,157.800,1206,56,2492,1903,3.8996,12.4275
4735,157.833,1206,57,2488,1896,5.1392,7.5811
4736,157.867,1206,57,2489,1899,6.9866,2.6404
4737,157.900,1199,55,2491,1903,10.1895,6.1823
4738,157.933,1191,57,2488,1907,12.7108,6.9139
4739,157.967,1188,64,2484,1911,15.5808,7.5431
4740,158.000,1187,59,2485,1909,13.0739,6.8131
4741,158.033,1185,53,2484,1907,14.4179,8.4189
4742,158.067,1185,54,2484,1906,16.7666,3.7853
4743,158.100,1185,53,2484,1906,13.4979,3.8037
4744,158.133,1185,51,2486,1906,17.0210,6.1120
4745,158.167,1185,51,2486,1906,16.5053,6.0465
4746,158.200,1185,51,2487,1905,15.4792,3.7544
4747,158.233,1185,52,2486,1906,15.6829,3.1719
4748,158.267,1186,55,2487,1904,14.7610,5.8666
4749,158.300,1187,53,2486,1905,16.7803,4.4711
4750,158.333,1190,56,2488,1899,15.8205,6.6497
4751,158.367,1191,59,2488,1900,14.0567,2.3584
4752,158.400,1191,55,2491,1900,13.5505,4.9534
4753,158.433,1190,50,2491,1900,10.8682,2.6060
4754,158.467,1191,46,2492,1903,20.7656,2.3095
4755,158.500,1191,46,2493,1905,20.3383,1.6461
4756,158.533,1191,45,2493,1907,21.1239,2.3833
4757,158.567,1193,50,2492,1904,16.9288,0.2790
4758,158.600,1196,50,2491,1900,21.3173,-0.4067
4759,158.633,1198,53,2491,1899,15.1823,1.4392
4760,158.667,1197,53,2492,1898,14.7043,1.8818
4761,158.700,1199,52,2491,1899,17.8331,4.3353
4762,158.733,1199,53,2491,1898,17.0075,2.5767
4763,158.767,1200,56,2490,1897,19.2543,4.5223
4764,158.800,1200,56,2491,1898,19.5499,2.0529
4765,158.833,1203,57,2493,1898,17.9449,1.5623
4766,158.867,1203,57,2493,1899,17.1992,2.8858
4767,158.900,1203,57,2493,1900,17.0765,3.0182
4768,158.933,1206,58,2493,1900,17.8381,4.1588
4769,158.967,1207,56,2493,1898,20.4677,7.2824
4770,159.000,1209,58,2494,1898,19.8924,-0.2559
4771,159.033,1210,57,2495,1896,21.7986,0.5553
4772,159.067,1211,57,2494,1895,19.9379,1.7385
4773,159.100,1210,54,2494,1895,16.8012,4.2605
4774,159.133,1211,52,2494,1894,10.3994,6.2962
4775,159.167,1210,54,2496,1893,6.8153,3.6007
4776,159.200,1209,52,2497,1894,5.4124,3.2483
4777,159.233,1209,52,2497,1895,7.5522,2.2149
4778,159.267,1207,50,2499,1897,4.6100,5.4882
4779,159.300,1203,48,2499,1895,3.8639,3.3696
4780,159.333,1204,48,2499,1895,5.8744,5.2274
4781,159.367,1203,47,2500,1895,5.3428,4.2515
4782,159.400,1204,47,2500,1894,5.1043,6.5689
4783,159.433,1208,51,2500,1897,4.8503,3.0099
4784,159.467,1208,47,2501,1896,4.8508,3.7702
4785,159.500,1207,44,2501,1897,6.1567,3.8557
4786,159.533,1209,46,2504,1899,3.1894,5.0040
4787,159.567,1209,57,2504,1903,4.0982,4.3177
4788,159.600,1211,57,2503,1902,6.3078,3.9782
4789,159.633,1211,57,2503,1902,6.7594,3.5411
4790,159.667,1211,58,2502,1903,6.4355,1.9746
4791,159.700,1212,56,2502,1901,6.5579,1.5125
4792,159.733,1211,55,2504,1900,6.8877,-0.3541
4793,159.767,1211,57,2504,1901,5.2459,3.4632
4794,159.800,1213,56,2505,1902,9.2668,2.3322
4795,159.833,1213,58,2504,1902,8.5809,3.6017
4796,159.867,1214,57,2504,1903,10.2624,1.9349
4797,159.900,1214,57,2504,1904,12.4820,2.4688
4798,159.933,1216,58,2504,1908,8.8931,0.8993
4799,159.967,1215,58,2506,1907,10.8198,3.9215
4800,160.000,1215,55,2505,1904,9.2951,2.3293
4801,160.033,1217,53,2507,1903,13.8783,1.3934
4802,160.067,1217,53,2508,1904,15.5755,3.1504
4803,160.100,1218,53,2508,1904,17.8301,2.2863
4804,160.133,1216,53,2509,1904,14.1038,6.4741
4805,160.167,1217,54,2510,1904,14.3038,4.6582
4806,160.200,1216,53,2510,1904,14.0373,2.7319
4807,160.233,1216,54,2509,1904,13.1069,3.3853
4808,160.267,1216,55,2508,1904,12.8421,3.1716
4809,160.300,1218,57,2507,1905,15.5198,3.5310
4810,160.333,1218,56,2506,1905,16.0049,6.7743
4811,160.367,1218,61,2507,1907,16.5947,8.0089
4812,160.400,1218,60,2507,1907,18.6414,8.1250
4813,160.433,1218,58,2508,1906,16.1693,4.5781
4814,160.467,1217,58,2507,1906,11.9841,3.7105
4815,160.500,1219,58,2508,1906,11.8589,3.1488
4816,160.533,1218,59,2508,1905,12.6748,2.8045
4817,160.567,1219,53,2509,1904,12.0272,2.4008
4818,160.600,1219,54,2510,1904,13.7693,0.7352
4819,160.633,1219,54,2511,1903,12.2435,1.9501
4820,160.667,1220,52,2511,1904,11.0666,4.4862
4821,160.700,1219,52,2509,1904,7.0947,3.6997
4822,160.733,1217,50,2509,1901,5.7495,3.8071
4823,160.767,1219,50,2508,1899,0.5477,4.6933
4824,160.800,1218,50,2507,1897,0.6015,2.9855
4825,160.833,1219,52,2507,1899,-0.8277,5.2357
4826,160.867,1219,51,2507,1899,0.8462,3.7872
4827,160.900,1218,50,2507,1900,-0.9127,3.2054
4828,160.933,1219,47,2508,1900,0.7493,10.0203
4829,160.967,1219,45,2509,1901,0.0078,7.9971
4830,161.000,1216,45,2512,1908,-2.1262,8.4322
4831,161.033,1214,47,2511,1907,-1.1846,4.5473
4832,161.067,1214,46,2511,1906,1.0632,3.9487
4833,161.100,1214,47,2511,1905,-1.7155,7.4012
4834,161.133,1215,47,2512,1906,-0.5641,3.8235
4835,161.167,1214,48,2512,1907,-0.4998,4.0027
4836,161.200,1214,45,2513,1906,-0.3654,7.1904
4837,161.233,1214,45,2512,1906,2.2780,3.1168
4838,161.267,1215,46,2513,1905,-0.3498,7.2957
4839,161.300,1215,48,2514,1906,-1.7847,4.4538
4840,161.333,1215,49,2512,1903,1.9637,1.1611
4841,161.367,1215,48,2512,1903,4.5781,5.4170
4842,161.400,1215,48,2514,1903,5.1129,1.6324
4843,161.433,1218,50,2515,1905,4.6440,7.6233
4844,161.467,1218,51,2513,1904,5.9968,6.7142
4845,161.500,1218,50,2514,1905,7.8705,4.1294
4846,161.533,1217,49,2512,1904,6.7752,3.7713
4847,161.567,1215,49,2510,1902,10.7283,4.4713
4848,161.600,1218,48,2511,1902,7.7952,2.7039
4849,161.633,1218,47,2509,1900,9.3002,0.8688
4850,161.667,1218,45,2509,1897,7.9818,5.1454
4851,161.700,1217,45,2510,1895,7.6719,8.9879
4852,161.733,1221,46,2504,1891,10.1826,4.4914
4853,161.767,1220,46,2504,1887,8.6614,5.2601
4854,161.800,1226,43,2505,1889,7.6786,8.2386
4855,161.833,1229,44,2511,1891,10.4846,7.3530
4856,161.867,1228,40,2511,1888,8.7551,5.3384
4857,161.900,1229,40,2512,1888,9.9540,6.6305
4858,161.933,1227,39,2514,1890,8.4197,5.4648
4859,161.967,1226,40,2515,1888,12.0530,3.3918
4860,162.000,1228,41,2519,1890,11.4991,6.8094
4861,162.033,1230,38,2522,1892,9.6749,7.1494
4862,162.067,1228,38,2520,1890,8.4224,3.6402
4863,162.100,1228,37,2520,1892,9.5039,2.8708
4864,162.133,1229,38,2520,1891,9.1781,6.5128
4865,162.167,1229,37,2519,1890,8.8736,5.4721
4866,162.200,1232,38,2519,1891,9.2540,3.5525
4867,162.233,1230,35,2519,1889,9.4657,7.4404
4868,162.267,1230,36,2519,1890,7.8769,5.1334
4869,162.300,1230,37,2521,1888,9.4196,4.6161
4870,162.333,1231,39,2519,1888,6.9739,1.4463
4871,162.367,1231,38,2518,1888,8.4214,3.8931
4872,162.400,1230,39,2518,1887,8.3779,4.8840
4873,162.433,1230,40,2519,1887,8.2955,5.0395
4874,162.467,1231,42,2519,1886,8.2053,4.8430
4875,162.500,1231,44,2519,1887,11.0788,3.8069
4876,162.533,1232,44,2520,1888,7.6205,3.6817
4877,162.567,1234,44,2520,1887,5.4882,2.3727
4878,162.600,1234,43,2520,1887,6.4213,4.3582
4879,162.633,1233,44,2520,1886,7.7225,5.2780
4880,162.667,1233,40,2520,1885,5.5788,7.8615
4881,162.700,1234,40,2520,1883,4.2915,3.6732
4882,162.733,1234,41,2521,1882,1.6039,8.2699
4883,162.767,1234,40,2522,1882,1.2420,8.3694
4884,162.800,1231,41,2523,1880,4.8161,6.0789
4885,162.833,1231,45,2521,1877,3.5455,6.9497
4886,162.867,1231,43,2521,1879,3.8537,5.4507
4887,162.900,1231,44,2520,1879,4.2754,8.4559
4888,162.933,1230,39,2522,1879,2.1282,5.0383
4889,162.967,1230,38,2524,1880,4.7964,4.4940
4890,163.000,1222,35,2524,1878,3.5848,5.0036
4891,163.033,1223,35,2522,1877,4.3414,3.7115
4892,163.067,1225,22,2526,1877,3.9039,4.6959
4893,163.100,1221,10,2522,1871,4.5089,2.5662
4894,163.133,1202,0,2516,1870,9.7935,-7.0766
4895,163.167,1212,2,2521,1873,6.2952,2.7632
4896,163.200,1209,8,2520,1871,12.0064,1.4352
4897,163.233,1212,4,2520,1870,4.9492,5.1824
4898,163.267,1214,10,2517,1872,4.1232,8.5211
4899,163.300,1215,10,2517,1869,4.1337,8.2627
4900,163.333,1219,15,2518,1871,2.9532,4.5067
4901,163.367,1219,21,2521,1872,3.8077,8.0348
4902,163.400,1219,21,2521,1871,4.2978,5.6244
4903,163.433,1217,20,2520,1872,4.4634,5.9586
4904,163.467,1217,20,2519,1872,4.4214,3.7947
4905,163.500,1216,21,2518,1872,2.3510,7.6812
4906,163.533,1217,19,2518,1873,3.5530,6.5353
4907,163.567,1218,21,2517,1872,1.7747,6.2119
4908,163.600,1217,21,2518,1873,3.9763,7.3001
4909,163.633,1217,22,2517,1872,3.6364,7.9825
4910,163.667,1217,21,2517,1871,1.9526,7.7717
4911,163.700,1217,19,2517,1871,2.7761,9.6632
4912,163.733,1218,20,2517,1872,2.6847,7.9308
4913,163.767,1219,21,2518,1871,2.7673,10.5060
4914,163.800,1219,19,2518,1871,2.5552,12.8827
4915,163.833,1221,20,2517,1870,1.6704,9.7135
4916,163.867,1221,19,2517,1870,2.5168,8.6561
4917,163.900,1222,20,2518,1870,0.9641,10.3326
4918,163.933,1221,22,2518,1870,5.4341,8.3107
4919,163.967,1222,22,2518,1870,6.6123,9.2940
4920,164.000,1225,24,2526,1872,8.1555,5.8194
4921,164.033,1225,24,2526,1872,8.7613,6.5377
4922,164.067,1224,24,2526,1870,8.4554,5.4978
4923,164.100,1220,23,2527,1873,8.0613,5.8720
4924,164.133,1222,24,2526,1874,9.1116,4.5699
4925,164.167,1221,10,2516,1865,10.6142,4.5334
4926,164.200,1222,10,2517,1865,9.8388,4.5407
4927,164.233,1222,8,2517,1865,11.0382,3.4643
4928,164.267,1221,9,2517,1868,10.3787,2.7522
4929,164.300,1222,11,2516,1866,11.6546,0.4744
4930,164.333,1226,8,2514,1861,8.6466,3.3273
4931,164.367,1226,9,2512,1853,11.2552,3.1116
4932,164.400,1229,11,2514,1849,7.8597,7.4358
4933,164.433,1228,11,2518,1860,9.1803,5.7291
4934,164.467,1229,8,2518,1859,8.5958,4.2312
4935,164.500,1229,8,2518,1857,8.1162,2.4325
4936,164.533,1229,8,2518,1858,8.1054,4.6886
4937,164.567,1228,7,2518,1856,7.6392,5.7925
4938,164.600,1227,7,2519,1857,10.5757,2.9122
4939,164.633,1228,6,2521,1856,3.0721,9.2337
4940,164.667,1228,6,2520,1854,3.3993,7.8799
4941,164.700,1229,7,2519,1852,2.6014,8.3264
4942,164.733,1229,5,2516,1848,2.2397,8.2596
4943,164.767,1229,4,2517,1849,1.7140,6.9883
4944,164.800,1230,5,2514,1846,0.5601,6.2870
4945,164.833,1232,8,2515,1843,1.6395,7.7354
4946,164.867,1230,8,2515,1842,2.3541,11.2724
4947,164.900,1230,7,2515,1842,1.2251,9.9682
4948,164.933,1231,7,2515,1842,2.1016,7.1004
4949,164.967,1231,8,2514,1843,1.3719,7.8718
4950,165.000,1230,8,2520,1851,2.9601,10.4280
4951,165.033,1231,11,2517,1853,12.9670,5.9089
4952,165.067,1231,11,2517,1853,12.4673,6.0402
4953,165.100,1230,13,2517,1853,10.4117,10.8103
4954,165.133,1230,15,2517,1852,9.2785,8.1962
4955,165.167,1229,13,2519,1854,9.2548,10.1559
4956,165.200,1229,14,2518,1852,9.5005,9.8370
4957,165.233,1227,15,2519,1853,8.2938,11.3559
4958,165.267,1227,17,2519,1854,8.0949,11.2072
4959,165.300,1226,15,2521,1851,9.4955,12.3151
4960,165.333,1226,15,2522,1852,10.7919,9.0064
4961,165.367,1225,14,2523,1851,7.7481,9.8858
4962,165.400,1227,10,2520,1848,13.7894,10.4692
4963,165.433,1229,8,2522,1850,16.3340,8.3112
4964,165.467,1228,9,2521,1849,17.3660,10.2063
4965,165.500,1229,10,2519,1849,17.2030,9.2249
4966,165.533,1229,7,2521,1850,16.1335,7.9280
4967,165.567,1229,3,2521,1850,14.8350,5.3749
4968,165.600,1229,3,2522,1849,15.3376,5.1652
4969,165.633,1230,2,2524,1850,16.5253,6.8391
4970,165.667,1230,2,2524,1851,15.1648,5.6701
4971,165.700,1229,2,2525,1852,19.1796,5.6876
4972,165.733,1229,2,2525,1853,18.9379,6.6622
4973,165.767,1228,4,2525,1853,16.2457,11.2965
4974,165.800,1228,2,2525,1853,17.4794,8.4679
4975,165.833,1230,0,2525,1853,15.8792,4.9977
4976,165.867,1230,2,2525,1856,18.5621,5.8826
4977,165.900,1232,1,2525,1855,20.5802,3.3823
4978,165.933,1232,2,2526,1857,18.7206,6.2355
4979,165.967,1232,1,2526,1856,21.3814,2.7023
4980,166.000,1236,2,2524,1855,19.6337,1.3566
4981,166.033,1236,0,2524,1856,18.3491,7.8278
4982,166.067,1235,1,2523,1853,19.0056,3.4957
4983,166.100,1234,1,2521,1850,19.7568,3.2775
4984,166.133,1232,0,2522,1849,19.2835,4.5047
4985,166.167,1232,3,2522,1845,16.9115,7.1618
4986,166.200,1231,3,2519,1848,20.5350,4.9282
4987,166.233,1231,2,2519,1849,20.8089,3.5447
4988,166.267,1231,3,2518,1850,20.4678,2.7636
4989,166.300,1228,3,2519,1851,21.3448,7.1544
4990,166.333,1231,3,2519,1851,21.3890,1.8681
4991,166.367,1230,4,2520,1852,21.0501,8.6253
4992,166.400,1232,2,2521,1851,21.4239,5.4252
4993,166.433,1231,3,2521,1851,20.6805,6.2501
4994,166.467,1233,3,2521,1847,20.8130,6.1392
4995,166.500,1233,3,2522,1848,21.3598,5.6058
4996,166.533,1231,6,2522,1847,16.9995,9.3361
4997,166.567,1230,8,2522,1851,21.0251,8.4940
4998,166.600,1231,8,2524,1853,19.9088,8.1041
4999,166.633,1231,9,2524,1852,19.1591,8.4633
5000,166.667,1231,8,2525,1856,20.2886,9.1385
5001,166.700,1231,8,2524,1853,20.4620,7.7908
5002,166.733,1214,15,2560,1902,9.1843,5.6165
5003,166.767,1230,0,2555,1872,7.9530,6.6955
5004,166.800,1203,0,2549,1872,8.4471,6.9915
5005,166.833,1216,0,2550,1882,9.0725,5.1324
5006,166.867,1203,0,2543,1874,9.6951,5.8923
5007,166.900,1226,0,2552,1864,5.4984,11.1890
5008,166.933,1236,3,2571,1883,4.3405,6.8450
5009,166.967,1235,0,2574,1883,4.4184,6.1786
5010,167.000,1234,6,2575,1862,1.4934,9.4768
5011,167.033,1232,6,2566,1863,7.6805,5.0607
5012,167.067,1244,10,2569,1883,7.5508,6.1668
5013,167.100,1238,11,2556,1872,9.6525,7.0528
5014,167.133,1227,8,2551,1874,8.7089,9.6299
5015,167.167,1234,11,2553,1873,7.2779,10.2048
5016,167.200,1240,11,2558,1866,5.1354,9.3326
5017,167.233,1234,12,2568,1870,8.4459,7.6632
5018,167.267,1237,13,2572,1874,5.8348,8.5645
5019,167.300,1239,14,2569,1864,7.1091,7.7220
5020,167.333,1235,15,2563,1869,2.9291,9.7272
5021,167.367,1243,13,2563,1873,4.2323,10.6335
5022,167.400,1239,13,2547,1871,8.8802,9.9397
5023,167.433,1232,15,2543,1869,8.1418,9.7368
5024,167.467,1232,0,2543,1866,8.4697,8.8178
5025,167.500,1228,19,2557,1869,7.9255,7.2756
5026,167.533,1232,16,2565,1869,7.5298,9.3817
5027,167.567,1239,3,2563,1855,4.7477,8.6783
5028,167.600,1230,2,2556,1853,5.3746,-1.9441
5029,167.633,1231,6,2552,1851,5.2470,-1.7059
5030,167.667,1232,7,2551,1853,5.4559,-0.5340
5031,167.700,1225,2,2543,1857,4.7321,-3.2391
5032,167.733,1227,0,2538,1855,4.7284,-4.4592
5033,167.767,1238,0,2543,1844,5.4431,-4.3315
5034,167.800,1242,3,2542,1828,5.1411,-4.2230
5035,167.833,1243,7,2546,1823,5.1278,-3.7743
5036,167.867,1242,0,2547,1817,6.2830,-5.0152
5037,167.900,1247,3,2549,1824,6.0979,-4.0237
5038,167.933,1246,0,2543,1828,8.1490,-3.1079
5039,167.967,1234,4,2538,1827,6.8599,-4.2573
5040,168.000,1234,3,2533,1837,7.4888,-2.8804
5041,168.033,1232,7,2533,1832,7.3606,-2.5281
5042,168.067,1239,6,2538,1825,7.2547,-2.3917
5043,168.100,1248,12,2541,1823,5.8064,-4.4377
5044,168.133,1251,14,2545,1828,4.5604,-5.2846
5045,168.167,1241,9,2540,1818,6.3759,-10.0891
5046,168.200,1221,0,2549,1824,5.8318,-3.8471
5047,168.233,1212,0,2543,1836,6.7745,0.1154
5048,168.267,1219,7,2537,1844,8.6361,4.7827
5049,168.300,1220,0,2532,1845,9.6544,7.1155
5050,168.333,1218,0,2534,1844,11.7655,7.9236
5051,168.367,1216,0,2535,1843,9.7262,7.7533
5052,168.400,1217,0,2533,1841,8.6410,7.8735
5053,168.433,1219,0,2539,1838,4.8291,9.0807
5054,168.467,1224,0,2546,1844,3.9465,8.5089
5055,168.500,1222,0,2543,1842,7.0002,10.6877
5056,168.533,1223,0,2541,1843,7.0686,9.6431
5057,168.567,1220,0,2538,1844,5.8405,8.3177
5058,168.600,1217,0,2538,1848,8.3543,9.6904
5059,168.633,1216,0,2529,1840,9.5542,8.4489
5060,168.667,1220,0,2534,1841,8.3308,9.3666
5061,168.700,1224,0,2537,1841,6.4244,9.4729
5062,168.733,1227,0,2538,1838,5.8051,10.1575
5063,168.767,1228,0,2541,1838,7.5841,7.7481
5064,168.800,1226,0,2537,1837,7.2540,8.3777
5065,168.833,1224,0,2537,1838,6.0828,5.7311
5066,168.867,1223,0,2539,1842,-0.4239,8.1161
5067,168.900,1222,0,2538,1844,-1.0556,10.3342
5068,168.933,1219,0,2538,1845,-0.2243,9.0342
5069,168.967,1214,0,2534,1843,-0.6526,8.8965
5070,169.000,1221,0,2532,1844,-5.3198,4.8230
5071,169.033,1222,0,2531,1845,-5.7982,6.3038
5072,169.067,1223,0,2532,1844,-6.5570,6.8503
5073,169.100,1223,0,2534,1844,-8.2437,9.6548
5074,169.133,1222,0,2532,1843,-8.3461,8.3506
5075,169.167,1222,0,2532,1842,-7.8485,9.1560
5076,169.200,1221,0,2532,1842,-5.3645,9.1841
5077,169.233,1221,0,2534,1841,-6.8263,8.9679
5078,169.267,1216,0,2530,1843,-7.3676,8.3051
5079,169.300,1215,0,2528,1844,-4.3237,10.6664
5080,169.333,1212,0,2528,1845,-5.9534,9.1592
5081,169.367,1215,0,2529,1848,-6.8998,10.5691
5082,169.400,1216,0,2529,1846,-6.2330,12.1297
5083,169.433,1218,0,2529,1844,-6.3750,10.3009
5084,169.467,1219,0,2529,1844,-5.5580,9.4702
5085,169.500,1220,0,2530,1843,-5.6212,10.0187
5086,169.533,1217,0,2526,1847,-9.7839,10.2114
5087,169.567,1217,0,2526,1847,-7.5450,10.7422
5088,169.600,1218,0,2525,1846,-9.1084,10.0583
5089,169.633,1219,0,2525,1844,-8.2401,9.5176
5090,169.667,1221,0,2527,1842,-8.3498,10.2588
5091,169.700,1221,0,2528,1838,-7.8441,10.0778
5092,169.733,1224,0,2532,1839,-5.5994,12.0380
5093,169.767,1226,0,2532,1840,-7.3804,12.1708
5094,169.800,1226,0,2530,1840,-9.3535,12.1030
5095,169.833,1221,0,2528,1841,-8.7325,13.0937
5096,169.867,1218,0,2529,1844,-8.2077,11.6260
5097,169.900,1214,0,2531,1846,-5.3580,9.5919
5098,169.933,1213,0,2531,1845,-5.6787,10.7764
5099,169.967,1216,0,2531,1845,-5.7085,10.7245
5100,170.000,1217,0,2533,1850,-5.0447,13.0336
5101,170.033,1219,0,2534,1848,-5.3355,13.0108
5102,170.067,1218,0,2536,1855,-5.0178,12.4027
5103,170.100,1219,0,2535,1855,-5.0064,11.6431
5104,170.133,1218,0,2537,1857,-5.0819,12.6774
5105,170.167,1216,0,2539,1858,-5.2165,12.5304
5106,170.200,1214,0,2535,1860,-4.0029,11.1774
5107,170.233,1214,0,2534,1862,-3.3598,9.6600
5108,170.267,1215,0,2536,1859,-5.1249,9.7743
5109,170.300,1220,0,2538,1859,-3.3634,12.6495
5110,170.333,1221,0,2540,1859,-3.6125,11.3176
5111,170.367,1225,0,2542,1858,-5.1139,12.7140
5112,170.400,1226,0,2540,1858,-4.6433,12.0936
5113,170.433,1226,0,2537,1857,-4.8354,11.2833
5114,170.467,1225,0,2538,1859,-5.2074,11.3920
5115,170.500,1223,0,2538,1861,-3.6656,13.2338
5116,170.533,1224,0,2540,1864,-4.4422,12.7701
5117,170.567,1224,0,2541,1868,-5.0856,12.3770
5118,170.600,1224,0,2542,1869,-6.3721,13.5081
5119,170.633,1225,0,2546,1867,-4.3572,11.1401
5120,170.667,1224,0,2544,1867,-4.0828,10.1030
5121,170.700,1222,0,2543,1866,-4.6696,11.7528
5122,170.733,1220,0,2541,1867,-3.3951,10.1618
5123,170.767,1217,0,2543,1869,-3.9769,14.0334
5124,170.800,1219,0,2538,1864,-4.7720,11.5659
5125,170.833,1219,0,2537,1867,-5.4074,11.4465
5126,170.867,1221,0,2536,1866,-6.2323,11.1441
5127,170.900,1222,0,2540,1870,-5.9283,11.9238
5128,170.933,1219,0,2539,1870,-5.2874,10.8050
5129,170.967,1217,0,2539,1871,-5.3518,11.1541
5130,171.000,1212,0,2543,1877,-3.7893,11.8266
5131,171.033,1209,0,2543,1876,-5.3666,12.4754
5132,171.067,1209,0,2540,1876,-3.7935,11.0001
5133,171.100,1209,0,2539,1873,-3.5814,11.3292
5134,171.133,1211,0,2537,1871,-4.2526,12.8328
5135,171.167,1213,0,2537,1871,-4.7329,12.2842
5136,171.200,1214,0,2538,1871,-4.6570,12.2502
5137,171.233,1215,0,2540,1870,-5.1450,12.5074
5138,171.267,1215,0,2540,1869,-3.2005,13.5728
5139,171.300,1218,0,2540,1869,-5.2268,12.6537
5140,171.333,1216,0,2539,1869,-4.6492,12.5542
5141,171.367,1216,0,2539,1868,-5.3767,12.3376
5142,171.400,1218,0,2538,1868,-3.7262,12.9422
5143,171.433,1219,0,2538,1868,-5.6883,12.6955
5144,171.467,1220,0,2540,1870,-5.7517,14.0700
5145,171.500,1221,0,2543,1872,-5.6387,13.0004
5146,171.533,1220,0,2543,1871,-4.4462,11.8596
5147,171.567,1219,0,2545,1874,-5.0926,12.0260
5148,171.600,1220,0,2546,1875,-4.9033,11.4837
5149,171.633,1220,0,2546,1874,-6.3744,12.3128
5150,171.667,1222,0,2545,1873,-6.9755,13.1025
5151,171.700,1221,0,2545,1873,-4.7520,11.8855
5152,171.733,1217,0,2545,1873,-3.9808,11.7735
5153,171.767,1215,0,2543,1865,0.7450,8.4192
5154,171.800,1217,0,2546,1868,0.5772,6.8143
5155,171.833,1199,0,2538,1866,-4.3556,7.0950
5156,171.867,1207,0,2538,1869,0.3108,7.3086
5157,171.900,1206,0,2537,1867,0.6967,7.1826
5158,171.933,1216,0,2541,1868,1.2591,12.2880
5159,171.967,1221,0,2541,1870,1.3165,10.0338
5160,172.000,1221,0,2545,1874,0.6249,8.2883
5161,172.033,1220,0,2546,1875,1.1084,10.7102
5162,172.067,1218,0,2546,1874,0.9574,11.4514
5163,172.100,1215,0,2546,1874,1.0782,11.8672
5164,172.133,1216,0,2547,1875,0.5857,12.2151
5165,172.167,1217,0,2546,1874,-0.5950,12.0269
5166,172.200,1219,0,2546,1874,-1.4974,11.3755
5167,172.233,1218,0,2544,1873,-4.5603,11.7728
5168,172.267,1218,0,2544,1872,-5.9107,9.9787
5169,172.300,1218,0,2544,1874,-5.3964,9.7838
5170,172.333,1219,0,2545,1875,-5.4769,8.7018
5171,172.367,1220,0,2541,1872,-5.7717,9.1511
5172,172.400,1220,0,2541,1873,-4.2295,9.0027
5173,172.433,1221,0,2540,1870,-5.5222,8.7415
5174,172.467,1221,0,2541,1870,-4.2060,8.8468
5175,172.500,1219,0,2540,1868,-5.8333,9.6288
5176,172.533,1219,0,2541,1866,-6.3132,11.1494
5177,172.567,1220,0,2540,1866,-5.0812,9.4007
5178,172.600,1219,0,2540,1866,-6.3779,10.3408
5179,172.633,1219,0,2539,1866,-5.1874,10.4581
5180,172.667,1220,0,2539,1867,-5.7316,9.4282
5181,172.700,1219,0,2538,1867,-5.7169,9.1246
5182,172.733,1221,0,2537,1866,-8.0125,10.6500
5183,172.767,1221,0,2540,1867,-5.2666,9.2153
5184,172.800,1220,0,2540,1868,-6.3326,9.9775
5185,172.833,1222,0,2539,1866,-6.8621,9.9479
5186,172.867,1221,0,2538,1864,-6.2860,9.2483
5187,172.900,1221,0,2539,1863,-6.1418,10.0080
5188,172.933,1222,0,2539,1865,-5.5729,8.9434
5189,172.967,1221,0,2539,1866,-5.5639,9.0264
5190,173.000,1223,0,2539,1868,-3.5580,9.9047
5191,173.033,1223,0,2539,1868,-2.9706,10.1412
5192,173.067,1224,0,2539,1868,-2.7984,9.5301
5193,173.100,1226,0,2538,1866,-1.9702,10.3999
5194,173.133,1225,0,2538,1865,-2.3676,9.7288
5195,173.167,1224,0,2537,1864,-3.6113,9.4143
5196,173.200,1223,0,2537,1864,-4.2836,9.7886
5197,173.233,1221,0,2537,1865,-5.6650,11.1363
5198,173.267,1222,0,2538,1864,-5.1521,9.5316
5199,173.300,1222,0,2539,1867,-4.7595,9.1025
5200,173.333,1223,0,2538,1866,-3.6602,9.7274
5201,173.367,1222,0,2542,1870,-5.0126,11.7251
5202,173.400,1223,0,2541,1869,-4.0695,10.3325
5203,173.433,1224,0,2540,1866,-3.2709,9.7041
5204,173.467,1225,0,2542,1867,-4.3676,9.5802
5205,173.500,1224,0,2543,1869,-4.0942,11.7131
5206,173.533,1224,0,2544,1868,-3.1954,10.1844
5207,173.567,1224,0,2544,1870,-4.2163,10.8232
5208,173.600,1224,0,2543,1868,-6.5363,9.2301
5209,173.633,1220,0,2546,1872,-5.8752,9.8798
5210,173.667,1224,0,2547,1872,-5.5553,10.1522
5211,173.700,1227,0,2549,1869,-6.3989,8.6331
5212,173.733,1227,0,2549,1870,-5.6781,8.7591
5213,173.767,1229,0,2550,1869,-5.0657,10.1557
5214,173.800,1231,0,2548,1869,-5.1986,8.3184
5215,173.833,1231,0,2549,1870,-4.6039,8.3662
5216,173.867,1230,0,2550,1871,-5.3463,9.9567
5217,173.900,1231,0,2550,1872,-6.0113,9.5331
5218,173.933,1230,0,2551,1873,-5.9892,9.2541
5219,173.967,1229,0,2552,1873,-5.8041,9.9680
5220,174.000,1229,0,2556,1872,-4.2502,10.2766
5221,174.033,1230,0,2555,1871,-6.7216,9.4747
5222,174.067,1229,0,2556,1873,-5.4915,7.8282
5223,174.100,1229,0,2555,1874,-5.6840,8.7941
5224,174.133,1231,0,2554,1875,-6.3861,8.9412
5225,174.167,1233,0,2552,1874,-5.7382,8.9724
5226,174.200,1229,0,2541,1878,-1.9564,8.1295
5227,174.233,1230,0,2541,1878,-2.1140,8.1805
5228,174.267,1230,0,2541,1877,-2.3562,8.9340
5229,174.300,1229,0,2540,1877,-1.9879,9.2636
5230,174.333,1229,0,2540,1876,-2.1891,8.8583
5231,174.367,1229,0,2540,1876,-2.2127,8.6725
5232,174.400,1230,0,2539,1875,0.5294,7.1548
5233,174.433,1230,0,2539,1875,0.9987,7.0639
5234,174.467,1230,0,2539,1873,0.0191,7.3814
5235,174.500,1230,0,2540,1872,-0.9443,7.8037
5236,174.533,1229,0,2541,1872,-3.4127,8.9470
5237,174.567,1228,0,2540,1870,-3.2308,8.7232
5238,174.600,1227,0,2540,1872,-4.8526,8.4759
5239,174.633,1224,0,2541,1870,-5.5224,8.3219
5240,174.667,1224,0,2539,1870,-2.0473,6.9247
5241,174.700,1221,0,2539,1870,-3.1310,7.8547
5242,174.733,1218,0,2539,1869,-4.3374,6.6541
5243,174.767,1216,0,2537,1868,-5.1044,8.1136
5244,174.800,1214,0,2538,1868,-8.0076,8.6286
5245,174.833,1214,0,2539,1872,-5.8568,8.6990
5246,174.867,1213,0,2541,1874,-4.6624,8.2412
5247,174.900,1211,0,2540,1873,-4.5433,10.0065
5248,174.933,1213,0,2542,1876,-4.2546,9.4421
5249,174.967,1211,0,2543,1879,-5.1705,9.8645
5250,175.000,1215,0,2546,1881,-5.6383,7.1963
5251,175.033,1214,0,2544,1877,-6.1353,8.1432
5252,175.067,1212,0,2543,1876,-4.5901,6.0261
5253,175.100,1213,0,2542,1875,-2.8618,9.3020
5254,175.133,1214,0,2541,1874,-3.6755,9.2960
5255,175.167,1216,0,2540,1870,-4.1957,8.0929
5256,175.200,1217,0,2538,1870,-5.9656,8.2576
5257,175.233,1217,0,2536,1870,-5.0714,7.8736
5258,175.267,1215,0,2536,1869,-4.0826,7.7940
5259,175.300,1214,0,2535,1869,-3.1602,7.1678
5260,175.333,1214,0,2535,1869,-2.9819,6.9698
5261,175.367,1213,0,2535,1869,-2.0324,7.6336
5262,175.400,1213,0,2535,1868,-2.9732,7.4171
5263,175.433,1213,0,2535,1867,-1.4414,6.4895
5264,175.467,1213,0,2535,1866,-1.1315,5.1479
5265,175.500,1214,0,2534,1866,-3.2140,3.6858
5266,175.533,1213,0,2534,1865,-4.1498,3.3234
5267,175.567,1213,0,2532,1864,-3.5939,3.9311
5268,175.600,1212,0,2532,1863,-4.1208,2.9912
5269,175.633,1211,0,2531,1863,-3.0901,2.8501
5270,175.667,1212,0,2531,1866,-2.6980,2.7365
5271,175.700,1211,0,2531,1869,-2.6153,2.5622
5272,175.733,1210,0,2532,1869,-3.0495,1.1098
5273,175.767,1210,0,2532,1869,-2.9925,1.1982
5274,175.800,1209,0,2531,1868,-1.1333,3.9768
5275,175.833,1208,0,2531,1865,-1.9489,4.2467
5276,175.867,1208,0,2533,1865,-2.4794,4.3721
5277,175.900,1209,0,2531,1864,-3.3372,4.4078
5278,175.933,1208,0,2531,1864,-2.6578,3.5936
5279,175.967,1208,0,2531,1862,-1.6839,2.7196
5280,176.000,1208,0,2532,1866,-2.0853,5.1061
5281,176.033,1191,0,2529,1868,1.7062,-7.5599
5282,176.067,1183,0,2530,1860,5.0459,-0.8875
5283,176.100,1184,0,2530,1861,5.9377,1.9535
5284,176.133,1179,0,2528,1861,-1.2810,-2.5649
5285,176.167,1195,0,2532,1861,-5.1058,-6.5708
5286,176.200,1196,0,2533,1860,-4.6755,-7.8370
5287,176.233,1204,0,2532,1862,-0.0318,-2.1233
5288,176.267,1210,0,2529,1861,-2.2031,5.3409
5289,176.300,1210,0,2529,1861,-1.5927,4.7564
5290,176.333,1212,0,2531,1864,-1.3006,4.0131
5291,176.367,1209,0,2532,1865,-1.4326,2.5195
5292,176.400,1209,0,2532,1864,-1.5410,3.3194
5293,176.433,1209,0,2531,1863,-1.6883,4.2204
5294,176.467,1208,0,2530,1861,-2.0573,3.9039
5295,176.500,1209,0,2531,1860,-1.3518,4.8283
5296,176.533,1209,0,2531,1860,-1.9842,4.3670
5297,176.567,1209,0,2531,1861,-1.7853,5.2447
5298,176.600,1210,0,2532,1862,-0.4588,5.1486
5299,176.633,1209,0,2531,1862,-2.9130,5.4576
5300,176.667,1209,0,2531,1862,-3.6516,5.0552
5301,176.700,1207,0,2532,1863,-0.6496,4.1861
5302,176.733,1207,0,2533,1863,-0.0196,4.2049
5303,176.767,1208,0,2534,1863,0.2291,5.3014
5304,176.800,1207,0,2534,1862,-0.3790,5.3109
5305,176.833,1207,0,2534,1862,-0.3560,5.3682
5306,176.867,1208,0,2534,1861,-0.4490,5.2542
5307,176.900,1209,0,2534,1860,-0.4127,5.2381
5308,176.933,1210,0,2534,1860,-0.5988,4.9466
5309,176.967,1211,0,2535,1860,-0.4358,4.2857
5310,177.000,1212,0,2534,1864,-0.0972,3.3604
5311,177.033,1212,0,2535,1865,0.3863,3.7994
5312,177.067,1211,0,2535,1866,-0.7316,5.2360
5313,177.100,1211,0,2535,1866,-1.2843,4.3728
5314,177.133,1211,0,2537,1870,-0.8048,5.7475
5315,177.167,1211,0,2535,1867,-0.6971,4.2713
5316,177.200,1212,0,2535,1870,-0.0859,3.7612
5317,177.233,1211,0,2534,1870,-0.8074,2.7538
5318,177.267,1209,0,2534,1873,-1.1590,3.1977
5319,177.300,1208,0,2535,1873,-2.4350,2.6231
5320,177.333,1208,0,2535,1872,-3.6210,4.0206
5321,177.367,1209,0,2535,1872,-1.7107,4.0421
5322,177.400,1209,0,2535,1872,-2.3163,4.2813
5323,177.433,1209,0,2536,1871,-0.5656,5.3385
5324,177.467,1207,0,2536,1872,-0.7232,4.8202
5325,177.500,1206,0,2536,1871,0.1369,3.7248
5326,177.533,1204,0,2537,1873,2.0020,5.2953
5327,177.567,1202,0,2538,1878,1.0426,5.7440
5328,177.600,1204,0,2537,1876,-0.6297,5.9915
5329,177.633,1203,0,2537,1877,-0.7642,8.0451
5330,177.667,1204,0,2536,1875,-1.3136,6.0323
5331,177.700,1203,0,2537,1874,0.0609,6.6084
5332,177.733,1203,0,2537,1873,1.0395,6.6931
5333,177.767,1201,0,2539,1877,0.2758,4.3364
5334,177.800,1199,0,2538,1881,0.2415,5.2710
5335,177.833,1197,0,2538,1881,1.0920,4.8691
5336,177.867,1198,0,2537,1882,1.5184,4.5976
5337,177.900,1198,0,2538,1883,1.4139,5.8369
5338,177.933,1199,0,2539,1881,1.6666,5.6125
5339,177.967,1198,0,2540,1885,0.5543,6.8053
5340,178.000,1198,0,2542,1880,3.0917,4.5061
5341,178.033,1199,0,2541,1879,3.8033,3.7531
5342,178.067,1198,0,2541,1878,4.1291,4.2416
5343,178.100,1198,0,2541,1877,4.2241,2.6666
5344,178.133,1197,0,2540,1875,4.7047,6.3655
5345,178.167,1196,0,2539,1874,4.9028,4.6865
5346,178.200,1198,0,2537,1870,4.2680,4.5271
5347,178.233,1198,0,2537,1871,4.5382,5.0709
5348,178.267,1198,0,2536,1870,2.5154,3.1606
5349,178.300,1199,0,2535,1869,1.5493,3.4339
5350,178.333,1199,0,2534,1869,2.2840,3.4092
5351,178.367,1196,0,2535,1871,1.4397,2.9686
5352,178.400,1194,0,2535,1871,1.1019,2.2787
5353,178.433,1193,0,2534,1871,0.6214,2.7709
5354,178.467,1194,0,2534,1868,2.5457,1.5857
5355,178.500,1194,0,2535,1868,2.1637,0.6111
5356,178.533,1194,0,2534,1869,1.9432,1.2597
5357,178.567,1195,0,2534,1870,-0.1960,4.1969
5358,178.600,1195,0,2534,1871,0.0445,3.4565
5359,178.633,1194,0,2534,1871,0.7372,2.5794
5360,178.667,1194,0,2533,1873,-0.6842,3.0122
5361,178.700,1193,0,2534,1873,1.3287,2.4243
5362,178.733,1191,4,2535,1874,2.1620,4.4130
5363,178.767,1191,3,2534,1872,2.4338,5.1398
5364,178.800,1193,5,2535,1872,3.7428,5.2620
5365,178.833,1191,6,2536,1868,6.0432,5.5844
5366,178.867,1192,6,2537,1867,4.3277,5.9449
5367,178.900,1190,8,2536,1867,4.0115,6.7323
5368,178.933,1190,10,2535,1867,7.8981,4.7116
5369,178.967,1187,11,2534,1866,10.0354,3.9256
5370,179.000,1191,12,2531,1856,9.3411,4.9844
5371,179.033,1191,14,2531,1856,11.7874,5.9548
5372,179.067,1189,14,2532,1857,10.3406,4.8044
5373,179.100,1189,13,2532,1856,9.7677,3.1987
5374,179.133,1189,11,2532,1857,10.9282,6.7435
5375,179.167,1190,10,2533,1858,10.0087,6.1850
5376,179.200,1190,10,2533,1858,9.5330,5.8168
5377,179.233,1194,11,2532,1858,9.6175,4.4141
5378,179.267,1199,10,2533,1857,9.1175,4.5760
5379,179.300,1198,6,2530,1856,10.0574,3.1331
5380,179.333,1198,6,2530,1856,10.2128,3.2582
5381,179.367,1197,8,2529,1855,11.7552,5.6872
5382,179.400,1196,8,2529,1856,11.4421,6.8987
5383,179.433,1194,10,2530,1860,10.0041,5.7775
5384,179.467,1193,9,2531,1860,11.4858,4.9508
5385,179.500,1194,10,2530,1859,10.0990,5.7051
5386,179.533,1195,10,2531,1860,9.7409,5.2510
5387,179.567,1195,9,2532,1862,9.2083,3.9072
5388,179.600,1195,8,2533,1863,11.4983,4.7944
5389,179.633,1195,8,2532,1863,11.2007,4.7673
5390,179.667,1194,8,2532,1863,11.1156,4.4747
5391,179.700,1194,6,2532,1863,11.7256,3.6131
5392,179.733,1194,6,2533,1863,11.5658,3.3837
5393,179.767,1194,5,2533,1864,11.9528,3.1402
5394,179.800,1195,5,2535,1864,11.1901,4.7146
5395,179.833,1195,4,2537,1865,11.7322,4.4747
5396,179.867,1195,6,2537,1862,12.0237,4.4105
5397,179.900,1195,6,2537,1862,11.8336,4.0392
5398,179.933,1194,7,2537,1863,11.6354,4.4332
5399,179.967,1194,5,2536,1861,12.0402,4.7881
5400,180.000,1196,3,2534,1852,14.1865,4.2109
5401,180.033,1196,2,2535,1853,11.1904,4.1597
5402,180.067,1195,1,2535,1853,11.8737,4.6985
5403,180.100,1197,1,2535,1853,10.7168,4.8522
5404,180.133,1197,0,2537,1857,9.5404,5.9260
5405,180.167,1197,0,2536,1856,10.8887,5.7683
5406,180.200,1197,0,2536,1855,10.3117,5.4647
5407,180.233,1197,0,2536,1856,10.7875,6.0264
5408,180.267,1197,0,2536,1856,10.5018,6.1670
5409,180.300,1200,0,2536,1856,9.5372,3.7142
5410,180.333,1204,0,2538,1858,10.5721,2.7663
5411,180.367,1206,0,2538,1858,10.7178,1.8955
5412,180.400,1205,0,2537,1859,11.1710,-0.1378
5413,180.433,1205,0,2537,1859,11.1559,1.5141
5414,180.467,1203,0,2537,1861,10.3786,3.4492
5415,180.500,1202,0,2538,1861,9.7286,3.9841
5416,180.533,1199,0,2536,1862,11.9489,4.8203
5417,180.567,1201,0,2535,1863,8.6971,4.7717
5418,180.600,1200,0,2535,1861,8.3296,4.9891
5419,180.633,1201,0,2536,1862,9.6454,5.6355
5420,180.667,1199,0,2536,1861,9.1101,3.4496
5421,180.700,1200,8,2540,1880,10.9269,3.6455
5422,180.733,1200,8,2540,1880,10.6726,3.8658
5423,180.767,1200,11,2540,1880,9.0521,1.6838
5424,180.800,1199,10,2540,1880,8.6197,2.9483
5425,180.833,1199,9,2539,1879,11.8654,2.6227
5426,180.867,1199,8,2540,1880,10.8728,3.8111
5427,180.900,1199,8,2540,1879,10.2643,3.1355
5428,180.933,1199,7,2541,1880,10.6552,3.5672
5429,180.967,1199,7,2541,1879,10.7862,3.8935
5430,181.000,1201,2,2540,1875,12.4143,2.5410
5431,181.033,1201,1,2540,1875,11.9823,2.3072
5432,181.067,1201,0,2541,1875,11.7387,1.6929
5433,181.100,1200,0,2540,1874,12.7541,2.3301
5434,181.133,1200,1,2540,1873,11.6830,0.8089
5435,181.167,1200,0,2539,1873,11.5302,1.7474
5436,181.200,1199,1,2539,1873,10.5830,2.2164
5437,181.233,1199,2,2538,1873,9.7499,-0.0324
5438,181.267,1200,2,2537,1873,10.6456,2.1669
5439,181.300,1200,2,2538,1874,10.3639,3.1357
5440,181.333,1200,1,2537,1874,10.1609,0.5368
5441,181.367,1201,2,2537,1874,10.2711,1.6343
5442,181.400,1201,1,2537,1874,8.7254,1.1852
5443,181.433,1200,0,2538,1873,10.9926,3.1062
5444,181.467,1200,2,2538,1873,11.6226,3.3063
5445,181.500,1201,1,2540,1874,9.7303,3.4316
5446,181.533,1201,1,2539,1872,11.1806,3.1151
5447,181.567,1200,2,2538,1872,12.1370,3.5367
5448,181.600,1200,1,2538,1872,12.5976,3.4409
5449,181.633,1200,2,2538,1872,12.2751,2.9664
5450,181.667,1201,3,2537,1872,9.3666,2.9904
5451,181.700,1202,3,2538,1874,11.9268,2.3648
5452,181.733,1201,4,2537,1874,10.1830,3.0486
5453,181.767,1202,5,2537,1876,9.3378,2.8486
5454,181.800,1202,5,2538,1877,10.2162,1.8409
5455,181.833,1202,5,2537,1876,9.5525,2.0867
5456,181.867,1202,4,2537,1876,11.4943,4.3105
5457,181.900,1203,3,2537,1877,11.0066,2.5590
5458,181.933,1203,3,2537,1877,10.7661,2.4055
5459,181.967,1203,3,2537,1876,10.8968,2.1239
5460,182.000,1203,4,2536,1872,10.9683,2.3781
5461,182.033,1203,5,2536,1874,9.6627,2.1829
5462,182.067,1204,6,2536,1873,8.6074,2.7614
5463,182.100,1204,6,2536,1873,8.7141,3.4408
5464,182.133,1204,6,2537,1873,8.5155,4.2244
5465,182.167,1205,8,2537,1873,9.1532,3.2240
5466,182.200,1205,10,2536,1873,8.4149,3.4994
5467,182.233,1205,10,2537,1873,8.4066,2.0061
5468,182.267,1206,10,2536,1873,7.7493,4.1059
5469,182.300,1206,11,2536,1873,8.6047,3.5920
5470,182.333,1204,0,2536,1872,10.3707,3.0972
5471,182.367,1198,0,2529,1878,8.4465,-9.4177
5472,182.400,1200,0,2530,1876,8.0626,-8.8400
5473,182.433,1187,0,2524,1863,10.9833,-12.6471
5474,182.467,1183,0,2524,1864,4.9527,-7.7368
5475,182.500,1175,0,2524,1868,9.2070,-2.1274
5476,182.533,1186,0,2534,1869,20.4486,-10.3962
5477,182.567,1197,0,2535,1866,22.2152,-1.3716
5478,182.600,1197,0,2537,1866,21.7952,-3.4603
5479,182.633,1199,0,2534,1866,20.6869,3.7735
5480,182.667,1197,0,2535,1867,20.3895,2.5657
5481,182.700,1197,1,2535,1868,21.8459,3.4444
5482,182.733,1198,3,2534,1868,21.4574,2.3008
5483,182.767,1198,4,2534,1868,20.6927,1.8258
5484,182.800,1198,3,2534,1868,21.2986,2.2635
5485,182.833,1196,0,2537,1869,21.9218,-0.8737
5486,182.867,1199,0,2539,1870,21.4302,3.3011
5487,182.900,1200,0,2539,1870,22.0649,2.6710
5488,182.933,1198,0,2541,1872,22.5505,1.8558
5489,182.967,1198,0,2540,1871,22.5011,1.4668
5490,183.000,1195,0,2536,1866,22.2417,2.0044
5491,183.033,1196,0,2536,1868,20.4464,2.2290
5492,183.067,1196,0,2537,1870,20.7805,3.3644
5493,183.100,1196,0,2538,1872,20.8628,3.0837
5494,183.133,1196,0,2538,1872,20.3958,3.9416
5495,183.167,1195,0,2538,1871,20.4235,4.1013
5496,183.200,1195,0,2538,1871,20.4127,3.3224
5497,183.233,1195,0,2538,1871,20.4023,3.2751
5498,183.267,1195,0,2538,1872,20.2062,3.2019
5499,183.300,1195,0,2539,1872,20.1105,2.2517
5500,183.333,1195,0,2539,1871,20.9960,1.7677
5501,183.367,1196,0,2539,1871,20.4732,3.0900
5502,183.400,1196,2,2540,1872,20.6733,1.0858
5503,183.433,1196,3,2539,1871,20.5458,0.9968
5504,183.467,1196,2,2539,1870,21.6561,1.0809
5505,183.500,1197,2,2540,1870,21.3353,0.2189
5506,183.533,1196,0,2540,1870,22.9232,4.4515
5507,183.567,1196,0,2539,1870,22.3872,4.4703
5508,183.600,1197,0,2539,1870,20.9343,3.8933
5509,183.633,1195,0,2538,1869,19.6862,5.7008
5510,183.667,1195,1,2538,1868,19.1361,6.3085
5511,183.700,1193,2,2539,1869,22.7923,0.1520
5512,183.733,1193,3,2539,1869,21.6472,1.3380
5513,183.767,1193,5,2539,1870,18.3767,3.0787
5514,183.800,1192,5,2538,1869,17.9109,2.8370
5515,183.833,1192,6,2538,1868,18.4071,2.8094
5516,183.867,1191,8,2540,1869,19.1344,0.9408
5517,183.900,1192,8,2540,1870,19.0540,0.7835
5518,183.933,1191,8,2542,1869,21.2133,0.7654
5519,183.967,1192,6,2542,1869,18.7252,0.9316
5520,184.000,1193,6,2540,1865,21.3693,-1.8799
5521,184.033,1193,0,2539,1864,18.7889,2.8382
5522,184.067,1194,0,2539,1864,19.3368,3.2087
5523,184.100,1193,0,2541,1868,21.6428,2.1862
5524,184.133,1192,0,2540,1867,21.0625,2.3740
5525,184.167,1192,0,2540,1868,21.7695,3.0257
5526,184.200,1192,0,2541,1868,21.6482,2.9521
5527,184.233,1192,0,2541,1868,21.0472,2.9284
5528,184.267,1191,0,2541,1869,20.7978,2.9471
5529,184.300,1191,0,2540,1867,21.3059,1.3551
5530,184.333,1191,0,2540,1868,21.5648,0.5696
5531,184.367,1190,0,2540,1867,22.8846,1.0017
5532,184.400,1191,1,2540,1867,23.0977,0.6310
5533,184.433,1192,7,2537,1865,20.1609,1.7509
5534,184.467,1191,6,2536,1866,22.6127,0.6503
5535,184.500,1192,8,2536,1865,21.4424,2.1463
5536,184.533,1194,8,2537,1866,21.7645,-1.4962
5537,184.567,1194,7,2536,1864,21.0323,0.4283
5538,184.600,1194,7,2537,1864,20.7811,0.0381
5539,184.633,1193,6,2537,1863,22.3571,0.0464
5540,184.667,1195,5,2537,1863,23.4854,0.9882
5541,184.700,1195,7,2538,1862,22.3783,0.4245
5542,184.733,1194,8,2538,1862,20.4463,0.3578
5543,184.767,1195,8,2540,1861,21.6550,-1.7506
5544,184.800,1194,6,2538,1861,22.5674,0.7574
5545,184.833,1195,5,2536,1858,24.2919,3.2210
5546,184.867,1195,4,2536,1858,24.6140,4.2554
5547,184.900,1196,2,2536,1859,24.1297,5.2661
5548,184.933,1197,2,2537,1859,24.2999,5.5906
5549,184.967,1196,2,2536,1858,23.8165,4.1748
5550,185.000,1199,6,2536,1865,21.6350,3.4665
5551,185.033,1199,5,2539,1866,23.7111,1.3508
5552,185.067,1197,4,2539,1867,22.1019,1.7639
5553,185.100,1195,4,2539,1869,21.4481,3.5292
5554,185.133,1198,8,2537,1865,22.6473,1.7330
5555,185.167,1198,8,2539,1867,22.8924,3.4727
5556,185.200,1198,7,2538,1866,22.5064,1.6692
5557,185.233,1198,7,2538,1866,22.7322,1.3560
5558,185.267,1198,9,2537,1864,21.8437,2.9277
5559,185.300,1198,8,2536,1862,21.4020,3.9909
5560,185.333,1199,6,2537,1862,22.3836,4.2836
5561,185.367,1201,6,2536,1860,20.6149,3.1893
5562,185.400,1203,7,2538,1862,23.1171,2.6652
5563,185.433,1204,9,2539,1863,20.0707,6.1476
5564,185.467,1204,9,2537,1861,19.9370,7.7840
5565,185.500,1204,10,2537,1863,19.9971,8.0449
5566,185.533,1203,8,2538,1861,21.0254,8.3849
5567,185.567,1204,8,2537,1861,22.5036,7.6378
5568,185.600,1205,9,2535,1861,21.9755,8.4164
5569,185.633,1206,9,2534,1860,18.6468,6.7809
5570,185.667,1208,11,2532,1859,20.0562,6.1415
5571,185.700,1208,10,2532,1858,19.2624,6.3559
5572,185.733,1206,10,2531,1860,20.2999,5.7220
5573,185.767,1204,10,2531,1860,19.6584,6.8778
5574,185.800,1204,8,2532,1860,20.5458,6.9258
5575,185.833,1202,6,2532,1860,20.0174,6.6132
5576,185.867,1202,2,2534,1862,21.8934,7.9200
5577,185.900,1202,2,2533,1862,20.8132,8.3731
5578,185.933,1204,2,2533,1862,20.5683,8.3012
5579,185.967,1204,1,2536,1863,20.8864,9.1387
5580,186.000,1203,0,2535,1869,19.4288,7.3859
5581,186.033,1203,1,2536,1869,19.2453,8.5079
5582,186.067,1204,0,2536,1869,20.0231,9.4337
5583,186.100,1203,1,2536,1869,19.0982,9.2420
5584,186.133,1204,0,2536,1868,20.7101,9.5859
5585,186.167,1203,0,2536,1869,19.1693,10.5786
5586,186.200,1203,0,2536,1869,19.3490,10.1241
5587,186.233,1204,0,2536,1869,19.5891,9.8958
5588,186.267,1203,0,2536,1870,18.9919,11.0355
5589,186.300,1202,0,2537,1868,20.3999,9.7370
5590,186.333,1203,0,2537,1868,18.1760,9.3320
5591,186.367,1202,0,2539,1869,21.5530,9.4721
5592,186.400,1201,0,2540,1868,22.3837,11.9600
5593,186.433,1201,0,2540,1869,22.0537,9.4337
5594,186.467,1201,0,2541,1869,21.3069,12.8538
5595,186.500,1201,0,2541,1869,21.1212,13.2712
5596,186.533,1201,0,2542,1869,20.7414,10.8392
5597,186.567,1201,0,2543,1869,22.0109,10.5699
5598,186.600,1201,0,2542,1869,21.4246,10.3594
5599,186.633,1201,0,2542,1869,21.7877,10.8741
5600,186.667,1202,0,2541,1869,21.6982,9.7401
5601,186.700,1202,0,2540,1868,22.0071,8.4203
5602,186.733,1202,0,2540,1868,21.9758,8.2842
5603,186.767,1202,0,2540,1868,21.5078,8.3922
5604,186.800,1202,0,2539,1868,20.9296,8.8909
5605,186.833,1200,3,2538,1869,20.0365,10.4078
5606,186.867,1199,4,2538,1870,18.6313,7.4731
5607,186.900,1199,4,2538,1868,20.6764,6.2955
5608,186.933,1200,10,2536,1869,21.1164,8.0619
5609,186.967,1200,11,2536,1868,19.2207,8.5335
5610,187.000,1206,13,2532,1864,23.6226,3.5946
5611,187.033,1207,14,2532,1865,22.3208,6.2949
5612,187.067,1207,11,2534,1864,22.4487,4.4161
5613,187.100,1206,10,2535,1865,21.4564,5.0618
5614,187.133,1209,12,2536,1864,21.0816,6.7431
5615,187.167,1210,13,2534,1861,20.1048,7.0636
5616,187.200,1209,8,2533,1860,21.2255,5.0848
5617,187.233,1208,2,2534,1858,20.7757,6.2280
5618,187.267,1183,0,2533,1866,23.5048,-1.2354
5619,187.300,1185,0,2535,1869,17.5413,-0.8392
5620,187.333,1174,0,2534,1866,15.6410,4.3607
5621,187.367,1173,0,2536,1865,15.4666,1.2092
5622,187.400,1197,0,2536,1866,22.4884,6.7548
5623,187.433,1197,0,2535,1866,23.2286,5.4568
5624,187.467,1199,0,2533,1866,20.5107,6.5588
5625,187.500,1200,0,2531,1868,23.2496,7.3755
5626,187.533,1203,0,2530,1865,23.1824,8.8375
5627,187.567,1205,0,2530,1866,23.4703,7.7426
5628,187.600,1207,0,2529,1868,20.4133,4.7986
5629,187.633,1207,0,2529,1867,20.1371,7.5636
5630,187.667,1208,0,2530,1867,21.0407,4.5039
5631,187.700,1198,0,2534,1874,22.2796,6.1594
5632,187.733,1200,0,2533,1875,22.9267,7.3609
5633,187.767,1204,0,2534,1875,23.5305,7.0849
5634,187.800,1206,0,2539,1877,20.5329,7.8754
5635,187.833,1207,0,2538,1878,23.1317,7.1023
5636,187.867,1206,0,2538,1878,23.4796,8.2988
5637,187.900,1206,0,2539,1878,22.5281,8.3893
5638,187.933,1206,0,2540,1877,20.5817,8.4833
5639,187.967,1206,0,2540,1878,20.5054,8.9575
5640,188.000,1207,3,2536,1872,21.5982,10.6215
5641,188.033,1209,3,2534,1871,20.9438,7.9593
5642,188.067,1211,3,2533,1870,19.9846,7.4198
5643,188.100,1210,6,2534,1870,22.2532,9.1570
5644,188.133,1211,5,2534,1868,20.1800,7.5006
5645,188.167,1210,5,2532,1867,22.1935,8.4079
5646,188.200,1208,4,2534,1869,20.7851,8.9900
5647,188.233,1208,4,2534,1869,20.6469,10.2068
5648,188.267,1209,1,2534,1869,21.8624,12.1450
5649,188.300,1209,0,2534,1871,21.0911,11.7495
5650,188.333,1209,0,2534,1871,21.0147,12.1821
5651,188.367,1210,0,2534,1871,20.5123,8.6944
5652,188.400,1210,0,2533,1870,20.3134,8.6563
5653,188.433,1211,0,2534,1868,20.9785,9.6891
5654,188.467,1212,0,2535,1869,19.4535,11.2278
5655,188.500,1213,0,2535,1869,20.5453,8.2376
5656,188.533,1213,0,2536,1868,19.9807,8.3814
5657,188.567,1214,2,2537,1867,22.1621,10.9511
5658,188.600,1212,3,2538,1867,22.3124,9.9844
5659,188.633,1214,1,2536,1866,19.2035,8.5062
5660,188.667,1214,0,2535,1864,20.9034,7.1563
5661,188.700,1215,0,2536,1865,20.7396,8.6919
5662,188.733,1214,0,2536,1866,20.0839,8.2744
5663,188.767,1216,1,2536,1865,20.9411,8.8843
5664,188.800,1215,0,2536,1865,20.4992,8.5141
5665,188.833,1216,2,2536,1865,19.8252,8.7540
5666,188.867,1215,1,2536,1865,19.4367,7.0572
5667,188.900,1215,0,2536,1865,20.3275,8.0750
5668,188.933,1214,1,2536,1865,20.5241,9.5429
5669,188.967,1212,1,2535,1866,20.3039,11.9115
5670,189.000,1209,0,2537,1870,20.9745,10.4395
5671,189.033,1208,0,2538,1869,22.1711,10.3200
5672,189.067,1208,0,2538,1871,20.3888,11.2343
5673,189.100,1207,0,2538,1871,20.7361,11.6196
5674,189.133,1207,0,2539,1870,19.2611,11.6584
5675,189.167,1206,0,2539,1871,19.5905,12.6094
5676,189.200,1207,0,2540,1872,19.8135,11.2765
5677,189.233,1208,0,2540,1871,18.6498,9.7375
5678,189.267,1209,0,2539,1871,19.8437,10.4343
5679,189.300,1211,0,2539,1871,20.5186,11.3142
5680,189.333,1211,0,2539,1871,19.5717,12.7341
5681,189.367,1211,0,2540,1871,20.9486,13.4899
5682,189.400,1212,0,2540,1870,21.9259,10.9296
5683,189.433,1211,0,2539,1872,20.9073,12.3855
5684,189.467,1212,2,2539,1872,20.4341,12.8108
5685,189.500,1212,2,2538,1872,20.3877,11.8340
5686,189.533,1213,3,2540,1872,19.3795,12.3719
5687,189.567,1212,3,2540,1872,17.8719,13.9499
5688,189.600,1212,2,2540,1872,19.7828,12.7428
5689,189.633,1213,2,2540,1872,21.2888,13.5855
5690,189.667,1212,0,2541,1872,20.8473,12.9646
5691,189.700,1214,0,2540,1873,21.5361,9.6351
5692,189.733,1214,0,2540,1873,21.3672,9.2668
5693,189.767,1216,1,2541,1876,18.9836,13.1019
5694,189.800,1216,0,2541,1879,20.8356,14.3249
5695,189.833,1215,0,2539,1881,18.8552,15.7775
5696,189.867,1216,1,2538,1879,18.5783,15.8107
5697,189.900,1216,1,2537,1879,19.3726,14.9308
5698,189.933,1216,1,2537,1881,18.3871,14.7567
5699,189.967,1214,0,2537,1880,19.8836,11.9448
5700,190.000,1216,1,2539,1883,19.3032,15.1621
5701,190.033,1214,3,2539,1883,20.1418,8.3817
5702,190.067,1214,6,2536,1882,20.4910,8.5911
5703,190.100,1214,4,2537,1882,19.6475,7.3029
5704,190.133,1215,1,2539,1881,20.0720,12.7835
5705,190.167,1215,1,2539,1880,20.9025,12.5772
5706,190.200,1215,1,2539,1879,21.0715,13.7518
5707,190.233,1214,1,2538,1879,20.7879,13.5268
5708,190.267,1214,1,2539,1879,19.0341,12.6655
5709,190.300,1214,4,2539,1879,20.9798,8.2734
5710,190.333,1215,5,2538,1878,18.5594,8.6212
5711,190.367,1214,5,2539,1879,20.4602,8.4472
5712,190.400,1214,4,2539,1880,19.0539,8.3947
5713,190.433,1216,7,2539,1879,19.9655,9.7468
5714,190.467,1216,5,2540,1878,21.7828,9.3884
5715,190.500,1216,5,2539,1878,19.3888,10.1750
5716,190.533,1216,9,2540,1877,19.6814,11.5743
5717,190.567,1214,9,2541,1878,20.5515,9.8799
5718,190.600,1213,9,2542,1879,21.7479,11.5403
5719,190.633,1212,9,2542,1879,21.0885,14.1304
5720,190.667,1212,7,2541,1878,21.2607,13.9661
5721,190.700,1214,9,2539,1875,19.0829,14.1786
5722,190.733,1216,9,2540,1875,19.8024,12.3370
5723,190.767,1217,9,2540,1873,21.5732,9.1788
5724,190.800,1219,10,2539,1872,22.2929,8.7143
5725,190.833,1218,8,2538,1871,19.4561,11.1633
5726,190.867,1217,8,2539,1871,20.0135,7.2326
5727,190.900,1216,9,2538,1870,17.8351,7.3933
5728,190.933,1215,6,2539,1870,19.8671,8.3218
5729,190.967,1215,13,2536,1869,19.7476,12.1915
5730,191.000,1215,18,2537,1871,21.1400,12.3789
5731,191.033,1217,19,2538,1871,21.9682,14.0722
5732,191.067,1217,19,2537,1869,21.6970,12.9892
5733,191.100,1219,19,2537,1868,19.3611,13.3372
5734,191.133,1220,17,2539,1868,19.8163,9.9992
5735,191.167,1220,17,2538,1867,20.5952,9.4591
5736,191.200,1221,18,2539,1867,19.1962,9.6405
5737,191.233,1221,17,2539,1866,19.6516,10.1334
5738,191.267,1222,13,2539,1868,20.7280,8.7535
5739,191.300,1220,18,2538,1873,19.8564,12.9623
5740,191.333,1219,15,2537,1873,22.0526,11.2016
5741,191.367,1219,15,2538,1874,22.3907,13.5017
5742,191.400,1220,14,2541,1875,22.4555,13.4326
5743,191.433,1219,15,2541,1877,20.1246,11.3604
5744,191.467,1219,16,2541,1877,19.5717,9.7596
5745,191.500,1219,15,2541,1877,19.7585,11.3683
5746,191.533,1218,16,2542,1878,19.7646,11.1454
5747,191.567,1217,19,2541,1880,17.2838,15.0658
5748,191.600,1218,19,2541,1879,18.4782,15.7876
5749,191.633,1217,20,2541,1880,17.1582,16.5650
5750,191.667,1218,17,2542,1879,18.7824,11.0778
5751,191.700,1218,17,2543,1880,18.3541,15.5634
5752,191.733,1218,18,2543,1880,17.9929,15.0656
5753,191.767,1219,17,2543,1880,18.1686,11.6331
5754,191.800,1219,16,2543,1880,17.5444,10.6498
5755,191.833,1219,16,2543,1881,18.2713,11.9530
5756,191.867,1218,17,2543,1880,18.1699,13.8513
5757,191.900,1217,17,2543,1881,18.3280,14.4597
5758,191.933,1216,17,2543,1881,18.2826,14.1024
5759,191.967,1216,18,2544,1881,15.9163,14.7330
5760,192.000,1212,18,2542,1878,18.1350,13.2778
5761,192.033,1212,18,2541,1878,18.8298,14.0838
5762,192.067,1213,19,2542,1878,18.5626,14.4637
5763,192.100,1214,18,2542,1877,17.1830,11.6303
5764,192.133,1215,18,2543,1878,16.2160,11.8267
5765,192.167,1216,18,2542,1876,17.7957,11.1136
5766,192.200,1216,16,2542,1876,17.7991,9.5216
5767,192.233,1216,16,2542,1876,17.5773,9.6734
5768,192.267,1217,18,2542,1874,15.9224,11.2384
5769,192.300,1217,17,2541,1874,18.1331,9.4193
5770,192.333,1216,16,2541,1874,18.4140,9.7733
5771,192.367,1217,17,2541,1874,18.1113,9.6710
5772,192.400,1217,17,2541,1873,17.5327,10.1110
5773,192.433,1216,13,2542,1873,17.4529,9.3206
5774,192.467,1216,13,2542,1873,17.5161,8.8677
5775,192.500,1215,12,2541,1873,17.5088,10.6629
5776,192.533,1216,10,2541,1873,17.7762,10.7863
5777,192.567,1216,10,2542,1873,17.9884,10.9660
5778,192.600,1216,9,2542,1873,17.5393,11.2364
5779,192.633,1218,5,2542,1872,10.9436,11.3874
5780,192.667,1219,4,2542,1872,11.6309,11.2727
5781,192.700,1219,4,2541,1873,12.9270,11.3063
5782,192.733,1218,6,2541,1873,10.9428,11.8280
5783,192.767,1212,2,2542,1874,9.6879,13.2409
5784,192.800,1209,2,2543,1875,9.7786,13.5190
5785,192.833,1207,0,2544,1877,7.2239,12.8353
5786,192.867,1207,2,2547,1878,8.7102,12.5673
5787,192.900,1206,2,2546,1876,7.9347,13.7232
5788,192.933,1208,2,2546,1876,8.4420,14.1391
5789,192.967,1207,3,2545,1877,9.2673,14.6727
5790,193.000,1209,2,2544,1878,9.5944,13.6622
5791,193.033,1208,3,2544,1880,9.1921,14.1506
5792,193.067,1208,1,2544,1881,8.9038,13.7514
5793,193.100,1209,1,2544,1881,8.4425,14.0873
5794,193.133,1211,0,2546,1882,8.7383,14.7568
5795,193.167,1210,2,2544,1879,6.8277,14.6540
5796,193.200,1210,2,2543,1877,5.8060,13.7375
5797,193.233,1210,2,2544,1879,6.9488,14.6362
5798,193.267,1211,1,2543,1879,7.2705,12.1658
5799,193.300,1211,1,2542,1878,7.8446,12.0367
5800,193.333,1209,0,2542,1879,8.6834,11.6931
5801,193.367,1209,0,2543,1879,8.8705,12.6134
5802,193.400,1209,0,2543,1877,6.9605,10.5894
5803,193.433,1209,4,2545,1879,8.0546,14.7169
5804,193.467,1210,5,2544,1880,8.0684,14.4290
5805,193.500,1211,8,2543,1880,6.2721,15.6371
5806,193.533,1213,8,2544,1882,9.9053,14.9641
5807,193.567,1212,9,2543,1883,6.5479,14.5372
5808,193.600,1213,9,2542,1883,9.4284,14.6979
5809,193.633,1214,9,2542,1883,9.8515,14.0033
5810,193.667,1214,8,2542,1883,9.2648,13.8574
5811,193.700,1214,7,2543,1883,10.6754,13.3155
5812,193.733,1214,9,2544,1884,8.3690,15.6658
5813,193.767,1213,8,2545,1883,7.8318,14.1764
5814,193.800,1225,15,2535,1868,10.6793,13.1982
5815,193.833,1225,15,2535,1866,11.7755,12.4487
5816,193.867,1224,17,2535,1867,11.0737,13.3998
5817,193.900,1223,15,2536,1868,11.8716,12.1532
5818,193.933,1223,14,2536,1867,12.4569,14.3501
5819,193.967,1222,16,2536,1867,12.9689,13.0630
5820,194.000,1223,17,2536,1870,11.4513,12.0705
5821,194.033,1224,15,2536,1870,9.3664,13.3497
5822,194.067,1224,15,2535,1869,9.5069,13.2738
5823,194.100,1225,15,2535,1869,10.5917,13.9046
5824,194.133,1224,14,2536,1870,8.3825,13.7024
5825,194.167,1223,12,2537,1871,9.8956,13.9738
5826,194.200,1225,11,2537,1870,9.2724,10.3040
5827,194.233,1225,9,2536,1870,9.9737,12.8294
5828,194.267,1226,9,2536,1869,9.1105,14.1454
5829,194.300,1226,10,2537,1870,10.6632,14.3356
5830,194.333,1226,9,2538,1871,10.5307,14.2415
5831,194.367,1226,11,2538,1871,11.7981,14.8602
5832,194.400,1226,11,2539,1872,8.7490,13.5638
5833,194.433,1225,12,2540,1873,9.4427,13.8578
5834,194.467,1224,14,2540,1873,7.8111,13.9384
5835,194.500,1224,13,2541,1874,9.5438,13.9362
5836,194.533,1223,12,2541,1875,9.8834,13.3720
5837,194.567,1223,12,2542,1874,8.1229,15.2406
5838,194.600,1222,10,2543,1875,9.6580,14.7264
5839,194.633,1221,9,2544,1875,10.7064,14.8650
5840,194.667,1220,9,2545,1876,10.1771,15.1928
5841,194.700,1221,10,2546,1879,10.3056,16.2618
5842,194.733,1220,7,2545,1878,11.0740,14.7942
5843,194.767,1218,6,2544,1878,10.2600,13.8836
5844,194.800,1197,0,2545,1871,14.8133,1.6166
5845,194.833,1197,0,2547,1871,15.1354,1.5486
5846,194.867,1189,0,2543,1869,8.8924,3.0092
5847,194.900,1207,0,2542,1870,10.4376,9.1466
5848,194.933,1208,0,2544,1869,12.2761,9.8966
5849,194.967,1210,0,2545,1872,6.8219,11.9375
5850,195.000,1213,4,2543,1873,8.6315,13.3127
5851,195.033,1215,7,2545,1874,9.2741,14.5291
5852,195.067,1215,7,2545,1874,9.6924,15.2440
5853,195.100,1215,5,2545,1874,8.7990,13.9086
5854,195.133,1216,7,2544,1872,9.3111,13.1820
5855,195.167,1216,7,2544,1873,8.3231,16.1856
5856,195.200,1217,6,2543,1873,6.9750,12.2285
5857,195.233,1216,5,2543,1873,8.5126,12.2855
5858,195.267,1217,6,2543,1873,6.4257,11.9801
5859,195.300,1217,6,2543,1873,6.5596,11.9991
5860,195.333,1216,7,2543,1873,6.6386,15.4971
5861,195.367,1215,9,2544,1873,7.3765,15.7198
5862,195.400,1216,8,2544,1874,7.1974,15.9013
5863,195.433,1215,9,2544,1875,8.2504,15.0255
5864,195.467,1216,9,2545,1876,8.7166,14.6745
5865,195.500,1217,10,2545,1876,7.9248,15.6180
5866,195.533,1218,9,2547,1879,8.2638,14.9507
5867,195.567,1217,6,2550,1881,7.3172,14.5969
5868,195.600,1216,5,2551,1881,7.6138,15.9926
5869,195.633,1216,5,2550,1881,7.4866,13.3253
5870,195.667,1216,3,2550,1878,9.1968,14.1968
5871,195.700,1216,2,2550,1877,8.9714,14.7049
5872,195.733,1217,3,2550,1876,9.0745,15.7274
5873,195.767,1217,2,2549,1876,7.8154,12.6150
5874,195.800,1218,4,2547,1873,9.0172,12.9421
5875,195.833,1216,3,2546,1872,3.9428,13.1736
5876,195.867,1215,2,2546,1871,0.1356,12.1628
5877,195.900,1216,0,2547,1870,-1.2143,11.8280
5878,195.933,1214,2,2546,1872,-1.8005,12.1149
5879,195.967,1216,3,2547,1871,-1.2211,10.5824
5880,196.000,1217,6,2541,1871,-3.6524,10.6734
5881,196.033,1216,4,2541,1873,-1.7939,10.9147
5882,196.067,1215,5,2541,1873,-0.3984,11.2043
5883,196.100,1214,7,2541,1874,-3.7152,12.1417
5884,196.133,1214,11,2540,1874,-3.5986,11.7020
5885,196.167,1212,13,2541,1875,-3.2127,13.2178
5886,196.200,1212,12,2540,1874,-5.0060,12.1759
5887,196.233,1213,12,2539,1873,-5.0112,9.9091
5888,196.267,1214,15,2539,1872,-4.1957,13.0147
5889,196.300,1210,16,2540,1873,-5.0284,14.4077
5890,196.333,1211,14,2540,1872,-5.5906,14.2909
5891,196.367,1209,14,2540,1872,-6.6065,12.4790
5892,196.400,1209,12,2540,1874,-5.4209,12.7255
5893,196.433,1208,12,2540,1875,-5.8624,13.5298
5894,196.467,1208,11,2540,1874,-3.8734,12.5501
5895,196.500,1208,11,2542,1876,-6.1980,11.8985
5896,196.533,1207,10,2541,1877,-5.6995,12.2967
5897,196.567,1207,9,2543,1877,-5.3541,10.3772
5898,196.600,1206,10,2542,1876,-4.6648,12.5497
5899,196.633,1208,12,2542,1874,-6.7355,11.8889
5900,196.667,1207,11,2542,1876,-4.8882,12.0237
5901,196.700,1209,13,2540,1874,-7.0879,12.7423
5902,196.733,1210,13,2540,1874,-5.6528,13.1785
5903,196.767,1213,16,2538,1874,-4.4298,12.9985
5904,196.800,1213,14,2539,1873,-4.7812,10.5143
5905,196.833,1212,14,2538,1873,-5.3315,11.5361
5906,196.867,1212,14,2540,1874,-4.0733,12.0124
5907,196.900,1212,14,2539,1873,-3.2288,11.4358
5908,196.933,1212,15,2542,1875,-7.2992,13.4752
5909,196.967,1211,16,2541,1876,-6.9668,14.0418
5910,197.000,1210,16,2541,1875,-5.6601,14.1888
5911,197.033,1210,14,2541,1874,-5.9199,13.6345
5912,197.067,1210,15,2541,1874,-7.3303,14.1716
5913,197.100,1209,15,2541,1875,-6.3184,14.3240
5914,197.133,1209,13,2541,1873,-6.6451,14.1813
5915,197.167,1210,10,2542,1873,-5.5627,14.6768
5916,197.200,1210,13,2542,1874,-6.4041,12.6088
5917,197.233,1210,11,2541,1873,-6.5883,13.2205
5918,197.267,1211,11,2538,1870,-5.4057,11.3976
5919,197.300,1211,8,2537,1868,-6.1538,12.1519
5920,197.333,1212,8,2537,1867,-5.9584,12.7557
5921,197.367,1212,8,2538,1865,-4.3642,11.9572
5922,197.400,1212,7,2538,1864,-3.9324,11.9663
5923,197.433,1213,8,2538,1866,-5.2283,12.4931
5924,197.467,1213,10,2537,1865,-5.0627,12.1423
5925,197.500,1213,9,2537,1866,-5.9604,13.2906
5926,197.533,1213,12,2537,1866,-4.7555,11.8251
5927,197.567,1213,11,2536,1864,-5.6363,12.3530
5928,197.600,1213,10,2536,1864,-5.8764,13.6489
5929,197.633,1213,10,2536,1864,-5.7261,13.6324
5930,197.667,1214,10,2535,1863,-5.6885,13.1906
5931,197.700,1214,12,2536,1864,-5.4158,11.6974
5932,197.733,1214,12,2536,1864,-5.5188,11.5946
5933,197.767,1214,12,2536,1865,-5.5762,11.1726
5934,197.800,1214,11,2535,1865,-5.6338,11.8395
5935,197.833,1214,11,2535,1865,-4.9457,11.4653
5936,197.867,1213,10,2534,1863,-5.6781,11.5628
5937,197.900,1214,8,2534,1864,-3.2293,11.2521
5938,197.933,1214,6,2534,1864,-5.8114,12.4736
5939,197.967,1214,5,2534,1864,-6.4554,13.2852
5940,198.000,1215,6,2539,1868,-5.6084,11.9520
5941,198.033,1215,8,2540,1868,-5.4046,13.1707
5942,198.067,1215,8,2540,1869,-5.1363,13.5307
5943,198.100,1215,8,2539,1868,-5.3522,12.5482
5944,198.133,1214,8,2540,1870,-5.0807,12.5825
5945,198.167,1213,8,2540,1870,-4.5466,14.1255
5946,198.200,1214,9,2540,1869,-4.5837,13.6396
5947,198.233,1214,10,2539,1869,-6.1434,13.8349
5948,198.267,1213,11,2540,1869,-4.9898,12.9429
5949,198.300,1213,9,2539,1869,-5.5533,13.2548
5950,198.333,1213,9,2539,1869,-5.4946,13.2360
5951,198.367,1212,8,2540,1871,-3.6642,13.7085
5952,198.400,1213,10,2539,1871,-4.0234,14.2058
5953,198.433,1212,11,2540,1871,-4.1298,12.7629
5954,198.467,1212,13,2540,1872,-4.4922,11.4090
5955,198.500,1211,11,2541,1873,-3.5662,13.0424
5956,198.533,1212,12,2541,1873,-3.6535,13.6535
5957,198.567,1212,14,2542,1873,-4.7924,14.5300
5958,198.600,1212,14,2542,1873,-4.8505,14.7787
5959,198.633,1212,15,2542,1874,-5.5409,15.2816
5960,198.667,1213,16,2543,1874,-6.4083,15.9162
5961,198.700,1214,17,2543,1874,-4.9406,15.6051
5962,198.733,1214,16,2544,1875,-4.0382,15.5464
5963,198.767,1215,16,2544,1874,-3.9136,15.3072
5964,198.800,1214,14,2545,1875,-5.0933,14.7519
5965,198.833,1214,15,2545,1875,-4.0329,15.3598
5966,198.867,1213,16,2544,1876,-4.3768,14.7991
5967,198.900,1212,15,2545,1877,-5.8257,14.8889
5968,198.933,1212,14,2545,1877,-4.7211,15.1275
5969,198.967,1213,14,2545,1880,-3.9379,14.1868
5970,199.000,1216,17,2541,1877,-4.7464,16.2281
5971,199.033,1216,15,2543,1879,-4.5112,15.2908
5972,199.067,1217,15,2542,1878,-3.1815,15.6489
5973,199.100,1218,16,2541,1879,-3.2039,13.8282
5974,199.133,1216,17,2542,1880,-4.4969,14.6956
5975,199.167,1215,19,2541,1882,-5.0298,14.5105
5976,199.200,1214,19,2539,1881,-6.5338,13.8797
5977,199.233,1212,18,2539,1883,-5.5596,13.8086
5978,199.267,1207,2,2538,1878,1.5774,7.7488
5979,199.300,1201,0,2536,1877,0.4975,8.1900
5980,199.333,1177,0,2534,1871,7.4379,6.0365
5981,199.367,1177,0,2539,1868,4.2968,2.4355
5982,199.400,1175,0,2538,1869,4.9501,2.1712
5983,199.433,1196,2,2539,1872,9.5598,6.8106
5984,199.467,1196,3,2540,1873,8.6118,8.5692
5985,199.500,1198,12,2541,1872,5.5692,8.3846
5986,199.533,1202,3,2543,1873,5.1911,8.4477
5987,199.567,1209,12,2545,1877,5.8118,10.9567
5988,199.600,1209,8,2545,1877,4.7166,9.5015
5989,199.633,1210,10,2545,1877,5.6878,9.4237
5990,199.667,1209,7,2544,1877,5.8627,8.5610
5991,199.700,1211,8,2544,1877,5.9151,9.9461
5992,199.733,1211,8,2545,1878,6.5450,9.3045
5993,199.767,1211,9,2545,1879,6.0097,9.8565
5994,199.800,1212,8,2545,1877,6.0863,9.4250
5995,199.833,1212,9,2544,1875,7.0374,9.3249
5996,199.867,1212,9,2543,1873,6.1982,7.2465
5997,199.900,1211,10,2544,1873,7.4017,9.0672
5998,199.933,1211,11,2543,1873,6.2781,8.5099
5999,199.967,1212,13,2543,1876,7.6794,4.6896
6000,200.000,1213,19,2542,1880,7.2348,9.9748
6001,200.033,1214,20,2541,1880,7.7515,9.8989
6002,200.067,1214,19,2542,1880,7.8527,10.7551
6003,200.100,1214,19,2540,1880,7.2486,9.7467
6004,200.133,1215,22,2541,1882,7.2128,10.9247
6005,200.167,1212,18,2541,1883,6.2258,9.0961
6006,200.200,1211,17,2541,1884,6.2780,9.5304
6007,200.233,1212,13,2541,1885,7.5622,8.0927
6008,200.267,1212,14,2541,1884,5.2440,8.4364
6009,200.300,1210,13,2542,1884,8.0327,9.0455
6010,200.333,1210,14,2542,1885,7.3312,7.6345
6011,200.367,1210,17,2543,1885,10.4156,10.7684
6012,200.400,1210,15,2543,1886,9.4002,9.2260
6013,200.433,1211,16,2543,1886,8.2482,9.1285
6014,200.467,1211,16,2543,1886,8.2914,9.1849
6015,200.500,1211,15,2543,1885,9.7231,10.5160
6016,200.533,1211,14,2542,1885,5.8793,8.6942
6017,200.567,1214,16,2542,1884,5.3972,9.6475
6018,200.600,1214,11,2554,1884,7.4404,10.7411
6019,200.633,1215,13,2555,1885,7.3929,9.6540
6020,200.667,1215,11,2554,1885,7.7323,9.9672
6021,200.700,1214,11,2555,1884,7.8877,9.0151
6022,200.733,1214,11,2555,1884,7.8010,9.6181
6023,200.767,1214,11,2554,1884,7.2259,10.6326
6024,200.800,1212,9,2555,1884,8.8917,8.5488
6025,200.833,1212,9,2555,1883,9.5848,8.6306
6026,200.867,1212,9,2554,1884,8.4568,7.5690
6027,200.900,1209,0,2551,1881,7.9280,7.7421
6028,200.933,1203,0,2549,1880,8.0385,5.1340
6029,200.967,1191,4,2549,1880,9.5650,3.9401
6030,201.000,1192,0,2547,1876,16.3419,2.8115
6031,201.033,1194,0,2549,1875,12.8095,5.7560
6032,201.067,1198,6,2547,1879,11.3171,4.1221
6033,201.100,1203,7,2547,1878,10.3801,6.7891
6034,201.133,1202,10,2546,1876,8.0951,6.1484
6035,201.167,1202,7,2547,1875,8.9797,7.1402
6036,201.200,1206,5,2547,1876,7.5020,8.0094
6037,201.233,1209,3,2547,1876,6.7216,7.0813
6038,201.267,1210,6,2547,1878,8.7854,6.5388
6039,201.300,1209,7,2548,1879,8.6501,8.8330
6040,201.333,1209,8,2549,1880,6.3053,9.6164
6041,201.367,1208,8,2549,1881,6.1916,7.9152
6042,201.400,1209,10,2548,1883,6.2784,8.2249
6043,201.433,1209,9,2549,1884,3.9756,7.0652
6044,201.467,1209,9,2549,1884,3.9260,6.8732
6045,201.500,1209,9,2550,1885,5.8445,7.5264
6046,201.533,1211,9,2550,1882,5.7313,7.2276
6047,201.567,1214,7,2550,1883,7.4483,8.5967
6048,201.600,1215,10,2550,1884,6.2455,7.3216
6049,201.633,1215,15,2551,1883,6.1898,10.2707
6050,201.667,1216,16,2551,1881,6.6586,8.7592
6051,201.700,1216,15,2552,1881,6.4814,10.2361
6052,201.733,1216,14,2552,1882,6.1154,8.9021
6053,201.767,1216,14,2552,1882,6.0771,8.7592
6054,201.800,1215,16,2553,1883,6.9124,10.7686
6055,201.833,1215,17,2552,1883,5.5343,10.4651
6056,201.867,1214,17,2551,1883,6.9032,9.1668
6057,201.900,1213,18,2552,1884,7.0685,7.9983
6058,201.933,1213,16,2552,1884,8.5440,9.3196
6059,201.967,1211,20,2552,1883,6.8803,7.1873
6060,202.000,1213,11,2550,1880,7.7780,8.9518
6061,202.033,1211,13,2548,1880,7.0398,9.4027
6062,202.067,1210,12,2546,1878,6.1443,9.1198
6063,202.100,1211,12,2546,1880,7.2892,9.7568
6064,202.133,1212,12,2546,1881,7.6469,9.6810
6065,202.167,1212,9,2546,1879,6.6109,9.5508
6066,202.200,1211,9,2548,1880,6.9879,9.6836
6067,202.233,1211,7,2548,1879,8.1305,8.9716
6068,202.267,1211,7,2547,1879,8.7605,9.6844
6069,202.300,1210,5,2546,1879,9.2121,9.7266
6070,202.333,1210,4,2547,1880,7.4273,9.3391
6071,202.367,1210,7,2545,1879,7.4470,8.8080
6072,202.400,1210,6,2544,1878,7.2868,8.2962
6073,202.433,1209,3,2546,1880,7.3879,9.1950
6074,202.467,1208,0,2547,1881,7.2838,9.8755
6075,202.500,1209,1,2548,1882,6.8411,9.2565
6076,202.533,1209,1,2548,1883,7.1242,9.8019
6077,202.567,1208,1,2549,1883,7.5223,9.2056
6078,202.600,1209,4,2549,1884,7.5738,9.1323
6079,202.633,1210,3,2549,1886,6.2425,10.1640
6080,202.667,1210,4,2550,1889,7.6811,9.2511
6081,202.700,1208,8,2551,1888,6.9498,8.7711
6082,202.733,1206,12,2551,1888,7.6721,8.0310
6083,202.767,1206,14,2551,1888,8.3767,7.9398
6084,202.800,1204,14,2551,1888,7.4236,7.2052
6085,202.833,1206,13,2552,1888,7.4818,8.4090
6086,202.867,1206,14,2552,1888,8.3609,6.6975
6087,202.900,1205,15,2552,1890,7.5329,10.1833
6088,202.933,1205,15,2552,1890,6.4401,9.9357
6089,202.967,1205,15,2551,1891,6.9790,7.0683
6090,203.000,1205,20,2550,1890,7.8460,5.1830
6091,203.033,1206,20,2550,1891,7.2887,4.6686
6092,203.067,1207,21,2549,1890,7.0143,5.3127
6093,203.100,1206,20,2550,1891,7.7944,5.2192
6094,203.133,1208,19,2550,1890,5.6008,5.8604
6095,203.167,1210,18,2551,1890,6.5234,5.9125
6096,203.200,1212,14,2552,1890,5.5664,9.9620
6097,203.233,1214,12,2551,1889,6.0859,7.9693
6098,203.267,1217,9,2550,1887,5.0858,6.6105
6099,203.300,1217,10,2551,1887,2.8237,8.8363
6100,203.333,1219,8,2551,1887,4.5458,5.9408
6101,203.367,1218,9,2551,1887,4.3291,6.3543
6102,203.400,1219,9,2552,1886,3.4722,7.9394
6103,203.433,1219,5,2550,1885,3.2662,7.9126
6104,203.467,1219,4,2551,1885,4.8529,9.8023
6105,203.500,1219,3,2549,1883,4.1456,7.8000
6106,203.533,1219,1,2550,1880,5.9782,9.1087
6107,203.567,1219,0,2550,1881,7.1357,9.8825
6108,203.600,1219,1,2550,1881,5.7300,8.9467
6109,203.633,1219,1,2550,1881,5.6165,8.6440
6110,203.667,1219,0,2550,1880,6.5199,9.5492
6111,203.700,1220,0,2551,1879,6.9011,8.5815
6112,203.733,1221,0,2551,1879,6.4944,8.6980
6113,203.767,1217,0,2548,1879,12.3317,1.5078
6114,203.800,1201,0,2550,1876,3.1065,2.5261
6115,203.833,1201,0,2549,1875,2.7675,3.2357
6116,203.867,1212,7,2548,1878,4.3283,2.1294
6117,203.900,1214,6,2549,1877,5.2559,2.4287
6118,203.933,1212,11,2549,1877,3.7385,9.5189
6119,203.967,1214,2,2549,1877,2.7986,8.8481
6120,204.000,1219,7,2548,1872,-0.0750,6.9653
6121,204.033,1220,7,2547,1872,1.3284,6.5942
6122,204.067,1221,7,2548,1872,1.9233,7.7666
6123,204.100,1221,5,2549,1873,2.6749,6.5583
6124,204.133,1221,5,2549,1875,2.3369,5.9751
6125,204.167,1221,8,2548,1875,1.7082,5.8270
6126,204.200,1222,10,2549,1876,0.9747,4.4350
6127,204.233,1221,8,2549,1876,0.3709,5.8923
6128,204.267,1220,7,2548,1876,1.1665,7.2748
6129,204.300,1219,10,2545,1874,8.5524,7.1053
6130,204.333,1217,12,2547,1875,7.5890,5.5665
6131,204.367,1217,10,2548,1876,7.0769,6.3764
6132,204.400,1218,10,2546,1875,8.2441,6.4600
6133,204.433,1218,11,2546,1875,7.4384,5.5107
6134,204.467,1218,10,2547,1875,7.6845,7.1769
6135,204.500,1218,11,2547,1876,7.6463,6.8907
6136,204.533,1218,11,2547,1876,8.2894,5.6901
6137,204.567,1218,11,2547,1877,9.4899,6.5237
6138,204.600,1219,11,2547,1877,10.3548,6.2384
6139,204.633,1219,11,2547,1876,10.3600,6.4670
6140,204.667,1219,8,2547,1877,8.1818,7.3072
6141,204.700,1219,6,2547,1878,10.0495,7.9143
6142,204.733,1219,7,2547,1878,9.6313,8.1367
6143,204.767,1221,9,2547,1877,9.7284,7.2802
6144,204.800,1221,11,2547,1878,12.1441,7.5790
6145,204.833,1221,10,2547,1879,9.7372,8.6637
6146,204.867,1221,8,2547,1879,8.2123,6.8649
6147,204.900,1221,9,2547,1879,9.2152,8.2831
6148,204.933,1222,11,2547,1880,9.7280,8.3829
6149,204.967,1222,13,2547,1879,9.4209,5.7164
6150,205.000,1221,14,2550,1883,10.2689,5.0634
6151,205.033,1221,9,2549,1883,11.8408,6.5363
6152,205.067,1222,10,2549,1883,13.3288,5.5515
6153,205.100,1222,11,2549,1883,14.4413,3.3658
6154,205.133,1222,10,2549,1882,13.7920,3.6505
6155,205.167,1222,14,2548,1883,13.5208,2.2190
6156,205.200,1221,13,2550,1883,12.7105,3.4498
6157,205.233,1223,15,2552,1883,13.0027,6.5347
6158,205.267,1222,15,2551,1883,12.9581,6.4691
6159,205.300,1221,11,2550,1883,15.9514,3.8077
6160,205.333,1220,11,2550,1883,14.5861,4.4679
6161,205.367,1220,11,2550,1881,13.1340,3.5582
6162,205.400,1220,11,2550,1883,14.9303,4.6978
6163,205.433,1209,2,2551,1886,16.1669,-7.2478
6164,205.467,1189,0,2544,1873,4.8540,3.1956
6165,205.500,1185,0,2545,1874,8.0210,0.5620
6166,205.533,1193,0,2548,1875,10.8111,2.4081
6167,205.567,1210,8,2546,1879,7.4668,2.7350
6168,205.600,1210,9,2548,1879,5.3299,5.2343
6169,205.633,1214,0,2549,1879,5.6461,4.0635
6170,205.667,1214,0,2551,1881,2.0366,6.7783
6171,205.700,1216,0,2547,1883,4.3358,7.2258
6172,205.733,1217,0,2547,1884,6.0087,10.1077
6173,205.767,1215,0,2548,1885,3.9341,8.1246
6174,205.800,1219,0,2547,1886,2.1047,8.7140
6175,205.833,1220,1,2546,1886,1.7682,11.2936
6176,205.867,1220,0,2548,1888,-0.1511,9.2651
6177,205.900,1219,2,2547,1888,0.8976,10.0251
6178,205.933,1220,1,2546,1886,1.5493,9.8302
6179,205.967,1220,1,2547,1887,3.8290,11.0370
6180,206.000,1223,6,2548,1891,4.6972,8.4814
6181,206.033,1221,11,2547,1891,4.0120,7.1105
6182,206.067,1222,10,2547,1892,4.6800,5.5926
6183,206.100,1221,12,2548,1892,4.3940,9.0344
6184,206.133,1223,9,2547,1893,7.1243,8.6413
6185,206.167,1220,6,2546,1898,3.7041,11.9563
6186,206.200,1219,7,2547,1897,5.0757,8.6567
6187,206.233,1221,11,2547,1898,2.8743,8.5707
6188,206.267,1220,10,2547,1901,3.0078,10.5726
6189,206.300,1223,10,2547,1901,3.4024,9.1859
6190,206.333,1224,11,2547,1901,3.4687,10.1804
6191,206.367,1223,11,2547,1901,2.6605,7.8714
6192,206.400,1223,9,2548,1901,4.0370,8.5740
6193,206.433,1223,12,2549,1902,5.4828,9.1407
6194,206.467,1223,8,2549,1902,4.7520,10.3556
6195,206.500,1222,11,2550,1902,6.1370,11.8368
6196,206.533,1223,10,2547,1901,10.8395,6.7071
6197,206.567,1223,9,2545,1897,13.3459,7.9101
6198,206.600,1222,7,2545,1897,13.3483,8.0985
6199,206.633,1223,10,2545,1897,13.6726,8.5497
6200,206.667,1225,9,2544,1897,13.9379,8.0550
6201,206.700,1223,9,2543,1893,13.0908,8.2546
6202,206.733,1224,6,2542,1889,11.7860,7.8139
6203,206.767,1225,5,2544,1892,12.4428,7.4562
6204,206.800,1225,5,2546,1893,10.6403,8.9757
6205,206.833,1222,5,2542,1888,11.3910,8.9122
6206,206.867,1222,1,2542,1888,9.8929,9.7751
6207,206.900,1223,5,2542,1887,12.5854,8.9272
6208,206.933,1221,7,2539,1883,12.4183,9.8426
6209,206.967,1220,6,2539,1883,12.8466,10.3174
6210,207.000,1222,1,2540,1880,10.8448,9.2590
6211,207.033,1221,1,2540,1879,14.1414,10.6648
6212,207.067,1222,3,2540,1881,13.4098,9.7187
6213,207.100,1218,0,2541,1883,15.5636,10.2956
6214,207.133,1216,0,2543,1882,17.7762,9.0181
6215,207.167,1214,0,2542,1879,18.6521,7.7387
6216,207.200,1214,0,2545,1879,14.6634,-4.8112
6217,207.233,1214,0,2544,1879,14.0238,-2.6250
6218,207.267,1214,0,2545,1878,14.0346,-4.6499
6219,207.300,1207,0,2547,1876,17.3386,3.4911
6220,207.333,1205,0,2547,1876,16.2913,5.7712
6221,207.367,1220,0,2550,1875,16.4312,4.6586
6222,207.400,1220,0,2549,1874,16.8685,5.8257
6223,207.433,1222,3,2549,1876,15.6135,6.7114
6224,207.467,1221,0,2549,1877,17.9067,6.5005
6225,207.500,1224,4,2548,1878,19.6312,5.7948
6226,207.533,1224,3,2547,1876,18.2196,5.1548
6227,207.567,1223,4,2548,1878,19.5670,4.8062
6228,207.600,1223,4,2547,1878,20.0809,8.3800
6229,207.633,1223,3,2547,1877,19.3765,6.5423
6230,207.667,1223,3,2546,1878,20.4180,7.6985
6231,207.700,1222,2,2546,1878,18.6625,7.1999
6232,207.733,1223,3,2546,1878,19.8425,8.1179
6233,207.767,1223,2,2546,1878,17.8729,8.2739
6234,207.800,1223,0,2547,1878,15.9077,8.6456
6235,207.833,1224,0,2547,1877,14.1128,8.8554
6236,207.867,1224,0,2547,1877,14.2005,8.1956
6237,207.900,1225,0,2545,1876,16.0224,8.2984
6238,207.933,1225,0,2545,1874,15.8396,5.4714
6239,207.967,1226,0,2546,1873,17.3193,5.5814
6240,208.000,1222,0,2542,1871,18.3136,8.7761
6241,208.033,1224,0,2539,1869,17.1389,6.1576
6242,208.067,1223,0,2539,1873,16.7902,7.0163
6243,208.100,1224,0,2542,1876,16.4670,8.1789
6244,208.133,1224,0,2542,1875,15.4389,7.3635
6245,208.167,1224,1,2543,1877,16.4124,9.6653
6246,208.200,1224,1,2543,1878,17.2579,8.6042
6247,208.233,1225,3,2544,1878,18.2373,7.2439
6248,208.267,1225,0,2544,1879,15.2436,6.0253
6249,208.300,1208,0,2541,1883,19.2466,-3.8956
6250,208.333,1207,0,2540,1879,21.1216,0.5279
6251,208.367,1206,0,2540,1874,11.0455,2.8701
6252,208.400,1207,0,2539,1876,10.2549,4.9801
6253,208.433,1211,0,2541,1878,13.7329,5.1541
6254,208.467,1226,0,2545,1883,10.8284,4.1554
6255,208.500,1224,1,2546,1885,9.9278,9.3701
6256,208.533,1221,0,2549,1886,10.6026,8.7101
6257,208.567,1220,0,2548,1890,11.8430,9.2025
6258,208.600,1218,0,2548,1889,11.5938,8.9633
6259,208.633,1220,0,2547,1890,12.0628,10.1914
6260,208.667,1219,0,2547,1890,12.5961,10.1765
6261,208.700,1219,0,2547,1891,10.7808,8.9829
6262,208.733,1218,0,2547,1889,11.1544,10.0327
6263,208.767,1218,2,2547,1887,13.5720,9.9948
6264,208.800,1218,3,2548,1887,11.8859,9.1636
6265,208.833,1220,2,2548,1884,12.1153,7.7548
6266,208.867,1220,2,2548,1886,13.0855,8.2722
6267,208.900,1221,2,2548,1885,13.2862,8.2936
6268,208.933,1221,2,2548,1884,12.4859,8.9777
6269,208.967,1223,5,2548,1884,11.8655,8.7234
6270,209.000,1221,5,2548,1883,11.5985,10.4263
6271,209.033,1223,5,2548,1883,12.3217,10.8224
6272,209.067,1223,4,2549,1883,11.6452,11.1744
6273,209.100,1225,4,2549,1885,11.9773,11.0324
6274,209.133,1226,3,2549,1883,12.2613,11.6670
6275,209.167,1227,1,2547,1881,10.6358,10.5471
6276,209.200,1227,0,2548,1881,13.2309,11.6609
6277,209.233,1227,0,2547,1881,9.1603,11.1696
6278,209.267,1227,0,2546,1880,9.4706,10.7341
6279,209.300,1228,0,2545,1878,12.0926,10.7197
6280,209.333,1229,0,2545,1878,13.0114,11.6005
6281,209.367,1230,0,2548,1878,10.9931,11.5308
6282,209.400,1230,0,2547,1877,10.6830,12.3968
6283,209.433,1229,0,2548,1876,12.3484,11.8888
6284,209.467,1230,0,2547,1876,11.0212,13.1344
6285,209.500,1230,0,2547,1876,10.9197,13.1514
6286,209.533,1230,0,2549,1877,10.0144,13.7514
6287,209.567,1227,0,2549,1878,8.1537,14.4902
6288,209.600,1226,0,2548,1877,7.1935,13.7130
6289,209.633,1226,0,2548,1878,7.8193,14.3645
6290,209.667,1225,0,2549,1878,9.2091,12.2918
6291,209.700,1226,0,2548,1877,6.1975,12.3804
6292,209.733,1226,0,2547,1877,6.2277,13.1746
6293,209.767,1226,0,2547,1877,5.2306,13.3305
6294,209.800,1227,0,2546,1876,5.3726,13.1700
6295,209.833,1227,0,2547,1875,5.5366,12.7716
6296,209.867,1227,0,2548,1876,5.8533,13.4157
6297,209.900,1228,0,2547,1875,5.5286,13.3074
6298,209.933,1227,0,2546,1875,5.6832,12.6396
6299,209.967,1226,0,2546,1874,6.3097,12.7199
6300,210.000,1224,0,2548,1880,7.9426,11.4837
6301,210.033,1227,1,2549,1881,6.0862,11.7218
6302,210.067,1226,1,2549,1881,6.1422,11.7072
6303,210.100,1226,1,2550,1881,5.9868,11.4379
6304,210.133,1226,0,2549,1881,6.2550,12.2276
6305,210.167,1226,0,2549,1881,6.5953,11.5975
6306,210.200,1226,0,2549,1880,7.9867,9.9606
6307,210.233,1229,0,2548,1879,8.7417,9.9233
6308,210.267,1229,0,2548,1878,10.6796,9.3639
6309,210.300,1229,0,2549,1880,9.8015,8.4398
6310,210.333,1228,0,2548,1879,11.3387,10.1850
6311,210.367,1228,0,2548,1879,10.7614,10.3462
6312,210.400,1228,0,2549,1880,12.0897,9.9554
6313,210.433,1230,0,2547,1879,10.6471,11.1965
6314,210.467,1226,0,2548,1879,10.9200,8.9088
6315,210.500,1226,0,2548,1880,12.1277,8.8024
6316,210.533,1225,0,2547,1876,10.0569,9.6920
6317,210.567,1218,0,2547,1873,12.6958,3.7713
6318,210.600,1217,0,2546,1874,14.2770,4.9943
6319,210.633,1209,0,2544,1869,16.8259,7.8014
6320,210.667,1217,0,2548,1874,14.9848,6.6047
6321,210.700,1225,6,2547,1876,12.7725,8.6889
6322,210.733,1226,0,2550,1876,11.9792,9.5099
6323,210.767,1222,0,2549,1877,12.5420,10.6347
6324,210.800,1222,0,2550,1879,12.9925,10.1202
6325,210.833,1224,0,2550,1880,11.7650,10.1611
6326,210.867,1225,0,2550,1880,11.6776,11.3636
6327,210.900,1226,0,2549,1879,11.9453,9.9891
6328,210.933,1226,0,2550,1879,12.6667,9.3221
6329,210.967,1227,0,2551,1881,10.0666,9.1415
6330,211.000,1224,0,2552,1884,11.7655,10.3316
6331,211.033,1222,0,2550,1882,12.7309,8.5863
6332,211.067,1222,0,2550,1882,12.3301,7.9701
6333,211.100,1222,0,2548,1881,12.0826,6.9667
6334,211.133,1222,0,2549,1880,12.2898,7.1107
6335,211.167,1227,0,2548,1882,12.1467,9.1210
6336,211.200,1226,0,2548,1882,11.7650,9.3157
6337,211.233,1229,0,2547,1882,12.4346,10.5849
6338,211.267,1229,1,2547,1883,13.4822,9.0490
6339,211.300,1229,0,2547,1884,11.7367,10.4734
6340,211.333,1229,0,2547,1883,10.8657,10.6000
6341,211.367,1229,0,2547,1884,11.0129,10.7014
6342,211.400,1228,0,2547,1884,13.4740,9.5710
6343,211.433,1228,0,2548,1885,13.2234,8.8307
6344,211.467,1227,0,2548,1885,11.3295,10.4089
6345,211.500,1226,1,2548,1885,10.1897,9.4767
6346,211.533,1226,0,2547,1886,11.9224,10.5670
6347,211.567,1230,1,2549,1886,5.2683,14.0675
6348,211.600,1233,0,2548,1887,4.9202,14.4822
6349,211.633,1233,0,2548,1887,4.1432,14.3389
6350,211.667,1235,2,2548,1888,6.3243,14.6491
6351,211.700,1236,6,2548,1886,7.7098,13.1328
6352,211.733,1235,6,2550,1884,5.0731,16.6573
6353,211.767,1233,7,2551,1884,3.5279,15.1376
6354,211.800,1232,7,2551,1883,5.1777,12.8892
6355,211.833,1231,4,2549,1884,6.1613,15.0049
6356,211.867,1231,4,2549,1883,4.5706,15.7110
6357,211.900,1231,6,2550,1884,5.4734,12.6737
6358,211.933,1233,2,2550,1884,4.6436,14.8132
6359,211.967,1233,3,2550,1885,3.0439,15.4346
6360,212.000,1230,9,2546,1882,3.9927,12.2184
6361,212.033,1231,8,2545,1880,2.3957,14.4776
6362,212.067,1231,8,2545,1880,2.4765,13.6432
6363,212.100,1231,7,2544,1879,3.7768,12.8957
6364,212.133,1230,12,2545,1880,4.4598,12.5440
6365,212.167,1230,11,2549,1882,4.4615,10.4381
6366,212.200,1232,9,2549,1881,4.3739,11.1104
6367,212.233,1235,14,2548,1879,3.7289,14.6930
6368,212.267,1237,8,2548,1880,4.7778,10.8304
6369,212.300,1240,5,2548,1879,6.4470,11.3526
6370,212.333,1239,2,2549,1881,7.9197,10.1188
6371,212.367,1241,8,2549,1879,4.8650,11.9135
6372,212.400,1242,9,2549,1875,5.1284,11.7973
6373,212.433,1243,10,2546,1873,4.9141,12.6206
6374,212.467,1242,11,2547,1873,5.7377,14.2508
6375,212.500,1243,13,2545,1872,3.6141,13.9346
6376,212.533,1243,8,2544,1873,9.1033,10.7212
6377,212.567,1235,0,2547,1875,5.7543,9.1782
6378,212.600,1233,0,2546,1876,7.9722,5.8179
6379,212.633,1219,0,2543,1870,8.8402,6.2092
6380,212.667,1216,0,2546,1873,11.2642,7.2374
6381,212.700,1213,0,2546,1871,11.2758,7.8165
6382,212.733,1220,0,2553,1877,8.9609,8.4265
6383,212.767,1223,6,2551,1877,8.9623,7.4571
6384,212.800,1224,1,2553,1877,5.7972,9.6691
6385,212.833,1227,2,2552,1878,7.7708,12.4544
6386,212.867,1228,3,2552,1878,7.7786,13.5701
6387,212.900,1227,10,2551,1879,6.0208,11.0055
6388,212.933,1229,10,2551,1880,5.5639,11.1431
6389,212.967,1230,12,2549,1881,4.6348,9.7901
6390,213.000,1231,13,2553,1876,6.0003,12.5264
6391,213.033,1231,14,2555,1878,5.8414,10.0936
6392,213.067,1231,8,2553,1879,5.8733,14.4252
6393,213.100,1232,8,2556,1882,7.8522,13.2325
6394,213.133,1234,12,2556,1882,8.2495,10.7154
6395,213.167,1236,15,2556,1885,7.6504,9.9235
6396,213.200,1234,15,2556,1885,5.5549,10.5192
6397,213.233,1235,15,2556,1884,7.2211,10.7034
6398,213.267,1236,17,2559,1886,7.4756,10.7523
6399,213.300,1236,21,2560,1889,9.8521,9.9896
6400,213.333,1235,20,2560,1888,8.9312,10.2812
6401,213.367,1234,18,2560,1888,8.2588,9.6623
6402,213.400,1235,21,2560,1888,9.5572,9.0402
6403,213.433,1234,21,2561,1888,9.0754,9.6263
6404,213.467,1235,19,2561,1889,9.5691,11.3743
6405,213.500,1235,18,2562,1892,7.4953,10.4320
6406,213.533,1240,23,2560,1892,14.7154,7.0407
6407,213.567,1241,15,2546,1883,16.9089,4.9418
6408,213.600,1241,16,2545,1881,16.1089,6.7145
6409,213.633,1242,17,2546,1881,15.9543,5.8661
6410,213.667,1242,18,2545,1881,16.0874,3.5448
6411,213.700,1241,15,2545,1884,16.2702,7.9888
6412,213.733,1238,10,2550,1891,17.1237,6.9091
6413,213.767,1236,10,2549,1890,17.9414,6.9651
6414,213.800,1239,10,2552,1898,17.3053,2.6958
6415,213.833,1237,13,2550,1902,17.0463,7.7993
6416,213.867,1238,15,2549,1903,15.5674,7.5464
6417,213.900,1237,16,2550,1902,17.9101,8.3864
6418,213.933,1238,20,2549,1904,19.2133,6.1171
6419,213.967,1238,17,2549,1906,18.0361,7.4745
6420,214.000,1233,14,2549,1900,15.2970,6.9189
6421,214.033,1233,15,2551,1902,15.2733,7.0589
6422,214.067,1235,22,2549,1901,7.7101,8.6101
6423,214.100,1235,21,2547,1902,9.3158,8.1655
6424,214.133,1235,18,2548,1903,9.2154,6.0443
6425,214.167,1236,19,2548,1901,10.4192,6.8415
6426,214.200,1236,19,2550,1904,9.4687,6.8840
6427,214.233,1236,19,2550,1904,9.4553,7.5138
6428,214.267,1236,19,2551,1904,8.8630,8.5750
6429,214.300,1236,18,2551,1906,10.2247,8.1687
6430,214.333,1235,15,2552,1904,9.2646,5.9203
6431,214.367,1234,14,2553,1904,9.6320,6.1893
6432,214.400,1234,14,2554,1905,9.8643,4.4658
6433,214.433,1233,13,2554,1904,11.0435,7.3435
6434,214.467,1234,12,2556,1904,6.6218,9.1458
6435,214.500,1234,15,2558,1907,3.2684,10.3634
6436,214.533,1235,17,2558,1909,3.1621,10.7555
6437,214.567,1235,19,2558,1912,3.9927,8.7169
6438,214.600,1236,16,2559,1915,4.1841,8.1686
6439,214.633,1236,16,2558,1915,2.4137,8.3071
6440,214.667,1236,16,2558,1916,4.1721,9.5639
6441,214.700,1237,19,2558,1915,3.8356,9.9874
6442,214.733,1237,18,2557,1913,5.9105,9.6941
6443,214.767,1235,13,2556,1911,9.5388,6.0895
6444,214.800,1235,14,2557,1911,7.4415,5.2153
6445,214.833,1231,15,2558,1914,6.8767,8.2511
6446,214.867,1230,15,2558,1915,5.6352,8.8602
6447,214.900,1228,15,2557,1912,7.1602,9.0964
6448,214.933,1227,15,2555,1905,8.1158,9.4630
6449,214.967,1226,13,2553,1899,9.0742,9.9563
6450,215.000,1225,5,2551,1896,7.2055,10.1680
6451,215.033,1221,0,2550,1894,9.2565,11.9405
6452,215.067,1222,0,2552,1894,7.5344,10.5141
6453,215.100,1221,0,2552,1894,7.9260,12.0509
6454,215.133,1220,0,2553,1896,8.2991,8.7552
6455,215.167,1221,0,2554,1897,7.4853,8.3151
6456,215.200,1221,0,2555,1898,6.2735,8.2127
6457,215.233,1220,0,2553,1897,10.0548,6.1085
6458,215.267,1220,0,2554,1893,10.6420,4.1889
6459,215.300,1221,0,2553,1891,9.3477,3.7206
6460,215.333,1202,0,2550,1885,0.6209,-0.5271
6461,215.367,1199,0,2546,1885,4.0046,4.7159
6462,215.400,1203,0,2548,1880,7.2642,3.1337
6463,215.433,1200,0,2549,1871,7.7985,5.4404
6464,215.467,1214,0,2546,1865,7.7556,9.2119
6465,215.500,1216,0,2550,1870,4.6213,10.7038
6466,215.533,1215,0,2552,1871,4.1399,9.6508
6467,215.567,1218,0,2554,1875,2.6661,10.5560
6468,215.600,1218,0,2554,1877,3.4989,12.7958
6469,215.633,1223,0,2552,1874,4.2848,12.5402
6470,215.667,1225,0,2554,1875,1.7455,10.1307
6471,215.700,1227,0,2555,1874,1.5242,9.1064
6472,215.733,1228,0,2557,1876,2.3495,9.0955
6473,215.767,1230,0,2558,1876,1.7402,9.0665
6474,215.800,1229,0,2561,1877,3.2321,10.5783
6475,215.833,1230,0,2560,1879,3.6999,9.3303
6476,215.867,1231,0,2560,1880,2.0425,8.4288
6477,215.900,1228,0,2560,1882,2.3024,9.9538
6478,215.933,1228,0,2559,1883,-0.6369,9.0122
6479,215.967,1230,0,2558,1884,1.3383,8.9453
6480,216.000,1234,0,2558,1881,2.4585,10.7149
6481,216.033,1236,0,2560,1881,4.2218,8.5430
6482,216.067,1239,0,2562,1882,2.2020,9.1371
6483,216.100,1239,0,2561,1884,2.4317,7.1453
6484,216.133,1238,0,2561,1889,3.4957,9.3369
6485,216.167,1233,0,2564,1905,2.3788,8.4409
6486,216.200,1231,1,2565,1909,0.7101,6.4428
6487,216.233,1232,0,2562,1905,2.4763,8.3208
6488,216.267,1236,9,2560,1902,2.4414,6.1751
6489,216.300,1232,19,2560,1905,-0.0317,6.9572
6490,216.333,1231,24,2560,1904,3.8333,7.2890
6491,216.367,1239,0,2561,1894,2.6052,5.9601
6492,216.400,1240,6,2562,1914,3.1961,6.1341
6493,216.433,1242,1,2567,1921,1.3673,7.5467
6494,216.467,1242,15,2564,1922,3.2224,9.5925
6495,216.500,1242,17,2567,1919,0.4257,9.1279
6496,216.533,1240,17,2567,1917,1.1959,7.0437
6497,216.567,1224,25,2570,1894,3.9454,5.9218
6498,216.600,1225,24,2570,1891,5.2200,4.2918
6499,216.633,1226,26,2569,1889,6.7678,3.9259
6500,216.667,1226,27,2568,1886,8.5265,3.8177
6501,216.700,1224,25,2570,1890,9.2311,3.5601
6502,216.733,1227,29,2571,1895,8.1406,5.8413
6503,216.767,1227,28,2570,1893,8.1988,5.8768
6504,216.800,1227,25,2570,1891,7.9756,4.5853
6505,216.833,1244,24,2573,1914,8.6358,5.0949
6506,216.867,1241,24,2573,1915,8.2581,6.2590
6507,216.900,1241,16,2573,1920,8.1825,6.3554
6508,216.933,1246,11,2567,1895,10.6142,8.7226
6509,216.967,1245,12,2567,1897,11.4965,6.0865
