frame_idx,time_sec,xmin,ymin,xmax,ymax,pitch_deg,yaw_deg
0,0.000,941,35,2490,2114,-10.8289,-0.0878
1,0.033,938,69,2464,2071,-4.7428,-6.9768
2,0.067,923,37,2428,2100,-4.9808,3.8518
3,0.100,917,38,2427,2113,-10.8092,3.1582
4,0.133,917,95,2396,2100,-6.2565,-3.1198
5,0.167,901,66,2383,2123,-3.9264,0.3031
6,0.200,960,131,2373,2139,-9.2782,0.9341
7,0.233,969,108,2406,2096,-13.8566,1.4684
8,0.267,963,111,2410,2087,-13.1086,-0.6090
9,0.300,953,40,2352,2159,-0.1061,-24.9251
10,0.333,868,125,2385,2159,7.2438,-21.7364
11,0.367,920,166,2367,2085,-4.3034,-13.9346
12,0.400,923,132,2431,2159,3.5619,-2.7823
13,0.433,878,180,2423,2159,6.3102,-12.6423
14,0.467,865,202,2414,2141,10.0085,-7.4186
15,0.500,826,213,2419,2157,18.6372,9.5479
16,0.533,885,322,2407,2139,11.9066,10.2455
17,0.567,838,204,2458,2159,14.9624,4.6035
18,0.600,857,225,2433,2159,14.1652,3.4071
19,0.633,888,232,2399,2159,16.1954,6.6301
20,0.667,884,234,2411,2146,18.1826,6.2803
21,0.700,918,189,2418,2159,23.2301,-18.7798
22,0.733,959,168,2448,2154,14.6046,-21.4718
23,0.767,959,136,2457,2153,17.6032,-18.3681
24,0.800,931,152,2469,2106,10.0954,-3.9640
25,0.833,920,173,2455,2125,14.5222,-1.1554
26,0.867,971,142,2428,2081,11.9175,4.1326
27,0.900,997,145,2446,2095,13.7585,8.3766
28,0.933,995,118,2443,2055,10.1115,7.6005
29,0.967,1004,94,2474,2056,10.9393,7.5599
30,1.000,1019,71,2514,2066,17.9886,7.1039
31,1.033,1024,37,2546,2065,19.5764,4.6963
32,1.067,1045,57,2568,2053,15.7629,8.1546
33,1.100,1066,63,2545,2005,17.0753,8.1728
34,1.133,1106,26,2568,2071,19.0954,7.4527
35,1.167,1091,3,2600,2072,9.3221,11.9998
36,1.200,1122,0,2599,2053,16.9852,9.7025
37,1.233,1122,0,2617,2030,12.5866,13.3275
38,1.267,1143,0,2616,1992,8.2150,12.7184
39,1.300,1160,0,2639,2010,8.9774,15.3709
40,1.333,1170,0,2651,1984,12.6589,10.5922
41,1.367,1196,0,2649,1948,11.9486,10.4913
42,1.400,1194,0,2650,1998,10.3675,3.7915
43,1.433,1208,0,2640,2005,1.4109,1.2333
44,1.467,1245,0,2652,1985,10.0052,2.7084
45,1.500,1247,0,2675,2011,9.5855,9.9311
46,1.533,1245,0,2673,1992,8.6936,9.0131
47,1.567,1259,0,2690,1969,3.2661,13.0237
48,1.600,1267,0,2708,1967,3.2786,9.7165
49,1.633,1257,0,2709,1993,3.2383,10.2350
50,1.667,1295,23,2696,1982,5.6483,10.0746
51,1.700,1315,52,2696,1973,4.0510,10.3173
52,1.733,1306,54,2696,1979,3.3791,13.4665
53,1.767,1314,66,2684,1962,5.6035,8.9866
54,1.800,1312,53,2693,1948,3.1334,11.4714
55,1.833,1319,35,2686,1939,2.5067,8.5372
56,1.867,1320,28,2675,1936,3.5926,6.5578
57,1.900,1316,13,2670,1939,4.6496,8.4342
58,1.933,1309,9,2665,1941,5.1924,5.5123
59,1.967,1290,17,2655,1936,4.4410,6.9794
60,2.000,1294,0,2659,1935,5.5423,1.2419
61,2.033,1293,0,2647,1930,5.9242,5.1252
62,2.067,1289,1,2640,1923,3.1436,0.2315
63,2.100,1285,13,2644,1920,2.8972,3.2877
64,2.133,1273,12,2626,1915,6.1501,3.9879
65,2.167,1264,10,2610,1899,10.0305,7.5851
66,2.200,1268,26,2612,1915,6.9986,12.9501
67,2.233,1276,102,2599,1906,10.2378,5.4998
68,2.267,1265,101,2572,1925,9.4171,2.2855
69,2.300,1244,67,2584,1939,7.2152,3.0289
70,2.333,1248,69,2558,1884,1.2544,1.7013
71,2.367,1222,3,2575,1916,5.7740,-3.2215
72,2.400,1217,2,2564,1894,2.9013,-2.1109
73,2.433,1222,0,2564,1913,3.2994,-1.0879
74,2.467,1209,1,2532,1881,9.7172,-1.7079
75,2.500,1213,0,2541,1890,6.7044,1.8741
76,2.533,1216,0,2528,1892,11.8932,-2.8897
77,2.567,1189,0,2512,1910,7.1591,-4.9413
78,2.600,1195,0,2518,1913,12.4561,-1.4873
79,2.633,1197,0,2522,1913,8.8400,1.1053
80,2.667,1198,0,2525,1915,8.5135,1.5414
81,2.700,1194,0,2524,1911,10.1820,2.4775
82,2.733,1201,0,2533,1908,8.4870,2.1093
83,2.767,1198,0,2533,1917,6.8195,-0.1013
84,2.800,1200,0,2534,1917,6.5643,2.3996
85,2.833,1200,0,2525,1920,6.5305,1.1979
86,2.867,1195,0,2512,1910,6.8491,1.2499
87,2.900,1193,0,2507,1908,7.2733,2.5395
88,2.933,1183,0,2493,1887,4.8350,7.2962
89,2.967,1166,15,2474,1859,8.4164,7.0493
90,3.000,1160,22,2474,1873,8.1104,4.7935
91,3.033,1164,25,2472,1874,7.1451,5.3232
92,3.067,1169,29,2470,1870,8.2429,3.2917
93,3.100,1164,24,2468,1878,7.9330,7.1557
94,3.133,1172,28,2460,1881,7.0939,7.5829
95,3.167,1171,17,2470,1892,-0.5794,4.9861
96,3.200,1178,0,2473,1888,-2.4255,0.4668
97,3.233,1176,8,2473,1897,-1.9729,2.6712
98,3.267,1178,0,2476,1903,-4.0155,3.4984
99,3.300,1181,0,2475,1901,-4.3612,2.1004
100,3.333,1185,0,2471,1900,-6.2196,1.9415
101,3.367,1191,3,2471,1897,-3.8589,4.6974
102,3.400,1193,1,2468,1900,-2.7452,3.3952
103,3.433,1191,6,2467,1906,-3.1437,0.9445
104,3.467,1188,3,2468,1902,-4.3049,1.3329
105,3.500,1183,1,2469,1911,-5.2218,4.0608
106,3.533,1179,0,2468,1908,-7.2562,7.0264
107,3.567,1176,0,2469,1908,-6.5598,0.6716
108,3.600,1182,3,2474,1905,-10.7680,3.9153
109,3.633,1185,0,2478,1907,-8.4788,5.5824
110,3.667,1188,5,2477,1903,-11.4223,5.9826
111,3.700,1186,6,2482,1906,-11.0637,3.7142
112,3.733,1188,10,2483,1908,-9.8565,4.8127
113,3.767,1189,4,2485,1912,-9.7462,4.6529
114,3.800,1191,6,2484,1915,-10.5434,5.6871
115,3.833,1187,5,2483,1921,-7.8565,7.3400
116,3.867,1176,5,2478,1917,-9.2747,3.2667
117,3.900,1177,6,2477,1924,-6.5677,5.1857
118,3.933,1173,1,2477,1925,-6.4857,4.6712
119,3.967,1169,10,2479,1930,-6.2380,6.2726
120,4.000,1168,28,2472,1925,-4.9637,5.0911
121,4.033,1160,38,2475,1920,-4.2847,6.9727
122,4.067,1155,4,2472,1911,-4.0099,-0.3688
123,4.100,1149,0,2468,1922,-0.2919,3.5991
124,4.133,1146,0,2469,1922,-3.4124,4.3561
125,4.167,1147,0,2466,1918,-1.3588,4.8154
126,4.200,1149,0,2467,1918,-0.6961,3.5392
127,4.233,1148,0,2471,1914,-1.6374,5.8807
128,4.267,1142,0,2467,1912,-5.5738,8.2644
129,4.300,1147,0,2463,1907,-1.6798,4.7427
130,4.333,1146,0,2466,1908,-1.8579,8.0013
131,4.367,1139,0,2459,1909,-3.7603,5.0721
132,4.400,1139,0,2458,1911,-3.0984,3.3726
133,4.433,1132,0,2452,1907,0.6745,5.8723
134,4.467,1133,0,2454,1905,-3.0799,2.0925
135,4.500,1128,0,2449,1910,2.6945,7.9391
136,4.533,1131,0,2451,1910,-0.5627,8.3805
137,4.567,1129,0,2450,1911,0.4007,7.7130
138,4.600,1131,0,2450,1912,-0.0562,2.9416
139,4.633,1129,0,2451,1914,-0.4127,5.1637
140,4.667,1131,0,2451,1913,-3.0941,4.0287
141,4.700,1134,0,2453,1912,-1.2589,3.8323
142,4.733,1134,0,2453,1912,0.1036,3.6321
143,4.767,1135,0,2455,1912,-4.7967,8.1924
144,4.800,1135,0,2454,1914,-1.7013,7.0856
145,4.833,1127,0,2456,1911,-0.9427,4.3187
146,4.867,1130,0,2454,1896,-1.5669,5.0775
147,4.900,1130,0,2457,1904,-2.3701,6.5817
148,4.933,1132,0,2461,1905,-3.7506,7.0430
149,4.967,1129,0,2459,1904,-1.4318,8.2484
150,5.000,1128,0,2464,1913,-2.1011,8.3485
151,5.033,1126,0,2466,1919,-2.5069,6.6142
152,5.067,1125,0,2466,1921,-4.1406,6.2148
153,5.100,1128,0,2464,1920,-4.3167,8.1254
154,5.133,1129,0,2464,1921,-3.2854,6.3890
155,5.167,1131,0,2463,1921,-3.8283,2.1782
156,5.200,1128,0,2461,1920,-2.9287,2.6056
157,5.233,1124,0,2461,1919,-2.1828,4.7668
158,5.267,1127,0,2462,1924,-2.5023,4.5050
159,5.300,1126,0,2462,1922,-1.6249,2.9139
160,5.333,1128,0,2461,1923,-1.8006,3.0085
161,5.367,1127,0,2460,1924,-3.6747,4.6659
162,5.400,1130,0,2460,1924,-4.3425,5.2535
163,5.433,1132,0,2459,1924,-4.0312,2.8222
164,5.467,1132,0,2460,1924,-3.8931,3.2485
165,5.500,1134,0,2460,1925,-4.7583,5.7231
166,5.533,1134,0,2459,1925,-5.0406,6.8330
167,5.567,1134,0,2460,1924,-4.8513,5.5714
168,5.600,1134,0,2460,1924,-4.6584,5.5126
169,5.633,1135,0,2459,1924,-5.5824,6.7129
170,5.667,1135,0,2459,1924,-4.7749,5.5436
171,5.700,1136,0,2461,1925,-3.0279,3.3827
172,5.733,1138,0,2461,1924,-3.3253,1.0308
173,5.767,1138,5,2461,1919,-2.3987,2.0423
174,5.800,1138,10,2461,1918,-4.3063,4.0096
175,5.833,1138,10,2462,1917,-3.7917,1.6082
176,5.867,1138,9,2462,1917,-3.5007,2.3086
177,5.900,1137,9,2462,1915,-3.2989,-1.8283
178,5.933,1138,8,2461,1914,-2.9974,0.8622
179,5.967,1139,7,2462,1914,-0.7192,0.7742
180,6.000,1135,15,2458,1918,0.5723,1.7685
181,6.033,1134,11,2458,1918,-0.9538,2.3986
182,6.067,1136,9,2456,1918,0.9026,2.4665
183,6.100,1136,12,2456,1917,0.0105,2.6703
184,6.133,1133,8,2459,1919,-1.9106,3.5657
185,6.167,1133,5,2461,1922,-2.7939,2.7006
186,6.200,1133,2,2461,1921,-1.1254,2.0598
187,6.233,1132,1,2461,1920,-2.1792,3.2775
188,6.267,1131,2,2464,1922,-0.0386,2.0905
189,6.300,1131,2,2463,1921,-1.5106,2.5633
190,6.333,1133,3,2463,1919,-2.6782,1.2832
191,6.367,1133,5,2462,1918,-2.1647,3.8725
192,6.400,1134,8,2462,1917,-2.0706,4.0568
193,6.433,1134,8,2463,1917,-0.1684,4.4734
194,6.467,1136,0,2463,1917,-1.6133,2.7856
195,6.500,1136,0,2462,1916,-1.6621,0.2077
196,6.533,1134,2,2463,1912,-3.1189,5.1327
197,6.567,1132,0,2465,1909,-2.0892,5.1733
198,6.600,1132,0,2465,1909,-1.9935,5.1229
199,6.633,1133,0,2465,1911,-2.2302,5.2105
200,6.667,1133,0,2463,1907,-3.2746,3.5221
201,6.700,1133,2,2463,1908,-2.7214,5.8353
202,6.733,1133,0,2463,1907,-3.5637,4.4843
203,6.767,1134,0,2462,1905,-2.5281,3.7355
204,6.800,1134,2,2461,1907,-1.0408,6.3908
205,6.833,1133,0,2460,1906,-1.9466,4.9590
206,6.867,1134,3,2459,1904,-0.0895,3.1716
207,6.900,1135,4,2459,1903,-1.1143,3.1838
208,6.933,1134,8,2458,1900,-3.3093,8.3388
209,6.967,1135,8,2458,1898,-2.7143,9.0570
210,7.000,1137,21,2460,1903,0.9753,7.7147
211,7.033,1137,18,2459,1904,-1.1772,7.3042
212,7.067,1137,20,2459,1905,0.4483,6.6087
213,7.100,1135,15,2459,1905,0.5161,7.4931
214,7.133,1135,15,2460,1907,0.1768,8.4022
215,7.167,1137,14,2460,1905,0.3403,7.8613
216,7.200,1136,14,2460,1906,1.0862,6.5637
217,7.233,1136,12,2461,1906,0.8054,5.7532
218,7.267,1137,12,2461,1906,0.9621,7.1863
219,7.300,1137,11,2460,1908,-0.3236,6.2795
220,7.333,1138,12,2460,1909,-0.6458,5.4099
221,7.367,1138,14,2460,1909,-0.6400,6.3063
222,7.400,1117,0,2456,1912,1.2058,-8.3965
223,7.433,1119,0,2458,1917,1.1060,-10.3203
224,7.467,1131,1,2448,1907,4.0643,-3.0685
225,7.500,1132,0,2454,1907,5.4542,-1.6518
226,7.533,1136,0,2455,1917,4.6333,-1.6426
227,7.567,1140,0,2463,1915,0.7814,-3.4386
228,7.600,1142,5,2465,1913,2.7884,-0.2995
229,7.633,1137,4,2468,1910,2.9804,1.6600
230,7.667,1142,1,2471,1909,-1.4439,2.1855
231,7.700,1145,10,2470,1909,1.6394,3.9626
232,7.733,1146,7,2470,1911,-1.0306,3.6216
233,7.767,1148,10,2470,1910,-0.7996,4.1685
234,7.800,1145,8,2470,1908,0.3794,3.8822
235,7.833,1140,6,2470,1906,-0.2451,6.6257
236,7.867,1139,3,2470,1906,-1.3377,4.4929
237,7.900,1138,4,2467,1903,-0.9145,6.7629
238,7.933,1139,7,2468,1903,1.1465,6.4563
239,7.967,1138,7,2469,1904,0.6909,6.2237
240,8.000,1134,12,2466,1899,1.2240,8.4705
241,8.033,1134,12,2466,1899,0.5143,8.2648
242,8.067,1135,12,2465,1898,-0.8802,9.9861
243,8.100,1135,12,2465,1898,-0.6841,10.0603
244,8.133,1137,12,2465,1897,-1.4092,8.4595
245,8.167,1137,13,2465,1897,0.6227,8.7848
246,8.200,1136,13,2465,1898,-0.2393,8.3968
247,8.233,1135,12,2466,1898,1.0993,8.4364
248,8.267,1134,15,2466,1897,1.2663,8.5819
249,8.300,1134,15,2466,1897,1.8734,8.1387
250,8.333,1134,15,2466,1896,3.7576,9.2503
251,8.367,1134,14,2465,1895,1.3339,5.9914
252,8.400,1135,16,2465,1896,2.1864,6.6149
253,8.433,1135,16,2466,1899,0.6257,7.8530
254,8.467,1136,12,2466,1900,1.8552,6.2570
255,8.500,1137,14,2465,1899,2.1520,7.3713
256,8.533,1138,10,2465,1902,0.6865,3.8782
257,8.567,1138,10,2465,1901,0.3254,5.5353
258,8.600,1138,10,2465,1900,0.3606,5.7053
259,8.633,1138,9,2465,1901,0.7116,6.0374
260,8.667,1138,9,2465,1899,1.1980,7.5015
261,8.700,1138,8,2465,1899,1.9062,8.0816
262,8.733,1138,8,2464,1899,1.8100,7.8705
263,8.767,1139,8,2464,1899,-0.4237,5.7713
264,8.800,1138,7,2464,1899,-0.1212,4.9021
265,8.833,1138,4,2464,1899,-1.0059,5.4076
266,8.867,1139,3,2464,1899,-0.2147,5.1871
267,8.900,1139,3,2464,1898,-1.5135,6.6164
268,8.933,1138,0,2463,1898,-0.8778,4.4066
269,8.967,1140,0,2462,1894,0.6331,4.3156
270,9.000,1136,0,2461,1897,1.5988,4.1237
271,9.033,1137,0,2461,1898,0.2945,5.5835
272,9.067,1137,0,2461,1897,1.3946,4.3953
273,9.100,1138,0,2461,1897,0.7944,3.5571
274,9.133,1138,0,2462,1898,-0.4628,3.3702
275,9.167,1138,0,2462,1899,-0.9896,4.5375
276,9.200,1139,0,2462,1898,-0.6208,2.9068
277,9.233,1139,0,2462,1897,-0.9796,3.6590
278,9.267,1140,0,2462,1897,-0.3967,4.3445
279,9.300,1141,0,2461,1898,-0.3875,2.2105
280,9.333,1141,0,2461,1898,-0.2392,2.6020
281,9.367,1141,0,2461,1900,-2.1384,3.9464
282,9.400,1141,0,2461,1900,-2.4133,3.7278
283,9.433,1143,0,2461,1900,-2.6572,3.9463
284,9.467,1143,0,2461,1900,-2.7317,3.7042
285,9.500,1143,0,2462,1901,-1.5119,3.8396
286,9.533,1145,0,2463,1901,-2.2958,4.6531
287,9.567,1147,0,2461,1900,1.4802,3.6103
288,9.600,1147,0,2461,1899,2.2992,3.5846
289,9.633,1147,0,2461,1898,1.6855,2.8040
290,9.667,1148,0,2460,1898,0.5389,3.4867
291,9.700,1146,0,2460,1899,3.4757,3.6600
292,9.733,1146,0,2460,1899,2.9539,3.7408
293,9.767,1143,0,2461,1902,-1.8011,3.3136
294,9.800,1142,0,2460,1902,-0.9466,5.1159
295,9.833,1140,0,2461,1905,-0.7276,4.5669
296,9.867,1139,1,2458,1910,0.4711,1.1688
297,9.900,1139,2,2458,1909,1.1400,-0.6533
298,9.933,1140,2,2459,1909,0.0416,-0.2347
299,9.967,1140,2,2459,1909,-0.1642,0.4305
300,10.000,1141,7,2461,1910,1.3089,0.8429
301,10.033,1140,2,2459,1904,0.0639,0.8974
302,10.067,1141,0,2457,1896,0.6404,0.3900
303,10.100,1135,0,2461,1893,0.1787,0.3222
304,10.133,1135,0,2460,1892,0.6470,-1.6954
305,10.167,1136,0,2460,1894,2.2757,0.1031
306,10.200,1136,0,2458,1893,1.8404,1.2195
307,10.233,1135,0,2458,1893,2.2816,1.7326
308,10.267,1136,0,2458,1893,1.7542,1.5049
309,10.300,1137,0,2459,1893,0.4733,1.5984
310,10.333,1138,0,2460,1893,1.7994,2.4113
311,10.367,1136,0,2458,1892,1.4313,0.7406
312,10.400,1139,0,2459,1890,1.7477,1.5707
313,10.433,1138,3,2459,1889,1.9670,2.5927
314,10.467,1138,3,2459,1890,2.1806,2.0486
315,10.500,1139,3,2459,1890,1.0186,3.6794
316,10.533,1138,5,2459,1889,1.3784,4.3549
317,10.567,1138,4,2458,1887,0.7145,2.6880
318,10.600,1139,4,2457,1887,1.2961,2.8363
319,10.633,1141,6,2457,1887,1.4996,1.7758
320,10.667,1142,7,2457,1888,0.6924,2.4805
321,10.700,1141,3,2456,1887,2.2053,3.1303
322,10.733,1141,0,2455,1886,-0.0029,1.9796
323,10.767,1141,0,2454,1887,1.0837,2.2895
324,10.800,1142,0,2453,1887,0.5605,1.9987
325,10.833,1142,0,2454,1886,-0.0959,0.7021
326,10.867,1142,0,2453,1886,0.7507,0.5826
327,10.900,1141,0,2453,1885,1.2875,2.9406
328,10.933,1143,0,2455,1887,2.9423,1.5390
329,10.967,1143,0,2455,1886,2.7833,1.3152
330,11.000,1147,0,2448,1882,2.8086,1.0483
331,11.033,1146,0,2449,1879,1.7301,0.6433
332,11.067,1147,0,2450,1879,2.6013,-0.4563
333,11.100,1145,0,2450,1878,2.0365,-1.0554
334,11.133,1143,0,2453,1877,2.4031,0.4380
335,11.167,1140,4,2451,1876,3.7189,0.8319
336,11.200,1139,3,2452,1879,5.0012,3.8858
337,11.233,1138,6,2452,1879,3.5334,2.9288
338,11.267,1141,4,2451,1876,3.7208,3.1788
339,11.300,1141,5,2450,1874,4.4404,3.9212
340,11.333,1141,5,2450,1872,4.0120,3.2991
341,11.367,1141,6,2451,1874,4.3144,3.5519
342,11.400,1142,8,2451,1872,0.8880,4.9285
343,11.433,1143,11,2452,1874,0.7842,4.2096
344,11.467,1143,13,2452,1874,2.2648,3.7657
345,11.500,1143,13,2452,1875,2.2642,2.3040
346,11.533,1143,13,2451,1873,2.5211,3.8708
347,11.567,1143,13,2450,1873,2.8243,3.8836
348,11.600,1145,11,2449,1873,2.8219,5.6689
349,11.633,1144,12,2449,1872,2.1686,7.0044
350,11.667,1142,12,2448,1871,1.2928,4.7698
351,11.700,1143,12,2447,1868,2.7744,6.0502
352,11.733,1143,9,2448,1869,1.1696,3.5928
353,11.767,1143,9,2448,1869,1.0925,3.9412
354,11.800,1143,10,2447,1869,2.1213,5.4646
355,11.833,1143,9,2449,1872,1.9525,4.4367
356,11.867,1143,12,2449,1873,0.5101,3.6803
357,11.900,1144,11,2446,1869,1.2457,6.0850
358,11.933,1143,9,2447,1870,0.9380,1.6847
359,11.967,1145,6,2446,1868,2.8440,3.6413
360,12.000,1148,3,2446,1867,0.7581,1.9233
361,12.033,1145,1,2446,1871,1.8876,2.8074
362,12.067,1147,0,2446,1871,-1.0076,0.9624
363,12.100,1146,0,2447,1871,-0.1668,0.9525
364,12.133,1143,0,2451,1873,2.1602,2.7613
365,12.167,1140,0,2452,1872,1.1788,2.7398
366,12.200,1140,0,2453,1872,0.8541,3.3886
367,12.233,1141,0,2453,1872,1.5342,3.5678
368,12.267,1139,0,2454,1871,1.0276,3.4142
369,12.300,1137,0,2453,1867,0.3532,4.5177
370,12.333,1138,0,2453,1866,0.3078,4.4917
371,12.367,1137,0,2453,1866,-0.0043,4.8618
372,12.400,1141,0,2450,1865,1.6037,3.3224
373,12.433,1141,0,2453,1867,1.0673,3.7022
374,12.467,1140,0,2453,1867,0.6537,3.0571
375,12.500,1140,0,2454,1868,-1.9369,3.3149
376,12.533,1138,0,2457,1871,0.0248,5.6666
377,12.567,1136,0,2452,1869,0.2108,3.1801
378,12.600,1138,0,2451,1869,1.5791,3.1066
379,12.633,1139,0,2448,1868,3.0462,3.8753
380,12.667,1113,0,2452,1873,2.5121,-2.9005
381,12.700,1116,0,2453,1871,3.3840,-2.9655
382,12.733,1117,0,2441,1863,12.4763,-0.6114
383,12.767,1128,0,2452,1870,7.8877,-2.9147
384,12.800,1124,0,2453,1870,9.6507,-1.4643
385,12.833,1116,0,2448,1864,7.3383,-3.2501
386,12.867,1125,3,2444,1859,9.1013,1.6749
387,12.900,1122,2,2443,1859,11.5544,2.1431
388,12.933,1123,2,2443,1862,10.3606,2.9729
389,12.967,1124,0,2444,1865,8.8315,5.3309
390,13.000,1123,0,2445,1862,9.6261,5.3424
391,13.033,1122,0,2444,1860,10.1993,1.5548
392,13.067,1123,0,2444,1860,10.4195,1.0824
393,13.100,1124,0,2445,1859,9.4914,3.3504
394,13.133,1126,0,2444,1858,10.4193,3.0273
395,13.167,1126,0,2444,1860,9.1335,2.5222
396,13.200,1125,0,2445,1860,9.6780,5.1223
397,13.233,1125,0,2446,1862,9.7807,2.6983
398,13.267,1126,0,2447,1862,10.9306,3.3698
399,13.300,1124,0,2447,1863,10.5725,5.0870
400,13.333,1123,0,2447,1866,11.7599,5.3440
401,13.367,1124,0,2447,1865,10.1848,4.7706
402,13.400,1124,0,2448,1865,10.5432,3.7775
403,13.433,1124,0,2447,1864,9.9298,3.9285
404,13.467,1124,0,2448,1866,10.6392,5.0738
405,13.500,1124,0,2448,1865,10.8517,2.8228
406,13.533,1124,0,2447,1864,9.6919,4.0550
407,13.567,1125,0,2447,1863,9.7781,1.8566
408,13.600,1124,0,2448,1865,10.5739,4.6729
409,13.633,1126,0,2448,1863,10.1370,3.3980
410,13.667,1129,0,2448,1861,10.3064,4.6198
411,13.700,1129,0,2448,1858,10.8993,5.2066
412,13.733,1129,0,2449,1858,10.1869,2.7503
413,13.767,1128,0,2448,1856,10.7600,3.9900
414,13.800,1129,0,2449,1853,10.8064,2.1498
415,13.833,1132,0,2449,1853,10.0402,2.1931
416,13.867,1133,0,2449,1853,8.2917,2.8086
417,13.900,1132,0,2448,1850,10.5863,3.8320
418,13.933,1131,0,2446,1850,8.1586,4.4747
419,13.967,1134,0,2444,1850,10.9136,1.9498
420,14.000,1132,0,2444,1846,10.9657,1.5492
421,14.033,1131,0,2442,1843,10.9523,2.3604
422,14.067,1130,0,2441,1843,11.7422,1.5754
423,14.100,1131,0,2440,1843,11.1470,0.0997
424,14.133,1129,0,2440,1843,11.3784,2.5758
425,14.167,1128,1,2439,1844,11.6387,4.5438
426,14.200,1128,0,2439,1847,12.1335,1.5634
427,14.233,1128,0,2442,1847,10.3555,4.7910
428,14.267,1128,0,2444,1849,10.8291,4.1995
429,14.300,1129,0,2448,1856,9.0864,2.5147
430,14.333,1130,0,2448,1855,10.4358,0.6027
431,14.367,1131,0,2448,1856,9.7449,1.8242
432,14.400,1133,5,2449,1855,11.2469,4.2392
433,14.433,1133,5,2449,1854,11.4137,4.7088
434,14.467,1133,5,2449,1855,11.6930,4.5838
435,14.500,1133,5,2450,1854,12.1524,6.3007
436,14.533,1136,6,2450,1852,12.5590,5.6962
437,14.567,1136,7,2450,1852,11.7800,4.7850
438,14.600,1136,8,2450,1853,11.1053,5.8595
439,14.633,1136,7,2450,1853,11.1368,5.4844
440,14.667,1137,6,2450,1853,11.9377,4.1933
441,14.700,1138,6,2449,1852,12.5909,3.3940
442,14.733,1138,7,2449,1851,12.6109,2.2495
443,14.767,1138,6,2449,1851,12.5311,4.0540
444,14.800,1137,6,2448,1851,13.4918,4.3701
445,14.833,1137,3,2448,1851,10.7369,2.1176
446,14.867,1137,2,2448,1851,10.6932,1.6250
447,14.900,1138,2,2448,1851,12.2117,-0.1177
448,14.933,1138,0,2449,1852,11.3967,1.9587
449,14.967,1137,0,2448,1852,12.0186,2.1238
450,15.000,1139,0,2448,1847,10.5417,2.9507
451,15.033,1139,0,2448,1846,10.9952,3.9784
452,15.067,1139,0,2449,1846,10.4616,2.3486
453,15.100,1139,0,2449,1846,10.2124,2.6370
454,15.133,1137,0,2448,1843,11.0502,1.4806
455,15.167,1137,0,2449,1844,11.6072,0.7503
456,15.200,1137,0,2449,1844,11.5900,0.9331
457,15.233,1137,0,2449,1845,10.7693,2.5873
458,15.267,1138,0,2450,1844,11.4089,2.2954
459,15.300,1137,0,2450,1845,9.9546,0.8609
460,15.333,1137,0,2450,1845,9.9255,0.5844
461,15.367,1136,0,2449,1845,10.2695,2.2908
462,15.400,1135,0,2449,1846,10.8332,2.4380
463,15.433,1133,0,2447,1847,11.1409,3.8423
464,15.467,1134,0,2448,1848,11.4879,3.2361
465,15.500,1133,0,2447,1848,11.0021,4.6210
466,15.533,1132,0,2447,1850,12.1028,2.0724
467,15.567,1132,0,2447,1849,11.5956,3.6371
468,15.600,1132,0,2447,1849,11.5226,4.0520
469,15.633,1132,0,2447,1849,11.8763,4.0819
470,15.667,1132,0,2447,1848,12.0579,3.7829
471,15.700,1133,0,2448,1848,12.1852,4.1483
472,15.733,1132,0,2448,1847,12.8513,3.9920
473,15.767,1131,0,2447,1848,11.5056,3.8161
474,15.800,1130,0,2448,1848,12.6783,3.8072
475,15.833,1130,0,2448,1849,12.8167,4.4156
476,15.867,1131,0,2449,1850,12.5498,5.0167
477,15.900,1131,0,2449,1849,11.6994,3.0913
478,15.933,1134,0,2448,1849,10.5639,3.2925
479,15.967,1133,0,2448,1851,12.5574,2.5239
480,16.000,1131,0,2445,1852,12.2253,1.2138
481,16.033,1130,0,2446,1852,12.0246,3.2478
482,16.067,1130,0,2446,1852,12.0057,3.0650
483,16.100,1130,0,2445,1852,11.1169,2.7592
484,16.133,1130,0,2445,1852,11.1251,3.1786
485,16.167,1131,0,2446,1849,12.3772,1.6006
486,16.200,1131,0,2446,1850,13.8506,1.7363
487,16.233,1131,0,2446,1850,13.6734,2.2274
488,16.267,1132,0,2448,1849,12.7523,3.2795
489,16.300,1132,0,2448,1850,12.4573,1.8607
490,16.333,1132,0,2450,1850,14.1032,2.0759
491,16.367,1132,0,2446,1850,19.6189,-0.6989
492,16.400,1132,0,2445,1849,19.8812,0.5245
493,16.433,1130,0,2443,1849,19.1146,0.0000
494,16.467,1130,0,2443,1849,19.9293,0.2814
495,16.500,1129,0,2441,1849,21.1985,-0.0280
496,16.533,1130,0,2440,1848,21.9249,-1.8640
497,16.567,1132,0,2442,1848,21.3045,-0.0149
498,16.600,1129,0,2444,1852,21.5727,-1.3937
499,16.633,1130,0,2445,1851,21.0878,-0.3242
500,16.667,1127,0,2449,1854,20.3384,4.1135
501,16.700,1126,0,2448,1854,20.6639,2.3449
502,16.733,1126,0,2448,1855,19.9828,2.4088
503,16.767,1128,0,2449,1855,20.1447,1.6314
504,16.800,1129,0,2448,1854,20.4834,2.4734
505,16.833,1129,0,2448,1852,19.2873,0.8941
506,16.867,1130,0,2446,1852,19.5734,1.0026
507,16.900,1129,0,2447,1851,19.2265,1.7971
508,16.933,1130,0,2446,1853,19.0038,1.1629
509,16.967,1128,0,2446,1852,20.2856,1.3477
510,17.000,1127,0,2450,1860,19.6852,0.4660
511,17.033,1127,0,2450,1860,19.6304,0.0720
512,17.067,1128,0,2450,1861,19.8750,0.4593
513,17.100,1128,0,2450,1861,19.1656,0.6442
514,17.133,1128,0,2449,1858,17.7074,0.3329
515,17.167,1130,0,2450,1861,20.1754,3.2542
516,17.200,1129,2,2449,1861,22.1901,1.5167
517,17.233,1129,1,2448,1861,20.9199,2.5808
518,17.267,1127,11,2443,1857,23.3466,5.1179
519,17.300,1127,11,2444,1856,23.4390,5.0601
520,17.333,1127,11,2443,1855,22.7330,5.1066
521,17.367,1126,11,2443,1856,22.7508,5.1999
522,17.400,1126,12,2444,1854,24.2711,4.9504
523,17.433,1125,13,2444,1855,21.6225,3.9066
524,17.467,1126,13,2444,1855,21.7047,4.8990
525,17.500,1125,13,2444,1855,21.5600,3.8573
526,17.533,1125,12,2444,1856,21.0345,4.5651
527,17.567,1126,12,2444,1855,21.6578,3.9878
528,17.600,1127,12,2443,1854,23.6854,4.8556
529,17.633,1126,12,2444,1855,21.6657,3.7636
530,17.667,1126,13,2444,1856,20.9215,4.6699
531,17.700,1125,13,2444,1856,20.4930,4.2370
532,17.733,1124,12,2442,1856,20.6045,5.3832
533,17.767,1137,14,2443,1857,21.2556,-2.1017
534,17.800,1115,0,2437,1857,17.3465,-5.6467
535,17.833,1111,0,2435,1858,15.1724,-5.5631
536,17.867,1112,0,2440,1860,21.4438,-3.7578
537,17.900,1122,0,2441,1856,22.0882,-6.7901
538,17.933,1121,0,2440,1855,24.5845,-3.9016
539,17.967,1132,6,2440,1851,20.1867,-0.9504
540,18.000,1127,9,2445,1853,21.9916,5.7424
541,18.033,1126,4,2445,1852,21.7184,3.3623
542,18.067,1124,2,2445,1852,20.9998,1.5049
543,18.100,1124,2,2444,1852,22.1804,0.0459
544,18.133,1125,0,2445,1851,21.1966,3.1537
545,18.167,1123,0,2443,1848,22.2241,2.8482
546,18.200,1123,1,2442,1848,21.6089,3.2214
547,18.233,1123,1,2442,1848,21.1168,2.9491
548,18.267,1125,2,2442,1847,21.2882,0.9097
549,18.300,1126,2,2441,1846,22.8274,4.6866
550,18.333,1127,1,2441,1845,21.5750,2.9088
551,18.367,1128,1,2441,1846,20.9616,2.8643
552,18.400,1127,0,2441,1847,19.8649,3.3535
553,18.433,1128,4,2441,1847,20.6589,4.2051
554,18.467,1128,4,2441,1845,21.0591,2.6808
555,18.500,1128,3,2441,1846,21.0086,1.9114
556,18.533,1126,2,2442,1846,21.6531,2.9945
557,18.567,1127,3,2441,1846,21.7559,2.7614
558,18.600,1127,3,2441,1845,21.3863,3.1600
559,18.633,1128,3,2441,1845,21.2890,3.0407
560,18.667,1127,4,2441,1844,21.4383,1.3341
561,18.700,1127,5,2441,1844,19.6974,4.0605
562,18.733,1126,5,2441,1844,20.3867,2.4209
563,18.767,1126,6,2440,1842,21.3346,3.8282
564,18.800,1126,7,2440,1842,21.7001,4.1442
565,18.833,1128,11,2440,1844,22.5851,4.1040
566,18.867,1128,14,2439,1843,23.5901,2.7797
567,18.900,1126,13,2439,1840,22.5611,2.0974
568,18.933,1126,14,2439,1840,21.6068,2.3293
569,18.967,1125,12,2440,1841,22.1397,1.4748
570,19.000,1123,11,2436,1844,24.4572,1.3423
571,19.033,1122,9,2436,1843,24.5121,2.3625
572,19.067,1121,9,2436,1843,25.2526,2.8125
573,19.100,1121,9,2436,1843,25.2291,2.8159
574,19.133,1121,6,2437,1843,23.8023,1.6963
575,19.167,1122,7,2437,1842,24.0670,1.6342
576,19.200,1122,8,2437,1842,25.1373,1.5762
577,19.233,1122,8,2437,1842,24.7959,2.2443
578,19.267,1124,8,2437,1843,24.2712,2.3866
579,19.300,1124,9,2438,1844,25.3827,2.3496
580,19.333,1124,9,2438,1844,25.6728,3.2197
581,19.367,1124,8,2438,1844,24.9445,2.1808
582,19.400,1124,7,2439,1845,23.2248,4.1743
583,19.433,1126,7,2439,1847,23.5258,3.8732
584,19.467,1125,7,2438,1847,23.1186,4.1801
585,19.500,1125,6,2438,1847,23.5233,4.2720
586,19.533,1126,6,2438,1848,22.6292,3.8870
587,19.567,1126,6,2437,1848,22.7933,5.6819
588,19.600,1126,6,2437,1849,23.1953,5.2065
589,19.633,1126,5,2438,1849,22.2274,3.8291
590,19.667,1126,5,2437,1850,22.3459,3.4934
591,19.700,1124,2,2437,1848,22.4091,7.0817
592,19.733,1123,3,2437,1847,22.3809,2.8293
593,19.767,1126,2,2435,1849,22.3610,4.7286
594,19.800,1128,1,2435,1851,22.3518,2.1572
595,19.833,1128,0,2434,1853,22.9775,5.1703
596,19.867,1128,2,2435,1854,23.4816,3.2488
597,19.900,1127,1,2435,1853,24.3116,5.1674
598,19.933,1127,5,2434,1854,23.1256,5.2107
599,19.967,1125,4,2435,1854,23.4857,6.7842
600,20.000,1130,7,2434,1851,20.1866,5.9608
601,20.033,1129,6,2434,1851,20.3491,4.2475
602,20.067,1129,6,2434,1851,20.2137,4.2315
603,20.100,1129,6,2434,1851,20.0594,4.2570
604,20.133,1128,5,2434,1852,20.4993,3.7708
605,20.167,1129,4,2435,1853,20.8246,5.9411
606,20.200,1129,4,2435,1852,19.5377,3.3912
607,20.233,1128,4,2435,1854,20.0558,3.9572
608,20.267,1129,4,2435,1853,21.6033,6.2064
609,20.300,1130,6,2436,1855,20.4028,5.3627
610,20.333,1131,6,2436,1855,20.3711,7.2511
611,20.367,1131,7,2437,1855,24.2378,5.9845
612,20.400,1134,11,2439,1856,23.6738,6.8259
613,20.433,1132,13,2440,1856,21.8003,7.1678
614,20.467,1133,13,2440,1856,22.2814,5.0786
615,20.500,1133,12,2441,1856,21.4390,6.7349
616,20.533,1131,11,2442,1856,20.5437,7.8412
617,20.567,1131,11,2441,1855,20.7386,7.7616
618,20.600,1131,12,2442,1855,22.4373,8.2437
619,20.633,1131,12,2441,1855,21.1225,7.1361
620,20.667,1131,12,2441,1856,22.1100,7.8402
621,20.700,1130,8,2441,1855,22.4239,6.5679
622,20.733,1131,7,2441,1855,22.9801,7.3912
623,20.767,1132,7,2441,1855,21.8998,7.2230
624,20.800,1132,6,2442,1857,22.4488,7.4445
625,20.833,1131,5,2442,1856,22.9099,6.1705
626,20.867,1131,6,2442,1856,22.4150,7.4601
627,20.900,1130,5,2443,1857,21.2876,8.8425
628,20.933,1131,5,2443,1857,22.1573,7.7145
629,20.967,1130,4,2443,1858,22.8426,7.8076
630,21.000,1129,6,2444,1858,21.5089,4.6688
631,21.033,1128,5,2444,1857,22.3875,7.7620
632,21.067,1128,5,2444,1856,23.0921,7.1731
633,21.100,1128,5,2444,1856,23.1433,6.5065
634,21.133,1131,5,2444,1856,22.6286,7.7891
635,21.167,1131,7,2444,1855,21.9766,8.5329
636,21.200,1131,7,2443,1854,22.1584,8.2056
637,21.233,1132,4,2444,1854,21.4932,8.4428
638,21.267,1133,4,2443,1853,21.3218,6.3893
639,21.300,1130,0,2446,1859,22.0371,-4.4689
640,21.333,1130,0,2447,1860,22.0204,-3.8339
641,21.367,1121,0,2440,1856,19.5091,0.7932
642,21.400,1125,0,2444,1858,26.0432,-1.2001
643,21.433,1124,0,2444,1858,25.8571,1.6523
644,21.467,1135,8,2445,1856,24.2478,4.5079
645,21.500,1135,1,2441,1856,25.8382,4.2130
646,21.533,1131,3,2441,1856,22.6597,0.9111
647,21.567,1134,3,2442,1857,23.7604,5.0077
648,21.600,1132,7,2441,1857,24.4869,5.3280
649,21.633,1132,8,2441,1857,25.2937,6.6131
650,21.667,1133,8,2441,1857,23.7856,6.5104
651,21.700,1133,7,2441,1858,24.2690,6.2907
652,21.733,1132,8,2440,1858,23.4312,5.1593
653,21.767,1132,7,2440,1859,22.5113,7.0334
654,21.800,1133,5,2438,1858,23.2148,5.8588
655,21.833,1133,3,2439,1858,21.1946,7.2729
656,21.867,1133,0,2439,1857,21.2616,7.3480
657,21.900,1134,0,2439,1857,20.8597,6.5499
658,21.933,1133,0,2439,1857,21.4440,6.9568
659,21.967,1132,0,2439,1858,22.7065,7.6616
660,22.000,1131,0,2442,1861,21.8104,5.7300
661,22.033,1132,0,2443,1863,22.8233,8.1400
662,22.067,1132,0,2442,1863,22.8339,7.9009
663,22.100,1131,0,2443,1863,22.5521,7.3197
664,22.133,1132,0,2442,1863,22.7924,8.7586
665,22.167,1130,0,2443,1860,22.0502,7.1865
666,22.200,1130,0,2442,1858,21.8789,7.5025
667,22.233,1130,0,2443,1857,22.3886,7.0877
668,22.267,1128,0,2445,1857,22.6105,6.4282
669,22.300,1128,0,2445,1856,22.8570,6.0571
670,22.333,1128,0,2446,1855,21.9048,7.4421
671,22.367,1128,0,2445,1853,21.7680,6.9149
672,22.400,1127,0,2445,1853,22.9254,8.3648
673,22.433,1128,0,2446,1854,21.5125,7.1462
674,22.467,1129,0,2446,1854,21.0638,9.0037
675,22.500,1129,0,2446,1855,21.9349,9.3108
676,22.533,1129,0,2445,1855,22.8590,8.7500
677,22.567,1130,0,2445,1856,23.1829,8.8288
678,22.600,1131,0,2445,1856,22.7501,9.1434
679,22.633,1132,0,2444,1855,20.3539,9.9712
680,22.667,1131,0,2447,1856,20.7955,9.9386
681,22.700,1132,3,2446,1857,20.8844,8.8437
682,22.733,1132,4,2446,1856,20.0918,9.9471
683,22.767,1132,7,2446,1857,20.3006,7.5994
684,22.800,1132,9,2447,1858,21.8435,8.8233
685,22.833,1133,8,2447,1859,21.0320,8.1065
686,22.867,1135,7,2448,1860,20.9190,5.6984
687,22.900,1135,9,2447,1860,22.3913,7.2617
688,22.933,1135,9,2448,1860,21.9020,7.8524
689,22.967,1134,9,2449,1861,22.3988,8.0113
690,23.000,1133,11,2453,1870,22.1525,8.5409
691,23.033,1134,12,2453,1870,22.7796,9.1966
692,23.067,1134,12,2453,1870,22.2499,9.3629
693,23.100,1134,12,2453,1870,22.5881,9.7229
694,23.133,1133,11,2455,1871,23.2617,10.4242
695,23.167,1130,12,2454,1869,21.7602,11.1696
696,23.200,1130,13,2455,1870,19.2980,11.1415
697,23.233,1130,13,2454,1869,21.7504,11.1885
698,23.267,1128,13,2453,1869,21.2800,11.0011
699,23.300,1127,14,2452,1868,22.2856,11.7459
700,23.333,1128,16,2452,1868,23.1101,11.7397
701,23.367,1126,14,2453,1870,21.3466,12.4621
702,23.400,1125,12,2453,1870,21.1299,12.8954
703,23.433,1124,14,2454,1870,20.0972,11.0115
704,23.467,1124,15,2454,1869,19.6280,9.7982
705,23.500,1125,15,2454,1870,20.9403,11.9807
706,23.533,1125,15,2455,1869,19.9485,10.9931
707,23.567,1128,15,2454,1870,20.4273,12.0916
708,23.600,1129,16,2453,1870,19.5790,10.3953
709,23.633,1130,16,2454,1870,18.8704,12.3834
710,23.667,1131,15,2455,1868,20.2911,15.2645
711,23.700,1131,14,2455,1868,21.5695,15.1980
712,23.733,1131,14,2455,1867,20.2747,16.6909
713,23.767,1133,14,2452,1868,19.2696,16.7568
714,23.800,1134,14,2453,1869,20.8617,13.7486
715,23.833,1135,15,2449,1866,22.0241,12.2405
716,23.867,1134,16,2448,1866,20.4962,15.2628
717,23.900,1134,15,2449,1867,20.1511,14.0753
718,23.933,1136,16,2447,1865,22.2281,14.5338
719,23.967,1137,14,2448,1865,19.8460,14.9164
720,24.000,1137,14,2446,1864,17.0001,12.6334
721,24.033,1137,15,2445,1864,17.0377,13.5957
722,24.067,1137,15,2446,1863,18.8649,15.3515
723,24.100,1137,15,2446,1863,18.8685,15.1011
724,24.133,1138,15,2445,1863,17.9896,14.7606
725,24.167,1138,15,2446,1863,18.7616,12.4613
726,24.200,1138,15,2446,1863,19.0029,12.5168
727,24.233,1138,16,2446,1863,19.5328,13.6630
728,24.267,1138,16,2446,1863,19.5456,13.6806
729,24.300,1139,15,2446,1862,18.4643,13.0751
730,24.333,1139,15,2446,1863,18.3396,12.4638
731,24.367,1138,15,2446,1862,17.9649,12.5785
732,24.400,1139,15,2445,1862,18.8318,12.7509
733,24.433,1138,15,2446,1863,17.7501,12.9268
734,24.467,1138,14,2445,1863,17.3059,13.6045
735,24.500,1138,15,2445,1864,17.2663,12.9078
736,24.533,1137,16,2446,1865,19.6604,13.4265
737,24.567,1137,15,2445,1865,17.2783,12.2784
738,24.600,1136,15,2445,1865,17.5558,11.0590
739,24.633,1136,16,2444,1865,18.0712,13.0506
740,24.667,1136,16,2444,1864,18.4452,15.0323
741,24.700,1138,18,2445,1867,20.0398,13.3004
742,24.733,1139,19,2446,1868,19.6231,12.4661
743,24.767,1139,19,2446,1866,20.0261,14.1700
744,24.800,1141,19,2449,1868,21.4802,12.6548
745,24.833,1142,18,2448,1867,19.1904,9.4988
746,24.867,1142,18,2448,1867,19.3434,8.9466
747,24.900,1142,18,2448,1867,19.2325,9.2683
748,24.933,1141,16,2449,1867,19.8394,10.5469
749,24.967,1140,17,2449,1868,20.5718,9.9846
750,25.000,1142,20,2444,1863,18.8668,12.9206
751,25.033,1142,19,2445,1864,20.3879,12.6062
752,25.067,1142,19,2445,1864,20.5886,12.4738
753,25.100,1142,19,2445,1865,19.9344,13.2050
754,25.133,1143,20,2445,1864,18.5675,12.5000
755,25.167,1139,18,2445,1866,19.6782,14.4921
756,25.200,1139,18,2444,1865,19.5363,14.9569
757,25.233,1139,19,2444,1866,18.4908,15.0634
758,25.267,1132,17,2452,1863,21.1203,14.5777
759,25.300,1132,18,2450,1864,19.0220,15.1898
760,25.333,1132,18,2450,1864,18.9942,15.0437
761,25.367,1132,18,2450,1864,19.0901,15.1436
762,25.400,1133,18,2449,1864,19.9244,14.9387
763,25.433,1133,18,2449,1864,19.9951,14.4468
764,25.467,1133,18,2449,1864,20.1845,14.9855
765,25.500,1133,18,2449,1864,19.7193,14.5545
766,25.533,1133,19,2450,1864,19.3168,13.5798
767,25.567,1134,18,2447,1862,18.3089,15.5453
768,25.600,1134,19,2447,1861,18.0481,16.4760
769,25.633,1134,20,2448,1861,18.4945,16.2835
770,25.667,1134,19,2448,1862,19.0695,15.4469
771,25.700,1136,22,2449,1862,17.2236,14.7260
772,25.733,1136,22,2449,1862,17.4985,14.2517
773,25.767,1138,22,2450,1862,19.1684,14.6110
774,25.800,1139,21,2450,1861,18.8170,14.3549
775,25.833,1137,22,2449,1861,18.7361,15.4052
776,25.867,1137,23,2448,1863,17.9710,14.3824
777,25.900,1137,22,2448,1864,17.1823,15.5810
778,25.933,1139,23,2449,1868,18.0176,14.3749
779,25.967,1141,21,2451,1869,19.4209,11.6919
780,26.000,1144,15,2449,1869,18.3043,13.8741
781,26.033,1145,15,2449,1869,18.6855,13.0034
782,26.067,1145,16,2449,1871,19.9581,12.9713
783,26.100,1145,13,2449,1870,20.4005,13.3410
784,26.133,1145,12,2449,1871,19.2567,14.9529
785,26.167,1145,11,2450,1873,21.1500,13.1537
786,26.200,1145,11,2450,1873,20.7074,13.5760
787,26.233,1146,10,2453,1873,22.0824,12.1755
788,26.267,1146,6,2455,1875,20.2617,8.8549
789,26.300,1144,0,2456,1878,23.5831,7.8028
790,26.333,1143,0,2451,1878,22.8621,8.1042
791,26.367,1141,0,2454,1885,25.0283,8.6661
792,26.400,1143,0,2456,1886,23.5101,7.2809
793,26.433,1145,0,2458,1886,23.2856,6.4144
794,26.467,1145,0,2458,1887,19.0794,6.3159
795,26.500,1146,0,2458,1887,18.6244,7.7317
796,26.533,1144,0,2457,1888,18.6914,7.5129
797,26.567,1143,0,2456,1887,17.7523,8.2883
798,26.600,1142,0,2456,1885,18.0267,9.4268
799,26.633,1142,0,2456,1886,19.5182,7.0305
800,26.667,1145,0,2455,1886,17.9555,9.2193
801,26.700,1142,0,2459,1893,16.1762,9.8518
802,26.733,1142,1,2459,1898,12.7773,11.0201
803,26.767,1142,2,2459,1898,10.7929,8.9807
804,26.800,1141,3,2460,1898,13.2730,9.7317
805,26.833,1140,4,2460,1898,12.2739,10.1009
806,26.867,1141,5,2461,1899,13.7046,7.1719
807,26.900,1140,3,2460,1900,12.3177,9.0958
808,26.933,1140,4,2459,1899,11.4720,11.5227
809,26.967,1141,5,2460,1898,11.4384,9.6298
810,27.000,1145,0,2462,1894,10.3961,6.5412
811,27.033,1145,2,2462,1892,10.4050,7.5047
812,27.067,1145,2,2461,1889,11.0586,8.5763
813,27.100,1145,3,2462,1887,10.4000,9.4679
814,27.133,1143,2,2463,1885,10.8531,10.7132
815,27.167,1143,1,2458,1880,13.5237,13.2260
816,27.200,1142,3,2458,1878,10.5609,9.7961
817,27.233,1141,2,2456,1874,12.2151,12.4341
818,27.267,1139,1,2460,1878,11.1975,14.1257
819,27.300,1138,6,2456,1867,11.0673,10.6323
820,27.333,1134,8,2455,1867,12.0411,12.3717
821,27.367,1136,14,2454,1866,12.8730,13.4979
822,27.400,1135,14,2459,1869,10.7218,12.1332
823,27.433,1133,14,2459,1866,10.4681,12.5414
824,27.467,1133,13,2459,1866,11.5761,12.8882
825,27.500,1133,13,2459,1865,12.5252,11.0329
826,27.533,1134,13,2457,1864,12.6747,12.1423
827,27.567,1134,13,2457,1864,12.5784,12.5103
828,27.600,1134,13,2457,1864,12.6791,12.3941
829,27.633,1134,13,2457,1864,12.3679,12.1888
830,27.667,1135,13,2457,1862,11.6721,13.7771
831,27.700,1133,9,2457,1861,12.0099,11.2778
832,27.733,1132,9,2457,1862,13.9022,11.4109
833,27.767,1132,9,2457,1862,13.8275,11.7097
834,27.800,1130,9,2457,1862,13.6320,11.8659
835,27.833,1131,8,2456,1862,10.6384,13.3556
836,27.867,1131,8,2456,1862,10.3282,13.2303
837,27.900,1131,8,2456,1864,10.6078,13.1196
838,27.933,1132,10,2457,1864,12.4283,13.5625
839,27.967,1132,10,2456,1864,11.7663,11.6494
840,28.000,1132,19,2455,1865,9.1622,14.3654
841,28.033,1134,17,2455,1865,8.8323,10.9439
842,28.067,1136,1,2454,1864,10.8355,8.0703
843,28.100,1119,1,2455,1865,11.9177,-2.4677
844,28.133,1120,0,2457,1867,5.0726,-3.5779
845,28.167,1124,0,2457,1872,14.9756,0.5566
846,28.200,1131,3,2456,1866,14.2217,12.8036
847,28.233,1130,3,2456,1865,13.8798,12.9849
848,28.267,1135,7,2455,1868,12.9008,11.9883
849,28.300,1134,9,2454,1868,15.1185,14.1917
850,28.333,1135,11,2454,1868,14.7480,14.1858
851,28.367,1136,12,2454,1868,15.0443,12.7350
852,28.400,1136,12,2454,1869,13.5794,10.0910
853,28.433,1136,14,2454,1869,13.7284,13.6723
854,28.467,1136,17,2457,1870,12.6921,15.3732
855,28.500,1137,17,2456,1869,13.0682,16.0423
856,28.533,1132,15,2458,1869,10.1526,13.6794
857,28.567,1133,15,2457,1869,11.9034,12.0095
858,28.600,1133,14,2458,1870,11.9460,11.7535
859,28.633,1132,14,2457,1869,11.5005,12.6160
860,28.667,1133,15,2457,1868,9.8623,14.6370
861,28.700,1133,14,2458,1869,10.8970,11.9262
862,28.733,1132,13,2458,1869,11.1999,14.0466
863,28.767,1132,15,2457,1868,10.2732,13.1454
864,28.800,1132,16,2457,1869,8.3080,11.7795
865,28.833,1132,17,2457,1869,7.4571,11.6418
866,28.867,1132,16,2456,1869,8.2676,14.0498
867,28.900,1132,17,2456,1869,9.1606,13.3309
868,28.933,1131,17,2457,1871,7.8259,14.3622
869,28.967,1131,18,2457,1871,9.0405,15.4085
870,29.000,1135,13,2466,1872,10.1497,12.7330
871,29.033,1136,12,2466,1871,12.1556,13.6154
872,29.067,1135,12,2465,1871,10.8165,13.6876
873,29.100,1136,12,2466,1871,11.9291,13.8616
874,29.133,1136,12,2466,1870,11.3766,11.4658
875,29.167,1136,11,2466,1872,10.8513,14.2890
876,29.200,1136,11,2466,1872,10.6033,14.3303
877,29.233,1136,11,2466,1873,9.8085,15.2030
878,29.267,1135,10,2466,1872,8.6766,15.0940
879,29.300,1135,9,2466,1871,8.3820,14.2751
880,29.333,1134,9,2465,1871,8.8406,15.0140
881,29.367,1134,9,2465,1870,9.6462,15.9564
882,29.400,1135,8,2464,1871,9.0701,14.5657
883,29.433,1138,10,2463,1873,10.8672,15.2295
884,29.467,1139,9,2463,1874,11.3765,14.2765
885,29.500,1140,9,2464,1873,10.4509,14.4401
886,29.533,1139,7,2463,1872,10.5404,14.0396
887,29.567,1141,7,2463,1871,10.1771,12.2713
887,29.567,3563,1698,3839,1906,24.3173,1.1796
888,29.600,1141,7,2461,1872,11.0430,14.5155
889,29.633,1141,7,2460,1872,11.6992,13.4809
890,29.667,1142,7,2460,1871,12.1023,12.7184
891,29.700,1139,6,2460,1873,11.8716,13.3008
892,29.733,1138,5,2460,1875,12.1500,14.0491
893,29.767,1139,6,2459,1878,12.6049,11.3136
894,29.800,1140,8,2458,1880,11.9041,14.0157
895,29.833,1140,6,2459,1883,11.9190,10.7347
896,29.867,1140,8,2459,1886,11.9369,10.9237
897,29.900,1140,9,2459,1886,12.5792,9.3065
898,29.933,1142,5,2459,1888,11.2326,12.3205
899,29.967,1142,5,2458,1887,10.8688,12.3103
900,30.000,1147,13,2454,1884,11.5237,9.4067
901,30.033,1146,11,2454,1886,11.5978,10.1762
902,30.067,1145,11,2455,1887,13.9588,8.8074
903,30.100,1146,12,2455,1886,12.9533,10.4567
904,30.133,1144,8,2455,1888,11.5597,13.2135
905,30.167,1144,6,2455,1886,12.0387,8.8944
906,30.200,1145,9,2455,1889,4.5214,14.3997
907,30.233,1146,7,2456,1888,4.5801,9.4449
908,30.267,1148,9,2457,1888,-0.1666,11.0672
909,30.300,1150,9,2456,1888,0.5873,12.3215
910,30.333,1152,9,2456,1887,-1.6174,9.7739
911,30.367,1151,11,2457,1889,1.0075,10.5759
912,30.400,1152,11,2457,1888,-0.8509,11.3719
913,30.433,1151,9,2458,1890,0.7118,12.2843
914,30.467,1152,10,2457,1889,-2.1648,13.1270
915,30.500,1154,12,2456,1889,-0.4620,11.8474
916,30.533,1154,12,2457,1888,-1.1319,10.7280
917,30.567,1155,10,2457,1888,-1.7765,9.9717
918,30.600,1155,10,2459,1888,-0.8374,10.5609
919,30.633,1156,13,2458,1887,0.0096,10.9457
920,30.667,1158,16,2458,1885,0.6140,12.1295
921,30.700,1155,15,2457,1889,0.6396,10.3476
922,30.733,1156,15,2458,1889,-0.2928,10.5262
923,30.767,1155,16,2458,1890,-1.0847,10.3959
924,30.800,1151,13,2460,1892,0.6894,11.3092
925,30.833,1152,12,2460,1890,-1.1387,10.5906
926,30.867,1153,13,2459,1889,-1.0636,9.8349
927,30.900,1153,15,2459,1889,0.8169,8.3904
928,30.933,1153,15,2459,1888,-0.8096,9.0175
929,30.967,1154,16,2459,1889,0.7818,6.9297
930,31.000,1152,12,2464,1889,0.3304,11.7630
931,31.033,1152,11,2465,1888,1.5112,11.8476
932,31.067,1152,11,2464,1888,0.8579,11.2440
933,31.100,1152,11,2464,1888,1.0361,10.9673
934,31.133,1153,12,2464,1888,-0.5887,9.0817
935,31.167,1153,13,2464,1889,0.4975,10.4301
936,31.200,1154,16,2464,1889,-1.5776,11.2782
937,31.233,1154,15,2464,1889,-0.9919,9.9504
938,31.267,1153,16,2464,1888,-0.5016,11.2359
939,31.300,1152,15,2464,1887,-0.5341,11.5722
940,31.333,1152,15,2465,1887,-0.9305,12.0836
941,31.367,1152,14,2465,1887,-0.8451,10.5474
942,31.400,1152,14,2464,1887,-0.3816,10.5261
943,31.433,1152,15,2464,1885,-1.2572,12.8782
944,31.467,1152,15,2464,1885,-1.1009,13.0031
945,31.500,1152,15,2464,1885,-1.2186,12.8140
946,31.533,1152,15,2464,1885,-0.8637,12.1923
947,31.567,1151,15,2464,1886,-1.7824,11.2328
948,31.600,1151,16,2463,1886,-2.7477,11.9384
949,31.633,1151,16,2462,1886,-1.8970,11.0204
950,31.667,1152,15,2462,1886,-0.5769,11.1197
951,31.700,1154,14,2462,1885,-1.6619,12.0605
952,31.733,1153,13,2463,1887,-1.3643,13.2730
953,31.767,1153,14,2462,1886,-0.7171,12.1177
954,31.800,1153,12,2461,1885,-0.7028,9.7939
955,31.833,1151,10,2462,1885,-0.8822,13.6891
956,31.867,1150,11,2462,1886,-1.7918,13.9192
957,31.900,1150,11,2462,1886,-1.7230,13.8857
958,31.933,1150,9,2462,1885,-2.1475,13.3636
959,31.967,1151,10,2462,1886,-1.3351,11.2403
960,32.000,1148,13,2464,1886,-2.6590,11.5263
961,32.033,1149,13,2463,1886,-1.6159,13.3729
962,32.067,1150,15,2462,1885,-1.8442,13.7929
963,32.100,1151,13,2463,1886,-2.3687,11.8005
964,32.133,1153,12,2462,1886,-3.7908,10.7673
965,32.167,1155,12,2461,1886,-3.2534,10.6588
966,32.200,1154,13,2461,1885,-2.6387,9.2160
967,32.233,1153,12,2461,1885,-1.3896,10.7697
968,32.267,1154,9,2462,1885,-3.9747,9.5842
969,32.300,1153,9,2463,1886,-2.6798,9.4072
970,32.333,1153,8,2463,1886,-2.7710,11.2535
971,32.367,1153,9,2463,1886,-2.8157,9.1073
972,32.400,1153,8,2463,1886,-2.8749,10.7309
973,32.433,1153,8,2463,1886,-2.8339,11.4796
974,32.467,1153,6,2463,1886,-3.1088,9.6224
975,32.500,1153,7,2463,1886,-3.2997,10.1586
976,32.533,1153,7,2463,1886,-3.1256,9.7635
977,32.567,1150,9,2464,1885,-1.3354,14.5726
978,32.600,1151,11,2464,1885,-2.9528,13.9723
979,32.633,1150,10,2464,1884,-2.2185,14.7435
980,32.667,1150,12,2463,1883,-1.1294,15.2555
981,32.700,1150,13,2464,1882,-1.2328,15.1982
982,32.733,1150,13,2463,1881,-0.7383,14.5947
983,32.767,1149,12,2464,1881,-0.7905,15.1923
984,32.800,1150,14,2463,1879,-0.1862,14.5048
985,32.833,1150,14,2463,1879,-0.4820,13.9463
986,32.867,1150,12,2464,1879,-0.7302,13.2747
987,32.900,1150,13,2463,1880,-0.6805,14.2244
988,32.933,1149,13,2463,1880,0.0220,14.7952
989,32.967,1150,14,2463,1880,-1.0928,13.5474
990,33.000,1151,10,2464,1873,-2.5888,13.5402
991,33.033,1153,13,2462,1873,-1.1562,14.1639
992,33.067,1144,8,2457,1886,-3.3981,9.2379
993,33.100,1143,7,2458,1886,-2.3544,9.7801
994,33.133,1142,10,2458,1886,-2.8825,13.3672
995,33.167,1143,9,2458,1886,-2.5811,11.6208
996,33.200,1143,10,2458,1886,-1.8138,11.8322
997,33.233,1144,9,2459,1885,-1.0759,8.8353
998,33.267,1140,7,2459,1884,3.0448,12.6015
999,33.300,1138,9,2458,1886,5.7252,9.6992
1000,33.333,1139,14,2457,1885,10.3100,4.8850
1001,33.367,1137,9,2457,1884,11.3103,4.8708
1002,33.400,1136,8,2457,1886,10.4020,3.9277
1003,33.433,1134,7,2456,1885,10.2259,4.2966
1004,33.467,1132,7,2456,1884,12.4649,2.7073
1005,33.500,1133,5,2456,1885,13.1343,2.1294
1006,33.533,1133,4,2454,1887,12.5132,3.1787
1007,33.567,1133,8,2454,1885,11.0451,3.7624
1008,33.600,1134,9,2455,1885,10.8761,5.4446
1009,33.633,1134,9,2454,1883,11.2403,5.7798
1010,33.667,1133,13,2455,1884,10.4185,9.2914
1011,33.700,1136,11,2454,1881,11.3136,4.7798
1012,33.733,1136,10,2454,1881,12.8243,6.1926
1013,33.767,1136,10,2455,1881,11.3407,5.3736
1014,33.800,1136,8,2455,1884,9.4301,8.6378
1015,33.833,1136,6,2455,1882,12.3264,6.5224
1016,33.867,1137,7,2455,1880,12.1839,7.2600
1017,33.900,1136,6,2456,1882,11.0725,7.2352
1018,33.933,1136,7,2456,1880,10.5174,7.3745
1019,33.967,1136,4,2457,1881,13.3574,5.3129
1020,34.000,1143,3,2455,1868,11.1189,6.6140
1021,34.033,1143,3,2454,1867,11.3822,8.6031
1022,34.067,1142,3,2455,1867,11.4595,8.6214
1023,34.100,1142,3,2454,1867,11.1582,7.4630
1024,34.133,1142,4,2453,1868,8.7754,8.5446
1025,34.167,1142,5,2453,1869,9.6269,8.0993
1026,34.200,1143,3,2453,1869,11.4278,7.2931
1027,34.233,1142,4,2453,1869,10.4202,9.6482
1028,34.267,1142,4,2452,1868,10.4382,8.3066
1029,34.300,1142,0,2454,1868,11.9304,7.0280
1030,34.333,1143,0,2454,1869,13.0184,7.1572
1031,34.367,1143,0,2454,1867,12.6399,7.6316
1032,34.400,1141,0,2456,1869,12.1617,9.8642
1033,34.433,1139,0,2455,1867,11.3622,9.0465
1034,34.467,1139,0,2455,1867,11.3721,9.1883
1035,34.500,1139,0,2455,1867,11.5771,9.0333
1036,34.533,1138,0,2457,1867,9.5467,8.1882
1037,34.567,1137,0,2457,1868,10.8440,9.1192
1038,34.600,1138,0,2457,1868,9.0810,9.7692
1039,34.633,1137,0,2457,1868,10.7790,8.8795
1040,34.667,1137,0,2458,1870,9.9886,9.6030
1041,34.700,1137,0,2458,1866,10.8988,7.6621
1042,34.733,1138,0,2458,1866,10.1409,8.9661
1043,34.767,1137,0,2458,1865,11.6678,8.8958
1044,34.800,1138,2,2457,1867,11.2094,8.3711
1045,34.833,1136,2,2457,1868,11.4369,11.5039
1046,34.867,1136,1,2457,1868,10.4271,7.3943
1047,34.900,1136,2,2457,1869,10.3824,8.0443
1048,34.933,1137,2,2457,1869,11.1660,7.7168
1049,34.967,1137,1,2457,1865,10.2256,7.7068
1050,35.000,1136,0,2454,1866,11.1909,9.6073
1051,35.033,1136,0,2454,1867,12.7088,9.8584
1052,35.067,1144,0,2455,1866,10.3359,6.1494
1053,35.100,1145,0,2455,1867,9.8612,6.0283
1054,35.133,1128,0,2454,1872,12.8410,2.3655
1055,35.167,1135,0,2456,1871,12.3617,2.8298
1056,35.200,1134,0,2457,1874,12.1787,2.3650
1057,35.233,1131,0,2459,1869,12.2198,4.5591
1058,35.267,1142,0,2459,1867,13.1833,6.5580
1059,35.300,1138,0,2458,1866,13.5952,5.5697
1060,35.333,1140,0,2455,1867,9.9038,6.8719
1061,35.367,1143,0,2455,1870,12.4615,10.0068
1062,35.400,1140,0,2456,1871,10.5174,10.6637
1063,35.433,1139,0,2456,1873,10.6164,10.7041
1064,35.467,1138,0,2456,1874,11.0855,10.8780
1065,35.500,1138,0,2456,1874,11.2126,10.3676
1066,35.533,1139,0,2454,1873,10.9584,9.5905
1067,35.567,1139,0,2454,1874,11.3421,9.3362
1068,35.600,1140,0,2453,1874,11.1701,9.0694
1069,35.633,1140,0,2453,1874,11.2734,9.3546
1070,35.667,1139,0,2453,1874,10.8369,8.9995
1071,35.700,1138,0,2453,1874,11.0587,9.4894
1072,35.733,1138,0,2453,1874,11.0660,9.6230
1073,35.767,1138,0,2453,1874,11.0461,9.8635
1074,35.800,1138,0,2452,1874,11.0927,9.2831
1075,35.833,1138,0,2452,1874,10.4820,9.4037
1076,35.867,1137,0,2452,1874,11.7318,8.9764
1077,35.900,1137,0,2452,1875,11.8556,9.3195
1078,35.933,1136,0,2452,1876,9.8114,10.7757
1079,35.967,1137,0,2453,1878,11.0626,8.4505
1080,36.000,1139,0,2455,1878,11.4889,8.4586
1081,36.033,1138,0,2455,1879,11.6761,8.0237
1082,36.067,1138,0,2455,1879,11.2866,8.5128
1083,36.100,1138,0,2455,1879,11.4588,8.2354
1084,36.133,1138,0,2455,1879,11.5310,7.8763
1085,36.167,1138,0,2455,1876,12.4870,5.7657
1086,36.200,1138,0,2457,1877,10.1543,7.0511
1087,36.233,1137,0,2458,1877,10.6117,6.5883
1088,36.267,1136,0,2461,1877,9.5879,8.3058
1089,36.300,1137,0,2460,1879,10.6640,7.9124
1090,36.333,1136,0,2460,1881,9.0869,8.2311
1091,36.367,1136,0,2460,1880,10.5714,7.4912
1092,36.400,1137,0,2460,1879,9.9689,8.1506
1093,36.433,1137,0,2459,1878,11.2021,8.5262
1094,36.467,1135,0,2460,1878,9.3052,9.0361
1095,36.500,1135,0,2459,1878,11.6885,7.0117
1096,36.533,1134,0,2459,1877,11.5991,8.5911
1097,36.567,1134,0,2460,1877,11.0650,9.0417
1098,36.600,1134,0,2459,1876,12.1729,8.4057
1099,36.633,1134,0,2460,1877,11.1492,9.2541
1100,36.667,1134,0,2459,1877,10.7615,9.2376
1101,36.700,1135,0,2459,1876,11.7840,8.5673
1102,36.733,1135,0,2459,1875,11.7608,8.1453
1103,36.767,1134,0,2460,1876,10.1803,9.7121
1104,36.800,1133,0,2460,1876,9.8953,9.6621
1105,36.833,1131,0,2461,1876,12.6174,8.2891
1106,36.867,1132,0,2461,1876,9.9814,7.3319
1107,36.900,1132,0,2461,1876,10.9227,7.3122
1108,36.933,1132,0,2460,1878,10.3986,8.0912
1109,36.967,1133,0,2458,1877,11.1151,9.7491
1110,37.000,1133,0,2459,1887,9.3750,7.1869
1111,37.033,1135,0,2459,1888,10.2207,9.7277
1112,37.067,1137,0,2459,1888,11.0514,7.8501
1113,37.100,1134,0,2461,1888,11.6044,9.4799
1114,37.133,1135,0,2460,1885,11.4817,8.5816
1115,37.167,1137,0,2459,1887,11.4544,6.8630
1116,37.200,1138,2,2458,1886,11.9523,6.7332
1117,37.233,1137,1,2458,1886,12.0479,8.2118
1118,37.267,1139,3,2457,1886,10.2473,9.6895
1119,37.300,1140,2,2457,1886,10.8327,9.4954
1120,37.333,1141,2,2457,1886,11.4528,7.5198
1121,37.367,1140,2,2456,1886,11.9798,7.5992
1122,37.400,1141,2,2456,1884,12.8657,6.0956
1123,37.433,1140,1,2456,1885,12.7598,6.9033
1124,37.467,1140,1,2456,1884,14.1538,7.1671
1125,37.500,1141,2,2455,1885,14.2082,7.4709
1126,37.533,1140,3,2456,1885,12.8806,9.8172
1127,37.567,1140,1,2456,1884,16.4641,7.7183
1128,37.600,1141,0,2455,1884,15.9478,4.5562
1129,37.633,1141,1,2455,1883,16.5249,7.0363
1130,37.667,1142,0,2456,1883,15.4749,4.0794
1131,37.700,1142,0,2457,1884,15.7550,6.8861
1132,37.733,1142,1,2457,1884,16.1067,6.6967
1133,37.767,1144,2,2457,1885,13.2119,6.6361
1134,37.800,1147,0,2463,1888,13.5086,-5.3360
1135,37.833,1145,0,2463,1887,13.5676,-2.8967
1136,37.867,1134,0,2460,1884,10.9104,4.1608
1137,37.900,1141,0,2459,1885,15.1418,3.4186
1138,37.933,1141,0,2457,1884,17.7943,3.6214
1139,37.967,1136,0,2458,1883,12.0106,-0.0164
1140,38.000,1143,2,2456,1871,11.7370,4.8917
1141,38.033,1145,2,2457,1870,12.9359,5.3447
1142,38.067,1143,0,2457,1872,11.4164,4.4523
1143,38.100,1143,0,2455,1872,11.8424,3.7809
1144,38.133,1143,0,2455,1871,13.0768,5.7523
1145,38.167,1145,0,2455,1872,13.0706,5.6873
1146,38.200,1147,0,2455,1873,14.8096,4.6844
1147,38.233,1146,0,2455,1874,14.8132,5.0443
1148,38.267,1147,0,2457,1874,9.3885,8.7543
1149,38.300,1145,0,2458,1875,8.3863,8.9172
1150,38.333,1147,0,2459,1876,6.5703,6.9360
1151,38.367,1147,0,2460,1876,6.3789,7.3385
1152,38.400,1151,0,2460,1877,8.6506,4.0954
1153,38.433,1149,0,2461,1879,9.9077,6.2601
1154,38.467,1149,0,2460,1878,9.9726,6.6642
1155,38.500,1149,0,2460,1879,9.3765,5.2672
1156,38.533,1149,0,2460,1879,8.8987,6.3614
1157,38.567,1155,7,2457,1879,7.5701,8.9236
1158,38.600,1152,2,2458,1881,9.2899,7.5692
1159,38.633,1151,3,2456,1879,8.9324,9.8806
1160,38.667,1147,0,2456,1883,8.9948,11.6294
1161,38.700,1148,0,2457,1880,9.5559,10.8885
1162,38.733,1149,0,2457,1881,9.4790,11.2223
1163,38.767,1148,0,2458,1880,11.6743,12.4372
1164,38.800,1150,0,2458,1879,7.8139,9.8635
1165,38.833,1151,0,2457,1880,6.3489,11.6901
1166,38.867,1151,0,2457,1879,5.0385,11.1306
1167,38.900,1152,0,2457,1879,6.1573,9.3564
1168,38.933,1152,0,2456,1879,7.4089,9.2745
1169,38.967,1152,0,2456,1879,9.8328,9.3454
1170,39.000,1156,0,2454,1881,8.9037,9.9303
1171,39.033,1155,0,2453,1881,9.0049,9.0799
1172,39.067,1154,0,2451,1880,11.0040,9.4882
1173,39.100,1155,0,2451,1880,9.7751,9.8734
1174,39.133,1153,0,2451,1881,11.9629,9.5810
1175,39.167,1155,0,2452,1882,8.3459,10.4172
1176,39.200,1155,0,2452,1884,7.5292,9.7550
1177,39.233,1155,0,2454,1885,7.4024,8.3996
1178,39.267,1156,0,2455,1885,7.0179,11.5570
1179,39.300,1157,0,2455,1888,8.3369,9.8105
1180,39.333,1157,0,2455,1885,6.6797,10.2774
1181,39.367,1157,0,2457,1888,8.5773,10.0131
1182,39.400,1156,0,2459,1892,6.9422,10.6312
1183,39.433,1158,0,2457,1891,9.5286,6.6596
1184,39.467,1159,0,2457,1891,9.0814,7.4117
1185,39.500,1158,0,2457,1891,9.2304,6.5139
1186,39.533,1159,0,2458,1890,8.8389,7.9746
1187,39.567,1160,0,2457,1888,9.6870,8.3287
1188,39.600,1159,0,2457,1887,11.5377,6.4066
1189,39.633,1159,0,2457,1887,12.2188,6.0756
1190,39.667,1158,0,2459,1888,10.2141,7.8306
1191,39.700,1158,0,2459,1888,9.2824,7.2484
1192,39.733,1153,0,2458,1891,10.9003,-0.3635
1193,39.767,1146,0,2449,1889,11.9104,3.8505
1194,39.800,1146,0,2452,1889,9.9186,1.2753
1195,39.833,1149,0,2454,1890,10.3658,1.4500
1196,39.867,1153,0,2458,1887,10.2360,5.9358
1197,39.900,1153,0,2457,1887,10.1003,9.4979
1198,39.933,1158,0,2457,1886,9.5375,8.7726
1199,39.967,1159,0,2457,1889,11.1220,7.6943
1200,40.000,1157,0,2460,1892,5.4741,6.1992
1201,40.033,1156,0,2460,1892,6.3023,7.6934
1202,40.067,1157,0,2459,1892,8.3611,8.8388
1203,40.100,1157,0,2459,1893,6.4182,6.9907
1204,40.133,1157,0,2460,1893,4.3547,8.8734
1205,40.167,1156,0,2460,1894,6.5886,8.0930
1206,40.200,1156,0,2460,1895,7.0142,7.8983
1207,40.233,1155,0,2461,1895,5.9255,7.4846
1208,40.267,1156,0,2461,1895,8.4060,7.1351
1209,40.300,1153,0,2459,1896,12.8251,7.9462
1210,40.333,1157,0,2459,1895,14.1095,6.3203
1211,40.367,1158,0,2459,1897,14.3646,5.2034
1212,40.400,1162,0,2457,1888,15.1511,5.9151
1213,40.433,1159,0,2457,1890,15.5035,6.4494
1214,40.467,1158,0,2457,1889,16.8394,5.2516
1215,40.500,1158,0,2458,1890,16.2434,5.4790
1216,40.533,1156,0,2455,1888,17.6642,5.6239
1217,40.567,1156,0,2455,1889,17.3413,5.5948
1218,40.600,1156,0,2455,1889,17.1660,5.3387
1219,40.633,1156,0,2455,1889,17.2149,4.9200
1220,40.667,1156,0,2455,1889,17.1853,5.8383
1221,40.700,1156,0,2455,1889,18.2473,4.5866
1222,40.733,1156,0,2454,1888,16.7577,6.1945
1223,40.767,1155,0,2454,1888,17.9873,5.4279
1224,40.800,1157,0,2454,1887,16.3865,4.9604
1225,40.833,1157,0,2454,1888,17.0865,4.4525
1226,40.867,1157,0,2454,1887,16.5525,4.4979
1227,40.900,1157,0,2455,1888,16.0833,5.2197
1228,40.933,1156,0,2455,1886,16.3795,5.9655
1229,40.967,1155,0,2455,1886,18.2530,6.0091
1230,41.000,1155,0,2451,1875,17.8096,8.4670
1231,41.033,1156,0,2451,1874,18.5364,8.6789
1232,41.067,1155,0,2451,1875,18.1048,7.6118
1233,41.100,1155,0,2450,1874,17.8484,9.1367
1234,41.133,1156,0,2451,1875,17.1257,7.5274
1235,41.167,1153,0,2452,1875,19.2110,8.3469
1236,41.200,1156,0,2454,1881,18.1346,6.6144
1237,41.233,1156,0,2454,1881,18.3885,6.4878
1238,41.267,1157,0,2453,1880,19.7270,5.8953
1239,41.300,1157,0,2453,1880,20.0805,5.9337
1240,41.333,1157,0,2452,1881,19.1041,4.8601
1241,41.367,1159,0,2454,1881,18.9251,3.9593
1242,41.400,1159,0,2458,1880,17.4082,0.8903
1243,41.433,1160,0,2459,1881,17.8190,1.0650
1244,41.467,1136,0,2451,1883,21.7937,6.4716
1245,41.500,1141,0,2453,1884,17.1915,2.6518
1246,41.533,1146,0,2453,1881,13.9881,1.8036
1247,41.567,1155,0,2457,1876,11.0236,4.2538
1248,41.600,1159,0,2455,1875,11.7002,5.3946
1249,41.633,1160,0,2454,1875,12.3530,4.5914
1250,41.667,1162,0,2454,1876,11.6855,4.7909
1251,41.700,1163,0,2455,1878,12.1783,6.9210
1252,41.733,1162,0,2455,1879,12.2706,8.2396
1253,41.767,1160,0,2455,1880,9.7066,7.8950
1254,41.800,1159,0,2455,1881,10.3380,5.4791
1255,41.833,1157,0,2453,1879,13.3588,5.9768
1256,41.867,1158,0,2453,1878,14.1054,5.7690
1257,41.900,1157,0,2454,1879,13.5483,5.6686
1258,41.933,1157,0,2454,1879,12.4194,6.7584
1259,41.967,1157,0,2454,1879,12.5316,6.8678
1260,42.000,1153,4,2458,1883,10.3147,7.4297
1261,42.033,1153,4,2458,1882,10.7812,9.1411
1262,42.067,1152,3,2457,1881,10.3017,7.6038
1263,42.100,1153,3,2458,1881,9.8128,6.8401
1264,42.133,1154,3,2456,1879,8.8503,8.5049
1265,42.167,1155,5,2456,1881,6.9082,9.2121
1266,42.200,1155,5,2456,1881,7.1756,9.7801
1267,42.233,1156,5,2456,1881,7.1223,10.9900
1268,42.267,1158,5,2455,1881,10.8204,8.5750
1269,42.300,1156,5,2457,1881,11.1216,10.1399
1270,42.333,1158,3,2456,1881,15.5265,7.1703
1271,42.367,1157,3,2456,1881,15.9716,8.7123
1272,42.400,1156,4,2456,1880,16.1433,9.6110
1273,42.433,1155,2,2456,1880,15.4892,7.4634
1274,42.467,1154,0,2455,1878,15.7340,7.0822
1275,42.500,1153,1,2455,1879,16.6121,6.1150
1276,42.533,1152,0,2457,1880,16.0537,6.1065
1277,42.567,1151,0,2456,1881,17.8044,5.5432
1278,42.600,1152,0,2456,1881,17.3515,6.1248
1279,42.633,1152,0,2456,1880,17.0714,5.4552
1280,42.667,1152,0,2456,1884,18.5970,6.9674
1281,42.700,1152,0,2457,1885,18.3019,7.3436
1282,42.733,1152,0,2456,1885,18.0569,7.1274
1283,42.767,1151,0,2456,1886,18.2599,5.4538
1284,42.800,1151,0,2457,1886,17.7513,6.3604
1285,42.833,1151,0,2458,1887,18.8610,6.4966
1286,42.867,1150,0,2459,1887,18.6264,5.6692
1287,42.900,1149,0,2459,1885,18.5050,6.2970
1288,42.933,1151,0,2459,1883,22.2377,2.9633
1289,42.967,1150,0,2459,1882,24.0472,2.4096
1290,43.000,1153,0,2456,1882,22.0255,3.5671
1291,43.033,1154,0,2455,1881,22.5681,2.8779
1292,43.067,1154,0,2456,1881,23.2306,3.3750
1293,43.100,1155,0,2456,1881,23.6869,3.4732
1294,43.133,1155,0,2454,1880,21.6885,4.2099
1295,43.167,1155,0,2455,1880,23.1086,3.7502
1296,43.200,1155,0,2455,1881,23.3739,3.3745
1297,43.233,1156,0,2455,1880,23.0395,4.6966
1298,43.267,1157,0,2454,1879,22.6388,5.5981
1299,43.300,1156,0,2456,1880,22.7643,3.3757
1300,43.333,1156,0,2457,1881,23.0855,4.8542
1301,43.367,1157,0,2457,1880,23.0092,4.4444
1302,43.400,1157,0,2458,1882,22.5033,3.2405
1303,43.433,1158,0,2459,1882,22.1276,1.8054
1304,43.467,1158,0,2459,1884,22.0686,2.3853
1305,43.500,1157,0,2460,1888,22.0944,3.7926
1306,43.533,1156,0,2460,1886,23.4521,5.1803
1307,43.567,1155,0,2460,1886,24.3945,4.9416
1308,43.600,1155,0,2461,1885,24.7855,6.5228
1309,43.633,1155,0,2461,1885,24.4767,6.5907
1310,43.667,1154,0,2460,1883,22.8903,5.8267
1311,43.700,1155,0,2460,1883,24.5974,7.3251
1312,43.733,1155,0,2461,1884,24.3281,6.6100
1313,43.767,1154,0,2461,1884,22.1612,5.8494
1314,43.800,1154,0,2461,1882,23.0546,6.0963
1315,43.833,1153,0,2463,1884,23.1263,6.0379
1316,43.867,1151,0,2463,1884,22.5375,4.2029
1317,43.900,1151,0,2462,1884,22.5619,4.4756
1318,43.933,1151,0,2463,1886,22.8224,5.9124
1319,43.967,1152,0,2462,1886,21.2970,6.7611
1320,44.000,1153,0,2461,1885,20.7426,4.8908
1321,44.033,1152,0,2460,1884,21.7642,4.7614
1322,44.067,1151,0,2460,1885,20.4244,6.2914
1323,44.100,1154,0,2461,1885,19.7693,6.5014
1324,44.133,1154,0,2462,1884,20.5648,6.1595
1325,44.167,1134,0,2463,1891,20.2824,-1.3343
1326,44.200,1141,0,2459,1886,25.4671,2.5425
1327,44.233,1140,0,2460,1888,19.1832,0.8858
1328,44.267,1148,5,2465,1885,17.4810,4.1109
1329,44.300,1157,4,2464,1885,22.3354,1.7408
1330,44.333,1155,6,2465,1885,22.4831,0.3193
1331,44.367,1155,0,2465,1886,20.9761,1.9951
1332,44.400,1155,0,2463,1886,18.9833,5.0748
1333,44.433,1156,0,2465,1886,18.6311,6.9864
1334,44.467,1157,0,2465,1888,18.5850,6.4901
1335,44.500,1157,0,2466,1887,20.6885,8.2168
1336,44.533,1159,0,2467,1886,18.7632,6.4350
1337,44.567,1160,0,2467,1885,18.1223,4.3044
1338,44.600,1160,0,2468,1887,18.4454,3.9132
1339,44.633,1160,0,2467,1886,18.9778,3.5382
1340,44.667,1160,0,2467,1885,18.8057,4.1168
1341,44.700,1160,0,2465,1883,21.9173,5.0481
1342,44.733,1159,0,2466,1883,21.4208,4.5501
1343,44.767,1159,0,2466,1883,21.9810,4.8322
1344,44.800,1160,0,2467,1880,22.2928,3.2054
1345,44.833,1159,0,2467,1882,22.1769,3.4337
1346,44.867,1159,0,2467,1882,22.3228,3.7619
1347,44.900,1159,0,2467,1882,22.4111,3.9119
1348,44.933,1158,0,2468,1884,22.6488,4.3272
1349,44.967,1158,0,2467,1884,23.7901,5.3251
1350,45.000,1153,0,2464,1881,25.1381,2.0497
1351,45.033,1153,0,2464,1881,24.9998,2.4999
1352,45.067,1153,0,2464,1881,25.7073,2.7427
1353,45.100,1152,0,2464,1881,25.7552,2.5508
1354,45.133,1152,0,2465,1882,25.8108,2.0369
1355,45.167,1153,0,2464,1881,25.9850,1.6403
1356,45.200,1153,0,2464,1881,25.9427,1.5853
1357,45.233,1153,0,2465,1881,25.1788,1.0855
1358,45.267,1153,0,2465,1881,25.4098,1.4498
1359,45.300,1152,0,2464,1880,25.5044,2.9738
1360,45.333,1153,0,2464,1880,26.5396,0.8855
1361,45.367,1153,0,2463,1878,23.0160,1.6436
1362,45.400,1156,0,2463,1878,24.0325,2.9681
1363,45.433,1159,0,2460,1878,23.3439,4.0694
1364,45.467,1160,0,2460,1876,23.9668,2.3364
1365,45.500,1159,0,2459,1876,23.2145,0.9951
1366,45.533,1155,0,2462,1879,21.7350,-5.9333
1367,45.567,1147,0,2452,1879,25.3373,-0.6440
1368,45.600,1146,0,2452,1881,27.4310,1.0251
1369,45.633,1148,0,2459,1889,20.0724,0.7551
1370,45.667,1152,3,2460,1881,17.8618,3.7121
1371,45.700,1149,6,2461,1881,17.3794,2.1810
1372,45.733,1154,0,2463,1882,19.0308,3.3901
1373,45.767,1157,0,2463,1883,18.9922,6.6361
1374,45.800,1157,0,2463,1885,20.5673,5.1905
1375,45.833,1155,0,2463,1887,18.8743,3.3869
1376,45.867,1153,0,2463,1886,21.7491,6.6828
1377,45.900,1153,0,2463,1885,21.6669,7.0202
1378,45.933,1152,0,2463,1885,21.4484,6.4007
1379,45.967,1154,0,2463,1886,17.9482,5.5049
1380,46.000,1156,0,2462,1884,18.6231,5.3693
1381,46.033,1154,0,2464,1886,18.3367,4.8450
1382,46.067,1154,0,2463,1887,18.0958,5.7307
1383,46.100,1154,0,2462,1887,18.0435,5.0282
1384,46.133,1154,0,2461,1885,19.6489,6.0654
1385,46.167,1153,0,2461,1884,17.5282,5.4525
1386,46.200,1153,0,2461,1884,17.4970,5.5137
1387,46.233,1153,0,2461,1884,16.5176,3.9866
1388,46.267,1153,0,2459,1880,19.0861,3.9872
1389,46.300,1156,0,2458,1877,22.6963,6.6459
1390,46.333,1155,0,2460,1877,21.3159,6.4093
1391,46.367,1158,0,2460,1876,19.8301,5.6334
1392,46.400,1161,0,2459,1874,18.3972,6.1063
1393,46.433,1166,0,2455,1872,16.9004,6.3546
1394,46.467,1169,0,2456,1874,9.6078,7.3221
1395,46.500,1168,0,2456,1875,9.3889,7.0584
1396,46.533,1170,0,2457,1876,10.1647,5.5161
1397,46.567,1169,0,2455,1875,10.6694,7.6484
1398,46.600,1168,0,2457,1877,10.1062,8.3573
1399,46.633,1165,0,2455,1877,12.4478,6.8416
1400,46.667,1167,6,2452,1870,9.2362,9.8250
1401,46.700,1164,9,2454,1873,12.7999,9.5554
1402,46.733,1165,9,2454,1873,12.6603,9.4831
1403,46.767,1164,12,2454,1872,10.6088,9.3011
1404,46.800,1161,6,2456,1871,10.7904,9.3097
1405,46.833,1161,8,2456,1871,12.9961,7.8526
1406,46.867,1161,7,2456,1871,13.0592,8.1525
1407,46.900,1161,7,2456,1871,13.2095,8.0648
1408,46.933,1161,8,2455,1870,12.3580,8.9734
1409,46.967,1163,8,2456,1869,12.0569,6.8873
1410,47.000,1166,9,2460,1868,10.9484,10.2840
1411,47.033,1167,10,2459,1868,7.5252,10.1604
1412,47.067,1168,10,2459,1867,8.3358,11.2079
1413,47.100,1168,10,2459,1868,7.1257,10.1277
1414,47.133,1169,12,2459,1868,7.3723,11.2408
1415,47.167,1170,11,2460,1868,11.0786,11.5171
1416,47.200,1170,12,2460,1869,11.2653,12.4480
1417,47.233,1170,11,2460,1868,9.5364,12.1390
1418,47.267,1169,14,2460,1868,11.4985,11.6124
1419,47.300,1168,13,2459,1869,8.6438,13.4576
1420,47.333,1168,13,2460,1870,10.9025,11.8676
1421,47.367,1168,13,2458,1869,7.9400,12.7605
1422,47.400,1168,14,2457,1866,10.4987,11.8463
1423,47.433,1169,14,2457,1868,10.6591,11.5998
1424,47.467,1169,14,2458,1869,11.9058,12.6249
1425,47.500,1169,14,2458,1869,11.3511,12.7343
1426,47.533,1170,15,2457,1870,13.1783,12.0872
1427,47.567,1171,15,2456,1869,11.2921,12.9926
1428,47.600,1171,15,2456,1870,12.1747,12.9543
1429,47.633,1171,15,2456,1870,12.0049,13.5140
1430,47.667,1172,14,2458,1870,11.8157,12.9399
1431,47.700,1172,13,2457,1867,10.2157,12.8218
1432,47.733,1171,13,2457,1868,12.3175,13.2311
1433,47.767,1172,14,2457,1867,11.1582,13.4714
1434,47.800,1171,15,2457,1866,9.4294,10.5270
1435,47.833,1172,15,2456,1866,12.5104,13.2610
1436,47.867,1172,15,2457,1865,12.9283,12.3228
1437,47.900,1172,13,2457,1866,9.5378,12.1458
1438,47.933,1173,11,2458,1867,10.1284,9.1793
1439,47.967,1174,0,2460,1869,10.1987,2.2864
1440,48.000,1160,18,2453,1849,12.9434,-0.3194
1441,48.033,1160,17,2454,1850,15.9482,1.4315
1442,48.067,1165,13,2451,1850,10.3514,6.9772
1443,48.100,1167,10,2458,1860,16.1245,3.1730
1444,48.133,1166,11,2457,1861,15.7330,6.6625
1445,48.167,1169,2,2458,1862,12.2360,6.9412
1446,48.200,1167,11,2458,1864,13.0157,8.5700
1447,48.233,1169,8,2458,1864,13.3398,11.3513
1448,48.267,1168,8,2458,1866,11.4563,11.5882
1449,48.300,1168,7,2458,1866,13.1803,11.2771
1450,48.333,1168,11,2459,1867,12.0121,9.7628
1451,48.367,1168,10,2459,1867,11.8379,10.7735
1452,48.400,1168,7,2460,1869,10.2879,12.5838
1453,48.433,1167,6,2462,1871,9.4598,12.1861
1454,48.467,1168,8,2462,1871,11.9614,11.9212
1455,48.500,1166,5,2462,1870,9.4734,11.2141
1456,48.533,1165,5,2460,1870,11.3445,8.9315
1457,48.567,1166,2,2462,1874,13.7332,9.4913
1458,48.600,1160,7,2462,1878,13.9246,8.8603
1459,48.633,1159,3,2464,1878,15.2620,8.7322
1460,48.667,1164,0,2453,1873,15.7206,8.8137
1461,48.700,1165,0,2454,1872,14.0381,10.2074
1462,48.733,1165,0,2454,1871,14.3893,10.4760
1463,48.767,1165,0,2454,1871,14.1707,10.3109
1464,48.800,1164,0,2455,1872,13.8283,8.8300
1465,48.833,1164,0,2454,1873,14.4701,8.9966
1466,48.867,1163,0,2454,1874,15.1427,8.7652
1467,48.900,1163,0,2453,1874,13.5731,9.8089
1468,48.933,1163,0,2452,1875,11.4566,9.1122
1469,48.967,1163,0,2452,1875,10.0044,9.9202
1470,49.000,1164,0,2456,1870,8.1209,10.7274
1471,49.033,1163,0,2456,1869,8.3364,11.6715
1472,49.067,1163,0,2457,1869,8.4080,12.0760
1473,49.100,1163,0,2456,1868,7.8487,12.2984
1474,49.133,1164,0,2456,1867,7.8664,11.8107
1475,49.167,1165,0,2457,1867,8.2097,13.9546
1476,49.200,1165,0,2457,1868,9.1873,13.9030
1477,49.233,1166,0,2455,1866,13.3542,10.0851
1478,49.267,1167,0,2456,1866,12.2275,10.4591
1479,49.300,1167,0,2457,1866,12.1656,10.4099
1480,49.333,1167,0,2457,1867,11.3608,10.9462
1481,49.367,1166,0,2455,1865,11.1781,10.2640
1482,49.400,1167,0,2454,1863,10.9847,9.7244
1483,49.433,1167,0,2455,1864,11.1084,10.8997
1484,49.467,1168,0,2455,1865,12.2256,10.6705
1485,49.500,1167,0,2456,1865,12.1008,8.7243
1486,49.533,1166,0,2456,1864,14.8686,10.2654
1487,49.567,1155,0,2450,1867,17.7125,3.3959
1488,49.600,1159,1,2452,1866,17.8815,0.1692
1489,49.633,1148,0,2450,1857,12.7059,-2.2972
1490,49.667,1163,7,2452,1865,19.7498,4.3599
1491,49.700,1166,9,2449,1851,19.0820,7.1720
1492,49.733,1167,14,2456,1864,19.4894,8.6893
1493,49.767,1167,4,2455,1861,19.9291,8.7302
1494,49.800,1165,6,2456,1861,18.7226,6.6414
1495,49.833,1166,4,2454,1862,19.2629,10.0076
1496,49.867,1166,7,2455,1862,19.0018,9.8513
1497,49.900,1164,8,2455,1863,17.9261,12.0406
1498,49.933,1164,11,2455,1863,18.0335,9.3834
1499,49.967,1165,10,2456,1863,18.4166,12.1781
1500,50.000,1167,19,2455,1868,19.7080,9.4233
1501,50.033,1164,17,2456,1867,19.5273,6.2843
1502,50.067,1164,18,2456,1868,18.8090,7.3129
1503,50.100,1162,17,2458,1868,17.0479,10.0689
1504,50.133,1163,16,2455,1868,20.4551,7.9158
1505,50.167,1163,17,2455,1868,18.2551,6.3786
1506,50.200,1163,16,2455,1868,20.8922,7.8153
1507,50.233,1163,16,2455,1869,19.9653,7.8052
1508,50.267,1164,15,2455,1869,19.8334,5.7696
1509,50.300,1162,12,2456,1869,20.2693,7.0757
1510,50.333,1163,13,2456,1869,21.1503,7.4025
1511,50.367,1163,15,2455,1868,15.5323,9.4657
1512,50.400,1164,16,2456,1867,14.0532,9.6157
1513,50.433,1166,14,2454,1868,13.9436,11.9975
1514,50.467,1166,14,2455,1868,13.0253,10.5916
1515,50.500,1167,12,2453,1866,13.7367,9.9480
1516,50.533,1168,15,2453,1868,11.3821,7.3909
1517,50.567,1169,16,2452,1867,12.1251,8.6510
1518,50.600,1169,15,2452,1866,11.8863,7.9254
1519,50.633,1170,16,2451,1867,13.3585,9.3417
1520,50.667,1171,14,2452,1866,11.6791,7.8332
1521,50.700,1170,15,2450,1867,12.7712,8.8183
1522,50.733,1170,16,2450,1867,12.2698,9.7443
1523,50.767,1172,17,2450,1866,11.2769,8.3497
1524,50.800,1172,19,2448,1864,13.3055,10.8445
1525,50.833,1172,20,2448,1869,13.1030,10.6934
1526,50.867,1171,18,2447,1865,15.3872,12.2069
1527,50.900,1172,15,2449,1867,11.8707,10.1121
1528,50.933,1174,15,2449,1868,11.1484,10.2466
1529,50.967,1173,14,2449,1867,10.0155,9.3490
1530,51.000,1176,10,2445,1866,9.0757,13.5754
1531,51.033,1176,12,2446,1868,8.9370,14.1152
1532,51.067,1175,6,2447,1866,11.6794,9.5219
1533,51.100,1174,7,2446,1864,12.0679,9.6008
1534,51.133,1174,7,2445,1863,12.1571,9.6026
1535,51.167,1172,5,2445,1863,14.6940,9.8478
1536,51.200,1172,5,2446,1864,13.0941,11.4009
1537,51.233,1171,5,2448,1866,14.2094,8.0027
1538,51.267,1172,5,2448,1865,14.5603,10.7411
1539,51.300,1171,4,2447,1866,14.3373,9.4090
1540,51.333,1171,6,2447,1867,14.1645,9.3385
1541,51.367,1172,5,2447,1867,13.0979,12.1967
1542,51.400,1172,8,2448,1870,13.4374,10.1423
1543,51.433,1174,10,2448,1870,12.5472,10.8566
1544,51.467,1174,0,2450,1871,12.8667,2.4110
1545,51.500,1156,0,2445,1852,13.1759,0.6696
1546,51.533,1154,0,2446,1856,12.6030,-4.0692
1547,51.567,1160,0,2447,1856,9.0599,-9.1151
1548,51.600,1157,0,2444,1857,8.7846,-10.2913
1549,51.633,1158,0,2444,1857,11.2100,-8.5815
1550,51.667,1166,0,2449,1862,19.1708,3.5658
1551,51.700,1167,0,2451,1862,17.1396,3.9213
1552,51.733,1167,5,2452,1872,14.1479,3.5581
1553,51.767,1173,11,2448,1871,18.0760,6.0904
1554,51.800,1174,11,2448,1872,15.7857,7.6149
1555,51.833,1176,6,2447,1875,17.2888,13.5758
1556,51.867,1178,0,2447,1875,15.1870,12.6981
1557,51.900,1178,4,2446,1873,16.2717,11.4277
1558,51.933,1178,4,2447,1871,18.2452,12.2959
1559,51.967,1177,5,2447,1870,16.8918,13.6315
1560,52.000,1181,6,2448,1872,16.8952,12.4193
1561,52.033,1181,5,2449,1873,16.2054,11.7991
1562,52.067,1181,5,2449,1873,16.4132,11.9334
1563,52.100,1181,6,2448,1874,17.4786,14.5888
1564,52.133,1182,7,2448,1872,18.4119,14.0873
1565,52.167,1183,7,2450,1871,17.0255,13.8450
1566,52.200,1183,8,2450,1871,18.5530,12.9230
1567,52.233,1184,10,2450,1872,15.9972,10.6280
1568,52.267,1185,10,2450,1873,16.4682,11.4043
1569,52.300,1183,12,2451,1873,16.4041,12.1275
1570,52.333,1183,12,2452,1873,16.7746,12.3678
1571,52.367,1183,15,2454,1875,15.3180,10.3624
1572,52.400,1183,16,2455,1874,16.1557,11.6061
1573,52.433,1183,16,2454,1873,15.6042,9.9980
1574,52.467,1183,16,2454,1873,15.3711,9.9779
1575,52.500,1183,16,2455,1874,15.9984,10.8097
1576,52.533,1183,16,2454,1873,15.6499,10.0982
1577,52.567,1183,16,2454,1870,15.8750,9.3645
1578,52.600,1183,16,2454,1872,14.0633,10.5890
1579,52.633,1183,16,2453,1872,14.2095,12.1670
1580,52.667,1184,16,2454,1872,14.3508,11.2419
1581,52.700,1183,10,2453,1868,16.7326,10.9448
1582,52.733,1182,10,2453,1870,16.7706,11.9983
1583,52.767,1180,14,2454,1872,9.7151,12.3958
1584,52.800,1180,13,2454,1869,10.7773,13.6190
1585,52.833,1180,14,2452,1868,10.4163,14.6360
1586,52.867,1179,15,2452,1868,7.4182,13.1413
1587,52.900,1179,16,2453,1867,8.1343,13.1901
1588,52.933,1179,14,2454,1868,10.0938,13.9516
1589,52.967,1180,15,2454,1867,11.7834,12.7395
1590,53.000,1182,24,2451,1864,11.2604,13.9326
1591,53.033,1182,23,2450,1863,9.7244,11.6481
1592,53.067,1181,22,2450,1863,9.8927,11.5398
1593,53.100,1182,22,2450,1863,11.0563,11.6170
1594,53.133,1181,22,2449,1864,9.8960,11.2796
1595,53.167,1181,21,2450,1863,10.9559,11.5267
1596,53.200,1182,20,2449,1863,12.0950,11.5450
1597,53.233,1181,20,2449,1863,11.7896,10.1467
1598,53.267,1181,23,2450,1863,11.8129,8.9291
1599,53.300,1181,22,2449,1862,11.9621,12.1928
1600,53.333,1181,21,2449,1863,10.9961,11.5949
1601,53.367,1181,21,2449,1862,10.5225,10.9990
1602,53.400,1181,22,2449,1863,11.0799,11.5140
1603,53.433,1181,22,2449,1862,12.3782,12.1319
1604,53.467,1181,22,2449,1862,10.8320,12.3167
1605,53.500,1181,22,2449,1862,10.3343,11.7929
1606,53.533,1181,21,2450,1863,9.3328,10.4536
1607,53.567,1180,21,2448,1862,8.0289,11.7233
1608,53.600,1183,12,2447,1864,9.5632,6.8639
1609,53.633,1182,12,2448,1865,9.8460,8.6368
1610,53.667,1181,10,2448,1865,11.7323,8.5546
1611,53.700,1181,8,2451,1871,11.2472,11.9225
1612,53.733,1181,5,2453,1872,10.8342,11.2266
1613,53.767,1180,6,2452,1872,13.9883,11.8474
1614,53.800,1180,3,2454,1874,14.2194,11.6137
1615,53.833,1181,3,2455,1874,13.8868,10.8473
1616,53.867,1180,2,2455,1873,12.9169,11.1129
1617,53.900,1180,2,2455,1873,13.5852,11.1431
1618,53.933,1180,3,2455,1873,13.8890,10.4556
1619,53.967,1181,1,2456,1874,13.6520,10.8805
1620,54.000,1180,5,2458,1876,16.1009,8.6725
1621,54.033,1180,4,2458,1877,14.7767,9.4067
1622,54.067,1180,5,2458,1877,16.6528,9.7979
1623,54.100,1179,5,2458,1877,13.7500,9.6790
1624,54.133,1178,0,2457,1876,13.9937,11.4094
1625,54.167,1178,0,2454,1873,11.2867,9.1642
1626,54.200,1152,0,2449,1868,16.0006,0.6584
1627,54.233,1154,0,2450,1867,14.1917,-1.0556
1628,54.267,1154,0,2448,1870,19.5957,-2.8874
1629,54.300,1167,0,2445,1874,14.1964,6.9842
1630,54.333,1164,0,2443,1873,14.8716,7.2316
1631,54.367,1176,7,2448,1872,12.9762,10.7446
1632,54.400,1179,0,2447,1872,11.9775,11.7215
1633,54.433,1181,3,2448,1869,12.9507,9.7693
1634,54.467,1181,1,2447,1870,12.4814,10.9491
1635,54.500,1182,8,2450,1873,14.2140,13.1792
1636,54.533,1182,9,2449,1871,13.8547,13.0627
1637,54.567,1181,8,2448,1868,14.0552,14.2985
1638,54.600,1181,7,2449,1869,14.1025,13.2816
1639,54.633,1181,7,2447,1868,16.3150,12.2016
1640,54.667,1181,7,2447,1867,17.3520,12.4204
1641,54.700,1180,7,2446,1866,17.0836,12.4077
1642,54.733,1180,8,2445,1867,17.3618,13.0523
1643,54.767,1180,7,2445,1866,15.4980,13.0736
1644,54.800,1179,8,2444,1866,15.9520,13.2480
1645,54.833,1179,11,2441,1865,14.8704,13.6653
1646,54.867,1179,11,2442,1865,13.5336,13.2649
1647,54.900,1178,10,2443,1866,14.3226,12.2566
1648,54.933,1178,13,2444,1867,14.0572,12.8137
1649,54.967,1179,14,2443,1868,15.7039,11.7108
1650,55.000,1177,15,2446,1863,13.1559,11.5953
1651,55.033,1177,12,2446,1861,12.2377,10.9459
1652,55.067,1176,10,2447,1862,12.1369,8.7264
1653,55.100,1176,8,2448,1861,13.8646,8.5674
1654,55.133,1176,9,2447,1862,15.2004,10.5436
1655,55.167,1177,9,2446,1861,16.7152,12.9161
1656,55.200,1177,10,2447,1861,15.4713,8.0934
1657,55.233,1177,10,2446,1861,15.9637,10.1201
1658,55.267,1179,9,2447,1861,14.5789,12.4123
1659,55.300,1179,8,2447,1861,13.6771,11.5728
1660,55.333,1179,6,2448,1861,15.5640,11.4051
1661,55.367,1180,7,2448,1861,14.6064,13.1192
1662,55.400,1180,7,2448,1860,14.0831,10.1353
1663,55.433,1178,3,2448,1860,17.9720,10.8295
1664,55.467,1180,4,2447,1860,17.8851,10.0686
1665,55.500,1180,5,2447,1860,18.4647,10.8069
1666,55.533,1180,5,2447,1860,18.3919,10.5259
1667,55.567,1180,6,2447,1861,19.4477,11.9441
1668,55.600,1179,5,2448,1861,17.6850,10.9151
1669,55.633,1178,3,2449,1862,16.9627,8.7206
1670,55.667,1178,3,2450,1864,16.8871,9.3542
1671,55.700,1178,3,2452,1864,16.6703,10.6066
1672,55.733,1177,3,2451,1864,17.1816,9.5845
1673,55.767,1177,3,2451,1864,17.3726,9.6287
1674,55.800,1178,5,2452,1865,16.0043,10.1847
1675,55.833,1178,9,2453,1868,13.3127,9.5414
1676,55.867,1179,10,2452,1866,12.7260,9.3391
1677,55.900,1179,9,2452,1865,14.9534,9.3275
1678,55.933,1180,11,2452,1865,13.6674,8.3822
1679,55.967,1182,13,2451,1862,13.6251,8.9335
1680,56.000,1185,15,2455,1864,8.9086,8.6246
1681,56.033,1185,16,2456,1863,9.8405,7.7624
1682,56.067,1185,15,2455,1863,9.4008,9.1087
1683,56.100,1185,17,2455,1863,8.6678,9.3713
1684,56.133,1185,17,2456,1863,7.8323,11.5920
1685,56.167,1184,16,2456,1862,9.1298,10.5533
1686,56.200,1184,16,2456,1862,8.9135,10.6308
1687,56.233,1184,17,2456,1862,8.9167,12.4589
1688,56.267,1184,16,2458,1862,9.0620,11.4181
1689,56.300,1179,20,2456,1866,10.3517,11.1293
1690,56.333,1179,17,2454,1863,10.0097,10.4255
1691,56.367,1179,12,2457,1867,9.5332,7.7725
1692,56.400,1181,6,2461,1869,12.3036,9.2221
1693,56.433,1180,7,2461,1870,13.4434,8.6537
1694,56.467,1181,7,2459,1870,12.5583,9.0760
1695,56.500,1180,9,2461,1872,12.7164,8.1839
1696,56.533,1180,13,2461,1872,9.4601,7.5676
1697,56.567,1179,13,2463,1873,7.9101,10.1351
1698,56.600,1179,13,2463,1873,7.7987,9.9445
1699,56.633,1180,13,2463,1876,7.3993,9.9709
1700,56.667,1180,13,2464,1877,5.7237,11.1138
1701,56.700,1180,12,2465,1878,6.3969,11.4046
1702,56.733,1180,14,2464,1876,6.0100,12.1674
1703,56.767,1180,17,2463,1876,4.6403,13.0626
1704,56.800,1180,15,2464,1876,5.8676,10.6949
1705,56.833,1181,12,2464,1876,5.8986,10.0385
1706,56.867,1180,12,2464,1875,5.3872,10.1554
1707,56.900,1179,13,2465,1877,4.3575,10.7988
1708,56.933,1180,11,2465,1878,5.7356,11.1501
1709,56.967,1179,9,2464,1879,9.1857,7.5697
1710,57.000,1175,9,2460,1880,8.5932,7.8411
1711,57.033,1174,10,2461,1881,7.8792,6.6315
1712,57.067,1177,6,2458,1876,12.3333,11.2948
1713,57.100,1180,6,2457,1876,10.4558,8.1055
1714,57.133,1180,9,2457,1874,11.5206,8.1955
1715,57.167,1180,9,2453,1873,8.2939,8.5497
1716,57.200,1180,10,2451,1872,9.5077,9.0013
1717,57.233,1179,10,2451,1872,9.7383,8.7366
1718,57.267,1179,9,2451,1873,8.9720,8.8424
1719,57.300,1178,12,2452,1872,11.1308,7.3233
1720,57.333,1178,11,2451,1872,12.3613,7.1668
1721,57.367,1177,10,2451,1872,12.1520,7.4305
1722,57.400,1177,11,2452,1872,12.8069,6.8575
1723,57.433,1177,12,2451,1873,12.0000,9.1188
1724,57.467,1178,13,2451,1873,10.9565,7.6322
1725,57.500,1178,13,2452,1872,11.7334,4.9770
1726,57.533,1178,14,2452,1873,10.9888,7.5782
1727,57.567,1178,12,2453,1871,11.1820,6.2386
1728,57.600,1179,11,2454,1872,12.0850,7.7618
1729,57.633,1179,11,2454,1872,12.2517,7.3365
1730,57.667,1181,12,2455,1871,12.8956,9.1280
1731,57.700,1182,15,2458,1874,11.6076,11.7541
1732,57.733,1182,14,2458,1874,11.1679,12.5841
1733,57.767,1181,15,2458,1874,12.6342,11.8516
1734,57.800,1183,15,2459,1876,12.3849,9.2596
1735,57.833,1184,15,2459,1876,12.2807,9.5245
1736,57.867,1185,14,2459,1875,9.3435,11.5262
1737,57.900,1184,16,2457,1874,12.7150,9.1112
1738,57.933,1184,12,2458,1875,13.0310,11.3558
1739,57.967,1184,12,2458,1876,11.9816,10.8298
1740,58.000,1183,10,2463,1880,7.8665,11.4890
1741,58.033,1183,12,2465,1880,11.2322,9.9490
1742,58.067,1184,11,2464,1880,9.3642,9.6514
1743,58.100,1184,14,2463,1878,12.2190,9.9062
1744,58.133,1184,14,2464,1879,11.1617,9.0732
1745,58.167,1184,15,2464,1880,9.4273,8.7849
1746,58.200,1184,14,2464,1880,12.1329,11.0071
1747,58.233,1183,15,2464,1881,10.2251,9.7174
1748,58.267,1184,14,2464,1880,12.6363,11.5463
1749,58.300,1184,14,2463,1879,11.2823,11.3123
1750,58.333,1184,12,2464,1879,10.0362,8.9106
1751,58.367,1185,12,2462,1879,9.9038,9.9816
1752,58.400,1184,13,2463,1879,11.9083,10.5585
1753,58.433,1184,11,2462,1875,12.3520,10.8813
1754,58.467,1183,15,2462,1875,11.6441,11.6537
1755,58.500,1182,14,2462,1875,11.9144,11.6441
1756,58.533,1181,13,2464,1875,8.9243,10.8103
1757,58.567,1180,9,2464,1872,9.7843,11.5880
1758,58.600,1179,6,2464,1872,9.2850,11.6153
1759,58.633,1179,5,2464,1872,8.8830,11.2234
1760,58.667,1178,1,2464,1872,12.8705,11.1537
1761,58.700,1176,0,2464,1872,10.5156,11.0917
1762,58.733,1178,0,2465,1874,11.6521,11.7099
1763,58.767,1178,2,2465,1874,11.7610,9.5175
1764,58.800,1178,2,2465,1874,11.7918,9.6796
1765,58.833,1177,0,2466,1876,12.0722,10.1931
1766,58.867,1177,0,2467,1876,9.9556,9.6870
1767,58.900,1178,0,2467,1877,9.5176,9.8231
1768,58.933,1177,0,2469,1878,8.2298,9.1513
1769,58.967,1176,0,2472,1886,11.0637,8.9381
1770,59.000,1177,0,2475,1886,10.1432,9.0111
1771,59.033,1177,0,2474,1886,11.4438,8.9202
1772,59.067,1178,0,2473,1886,9.3418,7.7687
1773,59.100,1178,0,2472,1884,6.6404,6.4041
1774,59.133,1178,0,2472,1885,6.8964,6.0253
1775,59.167,1177,0,2471,1883,7.9708,6.9194
1776,59.200,1176,0,2472,1884,10.0203,6.7837
1777,59.233,1178,0,2473,1884,10.4485,7.9638
1778,59.267,1175,0,2472,1883,9.8236,9.1739
1779,59.300,1175,0,2468,1877,8.6755,8.3055
1780,59.333,1174,0,2468,1878,8.5019,7.7471
1781,59.367,1174,0,2465,1875,8.8855,7.5420
1782,59.400,1175,0,2464,1871,8.9954,7.2954
1783,59.433,1174,0,2463,1869,8.4712,5.3024
1784,59.467,1176,0,2464,1869,8.7575,5.2067
1785,59.500,1180,0,2462,1869,10.2307,5.1352
1786,59.533,1179,0,2463,1867,12.0259,4.1668
1787,59.567,1178,0,2466,1867,13.8324,3.1138
1788,59.600,1180,0,2465,1863,13.2134,4.2044
1789,59.633,1165,0,2468,1867,12.8583,5.1190
1790,59.667,1179,0,2469,1867,18.0121,3.6973
1791,59.700,1180,0,2471,1864,14.0702,5.8370
1792,59.733,1187,0,2464,1848,12.3775,6.9532
1793,59.767,1191,1,2460,1841,10.6725,7.9144
1794,59.800,1199,5,2454,1833,14.0751,11.1924
1795,59.833,1195,10,2453,1837,10.8405,11.8338
1796,59.867,1193,9,2456,1841,10.0973,10.4001
1797,59.900,1194,8,2455,1841,11.6308,12.7476
1798,59.933,1192,9,2456,1841,10.7142,9.5339
1799,59.967,1191,10,2457,1842,11.6227,10.6385
1800,60.000,1186,17,2452,1842,10.1583,10.1101
1801,60.033,1096,39,2498,1863,7.7958,13.5658
1802,60.067,1102,18,2506,1869,9.0901,13.6988
1803,60.100,1105,27,2488,1833,12.3601,13.6194
1804,60.133,1110,27,2483,1822,9.3428,15.1747
1805,60.167,1121,37,2482,1809,11.6334,16.1955
1806,60.200,1118,35,2470,1801,7.8055,16.2291
1807,60.233,1104,41,2465,1817,10.7195,13.0410
1808,60.267,1101,30,2473,1823,6.1137,12.7867
1809,60.300,1100,32,2465,1817,8.9596,11.6569
1810,60.333,1090,53,2465,1840,10.9140,9.6857
1811,60.367,1094,75,2475,1858,6.5112,4.0712
1812,60.400,1099,59,2476,1862,6.1775,4.9996
1813,60.433,1090,63,2457,1862,5.2462,0.0788
1814,60.467,1120,34,2451,1898,6.8102,2.4903
1815,60.500,1109,42,2452,1890,7.6088,-0.5612
1816,60.533,1128,30,2451,1865,7.2841,2.7925
1817,60.567,1127,40,2457,1867,9.1876,3.5182
1818,60.600,1140,26,2449,1861,9.0093,8.3574
1819,60.633,1149,20,2453,1853,7.6172,5.7626
1820,60.667,1145,5,2461,1857,6.3247,5.8032
1821,60.700,1146,7,2461,1860,8.6481,6.5930
1822,60.733,1145,6,2458,1859,8.5473,4.8153
1823,60.767,1146,14,2458,1858,9.6437,7.0199
1824,60.800,1142,9,2458,1858,9.6041,4.9175
1825,60.833,1141,8,2456,1843,8.6659,7.3351
1826,60.867,1144,13,2460,1846,7.9122,8.3844
1827,60.900,1138,11,2459,1851,7.2585,8.6123
1828,60.933,1141,11,2456,1847,5.4243,10.2329
1829,60.967,1143,13,2456,1849,5.2763,10.6167
1830,61.000,1142,11,2456,1853,6.6452,11.7916
1831,61.033,1126,20,2450,1838,8.2956,8.9665
1832,61.067,1121,20,2451,1830,5.2484,9.3834
1833,61.100,1120,18,2443,1828,8.0026,9.9384
1834,61.133,1121,17,2443,1828,10.1560,9.6498
1835,61.167,1118,15,2441,1824,8.1880,8.2131
1836,61.200,1121,15,2442,1834,7.7738,8.7086
1837,61.233,1123,17,2440,1835,6.9124,9.5106
1838,61.267,1115,13,2441,1836,7.3168,7.0547
1839,61.300,1122,20,2435,1810,6.5063,7.6098
1840,61.333,1121,31,2434,1834,5.4261,6.9205
1841,61.367,1114,26,2435,1834,8.3272,8.1675
1842,61.400,1120,45,2432,1834,6.5981,2.7034
1843,61.433,1108,47,2444,1859,10.1780,11.1834
1844,61.467,1106,33,2445,1870,8.4560,10.0777
1845,61.500,1111,21,2439,1871,6.7772,6.9352
1846,61.533,1097,9,2444,1891,7.1855,5.6834
1847,61.567,1095,11,2442,1890,7.1555,6.3462
1848,61.600,1095,12,2442,1888,8.6662,7.5102
1849,61.633,1095,14,2440,1883,8.9178,6.1160
1850,61.667,1093,15,2440,1880,8.8992,7.0368
1851,61.700,1096,11,2433,1865,10.9831,4.3882
1852,61.733,1100,20,2430,1864,11.7062,9.7714
1853,61.767,1104,17,2426,1860,10.0957,5.7831
1854,61.800,1106,18,2426,1863,13.2941,9.0934
1855,61.833,1109,20,2423,1855,11.3075,8.4836
1856,61.867,1109,23,2424,1854,12.3436,7.4066
1857,61.900,1107,22,2422,1847,12.7260,10.3437
1858,61.933,1110,25,2423,1848,10.5774,8.7444
1859,61.967,1110,19,2426,1847,13.0369,9.4763
1860,62.000,1116,25,2429,1838,9.8188,10.1819
1861,62.033,1110,17,2436,1842,11.2064,10.5333
1862,62.067,1106,15,2434,1845,10.3328,9.0385
1863,62.100,1106,14,2438,1842,8.7756,10.2299
1864,62.133,1105,17,2453,1858,9.2994,7.9241
1865,62.167,1101,16,2448,1852,8.2417,7.3160
1866,62.200,1100,12,2448,1842,12.6004,7.6129
1867,62.233,1100,19,2452,1849,9.3745,10.2632
1868,62.267,1100,21,2452,1848,9.5297,11.8428
1869,62.300,1098,10,2452,1849,10.8271,8.5323
1870,62.333,1098,20,2450,1851,8.5018,10.6696
1871,62.367,1096,23,2447,1851,8.7887,10.8619
1872,62.400,1099,20,2447,1853,7.5195,8.9843
1873,62.433,1099,16,2445,1847,3.1083,8.5722
1874,62.467,1098,18,2441,1843,-0.6353,10.9720
1875,62.500,1094,9,2442,1850,0.2725,10.1501
1876,62.533,1093,8,2442,1858,-1.8978,8.9881
1877,62.567,1092,10,2455,1915,-2.0911,11.1683
1878,62.600,1086,3,2462,1938,-0.3439,10.7027
1879,62.633,1102,6,2458,1964,-4.4740,9.2298
1880,62.667,1097,0,2453,1970,-3.0246,9.6153
1881,62.700,1104,5,2455,1945,-1.3383,10.1808
1882,62.733,1109,10,2454,1941,-2.6025,9.4996
1883,62.767,1123,0,2452,1946,-3.3654,13.5334
1884,62.800,1098,2,2474,1951,-5.1420,10.3365
1885,62.833,1122,2,2460,1951,-2.1819,14.4413
1886,62.867,1116,15,2471,1955,-3.0200,11.5360
1887,62.900,1117,14,2471,1954,-5.4975,9.7968
1888,62.933,1119,13,2472,1952,-4.4462,11.1232
1889,62.967,1117,15,2472,1956,-5.1957,10.4042
1890,63.000,1121,16,2478,1961,-3.0040,11.9395
1891,63.033,1086,29,2480,1957,-3.4089,10.9280
1892,63.067,1094,29,2471,1935,-3.9149,5.2873
1893,63.100,1093,31,2473,1942,-4.9935,8.7328
1894,63.133,1090,16,2477,1935,-1.8211,9.4119
1895,63.167,1095,12,2475,1943,-3.8990,8.3297
1896,63.200,1091,7,2472,1954,-5.5850,7.8504
1897,63.233,1096,17,2471,1946,-4.1355,9.5223
1898,63.267,1092,11,2466,1939,-2.3054,9.7517
1899,63.300,1097,8,2460,1922,-4.7999,10.9873
1900,63.333,1099,8,2461,1921,-4.2572,11.4422
1901,63.367,1097,5,2463,1931,-3.5241,11.6794
1902,63.400,1097,8,2465,1931,-2.8625,10.7249
1903,63.433,1099,2,2460,1926,-5.0754,10.5247
1904,63.467,1094,0,2457,1925,-4.5038,11.6594
1905,63.500,1096,0,2455,1922,-5.6616,10.5242
1906,63.533,1097,0,2455,1921,-4.6021,10.8627
1907,63.567,1102,0,2453,1909,-5.7591,10.3762
1908,63.600,1103,0,2456,1906,-5.5937,10.6963
1909,63.633,1106,0,2454,1893,-6.9919,12.0468
1910,63.667,1102,6,2452,1881,-4.4085,9.3750
1911,63.700,1103,6,2447,1877,-4.2229,13.3352
1912,63.733,1101,8,2444,1874,-4.9646,10.2007
1913,63.767,1100,11,2443,1870,-2.9862,9.4016
1914,63.800,1100,11,2440,1863,-3.6256,9.8325
1915,63.833,1101,12,2435,1860,-3.5343,8.5489
1916,63.867,1100,12,2433,1854,-3.8289,10.2652
1917,63.900,1098,12,2433,1853,-1.3310,9.7426
1918,63.933,1097,14,2435,1861,-1.6192,9.5367
1919,63.967,1095,14,2436,1861,0.4594,9.3419
1920,64.000,1096,15,2439,1865,2.8232,9.9243
1921,64.033,1090,20,2436,1861,0.0233,8.3418
1922,64.067,1085,20,2431,1858,0.0488,4.7956
1923,64.100,1085,21,2431,1858,0.4731,4.7555
1924,64.133,1085,24,2429,1857,2.2040,6.2157
1925,64.167,1088,24,2429,1855,0.8794,6.6269
1926,64.200,1088,25,2429,1854,0.5032,6.5697
1927,64.233,1088,27,2432,1858,-0.2341,6.0825
1928,64.267,1089,27,2436,1862,-1.2535,10.8549
1929,64.300,1091,23,2435,1859,-0.3187,7.8749
1930,64.333,1091,20,2434,1854,-2.4177,9.5385
1931,64.367,1092,20,2434,1856,-2.1834,11.3035
1932,64.400,1093,14,2437,1853,-0.8340,12.1304
1933,64.433,1092,14,2437,1853,-3.8264,9.2766
1934,64.467,1093,15,2437,1853,-5.0578,9.5562
1935,64.500,1093,16,2437,1852,-4.7185,10.0246
1936,64.533,1093,14,2436,1850,-5.2370,12.4196
1937,64.567,1093,15,2437,1849,-3.4404,10.1429
1938,64.600,1093,15,2437,1851,-5.6042,9.7771
1939,64.633,1093,13,2436,1848,-4.0137,10.8013
1940,64.667,1091,15,2437,1845,-1.9857,9.7682
1941,64.700,1092,16,2435,1841,-4.5100,9.7829
1942,64.733,1090,15,2435,1839,-4.1142,10.8749
1943,64.767,1090,15,2435,1838,-4.5054,12.3702
1944,64.800,1092,12,2435,1836,-2.2031,10.8110
1945,64.833,1092,13,2436,1834,-2.2950,8.0438
1946,64.867,1092,13,2435,1833,-1.1094,8.3400
1947,64.900,1091,13,2436,1834,-3.2660,6.5692
1948,64.933,1092,14,2435,1834,-3.1542,11.7103
1949,64.967,1092,13,2436,1834,-2.3826,8.9639
1950,65.000,1092,18,2436,1833,1.0284,13.4764
1951,65.033,1091,21,2437,1833,0.7658,11.9581
1952,65.067,1090,22,2437,1833,2.4617,12.7662
1953,65.100,1091,21,2437,1834,0.4570,13.2680
1954,65.133,1092,22,2437,1832,2.2663,14.1961
1955,65.167,1091,22,2437,1834,0.8437,13.9848
1956,65.200,1092,21,2437,1834,1.3758,13.2256
1957,65.233,1092,21,2438,1836,0.5881,11.2912
1958,65.267,1092,19,2436,1836,1.2385,13.0806
1959,65.300,1091,18,2440,1842,0.6398,13.2745
1960,65.333,1099,25,2434,1840,3.2690,8.0955
1961,65.367,1098,29,2437,1849,-0.5146,8.0344
1962,65.400,1099,35,2436,1850,0.3569,10.9234
1963,65.433,1098,35,2439,1850,-0.0471,10.5330
1964,65.467,1098,37,2439,1850,-0.2443,11.0633
1965,65.500,1099,37,2440,1850,-0.8680,12.3608
1966,65.533,1099,37,2441,1849,0.2672,12.0741
1967,65.567,1099,34,2441,1849,-0.3859,12.9652
1968,65.600,1098,34,2441,1849,0.4770,11.9176
1969,65.633,1098,34,2441,1849,0.7003,11.1240
1970,65.667,1098,35,2439,1848,1.7968,11.7312
1971,65.700,1098,32,2437,1845,-2.3063,9.3555
1972,65.733,1096,31,2436,1844,-0.9024,8.0501
1973,65.767,1096,31,2431,1841,-0.0698,12.1010
1974,65.800,1095,30,2428,1841,0.0332,10.6779
1975,65.833,1094,37,2430,1839,1.0672,9.5195
1976,65.867,1092,36,2427,1836,2.4298,7.9360
1977,65.900,1091,36,2426,1835,0.9894,6.3318
1978,65.933,1089,36,2428,1836,-2.1407,5.7453
1979,65.967,1088,33,2428,1836,0.9088,6.3784
1980,66.000,1085,32,2427,1840,0.5424,4.9137
1981,66.033,1084,32,2427,1841,1.9526,3.9046
1982,66.067,1084,30,2428,1842,-0.4236,5.8069
1983,66.100,1085,32,2427,1841,1.3636,2.1535
1984,66.133,1087,30,2428,1842,-0.6853,7.0026
1985,66.167,1086,28,2428,1842,-2.2290,5.7448
1986,66.200,1087,27,2428,1843,-1.0537,5.6472
1987,66.233,1087,26,2428,1842,-0.0566,4.9828
1988,66.267,1086,25,2429,1844,0.5564,4.8415
1989,66.300,1086,25,2429,1844,0.6717,4.5587
1990,66.333,1086,26,2430,1844,1.0385,6.4498
1991,66.367,1086,25,2428,1846,0.3729,4.4410
1992,66.400,1087,25,2429,1850,4.9998,4.1140
1993,66.433,1086,21,2431,1853,3.1733,4.0631
1994,66.467,1086,21,2429,1852,4.9305,5.1499
1995,66.500,1086,23,2426,1854,0.7794,4.2426
1996,66.533,1085,21,2426,1852,1.8916,3.9528
1997,66.567,1084,21,2429,1853,3.9454,6.4823
1998,66.600,1084,22,2431,1853,0.8813,4.2329
1999,66.633,1084,19,2433,1856,1.8309,6.1417
2000,66.667,1084,19,2431,1855,3.1942,4.2215
2001,66.700,1085,20,2431,1855,3.4565,4.9585
2002,66.733,1086,19,2431,1857,2.0620,3.9673
2003,66.767,1085,19,2432,1857,1.6810,3.8503
2004,66.800,1085,18,2432,1855,2.4420,5.5758
2005,66.833,1091,15,2431,1851,2.3274,6.4079
2006,66.867,1094,24,2428,1847,0.9826,6.2891
2007,66.900,1094,30,2429,1854,0.6720,3.6805
2008,66.933,1093,33,2434,1858,0.5659,3.3587
2009,66.967,1094,27,2435,1855,-0.6054,5.3457
2010,67.000,1089,15,2435,1853,1.3894,1.4156
2011,67.033,1090,14,2433,1841,1.3390,2.2585
2012,67.067,1091,18,2431,1840,0.5250,4.4604
2013,67.100,1091,18,2432,1840,-1.0281,6.2059
2014,67.133,1090,15,2434,1841,-1.2720,1.6489
2015,67.167,1089,14,2434,1842,-0.9078,2.5305
2016,67.200,1088,15,2434,1843,-0.6035,4.6830
2017,67.233,1089,16,2435,1842,0.2076,5.9555
2018,67.267,1087,15,2436,1843,-0.7096,6.5892
2019,67.300,1089,16,2436,1841,0.1384,5.6761
2020,67.333,1091,12,2439,1842,-0.3851,4.0970
2021,67.367,1090,10,2437,1841,-0.9543,6.3815
2022,67.400,1091,8,2440,1843,-0.1250,7.1291
2023,67.433,1093,8,2438,1841,1.8490,6.0504
2024,67.467,1092,6,2440,1842,1.4008,7.0761
2025,67.500,1092,6,2441,1842,1.5784,7.0426
2026,67.533,1094,4,2439,1840,2.7782,8.1861
2027,67.567,1094,6,2439,1840,2.5079,8.1529
2028,67.600,1094,5,2438,1839,1.6809,7.5575
2029,67.633,1093,5,2437,1841,-0.0325,8.0780
2030,67.667,1091,7,2437,1843,1.7281,6.4380
2031,67.700,1090,10,2435,1842,0.9729,5.2984
2032,67.733,1089,12,2434,1843,0.9309,4.3803
2033,67.767,1089,10,2433,1843,2.3087,4.6806
2034,67.800,1089,12,2433,1844,1.0936,5.5826
2035,67.833,1090,11,2433,1844,2.3659,5.7380
2036,67.867,1089,11,2433,1843,1.0999,6.0585
2037,67.900,1089,12,2434,1842,1.4257,5.5810
2038,67.933,1089,11,2434,1844,1.8201,7.0107
2039,67.967,1089,12,2434,1845,1.7317,5.9289
2040,68.000,1087,13,2439,1849,0.9850,5.3402
2041,68.033,1086,10,2438,1851,3.9718,7.2033
2042,68.067,1086,10,2438,1852,3.7563,5.9572
2043,68.100,1086,11,2438,1853,2.0448,5.3602
2044,68.133,1085,8,2438,1853,1.9802,7.2140
2045,68.167,1087,10,2435,1851,2.3521,5.9777
2046,68.200,1088,10,2434,1850,2.0437,6.4845
2047,68.233,1089,10,2435,1851,2.9680,8.4113
2048,68.267,1090,11,2432,1848,1.0786,7.9418
2049,68.300,1089,13,2432,1846,2.7282,5.6442
2050,68.333,1088,14,2432,1845,1.3880,8.6425
2051,68.367,1088,14,2432,1846,1.1842,7.5888
2052,68.400,1087,14,2433,1847,0.7591,7.4730
2053,68.433,1085,14,2433,1847,1.0642,7.5209
2054,68.467,1084,14,2434,1847,0.6297,8.1765
2055,68.500,1085,13,2433,1846,0.3585,6.2422
2056,68.533,1087,12,2433,1846,2.7989,8.0530
2057,68.567,1087,11,2433,1846,2.0709,8.8781
2058,68.600,1087,12,2434,1846,2.1938,5.8786
2059,68.633,1087,12,2434,1847,2.1821,6.1909
2060,68.667,1087,12,2435,1848,1.2087,6.5673
2061,68.700,1087,11,2437,1853,2.9510,5.8606
2062,68.733,1087,12,2438,1855,1.1051,5.0828
2063,68.767,1087,12,2438,1855,0.9769,4.5240
2064,68.800,1087,11,2437,1855,1.4052,5.1283
2065,68.833,1087,10,2437,1855,1.7457,5.9560
2066,68.867,1087,10,2437,1855,1.9516,6.1553
2067,68.900,1087,9,2438,1855,2.3699,7.8247
2068,68.933,1086,11,2439,1854,2.0330,6.4937
2069,68.967,1087,12,2438,1852,3.5284,7.1183
2070,69.000,1085,4,2437,1850,4.0689,5.3230
2071,69.033,1085,5,2437,1850,4.4707,5.5913
2072,69.067,1085,5,2437,1850,4.4369,5.4284
2073,69.100,1085,5,2437,1850,4.3810,5.3823
2074,69.133,1085,5,2436,1850,4.3902,4.6328
2075,69.167,1086,6,2438,1851,5.1553,6.0759
2076,69.200,1088,12,2438,1855,1.9668,2.8862
2077,69.233,1086,15,2438,1855,1.7931,4.1149
2078,69.267,1086,16,2439,1854,-0.9109,5.8162
2079,69.300,1082,11,2440,1851,4.1173,2.6365
2080,69.333,1083,12,2441,1850,3.7673,0.7639
2081,69.367,1082,12,2440,1850,3.6589,2.5722
2082,69.400,1082,12,2439,1850,4.0224,2.3440
2083,69.433,1081,12,2439,1851,4.2146,1.3085
2084,69.467,1081,11,2438,1851,3.7286,3.5361
2085,69.500,1081,12,2439,1852,4.5385,1.6827
2086,69.533,1081,12,2439,1851,3.6405,1.5795
2087,69.567,1082,8,2437,1847,2.6818,2.6545
2088,69.600,1082,8,2436,1847,2.3590,2.0296
2089,69.633,1082,8,2436,1847,2.0385,1.3305
2090,69.667,1085,5,2433,1843,2.0809,3.4714
2091,69.700,1085,5,2432,1842,3.1702,2.0016
2092,69.733,1085,6,2432,1842,2.7465,3.3559
2093,69.767,1085,5,2432,1842,3.4469,2.0656
2094,69.800,1085,4,2432,1843,3.5173,3.2583
2095,69.833,1084,6,2431,1843,3.4325,3.5088
2096,69.867,1084,8,2431,1844,4.2060,3.4148
2097,69.900,1083,8,2432,1843,3.6903,4.3144
2098,69.933,1083,8,2431,1842,3.9300,3.2823
2099,69.967,1072,0,2416,1843,13.5195,-8.3205
2100,70.000,1074,0,2419,1847,8.7783,-5.3043
2101,70.033,1079,0,2415,1845,12.5298,-3.0042
2102,70.067,1083,0,2425,1849,4.0095,-5.1627
2103,70.100,1085,0,2423,1848,6.9765,-4.6041
2104,70.133,1084,0,2429,1847,3.6679,2.7542
2105,70.167,1085,0,2431,1846,0.5235,1.9096
2106,70.200,1085,2,2431,1845,2.7238,1.3923
2107,70.233,1085,4,2433,1847,1.5593,-1.0741
2108,70.267,1084,3,2434,1847,1.0836,-0.3707
2109,70.300,1084,2,2436,1849,1.7324,-1.3062
2110,70.333,1083,2,2437,1849,2.1349,-1.3235
2111,70.367,1084,5,2437,1849,1.6852,0.0221
2112,70.400,1083,5,2439,1850,3.9685,1.1724
2113,70.433,1085,1,2441,1851,0.6404,-1.6695
2114,70.467,1086,1,2444,1851,3.6812,-0.6662
2115,70.500,1086,0,2444,1850,2.0571,-0.6754
2116,70.533,1084,0,2446,1850,1.4767,1.0228
2117,70.567,1085,0,2446,1850,2.0032,0.3728
2118,70.600,1085,0,2445,1850,2.9900,1.0105
2119,70.633,1085,0,2445,1850,2.8817,0.6090
2120,70.667,1084,0,2447,1851,2.5189,1.7372
2121,70.700,1084,0,2445,1851,1.6537,1.5988
2122,70.733,1084,0,2445,1851,2.1680,1.7886
2123,70.767,1083,0,2445,1851,2.4285,2.2757
2124,70.800,1083,0,2444,1851,3.0570,2.8934
2125,70.833,1082,0,2443,1851,2.7590,2.6192
2126,70.867,1082,0,2443,1850,1.1386,2.4667
2127,70.900,1082,0,2443,1850,1.0178,2.6771
2128,70.933,1083,0,2442,1850,4.0941,2.9863
2129,70.967,1083,0,2441,1850,3.0787,2.7614
2130,71.000,1082,0,2441,1849,3.4432,3.6736
2131,71.033,1088,0,2437,1850,3.4662,-5.2979
2132,71.067,1086,0,2438,1850,4.6854,-1.3072
2133,71.100,1076,0,2421,1845,10.3034,-4.0114
2134,71.133,1074,0,2422,1845,6.0339,1.5123
2135,71.167,1072,0,2421,1843,9.2054,0.1464
2136,71.200,1079,0,2431,1849,8.0401,-2.9246
2137,71.233,1081,0,2434,1845,6.0235,0.5067
2138,71.267,1081,0,2432,1843,5.9284,-0.2766
2139,71.300,1084,0,2434,1845,4.1164,2.4782
2140,71.333,1081,0,2436,1846,1.7084,2.5247
2141,71.367,1081,0,2437,1846,2.9242,4.5176
2142,71.400,1081,0,2438,1846,3.8167,3.0287
2143,71.433,1081,0,2439,1848,4.8611,4.0854
2144,71.467,1081,0,2440,1848,5.2018,4.3875
2145,71.500,1081,0,2440,1848,3.7559,4.0203
2146,71.533,1082,0,2439,1848,2.5743,2.0427
2147,71.567,1084,2,2438,1844,4.8274,2.5287
2148,71.600,1085,0,2437,1842,2.3548,5.4999
2149,71.633,1085,1,2436,1841,3.4221,5.0765
2150,71.667,1085,0,2435,1840,2.7935,2.7844
2151,71.700,1087,0,2435,1838,2.1007,5.1346
2152,71.733,1086,0,2434,1837,2.7618,4.5091
2153,71.767,1087,0,2433,1839,-0.2376,3.8829
2154,71.800,1087,0,2435,1842,2.1864,2.8918
2155,71.833,1087,0,2435,1845,2.2658,3.6362
2156,71.867,1087,0,2433,1845,-0.6571,4.1466
2157,71.900,1087,0,2433,1844,1.0397,4.6558
2158,71.933,1087,0,2435,1846,2.5164,5.3700
2159,71.967,1086,0,2434,1844,1.7175,5.7240
2160,72.000,1085,0,2437,1843,0.9007,4.5501
2161,72.033,1085,0,2437,1843,1.2910,4.3765
2162,72.067,1085,0,2436,1843,2.2315,4.9851
2163,72.100,1085,0,2436,1843,2.2937,4.9232
2164,72.133,1085,1,2435,1842,1.8590,4.8696
2165,72.167,1085,1,2436,1841,1.6944,5.9740
2166,72.200,1084,0,2436,1843,2.0617,5.7741
2167,72.233,1084,0,2437,1843,2.6805,5.3382
2168,72.267,1083,1,2438,1844,1.0115,4.6739
2169,72.300,1084,2,2437,1845,1.1294,6.6321
2170,72.333,1084,2,2437,1845,1.4214,5.9718
2171,72.367,1084,2,2438,1848,2.0625,6.4330
2172,72.400,1084,5,2437,1848,1.7294,6.1583
2173,72.433,1084,5,2438,1849,1.8358,5.7220
2174,72.467,1084,4,2437,1847,2.8068,6.3698
2175,72.500,1084,9,2436,1844,4.7990,5.6051
2176,72.533,1084,9,2437,1843,4.4898,7.9005
2177,72.567,1084,7,2434,1841,8.7080,6.4601
2178,72.600,1082,7,2435,1842,9.6626,7.9380
2179,72.633,1083,6,2436,1843,9.1257,5.1805
2180,72.667,1082,5,2435,1843,9.3438,6.2201
2181,72.700,1082,3,2434,1843,10.2946,6.0921
2182,72.733,1082,3,2434,1842,10.8844,6.2403
2183,72.767,1081,2,2434,1843,10.4984,5.6808
2184,72.800,1082,3,2434,1841,11.6514,6.3198
2185,72.833,1082,5,2434,1842,8.7213,6.2543
2186,72.867,1082,10,2426,1833,11.1074,5.6478
2187,72.900,1082,10,2426,1833,11.2992,5.4007
2188,72.933,1082,10,2426,1833,11.6138,5.5584
2189,72.967,1083,9,2424,1833,13.5002,6.2931
2190,73.000,1085,13,2425,1833,11.5443,3.4134
2191,73.033,1085,13,2426,1833,12.0685,4.0151
2192,73.067,1084,12,2426,1834,11.1645,3.7108
2193,73.100,1084,13,2426,1833,11.6796,2.8535
2194,73.133,1085,12,2426,1833,12.5129,5.0432
2195,73.167,1085,10,2427,1831,11.5251,3.4119
2196,73.200,1084,10,2427,1831,12.8470,4.2814
2197,73.233,1086,10,2427,1830,11.3150,4.5662
2198,73.267,1086,7,2428,1833,12.4065,5.4554
2199,73.300,1085,8,2428,1833,10.9337,5.6776
2200,73.333,1086,7,2427,1833,11.8378,6.0022
2201,73.367,1085,7,2428,1833,12.0598,6.0267
2202,73.400,1085,7,2428,1833,12.0020,6.2839
2203,73.433,1084,7,2429,1833,10.4867,5.4360
2204,73.467,1084,6,2429,1833,10.0319,6.5585
2205,73.500,1084,6,2430,1834,10.2649,6.1006
2206,73.533,1084,8,2431,1833,11.1664,3.9399
2207,73.567,1082,11,2433,1834,11.4877,6.1254
2208,73.600,1082,11,2434,1834,10.7492,5.4500
2209,73.633,1084,13,2433,1834,10.2962,5.5256
2210,73.667,1083,13,2434,1830,8.9863,5.8870
2211,73.700,1083,13,2433,1830,10.0059,5.6119
2212,73.733,1083,13,2433,1831,10.7310,5.1077
2213,73.767,1083,13,2433,1830,10.0432,5.8194
2214,73.800,1083,12,2434,1832,9.2741,6.4258
2215,73.833,1083,14,2434,1832,12.8481,6.4800
2216,73.867,1084,15,2432,1832,13.2281,5.5926
2217,73.900,1084,17,2433,1830,13.8691,7.1842
2218,73.933,1085,19,2434,1828,13.0671,5.8084
2219,73.967,1084,17,2434,1830,12.7863,4.3365
2220,74.000,1084,13,2436,1834,10.4503,6.5877
2221,74.033,1083,11,2436,1834,10.6410,5.4671
2222,74.067,1081,12,2437,1834,9.3604,6.5716
2223,74.100,1082,12,2437,1835,8.5747,5.4871
2224,74.133,1081,7,2439,1836,10.6570,3.8838
2225,74.167,1081,8,2438,1838,8.3951,4.0277
2226,74.200,1080,8,2438,1839,9.9730,4.5507
2227,74.233,1080,9,2438,1839,10.1362,5.5062
2228,74.267,1081,8,2438,1838,9.1407,4.3580
2229,74.300,1081,9,2439,1840,10.0022,5.7579
2230,74.333,1081,9,2439,1839,9.8540,6.0119
2231,74.367,1081,8,2439,1838,9.6904,5.2177
2232,74.400,1081,8,2436,1837,8.4763,4.0763
2233,74.433,1081,9,2437,1840,10.0326,4.8310
2234,74.467,1081,9,2436,1840,8.7177,5.2794
2235,74.500,1081,8,2438,1840,10.6930,6.0051
2236,74.533,1080,10,2439,1842,9.1243,7.2381
2237,74.567,1079,7,2438,1842,8.5534,5.5063
2238,74.600,1079,6,2439,1842,9.0352,3.6632
2239,74.633,1079,7,2438,1842,8.1873,6.3411
2240,74.667,1079,8,2440,1843,9.5721,5.5571
2241,74.700,1079,10,2438,1844,8.9362,3.0301
2242,74.733,1079,9,2437,1842,9.1425,4.7341
2243,74.767,1079,9,2437,1842,9.1733,4.8526
2244,74.800,1078,7,2435,1843,9.6149,5.2031
2245,74.833,1078,9,2435,1842,10.0675,3.3926
2246,74.867,1079,8,2435,1842,10.0766,4.1804
2247,74.900,1078,8,2435,1842,10.5607,3.3229
2248,74.933,1080,8,2434,1840,10.2766,4.9400
2249,74.967,1079,9,2434,1840,9.3900,5.0736
2250,75.000,1081,11,2437,1842,10.7561,5.9599
2251,75.033,1081,13,2436,1842,10.8353,5.2144
2252,75.067,1082,13,2436,1842,11.8295,6.6104
2253,75.100,1081,14,2435,1842,11.1227,4.8601
2254,75.133,1082,15,2436,1841,10.5047,5.2516
2255,75.167,1081,12,2440,1844,11.8683,4.0579
2256,75.200,1081,10,2433,1840,10.4538,6.2968
2257,75.233,1083,7,2437,1845,10.2087,6.1365
2258,75.267,1085,6,2438,1839,10.6641,5.9802
2259,75.300,1084,7,2436,1841,10.7708,6.7006
2260,75.333,1087,9,2434,1837,10.3772,9.0019
2261,75.367,1089,9,2435,1836,10.1375,5.8118
2262,75.400,1085,14,2440,1840,12.1966,4.7816
2263,75.433,1086,8,2442,1842,8.8423,4.8898
2264,75.467,1087,14,2442,1845,11.1767,6.3749
2265,75.500,1086,8,2444,1851,10.1749,3.9332
2266,75.533,1086,5,2447,1852,10.7721,5.0231
2267,75.567,1085,8,2445,1850,10.2959,4.7518
2268,75.600,1088,13,2444,1846,9.3964,3.8052
2269,75.633,1088,13,2443,1847,11.8080,3.1867
2270,75.667,1088,12,2441,1844,9.3207,5.1813
2271,75.700,1088,11,2441,1846,8.8581,3.2894
2272,75.733,1089,10,2440,1847,11.8605,2.1538
2273,75.767,1089,12,2442,1852,10.7555,1.5090
2274,75.800,1088,14,2443,1854,10.4487,1.7532
2275,75.833,1090,12,2442,1855,11.1092,1.9007
2276,75.867,1095,2,2436,1852,11.0903,-1.3110
2277,75.900,1091,0,2432,1844,9.8276,-5.6484
2278,75.933,1090,0,2436,1846,9.3098,-4.3586
2279,75.967,1087,0,2438,1845,8.2425,-5.9463
2280,76.000,1089,0,2437,1853,10.9866,-4.3032
2281,76.033,1090,0,2437,1853,11.2083,-4.3623
2282,76.067,1090,0,2438,1853,9.8188,-1.8663
2283,76.100,1090,0,2438,1854,9.9178,1.1537
2284,76.133,1089,0,2441,1856,10.8369,1.1292
2285,76.167,1088,0,2444,1862,10.5386,0.5247
2286,76.200,1087,0,2445,1860,11.1052,2.7585
2287,76.233,1089,0,2447,1862,21.7251,2.9605
2288,76.267,1086,0,2448,1861,23.8550,-0.3561
2289,76.300,1086,0,2449,1862,23.7541,0.2764
2290,76.333,1086,0,2450,1863,24.3797,2.4610
2291,76.367,1086,0,2449,1863,23.4442,2.0207
2292,76.400,1086,0,2449,1864,24.1515,1.7730
2293,76.433,1086,0,2449,1864,24.4017,1.8832
2294,76.467,1085,0,2449,1865,25.2071,1.3773
2295,76.500,1084,0,2448,1865,24.6424,1.3084
2296,76.533,1084,0,2449,1865,24.9025,-0.1576
2297,76.567,1083,0,2449,1865,22.8815,2.5174
2298,76.600,1083,0,2448,1865,23.0743,2.4140
2299,76.633,1083,0,2449,1867,21.5529,3.5254
2300,76.667,1082,0,2447,1865,23.5111,2.8020
2301,76.700,1081,2,2447,1865,22.4426,-0.7200
2302,76.733,1081,1,2446,1864,20.3823,3.1684
2303,76.767,1080,2,2447,1866,21.5299,0.6504
2304,76.800,1081,2,2447,1863,23.4498,1.8317
2305,76.833,1082,1,2446,1865,22.0650,1.8280
2306,76.867,1081,0,2446,1866,21.2243,1.0287
2307,76.900,1082,0,2446,1865,22.0275,-0.2073
2308,76.933,1083,0,2446,1865,20.1035,-0.1041
2309,76.967,1082,0,2447,1866,23.0612,-1.0254
2310,77.000,1084,0,2447,1863,22.9739,0.9075
2311,77.033,1084,0,2447,1863,23.2581,1.1508
2312,77.067,1083,2,2446,1864,22.7107,-0.5964
2313,77.100,1083,2,2446,1865,22.4269,-0.6642
2314,77.133,1083,5,2446,1864,24.1732,-0.7938
2315,77.167,1083,4,2446,1865,25.2614,-0.0139
2316,77.200,1082,5,2446,1863,25.0319,-0.0442
2317,77.233,1082,5,2446,1864,25.3895,1.5544
2318,77.267,1082,5,2447,1866,24.6974,2.2968
2319,77.300,1083,4,2447,1867,24.0105,1.0485
2320,77.333,1083,3,2448,1867,24.4237,1.0012
2321,77.367,1083,4,2448,1867,23.7102,1.4248
2322,77.400,1083,4,2449,1869,22.8133,2.3918
2323,77.433,1084,2,2449,1868,24.8483,1.1819
2324,77.467,1084,3,2448,1868,25.8634,0.7071
2325,77.500,1084,3,2448,1868,26.1254,1.0827
2326,77.533,1083,3,2448,1868,25.7764,1.7172
2327,77.567,1084,1,2447,1867,23.7885,1.7772
2328,77.600,1084,0,2448,1867,21.3836,2.5413
2329,77.633,1084,2,2447,1866,23.3871,0.5107
2330,77.667,1085,0,2447,1863,22.8074,2.5643
2331,77.700,1085,0,2446,1861,21.3554,1.3649
2332,77.733,1085,0,2447,1861,21.5906,1.3373
2333,77.767,1085,0,2447,1861,21.8204,1.0596
2334,77.800,1085,0,2448,1861,21.8493,1.1368
2335,77.833,1084,0,2446,1861,23.8094,1.8813
2336,77.867,1082,0,2446,1862,22.0940,0.5110
2337,77.900,1083,0,2445,1862,23.4004,2.7930
2338,77.933,1082,0,2446,1863,24.8895,2.3042
2339,77.967,1082,0,2446,1862,24.0256,1.4661
2340,78.000,1082,1,2444,1863,22.6321,0.3193
2341,78.033,1081,1,2445,1864,23.2973,2.2843
2342,78.067,1081,0,2445,1864,23.0585,0.9466
2343,78.100,1082,7,2445,1866,22.5355,0.1268
2344,78.133,1084,12,2445,1866,22.6158,1.2370
2345,78.167,1085,7,2447,1868,21.6576,-2.6344
2346,78.200,1087,4,2449,1867,24.0893,0.9096
2347,78.233,1087,5,2449,1868,21.5827,-1.1505
2348,78.267,1087,6,2450,1868,20.7866,0.3798
2349,78.300,1086,5,2449,1864,21.5950,-0.5567
2350,78.333,1086,6,2448,1859,22.0203,0.9754
2351,78.367,1086,6,2447,1859,21.9108,0.1347
2352,78.400,1086,4,2447,1856,22.7692,0.4337
2353,78.433,1085,1,2445,1857,23.1858,-1.0503
2354,78.467,1084,0,2446,1857,24.8469,0.7741
2355,78.500,1088,0,2445,1861,20.2155,-7.8338
2356,78.533,1079,0,2435,1849,20.4149,-0.6039
2357,78.567,1081,0,2436,1862,20.4171,2.3118
2358,78.600,1089,0,2439,1880,23.8826,-1.5638
2359,78.633,1090,0,2439,1880,25.4931,-1.7126
2360,78.667,1090,0,2438,1879,27.0141,-0.7238
2361,78.700,1092,0,2439,1874,21.8779,-2.5256
2362,78.733,1092,0,2440,1874,23.8043,-4.1205
2363,78.767,1092,0,2440,1874,23.7520,-3.0007
2364,78.800,1091,0,2441,1874,24.7361,-0.3759
2365,78.833,1091,1,2440,1873,25.9514,-0.8607
2366,78.867,1091,1,2440,1872,25.6968,-1.4987
2367,78.900,1088,3,2441,1876,26.9800,-3.2299
2368,78.933,1085,2,2443,1880,26.5988,-2.9288
2369,78.967,1083,0,2444,1883,25.6576,-4.6216
2370,79.000,1080,0,2443,1880,24.9313,-1.3276
2371,79.033,1080,0,2440,1878,26.8592,-0.9532
2372,79.067,1080,0,2441,1880,24.5871,-0.6745
2373,79.100,1080,0,2440,1880,25.8375,-0.6039
2374,79.133,1081,0,2440,1879,25.4050,-1.3960
2375,79.167,1081,0,2439,1879,25.7667,-1.9211
2376,79.200,1081,0,2439,1878,24.0426,-1.2372
2377,79.233,1081,3,2439,1879,24.7846,-1.0178
2378,79.267,1082,3,2440,1878,24.8762,-1.8536
2379,79.300,1084,5,2440,1879,21.9760,-0.9318
2380,79.333,1084,3,2440,1880,21.8521,-1.5331
2381,79.367,1084,4,2440,1880,22.3955,-0.8102
2382,79.400,1084,1,2444,1880,20.5162,1.2045
2383,79.433,1084,1,2444,1881,20.3193,0.6180
2384,79.467,1084,0,2444,1881,19.8449,0.5769
2385,79.500,1084,1,2444,1882,20.7134,1.1427
2386,79.533,1084,2,2444,1882,21.0833,0.9574
2387,79.567,1084,4,2442,1878,22.9993,1.2644
2388,79.600,1086,6,2441,1877,22.2832,0.5458
2389,79.633,1086,4,2442,1877,24.0528,2.1532
2390,79.667,1082,3,2445,1877,22.6277,2.2992
2391,79.700,1082,2,2443,1878,24.1689,4.5233
2392,79.733,1081,2,2444,1879,23.8627,3.1592
2393,79.767,1089,0,2443,1881,22.8150,-0.6483
2394,79.800,1091,0,2443,1880,21.0070,-0.2780
2395,79.833,1075,0,2437,1883,15.8528,2.9732
2396,79.867,1075,0,2437,1886,19.3572,1.9595
2397,79.900,1076,0,2440,1887,18.4598,-1.0540
2398,79.933,1087,0,2439,1884,19.4817,6.7939
2399,79.967,1092,0,2442,1885,25.2795,6.5754
2400,80.000,1092,0,2439,1882,23.8625,7.4427
2401,80.033,1092,0,2441,1878,25.9767,3.1323
2402,80.067,1087,0,2441,1875,25.4423,3.3707
2403,80.100,1087,0,2441,1876,25.5898,3.3840
2404,80.133,1088,0,2442,1877,25.9568,8.2764
2405,80.167,1087,0,2442,1877,25.8386,9.1326
2406,80.200,1086,0,2444,1878,26.7180,7.3305
2407,80.233,1086,0,2444,1877,26.8270,7.4086
2408,80.267,1085,0,2444,1877,25.5297,8.2792
2409,80.300,1086,0,2445,1877,25.4309,9.2979
2410,80.333,1087,0,2445,1877,26.1290,8.8018
2411,80.367,1085,0,2444,1876,25.6383,9.9017
2412,80.400,1085,2,2444,1877,24.2255,8.3027
2413,80.433,1086,5,2443,1877,23.0608,8.6845
2414,80.467,1085,7,2444,1878,23.9321,8.9483
2415,80.500,1085,7,2444,1878,23.9450,9.2536
2416,80.533,1085,6,2444,1877,23.9890,9.8306
2417,80.567,1085,7,2444,1878,23.4828,10.2368
2418,80.600,1085,8,2444,1877,22.3395,10.6170
2419,80.633,1085,8,2444,1877,22.4206,10.4090
2420,80.667,1085,7,2444,1877,22.9907,9.5573
2421,80.700,1086,8,2445,1879,22.0879,8.8036
2422,80.733,1086,8,2444,1878,22.7044,10.5433
2423,80.767,1086,7,2445,1879,22.6926,9.1370
2424,80.800,1086,8,2445,1878,22.3173,9.5988
2425,80.833,1087,8,2445,1877,23.6271,10.3445
2426,80.867,1087,8,2446,1877,24.5976,10.2472
2427,80.900,1087,8,2446,1877,24.5550,10.3495
2428,80.933,1088,7,2445,1877,24.8624,9.1735
2429,80.967,1088,6,2445,1876,22.9365,9.0590
2430,81.000,1088,8,2445,1872,22.2065,7.0511
2431,81.033,1088,9,2445,1874,22.6626,8.5627
2432,81.067,1088,7,2445,1874,23.3902,8.8088
2433,81.100,1088,7,2445,1874,23.6273,8.0184
2434,81.133,1088,8,2445,1875,23.6661,7.3562
2435,81.167,1088,8,2444,1875,23.0848,7.6625
2436,81.200,1088,8,2444,1874,23.6031,8.7198
2437,81.233,1088,7,2444,1874,22.7649,9.6277
2438,81.267,1088,5,2444,1874,23.2863,9.8662
2439,81.300,1088,6,2445,1874,22.8580,8.3301
2440,81.333,1088,7,2445,1874,23.7160,9.0382
2441,81.367,1088,6,2445,1874,22.9879,8.5041
2442,81.400,1088,6,2445,1874,22.9799,8.1172
2443,81.433,1086,6,2445,1872,22.9108,9.8524
2444,81.467,1086,7,2444,1872,21.6284,8.8942
2445,81.500,1085,8,2444,1872,23.8841,8.1600
2446,81.533,1085,7,2446,1873,23.5437,8.9715
2447,81.567,1084,7,2446,1870,24.2998,8.9904
2448,81.600,1085,7,2445,1870,24.1833,9.8165
2449,81.633,1085,7,2445,1870,24.0368,10.1763
2450,81.667,1085,8,2445,1868,23.6650,7.9875
2451,81.700,1085,9,2445,1867,24.7200,9.2585
2452,81.733,1086,9,2446,1867,23.6619,6.9203
2453,81.767,1085,8,2446,1867,23.6857,5.9238
2454,81.800,1090,0,2442,1867,24.2035,-1.3545
2455,81.833,1082,0,2433,1867,23.0446,2.1345
2456,81.867,1080,0,2432,1866,20.2301,1.2606
2457,81.900,1082,0,2435,1874,25.9977,0.0175
2458,81.933,1091,0,2438,1875,27.1872,2.6940
2459,81.967,1091,0,2438,1875,27.1700,1.1436
2460,82.000,1089,0,2444,1874,25.9611,5.1072
2461,82.033,1086,0,2446,1875,25.1234,6.2297
2462,82.067,1086,0,2446,1875,25.1208,5.7417
2463,82.100,1086,0,2447,1876,23.9236,8.6468
2464,82.133,1085,0,2446,1877,24.4297,7.5071
2465,82.167,1086,0,2447,1876,25.6801,7.7692
2466,82.200,1086,0,2447,1875,26.8741,7.3611
2467,82.233,1086,0,2449,1875,24.6924,7.9980
2468,82.267,1086,0,2448,1876,24.9046,9.6939
2469,82.300,1086,0,2449,1875,24.3532,8.2778
2470,82.333,1087,0,2447,1873,25.1043,9.8650
2471,82.367,1087,0,2448,1873,24.4357,9.8478
2472,82.400,1088,2,2448,1873,23.9385,10.9878
2473,82.433,1087,3,2448,1873,19.8790,7.2625
2474,82.467,1087,4,2449,1874,21.1646,10.7989
2475,82.500,1087,3,2450,1874,24.0002,10.1686
2476,82.533,1086,4,2450,1875,23.7805,9.7080
2477,82.567,1084,5,2450,1876,26.3517,11.1082
2478,82.600,1084,5,2448,1875,26.7777,12.0671
2479,82.633,1082,6,2448,1875,25.8802,9.9173
2480,82.667,1081,2,2450,1877,25.1281,12.4970
2481,82.700,1080,2,2450,1876,25.3615,12.0126
2482,82.733,1083,0,2450,1875,25.9458,10.5735
2483,82.767,1083,0,2451,1875,24.2716,11.5696
2484,82.800,1081,0,2452,1876,24.5854,7.8115
2485,82.833,1079,0,2451,1877,25.3774,7.2332
2486,82.867,1079,0,2452,1877,27.0641,6.8211
2487,82.900,1079,0,2452,1877,27.4707,7.0786
2488,82.933,1079,0,2450,1875,26.9108,7.1257
2489,82.967,1080,0,2449,1873,26.2695,7.2253
2490,83.000,1079,2,2445,1870,25.2538,8.3678
2491,83.033,1083,4,2445,1871,25.5494,11.8966
2492,83.067,1084,7,2446,1871,25.9523,11.6508
2493,83.100,1086,5,2446,1872,23.2582,13.5589
2494,83.133,1086,5,2445,1872,22.1920,12.8516
2495,83.167,1087,6,2448,1872,23.4937,11.3720
2496,83.200,1087,6,2449,1874,24.2530,10.3170
2497,83.233,1086,10,2449,1873,23.2498,10.5953
2498,83.267,1083,9,2450,1873,20.9815,13.1268
2499,83.300,1084,7,2451,1874,21.5664,11.8720
2500,83.333,1083,5,2451,1874,25.4782,11.6950
2501,83.367,1083,6,2450,1874,26.0071,12.2935
2502,83.400,1083,3,2452,1873,24.0863,12.6617
2503,83.433,1085,6,2451,1872,24.7251,11.4303
2504,83.467,1086,6,2451,1871,25.6644,11.5466
2505,83.500,1085,6,2452,1873,23.2366,11.1182
2506,83.533,1088,5,2451,1875,24.4078,12.2384
2507,83.567,1086,6,2449,1872,25.1418,13.8382
2508,83.600,1085,5,2450,1871,26.1137,11.9338
2509,83.633,1085,7,2449,1871,27.2097,9.1912
2510,83.667,1085,10,2449,1871,21.6765,13.3026
2511,83.700,1084,13,2448,1872,23.4408,13.1934
2512,83.733,1083,12,2449,1872,22.2149,13.8957
2513,83.767,1084,13,2449,1873,21.6659,14.1414
2514,83.800,1082,13,2449,1873,21.9011,14.8806
2515,83.833,1083,13,2450,1873,20.5276,14.5824
2516,83.867,1083,13,2449,1873,21.3297,14.0913
2517,83.900,1083,13,2450,1873,20.5712,14.5160
2518,83.933,1082,14,2450,1873,21.6026,15.1226
2519,83.967,1082,13,2450,1873,22.0775,13.0848
2520,84.000,1081,9,2451,1873,23.1522,9.0211
2521,84.033,1081,9,2451,1873,23.1544,10.9894
2522,84.067,1081,8,2452,1874,20.9226,10.1873
2523,84.100,1082,8,2451,1873,24.6034,15.4814
2524,84.133,1082,8,2450,1872,23.4378,13.3365
2524,84.133,3366,1585,3487,1764,-0.3133,-22.5064
2525,84.167,1081,9,2452,1873,21.5908,11.6752
2526,84.200,1082,9,2450,1870,22.7847,13.0367
2527,84.233,1083,9,2450,1871,21.8648,13.0897
2528,84.267,1095,8,2453,1872,23.4290,9.5029
2529,84.300,1095,9,2453,1871,22.3340,7.9351
2530,84.333,1095,9,2453,1871,22.1813,8.7504
2531,84.367,1095,9,2453,1871,22.1110,8.1955
2532,84.400,1095,9,2453,1871,22.3336,8.7465
2533,84.433,1094,9,2453,1868,22.8887,9.9572
2534,84.467,1094,12,2452,1867,22.3873,10.7478
2535,84.500,1095,12,2449,1866,21.2689,11.1943
2536,84.533,1094,12,2449,1866,23.1913,12.6690
2537,84.567,1094,12,2449,1866,22.4402,12.3040
2538,84.600,1095,12,2450,1866,23.2949,11.8793
2539,84.633,1094,12,2450,1867,23.1182,12.8627
2540,84.667,1093,13,2451,1869,21.4633,12.7514
2541,84.700,1094,12,2451,1870,20.4297,13.2167
2542,84.733,1094,13,2450,1869,20.7910,13.1903
2543,84.767,1094,13,2450,1869,21.0778,13.3304
2544,84.800,1094,14,2451,1868,21.4864,10.3467
2545,84.833,1091,13,2451,1867,21.7476,13.2943
2546,84.867,1092,13,2451,1866,22.5297,13.5168
2547,84.900,1092,13,2452,1866,21.6653,11.2418
2548,84.933,1092,14,2450,1864,23.6116,12.3771
2549,84.967,1090,12,2450,1866,22.2579,12.0783
2550,85.000,1094,13,2449,1869,22.0875,10.8850
2551,85.033,1092,0,2441,1868,24.3858,0.2781
2552,85.067,1091,0,2440,1869,24.7829,0.6238
2553,85.100,1087,0,2435,1863,16.1725,0.7707
2554,85.133,1093,0,2435,1865,20.3229,7.2072
2555,85.167,1093,0,2434,1863,23.1527,9.0448
2556,85.200,1095,0,2439,1861,22.4516,3.0285
2557,85.233,1096,7,2442,1862,22.4058,9.4504
2558,85.267,1094,11,2444,1863,22.8482,12.7735
2559,85.300,1093,10,2444,1864,24.1548,12.6953
2560,85.333,1092,12,2445,1863,23.9281,10.4488
2561,85.367,1093,13,2446,1863,23.4684,10.5317
2562,85.400,1092,11,2446,1863,25.1499,11.8867
2563,85.433,1092,12,2447,1863,22.7269,7.3045
2564,85.467,1092,13,2446,1863,22.9672,9.7729
2565,85.500,1092,12,2447,1864,23.6333,9.5472
2566,85.533,1091,11,2448,1864,21.5978,10.1587
2567,85.567,1092,9,2448,1863,23.4536,13.2408
2568,85.600,1093,9,2448,1863,24.7878,12.9589
2569,85.633,1093,9,2448,1863,24.5283,13.1642
2570,85.667,1093,9,2449,1863,23.7691,13.5796
2571,85.700,1093,9,2451,1865,21.6433,13.4832
2572,85.733,1092,9,2452,1866,24.2647,12.7924
2573,85.767,1091,10,2448,1867,21.6303,13.7685
2574,85.800,1091,9,2452,1870,22.8017,12.5598
2575,85.833,1090,10,2454,1870,23.3911,9.2597
2576,85.867,1090,10,2453,1870,23.6372,10.8074
2577,85.900,1090,9,2454,1869,22.9447,9.9487
2578,85.933,1090,8,2456,1869,21.9167,11.6621
2579,85.967,1089,12,2456,1869,20.0849,11.7929
2580,86.000,1089,5,2456,1871,22.4920,13.9648
2581,86.033,1091,4,2455,1868,22.3855,7.6143
2582,86.067,1090,16,2458,1868,12.0629,13.6246
2583,86.100,1090,16,2459,1868,11.3217,14.0596
2584,86.133,1089,17,2458,1871,11.7088,13.4551
2585,86.167,1089,17,2458,1871,12.1248,13.8350
2586,86.200,1090,19,2455,1870,12.3568,14.7331
2587,86.233,1090,20,2455,1869,12.0028,13.7409
2588,86.267,1089,19,2456,1872,11.6064,15.6684
2589,86.300,1088,25,2456,1871,11.5550,16.3335
2590,86.333,1086,26,2461,1875,12.7056,14.2067
2591,86.367,1087,24,2457,1870,13.0821,14.9887
2592,86.400,1086,26,2458,1875,12.6354,14.9050
2593,86.433,1085,24,2457,1878,14.8944,12.1578
2594,86.467,1085,26,2457,1881,14.6475,15.0099
2595,86.500,1085,25,2457,1878,14.7734,12.8163
2596,86.533,1085,26,2457,1880,14.1526,12.8070
2597,86.567,1086,26,2459,1881,14.6251,12.5199
2598,86.600,1085,27,2462,1883,13.3590,11.0945
2599,86.633,1085,28,2459,1882,15.8136,11.8169
2600,86.667,1084,28,2458,1883,14.2887,11.0609
2601,86.700,1083,28,2458,1885,15.4444,12.1925
2602,86.733,1083,28,2457,1886,13.8980,10.5168
2603,86.767,1085,28,2453,1886,16.0307,10.9114
2604,86.800,1085,30,2448,1883,15.6441,10.8265
2605,86.833,1084,29,2448,1881,14.3343,10.0246
2606,86.867,1083,29,2449,1880,14.8078,10.4211
2607,86.900,1083,27,2451,1881,13.5756,9.9852
2608,86.933,1084,29,2452,1879,12.3401,12.4368
2609,86.967,1084,28,2454,1881,11.2767,11.6549
2610,87.000,1084,29,2457,1881,11.7773,12.2579
2611,87.033,1084,25,2458,1881,13.1114,12.0967
2612,87.067,1084,24,2459,1883,12.1993,12.3848
2613,87.100,1083,25,2460,1883,10.0788,9.7816
2614,87.133,1084,25,2462,1883,10.8142,10.5862
2615,87.167,1084,24,2462,1882,10.0941,13.4339
2616,87.200,1085,24,2462,1882,10.1305,13.3685
2617,87.233,1085,23,2462,1883,10.7166,14.0230
2618,87.267,1084,21,2462,1883,10.6173,15.9386
2619,87.300,1084,21,2461,1884,10.2247,17.7094
2620,87.333,1084,21,2461,1884,10.0815,17.7809
2621,87.367,1084,23,2460,1885,12.2935,15.6346
2622,87.400,1085,24,2459,1884,11.1862,12.2763
2623,87.433,1085,25,2460,1887,10.4835,11.3929
2624,87.467,1086,26,2461,1887,9.2458,15.0576
2625,87.500,1086,26,2461,1887,9.5027,14.9386
2626,87.533,1086,28,2461,1890,10.0860,15.4749
2627,87.567,1086,25,2461,1888,9.2841,13.8203
2628,87.600,1086,26,2462,1888,9.2263,15.1046
2629,87.633,1086,26,2462,1888,9.1424,15.3901
2630,87.667,1086,26,2463,1886,9.9210,14.4944
2631,87.700,1086,25,2462,1884,8.6682,13.6728
2632,87.733,1085,24,2463,1885,9.1248,13.6904
2633,87.767,1085,24,2462,1884,8.7376,12.9363
2634,87.800,1084,21,2461,1882,11.5430,16.1593
2635,87.833,1084,22,2461,1880,11.4077,15.3998
2636,87.867,1085,22,2460,1879,11.1473,15.8948
2637,87.900,1085,21,2461,1879,10.8855,14.7043
2638,87.933,1084,21,2460,1878,11.6688,16.3453
2639,87.967,1084,22,2460,1879,11.1252,14.7640
2640,88.000,1086,20,2462,1884,11.6480,14.6149
2641,88.033,1086,21,2460,1882,13.4675,15.0998
2642,88.067,1086,20,2461,1882,11.1997,15.0306
2643,88.100,1082,0,2455,1881,14.9563,6.6339
2644,88.133,1083,0,2451,1879,15.6099,7.2823
2645,88.167,1084,0,2449,1880,16.9984,3.6495
2646,88.200,1088,0,2454,1880,16.9535,5.8727
2647,88.233,1088,12,2459,1884,14.5799,9.6685
2648,88.267,1087,10,2457,1884,14.4990,11.3178
2649,88.300,1088,19,2461,1884,10.7095,10.9317
2650,88.333,1087,18,2461,1887,12.5278,10.4074
2651,88.367,1086,20,2460,1886,12.4937,9.1222
2652,88.400,1087,21,2461,1885,12.1869,11.0167
2653,88.433,1085,21,2461,1885,12.9260,12.8058
2654,88.467,1085,21,2461,1883,13.5574,12.0387
2655,88.500,1086,23,2462,1883,13.1245,13.0152
2656,88.533,1086,22,2463,1883,13.2736,14.2382
2657,88.567,1085,22,2462,1883,14.7017,14.1539
2658,88.600,1085,22,2462,1884,15.1520,12.7464
2659,88.633,1084,23,2462,1884,13.5916,11.3492
2660,88.667,1085,24,2462,1882,12.2789,13.2220
2661,88.700,1088,28,2461,1885,14.0030,11.5322
2662,88.733,1089,30,2461,1885,13.6361,11.2220
2663,88.767,1089,30,2460,1883,13.7694,11.0760
2664,88.800,1092,36,2460,1886,14.4853,10.0675
2665,88.833,1090,35,2460,1887,13.6008,9.0839
2666,88.867,1090,35,2461,1887,13.5529,9.3290
2667,88.900,1090,35,2460,1887,13.5040,9.5272
2668,88.933,1089,36,2461,1889,14.2621,8.7732
2669,88.967,1089,36,2461,1889,14.3247,8.2415
2670,89.000,1091,32,2460,1889,12.3176,10.9681
2671,89.033,1090,33,2459,1889,11.6462,10.2392
2672,89.067,1090,33,2459,1889,11.5776,9.9590
2673,89.100,1091,31,2458,1890,10.5356,11.0306
2674,89.133,1090,30,2459,1890,7.1745,13.8241
2675,89.167,1091,28,2461,1893,7.7474,7.1108
2676,89.200,1091,25,2460,1891,6.5252,9.9716
2677,89.233,1090,30,2460,1894,5.6182,8.4372
2678,89.267,1089,31,2460,1896,4.6723,10.4287
2679,89.300,1089,31,2462,1896,3.8703,11.6120
2680,89.333,1090,31,2460,1892,5.2256,10.4767
2681,89.367,1090,29,2457,1895,4.7001,7.5638
2682,89.400,1090,25,2458,1897,4.4536,6.1185
2683,89.433,1088,29,2457,1893,7.9949,8.8023
2684,89.467,1087,32,2458,1891,6.6216,10.3250
2685,89.500,1087,30,2458,1890,7.9421,10.3820
2686,89.533,1088,31,2460,1891,7.2272,12.4451
2687,89.567,1089,25,2461,1895,-0.8810,7.0022
2688,89.600,1089,27,2461,1895,0.3743,9.8639
2689,89.633,1088,26,2459,1895,0.1795,8.7724
2690,89.667,1089,23,2458,1896,1.5175,4.6023
2691,89.700,1087,23,2455,1894,0.4843,5.4116
2692,89.733,1087,21,2455,1894,0.9726,10.1833
2693,89.767,1088,16,2454,1893,-1.7614,8.5068
2694,89.800,1086,14,2456,1895,-0.0252,7.6212
2695,89.833,1084,16,2455,1897,-2.8930,7.0435
2696,89.867,1085,22,2455,1903,1.6709,9.4008
2697,89.900,1085,20,2454,1902,-0.5008,7.9721
2698,89.933,1086,19,2453,1904,0.3055,8.6542
2699,89.967,1087,18,2454,1905,-1.3516,9.3651
2700,90.000,1085,18,2451,1905,0.4245,7.9202
2701,90.033,1085,19,2451,1905,1.2285,8.1430
2702,90.067,1085,19,2451,1906,1.0948,8.0494
2703,90.100,1085,20,2451,1905,2.3219,8.2047
2704,90.133,1085,22,2452,1906,1.6616,6.0044
2705,90.167,1086,15,2450,1904,1.3383,6.7315
2706,90.200,1088,12,2449,1902,1.4247,7.8990
2707,90.233,1088,15,2451,1904,1.4187,6.8216
2708,90.267,1091,15,2449,1900,-1.0463,9.6380
2709,90.300,1091,17,2448,1896,1.2023,9.4762
2710,90.333,1090,14,2448,1895,1.1480,8.5144
2711,90.367,1090,17,2448,1894,-1.0047,7.7237
2712,90.400,1092,14,2449,1894,-0.0668,9.4484
2713,90.433,1091,13,2448,1894,1.5700,10.6140
2714,90.467,1091,15,2448,1896,-0.6399,10.3686
2715,90.500,1092,14,2449,1896,0.0181,10.0597
2716,90.533,1091,13,2449,1897,0.1959,10.0521
2717,90.567,1095,14,2450,1898,-0.3590,10.1169
2718,90.600,1092,15,2452,1894,-0.3881,9.2351
2719,90.633,1092,27,2461,1901,-1.1740,10.9956
2720,90.667,1092,28,2462,1900,-0.8871,9.9425
2721,90.700,1092,30,2463,1901,-0.3463,6.8243
2722,90.733,1091,31,2463,1899,-2.6148,7.2981
2723,90.767,1091,32,2462,1900,-2.1237,7.6535
2724,90.800,1091,33,2463,1900,-2.4685,10.0679
2725,90.833,1091,33,2462,1900,-3.3611,11.3895
2726,90.867,1091,33,2462,1901,-2.5289,10.8303
2727,90.900,1091,32,2462,1900,-1.7988,9.5066
2728,90.933,1091,31,2462,1900,-0.6555,7.5280
2729,90.967,1091,31,2461,1900,-0.0973,6.1868
2730,91.000,1093,36,2457,1892,-1.7521,11.9359
2731,91.033,1091,36,2457,1893,-1.0818,11.8931
2732,91.067,1091,36,2456,1891,-2.0033,11.4940
2733,91.100,1092,36,2456,1892,-1.4124,10.7311
2734,91.133,1090,36,2454,1896,-0.5681,12.4367
2735,91.167,1089,39,2451,1896,-0.5359,10.7617
2736,91.200,1092,34,2458,1901,0.4532,8.4090
2737,91.233,1094,32,2462,1902,-1.0237,12.7459
2738,91.267,1096,29,2461,1905,-5.0362,9.6928
2739,91.300,1096,31,2462,1905,-2.4710,9.8025
2740,91.333,1095,31,2462,1904,-1.0573,10.8237
2741,91.367,1094,32,2462,1906,-0.9650,12.5410
2742,91.400,1095,33,2463,1907,-1.4969,10.2267
2743,91.433,1096,32,2463,1907,-0.1246,8.6322
2744,91.467,1096,32,2463,1907,0.4529,8.7253
2745,91.500,1096,32,2463,1906,0.1770,7.3445
2746,91.533,1097,31,2462,1907,-4.3472,8.2927
2747,91.567,1097,30,2462,1906,-4.8763,9.0862
2748,91.600,1097,31,2461,1904,-4.5168,9.3870
2749,91.633,1097,31,2461,1903,-3.5815,7.8551
2750,91.667,1097,33,2459,1904,-4.4627,9.5100
2751,91.700,1096,28,2458,1906,-2.7513,6.7317
2752,91.733,1096,27,2457,1905,-2.3322,7.7304
2753,91.767,1093,21,2458,1905,-5.3770,10.7140
2754,91.800,1092,20,2458,1906,-4.8723,9.2771
2755,91.833,1091,21,2460,1905,-3.8695,9.8533
2756,91.867,1091,20,2461,1907,-2.6102,9.0543
2757,91.900,1092,22,2461,1905,-3.0714,7.5351
2758,91.933,1091,23,2461,1904,-4.1545,6.9637
2759,91.967,1091,23,2461,1902,-4.4803,8.0258
2760,92.000,1092,17,2461,1903,1.1612,9.7925
2761,92.033,1092,17,2461,1904,1.3105,9.6406
2762,92.067,1092,15,2462,1904,1.7733,8.6158
2763,92.100,1092,15,2463,1904,-0.1194,8.5650
2764,92.133,1093,15,2464,1905,-0.5233,8.4138
2765,92.167,1092,14,2463,1903,1.2164,10.9359
2766,92.200,1091,13,2463,1905,0.5702,9.5432
2767,92.233,1091,13,2462,1905,0.4034,10.5665
2768,92.267,1088,13,2463,1905,-1.9093,8.9550
2769,92.300,1088,11,2462,1903,0.6346,9.3560
2770,92.333,1087,13,2463,1904,-2.5802,8.0592
2771,92.367,1087,14,2463,1903,-3.5597,7.9479
2772,92.400,1085,18,2464,1903,-0.4461,8.8194
2773,92.433,1085,17,2465,1906,-1.9228,9.3393
2774,92.467,1084,16,2462,1901,-1.2923,5.7761
2775,92.500,1084,17,2463,1900,-1.0828,7.7672
2776,92.533,1086,15,2463,1897,-3.5352,6.9161
2777,92.567,1087,13,2467,1899,-2.5314,9.8010
2778,92.600,1087,13,2468,1898,-1.7799,7.8121
2779,92.633,1087,13,2467,1897,-2.7132,9.0751
2780,92.667,1088,10,2470,1899,-1.5346,10.9681
2781,92.700,1088,11,2469,1899,-2.9685,11.7950
2782,92.733,1089,10,2469,1899,-2.6442,10.0935
2783,92.767,1090,15,2471,1900,-5.0401,7.4022
2784,92.800,1088,10,2471,1900,-1.6033,10.7897
2785,92.833,1088,12,2470,1898,-2.8685,10.2595
2786,92.867,1089,11,2467,1899,-0.8201,11.2720
2787,92.900,1089,14,2466,1900,-2.6276,11.4417
2788,92.933,1092,11,2463,1901,-1.1174,9.9034
2789,92.967,1095,9,2466,1901,-0.3888,10.1307
2790,93.000,1095,12,2466,1901,0.9113,12.9680
2791,93.033,1093,12,2464,1899,5.7467,10.9953
2792,93.067,1091,7,2464,1894,15.7239,7.2659
2793,93.100,1090,2,2465,1893,16.9721,3.9536
2794,93.133,1090,1,2464,1894,17.4702,5.1850
2795,93.167,1089,0,2461,1892,17.0408,5.2910
2796,93.200,1088,0,2461,1892,15.9174,6.8059
2797,93.233,1089,0,2462,1896,15.9559,5.9458
2798,93.267,1089,0,2461,1896,15.8339,7.7973
2799,93.300,1088,0,2460,1893,16.6308,7.8486
2800,93.333,1087,0,2461,1895,12.5804,6.0644
2801,93.367,1086,6,2461,1894,12.1727,10.4092
2802,93.400,1086,5,2461,1895,11.6204,10.1139
2803,93.433,1087,6,2461,1894,12.0907,9.9002
2804,93.467,1087,6,2461,1894,11.6462,9.6505
2805,93.500,1088,10,2461,1892,14.3808,10.4917
2806,93.533,1088,7,2461,1893,12.0036,10.7493
2807,93.567,1086,9,2459,1893,10.5851,10.7044
2808,93.600,1086,9,2460,1893,11.5087,10.7350
2809,93.633,1085,10,2461,1893,10.5142,9.7717
2810,93.667,1085,12,2460,1892,11.1379,8.5004
2811,93.700,1084,12,2461,1891,12.5010,9.1161
2812,93.733,1084,12,2460,1890,12.2772,9.7269
2813,93.767,1084,13,2464,1892,12.7827,9.3479
2814,93.800,1084,11,2463,1891,9.1352,9.5387
2815,93.833,1084,12,2463,1889,10.7589,9.5034
2816,93.867,1084,10,2463,1890,11.9616,9.0607
2817,93.900,1084,10,2465,1891,12.3201,8.3760
2818,93.933,1084,11,2464,1890,12.0622,9.0579
2819,93.967,1084,12,2465,1889,11.4654,9.5716
2820,94.000,1083,11,2465,1891,13.4208,7.9343
2821,94.033,1083,13,2465,1893,12.0479,9.2272
2822,94.067,1083,14,2465,1891,9.5208,9.5125
2823,94.100,1083,14,2465,1892,10.2134,9.8177
2824,94.133,1084,14,2467,1890,10.1303,8.1949
2825,94.167,1085,14,2468,1890,10.8350,8.8647
2826,94.200,1084,14,2468,1888,10.9374,9.5264
2827,94.233,1084,14,2468,1888,11.2937,9.2741
2828,94.267,1083,15,2469,1887,10.1097,9.4048
2829,94.300,1083,14,2469,1886,10.5500,8.4227
2830,94.333,1083,13,2469,1884,10.5688,8.9070
2831,94.367,1082,14,2469,1884,10.8655,9.9953
2832,94.400,1084,13,2467,1884,12.9634,12.0904
2833,94.433,1084,12,2468,1885,12.1978,11.7325
2834,94.467,1084,12,2468,1885,12.3430,11.8138
2835,94.500,1083,14,2468,1884,10.9002,10.5288
2836,94.533,1084,13,2468,1885,11.9565,8.8463
2837,94.567,1084,13,2467,1885,12.1541,10.9533
2838,94.600,1084,13,2467,1885,12.3179,10.8628
2839,94.633,1084,13,2467,1885,12.2916,10.8934
2840,94.667,1084,13,2468,1885,11.8137,8.3869
2841,94.700,1084,13,2468,1886,13.2210,9.5416
2842,94.733,1083,16,2464,1885,12.6564,10.3074
2843,94.767,1083,15,2464,1886,12.7447,10.5211
2844,94.800,1083,15,2464,1886,12.4634,10.3430
2845,94.833,1083,15,2466,1887,12.4273,9.7307
2846,94.867,1083,15,2460,1886,12.0462,9.7510
2847,94.900,1083,17,2459,1886,11.7025,9.1461
2848,94.933,1083,17,2458,1883,11.4815,7.9145
2849,94.967,1083,18,2458,1883,12.0470,8.4924
2850,95.000,1084,9,2456,1882,13.9511,8.6311
2851,95.033,1083,13,2458,1887,10.7901,7.6426
2852,95.067,1083,11,2458,1886,12.8611,8.2014
2853,95.100,1083,14,2461,1887,11.5943,9.7067
2854,95.133,1083,15,2459,1887,13.2916,6.7657
2855,95.167,1084,16,2457,1889,11.5741,8.5074
2856,95.200,1083,16,2457,1888,12.4141,9.0535
2857,95.233,1084,16,2456,1889,12.0047,8.7750
2858,95.267,1083,13,2456,1887,12.7815,8.2778
2859,95.300,1085,12,2455,1885,11.8317,8.4929
2860,95.333,1085,12,2455,1888,11.9420,8.6323
2861,95.367,1084,13,2455,1887,13.4018,8.7825
2862,95.400,1085,12,2454,1889,10.2921,7.4344
2863,95.433,1085,12,2454,1889,10.0497,6.9429
2864,95.467,1086,11,2454,1888,11.2592,7.7528
2865,95.500,1085,11,2454,1888,10.5323,7.3383
2866,95.533,1087,12,2454,1886,12.3264,6.0683
2867,95.567,1087,12,2454,1885,12.0494,8.8386
2868,95.600,1085,11,2454,1888,11.2242,6.4841
2869,95.633,1085,10,2455,1888,12.0165,7.7754
2870,95.667,1084,10,2455,1891,14.3865,6.6534
2871,95.700,1085,9,2453,1892,10.9338,6.3467
2872,95.733,1085,8,2453,1893,11.7698,3.7013
2873,95.767,1086,8,2454,1894,11.7470,4.0542
2874,95.800,1085,9,2455,1894,13.0695,7.3967
2875,95.833,1085,9,2456,1894,11.5607,6.4910
2876,95.867,1086,9,2453,1894,14.2803,5.4426
2877,95.900,1086,9,2455,1895,13.4331,6.0612
2878,95.933,1085,11,2453,1894,12.7941,6.2247
2879,95.967,1086,13,2456,1894,11.5909,7.3926
2880,96.000,1087,19,2455,1890,13.5312,8.3319
2881,96.033,1085,21,2456,1891,13.0032,8.7828
2882,96.067,1084,22,2455,1891,12.3515,7.9411
2883,96.100,1084,24,2458,1890,14.4321,7.2895
2884,96.133,1086,25,2455,1887,12.2521,7.4819
2885,96.167,1087,28,2454,1889,16.7553,4.3085
2886,96.200,1088,26,2454,1889,15.6117,7.1025
2887,96.233,1089,26,2453,1888,15.1246,7.0757
2888,96.267,1091,25,2452,1887,16.4222,8.9820
2889,96.300,1092,25,2452,1888,15.2723,10.1292
2890,96.333,1091,25,2450,1888,14.1604,8.8850
2891,96.367,1090,26,2451,1888,14.8593,9.1865
2892,96.400,1090,25,2453,1888,14.4245,9.9597
2893,96.433,1090,26,2452,1888,14.2884,7.7879
2894,96.467,1090,26,2452,1888,13.9981,8.3014
2895,96.500,1090,26,2456,1890,14.1232,8.5589
2896,96.533,1091,26,2455,1890,13.3835,8.5815
2897,96.567,1089,26,2459,1893,14.3976,8.7242
2898,96.600,1091,25,2456,1890,14.2056,7.6435
2899,96.633,1095,28,2452,1886,14.4072,4.2361
2900,96.667,1086,0,2440,1871,10.2988,-4.1877
2901,96.700,1085,0,2440,1874,12.6015,-4.8295
2902,96.733,1089,0,2439,1875,13.6171,-2.9513
2903,96.767,1091,0,2449,1885,12.1314,-1.0410
2904,96.800,1088,2,2448,1885,12.1113,-0.3904
2905,96.833,1093,1,2449,1886,12.1433,3.2379
2906,96.867,1092,13,2451,1886,10.6508,5.0364
2907,96.900,1093,12,2452,1886,8.4659,5.3995
2908,96.933,1094,14,2452,1884,10.4293,3.2710
2909,96.967,1092,15,2451,1884,10.9643,4.7860
2910,97.000,1089,16,2451,1881,13.3514,8.8467
2911,97.033,1087,19,2451,1879,12.2750,6.2664
2912,97.067,1087,20,2450,1878,11.4734,6.1855
2913,97.100,1086,22,2451,1878,10.1669,6.2054
2914,97.133,1086,23,2452,1877,8.5744,7.0695
2915,97.167,1085,21,2453,1876,12.3351,6.0822
2916,97.200,1085,20,2452,1878,10.4455,5.2842
2917,97.233,1085,20,2453,1877,8.5899,5.3953
2918,97.267,1084,20,2454,1876,8.9170,6.5780
2919,97.300,1084,19,2455,1878,10.6778,6.8801
2920,97.333,1084,22,2456,1878,12.1308,6.0354
2921,97.367,1084,22,2457,1880,13.4684,4.4964
2922,97.400,1085,20,2457,1882,12.3454,6.8074
2923,97.433,1085,20,2457,1885,12.2902,8.4170
2924,97.467,1085,22,2458,1886,12.7779,6.6626
2925,97.500,1085,22,2459,1886,12.6455,7.2437
2926,97.533,1084,19,2459,1886,12.9554,6.8698
2927,97.567,1085,20,2460,1887,11.8363,7.8708
2928,97.600,1085,19,2460,1887,11.8633,7.5481
2929,97.633,1085,19,2460,1887,11.9567,7.3520
2930,97.667,1084,19,2460,1886,12.4819,8.1215
2931,97.700,1084,21,2460,1886,13.4941,8.6439
2932,97.733,1084,21,2461,1886,11.8092,6.1281
2933,97.767,1084,21,2461,1886,11.6941,6.2072
2934,97.800,1083,20,2461,1886,12.3100,6.1194
2935,97.833,1083,20,2462,1886,12.1842,6.7719
2936,97.867,1083,21,2462,1886,11.3361,6.8056
2937,97.900,1083,20,2461,1885,11.6719,6.8899
2938,97.933,1083,20,2460,1886,12.3794,9.2599
2939,97.967,1083,20,2460,1885,11.3528,6.8828
2940,98.000,1085,16,2455,1888,13.9769,6.1176
2941,98.033,1087,7,2451,1872,16.5880,6.6799
2942,98.067,1086,9,2449,1871,17.0246,8.1428
2943,98.100,1091,26,2450,1865,11.3054,8.6366
2944,98.133,1090,22,2446,1867,9.8699,7.2177
2945,98.167,1090,21,2447,1868,12.9056,8.5945
2946,98.200,1090,21,2446,1866,14.1739,8.7561
2947,98.233,1087,20,2450,1866,13.7758,9.8569
2948,98.267,1089,18,2450,1870,13.5356,8.9798
2949,98.300,1087,17,2453,1872,14.0453,9.7362
2950,98.333,1086,15,2454,1873,14.7092,8.3536
2951,98.367,1088,13,2455,1877,14.1925,7.9487
2952,98.400,1088,15,2455,1881,12.6286,10.4556
2953,98.433,1087,15,2455,1881,13.2241,9.7735
2954,98.467,1088,17,2454,1881,9.8665,8.9074
2955,98.500,1089,18,2455,1883,10.7847,9.1898
2956,98.533,1088,18,2456,1885,9.6890,10.3405
2957,98.567,1089,19,2457,1887,7.9401,10.1841
2958,98.600,1089,19,2456,1886,8.3384,10.2592
2959,98.633,1089,21,2457,1888,10.2549,11.5491
2960,98.667,1089,20,2457,1890,10.5987,10.3652
2961,98.700,1089,18,2457,1888,9.3318,10.4689
2962,98.733,1089,19,2456,1888,8.6700,11.3622
2963,98.767,1088,19,2457,1888,11.2152,11.3435
2964,98.800,1087,21,2457,1890,6.5506,10.9136
2965,98.833,1088,22,2457,1890,6.9925,10.4025
2966,98.867,1088,21,2457,1890,8.8783,10.1162
2967,98.900,1087,10,2457,1890,9.8869,2.6682
2968,98.933,1086,7,2461,1891,8.0796,4.2575
2969,98.967,1085,0,2458,1889,10.1697,-5.7843
2970,99.000,1095,2,2462,1893,19.5891,1.9760
2971,99.033,1093,3,2460,1892,18.8280,3.1498
2972,99.067,1094,8,2458,1888,13.6985,7.5410
2973,99.100,1094,16,2458,1889,13.2465,8.1637
2974,99.133,1092,17,2457,1889,12.9811,6.9770
2975,99.167,1095,17,2457,1887,13.2005,9.3432
2976,99.200,1094,21,2457,1889,12.2578,12.3802
2977,99.233,1093,23,2459,1889,14.4784,10.3506
2978,99.267,1095,19,2459,1889,15.4377,11.6294
2979,99.300,1095,19,2458,1888,13.7357,11.3733
2980,99.333,1095,19,2458,1887,11.2682,12.5790
2981,99.367,1096,18,2457,1888,9.5402,13.0248
2982,99.400,1096,16,2458,1887,11.4468,11.5495
2983,99.433,1097,15,2458,1886,12.5737,11.4218
2984,99.467,1098,15,2457,1885,14.1514,12.7537
2985,99.500,1098,15,2458,1886,14.3672,13.2946
2986,99.533,1097,13,2459,1885,11.8452,12.4007
2987,99.567,1098,18,2454,1879,12.6029,12.2072
2988,99.600,1097,17,2453,1879,10.0945,11.7652
2989,99.633,1098,19,2453,1876,11.9674,12.4356
2990,99.667,1099,19,2454,1877,12.7043,11.9673
2991,99.700,1098,17,2454,1872,10.5057,12.8310
2992,99.733,1098,18,2455,1873,12.6517,12.7377
2993,99.767,1098,18,2455,1873,13.2680,12.9117
2994,99.800,1099,21,2454,1871,8.3554,10.4298
2995,99.833,1098,20,2453,1872,8.5334,12.2249
2996,99.867,1099,20,2453,1875,10.5883,12.9519
2997,99.900,1098,21,2452,1873,9.1639,13.3745
2998,99.933,1098,22,2451,1874,6.3932,12.6458
2999,99.967,1100,23,2451,1874,9.0204,13.0468
3000,100.000,1097,28,2452,1875,8.1639,10.6726
3001,100.033,1096,28,2452,1874,8.7681,12.6137
3002,100.067,1095,26,2451,1873,7.3103,11.7546
3003,100.100,1096,27,2451,1872,9.3220,11.8116
3004,100.133,1095,28,2450,1872,6.8382,11.2476
3005,100.167,1096,28,2452,1871,8.2213,12.2867
3006,100.200,1096,26,2453,1872,8.2032,12.2042
3007,100.233,1095,26,2452,1872,7.4194,12.1241
3008,100.267,1096,24,2454,1871,6.6968,10.0532
3009,100.300,1094,24,2455,1871,8.1105,12.0154
3010,100.333,1094,24,2455,1871,8.0039,11.6885
3011,100.367,1094,24,2455,1871,8.0961,12.3824
3012,100.400,1093,23,2456,1871,8.3772,11.7012
3013,100.433,1093,24,2456,1871,9.0084,10.7375
3014,100.467,1093,25,2456,1872,9.8767,9.5148
3015,100.500,1093,25,2457,1873,9.3837,10.1421
3016,100.533,1094,24,2457,1870,10.1155,9.8419
3017,100.567,1093,25,2458,1870,9.7283,9.3867
3018,100.600,1093,24,2458,1870,10.0160,9.2212
3019,100.633,1091,24,2457,1870,8.9519,10.1696
3020,100.667,1090,24,2457,1871,7.5027,9.4122
3021,100.700,1091,23,2457,1873,8.1687,10.5790
3022,100.733,1090,23,2456,1874,9.0684,10.0542
3023,100.767,1090,23,2457,1871,6.6456,10.0240
3024,100.800,1089,20,2458,1872,6.7617,8.4565
3025,100.833,1090,22,2462,1872,7.6262,9.7697
3026,100.867,1089,0,2465,1873,14.4401,-2.7156
3027,100.900,1088,4,2464,1874,9.5522,0.5869
3028,100.933,1089,3,2463,1874,14.0694,1.4634
3029,100.967,1089,4,2462,1874,13.1839,1.3038
3030,101.000,1090,12,2458,1876,13.2493,4.3557
3031,101.033,1087,16,2460,1875,8.6803,6.6191
3032,101.067,1086,21,2458,1875,10.0266,5.8625
3033,101.100,1089,21,2456,1877,11.9145,7.1767
3034,101.133,1089,26,2460,1879,11.1395,8.5804
3035,101.167,1090,27,2459,1878,13.2771,8.7628
3036,101.200,1090,25,2459,1877,11.2594,7.7732
3037,101.233,1091,27,2458,1876,12.9429,9.0054
3038,101.267,1093,28,2457,1876,12.8107,9.6768
3039,101.300,1093,28,2457,1876,13.2837,9.1237
3040,101.333,1093,28,2456,1876,13.0824,7.8754
3041,101.367,1093,29,2456,1877,11.6362,9.5096
3042,101.400,1092,29,2456,1878,12.4920,8.5394
3043,101.433,1091,30,2460,1880,12.6739,9.7120
3044,101.467,1091,32,2457,1880,12.0233,7.1747
3045,101.500,1091,33,2460,1881,19.0226,9.7111
3046,101.533,1091,33,2462,1880,17.9982,9.2153
3047,101.567,1091,31,2463,1880,18.1060,9.0758
3048,101.600,1091,30,2462,1881,18.8713,10.0863
3049,101.633,1092,31,2462,1880,16.8333,11.5349
3050,101.667,1093,31,2462,1878,17.5169,12.0983
3051,101.700,1092,25,2461,1876,15.6487,10.6070
3052,101.733,1092,23,2460,1875,15.0268,8.1283
3053,101.767,1091,23,2459,1875,14.7297,10.1255
3054,101.800,1092,23,2459,1874,15.8807,8.7465
3055,101.833,1093,19,2460,1873,13.7606,11.5897
3056,101.867,1092,20,2461,1874,15.1234,10.3056
3057,101.900,1093,20,2462,1873,16.1394,10.0146
3058,101.933,1094,21,2461,1874,15.6442,8.9101
3059,101.967,1095,21,2461,1874,16.1097,8.5638
3060,102.000,1095,17,2458,1874,18.1101,10.0635
3061,102.033,1094,17,2459,1873,18.0771,10.9204
3062,102.067,1094,17,2459,1873,18.0308,10.7916
3063,102.100,1093,19,2459,1873,15.5150,11.1699
3064,102.133,1093,20,2459,1875,14.0528,8.4491
3065,102.167,1093,22,2458,1872,14.4833,8.3401
3066,102.200,1095,22,2459,1873,15.4237,9.1889
3067,102.233,1094,23,2458,1872,15.2130,10.3583
3068,102.267,1094,23,2456,1872,13.7240,10.2176
3069,102.300,1093,23,2456,1872,13.3752,9.3123
3070,102.333,1094,26,2456,1875,12.2879,11.8752
3071,102.367,1098,20,2455,1875,9.7746,12.6005
3072,102.400,1101,19,2455,1875,9.5161,8.7574
3073,102.433,1101,21,2455,1876,7.1004,14.1923
3074,102.467,1102,19,2455,1876,10.2895,10.3463
3075,102.500,1101,20,2454,1875,9.5854,9.5518
3076,102.533,1102,20,2454,1875,8.9449,10.5349
3077,102.567,1102,20,2454,1874,8.8763,9.3552
3078,102.600,1102,21,2453,1874,9.6431,11.4115
3079,102.633,1102,19,2453,1875,9.5471,9.8880
3080,102.667,1101,20,2453,1875,10.7755,11.0502
3081,102.700,1100,22,2455,1877,7.3931,12.1923
3082,102.733,1100,22,2455,1877,7.8813,11.8676
3083,102.767,1099,23,2455,1877,6.7789,12.3584
3084,102.800,1098,25,2455,1877,8.6579,11.7019
3085,102.833,1098,25,2460,1877,8.6733,10.2285
3086,102.867,1099,27,2462,1879,5.4226,12.4954
3087,102.900,1095,25,2463,1876,5.5267,9.5906
3088,102.933,1095,23,2466,1879,6.9755,10.0950
3089,102.967,1094,22,2468,1877,8.1238,10.9234
3090,103.000,1098,21,2463,1877,8.8658,9.5915
3091,103.033,1098,21,2464,1878,9.9342,10.8334
3092,103.067,1098,21,2464,1877,7.7209,9.0168
3093,103.100,1098,20,2464,1877,8.9837,11.0876
3094,103.133,1097,24,2464,1878,8.3257,8.1739
3095,103.167,1093,21,2462,1885,10.2256,3.1816
3096,103.200,1094,20,2460,1885,10.2003,2.6454
3097,103.233,1091,13,2452,1880,19.4485,-0.3628
3098,103.267,1097,13,2454,1883,19.1793,-0.2455
3099,103.300,1098,15,2454,1882,21.7115,-0.1099
3100,103.333,1093,28,2461,1881,12.8163,0.3239
3101,103.367,1095,31,2456,1881,10.2599,7.7300
3102,103.400,1096,27,2454,1881,9.9014,9.9293
3103,103.433,1097,33,2455,1883,11.7588,5.1398
3104,103.467,1099,31,2456,1884,11.0216,9.2345
3105,103.500,1096,28,2457,1882,8.4502,9.5689
3106,103.533,1094,27,2457,1881,10.0969,10.1450
3107,103.567,1091,35,2459,1880,8.9053,9.1856
3108,103.600,1091,35,2460,1881,10.4182,10.5465
3109,103.633,1090,36,2456,1879,6.5759,11.0899
3110,103.667,1091,33,2456,1880,3.4568,11.6909
3111,103.700,1092,34,2457,1882,3.1610,12.1018
3112,103.733,1092,35,2457,1882,4.2490,11.5328
3113,103.767,1092,31,2460,1881,2.7524,11.7280
3114,103.800,1090,33,2459,1881,4.5997,11.6447
3115,103.833,1091,33,2459,1882,3.2018,10.9583
3116,103.867,1092,35,2458,1881,2.4816,11.4253
3117,103.900,1089,30,2460,1881,4.9085,8.7870
3118,103.933,1088,31,2461,1883,2.7180,10.1775
3119,103.967,1087,29,2461,1882,4.3729,8.3745
3120,104.000,1089,22,2463,1886,4.6608,7.2009
3121,104.033,1090,25,2461,1886,4.3339,8.6596
3122,104.067,1090,26,2462,1886,4.8259,7.9896
3123,104.100,1090,27,2463,1886,0.9255,7.4298
3124,104.133,1094,29,2462,1886,5.4046,9.0367
3125,104.167,1098,29,2464,1884,3.4179,7.5152
3126,104.200,1098,30,2464,1883,4.4356,7.8871
3127,104.233,1098,29,2464,1884,3.6360,7.3400
3128,104.267,1097,32,2464,1882,7.4256,10.6300
3129,104.300,1098,32,2465,1884,6.1612,9.2318
3130,104.333,1096,30,2463,1881,5.6829,8.3223
3131,104.367,1095,30,2463,1879,4.3317,9.4078
3132,104.400,1092,32,2460,1875,7.4912,8.5480
3133,104.433,1094,31,2465,1876,15.4499,7.3767
3134,104.467,1094,32,2465,1875,15.1105,7.7019
3135,104.500,1094,32,2465,1874,16.7062,6.9051
3136,104.533,1094,31,2466,1874,16.4754,7.3329
3137,104.567,1093,31,2466,1875,15.3246,7.0341
3138,104.600,1091,31,2466,1874,18.4880,7.0584
3139,104.633,1091,31,2467,1875,20.2513,6.7334
3140,104.667,1090,30,2468,1877,18.2846,6.0370
3141,104.700,1088,30,2468,1877,20.2859,6.8524
3142,104.733,1089,29,2470,1880,19.6998,6.4282
3143,104.767,1088,28,2472,1882,18.6148,6.9892
3144,104.800,1087,29,2470,1879,19.5551,7.6185
3145,104.833,1085,32,2466,1880,19.6845,6.8168
3146,104.867,1086,32,2467,1882,20.6977,7.5077
3147,104.900,1086,33,2467,1883,20.5739,6.5541
3148,104.933,1086,31,2466,1884,20.3414,6.6437
3149,104.967,1088,27,2471,1887,19.6891,8.4421
3150,105.000,1084,37,2470,1885,23.4069,10.0391
3151,105.033,1084,36,2470,1887,22.8739,8.2117
3152,105.067,1084,36,2470,1886,24.2396,9.5722
3153,105.100,1084,35,2470,1888,23.4564,7.9114
3154,105.133,1083,35,2470,1888,23.6249,8.8901
3155,105.167,1083,35,2468,1887,21.5793,9.3943
3156,105.200,1083,35,2468,1887,21.6593,9.6453
3157,105.233,1083,35,2467,1888,22.9087,8.3881
3158,105.267,1083,33,2467,1887,23.5110,7.4421
3159,105.300,1084,34,2467,1887,22.6858,8.0657
3160,105.333,1083,34,2468,1888,21.8849,10.1338
3161,105.367,1083,35,2467,1888,22.0542,9.5246
3162,105.400,1083,34,2468,1888,21.6044,10.1783
3163,105.433,1086,39,2468,1887,22.8392,11.2530
3164,105.467,1086,40,2468,1886,22.0278,10.1165
3165,105.500,1088,46,2471,1885,24.3747,11.6555
3166,105.533,1089,44,2470,1884,24.4010,10.9007
3167,105.567,1089,44,2470,1886,24.1610,12.0601
3168,105.600,1089,45,2470,1885,25.1466,8.7998
3169,105.633,1088,45,2468,1884,25.4748,12.2004
3170,105.667,1088,44,2468,1883,24.7660,14.2295
3171,105.700,1088,44,2468,1883,24.6144,14.5005
3172,105.733,1088,45,2468,1883,26.1080,13.4847
3173,105.767,1088,45,2468,1883,25.9967,13.5578
3174,105.800,1088,44,2468,1883,23.9992,14.4413
3175,105.833,1086,41,2469,1882,25.0582,11.8604
3176,105.867,1085,43,2469,1882,25.9317,11.7832
3177,105.900,1086,43,2468,1881,23.5683,13.8641
3178,105.933,1085,35,2469,1880,23.0602,12.0988
3179,105.967,1086,32,2469,1879,23.0945,8.3264
3180,106.000,1090,31,2467,1883,20.9536,5.7661
3181,106.033,1085,10,2461,1882,24.2409,3.4721
3182,106.067,1087,7,2458,1885,19.6102,5.0962
3183,106.100,1087,6,2458,1885,19.3607,3.8320
3184,106.133,1089,9,2465,1882,18.7445,7.0427
3185,106.167,1087,16,2464,1883,16.9561,8.3342
3186,106.200,1088,17,2464,1883,15.7311,8.0786
3187,106.233,1087,20,2465,1884,18.4924,6.7482
3188,106.267,1088,24,2466,1885,18.2792,5.0739
3189,106.300,1090,26,2465,1887,17.6093,7.5576
3190,106.333,1092,28,2465,1885,18.3136,6.7246
3191,106.367,1094,30,2465,1885,17.5062,8.1667
3192,106.400,1097,28,2467,1886,17.2386,5.4507
3193,106.433,1097,29,2469,1886,14.3542,4.1140
3194,106.467,1097,32,2468,1886,18.4197,5.3289
3195,106.500,1096,30,2468,1885,16.1630,2.9442
3196,106.533,1095,30,2465,1887,15.9596,4.4270
3197,106.567,1095,28,2460,1883,12.0936,9.4445
3198,106.600,1096,27,2459,1884,13.8258,9.2677
3199,106.633,1096,28,2457,1884,11.6156,11.3231
3200,106.667,1097,25,2456,1883,12.4213,11.1565
3201,106.700,1097,23,2456,1882,10.5547,9.9861
3202,106.733,1096,24,2461,1880,9.1439,9.0788
3203,106.767,1095,20,2466,1882,5.8934,8.7782
3204,106.800,1097,16,2466,1878,11.6455,7.9313
3205,106.833,1099,17,2468,1879,7.8470,7.8391
3206,106.867,1101,15,2466,1879,9.2523,8.6325
3207,106.900,1103,14,2466,1880,8.7037,7.7443
3208,106.933,1103,20,2465,1880,9.3473,7.1516
3209,106.967,1104,22,2463,1880,8.1255,9.0939
3210,107.000,1100,26,2464,1883,8.2241,7.1837
3211,107.033,1100,29,2465,1885,11.3126,6.7580
3212,107.067,1101,26,2462,1887,9.3642,8.9452
3213,107.100,1098,23,2463,1889,9.3191,11.7398
3214,107.133,1099,25,2462,1888,7.8449,10.6013
3215,107.167,1102,28,2454,1886,3.4774,11.7976
3216,107.200,1100,32,2455,1886,7.0830,10.8741
3217,107.233,1100,33,2454,1886,7.3711,8.4397
3218,107.267,1099,33,2455,1884,4.9938,7.4437
3219,107.300,1099,34,2455,1884,4.6668,9.1151
3220,107.333,1100,33,2456,1884,5.4952,11.2299
3221,107.367,1100,34,2456,1883,4.1530,11.3326
3222,107.400,1100,34,2459,1882,3.3216,11.7309
3223,107.433,1099,32,2459,1881,5.2034,10.0635
3224,107.467,1098,30,2459,1883,4.8527,9.2572
3225,107.500,1098,31,2460,1885,6.8364,9.3685
3226,107.533,1094,21,2463,1884,6.0181,5.7601
3227,107.567,1094,0,2460,1879,12.2488,-0.7117
3228,107.600,1094,3,2460,1883,15.8738,3.3619
3229,107.633,1102,1,2458,1883,16.0592,4.5111
3230,107.667,1103,0,2458,1881,19.1194,6.6259
3231,107.700,1096,22,2464,1878,17.8239,4.3110
3232,107.733,1094,29,2466,1877,17.4494,2.9805
3233,107.767,1091,32,2464,1875,16.8175,4.3058
3234,107.800,1094,30,2464,1873,18.5612,5.1510
3235,107.833,1096,32,2467,1873,15.7891,5.9887
3236,107.867,1096,29,2467,1872,16.8737,5.4898
3237,107.900,1095,29,2467,1870,17.7384,6.1500
3238,107.933,1095,29,2468,1871,17.6818,7.3670
3239,107.967,1095,27,2468,1872,15.0093,8.7319
3240,108.000,1091,34,2463,1870,17.8891,7.1476
3241,108.033,1092,34,2467,1871,21.3530,7.3660
3242,108.067,1092,30,2473,1875,17.5748,5.6888
3243,108.100,1092,29,2473,1875,19.2510,4.6694
3244,108.133,1093,26,2475,1875,17.0676,5.0811
3245,108.167,1094,25,2477,1876,17.2691,6.3649
3246,108.200,1093,30,2480,1876,20.5623,4.2954
3247,108.233,1094,34,2480,1872,20.9029,7.1271
3248,108.267,1094,34,2479,1873,20.1428,7.6425
3249,108.300,1096,33,2481,1876,21.4807,4.9908
3250,108.333,1093,32,2479,1875,22.1889,4.7414
3251,108.367,1094,31,2480,1876,23.5817,5.8998
3252,108.400,1094,33,2478,1876,21.8319,5.1667
3253,108.433,1093,33,2470,1878,24.4340,9.4458
3254,108.467,1092,33,2469,1876,22.7451,9.8836
3255,108.500,1092,29,2462,1877,22.4250,8.1942
3256,108.533,1092,29,2462,1876,20.7629,8.3636
3257,108.567,1093,30,2462,1875,21.8399,8.6338
3258,108.600,1093,30,2462,1876,21.9773,7.6684
3259,108.633,1093,30,2463,1876,21.4420,8.0517
3260,108.667,1091,27,2465,1878,18.0647,6.6586
3261,108.700,1091,24,2465,1877,20.2306,7.1513
3262,108.733,1090,25,2466,1878,18.6725,5.5639
3263,108.767,1090,26,2465,1876,18.9969,6.3221
3264,108.800,1088,24,2466,1877,18.6100,7.2294
3265,108.833,1087,21,2469,1882,17.8047,8.5416
3266,108.867,1086,19,2471,1882,16.7401,8.4756
3267,108.900,1086,17,2472,1884,19.3009,8.4218
3268,108.933,1087,16,2474,1887,18.2279,8.8781
3269,108.967,1087,20,2477,1886,16.8995,6.7121
3270,109.000,1089,22,2477,1889,18.6349,6.5020
3271,109.033,1091,21,2476,1890,17.7771,7.2486
3272,109.067,1092,23,2479,1892,17.4048,7.1903
3273,109.100,1092,29,2481,1897,16.8704,10.1689
3274,109.133,1093,31,2480,1898,16.5750,8.1423
3275,109.167,1091,27,2478,1896,17.3792,7.3730
3276,109.200,1091,27,2478,1896,17.6906,6.9196
3277,109.233,1090,27,2474,1893,18.1239,8.9695
3278,109.267,1090,30,2474,1891,18.8393,10.2858
3279,109.300,1091,30,2469,1892,20.0651,9.9111
3280,109.333,1089,33,2469,1890,21.1643,6.8950
3281,109.367,1107,35,2464,1883,24.5840,9.6698
3282,109.400,1107,33,2462,1877,24.0205,8.6853
3283,109.433,1101,38,2455,1879,13.3092,12.1424
3284,109.467,1108,31,2455,1879,6.7235,12.2901
3285,109.500,1104,32,2455,1882,3.8692,11.1496
3286,109.533,1096,31,2456,1883,3.4819,8.5988
3287,109.567,1094,28,2455,1881,2.8957,10.8694
3288,109.600,1100,31,2453,1883,3.1686,11.8910
3289,109.633,1101,27,2453,1882,3.7975,9.7664
3290,109.667,1105,33,2452,1881,2.5366,10.0898
3291,109.700,1105,37,2452,1881,2.4815,8.7231
3292,109.733,1105,37,2452,1880,2.0553,8.9028
3293,109.767,1104,38,2451,1880,1.7538,12.4142
3294,109.800,1103,34,2451,1880,2.7262,9.7735
3295,109.833,1103,32,2450,1879,3.7198,10.3516
3296,109.867,1102,29,2451,1877,1.8936,11.8191
3297,109.900,1102,30,2452,1878,2.2762,11.3477
3298,109.933,1101,30,2452,1876,4.4071,9.6063
3299,109.967,1100,30,2456,1880,1.9072,8.4742
3300,110.000,1100,23,2452,1883,5.3127,10.3446
3301,110.033,1097,26,2453,1882,3.1902,11.6991
3302,110.067,1096,24,2455,1881,10.5933,11.2506
3303,110.100,1092,24,2455,1880,14.0031,9.8588
3304,110.133,1093,28,2452,1879,18.9126,9.5556
3305,110.167,1092,34,2453,1878,12.2494,9.7911
3306,110.200,1093,34,2453,1880,13.3837,10.7810
3307,110.233,1093,34,2452,1879,13.7312,11.2091
3308,110.267,1093,35,2452,1882,13.7305,11.1445
3309,110.300,1093,34,2453,1882,14.7376,10.9872
3310,110.333,1093,40,2451,1882,14.5913,10.5865
3311,110.367,1092,43,2451,1882,12.4256,8.8565
3312,110.400,1094,44,2450,1880,15.1978,7.9023
3313,110.433,1095,40,2451,1879,13.5056,10.5785
3314,110.467,1095,40,2451,1879,13.8772,10.8665
3315,110.500,1094,37,2452,1878,11.9360,11.6386
3316,110.533,1094,38,2453,1879,14.2475,9.9593
3317,110.567,1094,38,2455,1880,22.3953,9.2803
3318,110.600,1094,39,2456,1879,23.1157,9.3439
3319,110.633,1094,39,2457,1878,22.3228,8.9083
3320,110.667,1095,39,2456,1877,24.6341,7.7795
3321,110.700,1095,36,2455,1881,25.1065,9.4679
3322,110.733,1094,36,2456,1882,24.8199,9.7561
3323,110.767,1095,34,2458,1884,24.5470,9.0046
3324,110.800,1094,33,2457,1885,24.5294,8.0378
3325,110.833,1095,31,2457,1884,26.7217,10.4216
3326,110.867,1095,31,2458,1884,27.2757,10.3256
3327,110.900,1095,32,2456,1882,23.7462,9.6744
3328,110.933,1094,33,2457,1881,22.3177,10.1387
3329,110.967,1094,33,2460,1881,22.7321,9.2318
3330,111.000,1094,34,2459,1881,24.0629,12.5039
3331,111.033,1093,33,2461,1882,23.8369,12.5168
3332,111.067,1093,31,2461,1882,25.0528,10.0119
3333,111.100,1094,30,2460,1881,25.0650,8.1243
3334,111.133,1096,28,2460,1884,24.1343,9.0609
3335,111.167,1096,27,2459,1883,22.9797,9.4272
3336,111.200,1095,30,2460,1883,23.9220,8.7060
3337,111.233,1094,31,2458,1882,22.1680,8.5930
3338,111.267,1095,32,2459,1883,21.8768,11.1058
3339,111.300,1097,34,2456,1883,26.2449,7.6767
3340,111.333,1096,32,2457,1883,24.8986,4.9745
3341,111.367,1095,33,2456,1882,23.4142,6.5478
3342,111.400,1096,32,2456,1883,24.8989,6.0854
3343,111.433,1096,31,2457,1883,25.1044,6.5457
3344,111.467,1095,31,2456,1882,23.5553,6.6176
3345,111.500,1095,30,2458,1883,23.7880,6.0059
3346,111.533,1095,28,2458,1882,23.2783,6.9188
3347,111.567,1095,26,2457,1882,24.7022,6.0805
3348,111.600,1096,27,2457,1882,24.4152,7.2749
3349,111.633,1096,33,2459,1883,19.3393,5.2216
3350,111.667,1100,36,2455,1882,18.2436,7.6868
3351,111.700,1099,36,2453,1882,18.4358,6.3302
3352,111.733,1100,35,2453,1883,16.5819,6.0481
3353,111.767,1100,35,2453,1884,16.9196,7.1222
3354,111.800,1100,33,2453,1882,16.3641,7.7032
3355,111.833,1101,33,2452,1881,19.0830,7.5626
3356,111.867,1099,31,2452,1882,18.2239,8.9943
3357,111.900,1101,32,2453,1880,19.6219,7.4028
3358,111.933,1102,32,2453,1881,19.1235,8.0715
3359,111.967,1101,30,2455,1880,18.9586,8.0800
3360,112.000,1101,27,2455,1884,18.2401,8.1795
3361,112.033,1101,26,2455,1886,17.8615,8.3145
3362,112.067,1101,26,2455,1886,17.7741,8.0628
3363,112.100,1101,25,2455,1886,16.8271,7.8551
3364,112.133,1101,25,2455,1886,16.4709,7.5992
3365,112.167,1101,24,2455,1888,18.0067,8.5864
3366,112.200,1102,25,2456,1886,17.5054,9.5541
3367,112.233,1102,27,2455,1886,20.4028,8.5920
3368,112.267,1105,24,2456,1887,11.5072,6.0838
3369,112.300,1106,21,2455,1885,8.1674,9.4912
3370,112.333,1106,22,2454,1885,9.0930,7.2962
3371,112.367,1106,22,2455,1886,10.5313,6.3454
3372,112.400,1106,20,2456,1883,9.4751,6.9892
3373,112.433,1106,20,2456,1881,10.1960,7.3361
3374,112.467,1106,20,2456,1882,10.6408,7.0955
3375,112.500,1106,18,2457,1882,10.2437,8.0525
3376,112.533,1106,17,2457,1882,9.7917,9.0411
3377,112.567,1108,19,2457,1883,9.9426,8.5461
3378,112.600,1106,18,2455,1883,10.6248,8.4446
3379,112.633,1106,17,2456,1883,11.1272,9.4679
3380,112.667,1105,19,2455,1882,10.3247,8.8706
3381,112.700,1105,20,2456,1879,10.4499,8.3166
3382,112.733,1102,18,2455,1873,10.5636,7.1500
3383,112.767,1099,16,2458,1873,12.9594,8.3712
3384,112.800,1101,13,2457,1867,12.2062,8.8596
3385,112.833,1104,12,2456,1866,8.6071,8.4135
3386,112.867,1105,14,2457,1867,12.6516,10.5773
3387,112.900,1106,13,2458,1868,14.2655,7.4490
3388,112.933,1105,18,2462,1873,12.3589,8.8992
3389,112.967,1107,18,2464,1874,11.9636,7.3227
3390,113.000,1103,15,2459,1874,15.4325,5.4094
3391,113.033,1102,16,2460,1872,12.9962,6.0116
3392,113.067,1103,16,2461,1873,13.9569,6.2293
3393,113.100,1103,16,2464,1872,12.6802,6.3828
3394,113.133,1103,16,2464,1872,13.2030,6.4039
3395,113.167,1103,12,2463,1868,16.0162,4.9871
3396,113.200,1102,11,2463,1868,17.0577,5.5576
3397,113.233,1103,10,2463,1870,14.8493,5.6397
3398,113.267,1102,10,2464,1870,14.6656,5.5873
3399,113.300,1065,3,2417,1876,4.4506,12.1755
3400,113.333,1075,34,2419,1883,1.3550,11.5559
3401,113.367,1085,40,2414,1864,1.5193,7.5727
3402,113.400,1079,42,2416,1864,1.1823,9.3597
3403,113.433,1072,53,2408,1860,2.6184,14.9272
3404,113.467,1073,68,2409,1873,1.8975,10.5076
3405,113.500,1066,68,2404,1877,2.6968,11.3296
3406,113.533,1066,53,2388,1846,4.4044,10.7653
3407,113.567,1040,9,2374,1871,5.4433,8.3127
3408,113.600,1035,5,2376,1850,8.0642,10.3347
3409,113.633,1038,12,2363,1829,3.7356,8.7825
3410,113.667,1029,22,2362,1838,6.3176,7.0376
3411,113.700,1040,34,2355,1835,2.7174,7.7033
3412,113.733,1035,40,2349,1831,0.7842,5.7513
3413,113.767,1038,30,2355,1829,6.0314,8.7095
3414,113.800,1031,23,2354,1834,2.7075,6.5195
3415,113.833,1030,24,2352,1840,3.8492,8.6614
3416,113.867,1028,23,2352,1836,2.8315,8.8263
3417,113.900,1026,24,2351,1832,5.8312,9.7160
3418,113.933,1034,17,2358,1846,3.6555,8.5303
3419,113.967,1033,16,2360,1851,3.2506,8.4604
3420,114.000,1037,5,2369,1837,6.0504,6.9449
3421,114.033,1044,8,2373,1853,6.3850,10.8168
3422,114.067,1049,0,2373,1841,8.3987,8.7404
3423,114.100,1047,0,2383,1844,3.9265,7.9627
3424,114.133,1050,0,2392,1842,1.9335,10.2841
3425,114.167,1053,0,2390,1833,1.5670,9.0315
3426,114.200,1051,0,2389,1835,3.0695,12.3803
3427,114.233,1052,0,2388,1836,3.5943,12.0271
3428,114.267,1049,0,2392,1837,1.2305,12.3616
3429,114.300,1047,0,2398,1862,4.5345,10.7097
3430,114.333,1049,0,2393,1868,2.0621,10.1288
3431,114.367,1049,0,2387,1867,4.6054,9.4769
3432,114.400,1051,3,2404,1900,1.3600,8.6951
3433,114.433,1038,16,2376,1895,8.1037,10.0203
3434,114.467,1032,23,2372,1908,0.2218,14.2478
3435,114.500,1031,10,2400,1919,-2.6932,11.7941
3436,114.533,1025,18,2374,1919,2.0048,14.2508
3437,114.567,1030,15,2373,1933,0.4800,10.8134
3438,114.600,1043,5,2404,1917,0.0232,11.0719
3439,114.633,1059,8,2399,1896,1.1885,11.5667
3440,114.667,1057,11,2399,1901,0.2942,10.9566
3441,114.700,1054,20,2401,1898,-3.1707,10.5448
3442,114.733,1049,9,2403,1897,0.4766,11.1251
3443,114.767,1049,15,2399,1884,-3.3006,9.1782
3444,114.800,1043,9,2390,1876,-3.5064,9.4358
3445,114.833,1033,8,2393,1880,-2.4871,8.7209
3446,114.867,1032,7,2392,1879,-1.1601,5.9079
3447,114.900,1015,24,2392,1889,-3.3710,8.5959
3448,114.933,1016,51,2369,1885,-0.3413,1.7193
3449,114.967,1009,45,2368,1897,-1.2186,5.5114
3450,115.000,1011,38,2373,1908,1.8571,-0.5427
3451,115.033,1000,49,2368,1900,1.3503,6.1456
3452,115.067,1004,53,2368,1887,1.1712,4.3612
3453,115.100,1008,49,2360,1878,0.1176,5.7383
3454,115.133,1008,55,2360,1879,2.0614,5.1078
3455,115.167,1009,60,2365,1884,-0.6966,4.5879
3456,115.200,1011,55,2365,1876,-3.3956,5.3878
3457,115.233,1005,56,2367,1880,-2.9017,7.1061
3458,115.267,1003,57,2375,1893,-4.2139,5.7450
3459,115.300,1006,56,2380,1889,-1.7670,6.6608
3460,115.333,1011,43,2372,1881,-3.3803,6.7821
3461,115.367,1013,44,2375,1884,-1.5125,8.8390
3462,115.400,1016,37,2375,1887,-0.3227,9.4311
3463,115.433,1010,33,2380,1885,-0.2718,8.3562
3464,115.467,1015,24,2379,1885,-4.5663,7.0299
3465,115.500,1017,27,2381,1893,1.8337,8.9837
3466,115.533,1018,24,2381,1896,-1.5311,8.2650
3467,115.567,1015,13,2382,1893,-1.9611,8.7738
3468,115.600,1014,7,2383,1890,-0.1605,10.9399
3469,115.633,1015,3,2388,1890,-1.6494,10.6218
3470,115.667,1020,4,2388,1893,1.3007,7.6833
3471,115.700,1020,3,2390,1885,1.3160,9.6673
3472,115.733,1018,8,2391,1882,1.1251,8.7595
3473,115.767,1017,10,2396,1889,-0.4194,8.9686
3474,115.800,1016,13,2396,1890,-0.2001,6.3746
3475,115.833,1016,10,2396,1894,0.2932,7.8591
3476,115.867,1016,13,2397,1896,-0.7719,7.6087
3477,115.900,1017,21,2397,1902,0.1269,8.9649
3478,115.933,1018,30,2398,1909,0.5637,8.9042
3479,115.967,1017,28,2397,1912,0.5899,8.7765
3480,116.000,1012,52,2392,1906,3.8410,6.1456
3481,116.033,1016,56,2393,1906,-0.4032,5.6500
3482,116.067,1013,54,2393,1898,3.6993,6.9011
3483,116.100,1013,48,2395,1894,5.3239,4.8344
3484,116.133,1013,52,2395,1897,1.5123,3.6238
3485,116.167,1009,44,2395,1898,3.8772,6.7583
3486,116.200,1008,46,2391,1900,4.4159,8.1926
3487,116.233,1007,46,2390,1902,5.5490,8.5424
3488,116.267,1005,45,2385,1902,5.4725,6.6144
3489,116.300,1006,51,2383,1901,3.9876,4.7788
3490,116.333,1008,53,2380,1898,4.5269,9.7930
3491,116.367,1008,55,2379,1896,3.7056,7.5873
3492,116.400,1012,47,2377,1892,0.5992,10.7275
3493,116.433,1008,43,2374,1889,1.6619,8.7962
3494,116.467,1009,37,2371,1879,-1.1533,8.9596
3495,116.500,1008,37,2373,1880,2.8242,9.0398
3496,116.533,1008,37,2364,1879,1.3712,8.3694
3497,116.567,1000,36,2365,1898,0.9094,9.1175
3498,116.600,999,36,2366,1897,1.2574,8.3146
3499,116.633,999,36,2366,1898,1.4471,9.3797
3500,116.667,998,35,2366,1899,2.0113,10.2418
3501,116.700,998,33,2365,1899,0.9956,9.0956
3502,116.733,1005,38,2372,1895,-1.4850,9.7434
3503,116.767,1003,44,2375,1896,2.0369,10.8047
3504,116.800,1003,48,2372,1899,3.7174,9.5501
3505,116.833,1003,46,2368,1899,0.3244,10.7947
3506,116.867,1007,47,2371,1893,1.1856,10.6274
3507,116.900,1007,45,2367,1895,2.6100,13.0164
3508,116.933,1010,47,2369,1891,-1.1947,12.6729
3509,116.967,1009,43,2377,1892,1.0006,13.8142
3510,117.000,1012,48,2379,1886,0.4113,9.6545
3511,117.033,1006,47,2381,1891,2.3036,8.5563
3512,117.067,1005,43,2379,1892,3.5499,7.8027
3513,117.100,1005,43,2380,1892,3.2145,8.1639
3514,117.133,1006,45,2382,1894,1.3375,8.4776
3515,117.167,1005,47,2383,1893,2.4578,9.8880
3516,117.200,1007,44,2381,1892,3.8252,6.4769
3517,117.233,1007,43,2382,1893,1.9052,8.4900
3518,117.267,1006,44,2382,1893,2.1780,8.8281
3519,117.300,1005,41,2383,1894,1.7111,10.4726
3520,117.333,1006,44,2382,1893,3.1910,10.6921
3521,117.367,1004,53,2383,1893,-1.4362,10.2190
3522,117.400,1004,51,2381,1893,-0.0957,8.6144
3523,117.433,1005,55,2382,1894,-0.2419,9.8129
3524,117.467,1006,56,2381,1893,1.1588,9.4538
3525,117.500,1006,56,2381,1893,1.0919,9.5398
3526,117.533,1006,53,2381,1895,1.1340,9.8356
3527,117.567,1006,52,2382,1896,-0.2627,9.1882
3528,117.600,1005,54,2382,1895,2.7025,9.1983
3529,117.633,1004,53,2382,1896,2.6894,8.8028
3530,117.667,1005,57,2382,1897,1.2087,11.8564
3531,117.700,1006,58,2382,1895,0.2524,9.9945
3532,117.733,1005,53,2377,1891,-0.3985,10.3654
3533,117.767,1005,53,2377,1890,0.5999,10.8722
3534,117.800,1009,51,2378,1887,0.4440,9.8216
3535,117.833,1009,51,2381,1886,0.9667,9.9076
3536,117.867,1009,50,2381,1886,1.0252,10.5437
3537,117.900,1010,50,2382,1887,1.8047,10.5638
3538,117.933,1010,52,2380,1889,1.5033,10.0421
3539,117.967,1010,54,2381,1890,4.7042,10.7594
3540,118.000,998,19,2371,1885,4.8177,1.6360
3541,118.033,994,16,2364,1884,2.9539,0.8941
3542,118.067,995,15,2364,1884,4.3263,2.5346
3543,118.100,1004,26,2374,1879,0.9336,7.8866
3544,118.133,1005,32,2377,1882,4.3645,9.4159
3545,118.167,1003,30,2379,1883,1.1787,10.0883
3546,118.200,1007,32,2379,1885,4.1061,11.3655
3547,118.233,1008,34,2383,1888,1.6709,10.9747
3548,118.267,1007,34,2382,1886,2.9208,12.1342
3549,118.300,1008,39,2381,1886,2.8432,11.6942
3550,118.333,1007,40,2380,1886,1.4377,8.4029
3551,118.367,1007,44,2380,1886,4.8387,8.6243
3552,118.400,1007,44,2380,1887,4.3105,10.3360
3553,118.433,1006,43,2379,1888,3.1510,10.7721
3554,118.467,1007,43,2379,1887,3.7235,9.5858
3555,118.500,1007,44,2380,1888,4.0275,9.0022
3556,118.533,1006,43,2380,1888,2.3558,9.8050
3557,118.567,1006,44,2380,1888,2.9923,10.3464
3558,118.600,1006,45,2379,1887,3.5207,7.9589
3559,118.633,1007,46,2379,1888,1.5840,6.9333
3560,118.667,1008,42,2379,1886,5.0117,7.6415
3561,118.700,1009,42,2379,1884,2.4468,6.2555
3562,118.733,1010,39,2380,1885,1.6464,8.0933
3563,118.767,1010,34,2379,1885,-0.3614,8.9542
3564,118.800,1010,33,2379,1885,1.7162,8.9681
3565,118.833,1011,31,2382,1887,0.3002,10.4510
3566,118.867,1012,32,2382,1887,0.8952,10.9043
3567,118.900,1012,28,2383,1887,-1.1212,8.4438
3568,118.933,1013,29,2384,1887,0.4879,9.7927
3569,118.967,1013,27,2385,1890,-1.2689,9.1311
3570,119.000,1011,18,2384,1891,4.3384,8.6158
3571,119.033,1012,19,2385,1892,5.0246,8.6043
3572,119.067,1013,18,2384,1891,2.5623,11.4228
3573,119.100,1013,16,2384,1891,1.9541,9.1254
3574,119.133,1014,18,2385,1890,4.8513,10.3900
3575,119.167,1015,20,2385,1892,3.2380,10.7675
3576,119.200,1016,20,2384,1890,3.6058,10.1033
3577,119.233,1016,19,2384,1889,2.4032,11.2606
3578,119.267,1016,21,2381,1885,4.6204,12.0384
3579,119.300,1014,24,2382,1888,1.2408,11.3312
3580,119.333,1016,16,2383,1887,2.6148,11.1458
3581,119.367,1017,13,2384,1887,2.3481,10.2508
3582,119.400,1020,15,2380,1888,2.3899,7.6987
3583,119.433,1003,0,2374,1897,8.5163,-4.1427
3584,119.467,1004,0,2373,1893,13.5665,-0.6762
3585,119.500,1003,0,2372,1893,16.8521,0.4973
3586,119.533,1000,0,2371,1893,12.9338,-2.0507
3587,119.567,1009,0,2376,1889,8.6373,1.2886
3588,119.600,1006,0,2374,1888,4.0494,3.0274
3589,119.633,1013,4,2377,1887,4.6501,7.2701
3590,119.667,1017,4,2380,1890,1.6375,6.5555
3591,119.700,1017,2,2382,1891,0.0430,7.5482
3592,119.733,1023,10,2379,1887,0.8079,8.7111
3593,119.767,1019,7,2381,1885,1.7181,9.6289
3594,119.800,1020,5,2381,1883,-0.8943,9.1825
3595,119.833,1025,2,2380,1875,0.7010,8.4800
3596,119.867,1026,1,2380,1875,2.6570,7.7744
3597,119.900,1026,0,2385,1872,3.0918,4.3322
3598,119.933,1026,0,2385,1869,3.9317,7.2071
3599,119.967,1025,0,2382,1866,1.9174,8.7916
3600,120.000,1023,0,2382,1864,1.2813,8.9558
3601,120.033,1024,0,2383,1866,0.2575,7.2343
3602,120.067,1024,0,2383,1865,0.2660,7.9365
3603,120.100,1023,0,2385,1867,-1.1486,6.8080
3604,120.133,1022,0,2383,1868,-1.6706,8.1746
3605,120.167,1017,1,2380,1867,1.7388,6.4346
3606,120.200,1019,3,2380,1866,1.6521,6.6642
3607,120.233,1021,2,2379,1865,-2.7079,9.0849
3608,120.267,1018,3,2380,1864,-1.0225,7.3037
3609,120.300,1018,9,2379,1870,-0.0181,7.9852
3610,120.333,1017,14,2378,1868,-0.1290,7.6301
3611,120.367,1015,17,2382,1870,-0.5112,8.8540
3612,120.400,1014,19,2379,1869,-3.0594,9.3077
3613,120.433,1014,17,2379,1871,-0.4087,7.3695
3614,120.467,1014,17,2379,1871,-0.6827,7.0397
3615,120.500,1014,18,2380,1872,-2.3668,7.7055
3616,120.533,1014,14,2380,1869,-1.8376,8.0825
3617,120.567,1014,13,2380,1868,-1.4481,8.0959
3618,120.600,1016,16,2379,1867,-2.0538,10.5152
3619,120.633,1018,18,2380,1867,-1.3015,10.1360
3620,120.667,1018,17,2381,1867,-0.6866,10.8955
3621,120.700,1019,13,2382,1868,-0.2551,7.9570
3622,120.733,1021,14,2382,1871,0.7922,8.5527
3623,120.767,1022,14,2384,1871,-1.1879,10.1199
3624,120.800,1020,13,2383,1872,-0.2108,9.4811
3625,120.833,1020,11,2383,1869,0.5032,9.6900
3626,120.867,1019,11,2382,1868,-0.1106,9.7628
3627,120.900,1019,11,2382,1869,0.0397,10.8082
3628,120.933,1018,14,2383,1866,-0.2366,9.4216
3629,120.967,1017,15,2385,1866,-1.8835,12.5759
3630,121.000,1013,28,2383,1861,1.5231,12.2855
3631,121.033,993,0,2362,1867,21.2205,0.1949
3632,121.067,995,0,2360,1869,23.4896,-0.7378
3633,121.100,991,0,2354,1865,25.5079,-7.5813
3634,121.133,989,0,2355,1865,23.8650,-10.8041
3635,121.167,988,0,2353,1863,24.8021,-8.8170
3636,121.200,1001,0,2366,1865,19.0667,-1.1123
3637,121.233,1006,0,2372,1861,7.4419,0.8761
3638,121.267,1003,0,2371,1862,6.2489,1.1913
3639,121.300,1013,4,2377,1858,3.6425,5.6182
3640,121.333,1019,3,2382,1861,2.5329,11.6538
3641,121.367,1020,7,2382,1862,1.7535,12.6196
3642,121.400,1022,9,2384,1862,3.7557,10.8748
3643,121.433,1024,6,2384,1864,3.5677,12.0353
3644,121.467,1024,8,2386,1866,3.4706,10.9779
3645,121.500,1025,8,2386,1866,2.3156,11.2219
3646,121.533,1018,0,2379,1844,0.2524,12.0886
3647,121.567,1017,0,2379,1844,0.6628,12.9279
3648,121.600,1017,0,2379,1844,0.8100,12.8261
3649,121.633,1017,0,2379,1844,0.8020,12.7446
3650,121.667,1016,0,2379,1844,1.2674,12.8867
3651,121.700,1017,0,2381,1845,1.8323,10.4415
3652,121.733,1020,3,2382,1846,0.0822,8.3367
3653,121.767,1020,3,2382,1845,-0.9646,9.4529
3654,121.800,1020,4,2383,1844,2.5436,13.2722
3655,121.833,1021,0,2381,1843,-0.6239,11.0987
3656,121.867,1021,0,2381,1842,-0.5306,9.9032
3657,121.900,1021,0,2381,1841,-1.3821,9.7169
3658,121.933,1021,4,2379,1838,-1.3701,11.2216
3659,121.967,1021,3,2379,1839,-1.3888,9.9156
3660,122.000,1021,0,2375,1840,-2.2283,10.2867
3661,122.033,1021,0,2374,1839,-0.8179,9.2460
3662,122.067,1022,0,2369,1835,0.3230,3.5483
3663,122.100,1019,0,2367,1836,0.6928,1.6435
3664,122.133,1019,0,2366,1834,1.6746,1.6128
3665,122.167,1019,0,2367,1834,0.6612,1.6319
3666,122.200,1020,0,2368,1837,1.1845,3.8184
3667,122.233,1019,0,2367,1838,-1.1556,2.1982
3668,122.267,1020,0,2368,1839,0.4076,4.4033
3669,122.300,1020,0,2370,1840,0.1836,3.3241
3670,122.333,1021,0,2371,1840,0.6396,5.0296
3671,122.367,1020,0,2368,1841,-0.3184,2.8827
3672,122.400,1019,0,2369,1840,-1.2342,3.4550
3673,122.433,1019,0,2370,1842,0.2771,2.7709
3674,122.467,1019,0,2370,1841,-1.5984,2.6150
3675,122.500,1019,0,2370,1841,-1.9266,2.8206
3676,122.533,1019,0,2371,1843,0.7318,3.8993
3677,122.567,1020,0,2371,1843,-2.9252,3.5188
3678,122.600,1020,0,2371,1843,-2.9701,3.5762
3679,122.633,1020,0,2371,1842,0.4518,1.9531
3680,122.667,1020,0,2371,1842,0.6779,1.8957
3681,122.700,1020,0,2372,1839,-0.8472,2.3215
3682,122.733,1019,0,2372,1840,0.4621,2.5557
3683,122.767,1021,0,2372,1838,0.1769,2.5580
3684,122.800,1022,0,2373,1838,-1.5657,3.8745
3685,122.833,1022,0,2373,1835,-0.3921,4.5423
3686,122.867,1021,0,2372,1831,-0.4193,5.5563
3687,122.900,1022,0,2372,1836,-0.2662,5.1754
3688,122.933,1022,0,2371,1834,0.6767,5.0933
3689,122.967,1023,0,2374,1833,2.1746,3.9019
3690,123.000,1027,0,2377,1832,2.8021,4.8890
3691,123.033,1027,0,2377,1833,2.5492,6.3152
3692,123.067,1026,0,2377,1832,2.4019,4.8550
3693,123.100,1027,0,2378,1833,4.0983,6.1130
3694,123.133,1027,0,2378,1834,2.7902,5.3314
3695,123.167,1026,0,2378,1833,2.5879,4.9953
3696,123.200,1027,0,2379,1830,3.3681,6.0710
3697,123.233,1027,0,2377,1829,1.8927,4.3638
3698,123.267,1027,0,2379,1828,3.4412,4.8677
3699,123.300,1026,0,2379,1831,2.5592,4.9997
3700,123.333,1026,0,2380,1831,2.9907,6.4894
3701,123.367,1027,0,2380,1832,4.2482,4.7380
3702,123.400,1025,0,2380,1832,3.2859,6.0105
3703,123.433,1025,0,2380,1835,3.7289,5.3804
3704,123.467,1026,0,2380,1837,5.0344,6.0981
3705,123.500,1025,0,2380,1835,4.6962,5.8748
3706,123.533,1024,0,2378,1835,5.7008,6.0077
3707,123.567,1025,0,2377,1838,2.3081,5.5012
3708,123.600,1025,0,2378,1837,4.6072,4.8692
3709,123.633,1025,0,2378,1839,5.3603,4.4138
3710,123.667,1025,0,2377,1842,3.3268,4.7993
3711,123.700,1024,0,2376,1842,3.1082,6.8245
3712,123.733,1024,0,2376,1842,2.8624,6.2421
3713,123.767,1024,0,2376,1842,3.0797,5.3413
3714,123.800,1024,0,2377,1841,3.9230,3.4891
3715,123.833,1023,0,2376,1842,6.1473,3.7192
3716,123.867,1023,0,2376,1843,4.2794,2.2382
3717,123.900,1022,0,2377,1844,5.4977,4.8690
3718,123.933,1022,0,2376,1842,5.0233,2.9568
3719,123.967,1021,0,2376,1842,3.2532,1.9688
3720,124.000,1022,0,2375,1837,4.8796,4.0143
3721,124.033,1022,0,2374,1837,4.2284,4.7762
3722,124.067,1023,0,2374,1837,2.5222,1.1465
3723,124.100,1022,0,2374,1837,3.7605,5.2643
3724,124.133,1021,0,2376,1839,3.4742,6.6294
3725,124.167,1020,0,2376,1838,3.6813,6.1337
3726,124.200,1013,0,2368,1839,5.9780,-3.2684
3727,124.233,1000,0,2351,1839,20.4705,-13.1161
3728,124.267,1005,0,2352,1840,18.7560,-13.2466
3729,124.300,1011,0,2355,1843,19.0509,-11.3522
3730,124.333,1013,0,2358,1843,14.1546,-4.7276
3731,124.367,1016,0,2363,1844,17.4514,-4.6782
3732,124.400,1018,0,2367,1845,8.7050,-3.0950
3733,124.433,1026,0,2369,1841,3.4821,0.3772
3734,124.467,1024,0,2368,1837,3.2527,-0.6527
3735,124.500,1026,0,2373,1834,4.6568,2.5999
3736,124.533,1030,0,2375,1835,7.5395,4.9192
3737,124.567,1030,0,2376,1835,9.5706,5.1738
3738,124.600,1029,0,2374,1835,6.1088,2.8679
3739,124.633,1028,0,2374,1835,8.2338,2.8634
3740,124.667,1027,0,2375,1836,9.1848,4.9996
3741,124.700,1025,0,2375,1832,6.4134,6.1911
3742,124.733,1023,0,2377,1827,5.4053,4.3759
3743,124.767,1022,0,2376,1826,3.9781,6.6043
3744,124.800,1022,0,2377,1825,5.2427,3.8217
3745,124.833,1022,0,2376,1825,4.5983,4.8319
3746,124.867,1022,0,2377,1827,3.9601,3.8589
3747,124.900,1022,0,2379,1829,5.1929,5.3219
3748,124.933,1021,0,2377,1829,7.2514,6.2124
3749,124.967,1023,0,2376,1828,6.2051,4.6647
3750,125.000,1023,0,2375,1821,5.7574,2.6952
3751,125.033,1023,0,2373,1818,4.8605,3.7229
3752,125.067,1025,0,2373,1819,8.1771,4.3272
3753,125.100,1025,0,2373,1826,7.4052,3.0544
3754,125.133,1027,0,2376,1827,9.9124,7.1391
3755,125.167,1026,0,2375,1825,9.3299,6.8285
3756,125.200,1026,0,2376,1827,10.9215,8.1864
3757,125.233,1026,0,2376,1828,10.4324,7.1798
3758,125.267,1026,0,2375,1828,10.8082,8.2868
3759,125.300,1028,0,2375,1836,11.5791,7.7542
3760,125.333,1029,0,2376,1837,11.4232,7.4890
3761,125.367,1031,0,2376,1839,11.6694,7.8555
3762,125.400,1029,0,2375,1843,12.5383,6.5997
3763,125.433,1031,0,2376,1849,13.0852,7.0380
3764,125.467,1028,0,2374,1847,13.7099,8.0623
3765,125.500,1027,0,2375,1846,15.9072,9.6806
3766,125.533,1025,0,2375,1848,15.7567,7.2136
3767,125.567,1025,0,2376,1847,19.3160,7.7025
3768,125.600,1024,0,2376,1846,16.6133,6.4256
3769,125.633,1025,0,2375,1847,19.5776,7.6512
3770,125.667,1025,0,2375,1846,18.1903,6.1782
3771,125.700,1026,0,2375,1847,16.1986,8.0746
3772,125.733,1025,0,2374,1848,16.2077,7.5353
3773,125.767,1022,0,2374,1847,15.1848,5.2614
3774,125.800,1023,0,2373,1847,17.2430,5.0804
3775,125.833,1023,0,2373,1844,15.2042,5.6267
3776,125.867,1025,0,2374,1841,14.5639,5.4114
3777,125.900,1023,0,2374,1839,12.5057,7.5963
3778,125.933,1027,0,2373,1840,16.9856,6.0416
3779,125.967,1031,0,2372,1841,13.5322,5.9123
3780,126.000,1026,0,2372,1839,13.9901,6.9272
3781,126.033,1025,0,2374,1835,12.7122,6.7592
3782,126.067,1028,0,2376,1845,12.7908,6.1205
3783,126.100,1023,0,2379,1843,11.0285,6.3816
3784,126.133,1020,0,2385,1850,9.8508,5.8199
3785,126.167,1027,0,2391,1850,12.4451,3.5956
3786,126.200,1028,0,2392,1851,10.7811,1.9900
3787,126.233,1030,0,2394,1851,13.2442,4.0121
3788,126.267,1031,0,2394,1850,9.6564,4.0254
3789,126.300,1030,0,2396,1849,12.2198,1.6905
3790,126.333,1030,0,2394,1848,11.4209,2.5524
3791,126.367,1032,0,2394,1849,9.7638,5.6148
3792,126.400,1033,0,2393,1846,7.9751,3.8779
3793,126.433,1034,0,2393,1844,10.0494,5.9956
3794,126.467,1034,0,2392,1844,8.9885,4.7665
3795,126.500,1035,0,2391,1843,9.1483,5.7832
3796,126.533,1032,0,2390,1841,9.9754,6.1893
3797,126.567,1030,0,2389,1840,6.4475,6.0859
3798,126.600,1030,0,2388,1839,8.7658,6.0934
3799,126.633,1032,0,2388,1840,10.9470,5.8247
3800,126.667,1031,0,2389,1839,10.1569,5.4021
3801,126.700,1033,0,2390,1841,12.9835,6.1629
3802,126.733,1033,0,2389,1842,9.6986,4.9772
3803,126.767,1033,0,2394,1848,12.1532,5.8082
3804,126.800,1033,0,2394,1847,13.4078,5.9338
3805,126.833,1035,0,2395,1848,13.4824,6.2831
3806,126.867,1037,0,2396,1849,12.1094,3.5009
3807,126.900,1038,0,2397,1850,13.4829,5.5550
3808,126.933,1037,0,2398,1847,14.3069,6.5592
3809,126.967,1036,0,2397,1846,11.9395,5.5146
3810,127.000,1035,0,2396,1853,11.8342,6.3985
3811,127.033,1035,0,2396,1854,11.7554,5.9808
3812,127.067,1034,0,2394,1850,12.8073,6.8329
3813,127.100,1033,0,2395,1850,12.8908,5.9261
3814,127.133,1034,0,2394,1847,12.3474,6.4270
3815,127.167,1035,0,2393,1847,13.3292,5.8790
3816,127.200,1035,0,2392,1848,11.8586,6.3304
3817,127.233,1033,0,2391,1849,15.1467,5.1416
3818,127.267,1033,0,2391,1849,14.9356,4.8601
3819,127.300,1034,0,2391,1847,15.1207,5.8597
3820,127.333,1034,0,2391,1847,15.8225,5.8916
3821,127.367,1034,0,2392,1847,15.8468,5.5222
3822,127.400,1034,0,2391,1846,15.5323,6.9431
3823,127.433,1034,0,2391,1846,14.9798,6.9012
3824,127.467,1035,0,2392,1845,14.7536,6.3688
3825,127.500,1035,0,2392,1845,14.8898,6.5005
3826,127.533,1035,0,2392,1845,15.4191,6.7597
3827,127.567,1036,0,2392,1844,15.3553,7.1664
3828,127.600,1035,0,2390,1843,16.6158,7.1311
3829,127.633,1035,0,2389,1843,16.4075,5.7672
3830,127.667,1036,0,2388,1843,14.0178,5.3236
3831,127.700,1036,0,2388,1841,15.2838,6.1158
3832,127.733,1035,0,2388,1840,16.4022,6.2031
3833,127.767,1034,0,2387,1839,15.0977,5.7854
3834,127.800,1035,0,2389,1841,14.9693,6.8217
3835,127.833,1035,0,2390,1842,15.0029,6.0514
3836,127.867,1035,0,2389,1844,13.6203,6.6281
3837,127.900,1036,0,2389,1845,15.5853,6.6720
3838,127.933,1036,0,2389,1846,12.4960,6.2794
3839,127.967,1038,0,2390,1845,12.7929,5.7599
3840,128.000,1039,0,2391,1841,12.0025,8.1361
3841,128.033,1033,0,2398,1849,11.5934,5.5021
3842,128.067,1033,0,2398,1849,11.6634,5.5232
3843,128.100,1033,0,2398,1849,11.4175,5.6316
3844,128.133,1032,0,2398,1847,12.8609,6.9919
3845,128.167,1033,0,2398,1846,11.7590,6.8735
3846,128.200,1033,0,2398,1846,11.7111,6.6026
3847,128.233,1033,0,2398,1847,10.9903,6.1664
3848,128.267,1032,0,2397,1845,10.9174,8.2933
3849,128.300,1032,0,2397,1846,11.6361,7.3076
3850,128.333,1032,0,2395,1846,13.2006,6.6311
3851,128.367,1032,0,2395,1846,13.1948,6.7167
3852,128.400,1032,0,2393,1847,13.7663,5.8781
3853,128.433,1032,0,2393,1846,15.3021,5.5932
3854,128.467,1034,0,2393,1847,12.9496,7.5714
3855,128.500,1034,0,2394,1848,12.8619,6.6491
3856,128.533,1035,0,2394,1848,13.5817,6.0934
3857,128.567,1035,0,2395,1849,12.0756,6.6653
3858,128.600,1037,0,2395,1851,12.9735,4.4743
3859,128.633,1036,0,2395,1850,13.2368,4.8405
3860,128.667,1036,0,2395,1846,10.8595,5.7510
3861,128.700,1035,0,2395,1844,10.4122,8.0440
3862,128.733,1035,0,2396,1845,11.5164,8.3263
3863,128.767,1035,0,2395,1845,11.2746,8.7477
3864,128.800,1036,0,2395,1844,9.7776,7.0289
3865,128.833,1037,0,2396,1844,10.9280,6.7502
3866,128.867,1035,0,2394,1844,12.5185,7.1409
3867,128.900,1036,0,2394,1847,13.6370,5.5796
3868,128.933,1033,0,2391,1841,16.1838,6.0579
3869,128.967,1029,0,2388,1840,20.4558,8.2157
3870,129.000,1026,0,2388,1842,19.9410,10.6574
3871,129.033,1027,0,2388,1842,21.9733,7.9988
3872,129.067,1027,0,2385,1842,25.0579,6.9436
3873,129.100,1029,0,2386,1841,24.8846,8.0986
3874,129.133,1028,0,2385,1841,23.6908,9.2570
3875,129.167,1028,0,2386,1841,24.4690,7.8541
3876,129.200,1028,0,2386,1841,24.2512,7.6485
3877,129.233,1028,0,2386,1841,24.4264,7.3077
3878,129.267,1029,0,2385,1840,23.3856,8.2897
3879,129.300,1033,0,2387,1841,26.7168,6.7415
3880,129.333,1034,0,2386,1841,28.0667,5.8667
3881,129.367,1035,0,2387,1841,28.1774,5.9982
3882,129.400,1034,0,2388,1843,27.6839,5.8866
3883,129.433,1034,0,2388,1844,26.7911,7.2713
3884,129.467,1034,0,2388,1844,26.6832,7.3588
3885,129.500,1035,0,2388,1843,25.5930,8.6541
3886,129.533,1035,0,2389,1843,27.5412,8.0730
3887,129.567,1034,0,2390,1842,25.1586,5.7876
3888,129.600,1035,0,2390,1842,28.0176,7.4471
3889,129.633,1034,0,2390,1842,24.8105,6.0350
3890,129.667,1034,0,2389,1841,26.3564,7.2370
3891,129.700,1032,0,2387,1841,26.2285,8.8354
3892,129.733,1032,0,2388,1843,24.0695,9.3726
3893,129.767,1032,0,2388,1846,25.7265,9.6561
3894,129.800,1031,0,2387,1843,22.4321,9.3250
3895,129.833,1032,0,2386,1841,28.7637,7.3776
3896,129.867,1032,0,2386,1841,28.9265,7.0250
3897,129.900,1033,0,2387,1843,27.9056,7.2640
3898,129.933,1034,0,2388,1845,28.6556,7.5188
3899,129.967,1034,0,2388,1846,30.6068,7.4118
3900,130.000,1030,0,2388,1847,25.8825,7.3946
3901,130.033,1030,0,2388,1848,24.9625,6.6970
3902,130.067,1031,0,2389,1851,26.2307,6.7974
3903,130.100,1031,0,2389,1852,26.2362,6.3571
3904,130.133,1032,0,2388,1854,25.5250,5.4922
3905,130.167,1032,0,2388,1854,25.9034,6.3430
3906,130.200,1032,0,2388,1853,26.4430,5.4912
3907,130.233,1032,0,2388,1853,26.4079,4.9005
3908,130.267,1030,0,2389,1851,25.7456,5.4002
3909,130.300,1030,0,2389,1847,24.4708,5.1267
3910,130.333,1021,0,2381,1864,25.9813,-6.1610
3911,130.367,1021,0,2380,1861,26.7962,-1.1142
3912,130.400,1020,0,2381,1863,24.2652,-3.5838
3913,130.433,1019,0,2385,1854,26.5910,1.1281
3914,130.467,1019,0,2384,1853,25.6454,-2.8158
3915,130.500,1027,0,2387,1857,23.3146,6.1091
3916,130.533,1031,0,2391,1856,25.0795,7.3375
3917,130.567,1031,0,2392,1857,24.5919,6.8231
3918,130.600,1032,0,2390,1858,24.0538,6.8561
3919,130.633,1031,0,2389,1859,23.2747,7.0726
3920,130.667,1030,0,2389,1860,24.5152,6.8232
3921,130.700,1030,0,2389,1860,23.8614,7.2371
3922,130.733,1030,0,2389,1860,24.2141,6.6914
3923,130.767,1031,0,2389,1861,22.8111,7.2072
3924,130.800,1031,0,2390,1861,23.6177,6.7240
3925,130.833,1032,0,2390,1865,23.8326,6.4446
3926,130.867,1032,0,2391,1866,24.1494,6.0904
3927,130.900,1032,0,2391,1865,25.0597,7.4663
3928,130.933,1033,0,2391,1865,24.5886,5.6808
3929,130.967,1033,0,2392,1863,23.8442,7.2195
3930,131.000,1037,0,2391,1866,28.0988,5.4761
3931,131.033,1038,0,2391,1866,27.7901,5.5670
3932,131.067,1038,0,2391,1866,28.1730,5.5797
3933,131.100,1038,0,2390,1866,26.5247,5.8693
3934,131.133,1039,0,2390,1866,27.5560,5.5329
3935,131.167,1039,0,2392,1865,27.6044,4.8261
3936,131.200,1039,0,2392,1866,27.7657,4.5129
3937,131.233,1039,0,2392,1864,26.5862,5.2203
3938,131.267,1039,0,2392,1863,26.8409,6.6892
3939,131.300,1039,0,2393,1863,26.6653,7.0803
3940,131.333,1039,0,2393,1863,26.5736,6.9868
3941,131.367,1038,0,2394,1863,26.0542,7.0855
3942,131.400,1038,0,2394,1863,26.6016,6.7742
3943,131.433,1038,0,2395,1862,25.2651,5.7668
3944,131.467,1038,0,2395,1863,25.4485,6.4816
3945,131.500,1039,0,2395,1862,25.9551,6.0474
3946,131.533,1039,0,2395,1862,25.7512,5.8135
3947,131.567,1040,0,2394,1862,27.3597,5.8839
3948,131.600,1040,0,2394,1861,26.9363,5.6822
3949,131.633,1040,0,2394,1860,27.6769,5.8432
3950,131.667,1040,0,2394,1861,26.8931,6.1042
3951,131.700,1040,0,2394,1861,27.2106,5.9842
3952,131.733,1040,0,2394,1861,27.4218,5.8718
3953,131.767,1039,0,2394,1861,27.8697,6.4747
3954,131.800,1039,0,2393,1861,27.5445,7.0047
3955,131.833,1040,0,2392,1860,28.3875,7.8881
3956,131.867,1039,0,2392,1860,28.6441,6.2203
3957,131.900,1039,0,2392,1860,28.7164,6.3233
3958,131.933,1039,0,2393,1858,28.8294,6.9655
3959,131.967,1039,0,2393,1858,28.9339,6.8375
3960,132.000,1038,0,2394,1860,27.1450,7.2044
3961,132.033,1038,0,2393,1861,27.6714,7.8584
3962,132.067,1039,0,2393,1861,27.8559,7.5638
3963,132.100,1038,0,2394,1863,26.7188,7.4486
3964,132.133,1040,0,2395,1865,26.6022,7.1586
3965,132.167,1043,0,2399,1865,24.6126,6.2777
3966,132.200,1043,0,2399,1865,24.4408,6.1797
3967,132.233,1043,0,2401,1868,21.8723,5.7394
3968,132.267,1045,0,2401,1867,24.8809,7.7662
3969,132.300,1045,0,2402,1867,24.1210,8.3404
3970,132.333,1043,0,2401,1867,20.5959,7.8927
3971,132.367,1042,0,2402,1865,22.3772,9.4566
3972,132.400,1040,0,2402,1866,23.8188,9.0307
3973,132.433,1040,0,2402,1865,22.0965,7.0616
3974,132.467,1041,0,2402,1865,22.2785,8.0566
3975,132.500,1039,0,2402,1864,21.0478,7.8221
3976,132.533,1039,0,2402,1864,21.5239,8.4610
3977,132.567,1039,0,2401,1863,22.1571,9.0444
3978,132.600,1039,0,2402,1863,21.7359,7.8306
3979,132.633,1039,0,2402,1862,21.1123,8.2040
3980,132.667,1039,0,2401,1862,21.2085,8.8683
3981,132.700,1038,0,2402,1861,22.0415,8.7596
3982,132.733,1038,0,2401,1860,23.3999,9.4236
3983,132.767,1038,0,2400,1859,23.7787,9.8775
3984,132.800,1039,0,2400,1858,21.6603,9.2253
3985,132.833,1038,0,2399,1858,21.9749,10.1082
3986,132.867,1038,0,2399,1858,22.2006,9.8707
3987,132.900,1038,0,2400,1858,22.4312,9.1581
3988,132.933,1036,0,2400,1859,22.1318,9.7324
3989,132.967,1035,0,2399,1858,21.8980,10.5149
3990,133.000,1035,0,2400,1857,21.6386,10.3817
3991,133.033,1034,0,2400,1858,21.1920,10.3177
3992,133.067,1034,0,2399,1857,23.8051,11.3409
3993,133.100,1034,0,2398,1858,22.1501,11.3780
3994,133.133,1036,0,2398,1863,20.6905,11.1242
3995,133.167,1036,0,2397,1858,21.5774,12.2892
3996,133.200,1036,0,2396,1858,19.5279,12.2851
3997,133.233,1035,0,2397,1859,21.7308,11.4737
3998,133.267,1037,0,2395,1858,20.9404,10.6825
3999,133.300,1034,0,2396,1858,23.1299,10.8691
4000,133.333,1035,0,2395,1859,19.2412,11.3112
4001,133.367,1036,0,2395,1861,21.0088,10.6877
4002,133.400,1036,0,2396,1863,21.4481,10.2183
4003,133.433,1036,0,2398,1863,24.1447,9.4214
4004,133.467,1034,0,2400,1864,23.0243,10.9845
4005,133.500,1035,0,2399,1862,22.9518,11.6036
4006,133.533,1033,0,2401,1861,25.1131,11.6563
4007,133.567,1032,0,2402,1860,24.2106,12.0484
4008,133.600,1033,0,2401,1860,25.7051,11.2325
4009,133.633,1035,0,2401,1860,24.7659,10.1808
4010,133.667,1033,0,2400,1860,25.4006,12.2678
4011,133.700,1034,0,2401,1863,23.5761,12.4595
4012,133.733,1034,0,2398,1863,24.6219,12.4368
4013,133.767,1035,0,2399,1861,24.3466,11.4062
4014,133.800,1038,0,2396,1868,24.1963,9.8829
4015,133.833,1036,0,2399,1869,24.3060,11.2867
4016,133.867,1037,0,2397,1867,23.4752,9.9167
4017,133.900,1039,0,2398,1865,22.6157,11.3243
4018,133.933,1040,0,2398,1865,21.4535,9.6833
4019,133.967,1043,0,2398,1865,21.9582,10.0479
4020,134.000,1037,0,2403,1862,24.3210,10.5416
4021,134.033,1037,0,2406,1863,25.4598,9.2522
4022,134.067,1038,0,2406,1862,24.4359,9.6110
4023,134.100,1038,0,2405,1863,24.4312,10.4059
4024,134.133,1040,0,2405,1863,22.2596,9.6631
4025,134.167,1040,0,2405,1862,22.4893,9.1289
4026,134.200,1028,0,2392,1860,21.9742,-0.8381
4027,134.233,1029,0,2381,1857,28.3243,4.3176
4028,134.267,1030,0,2381,1859,30.2990,3.9064
4029,134.300,1026,0,2383,1862,27.2831,5.9256
4030,134.333,1032,0,2385,1864,27.6987,4.0374
4031,134.367,1030,0,2380,1863,27.0453,1.4379
4032,134.400,1025,0,2382,1867,28.1639,-3.4780
4033,134.433,1034,0,2381,1863,25.2611,-6.5285
4034,134.467,1030,0,2380,1862,27.8780,-3.1933
4035,134.500,1030,0,2378,1862,29.1988,-0.9769
4036,134.533,1038,0,2387,1863,27.7253,2.7386
4037,134.567,1039,0,2388,1864,28.5677,1.2525
4038,134.600,1038,0,2391,1860,26.4205,0.4377
4039,134.633,1048,0,2395,1862,28.5668,3.9645
4040,134.667,1046,0,2396,1860,26.9958,6.3008
4041,134.700,1045,0,2394,1862,27.6941,9.0761
4042,134.733,1041,0,2395,1864,26.0858,11.5001
4043,134.767,1040,0,2395,1864,24.7750,11.7996
4044,134.800,1042,0,2395,1863,25.2300,12.2488
4045,134.833,1041,0,2395,1863,25.6385,13.2868
4046,134.867,1040,0,2396,1863,23.7018,11.2179
4047,134.900,1041,0,2395,1862,23.0536,12.7094
4048,134.933,1043,0,2395,1862,20.5327,10.9262
4049,134.967,1041,0,2395,1863,25.0735,12.5897
4050,135.000,1041,0,2392,1862,27.9246,10.2948
4051,135.033,1039,0,2392,1860,24.9208,10.3545
4052,135.067,1037,0,2392,1860,25.8474,11.2852
4053,135.100,1037,0,2393,1861,25.3468,12.2949
4054,135.133,1034,0,2394,1859,23.5940,12.4694
4055,135.167,1034,0,2393,1858,25.9404,12.4015
4056,135.200,1034,0,2393,1858,26.1330,12.3062
4057,135.233,1033,0,2394,1859,25.6557,10.4209
4058,135.267,1032,0,2395,1859,25.5474,8.7055
4059,135.300,1035,0,2395,1859,25.5499,11.3171
4060,135.333,1035,0,2395,1857,24.9965,11.1063
4061,135.367,1035,0,2395,1857,25.0172,11.5884
4062,135.400,1036,0,2394,1853,25.5756,10.7481
4063,135.433,1037,0,2394,1853,26.0004,10.5862
4064,135.467,1036,0,2395,1853,24.4038,10.5217
4065,135.500,1036,0,2394,1853,26.1404,11.0448
4066,135.533,1034,0,2396,1850,21.2030,11.9781
4067,135.567,1036,0,2397,1856,22.7764,11.3885
4068,135.600,1042,0,2400,1856,25.6203,10.6702
4069,135.633,1042,0,2401,1856,23.0400,12.4551
4070,135.667,1043,0,2402,1855,22.5588,13.5263
4071,135.700,1044,0,2403,1857,24.0434,14.3708
4072,135.733,1046,0,2402,1857,23.0748,14.8398
4073,135.767,1048,0,2405,1860,24.3461,15.1566
4074,135.800,1047,0,2407,1860,23.4647,15.2516
4075,135.833,1041,9,2409,1857,23.2176,17.1607
4076,135.867,1042,14,2409,1857,22.5522,11.8992
4077,135.900,1043,15,2407,1856,21.4350,14.2560
4078,135.933,1041,13,2409,1855,22.3625,12.7736
4079,135.967,1041,15,2410,1853,23.0040,15.1630
4080,136.000,1042,16,2406,1847,23.8147,15.1414
4081,136.033,1042,16,2403,1846,24.7513,13.5271
4082,136.067,1045,0,2404,1849,25.8913,11.3881
4083,136.100,1045,0,2404,1849,24.8238,11.7122
4084,136.133,1046,0,2405,1849,24.3089,14.2844
4085,136.167,1046,0,2405,1848,23.9205,15.0787
4086,136.200,1046,0,2405,1848,24.3201,15.1301
4087,136.233,1046,0,2404,1847,23.8894,15.1023
4088,136.267,1046,0,2404,1847,23.6876,15.4965
4089,136.300,1046,0,2403,1849,26.1358,15.7860
4090,136.333,1046,0,2403,1848,26.8224,16.3480
4091,136.367,1047,0,2403,1852,25.2257,14.4927
4092,136.400,1046,0,2401,1857,24.6839,16.9026
4093,136.433,1045,0,2402,1859,27.0047,16.2932
4094,136.467,1044,0,2404,1859,25.6165,13.6187
4095,136.500,1044,0,2403,1859,26.1264,13.9258
4096,136.533,1044,0,2403,1858,25.5629,13.2627
4097,136.567,1045,0,2402,1854,25.3520,15.7224
4098,136.600,1045,0,2401,1855,26.5829,14.5034
4099,136.633,1044,0,2401,1856,27.1040,14.2831
4100,136.667,1044,0,2400,1855,24.0089,13.7047
4101,136.700,1043,0,2401,1858,26.1346,13.7377
4102,136.733,1043,0,2401,1856,25.3225,11.8854
4103,136.767,1042,0,2401,1856,25.2256,14.2838
4104,136.800,1042,0,2400,1859,23.5455,14.9622
4105,136.833,1041,0,2401,1860,24.0046,12.9342
4106,136.867,1042,0,2401,1862,25.1111,15.4807
4107,136.900,1041,0,2401,1862,24.7117,13.9795
4108,136.933,1039,0,2402,1862,24.7516,11.0618
4109,136.967,1039,0,2402,1862,25.4365,10.6206
4110,137.000,1042,0,2408,1863,24.8610,12.7803
4111,137.033,1041,0,2408,1865,25.3795,10.6514
4112,137.067,1042,0,2408,1865,25.5711,8.9682
4113,137.100,1042,0,2407,1865,24.9814,11.2401
4114,137.133,1043,0,2409,1865,26.7283,9.8348
4115,137.167,1044,0,2408,1864,26.2241,9.3340
4116,137.200,1045,0,2408,1864,25.7807,8.3517
4117,137.233,1045,0,2407,1864,25.7693,10.9146
4118,137.267,1044,0,2408,1865,24.0697,8.9867
4119,137.300,1045,0,2408,1866,25.9243,9.7374
4120,137.333,1045,0,2408,1865,26.0856,10.7952
4121,137.367,1046,0,2409,1866,25.1666,9.2968
4122,137.400,1047,0,2408,1866,25.6322,9.9981
4123,137.433,1045,0,2408,1865,28.2565,9.9567
4124,137.467,1045,0,2407,1865,26.8039,11.6764
4125,137.500,1044,0,2407,1865,25.3105,11.4255
4126,137.533,1046,0,2408,1867,27.8261,10.7769
4127,137.567,1046,0,2407,1865,28.9744,12.7250
4128,137.600,1046,0,2406,1865,25.9664,11.6365
4129,137.633,1047,0,2407,1864,25.8500,9.0524
4130,137.667,1048,0,2407,1864,27.9251,8.2998
4131,137.700,1047,0,2407,1864,26.1463,9.8846
4132,137.733,1046,0,2407,1863,25.7986,11.5575
4133,137.767,1046,0,2406,1863,25.8032,10.7283
4134,137.800,1046,0,2407,1863,25.4380,11.2565
4135,137.833,1046,0,2406,1863,25.3594,10.9078
4136,137.867,1046,0,2406,1864,26.5491,12.2329
4137,137.900,1046,0,2407,1865,26.0324,11.9737
4138,137.933,1045,0,2407,1865,25.8984,11.6719
4139,137.967,1045,0,2408,1866,27.3218,11.7122
4140,138.000,1042,0,2408,1866,26.7625,12.9499
4141,138.033,1042,0,2408,1867,24.4216,14.2802
4142,138.067,1042,0,2408,1867,25.0627,14.6185
4143,138.100,1042,0,2408,1867,24.8072,14.2993
4144,138.133,1043,0,2408,1867,25.8707,11.6963
4145,138.167,1042,0,2408,1866,26.0189,11.8966
4146,138.200,1042,0,2409,1866,26.0676,14.1941
4147,138.233,1042,0,2409,1868,25.1142,13.9462
4148,138.267,1042,0,2410,1869,25.5107,14.2089
4149,138.300,1042,0,2409,1869,24.5963,14.6083
4150,138.333,1042,0,2409,1867,24.6155,12.0172
4151,138.367,1042,0,2408,1868,24.3411,13.5798
4152,138.400,1041,0,2409,1867,24.1351,12.4120
4153,138.433,1041,0,2409,1868,24.0097,10.8206
4154,138.467,1041,0,2409,1868,24.3746,11.6958
4155,138.500,1041,0,2410,1868,25.9237,11.1019
4156,138.533,1041,0,2411,1868,25.6116,7.4108
4157,138.567,1042,0,2410,1869,24.9922,11.3526
4158,138.600,1042,0,2410,1870,26.6389,11.0767
4159,138.633,1042,0,2410,1870,26.6392,10.9820
4160,138.667,1042,0,2409,1870,25.9005,12.4048
4161,138.700,1042,0,2409,1871,25.3830,14.3071
4162,138.733,1041,0,2409,1871,25.5487,11.6660
4163,138.767,1042,0,2409,1870,26.3141,13.9755
4164,138.800,1042,0,2409,1870,26.5309,13.6777
4165,138.833,1042,0,2409,1870,26.2153,13.4306
4166,138.867,1041,0,2408,1870,25.6151,12.6648
4167,138.900,1042,0,2408,1870,25.0255,12.6701
4168,138.933,1043,0,2407,1869,24.6378,12.6099
4169,138.967,1042,0,2407,1870,23.8153,13.9241
4170,139.000,1040,0,2409,1871,22.7854,11.7073
4171,139.033,1040,0,2408,1870,22.2630,14.6382
4172,139.067,1036,0,2406,1870,19.6367,11.4637
4173,139.100,1036,0,2406,1870,19.6576,11.1778
4174,139.133,1036,0,2406,1871,18.2099,12.0179
4175,139.167,1038,0,2409,1869,12.2522,14.5289
4176,139.200,1041,0,2409,1869,13.7711,14.5840
4177,139.233,1041,4,2412,1867,13.9035,15.0566
4178,139.267,1043,7,2413,1866,15.3031,15.6297
4179,139.300,1041,4,2412,1866,14.3247,17.2112
4180,139.333,1041,5,2411,1866,14.5917,15.2848
4181,139.367,1041,4,2412,1867,13.6524,17.5350
4182,139.400,1040,5,2412,1867,14.4039,15.2004
4183,139.433,1040,5,2412,1867,15.2335,15.1441
4184,139.467,1042,0,2408,1869,12.0008,16.5996
4185,139.500,1042,0,2408,1869,12.4662,16.1679
4186,139.533,1041,0,2408,1869,11.9572,16.7493
4187,139.567,1039,0,2407,1866,11.5193,15.9128
4188,139.600,1038,0,2407,1866,13.4105,16.8492
4189,139.633,1039,0,2407,1864,10.6525,18.2001
4190,139.667,1038,0,2407,1865,11.6747,17.6898
4191,139.700,1037,0,2408,1866,14.0743,14.0015
4192,139.733,1039,0,2407,1867,7.5712,15.1691
4193,139.767,1040,0,2406,1867,7.1856,16.5446
4194,139.800,1039,0,2407,1868,4.0642,15.4221
4195,139.833,1040,0,2406,1867,4.8905,15.8734
4196,139.867,1039,0,2406,1867,5.4347,16.1195
4197,139.900,1038,0,2406,1867,5.8337,14.9117
4198,139.933,1036,0,2407,1867,5.8511,15.8130
4199,139.967,1037,0,2408,1871,8.4964,14.1139
4200,140.000,1041,0,2408,1864,5.8783,14.0278
4201,140.033,1045,0,2408,1866,2.5894,13.6808
4202,140.067,1045,0,2411,1868,0.4420,9.7077
4203,140.100,1045,0,2411,1868,-0.1973,9.8502
4204,140.133,1044,0,2411,1867,-1.6461,13.3270
4205,140.167,1043,0,2413,1867,-1.3656,11.8602
4206,140.200,1043,0,2413,1867,-1.5428,12.2532
4207,140.233,1043,0,2412,1867,-1.4570,14.3351
4208,140.267,1042,0,2412,1869,-2.4017,14.2403
4209,140.300,1043,0,2413,1868,-1.5289,14.2389
4210,140.333,1044,0,2414,1867,-1.4730,14.3676
4211,140.367,1043,0,2413,1867,-1.2464,14.7442
4212,140.400,1043,0,2413,1865,-1.5896,14.0875
4213,140.433,1042,0,2413,1865,-0.3547,14.9222
4214,140.467,1043,0,2413,1865,-1.2945,14.2798
4215,140.500,1043,0,2413,1866,-1.8936,13.9999
4216,140.533,1043,0,2411,1868,-2.5894,12.0595
4217,140.567,1044,0,2411,1869,-1.1332,13.0252
4218,140.600,1043,0,2411,1869,-0.1583,14.9955
4219,140.633,1042,0,2412,1868,-0.4485,13.5233
4220,140.667,1042,0,2413,1868,-0.2017,13.4817
4221,140.700,1046,0,2412,1865,-0.5796,9.9498
4222,140.733,1047,0,2410,1857,1.6682,7.5184
4223,140.767,1045,0,2410,1857,1.9643,6.0028
4224,140.800,1030,0,2403,1854,10.0747,5.4215
4225,140.833,1031,0,2409,1858,14.3400,8.7957
4226,140.867,1032,0,2408,1859,14.8181,6.0631
4227,140.900,1037,0,2408,1859,11.3369,13.1518
4228,140.933,1038,0,2409,1860,10.3986,16.3425
4229,140.967,1039,0,2407,1860,13.9653,13.5726
4230,141.000,1041,0,2404,1859,9.4570,11.3433
4231,141.033,1039,0,2405,1861,10.7372,13.5166
4232,141.067,1040,0,2405,1861,12.7682,12.7972
4233,141.100,1040,0,2406,1861,11.4893,12.6549
4234,141.133,1041,0,2406,1863,12.0102,13.1602
4235,141.167,1041,0,2405,1862,12.7324,13.3193
4236,141.200,1041,0,2405,1861,12.9277,13.7982
4237,141.233,1040,0,2405,1861,10.9433,13.6676
4238,141.267,1040,0,2404,1861,11.9333,13.9044
4239,141.300,1040,0,2405,1861,11.7771,14.6325
4240,141.333,1040,0,2404,1861,13.0149,14.2137
4241,141.367,1040,0,2404,1861,12.5704,14.1840
4242,141.400,1040,0,2405,1861,11.7095,14.4180
4243,141.433,1037,0,2404,1864,11.9307,15.9896
4244,141.467,1037,0,2405,1863,13.1328,17.0926
4245,141.500,1037,0,2405,1865,13.2632,14.2822
4246,141.533,1037,0,2404,1868,14.9281,14.6447
4247,141.567,1038,0,2403,1869,12.0625,16.2375
4248,141.600,1038,0,2403,1870,12.7744,17.1302
4249,141.633,1039,0,2404,1870,14.8754,17.2225
4250,141.667,1040,0,2404,1870,11.4151,15.0157
4251,141.700,1039,0,2404,1870,12.3579,16.8935
4252,141.733,1039,0,2404,1871,12.9536,14.1481
4253,141.767,1039,0,2404,1871,13.1609,13.7763
4254,141.800,1039,0,2404,1870,12.1211,16.5636
4255,141.833,1040,0,2404,1869,12.5178,16.8255
4256,141.867,1041,0,2404,1869,11.1795,14.9645
4257,141.900,1041,0,2404,1869,11.1901,15.1638
4258,141.933,1041,0,2404,1869,11.2721,15.1302
4259,141.967,1040,0,2404,1869,11.8271,15.4744
4260,142.000,1046,17,2412,1874,9.0177,13.3946
4261,142.033,1045,17,2411,1874,9.3666,13.5333
4262,142.067,1046,17,2411,1875,8.6906,13.4884
4263,142.100,1046,19,2412,1874,10.1118,13.3871
4264,142.133,1045,17,2411,1875,9.0161,13.3751
4265,142.167,1044,19,2410,1874,9.4970,13.5910
4266,142.200,1045,18,2410,1874,8.5784,14.8163
4267,142.233,1045,18,2410,1873,9.2928,14.5334
4268,142.267,1045,19,2409,1874,9.0944,14.2513
4269,142.300,1045,22,2409,1877,10.1324,15.5134
4270,142.333,1045,22,2410,1877,9.6120,11.8110
4271,142.367,1046,21,2410,1877,8.6936,14.5162
4272,142.400,1045,22,2408,1879,9.2006,15.7938
4273,142.433,1049,23,2408,1878,8.7339,14.9172
4274,142.467,1051,20,2408,1878,2.1323,18.0409
4275,142.500,1051,21,2407,1878,1.8304,16.5716
4276,142.533,1052,19,2407,1877,-0.6264,13.9579
4277,142.567,1053,17,2410,1878,0.0143,12.4814
4278,142.600,1054,16,2411,1878,2.0873,13.6767
4279,142.633,1055,12,2413,1879,0.1779,15.4216
4280,142.667,1055,9,2414,1877,-2.3792,13.0728
4281,142.700,1056,6,2414,1879,-1.9765,12.4042
4282,142.733,1058,7,2413,1879,-4.2378,7.6826
4283,142.767,1058,7,2414,1879,-2.4870,8.0912
4284,142.800,1057,5,2413,1876,-2.6275,11.9341
4285,142.833,1057,4,2413,1877,-2.0401,12.7151
4286,142.867,1056,4,2414,1878,-3.4942,10.3966
4287,142.900,1056,3,2414,1878,-3.0158,12.2706
4288,142.933,1056,2,2414,1879,-0.3773,11.6302
4289,142.967,1056,5,2414,1881,-3.5452,10.1995
4290,143.000,1054,0,2412,1862,-1.1926,15.1295
4291,143.033,1053,0,2411,1862,-1.4618,15.8498
4292,143.067,1054,0,2412,1861,0.6702,14.4040
4293,143.100,1054,0,2412,1861,0.7115,14.6205
4294,143.133,1054,0,2412,1860,-1.8265,14.7023
4295,143.167,1055,0,2412,1861,0.3508,14.9251
4296,143.200,1054,0,2412,1860,-1.3182,15.0006
4297,143.233,1054,0,2412,1860,-1.4255,14.9146
4298,143.267,1054,0,2412,1861,1.0016,14.5075
4299,143.300,1053,6,2412,1869,-1.7146,11.2577
4300,143.333,1054,7,2411,1868,-1.1667,12.6441
4301,143.367,1054,0,2410,1862,1.2228,14.8226
4302,143.400,1054,0,2409,1860,0.1919,14.0809
4303,143.433,1055,0,2408,1860,0.7922,14.8326
4304,143.467,1055,0,2408,1859,0.6343,14.5031
4305,143.500,1055,0,2408,1859,1.0368,14.4235
4306,143.533,1056,0,2407,1860,-2.0092,14.3766
4307,143.567,1058,6,2407,1864,1.6631,11.2276
4308,143.600,1059,8,2407,1864,-2.2952,11.8355
4309,143.633,1060,9,2407,1864,-1.6215,11.3518
4310,143.667,1058,11,2408,1865,0.5907,13.6304
4311,143.700,1056,0,2410,1864,-1.1005,13.1487
4312,143.733,1055,0,2411,1865,-0.0939,14.2189
4313,143.767,1055,0,2410,1864,0.1104,15.0251
4314,143.800,1053,0,2411,1864,0.3316,16.0820
4315,143.833,1053,0,2411,1864,0.3878,16.3006
4316,143.867,1054,0,2411,1864,0.8857,15.6135
4317,143.900,1053,0,2410,1863,0.5647,13.1093
4318,143.933,1053,0,2411,1863,-0.8689,15.6100
4319,143.967,1053,0,2410,1863,1.0721,13.1827
4320,144.000,1053,0,2410,1864,0.1041,14.3213
4321,144.033,1052,16,2409,1869,-1.0173,12.1707
4322,144.067,1054,0,2409,1863,0.5076,13.9974
4323,144.100,1052,14,2409,1867,0.8196,11.8198
4324,144.133,1052,10,2411,1869,0.7211,11.7615
4325,144.167,1052,11,2411,1870,-0.3893,11.3875
4326,144.200,1052,11,2411,1870,-0.2293,11.7642
4327,144.233,1052,12,2411,1870,0.1388,9.5301
4328,144.267,1051,10,2412,1870,-0.1711,12.2856
4329,144.300,1050,11,2412,1869,1.2043,11.1588
4330,144.333,1051,12,2411,1868,0.2379,10.0560
4331,144.367,1051,11,2412,1869,1.0212,10.1028
4332,144.400,1051,11,2411,1869,-1.4297,12.8018
4333,144.433,1052,13,2410,1870,-1.2572,12.8282
4334,144.467,1052,14,2411,1870,0.2742,10.8640
4335,144.500,1052,13,2410,1870,-1.3088,13.2616
4336,144.533,1051,18,2410,1870,-3.8567,13.3640
4337,144.567,1052,17,2409,1869,-2.3014,10.4643
4338,144.600,1051,17,2409,1869,-3.8962,13.7924
4339,144.633,1052,16,2409,1870,-2.6861,11.4305
4340,144.667,1053,14,2409,1869,-1.7240,12.6994
4341,144.700,1052,16,2409,1870,-2.5643,11.5807
4342,144.733,1052,14,2409,1869,-1.9406,14.0542
4343,144.767,1052,15,2409,1869,-1.6677,14.4960
4344,144.800,1051,15,2410,1870,-1.7750,10.1766
4345,144.833,1052,0,2408,1866,0.2418,16.6577
4346,144.867,1050,23,2410,1868,-1.1618,13.5974
4347,144.900,1051,26,2409,1867,-0.2637,14.2663
4348,144.933,1051,26,2408,1865,-0.9661,14.5545
4349,144.967,1052,25,2408,1866,-0.0677,14.2822
4350,145.000,1053,29,2407,1859,-0.1119,13.9289
4351,145.033,1053,28,2409,1860,0.3128,13.5082
4352,145.067,1052,28,2409,1860,0.5621,13.4271
4353,145.100,1052,28,2409,1861,-0.6301,13.0926
4354,145.133,1050,29,2411,1863,2.0388,13.6784
4355,145.167,1051,26,2411,1861,-2.3302,14.8412
4356,145.200,1052,26,2411,1861,-1.1042,14.2296
4357,145.233,1050,27,2412,1863,2.1653,13.5842
4358,145.267,1049,29,2414,1864,-1.6110,14.2179
4359,145.300,1064,5,2413,1857,4.7190,3.5790
4360,145.333,1065,8,2412,1857,2.3141,5.4300
4361,145.367,1044,0,2402,1850,7.4559,6.9753
4362,145.400,1045,0,2406,1848,2.5750,8.9464
4363,145.433,1046,0,2406,1848,0.4857,7.7046
4364,145.467,1056,12,2410,1855,-0.2980,9.7563
4365,145.500,1054,15,2413,1858,-1.4318,11.2422
4366,145.533,1054,16,2412,1858,-1.3213,13.1009
4367,145.567,1055,14,2413,1862,-0.8436,12.0224
4368,145.600,1054,17,2413,1863,-2.2045,14.0337
4369,145.633,1055,18,2413,1863,-2.9568,15.4766
4370,145.667,1055,17,2414,1865,-0.2873,11.0480
4371,145.700,1057,17,2416,1866,-0.4380,10.4414
4372,145.733,1056,17,2414,1863,-1.6820,13.6998
4373,145.767,1055,17,2415,1866,-1.9832,11.6675
4374,145.800,1055,17,2416,1865,-3.2460,13.7280
4375,145.833,1056,9,2415,1862,9.9054,9.5787
4376,145.867,1053,9,2413,1861,10.5628,8.4010
4377,145.900,1054,8,2413,1861,10.8979,8.1558
4378,145.933,1055,9,2413,1860,10.5748,9.0974
4379,145.967,1055,8,2414,1861,10.0598,8.5094
4380,146.000,1057,0,2414,1864,14.7179,8.3907
4381,146.033,1056,0,2413,1864,12.9368,9.7156
4382,146.067,1054,0,2414,1866,10.5444,8.7480
4383,146.100,1055,2,2414,1865,12.6210,8.4014
4384,146.133,1055,3,2415,1865,11.9580,8.5495
4385,146.167,1055,3,2415,1867,14.1921,8.5851
4386,146.200,1053,3,2416,1868,11.6629,10.1407
4387,146.233,1054,3,2416,1865,12.0652,9.5687
4388,146.267,1054,3,2416,1863,12.2382,8.8934
4389,146.300,1055,0,2420,1865,11.0965,9.6122
4390,146.333,1056,0,2422,1868,10.1613,10.8613
4391,146.367,1056,0,2422,1863,10.2606,11.3967
4392,146.400,1056,0,2423,1864,9.9191,11.7137
4393,146.433,1056,0,2425,1865,9.4743,10.8202
4394,146.467,1057,0,2426,1867,10.5142,10.6251
4395,146.500,1056,0,2427,1869,9.2735,9.5605
4396,146.533,1055,0,2428,1871,8.2709,11.0413
4397,146.567,1054,0,2427,1871,9.4198,9.7593
4398,146.600,1054,0,2428,1871,8.8484,10.9025
4399,146.633,1054,0,2428,1870,10.4775,9.7514
4400,146.667,1053,0,2427,1870,9.7903,8.0562
4401,146.700,1053,0,2427,1869,9.9436,7.2999
4402,146.733,1053,0,2427,1869,9.8082,7.4229
4403,146.767,1054,0,2427,1871,9.7898,9.8510
4404,146.800,1053,0,2428,1874,8.8480,7.8205
4405,146.833,1054,0,2425,1872,10.8528,8.9431
4406,146.867,1052,0,2426,1874,11.0468,8.3987
4407,146.900,1055,0,2429,1873,9.6889,12.4159
4408,146.933,1062,0,2429,1870,11.2719,3.0287
4409,146.967,1066,0,2431,1870,9.8324,5.8475
4410,147.000,1048,0,2412,1862,16.9721,-2.6469
4411,147.033,1055,0,2413,1864,14.4253,-8.0358
4412,147.067,1057,0,2413,1864,14.1537,-6.0782
4413,147.100,1063,0,2418,1862,12.9559,0.8405
4414,147.133,1067,0,2429,1873,14.3782,8.8004
4415,147.167,1066,0,2428,1871,13.3590,9.0009
4416,147.200,1063,0,2427,1871,10.1628,10.3416
4417,147.233,1063,0,2428,1872,10.0493,10.1433
4418,147.267,1060,0,2428,1874,10.4509,11.5008
4419,147.300,1061,0,2430,1873,10.6613,11.8275
4420,147.333,1061,0,2430,1875,11.0730,11.9984
4421,147.367,1061,0,2431,1874,10.6545,12.1157
4422,147.400,1061,0,2432,1873,9.8456,11.7654
4423,147.433,1060,1,2436,1876,11.1617,13.8302
4424,147.467,1059,0,2436,1877,9.6410,12.8468
4425,147.500,1059,0,2437,1876,11.0638,12.9639
4426,147.533,1057,4,2440,1875,12.2320,11.6674
4427,147.567,1058,9,2440,1876,11.2509,11.7722
4428,147.600,1058,9,2440,1876,11.4419,11.8929
4429,147.633,1057,9,2440,1876,13.1711,12.7042
4430,147.667,1057,12,2438,1877,13.0901,13.1998
4431,147.700,1057,11,2438,1876,11.8071,11.8342
4432,147.733,1058,10,2437,1874,10.7306,12.5502
4433,147.767,1058,9,2438,1875,11.8388,14.0182
4434,147.800,1058,8,2437,1874,12.6088,13.1658
4435,147.833,1058,8,2437,1874,11.4639,12.0727
4436,147.867,1057,8,2436,1875,11.0943,11.4403
4437,147.900,1056,8,2435,1876,10.2894,10.5839
4438,147.933,1059,7,2436,1874,11.7715,10.6811
4439,147.967,1059,9,2436,1877,11.8986,12.1579
4440,148.000,1057,1,2434,1876,10.5179,12.1214
4441,148.033,1056,1,2434,1876,10.8025,10.8991
4442,148.067,1057,0,2434,1876,9.9653,12.1267
4443,148.100,1057,1,2434,1876,9.5410,11.9123
4444,148.133,1057,3,2433,1875,11.8312,11.4920
4445,148.167,1058,2,2435,1876,9.9390,11.7283
4446,148.200,1058,2,2435,1877,9.5038,12.5424
4447,148.233,1059,3,2434,1876,11.2303,12.5361
4448,148.267,1058,5,2433,1875,9.7388,8.7747
4449,148.300,1058,8,2431,1874,10.7897,9.5424
4450,148.333,1057,7,2431,1873,8.8602,9.9469
4451,148.367,1057,7,2430,1874,10.5899,8.2988
4452,148.400,1058,7,2430,1873,10.2756,9.2056
4453,148.433,1058,6,2430,1873,9.9062,9.3578
4454,148.467,1058,7,2430,1873,10.2924,9.1131
4455,148.500,1058,6,2430,1873,10.1140,9.0130
4456,148.533,1058,4,2429,1873,9.5631,10.6455
4457,148.567,1058,4,2429,1872,9.5694,12.0061
4458,148.600,1057,4,2429,1873,10.0121,11.0064
4459,148.633,1058,6,2429,1872,11.6307,9.2648
4460,148.667,1056,6,2427,1872,11.6111,11.0031
4461,148.700,1055,4,2429,1876,9.7475,13.4565
4462,148.733,1055,6,2429,1876,10.0123,9.2042
4463,148.767,1056,7,2427,1874,12.8330,10.5357
4464,148.800,1056,6,2428,1877,10.5621,10.7053
4465,148.833,1054,8,2427,1878,10.8914,10.4672
4466,148.867,1063,16,2421,1857,12.9198,12.6075
4467,148.900,1062,16,2421,1857,11.5968,12.7144
4468,148.933,1061,13,2421,1857,12.4000,11.4263
4469,148.967,1061,12,2425,1859,12.4931,11.9216
4470,149.000,1057,3,2431,1871,13.2641,10.4716
4471,149.033,1058,4,2430,1871,12.9008,8.4941
4472,149.067,1059,4,2430,1871,11.7943,10.2314
4473,149.100,1059,4,2430,1871,11.8247,10.2880
4474,149.133,1058,4,2431,1871,11.8702,8.3849
4475,149.167,1057,1,2431,1865,9.5948,11.4034
4476,149.200,1057,5,2431,1857,11.9951,9.6859
4477,149.233,1058,7,2433,1857,9.9413,8.3780
4478,149.267,1056,6,2432,1855,14.1766,11.2126
4479,149.300,1056,7,2433,1856,11.5225,9.5600
4480,149.333,1059,7,2432,1856,12.0056,9.3685
4481,149.367,1061,7,2433,1855,11.4864,10.7013
4482,149.400,1060,8,2432,1859,10.0709,10.2864
4483,149.433,1061,10,2430,1856,12.8192,7.7671
4484,149.467,1063,0,2420,1852,12.5633,-2.2861
4485,149.500,1067,0,2419,1850,11.3037,1.0685
4486,149.533,1061,0,2415,1847,14.3156,3.6383
4487,149.567,1063,0,2419,1848,10.7386,0.7924
4488,149.600,1061,0,2420,1849,10.4881,-0.4629
4489,149.633,1072,0,2429,1851,12.2086,5.1868
4490,149.667,1065,0,2429,1854,8.7202,9.9509
4491,149.700,1064,0,2430,1854,10.0434,10.0764
4492,149.733,1062,0,2431,1857,10.9120,10.5420
4493,149.767,1063,1,2432,1859,7.5893,9.3317
4494,149.800,1061,3,2433,1859,7.2774,9.8199
4495,149.833,1058,1,2431,1861,7.6114,9.6415
4496,149.867,1056,3,2430,1862,8.7631,10.1079
4497,149.900,1057,5,2430,1861,6.9829,9.9012
4498,149.933,1057,5,2430,1862,7.1485,11.2461
4499,149.967,1058,5,2431,1860,7.2368,11.2419
4500,150.000,1062,7,2435,1861,3.4475,11.3685
4501,150.033,1061,11,2432,1864,5.7865,9.5484
4502,150.067,1062,15,2435,1863,8.1106,11.0018
4503,150.100,1062,12,2436,1863,7.3670,11.2999
4504,150.133,1060,12,2436,1865,11.2989,10.1763
4505,150.167,1062,10,2437,1865,12.6850,8.4466
4506,150.200,1062,14,2436,1864,12.4390,10.5577
4507,150.233,1063,13,2437,1865,13.1817,10.2469
4508,150.267,1063,10,2437,1866,11.0393,9.9352
4509,150.300,1063,9,2439,1870,9.0048,10.6948
4510,150.333,1063,9,2440,1870,8.8423,10.1929
4511,150.367,1065,9,2438,1867,12.5856,9.8850
4512,150.400,1065,11,2437,1866,11.3015,10.9055
4513,150.433,1065,12,2435,1867,13.2068,8.3582
4514,150.467,1065,13,2437,1868,16.0953,11.2611
4515,150.500,1064,25,2437,1855,20.6753,8.6464
4516,150.533,1065,26,2433,1853,23.8757,8.1250
4517,150.567,1064,28,2432,1850,23.2387,8.8083
4518,150.600,1064,27,2433,1850,23.3319,8.9830
4519,150.633,1064,28,2434,1853,23.2665,8.6785
4520,150.667,1062,25,2433,1854,21.4140,8.9260
4521,150.700,1063,26,2433,1854,20.2177,8.5515
4522,150.733,1062,27,2433,1854,20.8651,9.1804
4523,150.767,1062,28,2432,1854,20.5756,9.2164
4524,150.800,1061,27,2435,1858,17.1922,8.7685
4525,150.833,1061,27,2434,1859,18.0925,7.2558
4526,150.867,1060,24,2434,1859,18.7514,8.7513
4527,150.900,1060,27,2435,1856,16.5058,7.0469
4528,150.933,1066,30,2436,1857,12.2767,10.1723
4529,150.967,1067,29,2435,1855,12.9305,9.5048
4530,151.000,1069,35,2430,1852,5.5483,9.2482
4531,151.033,1069,32,2430,1852,8.6383,8.7639
4532,151.067,1069,30,2430,1854,5.5860,9.2548
4533,151.100,1071,32,2424,1852,4.9067,11.9707
4534,151.133,1071,34,2423,1852,5.9812,11.0610
4535,151.167,1070,30,2423,1855,3.5723,10.3661
4536,151.200,1070,31,2422,1853,3.3188,10.8101
4537,151.233,1067,30,2421,1857,4.5501,11.9774
4538,151.267,1068,32,2424,1863,1.6284,10.9147
4539,151.300,1070,30,2425,1863,4.8147,10.6801
4540,151.333,1071,33,2430,1860,5.1451,8.8575
4541,151.367,1071,33,2430,1860,4.3622,8.3912
4542,151.400,1070,31,2429,1859,5.7785,10.2860
4543,151.433,1070,33,2428,1859,6.9542,10.8775
4544,151.467,1069,34,2429,1858,6.5942,8.9927
4545,151.500,1070,31,2429,1857,7.3744,9.0938
4546,151.533,1069,35,2431,1858,11.4991,7.8074
4547,151.567,1072,37,2428,1861,10.6054,7.7388
4548,151.600,1072,34,2431,1863,11.6913,7.4919
4549,151.633,1073,35,2430,1865,11.1184,8.2399
4550,151.667,1074,37,2430,1861,9.6726,8.7835
4551,151.700,1075,39,2433,1856,10.1122,8.6434
4552,151.733,1073,40,2437,1858,8.0810,8.4966
4553,151.767,1074,40,2438,1856,9.3168,8.2891
4554,151.800,1074,40,2438,1859,8.4587,8.4697
4555,151.833,1075,40,2437,1856,16.0628,8.1386
4556,151.867,1075,42,2437,1856,18.5579,8.9329
4557,151.900,1075,40,2438,1857,16.7181,7.9018
4558,151.933,1076,40,2444,1859,16.4764,8.2939
4559,151.967,1074,48,2443,1854,17.9722,9.3068
4560,152.000,1075,54,2441,1845,15.8054,6.3591
4561,152.033,1074,53,2438,1844,15.6329,8.2472
4562,152.067,1073,53,2436,1845,14.5328,7.3269
4563,152.100,1075,50,2439,1846,21.2194,6.4573
4564,152.133,1074,50,2438,1846,21.6988,5.1608
4565,152.167,1074,47,2434,1841,21.4113,7.1408
4566,152.200,1073,47,2434,1848,22.5767,6.9616
4567,152.233,1073,46,2434,1852,26.9650,6.2047
4568,152.267,1087,20,2443,1854,25.0039,3.6736
4569,152.300,1081,7,2438,1856,23.4193,1.9704
4570,152.333,1071,3,2431,1854,24.8596,2.6740
4571,152.367,1065,20,2429,1854,27.9998,6.4391
4572,152.400,1066,19,2430,1854,27.1521,6.8617
4573,152.433,1065,17,2429,1851,27.3223,4.3675
4574,152.467,1062,32,2432,1854,26.8833,4.8569
4575,152.500,1061,31,2433,1855,28.5157,6.2069
4576,152.533,1060,32,2433,1854,26.7262,7.9768
4577,152.567,1060,35,2431,1850,29.0157,8.0052
4578,152.600,1062,42,2433,1849,27.1905,7.7189
4579,152.633,1063,38,2435,1854,27.2215,7.2153
4580,152.667,1060,34,2435,1857,25.4055,9.0728
4581,152.700,1060,34,2433,1855,26.2201,9.0378
4582,152.733,1060,34,2433,1855,26.3915,9.3081
4583,152.767,1061,35,2433,1855,25.0110,8.7378
4584,152.800,1061,35,2432,1853,25.6948,10.0065
4585,152.833,1063,33,2431,1854,25.6928,6.5611
4586,152.867,1059,31,2429,1855,19.5498,6.1415
4587,152.900,1055,32,2427,1860,23.8458,5.7798
4588,152.933,1058,30,2431,1865,19.9773,3.6348
4589,152.967,1058,26,2432,1863,18.5496,5.9468
4590,153.000,1059,23,2435,1862,20.4702,5.5873
4591,153.033,1059,26,2434,1862,20.5428,7.1809
4592,153.067,1057,27,2431,1860,20.0792,4.9741
4593,153.100,1057,27,2431,1860,20.4138,5.4101
4594,153.133,1057,29,2431,1858,22.2301,6.6129
4595,153.167,1059,27,2431,1858,21.7690,5.6769
4596,153.200,1060,25,2432,1856,20.1406,5.0270
4597,153.233,1059,26,2432,1857,21.6230,4.5322
4598,153.267,1060,25,2432,1858,20.5640,5.9339
4599,153.300,1058,24,2432,1860,19.4090,6.0472
4600,153.333,1059,23,2432,1860,20.9582,6.5956
4601,153.367,1060,24,2433,1860,20.6416,4.5330
4602,153.400,1061,24,2432,1860,20.7094,5.2070
4603,153.433,1059,23,2433,1860,23.9902,5.5291
4604,153.467,1061,24,2433,1860,23.9095,10.2086
4605,153.500,1059,26,2432,1859,24.6291,9.1958
4606,153.533,1058,23,2433,1860,25.6971,10.0813
4607,153.567,1058,26,2433,1860,22.6223,10.7720
4608,153.600,1057,25,2433,1859,21.6533,12.3764
4609,153.633,1058,26,2434,1860,20.9354,11.6284
4610,153.667,1057,29,2436,1862,23.9271,9.0258
4611,153.700,1056,30,2437,1863,23.3902,10.0951
4612,153.733,1055,32,2436,1861,23.9390,10.0046
4613,153.767,1056,35,2435,1861,20.6541,11.8945
4614,153.800,1055,31,2437,1863,22.2074,11.9440
4615,153.833,1054,31,2437,1864,17.8319,12.3970
4616,153.867,1056,27,2439,1868,16.2701,11.5077
4617,153.900,1062,21,2442,1866,2.8504,11.7071
4618,153.933,1061,27,2442,1869,2.5207,12.8280
4619,153.967,1062,31,2444,1869,6.1704,11.2836
4620,154.000,1065,25,2451,1867,5.2849,11.8828
4621,154.033,1066,25,2450,1865,6.1356,11.6123
4622,154.067,1065,26,2450,1863,7.7040,10.4977
4623,154.100,1068,24,2451,1864,5.8655,13.2133
4624,154.133,1071,27,2450,1863,3.4572,11.4124
4625,154.167,1071,28,2450,1864,1.3218,12.5940
4626,154.200,1070,30,2451,1864,4.4502,10.2601
4627,154.233,1070,29,2450,1864,1.9128,10.5759
4628,154.267,1071,32,2449,1865,3.4436,9.6892
4629,154.300,1070,28,2448,1864,-0.5969,12.8748
4630,154.333,1070,30,2448,1862,2.9774,12.1239
4631,154.367,1071,28,2446,1862,2.5631,12.4355
4632,154.400,1072,27,2445,1860,1.5446,12.3679
4633,154.433,1071,26,2448,1856,4.4881,13.7629
4634,154.467,1070,26,2449,1855,3.8845,11.8835
4635,154.500,1070,24,2450,1853,3.5945,9.7769
4636,154.533,1071,32,2447,1849,9.2614,9.1650
4637,154.567,1071,31,2449,1853,8.6326,8.2837
4638,154.600,1071,32,2448,1852,7.4754,8.7669
4639,154.633,1070,32,2449,1854,7.6870,7.8262
4640,154.667,1071,32,2443,1853,8.5120,10.6566
4641,154.700,1075,33,2445,1851,7.3739,9.7796
4642,154.733,1075,36,2444,1850,8.6470,7.6562
4643,154.767,1074,35,2446,1851,8.8130,8.3283
4644,154.800,1074,36,2446,1849,6.7450,7.6928
4645,154.833,1072,36,2449,1849,8.0303,9.7099
4646,154.867,1071,36,2449,1849,6.6128,9.5786
4647,154.900,1071,33,2448,1850,9.7266,8.6189
4648,154.933,1070,32,2448,1851,10.3982,9.2082
4649,154.967,1068,27,2445,1846,8.2095,7.1273
4650,155.000,1063,28,2443,1849,9.0491,10.3650
4651,155.033,1063,13,2434,1857,8.8555,0.2435
4652,155.067,1064,11,2439,1861,13.6369,4.6267
4653,155.100,1067,27,2420,1852,21.1707,3.5133
4654,155.133,1072,31,2429,1853,14.7308,6.4325
4655,155.167,1071,27,2433,1852,13.0052,7.6638
4656,155.200,1069,31,2433,1851,15.4412,8.0759
4657,155.233,1068,37,2433,1851,14.9155,10.1936
4658,155.267,1067,44,2433,1851,11.3233,11.7970
4659,155.300,1067,44,2436,1850,14.0437,12.1684
4660,155.333,1068,47,2434,1849,9.0883,12.8648
4661,155.367,1068,41,2437,1850,12.3737,10.7133
4662,155.400,1068,44,2439,1852,11.7484,10.3652
4663,155.433,1068,45,2435,1856,12.1870,8.6780
4664,155.467,1068,43,2436,1856,12.4051,9.3733
4665,155.500,1068,40,2438,1858,12.0775,10.8271
4666,155.533,1069,46,2436,1855,12.7744,10.3037
4667,155.567,1068,43,2437,1856,14.7551,9.1936
4668,155.600,1069,44,2437,1856,14.3822,9.1575
4669,155.633,1069,44,2436,1856,15.0970,9.2556
4670,155.667,1069,45,2439,1854,15.8709,10.0325
4671,155.700,1069,45,2439,1855,13.8076,10.3999
4672,155.733,1069,45,2439,1855,14.1149,10.0849
4673,155.767,1069,44,2439,1856,12.3978,9.8260
4674,155.800,1070,43,2440,1855,13.5100,9.8947
4675,155.833,1069,41,2439,1854,15.6479,9.2946
4676,155.867,1070,38,2440,1856,13.8741,8.8690
4677,155.900,1070,36,2440,1857,16.3941,9.1184
4678,155.933,1070,33,2442,1861,15.9715,9.8395
4679,155.967,1068,33,2445,1861,17.5206,8.6102
4680,156.000,1072,40,2448,1867,13.3189,9.8821
4681,156.033,1074,40,2450,1867,15.1163,11.2569
4682,156.067,1074,40,2450,1868,13.7898,11.8206
4683,156.100,1075,39,2451,1869,14.8747,10.3760
4684,156.133,1073,37,2453,1869,12.1909,9.8501
4685,156.167,1073,31,2450,1868,11.1925,10.2756
4686,156.200,1073,33,2452,1871,12.0797,9.4916
4687,156.233,1071,25,2455,1871,10.5241,9.9538
4688,156.267,1072,25,2454,1870,13.0683,10.0733
4689,156.300,1074,22,2450,1873,10.7407,9.1464
4690,156.333,1074,22,2449,1872,10.7500,9.3363
4691,156.367,1075,20,2448,1871,11.4119,9.3491
4692,156.400,1075,23,2446,1873,10.7896,9.7434
4693,156.433,1073,24,2447,1875,12.7314,8.3138
4694,156.467,1071,24,2448,1875,12.9880,8.2351
4695,156.500,1071,22,2449,1874,12.1879,7.3218
4696,156.533,1072,22,2448,1872,13.1521,9.1535
4697,156.567,1071,25,2447,1871,11.6060,8.4595
4698,156.600,1071,25,2447,1871,11.7189,8.6568
4699,156.633,1070,24,2447,1871,13.5361,9.4083
4700,156.667,1069,24,2447,1870,13.2483,8.9357
4701,156.700,1070,23,2447,1870,13.4101,9.0472
4702,156.733,1072,26,2448,1871,13.1025,11.3077
4703,156.767,1072,27,2448,1871,12.2939,9.1656
4704,156.800,1074,28,2448,1869,11.4742,10.3772
4705,156.833,1074,26,2449,1870,11.3215,11.1504
4706,156.867,1073,27,2449,1870,12.6586,10.8720
4707,156.900,1073,27,2449,1870,12.5753,10.6605
4708,156.933,1072,26,2449,1872,14.6403,9.6823
4709,156.967,1073,26,2449,1871,12.0774,9.9873
4710,157.000,1067,32,2449,1873,17.3912,9.7263
4711,157.033,1067,31,2449,1875,16.6903,11.1350
4712,157.067,1066,33,2448,1874,16.2451,11.0276
4713,157.100,1067,32,2449,1875,15.9296,11.3213
4714,157.133,1066,32,2449,1875,14.8037,11.2702
4715,157.167,1069,37,2452,1874,17.2960,10.9540
4716,157.200,1069,36,2452,1874,17.9156,11.1554
4717,157.233,1069,36,2453,1874,15.5292,11.2974
4718,157.267,1068,35,2454,1877,16.4374,11.2627
4719,157.300,1068,34,2453,1875,15.9134,11.4000
4720,157.333,1068,33,2454,1876,15.6512,11.5132
4721,157.367,1069,34,2454,1876,14.8127,11.1655
4722,157.400,1069,33,2453,1876,15.4354,10.0912
4723,157.433,1068,33,2451,1875,17.8252,9.5557
4724,157.467,1068,34,2451,1875,17.3761,9.9857
4725,157.500,1068,33,2451,1875,17.6534,9.6077
4726,157.533,1069,34,2451,1874,17.6829,10.4947
4727,157.567,1069,39,2450,1874,18.2613,10.3274
4728,157.600,1069,39,2450,1873,17.9637,10.6978
4729,157.633,1070,42,2450,1871,20.6255,10.4855
4730,157.667,1069,41,2449,1871,23.9081,9.5729
4731,157.700,1069,36,2447,1870,25.8394,11.5038
4732,157.733,1070,38,2447,1869,26.2976,9.4646
4733,157.767,1070,35,2446,1868,27.7980,11.1389
4734,157.800,1068,33,2444,1869,25.7537,9.0604
4735,157.833,1068,30,2441,1870,24.6532,7.8997
4736,157.867,1068,29,2441,1870,24.1933,8.9498
4737,157.900,1068,29,2441,1870,23.8961,8.9977
4738,157.933,1070,25,2442,1871,23.7708,9.1941
4739,157.967,1069,25,2442,1873,23.6198,8.6788
4740,158.000,1069,20,2442,1876,24.8382,8.8253
4741,158.033,1069,20,2443,1878,23.9518,8.8561
4742,158.067,1069,20,2442,1877,24.5536,9.5171
4743,158.100,1069,21,2442,1877,24.4204,9.0796
4744,158.133,1069,20,2443,1878,23.1425,8.7798
4745,158.167,1067,20,2439,1877,20.8405,8.8199
4746,158.200,1075,5,2444,1881,15.2684,0.7210
4747,158.233,1069,0,2443,1878,12.0253,5.1286
4748,158.267,1067,0,2441,1880,12.5552,3.2635
4749,158.300,1069,12,2438,1876,16.6950,7.4075
4750,158.333,1068,24,2438,1879,14.7009,10.7602
4751,158.367,1069,28,2438,1879,15.7888,8.8213
4752,158.400,1069,29,2436,1879,14.2528,8.5909
4753,158.433,1067,33,2437,1880,17.4027,7.7578
4754,158.467,1068,36,2438,1880,13.4241,10.3279
4755,158.500,1068,34,2436,1877,16.0293,7.8055
4756,158.533,1069,32,2436,1877,16.6478,7.7694
4757,158.567,1069,35,2439,1875,18.8452,8.0422
4758,158.600,1069,34,2438,1876,17.0810,8.8586
4759,158.633,1070,36,2440,1877,15.8747,9.8735
4760,158.667,1070,36,2441,1876,17.0724,8.9904
4761,158.700,1068,38,2441,1878,17.9715,9.1091
4762,158.733,1069,37,2442,1878,17.1212,9.6078
4763,158.767,1068,36,2443,1878,14.7999,9.7484
4764,158.800,1068,36,2443,1881,14.3687,10.0260
4765,158.833,1069,35,2446,1881,14.5855,10.0254
4766,158.867,1069,35,2445,1881,15.9576,10.9828
4767,158.900,1068,32,2445,1882,19.5793,8.8843
4768,158.933,1068,31,2446,1881,19.3081,7.5231
4769,158.967,1069,31,2446,1881,20.5049,9.7510
4770,159.000,1066,35,2447,1875,19.6356,11.4157
4771,159.033,1067,35,2448,1874,16.9285,12.1652
4772,159.067,1067,28,2448,1878,9.7856,12.3433
4773,159.100,1067,26,2448,1878,8.3708,12.6899
4774,159.133,1068,25,2445,1877,7.6603,13.3081
4775,159.167,1067,21,2445,1877,5.6026,12.4464
4776,159.200,1068,22,2446,1876,7.8143,11.8457
4777,159.233,1068,22,2447,1876,8.0948,12.2997
4778,159.267,1068,25,2449,1879,7.7238,10.5560
4779,159.300,1070,26,2449,1879,6.1602,9.5423
4780,159.333,1069,25,2450,1879,7.5371,9.5011
4781,159.367,1068,24,2452,1880,6.6690,10.0683
4782,159.400,1068,23,2451,1880,7.3982,12.7564
4783,159.433,1070,23,2451,1879,6.3565,10.7793
4784,159.467,1070,25,2451,1881,7.4804,10.6072
4785,159.500,1070,27,2450,1881,8.1402,12.8841
4786,159.533,1071,27,2450,1880,7.0789,11.4843
4787,159.567,1070,27,2450,1882,9.5758,10.5385
4788,159.600,1070,24,2451,1882,7.8850,11.7025
4789,159.633,1070,28,2447,1881,15.0837,9.6853
4790,159.667,1070,29,2447,1881,14.5970,9.7301
4791,159.700,1069,31,2448,1880,14.7381,12.3420
4792,159.733,1069,31,2448,1881,14.1255,10.4346
4793,159.767,1069,31,2448,1881,14.2752,10.5888
4794,159.800,1069,32,2448,1880,15.8418,11.6588
4795,159.833,1068,32,2448,1879,16.9593,12.0811
4796,159.867,1069,32,2448,1878,16.5458,11.4153
4797,159.900,1069,32,2448,1878,16.8821,11.0978
4798,159.933,1068,29,2448,1876,14.7187,9.8957
4799,159.967,1069,30,2448,1877,15.9295,9.7317
4800,160.000,1068,37,2451,1881,12.8655,12.0399
4801,160.033,1069,41,2453,1884,8.2598,11.6681
4802,160.067,1068,40,2453,1883,9.0188,11.5204
4803,160.100,1069,41,2453,1881,8.1656,10.5125
4804,160.133,1068,38,2449,1878,13.4029,10.0772
4805,160.167,1069,38,2444,1880,16.2502,10.8807
4806,160.200,1069,41,2444,1880,12.8103,11.7268
4807,160.233,1068,39,2443,1880,14.0781,12.0713
4808,160.267,1068,42,2443,1880,12.1466,9.2119
4809,160.300,1067,41,2443,1881,11.8800,10.2297
4810,160.333,1069,40,2447,1880,5.2324,13.4412
4811,160.367,1069,42,2445,1878,5.7555,11.4225
4812,160.400,1068,41,2449,1882,2.4742,12.5580
4813,160.433,1068,36,2451,1883,4.4677,12.1169
4814,160.467,1071,45,2449,1881,2.7717,11.7052
4815,160.500,1070,46,2451,1881,4.6551,11.1866
4816,160.533,1070,44,2450,1879,3.2168,10.5434
4817,160.567,1070,45,2450,1878,3.2066,11.2478
4818,160.600,1069,43,2450,1877,2.1254,10.9788
4819,160.633,1069,42,2450,1878,1.8796,9.1811
4820,160.667,1069,44,2450,1876,1.1991,11.5120
4821,160.700,1070,45,2450,1876,1.8989,11.0950
4822,160.733,1069,44,2450,1880,2.9589,9.9537
4823,160.767,1068,43,2450,1880,0.9415,8.7780
4824,160.800,1068,37,2449,1882,4.2752,12.1543
4825,160.833,1068,34,2448,1882,4.1543,9.2440
4826,160.867,1068,32,2450,1884,4.3572,11.8596
4827,160.900,1068,31,2449,1883,6.3550,12.1504
4828,160.933,1069,32,2451,1885,4.4415,10.6988
4829,160.967,1068,31,2452,1886,5.3870,9.8253
4830,161.000,1071,19,2451,1876,8.7874,11.3914
4831,161.033,1071,25,2447,1877,15.2526,10.3201
4832,161.067,1070,25,2447,1876,16.8444,10.5020
4833,161.100,1067,27,2446,1875,25.4262,9.0920
4834,161.133,1065,26,2447,1877,26.0083,9.9151
4835,161.167,1061,24,2446,1878,26.2153,8.6564
4836,161.200,1061,24,2445,1879,26.9563,9.6393
4837,161.233,1058,25,2445,1880,24.6955,9.6921
4838,161.267,1058,23,2445,1881,26.1358,8.7267
4839,161.300,1058,25,2445,1880,23.3863,8.7675
4840,161.333,1058,24,2445,1880,24.3620,10.1687
4841,161.367,1057,24,2445,1881,25.1418,11.6808
4842,161.400,1060,24,2450,1885,25.9273,11.9453
4843,161.433,1214,50,2523,1990,3.2284,-3.0557
4844,161.467,1213,47,2522,1989,1.4418,0.5997
4845,161.500,1210,45,2524,1991,1.9736,-3.8455
4846,161.533,1209,44,2526,1995,0.6101,0.7834
4847,161.567,1211,44,2524,1995,0.8646,-0.1259
4848,161.600,1211,43,2524,1996,1.8377,-1.4008
4849,161.633,1211,44,2523,1996,2.3690,-1.4930
4850,161.667,1214,47,2524,1996,1.3115,-3.9703
4851,161.700,1215,47,2524,1997,1.1873,-1.3652
4852,161.733,1215,47,2524,1996,1.0414,-2.3660
4853,161.767,1217,48,2525,1995,3.6229,-4.2947
4854,161.800,1218,48,2526,1993,0.6592,-3.0658
4855,161.833,1219,51,2528,1992,0.1910,-5.0490
4856,161.867,1224,53,2531,1988,2.3538,-3.1266
4857,161.900,1224,50,2532,1988,2.8862,-4.8400
4858,161.933,1225,49,2532,1992,2.9282,-3.2955
4859,161.967,1216,95,2529,1969,-1.9044,3.5619
4860,162.000,1215,94,2526,1975,-1.2701,3.2069
4861,162.033,1215,93,2526,1974,-3.8409,4.1550
4862,162.067,1215,94,2525,1973,-3.5042,5.6028
4863,162.100,1213,94,2527,1971,-3.0240,9.9191
4864,162.133,1226,49,2532,1998,-1.3123,-2.2744
4865,162.167,1226,52,2530,1996,-0.0455,-3.5407
4866,162.200,1222,48,2530,1994,1.7178,-1.2646
4867,162.233,1217,47,2532,1984,2.7848,0.6056
4868,162.267,1217,43,2529,1973,1.6123,0.6686
4869,162.300,1226,39,2525,1966,1.9134,-1.0846
4870,162.333,1221,41,2526,1977,1.6617,2.0325
4871,162.367,1222,49,2524,1973,-0.0422,4.0267
4872,162.400,1219,47,2521,1969,0.9271,-0.6092
4873,162.433,1214,60,2512,1950,-1.9052,3.9122
4874,162.467,1217,43,2517,1970,-4.1854,-2.8514
4875,162.500,1213,50,2518,1970,1.9650,3.7223
4876,162.533,1217,43,2518,1975,1.6398,1.0657
4877,162.567,1219,44,2518,1975,1.0827,-0.0417
4878,162.600,1219,45,2518,1975,0.9107,0.9703
4879,162.633,1218,42,2520,1976,1.5797,0.4313
4880,162.667,1216,44,2519,1977,2.4359,0.0286
4881,162.700,1216,40,2519,1974,3.5197,2.0013
4882,162.733,1216,42,2519,1975,0.8876,2.5675
4883,162.767,1216,39,2521,1977,0.4714,-1.1737
4884,162.800,1216,39,2522,1977,3.1314,-0.6231
4885,162.833,1216,39,2524,1978,1.5352,0.0948
4886,162.867,1217,41,2526,1977,0.4258,2.2185
4887,162.900,1217,30,2522,1976,4.2993,-2.6793
4888,162.933,1220,37,2525,1977,-1.0663,1.4521
4889,162.967,1221,34,2526,1978,-3.9194,1.1329
4890,163.000,1224,33,2521,1968,-3.6122,4.9207
4891,163.033,1224,37,2523,1966,-5.5684,0.9977
4892,163.067,1224,39,2526,1966,-1.8264,6.4057
4893,163.100,1212,5,2523,1959,-3.7063,-0.2742
4894,163.133,1210,6,2525,1962,-2.2240,2.9072
4895,163.167,1209,4,2521,1963,-1.5329,-1.1589
4896,163.200,1205,27,2527,1964,-8.4545,-1.5707
4897,163.233,1203,33,2525,1966,-7.7725,2.7012
4898,163.267,1203,36,2526,1968,-11.8703,-1.5166
4899,163.300,1203,37,2520,1965,-10.0117,1.6037
4900,163.333,1199,39,2513,1968,-4.4959,0.4107
4901,163.367,1197,42,2514,1960,-8.9840,5.9911
4902,163.400,1198,48,2513,1958,-7.7125,6.6375
4903,163.433,1200,38,2516,1958,-8.5117,1.9274
4904,163.467,1203,45,2511,1958,-8.2829,4.2255
4905,163.500,1196,52,2511,1955,-5.6322,12.4839
4906,163.533,1203,39,2506,1965,-9.1292,3.3125
4907,163.567,1203,41,2507,1964,-4.7256,0.8205
4908,163.600,1204,43,2507,1961,-5.8698,1.7782
4909,163.633,1207,45,2508,1963,-5.3168,4.8050
4910,163.667,1206,43,2508,1968,-4.3764,7.2330
4911,163.700,1201,42,2508,1968,-6.4510,1.6028
4912,163.733,1199,47,2513,1969,-7.9975,5.8987
4913,163.767,1201,44,2516,1975,-9.1745,7.6569
4914,163.800,1202,40,2520,1975,-6.9498,9.4037
4915,163.833,1203,38,2521,1978,-10.1500,3.9190
4916,163.867,1205,41,2522,1977,-7.1834,6.8408
4917,163.900,1204,39,2522,1977,-9.5031,5.1156
4918,163.933,1205,37,2521,1977,-9.3280,6.4398
4919,163.967,1206,39,2521,1976,-10.8322,7.0117
4920,164.000,1205,39,2520,1972,-10.4077,3.2989
4921,164.033,1205,40,2519,1972,-10.4486,3.1884
4922,164.067,1205,40,2519,1971,-11.3782,3.8177
4923,164.100,1205,41,2520,1972,-12.3069,2.0308
4924,164.133,1204,43,2519,1973,-12.2131,4.1454
4925,164.167,1206,44,2518,1975,-11.1573,3.5476
4926,164.200,1206,43,2516,1975,-8.1993,5.7492
4927,164.233,1209,39,2517,1976,-10.1945,6.8249
4928,164.267,1210,38,2515,1977,-8.1436,8.9051
4929,164.300,1209,35,2516,1979,-7.0934,6.2961
4930,164.333,1209,36,2516,1978,-8.1856,8.3654
4931,164.367,1209,35,2516,1978,-7.3495,5.4496
4932,164.400,1209,34,2517,1979,-5.9484,5.1196
4933,164.433,1209,33,2517,1980,-7.2511,6.8657
4934,164.467,1210,32,2517,1980,-10.0644,9.0764
4935,164.500,1210,33,2517,1980,-8.8656,6.7690
4936,164.533,1210,32,2518,1981,-10.0091,5.7630
4937,164.567,1210,32,2517,1981,-9.4836,10.6243
4938,164.600,1210,34,2517,1981,-7.8516,7.0028
4939,164.633,1211,34,2517,1983,-8.7303,6.5308
4940,164.667,1211,35,2517,1984,-7.7611,6.0393
4941,164.700,1211,34,2517,1984,-6.9823,5.6242
4942,164.733,1212,36,2516,1984,-8.0551,5.3264
4943,164.767,1212,34,2517,1984,-9.3287,6.3112
4944,164.800,1212,32,2516,1983,-7.5875,9.8695
4945,164.833,1211,30,2516,1983,-8.1983,8.9553
4946,164.867,1209,29,2515,1981,-9.3198,4.9588
4947,164.900,1207,28,2516,1981,-8.6679,9.8920
4948,164.933,1205,31,2514,1981,-6.8020,5.8314
4949,164.967,1204,29,2515,1980,-7.5394,9.5349
4950,165.000,1207,32,2512,1980,-7.7507,7.6191
4951,165.033,1207,32,2512,1980,-7.8289,7.8749
4952,165.067,1207,33,2512,1980,-7.0860,6.7032
4953,165.100,1207,31,2512,1980,-10.8780,4.9268
4954,165.133,1207,30,2512,1980,-11.2330,6.5676
4955,165.167,1207,27,2513,1981,-10.0374,4.7641
4956,165.200,1206,28,2513,1982,-11.7313,5.5697
4957,165.233,1206,26,2513,1982,-9.4037,4.8430
4958,165.267,1207,25,2514,1983,-9.1375,7.6253
4959,165.300,1206,24,2514,1982,-7.8474,8.1954
4960,165.333,1206,25,2515,1982,-11.1594,6.9370
4961,165.367,1207,26,2515,1982,-10.7627,7.3648
4962,165.400,1208,26,2516,1983,-7.3659,9.4918
4963,165.433,1209,28,2516,1984,-7.6120,8.5899
4964,165.467,1209,28,2516,1985,-7.8197,8.4656
4965,165.500,1209,27,2516,1985,-8.7679,8.2848
4966,165.533,1209,28,2516,1985,-8.1989,7.9350
4967,165.567,1198,92,2499,1956,-9.1458,8.2486
4968,165.600,1198,93,2500,1957,-9.0277,6.2202
4969,165.633,1197,93,2500,1958,-9.1743,8.2734
4970,165.667,1196,95,2499,1959,-11.0260,9.9917
4971,165.700,1196,96,2500,1960,-10.2549,9.0582
4972,165.733,1196,97,2500,1960,-10.5829,9.1323
4973,165.767,1196,98,2498,1960,-12.1475,11.2040
4974,165.800,1196,99,2498,1961,-12.8160,11.5799
4975,165.833,1194,100,2498,1962,-13.0738,8.5494
4976,165.867,1194,101,2498,1962,-12.1842,9.4224
4977,165.900,1195,100,2498,1962,-12.0797,8.0092
4978,165.933,1195,103,2499,1962,-10.6897,10.3473
4979,165.967,1195,104,2499,1962,-10.9104,11.2957
4980,166.000,1191,96,2498,1960,-8.6886,12.7210
4981,166.033,1190,92,2500,1960,-10.1317,8.4872
4982,166.067,1192,91,2498,1959,-8.1559,10.3160
4983,166.100,1191,92,2498,1960,-6.9729,11.5414
4984,166.133,1192,94,2498,1961,-5.4894,13.9241
4985,166.167,1191,100,2501,1956,-9.6277,12.0594
4986,166.200,1190,102,2504,1960,-11.7525,10.6777
4987,166.233,1191,96,2492,1953,-6.4013,9.8087
4988,166.267,1192,102,2493,1952,-7.7549,8.6913
4989,166.300,1193,91,2495,1948,-4.7112,6.3667
4990,166.333,1194,11,2512,1977,1.8850,-2.2981
4991,166.367,1196,12,2513,1977,-0.2878,-3.5311
4992,166.400,1194,13,2511,1975,-1.0440,-3.2613
4993,166.433,1191,28,2498,1956,0.2793,-4.9333
4994,166.467,1196,38,2502,1953,-1.7433,0.9132
4995,166.500,1197,40,2502,1954,-2.3792,1.5904
4996,166.533,1198,40,2502,1954,-2.3108,2.8566
4997,166.567,1198,40,2501,1955,-3.9187,2.9908
4998,166.600,1199,41,2501,1955,-1.8468,3.7267
4999,166.633,1199,45,2501,1956,-4.8883,3.2626
5000,166.667,1200,48,2498,1957,-7.2890,2.5794
5001,166.700,1201,50,2497,1956,-5.1846,2.3573
5002,166.733,1203,49,2499,1961,-5.1357,2.6844
5003,166.767,1202,45,2497,1952,-6.0295,-3.1217
5004,166.800,1209,32,2516,1967,-8.1425,2.0544
5005,166.833,1208,41,2505,1949,-11.7089,0.7743
5006,166.867,1212,39,2512,1957,-7.7866,3.7872
5007,166.900,1206,37,2512,1951,-6.9622,4.1503
5008,166.933,1200,30,2512,1951,-8.5816,2.6686
5009,166.967,1201,30,2516,1953,-7.8298,2.0048
5010,167.000,1204,30,2517,1955,-6.6075,4.1224
5011,167.033,1205,19,2517,1938,-7.0760,4.1904
5012,167.067,1202,18,2521,1936,-7.0370,2.1360
5013,167.100,1202,17,2520,1935,-6.7250,1.7731
5014,167.133,1204,16,2520,1936,-6.5729,3.1491
5015,167.167,1205,15,2520,1935,-7.5672,4.0862
5016,167.200,1205,16,2519,1936,-6.7538,3.5765
5017,167.233,1204,16,2519,1935,-7.8445,3.8925
5018,167.267,1203,17,2518,1935,-6.8783,2.5345
5019,167.300,1202,16,2517,1935,-5.3646,3.8645
5020,167.333,1202,17,2518,1934,-7.1511,3.6650
5021,167.367,1207,18,2518,1930,-7.9151,0.6903
5022,167.400,1210,19,2516,1927,-6.3910,2.4856
5023,167.433,1212,21,2515,1925,-6.3237,3.1998
5024,167.467,1211,21,2515,1926,-6.0066,3.3571
5025,167.500,1209,20,2515,1926,-7.0704,1.7178
5026,167.533,1209,22,2514,1926,-6.3190,2.2764
5027,167.567,1208,25,2511,1922,-6.0701,6.2340
5028,167.600,1208,26,2512,1924,-6.0000,4.9500
5029,167.633,1206,23,2511,1925,-7.7959,3.6051
5030,167.667,1207,21,2508,1924,-9.5499,7.1536
5031,167.700,1207,17,2510,1930,-8.0696,8.5536
5032,167.733,1208,21,2510,1932,-8.0794,6.9522
5033,167.767,1207,14,2509,1931,-8.1279,6.9838
5034,167.800,1206,14,2510,1933,-9.3210,6.7715
5035,167.833,1205,4,2511,1933,-0.9611,-2.7844
5036,167.867,1191,0,2508,1938,6.4032,-3.1232
5037,167.900,1187,0,2506,1939,4.4730,-8.9889
5038,167.933,1192,0,2505,1937,6.3417,-7.4495
5039,167.967,1198,7,2508,1932,-1.0451,-0.5746
5040,168.000,1198,5,2516,1932,-0.4694,-4.0383
5041,168.033,1202,11,2518,1931,-0.5929,-0.5377
5042,168.067,1201,9,2519,1932,-0.4853,-0.2167
5043,168.100,1203,12,2518,1928,-1.1271,0.7802
5044,168.133,1205,12,2518,1927,-3.6664,4.7935
5045,168.167,1205,14,2518,1930,-4.9219,1.4388
5046,168.200,1205,17,2517,1930,-5.1238,2.0502
5047,168.233,1206,17,2517,1929,-7.4442,2.2608
5048,168.267,1206,19,2518,1932,-4.7412,2.8173
5049,168.300,1206,17,2521,1932,-3.2205,4.4503
5050,168.333,1205,17,2522,1933,-4.3438,0.8620
5051,168.367,1206,18,2521,1933,-3.2828,-0.4576
5052,168.400,1205,16,2521,1935,-4.8267,1.0346
5053,168.433,1201,12,2523,1947,-3.7221,1.1660
5054,168.467,1201,11,2522,1945,-4.9403,1.5807
5055,168.500,1200,13,2524,1948,-4.2574,1.2950
5056,168.533,1203,11,2525,1949,-4.4000,4.3655
5057,168.567,1203,11,2524,1951,-3.5237,2.4334
5058,168.600,1203,10,2525,1951,-3.7553,5.3683
5059,168.633,1204,11,2524,1951,-3.5734,4.6324
5060,168.667,1206,15,2523,1951,-2.5012,4.1263
5061,168.700,1206,16,2523,1950,-4.9795,0.6330
5062,168.733,1206,18,2523,1950,-4.1756,1.1262
5063,168.767,1206,16,2523,1950,-4.6207,1.0151
5064,168.800,1206,16,2523,1951,-3.1312,1.9383
5065,168.833,1206,13,2525,1953,-4.2671,1.1888
5066,168.867,1204,12,2524,1952,-3.5239,1.5092
5067,168.900,1205,13,2526,1955,-4.5529,1.8669
5068,168.933,1206,14,2526,1956,-5.4501,1.2116
5069,168.967,1205,17,2527,1957,-4.3795,0.8437
5070,169.000,1203,11,2523,1952,-4.7173,-0.1270
5071,169.033,1203,14,2523,1952,-4.7108,-3.0634
5072,169.067,1203,16,2522,1953,-3.9413,-1.8720
5073,169.100,1203,17,2522,1952,-4.8624,-2.5278
5074,169.133,1205,19,2521,1952,-6.1298,-0.1633
5075,169.167,1205,20,2520,1953,-7.0842,-1.5146
5076,169.200,1204,19,2521,1953,-4.8290,-0.8158
5077,169.233,1204,19,2520,1952,-5.5419,-0.1668
5078,169.267,1204,19,2520,1952,-5.7088,-0.0993
5079,169.300,1204,19,2520,1952,-5.4969,0.5468
5080,169.333,1205,20,2521,1952,-5.1229,-4.2497
5081,169.367,1204,19,2520,1953,-6.2709,-1.8421
5082,169.400,1204,20,2520,1953,-5.5536,-3.0432
5083,169.433,1205,20,2519,1952,-5.1958,0.4813
5084,169.467,1204,20,2519,1949,-2.9490,0.6617
5085,169.500,1204,22,2519,1949,-4.8725,-0.5435
5086,169.533,1202,20,2517,1947,-4.1871,0.6055
5087,169.567,1203,18,2519,1950,-2.4184,-0.6137
5088,169.600,1203,18,2518,1949,-1.8981,0.0123
5089,169.633,1203,18,2519,1949,-2.8228,-0.1646
5090,169.667,1204,19,2519,1949,-3.1014,-0.9180
5091,169.700,1205,17,2520,1944,-5.9172,-3.2464
5092,169.733,1205,15,2521,1943,-4.6317,-0.9279
5093,169.767,1204,17,2520,1944,-4.5600,-1.7620
5094,169.800,1203,16,2521,1945,-4.9677,-1.2617
5095,169.833,1202,13,2520,1944,-3.0845,0.3870
5096,169.867,1202,14,2520,1943,-4.3011,-0.6617
5097,169.900,1202,11,2520,1943,-2.2854,-2.7160
5098,169.933,1203,11,2521,1942,-2.7691,-1.6488
5099,169.967,1202,11,2520,1940,-2.8977,-0.4196
5100,170.000,1202,7,2522,1934,-5.4640,2.7130
5101,170.033,1201,8,2522,1936,-3.5427,1.7790
5102,170.067,1200,8,2523,1936,0.6445,0.7545
5103,170.100,1200,8,2522,1936,-4.0937,1.4731
5104,170.133,1200,10,2521,1938,-2.3365,2.2813
5105,170.167,1199,8,2522,1937,-2.4515,2.2648
5106,170.200,1200,8,2522,1937,-4.0586,0.2478
5107,170.233,1201,11,2523,1937,-4.2887,3.0336
5108,170.267,1201,11,2524,1940,-5.6888,2.8441
5109,170.300,1199,12,2524,1940,-4.0939,1.4169
5110,170.333,1198,12,2524,1940,-4.0236,1.4734
5111,170.367,1198,12,2524,1940,-3.8304,1.9599
5112,170.400,1196,11,2524,1940,-2.4264,0.8936
5113,170.433,1198,14,2526,1940,-5.0175,2.5279
5114,170.467,1197,13,2527,1941,-6.2105,3.6932
5115,170.500,1198,13,2527,1940,-4.3760,4.3825
5116,170.533,1197,14,2528,1943,-6.4631,4.9105
5117,170.567,1198,14,2528,1944,-3.4091,5.4654
5118,170.600,1199,14,2529,1945,-2.8085,6.5949
5119,170.633,1199,15,2529,1945,-3.0196,5.1918
5120,170.667,1200,16,2529,1945,-3.5025,5.0733
5121,170.700,1199,14,2528,1945,-2.2513,5.1412
5122,170.733,1199,14,2528,1946,-5.1748,3.8813
5123,170.767,1199,14,2527,1942,-1.6120,3.1297
5124,170.800,1199,11,2526,1942,-3.6561,1.2755
5125,170.833,1199,11,2526,1939,-1.5255,-0.3278
5126,170.867,1199,9,2525,1938,-2.9841,-2.2440
5127,170.900,1199,10,2526,1937,-4.1082,-0.4720
5128,170.933,1199,10,2526,1937,-3.7446,-0.7208
5129,170.967,1198,11,2525,1936,-3.1329,0.8306
5130,171.000,1197,21,2525,1940,-2.6449,-1.2666
5131,171.033,1197,21,2524,1940,-4.2648,-0.6542
5132,171.067,1198,20,2524,1941,-4.9572,-3.3067
5133,171.100,1197,18,2524,1940,-3.6337,-1.1056
5134,171.133,1197,16,2523,1940,-2.4500,-1.8326
5135,171.167,1199,16,2519,1934,-2.6965,-3.0744
5136,171.200,1198,16,2521,1936,-3.3442,-0.7131
5137,171.233,1197,17,2520,1936,-4.6440,-1.1806
5138,171.267,1198,20,2522,1939,-4.8976,0.1420
5139,171.300,1198,18,2522,1940,-4.4143,-0.5938
5140,171.333,1198,20,2523,1942,-5.7318,-2.6664
5141,171.367,1197,18,2522,1941,-5.6189,-0.1931
5142,171.400,1196,18,2522,1940,-5.7972,0.0051
5143,171.433,1191,14,2519,1936,-2.7626,-1.5273
5144,171.467,1193,13,2521,1932,-3.2089,-1.3963
5145,171.500,1191,13,2521,1933,-2.1537,-0.8312
5146,171.533,1189,10,2520,1937,-2.7287,-4.6440
5147,171.567,1187,12,2520,1944,-7.0375,-3.4712
5148,171.600,1190,15,2517,1928,-5.1396,-3.3782
5149,171.633,1182,21,2544,1938,-3.8568,-3.9917
5150,171.667,1182,21,2542,1941,-1.1048,-2.5613
5151,171.700,1182,1,2519,1926,-1.1368,-6.8588
5152,171.733,1181,20,2533,1920,-4.9270,-6.8362
5153,171.767,1180,17,2539,1949,-6.0178,-6.4689
5154,171.800,1186,26,2539,1952,-6.7354,-2.7884
5155,171.833,1187,36,2539,1960,-2.9839,0.9438
5156,171.867,1189,38,2535,1949,-3.0605,1.5581
5157,171.900,1183,40,2536,1955,-2.8568,0.5780
5158,171.933,1186,38,2538,1955,-2.8792,-0.8272
5159,171.967,1188,33,2542,1961,-2.5335,1.6014
5160,172.000,1194,26,2546,1979,-5.6229,-1.9322
5161,172.033,1188,26,2549,1979,1.2477,-0.6688
5162,172.067,1190,26,2550,1978,-0.7574,-2.4447
5163,172.100,1191,25,2551,1981,-0.7586,-4.4748
5164,172.133,1192,23,2555,1978,-2.0857,-0.6102
5165,172.167,1191,23,2557,1978,-4.4827,2.9179
5166,172.200,1191,25,2552,1965,-4.1774,1.6234
5167,172.233,1192,23,2549,1972,-3.7788,-2.7159
5168,172.267,1189,23,2550,1991,-4.5155,0.8301
5169,172.300,1182,22,2555,2001,-7.3806,3.5961
5170,172.333,1195,17,2547,1990,-3.9396,0.8095
5171,172.367,1192,23,2542,1992,-6.7261,0.0322
5172,172.400,1206,18,2544,2004,-3.9822,2.2398
5173,172.433,1210,21,2538,2000,-5.5720,1.9647
5174,172.467,1206,19,2539,2002,-3.8663,1.2433
5175,172.500,1201,16,2520,1971,-5.6312,-1.9783
5176,172.533,1206,13,2536,1976,-4.3123,-0.4960
5177,172.567,1199,14,2520,1953,-2.8566,0.8227
5178,172.600,1205,21,2539,1966,-3.5296,-0.6839
5179,172.633,1201,19,2540,1980,-4.6691,1.8372
5180,172.667,1192,11,2514,1963,-9.1807,2.3639
5181,172.700,1194,22,2540,1959,-0.0787,0.3213
5182,172.733,1187,7,2516,1951,-6.6672,-1.6713
5183,172.767,1192,22,2536,1964,-5.4721,0.5060
5184,172.800,1186,0,2527,1951,-7.2479,-0.5799
5185,172.833,1186,0,2531,1947,-3.8435,0.1734
5186,172.867,1183,1,2521,1931,-4.9826,-1.1769
5187,172.900,1184,16,2501,1890,-6.3351,0.7181
5188,172.933,1186,15,2499,1886,-6.7572,0.8446
5189,172.967,1188,17,2502,1892,-4.1402,1.6693
5190,173.000,1192,17,2508,1925,-6.6744,-0.0168
5191,173.033,1193,38,2526,1966,-5.2544,-4.5668
5192,173.067,1194,30,2530,1977,-6.0844,-3.4958
5193,173.100,1196,34,2531,1971,-8.0115,-0.3244
5194,173.133,1196,36,2533,1976,-6.6506,0.1137
5195,173.167,1200,31,2536,1978,-5.6259,-1.5794
5196,173.200,1202,35,2534,1980,-7.3347,-3.7527
5197,173.233,1201,33,2533,1982,-7.1327,-3.1556
5198,173.267,1200,26,2534,1995,-5.9126,-3.8585
5199,173.300,1196,24,2542,1984,-5.8473,-3.9047
5200,173.333,1192,29,2536,1976,-6.0557,-3.5957
5201,173.367,1194,27,2537,1967,-4.6175,-1.5424
5202,173.400,1195,27,2538,1966,-4.3920,1.9132
5203,173.433,1192,27,2537,1969,-2.9660,0.3248
5204,173.467,1195,25,2536,1972,-3.2747,-4.6429
5205,173.500,1192,31,2536,1979,-4.7771,-1.4794
5206,173.533,1200,19,2543,1988,-1.2083,-3.1012
5207,173.567,1198,19,2542,1974,0.4878,-2.3889
5208,173.600,1199,22,2540,1979,0.3995,-3.0458
5209,173.633,1199,21,2538,1978,1.8071,-4.8954
5210,173.667,1194,28,2538,1981,2.9014,-1.0533
5211,173.700,1193,28,2538,1978,3.9976,-3.4220
5212,173.733,1202,44,2527,1964,0.1977,-1.5145
5213,173.767,1209,36,2530,1968,-2.4324,-4.2454
5214,173.800,1203,38,2528,1965,0.8400,-3.1385
5215,173.833,1198,30,2545,1967,-0.9319,1.5445
5216,173.867,1184,74,2530,1947,-1.3650,-1.9807
5217,173.900,1191,23,2552,1968,-0.0386,-0.3132
5218,173.933,1194,20,2533,1956,4.5471,0.1773
5219,173.967,1194,21,2533,1947,7.5238,1.7792
5220,174.000,1197,25,2534,1943,8.1240,-5.0274
5221,174.033,1198,23,2530,1940,6.3730,1.1535
5222,174.067,1198,24,2531,1943,6.6029,2.0907
5223,174.100,1202,17,2554,1966,3.1307,-3.0965
5224,174.133,1200,21,2535,1958,8.5071,0.6435
5225,174.167,1202,25,2532,1961,8.1571,0.6404
5226,174.200,1204,23,2531,1956,7.3703,-2.3547
5227,174.233,1203,22,2530,1957,5.6796,0.0714
5228,174.267,1202,22,2528,1957,4.6638,0.0282
5229,174.300,1201,20,2529,1957,6.0996,1.0662
5230,174.333,1200,20,2530,1959,4.6370,0.0352
5231,174.367,1200,22,2531,1960,8.8876,-2.7085
5232,174.400,1199,20,2531,1958,7.2431,0.3728
5233,174.433,1200,19,2531,1955,6.2094,1.1451
5234,174.467,1200,19,2532,1955,5.6839,1.6325
5235,174.500,1202,19,2532,1955,4.3226,2.6121
5236,174.533,1202,18,2533,1955,5.1782,-0.3556
5237,174.567,1202,18,2534,1953,6.8087,-0.9869
5238,174.600,1202,18,2534,1956,6.0325,-1.0999
5239,174.633,1201,19,2534,1955,6.6723,-2.3123
5240,174.667,1201,19,2534,1955,5.2499,-2.7951
5241,174.700,1201,16,2534,1951,6.6830,-0.9987
5242,174.733,1202,17,2536,1953,6.4178,-1.6675
5243,174.767,1203,16,2536,1950,4.7898,-2.4668
5244,174.800,1202,15,2535,1950,6.7179,0.6589
5245,174.833,1201,13,2535,1948,8.7512,1.8206
5246,174.867,1201,14,2536,1948,6.3066,0.3057
5247,174.900,1201,14,2534,1946,6.7688,1.9567
5248,174.933,1201,15,2535,1949,6.0024,-2.4299
5249,174.967,1201,15,2533,1948,7.5583,-0.6517
5250,175.000,1200,17,2529,1942,9.3844,-1.6166
5251,175.033,1200,17,2530,1944,7.8332,-1.7170
5252,175.067,1200,18,2530,1946,9.4450,-2.6438
5253,175.100,1200,18,2530,1946,9.2933,-3.2116
5254,175.133,1199,19,2530,1948,10.7719,-1.9435
5255,175.167,1199,19,2530,1948,10.7552,-2.3513
5256,175.200,1199,19,2530,1948,11.4171,-2.8991
5257,175.233,1199,18,2530,1948,12.5766,-2.8016
5258,175.267,1199,17,2530,1947,11.1515,-2.7694
5259,175.300,1199,18,2530,1948,11.6571,-3.2351
5260,175.333,1199,17,2530,1946,9.5025,0.8507
5261,175.367,1199,17,2530,1946,9.4745,0.7823
5262,175.400,1198,16,2529,1947,10.4096,0.2737
5263,175.433,1197,16,2527,1945,8.5086,0.2109
5264,175.467,1197,16,2527,1945,8.7273,-0.2725
5265,175.500,1196,16,2526,1946,8.6503,-0.2329
5266,175.533,1197,15,2525,1945,8.0502,4.0720
5267,175.567,1198,15,2525,1945,7.9323,4.4265
5268,175.600,1198,17,2524,1944,8.1970,3.5696
5269,175.633,1198,16,2524,1945,5.8187,4.0041
5270,175.667,1198,17,2524,1945,6.8352,2.8362
5271,175.700,1196,17,2524,1945,4.4781,1.8420
5272,175.733,1195,19,2524,1945,9.3231,1.4446
5273,175.767,1195,19,2524,1945,8.6536,1.6574
5274,175.800,1194,18,2523,1944,8.2971,-0.6696
5275,175.833,1193,19,2523,1946,7.5482,1.2591
5276,175.867,1193,20,2523,1946,8.1177,-2.5356
5277,175.900,1193,20,2523,1946,8.0404,-2.9280
5278,175.933,1195,22,2525,1948,11.2803,-5.0011
5279,175.967,1194,21,2524,1947,8.9566,-1.8939
5280,176.000,1200,21,2528,1946,8.2214,0.9697
5281,176.033,1201,22,2527,1947,8.8056,1.0634
5282,176.067,1201,22,2528,1947,7.7996,0.0346
5283,176.100,1201,23,2528,1947,7.9924,-3.3603
5284,176.133,1201,23,2528,1948,8.1210,-2.1554
5285,176.167,1199,22,2527,1947,8.8675,-2.7258
5286,176.200,1199,22,2527,1947,8.8781,-2.3041
5287,176.233,1199,24,2527,1949,9.0970,-1.2476
5288,176.267,1199,22,2527,1949,10.0798,-1.3608
5289,176.300,1196,19,2525,1949,9.8699,0.3597
5290,176.333,1196,19,2525,1950,10.0333,0.3187
5291,176.367,1195,19,2525,1951,11.5251,-1.5169
5292,176.400,1196,18,2524,1951,10.2779,-0.2209
5293,176.433,1195,19,2523,1951,11.6519,0.3317
5294,176.467,1195,18,2520,1949,8.8479,-4.1880
5295,176.500,1189,0,2519,1953,8.5556,-11.2949
5296,176.533,1185,0,2510,1954,6.6086,-11.7848
5297,176.567,1187,0,2512,1956,8.1348,-12.5206
5298,176.600,1190,0,2512,1950,15.2749,-6.9981
5299,176.633,1188,0,2515,1948,14.4459,-4.6196
5300,176.667,1187,7,2515,1946,18.0740,-1.0583
5301,176.700,1188,12,2517,1946,18.0189,-3.3581
5302,176.733,1190,16,2518,1946,17.3074,-4.8832
5303,176.767,1190,18,2519,1946,18.6655,-4.5237
5304,176.800,1192,21,2521,1948,18.5235,-5.3446
5305,176.833,1193,21,2521,1948,18.8832,-5.0984
5306,176.867,1195,22,2522,1949,19.7051,-6.1932
5307,176.900,1193,25,2520,1949,18.3913,-4.8021
5308,176.933,1194,26,2520,1949,18.6676,-5.6112
5309,176.967,1192,28,2518,1952,20.0846,-3.5255
5310,177.000,1192,22,2519,1943,20.5376,-5.5315
5311,177.033,1193,21,2521,1944,18.7905,-3.6543
5312,177.067,1192,20,2521,1945,19.2472,-2.0027
5313,177.100,1192,20,2522,1945,18.8407,-1.6942
5314,177.133,1193,23,2523,1945,15.9226,-3.2022
5315,177.167,1194,22,2522,1943,17.6031,-2.0344
5316,177.200,1194,20,2522,1943,18.8484,-1.9726
5317,177.233,1195,21,2522,1942,18.7050,-1.9675
5318,177.267,1195,22,2521,1939,17.6186,-1.6100
5319,177.300,1195,23,2521,1941,19.3256,-2.8907
5320,177.333,1195,24,2521,1940,19.6010,-2.4675
5321,177.367,1194,23,2521,1940,18.2359,-2.8631
5322,177.400,1194,23,2521,1940,18.7871,-1.5576
5323,177.433,1193,22,2519,1939,16.6194,-2.1592
5324,177.467,1193,22,2517,1940,20.1899,-2.8200
5325,177.500,1193,21,2517,1940,21.1965,-2.2170
5326,177.533,1194,19,2517,1940,22.4745,-2.2494
5327,177.567,1194,20,2517,1940,20.6957,-3.5014
5328,177.600,1194,20,2517,1939,19.6555,-2.7979
5329,177.633,1193,18,2516,1940,20.5095,-4.0715
5330,177.667,1194,18,2517,1941,22.5253,-0.7016
5331,177.700,1192,18,2516,1941,23.3461,-4.4643
5332,177.733,1192,19,2516,1941,20.9805,-4.4761
5333,177.767,1192,17,2516,1939,22.4044,-2.2313
5334,177.800,1190,18,2515,1940,21.3746,-3.4203
5335,177.833,1187,18,2514,1940,24.5407,-6.2112
5336,177.867,1186,21,2513,1940,20.8051,-5.3141
5337,177.900,1187,19,2514,1938,19.8145,-6.1389
5338,177.933,1188,18,2517,1942,21.6750,-3.7132
5339,177.967,1189,19,2519,1945,18.3196,-3.2547
5340,178.000,1187,17,2519,1951,18.8040,-3.7652
5341,178.033,1185,16,2517,1949,18.8497,-2.5702
5342,178.067,1184,20,2516,1950,19.0319,-3.4060
5343,178.100,1187,21,2517,1949,18.6023,-0.6569
5344,178.133,1189,21,2520,1945,19.3510,-3.6106
5345,178.167,1189,20,2520,1946,20.0494,-3.3124
5346,178.200,1189,20,2519,1945,19.9912,-3.3190
5347,178.233,1188,19,2519,1946,19.0097,-2.0765
5348,178.267,1189,19,2520,1948,16.1168,-1.4671
5349,178.300,1190,15,2521,1948,15.8885,-2.6628
5350,178.333,1196,20,2524,1944,20.1634,-4.2905
5351,178.367,1195,16,2524,1944,20.9272,-4.5252
5352,178.400,1181,0,2509,1948,9.1845,-8.9317
5353,178.433,1182,0,2510,1947,8.7104,-16.5944
5354,178.467,1186,0,2512,1942,13.5641,-12.7859
5355,178.500,1183,0,2512,1945,13.6923,-12.8915
5356,178.533,1183,0,2510,1945,13.8020,-7.9320
5357,178.567,1184,0,2514,1944,18.7128,-12.1317
5358,178.600,1187,0,2517,1938,21.7502,-10.4745
5359,178.633,1192,7,2521,1937,14.8152,-7.0505
5360,178.667,1192,8,2524,1936,16.9670,-5.7443
5361,178.700,1191,13,2525,1938,17.1883,-4.7424
5362,178.733,1192,16,2524,1939,19.0316,-2.7706
5363,178.767,1192,17,2525,1941,16.1841,-4.7726
5364,178.800,1193,11,2525,1938,19.0439,-5.0846
5365,178.833,1191,9,2525,1938,20.1611,-3.2686
5366,178.867,1189,8,2525,1938,21.3536,-4.2948
5367,178.900,1189,8,2525,1938,20.0797,-3.1496
5368,178.933,1190,8,2526,1939,19.8861,-3.5927
5369,178.967,1190,8,2527,1940,19.4873,-3.6795
5370,179.000,1192,9,2524,1939,21.3420,-3.5087
5371,179.033,1193,6,2522,1940,24.0963,-6.4230
5372,179.067,1193,6,2521,1939,21.0174,-6.7120
5373,179.100,1193,6,2522,1941,22.0094,-7.4601
5374,179.133,1199,13,2522,1945,21.6297,-3.9323
5375,179.167,1198,11,2521,1945,20.4404,-4.2580
5376,179.200,1198,11,2522,1944,20.9384,-5.0517
5377,179.233,1199,11,2521,1945,20.9420,-5.7662
5378,179.267,1199,12,2523,1947,19.3104,-4.2133
5379,179.300,1199,12,2522,1946,20.9171,-3.7549
5380,179.333,1200,12,2523,1947,20.8945,-3.9848
5381,179.367,1200,13,2523,1947,19.0839,-3.0378
5382,179.400,1200,12,2524,1947,20.4773,-3.1820
5383,179.433,1200,9,2523,1948,20.4947,-9.1837
5384,179.467,1199,11,2523,1947,19.7141,-2.7117
5385,179.500,1199,10,2523,1948,18.9936,-2.8575
5386,179.533,1200,12,2523,1948,19.3085,-2.3967
5387,179.567,1200,13,2522,1944,18.0729,-1.8600
5388,179.600,1199,13,2522,1944,18.1853,-2.3012
5389,179.633,1200,14,2523,1945,19.0662,-4.3646
5390,179.667,1199,13,2524,1946,18.6404,-3.0811
5391,179.700,1197,14,2523,1943,19.3240,-2.6710
5392,179.733,1196,13,2521,1942,18.2987,-4.4490
5393,179.767,1197,14,2521,1942,20.2746,-2.3457
5394,179.800,1195,15,2519,1941,17.5795,-1.6679
5395,179.833,1198,14,2520,1942,19.3940,-4.3448
5396,179.867,1200,11,2520,1942,18.8494,-6.7619
5397,179.900,1201,11,2521,1942,16.9443,-6.2384
5398,179.933,1200,12,2522,1942,17.4556,-5.0437
5399,179.967,1200,10,2522,1943,19.4609,-7.8632
5400,180.000,1210,16,2535,1948,18.7586,-4.3207
5401,180.033,1211,16,2535,1947,19.4703,-5.0191
5402,180.067,1210,17,2535,1948,18.4112,-5.9979
5403,180.100,1211,16,2535,1947,19.2820,-4.9674
5404,180.133,1211,15,2534,1949,16.3394,-6.8486
5405,180.167,1210,10,2536,1953,17.4388,-5.9313
5406,180.200,1211,9,2537,1953,16.8018,-5.9609
5407,180.233,1210,8,2536,1953,17.8776,-7.8210
5408,180.267,1212,9,2539,1957,17.6992,-5.8118
5409,180.300,1212,10,2538,1958,19.0563,-6.7002
5410,180.333,1212,10,2538,1959,18.3923,-5.0638
5411,180.367,1212,10,2537,1958,17.8281,-5.0897
5412,180.400,1211,12,2538,1960,17.4132,-6.3958
5413,180.433,1211,13,2538,1961,16.9471,-3.7750
5414,180.467,1211,11,2539,1962,19.5680,-5.4886
5415,180.500,1210,11,2539,1962,17.4370,-5.7428
5416,180.533,1210,13,2538,1961,17.1899,-3.2017
5417,180.567,1210,14,2538,1963,16.0662,-2.5429
5418,180.600,1210,18,2540,1962,15.8166,-1.4955
5419,180.633,1208,21,2539,1962,14.5020,-3.9863
5420,180.667,1206,20,2541,1963,13.7098,2.1045
5421,180.700,1196,26,2525,1952,15.6657,-0.0736
5422,180.733,1196,25,2526,1951,16.2359,-1.0909
5423,180.767,1196,25,2526,1951,15.6378,-1.1605
5424,180.800,1207,22,2543,1960,12.9861,-2.1076
5425,180.833,1193,23,2526,1951,15.0595,-0.6046
5426,180.867,1193,20,2527,1953,14.9204,1.1443
5427,180.900,1193,20,2527,1953,14.9690,1.7618
5428,180.933,1194,21,2526,1952,13.7542,2.1174
5429,180.967,1194,23,2526,1953,14.7431,1.4144
5430,181.000,1192,26,2528,1955,14.2319,2.3783
5431,181.033,1193,25,2528,1954,12.8102,2.7747
5432,181.067,1194,24,2527,1953,14.2508,5.1378
5433,181.100,1194,25,2528,1954,12.5424,2.5810
5434,181.133,1195,27,2528,1956,13.1797,6.3880
5435,181.167,1196,23,2530,1959,15.6503,1.9177
5436,181.200,1196,25,2530,1959,12.4809,1.5953
5437,181.233,1197,23,2530,1957,20.5387,0.7899
5438,181.267,1199,23,2532,1957,18.0828,2.3601
5439,181.300,1199,22,2532,1957,15.5608,2.4831
5440,181.333,1199,21,2532,1956,16.7817,3.3808
5441,181.367,1199,22,2532,1956,16.9625,3.0724
5442,181.400,1198,22,2531,1956,18.7772,3.4867
5443,181.433,1198,22,2530,1954,18.0235,2.6919
5444,181.467,1197,21,2530,1953,17.0201,0.8586
5445,181.500,1197,21,2528,1953,18.8135,4.7305
5446,181.533,1199,25,2530,1959,17.0806,4.6650
5447,181.567,1200,26,2529,1959,16.3412,3.5332
5448,181.600,1200,27,2529,1959,17.2907,3.9414
5449,181.633,1200,26,2529,1959,16.3846,3.9314
5450,181.667,1200,27,2529,1958,17.2458,8.3949
5451,181.700,1201,27,2530,1959,16.9312,3.7042
5452,181.733,1201,26,2530,1960,17.4035,4.2056
5453,181.767,1202,26,2530,1959,22.0263,5.3236
5454,181.800,1202,25,2530,1960,21.5313,4.7486
5455,181.833,1203,27,2529,1958,22.1737,4.8741
5456,181.867,1203,27,2530,1959,20.8430,7.1238
5457,181.900,1203,28,2529,1959,19.3177,5.9189
5458,181.933,1202,23,2528,1957,20.8743,1.3502
5459,181.967,1203,24,2528,1958,20.2021,3.1579
5460,182.000,1200,25,2526,1960,18.0733,2.9465
5461,182.033,1200,26,2526,1960,18.9061,4.0167
5462,182.067,1200,26,2526,1960,18.7140,3.7150
5463,182.100,1201,26,2527,1959,16.7926,2.3455
5464,182.133,1202,25,2526,1960,18.5516,2.6675
5465,182.167,1200,25,2526,1959,18.5641,1.1443
5466,182.200,1199,26,2526,1960,15.9719,5.4247
5467,182.233,1200,26,2527,1960,16.1360,4.8672
5468,182.267,1200,25,2527,1958,17.3766,3.6307
5469,182.300,1199,27,2526,1957,16.7029,3.9353
5470,182.333,1200,28,2526,1958,17.6752,2.1215
5471,182.367,1200,28,2526,1957,17.6476,0.7096
5472,182.400,1199,31,2526,1958,18.1697,-0.1053
5473,182.433,1199,31,2526,1957,19.0544,1.7979
5474,182.467,1199,31,2525,1957,18.1568,1.7181
5475,182.500,1200,31,2526,1957,19.6049,2.1025
5476,182.533,1200,31,2528,1958,18.9155,1.2106
5477,182.567,1197,30,2528,1957,20.3062,3.2242
5478,182.600,1197,31,2529,1956,19.8443,2.4818
5479,182.633,1198,30,2528,1956,18.4557,3.2793
5480,182.667,1199,29,2527,1954,18.6963,2.4540
5481,182.700,1197,27,2526,1955,17.7661,3.8864
5482,182.733,1198,27,2527,1957,16.2535,5.3500
5483,182.767,1198,27,2526,1956,16.9403,5.7925
5484,182.800,1198,27,2527,1958,17.8893,5.7867
5485,182.833,1198,26,2526,1956,18.6429,7.4053
5486,182.867,1198,26,2526,1955,18.4504,8.5191
5487,182.900,1198,27,2525,1954,17.0609,7.4408
5488,182.933,1198,25,2525,1954,18.4179,4.6866
5489,182.967,1198,27,2525,1953,16.6929,7.8477
5490,183.000,1201,32,2526,1950,19.4029,1.0909
5491,183.033,1203,33,2526,1949,19.9372,0.5018
5492,183.067,1204,33,2526,1949,21.7654,0.6306
5493,183.100,1204,32,2527,1948,21.1983,1.2964
5494,183.133,1206,31,2528,1949,20.9475,2.6643
5495,183.167,1205,32,2527,1948,19.2126,3.6418
5496,183.200,1204,30,2527,1946,21.6632,3.6885
5497,183.233,1204,29,2527,1948,19.2860,3.4355
5498,183.267,1202,26,2527,1954,18.9989,1.2799
5499,183.300,1201,26,2528,1952,19.2017,2.5907
5500,183.333,1201,26,2528,1952,19.3058,2.7981
5501,183.367,1201,25,2527,1952,19.8763,1.6332
5502,183.400,1201,25,2528,1952,21.2399,2.1853
5503,183.433,1203,25,2528,1953,19.0934,6.5793
5504,183.467,1203,26,2527,1955,18.2653,3.4245
5505,183.500,1203,24,2527,1954,19.0281,5.0414
5506,183.533,1203,14,2527,1951,19.6823,-3.8764
5507,183.567,1189,0,2515,1950,16.2982,-3.9193
5508,183.600,1192,0,2518,1950,11.0928,-4.7540
5509,183.633,1208,0,2520,1951,22.0326,-0.4671
5510,183.667,1207,12,2527,1950,21.4487,2.5084
5511,183.700,1208,12,2527,1948,22.5412,0.9676
5512,183.733,1212,16,2527,1950,22.9574,6.2452
5513,183.767,1212,20,2527,1950,22.2523,4.1052
5514,183.800,1212,21,2529,1951,22.7806,4.0640
5515,183.833,1212,20,2529,1953,21.2148,5.3699
5516,183.867,1211,19,2528,1952,21.0758,5.8675
5517,183.900,1213,21,2529,1953,22.6331,7.8974
5518,183.933,1213,23,2529,1953,23.1569,7.4398
5519,183.967,1211,20,2528,1952,20.7227,6.9483
5520,184.000,1209,15,2526,1947,19.6637,5.0860
5521,184.033,1208,14,2526,1946,21.8366,1.5642
5522,184.067,1208,14,2526,1946,21.7380,1.7802
5523,184.100,1208,14,2527,1946,22.8571,2.6893
5524,184.133,1210,18,2526,1947,24.6477,2.8981
5525,184.167,1210,19,2527,1949,22.4516,3.4945
5526,184.200,1212,20,2527,1950,22.9790,4.4280
5527,184.233,1212,21,2527,1949,20.9356,2.3687
5528,184.267,1214,21,2526,1949,21.6381,4.1451
5529,184.300,1214,20,2528,1951,22.2788,3.8221
5530,184.333,1214,19,2528,1951,20.1712,4.6073
5531,184.367,1215,20,2528,1950,21.0266,3.5846
5532,184.400,1215,20,2529,1952,21.5233,4.6542
5533,184.433,1226,18,2543,1953,18.5125,6.4084
5534,184.467,1229,19,2544,1951,16.7807,3.0724
5535,184.500,1228,18,2544,1950,16.1930,4.0368
5536,184.533,1229,21,2543,1949,19.0204,5.9420
5537,184.567,1219,24,2527,1948,19.1994,6.3800
5538,184.600,1218,24,2527,1947,19.9513,5.9335
5539,184.633,1219,25,2527,1947,20.1003,5.5800
5540,184.667,1218,25,2525,1946,19.6055,4.4606
5541,184.700,1218,23,2525,1946,20.1496,1.9163
5542,184.733,1218,23,2527,1947,20.5565,4.3262
5543,184.767,1218,22,2526,1947,18.6353,1.9084
5544,184.800,1218,22,2526,1946,20.3840,1.8853
5545,184.833,1218,21,2525,1945,17.9798,3.3275
5546,184.867,1218,21,2525,1945,17.8171,3.4290
5547,184.900,1218,21,2525,1946,18.0350,4.4615
5548,184.933,1217,20,2526,1946,17.7692,2.6937
5549,184.967,1217,20,2526,1947,18.4518,4.0801
5550,185.000,1213,27,2523,1942,21.7316,6.2275
5551,185.033,1211,23,2512,1942,19.6042,6.0059
5552,185.067,1208,20,2516,1947,19.1284,4.3224
5553,185.100,1205,19,2514,1944,18.6804,8.1918
5554,185.133,1203,17,2514,1944,18.5841,9.3035
5555,185.167,1200,13,2512,1941,20.9140,5.1867
5556,185.200,1199,12,2513,1941,16.8506,5.1807
5557,185.233,1197,8,2515,1943,19.7479,2.6626
5558,185.267,1196,13,2511,1943,16.6127,5.0757
5559,185.300,1195,12,2508,1943,20.2842,6.9873
5560,185.333,1195,10,2508,1944,17.8372,2.6323
5561,185.367,1196,10,2510,1944,17.4117,1.7377
5562,185.400,1196,12,2510,1943,19.1082,3.8786
5563,185.433,1200,18,2510,1943,14.7603,9.1461
5564,185.467,1200,21,2511,1944,17.4057,5.1172
5565,185.500,1201,22,2512,1945,18.7363,5.9534
5566,185.533,1201,24,2513,1948,14.2873,7.3884
5567,185.567,1200,23,2512,1949,16.2981,7.2269
5568,185.600,1201,25,2513,1949,13.6550,4.6851
5569,185.633,1201,24,2513,1948,15.8132,7.1878
5570,185.667,1201,21,2513,1950,19.5919,9.1310
5571,185.700,1202,20,2511,1948,13.2960,7.5955
5572,185.733,1202,20,2511,1947,12.9554,7.5448
5573,185.767,1201,18,2511,1948,15.5457,7.4624
5574,185.800,1202,19,2511,1947,15.4032,7.3169
5575,185.833,1200,18,2514,1951,15.6036,6.6376
5576,185.867,1199,18,2514,1951,20.2753,6.7056
5577,185.900,1199,18,2514,1952,20.2930,7.2205
5578,185.933,1199,19,2514,1948,17.8032,7.7371
5579,185.967,1199,20,2514,1949,19.1778,7.2422
5580,186.000,1197,19,2513,1946,18.7413,4.4718
5581,186.033,1197,18,2513,1945,18.6939,6.1584
5582,186.067,1197,18,2513,1945,18.7558,6.6096
5583,186.100,1197,19,2513,1945,19.7297,4.6389
5584,186.133,1198,16,2514,1943,18.2534,8.1276
5585,186.167,1201,18,2513,1944,17.7988,9.0624
5586,186.200,1202,19,2515,1946,15.9021,8.9529
5587,186.233,1202,19,2515,1946,16.0150,9.1445
5588,186.267,1203,18,2515,1945,18.0942,7.6987
5589,186.300,1202,17,2516,1946,15.9437,6.9671
5590,186.333,1202,17,2516,1946,15.8835,6.9943
5591,186.367,1202,18,2516,1945,15.8801,6.5608
5592,186.400,1200,17,2516,1946,16.1732,8.9103
5593,186.433,1199,20,2516,1946,18.0741,5.5078
5594,186.467,1199,19,2515,1946,16.3345,6.0193
5595,186.500,1198,18,2515,1947,17.5740,6.6167
5596,186.533,1197,16,2515,1944,16.0513,7.7804
5597,186.567,1198,15,2515,1944,14.5821,7.8330
5598,186.600,1198,14,2516,1945,14.5632,8.0605
5599,186.633,1199,14,2516,1945,14.2989,7.4288
5600,186.667,1199,12,2516,1946,14.6740,8.6858
5601,186.700,1199,13,2516,1944,14.3686,7.3057
5602,186.733,1199,13,2516,1944,14.3407,7.2975
5603,186.767,1199,13,2516,1943,14.5918,8.0203
5604,186.800,1200,11,2517,1944,17.1614,5.5037
5605,186.833,1200,12,2516,1941,16.8246,6.3689
5606,186.867,1200,11,2516,1940,17.3987,4.3523
5607,186.900,1200,12,2516,1941,16.5743,5.9919
5608,186.933,1199,14,2516,1938,16.3976,8.9000
5609,186.967,1199,13,2516,1936,15.7043,7.6042
5610,187.000,1198,5,2519,1940,18.1181,6.0512
5611,187.033,1199,5,2519,1939,15.9468,7.9794
5612,187.067,1199,5,2518,1939,16.9018,5.6620
5613,187.100,1200,6,2517,1939,18.4491,6.5007
5614,187.133,1201,7,2517,1940,17.5576,7.1400
5615,187.167,1201,7,2517,1941,19.0069,7.4049
5616,187.200,1201,6,2517,1940,19.1252,8.2956
5617,187.233,1202,6,2517,1943,19.4822,7.3524
5618,187.267,1202,4,2515,1944,18.8647,4.4352
5619,187.300,1203,5,2516,1943,20.5280,4.7256
5620,187.333,1203,5,2516,1943,20.4289,4.5324
5621,187.367,1203,5,2516,1943,20.5195,4.6039
5622,187.400,1203,5,2515,1942,19.1400,6.4470
5623,187.433,1203,5,2516,1941,19.9411,5.9297
5624,187.467,1204,5,2517,1942,17.4574,5.3646
5625,187.500,1204,6,2517,1940,17.9859,5.8515
5626,187.533,1205,5,2517,1939,19.9469,7.6406
5627,187.567,1205,2,2519,1937,18.0195,5.3467
5628,187.600,1205,2,2519,1937,16.5828,6.1218
5629,187.633,1203,4,2518,1935,11.9270,9.9177
5630,187.667,1203,0,2519,1940,13.1271,10.1443
5631,187.700,1204,0,2519,1937,11.9360,7.2637
5632,187.733,1204,0,2519,1936,11.0740,8.6032
5633,187.767,1204,0,2518,1936,12.8400,7.9992
5634,187.800,1203,0,2518,1933,13.2432,8.7114
5635,187.833,1203,0,2518,1935,11.5805,7.7353
5636,187.867,1203,0,2518,1936,11.7034,6.8736
5637,187.900,1203,0,2516,1935,13.3055,8.4995
5638,187.933,1202,3,2518,1933,8.8806,7.0604
5639,187.967,1202,2,2517,1934,11.2894,5.9612
5640,188.000,1201,10,2515,1936,6.1051,9.1283
5641,188.033,1200,10,2516,1937,6.2769,8.8182
5642,188.067,1201,11,2516,1937,6.8508,10.0400
5643,188.100,1201,10,2516,1936,6.9395,7.7308
5644,188.133,1202,10,2515,1933,5.5055,6.1418
5645,188.167,1201,11,2514,1934,5.9195,10.3493
5646,188.200,1201,13,2513,1933,6.0149,10.9142
5647,188.233,1204,14,2513,1933,6.2332,10.0521
5648,188.267,1204,15,2512,1932,6.2301,8.5993
5649,188.300,1204,20,2514,1935,7.7923,5.2763
5650,188.333,1205,22,2512,1935,7.3214,5.6022
5651,188.367,1205,23,2514,1937,7.7115,8.1589
5652,188.400,1208,29,2515,1941,7.2902,2.4721
5653,188.433,1209,29,2516,1942,7.2834,5.4225
5654,188.467,1210,24,2518,1941,6.9982,11.6518
5655,188.500,1207,26,2519,1941,7.7908,5.5455
5656,188.533,1206,23,2518,1939,6.3235,9.5043
5657,188.567,1207,19,2518,1941,7.5405,9.8973
5658,188.600,1206,19,2518,1940,4.5176,8.2708
5659,188.633,1206,19,2519,1942,5.0945,10.4074
5660,188.667,1207,16,2519,1942,5.1939,10.6655
5661,188.700,1207,17,2518,1943,6.4844,11.6704
5662,188.733,1206,18,2518,1943,7.6597,11.8926
5663,188.767,1207,17,2518,1943,6.5183,11.7635
5664,188.800,1206,15,2517,1943,7.4226,10.6961
5665,188.833,1205,14,2518,1946,6.2386,10.1483
5666,188.867,1204,14,2518,1949,5.9242,12.0971
5667,188.900,1202,16,2518,1948,6.6390,13.2043
5668,188.933,1202,15,2519,1950,5.5004,12.5381
5669,188.967,1203,16,2518,1949,6.2155,12.0489
5670,189.000,1203,18,2514,1943,6.2601,10.1473
5671,189.033,1205,19,2513,1940,5.9248,10.0700
5672,189.067,1205,19,2513,1938,5.7458,9.8415
5673,189.100,1206,14,2513,1937,6.4236,7.0932
5674,189.133,1198,0,2516,1934,6.0139,-9.0920
5675,189.167,1195,0,2516,1936,5.6511,-9.1813
5676,189.200,1191,0,2513,1932,7.6785,-4.4562
5677,189.233,1211,0,2525,1940,7.0616,-0.1420
5678,189.267,1204,0,2510,1932,11.6495,7.1368
5679,189.300,1206,8,2511,1933,5.7119,6.7508
5680,189.333,1214,9,2528,1942,5.0028,7.1581
5681,189.367,1214,9,2529,1944,3.9369,5.7979
5682,189.400,1213,6,2529,1944,7.0367,7.1469
5683,189.433,1211,8,2529,1946,6.3024,8.1232
5684,189.467,1210,7,2530,1946,6.6800,7.7576
5685,189.500,1204,10,2512,1940,7.9707,9.5169
5686,189.533,1205,13,2513,1944,6.4568,9.6159
5687,189.567,1204,15,2514,1944,6.4853,7.7376
5688,189.600,1204,17,2516,1948,7.6565,7.7777
5689,189.633,1203,16,2517,1948,7.5795,7.2749
5690,189.667,1203,15,2518,1949,7.7713,4.6511
5691,189.700,1204,14,2519,1948,6.2329,5.1952
5692,189.733,1205,13,2520,1947,6.9111,5.5338
5693,189.767,1205,13,2520,1947,6.6762,5.6119
5694,189.800,1206,14,2520,1947,6.7458,8.9106
5695,189.833,1205,13,2521,1946,6.5123,7.5270
5696,189.867,1205,11,2520,1945,7.4934,9.3594
5697,189.900,1205,11,2520,1946,5.5802,8.9912
5698,189.933,1206,10,2521,1946,4.5254,8.1954
5699,189.967,1206,10,2521,1948,4.6425,8.1804
5700,190.000,1206,12,2518,1944,6.4394,6.7823
5701,190.033,1206,12,2518,1945,6.7420,8.3686
5702,190.067,1206,13,2518,1946,7.3049,9.1043
5703,190.100,1206,14,2518,1945,9.1532,9.9951
5704,190.133,1205,13,2518,1944,8.8095,10.8594
5705,190.167,1204,11,2520,1946,6.3989,10.7358
5706,190.200,1206,9,2520,1947,6.0621,11.6341
5707,190.233,1207,9,2521,1949,5.6972,10.2274
5708,190.267,1208,9,2521,1951,8.3778,11.1546
5709,190.300,1208,10,2520,1949,5.8088,10.6673
5710,190.333,1208,10,2520,1949,6.2322,10.8447
5711,190.367,1208,10,2520,1949,5.8884,10.9619
5712,190.400,1210,9,2519,1949,3.3196,9.0681
5713,190.433,1210,10,2518,1948,4.5342,8.6812
5714,190.467,1209,9,2517,1946,5.5825,10.1152
5715,190.500,1209,10,2517,1948,5.7656,9.9686
5716,190.533,1209,11,2517,1948,7.3301,7.8386
5717,190.567,1209,12,2517,1948,6.6446,9.2390
5718,190.600,1209,12,2518,1949,7.4067,9.2209
5719,190.633,1209,13,2518,1948,6.8134,10.3994
5720,190.667,1208,12,2519,1948,5.6707,10.2273
5721,190.700,1217,15,2535,1955,7.2612,12.1867
5722,190.733,1208,14,2519,1948,9.8846,12.2268
5723,190.767,1217,15,2535,1955,7.3883,12.1135
5724,190.800,1208,14,2519,1947,9.2289,11.7566
5725,190.833,1207,13,2519,1948,8.3026,9.8403
5726,190.867,1206,11,2519,1947,6.1103,9.3180
5727,190.900,1207,12,2519,1948,5.4764,10.9987
5728,190.933,1208,13,2519,1947,6.9703,11.1481
5729,190.967,1207,14,2521,1949,1.5823,10.3415
5730,191.000,1205,13,2520,1943,1.8618,6.2984
5731,191.033,1206,12,2521,1944,-2.2542,8.6689
5732,191.067,1205,12,2521,1945,-3.5075,6.2250
5733,191.100,1205,12,2521,1944,-4.7388,3.1522
5734,191.133,1207,13,2522,1945,-1.6856,6.0846
5735,191.167,1205,12,2522,1944,-4.4753,3.6610
5736,191.200,1205,13,2522,1944,-4.6647,3.5778
5737,191.233,1205,11,2524,1946,-7.3383,5.3904
5738,191.267,1206,11,2524,1946,-7.9235,4.7133
5739,191.300,1206,12,2524,1946,-7.0631,4.6175
5740,191.333,1207,12,2524,1944,-8.1025,6.4842
5741,191.367,1207,12,2524,1944,-8.0894,5.9767
5742,191.400,1208,13,2524,1945,-6.4434,5.8407
5743,191.433,1208,14,2525,1946,-6.5212,8.0120
5744,191.467,1208,14,2525,1946,-7.0115,8.1231
5745,191.500,1208,15,2524,1946,-5.3645,7.1259
5746,191.533,1208,14,2525,1946,-6.7790,8.2731
5747,191.567,1208,14,2525,1946,-6.8919,8.5655
5748,191.600,1207,13,2524,1945,-5.9603,9.1473
5749,191.633,1208,13,2524,1945,-7.2026,9.3353
5750,191.667,1208,13,2524,1945,-6.4980,8.8545
5751,191.700,1207,12,2525,1944,-7.2504,9.5815
5752,191.733,1207,10,2524,1945,-7.1238,10.1037
5753,191.767,1207,11,2524,1944,-6.6975,7.9151
5754,191.800,1207,11,2524,1943,-6.5577,7.7251
5755,191.833,1207,11,2524,1942,-6.2467,7.3261
5756,191.867,1207,12,2524,1942,-6.1839,6.6084
5757,191.900,1207,11,2524,1941,-5.2375,7.6739
5758,191.933,1206,11,2524,1941,-4.8546,4.9576
5759,191.967,1207,11,2524,1942,-6.3261,5.7320
5760,192.000,1206,10,2526,1945,-4.1444,7.7590
5761,192.033,1205,7,2528,1943,-5.0996,9.9005
5762,192.067,1204,6,2528,1942,-7.3114,8.3833
5763,192.100,1204,7,2527,1944,-6.3480,9.0149
5764,192.133,1204,7,2526,1942,-8.7633,5.6089
5765,192.167,1205,10,2525,1940,-7.2907,7.1769
5766,192.200,1205,9,2525,1940,-8.0307,5.3066
5767,192.233,1205,10,2525,1940,-7.2762,6.6763
5768,192.267,1205,12,2525,1940,-5.3880,6.9214
5769,192.300,1205,11,2525,1940,-6.1078,7.7420
5770,192.333,1205,11,2524,1939,-5.6950,7.7724
5771,192.367,1206,12,2524,1939,-7.4748,7.2948
5772,192.400,1206,12,2524,1940,-6.1145,6.9224
5773,192.433,1206,11,2523,1939,-8.0329,7.5736
5774,192.467,1206,10,2523,1940,-8.7876,4.8127
5775,192.500,1206,11,2523,1942,-7.8691,6.5199
5776,192.533,1205,10,2524,1942,-7.4616,6.5232
5777,192.567,1207,12,2525,1942,-8.4198,6.1044
5778,192.600,1206,10,2524,1940,-8.9226,4.7701
5779,192.633,1207,12,2524,1941,-8.0537,6.1690
5780,192.667,1207,13,2525,1941,-8.3804,6.3471
5781,192.700,1197,0,2520,1936,-3.0246,-5.3197
5782,192.733,1181,0,2515,1936,-4.6005,-12.5184
5783,192.767,1182,0,2516,1936,-3.5732,-11.9187
5784,192.800,1197,0,2519,1933,-5.7597,-1.7517
5785,192.833,1202,5,2521,1936,-5.4086,2.6354
5786,192.867,1205,9,2523,1936,-6.6763,0.8620
5787,192.900,1206,15,2526,1936,-5.0646,6.8108
5788,192.933,1204,13,2526,1933,-5.5872,6.8250
5789,192.967,1204,13,2526,1931,-6.3346,10.3341
5790,193.000,1207,23,2526,1937,-4.4380,1.3631
5791,193.033,1206,21,2525,1936,-5.8438,0.6453
5792,193.067,1205,21,2525,1938,-4.7071,4.6469
5793,193.100,1205,21,2525,1937,-5.5204,6.3546
5794,193.133,1205,18,2525,1937,-5.7365,1.4592
5795,193.167,1205,18,2524,1937,-5.3069,2.2719
5796,193.200,1204,18,2524,1936,-4.1397,2.7736
5797,193.233,1204,18,2524,1937,-4.5221,3.4008
5798,193.267,1205,18,2524,1936,-6.5861,3.3221
5799,193.300,1205,16,2524,1935,-5.7620,3.5246
5800,193.333,1205,16,2524,1935,-5.7129,3.4912
5801,193.367,1205,15,2524,1935,-5.7889,2.3994
5802,193.400,1205,15,2525,1936,-5.6806,4.2531
5803,193.433,1206,16,2526,1933,-5.1169,3.8135
5804,193.467,1207,16,2526,1933,-5.2240,4.2551
5805,193.500,1207,17,2526,1933,-4.2409,4.6022
5806,193.533,1206,18,2526,1933,-5.9760,1.9266
5807,193.567,1205,16,2526,1933,-3.8369,2.6289
5808,193.600,1205,16,2526,1933,-4.2201,3.1311
5809,193.633,1205,14,2525,1933,-7.8183,2.9887
5810,193.667,1204,13,2525,1932,-5.9157,1.7182
5811,193.700,1204,12,2525,1932,-6.6257,1.9716
5812,193.733,1204,13,2525,1932,-6.7450,1.8076
5813,193.767,1204,12,2525,1932,-5.8386,1.2659
5814,193.800,1205,10,2527,1934,-4.0995,1.5473
5815,193.833,1206,10,2527,1935,-4.6543,3.2490
5816,193.867,1206,9,2527,1937,-5.4454,2.3556
5817,193.900,1207,8,2527,1938,-8.2034,0.5684
5818,193.933,1207,6,2526,1938,-8.0208,2.7822
5819,193.967,1207,6,2527,1940,-7.2417,0.4686
5820,194.000,1210,2,2524,1935,-5.8087,5.9827
5821,194.033,1210,2,2524,1934,-6.1081,4.0026
5822,194.067,1209,3,2523,1934,-4.5673,4.9959
5823,194.100,1209,3,2524,1934,-5.2824,6.7751
5824,194.133,1210,3,2523,1934,-4.5080,3.7343
5825,194.167,1210,4,2524,1933,-4.7102,6.9212
5826,194.200,1209,4,2524,1935,-6.2813,6.6824
5827,194.233,1210,7,2524,1933,-5.4370,2.8881
5828,194.267,1211,7,2521,1934,1.8505,5.1062
5829,194.300,1211,8,2520,1934,2.5613,5.0170
5830,194.333,1211,7,2520,1934,3.3603,4.6419
5831,194.367,1211,8,2520,1933,1.7586,3.8827
5832,194.400,1210,9,2520,1935,3.1860,6.3997
5833,194.433,1210,11,2519,1933,0.9128,4.6322
5834,194.467,1210,11,2519,1934,1.9537,4.6118
5835,194.500,1210,10,2520,1933,0.9088,5.8714
5836,194.533,1210,10,2520,1932,1.9601,6.6333
5837,194.567,1210,11,2520,1932,0.0152,2.6933
5838,194.600,1210,12,2519,1932,-0.3737,5.2206
5839,194.633,1210,11,2519,1932,-0.0482,5.5659
5840,194.667,1210,12,2519,1931,-1.3825,1.2333
5841,194.700,1211,16,2519,1932,2.7598,3.1911
5842,194.733,1209,16,2517,1931,3.7666,3.8662
5843,194.767,1208,17,2517,1931,5.3097,0.9479
5844,194.800,1209,19,2516,1932,5.0753,2.5862
5845,194.833,1207,17,2515,1929,7.0251,2.9411
5846,194.867,1208,17,2514,1928,8.0354,3.8425
5847,194.900,1207,17,2515,1928,8.7627,4.0311
5848,194.933,1206,13,2516,1927,7.0858,3.9817
5849,194.967,1206,14,2517,1927,9.8824,4.7231
5850,195.000,1206,15,2520,1936,5.8702,3.5105
5851,195.033,1205,16,2520,1936,7.7143,2.3099
5852,195.067,1205,16,2520,1936,7.3172,2.4993
5853,195.100,1205,16,2521,1936,8.6169,2.1324
5854,195.133,1205,14,2520,1933,6.6757,0.2169
5855,195.167,1206,15,2519,1931,7.1605,0.4085
5856,195.200,1206,17,2519,1931,6.8440,2.0057
5857,195.233,1207,19,2519,1931,9.9484,6.3886
5858,195.267,1208,19,2521,1933,8.4538,6.0081
5859,195.300,1209,17,2521,1931,7.1285,2.5258
5860,195.333,1210,16,2521,1929,8.4441,1.8839
5861,195.367,1210,16,2521,1929,8.9374,1.1507
5862,195.400,1209,16,2522,1930,9.2558,1.9560
5863,195.433,1209,14,2521,1928,8.8804,3.1828
5864,195.467,1209,15,2521,1929,9.2811,2.2093
5865,195.500,1208,14,2516,1928,6.7254,0.8081
5866,195.533,1210,11,2515,1923,6.6024,-6.5886
5867,195.567,1210,8,2513,1921,5.9391,-6.9843
5868,195.600,1181,0,2514,1922,5.1030,-6.3411
5869,195.633,1195,0,2516,1922,6.8557,-7.4071
5870,195.667,1194,0,2514,1923,10.7216,-8.8556
5871,195.700,1205,0,2512,1921,7.1476,-7.7614
5872,195.733,1207,8,2512,1925,6.9126,-4.8124
5873,195.767,1208,8,2512,1925,7.0640,-1.9618
5874,195.800,1209,7,2514,1927,8.0966,-0.5273
5875,195.833,1210,10,2514,1925,7.7168,-0.4315
5876,195.867,1210,11,2515,1927,8.1872,-0.0742
5877,195.900,1210,12,2515,1925,9.1760,0.2312
5878,195.933,1209,12,2515,1926,9.0632,-0.7059
5879,195.967,1209,11,2515,1925,7.2098,0.8034
5880,196.000,1207,9,2517,1930,4.0525,2.8371
5881,196.033,1207,10,2520,1936,6.5223,1.4268
5882,196.067,1207,11,2521,1936,5.6228,2.5654
5883,196.100,1208,15,2524,1940,6.1120,-0.7701
5884,196.133,1206,14,2524,1938,6.5407,-0.5652
5885,196.167,1203,8,2524,1935,5.5101,-2.7679
5886,196.200,1205,4,2523,1939,6.2165,6.6284
5887,196.233,1205,1,2522,1940,6.6984,2.5221
5888,196.267,1206,0,2520,1938,8.3020,3.8777
5889,196.300,1206,0,2521,1939,6.4527,3.2991
5890,196.333,1206,0,2520,1940,5.9421,2.8620
5891,196.367,1205,0,2522,1943,7.2359,2.8439
5892,196.400,1206,1,2523,1944,6.6625,4.4330
5893,196.433,1206,1,2523,1944,5.8406,3.5440
5894,196.467,1206,1,2522,1944,4.9353,2.9840
5895,196.500,1206,3,2522,1944,7.9006,2.3127
5896,196.533,1205,2,2521,1944,4.6629,3.0298
5897,196.567,1205,1,2522,1945,5.3127,3.6660
5898,196.600,1205,1,2522,1945,4.8428,2.9772
5899,196.633,1205,0,2523,1944,6.9222,6.1686
5900,196.667,1202,0,2522,1945,6.0261,6.2511
5901,196.700,1202,1,2520,1943,5.8746,4.7279
5902,196.733,1202,1,2521,1945,8.3639,4.4215
5903,196.767,1203,3,2520,1939,8.6784,2.2705
5904,196.800,1204,4,2519,1939,9.1660,3.3838
5905,196.833,1204,5,2519,1938,8.5267,6.3120
5906,196.867,1203,5,2520,1938,7.7063,7.8041
5907,196.900,1203,5,2520,1939,7.4813,7.2386
5908,196.933,1203,4,2520,1938,7.1938,5.3736
5909,196.967,1204,4,2521,1937,7.7893,5.2855
5910,197.000,1203,4,2520,1940,9.6388,5.4628
5911,197.033,1202,4,2520,1941,7.4074,6.5966
5912,197.067,1202,4,2521,1943,7.6958,6.0750
5913,197.100,1203,5,2521,1943,8.3052,6.8588
5914,197.133,1202,6,2521,1943,8.6615,5.2060
5915,197.167,1201,6,2521,1944,7.6399,4.9243
5916,197.200,1201,7,2521,1943,7.1187,4.8308
5917,197.233,1201,7,2521,1943,7.3465,5.0562
5918,197.267,1200,6,2521,1941,8.1543,4.5127
5919,197.300,1200,6,2521,1942,8.7238,2.3745
5920,197.333,1200,6,2521,1942,8.6164,2.5052
5921,197.367,1199,5,2521,1942,8.6422,4.1072
5922,197.400,1200,6,2521,1944,8.5764,5.2303
5923,197.433,1199,6,2521,1944,10.1454,1.9866
5924,197.467,1199,4,2521,1943,8.6694,4.7836
5925,197.500,1200,4,2521,1943,9.2174,5.6827
5926,197.533,1200,3,2521,1943,9.2800,6.6764
5927,197.567,1202,5,2521,1943,9.1794,8.5952
5928,197.600,1200,3,2519,1942,8.2225,6.0716
5929,197.633,1195,2,2523,1941,7.8590,-6.7851
5930,197.667,1179,0,2520,1939,5.7726,-7.5306
5931,197.700,1178,0,2521,1940,5.8635,-3.7687
5932,197.733,1190,0,2522,1939,13.2652,-5.5155
5933,197.767,1201,0,2520,1936,9.2710,1.2634
5934,197.800,1199,2,2519,1936,11.3393,-3.4632
5935,197.833,1199,7,2518,1935,9.5492,-0.7131
5936,197.867,1199,8,2519,1937,7.3433,0.2469
5937,197.900,1199,8,2519,1937,6.9857,1.3048
5938,197.933,1199,9,2520,1937,9.1568,3.2178
5939,197.967,1198,6,2520,1939,6.6972,3.4256
5940,198.000,1196,8,2521,1945,10.8109,2.5082
5941,198.033,1197,7,2521,1945,7.9949,2.4785
5942,198.067,1197,7,2521,1945,8.5643,2.9169
5943,198.100,1197,8,2521,1945,8.7928,2.9794
5944,198.133,1198,8,2520,1943,8.9661,3.9561
5945,198.167,1197,7,2523,1948,8.2561,1.5547
5946,198.200,1197,7,2522,1946,8.7792,3.9856
5947,198.233,1196,6,2522,1948,10.0677,4.3949
5948,198.267,1196,6,2522,1948,10.0335,3.3068
5949,198.300,1197,6,2522,1946,9.6962,2.4954
5950,198.333,1197,6,2521,1945,9.0987,0.7214
5951,198.367,1198,5,2521,1943,7.2202,2.1902
5952,198.400,1199,9,2521,1936,8.8813,4.1661
5953,198.433,1200,9,2510,1937,7.0502,0.2087
5954,198.467,1200,13,2510,1936,8.5246,5.3570
5955,198.500,1200,7,2511,1938,6.2494,-0.5306
5956,198.533,1200,7,2513,1939,7.3456,0.5085
5957,198.567,1201,8,2511,1938,5.8523,-0.6871
5958,198.600,1200,9,2511,1938,7.4191,1.0737
5959,198.633,1201,11,2511,1938,9.1131,0.3698
5960,198.667,1201,11,2510,1938,8.5124,1.2860
5961,198.700,1202,11,2510,1939,9.4332,0.1017
5962,198.733,1204,12,2510,1937,9.8332,-8.1620
5963,198.767,1200,6,2512,1936,4.2372,-5.5335
5964,198.800,1176,0,2505,1935,6.4559,-9.1486
5965,198.833,1193,0,2513,1937,8.0557,-5.9056
5966,198.867,1196,0,2520,1941,6.9887,-5.9354
5967,198.900,1204,0,2518,1940,4.3515,-4.6982
5968,198.933,1212,0,2519,1938,9.4851,4.0127
5969,198.967,1211,0,2521,1939,6.0780,4.5697
5970,199.000,1208,14,2528,1949,10.8079,1.6567
5971,199.033,1207,16,2530,1951,8.5598,0.6816
5972,199.067,1207,18,2530,1949,9.9818,0.4946
5973,199.100,1208,20,2530,1948,9.4219,2.3575
5974,199.133,1207,21,2528,1948,8.9802,0.3735
5975,199.167,1205,21,2528,1948,9.8285,-1.0646
5976,199.200,1204,20,2526,1948,9.2316,0.4599
5977,199.233,1204,20,2523,1947,5.7543,2.7799
5978,199.267,1204,18,2523,1943,5.4761,3.0693
5979,199.300,1204,15,2523,1940,8.6166,3.7813
5980,199.333,1204,15,2523,1940,8.5179,3.6758
5981,199.367,1205,13,2523,1939,6.7202,3.5851
5982,199.400,1205,13,2524,1942,6.7731,3.7850
5983,199.433,1204,13,2524,1945,6.9900,2.3272
5984,199.467,1204,13,2526,1942,7.0461,4.9371
5985,199.500,1204,15,2528,1941,3.8457,3.4955
5986,199.533,1203,14,2530,1947,5.9841,3.0460
5987,199.567,1202,13,2529,1946,7.1428,1.0578
5988,199.600,1205,13,2530,1946,9.7558,2.2779
5989,199.633,1205,14,2530,1945,6.4774,4.2236
5990,199.667,1205,12,2531,1948,9.0035,4.0732
5991,199.700,1209,20,2553,1961,9.1755,1.4498
5992,199.733,1209,20,2553,1960,9.1796,2.7897
5993,199.767,1209,18,2552,1961,6.2214,6.0975
5994,199.800,1205,10,2536,1949,10.5993,6.9263
5995,199.833,1204,1,2529,1943,11.4570,8.4171
5996,199.867,1208,18,2526,1932,9.1920,6.6646
5997,199.900,1209,18,2525,1934,11.9609,6.7686
5998,199.933,1209,15,2525,1934,11.2178,7.1945
5999,199.967,1207,15,2525,1932,10.9209,7.4197
6000,200.000,1205,19,2526,1935,11.7137,7.5637
6001,200.033,1204,20,2527,1935,13.0143,8.3039
6002,200.067,1204,21,2528,1939,11.8342,7.6778
6003,200.100,1204,22,2528,1938,12.2919,8.9567
6004,200.133,1204,22,2527,1938,11.3766,9.9872
6005,200.167,1204,23,2526,1935,11.6428,7.9572
6006,200.200,1204,22,2526,1934,12.3579,9.3214
6007,200.233,1204,22,2527,1934,7.3545,10.3433
6008,200.267,1203,20,2527,1935,8.4482,8.3499
6009,200.300,1203,20,2526,1935,10.0143,11.0109
6010,200.333,1204,20,2527,1935,7.6817,10.3358
6011,200.367,1204,20,2525,1934,8.6661,8.9671
6012,200.400,1204,19,2525,1934,8.4442,9.6823
6013,200.433,1204,18,2525,1938,9.9105,12.8286
6014,200.467,1205,18,2523,1937,11.4636,14.0112
6015,200.500,1204,18,2524,1939,9.3110,10.2319
6016,200.533,1204,17,2525,1939,12.9282,13.5410
6017,200.567,1204,18,2527,1941,9.7494,10.2763
6018,200.600,1204,18,2526,1939,9.7561,10.7572
6019,200.633,1205,18,2526,1939,9.9125,10.6151
6020,200.667,1204,17,2528,1942,10.4406,10.5491
6021,200.700,1204,16,2527,1940,10.3059,10.9654
6022,200.733,1205,16,2527,1941,11.5982,9.3576
6023,200.767,1205,16,2527,1942,10.1804,11.3672
6024,200.800,1205,15,2527,1942,10.1855,11.0738
6025,200.833,1205,18,2526,1938,9.1706,12.0153
6026,200.867,1206,19,2526,1938,9.5014,12.1775
6027,200.900,1207,21,2526,1939,9.4380,9.4633
6028,200.933,1207,22,2525,1939,10.1258,10.0861
6029,200.967,1206,21,2525,1941,8.9270,11.0433
6030,201.000,1210,25,2520,1934,7.6499,9.2460
6031,201.033,1211,25,2520,1934,8.0554,10.7221
6032,201.067,1211,26,2520,1934,9.6116,10.7426
6033,201.100,1211,25,2520,1934,7.5312,11.1443
6034,201.133,1211,25,2520,1934,8.1435,11.1267
6035,201.167,1213,17,2523,1933,9.6212,6.0248
6036,201.200,1211,14,2522,1931,8.7937,9.4137
6037,201.233,1195,0,2517,1932,13.0775,-0.8524
6038,201.267,1203,0,2520,1932,8.3603,-1.6049
6039,201.300,1200,0,2519,1932,10.2003,0.2107
6040,201.333,1207,7,2518,1930,9.2425,3.1447
6041,201.367,1205,11,2517,1929,11.0611,1.3384
6042,201.400,1209,15,2517,1929,9.9913,6.0445
6043,201.433,1207,15,2517,1936,8.8703,9.5359
6044,201.467,1207,12,2517,1933,7.6918,6.8920
6045,201.500,1207,16,2516,1938,7.1013,9.8973
6046,201.533,1208,20,2517,1941,7.3055,5.6612
6047,201.567,1208,16,2519,1945,7.8618,10.5695
6048,201.600,1207,15,2519,1945,7.6872,9.3857
6049,201.633,1206,15,2519,1945,8.4857,10.8719
6050,201.667,1206,14,2520,1948,9.3180,7.3838
6051,201.700,1205,16,2521,1949,5.6029,7.3109
6052,201.733,1205,15,2522,1948,7.8535,7.4732
6053,201.767,1207,15,2522,1949,8.5363,9.2166
6054,201.800,1209,18,2521,1949,8.0416,7.4222
6055,201.833,1209,15,2522,1947,6.6362,11.3768
6056,201.867,1208,12,2521,1946,4.0929,9.4123
6057,201.900,1207,15,2522,1947,7.1738,10.0320
6058,201.933,1210,18,2523,1948,5.0456,10.4355
6059,201.967,1208,16,2525,1948,3.9507,10.4422
6060,202.000,1210,26,2522,1948,5.9691,6.1617
6061,202.033,1209,25,2521,1946,6.1449,8.9094
6062,202.067,1208,26,2520,1946,6.6588,9.2411
6063,202.100,1207,25,2521,1946,7.4197,7.2375
6064,202.133,1207,22,2520,1945,10.7620,11.0948
6065,202.167,1207,22,2521,1943,5.3783,10.6605
6066,202.200,1206,21,2522,1943,7.1960,11.4497
6067,202.233,1207,22,2523,1947,6.5581,9.7336
6068,202.267,1207,25,2524,1945,6.5900,11.4747
6069,202.300,1209,30,2524,1947,6.8425,9.5687
6070,202.333,1209,31,2524,1945,7.1520,9.9438
6071,202.367,1210,29,2521,1941,6.8744,10.2583
6072,202.400,1209,31,2521,1942,8.4659,11.0273
6073,202.433,1209,29,2522,1942,10.4732,9.4556
6074,202.467,1209,30,2522,1942,9.9447,8.7370
6075,202.500,1210,30,2522,1940,8.8785,9.3288
6076,202.533,1209,27,2522,1940,12.4598,7.3575
6077,202.567,1208,26,2522,1942,9.6146,8.7350
6078,202.600,1208,25,2522,1942,9.0254,7.5794
6079,202.633,1207,25,2522,1941,12.5005,7.5180
6080,202.667,1207,24,2523,1943,9.2349,8.0111
6081,202.700,1209,26,2522,1942,12.0156,7.5040
6082,202.733,1211,25,2522,1940,9.0865,10.8172
6083,202.767,1210,25,2520,1940,8.7445,10.2336
6084,202.800,1210,25,2520,1940,9.0010,9.3188
6085,202.833,1212,28,2517,1938,13.8488,10.4781
6086,202.867,1213,32,2516,1938,12.9338,8.3020
6087,202.900,1210,31,2516,1937,14.4646,4.9755
6088,202.933,1211,31,2516,1935,14.4447,8.2966
6089,202.967,1208,29,2516,1938,15.8234,7.4716
6090,203.000,1202,25,2519,1935,13.9592,11.1753
6091,203.033,1202,24,2518,1932,15.5369,9.4449
6092,203.067,1202,26,2518,1932,13.6696,9.8678
6093,203.100,1201,24,2519,1933,14.6570,10.6035
6094,203.133,1202,28,2520,1935,15.2063,8.3995
6095,203.167,1205,28,2519,1928,12.6074,8.0273
6096,203.200,1205,28,2520,1927,12.8413,10.4466
6097,203.233,1207,28,2519,1926,13.3044,9.6999
6098,203.267,1209,32,2520,1926,13.6576,10.8618
6099,203.300,1209,29,2520,1925,14.7666,10.4232
6100,203.333,1209,29,2520,1925,15.1159,10.7914
6101,203.367,1209,28,2520,1925,12.5890,9.4980
6102,203.400,1209,24,2521,1925,13.8123,9.9843
6103,203.433,1210,27,2522,1926,14.2567,10.1926
6104,203.467,1209,26,2520,1926,13.7032,9.5835
6105,203.500,1211,32,2521,1926,15.2858,8.3927
6106,203.533,1212,29,2518,1925,15.4045,8.1119
6107,203.567,1206,0,2516,1928,11.2258,-6.8218
6108,203.600,1209,0,2519,1931,10.9333,-7.4478
6109,203.633,1206,0,2517,1933,18.6973,-2.2525
6110,203.667,1214,13,2520,1936,11.7894,1.9546
6111,203.700,1214,15,2520,1933,15.5812,5.9455
6112,203.733,1209,24,2524,1935,12.1009,5.7790
6113,203.767,1212,24,2523,1934,13.7469,5.3414
6114,203.800,1209,29,2522,1933,14.4349,7.5417
6115,203.833,1211,28,2522,1931,11.4857,7.3147
6116,203.867,1209,31,2522,1934,12.2950,9.5847
6117,203.900,1209,29,2521,1933,10.8748,9.1112
6118,203.933,1210,26,2521,1932,12.5194,10.4930
6119,203.967,1211,28,2522,1934,12.1709,9.0566
6120,204.000,1210,20,2520,1933,10.7099,10.7342
6121,204.033,1210,19,2519,1931,9.9258,13.0083
6122,204.067,1210,17,2520,1932,9.4840,11.9596
6123,204.100,1210,18,2520,1932,10.3621,12.3459
6124,204.133,1210,20,2519,1932,11.4880,11.4539
6125,204.167,1209,19,2518,1932,12.3463,12.5821
6126,204.200,1209,18,2518,1931,11.0939,9.6927
6127,204.233,1209,19,2519,1935,12.9718,12.4275
6128,204.267,1207,18,2518,1936,13.6999,11.8159
6129,204.300,1208,19,2518,1936,13.9052,10.2237
6130,204.333,1210,19,2517,1937,13.6524,9.6055
6131,204.367,1207,18,2518,1938,12.4055,12.3495
6132,204.400,1207,18,2519,1939,11.1186,10.2683
6133,204.433,1207,18,2520,1939,10.1350,9.1172
6134,204.467,1209,22,2521,1939,11.0365,10.2912
6135,204.500,1209,21,2521,1938,11.6464,7.0290
6136,204.533,1209,21,2521,1937,10.1569,7.1411
6137,204.567,1210,20,2521,1939,9.4431,8.3358
6138,204.600,1209,18,2522,1939,8.5929,9.2529
6139,204.633,1208,16,2521,1940,10.3841,10.6350
6140,204.667,1209,14,2521,1936,7.5470,9.8939
6141,204.700,1207,8,2521,1938,10.9245,6.9643
6142,204.733,1207,10,2523,1938,7.2500,8.2081
6143,204.767,1207,13,2523,1939,8.8241,11.5786
6144,204.800,1208,12,2523,1940,9.3909,6.6967
6145,204.833,1208,13,2523,1940,9.6848,8.3876
6146,204.867,1209,15,2524,1941,10.3085,11.5991
6147,204.900,1209,14,2523,1940,9.2974,9.8818
6148,204.933,1209,14,2523,1940,10.6796,9.7176
6149,204.967,1209,14,2522,1939,10.5410,8.2722
6150,205.000,1208,13,2523,1940,8.8584,9.0551
6151,205.033,1205,10,2521,1938,9.3419,8.2501
6152,205.067,1206,10,2521,1938,9.4871,9.3425
6153,205.100,1207,11,2523,1938,8.2687,9.3425
6154,205.133,1206,10,2523,1937,7.4669,7.7281
6155,205.167,1207,12,2522,1934,9.7177,9.7410
6156,205.200,1207,13,2521,1934,10.5740,11.1125
6157,205.233,1206,14,2521,1935,13.0379,11.0386
6158,205.267,1207,15,2521,1937,12.1031,9.8213
6159,205.300,1208,14,2521,1938,9.7847,10.4139
6160,205.333,1208,15,2521,1937,11.1160,10.4155
6161,205.367,1208,14,2520,1936,9.7977,10.8927
6162,205.400,1208,13,2521,1937,10.4625,13.1995
6163,205.433,1206,13,2519,1934,11.4144,10.6312
6164,205.467,1206,12,2521,1933,9.0554,10.0961
6165,205.500,1200,7,2522,1932,9.7632,-10.4370
6166,205.533,1199,0,2524,1933,8.4541,-1.9866
6167,205.567,1199,0,2524,1932,7.3701,-8.2400
6168,205.600,1207,3,2524,1932,12.4074,-2.4808
6169,205.633,1210,20,2521,1940,10.4267,3.9737
6170,205.667,1209,19,2523,1939,11.1785,-2.3410
6171,205.700,1208,21,2524,1941,12.6164,3.9917
6172,205.733,1210,19,2524,1942,9.2992,1.5575
6173,205.767,1211,19,2524,1943,10.0041,4.0386
6174,205.800,1211,18,2525,1942,10.7310,3.2427
6175,205.833,1210,13,2524,1940,10.0288,4.9654
6176,205.867,1211,12,2524,1941,10.6375,5.8751
6177,205.900,1210,8,2525,1941,11.7516,1.4657
6178,205.933,1211,5,2526,1941,11.4835,3.1714
6179,205.967,1210,2,2527,1942,11.5992,6.6445
6180,206.000,1211,4,2526,1943,11.6197,9.4249
6181,206.033,1211,3,2526,1942,12.5910,10.2466
6182,206.067,1211,3,2525,1941,12.4931,6.3852
6183,206.100,1210,1,2524,1940,12.4788,8.8094
6184,206.133,1210,1,2525,1941,12.1778,9.0390
6185,206.167,1210,2,2525,1942,11.7835,7.3820
6186,206.200,1209,1,2524,1942,9.9151,8.7076
6187,206.233,1209,1,2524,1941,11.8765,9.5844
6188,206.267,1208,2,2524,1941,12.3421,7.9461
6189,206.300,1208,1,2523,1939,14.1081,8.8589
6190,206.333,1208,1,2523,1939,13.3835,7.9886
6191,206.367,1207,0,2522,1938,12.4248,8.6397
6192,206.400,1208,0,2523,1937,11.8622,8.6946
6193,206.433,1208,0,2523,1935,12.6439,10.1433
6194,206.467,1208,0,2522,1937,13.4300,7.7312
6195,206.500,1210,0,2522,1938,11.5876,9.0696
6196,206.533,1209,4,2521,1937,12.0713,6.6744
6197,206.567,1208,5,2521,1939,11.6706,8.8676
6198,206.600,1209,9,2521,1938,10.7633,7.8608
6199,206.633,1209,8,2521,1937,12.0018,9.1971
6200,206.667,1209,10,2522,1939,10.4552,8.9897
6201,206.700,1209,10,2522,1940,11.1010,10.7696
6202,206.733,1209,11,2521,1939,11.3276,10.2390
6203,206.767,1208,12,2521,1940,12.6684,11.8941
6204,206.800,1209,10,2521,1941,11.1020,8.3563
6205,206.833,1210,9,2521,1942,12.5272,10.1965
6206,206.867,1207,10,2522,1943,13.4366,8.8707
6207,206.900,1206,9,2521,1941,13.1777,9.6533
6208,206.933,1209,11,2524,1943,11.8372,8.5126
6209,206.967,1210,11,2525,1946,13.4681,6.9527
6210,207.000,1207,10,2523,1940,15.5154,8.3381
6211,207.033,1207,9,2523,1939,16.2668,7.7591
6212,207.067,1207,9,2524,1939,14.3999,7.9323
6213,207.100,1207,9,2524,1942,14.7988,8.1347
6214,207.133,1206,9,2524,1942,15.0997,8.6201
6215,207.167,1204,3,2525,1944,14.1019,7.7575
6216,207.200,1203,3,2525,1944,12.9689,6.8033
6217,207.233,1204,2,2526,1946,12.9249,6.9949
6218,207.267,1204,3,2525,1949,12.3764,7.3898
6219,207.300,1208,11,2520,1945,14.0560,8.6219
6220,207.333,1209,11,2522,1944,13.1142,4.7537
6221,207.367,1210,17,2521,1941,15.3635,3.0378
6222,207.400,1210,17,2521,1941,14.5961,3.8293
6223,207.433,1208,19,2520,1941,13.1547,7.6916
6224,207.467,1208,19,2520,1941,12.7227,8.2184
6225,207.500,1207,19,2520,1944,13.0048,8.9475
6226,207.533,1207,21,2519,1944,13.2499,8.3116
6227,207.567,1208,22,2520,1942,14.6075,5.4986
6228,207.600,1208,22,2520,1943,15.1935,7.0948
6229,207.633,1209,21,2520,1942,12.6119,7.4927
6230,207.667,1208,20,2521,1941,13.9783,7.6830
6231,207.700,1208,22,2521,1940,12.2218,8.5091
6232,207.733,1209,20,2522,1941,12.3152,7.2705
6233,207.767,1209,20,2523,1944,13.0184,9.6700
6234,207.800,1210,18,2525,1945,13.6775,6.0586
6235,207.833,1210,17,2523,1941,14.3540,8.3271
6236,207.867,1210,18,2523,1941,13.4379,7.6982
6237,207.900,1209,18,2523,1938,13.4850,8.8330
6238,207.933,1210,18,2524,1936,13.9822,7.9439
6239,207.967,1208,20,2525,1938,13.2370,7.0293
6240,208.000,1206,13,2521,1939,12.1215,11.1153
6241,208.033,1206,16,2520,1937,11.5358,8.5729
6242,208.067,1206,15,2519,1936,12.7867,8.1774
6243,208.100,1206,16,2519,1936,11.0405,8.1864
6244,208.133,1205,16,2519,1935,10.9856,9.7033
6245,208.167,1205,16,2519,1934,12.3428,9.0275
6246,208.200,1205,16,2519,1935,11.0494,10.1472
6247,208.233,1205,15,2519,1934,10.1796,9.9514
6248,208.267,1206,17,2519,1934,10.3579,10.9137
6249,208.300,1205,18,2518,1934,15.0760,8.0503
6250,208.333,1205,18,2517,1934,13.5476,10.4525
6251,208.367,1206,18,2517,1934,14.4350,10.3547
6252,208.400,1206,21,2517,1934,9.9830,11.3428
6253,208.433,1206,22,2517,1934,9.1632,10.9424
6254,208.467,1206,21,2518,1936,8.9801,11.2615
6255,208.500,1206,21,2518,1937,10.0545,12.4645
6256,208.533,1206,20,2520,1937,11.7837,12.1706
6257,208.567,1206,20,2521,1938,10.8603,10.5838
6258,208.600,1206,21,2521,1938,11.6767,11.0785
6259,208.633,1206,21,2521,1938,11.6918,11.0289
6260,208.667,1206,19,2521,1939,12.6625,12.2975
6261,208.700,1207,20,2521,1936,12.1736,12.9229
6262,208.733,1206,17,2522,1936,12.4147,9.3077
6263,208.767,1205,17,2523,1938,10.7489,10.7113
6264,208.800,1205,15,2523,1937,14.9388,9.3060
6265,208.833,1205,14,2522,1936,14.6223,8.8934
6266,208.867,1204,14,2522,1936,15.6747,8.7803
6267,208.900,1204,14,2522,1936,15.4393,8.8306
6268,208.933,1204,16,2521,1937,13.2823,9.9858
6269,208.967,1204,16,2521,1936,13.5316,10.2554
6270,209.000,1205,29,2522,1942,12.4609,11.6277
6271,209.033,1205,28,2520,1940,16.9093,10.3450
6272,209.067,1205,28,2520,1941,18.1602,10.6189
6273,209.100,1205,27,2521,1941,16.8852,10.5089
6274,209.133,1205,27,2521,1940,15.5481,9.9336
6275,209.167,1204,20,2521,1938,16.5472,9.7760
6276,209.200,1202,3,2530,1943,14.3865,-6.2790
6277,209.233,1203,0,2530,1942,11.9210,-8.1007
6278,209.267,1205,0,2531,1943,16.3376,-10.4064
6279,209.300,1199,0,2530,1942,14.5493,-0.0942
6280,209.333,1208,4,2526,1939,14.3711,3.4984
6281,209.367,1208,4,2525,1938,12.3125,2.4217
6282,209.400,1208,14,2521,1939,15.0069,8.5606
6283,209.433,1210,15,2522,1936,13.1459,5.2540
6284,209.467,1209,17,2520,1937,15.2746,5.4828
6285,209.500,1208,18,2519,1935,15.0474,5.6980
6286,209.533,1208,19,2519,1934,15.4625,7.7639
6287,209.567,1208,18,2519,1935,15.1562,5.1403
6288,209.600,1209,17,2520,1935,9.3582,8.3566
6289,209.633,1210,17,2520,1936,8.2289,10.9095
6290,209.667,1208,18,2522,1940,5.9786,7.8041
6291,209.700,1204,16,2522,1939,7.0170,7.1866
6292,209.733,1205,19,2521,1940,7.7967,3.0000
6293,209.767,1204,15,2520,1940,8.6414,6.9874
6294,209.800,1203,13,2521,1940,6.9346,10.8366
6295,209.833,1201,9,2522,1943,5.4134,9.0690
6296,209.867,1202,10,2522,1941,5.1669,10.4642
6297,209.900,1201,9,2523,1944,3.9251,10.2939
6298,209.933,1201,9,2524,1946,3.3497,9.1696
6299,209.967,1198,8,2525,1948,5.2882,4.9257
6300,210.000,1201,16,2522,1948,5.2484,9.7040
6301,210.033,1201,17,2523,1951,4.5723,8.4363
6302,210.067,1205,17,2522,1946,8.4684,8.6758
6303,210.100,1205,19,2522,1946,6.6537,6.0952
6304,210.133,1206,19,2520,1945,8.1028,10.1037
6305,210.167,1207,21,2521,1945,8.0299,7.8785
6306,210.200,1207,18,2522,1947,7.5932,10.7589
6307,210.233,1207,18,2522,1946,9.2984,8.0859
6308,210.267,1208,18,2523,1947,9.3049,10.3413
6309,210.300,1208,19,2522,1947,9.8722,11.3867
6310,210.333,1208,18,2523,1948,10.2563,9.5836
6311,210.367,1208,19,2522,1948,9.6156,9.0095
6312,210.400,1206,19,2522,1947,10.9703,8.1231
6313,210.433,1206,17,2521,1947,7.9981,10.1698
6314,210.467,1205,14,2522,1946,9.1278,7.6703
6315,210.500,1205,15,2522,1946,6.5052,7.8547
6316,210.533,1206,15,2522,1946,8.5756,9.1898
6317,210.567,1207,17,2521,1945,11.6690,7.9421
6318,210.600,1208,15,2521,1941,9.7124,8.8233
6319,210.633,1208,15,2522,1942,14.5463,8.0900
6320,210.667,1209,16,2520,1934,15.5346,6.6511
6321,210.700,1208,15,2521,1940,15.2929,5.6989
6322,210.733,1205,17,2522,1913,18.4554,5.6311
6323,210.767,1200,16,2519,1903,14.9987,5.0212
6324,210.800,1203,18,2518,1903,17.2156,5.6578
6325,210.833,1205,22,2519,1904,18.2419,7.6123
6326,210.867,1203,17,2521,1907,18.8301,3.6078
6327,210.900,1202,18,2518,1904,19.9165,3.5379
6328,210.933,1203,23,2520,1914,16.1583,6.5134
6329,210.967,1202,22,2515,1919,15.8736,6.9366
6330,211.000,1197,19,2521,1928,12.9591,6.5680
6331,211.033,1198,17,2521,1928,14.5329,3.2197
6332,211.067,1199,19,2522,1928,14.8665,3.4438
6333,211.100,1200,18,2522,1929,14.0543,2.6642
6334,211.133,1200,19,2522,1931,11.7202,4.3223
6335,211.167,1202,19,2522,1933,13.2315,3.2782
6336,211.200,1202,18,2521,1931,12.4363,5.6473
6337,211.233,1204,18,2520,1934,10.4903,8.1942
6338,211.267,1204,19,2520,1934,12.2844,7.7764
6339,211.300,1203,22,2519,1936,13.9227,5.0911
6340,211.333,1203,21,2518,1934,12.3315,7.6113
6341,211.367,1202,21,2517,1934,12.1307,8.3102
6342,211.400,1200,21,2514,1930,12.8656,7.2269
6343,211.433,1202,24,2509,1925,13.7618,10.2723
6344,211.467,1201,24,2513,1928,13.9375,8.3576
6345,211.500,1201,25,2517,1930,13.4018,5.2042
6346,211.533,1201,23,2515,1926,13.8891,7.0003
6347,211.567,1200,19,2513,1921,14.2105,9.2067
6348,211.600,1199,21,2513,1921,15.0677,7.7493
6349,211.633,1199,21,2514,1923,14.9772,7.6992
6350,211.667,1198,20,2515,1923,15.8674,7.5635
6351,211.700,1199,19,2517,1923,8.9041,5.4385
6352,211.733,1200,17,2517,1923,10.4168,7.2319
6353,211.767,1200,13,2517,1922,8.2451,7.2670
6354,211.800,1203,14,2516,1919,8.5206,8.3449
6355,211.833,1202,16,2516,1920,3.4971,8.4704
6356,211.867,1203,20,2516,1921,6.8688,7.6053
6357,211.900,1202,18,2517,1925,5.7041,7.9923
6358,211.933,1201,18,2518,1925,7.3368,5.7966
6359,211.967,1201,18,2518,1925,8.1237,6.5965
6360,212.000,1202,25,2517,1935,10.4014,7.2059
6361,212.033,1202,20,2517,1932,10.4595,7.0294
6362,212.067,1202,21,2518,1933,12.1219,7.1095
6363,212.100,1202,21,2518,1934,13.5465,6.8959
6364,212.133,1203,22,2518,1934,11.9234,7.1077
6365,212.167,1203,23,2517,1933,13.2813,6.8642
6366,212.200,1203,25,2517,1933,11.0406,10.6698
6367,212.233,1203,24,2517,1933,11.9562,10.4576
6368,212.267,1203,23,2518,1934,12.1411,7.1869
6369,212.300,1202,20,2520,1942,10.6985,6.1538
6370,212.333,1201,20,2518,1935,12.8758,4.1137
6371,212.367,1202,20,2516,1934,12.2361,7.4754
6372,212.400,1205,21,2512,1935,16.0771,8.6514
6373,212.433,1205,20,2512,1935,15.3758,7.8340
6374,212.467,1205,20,2512,1935,15.3159,7.7551
6375,212.500,1205,20,2512,1934,16.9682,7.4072
6376,212.533,1206,21,2512,1934,17.1526,7.8819
6377,212.567,1206,18,2512,1935,18.2925,7.0827
6378,212.600,1207,18,2512,1936,18.6500,6.8760
6379,212.633,1207,17,2513,1936,19.5543,6.8036
6380,212.667,1207,16,2513,1937,20.7787,5.7719
6381,212.700,1207,10,2513,1923,21.7327,2.5018
6382,212.733,1204,7,2511,1917,18.6796,-2.4220
6383,212.767,1208,4,2509,1916,20.6515,-1.3031
6384,212.800,1210,15,2510,1916,19.1920,-1.9360
6385,212.833,1209,14,2511,1918,22.0437,3.6571
6386,212.867,1205,13,2517,1917,20.6218,2.5837
6387,212.900,1206,14,2517,1925,21.0747,3.7818
6388,212.933,1202,18,2515,1926,22.3937,7.9527
6389,212.967,1202,17,2513,1925,18.7766,7.7880
6390,213.000,1199,24,2520,1930,14.4508,10.7133
6391,213.033,1197,17,2515,1929,9.9852,8.4259
6392,213.067,1193,8,2513,1927,11.4672,4.4026
6393,213.100,1193,11,2513,1925,13.0328,8.8244
6394,213.133,1194,9,2513,1923,12.5615,4.2767
6395,213.167,1194,8,2512,1922,12.1611,3.5782
6396,213.200,1195,9,2512,1922,11.6176,4.0141
6397,213.233,1195,7,2514,1920,11.3142,3.8907
6398,213.267,1197,8,2515,1919,10.4882,5.8024
6399,213.300,1196,5,2515,1921,9.3849,6.3064
6400,213.333,1195,5,2515,1920,10.8058,4.3296
6401,213.367,1195,6,2517,1921,9.6943,7.5427
6402,213.400,1196,6,2518,1922,9.7613,7.4141
6403,213.433,1197,3,2517,1921,9.4751,6.0601
6404,213.467,1198,3,2516,1922,9.7505,4.9192
6405,213.500,1198,4,2516,1922,9.7231,4.9200
6406,213.533,1200,6,2516,1922,9.7913,5.0356
6407,213.567,1198,5,2518,1923,10.7805,7.0419
6408,213.600,1198,6,2517,1923,10.0809,6.7567
6409,213.633,1197,5,2517,1923,11.0690,5.0165
6410,213.667,1198,6,2519,1924,12.1813,5.7857
6411,213.700,1197,4,2518,1924,10.6279,7.0107
6412,213.733,1196,6,2518,1925,11.2622,6.2097
6413,213.767,1198,6,2518,1923,12.9983,7.2818
6414,213.800,1098,31,2491,1933,4.7638,2.0523
6415,213.833,1098,40,2495,1939,3.0419,2.5071
6416,213.867,1100,32,2501,1922,0.9547,3.2157
6417,213.900,1095,50,2507,1924,2.1441,3.3366
6418,213.933,1094,61,2508,1924,0.1940,-0.0017
6419,213.967,1089,54,2509,1929,3.5368,0.2044
6420,214.000,1100,46,2514,1929,7.8335,6.6686
6421,214.033,1108,43,2519,1928,7.0934,7.0985
6422,214.067,1106,46,2518,1928,4.9731,7.5061
6423,214.100,1101,53,2518,1934,8.6565,6.4792
6424,214.133,1102,58,2511,1934,8.6373,5.1899
6425,214.167,1096,63,2514,1944,6.0090,6.0226
6426,214.200,1097,58,2519,1940,3.0685,7.3542
6427,214.233,1097,54,2515,1937,3.8669,7.0856
6428,214.267,1085,35,2526,1925,0.7973,6.1132
6429,214.300,1096,52,2517,1914,5.6646,3.0780
6430,214.333,1106,43,2519,1917,5.1354,3.6137
6431,214.367,1107,41,2521,1921,3.8361,3.5670
6432,214.400,1108,39,2521,1924,6.0261,2.9132
6433,214.433,1108,36,2520,1928,9.3435,5.0182
6434,214.467,1101,48,2517,1925,6.1497,2.3807
6435,214.500,1098,56,2518,1929,3.9751,2.6492
6436,214.533,1098,55,2516,1926,5.6526,3.3224
6437,214.567,1097,54,2516,1928,4.6647,2.1182
6438,214.600,1104,56,2506,1918,4.7791,3.7159
6439,214.633,1103,62,2511,1914,4.7414,5.9529
6440,214.667,1096,43,2519,1921,3.5570,8.9259
6441,214.700,1087,58,2530,1928,3.2242,9.5889
6442,214.733,1090,53,2530,1929,3.4500,8.0597
6443,214.767,1097,59,2531,1925,2.0782,7.0212
6444,214.800,1104,42,2531,1922,5.2503,8.7406
6445,214.833,1112,41,2530,1920,2.8922,10.1214
6446,214.867,1110,26,2526,1920,6.6641,6.4346
6447,214.900,1114,32,2527,1925,1.2531,5.9468
6448,214.933,1120,21,2524,1923,1.6932,10.0187
6449,214.967,1123,20,2523,1923,3.1623,9.5397
6450,215.000,1118,7,2514,1912,7.1257,5.7949
6451,215.033,1115,7,2514,1912,7.5720,3.6891
6452,215.067,1117,24,2510,1909,5.0986,3.6879
6453,215.100,1116,24,2507,1906,3.6071,4.6054
6454,215.133,1118,23,2507,1906,1.8215,3.8935
6455,215.167,1118,27,2508,1904,-0.1515,2.3766
6456,215.200,1120,27,2509,1903,0.9849,3.6467
6457,215.233,1123,17,2507,1903,0.9893,3.1574
6458,215.267,1120,12,2512,1911,0.9165,6.9468
6459,215.300,1114,6,2516,1916,-0.5670,4.1939
6460,215.333,1114,9,2516,1918,-0.7373,6.0256
6461,215.367,1111,6,2517,1924,0.4610,7.7736
6462,215.400,1111,4,2523,1936,0.8037,9.8474
6463,215.433,1111,0,2527,1942,0.4771,6.3588
6464,215.467,1115,0,2530,1948,0.1632,7.0231
6465,215.500,1112,0,2530,1952,-0.8454,8.4784
6466,215.533,1114,0,2533,1957,-6.4260,7.1461
6467,215.567,1114,0,2533,1956,-6.1086,4.8977
6468,215.600,1114,3,2532,1956,-6.3653,4.8863
6469,215.633,1115,2,2531,1952,-5.6599,7.0286
6470,215.667,1116,5,2530,1949,-4.5128,5.1146
6471,215.700,1118,9,2530,1948,-4.5078,5.8305
6472,215.733,1119,13,2528,1943,-3.2134,5.1538
6473,215.767,1119,12,2529,1943,-3.7847,6.6640
6474,215.800,1121,13,2529,1942,-1.6051,6.6321
6475,215.833,1120,13,2530,1945,-2.9702,5.6846
6476,215.867,1117,15,2529,1947,-6.1620,5.0816
6477,215.900,1118,16,2528,1942,-6.8371,4.2269
6478,215.933,1121,19,2531,1941,-2.2677,3.7632
6479,215.967,1123,20,2531,1944,-3.2357,3.6921
6480,216.000,1127,15,2534,1955,-4.0455,4.6278
6481,216.033,1125,12,2530,1947,-2.4776,4.3853
6482,216.067,1121,11,2526,1942,-1.1448,5.1983
6483,216.100,1126,12,2528,1941,-0.4745,9.3024
6484,216.133,1129,18,2524,1943,-1.2219,7.6872
6485,216.167,1129,16,2526,1929,0.3684,7.3515
6486,216.200,1128,19,2526,1930,0.2106,6.3073
6487,216.233,1127,24,2525,1928,-3.0179,5.8290
6488,216.267,1125,30,2527,1932,-4.2734,6.1260
6489,216.300,1125,29,2527,1933,-4.9474,5.9516
6490,216.333,1125,28,2528,1933,-4.9134,6.5546
6491,216.367,1125,26,2528,1932,-5.1637,5.3848
6492,216.400,1125,26,2529,1933,-4.7483,5.2719
6493,216.433,1124,24,2528,1934,-2.2001,4.4295
6494,216.467,1125,24,2529,1933,-3.2041,7.0203
6495,216.500,1124,24,2528,1934,-1.8926,4.9198
6496,216.533,1123,24,2527,1934,-1.6853,4.4242
6497,216.567,1124,24,2528,1936,-2.9755,4.1586
6498,216.600,1125,24,2529,1935,-3.4877,4.3556
6499,216.633,1124,23,2530,1937,-4.9283,5.9515
6500,216.667,1123,24,2529,1939,-2.5644,3.0597
6501,216.700,1122,20,2527,1937,-1.8006,8.6902
6502,216.733,1122,28,2527,1933,-4.0696,6.9470
6503,216.767,1122,26,2528,1932,-5.2442,5.6308
6504,216.800,1120,20,2528,1937,-3.9915,4.7575
6505,216.833,1116,22,2530,1934,-4.1931,6.0573
6506,216.867,1114,23,2524,1929,-4.9085,6.5106
6507,216.900,1115,16,2519,1926,0.5976,6.2128
6508,216.933,1114,17,2522,1925,-2.5456,8.2547
6509,216.967,1113,17,2516,1922,-1.3160,6.8245
6510,217.000,1114,19,2523,1930,-3.3770,5.4772
6511,217.033,1116,24,2526,1930,-3.1544,6.6665
6512,217.067,1116,27,2531,1929,-2.3401,5.6169
6513,217.100,1109,20,2530,1929,-0.6690,6.2777
6514,217.133,1106,17,2532,1931,-2.5823,6.3024
6515,217.167,1106,16,2532,1932,-2.8098,7.9571
6516,217.200,1107,18,2531,1932,-2.4341,6.1507
6517,217.233,1109,17,2533,1932,-2.7568,9.0050
6518,217.267,1110,19,2532,1932,-2.8076,5.9881
6519,217.300,1109,22,2528,1932,-2.4496,6.0298
6520,217.333,1108,26,2527,1929,-3.6392,5.9653
6521,217.367,1107,28,2527,1930,-1.8073,5.8524
6522,217.400,1108,27,2528,1931,-3.1199,7.0712
6523,217.433,1107,26,2528,1930,-3.2814,6.9681
6524,217.467,1107,24,2527,1930,-4.7709,8.0153
6525,217.500,1108,25,2527,1932,-2.4232,7.6821
6526,217.533,1107,26,2528,1932,-3.4702,7.0369
6527,217.567,1108,27,2529,1928,-3.3074,8.6170
6528,217.600,1107,25,2525,1925,-2.0015,6.6682
6529,217.633,1109,28,2527,1926,-2.9302,8.5065
6530,217.667,1110,29,2529,1926,-0.5222,6.0996
6531,217.700,1111,39,2530,1928,-1.4968,7.1080
6531,217.700,3474,1328,3800,1685,-35.7308,-16.9359
6532,217.733,1108,35,2528,1927,-0.0223,8.5897
6532,217.733,3454,1273,3809,1692,-29.9396,-14.6525
6533,217.767,1107,34,2528,1926,0.6373,7.1238
6534,217.800,1107,35,2527,1926,-2.2233,8.8080
6535,217.833,1108,34,2528,1929,-1.0512,6.9298
6536,217.867,1106,31,2529,1931,-0.0679,8.8959
6537,217.900,1107,33,2529,1928,-0.8490,6.6946
6538,217.933,1109,38,2526,1923,-1.2426,4.3838
6539,217.967,1107,36,2525,1924,-2.4041,4.6661
6540,218.000,1104,40,2525,1928,-3.3486,4.4195
6541,218.033,1103,37,2526,1929,-2.6439,5.1995
6542,218.067,1103,38,2526,1927,-1.5457,6.4368
6543,218.100,1101,37,2525,1929,-1.8891,5.3331
6544,218.133,1103,35,2527,1931,-1.7465,6.2114
6545,218.167,1103,32,2527,1930,-1.0974,4.7318
6546,218.200,1103,30,2527,1928,-1.1158,6.5512
6547,218.233,1103,29,2528,1927,-1.6811,5.5097
6548,218.267,1103,28,2527,1927,-1.7806,7.2960
6549,218.300,1104,30,2527,1926,-2.1464,7.9527
6550,218.333,1104,29,2526,1926,-0.9305,6.2319
6551,218.367,1104,26,2526,1927,-1.6588,5.2260
6552,218.400,1104,27,2524,1926,-0.2286,9.5227
6553,218.433,1105,27,2526,1924,-1.1944,7.9793
6554,218.467,1104,31,2526,1918,-0.7356,6.8122
6555,218.500,1103,14,2526,1924,-0.7608,6.4504
6556,218.533,1102,20,2529,1926,-1.9071,5.0306
6557,218.567,1096,12,2528,1924,0.1939,3.9444
6558,218.600,1098,19,2527,1923,0.3918,2.4649
6559,218.633,1101,12,2526,1928,-2.5056,6.0796
6560,218.667,1104,14,2525,1928,-3.6306,4.9300
6561,218.700,1104,12,2526,1930,-0.6711,3.7915
6562,218.733,1104,11,2526,1929,-1.0566,1.9795
6563,218.767,1104,11,2528,1929,-1.3825,4.4219
6564,218.800,1105,11,2528,1930,-0.9733,3.0934
6565,218.833,1105,10,2527,1930,-0.3219,3.2308
6566,218.867,1105,10,2527,1929,-1.8354,2.9489
6567,218.900,1105,10,2526,1929,-1.1619,1.7869
6568,218.933,1105,10,2525,1929,-1.5379,2.3866
6569,218.967,1107,3,2523,1930,-2.9298,1.4635
6570,219.000,1105,0,2519,1928,2.0757,-0.5311
6571,219.033,1103,2,2515,1925,0.0472,1.2693
6572,219.067,1100,2,2514,1927,-3.2734,1.6502
6573,219.100,1101,2,2514,1925,-2.4349,1.4492
6574,219.133,1102,1,2514,1924,-0.4120,0.0977
6575,219.167,1103,4,2514,1923,-2.0603,1.0542
6576,219.200,1105,4,2515,1923,-2.7256,1.6374
6577,219.233,1112,5,2517,1922,-0.6066,4.7001
6578,219.267,1120,6,2522,1922,-0.5133,0.8704
6579,219.300,1119,8,2521,1926,-0.3518,6.2299
6580,219.333,1120,4,2522,1926,-4.8441,4.3057
6581,219.367,1122,9,2523,1926,-3.3088,6.9867
6582,219.400,1121,12,2525,1930,-1.8442,5.8658
6583,219.433,1122,15,2525,1927,-3.7406,6.6033
6584,219.467,1124,12,2526,1926,-4.6543,6.5800
6585,219.500,1123,12,2527,1928,-4.7359,7.5178
6586,219.533,1122,13,2530,1930,-5.6014,4.1574
6587,219.567,1105,0,2516,1926,-2.7798,-5.3494
6588,219.600,1106,0,2517,1923,-4.6050,-7.1938
6589,219.633,1107,0,2501,1918,3.3325,-3.0231
6590,219.667,1125,0,2503,1923,-3.1616,-5.0126
6591,219.700,1125,0,2505,1925,-3.1447,-5.9013
6592,219.733,1125,0,2519,1925,-2.0082,-6.2519
6593,219.767,1122,0,2527,1919,2.4115,-0.1093
6594,219.800,1122,0,2528,1921,2.4559,-0.4997
6595,219.833,1120,0,2527,1923,0.3490,4.4241
6596,219.867,1122,0,2529,1922,1.2558,3.7599
6597,219.900,1125,0,2530,1923,-1.7191,6.4457
6598,219.933,1127,0,2528,1922,-1.4521,7.2688
6599,219.967,1127,0,2529,1922,-0.5046,7.4225
6600,220.000,1131,2,2533,1919,0.6255,6.4501
6601,220.033,1131,2,2533,1921,2.4283,6.5057
6602,220.067,1131,2,2534,1921,0.8875,3.2989
6603,220.100,1131,2,2534,1921,0.8041,2.9520
6604,220.133,1131,3,2534,1922,1.1395,3.3007
6605,220.167,1132,3,2534,1921,0.6026,1.5963
6606,220.200,1132,2,2534,1921,1.0704,4.8292
6607,220.233,1132,2,2533,1920,0.4490,4.1380
6608,220.267,1133,2,2533,1919,-0.8486,5.5279
6609,220.300,1133,0,2532,1918,-3.3280,3.2313
6610,220.333,1134,0,2531,1917,-3.9910,4.1138
6611,220.367,1134,0,2531,1917,-4.1651,4.2899
6612,220.400,1134,0,2532,1919,-3.0246,5.3775
6612,220.400,3523,1369,3802,1675,-37.7985,-22.0391
6613,220.433,1134,0,2533,1921,-3.7043,5.4428
6614,220.467,1134,0,2533,1921,-3.2918,4.6391
6615,220.500,1134,0,2533,1922,-2.1319,5.2055
6616,220.533,1134,0,2534,1923,-2.5558,6.5763
6617,220.567,1134,0,2535,1925,-1.2576,6.8647
6618,220.600,1134,0,2535,1925,-1.4656,7.1748
6619,220.633,1135,0,2536,1924,-1.9675,7.9043
6620,220.667,1134,0,2536,1924,-2.0255,6.4097
6621,220.700,1135,1,2536,1926,-3.1488,6.9692
6622,220.733,1136,1,2537,1926,-1.6941,7.2174
6623,220.767,1136,1,2537,1926,-1.7783,7.1469
6624,220.800,1135,2,2537,1927,-2.0108,6.9445
6625,220.833,1136,2,2536,1926,-2.3057,7.9755
6626,220.867,1136,1,2537,1926,-2.1080,7.4561
6627,220.900,1136,2,2537,1926,-1.6278,7.5781
6628,220.933,1136,2,2536,1926,-2.1029,7.3744
6629,220.967,1136,2,2537,1925,-2.3246,6.7528
6630,221.000,1133,0,2536,1923,-1.3556,6.5165
6631,221.033,1134,2,2535,1922,-1.1609,5.4251
6632,221.067,1134,2,2535,1922,-1.2379,5.5034
6633,221.100,1134,1,2535,1922,-2.5054,7.4906
6634,221.133,1136,3,2536,1921,-2.5519,9.0390
6635,221.167,1137,10,2536,1920,-0.8361,9.6903
6636,221.200,1136,9,2537,1921,-2.5437,8.6512
6637,221.233,1136,10,2537,1921,-1.7738,8.4937
6638,221.267,1135,10,2537,1921,-1.2517,11.3646
6639,221.300,1135,10,2537,1922,-1.3615,10.2758
6640,221.333,1135,11,2537,1921,-0.7565,10.3890
6641,221.367,1135,11,2537,1922,0.1866,9.3094
6642,221.400,1135,10,2537,1922,-1.5292,10.5819
6643,221.433,1141,18,2525,1919,-0.0795,8.0228
6644,221.467,1140,16,2522,1917,-0.7948,6.4342
6645,221.500,1140,17,2521,1915,-1.3695,8.2914
6646,221.533,1138,16,2520,1915,-0.8716,8.2309
6647,221.567,1136,13,2517,1913,-2.3849,7.0616
6648,221.600,1138,10,2517,1909,-2.4684,6.6959
6649,221.633,1136,8,2517,1905,-1.6351,7.6393
6650,221.667,1133,6,2516,1911,-1.6885,5.0234
6651,221.700,1128,3,2510,1910,-1.3648,6.5130
6652,221.733,1127,3,2512,1911,-2.2393,4.9582
6653,221.767,1128,0,2513,1915,-1.6418,7.0446
6654,221.800,1129,6,2510,1910,-0.0105,5.6645
6655,221.833,1129,8,2509,1909,-2.6286,6.2315
6656,221.867,1128,6,2515,1907,-2.7589,5.7080
6657,221.900,1137,10,2520,1910,0.7509,8.8929
6658,221.933,1136,6,2520,1909,-4.6901,2.7300
6659,221.967,1137,13,2517,1905,-1.2620,6.3192
6660,222.000,1138,9,2516,1907,-3.1041,3.0663
6661,222.033,1138,11,2515,1905,-1.3943,2.8413
6662,222.067,1137,10,2516,1906,-1.9933,4.8809
6663,222.100,1136,10,2515,1905,-2.9270,3.7861
6664,222.133,1137,10,2514,1903,-0.4270,4.2027
6665,222.167,1137,8,2514,1905,1.5355,3.9149
6666,222.200,1136,7,2514,1905,2.2750,2.8012
6667,222.233,1136,10,2512,1904,2.3551,4.9855
6668,222.267,1134,9,2511,1903,0.8295,2.2558
6669,222.300,1131,7,2510,1907,0.7978,5.3244
6670,222.333,1130,7,2512,1907,0.0818,5.3041
6671,222.367,1130,7,2511,1906,1.0819,4.8385
6672,222.400,1131,9,2509,1904,2.1532,5.1700
6673,222.433,1133,7,2511,1907,1.0023,5.0106
6674,222.467,1133,9,2511,1907,-0.0603,5.2511
6675,222.500,1133,7,2511,1908,2.3395,4.4655
6676,222.533,1136,8,2512,1909,1.7178,2.3205
6677,222.567,1139,4,2516,1909,0.2036,0.2973
6678,222.600,1139,3,2515,1908,0.7900,1.0467
6679,222.633,1139,3,2517,1907,-0.3291,-0.0886
6680,222.667,1139,3,2517,1908,-0.6995,0.0807
6681,222.700,1136,0,2518,1910,-0.5366,0.6411
6682,222.733,1136,0,2518,1911,-1.1461,0.4486
6683,222.767,1134,0,2517,1913,-2.0340,0.4288
6684,222.800,1133,0,2516,1912,-2.5811,1.5156
6685,222.833,1132,0,2516,1912,-2.8979,-0.8187
6686,222.867,1131,0,2516,1912,-1.8802,-0.9634
6687,222.900,1131,0,2515,1910,-0.2626,-1.2397
6688,222.933,1133,0,2516,1910,-0.7193,-0.7075
6689,222.967,1133,0,2516,1909,-0.1242,-0.0798
6690,223.000,1132,1,2514,1909,0.6495,-1.6010
6691,223.033,1132,2,2514,1908,-2.7494,-0.3843
6692,223.067,1135,3,2515,1907,-1.5165,-2.9689
6693,223.100,1135,4,2513,1903,-1.1239,-2.7226
6694,223.133,1140,4,2517,1907,-2.1058,-0.8839
6695,223.167,1143,6,2517,1905,-2.2865,0.6232
6696,223.200,1143,0,2519,1902,0.1389,0.9234
6697,223.233,1145,2,2521,1898,-0.9517,4.4391
6698,223.267,1144,1,2520,1899,-1.4600,4.0774
6699,223.300,1144,0,2520,1899,-0.3514,2.9518
6700,223.333,1144,0,2520,1900,0.2899,2.8590
6701,223.367,1146,0,2520,1902,0.6274,2.7146
6702,223.400,1145,0,2520,1902,1.8070,1.7625
6703,223.433,1145,0,2520,1902,2.3372,0.0056
6704,223.467,1148,0,2520,1903,-2.0841,2.2171
6705,223.500,1148,0,2520,1901,-0.4770,1.0988
6706,223.533,1132,0,2503,1905,4.1860,-5.8043
6707,223.567,1136,0,2503,1902,8.1934,-4.0043
6708,223.600,1137,0,2495,1898,6.2882,-7.7828
6709,223.633,1147,0,2514,1900,0.1931,-5.4914
6710,223.667,1148,0,2514,1900,-2.5748,-5.5356
6711,223.700,1146,0,2526,1901,-3.4686,0.2966
6712,223.733,1152,0,2528,1901,-2.2816,4.9017
6713,223.767,1153,0,2527,1902,-3.9440,2.0904
6714,223.800,1156,0,2525,1900,-2.5547,2.0505
6715,223.833,1151,0,2523,1896,-2.2285,3.3260
6716,223.867,1153,0,2521,1893,-1.4894,3.2530
6717,223.900,1156,3,2521,1891,-1.0397,4.0788
6718,223.933,1154,3,2520,1892,-0.1926,4.3497
6719,223.967,1151,1,2520,1894,-1.4801,4.5351
6720,224.000,1146,0,2522,1903,-2.2635,3.2738
6721,224.033,1148,5,2522,1906,-1.4147,3.8424
6722,224.067,1148,2,2523,1906,-1.3768,4.8918
6723,224.100,1147,0,2522,1906,-1.8080,3.4528
6724,224.133,1149,0,2524,1906,-0.7968,2.4841
6725,224.167,1151,0,2523,1906,-1.7151,4.2227
6726,224.200,1152,2,2525,1907,-1.2128,2.9437
6727,224.233,1155,7,2525,1905,-4.2404,2.6154
6728,224.267,1153,5,2524,1904,-3.8869,5.6731
6729,224.300,1153,6,2523,1903,-3.8249,4.9586
6730,224.333,1153,6,2523,1903,-3.7076,5.0911
6731,224.367,1153,6,2523,1903,-3.9474,5.1402
6732,224.400,1154,5,2523,1906,-2.6074,4.4675
6733,224.433,1151,4,2524,1909,-1.6187,4.8611
6734,224.467,1151,4,2523,1909,-3.2535,4.4973
6735,224.500,1151,5,2524,1911,-2.2933,4.8735
6736,224.533,1151,1,2526,1912,-1.1605,4.1056
6737,224.567,1148,0,2527,1917,-2.0631,2.3037
6738,224.600,1149,0,2528,1917,-2.4694,1.3006
6739,224.633,1149,0,2532,1917,-0.2048,3.4441
6740,224.667,1149,0,2534,1918,-0.0763,0.8517
6741,224.700,1148,0,2535,1915,-1.4505,1.2919
6742,224.733,1149,0,2535,1914,-2.5729,1.4913
6743,224.767,1148,0,2534,1914,-0.5227,1.0695
6744,224.800,1147,0,2535,1912,0.6324,0.6529
6745,224.833,1147,0,2536,1910,-1.3198,0.6396
6746,224.867,1147,0,2536,1912,0.1438,1.8486
6747,224.900,1148,0,2536,1912,-2.4218,1.9659
6748,224.933,1149,0,2538,1913,-1.2171,0.8497
6749,224.967,1149,0,2538,1913,-0.5052,0.8170
6750,225.000,1151,0,2541,1910,-1.0354,2.9346
6751,225.033,1150,0,2539,1909,-1.0598,2.8572
6752,225.067,1120,0,2505,1908,10.1214,-3.4488
6753,225.100,1119,0,2505,1906,8.8947,-4.0235
6754,225.133,1143,0,2513,1909,-0.7696,-8.0645
6755,225.167,1144,0,2528,1908,-0.7550,-6.4272
6756,225.200,1142,0,2528,1908,-1.5589,-4.0683
6757,225.233,1141,0,2526,1908,0.9328,-3.2032
6758,225.267,1152,0,2533,1909,-3.0132,2.4158
6759,225.300,1151,0,2534,1908,-2.7690,3.0203
6760,225.333,1153,0,2535,1908,-2.8433,2.3751
6761,225.367,1154,1,2536,1909,-3.4179,3.7004
6762,225.400,1155,0,2537,1909,-1.6651,4.1393
6763,225.433,1154,0,2537,1909,-1.4796,5.0577
6764,225.467,1154,0,2537,1910,-2.7605,4.9798
6765,225.500,1154,0,2537,1910,-2.8044,4.1759
6766,225.533,1152,0,2536,1910,0.0078,3.3399
6767,225.567,1146,6,2534,1910,7.5426,2.4287
6768,225.600,1147,5,2534,1910,9.2058,2.5491
6769,225.633,1146,6,2532,1910,10.5406,2.4482
6770,225.667,1145,6,2531,1911,12.3860,1.3263
6771,225.700,1141,3,2529,1911,13.8341,1.4266
6772,225.733,1140,7,2529,1911,13.9529,3.2930
6773,225.767,1139,10,2529,1912,14.9321,5.0887
6774,225.800,1141,9,2529,1911,14.6167,3.7833
6775,225.833,1143,3,2530,1909,12.0454,5.5038
6776,225.867,1142,3,2529,1909,12.2687,4.6965
6777,225.900,1145,9,2529,1908,11.3647,3.0580
6778,225.933,1144,7,2530,1908,13.2192,2.2256
6779,225.967,1144,6,2530,1910,12.4160,2.0783
6780,226.000,1144,4,2528,1908,8.5107,5.6072
6781,226.033,1143,3,2528,1908,8.5552,3.8879
6782,226.067,1143,2,2530,1909,11.5516,4.0463
6783,226.100,1145,0,2530,1908,13.0642,4.7766
6784,226.133,1144,0,2534,1908,10.5374,2.1113
6785,226.167,1144,2,2533,1909,10.2429,3.5474
6786,226.200,1144,0,2533,1909,9.8560,3.3528
6787,226.233,1144,0,2533,1910,9.2610,3.3253
6788,226.267,1144,0,2532,1909,9.8214,3.6192
6789,226.300,1143,0,2531,1909,10.1126,4.8467
6790,226.333,1142,0,2531,1909,11.0865,2.5196
6791,226.367,1142,0,2529,1909,10.7503,3.5426
6792,226.400,1144,0,2531,1911,10.6343,2.7508
6793,226.433,1144,0,2533,1911,9.3454,3.3004
6794,226.467,1144,0,2532,1912,9.2948,2.9612
6795,226.500,1144,0,2532,1911,10.0261,3.0916
6796,226.533,1143,0,2531,1911,10.5159,2.4406
6797,226.567,1143,0,2531,1911,10.4995,2.1724
6798,226.600,1143,0,2531,1911,10.4429,2.1089
6799,226.633,1142,0,2530,1911,11.9397,2.3212
6800,226.667,1142,0,2530,1911,12.5169,2.5702
6801,226.700,1142,0,2532,1912,12.1533,3.5020
6802,226.733,1141,0,2531,1912,13.9121,3.6582
6803,226.767,1141,0,2530,1912,11.8116,3.9505
6804,226.800,1142,0,2532,1912,13.2273,4.1623
6805,226.833,1141,0,2531,1913,14.3917,5.2620
6806,226.867,1142,0,2532,1914,12.5492,4.3803
6807,226.900,1142,0,2532,1914,12.9971,4.8764
6808,226.933,1143,0,2531,1914,13.0813,5.6673
6809,226.967,1144,0,2531,1915,11.9172,4.9952
6810,227.000,1143,8,2530,1916,11.1269,4.2646
6811,227.033,1144,8,2530,1917,8.0076,4.7189
6812,227.067,1144,8,2530,1917,8.2228,4.5210
6813,227.100,1145,8,2530,1917,7.5670,2.8896
6814,227.133,1145,7,2531,1918,9.3983,3.6874
6815,227.167,1147,8,2533,1920,8.0831,3.6004
6816,227.200,1147,8,2533,1920,8.3225,2.3344
6817,227.233,1149,6,2534,1921,5.4087,3.5449
6818,227.267,1149,5,2534,1921,5.4253,4.1961
6819,227.300,1147,2,2533,1919,8.4138,4.9275
6820,227.333,1135,0,2527,1923,8.2240,-11.0832
6821,227.367,1133,0,2529,1923,6.2159,-10.6898
6822,227.400,1128,0,2510,1920,13.0442,-7.0395
6823,227.433,1136,0,2514,1926,13.3909,-1.8230
6824,227.467,1130,0,2512,1925,12.3626,-1.0351
6825,227.500,1139,0,2526,1923,10.4913,-8.4649
6826,227.533,1146,0,2532,1922,9.3073,-3.8608
6827,227.567,1148,0,2531,1919,7.4641,-3.2105
6828,227.600,1150,0,2534,1920,10.8112,0.9541
6829,227.633,1149,1,2531,1918,8.5842,1.0680
6830,227.667,1148,0,2531,1918,9.6954,2.4360
6831,227.700,1147,0,2530,1918,8.3701,1.2804
6832,227.733,1147,0,2531,1918,7.9760,0.6465
6833,227.767,1147,0,2530,1918,6.8044,2.1132
6834,227.800,1147,2,2530,1918,7.4611,2.3715
6835,227.833,1147,1,2532,1919,6.7702,4.2027
6836,227.867,1147,1,2531,1919,6.4420,3.2085
6837,227.900,1148,1,2531,1919,6.9694,1.6688
6838,227.933,1148,1,2532,1918,5.5268,2.3627
6839,227.967,1147,0,2532,1918,5.5420,2.8036
6840,228.000,1148,0,2533,1913,6.2391,2.7122
6841,228.033,1149,0,2533,1913,8.4355,3.7615
6842,228.067,1149,0,2533,1913,7.9188,3.5685
6843,228.100,1149,0,2533,1913,8.0600,3.6865
6844,228.133,1149,0,2535,1914,4.8574,0.9709
6845,228.167,1148,0,2534,1915,6.1466,0.7361
6846,228.200,1147,0,2535,1915,5.0142,1.8078
6847,228.233,1147,0,2535,1915,5.0962,2.1301
6848,228.267,1147,0,2535,1915,5.3727,1.9550
6849,228.300,1147,0,2535,1916,6.6487,1.6590
6850,228.333,1147,0,2535,1916,6.7286,1.3756
6851,228.367,1147,0,2535,1915,5.7292,1.8458
6852,228.400,1147,0,2535,1916,7.6329,1.6264
6853,228.433,1147,0,2534,1914,7.9076,2.4229
6854,228.467,1149,0,2535,1915,6.5658,1.0038
6855,228.500,1148,0,2535,1916,8.4344,2.2456
6856,228.533,1148,0,2536,1915,7.9865,3.7948
6857,228.567,1149,0,2535,1913,7.5224,2.5450
6858,228.600,1148,0,2535,1912,8.6292,2.6238
6859,228.633,1148,0,2535,1912,8.2624,2.3833
6860,228.667,1147,0,2534,1910,7.4539,2.9344
6861,228.700,1147,0,2534,1911,8.4492,2.9172
6862,228.733,1147,0,2534,1911,8.0219,2.4909
6863,228.767,1147,0,2534,1911,8.1719,2.3747
6864,228.800,1146,0,2534,1911,4.9438,2.9879
6865,228.833,1146,0,2533,1909,9.2820,2.6969
6866,228.867,1141,0,2527,1892,12.3065,2.5956
6867,228.900,1142,0,2527,1891,15.0929,1.7421
6868,228.933,1143,0,2529,1892,23.3416,2.6682
6869,228.967,1143,0,2530,1893,24.2009,1.6638
6870,229.000,1143,0,2532,1892,24.5167,0.6213
6871,229.033,1144,0,2531,1893,23.1279,1.3542
6872,229.067,1144,0,2531,1892,23.6631,0.9631
6873,229.100,1144,0,2531,1892,23.9361,1.3387
6874,229.133,1143,0,2531,1891,22.9267,1.6010
6875,229.167,1142,0,2534,1893,23.9780,1.8315
6876,229.200,1142,0,2535,1893,20.3868,1.2581
6877,229.233,1141,0,2535,1894,20.0039,1.1340
6878,229.267,1143,0,2536,1894,20.6164,2.1525
6879,229.300,1141,1,2534,1893,18.9293,1.4682
6880,229.333,1141,1,2533,1893,19.0591,1.1361
6881,229.367,1141,2,2532,1892,17.5733,1.6118
6882,229.400,1142,3,2532,1892,16.6991,2.8683
6883,229.433,1142,3,2532,1892,16.9283,2.4625
6884,229.467,1141,2,2531,1892,18.6453,3.2575
6885,229.500,1141,2,2532,1892,18.0165,2.9690
6886,229.533,1142,3,2533,1892,17.6730,1.2995
6887,229.567,1142,3,2534,1892,19.9153,2.2169
6888,229.600,1143,5,2534,1893,15.5964,1.9873
6889,229.633,1143,6,2534,1894,18.2050,3.3658
6890,229.667,1144,6,2534,1891,18.2943,1.7751
6891,229.700,1145,9,2534,1893,19.5370,1.6536
6892,229.733,1145,8,2534,1892,18.5478,2.5406
6893,229.767,1145,10,2534,1893,18.8555,1.5389
6894,229.800,1146,10,2534,1894,19.4079,1.4478
6895,229.833,1144,14,2533,1894,17.2251,2.3727
6896,229.867,1144,15,2534,1896,18.2352,4.0236
6897,229.900,1143,14,2533,1894,17.8236,4.7129
6898,229.933,1143,16,2534,1895,19.8147,4.6064
6899,229.967,1143,16,2533,1895,20.7740,3.3416
6900,230.000,1141,13,2535,1900,18.7480,3.4959
6901,230.033,1142,14,2535,1900,19.1962,4.4270
6902,230.067,1142,14,2535,1900,18.9037,4.3386
6903,230.100,1142,13,2535,1900,18.1533,5.1517
6904,230.133,1141,16,2535,1899,23.7405,3.7846
6905,230.167,1140,14,2534,1900,20.9292,2.6136
6906,230.200,1140,14,2534,1901,20.7823,2.4217
6907,230.233,1140,14,2534,1900,20.9052,3.0202
6908,230.267,1139,11,2533,1901,21.3385,2.4783
6909,230.300,1140,10,2533,1902,20.0659,4.4773
6910,230.333,1139,11,2533,1902,18.8425,4.2385
6911,230.367,1139,9,2532,1902,18.5290,4.2866
6912,230.400,1140,4,2533,1901,20.0177,1.4414
6913,230.433,1140,2,2534,1901,20.0579,2.2923
6914,230.467,1141,1,2535,1901,17.7839,3.7189
6915,230.500,1141,1,2535,1902,18.8587,3.7470
6916,230.533,1139,0,2535,1900,20.6025,4.4883
6917,230.567,1140,2,2534,1899,22.2092,0.6964
6918,230.600,1140,0,2536,1899,18.8973,3.8874
6919,230.633,1138,0,2534,1900,22.7967,0.9093
6920,230.667,1137,5,2536,1903,20.7623,1.9637
6921,230.700,1135,3,2535,1904,22.8392,3.2104
6922,230.733,1133,0,2534,1903,19.9195,2.0312
6923,230.767,1131,0,2534,1904,20.9591,3.0602
6924,230.800,1132,0,2533,1902,20.5290,2.4819
6925,230.833,1131,0,2533,1904,20.8405,3.3818
6926,230.867,1132,0,2533,1904,20.2315,3.6539
6927,230.900,1133,0,2533,1904,21.8736,1.6756
6928,230.933,1132,0,2534,1906,21.6456,2.2657
6929,230.967,1132,0,2533,1905,22.4951,2.9969
6930,231.000,1131,0,2533,1907,23.7366,2.0004
6931,231.033,1130,0,2534,1907,20.7402,0.7094
6932,231.067,1129,0,2535,1911,18.9197,2.1529
6933,231.100,1131,0,2537,1911,20.2857,1.0938
6934,231.133,1132,0,2535,1910,21.7802,0.8855
6935,231.167,1132,0,2534,1911,21.7921,2.9582
6936,231.200,1132,0,2535,1911,22.4816,1.0102
6937,231.233,1131,0,2534,1911,21.8857,3.0107
6938,231.267,1131,0,2534,1911,21.5572,2.1826
6939,231.300,1131,0,2533,1913,22.1371,2.1891
6940,231.333,1130,0,2533,1913,21.2166,0.3744
6941,231.367,1132,0,2533,1913,20.9970,2.5043
6942,231.400,1132,0,2534,1913,19.7784,2.0149
6943,231.433,1131,0,2534,1915,20.3817,1.7431
6944,231.467,1131,0,2534,1914,21.1573,2.6255
6945,231.500,1131,0,2534,1915,20.7406,1.9256
6946,231.533,1131,0,2535,1913,22.8634,1.5797
6947,231.567,1128,0,2535,1911,21.1268,2.2640
6948,231.600,1128,0,2534,1910,21.0157,1.3902
6949,231.633,1128,0,2536,1910,22.1286,1.0436
6950,231.667,1130,3,2535,1908,22.8576,0.4326
6951,231.700,1133,7,2537,1907,23.1956,3.2447
6952,231.733,1133,7,2537,1908,21.9292,2.2853
6953,231.767,1132,8,2538,1910,19.2183,3.2801
6954,231.800,1131,8,2538,1910,19.9416,3.1504
6955,231.833,1132,6,2538,1908,23.7129,2.7264
6956,231.867,1132,6,2538,1908,23.1974,2.8517
6957,231.900,1131,6,2536,1907,21.2202,2.5670
6958,231.933,1131,6,2536,1906,21.6363,3.2283
6959,231.967,1131,6,2536,1906,21.3207,3.1942
6960,232.000,1132,0,2533,1905,24.1407,2.5252
6961,232.033,1132,0,2534,1906,24.7487,1.8632
6962,232.067,1130,1,2532,1905,21.5631,1.3864
6963,232.100,1130,1,2532,1906,20.8040,1.6480
6964,232.133,1130,1,2531,1903,20.3992,2.1320
6965,232.167,1129,1,2532,1901,20.1998,1.2310
6966,232.200,1128,5,2533,1900,21.5725,3.3809
6967,232.233,1128,6,2533,1900,20.3272,2.2948
6968,232.267,1129,11,2534,1900,20.0460,2.8166
6969,232.300,1128,14,2534,1900,20.9709,3.8017
6970,232.333,1128,13,2534,1901,20.2890,2.1339
6971,232.367,1127,13,2533,1902,19.4579,2.3813
6972,232.400,1128,15,2532,1903,18.0511,1.3918
6973,232.433,1129,9,2534,1904,19.8590,2.0371
6974,232.467,1128,10,2535,1906,18.2095,3.4219
6975,232.500,1128,10,2535,1905,19.0722,4.0030
6976,232.533,1129,13,2533,1908,21.2164,3.3653
6977,232.567,1130,14,2532,1908,19.9740,5.0730
6978,232.600,1131,14,2533,1908,20.0416,5.4678
6979,232.633,1133,18,2535,1909,24.1156,7.2383
6980,232.667,1132,21,2532,1909,23.0795,6.6983
6981,232.700,1129,22,2531,1909,20.9654,6.9702
6982,232.733,1128,22,2531,1909,20.8545,6.5907
6983,232.767,1127,22,2530,1909,20.2397,6.0181
6984,232.800,1127,23,2530,1908,19.8044,6.3366
6985,232.833,1126,22,2531,1909,20.8095,6.8146
6986,232.867,1127,23,2531,1909,21.5058,6.3891
6987,232.900,1127,23,2531,1909,21.3857,6.3251
6988,232.933,1127,23,2531,1909,20.8322,6.7715
6989,232.967,1128,21,2531,1910,18.2127,5.1726
6990,233.000,1129,22,2532,1903,19.4853,5.6611
6991,233.033,1128,22,2532,1902,18.1194,5.8956
6992,233.067,1128,22,2532,1902,18.2542,5.7804
6993,233.100,1128,21,2532,1902,19.9047,4.7752
6994,233.133,1128,21,2532,1903,19.9275,4.3656
6995,233.167,1128,19,2531,1901,21.8769,6.0074
6996,233.200,1128,19,2532,1901,22.0232,5.8667
6997,233.233,1128,18,2531,1899,21.7598,6.6243
6998,233.267,1128,19,2530,1900,23.0111,7.0865
6999,233.300,1128,20,2530,1900,20.9059,6.4370
7000,233.333,1128,20,2530,1900,20.5626,6.4054
7001,233.367,1128,20,2530,1900,20.8212,6.7345
7002,233.400,1128,21,2531,1900,21.1122,5.9017
7003,233.433,1128,21,2531,1901,21.9637,4.7215
7004,233.467,1128,21,2531,1901,22.3568,4.8032
7005,233.500,1128,22,2531,1901,19.9735,6.6053
7006,233.533,1128,22,2531,1902,20.6756,6.9131
7007,233.567,1128,21,2531,1902,21.8777,4.1700
7008,233.600,1128,20,2531,1902,20.6660,5.8456
7009,233.633,1128,21,2532,1902,21.6845,3.7574
7010,233.667,1128,22,2532,1901,20.9871,4.6151
7011,233.700,1128,21,2532,1900,22.0486,5.0428
7012,233.733,1128,21,2532,1901,21.3913,6.2140
7013,233.767,1128,20,2533,1901,21.4248,6.5822
7014,233.800,1128,19,2532,1902,19.1758,5.4196
7015,233.833,1128,19,2533,1903,20.4212,3.9942
7016,233.867,1129,19,2534,1904,19.6696,6.3814
7017,233.900,1129,19,2534,1904,19.7734,6.4699
7018,233.933,1129,18,2534,1905,20.9169,5.3571
7019,233.967,1129,15,2536,1909,21.9847,6.4390
7020,234.000,1137,15,2533,1902,21.7534,7.1207
7021,234.033,1120,0,2513,1906,14.6152,-1.6522
7022,234.067,1121,0,2513,1904,16.8907,-2.3279
7023,234.100,1122,0,2511,1902,16.4908,-1.3430
7024,234.133,1138,0,2528,1904,25.7451,0.7133
7025,234.167,1136,0,2529,1903,24.1348,-5.5982
7026,234.200,1140,7,2528,1901,23.4815,4.7634
7027,234.233,1133,14,2527,1900,22.0266,9.4806
7028,234.267,1133,16,2527,1898,20.1292,9.1943
7029,234.300,1132,20,2528,1899,21.2220,7.8093
7030,234.333,1131,20,2528,1900,19.6781,8.1282
7031,234.367,1133,23,2529,1901,20.7174,5.9277
7032,234.400,1133,25,2529,1901,22.6628,6.5947
7033,234.433,1133,25,2528,1900,23.1766,7.8692
7034,234.467,1133,25,2528,1900,23.4263,7.8141
7035,234.500,1133,24,2529,1900,22.9375,6.9693
7036,234.533,1133,23,2529,1899,20.3770,6.6308
7037,234.567,1132,24,2530,1899,23.4174,8.8007
7038,234.600,1132,24,2530,1899,22.6984,9.1965
7039,234.633,1132,28,2531,1899,21.4827,9.2136
7040,234.667,1131,28,2531,1899,20.5641,7.5893
7041,234.700,1131,29,2530,1898,21.5760,8.3255
7042,234.733,1130,29,2529,1898,21.7546,7.9576
7043,234.767,1132,30,2530,1898,20.7883,8.8943
7044,234.800,1130,31,2529,1898,20.4648,8.9459
7045,234.833,1128,28,2526,1895,21.9306,7.9507
7046,234.867,1128,28,2526,1895,21.1040,8.5063
7047,234.900,1126,27,2524,1897,22.0467,6.9222
7048,234.933,1125,25,2524,1896,21.8931,5.1389
7049,234.967,1127,17,2529,1907,20.5040,7.7041
7050,235.000,1130,17,2532,1908,20.3314,9.9267
7051,235.033,1131,17,2532,1908,21.2449,9.8858
7052,235.067,1131,17,2532,1908,21.0931,9.7614
7053,235.100,1132,17,2532,1909,21.7950,8.1419
7054,235.133,1131,17,2532,1910,21.1393,8.5814
7055,235.167,1132,18,2533,1910,21.7385,8.5031
7056,235.200,1132,19,2532,1910,22.2859,9.6961
7057,235.233,1133,20,2533,1910,18.3955,10.9821
7058,235.267,1133,21,2533,1910,16.7703,9.7821
7059,235.300,1132,23,2534,1910,19.0957,9.9008
7060,235.333,1133,23,2534,1911,19.9686,11.0017
7061,235.367,1133,25,2534,1911,19.6783,10.1179
7062,235.400,1133,26,2536,1911,18.3195,11.5151
7063,235.433,1130,27,2532,1912,18.9186,8.5066
7064,235.467,1130,30,2532,1912,21.6997,8.1609
7065,235.500,1127,29,2530,1915,21.2776,6.2812
7066,235.533,1127,28,2530,1914,20.5959,8.2888
7067,235.567,1128,27,2531,1914,19.1931,8.5699
7068,235.600,1128,26,2531,1914,18.4744,8.1379
7069,235.633,1128,26,2532,1915,20.3859,8.4616
7070,235.667,1128,24,2531,1913,23.0949,9.9640
7071,235.700,1127,20,2532,1914,22.8447,9.0162
7072,235.733,1127,21,2532,1915,23.6054,10.9993
7073,235.767,1127,20,2532,1915,19.8686,9.7270
7074,235.800,1128,19,2533,1915,18.8676,7.8203
7075,235.833,1127,16,2534,1917,18.9019,9.2637
7076,235.867,1127,17,2534,1916,17.9706,11.5428
7077,235.900,1126,18,2534,1916,20.9861,11.5597
7078,235.933,1125,18,2534,1915,19.9736,11.4877
7079,235.967,1127,20,2535,1916,19.0178,12.8450
7080,236.000,1128,23,2535,1917,17.7164,11.0691
7081,236.033,1126,22,2534,1917,17.8947,11.1282
7082,236.067,1126,23,2533,1918,18.9624,12.9393
7083,236.100,1125,22,2533,1918,20.0232,12.3610
7084,236.133,1124,18,2533,1916,18.5493,10.4749
7085,236.167,1123,18,2532,1916,17.1164,9.2674
7086,236.200,1123,21,2532,1917,18.2555,11.5752
7087,236.233,1122,21,2532,1917,18.4493,11.5870
7088,236.267,1121,22,2533,1919,19.7757,13.1873
7089,236.300,1122,22,2534,1919,20.9163,13.7416
7090,236.333,1121,22,2534,1919,20.7062,13.2117
7091,236.367,1122,21,2533,1921,19.2287,11.3256
7092,236.400,1123,22,2534,1920,18.9834,13.3183
7093,236.433,1125,24,2533,1918,19.7432,12.4156
7094,236.467,1125,24,2534,1918,19.1195,12.1948
7095,236.500,1125,25,2534,1918,20.2901,12.8121
7096,236.533,1125,25,2534,1918,20.1353,13.2156
7097,236.567,1125,25,2535,1917,20.2964,14.1987
7098,236.600,1125,24,2534,1917,20.6344,13.3640
7099,236.633,1126,24,2534,1918,17.4991,13.8031
7100,236.667,1125,23,2534,1918,19.0563,12.9843
7101,236.700,1124,23,2533,1916,20.4342,12.8532
7102,236.733,1124,22,2534,1916,19.5027,11.9146
7103,236.767,1124,22,2535,1917,19.5887,13.0515
7104,236.800,1124,23,2534,1916,19.9993,12.2476
7105,236.833,1125,25,2534,1915,19.2000,12.0777
7106,236.867,1125,23,2534,1915,18.7580,10.9714
7107,236.900,1125,23,2533,1914,19.5216,11.1591
7108,236.933,1128,20,2533,1915,20.6389,9.9673
7109,236.967,1129,20,2532,1916,20.8563,12.0356
7110,237.000,1126,21,2528,1913,20.9639,9.4368
7111,237.033,1125,24,2527,1912,18.5943,8.6069
7112,237.067,1125,22,2527,1912,20.5961,7.3998
7113,237.100,1125,26,2528,1912,20.0132,7.9149
7114,237.133,1123,28,2528,1913,19.0076,9.2751
7115,237.167,1121,20,2525,1915,20.4551,9.1297
7116,237.200,1121,21,2525,1914,19.4723,8.2228
7117,237.233,1122,19,2525,1914,19.4512,6.1381
7118,237.267,1122,21,2525,1913,19.6943,9.2157
7119,237.300,1121,20,2524,1912,19.4035,8.0950
7120,237.333,1121,23,2524,1913,18.2602,8.7100
7121,237.367,1121,26,2524,1912,20.2770,6.3792
7122,237.400,1121,23,2523,1911,18.1023,8.2977
7123,237.433,1121,24,2523,1909,20.2884,9.1845
7124,237.467,1121,23,2523,1910,20.2064,7.8235
7125,237.500,1121,23,2523,1910,20.3158,8.1243
7126,237.533,1121,20,2523,1911,19.1976,7.1470
7127,237.567,1121,26,2525,1911,19.5988,8.1543
7128,237.600,1123,23,2527,1912,20.8657,11.4032
7129,237.633,1126,8,2526,1907,19.3911,5.9155
7130,237.667,1126,9,2527,1908,19.7779,4.9703
7131,237.700,1122,0,2507,1900,14.9958,2.4566
7132,237.733,1127,0,2514,1907,22.6982,5.1665
7133,237.767,1128,0,2511,1907,23.9046,4.4964
7134,237.800,1127,20,2520,1907,21.1007,10.9436
7135,237.833,1129,32,2525,1909,19.6655,12.0821
7136,237.867,1129,33,2526,1910,20.9187,11.9987
7137,237.900,1130,34,2525,1911,18.5197,9.8981
7138,237.933,1130,36,2526,1911,17.8178,13.5804
7139,237.967,1131,38,2526,1911,17.3017,15.5836
7140,238.000,1129,44,2523,1907,17.6008,14.3247
7141,238.033,1129,43,2523,1909,17.8328,14.2603
7142,238.067,1129,41,2527,1908,17.5023,14.4174
7143,238.100,1130,41,2527,1907,18.8865,13.5112
7144,238.133,1130,40,2531,1908,17.5830,13.9369
7145,238.167,1130,40,2531,1910,18.5784,12.7202
7146,238.200,1128,36,2531,1909,19.4138,14.1076
7147,238.233,1129,36,2531,1910,18.8320,13.0401
7148,238.267,1128,35,2531,1911,19.0140,11.2036
7149,238.300,1125,36,2531,1911,17.7021,13.2602
7150,238.333,1126,37,2531,1911,18.6673,14.6197
7151,238.367,1124,40,2529,1910,19.5881,13.3085
7152,238.400,1124,44,2530,1911,18.1555,14.7020
7153,238.433,1124,43,2531,1913,17.5588,12.9672
7154,238.467,1124,43,2531,1913,17.5551,13.1627
7155,238.500,1125,42,2531,1912,15.7129,11.9076
7156,238.533,1125,42,2532,1911,17.3507,12.2349
7157,238.567,1125,43,2532,1911,17.1236,14.3305
7158,238.600,1125,44,2532,1911,17.2935,14.9082
7159,238.633,1125,44,2532,1911,17.3365,14.8250
7160,238.667,1124,42,2531,1912,17.9568,13.5377
7161,238.700,1123,43,2531,1911,18.8668,15.0278
7162,238.733,1123,42,2531,1911,19.4654,14.9049
7163,238.767,1125,46,2532,1912,18.2674,14.6469
7164,238.800,1125,48,2533,1912,17.8674,13.2781
7165,238.833,1123,47,2533,1911,18.0902,12.2998
7166,238.867,1123,48,2533,1911,18.9168,11.8234
7167,238.900,1124,43,2533,1910,17.7914,14.0351
7168,238.933,1123,43,2533,1911,16.9964,14.8683
7169,238.967,1123,41,2536,1910,16.6582,13.2403
7170,239.000,1122,36,2532,1908,17.5420,14.5496
7171,239.033,1122,37,2534,1908,18.6847,16.1598
7172,239.067,1122,34,2535,1907,16.9454,15.7950
7173,239.100,1123,34,2535,1907,21.2086,17.0829
7174,239.133,1123,36,2536,1907,18.9968,15.5011
7175,239.167,1123,34,2536,1908,20.5480,16.9101
7176,239.200,1124,36,2536,1908,19.0194,15.0122
7177,239.233,1129,38,2535,1910,15.1219,15.2149
7178,239.267,1129,38,2535,1912,12.4334,13.2386
7179,239.300,1128,37,2535,1912,11.1301,12.5370
7180,239.333,1128,38,2534,1912,10.2632,12.6193
7181,239.367,1129,37,2535,1912,11.3027,12.8664
7182,239.400,1128,36,2535,1911,10.4147,12.4774
7183,239.433,1129,38,2534,1911,10.9832,13.5680
7184,239.467,1129,37,2534,1911,11.2485,12.7097
7185,239.500,1129,37,2534,1910,8.8175,12.0056
7186,239.533,1130,38,2535,1910,9.0191,14.0137
7187,239.567,1130,36,2534,1910,6.4521,11.1615
7188,239.600,1131,37,2534,1910,7.1774,13.0743
7189,239.633,1130,37,2533,1909,7.1090,11.6522
7190,239.667,1131,37,2533,1909,6.7366,13.9135
7191,239.700,1131,36,2534,1910,6.9131,13.4171
7192,239.733,1129,31,2535,1909,6.0079,12.3028
7193,239.767,1130,28,2535,1908,6.7943,14.6487
7194,239.800,1129,29,2536,1912,5.4247,12.5216
7195,239.833,1130,29,2537,1914,6.0762,12.2438
7196,239.867,1131,29,2537,1914,5.6183,13.2626
7197,239.900,1131,29,2537,1913,5.9048,13.7126
7198,239.933,1131,31,2538,1912,6.3392,11.1449
7199,239.967,1132,31,2538,1912,5.0548,11.2808
7200,240.000,1130,24,2538,1916,7.4674,13.4319
7201,240.033,1129,23,2537,1916,7.0384,11.6408
7202,240.067,1128,23,2537,1916,6.6495,11.4715
7203,240.100,1128,23,2537,1916,6.1157,12.2004
7204,240.133,1128,21,2535,1914,9.4938,14.6646
7205,240.167,1130,19,2537,1915,7.2773,14.8465
7206,240.200,1129,20,2538,1916,8.0370,15.3408
7207,240.233,1131,22,2538,1919,6.7838,14.1508
7208,240.267,1131,24,2537,1919,7.3331,13.8917
7209,240.300,1129,27,2534,1919,7.5032,14.7960
7210,240.333,1129,27,2534,1919,7.7158,14.8572
7211,240.367,1129,30,2534,1919,8.2809,15.8796
7212,240.400,1130,31,2533,1918,8.5863,16.2923
7213,240.433,1129,28,2534,1921,6.8128,13.7970
7214,240.467,1130,29,2534,1920,6.4364,14.3495
7215,240.500,1130,30,2533,1919,6.6933,15.0778
7216,240.533,1130,30,2533,1919,6.3526,15.2276
7217,240.567,1131,27,2534,1921,6.5225,14.8304
7218,240.600,1130,27,2534,1922,6.0847,14.7264
7219,240.633,1131,28,2533,1922,6.4525,15.2778
7220,240.667,1133,27,2535,1922,7.1577,13.6721
7221,240.700,1133,28,2536,1923,6.0334,14.9087
7222,240.733,1133,28,2536,1923,6.2535,14.4059
7223,240.767,1134,30,2536,1923,7.1581,12.3389
7224,240.800,1134,29,2536,1924,5.4954,13.2518
7225,240.833,1133,29,2536,1923,5.4072,13.7611
7226,240.867,1133,29,2536,1923,5.6101,13.8763
7227,240.900,1133,29,2536,1924,4.9759,13.7683
7228,240.933,1133,31,2535,1923,6.3780,14.4868
7229,240.967,1134,30,2535,1923,5.9523,14.4855
7230,241.000,1135,30,2528,1915,8.2708,14.0144
7231,241.033,1135,27,2528,1915,7.0258,12.8256
7232,241.067,1135,27,2527,1915,7.8345,12.3416
7233,241.100,1135,27,2527,1915,7.8275,12.5434
7234,241.133,1136,30,2530,1914,8.1526,14.8051
7235,241.167,1136,30,2530,1915,8.2796,14.4788
7236,241.200,1136,29,2530,1914,6.4504,13.3264
7237,241.233,1136,28,2530,1915,4.7486,12.9117
7238,241.267,1136,28,2530,1914,6.5771,12.5291
7239,241.300,1136,27,2530,1915,6.6864,13.0880
7240,241.333,1136,26,2530,1915,9.2701,12.5634
7241,241.367,1136,26,2532,1916,6.9900,12.1514
7242,241.400,1136,28,2533,1916,7.1371,13.7847
7243,241.433,1135,25,2532,1914,6.9474,11.7207
7244,241.467,1134,25,2534,1916,6.4831,12.7043
7245,241.500,1134,25,2533,1916,6.4180,13.0296
7246,241.533,1136,32,2535,1916,7.3816,15.1704
7247,241.567,1144,30,2538,1914,9.1789,15.1309
7248,241.600,1144,30,2537,1914,9.3796,15.5080
7249,241.633,1145,32,2537,1914,7.4462,16.1231
7250,241.667,1145,33,2537,1914,7.8144,14.8916
7251,241.700,1145,32,2538,1913,6.5678,15.2749
7252,241.733,1144,32,2537,1913,4.7152,14.2877
7253,241.767,1144,32,2537,1914,7.1805,14.9452
7254,241.800,1144,31,2537,1912,8.0319,15.6972
7255,241.833,1144,32,2537,1913,4.7882,15.4126
7256,241.867,1144,33,2537,1914,4.9794,16.9464
7257,241.900,1144,33,2537,1914,5.1674,17.1404
7258,241.933,1145,35,2536,1915,6.2207,14.8928
7259,241.967,1145,37,2536,1915,7.9385,15.3068
7260,242.000,1144,29,2536,1911,7.6227,15.7494
7261,242.033,1144,29,2537,1910,7.1063,16.9074
7262,242.067,1144,29,2537,1910,7.1595,17.0076
7263,242.100,1145,29,2537,1910,6.3016,15.8695
7264,242.133,1145,30,2537,1909,7.4696,15.7328
7265,242.167,1145,29,2535,1909,6.0117,15.7947
7266,242.200,1146,29,2536,1908,5.4213,15.4355
7267,242.233,1145,29,2535,1908,5.0486,16.3638
7268,242.267,1145,31,2536,1910,8.8026,15.8312
7269,242.300,1144,32,2537,1912,6.0842,16.9160
7270,242.333,1144,32,2537,1912,6.1168,16.6674
7271,242.367,1144,32,2538,1912,6.1987,17.2155
7272,242.400,1144,31,2538,1913,5.3746,15.4271
7273,242.433,1144,32,2538,1912,5.3253,15.3928
7274,242.467,1143,32,2538,1911,3.1991,14.9830
7275,242.500,1143,32,2538,1911,4.3530,15.3151
7276,242.533,1144,34,2537,1912,6.0326,14.5536
7277,242.567,1143,36,2536,1912,7.6626,12.7224
7278,242.600,1143,34,2536,1912,6.8960,13.5677
7279,242.633,1143,34,2536,1912,7.5753,13.6236
7280,242.667,1150,29,2539,1914,3.5430,14.9325
7281,242.700,1151,27,2539,1914,6.8122,12.0200
7282,242.733,1150,26,2539,1914,4.1061,14.5611
7283,242.767,1149,24,2538,1912,0.4734,13.6098
7284,242.800,1149,26,2540,1913,-0.0337,12.4758
7285,242.833,1147,27,2540,1912,-1.3743,11.8554
7286,242.867,1146,28,2540,1913,-2.6736,13.4550
7287,242.900,1145,27,2539,1914,-4.7233,12.0222
7288,242.933,1145,24,2538,1915,-5.2685,11.3674
7289,242.967,1144,23,2540,1914,-6.8761,13.1686
7290,243.000,1147,30,2542,1919,-4.3975,10.5526
7291,243.033,1147,30,2542,1919,-4.3297,11.5269
7292,243.067,1147,29,2541,1919,-4.0554,12.7259
7293,243.100,1146,30,2540,1918,-3.3713,9.9931
7294,243.133,1148,29,2540,1919,-2.2504,13.2372
7295,243.167,1149,33,2540,1919,-4.7603,11.4732
7296,243.200,1150,31,2541,1920,-2.2984,12.4106
7297,243.233,1151,31,2540,1919,-3.5729,11.5809
7298,243.267,1152,28,2541,1920,-3.4355,12.1926
7299,243.300,1152,30,2541,1922,-5.0616,12.0665
7300,243.333,1150,26,2540,1919,-1.9697,7.2930
7301,243.367,1148,22,2540,1919,-1.8136,5.9887
7302,243.400,1150,29,2546,1920,-7.7146,13.5719
7303,243.433,1151,32,2545,1921,-6.0451,11.0123
7304,243.467,1151,33,2544,1922,-6.8450,11.6095
7305,243.500,1151,33,2545,1923,-6.5940,10.0251
7306,243.533,1150,37,2545,1926,-5.6790,9.6769
7307,243.567,1149,34,2545,1926,-5.0268,11.1733
7308,243.600,1150,35,2544,1927,-5.7100,9.9101
7309,243.633,1150,34,2545,1926,-5.2688,11.8708
7310,243.667,1149,36,2544,1927,-6.3154,8.1732
7311,243.700,1148,34,2543,1926,-4.6097,8.9651
7312,243.733,1147,29,2543,1924,-5.0523,10.1235
7313,243.767,1146,29,2542,1924,-5.5582,10.7794
7314,243.800,1144,24,2541,1921,-5.8941,9.4140
7315,243.833,1141,22,2541,1919,-4.9847,9.4992
7316,243.867,1142,21,2541,1918,-6.2280,8.9495
7317,243.900,1143,21,2542,1918,-7.4119,10.7954
7318,243.933,1142,18,2542,1921,-6.6654,10.5259
7319,243.967,1143,19,2541,1920,-2.8169,9.6476
7320,244.000,1149,19,2545,1923,-2.2190,7.7705
7321,244.033,1149,20,2544,1924,-1.9487,6.5973
7322,244.067,1149,17,2545,1924,-2.3377,8.0694
7323,244.100,1149,16,2545,1924,-2.1292,11.4442
7324,244.133,1149,18,2545,1923,-3.9998,10.9698
7325,244.167,1149,16,2551,1930,-2.9456,9.4683
7326,244.200,1149,16,2551,1931,-3.7258,8.8210
7327,244.233,1151,21,2555,1933,-1.7498,9.6740
7328,244.267,1150,21,2554,1932,-4.1265,10.5429
7329,244.300,1150,21,2555,1934,-3.4155,9.0361
7330,244.333,1150,21,2555,1933,-4.1821,9.5597
7331,244.367,1150,22,2555,1934,-4.0787,10.3567
7332,244.400,1150,23,2555,1934,-4.0078,11.2946
7333,244.433,1150,22,2552,1932,-2.5256,10.5159
7334,244.467,1149,22,2552,1933,-2.0545,11.0426
7335,244.500,1149,23,2552,1934,-2.0317,11.8994
7336,244.533,1148,21,2550,1934,-3.5847,8.9764
7337,244.567,1149,16,2551,1934,-0.0771,11.7920
7338,244.600,1149,17,2549,1934,-1.6532,10.5519
7339,244.633,1151,19,2547,1931,-0.7381,11.9888
7340,244.667,1152,18,2549,1931,0.1473,10.1734
7341,244.700,1150,19,2548,1923,0.0863,8.2440
7342,244.733,1150,17,2548,1924,0.2865,6.2594
7343,244.767,1151,29,2547,1916,-3.2824,11.0716
7344,244.800,1149,30,2549,1919,-4.9976,10.0197
7345,244.833,1150,30,2549,1920,-5.5696,10.4135
7346,244.867,1150,30,2549,1919,-5.2433,11.3804
7347,244.900,1151,29,2549,1920,-6.1264,11.4864
7348,244.933,1150,29,2548,1919,-5.1151,11.1729
7349,244.967,1151,29,2547,1919,-4.7862,11.5613
7350,245.000,1149,20,2544,1923,-2.6639,5.7284
7351,245.033,1149,20,2545,1923,-1.1217,6.3697
7352,245.067,1148,22,2543,1923,-0.7307,3.9066
7353,245.100,1147,22,2543,1923,-0.9220,5.5282
7354,245.133,1147,22,2543,1925,-0.7744,5.7434
7355,245.167,1146,20,2543,1925,-1.6598,5.0235
7356,245.200,1147,20,2544,1924,-1.5954,6.9277
7357,245.233,1147,19,2544,1924,-3.0627,6.6569
7358,245.267,1148,19,2544,1923,-4.1044,5.6647
7359,245.300,1148,17,2543,1921,-3.3431,5.9354
7360,245.333,1144,0,2536,1916,-3.0328,-6.3274
7361,245.367,1140,0,2526,1911,0.4215,-3.9274
7362,245.400,1136,0,2524,1913,0.8435,-5.1500
7363,245.433,1139,0,2535,1915,-0.7174,2.4399
7364,245.467,1147,0,2542,1917,-5.8526,6.4742
7365,245.500,1148,0,2541,1916,-6.7729,7.2859
7366,245.533,1145,8,2544,1922,-1.0648,7.7032
7367,245.567,1145,12,2546,1925,-1.4755,8.6382
7368,245.600,1145,14,2546,1925,-3.5543,7.3456
7369,245.633,1145,15,2546,1925,-2.9676,7.5569
7370,245.667,1146,17,2546,1926,-3.5331,9.1438
7371,245.700,1144,18,2545,1926,-1.8875,8.2401
7372,245.733,1144,18,2545,1925,-4.9635,6.7185
7373,245.767,1144,18,2545,1925,-4.4231,6.9587
7374,245.800,1144,18,2545,1924,-4.9224,7.6806
7375,245.833,1143,16,2545,1924,-3.5881,8.4080
7376,245.867,1143,13,2546,1924,-3.4134,9.1923
7377,245.900,1143,12,2546,1924,-3.4673,7.7554
7378,245.933,1146,13,2547,1923,-2.4827,7.5338
7379,245.967,1148,13,2548,1922,-0.3655,8.8875
7380,246.000,1150,13,2552,1922,-1.1264,9.8055
7381,246.033,1150,11,2553,1922,-3.0555,7.8270
7382,246.067,1150,11,2553,1922,-3.1001,8.3934
7383,246.100,1151,12,2553,1920,-2.8214,9.8322
7384,246.133,1153,14,2551,1920,2.6639,7.7703
7385,246.167,1144,4,2548,1918,7.9630,4.5618
7386,246.200,1142,2,2548,1917,5.4528,4.8831
7387,246.233,1142,1,2546,1918,5.2610,4.3772
7388,246.267,1143,0,2546,1917,7.3605,4.6140
7389,246.300,1142,0,2548,1920,4.3815,4.4576
7390,246.333,1143,0,2548,1920,7.1336,4.1037
7391,246.367,1144,3,2546,1920,8.3058,4.1355
7392,246.400,1143,1,2547,1922,8.3741,3.4307
7393,246.433,1142,1,2546,1922,5.8240,4.8579
7394,246.467,1142,1,2545,1921,6.7225,6.3806
7395,246.500,1141,2,2545,1920,7.4944,2.9429
7396,246.533,1140,0,2546,1921,8.2672,3.4505
7397,246.567,1139,0,2548,1928,7.0738,4.2948
7398,246.600,1139,0,2548,1927,7.8465,4.9100
7399,246.633,1138,0,2549,1929,9.9160,6.7054
7400,246.667,1139,0,2550,1932,8.2244,7.4563
7401,246.700,1138,0,2549,1931,6.8732,8.2600
7402,246.733,1138,0,2548,1930,6.7936,7.5464
7403,246.767,1138,0,2548,1930,6.2128,7.7741
7404,246.800,1138,0,2548,1930,6.7424,7.6958
7405,246.833,1138,0,2547,1930,6.8994,7.8702
7406,246.867,1137,0,2547,1931,7.4146,8.2617
7407,246.900,1137,0,2548,1931,7.2930,7.5173
7408,246.933,1138,0,2546,1931,6.3036,8.1849
7409,246.967,1138,0,2545,1929,6.9704,8.3496
7410,247.000,1140,0,2541,1926,8.7167,8.6529
7411,247.033,1139,0,2541,1927,7.4873,9.3806
7412,247.067,1140,0,2541,1927,6.8724,8.2294
7413,247.100,1140,0,2541,1927,6.9991,8.4763
7414,247.133,1141,0,2541,1925,8.4737,7.7293
7415,247.167,1141,0,2541,1925,8.4754,7.3564
7416,247.200,1141,0,2541,1925,9.1443,7.2805
7417,247.233,1142,0,2541,1924,8.7327,7.1704
7418,247.267,1141,0,2542,1925,7.7826,8.1134
7419,247.300,1140,1,2542,1925,7.3874,8.5981
7420,247.333,1141,0,2542,1925,7.5873,7.5691
7421,247.367,1141,0,2542,1925,7.7666,7.6845
7422,247.400,1141,3,2541,1925,8.0289,8.3481
7423,247.433,1141,5,2541,1924,7.8843,7.1051
7424,247.467,1141,5,2540,1923,7.2330,5.9238
7425,247.500,1141,5,2540,1923,7.2858,5.8323
7426,247.533,1141,5,2538,1923,9.1494,9.0672
7427,247.567,1141,5,2538,1923,8.6480,9.4137
7428,247.600,1141,6,2538,1923,7.0026,7.1598
7429,247.633,1141,6,2538,1924,7.2762,7.2820
7430,247.667,1141,7,2538,1922,7.1631,7.7436
7431,247.700,1141,7,2537,1921,7.8356,7.1282
7432,247.733,1142,7,2537,1921,8.0988,7.6801
7433,247.767,1141,8,2537,1921,8.6279,7.8870
7434,247.800,1141,9,2538,1920,8.8446,7.4293
7435,247.833,1142,9,2538,1918,8.6772,5.4242
7436,247.867,1142,11,2537,1918,9.2463,6.2914
7437,247.900,1143,11,2537,1918,8.6967,6.8070
7438,247.933,1142,13,2536,1918,8.4143,6.3457
7439,247.967,1142,14,2536,1918,10.6121,8.4000
7440,248.000,1141,22,2534,1916,11.9395,8.2183
7441,248.033,1141,23,2534,1917,11.7410,6.8850
7442,248.067,1141,22,2535,1917,11.2614,7.4310
7443,248.100,1141,22,2534,1917,11.4178,6.9005
7444,248.133,1142,20,2536,1918,9.6167,8.2088
7445,248.167,1142,21,2536,1918,8.8310,7.8564
7446,248.200,1142,21,2536,1918,8.7905,7.8604
7447,248.233,1143,20,2536,1918,9.7406,6.0932
7448,248.267,1143,19,2537,1918,9.9008,6.9142
7449,248.300,1140,15,2535,1918,10.6786,8.5807
7450,248.333,1140,14,2535,1919,10.4191,8.7601
7451,248.367,1139,10,2536,1920,6.5609,6.9435
7452,248.400,1139,11,2536,1920,7.5913,6.1432
7453,248.433,1139,12,2536,1919,9.1301,7.8077
7454,248.467,1139,12,2536,1919,9.0442,7.7288
7455,248.500,1139,13,2536,1920,8.9527,7.5250
7456,248.533,1139,13,2537,1919,10.2458,6.4297
7457,248.567,1139,14,2537,1919,11.3057,7.7893
7458,248.600,1139,13,2537,1919,10.4188,6.3106
7459,248.633,1139,13,2537,1919,10.3780,6.4625
7460,248.667,1139,13,2537,1919,10.2934,6.4497
7461,248.700,1139,13,2537,1921,10.0281,7.4015
7462,248.733,1139,13,2537,1921,9.9303,7.4085
7463,248.767,1139,12,2537,1921,9.4581,6.9283
7464,248.800,1139,11,2538,1921,8.0039,5.7558
7465,248.833,1139,10,2538,1920,9.1510,7.5597
7466,248.867,1144,18,2540,1928,10.0858,6.4539
7467,248.900,1144,18,2540,1926,9.4026,5.7615
7468,248.933,1144,16,2540,1926,10.1084,7.9557
7469,248.967,1144,16,2540,1927,8.8601,9.6183
7470,249.000,1149,13,2536,1923,12.4440,7.3740
7471,249.033,1150,6,2541,1919,8.7004,4.8620
7472,249.067,1135,0,2523,1915,10.5372,-4.2264
7473,249.100,1136,0,2529,1920,11.1380,-3.9866
7474,249.133,1145,0,2534,1922,5.5741,-5.4689
7475,249.167,1145,0,2542,1920,12.6608,-0.5878
7476,249.200,1143,0,2541,1921,10.6732,-0.3130
7477,249.233,1153,0,2543,1923,8.3630,3.7713
7478,249.267,1152,0,2542,1925,5.3708,8.2454
7479,249.300,1153,0,2543,1926,6.7858,6.8928
7480,249.333,1151,0,2543,1927,5.5097,5.6288
7481,249.367,1152,0,2542,1927,5.3930,7.5382
7482,249.400,1152,0,2542,1928,6.4368,8.5828
7483,249.433,1152,0,2542,1927,4.3268,7.7762
7484,249.467,1151,0,2544,1929,6.5791,3.6922
7485,249.500,1154,0,2546,1926,6.8117,7.2924
7486,249.533,1155,5,2545,1923,5.6523,6.0522
7487,249.567,1149,1,2547,1926,7.3249,6.1700
7488,249.600,1148,1,2550,1933,8.1758,4.7976
7489,249.633,1149,2,2549,1933,8.6918,5.9999
7490,249.667,1147,5,2549,1939,6.7214,6.4163
7491,249.700,1147,5,2549,1938,5.9352,6.5658
7492,249.733,1146,4,2549,1938,6.8542,5.7477
7493,249.767,1146,5,2549,1940,6.2243,7.5634
7494,249.800,1146,7,2548,1941,6.4538,6.9227
7495,249.833,1144,4,2547,1934,6.6875,5.3509
7496,249.867,1143,2,2547,1934,8.9504,6.3848
7497,249.900,1144,4,2548,1937,9.3039,7.3479
7498,249.933,1144,11,2542,1926,8.3575,6.4484
7499,249.967,1144,11,2542,1926,9.0701,7.0143
7500,250.000,1147,12,2542,1928,7.8847,6.9361
7501,250.033,1148,10,2542,1928,9.5961,6.3766
7502,250.067,1148,9,2541,1927,8.7481,6.5136
7503,250.100,1148,9,2541,1926,8.7388,7.1218
7504,250.133,1148,8,2542,1925,7.4376,9.7416
7505,250.167,1149,8,2542,1928,9.5036,6.5577
7506,250.200,1149,9,2542,1928,6.7831,7.6562
7507,250.233,1149,7,2541,1927,8.0180,6.0083
7508,250.267,1147,5,2541,1930,5.9246,6.7824
7509,250.300,1146,2,2539,1931,6.6315,8.7246
7510,250.333,1146,3,2537,1929,6.7534,8.9979
7511,250.367,1146,2,2538,1930,8.0867,8.0475
7512,250.400,1146,1,2538,1932,6.0582,8.2816
7513,250.433,1146,1,2537,1932,7.1056,9.4245
7514,250.467,1146,1,2536,1932,6.7161,9.4019
7515,250.500,1148,2,2537,1932,7.9234,6.4959
7516,250.533,1147,2,2537,1932,9.1183,6.4706
7517,250.567,1147,2,2537,1931,10.5276,8.2227
7518,250.600,1147,2,2537,1931,10.5495,8.7558
7519,250.633,1147,4,2537,1931,9.8605,8.8781
7520,250.667,1147,6,2537,1932,10.3034,8.7619
7521,250.700,1146,7,2537,1931,10.7918,8.9750
7522,250.733,1146,8,2537,1931,10.9881,9.5753
7523,250.767,1146,7,2537,1932,11.8603,9.5758
7524,250.800,1147,6,2538,1932,10.8367,9.1641
7525,250.833,1147,7,2538,1932,11.2926,9.5679
7526,250.867,1148,7,2539,1932,10.4308,7.8902
7527,250.900,1148,8,2539,1931,10.6128,7.9411
7528,250.933,1147,9,2540,1932,11.7307,9.3937
7529,250.967,1146,7,2540,1933,10.4790,8.6137
7530,251.000,1143,8,2544,1937,7.7939,8.3373
7531,251.033,1144,2,2542,1922,9.0430,7.4990
7532,251.067,1144,6,2543,1927,11.5525,9.4816
7533,251.100,1138,11,2543,1929,12.7552,5.4987
7534,251.133,1139,12,2539,1926,13.9688,7.6444
7535,251.167,1137,15,2536,1931,17.8188,9.9612
7536,251.200,1136,14,2536,1931,16.2731,8.4824
7537,251.233,1136,14,2536,1932,17.9727,8.5927
7538,251.267,1133,19,2532,1932,13.4987,10.6241
7539,251.300,1128,14,2531,1933,16.3892,3.8066
7540,251.333,1132,9,2529,1931,12.9360,3.2641
7541,251.367,1133,9,2531,1932,13.2788,2.5252
7542,251.400,1121,3,2534,1937,8.5245,-1.7912
7543,251.433,1123,2,2533,1935,15.0733,-0.4745
7544,251.467,1129,5,2535,1934,11.7073,1.4005
7545,251.500,1130,8,2535,1933,15.5406,7.6208
7546,251.533,1132,9,2535,1929,13.5832,8.8223
7547,251.567,1134,8,2534,1923,14.8979,7.7496
7548,251.600,1133,6,2535,1924,15.1605,8.4186
7549,251.633,1134,8,2535,1925,15.0101,9.2080
7550,251.667,1135,7,2536,1928,12.2840,10.5493
7551,251.700,1134,7,2537,1929,13.2484,9.9202
7552,251.733,1134,7,2537,1929,12.7908,9.5006
7553,251.767,1134,8,2536,1929,11.9088,9.9566
7554,251.800,1134,9,2536,1929,12.8727,10.0954
7555,251.833,1135,4,2538,1931,10.9175,9.1083
7556,251.867,1136,4,2538,1932,11.3300,7.6271
7557,251.900,1135,4,2538,1931,10.0293,8.6305
7558,251.933,1133,2,2538,1932,10.2902,8.4379
7559,251.967,1132,4,2537,1932,6.1602,8.1761
7560,252.000,1133,15,2536,1930,12.9142,6.4688
7561,252.033,1133,14,2535,1932,13.3395,9.3150
7562,252.067,1134,14,2535,1932,10.5358,10.2674
7563,252.100,1133,13,2536,1933,9.7995,8.5883
7564,252.133,1132,12,2535,1933,9.4750,8.0049
7565,252.167,1133,11,2535,1936,12.3314,5.6553
7566,252.200,1133,10,2535,1935,14.3945,3.7422
7567,252.233,1131,8,2539,1936,11.1005,6.5187
7568,252.267,1129,10,2538,1939,11.7819,7.4678
7569,252.300,1128,13,2539,1941,10.7406,3.6222
7570,252.333,1128,19,2542,1943,10.7166,6.2158
7571,252.367,1130,17,2541,1942,12.7669,4.9701
7572,252.400,1131,14,2544,1944,11.0564,4.8966
7573,252.433,1131,14,2543,1942,10.8288,6.0222
7574,252.467,1132,13,2542,1938,11.0626,6.4222
7575,252.500,1132,13,2542,1938,11.0045,6.6276
7576,252.533,1132,12,2542,1933,11.8688,6.8711
7577,252.567,1131,10,2542,1933,10.9357,6.7155
7578,252.600,1132,9,2542,1932,11.5388,6.3252
7579,252.633,1132,7,2543,1934,8.6737,6.5402
7580,252.667,1133,7,2542,1931,11.1160,6.6805
7581,252.700,1133,5,2540,1929,10.5879,6.5196
7582,252.733,1134,5,2539,1928,11.6683,7.8360
7583,252.767,1133,3,2539,1930,10.8394,7.6887
7584,252.800,1134,6,2540,1930,9.8715,6.9326
7585,252.833,1128,3,2538,1931,14.6759,-5.1079
7586,252.867,1122,11,2527,1926,11.6098,-1.8246
7587,252.900,1119,10,2528,1927,17.5951,-1.6616
7588,252.933,1130,3,2542,1933,14.7700,-4.0162
7589,252.967,1132,1,2542,1929,14.4673,2.9807
7590,253.000,1131,12,2542,1934,15.5486,3.4058
7591,253.033,1134,21,2542,1935,12.8551,4.7538
7592,253.067,1134,23,2540,1934,9.8716,7.6580
7593,253.100,1135,25,2540,1936,15.1470,6.7881
7594,253.133,1135,29,2539,1938,14.3907,10.3381
7595,253.167,1135,28,2539,1937,15.5509,10.1852
7596,253.200,1135,28,2539,1937,16.8016,10.5291
7597,253.233,1134,29,2539,1937,10.5838,10.1804
7598,253.267,1134,28,2539,1937,10.4034,9.6534
7599,253.300,1134,28,2540,1937,10.0140,9.8886
7600,253.333,1134,28,2540,1937,10.1602,10.0352
7601,253.367,1134,28,2540,1937,9.6542,10.3410
7602,253.400,1134,28,2540,1937,9.7237,10.7708
7603,253.433,1133,20,2538,1936,10.8994,8.0410
7604,253.467,1134,20,2539,1937,11.0146,8.5341
7605,253.500,1134,21,2539,1939,7.9064,8.6697
7606,253.533,1136,18,2539,1936,12.5201,10.2188
7607,253.567,1136,18,2539,1934,13.8920,10.7221
7608,253.600,1136,18,2539,1935,13.1002,10.1578
7609,253.633,1135,18,2540,1935,12.3111,11.3807
7610,253.667,1137,19,2541,1935,9.4905,10.8636
7611,253.700,1136,19,2540,1933,8.3930,10.3843
7612,253.733,1136,20,2539,1931,9.3695,11.1896
7613,253.767,1136,20,2540,1933,8.1098,9.4436
7614,253.800,1137,20,2540,1934,9.8761,9.7218
7615,253.833,1137,19,2542,1934,8.7629,9.6971
7616,253.867,1136,18,2543,1935,8.5134,10.4031
7617,253.900,1137,18,2544,1934,11.0071,10.8671
7618,253.933,1138,18,2545,1937,12.2384,10.9903
7619,253.967,1138,16,2545,1936,10.1664,10.1654
7620,254.000,1137,18,2544,1935,9.5610,10.2447
7621,254.033,1136,18,2544,1935,9.3510,10.4470
7622,254.067,1136,18,2544,1934,10.4159,9.5383
7623,254.100,1136,18,2545,1935,9.6443,11.1319
7624,254.133,1136,17,2544,1934,10.3599,10.4245
7625,254.167,1135,16,2544,1934,9.9439,10.1607
7626,254.200,1135,17,2544,1935,9.8350,9.8904
7627,254.233,1137,15,2545,1933,9.9049,9.4150
7628,254.267,1136,12,2546,1933,8.1291,11.0620
7629,254.300,1116,16,2542,1932,13.2826,-2.3747
7630,254.333,1126,22,2532,1926,13.1511,-0.3729
7631,254.367,1123,15,2531,1929,16.0058,-0.9002
7632,254.400,1132,0,2543,1930,19.2572,-0.7864
7633,254.433,1132,5,2545,1929,17.3205,4.2404
7634,254.467,1132,5,2543,1929,18.5560,4.1453
7635,254.500,1132,6,2545,1930,17.3696,5.6117
7636,254.533,1134,4,2545,1932,19.4050,5.6891
7637,254.567,1136,4,2544,1933,19.4238,6.4656
7638,254.600,1140,1,2546,1934,17.7094,5.3934
7639,254.633,1141,1,2546,1934,15.9128,7.5411
7640,254.667,1141,2,2546,1934,15.3571,8.0947
7641,254.700,1140,2,2546,1934,16.4634,5.9709
7642,254.733,1141,2,2546,1935,15.7056,7.5650
7643,254.767,1141,3,2545,1933,13.6446,5.5219
7644,254.800,1142,7,2543,1935,14.3566,3.9277
7645,254.833,1144,8,2541,1933,14.6282,4.0671
7646,254.867,1145,10,2541,1933,16.0251,6.6999
7647,254.900,1146,12,2540,1932,15.5732,5.0562
7648,254.933,1147,13,2542,1935,14.3600,5.1619
7649,254.967,1148,13,2544,1937,12.0173,5.4748
7650,255.000,1153,9,2547,1939,11.5432,6.6307
7651,255.033,1152,8,2546,1939,10.7159,7.1499
7652,255.067,1152,7,2547,1940,10.5932,6.3918
7653,255.100,1152,8,2547,1938,10.7047,5.5303
7654,255.133,1151,8,2548,1937,15.1266,6.8163
7655,255.167,1150,8,2550,1937,15.0895,8.3037
7656,255.200,1149,9,2549,1939,16.0023,8.0860
7657,255.233,1148,9,2550,1940,14.6328,8.0029
7658,255.267,1146,14,2548,1939,16.5922,7.9382
7659,255.300,1146,15,2548,1941,18.6486,8.2242
7660,255.333,1146,17,2548,1940,18.7929,12.1163
7661,255.367,1147,16,2548,1941,16.9866,8.4572
7662,255.400,1147,17,2548,1941,18.1297,8.8663
7663,255.433,1146,17,2548,1942,18.2116,9.8636
7664,255.467,1146,17,2548,1942,18.2382,9.7656
7665,255.500,1146,17,2548,1942,18.2480,9.7746
7666,255.533,1145,17,2548,1942,18.4704,9.1264
7667,255.567,1143,16,2546,1941,17.8028,9.8026
7668,255.600,1144,17,2546,1940,17.4531,11.7372
7669,255.633,1146,19,2546,1941,19.5460,10.9002
7670,255.667,1142,22,2543,1940,14.0638,9.8720
7671,255.700,1140,18,2543,1939,13.3897,10.6490
7672,255.733,1141,18,2545,1940,13.1931,11.8597
7673,255.767,1139,21,2543,1938,12.5611,8.8156
7674,255.800,1142,20,2547,1940,13.5904,11.2570
7675,255.833,1142,18,2548,1937,16.2854,10.4593
7676,255.867,1142,20,2548,1934,14.2333,9.5111
7677,255.900,1142,21,2548,1934,14.8411,10.3758
7678,255.933,1142,22,2547,1934,16.4031,9.8000
7679,255.967,1143,22,2548,1932,15.8722,10.5888
7680,256.000,1142,20,2547,1927,12.6364,10.7890
7681,256.033,1142,19,2545,1927,14.8168,9.9925
7682,256.067,1142,15,2546,1928,14.0611,9.8940
7683,256.100,1144,16,2546,1927,13.5349,9.9835
7684,256.133,1144,16,2546,1927,13.2477,10.5300
7685,256.167,1143,14,2545,1928,12.8771,10.8952
7686,256.200,1143,14,2545,1928,13.2405,10.6869
7687,256.233,1142,14,2545,1928,12.4621,9.8647
7688,256.267,1143,14,2545,1930,14.2875,11.4113
7689,256.300,1143,12,2545,1930,15.8644,10.4649
7690,256.333,1143,13,2545,1930,14.8794,11.2240
7691,256.367,1143,12,2546,1930,14.7778,10.7425
7692,256.400,1143,11,2546,1931,14.3762,10.1576
7693,256.433,1143,17,2545,1928,12.7414,10.5848
7694,256.467,1144,15,2545,1928,12.6978,10.7196
7695,256.500,1142,15,2545,1929,12.1483,10.5880
7696,256.533,1140,42,2549,1922,7.9868,10.2320
7697,256.567,1140,32,2549,1917,8.9873,13.4143
7698,256.600,1142,46,2538,1921,5.1551,7.4770
7699,256.633,1141,36,2535,1913,6.8814,10.8339
7700,256.667,1140,31,2537,1914,7.6060,7.7878
7701,256.700,1140,16,2537,1916,11.0091,7.8497
7702,256.733,1141,14,2541,1919,9.7758,8.7753
7703,256.767,1144,17,2540,1915,10.2052,10.7258
7704,256.800,1147,17,2541,1917,8.3857,9.0376
7705,256.833,1148,16,2541,1916,7.6455,8.2485
7706,256.867,1145,17,2540,1916,8.4182,7.5714
7707,256.900,1144,14,2541,1917,6.1204,8.1774
7708,256.933,1144,11,2541,1916,7.5152,8.6759
7709,256.967,1146,13,2542,1916,5.5979,8.0009
7710,257.000,1151,11,2546,1925,2.9334,7.5142
7711,257.033,1151,12,2546,1926,2.0433,7.7041
7712,257.067,1151,12,2547,1927,1.8748,8.3413
7713,257.100,1152,13,2547,1928,1.9880,6.6261
7714,257.133,1151,10,2547,1930,1.9073,8.5659
7715,257.167,1150,9,2548,1929,-0.5351,8.4837
7716,257.200,1149,7,2549,1929,0.6699,8.7785
7717,257.233,1149,7,2548,1929,-0.1118,8.0982
7718,257.267,1150,7,2549,1927,1.9447,8.4138
7719,257.300,1151,3,2547,1924,3.6323,6.0816
7720,257.333,1147,1,2544,1922,5.4253,7.2590
7721,257.367,1147,1,2544,1923,6.0768,6.5926
7722,257.400,1147,4,2545,1924,3.6719,7.6113
7723,257.433,1147,1,2543,1922,5.5618,8.0581
7724,257.467,1149,0,2544,1925,6.1279,6.9087
7725,257.500,1149,0,2546,1925,6.5938,-1.8425
7726,257.533,1130,0,2532,1918,2.9694,-4.8706
7727,257.567,1129,0,2532,1920,1.9359,-4.8663
7728,257.600,1137,0,2544,1924,3.2010,-1.4971
7729,257.633,1151,0,2549,1928,6.2337,3.5533
7730,257.667,1149,0,2549,1933,5.5996,4.2219
7731,257.700,1148,0,2549,1929,8.9133,5.2725
7732,257.733,1151,0,2549,1935,7.4319,8.3344
7733,257.767,1148,0,2549,1934,7.8755,8.1167
7734,257.800,1141,11,2546,1934,10.4986,6.7444
7735,257.833,1140,7,2546,1934,6.1542,8.3092
7736,257.867,1145,9,2551,1937,9.9413,9.6828
7737,257.900,1146,16,2551,1936,12.8829,10.6755
7738,257.933,1145,15,2552,1938,12.0026,11.2684
7739,257.967,1146,18,2553,1936,10.5493,12.4594
7740,258.000,1145,18,2552,1940,7.8382,10.9164
7741,258.033,1144,17,2552,1943,8.6407,10.2270
7742,258.067,1144,17,2552,1943,8.7800,10.1014
7743,258.100,1144,18,2552,1943,8.9031,10.5550
7744,258.133,1145,17,2552,1946,8.0419,9.7157
7745,258.167,1147,10,2553,1948,11.6650,7.6279
7746,258.200,1145,7,2554,1949,12.0341,8.0517
7747,258.233,1148,11,2553,1949,9.4053,8.8731
7748,258.267,1150,8,2556,1951,9.9099,10.0869
7749,258.300,1150,7,2558,1953,10.4861,10.6832
7750,258.333,1149,7,2557,1953,12.6204,9.3126
7751,258.367,1148,6,2557,1950,11.0010,9.6148
7752,258.400,1151,4,2557,1954,8.3737,9.4184
7753,258.433,1150,5,2556,1953,8.3673,8.4689
7754,258.467,1150,6,2557,1954,10.4229,10.8765
7755,258.500,1150,6,2557,1954,10.5625,10.9949
7756,258.533,1150,7,2556,1953,10.2550,8.7433
7757,258.567,1150,7,2555,1950,11.5442,9.0113
7758,258.600,1151,11,2554,1949,10.0681,6.7660
7759,258.633,1150,8,2556,1948,14.2480,2.1084
7760,258.667,1131,11,2531,1941,18.6583,-2.2307
7761,258.700,1132,10,2533,1941,17.7713,-2.8625
7762,258.733,1133,1,2539,1942,18.2899,-4.5550
7763,258.767,1141,1,2551,1947,16.9151,4.2894
7764,258.800,1143,0,2551,1945,15.8702,0.0023
7765,258.833,1143,7,2552,1938,17.2078,4.2782
7766,258.867,1143,11,2550,1936,16.7493,9.1437
7767,258.900,1145,9,2551,1938,18.3362,5.0321
7768,258.933,1143,12,2550,1934,16.3487,9.4358
7769,258.967,1143,13,2551,1936,17.0850,10.4291
7770,259.000,1147,13,2551,1939,16.9374,8.1471
7771,259.033,1146,14,2549,1940,17.9822,7.8981
7772,259.067,1146,14,2549,1938,17.1317,8.4634
7773,259.100,1147,14,2549,1936,17.2065,7.5027
7774,259.133,1146,18,2548,1936,19.1520,6.5061
7775,259.167,1144,17,2547,1936,21.3220,8.6372
7776,259.200,1143,16,2547,1937,20.0302,7.7042
7777,259.233,1144,16,2546,1936,21.9534,6.4474
7778,259.267,1143,19,2545,1934,19.3587,8.9101
7779,259.300,1142,18,2544,1934,18.6053,8.3046
7780,259.333,1143,18,2544,1934,20.0456,9.0581
7781,259.367,1142,17,2543,1933,20.2180,6.2563
7782,259.400,1142,17,2540,1932,19.8015,9.5802
7783,259.433,1143,13,2540,1932,15.3398,6.3221
7784,259.467,1144,13,2539,1932,15.4443,8.6650
7785,259.500,1144,12,2539,1931,15.4453,9.3454
7786,259.533,1145,15,2541,1931,18.2083,9.4990
7787,259.567,1144,12,2541,1931,15.6921,7.7206
7788,259.600,1144,11,2541,1930,16.3947,6.8643
7789,259.633,1144,12,2541,1931,16.1157,7.5148
7790,259.667,1144,10,2540,1931,15.5800,7.0219
7791,259.700,1144,10,2539,1931,16.1866,6.5956
7792,259.733,1143,11,2540,1932,16.3269,8.3328
7793,259.767,1143,11,2540,1932,16.1060,8.5602
7794,259.800,1144,14,2540,1931,15.9850,4.4485
7795,259.833,1144,13,2540,1929,13.2331,6.2537
7796,259.867,1143,12,2540,1929,14.9980,7.7642
7797,259.900,1143,13,2540,1930,13.9288,7.1721
7798,259.933,1142,12,2540,1929,13.8447,7.7573
7799,259.967,1142,11,2540,1928,15.8344,9.0248
7800,260.000,1146,9,2542,1928,16.0671,9.7818
7801,260.033,1146,10,2541,1927,14.8127,8.6473
7802,260.067,1146,10,2541,1927,14.7154,8.1578
7803,260.100,1146,11,2540,1926,14.6747,8.1365
7804,260.133,1146,11,2540,1926,14.5551,7.9799
7805,260.167,1146,13,2540,1925,14.2425,9.9702
7806,260.200,1146,14,2540,1925,13.8167,10.2758
7807,260.233,1146,14,2540,1926,14.1456,9.8802
7808,260.267,1147,15,2540,1926,14.0564,10.3034
7809,260.300,1147,15,2540,1926,13.7164,9.7743
7810,260.333,1146,14,2540,1926,13.9840,9.3799
7811,260.367,1147,15,2540,1927,14.9704,10.9222
7812,260.400,1148,18,2540,1927,18.8795,8.9681
7813,260.433,1146,18,2539,1926,18.0402,8.3212
7814,260.467,1146,18,2539,1927,17.7532,9.4499
7815,260.500,1146,18,2540,1926,18.1666,8.4301
7816,260.533,1145,19,2540,1927,18.4631,10.9741
7817,260.567,1145,19,2541,1927,19.2769,11.1102
7818,260.600,1145,19,2541,1927,19.4421,11.3098
7819,260.633,1145,20,2541,1927,20.8144,9.6030
7820,260.667,1146,20,2541,1927,20.0125,10.5567
7821,260.700,1145,20,2541,1928,20.2133,10.2786
7822,260.733,1147,20,2542,1928,16.4963,11.1402
7823,260.767,1147,19,2542,1929,15.2820,9.9313
7824,260.800,1145,18,2541,1929,14.8994,10.3407
7825,260.833,1143,16,2539,1927,12.8877,10.2751
7826,260.867,1143,16,2539,1929,14.5440,8.1377
7827,260.900,1143,16,2539,1927,11.0389,10.0068
7828,260.933,1143,22,2538,1930,12.0309,6.4047
7829,260.967,1142,21,2537,1930,12.5424,9.3866
7830,261.000,1136,26,2538,1931,9.8974,8.8443
7831,261.033,1137,26,2537,1931,13.3646,7.6304
7832,261.067,1137,26,2537,1932,13.1201,6.2809
7833,261.100,1138,27,2538,1931,12.8539,7.1700
7834,261.133,1139,26,2539,1931,12.5338,8.5255
7835,261.167,1139,26,2539,1929,10.7358,7.7662
7836,261.200,1138,26,2539,1929,10.7852,7.1728
7837,261.233,1137,22,2541,1930,10.5571,7.8827
7838,261.267,1145,21,2543,1927,9.6460,3.4607
7839,261.300,1119,13,2518,1918,15.7546,-4.1600
7840,261.333,1125,10,2521,1920,16.3503,-1.5303
7841,261.367,1135,5,2523,1927,20.3907,-5.4340
7842,261.400,1138,9,2539,1931,15.2027,-4.3080
7843,261.433,1137,10,2540,1934,9.2421,-3.7373
7844,261.467,1146,18,2550,1939,13.0387,0.7451
7845,261.500,1144,17,2548,1938,13.3129,2.3733
7846,261.533,1147,22,2550,1940,11.6118,6.8226
7847,261.567,1145,22,2549,1939,14.4258,8.0656
7848,261.600,1146,19,2548,1940,12.4525,7.2111
7849,261.633,1147,21,2547,1940,11.2529,9.6058
7850,261.667,1147,24,2548,1944,11.4104,9.3204
7851,261.700,1146,24,2546,1942,11.9965,8.9626
7852,261.733,1145,25,2545,1940,10.6524,8.9780
7853,261.767,1147,28,2546,1942,11.5966,8.2146
7854,261.800,1143,29,2546,1943,13.3669,10.4031
7855,261.833,1143,29,2541,1933,15.4397,9.6405
7856,261.867,1144,28,2540,1933,15.1150,10.2545
7857,261.900,1143,26,2540,1930,13.7399,10.8326
7858,261.933,1144,29,2542,1929,12.7347,8.6458
7859,261.967,1146,29,2541,1930,13.8421,9.2145
7860,262.000,1145,18,2547,1936,15.9717,11.0588
7861,262.033,1143,18,2548,1938,15.8344,9.2796
7862,262.067,1143,19,2548,1937,17.8849,9.4706
7863,262.100,1142,19,2549,1938,19.1074,10.2466
7864,262.133,1142,18,2550,1938,16.5208,10.9317
7865,262.167,1142,21,2548,1936,14.6177,11.4738
7866,262.200,1141,22,2547,1937,14.9957,12.5096
7867,262.233,1140,27,2548,1936,12.8564,9.5210
7868,262.267,1142,33,2549,1936,11.0073,11.2873
7869,262.300,1143,30,2550,1936,9.4057,10.8394
7870,262.333,1143,30,2550,1935,8.4151,10.4857
7871,262.367,1144,28,2551,1936,9.0644,10.1019
7872,262.400,1144,30,2552,1935,9.0233,11.8604
7873,262.433,1144,33,2551,1934,9.5643,11.1159
7874,262.467,1145,30,2551,1934,8.0831,11.0868
7875,262.500,1145,30,2551,1934,7.8871,11.2794
7876,262.533,1145,30,2550,1934,7.2583,11.6702
7877,262.567,1143,29,2549,1933,6.7134,11.9740
7878,262.600,1143,28,2549,1933,7.0953,11.9418
7879,262.633,1142,28,2549,1933,6.9550,11.6644
7880,262.667,1142,32,2549,1932,8.7129,12.7367
7881,262.700,1141,28,2548,1932,7.6963,10.1854
7882,262.733,1142,26,2548,1934,8.9510,10.4794
7883,262.767,1143,8,2545,1932,11.8562,5.8941
7884,262.800,1145,9,2547,1933,12.2838,1.9341
7885,262.833,1130,11,2518,1927,13.2667,1.2068
7886,262.867,1137,0,2534,1932,13.5878,4.3706
7887,262.900,1138,1,2525,1928,10.4989,5.8925
7888,262.933,1140,4,2539,1930,22.2415,-1.2891
7889,262.967,1144,13,2544,1928,18.0557,3.4267
7890,263.000,1144,23,2540,1927,12.9770,1.2025
7891,263.033,1143,23,2542,1929,13.6841,3.4692
7892,263.067,1142,23,2542,1929,17.0349,3.1788
7893,263.100,1141,24,2542,1930,18.1754,4.1694
7894,263.133,1141,29,2540,1929,13.4328,6.4542
7895,263.167,1142,27,2540,1928,16.0902,6.4026
7896,263.200,1142,27,2540,1928,16.6736,6.2323
7897,263.233,1141,27,2540,1928,14.7401,7.1801
7898,263.267,1141,25,2540,1929,16.6058,5.8822
7899,263.300,1141,22,2540,1927,15.9681,8.2012
7900,263.333,1140,22,2539,1927,15.2780,8.0867
7901,263.367,1141,24,2539,1927,15.5129,6.6169
7902,263.400,1141,32,2539,1927,14.0944,7.6656
7903,263.433,1142,26,2539,1925,14.0109,6.8527
7904,263.467,1144,25,2541,1923,13.0328,7.0937
7905,263.500,1145,30,2542,1925,11.1985,9.5620
7906,263.533,1146,35,2546,1925,6.8609,10.8612
7907,263.567,1146,38,2546,1926,9.5747,11.6506
7908,263.600,1145,40,2546,1926,7.0102,11.1680
7909,263.633,1145,39,2546,1926,8.1845,10.9157
7910,263.667,1145,40,2544,1928,6.7465,11.2052
7911,263.700,1145,39,2544,1929,7.4578,10.3847
7912,263.733,1145,39,2545,1927,7.2413,10.9756
7913,263.767,1146,40,2544,1927,7.6577,12.3006
7914,263.800,1147,36,2543,1926,6.8887,12.0905
7915,263.833,1148,31,2544,1927,8.5556,6.7103
7916,263.867,1147,26,2543,1930,8.2371,8.9468
7917,263.900,1147,27,2539,1932,9.2077,10.3371
7918,263.933,1146,28,2539,1939,9.0833,8.3379
7919,263.967,1146,27,2539,1939,9.1966,8.9641
7920,264.000,1146,28,2537,1936,11.6389,6.2098
7921,264.033,1146,30,2537,1936,11.6645,7.1952
7922,264.067,1145,30,2537,1936,11.1886,8.0595
7923,264.100,1146,30,2537,1935,11.4511,7.6379
7924,264.133,1145,29,2537,1935,12.4269,7.0030
7925,264.167,1145,33,2537,1932,10.8653,6.4373
7926,264.200,1145,32,2538,1931,11.8062,5.9921
7927,264.233,1144,32,2538,1931,11.2451,6.3690
7928,264.267,1144,32,2538,1932,11.4703,7.0430
7929,264.300,1144,32,2539,1933,13.3501,9.0225
7930,264.333,1142,36,2540,1938,12.6430,8.1818
7931,264.367,1141,36,2540,1937,9.1948,10.5136
7932,264.400,1147,21,2551,1948,8.1657,7.6386
7933,264.433,1147,19,2550,1946,8.7984,8.9947
7934,264.467,1147,18,2550,1946,9.5710,8.8249
7935,264.500,1147,18,2550,1946,9.7469,8.9608
7936,264.533,1147,16,2550,1947,11.1548,10.0679
7937,264.567,1146,17,2550,1945,10.7551,8.0660
7938,264.600,1145,18,2552,1944,10.4672,10.3089
7939,264.633,1146,21,2552,1944,10.8408,8.0714
7940,264.667,1147,22,2552,1944,7.9654,9.5353
7941,264.700,1145,21,2551,1945,11.9962,10.1820
7942,264.733,1145,19,2550,1945,9.9359,6.8902
7943,264.767,1147,21,2550,1947,9.7824,7.7754
7944,264.800,1147,26,2550,1948,14.2742,6.4983
7945,264.833,1147,25,2550,1948,14.4782,5.0868
7946,264.867,1147,24,2549,1948,14.8625,5.6375
7947,264.900,1146,24,2549,1949,14.3109,3.7838
7948,264.933,1147,26,2550,1947,15.7120,6.5586
7949,264.967,1147,18,2546,1937,12.4111,5.0103
7950,265.000,1150,2,2542,1931,11.2613,6.6594
7951,265.033,1148,4,2542,1923,11.5696,4.3173
7952,265.067,1150,9,2540,1918,9.2585,2.1735
7953,265.100,1149,5,2543,1918,7.8260,2.0086
7954,265.133,1150,4,2543,1919,9.9877,4.4350
7955,265.167,1152,3,2543,1921,4.4608,4.6799
7956,265.200,1151,0,2546,1926,3.7141,7.3789
7957,265.233,1150,0,2546,1925,5.4381,6.2444
7958,265.267,1148,0,2545,1927,5.3811,6.7086
7959,265.300,1147,0,2545,1926,6.6654,7.3872
7960,265.333,1147,0,2545,1923,5.0066,7.9800
7961,265.367,1152,0,2550,1924,3.1756,9.2211
7962,265.400,1152,0,2551,1924,2.1671,6.6422
7963,265.433,1153,0,2552,1925,0.6411,7.7511
7964,265.467,1153,0,2554,1929,-0.8287,8.9021
7965,265.500,1153,0,2554,1930,0.0690,7.3996
7966,265.533,1153,1,2555,1929,-0.8023,7.6753
7967,265.567,1153,0,2555,1930,-1.3549,8.7860
7968,265.600,1154,2,2555,1929,-0.3569,9.0314
7969,265.633,1155,3,2554,1929,0.1060,5.6863
7970,265.667,1156,6,2554,1929,0.8516,7.1607
7971,265.700,1155,6,2553,1929,0.2576,10.0086
7972,265.733,1154,6,2552,1930,1.0826,9.0005
7973,265.767,1134,0,2542,1933,2.2727,-5.1615
7974,265.800,1134,0,2540,1931,0.9332,-5.4289
7975,265.833,1149,0,2549,1931,-1.1487,-5.7083
7976,265.867,1146,0,2554,1935,3.8107,-3.6997
7977,265.900,1142,0,2551,1935,3.2362,-2.3634
7978,265.933,1148,0,2555,1935,7.3425,-0.7542
7979,265.967,1148,0,2553,1935,6.4461,3.7220
7980,266.000,1147,0,2557,1935,6.1752,4.1739
7981,266.033,1146,0,2558,1940,5.5420,3.3096
7982,266.067,1150,0,2555,1932,6.9799,4.9919
7983,266.100,1151,0,2555,1928,6.6222,5.6148
7984,266.133,1130,0,2554,1932,4.9991,8.4801
7985,266.167,1133,0,2550,1931,7.2597,7.3552
7986,266.200,1136,0,2547,1930,9.3193,5.2562
7987,266.233,1139,0,2548,1927,7.8616,5.9409
7988,266.267,1145,0,2547,1933,10.7098,6.5996
7989,266.300,1143,0,2545,1931,12.7503,6.2973
7990,266.333,1144,0,2544,1930,10.4238,6.1938
7991,266.367,1143,0,2545,1929,10.9062,6.6884
7992,266.400,1142,0,2541,1928,12.5937,5.0757
7993,266.433,1138,0,2541,1929,12.9647,3.0961
7994,266.467,1136,0,2541,1927,13.4426,7.4113
7995,266.500,1139,0,2542,1928,13.6899,4.9560
7996,266.533,1138,0,2543,1929,14.6054,3.0670
7997,266.567,1137,0,2544,1930,14.1668,4.3841
7998,266.600,1137,0,2544,1930,14.3858,3.8317
7999,266.633,1137,0,2544,1930,14.4089,4.6897
8000,266.667,1138,0,2547,1933,13.9805,3.9742
8001,266.700,1140,0,2547,1935,14.7571,4.1505
8002,266.733,1138,0,2548,1936,15.3691,4.1371
8003,266.767,1140,0,2548,1938,12.0303,4.3015
8004,266.800,1139,0,2547,1939,13.1833,3.3605
8005,266.833,1139,0,2544,1936,14.3981,2.6617
8006,266.867,1137,0,2544,1935,15.6190,4.9704
8007,266.900,1138,0,2543,1937,17.9451,5.3581
8008,266.933,1140,0,2545,1937,15.5690,5.4057
8009,266.967,1139,0,2543,1933,12.9362,4.8997
8010,267.000,1141,3,2549,1945,12.3099,8.0861
8011,267.033,1142,1,2549,1945,14.4004,9.4297
8012,267.067,1142,2,2550,1947,13.7695,8.6533
8013,267.100,1142,2,2549,1945,14.7203,8.6723
8014,267.133,1142,4,2550,1942,12.2800,8.0421
8015,267.167,1142,4,2549,1944,12.9915,8.4775
8016,267.200,1142,4,2549,1944,13.6469,8.4965
8017,267.233,1142,4,2549,1943,13.8044,8.2605
8018,267.267,1143,6,2549,1945,12.8276,7.3071
8019,267.300,1144,9,2548,1944,10.2606,8.1230
8020,267.333,1144,10,2545,1943,7.9535,7.0877
8021,267.367,1144,10,2544,1941,7.4441,6.2299
8022,267.400,1144,13,2543,1941,6.5174,6.5502
8023,267.433,1142,11,2542,1940,8.6394,6.2478
8024,267.467,1143,11,2542,1943,9.0918,6.3598
8025,267.500,1143,12,2542,1941,8.1102,5.8105
8026,267.533,1144,9,2542,1943,8.9602,6.3710
8027,267.567,1142,6,2542,1948,8.3934,5.8431
8028,267.600,1143,8,2541,1947,8.2115,5.7354
8029,267.633,1143,7,2541,1947,8.0633,6.7100
8030,267.667,1143,5,2541,1947,6.1258,7.3100
8031,267.700,1143,6,2542,1946,8.2647,6.4165
8032,267.733,1142,5,2542,1943,9.1703,7.5787
8033,267.767,1143,6,2542,1945,8.1384,6.8938
8034,267.800,1142,10,2542,1947,8.4461,6.5700
8035,267.833,1141,10,2542,1947,7.7816,7.1442
8036,267.867,1140,11,2543,1947,6.2140,8.6980
8037,267.900,1141,11,2542,1946,6.2493,8.0449
8038,267.933,1142,12,2541,1942,10.1192,8.8900
8039,267.967,1141,11,2541,1947,9.7569,8.9926
8040,268.000,1140,12,2537,1936,7.9738,8.8771
8041,268.033,1140,12,2537,1936,8.0262,8.9350
8042,268.067,1140,11,2537,1936,8.4118,8.3190
8043,268.100,1140,12,2538,1937,9.4062,9.9111
8044,268.133,1140,13,2539,1938,10.8720,11.0834
8045,268.167,1140,15,2539,1938,11.4858,9.0013
8046,268.200,1141,14,2539,1936,13.1069,9.6052
8047,268.233,1141,16,2539,1937,10.9594,9.8704
8047,268.233,3478,1543,3629,1698,10.8625,-21.1250
8048,268.267,1141,17,2540,1940,12.1794,9.0623
8049,268.300,1142,13,2542,1939,12.2332,9.4596
8050,268.333,1143,12,2541,1938,10.7960,9.0061
8051,268.367,1144,10,2543,1939,10.6850,9.4222
8052,268.400,1144,14,2544,1939,14.6272,11.0048
8053,268.433,1144,14,2544,1939,14.1570,11.0610
8054,268.467,1144,16,2544,1939,13.6463,10.5511
8055,268.500,1144,16,2544,1939,13.4380,10.7391
8056,268.533,1144,17,2546,1941,10.8811,13.0344
8057,268.567,1141,18,2544,1940,13.4024,11.9637
8058,268.600,1142,17,2542,1937,11.5216,10.6491
8059,268.633,1141,19,2542,1937,13.7573,11.3871
8060,268.667,1140,22,2543,1936,14.2446,10.9625
8061,268.700,1141,22,2543,1934,13.9437,10.3862
8062,268.733,1140,23,2544,1934,13.8477,10.2134
8063,268.767,1140,22,2544,1934,14.7042,11.4903
8064,268.800,1141,23,2544,1934,14.7294,9.8114
8065,268.833,1142,24,2545,1934,12.6376,9.5016
8066,268.867,1141,24,2545,1934,13.3715,10.2933
8067,268.900,1141,25,2546,1934,10.6271,9.5590
8068,268.933,1141,24,2546,1933,11.1240,9.4856
8069,268.967,1139,24,2548,1935,10.7491,10.7617
8070,269.000,1142,27,2549,1939,8.7040,11.7395
8071,269.033,1134,0,2543,1949,13.8033,-2.2997
8072,269.067,1124,0,2527,1933,9.6742,-1.9888
8073,269.100,1126,0,2526,1933,11.1786,-1.9679
8074,269.133,1141,0,2538,1939,8.9252,-2.2908
8075,269.167,1143,0,2548,1942,15.3562,-4.8510
8076,269.200,1143,0,2546,1941,17.2480,-0.2198
8077,269.233,1146,1,2549,1938,17.1938,1.1901
8078,269.267,1151,6,2551,1939,19.3247,3.9682
8079,269.300,1150,10,2549,1935,16.3983,4.9587
8080,269.333,1151,7,2547,1936,16.6035,4.9391
8081,269.367,1150,7,2547,1933,18.3911,5.2882
8082,269.400,1150,10,2549,1933,18.2099,7.7455
8083,269.433,1149,10,2547,1933,17.4835,8.1414
8084,269.467,1150,10,2546,1939,15.0833,4.5968
8085,269.500,1151,10,2546,1938,14.1713,1.5756
8086,269.533,1153,7,2545,1937,8.1389,3.4693
8087,269.567,1152,5,2545,1938,7.7867,4.9606
8088,269.600,1152,5,2545,1938,6.4073,4.1750
8089,269.633,1152,5,2544,1940,6.7500,4.2592
8090,269.667,1152,5,2544,1938,6.8612,5.1399
8091,269.700,1152,3,2545,1938,7.4429,5.8876
8092,269.733,1153,3,2546,1937,6.7208,5.2134
8093,269.767,1153,3,2546,1937,6.9998,4.6775
8094,269.800,1153,0,2547,1938,6.1836,7.4951
8095,269.833,1152,0,2547,1939,8.4191,5.6661
8096,269.867,1152,1,2546,1939,8.0237,4.9279
8097,269.900,1151,3,2546,1939,6.1353,2.0563
8098,269.933,1152,5,2547,1939,14.1930,5.5277
8099,269.967,1153,7,2550,1938,15.8251,7.0488
8100,270.000,1150,7,2548,1938,18.8830,3.4960
8100,270.000,3471,1535,3618,1697,13.5348,-19.1805
8101,270.033,1148,8,2547,1935,20.4371,3.1882
8101,270.033,3471,1535,3617,1696,-13.1431,-21.9846
8102,270.067,1147,6,2548,1935,21.6188,4.8083
8103,270.100,1148,8,2546,1936,20.3605,6.2233
8104,270.133,1148,10,2544,1936,18.1454,5.4894
8105,270.167,1146,10,2543,1933,19.5871,6.2790
8106,270.200,1146,10,2543,1933,20.0247,6.4733
8107,270.233,1147,10,2542,1933,18.0451,7.6550
8108,270.267,1145,11,2543,1934,17.8816,8.1911
8109,270.300,1144,14,2542,1933,19.1660,8.0949
8110,270.333,1144,16,2544,1933,20.4895,8.0576
8111,270.367,1142,12,2542,1933,19.9343,7.1817
8112,270.400,1140,12,2543,1935,20.2230,7.9160
8113,270.433,1132,0,2543,1935,14.6528,-3.0099
8114,270.467,1127,0,2541,1934,11.0658,-4.3362
8115,270.500,1136,12,2521,1932,12.5237,-2.4947
8116,270.533,1130,4,2530,1928,14.1395,2.5119
8117,270.567,1127,1,2527,1928,11.9897,-0.1946
8118,270.600,1141,10,2546,1932,15.1101,0.9135
8119,270.633,1136,15,2552,1927,12.1679,2.0880
8120,270.667,1135,13,2550,1929,11.4896,4.7142
8121,270.700,1131,13,2547,1930,11.5946,3.2518
8122,270.733,1133,11,2547,1929,9.2597,6.7323
8123,270.767,1135,11,2547,1930,11.1709,6.4208
8124,270.800,1136,7,2548,1932,12.2058,4.8428
8125,270.833,1135,12,2545,1934,14.0731,5.9421
8126,270.867,1135,13,2545,1935,14.7393,6.2560
8127,270.900,1136,17,2546,1935,15.0906,6.2787
8128,270.933,1135,18,2542,1933,17.6906,7.9057
8129,270.967,1135,17,2542,1934,14.8478,7.8312
8130,271.000,1136,20,2542,1928,13.9227,8.4962
8131,271.033,1139,24,2543,1929,14.1544,8.0794
8132,271.067,1139,24,2542,1929,13.4875,9.3474
8133,271.100,1143,10,2543,1946,9.5638,7.6909
8134,271.133,1143,8,2543,1945,11.1595,6.3715
8135,271.167,1143,8,2544,1944,11.8956,6.6178
8136,271.200,1142,8,2544,1944,10.0032,7.6772
8137,271.233,1142,9,2545,1945,7.0573,8.3115
8138,271.267,1142,8,2545,1946,9.7986,7.4190
8139,271.300,1143,6,2545,1943,10.0048,7.7656
8140,271.333,1141,7,2545,1943,10.6271,7.0547
8141,271.367,1141,10,2546,1943,8.6655,7.7175
8142,271.400,1142,9,2546,1944,8.4020,7.7803
8143,271.433,1142,12,2546,1942,9.8558,7.2488
8144,271.467,1143,12,2546,1942,9.6741,8.2193
8145,271.500,1143,12,2547,1940,11.1481,8.3009
8146,271.533,1143,13,2548,1941,8.1565,8.0733
8147,271.567,1142,12,2548,1945,10.6366,7.4179
8148,271.600,1142,13,2549,1946,9.9396,7.0113
8149,271.633,1143,14,2548,1948,8.2022,5.9984
8150,271.667,1142,10,2548,1947,12.1597,8.0927
8151,271.700,1140,11,2549,1948,9.4259,7.6553
8152,271.733,1138,7,2551,1948,5.1026,4.4144
8153,271.767,1137,15,2547,1952,5.3841,-0.8848
8154,271.800,1133,16,2543,1950,5.7808,-1.4647
8155,271.833,1127,7,2525,1942,9.5325,0.8202
8156,271.867,1140,16,2544,1948,6.4592,-1.2992
8157,271.900,1140,14,2541,1946,6.3530,-0.5244
8158,271.933,1137,15,2546,1943,11.9507,-3.0398
8159,271.967,1143,18,2548,1947,12.9080,3.8699
8160,272.000,1144,21,2551,1953,15.6218,4.2939
8161,272.033,1142,13,2549,1954,11.9771,6.8348
8162,272.067,1142,10,2548,1955,15.6813,6.9384
8163,272.100,1141,10,2548,1955,15.9767,6.6323
8164,272.133,1139,10,2547,1956,13.4555,7.2136
8165,272.167,1140,12,2547,1953,11.5420,6.9280
8166,272.200,1140,13,2548,1952,11.9538,4.4066
8167,272.233,1141,14,2548,1952,11.6714,4.2353
8168,272.267,1141,14,2548,1953,11.4085,4.1327
8169,272.300,1139,13,2548,1952,11.3316,5.5730
8170,272.333,1140,10,2548,1952,12.7525,7.6758
8171,272.367,1140,11,2549,1952,13.4872,6.6846
8172,272.400,1139,10,2549,1951,11.4841,6.7655
8173,272.433,1137,3,2548,1951,9.8455,8.2722
8174,272.467,1138,0,2547,1947,13.9822,5.3505
8175,272.500,1137,0,2547,1947,13.8639,7.0229
8176,272.533,1136,0,2547,1947,10.5104,6.5311
8177,272.567,1137,4,2547,1946,13.9196,9.4416
8178,272.600,1137,3,2546,1944,13.2510,7.8722
8179,272.633,1138,3,2547,1942,12.6645,8.2635
8180,272.667,1139,6,2549,1944,14.5054,9.5259
8181,272.700,1139,6,2548,1944,12.2923,8.6618
8182,272.733,1139,6,2547,1943,12.1224,9.1780
8183,272.767,1140,7,2547,1943,11.7395,9.1960
8184,272.800,1142,9,2550,1944,15.1052,8.5442
8185,272.833,1141,11,2550,1946,13.7214,6.8342
8186,272.867,1139,4,2550,1948,13.9409,7.9435
8187,272.900,1139,5,2551,1949,12.9790,8.5593
8188,272.933,1140,3,2554,1953,14.1163,7.6573
8189,272.967,1141,1,2556,1952,14.1337,8.1526
8190,273.000,1142,1,2554,1952,17.9149,8.9574
8191,273.033,1142,3,2556,1954,13.2674,7.7208
8192,273.067,1142,5,2556,1952,11.7934,7.9017
8193,273.100,1142,6,2555,1951,12.3924,8.5047
8194,273.133,1141,5,2556,1955,15.2898,6.0365
8195,273.167,1139,3,2555,1953,12.1508,6.7504
8196,273.200,1140,2,2555,1952,14.2038,8.1359
8197,273.233,1140,0,2558,1959,11.3481,9.2515
8198,273.267,1140,0,2557,1955,12.2478,7.4813
8199,273.300,1142,0,2557,1954,12.9692,9.0636
8200,273.333,1142,0,2557,1954,12.8992,9.0133
8201,273.367,1143,0,2557,1954,14.9100,10.4535
8202,273.400,1143,0,2556,1954,15.2486,10.9644
8203,273.433,1143,3,2554,1953,14.4556,9.7761
8204,273.467,1143,3,2554,1952,13.3014,9.6520
8205,273.500,1144,6,2552,1953,14.3014,10.0515
8206,273.533,1144,7,2552,1952,10.1935,9.6801
8207,273.567,1140,0,2549,1948,11.5197,7.8442
8208,273.600,1140,1,2551,1948,12.5043,9.5302
8209,273.633,1144,0,2549,1949,11.3474,7.9659
8210,273.667,1143,0,2551,1951,9.7153,9.3232
8211,273.700,1140,0,2550,1951,13.0932,7.2034
8212,273.733,1140,0,2551,1952,11.5519,8.0527
8213,273.767,1142,0,2552,1955,11.9971,7.4440
8214,273.800,1142,0,2553,1956,11.5678,7.6709
8215,273.833,1142,0,2554,1958,12.5539,8.6154
8216,273.867,1141,0,2554,1958,14.7966,7.4450
8217,273.900,1142,0,2554,1958,12.4313,8.4719
8218,273.933,1141,0,2555,1958,14.7535,8.3450
8219,273.967,1140,0,2557,1959,13.2038,8.1411
8220,274.000,1142,0,2558,1954,12.2214,7.8727
8221,274.033,1143,0,2558,1954,11.0924,7.8557
8222,274.067,1143,0,2557,1954,11.3058,9.1023
8223,274.100,1142,0,2557,1954,13.3386,8.1016
8224,274.133,1141,0,2560,1956,7.3593,-3.3174
8225,274.167,1141,0,2561,1956,10.5458,-4.5418
8226,274.200,1136,0,2545,1952,11.9452,-0.6149
8227,274.233,1141,0,2557,1957,10.5890,-1.4187
8228,274.267,1136,0,2540,1948,10.8721,-3.0006
8229,274.300,1139,0,2561,1953,15.1473,2.2524
8230,274.333,1144,0,2560,1950,12.3669,5.9012
8231,274.367,1144,0,2559,1950,13.8671,3.5390
8232,274.400,1142,0,2557,1951,14.8432,6.5108
8233,274.433,1143,0,2555,1950,13.0371,7.2512
8234,274.467,1143,0,2555,1949,12.2094,7.0899
8235,274.500,1144,0,2554,1949,12.5455,8.2353
8236,274.533,1143,0,2553,1948,10.3782,8.0325
8237,274.567,1141,0,2554,1950,13.4227,7.5295
8238,274.600,1142,0,2553,1946,11.0670,7.3533
8239,274.633,1143,0,2554,1948,9.9879,7.8248
8240,274.667,1145,0,2554,1942,12.1404,8.2997
8241,274.700,1144,0,2556,1943,13.2837,9.0719
8242,274.733,1144,0,2556,1943,13.2487,9.2258
8243,274.767,1144,0,2556,1943,13.2959,9.0715
8244,274.800,1146,0,2558,1945,10.9349,10.4616
8245,274.833,1146,0,2557,1943,12.0789,11.1532
8246,274.867,1146,0,2557,1942,10.4694,10.5979
8247,274.900,1146,0,2557,1943,12.0906,11.2696
8248,274.933,1147,0,2556,1942,11.6378,10.0491
8249,274.967,1148,0,2556,1941,11.9824,8.8456
8250,275.000,1151,0,2556,1944,8.9434,9.5756
8251,275.033,1151,0,2555,1946,7.4002,10.1704
8252,275.067,1150,0,2555,1945,7.1807,9.2172
8253,275.100,1150,0,2555,1946,7.0853,8.8487
8254,275.133,1150,0,2556,1945,8.1121,8.5661
8255,275.167,1152,0,2556,1941,7.2014,8.1642
8256,275.200,1151,0,2556,1940,7.3510,9.7038
8257,275.233,1152,0,2557,1941,6.9835,9.1570
8258,275.267,1150,7,2560,1943,7.8320,10.3956
8259,275.300,1147,9,2564,1944,5.1812,13.0531
8260,275.333,1147,7,2564,1946,8.1379,13.2610
8261,275.367,1146,6,2566,1943,7.3160,11.8352
8262,275.400,1146,6,2566,1942,7.3413,13.2141
8263,275.433,1146,6,2566,1944,7.2887,13.1395
8264,275.467,1146,6,2567,1944,5.7898,14.5323
8265,275.500,1144,8,2568,1944,6.1265,13.9006
8266,275.533,1145,7,2568,1945,5.7524,13.4109
8267,275.567,1144,5,2568,1947,7.3383,13.9832
8267,275.567,3474,1542,3614,1693,8.3236,-2.4921
8268,275.600,1145,6,2568,1946,7.3909,14.1178
8268,275.600,3474,1542,3614,1693,8.7925,-2.4000
8269,275.633,1144,7,2568,1946,6.0826,13.7334
8269,275.633,3474,1542,3614,1693,8.7925,-2.4000
8270,275.667,1144,6,2568,1947,7.0782,13.3506
8270,275.667,3475,1543,3613,1694,14.5143,-5.9355
8271,275.700,1144,5,2568,1948,8.0553,13.0900
8271,275.700,3474,1542,3613,1693,15.5704,-3.9351
8272,275.733,1144,6,2568,1947,6.9251,12.9020
8272,275.733,3474,1542,3613,1693,15.5704,-3.9351
8273,275.767,1144,6,2568,1948,5.1184,13.1215
8273,275.767,3474,1542,3613,1693,13.8849,-3.6664
8274,275.800,1145,5,2568,1950,8.9545,13.8742
8274,275.800,3474,1542,3613,1693,15.5973,-3.2250
8275,275.833,1144,0,2569,1950,8.8226,13.5797
8275,275.833,3474,1542,3613,1693,13.7896,-4.3329
8276,275.867,1144,0,2568,1950,11.2857,12.3838
8277,275.900,1143,0,2568,1950,10.1439,11.7371
8278,275.933,1144,0,2568,1951,11.4006,12.7335
8279,275.967,1144,0,2566,1950,10.4305,11.1442
8279,275.967,3473,1543,3613,1693,21.9057,-0.5180
8280,276.000,1142,0,2567,1955,12.7447,10.8307
8281,276.033,1142,0,2568,1958,11.8376,10.4497
8281,276.033,3472,1545,3611,1694,35.8604,-2.7512
8282,276.067,1144,0,2568,1957,11.3480,10.8727
8283,276.100,1143,0,2568,1956,11.8997,11.4795
8284,276.133,1144,0,2567,1955,12.4174,9.0278
8284,276.133,3468,1541,3610,1693,23.1483,-6.6216
8285,276.167,1146,0,2567,1956,11.8431,10.0637
8286,276.200,1145,0,2568,1955,11.7421,9.9357
8287,276.233,1146,0,2569,1956,10.4195,9.7486
8288,276.267,1146,0,2571,1955,10.9502,9.4498
8289,276.300,1146,0,2571,1956,11.1780,10.2932
8290,276.333,1145,0,2567,1952,11.3911,10.5352
8291,276.367,1148,0,2567,1952,8.5715,12.0721
8292,276.400,1152,0,2564,1947,8.0522,11.8375
8293,276.433,1154,0,2563,1947,4.7778,11.3391
8294,276.467,1154,0,2563,1947,5.2136,11.3125
8295,276.500,1155,0,2563,1948,6.6941,10.1753
8296,276.533,1154,0,2562,1948,6.7019,10.4931
8297,276.567,1154,0,2562,1948,6.5972,10.5862
8298,276.600,1155,0,2563,1949,5.1083,10.6166
8299,276.633,1156,0,2563,1949,5.2068,10.3265
8300,276.667,1157,0,2563,1949,4.5267,11.0392
8301,276.700,1157,0,2564,1951,4.2278,10.8549
8302,276.733,1156,0,2563,1942,4.0159,11.0789
8303,276.767,1154,0,2563,1945,5.2214,10.2473
8304,276.800,1154,0,2563,1925,9.1500,11.6541
8305,276.833,1156,0,2558,1910,11.6632,10.9519
8306,276.867,1154,0,2559,1910,14.9044,11.1049
8307,276.900,1152,0,2557,1906,10.4716,10.5315
8308,276.933,1147,0,2557,1906,10.4649,10.8011
8309,276.967,1145,0,2557,1905,8.2653,10.2657
8310,277.000,1145,0,2554,1910,14.4863,11.1985
8311,277.033,1150,0,2554,1906,11.5728,11.2243
8312,277.067,1149,0,2554,1910,14.3871,11.0970
8313,277.100,1146,0,2550,1905,8.1050,8.5694
8314,277.133,1145,0,2551,1904,8.3508,8.2174
8315,277.167,1144,0,2552,1906,10.8826,7.6353
8316,277.200,1146,0,2551,1904,10.9795,7.1154
8317,277.233,1146,0,2551,1903,9.9630,7.2695
8318,277.267,1146,0,2552,1904,10.2103,8.0758
8319,277.300,1144,0,2553,1907,8.2774,6.3990
8320,277.333,1144,0,2553,1906,9.2886,6.0347
8321,277.367,1144,0,2553,1909,8.2722,5.1030
8322,277.400,1147,0,2556,1909,4.8812,9.6889
8323,277.433,1144,0,2556,1916,1.8511,6.5649
8324,277.467,1145,0,2557,1917,0.9396,6.8672
8325,277.500,1144,0,2557,1922,1.4858,7.4821
8326,277.533,1143,0,2558,1922,0.0649,8.2405
8327,277.567,1143,0,2560,1930,2.8239,8.7623
8328,277.600,1142,0,2561,1928,3.1842,10.3524
8329,277.633,1145,0,2563,1935,4.1535,10.0619
8330,277.667,1145,0,2562,1936,2.6425,9.1460
8331,277.700,1141,0,2564,1941,5.9941,10.1774
8332,277.733,1140,0,2564,1943,5.2200,12.2277
8333,277.767,1140,0,2563,1942,5.6804,12.1599
8334,277.800,1139,1,2557,1932,-0.2363,9.8252
8335,277.833,1139,0,2557,1933,-0.6576,8.8431
8336,277.867,1139,0,2556,1933,3.0226,8.3785
8337,277.900,1140,1,2557,1932,0.9795,7.6724
8338,277.933,1140,4,2556,1933,1.2870,11.3189
8339,277.967,1130,0,2542,1936,3.5409,-2.9238
8340,278.000,1135,0,2551,1937,10.3445,0.7013
8341,278.033,1133,0,2550,1937,8.8824,0.2718
8342,278.067,1145,0,2558,1939,17.8128,7.2485
8343,278.100,1142,0,2556,1937,17.8222,7.1447
8344,278.133,1144,0,2557,1936,20.3972,8.1383
8345,278.167,1141,0,2557,1936,16.7161,7.2907
8346,278.200,1139,1,2557,1938,15.4878,6.7611
8347,278.233,1140,2,2558,1937,17.2133,6.4900
8348,278.267,1141,1,2559,1937,17.8825,6.8984
8349,278.300,1141,0,2560,1938,16.3125,5.8173
8350,278.333,1141,0,2561,1938,15.8551,6.0529
8351,278.367,1140,0,2562,1940,17.2456,5.8742
8352,278.400,1136,0,2565,1945,17.3545,9.2141
8353,278.433,1133,0,2569,1945,16.8378,5.9386
8354,278.467,1133,0,2568,1947,17.9316,8.5087
8355,278.500,1133,0,2569,1943,16.0798,8.4967
8356,278.533,1134,0,2570,1945,16.0461,7.3906
8357,278.567,1134,0,2569,1943,14.9576,9.6109
8358,278.600,1136,0,2568,1939,15.9718,9.1374
8359,278.633,1130,0,2564,1939,14.6169,8.7589
8360,278.667,1136,1,2561,1943,15.2261,7.9690
8361,278.700,1135,0,2557,1954,15.2609,6.9653
8362,278.733,1136,0,2555,1949,14.1608,5.7644
8363,278.767,1134,0,2556,1953,15.0999,6.2370
8364,278.800,1134,0,2554,1949,12.9259,6.8191
8365,278.833,1135,2,2554,1950,12.8982,6.2253
8366,278.867,1136,2,2555,1953,15.4331,8.0460
8367,278.900,1136,2,2555,1951,13.2151,6.4178
8368,278.933,1136,5,2555,1953,15.1236,7.8337
8369,278.967,1142,6,2554,1953,6.1609,7.6863
8370,279.000,1140,3,2556,1954,4.7129,7.0340
8371,279.033,1142,6,2559,1952,9.6315,8.3560
8372,279.067,1142,12,2564,1953,7.0647,9.7131
8373,279.100,1142,10,2564,1953,8.1578,8.2380
8374,279.133,1144,14,2564,1953,9.0649,8.9305
8375,279.167,1143,11,2562,1953,9.4447,9.8687
8376,279.200,1143,15,2561,1952,8.0000,9.3621
8377,279.233,1143,10,2559,1951,8.4964,8.7601
8378,279.267,1142,7,2557,1957,7.5161,5.8936
8379,279.300,1143,7,2553,1952,4.9923,7.7256
8380,279.333,1142,9,2553,1954,2.6672,7.0447
8381,279.367,1142,13,2553,1951,5.8723,10.5206
8382,279.400,1143,14,2553,1951,5.8119,10.9812
8383,279.433,1145,13,2553,1950,1.7124,11.0515
8384,279.467,1142,16,2555,1951,1.2196,12.7408
8385,279.500,1142,15,2555,1950,-0.0956,11.9801
8386,279.533,1143,17,2554,1949,-1.3947,11.1581
8387,279.567,1144,13,2556,1949,2.9415,12.1281
8388,279.600,1144,11,2557,1949,2.3893,10.1237
8389,279.633,1144,12,2559,1950,5.1432,10.5013
8390,279.667,1144,10,2562,1950,2.8110,10.9119
8391,279.700,1144,10,2563,1948,5.9542,11.4679
8392,279.733,1145,10,2564,1949,4.8667,10.8883
8393,279.767,1145,11,2564,1949,3.7886,10.1178
8394,279.800,1145,11,2565,1948,6.2405,9.3131
8395,279.833,1145,9,2567,1950,2.8782,9.9229
8396,279.867,1146,8,2567,1953,4.7499,12.3844
8397,279.900,1540,501,2388,1702,3.0891,6.0350
8398,279.933,1540,502,2388,1703,3.4769,7.6160
8399,279.967,1536,499,2386,1703,8.2367,7.8968
8400,280.000,1533,501,2387,1706,8.1481,4.4570
8401,280.033,1530,502,2387,1707,7.8861,6.9178
8402,280.067,1526,504,2384,1708,9.4283,6.9305
8403,280.100,1526,503,2385,1709,8.7904,3.3026
8404,280.133,1526,504,2385,1709,8.8407,7.1167
8405,280.167,1526,502,2385,1708,8.8049,5.2675
8406,280.200,1526,500,2385,1709,9.5807,7.3573
8407,280.233,1526,497,2386,1710,8.7730,10.8344
8408,280.267,1526,497,2387,1714,7.1724,8.7376
8409,280.300,1526,496,2388,1715,9.4901,9.0007
8410,280.333,1527,496,2389,1713,9.5081,9.0141
8411,280.367,1528,494,2390,1712,9.1359,7.3460
8412,280.400,1528,495,2390,1713,9.6022,7.7581
8413,280.433,1529,495,2392,1716,7.7306,5.9359
8414,280.467,1531,499,2391,1719,5.9174,4.4765
8415,280.500,1533,498,2387,1718,6.6055,2.2920
8416,280.533,1532,500,2388,1717,2.5273,2.6194
8417,280.567,1533,503,2387,1722,-0.7936,0.0172
8418,280.600,1533,509,2387,1720,2.1318,-2.3484
8419,280.633,1533,511,2387,1722,1.7686,-0.4423
8420,280.667,1534,517,2386,1722,0.3591,-2.8581
8421,280.700,1532,516,2386,1720,1.5098,-1.9672
8422,280.733,1532,513,2385,1720,2.1352,-1.4783
8423,280.767,1533,515,2386,1720,5.8016,1.1369
8424,280.800,1532,508,2386,1721,4.2135,2.9088
8425,280.833,1534,508,2385,1716,4.5243,3.0011
8426,280.867,1533,506,2385,1712,2.9449,2.2864
8427,280.900,1531,507,2386,1712,1.8612,6.8361
8428,280.933,1532,510,2384,1712,1.7702,4.0656
8429,280.967,1532,509,2384,1712,1.7268,3.7389
8430,281.000,1532,511,2385,1712,-4.0912,5.9922
8431,281.033,1531,510,2384,1714,-6.1112,8.0126
8432,281.067,1529,508,2384,1716,-4.5950,5.2803
8433,281.100,1529,506,2385,1713,-6.4261,8.8754
8434,281.133,1529,508,2384,1711,-6.2258,7.0352
8435,281.167,1529,509,2384,1711,-7.4293,8.5279
8436,281.200,1529,513,2386,1710,-8.1309,4.3124
8437,281.233,1530,509,2386,1713,-6.9310,8.6129
8438,281.267,1530,510,2386,1715,-6.2327,9.3872
8439,281.300,1531,507,2387,1712,-7.3789,7.5252
8440,281.333,1533,507,2386,1714,-12.5844,10.4206
8441,281.367,1532,506,2386,1714,-13.3703,10.2472
8442,281.400,1531,505,2386,1714,-12.7209,9.1445
8443,281.433,1532,506,2387,1715,-11.7818,9.6750
8444,281.467,1532,508,2386,1713,-13.6628,9.5645
8445,281.500,1532,507,2386,1714,-11.3408,10.4568
8446,281.533,1532,508,2385,1714,-12.4599,8.5243
8447,281.567,1530,507,2386,1716,-13.4352,8.0652
8448,281.600,1530,509,2386,1717,-12.9044,9.6892
8449,281.633,1530,507,2386,1716,-11.9429,8.5220
8450,281.667,1530,507,2386,1716,-12.0382,8.3353
8451,281.700,1530,509,2387,1716,-10.9234,10.0687
8452,281.733,1530,509,2387,1716,-11.0307,9.4883
8453,281.767,1530,509,2387,1716,-10.9107,8.9262
8454,281.800,1530,510,2387,1717,-10.6632,8.5351
8455,281.833,1530,511,2387,1717,-12.3438,7.4311
8456,281.867,1530,510,2387,1716,-11.0901,8.4324
8457,281.900,1533,513,2386,1718,-12.4510,11.8202
8458,281.933,1534,512,2387,1716,-10.0502,10.8785
8459,281.967,1534,512,2387,1716,-10.2903,11.1291
8460,282.000,1534,510,2386,1716,-11.2884,11.2457
8461,282.033,1534,509,2386,1715,-9.2746,8.4043
8462,282.067,1534,510,2386,1717,-9.4737,10.9196
8463,282.100,1534,510,2386,1716,-10.7941,11.8310
8464,282.133,1533,510,2386,1717,-10.4418,15.4474
8465,282.167,1533,510,2386,1718,-10.2755,15.3218
8466,282.200,1533,510,2386,1720,-10.6356,13.1517
8467,282.233,1533,510,2386,1719,-10.0415,11.1526
8468,282.267,1533,510,2386,1720,-10.1934,13.2013
8469,282.300,1533,509,2386,1720,-10.6955,10.4255
8470,282.333,1533,508,2387,1720,-11.6075,13.3436
8471,282.367,1533,508,2387,1720,-11.1287,12.9501
8472,282.400,1534,506,2388,1719,-11.8977,12.0212
8473,282.433,1534,506,2388,1720,-9.2198,13.1254
8474,282.467,1534,505,2388,1719,-10.9722,11.2840
8475,282.500,1534,505,2388,1719,-11.1204,10.9998
8476,282.533,1534,505,2388,1720,-12.8398,13.6479
8477,282.567,1534,504,2388,1720,-12.5042,14.2708
8478,282.600,1534,506,2388,1719,-12.3338,14.6440
8479,282.633,1534,505,2388,1719,-11.5399,14.4537
8480,282.667,1534,504,2388,1719,-12.2163,15.0160
8481,282.700,1534,504,2388,1719,-12.2977,14.5869
8482,282.733,1534,505,2389,1720,-11.3241,13.4488
8483,282.767,1534,505,2389,1720,-11.6418,13.5714
8484,282.800,1534,505,2388,1723,-11.2308,14.3665
8485,282.833,1534,505,2388,1723,-13.0044,15.2106
8486,282.867,1534,504,2388,1722,-11.4502,12.7778
8487,282.900,1534,502,2388,1722,-9.8065,16.0902
8488,282.933,1534,502,2388,1722,-9.4621,15.8885
8489,282.967,1534,502,2387,1722,-9.3807,16.9110
8490,283.000,1534,503,2388,1721,-11.3586,16.3588
8491,283.033,1533,503,2387,1722,-11.0702,15.8549
8492,283.067,1533,502,2387,1723,-11.5960,14.7461
8493,283.100,1533,502,2387,1724,-12.0089,12.8376
8494,283.133,1533,502,2387,1723,-11.1451,15.0458
8495,283.167,1534,504,2387,1725,-12.6107,12.4402
8496,283.200,1534,504,2387,1724,-10.5939,13.0803
8497,283.233,1533,503,2387,1725,-12.5529,13.4020
8498,283.267,1533,503,2387,1724,-11.0787,14.4499
8499,283.300,1534,503,2387,1724,-11.9783,13.1160
8500,283.333,1534,503,2387,1722,-11.2615,14.8760
8501,283.367,1534,504,2387,1724,-10.2815,11.8289
8502,283.400,1534,504,2387,1724,-10.5221,12.0357
8503,283.433,1533,503,2387,1723,-11.9504,14.8555
8504,283.467,1532,502,2387,1723,-11.8501,12.9962
8505,283.500,1532,502,2386,1723,-11.0258,13.6298
8506,283.533,1532,502,2386,1722,-11.0827,15.0020
8507,283.567,1530,502,2386,1724,-9.5726,12.7580
8508,283.600,1529,502,2385,1724,-8.8833,10.4014
8509,283.633,1529,501,2385,1723,-8.9524,12.0227
8510,283.667,1529,502,2384,1722,-10.0580,11.7266
8511,283.700,1528,503,2383,1723,-8.9725,11.7957
8512,283.733,1528,506,2383,1722,-9.2252,12.6353
8513,283.767,1529,505,2383,1723,-8.1568,10.4446
8514,283.800,1529,504,2383,1723,-11.2740,9.9526
8515,283.833,1528,503,2383,1724,-9.3797,11.6263
8516,283.867,1528,499,2383,1726,-10.4778,10.6172
8517,283.900,1529,503,2385,1725,-10.8213,11.2550
8518,283.933,1528,503,2385,1725,-9.3288,11.7663
8519,283.967,1528,503,2385,1725,-9.2479,12.0330
8520,284.000,1527,504,2385,1726,-10.6723,13.0681
8521,284.033,1526,505,2384,1724,-8.8855,11.2248
8522,284.067,1526,504,2385,1723,-9.0283,11.9092
8523,284.100,1525,505,2384,1724,-7.3830,10.7318
8524,284.133,1526,505,2384,1724,-8.7605,10.7890
8525,284.167,1525,505,2385,1724,-8.7761,9.6776
8526,284.200,1525,504,2385,1723,-8.5802,10.2795
8527,284.233,1526,505,2385,1724,-8.3860,11.0772
8528,284.267,1525,505,2385,1724,-8.7456,9.8212
8529,284.300,1526,505,2385,1724,-7.8250,12.1433
8530,284.333,1526,505,2385,1723,-7.5743,11.4037
8531,284.367,1526,504,2385,1723,-8.6664,11.7741
8532,284.400,1526,504,2385,1723,-8.5225,11.4636
8533,284.433,1525,504,2385,1723,-8.0327,10.4763
8534,284.467,1525,504,2385,1723,-7.9912,10.4930
8535,284.500,1526,505,2385,1723,-6.7533,8.4754
8536,284.533,1522,477,2383,1722,-4.5289,-6.2832
8537,284.567,1520,473,2382,1721,-2.7638,-5.6941
8538,284.600,1517,470,2380,1722,-1.4451,-3.3033
8539,284.633,1518,483,2381,1720,-9.8639,-3.5082
8540,284.667,1518,484,2381,1720,-8.4850,-3.9497
8541,284.700,1524,491,2383,1722,-8.1832,-4.6338
8542,284.733,1526,499,2384,1726,-9.2742,4.3974
8543,284.767,1527,500,2384,1726,-8.9618,4.1906
8544,284.800,1527,499,2384,1727,-11.7436,1.0426
8545,284.833,1527,499,2384,1728,-11.6614,2.5933
8546,284.867,1528,500,2383,1725,-11.7585,3.1465
8547,284.900,1528,500,2385,1724,-11.7222,4.3938
8548,284.933,1528,500,2385,1725,-11.7549,5.0907
8549,284.967,1528,501,2385,1725,-11.5389,5.1667
8550,285.000,1528,500,2385,1725,-11.4714,3.8478
8551,285.033,1528,501,2385,1726,-11.6917,4.7455
8552,285.067,1527,500,2385,1726,-11.3694,5.0016
8553,285.100,1527,500,2385,1726,-11.2728,5.2046
8554,285.133,1527,500,2385,1726,-11.2762,5.0180
8555,285.167,1527,500,2385,1726,-10.7518,4.4867
8556,285.200,1527,498,2385,1727,-11.5015,4.9143
8557,285.233,1527,498,2385,1726,-11.3753,3.9983
8558,285.267,1527,498,2386,1727,-11.5825,5.0937
8559,285.300,1527,497,2386,1727,-9.9340,4.9404
8560,285.333,1528,497,2386,1727,-10.6723,2.9943
8561,285.367,1528,496,2386,1727,-9.4668,2.4257
8562,285.400,1528,496,2387,1726,-10.7200,5.0166
8563,285.433,1528,495,2387,1726,-11.3870,1.7331
8564,285.467,1527,498,2386,1729,-12.2626,3.7353
8565,285.500,1527,498,2386,1730,-11.6059,3.7059
8566,285.533,1527,499,2386,1730,-11.3634,4.4835
8567,285.567,1527,501,2386,1730,-10.7748,2.4301
8568,285.600,1526,503,2386,1728,-8.1674,5.4880
8569,285.633,1527,501,2386,1729,-11.0473,3.1653
8570,285.667,1527,501,2386,1729,-10.8273,2.9005
8571,285.700,1526,501,2386,1730,-10.1242,1.0815
8572,285.733,1525,501,2386,1729,-10.5779,2.3909
8573,285.767,1525,501,2386,1729,-10.2471,2.6690
8574,285.800,1525,502,2386,1729,-9.9890,2.5154
8575,285.833,1526,502,2386,1727,-10.6535,3.6260
8576,285.867,1526,501,2385,1728,-11.5150,1.4678
8577,285.900,1526,503,2386,1727,-12.2044,5.8693
8578,285.933,1525,502,2386,1727,-11.2821,5.0095
8579,285.967,1526,503,2385,1727,-11.7193,3.7274
8580,286.000,1526,501,2386,1727,-12.7965,1.2544
8581,286.033,1527,502,2385,1726,-12.5071,2.1802
8582,286.067,1527,499,2385,1727,-11.8687,0.8513
8583,286.100,1527,499,2385,1729,-12.8879,1.8817
8584,286.133,1528,500,2385,1728,-14.8594,1.3416
8585,286.167,1528,500,2385,1728,-15.0449,2.2091
8586,286.200,1529,499,2384,1726,-12.2952,1.6845
8587,286.233,1529,499,2385,1725,-13.2137,2.6018
8588,286.267,1529,499,2385,1724,-12.1267,1.9008
8589,286.300,1530,498,2385,1725,-9.3837,1.2276
8590,286.333,1529,500,2385,1726,-12.0240,3.7097
8591,286.367,1529,497,2385,1726,-12.0902,3.9830
8592,286.400,1530,498,2385,1725,-9.7550,0.0854
8593,286.433,1529,498,2385,1726,-10.6774,0.9362
8594,286.467,1529,498,2385,1724,-11.8158,1.9526
8595,286.500,1529,499,2384,1724,-11.7324,3.1905
8596,286.533,1529,499,2384,1724,-11.9097,2.8967
8597,286.567,1528,498,2384,1723,-11.4135,0.8982
8598,286.600,1528,497,2384,1725,-11.4557,0.0049
8599,286.633,1528,497,2385,1726,-11.3349,1.6308
8600,286.667,1527,497,2385,1726,-11.9944,0.6650
8601,286.700,1527,498,2384,1725,-11.5520,3.3448
8602,286.733,1528,501,2384,1725,-11.7358,5.0026
8603,286.767,1527,498,2385,1727,-9.8358,4.3674
8604,286.800,1527,499,2384,1728,-11.4703,2.8582
8605,286.833,1526,498,2385,1727,-13.4437,5.3283
8606,286.867,1523,498,2385,1730,-14.8170,6.0533
8607,286.900,1526,494,2386,1727,-11.1559,0.9971
8608,286.933,1526,494,2385,1726,-11.6210,-0.0358
8609,286.967,1526,494,2385,1726,-11.8060,0.1602
8610,287.000,1525,493,2385,1725,-11.3072,0.8145
8611,287.033,1525,494,2385,1726,-11.1797,0.6030
8612,287.067,1525,494,2385,1727,-10.0721,0.7680
8613,287.100,1525,494,2385,1727,-9.8748,0.8316
8614,287.133,1525,493,2385,1727,-10.3475,0.3144
8615,287.167,1525,494,2385,1726,-10.4246,0.3210
8616,287.200,1525,493,2385,1727,-11.2775,0.3900
8617,287.233,1525,493,2385,1727,-11.3122,0.8482
8618,287.267,1525,494,2385,1726,-11.4190,-1.3741
8619,287.300,1525,493,2385,1726,-11.5758,-0.5025
8620,287.333,1526,496,2386,1728,-11.5044,5.1930
8621,287.367,1528,501,2388,1734,-11.4807,2.1538
8622,287.400,1528,502,2387,1733,-11.1862,1.4584
8623,287.433,1528,503,2388,1734,-10.2582,-0.9180
8624,287.467,1527,503,2388,1734,-9.5798,-2.1224
8625,287.500,1527,503,2388,1734,-9.3315,-1.6408
8626,287.533,1528,503,2388,1734,-10.4853,-0.6465
8627,287.567,1528,504,2388,1733,-8.6665,-1.2962
8628,287.600,1528,504,2388,1733,-9.0349,-0.8969
8629,287.633,1528,504,2388,1732,-8.9295,-0.0533
8630,287.667,1528,505,2388,1732,-7.7596,3.9469
8631,287.700,1528,505,2388,1732,-8.0911,2.9543
8632,287.733,1528,504,2388,1732,-10.0610,0.8728
8633,287.767,1528,504,2387,1732,-11.1261,2.0124
8634,287.800,1528,504,2388,1732,-10.5874,-0.1961
8635,287.833,1527,505,2388,1732,-8.6724,0.7924
8636,287.867,1527,505,2388,1731,-10.2177,5.2302
8637,287.900,1529,495,2385,1729,-11.9373,-7.5190
8638,287.933,1520,468,2382,1719,0.2948,-8.4270
8639,287.967,1518,462,2380,1718,-0.5749,-4.7602
8640,288.000,1520,467,2380,1721,4.6750,-6.7132
8641,288.033,1522,485,2380,1724,-5.4753,-7.9814
8642,288.067,1523,484,2381,1724,-2.5383,-7.0651
8643,288.100,1525,495,2382,1726,-5.8068,-3.7644
8644,288.133,1527,496,2383,1725,-4.3613,-3.2735
8645,288.167,1527,500,2383,1724,-5.0357,-4.1831
8646,288.200,1528,502,2384,1723,-5.3921,-3.9462
8647,288.233,1527,503,2384,1724,-6.1980,-5.0026
8648,288.267,1527,502,2384,1724,-7.5108,-4.8354
8649,288.300,1527,502,2384,1723,-6.5016,-5.9261
8650,288.333,1527,503,2384,1723,-6.2279,-4.5452
8651,288.367,1527,503,2384,1724,-7.0671,-5.0523
8652,288.400,1527,503,2384,1723,-6.1612,-4.7325
8653,288.433,1527,503,2384,1723,-6.5766,-4.6524
8654,288.467,1527,503,2384,1723,-6.6895,-4.9239
8655,288.500,1527,503,2384,1723,-6.8192,-4.7015
8656,288.533,1527,503,2384,1723,-6.7207,-4.8217
8657,288.567,1527,503,2384,1723,-6.9760,-5.0534
8658,288.600,1526,502,2384,1723,-8.7088,-6.1452
8659,288.633,1526,502,2384,1723,-9.1125,-6.2828
8660,288.667,1526,502,2384,1723,-8.7458,-5.7743
8661,288.700,1526,505,2383,1722,-8.1355,-6.0945
8662,288.733,1525,505,2383,1722,-8.3027,-6.9357
8663,288.767,1525,505,2384,1721,-9.5085,-6.1434
8664,288.800,1525,505,2384,1722,-9.0703,-5.8329
8665,288.833,1524,506,2384,1722,-9.8965,-4.7243
8666,288.867,1524,505,2385,1722,-8.3833,-4.5602
8667,288.900,1524,506,2385,1722,-9.2387,-5.4311
8668,288.933,1524,506,2385,1722,-9.2253,-5.5759
8669,288.967,1524,506,2384,1721,-10.1863,-5.7644
8670,289.000,1524,507,2384,1721,-9.7103,-6.8769
8671,289.033,1524,507,2384,1721,-9.9107,-7.2899
8672,289.067,1524,506,2384,1721,-10.4821,-6.0389
8673,289.100,1524,506,2384,1722,-8.0536,-7.5007
8674,289.133,1524,506,2384,1722,-8.3786,-7.4069
8675,289.167,1524,507,2384,1723,-9.1660,-7.2346
8676,289.200,1524,506,2384,1723,-10.1769,-6.4144
8677,289.233,1524,506,2384,1723,-10.0062,-6.3935
8678,289.267,1524,506,2384,1723,-10.0797,-6.4548
8679,289.300,1524,507,2384,1723,-9.3889,-6.4543
8680,289.333,1524,507,2384,1723,-9.9840,-6.5549
8681,289.367,1524,507,2384,1723,-9.8046,-6.2980
8682,289.400,1524,506,2383,1722,-8.6557,-6.4677
8683,289.433,1524,507,2383,1723,-8.8005,-6.1322
8684,289.467,1525,507,2383,1722,-8.3515,-6.3381
8685,289.500,1525,508,2383,1721,-8.1862,-4.3045
8686,289.533,1525,507,2383,1721,-9.1866,-5.1460
8687,289.567,1525,507,2383,1722,-8.8411,-6.3572
8688,289.600,1525,509,2382,1721,-9.2145,-4.6371
8689,289.633,1525,509,2383,1721,-9.7398,-5.2225
8690,289.667,1524,508,2383,1722,-8.7825,-3.7638
8691,289.700,1524,509,2383,1723,-10.8699,-4.8336
8692,289.733,1524,508,2383,1723,-9.6606,-3.4482
8693,289.767,1525,508,2383,1723,-8.3720,-3.7782
8694,289.800,1525,508,2383,1723,-8.4825,-3.8730
8695,289.833,1525,508,2383,1722,-9.2934,-4.4237
8696,289.867,1525,508,2383,1721,-8.9831,-3.1913
8697,289.900,1524,508,2383,1723,-9.7277,-2.6725
8698,289.933,1524,509,2383,1722,-10.6111,-1.6453
8699,289.967,1524,509,2383,1722,-10.6117,-2.1974
8700,290.000,1524,509,2383,1722,-10.5983,-1.8099
8701,290.033,1524,509,2383,1722,-10.3401,-2.0300
8702,290.067,1524,507,2383,1720,-10.3294,-2.5556
8703,290.100,1524,507,2383,1720,-10.3721,-2.9090
8704,290.133,1524,507,2383,1720,-10.4197,-2.7610
8705,290.167,1524,506,2383,1720,-8.8900,-2.9685
8706,290.200,1524,505,2383,1721,-8.5656,-3.4817
8707,290.233,1524,505,2383,1722,-8.5746,-2.5499
8708,290.267,1524,505,2383,1721,-9.0866,-3.1908
8709,290.300,1525,503,2383,1721,-9.7809,-2.6686
8710,290.333,1525,504,2383,1721,-9.5704,-1.5763
8711,290.367,1525,504,2383,1721,-9.3955,-1.5027
8712,290.400,1525,504,2383,1721,-9.6639,-1.7823
8713,290.433,1525,504,2383,1721,-9.9151,-1.8922
8714,290.467,1524,503,2383,1720,-8.0324,-2.9894
8715,290.500,1524,503,2383,1720,-7.8493,-3.3839
8716,290.533,1525,503,2383,1721,-9.3783,-2.5070
8717,290.567,1524,502,2384,1721,-10.4619,-2.7023
8718,290.600,1524,502,2384,1721,-10.2465,-2.5126
8719,290.633,1524,501,2384,1721,-9.9975,-2.2578
8720,290.667,1524,502,2384,1721,-10.3387,-2.3864
8721,290.700,1524,503,2384,1722,-10.0093,-2.6240
8722,290.733,1524,504,2384,1730,-8.2656,-2.3044
8723,290.767,1524,503,2384,1730,-8.6702,-1.4468
8724,290.800,1524,503,2384,1729,-9.2649,-1.6075
8725,290.833,1524,502,2385,1730,-9.0950,-2.4809
8726,290.867,1524,503,2384,1731,-8.3134,-3.1545
8727,290.900,1524,507,2386,1733,-9.0793,-3.2709
8728,290.933,1524,504,2387,1741,-6.0250,-3.6578
8729,290.967,1523,504,2387,1742,-5.8549,-2.3300
8730,291.000,1529,505,2381,1711,-3.2516,-3.8542
8731,291.033,1531,513,2379,1704,-6.8105,-1.0598
8732,291.067,1531,512,2379,1708,-6.1924,-2.7751
8733,291.100,1531,510,2379,1708,-3.0636,-3.7087
8734,291.133,1531,509,2380,1717,-2.7640,-0.1008
8735,291.167,1532,508,2381,1729,-3.3311,-2.5830
8736,291.200,1531,509,2381,1731,7.4299,-1.5154
8737,291.233,1528,510,2385,1766,6.2097,-2.4352
8738,291.267,1529,510,2383,1751,7.0914,-1.0219
8739,291.300,1529,509,2382,1735,9.2956,-1.2098
8740,291.333,1528,507,2383,1728,9.9196,-1.7563
8741,291.367,1528,507,2381,1723,9.5521,0.0744
8742,291.400,1529,501,2381,1732,11.0389,-3.2760
8743,291.433,1530,502,2379,1724,8.6020,-1.8370
8744,291.467,1531,504,2379,1722,9.5530,-0.9723
8745,291.500,1530,506,2379,1719,7.1709,-1.2184
8746,291.533,1531,506,2379,1718,7.2345,-1.3390
8747,291.567,1532,506,2379,1720,7.8245,-1.6058
8748,291.600,1532,507,2379,1717,6.4747,-2.4041
8749,291.633,1532,506,2379,1719,8.4211,-2.4692
8750,291.667,1532,506,2379,1718,8.2885,-2.2351
8751,291.700,1532,506,2379,1719,8.6305,-2.2747
8752,291.733,1534,507,2379,1717,8.1938,-2.0073
8753,291.767,1534,507,2379,1717,7.7881,-2.1014
8754,291.800,1534,507,2379,1717,7.2837,-1.5976
8755,291.833,1534,506,2379,1715,6.9606,-1.8637
8756,291.867,1534,505,2379,1715,9.9162,-3.0108
8757,291.900,1535,505,2379,1712,9.8111,-3.5936
8758,291.933,1534,505,2379,1710,9.7392,-3.0378
8759,291.967,1535,505,2379,1710,8.9826,-2.5319
8760,292.000,1534,505,2380,1710,9.9790,-3.1497
8761,292.033,1534,507,2380,1710,8.7338,-0.6356
8762,292.067,1534,508,2380,1709,9.1518,-1.8168
8763,292.100,1535,508,2380,1709,8.5737,-0.5894
8764,292.133,1535,507,2380,1710,8.1466,1.3717
8765,292.167,1530,478,2376,1710,12.7635,-16.4842
8766,292.200,1526,472,2377,1703,4.5654,-8.8907
8767,292.233,1526,476,2376,1702,10.3129,-4.7998
8768,292.267,1527,478,2378,1706,15.9556,-7.9881
8769,292.300,1530,483,2379,1712,13.9859,-12.0906
8770,292.333,1529,483,2379,1713,13.3470,-10.8167
8771,292.367,1532,495,2380,1714,11.1452,-5.7036
8772,292.400,1534,502,2381,1713,10.7195,-4.7258
8773,292.433,1534,501,2382,1714,10.5757,-2.6188
8774,292.467,1534,503,2381,1714,10.9454,-2.1738
8775,292.500,1534,505,2381,1715,10.1875,-2.7719
8776,292.533,1534,505,2381,1715,10.4675,-2.1316
8777,292.567,1533,505,2382,1716,10.1602,-1.4771
8778,292.600,1532,503,2382,1716,10.7410,-1.9375
8779,292.633,1532,503,2382,1715,10.6856,-2.5458
8780,292.667,1533,503,2382,1716,10.1672,-3.1698
8781,292.700,1532,503,2382,1715,10.8744,-2.3832
8782,292.733,1532,504,2382,1715,9.1836,-2.1838
8783,292.767,1532,504,2382,1715,9.2060,-2.2103
8784,292.800,1532,503,2382,1715,10.3870,-1.9099
8785,292.833,1532,503,2382,1715,9.8708,-1.7910
8786,292.867,1532,503,2382,1715,9.9800,-1.4599
8787,292.900,1531,504,2381,1713,7.0990,1.3472
8788,292.933,1530,504,2381,1714,8.3583,0.6736
8789,292.967,1530,504,2381,1713,7.9158,0.2549
8790,293.000,1530,504,2381,1714,8.4546,0.6447
8791,293.033,1531,504,2381,1715,8.3025,1.2030
8792,293.067,1531,504,2381,1714,9.3047,0.7377
8793,293.100,1531,503,2381,1713,7.4003,-0.3554
8794,293.133,1530,503,2381,1713,8.3830,0.1115
8795,293.167,1531,503,2381,1713,7.9625,0.1617
8796,293.200,1530,502,2382,1713,7.6492,0.1867
8797,293.233,1530,503,2382,1713,8.1353,0.5141
8798,293.267,1530,502,2381,1714,8.5409,-1.5025
8799,293.300,1530,504,2382,1715,8.7160,2.0025
8800,293.333,1530,504,2382,1716,9.7894,2.3040
8801,293.367,1530,504,2382,1715,8.6670,2.3738
8802,293.400,1530,505,2382,1715,8.3372,1.7473
8803,293.433,1531,505,2382,1715,8.9598,0.5109
8804,293.467,1531,505,2382,1714,9.5346,1.0711
8805,293.500,1531,507,2382,1713,10.2742,1.5697
8806,293.533,1531,507,2382,1713,10.0454,1.0902
8807,293.567,1531,506,2382,1713,9.8598,-0.3250
8808,293.600,1531,506,2382,1713,9.8965,-0.6975
8809,293.633,1531,506,2382,1713,9.7872,-1.2957
8810,293.667,1531,505,2382,1713,8.8171,-0.1157
8811,293.700,1530,506,2382,1715,9.3254,-1.4053
8812,293.733,1530,506,2382,1715,8.9566,-0.5944
8813,293.767,1530,507,2382,1716,8.6883,-0.3316
8814,293.800,1530,507,2382,1715,9.0398,0.1674
8815,293.833,1529,507,2382,1716,9.9679,0.9262
8816,293.867,1529,507,2383,1716,10.0864,1.6249
8817,293.900,1527,505,2384,1716,10.7995,-0.4161
8818,293.933,1528,506,2383,1716,10.2312,-0.2063
8819,293.967,1528,506,2384,1715,9.2666,-0.1411
8820,294.000,1528,506,2383,1715,9.8605,0.2069
8821,294.033,1528,507,2383,1716,8.5227,1.2899
8822,294.067,1528,506,2383,1716,9.5278,0.2018
8823,294.100,1528,506,2383,1716,9.3396,0.1575
8824,294.133,1528,506,2383,1716,9.2374,-0.0825
8825,294.167,1528,506,2383,1716,8.9967,-0.2207
8826,294.200,1528,506,2383,1717,8.8441,1.0463
8827,294.233,1528,506,2383,1717,8.8780,0.9202
8828,294.267,1528,506,2383,1717,8.8627,0.8087
8829,294.300,1528,507,2383,1718,8.4756,0.9189
8830,294.333,1528,509,2383,1717,8.9940,0.5870
8831,294.367,1529,508,2382,1717,7.7766,-0.9969
8832,294.400,1529,507,2382,1717,8.3542,-1.9064
8833,294.433,1528,501,2382,1717,8.1465,-4.6343
8834,294.467,1529,500,2382,1716,8.3617,-0.8758
8835,294.500,1521,471,2380,1713,13.5912,-5.9313
8836,294.533,1524,486,2381,1705,15.0831,-10.3100
8837,294.567,1524,488,2381,1705,13.6514,-9.8567
8838,294.600,1525,493,2380,1706,11.5871,-5.7257
8839,294.633,1530,503,2381,1706,8.6470,-1.4259
8840,294.667,1531,506,2382,1706,11.3490,0.0355
8841,294.700,1531,509,2382,1707,13.1335,1.5457
8842,294.733,1530,509,2383,1709,9.9141,0.3575
8843,294.767,1529,510,2383,1708,10.4660,0.0293
8844,294.800,1530,509,2383,1710,9.9542,-0.6161
8845,294.833,1529,509,2383,1709,9.7863,-1.1303
8846,294.867,1528,509,2383,1708,9.9417,-1.4100
8847,294.900,1528,506,2382,1711,11.9009,0.1870
8848,294.933,1528,507,2382,1711,12.0896,1.9558
8849,294.967,1528,505,2382,1712,11.7420,0.7661
8850,295.000,1529,505,2383,1713,13.9679,1.9371
8851,295.033,1528,504,2382,1713,14.2756,-0.2227
8852,295.067,1528,503,2381,1712,23.2086,0.8186
8853,295.100,1528,503,2382,1713,23.2373,-0.3893
8854,295.133,1527,503,2382,1713,24.2889,0.6115
8855,295.167,1527,504,2382,1714,25.4104,0.9755
8856,295.200,1527,504,2382,1714,25.9295,1.7051
8857,295.233,1528,505,2381,1713,24.7456,1.6713
8858,295.267,1528,506,2381,1713,25.9445,2.0390
8859,295.300,1528,506,2381,1713,26.2659,1.2870
8860,295.333,1529,507,2382,1713,26.4297,-0.0977
8861,295.367,1529,506,2382,1714,26.2404,0.7811
8862,295.400,1529,506,2382,1716,26.4729,0.8192
8863,295.433,1529,506,2382,1716,26.2040,-0.0039
8864,295.467,1528,505,2382,1715,25.7424,1.3549
8865,295.500,1529,505,2382,1714,26.0179,1.4458
8866,295.533,1529,505,2382,1714,26.5057,1.8914
8867,295.567,1529,505,2382,1713,26.6407,1.1566
8868,295.600,1528,505,2382,1715,26.9486,1.1930
8869,295.633,1528,505,2382,1716,26.3563,1.9687
8870,295.667,1528,505,2382,1716,26.4734,1.8365
8871,295.700,1528,505,2382,1717,27.1105,0.2794
8872,295.733,1528,505,2382,1717,27.2761,0.1041
8873,295.767,1528,504,2382,1717,26.9193,1.9007
8874,295.800,1528,504,2382,1717,26.7837,1.9803
8875,295.833,1528,505,2382,1716,26.4023,0.9135
8876,295.867,1528,505,2382,1716,26.2444,0.7850
8877,295.900,1528,503,2382,1715,26.0664,-0.3234
8878,295.933,1528,504,2382,1715,26.5913,-0.8578
8879,295.967,1527,504,2382,1715,25.5295,-0.0378
8880,296.000,1527,504,2382,1715,24.9597,-0.6285
8881,296.033,1527,505,2382,1715,25.8674,-0.6993
8882,296.067,1527,506,2381,1714,26.1171,0.9111
8883,296.100,1527,506,2381,1714,26.0674,0.9388
8884,296.133,1528,506,2381,1714,25.4389,-1.1721
8885,296.167,1528,506,2381,1715,25.0963,-1.0009
8886,296.200,1527,505,2381,1716,24.9892,-0.6040
8887,296.233,1527,506,2381,1716,25.4196,0.1656
8888,296.267,1527,506,2381,1715,24.8550,-0.9494
8889,296.300,1527,506,2381,1716,25.3717,0.2824
8890,296.333,1527,505,2381,1718,25.4104,-0.7436
8891,296.367,1527,505,2381,1718,25.4803,-1.0459
8892,296.400,1528,506,2381,1718,26.1291,-1.5335
8893,296.433,1528,506,2381,1717,25.3339,-1.7295
8894,296.467,1528,505,2381,1718,27.0347,-0.7281
8895,296.500,1528,505,2381,1718,26.5915,-0.8252
8896,296.533,1528,505,2381,1716,25.5024,-1.1250
8897,296.567,1528,505,2381,1716,25.9211,-0.0051
8898,296.600,1528,506,2382,1715,26.9277,-1.6300
8899,296.633,1531,492,2378,1711,28.4104,-9.7461
8900,296.667,1520,465,2378,1706,10.3074,-4.9279
8901,296.700,1519,466,2378,1706,10.3393,-8.0443
8902,296.733,1520,472,2378,1706,21.0607,-9.9660
8903,296.767,1527,481,2379,1710,28.4939,-9.5311
8904,296.800,1527,481,2379,1710,28.3964,-9.5479
8905,296.833,1529,492,2379,1712,30.1383,-5.6492
8906,296.867,1529,498,2379,1713,27.4411,-2.7233
8907,296.900,1529,500,2380,1713,25.2583,-0.5623
8908,296.933,1530,502,2380,1713,26.2953,-1.1924
8909,296.967,1529,503,2381,1714,26.5138,-2.7795
8910,297.000,1529,505,2381,1715,26.1862,-0.9626
8911,297.033,1529,506,2381,1715,26.7262,-2.0990
8912,297.067,1528,507,2381,1715,25.8244,-0.4953
8913,297.100,1528,507,2382,1715,28.2777,0.5164
8914,297.133,1529,508,2382,1714,27.5247,0.0298
8915,297.167,1528,508,2383,1715,27.9122,-0.1450
8916,297.200,1529,508,2383,1715,27.9358,0.2758
8917,297.233,1528,508,2383,1715,28.4113,-0.4844
8918,297.267,1528,508,2383,1715,28.0826,-0.1415
8919,297.300,1528,509,2383,1714,27.8117,-0.1100
8920,297.333,1528,509,2383,1715,27.3658,-1.4604
8921,297.367,1528,509,2383,1715,28.5238,-0.4428
8922,297.400,1528,509,2383,1716,28.4666,1.2646
8923,297.433,1528,511,2383,1716,29.0371,-0.5228
8924,297.467,1528,510,2383,1718,27.3594,-1.0153
8925,297.500,1527,510,2382,1718,26.4955,-1.5063
8926,297.533,1527,509,2382,1717,27.3628,-1.6755
8927,297.567,1527,510,2382,1719,26.1905,-2.8432
8928,297.600,1527,512,2382,1723,26.7721,-0.8558
8929,297.633,1527,511,2382,1721,26.7107,-2.1198
8930,297.667,1527,509,2381,1721,26.1320,-2.0343
8931,297.700,1526,504,2381,1723,25.9764,-0.4933
8932,297.733,1526,502,2381,1724,26.9822,-1.3748
8933,297.767,1526,502,2381,1724,27.0654,-1.3078
8934,297.800,1526,501,2381,1724,27.1716,-0.5545
8935,297.833,1526,500,2381,1723,25.9685,-0.1518
8936,297.867,1526,502,2381,1721,26.6699,-0.1786
8937,297.900,1528,501,2381,1717,27.2151,-1.4107
8938,297.933,1527,501,2380,1716,26.4432,-1.8371
8939,297.967,1527,501,2380,1716,26.6307,-1.2756
8940,298.000,1527,501,2380,1716,26.5532,-0.4264
8941,298.033,1527,501,2380,1714,26.5417,-1.1769
8942,298.067,1528,501,2379,1713,26.3680,-0.9938
8943,298.100,1528,501,2379,1714,25.6518,-3.0105
8944,298.133,1528,501,2379,1714,25.3730,-3.0441
8945,298.167,1528,502,2379,1714,25.8557,-1.0506
8946,298.200,1528,502,2379,1716,25.1368,-0.5795
8947,298.233,1528,503,2380,1716,26.2256,-0.1443
8948,298.267,1527,503,2380,1715,25.4094,-0.8580
8949,298.300,1527,502,2380,1716,25.9945,-1.4414
8950,298.333,1527,502,2380,1718,25.6618,-2.3124
8951,298.367,1527,502,2381,1717,25.2131,-1.3320
8952,298.400,1527,502,2381,1718,24.6593,-0.2288
8953,298.433,1527,501,2381,1718,25.0361,-0.7610
8954,298.467,1528,504,2381,1719,24.4444,-1.2648
8955,298.500,1528,503,2381,1718,25.6860,0.8310
8956,298.533,1528,504,2381,1718,26.4247,1.1664
8957,298.567,1529,492,2381,1720,26.8761,-5.3456
8958,298.600,1527,498,2380,1722,24.4292,-2.6232
8959,298.633,1526,496,2381,1723,26.6411,-4.5222
8960,298.667,1525,498,2382,1723,26.0738,7.3444
8961,298.700,1524,498,2382,1723,27.2496,9.6381
8962,298.733,1525,497,2380,1720,24.2178,3.5330
8963,298.767,1523,497,2381,1721,25.2615,8.9494
8964,298.800,1522,496,2380,1718,24.7980,7.3274
8965,298.833,1522,496,2380,1719,24.3334,6.2567
8966,298.867,1522,498,2380,1720,25.9239,5.0279
8967,298.900,1522,499,2381,1716,25.2554,5.1086
8968,298.933,1522,499,2381,1716,25.4276,4.0974
8969,298.967,1524,500,2381,1716,25.7072,6.6247
8970,299.000,1524,500,2381,1716,25.1279,6.1687
8971,299.033,1525,499,2381,1716,24.9980,7.5937
8972,299.067,1525,499,2382,1715,26.9064,7.0274
8973,299.100,1525,498,2383,1716,27.0680,6.1127
8974,299.133,1526,498,2383,1716,26.5410,5.7891
8975,299.167,1525,500,2384,1714,25.7664,6.7537
8976,299.200,1525,502,2384,1715,26.2839,6.7963
8977,299.233,1525,503,2384,1716,24.8822,5.7214
8978,299.267,1524,503,2384,1716,24.7117,4.6476
8979,299.300,1524,504,2384,1717,25.4930,4.7116
8980,299.333,1524,505,2383,1718,25.7360,5.5362
8981,299.367,1525,503,2384,1718,25.0351,6.1191
8982,299.400,1528,489,2379,1715,26.0190,-6.0049
8983,299.433,1528,489,2379,1714,26.9379,-6.2657
8984,299.467,1516,467,2379,1708,8.2019,-4.9037
8985,299.500,1517,467,2379,1706,9.8986,-1.9236
8986,299.533,1518,470,2378,1706,17.3851,-2.6402
8987,299.567,1524,482,2379,1709,21.6982,-0.6184
8988,299.600,1526,493,2380,1715,23.2131,1.8454
8989,299.633,1526,492,2381,1715,21.3452,0.5971
8990,299.667,1526,497,2382,1716,26.0809,5.5346
8991,299.700,1526,498,2383,1715,26.2811,4.1570
8992,299.733,1526,494,2383,1716,25.4274,5.8487
8993,299.767,1525,495,2383,1716,25.0729,6.3280
8994,299.800,1525,496,2383,1716,26.3946,7.4946
8995,299.833,1524,496,2384,1717,25.4844,4.1442
8996,299.867,1524,496,2384,1717,25.3449,4.5796
8997,299.900,1524,497,2384,1719,25.8181,4.0492
8998,299.933,1524,497,2384,1720,26.6988,4.3194
8999,299.967,1524,498,2384,1720,25.3907,4.0268
9000,300.000,1524,499,2384,1719,27.7204,4.6865
9001,300.033,1524,498,2384,1718,26.7713,5.6268
9002,300.067,1523,498,2384,1718,26.3281,2.3118
9003,300.100,1524,498,2384,1718,26.1857,5.1706
9004,300.133,1524,499,2384,1718,26.7358,4.6968
9005,300.167,1523,500,2383,1720,27.0819,3.3409
9006,300.200,1525,501,2382,1720,25.4022,5.9462
9007,300.233,1524,500,2382,1721,25.1664,5.8604
9008,300.267,1523,498,2383,1722,25.9956,5.3927
9009,300.300,1523,497,2383,1724,25.7776,5.2802
9010,300.333,1523,499,2382,1724,24.1493,7.0524
9011,300.367,1523,499,2382,1724,24.1480,6.4476
9012,300.400,1523,500,2382,1724,24.5215,4.3560
9013,300.433,1523,501,2382,1724,26.0902,4.9016
9014,300.467,1523,500,2381,1724,25.4250,7.1810
9015,300.500,1523,500,2381,1724,25.4598,7.1078
9016,300.533,1523,500,2382,1724,24.7463,5.1798
9017,300.567,1525,502,2381,1722,24.9003,5.3463
9018,300.600,1527,503,2382,1719,26.9399,4.7300
9019,300.633,1528,500,2382,1719,24.9299,4.5125
9020,300.667,1530,503,2382,1715,24.3182,8.9171
9021,300.700,1530,500,2384,1717,24.7236,7.0380
9022,300.733,1532,499,2385,1717,24.6048,6.7495
9023,300.767,1534,499,2387,1719,24.9317,6.1078
9024,300.800,1535,503,2388,1711,24.2927,7.8258
9025,300.833,1538,504,2389,1721,26.1105,4.4222
9026,300.867,1537,503,2389,1721,25.5855,5.5845
9027,300.900,1537,498,2389,1720,28.6611,-3.3819
9028,300.933,1537,498,2389,1720,28.8148,-2.8484
9029,300.967,1537,499,2389,1720,29.3654,-1.7692
9030,301.000,1537,498,2389,1719,30.1391,-2.8091
9031,301.033,1536,501,2388,1717,27.7495,3.6957
9032,301.067,1536,503,2388,1716,28.7597,6.0825
9033,301.100,1535,503,2386,1716,27.7201,2.2448
9034,301.133,1534,502,2385,1715,27.0140,2.6346
9035,301.167,1534,504,2385,1715,27.9807,6.0860
9036,301.200,1534,505,2385,1712,29.6886,3.0623
9037,301.233,1532,506,2385,1712,27.3513,5.2903
9038,301.267,1533,506,2385,1713,27.8522,3.7095
9039,301.300,1533,504,2386,1714,28.7366,5.2467
9040,301.333,1534,503,2387,1714,25.1602,3.7065
9041,301.367,1535,501,2386,1713,25.2316,4.8776
9042,301.400,1535,500,2387,1713,25.9033,6.1660
9043,301.433,1534,502,2387,1713,24.9970,4.8841
9044,301.467,1535,500,2387,1713,25.9403,6.1447
9045,301.500,1535,502,2387,1713,25.9400,3.8498
9046,301.533,1535,502,2388,1713,26.0890,3.1540
9047,301.567,1535,502,2388,1713,25.3242,3.4785
9048,301.600,1535,502,2388,1713,26.0656,4.1046
9049,301.633,1535,503,2388,1712,26.6028,6.6448
9050,301.667,1534,503,2388,1713,26.4776,4.9689
9051,301.700,1534,504,2388,1714,26.5104,4.3218
9052,301.733,1533,505,2388,1714,26.5692,4.0886
9053,301.767,1533,507,2387,1713,27.5529,5.5986
9054,301.800,1533,504,2388,1713,26.5905,6.4180
9055,301.833,1533,502,2388,1714,25.1177,6.2265
9056,301.867,1534,501,2388,1714,24.2730,3.7170
9057,301.900,1532,493,2390,1717,26.5130,6.8800
9058,301.933,1532,492,2389,1717,24.5766,5.4559
9059,301.967,1533,492,2389,1716,25.7015,5.4693
9060,302.000,1533,492,2389,1716,26.2261,6.2190
9061,302.033,1533,493,2389,1716,24.4464,4.7049
9062,302.067,1533,493,2389,1716,24.5552,5.3182
9063,302.100,1533,492,2388,1716,26.2779,6.0638
9064,302.133,1533,492,2389,1716,25.5334,7.4925
9065,302.167,1532,493,2389,1716,27.2690,10.4805
9066,302.200,1532,495,2388,1715,25.5555,10.7342
9067,302.233,1532,495,2387,1715,25.1214,10.5363
9068,302.267,1531,497,2387,1715,26.1292,10.6718
9069,302.300,1529,499,2386,1713,24.3670,8.1611
9070,302.333,1530,500,2386,1713,24.0726,5.9773
9071,302.367,1530,499,2386,1713,26.0775,8.9651
9072,302.400,1530,498,2385,1713,24.5045,6.2820
9073,302.433,1530,498,2386,1712,25.6436,8.0017
9074,302.467,1530,498,2386,1711,24.6797,8.5708
9075,302.500,1530,497,2385,1711,24.1125,5.8924
9076,302.533,1530,498,2386,1711,24.9507,8.7009
9077,302.567,1530,498,2385,1712,23.4468,6.7518
9078,302.600,1530,497,2386,1712,23.8657,7.5090
9079,302.633,1530,496,2386,1711,22.9835,8.4313
9080,302.667,1531,498,2386,1711,23.5834,10.5779
9081,302.700,1531,496,2387,1710,25.1369,12.0889
9082,302.733,1531,495,2387,1712,25.0622,12.2660
9083,302.767,1531,496,2387,1712,25.0315,11.2834
9084,302.800,1532,496,2387,1713,24.5962,12.5330
9085,302.833,1533,494,2387,1714,24.6629,10.5733
9086,302.867,1534,492,2387,1714,25.2684,8.5248
9087,302.900,1532,492,2387,1715,24.2529,10.0918
9088,302.933,1533,492,2388,1715,24.2525,9.9457
9089,302.967,1533,492,2387,1715,24.9256,7.8635
9090,303.000,1533,492,2388,1714,23.6617,9.9558
9091,303.033,1532,494,2388,1713,23.1260,8.2229
9092,303.067,1532,491,2387,1711,24.1003,9.8252
9093,303.100,1532,492,2388,1712,23.8118,9.2986
9094,303.133,1531,492,2388,1712,24.4054,8.9042
9095,303.167,1531,491,2388,1711,22.6644,8.5899
9096,303.200,1531,490,2388,1711,23.8454,8.4698
9097,303.233,1531,490,2388,1712,23.1181,8.4526
9098,303.267,1531,491,2388,1712,23.1571,9.1965
9099,303.300,1532,491,2388,1713,25.5331,8.5848
9100,303.333,1533,492,2388,1714,23.5585,10.4476
9101,303.367,1535,491,2387,1713,27.5595,5.0895
9102,303.400,1534,488,2388,1714,26.3252,6.0652
9103,303.433,1535,470,2383,1708,9.7878,-0.6633
9104,303.467,1534,471,2383,1708,12.8514,-1.1423
9105,303.500,1533,473,2383,1710,12.0565,0.8526
9106,303.533,1533,483,2385,1714,24.5965,2.9598
9107,303.567,1531,487,2388,1716,24.4161,5.6622
9108,303.600,1531,489,2388,1715,23.5388,7.5159
9109,303.633,1529,488,2389,1715,24.2505,7.3664
9110,303.667,1530,489,2388,1716,24.4318,7.0930
9111,303.700,1530,490,2387,1719,26.9876,4.3241
9112,303.733,1530,490,2386,1720,27.5628,3.5350
9113,303.767,1528,493,2385,1722,26.8042,3.3002
9114,303.800,1528,492,2385,1723,26.7762,4.7316
9115,303.833,1528,491,2385,1724,28.1567,5.2035
9116,303.867,1529,491,2385,1724,28.3645,3.1157
9117,303.900,1529,489,2384,1722,28.8631,5.2224
9118,303.933,1530,491,2383,1719,28.0590,2.7854
9119,303.967,1531,491,2383,1719,27.2724,5.2759
9120,304.000,1530,490,2383,1720,28.0170,4.4398
9121,304.033,1531,498,2384,1718,26.4869,9.6269
9122,304.067,1531,497,2384,1718,27.7160,6.4388
9123,304.100,1531,497,2384,1718,27.7335,6.4778
9124,304.133,1531,498,2384,1718,27.2870,9.0521
9125,304.167,1532,497,2384,1719,29.0460,5.0464
9126,304.200,1531,497,2384,1719,29.1322,5.8111
9127,304.233,1531,497,2384,1719,28.9702,6.2283
9128,304.267,1531,497,2384,1719,29.0453,6.0019
9129,304.300,1531,496,2384,1719,28.8084,6.9543
9130,304.333,1531,497,2385,1718,26.1116,9.0067
9131,304.367,1531,496,2385,1718,28.4632,6.4788
9132,304.400,1531,497,2385,1716,26.1670,8.4815
9133,304.433,1531,495,2385,1715,24.8542,7.3094
9134,304.467,1532,495,2385,1716,25.4607,7.0769
9135,304.500,1531,495,2385,1716,24.9458,8.9583
9136,304.533,1532,495,2385,1716,26.0436,7.9336
9137,304.567,1531,494,2385,1718,26.5829,7.6273
9138,304.600,1530,495,2385,1715,25.7156,9.4995
9139,304.633,1530,495,2385,1715,25.4871,8.7480
9140,304.667,1530,495,2385,1715,25.5571,8.8974
9141,304.700,1530,495,2385,1715,26.5140,9.7157
9142,304.733,1530,495,2385,1715,26.2874,9.9541
9143,304.767,1531,495,2385,1715,24.1864,8.3607
9144,304.800,1531,496,2385,1715,26.7009,10.0691
9145,304.833,1530,496,2385,1714,26.2816,8.1920
9146,304.867,1530,497,2385,1714,25.2637,9.9818
9147,304.900,1530,498,2386,1713,24.9580,10.8797
9148,304.933,1531,497,2385,1713,23.6516,9.5692
9149,304.967,1531,497,2385,1713,24.1060,9.9649
9150,305.000,1533,498,2385,1713,18.2896,9.1176
9151,305.033,1533,497,2385,1714,19.1667,10.6484
9152,305.067,1534,498,2385,1713,17.8642,12.4793
9153,305.100,1533,498,2385,1712,16.7515,10.8846
9154,305.133,1533,498,2385,1712,16.5391,10.5084
9155,305.167,1533,498,2386,1713,17.7711,11.1620
9156,305.200,1533,497,2386,1714,15.4987,12.1072
9157,305.233,1534,497,2386,1714,15.5276,10.1628
9158,305.267,1534,497,2386,1714,15.4733,10.5505
9159,305.300,1533,495,2386,1715,12.9822,14.6492
9160,305.333,1534,496,2386,1713,11.9398,16.8306
9161,305.367,1533,497,2386,1714,8.3173,14.2715
9162,305.400,1533,498,2386,1714,10.8979,15.8102
9163,305.433,1533,498,2387,1713,9.4949,13.5890
9164,305.467,1533,496,2387,1713,9.2811,12.3250
9165,305.500,1533,497,2387,1713,8.6103,15.4300
9166,305.533,1533,496,2387,1714,9.3538,12.1199
9167,305.567,1534,497,2387,1714,8.8510,12.8689
9168,305.600,1534,497,2387,1715,9.4510,11.8044
9169,305.633,1534,496,2387,1714,9.4071,12.9793
9170,305.667,1534,496,2387,1714,9.2515,12.9050
9171,305.700,1535,496,2387,1715,9.5597,14.4155
9172,305.733,1534,497,2387,1715,8.7577,11.6195
9173,305.767,1534,496,2387,1715,8.3699,13.9986
9174,305.800,1534,495,2387,1715,7.5642,12.8169
9175,305.833,1534,495,2387,1714,6.7114,13.8978
9176,305.867,1534,495,2387,1713,8.0683,14.1108
9177,305.900,1532,496,2389,1718,6.6146,12.4408
9178,305.933,1532,496,2389,1720,7.1965,13.8010
9179,305.967,1532,496,2389,1720,6.6432,13.9861
9180,306.000,1532,496,2389,1720,6.8639,14.0019
9181,306.033,1533,497,2389,1719,6.6701,14.8343
9182,306.067,1533,497,2389,1719,6.3641,15.0820
9183,306.100,1533,497,2389,1719,6.2435,14.8724
9184,306.133,1533,497,2389,1719,6.4099,14.9223
9185,306.167,1533,497,2389,1719,6.6501,15.1632
9186,306.200,1533,496,2388,1719,6.6889,12.1830
9187,306.233,1533,497,2388,1720,6.8076,13.2228
9188,306.267,1533,496,2388,1719,7.3090,11.0809
9189,306.300,1533,498,2388,1720,7.1141,11.9397
9190,306.333,1532,496,2388,1721,7.4484,10.0002
9191,306.367,1539,483,2384,1716,4.0942,0.7794
9192,306.400,1537,480,2382,1716,7.4661,1.3234
9193,306.433,1538,480,2383,1715,5.5410,0.7310
9194,306.467,1537,491,2385,1719,8.9504,6.8348
9195,306.500,1536,490,2385,1721,10.0612,6.3878
9196,306.533,1534,493,2387,1720,4.9004,7.7759
9197,306.567,1532,493,2387,1724,7.6940,9.0115
9198,306.600,1531,492,2387,1724,5.5176,3.5798
9199,306.633,1531,492,2387,1724,5.7966,3.1250
9200,306.667,1531,493,2388,1724,6.7265,8.0050
9201,306.700,1531,495,2387,1724,6.4330,7.3350
9202,306.733,1531,495,2388,1723,7.8902,8.6566
9203,306.767,1531,494,2388,1723,7.3129,5.0267
9204,306.800,1531,495,2388,1723,7.2160,9.2788
9205,306.833,1531,495,2388,1722,6.9480,7.6971
9206,306.867,1531,495,2388,1722,6.9464,8.6244
9207,306.900,1532,489,2389,1723,7.1358,8.4959
9208,306.933,1532,489,2389,1723,7.4495,8.2993
9209,306.967,1533,488,2388,1724,10.0786,8.4487
9210,307.000,1533,488,2389,1724,7.8816,6.6055
9211,307.033,1533,489,2389,1724,6.9630,5.8822
9212,307.067,1533,490,2388,1723,7.3708,8.5268
9213,307.100,1533,490,2388,1722,6.5714,9.6133
9214,307.133,1533,490,2388,1722,6.5165,9.6347
9215,307.167,1534,490,2388,1721,6.7668,8.8455
9216,307.200,1534,490,2388,1720,8.4709,9.3225
9217,307.233,1535,490,2388,1718,7.2791,10.6465
9218,307.267,1535,491,2388,1719,6.1028,8.1327
9219,307.300,1535,491,2387,1719,7.0695,8.3869
9220,307.333,1536,492,2387,1717,7.9615,7.5125
9221,307.367,1536,492,2387,1717,7.9130,7.7263
9222,307.400,1536,492,2387,1716,7.5692,9.1180
9223,307.433,1536,491,2387,1717,8.2229,10.8450
9224,307.467,1536,492,2387,1717,9.0137,9.9566
9225,307.500,1536,492,2387,1718,8.8167,10.6893
9226,307.533,1536,491,2387,1718,8.7988,10.7911
9227,307.567,1537,492,2387,1717,10.4121,13.2024
9228,307.600,1537,494,2387,1717,9.1211,10.0916
9229,307.633,1537,495,2387,1716,8.9188,11.4228
9230,307.667,1536,495,2387,1716,7.7593,9.3070
9231,307.700,1536,495,2387,1716,6.8910,9.9915
9232,307.733,1536,495,2387,1716,6.5851,10.1527
9233,307.767,1536,494,2387,1717,8.1320,10.7886
9234,307.800,1536,494,2387,1716,7.7980,10.7192
9235,307.833,1536,494,2387,1716,7.1844,11.0648
9236,307.867,1535,495,2387,1716,6.5340,10.0013
9237,307.900,1535,495,2388,1719,6.1842,13.2723
9238,307.933,1537,498,2386,1717,8.1734,11.5017
9239,307.967,1539,503,2386,1718,7.2853,12.0584
9240,308.000,1539,500,2386,1720,8.7623,12.7482
9241,308.033,1540,498,2386,1712,9.6381,9.8188
9242,308.067,1540,499,2386,1710,10.5591,10.7281
9243,308.100,1540,498,2386,1711,8.9946,10.2564
9244,308.133,1540,499,2386,1710,10.5992,10.7692
9245,308.167,1540,499,2386,1710,9.4681,10.5186
9246,308.200,1539,499,2386,1711,9.2705,10.5815
9247,308.233,1539,499,2386,1710,9.7581,12.9980
9248,308.267,1539,500,2386,1711,10.1711,12.6306
9249,308.300,1539,501,2385,1712,11.3436,10.5563
9250,308.333,1538,501,2385,1713,9.9898,11.8894
9251,308.367,1538,501,2385,1712,9.5199,14.4512
9252,308.400,1538,501,2385,1713,10.0396,11.7660
9253,308.433,1538,501,2386,1713,9.0382,14.2130
9254,308.467,1541,498,2386,1713,8.4748,8.8306
9255,308.500,1542,475,2382,1706,9.1045,2.0166
9256,308.533,1542,477,2382,1707,3.6087,1.4014
9257,308.567,1541,476,2382,1707,-7.1711,-1.2263
9258,308.600,1544,494,2384,1709,-11.1814,8.6726
9259,308.633,1544,495,2385,1710,-6.3728,9.6390
9260,308.667,1543,500,2385,1710,-7.6265,6.5405
9261,308.700,1542,504,2387,1712,-7.6719,12.5524
9262,308.733,1543,504,2387,1712,-10.6223,10.2479
9263,308.767,1543,503,2387,1713,-10.3225,7.4759
9264,308.800,1542,503,2387,1713,-10.6704,9.0915
9265,308.833,1542,506,2387,1716,-10.7002,8.1559
9266,308.867,1542,506,2387,1717,-12.4903,10.3334
9267,308.900,1542,505,2388,1718,-12.7825,8.8607
9268,308.933,1542,505,2388,1718,-12.3703,8.6810
9269,308.967,1542,505,2388,1718,-12.5784,9.0775
9270,309.000,1542,505,2388,1719,-12.2796,8.7983
9271,309.033,1542,505,2388,1721,-12.2657,10.1298
9272,309.067,1542,505,2388,1721,-12.6219,9.6457
9273,309.100,1542,505,2388,1720,-12.5814,9.1817
9274,309.133,1542,505,2388,1720,-12.3860,9.1990
9275,309.167,1542,505,2388,1721,-13.0080,8.9964
9276,309.200,1542,504,2388,1721,-12.2995,7.7471
9277,309.233,1542,504,2388,1721,-12.5333,7.4587
9278,309.267,1542,504,2388,1721,-12.4550,7.5578
9279,309.300,1542,503,2388,1720,-12.7049,8.5840
9280,309.333,1542,502,2388,1719,-11.8303,7.4229
9281,309.367,1543,502,2388,1718,-11.0749,8.6706
9282,309.400,1542,503,2388,1720,-12.0602,9.8519
9283,309.433,1542,501,2388,1722,-12.7176,6.7473
9284,309.467,1543,500,2388,1723,-12.5797,6.7439
9285,309.500,1543,501,2388,1723,-12.5314,5.0717
9286,309.533,1543,501,2388,1723,-12.4229,4.2514
9287,309.567,1542,501,2389,1723,-12.5629,7.2484
9288,309.600,1543,501,2388,1722,-11.2507,5.8371
9289,309.633,1543,501,2388,1721,-12.7332,5.7293
9290,309.667,1544,501,2388,1723,-13.7589,8.4411
9291,309.700,1543,501,2388,1724,-12.7192,7.1900
9292,309.733,1544,500,2388,1723,-12.3164,5.9366
9293,309.767,1543,499,2388,1723,-11.4610,6.9648
9294,309.800,1543,498,2388,1723,-9.8529,6.6541
9295,309.833,1543,498,2388,1724,-11.1323,7.6692
9296,309.867,1542,499,2388,1724,-13.2027,6.0990
9297,309.900,1541,496,2390,1726,-10.0442,3.8091
9298,309.933,1541,495,2390,1726,-10.0239,3.3836
9299,309.967,1540,495,2390,1727,-9.8698,3.0989
9300,310.000,1541,494,2390,1727,-11.1934,1.9735
9301,310.033,1540,495,2390,1728,-11.1490,5.4640
9302,310.067,1541,493,2390,1730,-11.7920,2.0932
9303,310.100,1541,493,2390,1729,-12.6455,4.4001
9304,310.133,1541,494,2390,1730,-11.3856,2.1855
9305,310.167,1541,496,2390,1732,-10.3109,3.9579
9306,310.200,1541,496,2391,1732,-12.3943,4.0103
9307,310.233,1541,494,2392,1731,-12.0082,5.4800
9308,310.267,1541,482,2388,1728,-11.4906,-2.6371
9309,310.300,1541,482,2389,1729,-10.1546,-2.6762
9310,310.333,1535,468,2390,1725,-7.0555,-8.5321
9311,310.367,1540,475,2387,1728,-10.5448,-1.0862
9312,310.400,1540,475,2387,1727,-10.0883,-1.6975
9313,310.433,1543,482,2390,1728,-12.7720,2.1478
9314,310.467,1544,491,2391,1730,-7.9816,4.7976
9315,310.500,1543,491,2391,1728,-11.0635,5.9188
9316,310.533,1542,493,2390,1726,-10.7810,5.8049
9317,310.567,1542,497,2391,1724,-11.9138,4.7230
9318,310.600,1542,496,2391,1725,-11.9297,6.2018
9319,310.633,1542,496,2391,1724,-13.1251,5.9002
9320,310.667,1542,497,2391,1724,-12.5527,5.4542
9321,310.700,1543,497,2391,1722,-12.3700,7.8330
9322,310.733,1543,498,2391,1722,-11.3275,9.5861
9323,310.767,1543,498,2391,1721,-11.6361,9.6256
9324,310.800,1543,498,2391,1721,-12.1060,9.7321
9325,310.833,1544,496,2391,1722,-8.9016,7.6021
9326,310.867,1544,496,2391,1722,-9.5430,9.1844
9327,310.900,1545,496,2392,1721,-10.0128,9.3673
9328,310.933,1545,496,2392,1721,-9.8380,9.5031
9329,310.967,1545,495,2392,1721,-11.2118,9.3426
9330,311.000,1545,496,2392,1721,-10.1275,9.4256
9331,311.033,1545,496,2392,1722,-10.8884,11.6881
9332,311.067,1544,497,2392,1721,-11.9550,9.7656
9333,311.100,1544,496,2392,1720,-10.9994,10.6152
9334,311.133,1544,497,2392,1719,-11.8668,9.1332
9335,311.167,1544,499,2391,1720,-12.1550,9.8091
9336,311.200,1543,500,2391,1721,-10.3919,6.9518
9337,311.233,1542,500,2391,1721,-10.8407,8.3773
9338,311.267,1542,500,2391,1721,-10.4308,8.0350
9339,311.300,1542,499,2391,1722,-9.9387,8.6118
9340,311.333,1542,498,2391,1722,-9.5041,9.1532
9341,311.367,1542,498,2391,1723,-10.6030,7.5998
9342,311.400,1542,499,2391,1722,-9.3375,7.3649
9343,311.433,1541,499,2391,1722,-10.6796,7.4735
9344,311.467,1541,499,2392,1723,-11.3620,7.5232
9345,311.500,1541,499,2392,1722,-10.5314,8.5964
9346,311.533,1541,499,2392,1722,-10.6564,8.4915
9347,311.567,1541,499,2392,1722,-10.6714,7.1863
9348,311.600,1541,499,2392,1723,-11.3771,6.1692
9349,311.633,1541,499,2392,1723,-11.1248,6.4529
9350,311.667,1541,500,2392,1723,-10.5271,9.9441
9351,311.700,1541,500,2393,1722,-10.8447,7.5352
9352,311.733,1540,500,2393,1723,-11.4734,8.2188
9353,311.767,1540,500,2393,1723,-11.3439,7.7971
9354,311.800,1541,500,2393,1724,-8.0468,8.7877
9355,311.833,1541,501,2393,1725,-7.7338,6.3351
9356,311.867,1540,500,2392,1720,3.0744,8.7199
9357,311.900,1539,499,2391,1720,8.5032,1.6767
9358,311.933,1539,500,2391,1719,9.0250,7.8275
9359,311.967,1539,501,2391,1719,9.1482,6.9429
9360,312.000,1539,501,2390,1719,10.5146,6.4547
9361,312.033,1539,500,2390,1716,7.9843,6.1152
9362,312.067,1540,501,2390,1716,10.3912,6.5459
9363,312.100,1540,502,2390,1716,9.7128,7.4686
9364,312.133,1540,505,2390,1716,8.5497,5.6626
9365,312.167,1539,505,2389,1716,7.2908,6.3132
9366,312.200,1540,501,2390,1720,10.3567,5.7470
9367,312.233,1542,496,2390,1719,13.2440,4.7337
9368,312.267,1542,494,2392,1719,13.7593,4.3921
9369,312.300,1540,496,2392,1722,12.3818,6.1703
9370,312.333,1539,493,2392,1726,11.9146,3.9949
9371,312.367,1539,493,2392,1726,11.6993,3.5908
9372,312.400,1539,493,2392,1727,11.0722,4.9390
9373,312.433,1539,494,2392,1727,11.2390,4.9281
9374,312.467,1538,494,2392,1728,11.5308,0.4518
9375,312.500,1538,494,2392,1727,12.3324,2.3900
9376,312.533,1538,494,2393,1728,11.9437,3.9328
9377,312.567,1539,495,2392,1726,11.4065,4.4779
9378,312.600,1540,498,2391,1725,12.5113,5.0700
9379,312.633,1539,497,2391,1725,10.6355,4.9128
9380,312.667,1539,497,2392,1726,11.2994,5.1226
9381,312.700,1538,494,2392,1728,11.7343,1.0204
9382,312.733,1538,494,2392,1727,12.4267,3.1984
9383,312.767,1538,493,2392,1727,9.8614,4.2502
9384,312.800,1538,494,2392,1728,11.7933,2.9302
9385,312.833,1537,495,2392,1726,9.4365,4.8405
9386,312.867,1538,494,2392,1726,11.1597,4.2182
9387,312.900,1536,491,2394,1731,9.2140,1.2249
9388,312.933,1536,491,2394,1729,10.1972,2.2406
9389,312.967,1536,491,2394,1728,9.3498,1.9725
9390,313.000,1536,492,2393,1728,9.4587,3.1636
9391,313.033,1537,491,2393,1726,10.6980,3.6359
9392,313.067,1536,493,2392,1725,8.0889,1.9012
9393,313.100,1536,494,2392,1726,10.4293,7.0138
9394,313.133,1536,494,2392,1726,10.0523,6.4272
9395,313.167,1536,494,2392,1727,9.3081,5.3049
9396,313.200,1536,493,2393,1726,10.2292,4.8020
9397,313.233,1536,493,2393,1728,9.6201,5.3297
9398,313.267,1537,493,2393,1726,8.8378,1.0221
9399,313.300,1537,493,2393,1725,8.6565,2.6447
9400,313.333,1537,493,2393,1726,9.1281,2.8544
9401,313.367,1536,493,2393,1729,10.2056,4.7077
9402,313.400,1537,493,2393,1728,9.5311,3.3120
9403,313.433,1536,494,2393,1729,9.8431,3.6046
9404,313.467,1536,494,2393,1730,8.7021,2.7898
9405,313.500,1536,493,2394,1730,8.3416,3.0374
9406,313.533,1536,494,2394,1730,7.4249,1.7759
9407,313.567,1536,495,2394,1731,7.4466,3.4268
9408,313.600,1536,496,2394,1731,8.6426,1.8744
9409,313.633,1536,496,2393,1730,6.7644,1.7299
9410,313.667,1536,495,2394,1730,7.4825,0.4550
9411,313.700,1536,495,2394,1730,7.4906,0.4513
9412,313.733,1535,496,2394,1728,8.3712,4.3532
9413,313.767,1536,499,2394,1727,8.2519,3.6976
9414,313.800,1536,497,2394,1727,8.0008,3.4702
9415,313.833,1539,489,2391,1722,10.6324,-3.1128
9416,313.867,1538,488,2391,1723,6.5636,-2.1598
9417,313.900,1539,493,2389,1721,10.1030,-3.5502
9418,313.933,1542,502,2391,1722,8.5620,4.0257
9419,313.967,1541,503,2391,1722,9.3272,4.0493
9420,314.000,1540,499,2392,1723,9.6485,6.6423
9421,314.033,1536,499,2393,1732,9.1020,8.7309
9422,314.067,1535,499,2394,1733,9.8017,8.8584
9423,314.100,1535,499,2394,1733,9.9819,9.1825
9424,314.133,1535,498,2394,1733,10.3214,9.4299
9425,314.167,1535,499,2394,1733,10.0136,8.5971
9426,314.200,1535,498,2394,1733,9.9939,11.2317
9427,314.233,1535,498,2394,1734,9.2372,11.5522
9428,314.267,1535,499,2394,1733,8.4617,9.3969
9429,314.300,1535,498,2394,1733,10.4894,10.9222
9430,314.333,1536,497,2394,1733,10.3665,9.5814
9431,314.367,1536,496,2394,1732,9.6483,8.1163
9432,314.400,1536,496,2394,1733,9.6183,9.6654
9433,314.433,1537,495,2395,1732,11.0723,7.7139
9434,314.467,1537,495,2394,1732,10.6122,6.7268
9435,314.500,1536,495,2394,1732,10.5957,7.9166
9436,314.533,1537,495,2394,1732,10.4944,6.6254
9437,314.567,1537,496,2394,1732,10.2827,6.1352
9438,314.600,1537,497,2393,1733,9.4106,7.9264
9439,314.633,1537,497,2393,1733,9.1499,8.5464
9440,314.667,1537,497,2393,1733,9.2349,8.4575
9441,314.700,1538,496,2393,1730,10.2553,7.5188
9442,314.733,1537,495,2393,1729,10.1672,7.4035
9443,314.767,1538,495,2393,1730,10.4675,8.1648
9444,314.800,1537,497,2393,1729,8.6613,7.0903
9445,314.833,1537,498,2393,1729,9.3551,7.2610
9446,314.867,1538,498,2393,1730,9.2966,7.3088
9447,314.900,1536,495,2394,1734,10.1109,4.7454
9448,314.933,1537,495,2393,1731,11.8574,7.4007
9449,314.967,1537,496,2394,1732,11.0898,3.6603
9450,315.000,1537,494,2394,1732,10.9524,6.3873
9451,315.033,1538,494,2393,1731,10.9204,4.2428
9452,315.067,1540,495,2392,1732,12.0378,4.1766
9453,315.100,1540,496,2390,1730,11.0658,3.4785
9454,315.133,1540,497,2390,1729,12.6393,4.7015
9455,315.167,1540,493,2390,1733,10.7457,0.9258
9456,315.200,1539,495,2389,1732,11.0953,1.5123
9457,315.233,1538,498,2389,1732,11.1595,3.9955
9458,315.267,1538,498,2390,1732,11.1707,7.0666
9459,315.300,1537,493,2389,1732,11.3980,3.5598
9460,315.333,1539,496,2389,1733,13.2383,2.5950
9461,315.367,1539,496,2389,1732,12.5191,2.1411
9462,315.400,1538,496,2389,1734,11.5005,-0.5004
9463,315.433,1537,496,2389,1736,10.6382,1.3661
9464,315.467,1536,495,2389,1741,11.1027,2.8208
9465,315.500,1537,495,2390,1742,11.6028,4.3086
9466,315.533,1537,494,2390,1741,12.5889,3.7187
9467,315.567,1535,495,2390,1744,11.3605,4.8072
9468,315.600,1536,497,2391,1745,11.3027,5.1826
9469,315.633,1535,496,2391,1745,10.3872,6.0687
9470,315.667,1536,496,2391,1745,10.1664,6.8366
9471,315.700,1537,494,2391,1742,11.3558,6.3322
9472,315.733,1538,494,2391,1742,11.9389,6.8139
9473,315.767,1538,494,2391,1739,11.6592,5.1604
9474,315.800,1541,497,2391,1738,10.7897,6.2571
9475,315.833,1542,500,2392,1738,11.3871,8.7058
9476,315.867,1542,501,2393,1740,10.2325,8.4409
9477,315.900,1541,500,2395,1734,13.8613,5.1441
9478,315.933,1541,500,2395,1735,12.7135,5.9311
9479,315.967,1541,501,2394,1734,10.9257,7.1849
9480,316.000,1541,501,2395,1736,9.2412,6.2347
9481,316.033,1540,499,2394,1735,8.8736,6.0192
9482,316.067,1540,498,2394,1734,7.7328,5.6199
9483,316.100,1540,498,2393,1734,9.1592,4.6761
9484,316.133,1540,498,2393,1733,7.8875,5.3436
9485,316.167,1540,498,2393,1731,9.5248,6.1334
9486,316.200,1540,495,2394,1729,9.2206,7.5289
9487,316.233,1541,495,2394,1729,7.4700,8.5453
9488,316.267,1539,475,2391,1723,8.2410,-7.0218
9489,316.300,1536,473,2390,1722,11.0889,-0.6434
9490,316.333,1534,468,2391,1723,9.4217,-1.8163
9491,316.367,1540,479,2393,1725,10.4585,2.3018
9492,316.400,1540,488,2395,1728,9.8453,2.9413
9493,316.433,1541,487,2395,1729,10.8622,2.4718
9494,316.467,1539,490,2394,1726,11.2661,5.5559
9495,316.500,1539,488,2395,1726,9.8737,3.9430
9496,316.533,1539,491,2395,1727,8.4760,3.8397
9497,316.567,1539,490,2394,1727,9.8619,4.4779
9498,316.600,1539,492,2394,1728,10.7414,2.5247
9499,316.633,1539,492,2394,1728,10.9441,2.3191
9500,316.667,1539,492,2394,1728,10.2560,2.5799
9501,316.700,1538,494,2394,1729,9.6902,5.5313
9502,316.733,1538,494,2394,1728,9.7527,6.2285
9503,316.767,1538,494,2394,1728,9.9551,5.9780
9504,316.800,1538,494,2394,1728,10.0761,6.0995
9505,316.833,1538,494,2394,1728,10.1084,6.0082
9506,316.867,1538,496,2394,1727,9.4644,3.0259
9507,316.900,1538,496,2394,1724,10.0479,3.2921
9508,316.933,1538,496,2394,1721,8.7942,5.3663
9509,316.967,1538,496,2394,1722,9.5146,4.0145
9510,317.000,1538,496,2394,1722,9.5292,4.4853
9511,317.033,1538,496,2394,1722,9.2966,4.2957
9512,317.067,1538,497,2394,1722,10.6857,3.4150
9513,317.100,1538,497,2394,1722,10.6767,3.9017
9514,317.133,1539,498,2394,1721,9.0039,8.3712
9515,317.167,1537,499,2394,1723,8.4285,12.0933
9516,317.200,1538,502,2393,1723,7.0101,12.2365
9517,317.233,1537,503,2393,1722,8.0863,12.9224
9518,317.267,1538,503,2393,1723,7.1879,12.6240
9519,317.300,1537,504,2393,1724,7.8291,11.5228
9520,317.333,1537,504,2393,1724,7.6527,11.6637
9521,317.367,1537,503,2393,1725,8.4738,11.9600
9522,317.400,1537,503,2393,1725,8.5559,12.0079
9523,317.433,1537,505,2393,1726,8.8804,10.5518
9524,317.467,1537,504,2393,1726,8.6572,11.5148
9525,317.500,1537,504,2393,1726,8.7571,11.4804
9526,317.533,1537,505,2393,1726,9.1163,10.0648
9527,317.567,1537,506,2394,1725,9.1633,7.7157
9528,317.600,1537,505,2394,1725,8.6600,9.3828
9529,317.633,1538,505,2394,1725,8.5962,8.0691
9530,317.667,1538,506,2395,1726,7.8576,7.9395
9531,317.700,1538,505,2395,1727,7.6224,8.6482
9532,317.733,1539,506,2394,1725,8.6352,9.1729
9533,317.767,1537,505,2394,1728,9.1954,9.5180
9534,317.800,1539,513,2392,1717,10.7399,11.5464
9535,317.833,1539,518,2391,1713,9.3769,10.9942
9536,317.867,1540,517,2392,1713,9.1699,11.8004
9537,317.900,1540,514,2390,1714,8.9988,12.3980
9538,317.933,1540,514,2390,1712,9.5952,13.1647
9539,317.967,1541,516,2390,1711,10.2776,10.9290
9540,318.000,1540,515,2391,1712,8.6858,9.3291
9541,318.033,1539,516,2391,1710,9.1614,11.9108
9542,318.067,1539,518,2392,1710,8.4654,10.2592
9543,318.100,1539,517,2392,1708,9.7778,10.5692
9544,318.133,1539,517,2392,1708,10.2841,11.3394
9545,318.167,1541,518,2393,1706,9.7031,10.7660
9546,318.200,1541,519,2392,1706,8.6133,12.7775
9547,318.233,1541,519,2391,1705,7.7172,13.9566
9548,318.267,1540,513,2391,1705,8.0697,13.7091
9549,318.300,1540,516,2391,1706,4.1342,13.6473
9550,318.333,1540,525,2389,1701,2.0046,13.4048
9551,318.367,1540,531,2389,1700,4.1995,13.1874
9552,318.400,1541,522,2388,1703,2.0148,12.9997
9553,318.433,1540,519,2389,1706,2.8790,11.4877
9554,318.467,1541,527,2390,1709,-0.7831,12.6772
9555,318.500,1541,535,2389,1710,-2.8251,10.9424
9556,318.533,1540,532,2391,1712,-2.8970,12.2326
9557,318.567,1539,528,2392,1712,-3.9644,11.3347
9558,318.600,1538,529,2393,1712,-1.4041,7.8477
9559,318.633,1539,527,2393,1712,-2.7054,12.9783
9560,318.667,1539,528,2394,1712,-0.8054,12.4934
9561,318.700,1540,533,2394,1710,-0.8255,14.7411
9562,318.733,1540,529,2395,1710,-2.3406,10.0697
9563,318.767,1540,529,2394,1708,-2.7708,12.7138
9564,318.800,1541,531,2394,1707,-2.6281,13.0098
9565,318.833,1541,533,2393,1705,-1.2924,15.0484
9566,318.867,1541,533,2393,1704,-1.0459,18.0076
9567,318.900,1545,537,2394,1705,-1.0276,14.5531
9568,318.933,1545,533,2394,1705,-1.7605,15.0625
9569,318.967,1544,533,2394,1706,-1.9618,16.7368
9570,319.000,1545,534,2394,1705,-2.2185,14.8674
9571,319.033,1545,533,2394,1706,-3.6866,15.7636
9572,319.067,1545,536,2394,1705,-1.9758,14.5806
9573,319.100,1546,531,2393,1706,-6.1233,11.7673
9574,319.133,1545,529,2394,1706,-4.1273,10.8031
9575,319.167,1545,516,2392,1704,-6.2451,4.9583
9576,319.200,1545,520,2391,1704,-6.4530,4.9220
9577,319.233,1546,519,2391,1704,-5.1632,3.4379
9578,319.267,1545,524,2392,1704,-5.9170,7.7655
9579,319.300,1545,528,2393,1705,-7.1240,7.1029
9580,319.333,1545,532,2394,1705,-5.4883,6.8268
9581,319.367,1545,532,2394,1705,-5.2322,7.2981
9582,319.400,1545,533,2394,1705,-4.7303,5.2481
9583,319.433,1545,534,2395,1707,-3.7522,3.2774
9584,319.467,1546,530,2394,1706,-4.8651,4.9812
9585,319.500,1544,503,2391,1703,-3.8852,-1.9611
9586,319.533,1544,499,2391,1703,-2.1786,-5.4686
9587,319.567,1542,497,2392,1703,-1.5914,-3.5145
9588,319.600,1545,511,2388,1700,-0.7872,-3.5867
9589,319.633,1544,510,2389,1700,-1.8934,-2.9844
9590,319.667,1544,521,2392,1703,-4.2369,8.1583
9591,319.700,1545,527,2392,1702,-3.0794,7.6488
9592,319.733,1545,530,2393,1702,-2.4277,6.1584
9593,319.767,1545,532,2393,1702,-3.4447,7.6745
9594,319.800,1545,533,2393,1702,-4.9060,5.3617
9595,319.833,1544,534,2394,1702,-4.8483,6.3947
9596,319.867,1543,535,2393,1702,-4.3651,11.9059
9597,319.900,1542,532,2395,1706,-4.1446,9.0727
9598,319.933,1542,530,2395,1706,-2.8438,9.0466
9599,319.967,1541,530,2395,1706,-3.1731,10.9502
9600,320.000,1542,530,2395,1706,-2.8273,9.5188
9601,320.033,1542,529,2395,1706,-3.8616,10.7923
9602,320.067,1541,528,2395,1705,-0.0162,11.7239
9603,320.100,1541,530,2395,1705,-1.1972,11.9912
9604,320.133,1541,529,2395,1705,-0.7918,11.3540
9605,320.167,1541,527,2395,1704,0.1414,14.7760
9606,320.200,1541,527,2395,1704,-1.5540,13.8822
9607,320.233,1541,527,2395,1704,-2.1021,14.0315
9608,320.267,1540,527,2395,1704,-2.2297,13.8055
9609,320.300,1540,528,2395,1705,0.0576,10.5495
9610,320.333,1540,525,2395,1706,-1.7332,13.4780
9611,320.367,1540,524,2395,1706,-3.1901,13.5060
9612,320.400,1540,522,2395,1706,-4.3763,13.7778
9613,320.433,1540,518,2396,1707,9.3140,13.0270
9614,320.467,1540,519,2396,1707,12.4412,12.3670
9615,320.500,1539,519,2397,1707,10.1197,8.5753
9616,320.533,1540,519,2397,1707,10.8590,13.1937
9617,320.567,1538,517,2397,1707,10.4391,11.3472
9618,320.600,1538,516,2397,1707,14.1516,12.7999
9619,320.633,1538,516,2397,1707,13.9839,12.4982
9620,320.667,1538,515,2397,1707,12.6802,13.4369
9621,320.700,1539,512,2398,1708,18.0629,10.4841
9622,320.733,1539,513,2397,1708,17.8481,9.3503
9623,320.767,1539,513,2397,1708,17.0061,9.3488
9624,320.800,1540,513,2397,1709,16.1367,11.0556
9625,320.833,1540,513,2397,1708,17.3275,11.6602
9626,320.867,1540,508,2396,1708,17.2527,14.2175
9627,320.900,1538,508,2396,1707,18.0345,11.5670
9628,320.933,1536,508,2396,1707,21.6368,12.8282
9629,320.967,1537,508,2396,1711,22.4160,14.7487
9630,321.000,1536,509,2397,1712,21.8834,15.2949
9631,321.033,1536,507,2397,1713,22.8366,13.4093
9632,321.067,1536,507,2396,1713,22.3497,15.5162
9633,321.100,1537,507,2396,1713,23.2762,13.9053
9634,321.133,1536,507,2396,1713,22.3423,15.1573
9635,321.167,1536,507,2397,1714,21.3671,11.6764
9636,321.200,1535,507,2397,1715,24.9861,14.0265
9637,321.233,1535,508,2397,1715,25.3678,13.9724
9638,321.267,1535,507,2397,1715,25.0700,13.7817
9639,321.300,1535,508,2397,1716,24.1484,12.7012
9640,321.333,1535,508,2397,1717,23.8380,13.2295
9641,321.367,1535,508,2398,1717,22.6917,13.1171
9642,321.400,1534,508,2397,1717,22.3537,12.4656
9643,321.433,1534,507,2398,1718,24.2368,13.4525
9644,321.467,1534,508,2398,1719,24.6373,14.6038
9645,321.500,1533,509,2397,1718,20.8909,13.7835
9646,321.533,1533,510,2397,1718,21.7031,14.6420
9647,321.567,1532,508,2396,1716,22.0014,15.5086
9648,321.600,1533,509,2396,1713,21.4498,14.7944
9649,321.633,1533,508,2396,1713,21.9207,14.4290
9650,321.667,1534,509,2396,1713,21.4596,15.2655
9651,321.700,1542,514,2395,1707,24.8138,7.9161
9652,321.733,1542,516,2394,1709,26.4040,7.4182
9653,321.767,1537,505,2393,1705,19.6706,8.7153
9654,321.800,1537,516,2394,1707,17.3981,10.3448
9655,321.833,1538,511,2394,1707,16.9282,6.8124
9656,321.867,1537,516,2395,1709,16.2323,9.4844
9657,321.900,1536,515,2395,1711,14.3664,11.5126
9658,321.933,1537,515,2396,1710,15.1108,10.3185
9659,321.967,1536,515,2395,1709,14.5944,10.6802
9660,322.000,1537,516,2395,1710,14.9415,10.5319
9661,322.033,1536,516,2396,1710,14.8724,9.4613
9662,322.067,1536,518,2395,1709,15.9111,11.0523
9663,322.100,1536,519,2395,1708,12.2375,10.7590
9664,322.133,1536,519,2395,1708,12.3665,10.7493
9665,322.167,1536,520,2395,1708,14.1286,8.1913
9666,322.200,1536,519,2395,1707,11.9684,9.6098
9667,322.233,1536,519,2395,1707,11.8622,9.7528
9668,322.267,1536,519,2395,1707,12.8456,9.7385
9669,322.300,1534,520,2395,1705,7.9089,12.3024
9670,322.333,1534,524,2395,1707,7.5166,9.3649
9671,322.367,1536,527,2395,1713,4.1679,13.5966
9672,322.400,1537,528,2394,1714,5.1007,13.9108
9673,322.433,1537,528,2394,1713,4.3828,11.9798
9674,322.467,1537,526,2394,1712,7.7202,14.2430
9675,322.500,1537,526,2394,1712,7.3885,13.9319
9676,322.533,1537,527,2394,1711,5.6512,12.5589
9677,322.567,1538,526,2394,1712,-0.7783,11.8709
9678,322.600,1538,528,2394,1712,-2.9998,15.2366
9679,322.633,1538,527,2393,1713,-3.1623,14.9394
9680,322.667,1538,528,2393,1713,-3.1902,14.0666
9681,322.700,1538,528,2393,1712,-3.0974,13.7748
9682,322.733,1539,528,2393,1712,-3.1753,14.4981
9683,322.767,1538,527,2393,1712,-3.8038,13.2198
9684,322.800,1539,528,2393,1712,-2.5328,14.9998
9685,322.833,1539,528,2394,1710,-2.4846,14.0463
9686,322.867,1539,528,2394,1710,-1.4825,13.6553
9687,322.900,1540,525,2391,1708,-0.1961,8.2950
9688,322.933,1540,528,2391,1709,-2.0654,12.5668
9689,322.967,1540,527,2392,1709,3.9734,12.5498
9690,323.000,1540,528,2392,1709,0.6558,10.7961
9691,323.033,1540,524,2392,1710,-0.0232,8.6589
9692,323.067,1540,524,2392,1710,0.6972,8.7004
9693,323.100,1540,523,2391,1710,-2.7663,10.4526
9694,323.133,1540,523,2392,1711,-0.3241,11.1495
9695,323.167,1540,523,2392,1712,-0.6280,11.8620
9696,323.200,1540,523,2392,1713,0.4001,12.2476
9697,323.233,1540,522,2392,1712,4.9921,12.5576
9698,323.267,1539,523,2392,1713,7.0317,9.9212
9699,323.300,1539,523,2392,1713,6.2115,10.4719
9700,323.333,1540,522,2393,1713,5.0673,9.5384
9701,323.367,1542,521,2393,1714,4.5406,9.1544
9702,323.400,1543,521,2394,1714,5.6281,7.1107
9703,323.433,1542,498,2394,1714,7.0133,-9.5196
9704,323.467,1541,486,2391,1709,6.0339,2.5797
9705,323.500,1541,482,2389,1709,9.1894,4.1400
9706,323.533,1542,504,2392,1710,13.0752,4.4716
9707,323.567,1543,516,2393,1715,12.4551,11.7107
9708,323.600,1542,516,2393,1714,9.0368,10.8157
9709,323.633,1542,519,2393,1714,9.8018,11.8295
9710,323.667,1541,517,2393,1715,9.6131,12.9478
9711,323.700,1541,518,2394,1715,9.4032,10.3897
9712,323.733,1540,516,2394,1716,11.1181,15.0556
9713,323.767,1539,514,2394,1717,11.0965,16.3009
9714,323.800,1540,514,2394,1719,9.8034,14.8827
9715,323.833,1540,513,2394,1719,9.7485,14.5965
9716,323.867,1540,514,2395,1720,10.7138,15.1766
9717,323.900,1540,507,2396,1720,9.7670,15.4342
9718,323.933,1540,508,2396,1720,10.1111,16.7712
9719,323.967,1539,508,2396,1719,8.6249,16.2576
9720,324.000,1539,507,2397,1720,8.1711,17.3906
9721,324.033,1539,506,2397,1720,9.0678,17.7394
9722,324.067,1539,508,2397,1719,8.9754,18.0861
9723,324.100,1539,506,2397,1719,8.0900,17.2798
9724,324.133,1538,506,2397,1720,7.4493,17.5443
9725,324.167,1538,506,2398,1722,8.8259,17.0897
9726,324.200,1537,506,2398,1721,9.0580,17.7599
9727,324.233,1537,505,2399,1722,8.9155,18.3282
9728,324.267,1537,505,2399,1722,8.7657,18.3851
9729,324.300,1537,506,2399,1722,8.1611,16.1707
9730,324.333,1537,507,2399,1721,7.2330,16.6336
9731,324.367,1536,507,2399,1720,8.0765,19.4760
9732,324.400,1537,508,2397,1720,8.8145,18.5399
9733,324.433,1537,510,2398,1720,4.9711,19.1811
9734,324.467,1536,509,2397,1719,3.3699,18.7021
9735,324.500,1539,513,2397,1719,-3.4601,13.8904
9736,324.533,1539,515,2397,1719,-0.6464,13.8317
9737,324.567,1539,513,2397,1718,-3.6264,14.9800
9738,324.600,1540,517,2397,1717,0.5181,14.2735
9739,324.633,1540,518,2396,1715,-0.8404,14.1232
9740,324.667,1540,517,2397,1717,0.2353,14.2395
9741,324.700,1539,517,2397,1717,-0.5419,13.1904
9742,324.733,1538,518,2397,1718,1.1023,13.9097
9743,324.767,1538,518,2397,1717,1.6159,13.2044
9744,324.800,1538,519,2396,1717,-1.0329,11.5294
9745,324.833,1537,516,2396,1718,-0.4298,14.0116
9746,324.867,1537,514,2396,1717,0.0490,13.5303
9747,324.900,1535,520,2396,1719,-1.9117,15.1030
9748,324.933,1536,517,2396,1719,-1.0152,15.5335
9749,324.967,1536,517,2396,1719,-1.1432,15.4471
9750,325.000,1536,517,2396,1719,-0.9725,15.5894
9751,325.033,1535,516,2396,1719,0.1657,16.3480
9752,325.067,1536,512,2396,1718,0.2256,17.0080
9753,325.100,1535,512,2396,1719,2.8117,17.1770
9754,325.133,1535,512,2396,1719,2.9834,17.1152
9755,325.167,1535,513,2396,1719,0.6941,16.2702
9756,325.200,1535,515,2395,1718,-0.4725,14.0935
9757,325.233,1534,517,2396,1717,1.1097,13.4321
9758,325.267,1533,518,2395,1716,-1.7227,13.5762
9759,325.300,1532,532,2395,1714,-1.9819,13.6189
9760,325.333,1532,520,2393,1711,-1.6628,13.5535
9761,325.367,1533,515,2393,1711,-1.9856,13.8574
9762,325.400,1533,513,2394,1711,-2.6512,15.9561
9763,325.433,1535,507,2394,1709,-4.2428,11.9661
9764,325.467,1531,518,2391,1706,-2.4504,11.2648
9765,325.500,1529,518,2392,1701,-1.1214,14.6464
9766,325.533,1528,513,2390,1699,-0.8127,13.4988
9767,325.567,1527,524,2391,1696,-1.6314,14.8616
9768,325.600,1530,501,2391,1701,-4.1172,-3.3356
9769,325.633,1529,500,2390,1699,-5.3173,2.0042
9770,325.667,1531,502,2389,1698,5.3962,3.9594
9771,325.700,1531,508,2389,1700,6.5553,11.2329
9772,325.733,1531,504,2391,1702,2.8247,12.6749
9773,325.767,1531,511,2391,1701,9.7258,12.0750
9774,325.800,1532,513,2392,1700,6.3789,12.6441
9775,325.833,1530,508,2392,1700,7.7816,10.2047
9776,325.867,1530,506,2392,1701,4.7382,14.8331
9777,325.900,1529,508,2393,1704,5.4204,14.1841
9778,325.933,1530,512,2394,1704,5.7721,14.5834
9779,325.967,1530,509,2393,1703,6.5067,13.0540
9780,326.000,1530,511,2393,1705,4.0062,14.1951
9781,326.033,1530,511,2392,1705,6.1361,13.7215
9782,326.067,1530,516,2392,1706,4.4179,12.1431
9783,326.100,1530,523,2390,1707,5.3017,12.9465
9784,326.133,1529,521,2391,1707,7.1768,12.9864
9785,326.167,1530,524,2390,1706,6.0628,15.4268
9786,326.200,1529,523,2390,1707,5.8497,14.9166
9787,326.233,1529,523,2390,1707,5.5386,16.2844
9788,326.267,1529,522,2390,1707,5.9225,15.9033
9789,326.300,1530,520,2389,1706,7.1552,14.0833
9790,326.333,1529,523,2390,1707,5.8147,16.6967
9791,326.367,1528,522,2390,1707,7.0520,17.7090
9792,326.400,1528,523,2390,1707,7.3647,17.9350
9793,326.433,1528,521,2390,1706,5.5899,16.5157
9794,326.467,1528,520,2391,1706,5.5522,16.6994
9795,326.500,1528,518,2391,1707,3.9342,16.7250
9796,326.533,1528,519,2391,1706,2.2186,16.1634
9797,326.567,1528,516,2391,1708,-1.1690,17.8289
9798,326.600,1528,515,2391,1709,0.4708,16.4128
9799,326.633,1528,518,2391,1709,-5.0525,15.9236
9800,326.667,1528,518,2390,1709,-5.1983,16.5700
9801,326.700,1528,518,2391,1707,-4.6475,16.5151
9802,326.733,1528,522,2390,1704,0.7207,17.7618
9803,326.767,1527,520,2391,1704,-1.0161,16.9037
9804,326.800,1527,520,2390,1704,-0.7916,16.5072
9805,326.833,1527,523,2390,1702,2.3598,16.1460
9806,326.867,1526,525,2390,1706,-1.0625,16.2645
9807,326.900,1528,521,2388,1709,0.4250,12.9028
9808,326.933,1521,500,2385,1710,3.9470,-4.5988
9809,326.967,1519,502,2385,1710,6.0659,-2.8387
9810,327.000,1526,520,2385,1711,7.8346,8.1149
9811,327.033,1526,519,2385,1710,6.0279,9.1336
9812,327.067,1528,517,2387,1708,9.9441,14.6425
9813,327.100,1527,517,2388,1709,10.1148,13.2066
9814,327.133,1527,516,2389,1708,9.4330,12.6576
9815,327.167,1527,516,2390,1709,5.1896,15.3890
9816,327.200,1528,517,2389,1709,9.4193,15.5083
9817,327.233,1528,518,2389,1710,4.3276,15.2592
9818,327.267,1527,518,2389,1710,9.0842,16.0956
9819,327.300,1528,518,2390,1709,8.3782,16.1745
9820,327.333,1528,521,2390,1709,9.0681,14.3358
9821,327.367,1528,522,2390,1709,10.8728,16.7062
9822,327.400,1527,523,2390,1708,10.2430,15.8000
9823,327.433,1528,518,2388,1705,12.0193,15.2537
9824,327.467,1528,519,2389,1705,9.9109,12.9836
9825,327.500,1528,519,2388,1705,10.2247,14.2481
9826,327.533,1528,519,2389,1706,9.2717,14.3581
9827,327.567,1528,517,2389,1705,8.2075,15.1427
9828,327.600,1528,516,2389,1704,10.7538,16.4937
9829,327.633,1528,516,2389,1704,10.4992,16.7254
9830,327.667,1528,515,2389,1704,11.3491,16.4398
9831,327.700,1528,513,2390,1705,10.5434,14.9430
9832,327.733,1528,517,2389,1704,11.1358,14.4821
9833,327.767,1528,517,2389,1703,11.0739,15.2011
9834,327.800,1527,517,2389,1704,8.8925,15.3401
9835,327.833,1527,518,2388,1703,9.7252,17.0178
9836,327.867,1527,520,2387,1702,7.3872,16.2141
9837,327.900,1529,513,2388,1703,11.2111,15.7031
9838,327.933,1528,511,2389,1704,10.1251,13.5897
9839,327.967,1528,511,2389,1704,10.1920,13.3932
9840,328.000,1528,510,2389,1704,10.7852,14.4074
9841,328.033,1527,512,2389,1704,13.2116,16.2148
9842,328.067,1527,514,2389,1704,13.9452,15.3009
9843,328.100,1527,513,2390,1704,14.1875,15.0530
9844,328.133,1528,513,2389,1704,13.5461,16.9893
9845,328.167,1528,517,2389,1703,13.6479,13.7141
9846,328.200,1529,517,2389,1704,13.7964,14.0453
9847,328.233,1529,518,2389,1704,11.1140,11.2810
9848,328.267,1529,516,2389,1703,12.4822,15.6600
9849,328.300,1529,514,2389,1703,21.4551,12.1874
9850,328.333,1529,514,2389,1703,20.6940,13.3910
9851,328.367,1528,516,2389,1703,19.2450,14.8482
9852,328.400,1528,515,2389,1704,18.3275,15.3288
9853,328.433,1528,516,2389,1704,20.4382,14.6577
9854,328.467,1528,521,2389,1704,16.7869,13.1880
9855,328.500,1528,520,2389,1705,16.8844,13.5557
9856,328.533,1528,519,2390,1706,16.4552,12.5469
9857,328.567,1527,521,2389,1706,16.9849,12.5079
9858,328.600,1527,525,2390,1705,10.5213,15.4830
9859,328.633,1527,526,2391,1705,9.7218,14.8338
9860,328.667,1528,526,2390,1703,10.2049,13.6595
9861,328.700,1527,521,2391,1704,12.9701,14.9335
9862,328.733,1527,525,2391,1705,11.0350,14.6533
9863,328.767,1527,524,2391,1704,10.6064,13.1977
9864,328.800,1527,525,2391,1704,11.1758,13.5857
9865,328.833,1528,522,2391,1705,11.9366,13.7973
9866,328.867,1528,521,2391,1704,11.4556,12.3333
9867,328.900,1528,520,2391,1703,10.2737,13.0824
9868,328.933,1529,522,2391,1701,9.9987,16.0535
9869,328.967,1529,522,2391,1702,10.3773,14.9573
9870,329.000,1529,522,2391,1702,10.3906,14.8739
9871,329.033,1529,523,2390,1699,9.5764,14.8410
9872,329.067,1529,523,2390,1699,9.4105,13.9854
9873,329.100,1529,523,2390,1701,7.7312,15.8683
9874,329.133,1529,523,2390,1701,8.5384,15.1247
9875,329.167,1530,524,2389,1699,9.1734,15.9076
9876,329.200,1529,526,2389,1697,7.5186,17.2739
9877,329.233,1528,525,2389,1697,8.0975,15.4604
9878,329.267,1528,525,2390,1696,7.1830,16.1240
9879,329.300,1527,524,2389,1698,7.0419,14.4484
9880,329.333,1527,524,2389,1698,7.4421,14.4537
9881,329.367,1527,524,2389,1698,7.8009,14.3981
9882,329.400,1527,524,2389,1698,7.4497,14.5383
9883,329.433,1526,526,2389,1699,6.0219,16.8831
9884,329.467,1527,528,2389,1698,8.7384,17.0626
9885,329.500,1527,528,2389,1699,9.4717,17.6458
9886,329.533,1527,528,2389,1699,8.5133,17.2240
9887,329.567,1527,525,2388,1698,8.4545,16.4009
9888,329.600,1527,526,2388,1699,6.8202,15.2132
9889,329.633,1527,529,2389,1699,10.1841,17.1848
9890,329.667,1527,527,2388,1698,7.8778,14.1035
9891,329.700,1527,529,2388,1699,9.8204,16.1991
9892,329.733,1527,528,2389,1701,8.8428,16.2352
9893,329.767,1527,528,2388,1701,8.6808,17.1777
9894,329.800,1527,527,2389,1700,10.1064,16.8013
9895,329.833,1527,528,2390,1702,8.4404,16.1573
9896,329.867,1528,525,2390,1697,8.9429,14.3562
9897,329.900,1528,525,2389,1704,3.9410,14.6769
9898,329.933,1528,525,2389,1705,3.7406,14.3218
9899,329.967,1530,524,2388,1705,0.9949,9.8267
9900,330.000,1531,525,2388,1705,0.8722,9.0855
9901,330.033,1525,501,2386,1706,2.0800,-7.2256
9902,330.067,1529,517,2385,1703,5.1373,10.3541
9903,330.100,1529,520,2385,1703,7.9280,8.3427
9904,330.133,1529,522,2388,1704,7.7375,11.3663
9905,330.167,1529,523,2390,1704,2.0577,13.2884
9906,330.200,1529,524,2389,1704,1.8462,15.4076
9907,330.233,1529,524,2390,1704,4.1304,14.3842
9908,330.267,1529,524,2390,1704,3.3447,14.7645
9909,330.300,1529,522,2390,1704,2.3705,13.0089
9910,330.333,1530,522,2390,1704,2.9382,13.3456
9911,330.367,1530,523,2390,1704,1.1096,13.4842
9912,330.400,1529,523,2390,1705,2.6076,12.5855
9913,330.433,1529,522,2389,1706,2.7463,13.8470
9914,330.467,1530,526,2390,1706,3.5630,16.4154
9915,330.500,1530,527,2389,1706,4.1696,14.3798
9916,330.533,1530,527,2389,1706,3.2039,14.3350
9917,330.567,1530,524,2389,1705,3.6371,14.4834
9918,330.600,1530,523,2390,1707,6.7760,15.3573
9919,330.633,1530,523,2390,1706,7.4465,12.8464
9920,330.667,1530,522,2390,1706,6.9001,12.3182
9921,330.700,1530,521,2390,1707,6.9971,10.9290
9922,330.733,1530,519,2391,1707,10.4005,12.1413
9923,330.767,1530,520,2391,1707,9.4054,10.5060
9924,330.800,1530,521,2391,1707,8.2167,10.0349
9925,330.833,1530,521,2391,1708,6.4456,10.6284
9926,330.867,1530,520,2391,1709,9.4369,10.6227
9927,330.900,1529,516,2391,1711,4.1340,14.1516
9928,330.933,1529,514,2391,1709,1.9725,13.5635
9929,330.967,1529,516,2391,1710,4.1770,13.3038
9930,331.000,1529,516,2391,1710,4.2162,12.8619
9931,331.033,1529,518,2390,1710,2.8742,12.9005
9932,331.067,1529,517,2391,1709,2.8825,12.1336
9933,331.100,1529,518,2391,1708,5.2173,12.2836
9934,331.133,1529,517,2391,1709,2.9330,10.8795
9935,331.167,1529,517,2391,1710,3.8738,12.1976
9936,331.200,1529,515,2392,1710,3.8605,9.7543
9937,331.233,1529,517,2391,1709,3.7928,12.5705
9938,331.267,1529,518,2392,1709,4.3915,12.8986
9939,331.300,1531,519,2389,1708,7.2499,6.0794
9940,331.333,1531,515,2388,1708,6.8978,6.2498
9941,331.367,1522,493,2386,1709,3.6175,3.7881
9942,331.400,1527,509,2386,1707,12.3511,4.6513
9943,331.433,1528,508,2386,1708,13.0479,2.4951
9944,331.467,1528,512,2387,1708,14.0732,9.7853
9945,331.500,1528,512,2389,1709,13.4245,12.7169
9946,331.533,1528,514,2390,1709,12.6144,10.4680
9947,331.567,1528,510,2390,1710,11.2765,12.8191
9948,331.600,1527,507,2392,1710,10.5233,12.7803
9949,331.633,1529,507,2392,1708,10.0320,10.4398
9950,331.667,1529,507,2391,1707,12.5604,12.2731
9951,331.700,1530,510,2391,1708,16.1595,12.0328
9952,331.733,1530,507,2391,1708,15.6149,9.2818
9953,331.767,1531,509,2391,1707,14.1631,10.4753
9954,331.800,1531,508,2391,1707,15.5279,10.4678
9955,331.833,1530,509,2391,1706,15.8932,12.6163
9956,331.867,1530,509,2391,1704,17.0378,13.2968
9957,331.900,1529,507,2388,1699,17.4337,3.4347
9958,331.933,1527,508,2390,1696,19.0063,8.4576
9959,331.967,1526,509,2391,1692,14.0938,6.7650
9960,332.000,1527,523,2394,1691,6.6143,11.5165
9961,332.033,1527,517,2396,1688,7.9232,10.1637
9962,332.067,1529,516,2399,1683,10.0247,9.9532
9963,332.100,1533,515,2400,1675,5.4647,16.9791
9964,332.133,1534,522,2400,1679,8.9777,12.4126
9965,332.167,1536,508,2405,1674,3.7809,13.2799
9966,332.200,1535,496,2415,1698,8.0414,12.7517
9967,332.233,1536,503,2415,1702,7.3277,13.9292
9968,332.267,1555,503,2406,1679,-0.7426,16.6628
9969,332.300,1541,532,2401,1677,5.5967,10.5950
9970,332.333,1537,521,2401,1677,7.6863,4.1719
9971,332.367,1551,523,2401,1671,3.8084,0.9000
9972,332.400,1543,535,2407,1666,8.8117,9.8026
9973,332.433,1556,513,2411,1668,3.8403,10.8147
9974,332.467,1548,515,2416,1665,4.3311,12.1073
9975,332.500,1561,498,2418,1668,-1.3999,8.8033
9976,332.533,1564,497,2417,1666,2.4006,9.5105
9977,332.567,1556,520,2419,1667,1.7727,10.5195
9978,332.600,1556,531,2420,1678,4.7391,13.5849
9979,332.633,1558,530,2420,1679,2.8817,17.8524
9980,332.667,1555,510,2416,1676,5.9849,12.4683
9981,332.700,1552,513,2415,1676,1.1440,12.7491
9982,332.733,1553,509,2414,1677,5.1836,12.3239
9983,332.767,1565,479,2415,1687,6.9022,9.3801
9984,332.800,1565,477,2413,1685,5.5765,8.7589
9985,332.833,1565,474,2414,1686,2.4384,12.2186
9986,332.867,1566,470,2416,1685,1.5372,14.1907
9987,332.900,1569,480,2418,1682,3.9533,10.3981
9988,332.933,1569,476,2420,1682,4.5676,12.7293
9989,332.967,1571,470,2424,1679,-0.1018,14.0629
9990,333.000,1577,464,2423,1677,0.8556,10.3957
9991,333.033,1579,457,2422,1676,2.4797,10.1737
9992,333.067,1581,455,2420,1678,1.9990,9.2251
9993,333.100,1580,453,2421,1682,4.3467,7.2379
9994,333.133,1582,462,2419,1681,-0.3465,6.0190
9995,333.167,1579,459,2419,1683,2.6855,8.5925
9996,333.200,1581,469,2419,1682,0.2057,9.3004
9997,333.233,1580,477,2418,1682,2.9439,10.5999
9998,333.267,1580,485,2419,1678,3.8501,12.5442
9999,333.300,1581,483,2419,1679,-0.2496,14.3971
10000,333.333,1577,507,2421,1679,-0.6449,9.6902
10001,333.367,1576,516,2419,1682,-2.2252,9.6103
10002,333.400,1575,515,2421,1686,-5.4837,8.6171
10003,333.433,1575,508,2419,1687,-4.3820,9.9908
10004,333.467,1570,515,2419,1687,-5.4816,9.0841
10005,333.500,1569,515,2420,1688,-4.8251,8.5278
10006,333.533,1567,510,2418,1687,-4.0591,5.0615
10007,333.567,1564,494,2419,1684,0.7169,11.6700
10008,333.600,1563,492,2417,1678,-3.3320,11.0495
10009,333.633,1563,477,2415,1679,8.1799,12.5085
10010,333.667,1562,483,2415,1679,6.3100,11.8656
10011,333.700,1560,496,2412,1685,8.9897,13.7357
10012,333.733,1558,497,2411,1687,6.5046,11.1755
10013,333.767,1551,514,2418,1683,6.4976,14.4813
10014,333.800,1556,499,2404,1685,4.2967,13.7377
10015,333.833,1561,497,2403,1683,5.3792,11.0893
10016,333.867,1566,500,2402,1676,5.1891,10.8854
10017,333.900,1566,512,2398,1674,7.2108,3.8603
10018,333.933,1565,521,2398,1672,10.6710,0.2586
10019,333.967,1567,508,2397,1671,12.9009,7.3287
10020,334.000,1568,490,2402,1672,15.2357,4.2549
10021,334.033,1568,483,2405,1669,10.8745,10.8546
10022,334.067,1575,486,2411,1671,10.4644,6.1347
10023,334.100,1574,496,2420,1676,7.6068,9.0003
10024,334.133,1579,501,2420,1666,5.1806,10.9163
10025,334.167,1578,497,2422,1672,5.7755,5.8669
10026,334.200,1582,494,2423,1674,5.7468,6.7600
10027,334.233,1582,510,2420,1676,5.3468,8.4467
10028,334.267,1579,527,2424,1669,7.6295,11.5895
10029,334.300,1587,507,2420,1673,8.2086,4.7877
10030,334.333,1578,504,2419,1674,6.5009,6.9596
10031,334.367,1577,504,2419,1675,4.2525,10.6407
10032,334.400,1577,499,2418,1677,7.4389,7.5257
10033,334.433,1575,496,2416,1677,7.2550,11.3791
10034,334.467,1574,500,2415,1677,7.9366,11.7211
10035,334.500,1574,499,2414,1680,6.1497,12.8292
10036,334.533,1574,504,2414,1679,9.4630,10.3259
10037,334.567,1575,504,2413,1680,5.2422,10.2117
10038,334.600,1574,504,2413,1682,5.6513,11.0171
10039,334.633,1573,503,2413,1683,5.9585,10.4364
10040,334.667,1573,500,2414,1683,7.0865,10.4662
10041,334.700,1572,505,2415,1685,6.1462,10.8891
10042,334.733,1574,504,2414,1685,6.2513,10.9929
10043,334.767,1574,500,2415,1686,7.3028,8.8067
10044,334.800,1574,497,2415,1684,5.0374,6.9472
10045,334.833,1576,502,2416,1687,5.0031,8.8554
10046,334.867,1577,500,2416,1686,3.7406,6.5861
10047,334.900,1568,530,2415,1687,5.0146,13.1403
10048,334.933,1568,532,2413,1688,5.6050,11.9058
10049,334.967,1568,530,2415,1689,6.0480,13.2950
10050,335.000,1570,533,2414,1687,6.4105,13.1021
10051,335.033,1569,531,2415,1690,6.0060,12.1571
10052,335.067,1569,527,2414,1689,5.1673,9.3173
10053,335.100,1568,528,2414,1690,6.9560,8.0121
10054,335.133,1568,525,2414,1691,7.5080,9.9481
10055,335.167,1568,524,2414,1693,8.1608,13.0432
10056,335.200,1568,520,2414,1695,10.2964,6.8367
10057,335.233,1568,520,2414,1695,10.9920,8.1770
10058,335.267,1568,518,2414,1694,11.5987,8.9044
10059,335.300,1568,518,2414,1696,10.3437,8.9330
10060,335.333,1570,515,2414,1698,10.1704,8.3097
10061,335.367,1570,515,2414,1699,9.3846,8.0709
10062,335.400,1572,516,2413,1699,10.0905,7.1883
10063,335.433,1573,515,2413,1700,11.5017,8.6044
10064,335.467,1572,513,2413,1698,9.7639,9.6683
10065,335.500,1572,513,2413,1699,9.8691,10.6848
10066,335.533,1572,513,2414,1699,11.4220,8.9094
10067,335.567,1573,513,2414,1699,10.6916,8.7872
10068,335.600,1573,513,2414,1700,12.4358,11.0581
10069,335.633,1573,512,2414,1700,11.7586,10.8542
10070,335.667,1574,510,2414,1702,11.7340,11.3822
10071,335.700,1574,509,2414,1702,9.8905,12.1913
10072,335.733,1573,508,2413,1703,11.1321,10.6480
10073,335.767,1573,509,2413,1703,7.0970,13.6035
10074,335.800,1572,509,2412,1702,7.5645,10.9064
10075,335.833,1572,511,2412,1701,6.0604,10.6389
10076,335.867,1572,510,2412,1703,7.3642,9.3443
10077,335.900,1572,522,2409,1699,4.2400,5.9164
10078,335.933,1572,522,2409,1699,3.9306,5.8488
10079,335.967,1573,523,2408,1698,6.7856,2.4340
10080,336.000,1584,487,2402,1697,0.4134,1.9250
10081,336.033,1584,492,2402,1696,4.2145,0.7052
10082,336.067,1584,495,2401,1697,3.6893,1.4099
10083,336.100,1573,518,2408,1695,1.0312,2.1747
10084,336.133,1573,520,2407,1694,2.9134,3.5820
10085,336.167,1573,518,2408,1694,2.1788,4.9838
10086,336.200,1572,516,2409,1695,1.6177,4.9258
10087,336.233,1572,517,2409,1696,0.5267,5.0440
10088,336.267,1572,517,2409,1695,-0.8377,6.8337
10089,336.300,1572,517,2409,1697,-1.3242,8.4291
10090,336.333,1572,522,2409,1696,0.6756,7.6935
10091,336.367,1571,524,2409,1696,0.2417,8.6465
10092,336.400,1571,524,2409,1697,0.8183,8.3803
10093,336.433,1571,520,2409,1694,2.4877,8.2282
10094,336.467,1571,521,2410,1694,2.0247,8.1890
10095,336.500,1570,520,2410,1693,2.6493,8.0598
10096,336.533,1571,520,2410,1693,1.2411,7.6051
10097,336.567,1571,519,2410,1693,1.8460,5.5713
10098,336.600,1570,518,2410,1693,1.6326,4.6771
10099,336.633,1570,518,2410,1693,1.2724,4.4924
10100,336.667,1570,518,2410,1693,1.3283,4.7554
10101,336.700,1570,518,2410,1693,1.3867,5.2497
10102,336.733,1570,518,2410,1693,1.1395,6.1778
10103,336.767,1571,520,2410,1694,1.7892,9.1549
10104,336.800,1571,520,2410,1694,1.5810,9.3179
10105,336.833,1571,521,2410,1693,0.0145,10.2431
10106,336.867,1571,518,2410,1694,-1.8491,7.4522
10107,336.900,1572,528,2409,1691,-4.2368,10.4155
10108,336.933,1572,528,2408,1689,-4.7487,10.1613
10109,336.967,1572,528,2409,1690,-3.4536,12.6120
10110,337.000,1572,527,2408,1689,-0.5120,10.5609
10111,337.033,1571,528,2408,1688,2.7156,11.3748
10112,337.067,1572,526,2406,1685,2.6521,9.5168
10113,337.100,1572,527,2406,1686,3.6851,9.5108
10114,337.133,1572,529,2405,1686,2.5735,9.5824
10115,337.167,1571,529,2405,1686,2.5231,10.6122
10116,337.200,1570,526,2405,1685,4.4636,8.5399
10117,337.233,1570,526,2405,1686,4.2664,9.5485
10118,337.267,1569,526,2406,1684,4.3779,7.2804
10119,337.300,1569,524,2406,1685,3.1691,10.7335
10120,337.333,1568,522,2406,1683,5.4536,10.0519
10121,337.367,1568,522,2406,1683,5.3455,9.8212
10122,337.400,1567,521,2406,1684,5.0801,9.8705
10123,337.433,1578,483,2402,1682,0.6681,1.2370
10124,337.467,1578,481,2402,1682,5.0454,1.7108
10125,337.500,1578,487,2403,1683,4.9368,0.1254
10126,337.533,1567,519,2405,1681,1.3783,6.4192
10127,337.567,1578,505,2404,1685,4.9892,8.5949
10128,337.600,1567,525,2406,1684,3.5749,7.9891
10129,337.633,1566,527,2406,1684,2.0628,10.4872
10130,337.667,1566,524,2407,1685,-0.4061,14.2534
10131,337.700,1567,526,2406,1685,-0.1478,11.9226
10132,337.733,1568,526,2405,1683,-1.2629,14.4252
10133,337.767,1568,526,2405,1683,-1.5544,14.4773
10134,337.800,1568,525,2405,1684,-0.1656,13.7464
10135,337.833,1568,526,2406,1685,0.7392,13.8138
10136,337.867,1567,523,2407,1688,0.0970,13.1362
10137,337.900,1567,521,2408,1685,3.9494,12.2423
10138,337.933,1567,522,2408,1685,5.8980,12.0907
10139,337.967,1567,523,2408,1687,5.9275,13.7943
10140,338.000,1567,522,2409,1687,6.2752,14.9430
10141,338.033,1566,523,2409,1689,6.3603,13.9095
10142,338.067,1566,521,2408,1689,6.8477,12.7416
10143,338.100,1566,522,2409,1689,7.3632,14.8240
10144,338.133,1566,522,2409,1688,7.5972,15.8826
10145,338.167,1566,521,2409,1688,6.9108,12.4185
10146,338.200,1566,520,2409,1688,4.9284,12.0352
10147,338.233,1567,522,2408,1687,3.8696,13.1778
10148,338.267,1567,522,2408,1687,3.6126,12.9256
10149,338.300,1567,521,2408,1687,4.2997,10.9406
10150,338.333,1567,522,2408,1687,5.5613,12.5805
10151,338.367,1568,523,2408,1687,5.7389,16.0237
10152,338.400,1567,523,2408,1687,5.7526,14.2158
10153,338.433,1567,523,2408,1688,5.3006,13.1619
10154,338.467,1568,522,2409,1689,4.6396,13.5612
10155,338.500,1567,521,2409,1689,5.4029,11.8698
10156,338.533,1567,521,2409,1689,5.3430,12.5015
10157,338.567,1567,520,2410,1688,3.9967,11.5533
10158,338.600,1566,520,2410,1689,3.5748,10.7712
10159,338.633,1567,521,2410,1691,4.2989,13.6125
10160,338.667,1567,521,2410,1690,5.3163,12.9510
10161,338.700,1567,523,2411,1690,3.4649,13.3739
10162,338.733,1568,524,2411,1690,2.5855,11.7677
10163,338.767,1570,523,2411,1690,4.2414,14.5394
10164,338.800,1570,522,2412,1690,4.2096,12.5630
10165,338.833,1571,522,2411,1689,4.6168,11.6844
10166,338.867,1572,524,2411,1688,2.1245,12.4686
10167,338.900,1569,520,2409,1686,1.7248,0.5452
10168,338.933,1569,523,2409,1686,3.9388,0.8162
10169,338.967,1579,499,2405,1688,2.8501,2.5996
10170,339.000,1570,526,2411,1686,5.8359,6.0137
10171,339.033,1570,528,2411,1687,2.8223,4.3943
10172,339.067,1570,529,2413,1687,4.7270,8.8479
10173,339.100,1570,527,2413,1687,1.8183,8.4535
10174,339.133,1571,528,2413,1687,2.5828,11.4075
10175,339.167,1571,531,2412,1686,6.5295,10.8282
10176,339.200,1571,526,2412,1686,4.5139,12.5692
10177,339.233,1571,526,2412,1687,3.7698,12.9017
10178,339.267,1571,526,2412,1687,3.7625,12.5623
10179,339.300,1571,525,2413,1688,1.6221,12.5874
10180,339.333,1571,524,2412,1687,4.7074,11.1816
10181,339.367,1571,524,2411,1687,4.1140,9.1901
10182,339.400,1571,524,2411,1686,5.7006,11.2127
10183,339.433,1571,526,2411,1685,5.9817,12.8677
10184,339.467,1571,523,2410,1686,4.4787,12.8172
10185,339.500,1571,523,2410,1686,4.2915,12.9907
10186,339.533,1571,523,2411,1686,5.0545,10.0680
10187,339.567,1571,523,2410,1686,5.8960,11.7390
10188,339.600,1571,523,2409,1687,10.8432,11.3736
10189,339.633,1571,523,2409,1686,9.4010,11.2623
10190,339.667,1571,522,2409,1687,9.2643,11.6325
10191,339.700,1571,523,2409,1686,8.4728,11.5850
10192,339.733,1572,523,2408,1687,8.4854,11.7840
10193,339.767,1571,524,2408,1686,7.5914,11.3289
10194,339.800,1571,524,2408,1687,9.5059,10.6386
10195,339.833,1572,523,2409,1685,9.2326,11.2193
10196,339.867,1572,524,2408,1685,10.4574,10.5287
10197,339.900,1574,523,2408,1684,6.8129,10.1846
10198,339.933,1574,525,2408,1684,8.0191,12.6779
10199,339.967,1574,525,2408,1683,8.2010,10.6787
10200,340.000,1574,525,2408,1683,8.1677,10.3811
10201,340.033,1573,525,2408,1683,9.4342,11.6011
10202,340.067,1573,526,2408,1683,7.6293,10.2721
10203,340.100,1573,526,2408,1683,8.2254,9.9141
10204,340.133,1573,527,2408,1683,6.5931,10.6446
10205,340.167,1573,527,2408,1685,7.6632,11.2831
10206,340.200,1573,525,2409,1684,5.7725,10.4864
10207,340.233,1574,524,2410,1685,6.6305,8.0329
10208,340.267,1574,524,2411,1685,1.0331,8.7215
10209,340.300,1574,521,2412,1686,-2.9234,5.8590
10210,340.333,1575,526,2412,1686,-1.2963,8.0845
10211,340.367,1575,525,2412,1687,-3.0729,7.1918
10212,340.400,1574,525,2412,1687,-2.1146,8.0838
10213,340.433,1574,524,2413,1688,-2.1341,3.3819
10214,340.467,1574,524,2413,1688,-2.9668,4.3923
10215,340.500,1573,525,2412,1687,-1.0112,6.0084
10216,340.533,1573,525,2412,1688,-0.5512,6.2339
10217,340.567,1572,524,2411,1687,2.7983,5.0609
10218,340.600,1571,526,2410,1690,8.9523,10.8262
10219,340.633,1570,519,2409,1688,10.9476,8.9283
10220,340.667,1570,519,2409,1689,11.3486,8.6568
10221,340.700,1569,518,2409,1690,13.7111,8.9005
10222,340.733,1567,518,2410,1694,13.3478,10.0895
10223,340.767,1566,518,2408,1694,12.1013,9.4893
10224,340.800,1566,518,2408,1695,13.3193,8.3165
10225,340.833,1569,516,2406,1695,25.7582,6.1766
10226,340.867,1568,512,2406,1696,26.8881,6.0584
10227,340.900,1568,516,2403,1696,26.0617,5.9568
10228,340.933,1568,520,2406,1699,25.9001,7.2053
10229,340.967,1568,519,2406,1699,25.3362,7.5393
10230,341.000,1568,520,2405,1699,26.6600,5.6370
10231,341.033,1562,523,2405,1703,24.5314,2.7610
10232,341.067,1563,524,2405,1704,24.7762,4.9740
10233,341.100,1563,523,2405,1704,24.6707,4.2398
10234,341.133,1563,524,2405,1704,25.4698,5.0380
10235,341.167,1563,523,2405,1703,25.7364,3.7191
10236,341.200,1563,523,2405,1703,26.1579,4.0997
10237,341.233,1563,522,2405,1703,24.6073,4.3539
10238,341.267,1563,523,2405,1703,25.8684,4.4224
10239,341.300,1563,522,2405,1703,25.3099,4.3376
10240,341.333,1563,519,2405,1702,26.3898,6.8690
10241,341.367,1563,518,2405,1702,26.4487,7.2038
10242,341.400,1562,520,2406,1702,26.7449,4.9094
10243,341.433,1563,517,2405,1702,25.9305,7.3236
10244,341.467,1563,518,2406,1702,25.3313,5.1739
10245,341.500,1563,527,2406,1700,17.6103,2.9304
10246,341.533,1563,526,2407,1700,15.7202,4.0724
10247,341.567,1561,522,2405,1700,4.3576,11.0679
10248,341.600,1561,519,2408,1704,3.1172,12.9409
10249,341.633,1561,523,2408,1705,2.4937,9.6672
10250,341.667,1561,523,2407,1705,1.4981,12.7976
10251,341.700,1562,521,2408,1705,0.6723,13.8567
10252,341.733,1561,517,2407,1709,2.0915,18.2498
10253,341.767,1562,518,2407,1709,1.8216,16.0013
10254,341.800,1561,517,2407,1709,2.7010,18.2448
10255,341.833,1560,514,2407,1710,0.9467,15.1981
10256,341.867,1560,513,2407,1709,2.4621,16.0770
10257,341.900,1560,510,2408,1707,3.4393,17.3416
10258,341.933,1559,511,2408,1708,2.2895,14.8544
10259,341.967,1559,511,2408,1707,1.7485,14.7693
10260,342.000,1562,513,2408,1708,-7.1726,10.0430
10261,342.033,1562,511,2408,1707,-9.4095,5.9765
10262,342.067,1562,513,2409,1705,-8.3313,7.0772
10263,342.100,1562,516,2408,1705,-10.5186,6.3995
10264,342.133,1562,516,2408,1704,-11.3677,6.2791
10265,342.167,1562,515,2408,1704,-10.3960,5.1820
10266,342.200,1562,517,2409,1704,-9.8215,4.3544
10267,342.233,1562,517,2409,1704,-10.0673,4.1350
10268,342.267,1562,518,2409,1704,-9.7283,5.2917
10269,342.300,1562,518,2409,1704,-9.6738,6.0376
10270,342.333,1562,521,2409,1705,-9.1790,3.1148
10271,342.367,1562,521,2409,1705,-9.5362,3.4545
10272,342.400,1562,521,2409,1706,-9.2790,4.1245
10273,342.433,1562,525,2409,1706,-10.0341,4.3436
10274,342.467,1562,525,2409,1707,-7.1661,4.2346
10275,342.500,1561,525,2409,1707,3.2263,7.2478
10276,342.533,1561,524,2409,1706,2.6449,7.3337
10277,342.567,1561,523,2409,1705,4.7498,8.5182
10278,342.600,1561,523,2409,1705,5.8197,9.0590
10279,342.633,1561,524,2409,1705,6.5141,10.1131
10280,342.667,1561,525,2409,1705,6.3299,10.2945
10281,342.700,1560,526,2409,1705,7.7820,10.1564
10282,342.733,1561,538,2408,1700,7.1477,10.8665
10283,342.767,1562,539,2408,1700,4.8493,11.1373
10284,342.800,1561,537,2408,1700,5.4632,12.4097
10285,342.833,1561,538,2409,1701,5.4489,9.1634
10286,342.867,1561,529,2410,1702,6.0250,11.4480
10287,342.900,1559,517,2409,1700,10.3291,14.0298
10288,342.933,1560,518,2409,1700,9.2819,15.1272
10289,342.967,1559,519,2409,1700,8.2887,14.5434
10290,343.000,1560,516,2409,1699,8.4393,13.7592
10291,343.033,1561,512,2408,1698,7.0419,11.8741
10292,343.067,1561,515,2408,1700,8.8303,12.5835
10293,343.100,1561,514,2409,1700,8.0415,12.9162
10294,343.133,1561,514,2408,1700,9.1000,14.0254
10295,343.167,1561,517,2407,1700,8.2259,13.3346
10296,343.200,1562,518,2406,1698,9.5875,9.9724
10297,343.233,1576,507,2401,1702,6.3565,-2.9651
10298,343.267,1573,496,2401,1700,-4.6641,-2.2416
10299,343.300,1573,497,2401,1698,-1.9609,-3.5226
10300,343.333,1575,506,2402,1702,7.3725,8.9927
10301,343.367,1563,516,2406,1698,8.0256,14.7704
10302,343.400,1562,517,2406,1698,6.3952,17.1891
10303,343.433,1561,516,2408,1698,6.8671,16.5477
10304,343.467,1561,515,2408,1698,6.2783,17.6339
10305,343.500,1561,517,2408,1698,6.7904,16.7147
10306,343.533,1560,515,2409,1699,5.4583,17.4846
10307,343.567,1560,511,2407,1700,7.0117,14.4862
10308,343.600,1560,514,2406,1699,8.5643,15.5411
10309,343.633,1560,514,2406,1699,6.3620,16.1141
10310,343.667,1560,516,2405,1699,1.9267,15.4816
10311,343.700,1562,521,2403,1698,1.0886,12.5067
10312,343.733,1561,519,2403,1696,0.5631,15.1559
10313,343.767,1561,519,2402,1694,0.0478,15.5218
10314,343.800,1560,519,2403,1696,0.5857,17.0743
10315,343.833,1560,519,2401,1694,0.0443,15.8555
10316,343.867,1560,520,2401,1696,0.6711,15.5370
10317,343.900,1561,524,2401,1697,-1.0820,14.6856
10318,343.933,1560,523,2402,1697,-0.2277,15.0512
10319,343.967,1560,522,2402,1697,-0.9613,16.1653
10320,344.000,1560,521,2402,1697,-2.2227,16.5873
10321,344.033,1559,522,2403,1697,-1.7202,14.7899
10322,344.067,1560,523,2402,1697,-0.1308,15.4815
10323,344.100,1560,523,2402,1696,-0.2462,15.6462
10324,344.133,1560,522,2402,1696,-0.3636,15.3553
10325,344.167,1560,523,2403,1695,0.4902,15.5964
10326,344.200,1559,520,2402,1694,5.0426,18.5209
10327,344.233,1559,519,2402,1695,5.6990,16.7838
10328,344.267,1559,519,2402,1695,5.8519,16.5458
10329,344.300,1560,517,2402,1694,9.1125,17.3473
10330,344.333,1560,515,2402,1694,11.3767,16.2250
10331,344.367,1560,515,2402,1693,9.8038,14.7967
10332,344.400,1560,513,2402,1693,9.6318,14.9113
10333,344.433,1560,510,2402,1693,9.3035,15.4705
10334,344.467,1560,511,2401,1693,9.7487,15.9172
10335,344.500,1560,514,2401,1693,8.4206,14.3240
10336,344.533,1560,512,2402,1693,9.5265,17.2268
10337,344.567,1560,509,2402,1692,7.1997,16.9352
10338,344.600,1560,509,2401,1692,8.5945,15.7061
10339,344.633,1560,511,2401,1693,10.6695,16.9893
10340,344.667,1560,510,2401,1693,8.4508,16.3295
10341,344.700,1560,511,2401,1693,11.0708,17.5667
10342,344.733,1560,510,2401,1694,7.6674,17.5293
10343,344.767,1560,511,2400,1694,9.2080,17.5738
10344,344.800,1560,511,2401,1695,8.8349,18.3565
10345,344.833,1559,510,2402,1696,8.9227,16.0842
10346,344.867,1559,509,2402,1697,9.6821,19.7114
10347,344.900,1556,492,2405,1700,7.6980,16.2452
10348,344.933,1557,494,2405,1700,7.8957,17.9370
10349,344.967,1557,494,2405,1700,8.3040,17.7474
10350,345.000,1557,495,2405,1700,6.0097,17.0452
10351,345.033,1557,496,2405,1700,5.4139,15.2238
10352,345.067,1558,499,2405,1700,6.4056,16.3822
10353,345.100,1558,500,2404,1700,5.0468,14.9131
10354,345.133,1558,500,2404,1700,4.2153,15.0399
10355,345.167,1558,500,2404,1701,3.0360,14.0995
10356,345.200,1559,506,2401,1699,4.1476,16.7443
10357,345.233,1559,507,2401,1699,4.6891,16.8442
10358,345.267,1559,508,2402,1698,1.9899,17.9333
10359,345.300,1561,513,2401,1697,0.4684,17.4454
10360,345.333,1560,514,2400,1698,1.4141,16.9437
10361,345.367,1560,514,2400,1699,1.0341,17.9844
10362,345.400,1560,515,2400,1697,2.8432,14.5569
10363,345.433,1560,517,2400,1697,0.1319,16.3876
10364,345.467,1560,518,2401,1698,0.4036,15.8159
10365,345.500,1560,517,2401,1699,-1.1267,15.8230
10366,345.533,1560,516,2401,1698,-0.2799,15.5003
10367,345.567,1560,517,2401,1698,-0.8263,15.7029
10368,345.600,1560,516,2402,1697,-1.2939,15.7947
10369,345.633,1560,517,2403,1697,-0.1516,14.3638
10370,345.667,1566,510,2404,1696,-1.6027,6.5198
10371,345.700,1569,486,2397,1696,4.4306,2.6497
10372,345.733,1568,486,2397,1697,2.7662,4.3401
10373,345.767,1572,496,2400,1699,11.2864,6.5849
10374,345.800,1561,511,2402,1697,8.4239,16.2265
10375,345.833,1560,516,2402,1699,10.9199,11.7589
10376,345.867,1560,516,2403,1700,11.9010,12.3054
10377,345.900,1558,515,2403,1697,11.9232,12.9075
10378,345.933,1558,515,2403,1697,11.7801,14.4006
10379,345.967,1558,516,2403,1699,14.0301,16.1560
10380,346.000,1558,515,2403,1698,11.6162,15.4121
10381,346.033,1558,517,2403,1699,9.8254,17.8782
10382,346.067,1558,517,2403,1697,9.4727,16.4356
10383,346.100,1559,519,2404,1698,9.1650,14.9523
10384,346.133,1559,519,2404,1697,9.5195,14.9927
10385,346.167,1559,516,2404,1697,10.5168,14.7793
10386,346.200,1560,515,2404,1697,11.3690,15.6027
10387,346.233,1560,516,2403,1697,9.3018,15.3983
10388,346.267,1560,516,2403,1697,9.6098,15.4391
10389,346.300,1561,515,2403,1696,10.8618,14.4786
10390,346.333,1561,516,2404,1696,11.4012,16.2939
10391,346.367,1560,518,2404,1697,11.7530,14.9285
10392,346.400,1560,518,2404,1696,12.4025,14.0733
10393,346.433,1560,517,2405,1697,13.0089,14.0417
10394,346.467,1560,517,2405,1697,13.1744,13.8306
10395,346.500,1560,518,2405,1697,14.5773,14.2733
10396,346.533,1560,518,2404,1697,13.5425,14.9258
10397,346.567,1561,517,2404,1696,14.4447,16.6672
10398,346.600,1561,518,2403,1694,14.4513,15.3737
10399,346.633,1561,517,2403,1694,14.2571,15.6874
10400,346.667,1561,517,2404,1694,15.0230,16.0841
10401,346.700,1560,519,2404,1694,15.0246,16.9626
10402,346.733,1561,519,2403,1694,14.6346,15.1920
10403,346.767,1561,519,2404,1694,14.2278,17.3989
10404,346.800,1561,518,2404,1693,13.8180,17.2891
10405,346.833,1561,523,2403,1694,15.3972,16.3685
10406,346.867,1561,524,2403,1694,14.4122,17.2535
10407,346.900,1562,527,2402,1697,13.8991,13.3387
10408,346.933,1562,525,2401,1695,3.1413,15.3575
10409,346.967,1561,527,2401,1694,2.7464,13.2640
10410,347.000,1561,525,2401,1694,1.8252,15.7873
10411,347.033,1561,525,2401,1693,2.5850,15.2370
10412,347.067,1561,522,2401,1693,5.0616,14.4134
10413,347.100,1561,523,2401,1693,2.6346,14.4643
10414,347.133,1561,523,2401,1693,2.7377,14.0662
10415,347.167,1561,521,2401,1694,4.8531,14.4352
10416,347.200,1562,523,2401,1693,2.2559,14.7983
10417,347.233,1562,522,2401,1694,4.7594,13.8655
10418,347.267,1562,522,2402,1693,3.2238,13.3975
10419,347.300,1562,524,2401,1693,2.4205,13.9230
10420,347.333,1562,523,2401,1693,0.8632,15.9677
10421,347.367,1562,523,2401,1693,0.7921,15.7291
10422,347.400,1562,521,2401,1693,5.4370,15.0257
10423,347.433,1561,519,2400,1693,3.1803,14.3827
10424,347.467,1561,519,2401,1693,3.8494,14.3488
10425,347.500,1561,520,2401,1693,5.9761,15.6484
10426,347.533,1562,519,2401,1693,5.3036,14.3646
10427,347.567,1561,517,2402,1694,5.3409,14.8773
10428,347.600,1561,517,2402,1694,5.4327,14.6549
10429,347.633,1561,517,2402,1693,4.0300,16.0059
10430,347.667,1561,518,2402,1694,3.0965,14.9164
10431,347.700,1562,516,2402,1694,5.0735,14.6714
10432,347.733,1561,515,2403,1693,6.9259,16.3455
10433,347.767,1561,518,2404,1695,2.8699,15.7645
10434,347.800,1562,522,2404,1694,2.5800,14.9443
10435,347.833,1561,525,2404,1694,0.0379,15.5647
10436,347.867,1562,527,2405,1695,-0.7148,15.3550
10437,347.900,1562,520,2405,1692,-3.5997,13.9241
10438,347.933,1562,517,2404,1690,-5.5413,14.9114
10439,347.967,1563,518,2404,1691,-6.2306,14.4905
10440,348.000,1563,520,2405,1692,-7.3666,13.9634
10441,348.033,1562,522,2405,1695,-5.4993,13.3238
10442,348.067,1562,519,2405,1693,-5.8171,11.7633
10443,348.100,1562,521,2405,1694,-5.2911,11.4575
10444,348.133,1562,521,2405,1694,-5.0957,11.4725
10445,348.167,1561,519,2405,1695,-4.2070,11.7820
10446,348.200,1561,521,2405,1696,-6.6103,12.4096
10447,348.233,1561,521,2406,1696,-6.0730,11.1656
10448,348.267,1560,520,2406,1697,-4.6055,11.8849
10449,348.300,1559,519,2405,1696,-4.1749,12.8331
10450,348.333,1559,517,2406,1695,-2.4951,9.0360
10451,348.367,1560,516,2407,1695,14.8197,13.2941
10452,348.400,1561,515,2406,1694,19.2981,13.9301
10453,348.433,1561,514,2406,1695,17.0471,12.1506
10454,348.467,1562,519,2405,1696,16.2666,12.5903
10455,348.500,1562,520,2405,1696,17.2680,13.8180
10456,348.533,1562,519,2405,1695,15.1303,13.3824
10457,348.567,1561,519,2405,1695,16.1627,13.3493
10458,348.600,1562,520,2407,1696,17.0822,13.9229
10459,348.633,1562,519,2407,1695,16.4082,12.2079
10460,348.667,1562,520,2407,1694,18.9678,13.7505
10461,348.700,1563,524,2407,1695,25.8344,11.1973
10462,348.733,1563,519,2408,1697,25.2028,11.3116
10463,348.767,1563,515,2408,1696,26.0447,10.0934
10464,348.800,1563,517,2408,1696,25.8380,11.2150
10465,348.833,1564,515,2407,1697,25.3880,10.5338
10466,348.867,1565,512,2407,1697,26.2683,11.9564
10467,348.900,1568,510,2408,1701,22.7728,8.2128
10468,348.933,1568,510,2408,1702,23.8053,9.5966
10469,348.967,1568,510,2408,1703,22.4223,9.2982
10470,349.000,1568,510,2408,1703,22.6844,8.9187
10471,349.033,1568,509,2409,1703,21.0012,6.1367
10472,349.067,1568,509,2409,1703,21.0574,6.0346
10473,349.100,1568,509,2409,1703,21.2141,6.0447
10474,349.133,1568,509,2409,1702,22.5621,6.3772
10475,349.167,1566,515,2408,1700,11.7322,10.4337
10476,349.200,1562,521,2408,1709,11.7788,11.5745
10477,349.233,1563,521,2408,1709,10.4922,11.8971
10478,349.267,1562,520,2408,1710,10.3630,12.7392
10479,349.300,1562,528,2408,1708,13.7613,13.0229
10480,349.333,1562,529,2410,1709,11.9659,11.7170
10481,349.367,1562,527,2410,1708,12.7220,13.1401
10482,349.400,1562,527,2410,1709,11.7796,13.6934
10483,349.433,1561,525,2411,1710,11.3236,12.3351
10484,349.467,1561,526,2410,1709,11.8146,11.5958
10485,349.500,1560,524,2410,1708,11.4486,12.4809
10486,349.533,1560,525,2409,1708,11.0400,12.6812
10487,349.567,1560,525,2408,1706,13.9539,12.5649
10488,349.600,1559,526,2408,1705,11.5061,12.0004
10489,349.633,1560,526,2408,1705,11.4749,12.6906
10490,349.667,1560,526,2408,1705,11.3024,12.9697
10491,349.700,1559,528,2409,1705,11.0462,11.3382
10492,349.733,1560,528,2409,1704,11.2097,11.6091
10493,349.767,1560,528,2408,1704,10.3783,12.1155
10494,349.800,1560,530,2408,1704,10.8715,12.6099
10495,349.833,1561,532,2408,1704,10.4195,11.6986
10496,349.867,1563,524,2407,1703,9.3117,5.8124
10497,349.900,1566,537,2407,1699,10.4066,6.9202
10498,349.933,1571,520,2400,1700,3.4688,1.6236
10499,349.967,1564,533,2406,1701,1.1584,7.5891
10500,350.000,1565,540,2408,1702,-0.3609,14.3144
10501,350.033,1566,540,2409,1703,-0.4902,13.5154
10502,350.067,1565,539,2408,1702,2.0342,13.9474
10503,350.100,1565,539,2408,1702,1.4866,14.8445
10504,350.133,1565,539,2407,1700,1.2825,17.0746
10505,350.167,1565,538,2407,1699,2.2756,14.6988
10506,350.200,1565,535,2407,1702,-0.9283,16.5922
10507,350.233,1565,536,2409,1703,-4.5467,16.3750
10508,350.267,1565,533,2409,1705,-3.1868,15.5791
10509,350.300,1565,536,2410,1704,-5.4153,17.1017
10510,350.333,1564,537,2410,1701,-6.7623,14.7357
10511,350.367,1565,536,2410,1699,-4.9621,15.2921
10512,350.400,1566,537,2412,1700,-7.8334,16.0639
10513,350.433,1568,539,2411,1680,-5.8918,15.8941
10514,350.467,1569,541,2411,1678,-4.6428,15.3154
10515,350.500,1571,541,2409,1674,-4.7534,15.5850
10516,350.533,1571,541,2409,1676,-4.9100,14.6065
10517,350.567,1571,542,2408,1674,-5.0306,16.8878
10518,350.600,1572,542,2408,1675,-4.8463,17.3643
10519,350.633,1571,542,2408,1677,-5.3719,19.9203
10520,350.667,1569,541,2409,1679,-7.0282,16.5996
10521,350.700,1569,537,2409,1684,-7.9705,15.5657
10522,350.733,1567,533,2409,1689,-8.5419,17.0507
10523,350.767,1568,533,2407,1686,-10.5696,17.4993
10524,350.800,1567,537,2409,1692,-5.6588,16.2122
10525,350.833,1566,538,2410,1694,-9.7384,15.4666
10526,350.867,1565,534,2409,1694,-7.5652,15.9091
10527,350.900,1564,531,2409,1699,-8.5580,16.7500
10528,350.933,1564,531,2408,1699,-9.2932,17.3014
10529,350.967,1565,530,2408,1700,-8.4827,15.1361
10530,351.000,1565,531,2408,1700,-9.0252,16.4489
10531,351.033,1563,525,2408,1703,-4.7076,16.5462
10532,351.067,1564,525,2408,1703,-6.0174,18.6626
10533,351.100,1564,521,2407,1703,3.6014,15.9783
10534,351.133,1564,521,2407,1702,5.1660,14.3145
10535,351.167,1563,523,2407,1702,8.0430,14.4680
10536,351.200,1563,524,2407,1702,8.0532,16.0681
10537,351.233,1563,525,2407,1701,7.6022,17.0096
10538,351.267,1563,525,2407,1701,7.4312,16.9818
10539,351.300,1563,526,2407,1700,8.5144,14.2817
10540,351.333,1563,527,2407,1698,7.9492,14.2468
10541,351.367,1563,529,2405,1696,7.9584,15.8387
10542,351.400,1563,525,2407,1697,16.4869,13.2242
10543,351.433,1564,527,2407,1696,18.0498,11.0684
10544,351.467,1564,527,2406,1696,22.5658,9.1604
10545,351.500,1564,526,2406,1696,25.1528,11.4222
10546,351.533,1564,526,2406,1695,25.7210,9.5521
10547,351.567,1565,527,2405,1694,23.8549,9.1858
10548,351.600,1565,527,2404,1692,23.9169,10.1131
10549,351.633,1565,526,2404,1693,22.5302,8.9952
10550,351.667,1565,526,2404,1693,22.5945,9.0938
10551,351.700,1565,526,2404,1694,23.5470,8.7614
10552,351.733,1565,526,2404,1694,24.4477,9.1379
10553,351.767,1565,526,2404,1694,24.4699,8.8834
10554,351.800,1565,526,2404,1694,24.0429,8.8641
10555,351.833,1565,527,2404,1695,22.9578,9.5222
10556,351.867,1565,526,2404,1696,24.4524,9.0677
10557,351.900,1565,527,2403,1694,15.7125,9.1575
10558,351.933,1565,528,2404,1694,13.6870,10.4708
10559,351.967,1566,529,2403,1694,14.3468,11.2639
10560,352.000,1566,530,2404,1694,14.7694,12.2661
10561,352.033,1566,531,2404,1695,15.5872,12.1749
10562,352.067,1565,528,2404,1695,12.5529,13.0708
10563,352.100,1565,527,2404,1695,12.4408,13.7571
10564,352.133,1564,526,2404,1695,14.0274,11.9252
10565,352.167,1564,525,2404,1694,14.2584,12.8599
10566,352.200,1564,523,2404,1695,12.9009,10.5967
10567,352.233,1564,524,2404,1694,12.8181,10.5319
10568,352.267,1563,523,2404,1694,13.0645,11.0916
10569,352.300,1563,522,2404,1695,12.9175,9.9983
10570,352.333,1562,523,2404,1699,12.7193,12.2962
10571,352.367,1562,524,2404,1698,12.7800,12.4533
10572,352.400,1562,523,2404,1698,13.5771,12.0503
10573,352.433,1562,524,2404,1699,14.0944,11.5223
10574,352.467,1561,523,2404,1699,13.4427,11.1689
10575,352.500,1562,521,2404,1700,17.4944,8.3638
10576,352.533,1561,520,2405,1701,19.1461,9.8711
10577,352.567,1562,518,2404,1700,22.4600,9.9451
10578,352.600,1562,515,2404,1699,21.3566,10.6061
10579,352.633,1562,516,2404,1699,23.2438,10.4395
10580,352.667,1561,515,2404,1699,22.9860,10.3435
10581,352.700,1561,515,2404,1699,23.6796,10.9757
10582,352.733,1562,513,2404,1699,22.5775,8.3188
10583,352.767,1562,512,2404,1698,23.1030,11.2302
10584,352.800,1562,510,2405,1699,22.1051,8.4037
10585,352.833,1562,508,2405,1699,22.6062,8.9661
10586,352.867,1563,509,2405,1699,22.8689,9.4861
10587,352.900,1561,509,2406,1697,18.4799,-4.0172
10588,352.933,1562,512,2406,1697,20.3770,-0.2547
10589,352.967,1559,509,2405,1696,9.5428,6.8337
10590,353.000,1561,517,2407,1701,12.3585,12.3996
10591,353.033,1561,516,2408,1700,9.5692,9.1711
10592,353.067,1562,516,2409,1700,7.8601,9.4619
10593,353.100,1563,515,2409,1700,10.3484,11.8995
10594,353.133,1563,515,2409,1699,7.9148,11.3612
10595,353.167,1562,515,2409,1700,9.0447,11.7137
10596,353.200,1562,516,2409,1700,9.0916,10.3026
10597,353.233,1562,518,2409,1700,9.4849,11.1150
10598,353.267,1561,518,2409,1699,10.4236,12.6692
10599,353.300,1561,519,2409,1699,10.8914,12.2934
10600,353.333,1562,520,2409,1700,8.2926,12.2479
10601,353.367,1562,518,2408,1700,8.7040,11.1245
10602,353.400,1562,518,2408,1700,7.9659,10.8482
10603,353.433,1562,513,2409,1701,9.0073,13.0764
10604,353.467,1561,515,2409,1702,8.1951,11.6747
10605,353.500,1562,514,2409,1702,8.7578,12.7548
10606,353.533,1561,515,2409,1702,7.4456,12.4155
10607,353.567,1561,517,2410,1702,6.6573,12.1178
10608,353.600,1562,515,2410,1702,7.7136,10.6447
10609,353.633,1562,517,2410,1701,6.9051,10.3402
10610,353.667,1562,518,2409,1700,8.5085,10.9729
10611,353.700,1562,517,2410,1700,6.6827,10.5615
10612,353.733,1562,516,2410,1699,5.7880,9.7719
10613,353.767,1562,516,2410,1699,6.2369,9.7154
10614,353.800,1562,517,2410,1699,7.4689,9.4754
10615,353.833,1562,515,2410,1699,7.5169,12.1305
10616,353.867,1562,515,2410,1698,8.1460,11.3663
10617,353.900,1560,518,2410,1700,7.4681,13.3281
10618,353.933,1560,518,2409,1699,8.0379,14.7164
10619,353.967,1560,518,2409,1700,8.7573,14.5642
10620,354.000,1561,518,2409,1699,8.4899,13.1347
10621,354.033,1560,519,2409,1700,7.4118,15.1621
10622,354.067,1560,516,2409,1700,9.2482,12.8472
10623,354.100,1559,516,2409,1700,7.5494,13.0669
10624,354.133,1559,514,2409,1699,8.5979,13.4438
10625,354.167,1559,511,2409,1699,8.7265,12.7030
10626,354.200,1559,508,2410,1698,8.6386,11.4306
10627,354.233,1559,508,2410,1698,8.6122,11.4421
10628,354.267,1560,507,2409,1698,7.8239,14.5240
10629,354.300,1560,506,2409,1698,7.4398,14.7651
10630,354.333,1560,501,2409,1698,19.1979,9.6862
10631,354.367,1560,500,2409,1698,21.5013,8.9799
10632,354.400,1560,501,2409,1698,21.1691,8.9569
10633,354.433,1559,501,2409,1699,20.1107,8.8168
10634,354.467,1559,500,2409,1698,22.2363,9.2941
10635,354.500,1559,500,2409,1698,22.0947,10.2177
10636,354.533,1560,499,2408,1697,21.8120,9.9938
10637,354.567,1560,499,2408,1697,23.3261,9.9919
10638,354.600,1561,501,2408,1696,23.7439,11.6778
10639,354.633,1561,501,2408,1696,23.6208,11.7936
10640,354.667,1561,501,2407,1696,23.2646,10.1327
10641,354.700,1562,501,2407,1695,22.7792,11.3043
10642,354.733,1562,504,2407,1694,21.4130,8.0017
10643,354.767,1562,505,2407,1695,20.8045,9.3392
10644,354.800,1562,504,2408,1696,22.3758,7.4144
10645,354.833,1562,505,2408,1696,21.3069,8.1151
10646,354.867,1562,505,2408,1697,22.1360,9.3330
10647,354.900,1561,510,2408,1698,22.5686,8.6700
10648,354.933,1560,509,2408,1698,23.0542,8.6486
10649,354.967,1560,510,2408,1698,22.6628,8.0690
10650,355.000,1560,510,2408,1698,22.5189,8.9575
10651,355.033,1559,510,2408,1698,22.6358,10.1898
10652,355.067,1559,510,2407,1698,22.9294,9.8019
10653,355.100,1559,511,2407,1698,22.4281,8.2058
10654,355.133,1559,511,2407,1698,22.3145,7.6221
10655,355.167,1559,510,2408,1700,23.5018,7.8107
10656,355.200,1559,511,2408,1700,23.5926,9.0412
10657,355.233,1559,511,2407,1699,22.3797,7.8260
10658,355.267,1559,511,2408,1700,23.7910,9.2109
10659,355.300,1559,514,2407,1700,21.2187,12.4216
10660,355.333,1560,514,2407,1700,22.5662,14.3386
10661,355.367,1560,514,2407,1700,22.0624,14.1296
10662,355.400,1560,515,2407,1700,21.0579,14.5021
10663,355.433,1560,517,2407,1699,21.8700,12.6827
10664,355.467,1560,518,2407,1700,22.3118,13.8184
10665,355.500,1561,519,2408,1699,20.8484,12.5280
10666,355.533,1561,519,2408,1699,21.1038,12.4628
10667,355.567,1562,514,2409,1699,17.3370,14.1888
10668,355.600,1561,523,2409,1699,0.6024,17.4692
10669,355.633,1560,522,2409,1699,-0.8064,16.3085
10670,355.667,1561,522,2409,1700,-1.8705,16.2498
10671,355.700,1561,520,2410,1699,0.9152,19.3862
10672,355.733,1560,521,2410,1699,-2.4368,16.5625
10673,355.767,1560,521,2409,1700,-2.0556,18.7017
10674,355.800,1560,520,2409,1700,0.3301,18.7599
10675,355.833,1560,519,2409,1700,-0.8423,17.4475
10676,355.867,1560,520,2409,1701,1.4316,18.1619
10677,355.900,1558,517,2410,1705,-1.8815,19.2166
10678,355.933,1559,516,2410,1705,-2.7771,21.6141
10679,355.967,1559,517,2410,1706,-2.5030,20.3203
10680,356.000,1558,513,2410,1706,0.0582,21.2840
10681,356.033,1558,512,2411,1705,1.1576,19.9579
10682,356.067,1558,510,2411,1706,-0.9361,18.7302
10683,356.100,1558,511,2411,1706,-0.1394,20.8441
10684,356.133,1558,510,2412,1706,0.1019,19.5320
10685,356.167,1558,508,2411,1706,-0.1047,18.6496
10686,356.200,1558,510,2411,1706,-0.6789,18.5758
10687,356.233,1558,510,2412,1706,0.0709,18.3252
10688,356.267,1558,510,2412,1707,0.8957,19.0760
10689,356.300,1558,510,2412,1707,0.8861,18.9424
10690,356.333,1558,510,2411,1707,-0.3235,17.9973
10691,356.367,1558,512,2412,1707,0.3792,21.8489
10692,356.400,1557,512,2412,1707,0.8237,19.6331
10693,356.433,1557,513,2411,1707,-0.3772,20.7708
10694,356.467,1557,516,2412,1706,-1.4607,17.3543
10695,356.500,1558,513,2412,1706,-3.7613,18.6334
10696,356.533,1558,514,2412,1706,-2.5153,17.8685
10697,356.567,1558,515,2412,1705,-2.3372,17.5992
10698,356.600,1558,518,2412,1704,-2.0883,16.7101
10699,356.633,1559,518,2412,1703,-2.8559,16.2404
10700,356.667,1558,515,2412,1703,-5.8988,17.0562
10701,356.700,1557,515,2412,1703,-5.5159,16.8380
10702,356.733,1558,519,2412,1702,-8.0670,15.1681
10703,356.767,1558,520,2412,1702,-8.0028,16.9862
10704,356.800,1559,522,2411,1702,-7.4402,14.8468
10705,356.833,1560,521,2412,1702,-7.0235,14.3163
10706,356.867,1561,518,2410,1702,-4.5668,5.1590
10707,356.900,1558,510,2403,1696,-0.0705,4.6931
10708,356.933,1562,522,2409,1698,1.2293,9.1511
10709,356.967,1562,521,2408,1697,3.0447,8.3095
10710,357.000,1562,523,2409,1697,2.8119,13.4836
10711,357.033,1562,525,2409,1697,0.3191,14.5414
10712,357.067,1562,526,2409,1696,0.2697,15.4673
10713,357.100,1562,526,2408,1694,1.1597,14.5321
10714,357.133,1562,525,2408,1693,1.9794,14.1775
10715,357.167,1562,526,2408,1693,0.9525,14.9991
10716,357.200,1562,525,2409,1699,0.0023,14.2115
10717,357.233,1561,525,2410,1701,5.6065,8.8960
10718,357.267,1560,525,2411,1702,6.8029,9.9345
10719,357.300,1561,527,2411,1700,4.5773,9.4856
10720,357.333,1561,528,2412,1701,5.7837,10.2945
10721,357.367,1561,528,2412,1701,4.9185,10.7102
10722,357.400,1561,529,2411,1699,6.3991,12.4303
10723,357.433,1560,529,2411,1698,7.5152,11.3019
10724,357.467,1560,528,2411,1697,6.7180,12.0551
10725,357.500,1561,529,2410,1697,6.5691,11.7853
10726,357.533,1561,528,2410,1697,7.2175,11.1362
10727,357.567,1561,527,2410,1698,8.7417,11.8384
10728,357.600,1559,525,2411,1698,7.5747,11.3334
10729,357.633,1560,525,2410,1700,8.9589,11.3633
10730,357.667,1560,526,2411,1700,7.6155,10.7607
10731,357.700,1559,523,2410,1701,4.2757,11.3271
10732,357.733,1558,512,2410,1700,8.2076,0.9417
10733,357.767,1558,513,2409,1699,8.8529,3.3020
10734,357.800,1555,499,2407,1697,8.0488,5.6089
10735,357.833,1552,502,2407,1696,9.9440,5.9498
10736,357.867,1552,500,2406,1696,8.7871,3.2496
10737,357.900,1557,515,2407,1697,21.0055,2.3578
10738,357.933,1561,515,2408,1697,24.8797,8.4901
10739,357.967,1561,515,2409,1698,24.6944,8.0151
10740,358.000,1560,515,2409,1697,23.6195,9.4959
10741,358.033,1561,515,2409,1696,24.5228,10.4516
10742,358.067,1561,515,2409,1698,23.0047,9.9517
10743,358.100,1560,515,2410,1698,21.1125,11.0977
10744,358.133,1560,515,2410,1699,23.2384,9.7162
10745,358.167,1560,515,2410,1701,23.5832,9.3149
10746,358.200,1560,514,2411,1701,23.6693,9.7289
10747,358.233,1561,513,2410,1701,24.3671,10.0060
10748,358.267,1560,517,2412,1702,18.2030,16.8301
10749,358.300,1559,515,2412,1702,13.0464,13.5759
10750,358.333,1559,517,2412,1702,11.0948,15.7540
10751,358.367,1559,517,2412,1702,10.7020,15.6821
10752,358.400,1559,516,2412,1703,10.3184,15.9240
10753,358.433,1559,516,2411,1701,10.4709,16.5083
10754,358.467,1559,516,2411,1702,9.6829,17.3319
10755,358.500,1559,516,2411,1701,10.9121,16.7717
10756,358.533,1559,515,2410,1701,9.4900,15.7448
10757,358.567,1559,516,2410,1700,9.8075,15.9562
10758,358.600,1559,513,2409,1700,11.3978,16.7416
10759,358.633,1560,512,2409,1699,10.9886,15.1201
10760,358.667,1559,514,2409,1699,10.2222,14.9543
10761,358.700,1559,516,2408,1697,9.8654,14.6157
10762,358.733,1558,515,2408,1696,10.1955,14.0732
10763,358.767,1559,515,2408,1696,11.1602,15.6441
10764,358.800,1559,515,2408,1696,11.2584,15.6743
10765,358.833,1559,514,2409,1696,10.8272,12.9591
10766,358.867,1559,513,2408,1696,11.0254,16.6421
10767,358.900,1558,510,2407,1701,10.0836,14.0032
10768,358.933,1559,510,2408,1701,10.0930,14.1600
10769,358.967,1558,508,2408,1701,4.1331,14.2793
10770,359.000,1559,508,2408,1700,2.1007,13.3069
10771,359.033,1558,509,2408,1702,2.7149,16.8604
10772,359.067,1559,508,2408,1701,1.2517,15.2231
10773,359.100,1559,508,2408,1700,0.5817,13.3847
10774,359.133,1559,508,2408,1700,0.7353,13.4947
10775,359.167,1559,508,2408,1702,2.4396,15.0555
10776,359.200,1559,506,2408,1702,2.9580,17.5705
10777,359.233,1559,507,2408,1702,0.7964,15.8062
10778,359.267,1559,506,2408,1703,2.9401,17.1496
10779,359.300,1558,504,2408,1704,5.3451,15.4996
10780,359.333,1558,505,2409,1705,2.4273,17.4156
10781,359.367,1559,507,2409,1705,5.0495,13.3433
10782,359.400,1559,506,2409,1706,6.0219,15.3229
10783,359.433,1559,506,2409,1705,5.6489,14.8023
10784,359.467,1558,507,2410,1704,5.1841,14.2339
10785,359.500,1558,507,2409,1704,5.3950,13.9085
10786,359.533,1558,508,2409,1705,5.5114,14.4155
10787,359.567,1558,507,2410,1704,5.4393,13.9340
10788,359.600,1558,507,2410,1704,5.7103,14.5650
10789,359.633,1558,507,2410,1705,6.1973,16.1337
10790,359.667,1558,506,2410,1707,5.2243,13.4386
10791,359.700,1559,509,2410,1706,6.3313,14.5267
10792,359.733,1559,510,2409,1707,6.5130,12.0393
10793,359.767,1559,513,2409,1707,9.9292,14.8294
10794,359.800,1560,510,2409,1708,7.6799,11.1503
10795,359.833,1560,513,2409,1710,9.8468,12.1844
10796,359.867,1560,512,2409,1710,13.1124,12.2894
10797,359.900,1560,508,2408,1710,12.2738,13.7057
10798,359.933,1560,506,2408,1710,12.6085,12.1953
10799,359.967,1560,506,2408,1710,13.0746,12.0082
10800,360.000,1560,507,2407,1710,12.1505,12.2375
10801,360.033,1560,509,2407,1711,11.0018,11.7047
10802,360.067,1559,508,2408,1713,9.5947,13.6376
10803,360.100,1560,507,2408,1713,11.0794,13.6954
10804,360.133,1560,509,2409,1714,12.0485,12.6864
10805,360.167,1559,509,2409,1715,10.6996,13.0033
10806,360.200,1560,512,2408,1713,10.5378,10.6969
10807,360.233,1560,512,2408,1713,10.4659,10.8372
10808,360.267,1560,512,2408,1713,10.6337,10.8715
10809,360.300,1560,512,2408,1712,12.1869,12.1779
10810,360.333,1562,510,2406,1713,11.5737,7.0007
10811,360.367,1562,509,2407,1712,12.4084,6.7943
10812,360.400,1558,497,2404,1708,-2.2150,0.5524
10813,360.433,1557,499,2404,1709,-4.1902,2.8302
10814,360.467,1557,500,2405,1707,-3.9102,0.6427
10815,360.500,1562,514,2406,1712,2.0548,9.3494
10816,360.533,1564,515,2408,1712,1.1772,11.5719
10817,360.567,1563,518,2408,1711,2.1645,10.9475
10818,360.600,1563,519,2408,1710,1.4527,9.6691
10819,360.633,1562,521,2408,1710,0.6404,11.6115
10820,360.667,1562,522,2409,1709,-0.0169,12.5558
10821,360.700,1561,523,2409,1709,0.6925,15.9522
10822,360.733,1561,523,2408,1706,-0.5194,14.5409
10823,360.767,1562,524,2407,1706,-0.5308,15.6316
10824,360.800,1561,522,2407,1705,-0.6196,15.5000
10825,360.833,1561,522,2407,1705,-0.1755,15.7766
10826,360.867,1561,521,2407,1704,1.2597,16.4493
10827,360.900,1562,523,2407,1699,0.8266,17.1902
10828,360.933,1561,522,2407,1698,2.8140,17.0292
10829,360.967,1561,522,2407,1698,2.6560,16.7149
10830,361.000,1562,523,2407,1698,7.1344,14.3385
10831,361.033,1562,523,2407,1699,8.5109,15.0564
10832,361.067,1562,523,2407,1699,9.0027,14.4789
10833,361.100,1562,523,2407,1699,8.0606,14.2044
10834,361.133,1561,523,2407,1698,7.1499,14.8265
10835,361.167,1561,523,2407,1699,8.2061,13.1405
10836,361.200,1562,524,2407,1699,9.0151,13.7753
10837,361.233,1562,524,2406,1699,9.1813,14.3706
10838,361.267,1562,524,2406,1699,9.3228,14.5591
10839,361.300,1561,525,2407,1699,8.7018,11.1892
10840,361.333,1562,525,2407,1699,9.0244,11.7664
10841,361.367,1562,525,2407,1699,9.1320,11.4268
10842,361.400,1561,525,2406,1698,7.8891,10.7316
10843,361.433,1561,524,2407,1699,9.1289,11.9558
10844,361.467,1561,522,2407,1696,9.6522,14.0427
10845,361.500,1561,523,2407,1696,8.6329,13.0067
10846,361.533,1562,523,2407,1696,8.5292,13.1169
10847,361.567,1561,524,2407,1697,8.6068,12.2820
10848,361.600,1561,526,2407,1695,9.8898,14.4441
10849,361.633,1561,528,2407,1696,7.4147,14.7324
10850,361.667,1561,528,2407,1695,8.3948,14.4787
10851,361.700,1561,527,2407,1695,8.0204,12.6957
10852,361.733,1561,524,2406,1695,9.5161,12.3363
10853,361.767,1561,523,2406,1695,9.6570,12.6762
10854,361.800,1561,522,2406,1695,8.5833,12.8962
10855,361.833,1561,521,2406,1695,8.4560,12.6102
10856,361.867,1562,517,2405,1695,9.0482,13.6429
10857,361.900,1562,521,2406,1697,10.2485,13.3640
10858,361.933,1562,518,2406,1696,9.9186,14.4126
10859,361.967,1562,518,2406,1696,9.9626,14.3521
10860,362.000,1562,518,2406,1696,9.7792,14.4149
10861,362.033,1562,517,2405,1695,8.8345,13.4516
10862,362.067,1561,518,2406,1696,2.3449,13.8036
10863,362.100,1561,517,2406,1696,4.1869,15.2244
10864,362.133,1561,519,2406,1697,1.9635,13.8580
10865,362.167,1561,520,2405,1697,3.2796,14.7585
10866,362.200,1561,521,2406,1698,2.0934,15.8951
10867,362.233,1562,521,2406,1699,2.0522,12.8668
10868,362.267,1561,522,2406,1699,4.5435,14.9065
10869,362.300,1562,524,2406,1701,6.2497,12.6470
10870,362.333,1563,521,2406,1701,3.1165,10.8214
10871,362.367,1563,522,2406,1702,3.7555,11.7614
10872,362.400,1563,521,2406,1702,4.0785,11.0073
10873,362.433,1563,520,2407,1703,3.4561,10.9882
10874,362.467,1563,520,2406,1703,2.9038,10.0596
10875,362.500,1565,521,2407,1704,1.4207,1.6667
10876,362.533,1566,520,2406,1704,1.9397,2.3797
10877,362.567,1571,496,2402,1703,-5.5036,-2.6133
10878,362.600,1561,514,2405,1699,4.1459,2.5553
10879,362.633,1560,511,2405,1701,2.9607,3.6006
10880,362.667,1562,517,2406,1707,4.1253,5.8274
10881,362.700,1562,520,2408,1708,5.6154,7.6653
10882,362.733,1562,521,2408,1708,5.8830,6.7506
10883,362.767,1562,523,2407,1708,4.0494,8.9271
10884,362.800,1563,522,2407,1707,5.8281,8.5067
10885,362.833,1561,520,2408,1708,3.9201,8.0026
10886,362.867,1561,519,2408,1707,2.9214,8.8715
10887,362.900,1558,506,2406,1706,3.2878,11.3891
10888,362.933,1558,507,2406,1705,3.6848,12.9620
10889,362.967,1557,518,2407,1703,5.9699,9.2199
10890,363.000,1558,521,2406,1703,5.0603,10.1628
10891,363.033,1560,518,2405,1704,5.8410,10.7913
10892,363.067,1561,514,2404,1703,5.3911,9.0310
10893,363.100,1561,509,2403,1705,2.9745,10.1915
10894,363.133,1561,509,2403,1705,2.1067,10.5813
10895,363.167,1560,503,2404,1706,3.7733,11.5581
10896,363.200,1561,507,2403,1704,4.6155,10.1119
10897,363.233,1561,508,2403,1703,5.1139,10.0771
10898,363.267,1561,508,2403,1702,4.6081,10.6198
10899,363.300,1562,510,2402,1702,3.7314,12.8080
10900,363.333,1562,513,2402,1701,3.3644,11.0130
10901,363.367,1562,516,2403,1702,5.1195,9.8816
10902,363.400,1562,515,2403,1702,5.7456,9.9879
10903,363.433,1561,509,2404,1704,3.2090,12.4492
10904,363.467,1561,512,2404,1705,3.7791,11.4065
10905,363.500,1561,507,2404,1704,3.4472,12.2629
10906,363.533,1562,507,2404,1704,6.4463,12.9130
10907,363.567,1561,508,2404,1704,6.1480,12.8814
10908,363.600,1562,509,2404,1704,4.7202,13.7305
10909,363.633,1562,509,2404,1703,6.0838,13.9301
10910,363.667,1561,510,2405,1704,7.2049,14.8304
10911,363.700,1562,509,2404,1704,5.9445,14.6846
10912,363.733,1562,517,2404,1705,9.3232,15.2409
10913,363.767,1561,514,2404,1706,8.4350,15.9398
10914,363.800,1561,514,2404,1706,8.4350,15.9398
10915,363.833,1561,525,2406,1708,7.0130,13.8840
10916,363.867,1561,525,2406,1708,6.7150,14.3233
10917,363.900,1560,526,2405,1711,3.9704,11.8416
10918,363.933,1560,526,2405,1711,3.7382,11.8668
10919,363.967,1560,526,2405,1711,3.7258,11.8605
10920,364.000,1560,526,2405,1711,3.7979,11.8079
10921,364.033,1560,525,2405,1712,4.3685,14.0706
10922,364.067,1560,525,2405,1711,4.2518,12.8880
10923,364.100,1560,525,2405,1711,4.2251,12.8093
10924,364.133,1560,526,2405,1711,4.4620,11.9420
10925,364.167,1561,528,2405,1711,3.8254,10.4908
10926,364.200,1561,529,2404,1709,4.4354,9.7924
10927,364.233,1561,529,2404,1709,3.7243,9.1611
10928,364.267,1561,526,2404,1708,3.5626,13.4480
10929,364.300,1561,527,2404,1707,5.7163,12.8945
10930,364.333,1561,530,2404,1707,3.1566,12.6532
10931,364.367,1561,530,2404,1708,3.5475,11.9918
10932,364.400,1561,531,2404,1707,4.0781,12.0007
10933,364.433,1562,527,2405,1707,12.9692,13.2725
10934,364.467,1562,527,2405,1708,13.2043,14.3094
10935,364.500,1562,525,2406,1708,21.2065,13.0370
10936,364.533,1562,530,2406,1707,18.5679,10.9546
10937,364.567,1561,527,2406,1707,19.7556,12.9899
10938,364.600,1562,518,2407,1708,19.3267,8.5674
10939,364.633,1562,516,2407,1708,20.4387,11.2069
10940,364.667,1562,515,2407,1708,19.8776,8.9946
10941,364.700,1562,513,2407,1708,21.5150,9.9000
10942,364.733,1562,507,2409,1709,19.7734,9.8278
10943,364.767,1562,507,2408,1708,19.5939,10.4068
10944,364.800,1562,511,2408,1708,19.4873,8.8224
10945,364.833,1562,513,2408,1705,20.6886,11.0565
10946,364.867,1562,511,2408,1705,20.0269,9.2868
10947,364.900,1562,516,2407,1707,21.7175,13.4647
10948,364.933,1562,514,2407,1707,21.3791,10.0690
10949,364.967,1562,514,2407,1707,21.5278,10.5131
10950,365.000,1562,515,2407,1707,22.3927,12.4470
10951,365.033,1561,513,2407,1707,21.0583,12.2172
10952,365.067,1561,513,2406,1705,21.4297,12.3853
10953,365.100,1562,514,2406,1703,20.4660,13.1370
10954,365.133,1562,513,2406,1702,21.9066,12.8173
10955,365.167,1562,514,2405,1701,20.3838,13.9238
10956,365.200,1562,515,2405,1694,13.3962,17.7704
10957,365.233,1562,514,2407,1692,11.8558,17.8073
10958,365.267,1559,512,2407,1685,12.5762,17.1592
10959,365.300,1559,513,2405,1680,8.3449,17.8202
10960,365.333,1559,511,2406,1676,8.5306,16.7933
10961,365.367,1560,509,2405,1672,9.2858,16.3202
10962,365.400,1559,509,2405,1673,8.5262,17.6013
10963,365.433,1559,508,2405,1672,7.7334,15.8794
10964,365.467,1560,507,2407,1672,5.5784,18.0374
10965,365.500,1561,510,2407,1672,-4.2401,14.9586
10966,365.533,1561,508,2406,1673,-6.4568,14.5937
10967,365.567,1561,506,2406,1673,-7.4144,14.2258
10968,365.600,1561,510,2407,1673,-5.9362,16.6367
10969,365.633,1561,509,2407,1674,-6.1879,17.3462
10970,365.667,1563,510,2406,1675,-6.3026,16.6036
10971,365.700,1563,513,2406,1678,-5.2131,15.8755
10972,365.733,1564,515,2407,1681,-6.1381,13.3794
10973,365.767,1564,514,2408,1678,-5.1863,14.8586
10974,365.800,1564,516,2408,1682,-6.1824,15.1131
10975,365.833,1564,515,2408,1686,-6.6428,13.9031
10976,365.867,1563,515,2409,1687,-7.2201,17.0160
10977,365.900,1563,513,2408,1686,-6.2255,15.0672
10978,365.933,1562,513,2408,1688,-7.3490,16.9785
10979,365.967,1562,512,2409,1687,-7.5273,15.3982
10980,366.000,1563,512,2408,1689,-7.2979,16.4735
10981,366.033,1563,512,2409,1691,-6.9945,13.6933
10982,366.067,1564,514,2408,1694,-7.0988,12.4765
10983,366.100,1564,514,2408,1694,-6.8708,13.3087
10984,366.133,1565,515,2408,1694,-7.4113,11.8222
10985,366.167,1561,504,2408,1693,-4.7595,1.3512
10986,366.200,1570,486,2406,1692,1.3731,0.7052
10987,366.233,1569,487,2405,1695,0.3556,3.1503
10988,366.267,1566,515,2406,1695,0.5114,12.5793
10989,366.300,1568,516,2407,1696,-0.6970,15.7168
10990,366.333,1569,519,2406,1695,-2.8559,16.2831
10991,366.367,1568,520,2406,1694,-1.8649,15.5761
10992,366.400,1568,520,2406,1694,-2.0228,15.6119
10993,366.433,1567,523,2406,1696,0.0048,16.6361
10994,366.467,1566,524,2407,1696,0.1942,16.5259
10995,366.500,1566,522,2406,1696,1.4919,16.8140
10996,366.533,1566,523,2406,1697,0.5040,15.9947
10997,366.567,1565,522,2406,1698,-0.1292,15.1958
10998,366.600,1564,520,2406,1698,-0.6498,14.5672
10999,366.633,1565,521,2405,1697,0.7059,14.5962
11000,366.667,1565,518,2404,1698,10.8344,14.0632
11001,366.700,1564,518,2404,1698,10.2293,13.2451
11002,366.733,1564,517,2403,1698,10.8904,12.7579
11003,366.767,1564,517,2402,1697,10.3385,12.7176
11004,366.800,1564,517,2402,1697,10.1759,12.8885
11005,366.833,1563,517,2402,1698,9.0565,13.5878
11006,366.867,1564,517,2403,1698,9.2825,12.4062
11007,366.900,1564,514,2404,1700,10.0257,14.1847
11008,366.933,1564,515,2404,1701,9.8528,15.2589
11009,366.967,1564,515,2404,1701,10.3824,15.0197
11010,367.000,1564,510,2404,1700,18.4817,11.9632
11011,367.033,1563,509,2404,1701,19.8224,11.9006
11012,367.067,1563,506,2404,1700,21.4290,12.8958
11013,367.100,1563,506,2404,1700,21.3315,12.7964
11014,367.133,1563,508,2404,1700,22.6555,12.7033
11015,367.167,1563,505,2404,1699,21.2732,12.1316
11016,367.200,1563,505,2404,1699,21.7575,12.0912
11017,367.233,1562,504,2404,1699,22.6739,11.7795
11018,367.267,1562,504,2404,1699,23.0631,12.1603
11019,367.300,1562,503,2404,1697,21.7532,13.4624
11020,367.333,1562,504,2405,1698,22.5703,10.1434
11021,367.367,1562,504,2405,1699,24.4376,9.6903
11022,367.400,1562,504,2405,1698,22.2952,10.1211
11023,367.433,1561,504,2405,1699,19.6492,10.3174
11024,367.467,1561,505,2405,1697,22.6507,10.9249
11025,367.500,1561,504,2405,1697,19.9490,8.5410
11026,367.533,1561,505,2405,1697,22.2038,10.8636
11027,367.567,1560,507,2404,1697,19.9332,12.6304
11028,367.600,1559,504,2405,1692,21.2002,10.8468
11029,367.633,1559,503,2404,1688,18.6657,10.1187
11030,367.667,1558,502,2405,1690,22.4251,11.1615
11031,367.700,1557,504,2405,1692,21.3740,12.7330
11032,367.733,1557,500,2405,1693,21.3772,12.7539
11033,367.767,1556,501,2405,1693,23.8114,14.1487
11034,367.800,1556,499,2405,1693,21.8289,15.8126
11035,367.833,1558,501,2405,1695,20.8406,15.8387
11036,367.867,1558,500,2405,1695,20.8900,15.5788
11037,367.900,1558,501,2403,1691,20.3925,14.0979
11038,367.933,1560,499,2403,1693,18.9535,14.3127
11039,367.967,1559,499,2403,1693,19.4292,13.9484
11040,368.000,1559,498,2404,1695,19.2005,12.9090
11041,368.033,1559,498,2403,1696,16.8561,13.6881
11042,368.067,1557,503,2402,1697,8.0018,14.7420
11043,368.100,1555,505,2403,1700,8.3024,16.6570
11044,368.133,1555,504,2402,1699,10.3439,15.4132
11045,368.167,1555,503,2402,1698,8.3648,14.2671
11046,368.200,1554,499,2402,1698,6.4762,14.3920
11047,368.233,1553,502,2402,1698,7.1289,15.5471
11048,368.267,1552,501,2402,1699,8.1898,15.4337
11049,368.300,1552,498,2401,1698,6.9462,15.7289
11050,368.333,1552,503,2401,1698,9.1019,15.8290
11051,368.367,1552,504,2400,1697,9.0269,14.7830
11052,368.400,1550,498,2402,1700,16.4658,17.1734
11053,368.433,1551,498,2402,1702,18.5753,17.9718
11054,368.467,1550,500,2402,1703,19.7393,18.2336
11055,368.500,1550,499,2402,1704,21.1139,14.6774
11056,368.533,1550,499,2402,1704,21.4692,15.6667
11057,368.567,1549,500,2402,1704,22.1136,16.6996
11058,368.600,1549,500,2402,1704,22.8222,16.7597
11059,368.633,1550,500,2402,1704,21.7198,14.5793
11060,368.667,1549,494,2403,1705,23.5229,14.8382
11061,368.700,1548,493,2404,1706,24.3488,15.3682
11062,368.733,1548,493,2404,1706,24.1807,16.1281
11063,368.767,1547,496,2404,1706,24.5401,14.9337
11064,368.800,1546,493,2405,1706,23.4453,17.6327
11065,368.833,1545,491,2405,1705,24.8357,16.1770
11066,368.867,1546,490,2404,1703,21.5964,17.0216
11067,368.900,1547,495,2403,1700,23.6783,16.6878
11068,368.933,1546,493,2403,1699,23.8570,16.1643
11069,368.967,1546,493,2403,1699,23.8347,16.2794
11070,369.000,1546,493,2403,1700,24.4652,17.0511
11071,369.033,1546,494,2403,1698,24.3007,16.3308
11072,369.067,1546,493,2403,1699,24.7124,16.0056
11073,369.100,1546,493,2403,1698,25.5384,17.6306
11074,369.133,1546,493,2403,1698,25.6181,17.3978
11075,369.167,1547,494,2403,1698,25.4201,16.8433
11076,369.200,1546,494,2404,1699,23.7160,16.9998
11077,369.233,1546,495,2403,1700,22.0904,17.6747
11078,369.267,1546,501,2402,1699,18.4211,16.0796
11079,369.300,1547,501,2402,1698,19.9789,14.7153
11080,369.333,1547,501,2402,1700,18.8584,14.9626
11081,369.367,1547,501,2402,1700,19.0572,14.9836
11082,369.400,1547,501,2402,1700,18.6928,15.0260
11083,369.433,1548,496,2403,1701,18.8074,13.4133
11084,369.467,1548,497,2402,1700,17.0144,13.0114
11085,369.500,1553,499,2402,1699,17.8814,6.5492
11086,369.533,1554,499,2401,1698,18.6545,4.6941
11087,369.567,1551,481,2399,1692,19.2515,8.5446
11088,369.600,1552,497,2401,1694,15.2013,5.7117
11089,369.633,1551,496,2400,1693,14.4626,7.6877
11090,369.667,1550,498,2401,1697,12.4708,11.8959
11091,369.700,1550,497,2401,1698,13.3339,10.9083
11092,369.733,1550,501,2401,1698,13.8675,12.4064
11093,369.767,1550,504,2401,1698,11.7925,13.5338
11094,369.800,1550,503,2401,1699,12.4611,13.0514
11095,369.833,1550,503,2402,1699,12.8506,13.5951
11096,369.867,1550,505,2402,1700,14.3431,12.3123
11097,369.900,1548,503,2402,1700,13.1864,14.4432
11098,369.933,1549,499,2401,1700,13.9305,12.7336
11099,369.967,1550,501,2401,1701,8.2290,12.5198
11100,370.000,1549,502,2401,1701,7.7816,11.4219
11101,370.033,1550,502,2401,1701,9.3166,12.1777
11102,370.067,1548,505,2401,1703,7.5329,11.9738
11103,370.100,1548,504,2401,1704,7.2392,11.2857
11104,370.133,1549,505,2401,1705,6.7545,11.4865
11105,370.167,1549,505,2401,1705,6.9506,10.1581
11106,370.200,1550,506,2400,1706,6.7226,9.4916
11107,370.233,1550,507,2401,1707,5.0891,9.7864
11108,370.267,1550,508,2401,1707,5.4806,9.9899
11109,370.300,1551,510,2400,1706,4.7755,10.9424
11110,370.333,1551,510,2401,1706,6.1540,10.0374
11111,370.367,1551,512,2401,1705,9.1470,10.4957
11112,370.400,1552,512,2400,1705,7.8652,10.4112
11113,370.433,1553,512,2401,1705,6.9946,8.5388
11114,370.467,1555,511,2401,1704,6.1071,8.9603
11115,370.500,1557,481,2398,1699,8.1037,3.0148
11116,370.533,1555,478,2400,1700,6.4892,5.2811
11117,370.567,1556,477,2400,1700,3.3180,2.5131
11118,370.600,1555,497,2400,1703,12.4744,4.2769
11119,370.633,1550,508,2401,1706,8.1834,14.0328
11120,370.667,1549,506,2399,1705,5.8830,15.0727
11121,370.700,1547,507,2398,1706,7.9897,13.2417
11122,370.733,1544,510,2397,1707,9.3952,12.7317
11123,370.767,1543,506,2398,1708,6.2616,14.7005
11124,370.800,1543,511,2396,1705,8.2794,13.9195
11125,370.833,1542,510,2395,1702,7.2449,13.8045
11126,370.867,1542,510,2396,1703,7.5113,13.6847
11127,370.900,1542,516,2396,1700,11.8806,13.7499
11128,370.933,1542,511,2396,1699,16.2646,13.8759
11129,370.967,1541,509,2395,1699,15.7982,15.6376
11130,371.000,1540,507,2395,1700,20.2995,13.3075
11131,371.033,1540,505,2395,1700,20.1673,11.1345
11132,371.067,1540,505,2395,1700,19.9279,10.5830
11133,371.100,1540,505,2396,1701,21.1202,12.0668
11134,371.133,1540,505,2396,1701,20.7469,12.0152
11135,371.167,1540,503,2396,1701,21.1022,9.4313
11136,371.200,1540,505,2396,1700,18.4571,14.5684
11137,371.233,1539,504,2396,1699,19.2979,14.9749
11138,371.267,1539,504,2396,1700,19.0688,13.1467
11139,371.300,1539,500,2396,1700,21.7144,10.5637
11140,371.333,1538,501,2396,1699,22.1865,11.7252
11141,371.367,1538,501,2396,1698,20.7277,10.4860
11142,371.400,1537,501,2396,1699,21.7646,13.8731
11143,371.433,1536,503,2396,1698,23.0450,14.2871
11144,371.467,1536,505,2396,1698,21.3971,13.9525
11145,371.500,1536,506,2397,1699,19.7714,9.7579
11146,371.533,1536,507,2397,1699,19.3428,12.6496
11147,371.567,1536,510,2396,1698,9.3887,13.6498
11148,371.600,1537,510,2397,1697,10.4152,16.0411
11149,371.633,1537,510,2397,1698,9.9243,16.5800
11150,371.667,1537,506,2397,1699,7.7023,15.6133
11151,371.700,1539,507,2398,1698,6.4095,16.4417
11152,371.733,1540,513,2397,1699,8.9598,17.0992
11153,371.767,1540,509,2397,1700,8.9627,17.3690
11154,371.800,1539,521,2397,1704,7.8839,14.2042
11155,371.833,1542,520,2394,1702,4.5810,16.1958
11156,371.867,1544,520,2395,1708,-5.3853,13.4087
11157,371.900,1546,522,2397,1712,-6.8823,9.7517
11158,371.933,1545,524,2398,1720,-6.4778,8.3656
11159,371.967,1555,526,2394,1700,-7.3438,9.7192
11160,372.000,1553,535,2395,1717,-7.7664,8.6807
11161,372.033,1557,532,2392,1712,-7.5688,10.5203
11162,372.067,1559,534,2389,1698,-5.5657,9.1694
11163,372.100,1557,538,2394,1732,-3.4579,10.6981
11164,372.133,1557,539,2394,1737,1.0615,11.6749
11165,372.167,1559,538,2393,1725,-3.4967,16.8370
11166,372.200,1561,544,2392,1711,-4.6288,13.3478
11167,372.233,1562,541,2392,1712,-4.6236,13.3172
11168,372.267,1561,540,2392,1710,-3.4330,13.3594
11169,372.300,1560,539,2392,1713,-3.5492,13.3276
11170,372.333,1560,536,2393,1715,-3.9207,13.1394
11171,372.367,1560,535,2393,1711,0.5845,15.7330
11172,372.400,1559,535,2392,1709,5.8338,16.1137
11173,372.433,1559,537,2391,1710,5.9282,13.8321
11174,372.467,1558,539,2391,1714,6.1476,12.8762
11175,372.500,1558,536,2391,1711,5.2690,14.2136
11176,372.533,1558,538,2392,1712,6.1123,13.9739
11177,372.567,1557,539,2392,1708,6.4314,14.2452
11178,372.600,1556,537,2393,1708,6.9713,15.2885
11179,372.633,1555,540,2393,1710,6.3007,14.8052
11180,372.667,1555,542,2394,1715,6.7247,14.6183
11181,372.700,1554,546,2394,1725,6.9460,15.5689
11182,372.733,1553,546,2395,1729,9.8033,14.0948
11183,372.767,1550,532,2395,1728,22.0958,14.9015
11184,372.800,1550,526,2395,1735,21.0444,13.8756
11185,372.833,1548,522,2395,1734,24.4727,15.0243
11186,372.867,1547,520,2394,1735,23.4941,15.0489
11187,372.900,1547,509,2392,1724,23.5691,13.9002
11188,372.933,1544,503,2392,1725,26.7404,14.7958
11189,372.967,1545,500,2391,1718,27.9874,13.7068
11190,373.000,1544,497,2393,1725,23.3130,13.6177
11191,373.033,1544,498,2391,1722,23.2171,9.3064
11192,373.067,1543,504,2391,1716,23.3483,12.8067
11193,373.100,1543,501,2391,1718,22.6934,12.5479
11194,373.133,1540,502,2390,1721,24.5589,14.6414
11195,373.167,1534,499,2392,1731,22.0448,13.9348
11196,373.200,1533,501,2393,1734,21.8236,12.8386
11197,373.233,1531,498,2393,1728,19.6582,16.0309
11198,373.267,1532,495,2393,1719,17.4518,15.5358
11199,373.300,1533,502,2392,1714,8.4876,16.7477
11200,373.333,1533,502,2392,1711,8.1036,17.0324
11201,373.367,1533,501,2392,1709,7.6942,19.4124
11202,373.400,1533,502,2392,1708,6.9349,16.2486
11203,373.433,1533,499,2393,1707,5.3939,18.6634
11204,373.467,1533,502,2394,1705,7.9187,18.4588
11205,373.500,1534,500,2394,1707,5.9081,20.7456
11206,373.533,1534,498,2395,1707,6.2575,19.0264
11207,373.567,1534,500,2395,1708,7.6425,20.4653
11208,373.600,1535,503,2395,1709,5.2238,17.6859
11209,373.633,1534,505,2395,1708,7.4451,19.1466
11210,373.667,1535,506,2395,1708,7.2211,18.8975
11211,373.700,1535,505,2396,1708,7.4104,18.5286
11212,373.733,1536,503,2396,1709,4.7284,17.3689
11213,373.767,1535,501,2396,1709,4.7610,16.5820
11214,373.800,1534,501,2397,1712,5.1852,16.2375
11215,373.833,1534,497,2398,1711,4.3331,24.6503
11216,373.867,1534,499,2397,1710,6.0971,23.8433
11217,373.900,1534,498,2396,1714,6.8293,22.5655
11218,373.933,1534,504,2396,1716,5.9462,24.7240
11219,373.967,1533,504,2396,1716,5.6347,24.5631
11220,374.000,1534,503,2396,1716,6.6633,23.4142
11221,374.033,1533,504,2397,1719,4.2229,23.7609
11222,374.067,1533,508,2397,1718,6.8073,22.4579
11223,374.100,1532,508,2398,1719,6.8510,23.0702
11224,374.133,1532,509,2399,1720,5.3667,22.9120
11225,374.167,1532,510,2399,1719,7.1800,22.0550
11226,374.200,1533,514,2400,1718,7.4397,18.9087
11227,374.233,1532,514,2399,1719,5.8490,20.7899
11228,374.267,1533,511,2399,1718,8.3371,23.2590
11229,374.300,1532,515,2399,1717,6.7789,23.1598
11230,374.333,1532,517,2398,1716,6.0603,22.4036
11231,374.367,1533,518,2399,1715,8.1299,23.3787
11232,374.400,1533,516,2399,1715,7.0869,22.2381
11233,374.433,1532,516,2399,1717,7.6144,22.9683
11234,374.467,1531,516,2400,1719,7.6412,21.9006
11235,374.500,1534,514,2400,1715,8.1020,19.6339
11236,374.533,1537,522,2398,1711,8.2092,20.9207
11237,374.567,1536,524,2399,1712,7.5661,20.0039
11238,374.600,1540,520,2397,1708,5.7103,17.7058
11239,374.633,1542,515,2399,1717,7.7382,18.6489
11240,374.667,1543,515,2399,1719,8.8115,17.5408
11241,374.700,1545,510,2398,1717,8.9745,18.4030
11242,374.733,1547,508,2397,1714,9.4564,18.1325
11243,374.767,1547,502,2396,1714,9.0415,20.0114
11244,374.800,1549,490,2395,1725,11.7191,11.5372
11245,374.833,1548,490,2396,1720,11.0173,9.9273
11246,374.867,1549,494,2396,1724,9.4703,10.1312
11247,374.900,1546,497,2401,1729,5.5959,13.5284
11248,374.933,1547,497,2401,1727,4.6984,12.7977
11249,374.967,1547,495,2400,1727,7.4195,14.6254
11250,375.000,1549,501,2400,1732,3.0859,11.9712
11251,375.033,1547,501,2401,1731,4.1616,15.1200
11252,375.067,1548,506,2401,1729,1.6512,14.0283
11253,375.100,1548,506,2401,1730,1.5140,14.1873
11254,375.133,1549,508,2402,1728,3.3484,16.6184
11255,375.167,1551,510,2401,1724,2.0329,16.5162
11256,375.200,1550,512,2400,1724,2.5269,17.3859
11257,375.233,1550,513,2400,1724,2.8830,17.7753
11258,375.267,1549,516,2400,1724,3.3776,16.6130
11259,375.300,1550,513,2399,1723,3.2249,21.2391
11260,375.333,1549,509,2398,1727,4.4644,18.0625
11261,375.367,1548,510,2400,1732,4.3804,18.2856
11262,375.400,1546,502,2400,1738,16.7363,18.2989
11263,375.433,1545,506,2400,1734,18.1016,14.4700
11264,375.467,1542,504,2401,1736,20.0317,12.8436
11265,375.500,1542,503,2399,1724,19.4539,14.4170
11266,375.533,1540,505,2400,1732,21.0581,15.8443
11267,375.567,1538,504,2399,1717,22.1423,16.0241
11268,375.600,1538,500,2397,1718,21.9450,15.2816
11269,375.633,1538,497,2398,1721,23.4732,16.0294
11270,375.667,1537,496,2396,1719,22.0734,15.5721
11271,375.700,1536,490,2397,1718,24.6579,11.9546
11272,375.733,1533,495,2397,1715,23.2499,14.7689
11273,375.767,1531,494,2396,1716,23.7776,15.5243
11274,375.800,1529,500,2395,1710,25.4665,12.9313
11275,375.833,1530,495,2395,1712,25.6958,12.8922
11276,375.867,1530,495,2394,1710,27.2480,15.0267
11277,375.900,1532,502,2393,1699,24.2646,13.7116
11278,375.933,1533,502,2393,1698,23.0813,13.6786
11279,375.967,1533,498,2393,1701,23.2503,12.8369
11280,376.000,1532,499,2394,1711,19.9384,17.6165
11281,376.033,1533,497,2395,1709,20.5116,15.8000
11282,376.067,1538,504,2396,1704,11.3657,17.3191
11283,376.100,1538,497,2397,1706,10.1281,17.5914
11284,376.133,1536,498,2398,1709,9.5354,18.1442
11285,376.167,1540,494,2398,1704,7.9553,16.5695
11286,376.200,1538,515,2399,1716,8.4629,16.0337
11287,376.233,1540,517,2400,1714,8.8435,16.8558
11288,376.267,1540,514,2400,1713,5.6475,16.4191
11289,376.300,1540,514,2401,1710,6.8888,16.3989
11290,376.333,1540,516,2402,1708,10.2331,14.5036
11291,376.367,1544,515,2403,1710,8.0211,15.2120
11292,376.400,1542,514,2403,1711,8.0634,15.4930
11293,376.433,1544,512,2402,1711,5.2418,14.2922
11294,376.467,1546,511,2402,1708,-4.3880,14.8483
11295,376.500,1548,511,2401,1706,-4.3834,18.2126
11296,376.533,1548,509,2402,1705,-2.9263,17.3064
11297,376.567,1546,508,2401,1708,-4.9536,14.9799
11298,376.600,1545,507,2401,1714,-4.3917,16.4726
11299,376.633,1544,508,2401,1715,-4.9367,17.1873
11300,376.667,1545,509,2400,1714,-5.2069,14.3255
11301,376.700,1542,507,2401,1715,-4.9311,17.1591
11302,376.733,1542,506,2400,1715,-4.0720,15.3788
11303,376.767,1542,504,2397,1718,-5.8180,15.9836
11304,376.800,1538,508,2397,1724,-5.4134,13.6697
11305,376.833,1535,508,2397,1716,-6.1551,14.7622
11306,376.867,1534,510,2398,1715,-3.2657,18.4479
11307,376.900,1531,496,2399,1723,-4.6943,12.2195
11308,376.933,1532,495,2392,1726,-2.0155,13.9706
11309,376.967,1531,493,2393,1722,-1.6551,14.6487
11310,377.000,1531,498,2390,1719,-4.7401,14.2445
11311,377.033,1535,505,2386,1691,-3.7207,14.5445
11312,377.067,1534,508,2385,1693,-6.4150,16.9958
11313,377.100,1535,493,2383,1704,-4.9158,16.1837
11314,377.133,1532,496,2383,1708,4.0519,13.1162
11315,377.167,1532,497,2383,1710,5.4758,12.9061
11316,377.200,1529,501,2385,1719,5.3450,13.4851
11317,377.233,1529,496,2385,1725,10.4744,10.9958
11318,377.267,1526,491,2386,1731,10.6662,14.0908
11319,377.300,1525,495,2387,1732,8.4686,13.2976
11320,377.333,1525,492,2388,1730,7.3601,14.0846
11321,377.367,1524,491,2389,1731,10.7166,12.8413
11322,377.400,1525,492,2388,1732,10.4811,13.1652
11323,377.433,1525,490,2389,1731,11.3882,13.3297
11324,377.467,1526,493,2389,1727,8.2954,13.3147
11325,377.500,1528,505,2388,1711,5.3498,11.6973
11326,377.533,1529,506,2388,1709,7.2384,13.2232
11327,377.567,1530,504,2389,1708,7.7299,14.3045
11328,377.600,1531,499,2389,1709,6.8103,15.2467
11329,377.633,1531,494,2388,1709,7.2605,14.4783
11330,377.667,1529,493,2388,1709,8.0385,15.4676
11331,377.700,1529,488,2390,1717,6.4370,15.3894
11332,377.733,1529,494,2391,1711,6.1127,16.0625
11333,377.767,1530,495,2391,1714,5.2603,14.4566
11334,377.800,1531,499,2392,1715,4.7890,12.1699
11335,377.833,1532,500,2391,1711,5.8909,11.9480
11336,377.867,1535,499,2391,1705,5.6758,12.9622
11337,377.900,1540,506,2390,1697,16.1816,13.8987
11338,377.933,1543,501,2390,1705,18.7567,12.0902
11339,377.967,1543,502,2390,1701,19.3097,12.3069
11340,378.000,1546,502,2391,1701,20.7836,11.0873
11341,378.033,1545,500,2391,1702,21.4781,13.1741
11342,378.067,1543,502,2391,1697,20.8780,10.3770
11343,378.100,1542,499,2393,1699,21.1238,13.6687
11344,378.133,1541,502,2395,1698,18.2492,13.5339
11345,378.167,1543,506,2398,1694,19.9792,17.5815
11346,378.200,1542,528,2405,1702,21.0548,12.1952
11347,378.233,1541,525,2406,1705,21.5881,13.1625
11348,378.267,1551,538,2405,1703,21.3552,12.4901
11349,378.300,1557,529,2416,1707,18.9641,9.5070
11350,378.333,1562,521,2417,1701,17.6558,13.0298
11351,378.367,1573,518,2420,1697,18.6745,18.3098
11352,378.400,1578,525,2421,1691,21.7200,16.6033
11353,378.433,1579,533,2424,1692,18.1950,10.9566
11354,378.467,1581,530,2426,1698,21.4033,10.6021
11355,378.500,1583,515,2425,1699,17.2771,11.4242
11356,378.533,1588,518,2423,1696,21.5097,6.6822
11357,378.567,1586,537,2426,1693,20.7975,12.1689
11358,378.600,1584,528,2429,1698,19.5456,16.7749
11359,378.633,1583,521,2426,1698,18.9621,13.3084
11360,378.667,1578,517,2426,1691,17.1871,15.5303
11361,378.700,1571,530,2418,1702,18.4383,14.5581
11362,378.733,1571,529,2416,1700,19.2623,13.7074
11363,378.767,1566,529,2413,1708,18.3785,17.1687
11364,378.800,1561,534,2412,1727,17.3377,15.2666
11365,378.833,1558,530,2412,1734,15.7636,15.6630
11366,378.867,1560,530,2409,1728,17.2044,18.6488
11367,378.900,1564,535,2410,1722,20.1080,15.5042
11368,378.933,1564,539,2406,1720,18.4403,12.6933
11369,378.967,1563,538,2404,1726,17.5443,12.4473
11370,379.000,1565,538,2401,1725,16.5742,15.0553
11371,379.033,1566,539,2401,1723,17.7544,16.0850
11372,379.067,1569,539,2399,1723,18.9977,13.1450
11373,379.100,1570,541,2400,1722,18.6730,13.4419
11374,379.133,1571,536,2400,1722,17.5628,11.5008
11375,379.167,1571,534,2401,1721,17.6773,15.0287
11376,379.200,1573,528,2401,1717,16.2131,15.2681
11377,379.233,1572,528,2402,1715,15.7910,15.6618
11378,379.267,1570,528,2403,1700,8.0976,16.3427
11379,379.300,1574,526,2403,1697,4.6411,14.1941
11380,379.333,1574,525,2404,1697,4.0385,15.0332
11381,379.367,1565,541,2404,1688,7.7621,16.9408
11382,379.400,1564,546,2405,1681,8.3997,13.6299
11383,379.433,1564,546,2404,1676,7.1661,15.3038
11384,379.467,1564,541,2405,1673,8.4556,18.4202
11385,379.500,1563,542,2406,1676,6.4293,17.5392
11386,379.533,1562,541,2405,1675,6.9307,17.3058
11387,379.567,1562,538,2405,1674,8.8728,18.3595
11388,379.600,1562,537,2405,1675,8.9324,16.8732
11389,379.633,1562,535,2404,1675,8.7783,17.0188
11390,379.667,1561,539,2405,1676,-3.2608,17.4916
11391,379.700,1560,536,2404,1677,-4.4199,16.0907
11392,379.733,1561,535,2404,1678,-3.7586,14.7831
11393,379.767,1562,530,2405,1681,-1.5403,15.7565
11394,379.800,1564,526,2403,1678,-7.5741,14.8346
11395,379.833,1568,522,2408,1688,-9.2274,15.9230
11396,379.867,1569,521,2410,1692,-6.4916,16.0732
11397,379.900,1569,517,2411,1694,-5.8616,13.6685
11398,379.933,1567,528,2414,1692,-5.3067,18.3852
11399,379.967,1567,531,2413,1692,-4.5778,17.0612
11400,380.000,1565,531,2412,1695,-5.3448,18.1176
11401,380.033,1563,533,2412,1698,-6.6564,13.6357
11402,380.067,1561,531,2411,1695,-7.2802,13.6438
11403,380.100,1562,535,2408,1686,-6.0936,13.0556
11404,380.133,1561,533,2406,1682,-6.7269,13.3354
11405,380.167,1560,531,2405,1679,-3.9707,15.6440
11406,380.200,1564,519,2404,1696,-9.0524,9.0619
11407,380.233,1566,517,2398,1672,3.7923,11.8260
11408,380.267,1566,516,2397,1679,2.7817,11.6788
11409,380.300,1562,525,2388,1670,7.0722,12.2088
11410,380.333,1553,516,2382,1671,4.7276,7.6091
11411,380.367,1550,522,2383,1683,6.9786,14.4515
11412,380.400,1539,502,2377,1697,5.1995,9.1018
11413,380.433,1525,503,2368,1715,9.0264,8.6645
11414,380.467,1524,501,2365,1702,7.3107,10.5677
11415,380.500,1506,522,2363,1715,9.6378,13.4748
11416,380.533,1495,555,2370,1732,14.3908,15.1576
11417,380.567,1495,558,2371,1719,12.6944,12.9696
11418,380.600,1496,549,2367,1709,11.8440,13.7176
11419,380.633,1495,553,2369,1720,10.6540,14.2613
11420,380.667,1495,550,2369,1718,12.0322,14.5071
11421,380.700,1489,539,2369,1747,22.3476,11.5746
11422,380.733,1487,529,2369,1748,26.9544,11.1696
11423,380.767,1490,532,2366,1741,22.6354,10.2659
11424,380.800,1494,525,2361,1740,24.7528,12.9196
11425,380.833,1499,529,2356,1748,24.4046,12.0668
11426,380.867,1499,525,2357,1742,20.0586,7.1826
11427,380.900,1497,538,2357,1726,23.0065,12.0434
11428,380.933,1494,528,2360,1724,23.5872,14.2236
11429,380.967,1495,535,2363,1724,24.6440,6.9885
11430,381.000,1496,533,2363,1726,24.8157,12.0204
11431,381.033,1490,529,2363,1731,26.1201,9.4213
11432,381.067,1489,531,2361,1731,25.9894,10.1363
11433,381.100,1493,533,2360,1738,23.6163,9.0315
11434,381.133,1490,538,2362,1733,26.0406,8.0850
11435,381.167,1492,530,2362,1734,22.2658,4.1380
11436,381.200,1489,540,2345,1722,25.6547,12.0340
11437,381.233,1489,541,2362,1727,22.6774,11.0592
11438,381.267,1488,537,2361,1725,24.2232,7.5416
11439,381.300,1485,544,2347,1722,27.4634,12.9696
11440,381.333,1485,539,2349,1724,25.8119,13.4079
11441,381.367,1480,527,2351,1739,27.0250,14.3977
11442,381.400,1478,530,2349,1735,27.3819,10.2814
11443,381.433,1475,529,2349,1731,28.4301,12.3326
11444,381.467,1479,518,2343,1708,29.4794,9.5508
11445,381.500,1479,531,2346,1705,23.5708,12.3930
11446,381.533,1479,534,2349,1705,25.8883,11.0732
11447,381.567,1479,532,2350,1709,26.3569,11.8102
11448,381.600,1485,520,2349,1715,22.3762,7.6993
11449,381.633,1485,520,2347,1717,25.0814,9.2338
11450,381.667,1478,517,2341,1711,24.4883,10.4475
11451,381.700,1471,523,2337,1723,28.6547,12.3782
11452,381.733,1469,533,2333,1727,25.9085,12.2709
11453,381.767,1466,540,2331,1718,26.6314,9.4378
11454,381.800,1465,531,2329,1709,25.2129,10.2201
11455,381.833,1466,539,2326,1705,19.8453,11.6015
11456,381.867,1462,547,2318,1699,19.5781,12.4027
11457,381.900,1458,540,2322,1701,22.1108,12.2579
11458,381.933,1456,543,2323,1697,18.0698,12.9872
11459,381.967,1453,541,2322,1700,19.6531,13.2334
11460,382.000,1450,543,2323,1706,14.2436,11.0117
11461,382.033,1451,539,2322,1707,20.8008,12.7710
11462,382.067,1452,544,2319,1706,13.9467,14.3049
11463,382.100,1452,546,2318,1706,11.0381,14.2679
11464,382.133,1452,543,2320,1705,13.4217,13.3462
11465,382.167,1454,543,2318,1705,11.2811,13.4244
11466,382.200,1453,539,2321,1709,11.9928,15.0869
11467,382.233,1454,539,2322,1708,10.1681,16.3182
11468,382.267,1457,534,2319,1702,10.6620,15.3188
11469,382.300,1456,530,2322,1711,10.3038,15.6683
11470,382.333,1455,532,2323,1714,12.7185,15.3060
11471,382.367,1453,531,2329,1718,9.6900,13.3367
11472,382.400,1452,535,2328,1717,2.1538,17.1777
11473,382.433,1451,539,2329,1722,4.1686,17.9341
11474,382.467,1450,530,2332,1731,-2.4401,15.2834
11475,382.500,1452,536,2332,1744,0.9541,15.6542
11476,382.533,1452,537,2330,1740,1.2119,12.9561
11477,382.567,1454,534,2331,1739,0.5028,14.0437
11478,382.600,1453,535,2331,1741,-1.5073,13.3753
11479,382.633,1454,538,2330,1739,0.5105,16.2666
11480,382.667,1454,538,2330,1739,2.2793,16.0511
11481,382.700,1453,532,2329,1738,0.1985,13.4003
11482,382.733,1452,533,2330,1732,-2.7010,14.6327
11483,382.767,1455,532,2328,1714,-3.4450,13.5685
11484,382.800,1454,533,2330,1713,-5.3531,14.7797
11485,382.833,1455,533,2331,1714,-4.7819,14.0104
11486,382.867,1455,527,2330,1706,-3.1825,15.2336
11487,382.900,1455,524,2338,1713,-3.8159,16.4679
11488,382.933,1455,520,2338,1714,-2.6276,16.9290
11489,382.967,1455,515,2343,1716,9.7747,14.0499
11490,383.000,1454,516,2342,1715,14.2855,11.6283
11491,383.033,1455,516,2341,1715,13.3918,12.1867
11492,383.067,1455,524,2341,1717,13.6575,12.8637
11493,383.100,1456,523,2341,1712,14.2389,13.2018
11494,383.133,1461,531,2334,1689,13.7595,14.9724
11495,383.167,1457,527,2339,1730,14.1815,12.8383
11496,383.200,1457,526,2336,1726,15.0786,13.0723
11497,383.233,1458,527,2335,1726,15.5018,10.7448
11498,383.267,1461,520,2337,1707,19.9890,9.5385
11499,383.300,1460,534,2333,1709,21.9016,9.7501
11500,383.333,1455,525,2335,1716,20.6119,8.0202
11501,383.367,1460,526,2341,1707,20.2181,10.6058
11502,383.400,1455,519,2338,1715,20.9990,9.9077
11503,383.433,1455,520,2341,1715,21.1745,9.8503
11504,383.467,1455,522,2338,1715,21.2076,11.9551
11505,383.500,1459,508,2338,1718,24.7467,5.2959
11506,383.533,1460,501,2326,1693,24.1666,5.6477
11507,383.567,1462,504,2325,1693,25.9748,7.1598
11508,383.600,1459,523,2326,1744,29.0882,8.6310
11509,383.633,1458,526,2329,1759,26.6689,11.7994
11510,383.667,1462,523,2330,1757,24.7644,10.7982
11511,383.700,1462,518,2329,1733,27.9042,10.9985
11512,383.733,1463,521,2327,1732,27.5291,10.4593
11513,383.767,1461,524,2326,1726,29.0512,8.3122
11514,383.800,1464,517,2329,1716,25.0650,11.8280
11515,383.833,1460,521,2334,1725,28.2987,13.5876
11516,383.867,1460,527,2329,1712,28.1556,13.5121
11517,383.900,1457,523,2328,1721,29.2231,14.3806
11518,383.933,1463,524,2323,1703,25.2949,12.0591
11519,383.967,1463,520,2324,1706,27.5661,15.4235
11520,384.000,1464,516,2326,1732,24.1409,12.6344
11521,384.033,1469,526,2319,1711,25.7941,14.4188
11522,384.067,1470,532,2318,1693,29.2641,12.1289
11523,384.100,1473,529,2319,1687,22.8933,13.7818
11524,384.133,1471,534,2334,1709,21.6336,9.1890
11525,384.167,1471,531,2333,1704,22.2282,10.4799
11526,384.200,1470,536,2331,1701,21.8364,9.6641
11527,384.233,1469,534,2333,1703,20.6780,12.4613
11528,384.267,1468,536,2331,1705,18.7207,12.5872
11529,384.300,1467,533,2326,1701,7.7719,9.7515
11530,384.333,1465,540,2315,1702,13.7712,13.1506
11531,384.367,1464,537,2318,1698,15.4392,12.2805
11532,384.400,1457,532,2309,1704,13.6588,12.6654
11533,384.433,1449,539,2302,1705,15.7380,11.8944
11534,384.467,1455,547,2295,1700,16.0376,11.7585
11535,384.500,1441,528,2297,1725,18.4264,15.2502
11536,384.533,1435,504,2285,1734,14.6243,13.9051
11537,384.567,1439,497,2277,1732,13.6829,15.4876
11538,384.600,1424,495,2279,1745,15.3250,13.7297
11539,384.633,1411,489,2270,1738,18.2458,10.8945
11540,384.667,1412,490,2270,1751,15.5577,11.2209
11541,384.700,1399,507,2268,1751,20.5952,13.2630
11542,384.733,1398,507,2275,1759,17.1081,12.8824
11543,384.767,1393,519,2262,1746,21.9941,11.7469
11544,384.800,1390,512,2258,1747,22.9824,8.4335
11545,384.833,1391,506,2262,1747,19.6998,11.3226
11546,384.867,1385,500,2263,1749,13.1723,13.1232
11547,384.900,1375,505,2269,1766,15.8747,10.8104
11548,384.933,1375,506,2268,1766,16.0731,12.5397
11549,384.967,1367,504,2261,1766,11.4031,5.5671
11550,385.000,1364,506,2250,1785,21.4770,2.1020
11551,385.033,1365,513,2245,1779,23.0925,5.3230
11552,385.067,1369,516,2247,1765,18.4309,8.1513
11553,385.100,1370,498,2252,1766,11.1460,6.7408
11554,385.133,1367,499,2253,1760,11.3549,7.6846
11555,385.167,1372,516,2251,1758,18.7866,5.7488
11556,385.200,1375,521,2249,1766,23.7079,11.3757
11557,385.233,1376,510,2252,1764,25.3848,8.9050
11558,385.267,1377,516,2249,1758,25.8153,8.2801
11559,385.300,1379,523,2247,1756,29.2134,3.5444
11560,385.333,1380,525,2248,1752,27.0763,5.3718
11561,385.367,1378,518,2246,1754,30.9578,3.4412
11562,385.400,1376,511,2248,1758,29.4172,7.3322
11563,385.433,1375,510,2248,1758,29.3228,6.0874
11564,385.467,1377,510,2249,1758,29.7414,6.2836
11565,385.500,1378,513,2249,1756,31.4002,8.5100
11566,385.533,1379,515,2248,1759,35.8115,6.6739
11567,385.567,1381,514,2245,1757,33.5053,9.3362
11568,385.600,1380,519,2244,1762,33.7173,10.1694
11569,385.633,1380,520,2243,1761,34.8036,10.2575
11570,385.667,1381,521,2243,1760,34.7988,10.8377
11571,385.700,1380,518,2242,1763,32.4022,10.4663
11572,385.733,1380,519,2242,1762,33.6686,10.7693
11573,385.767,1381,518,2242,1762,32.3425,12.5795
11574,385.800,1382,519,2243,1762,33.1986,11.6945
11575,385.833,1381,521,2243,1766,33.2770,9.8040
11576,385.867,1377,516,2244,1762,32.9421,11.3650
11577,385.900,1381,509,2247,1761,30.8849,12.8723
11578,385.933,1379,506,2247,1766,29.6896,12.6993
11579,385.967,1379,508,2251,1797,31.3908,10.4956
11580,386.000,1373,509,2252,1782,28.9805,10.1397
11581,386.033,1374,506,2252,1784,27.3777,11.4413
11582,386.067,1374,506,2252,1782,26.0444,11.5374
11583,386.100,1373,500,2255,1778,25.3989,10.8493
11584,386.133,1374,499,2254,1780,26.8497,10.7050
11585,386.167,1375,502,2260,1784,25.7122,10.4436
11586,386.200,1378,493,2258,1781,31.1889,8.1508
11587,386.233,1377,499,2255,1778,28.4366,10.4896
11588,386.267,1384,498,2251,1758,28.6383,10.9168
11589,386.300,1382,510,2252,1749,24.8135,12.3589
11590,386.333,1382,509,2250,1745,26.8785,13.3832
11591,386.367,1375,504,2253,1757,27.6140,12.5137
11592,386.400,1354,494,2256,1763,27.7130,6.1168
11593,386.433,1356,489,2257,1762,28.8383,7.8396
11594,386.467,1357,491,2256,1762,28.5661,6.7878
11595,386.500,1355,488,2256,1765,26.8982,7.9455
11596,386.533,1358,487,2262,1767,28.4951,9.3184
11597,386.567,1359,489,2258,1768,28.5395,8.1066
11598,386.600,1361,475,2263,1761,19.9217,6.8366
11599,386.633,1354,475,2262,1766,21.2146,5.7419
11600,386.667,1356,483,2251,1774,18.1484,5.7646
11601,386.700,1362,501,2258,1778,20.0058,3.8412
11602,386.733,1366,535,2244,1770,24.1710,7.1441
11603,386.767,1367,540,2244,1766,23.8238,6.2400
11604,386.800,1357,550,2241,1777,28.1179,9.0138
11605,386.833,1347,553,2246,1815,19.4917,4.4367
11606,386.867,1339,551,2242,1801,21.3476,5.6700
11607,386.900,1321,536,2239,1799,23.2864,4.3336
11608,386.933,1309,523,2230,1802,24.3910,2.6888
11609,386.967,1309,511,2241,1825,24.6000,3.1637
11610,387.000,1304,513,2221,1819,29.4908,9.9050
11611,387.033,1307,534,2221,1836,26.4730,9.3513
11612,387.067,1306,536,2216,1835,29.4194,8.8499
11613,387.100,1313,539,2215,1826,30.9949,7.4392
11614,387.133,1301,520,2225,1823,25.9492,7.2397
11615,387.167,1298,523,2229,1827,28.0783,5.9550
11616,387.200,1303,553,2217,1803,32.7415,8.8807
11617,387.233,1299,554,2229,1831,32.6538,7.2557
11618,387.267,1304,561,2225,1817,32.3464,9.4917
11619,387.300,1307,568,2222,1806,30.7983,5.7766
11620,387.333,1319,564,2210,1804,32.4387,7.4189
11621,387.367,1320,564,2220,1811,30.5143,9.4033
11622,387.400,1319,529,2224,1810,30.0072,9.9311
11623,387.433,1321,528,2243,1803,26.2085,8.1283
11624,387.467,1320,517,2243,1798,28.2017,7.5179
11625,387.500,1324,512,2237,1787,25.6284,10.7210
11626,387.533,1323,512,2239,1792,19.0493,9.2084
11627,387.567,1323,511,2241,1805,21.4541,8.5021
11628,387.600,1325,504,2236,1796,18.1824,8.9251
11629,387.633,1325,501,2243,1796,18.7683,8.7541
11630,387.667,1318,508,2234,1793,15.7556,8.8440
11631,387.700,1313,497,2236,1785,19.4099,5.4839
11632,387.733,1320,494,2232,1774,19.3238,1.7409
11633,387.767,1318,501,2230,1775,22.3032,1.8036
11634,387.800,1323,503,2233,1777,20.5630,0.7939
11635,387.833,1323,503,2232,1774,19.3484,0.7721
11636,387.867,1322,509,2232,1769,20.6160,4.3104
11637,387.900,1331,512,2233,1769,20.4242,2.5402
11638,387.933,1333,528,2230,1770,15.6650,9.0255
11639,387.967,1334,514,2233,1779,21.2787,10.9584
11640,388.000,1333,497,2248,1766,18.6919,7.2142
11641,388.033,1329,498,2252,1767,12.4355,7.1720
11642,388.067,1314,468,2246,1764,15.4164,6.5988
11643,388.100,1314,474,2245,1753,18.9564,2.9765
11644,388.133,1317,459,2255,1755,13.6236,8.4933
11645,388.167,1338,462,2251,1759,22.1087,-3.6118
11646,388.200,1320,515,2228,1771,19.0418,-2.7762
11647,388.233,1323,509,2232,1766,23.3299,-2.1319
11648,388.267,1318,536,2232,1801,19.5900,2.1925
11649,388.300,1326,526,2256,1810,14.0333,4.5441
11650,388.333,1337,524,2251,1803,20.2280,2.5848
11651,388.367,1359,531,2264,1806,20.0270,6.1734
11652,388.400,1383,536,2257,1773,17.7169,13.8555
11653,388.433,1385,532,2273,1784,17.9315,13.1789
11654,388.467,1384,527,2270,1775,13.2720,11.3239
11655,388.500,1393,518,2282,1778,9.2592,9.0992
11656,388.533,1388,516,2285,1786,7.5705,8.3635
11657,388.567,1399,526,2289,1787,6.2454,6.9380
11658,388.600,1407,531,2293,1789,10.3274,11.3942
11659,388.633,1405,523,2292,1792,13.7901,9.2020
11660,388.667,1408,523,2293,1786,13.7430,8.6505
11661,388.700,1411,529,2296,1782,11.8900,12.9197
11662,388.733,1410,528,2300,1783,12.9061,8.3798
11663,388.767,1406,525,2304,1788,12.8267,8.1236
11664,388.800,1406,525,2305,1788,12.1410,8.8959
11665,388.833,1405,523,2307,1792,11.1622,9.0986
11666,388.867,1407,516,2302,1785,29.0036,-7.3001
11667,388.900,1410,490,2306,1794,27.6187,-5.4149
11668,388.933,1415,494,2303,1787,25.1788,-9.3585
11669,388.967,1425,514,2297,1768,13.2361,7.3575
11670,389.000,1416,526,2296,1784,19.9522,10.7416
11671,389.033,1415,525,2297,1791,20.9965,10.5602
11672,389.067,1408,518,2296,1800,16.8051,12.7706
11673,389.100,1403,511,2294,1809,20.8815,9.6993
11674,389.133,1403,513,2295,1809,20.8769,10.7432
11675,389.167,1404,504,2296,1801,19.3045,11.6960
11676,389.200,1402,503,2296,1802,19.8389,12.4167
11677,389.233,1402,507,2296,1799,18.8860,10.3055
11678,389.267,1403,509,2297,1795,25.8253,10.0900
11679,389.300,1404,510,2299,1795,20.2492,10.2795
11680,389.333,1405,512,2296,1790,20.7243,10.7925
11681,389.367,1406,514,2298,1785,19.5316,9.0964
11682,389.400,1406,508,2299,1793,21.2693,9.9156
11683,389.433,1406,510,2300,1790,23.7874,9.3871
11684,389.467,1407,507,2296,1788,22.2591,8.7879
11685,389.500,1406,508,2294,1792,25.3137,9.7320
11686,389.533,1405,503,2302,1795,19.7796,7.8406
11687,389.567,1406,496,2305,1798,21.9051,7.5367
11688,389.600,1407,494,2306,1794,20.1164,9.1748
11689,389.633,1407,496,2305,1798,16.5179,12.2681
11690,389.667,1408,493,2305,1795,21.9433,11.1004
11691,389.700,1411,490,2308,1793,19.9078,9.1815
11692,389.733,1414,482,2311,1798,17.0149,10.0599
11693,389.767,1413,486,2313,1807,16.7165,6.8192
11694,389.800,1414,483,2313,1809,9.0468,10.7456
11695,389.833,1421,484,2315,1798,7.7529,9.9930
11696,389.867,1423,487,2315,1799,9.1791,8.8186
11697,389.900,1419,497,2315,1803,11.3649,6.9643
11698,389.933,1420,497,2316,1803,12.6755,6.3472
11699,389.967,1419,498,2320,1808,9.3116,8.8942
11700,390.000,1423,501,2317,1797,8.6836,7.8281
11701,390.033,1423,501,2319,1792,16.7023,9.1325
11702,390.067,1426,498,2318,1782,11.0132,7.4531
11703,390.100,1420,504,2317,1795,10.3498,5.0780
11704,390.133,1416,507,2312,1819,22.7074,8.4300
11705,390.167,1416,499,2312,1822,23.1113,7.2386
11706,390.200,1405,506,2302,1844,27.9618,7.8773
11707,390.233,1416,497,2306,1796,23.7680,8.9511
11708,390.267,1412,498,2299,1795,23.5517,9.7599
11709,390.300,1414,491,2302,1781,20.3514,7.0083
11710,390.333,1414,499,2295,1781,26.3931,8.8072
11711,390.367,1415,499,2294,1790,25.6505,10.2785
11712,390.400,1411,495,2281,1780,30.4037,9.0052
11713,390.433,1405,517,2272,1811,30.2599,6.6402
11714,390.467,1396,522,2262,1825,37.4249,5.8307
11715,390.500,1406,528,2267,1806,32.1586,6.1335
11716,390.533,1398,530,2268,1818,25.9546,4.0815
11717,390.567,1402,535,2270,1820,31.0054,7.1571
11718,390.600,1404,535,2291,1827,36.3985,8.2915
11719,390.633,1393,540,2300,1843,28.2269,0.9075
11720,390.667,1393,539,2294,1835,31.6534,4.1689
11721,390.700,1393,538,2302,1824,28.3899,7.2975
11722,390.733,1387,557,2298,1825,23.9945,4.6238
11723,390.767,1395,565,2305,1823,30.0568,-0.3482
11724,390.800,1394,582,2283,1827,33.2070,4.1889
11725,390.833,1388,600,2281,1854,32.3651,6.4567
11726,390.867,1393,604,2283,1852,31.5994,6.2781
11727,390.900,1395,584,2292,1854,30.5894,1.1236
11728,390.933,1396,557,2305,1848,31.5005,0.2955
11729,390.967,1388,557,2306,1843,37.7465,2.7756
11730,391.000,1399,544,2321,1839,32.7020,-1.3318
11731,391.033,1402,562,2321,1839,31.8933,5.4477
11732,391.067,1399,560,2323,1833,32.6358,4.7160
11733,391.100,1400,568,2330,1825,30.2225,4.6089
11734,391.133,1394,556,2321,1836,33.7639,7.9996
11735,391.167,1392,573,2329,1848,33.4395,6.6646
11736,391.200,1391,545,2326,1858,35.1397,6.0007
11737,391.233,1359,547,2301,1882,33.7146,-13.9676
11738,391.267,1364,545,2297,1897,35.7191,-11.9978
11739,391.300,1320,547,2271,1915,30.7077,-6.9319
11740,391.333,1327,554,2275,1914,30.3087,-4.5013
11741,391.367,1292,553,2269,1905,29.9413,-0.1277
11742,391.400,1281,564,2264,1917,25.5623,1.6433
11743,391.433,1275,571,2259,1918,21.1916,6.1962
11744,391.467,1258,610,2240,1907,27.9077,4.6027
11745,391.500,1257,615,2232,1908,29.3565,8.1599
11746,391.533,1256,606,2227,1908,28.0657,10.2271
11747,391.567,1247,529,2228,1909,20.4566,5.4869
11748,391.600,1250,460,2233,1911,17.6915,4.5697
11749,391.633,1254,477,2233,1896,17.7328,3.5975
11750,391.667,1260,483,2231,1886,21.4266,3.0099
11751,391.700,1258,470,2231,1872,18.4121,2.0604
11752,391.733,1254,468,2224,1861,19.0435,3.9768
11753,391.767,1274,462,2220,1876,20.0085,6.4698
11754,391.800,1270,460,2216,1871,18.4606,8.0210
11755,391.833,1273,464,2226,1864,16.3098,2.0645
11756,391.867,1269,463,2231,1860,16.0666,7.9432
11757,391.900,1279,480,2219,1893,16.3842,10.2415
11758,391.933,1282,481,2224,1901,20.2679,4.5072
11759,391.967,1287,474,2236,1884,12.3339,9.4642
11760,392.000,1310,491,2228,1875,16.8794,4.7400
11761,392.033,1308,480,2230,1856,15.6485,8.4809
11762,392.067,1316,515,2247,1831,10.7962,9.5153
11763,392.100,1307,510,2253,1859,7.4727,9.0060
11764,392.133,1311,517,2265,1863,8.2473,10.9447
11765,392.167,1326,537,2265,1841,3.9730,10.3358
11766,392.200,1351,570,2259,1805,8.6302,13.0148
11767,392.233,1348,552,2268,1823,14.2904,10.6053
11768,392.267,1351,556,2275,1824,10.4784,11.9793
11769,392.300,1355,567,2273,1818,6.5084,11.7894
11770,392.333,1362,570,2273,1814,9.0661,11.9038
11771,392.367,1353,570,2268,1813,7.9827,13.2897
11772,392.400,1346,553,2273,1844,10.1107,9.4534
11773,392.433,1345,561,2272,1836,10.4701,9.8479
11774,392.467,1342,561,2268,1844,7.6180,7.5526
11775,392.500,1338,565,2267,1853,16.4249,9.5031
11776,392.533,1345,561,2266,1843,12.7649,10.9402
11777,392.567,1343,543,2272,1850,9.0152,6.9868
11778,392.600,1352,549,2272,1848,12.2852,12.8405
11779,392.633,1351,542,2269,1851,12.0969,12.4762
11780,392.667,1354,546,2270,1830,8.4356,14.3413
11781,392.700,1366,566,2271,1827,5.9041,15.6998
11782,392.733,1370,577,2270,1823,5.4676,14.4217
11783,392.767,1367,558,2283,1829,-5.2757,13.0508
11784,392.800,1396,550,2299,1808,-3.6067,16.8748
11785,392.833,1395,538,2296,1807,-9.7661,15.9173
11786,392.867,1404,506,2303,1788,-4.9493,14.3324
11787,392.900,1413,505,2311,1804,-8.8960,17.8356
11788,392.933,1425,507,2335,1821,-9.4243,15.2168
11789,392.967,1426,495,2337,1821,-2.4645,13.6638
11790,393.000,1451,499,2358,1796,-4.1988,18.1106
11791,393.033,1493,499,2377,1759,-8.7223,17.2073
11792,393.067,1489,501,2379,1766,-7.2838,19.0444
11793,393.100,1523,510,2406,1739,-5.2708,19.1218
11794,393.133,1559,532,2437,1708,-11.3611,19.6876
11795,393.167,1563,522,2439,1702,-11.4521,16.5768
11796,393.200,1593,538,2452,1689,-9.3899,19.9249
11797,393.233,1607,538,2485,1694,-10.0984,20.1021
11798,393.267,1603,539,2485,1696,-11.8159,21.4990
11799,393.300,1617,529,2487,1677,-8.2576,20.2890
11800,393.333,1632,526,2506,1681,-9.4880,21.9706
11801,393.367,1634,534,2511,1679,-11.0170,22.8749
11802,393.400,1641,518,2514,1681,-9.9508,20.8760
11803,393.433,1634,508,2518,1695,-9.3231,21.9561
11804,393.467,1630,511,2523,1706,-10.8969,21.8601
11805,393.500,1619,494,2514,1710,-1.7452,15.5396
11806,393.533,1612,508,2498,1722,22.3520,14.0888
11807,393.567,1612,515,2494,1724,22.8320,14.3479
11808,393.600,1600,520,2463,1710,25.6590,18.1112
11809,393.633,1575,515,2442,1743,19.1134,14.2351
11810,393.667,1585,500,2447,1746,18.1808,17.0018
11811,393.700,1569,491,2430,1748,20.5309,17.1368
11812,393.733,1548,496,2429,1790,25.8605,14.3440
11813,393.767,1549,487,2428,1780,28.5096,14.6026
11814,393.800,1523,500,2422,1779,24.1736,13.4418
11815,393.833,1506,514,2414,1763,23.6104,14.1337
11816,393.867,1499,501,2415,1772,25.7474,15.6872
11817,393.900,1488,524,2404,1749,26.3536,16.0261
11818,393.933,1473,513,2382,1760,30.7827,14.7024
11819,393.967,1469,512,2380,1759,27.3541,15.2430
11820,394.000,1445,489,2364,1759,29.4234,14.5866
11821,394.033,1440,502,2363,1759,31.3931,16.0400
11822,394.067,1441,490,2363,1766,29.9198,9.9000
11823,394.100,1441,490,2353,1755,28.5662,11.2975
11824,394.133,1443,463,2356,1737,25.3545,11.4366
11825,394.167,1440,457,2354,1743,21.2631,10.8225
11826,394.200,1434,463,2365,1766,20.0642,12.6366
11827,394.233,1427,477,2378,1777,21.8570,8.7848
11828,394.267,1427,487,2379,1778,20.0129,12.4093
11829,394.300,1430,477,2369,1753,15.6162,13.0490
11830,394.333,1433,472,2354,1734,19.5219,5.2179
11831,394.367,1435,478,2352,1738,16.8107,4.2653
11832,394.400,1446,480,2349,1743,19.5215,11.2578
11833,394.433,1448,465,2340,1729,20.0267,9.4034
11834,394.467,1448,473,2342,1722,18.9300,9.8339
11835,394.500,1450,476,2354,1734,17.0886,8.2184
11836,394.533,1474,478,2372,1717,-3.7442,12.4042
11837,394.567,1472,478,2371,1716,-1.1110,9.9796
11838,394.600,1503,463,2402,1712,-8.6623,13.3870
11839,394.633,1509,462,2402,1706,-8.4171,13.5992
11840,394.667,1544,441,2429,1705,-3.6709,11.2692
11841,394.700,1594,479,2455,1690,-4.3129,14.3440
11842,394.733,1599,467,2446,1684,-9.1770,13.8593
11843,394.767,1646,455,2532,1708,-15.2656,4.9730
11844,394.800,1686,451,2618,1703,-23.5962,10.8820
11845,394.833,1693,461,2616,1689,-21.5756,13.6623
11846,394.867,1749,400,2675,1708,-35.0442,6.6115
11847,394.900,1814,386,2711,1745,-44.1883,5.3431
11848,394.933,1805,402,2710,1753,-45.9427,7.4810
11849,394.967,1857,394,2766,1758,-50.0920,2.9396
11850,395.000,1876,473,2810,1790,-52.4188,4.5142
11851,395.033,1882,485,2811,1787,-52.8550,4.1947
11852,395.067,1901,482,2834,1824,-56.8014,3.2131
11853,395.100,1890,479,2847,1821,-56.9592,0.7909
11854,395.133,1889,482,2845,1815,-56.0226,-1.6779
11855,395.167,1923,492,2873,1816,-51.9578,5.6030
11856,395.200,1953,502,2908,1825,-56.3748,1.6345
11857,395.233,1984,477,2919,1820,-52.9035,4.7983
11858,395.267,2036,418,2934,1831,-57.6581,0.7934
11859,395.300,2027,420,2939,1839,-60.8249,-0.3765
11860,395.333,2024,450,2943,1842,-57.4422,-1.0684
11861,395.367,2008,473,2932,1818,-63.0920,-0.7747
11862,395.400,2026,468,2941,1821,-59.6519,1.3183
11863,395.433,2027,471,2945,1825,-57.9807,2.4230
11864,395.467,2067,454,2975,1831,-59.7326,3.4057
11865,395.500,2066,439,2980,1840,-60.5248,1.8997
11866,395.533,2061,439,2978,1849,-58.2535,0.7160
11867,395.567,2071,455,2993,1853,-62.9814,0.9862
11868,395.600,2062,445,2991,1858,-59.6492,-0.9605
11869,395.633,2081,455,3002,1848,-59.4323,-2.1760
11870,395.667,2091,449,3009,1845,-63.7533,-0.0201
11871,395.700,2082,479,2990,1812,-51.1219,-4.6611
11872,395.733,2093,493,2990,1807,-52.7385,-1.8968
11873,395.767,2093,497,2989,1803,-52.5394,-3.4987
11874,395.800,2089,490,2985,1806,-56.9899,-4.6754
11875,395.833,2091,496,2986,1804,-60.2116,-1.7346
11876,395.867,2087,497,2989,1807,-58.8851,1.1773
11877,395.900,2085,520,2995,1820,-60.1319,0.6938
11878,395.933,2083,518,2995,1821,-62.6585,3.7806
11879,395.967,2077,515,2996,1822,-64.2721,3.7677
11880,396.000,2073,518,2998,1825,-61.0469,5.1669
11881,396.033,2071,521,2997,1824,-62.2479,2.4503
11882,396.067,2067,518,2995,1827,-61.3983,5.4749
11883,396.100,2070,513,2993,1821,-65.3105,0.6850
11884,396.133,2067,513,2992,1825,-65.8153,0.6263
11885,396.167,2065,500,2989,1829,-58.8675,0.9801
11886,396.200,2056,491,2983,1829,-62.1386,0.5087
11887,396.233,2062,488,2983,1830,-61.1473,-1.7325
11888,396.267,2057,478,2977,1828,-59.9479,2.0534
11889,396.300,2053,478,2970,1826,-61.4126,1.1368
11890,396.333,2044,484,2966,1833,-64.2893,0.8963
11891,396.367,2044,489,2965,1834,-59.9414,0.6162
11892,396.400,2045,488,2963,1832,-62.9077,3.6918
11893,396.433,2045,490,2962,1829,-61.7517,2.9934
11894,396.467,2043,493,2961,1829,-61.0791,3.5421
11895,396.500,2046,500,2961,1821,-62.8058,2.5574
11896,396.533,2047,503,2959,1826,-65.0121,2.6623
11897,396.567,2048,500,2958,1822,-62.8595,4.0910
11898,396.600,2050,503,2958,1822,-61.4812,3.0723
11899,396.633,2048,498,2957,1819,-58.9016,6.4796
11900,396.667,2048,504,2956,1821,-59.6875,3.4822
11901,396.700,2047,496,2954,1824,-63.2773,2.5467
11902,396.733,2046,498,2953,1829,-62.7805,2.7880
11903,396.767,2044,497,2952,1828,-60.5568,4.0782
11904,396.800,2040,490,2953,1835,-60.5585,3.8687
11905,396.833,2042,487,2951,1832,-59.6446,1.3764
11906,396.867,2035,486,2946,1831,-62.0712,2.2446
11907,396.900,2024,485,2949,1841,-59.1958,3.9700
11908,396.933,2024,493,2949,1840,-57.3250,6.3987
11909,396.967,2025,503,2944,1829,-58.7350,6.5127
11910,397.000,2023,503,2943,1830,-58.4079,4.2390
11911,397.033,2020,500,2943,1831,-57.8028,2.5478
11912,397.067,2020,504,2942,1831,-61.8354,3.6820
11913,397.100,2018,498,2940,1827,-61.6318,5.6038
11914,397.133,2021,512,2934,1820,-59.1946,4.1646
11915,397.167,2019,512,2933,1819,-60.3314,2.5770
11916,397.200,2018,511,2933,1819,-61.2191,2.7078
11917,397.233,2018,511,2933,1819,-61.0313,2.7449
11918,397.267,2018,511,2933,1819,-61.1737,2.8869
11919,397.300,2017,510,2932,1819,-61.9647,1.7684
11920,397.333,2016,507,2932,1819,-61.4702,3.9918
11921,397.367,2016,508,2932,1819,-61.4579,3.1489
11922,397.400,2014,508,2930,1818,-62.9537,4.5305
11923,397.433,2013,502,2930,1818,-60.9380,3.7346
11924,397.467,2012,500,2932,1820,-60.2776,3.5372
11925,397.500,2012,498,2932,1819,-60.6820,3.2071
11926,397.533,2010,500,2932,1820,-59.7706,3.3944
11927,397.567,2009,495,2931,1819,-58.6531,4.2489
11928,397.600,2010,496,2931,1820,-59.6202,4.5393
11929,397.633,2010,496,2931,1820,-59.6016,4.6959
11930,397.667,2010,493,2932,1821,-60.5877,4.6513
11931,397.700,2011,496,2932,1821,-61.1558,2.8493
11932,397.733,2010,496,2931,1820,-60.5654,2.0892
11933,397.767,2010,494,2932,1820,-58.1845,0.7768
11934,397.800,2010,491,2932,1819,-60.2608,0.1007
11935,397.833,2009,491,2931,1819,-58.9644,-0.0103
11936,397.867,2007,495,2929,1820,-60.4237,3.8566
11937,397.900,2006,497,2933,1821,-61.9336,-0.5007
11938,397.933,2003,501,2934,1822,-59.1140,1.8191
11939,397.967,2002,501,2933,1824,-58.8118,-1.1183
11940,398.000,1999,498,2933,1826,-59.8769,-0.4122
11941,398.033,2002,495,2933,1825,-60.2231,2.7729
11942,398.067,2001,503,2934,1828,-59.5209,4.0497
11943,398.100,1998,508,2931,1824,-61.4881,4.1091
11944,398.133,1997,507,2931,1825,-61.7578,3.3935
11945,398.167,1995,501,2925,1822,-60.7832,2.2744
11946,398.200,1990,499,2921,1820,-60.5716,0.6704
11947,398.233,1990,502,2921,1821,-59.1803,2.2819
11948,398.267,1989,497,2920,1821,-60.0800,1.3772
11949,398.300,1983,487,2925,1830,-57.0173,2.4402
11950,398.333,1983,485,2925,1830,-59.9840,3.7966
11951,398.367,1984,486,2925,1831,-58.3079,3.2101
11952,398.400,1984,485,2925,1829,-61.1265,4.1836
11953,398.433,1984,483,2924,1829,-58.7245,2.2150
11954,398.467,1982,487,2924,1830,-58.1402,0.8474
11955,398.500,1981,487,2924,1830,-58.6823,1.9642
11956,398.533,1982,484,2924,1830,-59.1688,0.9247
11957,398.567,1980,480,2924,1829,-59.6414,-1.0952
11958,398.600,2024,453,2941,1820,-63.9738,4.1730
11959,398.633,2023,452,2941,1822,-62.9273,4.9386
11960,398.667,2023,450,2941,1823,-62.0179,3.5830
11961,398.700,2021,447,2940,1824,-63.1975,4.8109
11962,398.733,2021,445,2940,1824,-63.0134,3.6532
11963,398.767,2017,449,2939,1821,-62.6481,4.5074
11964,398.800,2018,450,2938,1822,-61.5031,5.3972
11965,398.833,1980,470,2919,1827,-61.4551,2.3266
11966,398.867,1978,466,2916,1826,-59.7087,3.2529
11967,398.900,1970,467,2912,1831,-52.5776,7.0062
11968,398.933,1987,461,2923,1827,-58.5425,4.1853
11969,398.967,1985,476,2917,1825,-48.8945,-0.3335
11970,399.000,1957,494,2909,1838,-36.7470,5.0914
11971,399.033,1957,488,2910,1839,-39.3430,7.6051
11972,399.067,1974,480,2917,1823,-38.0262,10.3576
11973,399.100,1951,497,2909,1839,-40.7887,5.9121
11974,399.133,1949,501,2907,1838,-40.6977,2.1608
11975,399.167,1948,512,2903,1833,-38.7812,0.5574
11976,399.200,1941,518,2901,1834,-38.0061,6.3822
11977,399.233,1936,506,2899,1839,-38.1463,5.9283
11978,399.267,1933,504,2892,1839,-33.8241,4.9987
11979,399.300,1943,483,2895,1822,-37.3037,9.5778
11980,399.333,1915,496,2874,1838,-36.8223,7.1925
11981,399.367,1929,499,2864,1811,-41.9497,10.2335
11982,399.400,1924,486,2866,1811,-42.3207,10.2163
11983,399.433,1906,485,2848,1821,-38.5682,6.3491
11984,399.467,1894,474,2811,1851,-33.1464,0.7840
11985,399.500,1862,445,2790,1880,-41.9944,-2.7305
11986,399.533,1824,446,2784,1860,-33.9566,-5.2063
11987,399.567,1823,438,2787,1866,-32.7552,-7.9737
11988,399.600,1812,444,2789,1861,-35.6414,-6.3485
11989,399.633,1858,457,2789,1850,-41.2451,-3.3723
11990,399.667,1857,455,2787,1853,-41.0850,-2.8873
11991,399.700,1858,453,2787,1847,-40.2975,-3.6906
11992,399.733,1887,550,2828,1883,-56.3888,-5.7553
11993,399.767,1917,536,2852,1868,-59.4861,-4.2934
11994,399.800,1983,499,2873,1848,-63.1019,-2.9408
11995,399.833,1983,514,2874,1851,-62.2355,-3.0961
11996,399.867,1958,540,2893,1829,-63.9573,-0.9753
11997,399.900,1985,551,2900,1809,-59.9027,-0.6633
11998,399.933,1990,533,2915,1839,-59.4626,-2.5061
11999,399.967,1992,542,2912,1822,-57.8179,-1.2306
12000,400.000,2000,522,2919,1832,-59.5494,-1.1288
12001,400.033,2028,487,2923,1861,-61.0649,-4.2386
12002,400.067,2024,549,2926,1856,-63.3166,-2.4678
12003,400.100,2035,541,2931,1833,-65.8595,-2.9188
12004,400.133,2035,534,2933,1836,-60.6963,-2.1628
12005,400.167,2050,524,2942,1849,-63.2569,-0.8973
12006,400.200,2031,521,2934,1845,-58.5924,-2.0379
12007,400.233,2011,512,2935,1853,-56.0890,-3.5440
12008,400.267,2029,504,2931,1865,-57.3680,-0.2961
12009,400.300,2027,494,2929,1872,-59.0119,-4.2762
12010,400.333,2026,488,2930,1868,-59.1600,-2.7329
12011,400.367,2027,499,2919,1882,-62.8388,-5.2377
12012,400.400,2000,514,2911,1882,-60.6179,-7.3941
12013,400.433,1960,534,2881,1865,-49.1828,-13.2460
12014,400.467,1957,523,2880,1864,-52.4371,-15.8815
12015,400.500,1914,484,2825,1808,-42.9208,-8.3163
12016,400.533,1844,498,2776,1811,-32.5393,-6.9593
12017,400.567,1811,486,2752,1778,-21.0370,1.8426
12018,400.600,1786,450,2745,1808,-16.0279,2.6723
12019,400.633,1740,512,2737,1860,-16.1130,8.1090
12020,400.667,1731,496,2685,1828,-16.5775,5.9632
12021,400.700,1699,515,2686,1891,-14.7349,5.7941
12022,400.733,1699,493,2629,1839,-7.8212,5.0025
12023,400.767,1688,510,2610,1803,-11.2470,11.6137
12024,400.800,1669,432,2613,1814,-9.7264,2.5352
12025,400.833,1669,475,2583,1780,-9.4243,9.4542
12026,400.867,1633,450,2579,1797,-6.0826,7.3096
12027,400.900,1619,453,2558,1809,-2.8450,6.2681
12028,400.933,1608,443,2547,1798,-3.6189,7.0776
12029,400.967,1598,490,2511,1803,3.5346,6.2311
12030,401.000,1588,507,2477,1772,8.5215,3.4886
12031,401.033,1583,504,2467,1798,7.4410,6.0812
12032,401.067,1566,491,2448,1767,8.1165,5.3224
12033,401.100,1555,490,2442,1767,12.1487,10.0011
12034,401.133,1540,485,2436,1756,9.9912,8.0194
12035,401.167,1527,527,2426,1768,12.2462,8.5257
12036,401.200,1513,521,2418,1745,10.4270,9.4100
12037,401.233,1495,521,2409,1774,12.9101,8.0469
12038,401.267,1475,509,2397,1772,7.1481,9.6768
12039,401.300,1446,530,2368,1784,7.7124,7.4905
12040,401.333,1435,488,2392,1774,6.8355,7.2746
12041,401.367,1428,497,2338,1795,10.5201,4.9218
12042,401.400,1413,483,2334,1793,11.3629,8.9976
12043,401.433,1390,483,2329,1812,8.7252,7.1156
12044,401.467,1388,473,2288,1774,7.4430,8.0955
12045,401.500,1351,510,2294,1794,9.6313,4.8633
12046,401.533,1340,516,2295,1805,8.9536,3.5835
12047,401.567,1310,512,2299,1836,10.9707,6.1123
12048,401.600,1320,509,2300,1809,10.3992,4.5921
12049,401.633,1316,507,2289,1810,9.0873,4.4709
12050,401.667,1314,494,2287,1804,8.5649,4.9538
12051,401.700,1304,501,2283,1818,4.2957,9.5461
12052,401.733,1301,484,2281,1817,9.0327,7.0291
12053,401.767,1287,495,2263,1812,10.8078,11.7172
12054,401.800,1283,482,2259,1819,10.3236,9.4979
12055,401.833,1270,486,2250,1819,6.7547,11.8091
12056,401.867,1270,483,2246,1819,7.8163,8.4126
12057,401.900,1270,488,2238,1813,11.1591,11.9075
12058,401.933,1265,485,2236,1807,14.4000,13.4207
12059,401.967,1263,483,2240,1799,16.9863,7.9212
12060,402.000,1265,499,2236,1780,12.2115,9.8156
12061,402.033,1261,498,2231,1779,9.6874,9.7067
12062,402.067,1261,501,2231,1764,15.2870,8.4618
12063,402.100,1252,482,2246,1771,21.7993,9.2562
12064,402.133,1262,500,2229,1775,18.6215,6.1978
12065,402.167,1263,499,2229,1773,15.3177,8.6982
12066,402.200,1263,497,2232,1768,11.1742,8.3982
12067,402.233,1263,496,2236,1770,18.5338,9.2979
12068,402.267,1262,496,2238,1769,26.7173,11.0814
12069,402.300,1263,495,2240,1768,23.5060,8.9737
12070,402.333,1264,497,2240,1764,26.7188,7.2014
12071,402.367,1265,494,2239,1761,25.2122,9.1595
12072,402.400,1265,496,2240,1764,24.9644,9.0778
12073,402.433,1266,494,2240,1766,24.4152,7.0900
12074,402.467,1266,487,2241,1766,25.8546,6.5902
12075,402.500,1267,485,2240,1767,29.1180,7.4897
12076,402.533,1267,485,2240,1768,30.2742,6.4104
12077,402.567,1266,484,2239,1768,25.3806,9.1629
12078,402.600,1267,483,2240,1769,27.7914,8.8954
12079,402.633,1266,485,2238,1767,27.8176,8.6670
12080,402.667,1265,483,2239,1768,26.3388,10.3638
12081,402.700,1265,482,2237,1776,23.7555,10.1420
12082,402.733,1265,484,2236,1775,30.4588,10.4560
12083,402.767,1264,483,2237,1790,29.5498,10.9989
12084,402.800,1260,483,2229,1785,27.7284,9.6844
12085,402.833,1255,485,2225,1794,27.1445,8.1293
12086,402.867,1257,485,2223,1767,29.3053,7.1343
12087,402.900,1261,514,2207,1739,25.9178,7.3584
12088,402.933,1267,498,2241,1745,29.5949,7.5328
12089,402.967,1265,477,2238,1757,28.5837,4.5690
12090,403.000,1264,479,2238,1756,30.5160,6.6944
12091,403.033,1264,480,2233,1754,29.7808,5.6271
12092,403.067,1274,472,2235,1719,26.6366,6.1315
12093,403.100,1285,495,2222,1715,27.6795,6.9935
12094,403.133,1291,474,2228,1726,31.1623,8.6190
12095,403.167,1314,482,2244,1727,7.3121,11.6236
12096,403.200,1331,474,2254,1711,10.3704,13.4546
12097,403.233,1346,485,2263,1711,9.4104,15.5668
12098,403.267,1361,499,2276,1728,8.8328,12.3482
12099,403.300,1371,531,2283,1734,11.2553,18.5509
12100,403.333,1392,521,2289,1721,4.9776,14.6816
12101,403.367,1416,521,2303,1713,1.9146,13.7635
12102,403.400,1435,525,2325,1693,2.4967,17.9298
12103,403.433,1440,491,2336,1688,-14.0593,14.7733
12104,403.467,1470,482,2373,1652,-12.0622,13.5392
12105,403.500,1474,472,2402,1686,-13.6372,13.6295
12106,403.533,1496,471,2412,1695,-12.8418,15.9564
12107,403.567,1514,470,2430,1698,-15.2871,12.0040
12108,403.600,1533,458,2449,1697,-13.3541,12.7069
12109,403.633,1561,460,2490,1718,-19.8679,8.9657
12110,403.667,1570,413,2555,1738,-21.0496,7.6626
12111,403.700,1621,404,2613,1725,-22.9703,7.8329
12112,403.733,1624,445,2642,1715,-20.9715,8.9177
12113,403.767,1621,465,2685,1778,-22.4322,8.8411
12114,403.800,1634,444,2695,1785,-24.3875,9.0657
12115,403.833,1627,395,2701,1804,-24.3490,8.1115
12116,403.867,1611,401,2699,1804,-24.3172,12.3150
12117,403.900,1584,418,2692,1790,-22.4716,7.9765
12118,403.933,1566,431,2689,1780,-21.7394,3.8509
12119,403.967,1568,423,2672,1776,-25.0704,3.0588
12120,404.000,1553,380,2658,1737,-27.7120,0.9397
12121,404.033,1508,304,2634,1741,-22.3756,7.2599
12122,404.067,1467,268,2597,1691,-22.9229,8.1664
12123,404.100,1387,243,2573,1686,-20.7327,12.3992
12124,404.133,1352,238,2518,1687,-22.9089,14.3424
12125,404.167,1311,170,2505,1665,-16.9927,21.2516
12126,404.200,1251,144,2464,1665,-14.3276,21.3864
12127,404.233,1204,160,2415,1644,-13.7718,24.5662
12128,404.267,1174,193,2374,1679,-15.6341,26.2874
12129,404.300,1100,140,2349,1697,-15.8201,17.9872
12130,404.333,1067,148,2287,1730,-16.0289,19.1057
12131,404.367,1054,172,2249,1746,-13.1441,13.7194
12132,404.400,994,215,2185,1731,-5.0431,15.8395
12133,404.433,907,255,2159,1795,-8.0150,13.7038
12134,404.467,818,282,2128,1780,-7.8015,19.6226
12135,404.500,755,249,2096,1818,-1.3418,20.7575
12136,404.533,709,279,2066,1851,-1.9353,21.3010
12137,404.567,664,271,2022,1858,4.5545,14.2518
12138,404.600,627,267,2018,1875,-3.4731,20.2143
12139,404.633,606,261,1990,1856,8.1202,17.7758
12140,404.667,596,277,1998,1861,4.8021,21.7945
12141,404.700,590,253,1979,1852,5.8864,17.1835
12142,404.733,590,260,1958,1859,7.8279,15.6940
12143,404.767,572,234,1959,1897,8.5738,13.5983
12144,404.800,539,224,1942,1894,2.3030,10.4570
12145,404.833,562,195,1951,1895,-1.6530,12.0810
12146,404.867,542,170,1940,1920,6.4267,18.2700
12147,404.900,511,200,1934,1899,6.7851,16.9218
12148,404.933,514,191,1933,1905,4.6417,19.8282
12149,404.967,521,174,1921,1898,3.3114,12.5311
12150,405.000,503,196,1893,1927,0.8104,19.8563
12151,405.033,487,187,1908,1930,4.1448,21.4844
12152,405.067,493,197,1916,1963,3.6734,23.0069
12153,405.100,488,202,1907,1948,7.1465,23.5138
12154,405.133,502,209,1930,1995,9.2253,21.8555
12155,405.167,504,229,1931,2001,8.2476,15.0084
12156,405.200,579,191,1971,2001,6.3477,18.1914
12157,405.233,577,190,1980,2006,8.9381,17.2456
12158,405.267,579,190,1979,2001,8.4347,19.1120
12159,405.300,619,237,1980,2000,18.0597,10.8282
12160,405.333,626,245,1983,1999,15.6834,17.7922
12161,405.367,626,245,1983,1999,15.6834,17.7922
12162,405.400,626,245,1983,1999,15.6834,17.7922
12163,405.433,626,247,1984,2001,13.9633,19.3704
12164,405.467,625,235,1988,2001,13.2794,18.5234
12165,405.500,625,236,1987,2000,14.3696,19.0262
12166,405.533,625,235,1988,2000,14.1079,20.1830
12167,405.567,693,204,2032,2013,18.9967,17.9006
12168,405.600,691,190,2032,2010,18.6222,15.9124
12169,405.633,692,215,2030,2012,18.6365,15.8091
12170,405.667,677,193,2041,2070,21.6223,9.3012
12171,405.700,674,163,2043,2073,22.0224,7.6298
12172,405.733,674,170,2043,2075,25.8946,7.1924
12173,405.767,649,227,2033,2048,27.4942,9.7525
12174,405.800,655,221,2038,2058,24.7985,9.2800
12175,405.833,659,247,2034,2064,24.1184,10.0507
12176,405.867,651,199,2033,1993,27.8642,10.4531
12177,405.900,648,198,2030,1994,33.3192,12.4342
12178,405.933,647,198,2025,1992,32.8383,12.2416
12179,405.967,634,196,2013,1963,32.7658,12.7684
12180,406.000,684,166,2051,1961,36.3261,14.5073
12181,406.033,683,167,2049,1957,35.3549,12.4261
12182,406.067,684,174,2048,1959,37.5924,15.0394
12183,406.100,688,174,2044,1957,36.9019,13.6085
12184,406.133,718,178,2083,2004,29.1113,13.3437
12185,406.167,716,169,2076,2002,25.0101,13.2739
12186,406.200,714,218,2067,1986,28.1866,12.2970
12187,406.233,727,226,2041,2017,23.8595,7.3995
12188,406.267,703,234,2054,2056,20.5898,10.5786
12189,406.300,708,223,2054,2022,26.7069,11.9908
12190,406.333,709,212,2061,2046,23.2836,9.3891
12191,406.367,705,201,2073,2044,21.4032,11.0145
12192,406.400,695,208,2077,2055,16.3036,14.8736
12193,406.433,695,216,2076,2049,17.2134,14.0932
12194,406.467,696,235,2071,2047,18.0794,15.5309
12195,406.500,712,199,2061,1984,17.5879,19.0598
12196,406.533,701,176,2076,1989,16.5376,17.8632
12197,406.567,733,174,2079,1951,21.2269,20.5079
12198,406.600,745,157,2078,1928,7.4950,18.8694
12199,406.633,765,152,2087,1937,2.7412,20.1232
12200,406.667,763,155,2091,1943,1.9901,17.9652
12201,406.700,761,144,2097,1947,0.1709,19.5907
12202,406.733,774,169,2085,1936,3.5835,19.2025
12203,406.767,810,196,2115,1935,-5.1926,21.2841
12204,406.800,816,201,2114,1929,-6.0371,21.2817
12205,406.833,819,206,2110,1918,-6.3466,21.9188
12206,406.867,839,335,2107,1999,-7.0964,16.0940
12207,406.900,829,293,2122,1998,-4.2838,16.3087
12208,406.933,823,277,2120,2040,-2.3157,13.5827
12209,406.967,825,323,2138,2026,-4.9812,13.4209
12210,407.000,826,304,2139,2030,-6.1776,12.8321
12211,407.033,834,316,2139,2028,-7.8247,10.6807
12212,407.067,836,254,2172,2058,-9.8915,11.8721
12213,407.100,843,260,2163,2045,-10.1091,13.1805
12214,407.133,892,237,2162,1984,-11.6114,19.3467
12215,407.167,883,218,2185,1983,-16.8749,17.4960
12216,407.200,886,230,2185,1966,-11.7079,18.8927
12217,407.233,892,229,2178,1964,-10.2506,19.1289
12218,407.267,922,186,2206,1979,-16.8310,16.4084
12219,407.300,920,229,2203,1990,-10.2805,21.3498
12220,407.333,914,206,2203,1987,-16.1485,18.6569
12221,407.367,917,163,2200,1949,-14.8098,16.2213
12222,407.400,929,199,2188,1927,-13.9513,14.3926
12223,407.433,899,222,2198,1992,-12.8772,13.8858
12224,407.467,892,194,2203,2007,-16.5302,12.9503
12225,407.500,888,160,2205,2002,-14.3672,12.3526
12226,407.533,858,165,2206,2017,-13.0034,17.2408
12227,407.567,815,247,2226,2034,-12.4132,17.6073
12228,407.600,831,194,2220,2033,-7.2816,16.5513
12229,407.633,811,198,2219,2019,5.5192,11.8925
12230,407.667,814,132,2214,2033,8.8831,12.6616
12231,407.700,815,149,2206,2037,4.4247,16.3553
12232,407.733,815,177,2174,2066,13.1631,14.3837
12233,407.767,826,197,2162,2068,11.4845,12.9196
12234,407.800,826,195,2165,2078,12.8184,10.1083
12235,407.833,830,201,2170,2094,13.1766,14.2220
12236,407.867,837,198,2186,2090,11.0161,12.7193
12237,407.900,841,197,2179,2105,13.2277,12.4822
12238,407.933,855,187,2193,2092,10.7575,11.8614
12239,407.967,853,186,2194,2091,15.1156,12.2571
12240,408.000,865,173,2222,2083,16.0823,8.8715
12241,408.033,899,209,2235,2059,14.3745,8.8123
12242,408.067,897,208,2235,2055,15.2720,9.0401
12243,408.100,931,203,2279,2055,16.2089,10.5584
12244,408.133,943,149,2318,2104,13.7139,13.1994
12245,408.167,943,163,2322,2108,13.0909,12.4073
12246,408.200,951,172,2305,2069,7.7549,6.1944
12247,408.233,939,185,2310,2085,9.2479,10.8729
12248,408.267,945,181,2310,2076,11.2241,7.5605
12249,408.300,950,168,2317,2067,9.0186,10.4756
12250,408.333,966,170,2330,2071,11.6824,6.8495
12251,408.367,963,179,2306,2050,10.1817,6.6169
12252,408.400,964,183,2308,2049,8.5624,8.9959
12253,408.433,966,194,2316,2057,9.4794,6.7248
12254,408.467,969,212,2315,2057,13.2021,12.7990
12255,408.500,979,205,2317,2063,13.5502,9.3335
12256,408.533,986,211,2331,2056,7.4836,11.7023
12257,408.567,988,233,2325,2060,12.2370,11.9796
12258,408.600,1024,175,2355,2040,8.6490,7.9123
12259,408.633,1046,205,2357,2051,10.3089,8.6277
12260,408.667,1045,174,2364,2034,8.7336,12.1647
12261,408.700,1062,212,2376,2046,2.1330,12.8430
12262,408.733,1086,225,2405,2020,5.8489,8.2980
12263,408.767,1065,216,2400,2018,6.1161,8.8849
12264,408.800,1105,218,2439,2002,2.3685,11.0649
12265,408.833,1122,195,2451,1996,5.6608,13.0410
12266,408.867,1121,200,2451,2005,5.2398,12.4899
12267,408.900,1115,195,2478,2025,1.0231,15.0531
12268,408.933,1134,213,2485,2013,1.4816,16.0270
12269,408.967,1135,216,2482,2017,2.5388,15.2067
12270,409.000,1158,216,2478,2018,0.8006,7.7227
12271,409.033,1185,217,2487,1994,5.8704,11.6913
12272,409.067,1210,218,2487,1955,-0.1094,11.8893
12273,409.100,1222,219,2495,1913,3.5839,9.9856
12274,409.133,1230,211,2501,1900,-2.4664,12.7622
12275,409.167,1231,229,2490,1888,-2.6928,13.7520
12276,409.200,1224,209,2497,1818,-1.7248,14.4303
12277,409.233,1214,214,2505,1860,4.8029,18.7702
12278,409.267,1215,211,2502,1865,6.2815,14.4398
12279,409.300,1200,207,2510,1892,6.9508,14.2894
12280,409.333,1202,201,2510,1881,6.6695,17.2645
12281,409.367,1199,218,2510,1870,5.8525,14.3579
12282,409.400,1215,208,2523,1839,4.0147,11.4721
12283,409.433,1196,252,2546,1885,5.0668,15.4815
12284,409.467,1207,251,2569,1867,9.0700,11.0536
12285,409.500,1228,239,2581,1917,6.5277,14.7033
12286,409.533,1223,240,2573,1915,3.7987,12.5395
12287,409.567,1223,233,2569,1927,5.1306,14.7654
12288,409.600,1216,232,2560,1899,11.2184,10.6480
12289,409.633,1219,232,2550,1906,21.2086,19.6175
12290,409.667,1176,225,2554,1879,25.0373,14.4208
12291,409.700,1175,218,2548,1884,15.3934,13.6549
12292,409.733,1180,225,2567,1851,12.2189,14.0791
12293,409.767,1226,230,2593,1829,21.1514,16.0772
12294,409.800,1227,206,2594,1816,19.0520,17.0787
12295,409.833,1237,230,2623,1846,16.5059,21.5992
12296,409.867,1258,243,2650,1857,22.7574,15.8505
12297,409.900,1254,249,2654,1859,20.0395,21.3918
12298,409.933,1263,205,2668,1828,21.3176,23.1025
12299,409.967,1279,215,2689,1815,24.2208,16.3009
12300,410.000,1279,216,2692,1826,22.9503,18.8038
12301,410.033,1299,225,2711,1802,23.5904,22.2093
12302,410.067,1362,231,2732,1767,24.3186,20.8038
12303,410.100,1376,241,2726,1788,18.8779,19.6758
12304,410.133,1443,269,2717,1753,19.7416,14.5992
12305,410.167,1455,317,2728,1770,21.5609,15.8429
12306,410.200,1459,318,2723,1763,23.1246,13.9557
12307,410.233,1531,329,2751,1783,19.3329,13.0438
12308,410.267,1563,417,2765,1808,24.0923,14.7724
12309,410.300,1564,415,2768,1814,23.3089,12.6344
12310,410.333,1623,417,2790,1824,16.7143,17.7026
12311,410.367,1654,401,2805,1846,14.3774,13.1163
12312,410.400,1672,387,2794,1832,13.9691,15.3076
12313,410.433,1693,421,2825,1846,20.8302,9.7388
12314,410.467,1721,428,2824,1858,11.1098,11.2182
12315,410.500,1736,427,2822,1852,12.2621,8.4729
12316,410.533,1762,430,2833,1818,10.7210,13.4489
12317,410.567,1767,425,2844,1810,10.8329,13.7841
12318,410.600,1774,432,2847,1802,11.9789,16.1636
12319,410.633,1781,428,2860,1799,10.0523,15.2237
12320,410.667,1794,440,2867,1805,13.1166,11.2498
12321,410.700,1797,442,2866,1800,11.7552,14.0226
12322,410.733,1809,421,2873,1777,7.0406,19.7140
12323,410.767,1801,412,2879,1824,2.1231,12.1757
12324,410.800,1802,420,2876,1827,3.7005,13.7986
12325,410.833,1800,438,2862,1842,6.3008,9.2448
12326,410.867,1810,441,2861,1833,6.1556,1.3464
12327,410.900,1820,433,2860,1826,5.8441,9.1126
12328,410.933,1825,440,2853,1819,4.3790,7.0232
12329,410.967,1826,460,2854,1843,2.8362,9.3218
12330,411.000,1831,444,2856,1843,4.0997,5.6785
12331,411.033,1825,411,2858,1885,-6.1410,8.3806
12332,411.067,1816,386,2859,1855,-4.1850,7.5609
12333,411.100,1840,382,2845,1842,-9.1263,9.7715
12334,411.133,1843,419,2849,1828,-8.8894,7.7226
12335,411.167,1839,419,2847,1822,-13.5399,4.4688
12336,411.200,1837,433,2849,1818,-10.6006,9.5110
12337,411.233,1817,395,2840,1782,-13.3095,14.7139
12338,411.267,1775,382,2828,1767,-10.9572,15.2667
12339,411.300,1776,389,2827,1763,-11.3677,13.0298
12340,411.333,1733,386,2800,1788,-9.7859,5.7062
12341,411.367,1733,391,2797,1795,-8.4203,13.0763
12342,411.400,1680,390,2755,1840,-4.7251,15.4301
12343,411.433,1674,445,2708,1824,-12.9986,4.5898
12344,411.467,1675,449,2709,1831,-9.0093,7.8230
12345,411.500,1620,430,2655,1845,-6.0298,9.9192
12346,411.533,1559,414,2640,1854,-8.8802,9.4133
12347,411.567,1561,420,2637,1850,-9.7730,8.3870
12348,411.600,1507,465,2610,1919,-10.8564,8.7638
12349,411.633,1458,418,2555,1992,-13.3074,11.8650
12350,411.667,1460,423,2552,1982,-12.0740,11.8633
12351,411.700,1438,407,2521,1966,-11.7179,7.6320
12352,411.733,1400,383,2503,1941,-11.0413,11.9861
12353,411.767,1399,402,2500,1942,-4.0135,10.9524
12354,411.800,1384,403,2484,1988,-13.6920,7.8813
12355,411.833,1378,375,2499,1981,-16.2948,6.3326
12356,411.867,1383,391,2500,1977,-12.8357,12.6438
12357,411.900,1388,419,2493,1970,-11.5631,13.9942
12358,411.933,1390,412,2491,1966,-16.2039,14.8093
12359,411.967,1395,405,2492,1970,-16.0840,13.5206
12360,412.000,1410,380,2496,1976,-14.6078,15.0537
12361,412.033,1431,431,2521,1976,-11.8335,15.0387
12362,412.067,1432,415,2521,1971,-9.5523,12.9326
12363,412.100,1456,428,2512,1966,-7.1515,7.4874
12364,412.133,1475,443,2539,1973,-11.0975,7.4237
12365,412.167,1466,427,2543,1979,-12.2333,9.8110
12366,412.200,1501,407,2563,1971,-10.6567,7.6986
12367,412.233,1511,413,2598,1952,-13.8022,11.5456
12368,412.267,1516,391,2584,1946,-13.0409,11.4677
12369,412.300,1518,439,2601,1925,-9.0798,9.7394
12370,412.333,1522,385,2604,1933,-11.2060,12.3225
12371,412.367,1533,391,2601,1938,-10.8710,10.7891
12372,412.400,1530,403,2589,1927,2.7159,6.6488
12373,412.433,1520,408,2593,1954,2.8997,7.3078
12374,412.467,1524,413,2585,1954,13.3274,0.7598
12375,412.500,1506,395,2578,1965,9.2450,-0.7282
12376,412.533,1493,423,2562,1961,15.4967,0.3288
12377,412.567,1490,420,2557,1983,10.5887,4.5703
12378,412.600,1491,433,2540,1998,7.8446,-0.9689
12379,412.633,1462,453,2545,2052,4.8139,6.6227
12380,412.667,1465,455,2532,2041,7.1743,3.4581
12381,412.700,1453,444,2524,2037,11.6295,7.8439
12382,412.733,1448,466,2521,2051,13.7734,5.4439
12383,412.767,1454,464,2524,2055,12.0061,4.0322
12384,412.800,1462,440,2538,2063,12.2800,4.3494
12385,412.833,1489,454,2561,2035,14.6482,3.3647
12386,412.867,1490,450,2565,2039,13.9114,-0.2475
12387,412.900,1497,435,2596,2061,18.4883,1.2349
12388,412.933,1510,426,2627,2046,1.2906,4.9704
12389,412.967,1515,445,2626,2046,3.9215,5.8727
12390,413.000,1549,478,2645,2036,-15.2128,3.1636
12391,413.033,1579,492,2676,2027,-15.7847,1.5104
12392,413.067,1601,486,2704,2027,-15.7272,-1.1074
12393,413.100,1603,458,2709,2030,-13.4660,2.2000
12394,413.133,1632,444,2720,1997,-16.2948,6.5746
12395,413.167,1640,453,2715,1987,-16.9563,5.7805
12396,413.200,1641,445,2716,1987,-17.3832,6.4064
12397,413.233,1648,420,2729,1970,-14.1098,6.2402
12398,413.267,1647,449,2747,1960,-17.4327,11.6235
12399,413.300,1642,424,2755,1968,-15.5739,5.3061
12400,413.333,1659,399,2792,1938,-14.4474,6.9828
12401,413.367,1656,380,2791,1973,-15.4607,7.0399
12402,413.400,1661,382,2796,1979,-14.4398,6.2512
12403,413.433,1675,400,2805,1988,-10.4579,7.4519
12404,413.467,1676,426,2826,1979,-8.3048,9.4426
12405,413.500,1692,407,2823,1999,-2.3965,8.2748
12406,413.533,1697,426,2839,1963,-9.7389,8.6313
12407,413.567,1712,417,2841,1947,-5.2768,9.3730
12408,413.600,1707,415,2838,1951,-4.2047,7.4049
12409,413.633,1724,418,2845,1939,-4.8693,5.9634
12410,413.667,1722,407,2848,1944,-6.3877,7.0553
12411,413.700,1722,415,2851,1956,-4.9462,5.5969
12412,413.733,1743,434,2824,1913,-3.9707,6.5002
12413,413.767,1733,382,2814,1918,0.3015,9.2297
12414,413.800,1720,379,2819,1926,-3.7018,3.7807
12415,413.833,1730,383,2788,1935,17.7638,6.2346
12416,413.867,1701,400,2773,1903,23.8290,4.7985
12417,413.900,1713,441,2779,1925,17.5156,6.0224
12418,413.933,1711,426,2753,1924,13.8717,3.6231
12419,413.967,1690,434,2722,1947,21.1273,3.5870
12420,414.000,1698,423,2719,1932,17.5980,9.5144
12421,414.033,1659,382,2695,1945,19.9788,4.1955
12422,414.067,1637,359,2689,1936,21.1282,7.8337
12423,414.100,1636,363,2694,1934,19.9149,5.0525
12424,414.133,1645,402,2653,1881,20.7829,11.8928
12425,414.167,1628,388,2660,1908,18.9353,9.4751
12426,414.200,1631,379,2656,1897,19.6714,10.4595
12427,414.233,1626,382,2653,1917,22.4928,10.4919
12428,414.267,1593,407,2671,1939,23.4346,15.3861
12429,414.300,1598,396,2676,1955,24.9272,11.2033
12430,414.333,1581,353,2670,1950,22.0454,13.0707
12431,414.367,1593,373,2634,1929,18.7903,11.2330
12432,414.400,1589,377,2632,1925,22.9251,15.5530
12433,414.433,1584,367,2625,1887,18.5433,16.3854
12434,414.467,1558,361,2609,1895,22.1801,15.8338
12435,414.500,1560,347,2608,1899,22.8706,10.4321
12436,414.533,1522,377,2579,1885,26.3824,12.6832
12437,414.567,1505,376,2560,1915,22.1126,13.6071
12438,414.600,1482,398,2563,1914,22.3410,16.9933
12439,414.633,1489,408,2560,1903,21.4438,14.5197
12440,414.667,1500,385,2550,1889,27.4195,12.7884
12441,414.700,1495,375,2544,1874,17.4804,16.9414
12442,414.733,1484,372,2535,1867,22.4142,11.8472
12443,414.767,1486,366,2528,1864,25.1968,13.3643
12444,414.800,1487,377,2522,1828,22.5092,9.1821
12445,414.833,1487,408,2515,1837,21.0300,10.8455
12446,414.867,1487,411,2513,1837,20.5519,12.0959
12447,414.900,1486,405,2520,1847,22.4908,10.3450
12448,414.933,1484,409,2519,1850,18.5210,9.7913
12449,414.967,1480,405,2521,1858,17.6196,9.2125
12450,415.000,1479,378,2507,1841,11.3654,8.3929
12451,415.033,1480,366,2525,1833,12.3526,7.9595
12452,415.067,1478,364,2524,1830,11.5072,10.9744
12453,415.100,1497,377,2532,1817,8.7642,9.9991
12454,415.133,1503,385,2548,1808,5.5746,10.7289
12455,415.167,1515,382,2555,1814,7.4777,11.6124
12456,415.200,1538,379,2560,1807,6.8133,14.4931
12457,415.233,1542,401,2576,1823,8.7417,7.5760
12458,415.267,1541,414,2572,1816,10.3569,9.9258
12459,415.300,1569,415,2566,1845,8.4582,6.2260
12460,415.333,1567,448,2580,1822,8.3145,8.2458
12461,415.367,1575,439,2584,1815,9.9133,12.8455
12462,415.400,1586,420,2581,1835,5.4545,12.7549
12463,415.433,1597,424,2584,1837,5.1877,5.4493
12464,415.467,1599,427,2584,1832,6.3844,3.9683
12465,415.500,1599,439,2589,1834,5.2150,11.8341
12466,415.533,1572,454,2602,1820,8.9028,9.1091
12467,415.567,1572,460,2600,1819,8.4453,9.5285
12468,415.600,1563,451,2599,1811,20.5711,9.9282
12469,415.633,1558,461,2603,1816,22.4916,7.3207
12470,415.667,1560,457,2596,1815,24.5878,7.5634
12471,415.700,1554,448,2591,1812,24.7298,7.7724
12472,415.733,1549,443,2589,1811,28.4728,7.8559
12473,415.767,1551,439,2585,1805,27.4463,8.8350
12474,415.800,1550,443,2577,1798,26.0466,6.8943
12475,415.833,1543,433,2572,1803,27.3088,8.2526
12476,415.867,1539,437,2566,1799,26.3042,10.7201
12477,415.900,1538,455,2561,1813,22.3898,8.3340
12478,415.933,1534,444,2557,1805,25.5214,12.2918
12479,415.967,1532,430,2562,1816,21.7008,11.1629
12480,416.000,1530,403,2549,1795,26.5574,5.0291
12481,416.033,1529,426,2553,1803,22.1033,7.3227
12482,416.067,1532,421,2540,1770,22.3294,11.6760
12483,416.100,1531,405,2545,1783,21.2448,11.9787
12484,416.133,1530,409,2543,1789,23.5249,10.0574
12485,416.167,1532,404,2546,1782,18.7309,10.3596
12486,416.200,1532,401,2542,1791,20.5058,9.2577
12487,416.233,1530,391,2539,1796,24.8245,5.6002
12488,416.267,1532,391,2543,1809,24.0804,8.0079
12489,416.300,1536,384,2548,1809,22.0116,9.3843
12490,416.333,1541,394,2549,1826,10.4348,5.3431
12491,416.367,1542,391,2542,1850,11.9326,8.1712
12492,416.400,1542,392,2541,1851,12.1604,5.9950
12493,416.433,1539,389,2547,1848,15.7107,8.3227
12494,416.467,1537,421,2564,1823,16.9685,7.8993
12495,416.500,1531,428,2562,1825,8.8645,12.4973
12496,416.533,1530,425,2554,1828,8.4971,12.6264
12497,416.567,1530,433,2566,1837,10.0807,9.9001
12498,416.600,1535,438,2570,1832,7.8489,13.3703
12499,416.633,1545,437,2565,1821,11.4613,10.1115
12500,416.667,1554,463,2556,1820,6.4772,9.3956
12501,416.700,1554,464,2557,1810,11.6669,6.3658
12502,416.733,1569,432,2551,1792,7.6326,5.1883
12503,416.767,1570,460,2573,1779,8.2030,9.1275
12504,416.800,1566,460,2580,1778,6.6539,8.3936
12505,416.833,1573,478,2588,1786,7.9412,10.2445
12506,416.867,1575,478,2585,1790,3.3580,13.2788
12507,416.900,1571,487,2590,1798,4.4432,16.5670
12508,416.933,1573,479,2585,1784,1.1737,12.5412
12509,416.967,1577,503,2581,1779,4.1158,14.4746
12510,417.000,1580,494,2582,1781,4.0936,12.1808
12511,417.033,1582,491,2581,1780,3.6766,14.7094
12512,417.067,1583,494,2586,1792,4.6329,12.4810
12513,417.100,1583,497,2583,1791,4.5912,11.4837
12514,417.133,1585,496,2582,1798,6.6665,12.1842
12515,417.167,1584,500,2584,1802,3.4804,12.3698
12516,417.200,1583,499,2583,1794,7.0056,14.0678
12517,417.233,1583,504,2581,1789,7.9523,12.3326
12518,417.267,1577,501,2585,1790,6.5963,11.0019
12519,417.300,1569,497,2591,1805,5.5791,11.1330
12520,417.333,1576,484,2585,1797,8.7503,6.8202
12521,417.367,1573,484,2579,1811,7.4157,8.8200
12522,417.400,1575,492,2577,1816,7.6626,8.8440
12523,417.433,1572,481,2583,1829,5.9593,8.0930
12524,417.467,1569,484,2578,1831,6.5618,5.8748
12525,417.500,1570,487,2576,1829,5.0151,8.9933
12526,417.533,1569,483,2569,1811,4.7772,5.2800
12527,417.567,1569,512,2574,1810,10.9785,7.0305
12528,417.600,1569,512,2575,1811,10.2662,8.4933
12529,417.633,1567,509,2585,1824,6.2659,7.8265
12530,417.667,1566,509,2583,1822,5.1775,8.3298
12531,417.700,1568,505,2583,1824,6.7464,7.2719
12532,417.733,1561,495,2585,1820,7.9969,6.2141
12533,417.767,1561,496,2583,1820,7.3585,5.6907
12534,417.800,1568,502,2581,1826,8.3430,6.5960
12535,417.833,1566,495,2582,1815,8.3616,5.7418
12536,417.867,1570,492,2584,1817,8.0466,6.8966
12537,417.900,1575,495,2585,1819,6.7720,8.2916
12538,417.933,1573,486,2591,1808,7.5202,7.9870
12539,417.967,1579,487,2588,1814,8.4903,8.2909
12540,418.000,1577,484,2575,1802,12.6205,7.0611
12541,418.033,1580,466,2575,1782,26.3490,9.7629
12542,418.067,1579,453,2575,1772,24.9160,9.6000
12543,418.100,1580,442,2560,1765,24.8887,10.1882
12544,418.133,1580,449,2561,1777,26.5724,10.7874
12545,418.167,1584,456,2550,1777,24.3868,11.6427
12546,418.200,1578,453,2533,1764,25.9883,10.2607
12547,418.233,1567,465,2505,1756,24.7184,9.7578
12548,418.267,1564,456,2500,1750,22.4358,7.6849
12549,418.300,1562,470,2494,1740,24.7868,9.6832
12550,418.333,1557,472,2484,1729,25.6935,10.4887
12551,418.367,1554,465,2488,1727,25.9913,9.1662
12552,418.400,1547,407,2480,1700,25.4110,7.2458
12553,418.433,1537,453,2473,1685,22.1888,10.1251
12554,418.467,1537,447,2466,1666,17.5617,8.9281
12555,418.500,1531,436,2474,1653,19.6984,10.9794
12556,418.533,1530,437,2455,1637,25.0397,11.8991
12557,418.567,1525,426,2453,1645,27.5982,12.2911
12558,418.600,1504,459,2437,1643,26.0593,14.8148
12559,418.633,1483,447,2406,1640,28.1622,12.9188
12560,418.667,1479,436,2411,1633,25.9060,12.0627
12561,418.700,1471,431,2406,1648,25.3889,14.4333
12562,418.733,1464,419,2399,1640,25.3283,11.8653
12563,418.767,1464,422,2401,1643,24.5341,15.6550
12564,418.800,1465,424,2392,1644,16.4262,16.0742
12565,418.833,1461,424,2381,1649,19.2550,15.0913
12566,418.867,1463,423,2381,1645,11.2390,16.3405
12567,418.900,1465,432,2380,1643,15.3008,12.5059
12568,418.933,1467,433,2380,1639,18.5164,13.8480
12569,418.967,1466,439,2379,1645,16.0924,13.1523
12570,419.000,1467,438,2383,1646,16.0269,13.5938
12571,419.033,1467,436,2386,1644,17.7001,13.7692
12572,419.067,1465,437,2391,1645,16.5699,14.5563
12573,419.100,1463,432,2395,1645,12.9432,15.3603
12574,419.133,1463,417,2394,1637,9.1777,16.9710
12575,419.167,1464,421,2398,1639,13.3629,16.0917
12576,419.200,1468,425,2397,1636,12.7249,16.2630
12577,419.233,1463,421,2406,1643,10.5806,17.2457
12578,419.267,1464,422,2403,1643,14.4366,15.3245
12579,419.300,1463,414,2411,1642,10.2428,15.6853
12580,419.333,1466,439,2393,1643,22.1204,10.3210
12581,419.367,1470,430,2394,1647,28.9811,12.0315
12582,419.400,1472,438,2400,1646,23.8599,11.2582
12583,419.433,1473,428,2412,1653,29.9590,12.6261
12584,419.467,1476,433,2410,1653,29.6695,11.4974
12585,419.500,1477,440,2419,1652,26.1173,15.0437
12586,419.533,1477,442,2419,1652,26.1501,16.9521
12587,419.567,1478,444,2419,1651,27.0428,15.9443
12588,419.600,1479,445,2416,1651,25.4123,15.8883
12589,419.633,1479,445,2417,1651,28.0074,15.2118
12590,419.667,1479,444,2416,1651,29.5406,13.9633
12591,419.700,1480,449,2414,1652,29.2923,16.7453
12592,419.733,1479,454,2414,1653,28.4300,16.4300
12593,419.767,1479,454,2415,1653,24.4023,14.6752
12594,419.800,1479,455,2415,1653,26.5277,14.7545
12595,419.833,1479,457,2414,1654,29.8868,14.1868
12596,419.867,1478,455,2415,1654,29.0750,16.1306
12597,419.900,1479,444,2417,1659,29.2503,18.8340
12598,419.933,1479,446,2412,1659,25.6987,17.2040
12599,419.967,1478,443,2412,1660,28.8838,17.7879
12600,420.000,1479,442,2414,1661,29.6562,15.9841
12601,420.033,1480,442,2416,1662,26.5117,15.8502
12602,420.067,1480,444,2413,1674,29.8941,16.1305
12603,420.100,1483,442,2418,1680,26.7992,13.1857
12604,420.133,1481,440,2418,1672,26.3885,17.0977
12605,420.167,1483,443,2418,1677,30.1510,18.7136
12606,420.200,1484,444,2416,1672,29.6048,19.9817
12607,420.233,1484,459,2407,1675,33.2349,17.5546
12608,420.267,1477,442,2420,1728,27.9776,18.7860
12609,420.300,1487,447,2419,1721,31.4383,19.3347
12610,420.333,1489,439,2421,1710,29.5352,22.4246
12611,420.367,1490,441,2421,1708,30.4897,20.7188
12612,420.400,1491,442,2421,1709,29.5867,18.7664
12613,420.433,1490,434,2424,1710,30.6831,17.9044
12614,420.467,1492,436,2423,1710,31.1855,16.4862
12615,420.500,1492,435,2427,1708,31.3874,17.2343
12616,420.533,1493,435,2427,1711,32.9123,18.8908
12617,420.567,1496,436,2431,1707,29.3989,17.1062
12618,420.600,1494,440,2428,1712,32.4828,14.9976
12619,420.633,1499,444,2431,1712,29.7396,17.1877
12620,420.667,1502,451,2433,1718,15.6052,13.6598
12621,420.700,1505,455,2430,1720,17.3450,12.1852
12622,420.733,1507,448,2438,1724,13.3767,16.4866
12623,420.767,1513,445,2445,1724,17.8012,16.5946
12624,420.800,1513,442,2441,1720,12.0691,16.0459
12625,420.833,1512,429,2443,1725,12.8623,16.2143
12626,420.867,1522,420,2464,1712,6.5608,15.9624
12627,420.900,1523,425,2466,1719,9.7155,16.9616
12628,420.933,1524,418,2467,1722,14.0901,16.7251
12629,420.967,1523,417,2465,1720,13.7679,15.5800
12630,421.000,1524,414,2466,1723,12.0580,16.8303
12631,421.033,1522,414,2466,1718,11.8791,15.6159
12632,421.067,1524,409,2469,1720,18.8380,13.7039
12633,421.100,1525,413,2469,1718,15.8544,16.4326
12634,421.133,1525,414,2470,1719,17.9340,15.6510
12635,421.167,1523,421,2466,1719,16.3294,18.6179
12636,421.200,1515,437,2453,1729,16.3096,15.5474
12637,421.233,1516,443,2452,1727,18.6200,14.8262
12638,421.267,1514,435,2452,1729,13.0976,17.1952
12639,421.300,1513,435,2450,1727,12.3596,14.1322
12640,421.333,1523,416,2465,1713,16.3110,17.0573
12641,421.367,1513,430,2449,1727,12.2153,17.9349
12642,421.400,1522,416,2464,1717,14.5450,16.1299
12643,421.433,1512,428,2445,1723,6.8876,18.1081
12644,421.467,1514,429,2446,1721,8.3002,18.8281
12645,421.500,1515,430,2447,1723,14.3120,17.3043
12646,421.533,1514,426,2449,1728,11.4646,17.1574
12647,421.567,1515,426,2450,1730,11.4660,16.7151
12648,421.600,1517,427,2450,1730,6.5435,17.4832
12649,421.633,1516,429,2450,1735,13.1880,17.7680
12650,421.667,1527,418,2460,1738,12.7599,19.8278
12651,421.700,1527,416,2461,1744,13.7424,19.2125
12652,421.733,1515,432,2450,1745,15.5410,20.4801
12653,421.767,1528,422,2463,1740,11.8509,20.6677
12654,421.800,1517,429,2452,1744,11.8550,19.3846
12655,421.833,1515,433,2452,1740,8.7740,16.3452
12656,421.867,1516,431,2452,1738,11.3580,18.9972
12657,421.900,1519,446,2453,1737,15.8085,18.7209
12658,421.933,1519,445,2453,1736,13.2785,20.0927
12659,421.967,1519,445,2452,1737,11.7633,18.6754
12660,422.000,1518,448,2450,1724,11.5588,17.2366
12661,422.033,1526,441,2451,1708,14.9432,20.1158
12662,422.067,1524,440,2450,1698,14.2715,20.0614
12663,422.100,1522,439,2453,1708,9.5804,20.7766
12664,422.133,1518,441,2456,1706,7.0762,21.1513
12665,422.167,1518,436,2453,1706,7.2654,20.6119
12666,422.200,1517,436,2449,1709,10.9183,22.3786
12667,422.233,1515,443,2447,1712,1.3921,17.7321
12668,422.267,1514,439,2446,1713,6.2208,19.5334
12669,422.300,1516,445,2443,1723,5.9703,18.7834
12670,422.333,1513,444,2440,1725,7.1340,21.1554
12671,422.367,1509,437,2440,1733,7.8095,21.6826
12672,422.400,1508,423,2437,1734,13.0073,17.4113
12673,422.433,1509,427,2445,1733,18.1963,16.5755
12674,422.467,1512,437,2440,1738,15.3156,11.3549
12675,422.500,1503,433,2442,1741,24.3551,11.6462
12676,422.533,1496,429,2436,1738,22.9520,10.7740
12677,422.567,1508,431,2453,1745,19.3192,14.4155
12678,422.600,1484,437,2420,1734,24.4104,10.3548
12679,422.633,1484,449,2414,1726,29.7186,12.8379
12680,422.667,1483,446,2411,1720,21.3333,13.7617
12681,422.700,1478,440,2410,1719,27.9267,13.7447
12682,422.733,1476,439,2409,1714,20.5168,13.0865
12683,422.767,1474,435,2408,1713,27.9857,11.6671
12684,422.800,1476,443,2401,1702,26.0043,12.3430
12685,422.833,1479,444,2398,1685,28.5233,12.4276
12686,422.867,1477,433,2400,1687,33.0961,14.0188
12687,422.900,1478,427,2406,1676,28.4054,17.3319
12688,422.933,1471,430,2390,1675,29.5058,15.9024
12689,422.967,1467,425,2390,1662,32.1746,18.4330
12690,423.000,1466,432,2386,1678,31.1397,18.6155
12691,423.033,1465,431,2385,1679,32.0620,16.8764
12692,423.067,1466,426,2389,1683,30.2510,13.8645
12693,423.100,1465,421,2386,1675,32.9442,12.4391
12694,423.133,1466,404,2390,1666,35.0169,11.4998
12695,423.167,1467,399,2422,1669,28.2719,12.7056
12696,423.200,1472,398,2400,1671,34.4922,8.8450
12697,423.233,1478,424,2394,1673,32.1360,14.2791
12698,423.267,1509,456,2416,1659,29.6362,14.2004
12699,423.300,1508,462,2418,1674,22.9873,15.2941
12700,423.333,1529,430,2449,1662,25.1893,18.4602
12701,423.367,1545,437,2468,1670,25.1870,19.8602
12702,423.400,1546,447,2461,1676,27.5280,21.3680
12703,423.433,1553,442,2476,1673,28.4865,16.3473
12704,423.467,1549,440,2475,1669,28.7193,16.0412
12705,423.500,1545,434,2473,1676,28.9187,17.0414
12706,423.533,1542,412,2469,1656,25.1850,18.4725
12707,423.567,1529,412,2460,1671,27.9869,17.9184
12708,423.600,1529,406,2450,1666,23.9620,16.1478
12709,423.633,1521,414,2441,1661,28.7490,17.6299
12710,423.667,1520,434,2427,1662,27.0591,16.8127
12711,423.700,1518,434,2420,1656,25.8358,16.4897
12712,423.733,1518,431,2425,1658,18.0726,13.1226
12713,423.767,1526,407,2446,1662,14.0966,16.8244
12714,423.800,1524,393,2449,1658,20.7760,12.5530
12715,423.833,1545,415,2442,1650,10.3255,11.8862
12716,423.867,1554,415,2455,1668,12.6775,11.8984
12717,423.900,1550,428,2460,1682,9.2041,11.0796
12718,423.933,1569,445,2464,1688,6.9151,7.4354
12719,423.967,1568,454,2478,1728,14.1755,13.0515
12720,424.000,1570,453,2472,1722,10.2458,10.5487
12721,424.033,1572,451,2477,1705,11.9082,10.2809
12722,424.067,1570,459,2475,1697,12.9789,12.3653
12723,424.100,1568,461,2468,1700,14.5978,13.7405
12724,424.133,1576,480,2460,1692,18.4078,13.5160
12725,424.167,1570,482,2464,1703,15.9046,14.4976
12726,424.200,1569,484,2466,1704,15.5042,16.3953
12727,424.233,1562,473,2465,1707,15.0844,14.8555
12728,424.267,1563,468,2464,1708,10.5410,14.1611
12729,424.300,1561,469,2458,1714,11.0706,16.0473
12730,424.333,1558,467,2458,1709,13.9964,16.0479
12731,424.367,1554,473,2454,1711,16.6140,16.6614
12732,424.400,1553,473,2454,1709,16.8974,16.5742
12733,424.433,1553,470,2454,1711,12.7651,12.9529
12734,424.467,1554,477,2451,1711,14.8856,13.5735
12735,424.500,1553,479,2449,1711,16.9657,13.9595
12736,424.533,1554,471,2453,1709,13.1500,11.4441
12737,424.567,1553,471,2455,1710,16.0676,12.8741
12738,424.600,1550,462,2456,1716,16.4285,13.2012
12739,424.633,1550,462,2457,1720,15.9930,13.8478
12740,424.667,1551,468,2454,1719,11.6360,13.1621
12741,424.700,1548,473,2451,1721,11.4162,12.2640
12742,424.733,1549,471,2453,1725,10.4189,11.6295
12743,424.767,1548,480,2453,1733,12.6679,14.7765
12744,424.800,1544,480,2453,1722,17.3596,14.4101
12745,424.833,1539,482,2456,1736,11.1916,14.3687
12746,424.867,1540,476,2458,1731,5.8082,14.9407
12747,424.900,1543,468,2457,1727,6.9875,15.4345
12748,424.933,1539,465,2461,1732,8.6899,14.3856
12749,424.967,1539,467,2457,1729,13.6467,15.2416
12750,425.000,1533,458,2448,1709,16.1838,16.3575
12751,425.033,1531,464,2448,1705,14.6295,15.0635
12752,425.067,1534,464,2450,1699,14.6106,13.3580
12753,425.100,1532,469,2460,1709,12.6676,17.8866
12754,425.133,1532,463,2459,1714,12.0639,16.6053
12755,425.167,1535,468,2458,1713,14.2672,15.7122
12756,425.200,1538,467,2447,1688,18.0940,13.9330
12757,425.233,1538,471,2439,1714,14.3174,18.0377
12758,425.267,1538,467,2443,1710,19.3850,13.8618
12759,425.300,1542,452,2450,1726,17.9768,12.2698
12760,425.333,1542,441,2457,1720,23.9108,12.5822
12761,425.367,1544,439,2464,1726,23.7860,14.4975
12762,425.400,1543,456,2456,1732,18.6546,12.3389
12763,425.433,1544,438,2463,1700,18.1706,15.1008
12764,425.467,1546,441,2462,1694,19.8437,14.3937
12765,425.500,1534,442,2452,1718,14.0344,14.2651
12766,425.533,1529,444,2448,1719,13.3941,13.5912
12767,425.567,1529,445,2448,1719,16.6793,14.3493
12768,425.600,1522,434,2427,1700,20.0802,13.1992
12769,425.633,1504,422,2430,1675,27.1940,14.3332
12770,425.667,1505,420,2422,1674,30.5278,16.3038
12771,425.700,1505,415,2422,1672,31.6883,15.4580
12772,425.733,1506,416,2419,1678,25.9677,15.7658
12773,425.767,1508,428,2415,1679,30.1277,15.7383
12774,425.800,1502,428,2410,1682,27.5950,15.3029
12775,425.833,1487,435,2413,1707,27.3664,14.5273
12776,425.867,1485,431,2412,1707,23.4944,15.5961
12777,425.900,1481,439,2412,1709,29.2159,19.0520
12778,425.933,1482,441,2411,1708,33.4332,17.5699
12779,425.967,1489,451,2403,1690,27.0797,20.6012
12780,426.000,1491,448,2401,1686,27.5468,20.7273
12781,426.033,1493,452,2407,1688,28.4014,20.3632
12782,426.067,1494,445,2412,1697,32.8596,16.3563
12783,426.100,1505,440,2423,1707,26.7911,18.2056
12784,426.133,1504,437,2420,1700,29.7390,15.3957
12785,426.167,1510,442,2422,1699,27.8239,19.4519
12786,426.200,1511,437,2420,1694,32.7379,11.1157
12787,426.233,1512,437,2421,1698,34.2449,16.4703
12788,426.267,1513,433,2423,1693,32.5988,16.8752
12789,426.300,1513,435,2427,1693,32.0165,16.5358
12790,426.333,1513,434,2428,1694,31.3144,16.1937
12791,426.367,1510,437,2428,1696,34.4893,17.6556
12792,426.400,1510,436,2427,1694,31.5928,17.8239
12793,426.433,1509,436,2426,1696,30.4955,18.8025
12794,426.467,1507,442,2424,1695,32.1389,18.9189
12795,426.500,1504,436,2423,1694,31.2781,17.3537
12796,426.533,1489,439,2415,1691,35.1531,18.0286
12797,426.567,1480,414,2439,1703,33.1524,16.1465
12798,426.600,1478,416,2437,1705,31.1565,17.9567
12799,426.633,1482,409,2432,1703,27.7893,15.9924
12800,426.667,1479,414,2428,1714,24.3783,11.7254
12801,426.700,1476,411,2428,1716,30.6476,11.9594
12802,426.733,1471,417,2428,1720,23.1526,11.6201
12803,426.767,1469,419,2429,1717,25.0904,13.8512
12804,426.800,1468,418,2428,1715,20.8567,14.4951
12805,426.833,1467,425,2424,1715,18.9621,11.7184
12806,426.867,1466,419,2424,1715,22.4639,12.8300
12807,426.900,1467,431,2424,1717,14.6841,14.0273
12808,426.933,1473,418,2391,1686,17.7405,11.8469
12809,426.967,1456,429,2392,1734,21.5354,10.4630
12810,427.000,1451,433,2381,1742,16.8704,9.7669
12811,427.033,1457,470,2392,1741,19.0147,12.0300
12812,427.067,1444,476,2356,1732,24.4121,6.4615
12813,427.100,1449,482,2380,1737,19.0373,7.3265
12814,427.133,1439,497,2354,1741,21.4424,6.3810
12815,427.167,1436,500,2354,1752,20.6513,7.7336
12816,427.200,1436,502,2356,1753,22.4419,6.2939
12817,427.233,1435,504,2355,1753,22.4882,5.8532
12818,427.267,1434,495,2352,1754,24.7497,6.6589
12819,427.300,1435,497,2353,1757,24.4978,9.3253
12820,427.333,1431,473,2348,1746,19.7980,6.3531
12821,427.367,1431,476,2354,1772,19.3152,5.8883
12822,427.400,1435,469,2351,1760,17.0020,4.7408
12823,427.433,1438,467,2351,1734,12.7850,4.4475
12824,427.467,1439,482,2352,1734,19.1988,7.6009
12825,427.500,1438,457,2353,1730,16.4020,10.3911
12826,427.533,1428,453,2350,1731,19.7474,10.1821
12827,427.567,1418,459,2344,1765,22.0930,8.2979
12828,427.600,1413,463,2351,1764,20.3694,9.3819
12829,427.633,1402,458,2346,1769,22.6925,10.9200
12830,427.667,1393,451,2333,1746,18.8350,9.7419
12831,427.700,1397,463,2338,1739,17.0529,11.9985
12832,427.733,1398,480,2334,1746,20.2682,8.8536
12833,427.767,1398,468,2329,1737,23.1054,9.2961
12834,427.800,1399,471,2324,1730,30.6173,11.9964
12835,427.833,1400,462,2323,1731,32.0223,8.7962
12836,427.867,1403,464,2322,1724,34.1970,9.6133
12837,427.900,1409,480,2319,1721,28.2624,10.7847
12838,427.933,1407,480,2319,1726,29.1732,10.2446
12839,427.967,1406,479,2321,1732,23.2839,7.8658
12840,428.000,1402,479,2319,1727,29.3961,6.0145
12841,428.033,1410,500,2329,1740,21.8987,12.2473
12842,428.067,1411,502,2330,1742,24.6066,7.1976
12843,428.100,1411,504,2329,1744,20.7478,6.8660
12844,428.133,1411,501,2329,1744,25.5244,10.2141
12845,428.167,1411,497,2330,1744,22.5848,12.4137
12846,428.200,1406,483,2334,1742,19.8105,10.4663
12847,428.233,1396,476,2329,1757,23.9164,10.3253
12848,428.267,1393,461,2323,1761,23.0526,9.9249
12849,428.300,1384,459,2324,1760,18.7745,11.8354
12850,428.333,1367,464,2312,1752,23.2529,7.9793
12851,428.367,1378,476,2297,1749,26.8389,7.8695
12852,428.400,1350,462,2299,1788,27.7835,8.1437
12853,428.433,1327,466,2302,1794,23.1419,3.1069
12854,428.467,1336,502,2297,1790,20.8544,7.1564
12855,428.500,1339,478,2310,1839,20.6293,-0.1425
12856,428.533,1321,492,2303,1864,13.3911,6.0268
12857,428.567,1326,483,2315,1867,12.3606,-2.1945
12858,428.600,1304,489,2282,1851,20.9837,7.3422
12859,428.633,1282,472,2284,1838,13.4972,-1.3839
12860,428.667,1280,483,2288,1842,18.2638,-0.6699
12861,428.700,1275,492,2269,1815,28.9553,6.6870
12862,428.733,1238,497,2216,1855,31.2776,3.1504
12863,428.767,1248,525,2191,1835,37.3300,3.1034
12864,428.800,1209,546,2193,1857,46.6309,-0.8820
12865,428.833,1216,496,2141,1838,57.2336,-6.0662
12866,428.867,1211,497,2147,1843,57.4301,-12.8160
12867,428.900,1189,595,2080,1896,58.4535,-3.5984
12868,428.933,1196,609,2069,1893,58.9779,-5.0380
12869,428.967,1183,640,2050,1898,53.5644,-9.3269
12870,429.000,1190,634,2043,1898,62.4459,-4.9047
12871,429.033,1182,611,2052,1874,58.8841,-4.7410
12872,429.067,1182,610,2046,1874,60.3814,-2.7049
12873,429.100,1175,627,2027,1813,57.8952,0.9234
12874,429.133,1163,603,2037,1821,57.4035,0.5544
12875,429.167,1167,614,2029,1817,60.0459,-0.8476
12876,429.200,1165,598,2015,1808,54.9238,4.5430
12877,429.233,1168,584,2023,1805,57.4286,1.6423
12878,429.267,1168,583,2026,1804,56.2518,0.0109
12879,429.300,1174,569,2063,1807,60.0087,-0.8399
12880,429.333,1185,552,2077,1797,54.6406,-2.2251
12881,429.367,1199,576,2104,1797,59.5712,0.4368
12882,429.400,1208,575,2119,1810,60.4038,4.2521
12883,429.433,1205,569,2121,1816,58.5952,1.6664
12884,429.467,1227,579,2149,1823,60.1809,3.7874
12885,429.500,1229,577,2137,1822,61.5442,1.9080
12886,429.533,1237,571,2156,1821,60.3921,4.1450
12887,429.567,1245,569,2170,1824,64.6334,2.9324
12888,429.600,1249,564,2176,1821,59.2931,5.7871
12889,429.633,1256,556,2180,1822,61.8317,2.8194
12890,429.667,1262,549,2193,1815,54.1758,-3.0347
12891,429.700,1261,542,2198,1817,51.7824,-0.7198
12892,429.733,1289,473,2247,1821,42.4961,-10.8738
12893,429.767,1311,445,2287,1805,41.7173,1.5795
12894,429.800,1308,443,2283,1818,39.6557,2.0537
12895,429.833,1331,444,2317,1787,29.4284,9.5431
12896,429.867,1371,449,2345,1790,28.9351,6.3943
12897,429.900,1372,455,2325,1795,29.3267,13.9489
12898,429.933,1390,455,2345,1792,27.0733,12.4315
12899,429.967,1408,438,2377,1793,22.7482,12.0324
12900,430.000,1404,442,2366,1793,23.5175,15.0262
12901,430.033,1415,462,2378,1788,26.5800,14.6055
12902,430.067,1424,464,2382,1785,28.8160,12.0536
12903,430.100,1428,472,2376,1785,24.3910,15.6337
12904,430.133,1433,460,2393,1784,27.7858,10.8216
12905,430.167,1431,443,2406,1794,19.7114,11.0196
12906,430.200,1430,455,2398,1793,17.2893,11.2455
12907,430.233,1426,450,2416,1820,13.2391,13.3598
12908,430.267,1444,450,2421,1817,18.1096,7.7621
12909,430.300,1444,456,2420,1816,23.7983,10.4912
12910,430.333,1445,452,2420,1814,13.7505,7.3839
12911,430.367,1449,449,2419,1818,17.4410,9.5430
12912,430.400,1449,450,2421,1819,14.5018,9.5751
12913,430.433,1449,443,2425,1823,11.4706,10.0853
12914,430.467,1448,435,2433,1830,10.8391,11.0727
12915,430.500,1448,442,2428,1823,10.1705,8.2390
12916,430.533,1444,440,2427,1830,13.1466,11.2762
12917,430.567,1442,438,2425,1830,15.2155,8.5663
12918,430.600,1442,439,2426,1830,11.6407,6.9390
12919,430.633,1444,441,2425,1822,15.3336,7.8358
12920,430.667,1444,439,2426,1822,13.8999,7.5670
12921,430.700,1447,433,2426,1819,11.6542,11.3450
12922,430.733,1447,431,2427,1817,9.9666,10.1401
12923,430.767,1448,442,2432,1823,11.1907,5.7596
12924,430.800,1450,459,2436,1826,11.2237,11.7858
12925,430.833,1450,473,2423,1819,13.3840,6.7757
12926,430.867,1448,477,2422,1844,20.8063,8.4243
12927,430.900,1451,463,2423,1841,15.8672,4.3186
12928,430.933,1445,465,2416,1854,9.1438,10.3381
12929,430.967,1406,448,2396,1812,9.2083,8.0690
12930,431.000,1416,440,2398,1802,18.0709,11.1680
12931,431.033,1344,455,2355,1821,3.1073,11.3234
12932,431.067,1313,475,2326,1857,19.8877,8.3436
12933,431.100,1319,470,2338,1859,20.0588,10.9067
12934,431.133,1288,450,2326,1881,13.8758,5.9647
12935,431.167,1257,448,2322,1911,8.8218,6.6983
12936,431.200,1261,447,2324,1905,8.8746,8.9746
12937,431.233,1240,462,2286,1876,14.8208,8.3463
12938,431.267,1242,477,2279,1879,17.6128,10.5993
12939,431.300,1197,435,2287,1925,12.8317,6.3880
12940,431.333,1189,449,2238,1921,19.4260,8.6906
12941,431.367,1190,455,2252,1925,24.9500,6.7862
12942,431.400,1191,448,2244,1897,24.9506,3.9032
12943,431.433,1190,424,2244,1912,22.2324,0.4766
12944,431.467,1194,422,2235,1894,27.4046,1.6497
12945,431.500,1223,468,2240,1875,16.4410,4.5963
12946,431.533,1243,466,2257,1861,19.4211,2.4829
12947,431.567,1248,455,2270,1856,13.1542,8.5383
12948,431.600,1295,473,2268,1817,26.7307,7.6468
12949,431.633,1324,432,2285,1817,25.8215,9.2057
12950,431.667,1318,430,2286,1818,27.5667,10.7654
12951,431.700,1368,408,2320,1802,25.7272,6.0533
12952,431.733,1377,411,2363,1810,15.2178,12.5183
12953,431.767,1383,406,2357,1811,20.8262,11.0849
12954,431.800,1386,399,2373,1825,17.1149,13.9495
12955,431.833,1373,435,2342,1833,21.1215,11.4958
12956,431.867,1375,437,2349,1862,20.0453,9.1152
12957,431.900,1373,450,2360,1847,15.9123,9.9891
12958,431.933,1376,473,2369,1866,20.8952,9.3386
12959,431.967,1384,505,2378,1863,16.5376,8.6784
12960,432.000,1400,516,2383,1864,18.2001,13.0580
12961,432.033,1432,464,2426,1868,18.2659,10.3047
12962,432.067,1433,476,2426,1874,16.1347,11.7495
12963,432.100,1448,467,2415,1803,17.7861,9.1998
12964,432.133,1441,454,2444,1812,13.3235,14.9205
12965,432.167,1448,467,2438,1807,5.7669,10.6696
12966,432.200,1437,461,2423,1789,14.7318,11.0592
12967,432.233,1443,464,2429,1791,18.4156,9.1356
12968,432.267,1443,449,2431,1788,13.9403,10.3485
12969,432.300,1440,445,2437,1794,14.2097,11.8469
12970,432.333,1439,447,2427,1800,16.7962,11.4547
12971,432.367,1442,436,2432,1806,13.9291,5.6685
12972,432.400,1426,457,2405,1801,23.5262,12.2542
12973,432.433,1405,466,2380,1832,30.7133,10.0536
12974,432.467,1400,462,2384,1840,22.5011,11.9724
12975,432.500,1386,478,2352,1785,33.3974,12.1570
12976,432.533,1385,438,2350,1767,25.0714,8.6455
12977,432.567,1369,449,2353,1777,23.5591,10.5351
12978,432.600,1327,442,2307,1790,39.7248,2.4744
12979,432.633,1327,464,2314,1796,34.4030,-0.4710
12980,432.667,1282,478,2283,1815,44.5718,0.0361
12981,432.700,1268,455,2235,1838,45.9644,-1.8471
12982,432.733,1271,477,2224,1823,48.1492,0.1691
12983,432.767,1246,493,2177,1804,45.1395,-5.2311
12984,432.800,1201,531,2101,1826,54.3086,-8.7650
12985,432.833,1203,521,2105,1829,56.2258,-5.9889
12986,432.867,1195,544,2099,1766,58.2707,1.0352
12987,432.900,1198,557,2088,1766,61.1949,3.4593
12988,432.933,1188,571,2083,1763,57.9539,2.5174
12989,432.967,1181,568,2076,1784,58.5089,1.2106
12990,433.000,1178,567,2088,1778,55.5737,0.6487
12991,433.033,1169,549,2058,1778,53.0014,1.7505
12992,433.067,1154,558,2026,1791,62.2044,2.3206
12993,433.100,1155,569,2026,1791,58.2418,2.0088
12994,433.133,1159,581,2006,1791,60.6956,2.3498
12995,433.167,1147,576,2007,1799,58.3184,4.0064
12996,433.200,1148,573,2013,1803,54.8073,2.6234
12997,433.233,1156,586,2022,1803,50.4566,3.6375
12998,433.267,1152,585,2035,1816,52.7189,-2.7236
12999,433.300,1156,583,2031,1810,53.1407,2.7007
13000,433.333,1162,572,2016,1818,60.2961,-1.1134
13001,433.367,1157,584,2021,1832,62.0508,0.6113
13002,433.400,1154,573,2030,1823,61.3231,-1.3656
13003,433.433,1159,582,2054,1824,59.0704,-2.0774
13004,433.467,1180,555,2096,1791,56.9643,1.6504
13005,433.500,1180,561,2086,1794,57.9285,1.9562
13006,433.533,1201,586,2101,1786,55.3191,0.2558
13007,433.567,1199,562,2103,1799,61.8137,-1.8064
13008,433.600,1200,568,2108,1801,62.7051,-0.3402
13009,433.633,1204,572,2092,1799,59.6468,-3.9081
13010,433.667,1199,556,2106,1807,63.6031,-4.3977
13011,433.700,1198,551,2112,1808,65.3612,-0.8518
13012,433.733,1198,565,2096,1804,56.0975,-2.3856
13013,433.767,1211,522,2123,1782,62.5223,0.9789
13014,433.800,1216,525,2134,1772,56.9716,3.7346
13015,433.833,1224,548,2139,1775,58.8071,4.9724
13016,433.867,1241,551,2137,1777,59.7834,0.1247
13017,433.900,1243,542,2144,1777,57.4050,2.6891
13018,433.933,1256,539,2180,1779,60.9806,-0.5223
13019,433.967,1257,492,2222,1795,52.5754,-9.0435
13020,434.000,1263,476,2221,1790,49.6655,-7.3656
13021,434.033,1285,468,2245,1769,42.5859,1.2070
13022,434.067,1287,449,2291,1787,36.1549,1.9370
13023,434.100,1292,429,2287,1785,42.4635,2.3933
13024,434.133,1332,454,2323,1788,33.0354,4.3176
13025,434.167,1347,444,2342,1777,30.3428,2.8861
13026,434.200,1351,445,2337,1776,28.5590,5.7844
13027,434.233,1364,434,2346,1774,29.3232,3.6161
13028,434.267,1367,439,2342,1768,22.8949,8.2920
13029,434.300,1366,438,2345,1770,26.2911,8.7771
13030,434.333,1366,430,2344,1764,23.4459,7.3063
13031,434.367,1369,414,2348,1769,21.3736,6.3580
13032,434.400,1372,409,2349,1771,27.6675,6.8131
13033,434.433,1371,410,2345,1761,24.4253,7.5349
13034,434.467,1373,415,2343,1767,26.0228,2.7970
13035,434.500,1372,416,2346,1767,24.9118,7.8324
13036,434.533,1374,420,2346,1768,20.2453,7.8697
13037,434.567,1372,411,2350,1771,23.3456,6.1448
13038,434.600,1361,465,2328,1764,26.3191,7.5533
13039,434.633,1343,459,2336,1773,38.0305,2.5559
13040,434.667,1342,489,2322,1774,32.7155,-2.2213
13041,434.700,1308,427,2280,1792,46.3252,0.1611
13042,434.733,1278,459,2239,1792,45.4616,-4.5088
13043,434.767,1275,459,2238,1799,40.0117,-6.2986
13044,434.800,1270,535,2169,1772,39.9333,-6.4525
13045,434.833,1215,477,2141,1797,52.2200,-3.9721
13046,434.867,1216,475,2144,1795,47.5153,-5.9643
13047,434.900,1179,459,2118,1792,59.4235,-2.1545
13048,434.933,1183,520,2093,1809,60.8896,2.5303
13049,434.967,1188,525,2096,1797,56.2575,1.3985
13050,435.000,1188,551,2090,1796,53.9640,-1.9055
13051,435.033,1183,526,2067,1788,53.3538,-1.2516
13052,435.067,1185,530,2066,1787,56.8994,1.5074
13053,435.100,1186,537,2067,1783,55.2840,4.2622
13054,435.133,1183,536,2054,1784,57.8886,3.8090
13055,435.167,1176,528,2052,1785,59.8080,0.4739
13056,435.200,1174,539,2041,1796,57.8779,1.7474
13057,435.233,1170,531,2022,1811,58.7687,3.4793
13058,435.267,1172,557,2023,1809,60.1261,1.0502
13059,435.300,1164,548,2026,1816,59.5882,2.4419
13060,435.333,1157,529,2024,1818,62.9772,-0.2263
13061,435.367,1162,541,2018,1812,59.1736,2.0071
13062,435.400,1151,554,2015,1825,60.4179,2.3276
13063,435.433,1142,556,1998,1835,60.0410,3.6810
13064,435.467,1140,562,1993,1830,60.7955,2.4627
13065,435.500,1144,578,1991,1822,57.6132,5.8096
13066,435.533,1140,575,1995,1826,61.8474,4.5427
13067,435.567,1138,565,2000,1827,60.0906,1.8384
13068,435.600,1155,567,2023,1822,58.4396,5.5804
13069,435.633,1159,565,2030,1815,58.0409,1.3785
13070,435.667,1161,554,2041,1812,56.7473,4.9396
13071,435.700,1169,555,2037,1807,60.6106,3.0542
13072,435.733,1175,555,2043,1806,61.7541,3.7216
13073,435.767,1175,539,2049,1802,56.5589,4.4598
13074,435.800,1183,553,2060,1805,56.7613,2.4762
13075,435.833,1186,550,2054,1804,60.3727,2.0338
13076,435.867,1183,553,2047,1809,61.5918,3.0729
13077,435.900,1178,544,2036,1816,57.9648,2.1316
13078,435.933,1178,556,2029,1827,62.9760,0.6216
13079,435.967,1173,541,2033,1831,61.5081,0.9099
13080,436.000,1178,565,2018,1825,61.6146,2.6030
13081,436.033,1162,542,2029,1847,61.1030,0.6881
13082,436.067,1154,551,2028,1847,61.0210,1.0622
13083,436.100,1152,537,2031,1853,63.1631,1.6678
13084,436.133,1153,544,2029,1854,60.9729,-1.9355
13085,436.167,1152,545,2028,1855,63.6036,0.5422
13086,436.200,1152,553,2028,1857,61.8949,0.9217
13087,436.233,1155,556,2025,1852,60.5357,0.2704
13088,436.267,1157,551,2022,1852,61.5208,0.5392
13089,436.300,1160,553,2026,1848,62.0158,1.3598
13090,436.333,1166,571,2031,1835,60.9124,2.0891
13091,436.367,1173,546,2032,1828,58.6816,1.2244
13092,436.400,1174,552,2028,1829,57.3411,1.4252
13093,436.433,1178,558,2026,1829,52.1740,3.6952
13094,436.467,1177,560,2031,1825,60.1654,1.4306
13095,436.500,1176,550,2033,1822,56.2865,2.2060
13096,436.533,1176,551,2030,1822,54.9904,5.4785
13097,436.567,1172,543,2031,1830,59.0958,4.0513
13098,436.600,1172,536,2033,1826,58.1191,1.9066
13099,436.633,1167,530,2034,1832,62.2508,2.4048
13100,436.667,1163,529,2036,1837,65.3849,-0.9678
13101,436.700,1162,531,2038,1836,65.9826,-2.3741
13102,436.733,1158,535,2037,1840,64.5711,-0.3239
13103,436.767,1157,524,2034,1844,61.8492,3.1201
13104,436.800,1159,525,2035,1844,64.2956,1.6600
13105,436.833,1159,527,2036,1844,62.5210,1.1261
13106,436.867,1159,524,2037,1845,60.8994,3.2232
13107,436.900,1161,527,2031,1843,60.2319,4.2086
13108,436.933,1165,540,2037,1838,60.2566,6.1948
13109,436.967,1170,544,2036,1831,60.1725,0.8640
13110,437.000,1172,533,2038,1831,57.7170,2.5544
13111,437.033,1175,538,2039,1827,59.8588,6.3250
13112,437.067,1176,545,2049,1828,59.8374,5.2251
13113,437.100,1176,550,2051,1826,61.2964,4.1742
13114,437.133,1174,547,2053,1828,57.5381,7.6225
13115,437.167,1175,545,2057,1824,60.6967,2.5908
13116,437.200,1176,538,2064,1819,62.8575,5.6175
13117,437.233,1181,535,2077,1818,57.8426,-4.4393
13118,437.267,1184,532,2097,1828,51.8443,-8.4986
13119,437.300,1184,533,2096,1825,52.2804,-8.4863
13120,437.333,1174,486,2125,1800,55.4407,-0.4014
13121,437.367,1188,500,2146,1805,50.2023,6.0914
13122,437.400,1186,505,2147,1805,46.5258,6.6220
13123,437.433,1206,491,2219,1817,43.1209,9.0109
13124,437.467,1231,483,2250,1825,44.8984,6.0315
13125,437.500,1232,473,2248,1822,40.3332,5.0003
13126,437.533,1236,440,2264,1829,40.6535,2.7810
13127,437.567,1238,464,2260,1837,35.9046,10.3787
13128,437.600,1241,467,2261,1833,34.4614,5.2211
13129,437.633,1242,474,2257,1834,33.9496,6.2278
13130,437.667,1246,472,2253,1833,36.3119,8.1286
13131,437.700,1246,470,2255,1832,39.1917,6.0230
13132,437.733,1247,480,2256,1832,35.1703,8.2957
13133,437.767,1247,475,2255,1832,39.7418,6.5543
13134,437.800,1245,473,2257,1830,36.2389,9.6425
13135,437.833,1242,474,2259,1831,34.2172,8.8824
13136,437.867,1240,474,2261,1830,35.3503,7.8948
13137,437.900,1242,478,2256,1834,34.2277,6.2652
13138,437.933,1241,478,2257,1832,36.8340,5.6213
13139,437.967,1241,475,2257,1832,34.1205,7.6677
13140,438.000,1241,479,2258,1830,34.0899,6.2296
13141,438.033,1242,474,2262,1830,30.8406,6.3904
13142,438.067,1237,475,2265,1835,36.2606,5.9612
13143,438.100,1240,473,2260,1833,35.1377,6.7842
13144,438.133,1240,481,2273,1838,37.2602,6.2809
13145,438.167,1241,477,2274,1835,36.4074,7.1543
13146,438.200,1247,474,2281,1836,37.3587,6.2452
13147,438.233,1245,475,2275,1839,36.5887,8.3090
13148,438.267,1246,471,2283,1842,36.8353,5.4248
13149,438.300,1248,466,2286,1845,33.2082,8.7128
13150,438.333,1247,469,2291,1848,31.0020,7.5777
13151,438.367,1250,475,2284,1846,35.0098,8.7616
13152,438.400,1252,466,2285,1847,35.8335,8.8065
13153,438.433,1259,470,2291,1855,32.7867,5.8639
13154,438.467,1258,466,2284,1855,31.3038,9.2012
13155,438.500,1260,477,2291,1857,29.1708,7.8906
13156,438.533,1259,483,2292,1858,31.6179,6.7635
13157,438.567,1258,480,2292,1863,28.7911,6.8002
13158,438.600,1255,484,2287,1856,33.3006,5.3122
13159,438.633,1253,476,2283,1857,34.0627,6.2757
13160,438.667,1255,473,2282,1854,31.7105,7.0321
13161,438.700,1253,471,2280,1850,32.8641,6.7673
13162,438.733,1254,474,2277,1847,33.5997,5.6444
13163,438.767,1251,471,2277,1849,32.4490,9.2397
13164,438.800,1250,474,2276,1849,30.8967,8.2140
13165,438.833,1250,477,2279,1849,23.5631,10.5734
13166,438.867,1251,475,2280,1850,29.3713,8.5140
13167,438.900,1251,482,2284,1847,32.7921,8.9532
13168,438.933,1251,480,2287,1849,34.1987,7.8133
13169,438.967,1252,481,2286,1848,32.6570,8.4225
13170,439.000,1251,480,2286,1849,33.2962,8.0318
13171,439.033,1251,475,2287,1850,31.8848,9.6123
13172,439.067,1251,473,2289,1851,28.7075,7.6291
13173,439.100,1250,473,2290,1851,29.7872,8.9755
13174,439.133,1249,472,2290,1851,28.6494,7.8715
13175,439.167,1250,470,2290,1850,31.5811,8.7268
13176,439.200,1248,477,2280,1842,27.6525,9.9801
13177,439.233,1251,475,2281,1833,26.2372,7.8967
13178,439.267,1257,482,2281,1830,27.3521,8.6931
13179,439.300,1258,473,2276,1822,26.1540,9.7170
13180,439.333,1257,466,2280,1821,31.1294,11.0707
13181,439.367,1267,457,2295,1824,25.6975,8.5846
13182,439.400,1265,475,2288,1831,28.3592,6.8154
13183,439.433,1264,473,2292,1830,35.6993,6.5520
13184,439.467,1256,481,2293,1845,25.4581,3.7530
13185,439.500,1258,472,2294,1839,27.9898,5.8374
13186,439.533,1257,466,2293,1844,30.8640,7.3523
13187,439.567,1258,470,2288,1843,31.7608,3.0974
13188,439.600,1254,467,2291,1843,32.5758,5.7127
13189,439.633,1258,459,2293,1836,31.2159,-1.2419
13190,439.667,1262,460,2295,1834,30.0454,1.5638
13191,439.700,1262,444,2294,1833,32.8031,5.2680
13192,439.733,1260,444,2299,1840,33.0076,4.9050
13193,439.767,1258,446,2297,1837,33.6607,4.6676
13194,439.800,1261,454,2297,1834,35.1001,6.3850
13195,439.833,1267,461,2303,1834,28.0707,7.2199
13196,439.867,1264,447,2306,1832,30.3930,4.0133
13197,439.900,1266,441,2304,1835,31.3974,4.2922
13198,439.933,1266,444,2303,1838,34.7189,5.8812
13199,439.967,1267,445,2301,1837,33.5502,3.3630
13200,440.000,1268,449,2302,1836,32.4162,2.6616
13201,440.033,1269,451,2300,1840,28.5398,3.4829
13202,440.067,1266,456,2297,1839,31.3662,3.4456
13203,440.100,1270,452,2296,1837,32.3389,4.9793
13204,440.133,1267,454,2297,1841,36.0142,5.4096
13205,440.167,1267,449,2296,1840,29.8465,7.8737
13206,440.200,1264,452,2294,1840,30.1174,5.3411
13207,440.233,1264,447,2297,1837,32.8175,7.8454
13208,440.267,1268,445,2297,1836,34.8977,6.5509
13209,440.300,1265,448,2298,1836,34.1314,7.7807
13210,440.333,1266,448,2299,1836,33.1551,6.2556
13211,440.367,1266,445,2296,1832,34.1588,1.5353
13212,440.400,1263,442,2298,1836,32.3961,6.4172
13213,440.433,1263,439,2300,1836,34.2334,6.0200
13214,440.467,1261,439,2301,1836,35.9992,5.8576
13215,440.500,1262,436,2302,1833,30.4984,5.2239
13216,440.533,1262,435,2303,1835,33.1849,7.8652
13217,440.567,1260,426,2303,1834,32.2154,4.3353
13218,440.600,1262,430,2299,1831,33.3685,6.1152
13219,440.633,1260,447,2296,1835,31.8044,3.8237
13220,440.667,1254,437,2297,1838,34.6887,5.1673
13221,440.700,1255,444,2295,1840,32.5847,5.9949
13222,440.733,1250,438,2292,1843,35.1299,6.9178
13223,440.767,1250,439,2290,1842,32.6779,6.9230
13224,440.800,1251,437,2290,1842,30.4492,6.4395
13225,440.833,1252,436,2289,1843,30.1230,3.9987
13226,440.867,1250,436,2289,1844,30.3453,6.1444
13227,440.900,1256,446,2287,1844,34.0854,7.1917
13228,440.933,1255,450,2284,1841,32.0217,-0.9562
13229,440.967,1256,452,2282,1842,33.3474,1.0147
13230,441.000,1260,458,2278,1836,34.6542,4.3461
13231,441.033,1260,453,2278,1838,35.1733,5.1781
13232,441.067,1262,455,2277,1837,35.6250,4.1576
13233,441.100,1261,457,2278,1837,35.0915,5.2669
13234,441.133,1259,460,2281,1836,35.1596,3.6508
13235,441.167,1257,461,2279,1837,30.5125,6.9635
13236,441.200,1253,457,2283,1837,34.7758,6.2251
13237,441.233,1258,471,2283,1831,32.3210,6.4243
13238,441.267,1247,458,2285,1835,43.3914,5.0621
13239,441.300,1240,452,2241,1825,45.9710,-6.0205
13240,441.333,1229,487,2198,1804,50.0922,-1.8681
13241,441.367,1210,446,2178,1809,51.4072,-6.2032
13242,441.400,1216,447,2179,1811,50.4117,-8.3159
13243,441.433,1178,456,2152,1807,56.9561,-2.1170
13244,441.467,1172,466,2116,1806,59.6300,0.2113
13245,441.500,1168,468,2090,1811,62.0415,1.8844
13246,441.533,1162,480,2082,1821,64.2918,1.1493
13247,441.567,1163,486,2082,1822,65.5910,2.3499
13248,441.600,1175,509,2076,1832,56.4561,2.7175
13249,441.633,1174,503,2072,1835,60.4281,3.4011
13250,441.667,1171,501,2067,1834,64.7022,3.4760
13251,441.700,1166,501,2061,1830,61.5694,3.1695
13252,441.733,1165,502,2058,1833,64.1672,2.1678
13253,441.767,1160,511,2058,1832,62.6087,2.3263
13254,441.800,1147,472,2043,1844,64.9765,3.1876
13255,441.833,1142,472,2044,1847,62.6736,2.6717
13256,441.867,1149,511,2038,1855,60.2860,0.7423
13257,441.900,1151,524,2041,1855,60.2034,1.4281
13258,441.933,1149,522,2041,1857,63.0977,0.2579
13259,441.967,1148,522,2040,1857,62.4455,-0.0101
13260,442.000,1148,519,2041,1857,60.6465,-0.6525
13261,442.033,1149,524,2040,1858,58.9184,1.7842
13262,442.067,1150,531,2038,1854,59.4550,4.7675
13263,442.100,1151,533,2037,1855,61.2677,3.6433
13264,442.133,1151,538,2039,1855,60.2611,2.1494
13265,442.167,1152,537,2039,1853,58.5178,3.1584
13266,442.200,1154,537,2041,1856,60.2545,5.7751
13267,442.233,1155,544,2044,1849,59.8573,3.2803
13268,442.267,1157,545,2042,1851,57.3212,5.3588
13269,442.300,1159,542,2052,1852,55.7641,4.7540
13270,442.333,1159,543,2049,1852,60.9524,4.9303
13271,442.367,1159,542,2048,1855,63.3084,2.7727
13272,442.400,1158,531,2050,1857,60.2322,5.4294
13273,442.433,1164,519,2066,1852,60.9398,-2.5027
13274,442.467,1159,490,2069,1832,66.9208,-2.1256
13275,442.500,1156,486,2109,1825,57.6703,-1.9858
13276,442.533,1181,523,2157,1820,56.9543,-1.6698
13277,442.567,1219,528,2189,1805,51.8121,5.3263
13278,442.600,1243,507,2245,1830,33.7265,5.4633
13279,442.633,1243,515,2243,1857,37.9916,11.3176
13280,442.667,1248,502,2249,1855,33.4856,10.0227
13281,442.700,1250,503,2250,1848,34.4729,11.2996
13282,442.733,1284,496,2277,1826,34.8414,11.5606
13283,442.767,1287,477,2302,1833,35.6862,6.9247
13284,442.800,1304,472,2306,1835,29.8905,8.8707
13285,442.833,1308,462,2317,1836,28.9405,8.6667
13286,442.867,1311,452,2335,1841,30.5405,8.0267
13287,442.900,1321,462,2332,1827,23.5762,10.3001
13288,442.933,1329,456,2343,1829,27.5479,11.1038
13289,442.967,1327,459,2349,1830,31.8495,11.3423
13290,443.000,1338,451,2353,1822,29.6146,12.8934
13291,443.033,1342,454,2361,1832,26.2018,9.6958
13292,443.067,1343,463,2360,1833,28.2950,12.3047
13293,443.100,1349,461,2362,1832,22.4032,13.3166
13294,443.133,1346,457,2362,1826,19.9744,6.2792
13295,443.167,1351,447,2367,1838,29.1142,10.7755
13296,443.200,1362,446,2375,1839,17.2838,15.1834
13297,443.233,1374,427,2382,1828,11.3693,13.5263
13298,443.267,1375,444,2387,1849,7.1812,13.7639
13299,443.300,1372,433,2391,1856,6.7669,15.8308
13300,443.333,1388,418,2402,1825,3.9423,12.1998
13301,443.367,1393,427,2404,1824,-3.4654,14.2622
13302,443.400,1402,429,2424,1824,-1.0086,12.3053
13303,443.433,1412,416,2427,1840,-2.2537,15.4341
13304,443.467,1412,411,2428,1849,-0.4651,12.8690
13305,443.500,1425,413,2438,1858,1.4451,11.1409
13306,443.533,1428,435,2441,1888,1.4528,13.2368
13307,443.567,1434,427,2440,1912,-0.4467,14.9633
13308,443.600,1433,406,2443,1890,5.4416,7.0969
13309,443.633,1434,414,2443,1878,5.3942,9.5079
13310,443.667,1429,406,2444,1890,6.5440,8.2699
13311,443.700,1437,433,2434,1881,10.0686,6.7217
13312,443.733,1431,429,2449,1897,7.7932,8.4010
13313,443.767,1442,419,2428,1889,9.2863,8.4903
13314,443.800,1435,440,2446,1896,10.6599,9.2050
13315,443.833,1444,432,2424,1899,9.3072,5.1097
13316,443.867,1413,440,2429,1941,11.0198,13.1761
13317,443.900,1414,446,2429,1959,13.8047,10.2574
13318,443.933,1414,452,2428,1958,12.0495,9.7126
13319,443.967,1406,451,2431,1943,12.4671,8.5119
13320,444.000,1416,474,2430,1960,13.1499,10.5497
13321,444.033,1418,462,2431,1984,15.1337,7.7499
13322,444.067,1406,460,2422,2013,12.0755,8.3665
13323,444.100,1407,464,2429,2009,10.7940,3.1305
13324,444.133,1404,467,2433,2007,12.0116,8.1230
13325,444.167,1403,462,2438,2013,9.2839,7.5506
13326,444.200,1403,463,2435,2015,11.7594,8.5291
13327,444.233,1401,467,2434,2019,11.2843,11.1481
13328,444.267,1400,468,2438,2019,10.7395,10.8677
13329,444.300,1406,458,2435,2018,14.3361,13.8006
13330,444.333,1425,490,2443,1966,7.4737,13.1756
13331,444.367,1427,492,2447,1960,5.1739,14.2990
13332,444.400,1422,493,2454,1955,8.7134,13.9419
13333,444.433,1417,488,2458,1958,7.9920,14.3072
13334,444.467,1421,494,2449,1931,9.9948,16.2450
13335,444.500,1420,468,2455,1922,18.4778,13.3483
13336,444.533,1426,487,2457,1882,22.9938,14.7742
13337,444.567,1440,471,2440,1882,20.4589,14.4877
13338,444.600,1443,466,2444,1878,23.2484,13.4639
13339,444.633,1432,457,2449,1904,25.0944,11.3080
13340,444.667,1455,472,2448,1875,28.8101,14.4201
13341,444.700,1457,472,2450,1871,25.1008,14.6614
13342,444.733,1458,471,2452,1876,28.0872,15.5785
13343,444.767,1459,460,2454,1875,25.4788,13.1462
13344,444.800,1457,472,2452,1878,26.6281,14.5637
13345,444.833,1456,446,2447,1871,28.5813,10.6452
13346,444.867,1429,465,2456,1944,22.7779,10.2440
13347,444.900,1431,491,2464,1913,20.7237,12.2700
13348,444.933,1446,475,2453,1949,21.4574,9.0165
13349,444.967,1448,489,2457,1937,25.9164,5.5767
13350,445.000,1423,462,2437,1967,23.4589,8.1829
13351,445.033,1432,468,2440,1979,19.0056,6.3381
13352,445.067,1425,472,2433,1974,22.0176,6.6510
13353,445.100,1425,467,2444,1970,26.9424,8.9042
13354,445.133,1405,458,2431,1984,24.8548,10.3492
13355,445.167,1394,439,2439,2007,24.8101,7.0386
13356,445.200,1390,488,2423,1945,26.5892,13.1805
13357,445.233,1388,479,2413,1941,24.3496,8.7430
13358,445.267,1367,489,2423,1965,22.4379,11.0507
13359,445.300,1361,482,2418,1942,24.4409,11.3927
13360,445.333,1366,480,2418,1941,24.4286,12.5112
13361,445.367,1357,462,2414,1934,26.8565,12.2647
13362,445.400,1365,468,2392,1898,28.9063,11.2505
13363,445.433,1366,470,2384,1872,33.9432,14.4148
13364,445.467,1361,511,2375,1864,30.8886,12.1564
13365,445.500,1367,458,2374,1847,29.7737,8.4813
13366,445.533,1358,445,2373,1855,23.5801,10.7047
13367,445.567,1357,457,2363,1850,27.6877,10.5312
13368,445.600,1349,445,2358,1854,29.2982,5.6725
13369,445.633,1318,488,2365,1921,31.4324,5.9823
13370,445.667,1321,454,2332,1897,27.0938,3.0426
13371,445.700,1318,447,2322,1896,34.6055,-0.0657
13372,445.733,1307,459,2337,1895,39.0728,-12.7333
13373,445.767,1239,446,2237,1851,39.0172,-5.9109
13374,445.800,1227,470,2225,1810,47.0384,-12.1462
13375,445.833,1225,483,2220,1844,47.2334,-5.5291
13376,445.867,1199,483,2152,1801,48.1606,-2.3255
13377,445.900,1184,506,2113,1815,54.6738,-0.1790
13378,445.933,1184,507,2090,1826,55.8770,-4.0145
13379,445.967,1181,522,2066,1829,51.4997,-0.4801
13380,446.000,1182,533,2065,1834,56.3048,0.9763
13381,446.033,1176,523,2055,1824,47.2098,0.8225
13382,446.067,1178,538,2056,1805,53.6096,3.6006
13383,446.100,1175,542,2049,1802,56.8739,3.7253
13384,446.133,1173,539,2051,1798,56.1441,6.6829
13385,446.167,1172,539,2055,1799,60.2149,5.5650
13386,446.200,1175,549,2049,1796,57.0181,6.5820
13387,446.233,1177,553,2052,1796,53.6021,6.9920
13388,446.267,1181,557,2064,1790,56.8250,7.5394
13389,446.300,1182,553,2062,1787,49.7124,9.4909
13390,446.333,1184,548,2063,1786,55.2903,8.1706
13391,446.367,1186,549,2068,1786,58.0081,5.6364
13392,446.400,1192,549,2080,1786,58.3654,6.9252
13393,446.433,1197,555,2083,1792,58.8230,4.0778
13394,446.467,1198,551,2087,1798,58.6435,6.8914
13395,446.500,1199,550,2082,1794,59.4926,3.9427
13396,446.533,1195,557,2100,1811,59.4292,5.4424
13397,446.567,1195,542,2112,1812,57.6936,2.3560
13398,446.600,1197,545,2116,1830,56.6802,-3.9837
13399,446.633,1203,552,2108,1830,63.6398,-6.1114
13400,446.667,1224,536,2141,1822,50.0645,-2.3417
13401,446.700,1260,470,2235,1829,44.7698,0.9140
13402,446.733,1282,406,2292,1832,43.6537,-5.0720
13403,446.767,1343,420,2327,1818,36.7461,0.9106
13404,446.800,1342,425,2325,1834,35.1615,-2.4556
13405,446.833,1377,439,2343,1803,32.3664,-1.4805
13406,446.867,1409,421,2376,1788,23.8323,-3.2838
13407,446.900,1419,410,2405,1800,19.5365,6.7074
13408,446.933,1421,425,2415,1797,20.7924,8.5518
13409,446.967,1428,404,2423,1808,15.3746,8.6581
13410,447.000,1443,393,2427,1804,9.7944,10.5045
13411,447.033,1441,400,2441,1808,13.5347,9.2216
13412,447.067,1435,396,2439,1812,9.6152,8.8008
13413,447.100,1434,391,2442,1809,8.5844,8.3213
13414,447.133,1431,369,2446,1795,4.3209,10.6013
13415,447.167,1431,369,2450,1814,2.9569,9.3485
13416,447.200,1432,384,2433,1800,11.1819,11.8484
13417,447.233,1431,428,2411,1806,10.3264,9.5916
13418,447.267,1433,445,2411,1779,12.5171,11.7507
13419,447.300,1434,444,2401,1846,14.5399,9.7419
13420,447.333,1426,474,2420,1897,15.2690,8.0863
13421,447.367,1426,486,2425,1924,12.3389,6.8191
13422,447.400,1436,503,2445,1916,9.5464,10.2489
13423,447.433,1438,488,2444,1921,9.1008,9.7359
13424,447.467,1431,470,2437,1925,14.4293,12.4757
13425,447.500,1444,484,2462,1901,8.4602,9.0728
13426,447.533,1472,491,2460,1889,12.5428,12.8669
13427,447.567,1491,484,2475,1874,15.3265,12.6546
13428,447.600,1491,493,2475,1864,15.8000,14.6149
13429,447.633,1509,466,2484,1853,16.2240,14.1938
13430,447.667,1550,440,2533,1827,6.8839,11.9662
13431,447.700,1559,440,2573,1842,10.0179,12.7540
13432,447.733,1566,434,2576,1819,2.1367,14.6821
13433,447.767,1566,448,2574,1816,6.4782,14.8908
13434,447.800,1594,448,2594,1827,3.8066,10.2010
13435,447.833,1611,481,2620,1854,3.9318,13.9493
13436,447.867,1634,445,2627,1818,2.2677,15.0956
13437,447.900,1637,424,2624,1839,8.1178,13.0203
13438,447.933,1648,485,2631,1879,2.5482,7.5579
13439,447.967,1632,496,2662,1932,4.6263,8.5732
13440,448.000,1677,529,2663,1882,-2.2455,8.6690
13441,448.033,1661,500,2686,1925,-2.6933,8.4975
13442,448.067,1656,507,2683,1941,-1.2827,6.9761
13443,448.100,1679,524,2699,1936,-5.5528,7.2385
13444,448.133,1698,501,2714,1922,-10.9639,14.7189
13445,448.167,1707,482,2725,1938,-6.7148,17.1003
13446,448.200,1716,491,2738,1932,-9.9678,16.4182
13447,448.233,1718,474,2740,1925,-8.7735,15.1670
13448,448.267,1725,476,2750,1916,-7.5810,17.9661
13449,448.300,1735,449,2744,1926,-8.4874,12.4222
13450,448.333,1735,433,2750,1914,-10.0566,9.6797
13451,448.367,1727,429,2742,1883,-14.9990,2.8926
13452,448.400,1732,439,2743,1876,-11.8402,5.9082
13453,448.433,1722,415,2718,1867,-15.0255,4.0905
13454,448.467,1704,409,2686,1840,-16.0414,6.2021
13455,448.500,1686,414,2657,1867,-13.8132,-1.5499
13456,448.533,1666,411,2633,1873,-18.2513,1.3938
13457,448.567,1664,414,2638,1874,-18.8052,2.0511
13458,448.600,1648,381,2625,1853,-20.9344,-3.9437
13459,448.633,1612,420,2611,1868,-14.5646,-0.8689
13460,448.667,1581,439,2590,1877,-5.7307,9.2883
13461,448.700,1584,429,2583,1863,-3.8171,5.6820
13462,448.733,1580,421,2571,1852,-1.4414,9.6138
13463,448.767,1583,438,2566,1842,-0.5069,12.6962
13464,448.800,1600,445,2569,1860,-1.7648,8.8364
13465,448.833,1587,464,2594,1844,-4.9469,11.2916
13466,448.867,1602,447,2575,1864,-4.1407,10.5613
13467,448.900,1609,432,2582,1876,-1.7230,11.1562
13468,448.933,1600,448,2612,1869,-4.9305,9.5640
13469,448.967,1622,404,2604,1851,-0.6778,6.7491
13470,449.000,1620,431,2630,1870,-4.9759,9.9833
13471,449.033,1621,426,2621,1879,-2.8432,9.8682
13472,449.067,1625,440,2641,1875,-3.9775,8.8994
13473,449.100,1650,440,2645,1874,-4.0380,9.9993
13474,449.133,1656,442,2642,1886,-5.6094,9.3421
13475,449.167,1657,439,2642,1886,-6.3417,9.5324
13476,449.200,1654,450,2642,1890,-5.1560,8.9812
13477,449.233,1660,444,2647,1884,-5.8082,7.5001
13478,449.267,1661,453,2654,1888,-3.4922,9.8468
13479,449.300,1664,443,2651,1886,-6.7428,8.7164
13480,449.333,1658,461,2654,1895,-5.6160,8.7199
13481,449.367,1661,458,2648,1884,-5.0812,8.7293
13482,449.400,1660,477,2646,1877,-2.7148,12.9193
13483,449.433,1658,474,2645,1874,-2.0388,13.3011
13484,449.467,1650,482,2642,1873,-0.4018,13.9238
13485,449.500,1649,472,2640,1876,-2.1445,9.8365
13486,449.533,1638,440,2630,1877,10.7218,8.0611
13487,449.567,1617,434,2627,1883,13.2297,7.6871
13488,449.600,1617,423,2626,1876,15.8782,5.5563
13489,449.633,1629,420,2604,1869,12.6162,5.5885
13490,449.667,1625,424,2596,1878,14.7498,3.5553
13491,449.700,1624,427,2595,1877,16.0726,5.6107
13492,449.733,1626,447,2585,1856,15.5232,9.7138
13493,449.767,1617,453,2574,1855,15.8765,6.5502
13494,449.800,1615,449,2569,1844,13.0789,4.1929
13495,449.833,1607,431,2581,1865,13.9349,11.1121
13496,449.867,1611,423,2581,1863,17.7363,13.4053
13497,449.900,1611,429,2580,1856,17.7138,12.5694
13498,449.933,1610,438,2579,1858,19.0612,11.8433
13499,449.967,1611,441,2582,1860,20.3333,16.0577
13500,450.000,1610,443,2583,1862,22.4310,13.3224
13501,450.033,1609,437,2584,1862,17.9600,13.9246
13502,450.067,1610,439,2585,1861,22.3309,12.9026
13503,450.100,1608,435,2586,1865,21.4500,12.6979
13504,450.133,1601,437,2584,1863,19.5856,14.1118
13505,450.167,1597,424,2583,1872,18.2131,14.8024
13506,450.200,1599,440,2583,1878,15.9813,8.4681
13507,450.233,1598,440,2579,1871,16.1026,14.2073
13508,450.267,1578,408,2572,1864,19.0860,13.3999
13509,450.300,1579,409,2571,1867,21.0205,12.4729
13510,450.333,1559,441,2564,1857,14.6406,12.9319
13511,450.367,1542,425,2540,1857,13.9786,11.3510
13512,450.400,1545,412,2533,1848,20.0051,11.5917
13513,450.433,1524,406,2511,1849,17.5940,14.5465
13514,450.467,1495,422,2496,1852,20.3856,16.2768
13515,450.500,1500,428,2491,1851,22.4704,14.4763
13516,450.533,1490,447,2484,1856,24.0113,14.5330
13517,450.567,1480,430,2480,1879,27.5543,12.2370
13518,450.600,1476,445,2480,1882,27.0168,9.1216
13519,450.633,1464,431,2476,1891,27.5924,11.8291
13520,450.667,1460,419,2477,1894,25.9349,11.8147
13521,450.700,1457,416,2468,1890,25.4060,9.8864
13522,450.733,1441,427,2463,1886,26.8838,10.1318
13523,450.767,1437,429,2467,1883,31.1592,11.0707
13524,450.800,1440,417,2458,1870,25.3508,8.5098
13525,450.833,1446,415,2457,1858,31.1476,10.1084
13526,450.867,1445,397,2443,1811,26.2906,0.6130
13527,450.900,1440,423,2452,1830,27.9801,2.4691
13528,450.933,1439,393,2437,1799,31.1326,4.7988
13529,450.967,1436,403,2436,1796,30.5421,8.8000
13530,451.000,1432,393,2436,1788,31.3957,8.8301
13531,451.033,1434,403,2437,1777,35.7371,0.0399
13532,451.067,1431,400,2428,1795,37.7509,8.3701
13533,451.100,1432,424,2427,1798,33.3914,8.2122
13534,451.133,1431,401,2433,1795,32.8951,12.4179
13535,451.167,1425,405,2423,1813,37.0262,8.0531
13536,451.200,1423,415,2416,1818,35.1398,8.3075
13537,451.233,1414,422,2399,1811,36.6744,4.5179
13538,451.267,1413,439,2382,1819,35.5674,4.6053
13539,451.300,1405,436,2379,1831,37.8845,7.5714
13540,451.333,1390,442,2380,1834,33.5893,2.8391
13541,451.367,1391,443,2379,1836,38.3876,8.9131
13542,451.400,1377,441,2382,1818,37.5340,5.7821
13543,451.433,1352,453,2366,1822,40.0609,6.7816
13544,451.467,1343,457,2361,1819,40.1685,6.4739
13545,451.500,1331,461,2345,1824,36.8041,7.6356
13546,451.533,1320,470,2342,1844,37.4475,5.5778
13547,451.567,1320,458,2348,1843,38.1236,4.8334
13548,451.600,1318,453,2329,1840,37.7025,2.4303
13549,451.633,1318,433,2337,1869,39.2763,5.6802
13550,451.667,1312,437,2334,1880,42.4319,5.0475
13551,451.700,1316,443,2333,1895,40.8036,4.3462
13552,451.733,1314,446,2330,1880,45.6794,8.1403
13553,451.767,1316,433,2335,1888,37.7967,14.3258
13554,451.800,1331,466,2326,1846,38.3671,10.4464
13555,451.833,1340,469,2334,1843,39.1622,10.2205
13556,451.867,1341,465,2330,1842,43.3970,9.1556
13557,451.900,1342,475,2338,1816,38.8029,12.8620
13558,451.933,1347,448,2348,1812,43.0481,8.8436
13559,451.967,1347,451,2346,1813,37.0591,8.8649
13560,452.000,1332,443,2339,1823,41.8875,8.9938
13561,452.033,1294,428,2295,1843,45.9315,3.6769
13562,452.067,1291,445,2280,1848,49.2831,6.1002
13563,452.100,1273,499,2231,1816,46.9028,3.4683
13564,452.133,1257,526,2181,1821,46.6013,4.5361
13565,452.167,1257,520,2193,1827,43.4137,7.1251
13566,452.200,1239,561,2180,1836,47.2473,5.6653
13567,452.233,1234,552,2184,1859,46.8576,2.2847
13568,452.267,1235,554,2183,1868,46.6255,4.9101
13569,452.300,1238,563,2185,1865,41.5725,3.7896
13570,452.333,1237,564,2188,1833,40.2337,2.6800
13571,452.367,1233,549,2178,1842,45.3266,2.9039
13572,452.400,1241,581,2166,1836,39.5594,0.7829
13573,452.433,1216,529,2166,1844,44.8869,1.8618
13574,452.467,1194,513,2130,1833,54.6196,0.0421
13575,452.500,1173,559,2097,1844,56.4991,0.9250
13576,452.533,1175,545,2105,1833,56.1619,-2.1255
13577,452.567,1162,544,2093,1841,53.1900,3.9430
13578,452.600,1152,549,2071,1844,53.3671,2.7204
13579,452.633,1155,545,2074,1841,54.7555,2.2502
13580,452.667,1142,522,2054,1840,48.7798,1.1549
13581,452.700,1095,463,2039,1871,56.6373,4.7274
13582,452.733,1084,504,2037,1861,52.5607,-0.3962
13583,452.767,1079,511,2016,1869,53.9102,1.5101
13584,452.800,1049,494,1952,1871,52.4297,6.0802
13585,452.833,1052,519,1951,1864,53.8534,2.7053
13586,452.867,1011,531,1931,1836,46.7168,-3.7543
13587,452.900,998,570,1908,1872,54.2182,2.0022
13588,452.933,978,573,1876,1845,62.5809,6.3325
13589,452.967,965,520,1844,1839,68.3117,3.7245
13590,453.000,962,476,1873,1830,62.7355,6.4114
13591,453.033,986,539,1883,1828,60.0213,6.1040
13592,453.067,1006,492,1899,1821,66.4610,5.5719
13593,453.100,1010,516,1902,1819,64.3528,5.0556
13594,453.133,1042,441,1913,1822,66.9865,5.0821
13595,453.167,1064,572,1939,1844,58.7918,-0.4717
13596,453.200,1064,562,1948,1840,57.2947,3.9056
13597,453.233,1081,525,1974,1806,57.2778,3.4993
13598,453.267,1114,573,1978,1802,57.1425,2.8768
13599,453.300,1115,589,1985,1806,53.0649,1.8589
13600,453.333,1121,561,2005,1827,54.3423,0.7545
13601,453.367,1141,558,2027,1826,56.6929,2.3976
13602,453.400,1143,555,2027,1837,59.0442,0.1737
13603,453.433,1150,584,2022,1818,60.0689,0.9800
13604,453.467,1153,496,2077,1811,63.8966,3.3777
13605,453.500,1154,514,2083,1808,60.2630,1.8897
13606,453.533,1166,497,2115,1795,58.7906,0.9687
13607,453.567,1197,545,2127,1823,64.0296,1.1596
13608,453.600,1198,546,2129,1815,66.2296,0.2843
13609,453.633,1213,543,2158,1829,61.4152,-10.2542
13610,453.667,1233,471,2224,1834,44.4773,-7.6875
13611,453.700,1237,464,2220,1835,41.5978,-3.4944
13612,453.733,1277,477,2268,1864,40.3849,-4.7903
13613,453.767,1311,426,2343,1850,37.0148,-2.8525
13614,453.800,1314,437,2337,1849,40.5859,0.7114
13615,453.833,1374,389,2410,1855,20.3978,9.2209
13616,453.867,1421,380,2437,1826,14.4674,12.0606
13617,453.900,1418,381,2437,1819,15.6977,13.1698
13618,453.933,1435,421,2462,1786,15.8142,11.1748
13619,453.967,1480,408,2512,1798,14.4685,12.1610
13620,454.000,1476,407,2516,1798,13.3681,13.3646
13621,454.033,1502,389,2519,1774,11.5911,8.8515
13622,454.067,1527,443,2546,1803,16.2271,11.9762
13623,454.100,1537,421,2571,1833,17.0315,8.6397
13624,454.133,1581,461,2611,1845,15.6481,8.7546
13625,454.167,1620,441,2642,1836,15.5413,8.6556
13626,454.200,1627,460,2635,1855,15.2742,3.3307
13627,454.233,1650,442,2661,1846,4.3613,7.3443
13628,454.267,1663,449,2678,1793,-0.6412,10.0173
13629,454.300,1656,444,2681,1814,3.1402,4.9668
13630,454.333,1665,450,2690,1790,2.4853,7.0263
13631,454.367,1659,466,2695,1827,9.4716,3.9716
13632,454.400,1666,466,2694,1813,3.5553,5.5993
13633,454.433,1687,474,2704,1827,1.8853,1.6787
13634,454.467,1682,483,2715,1854,0.6495,3.6255
13635,454.500,1682,486,2711,1856,1.5283,1.0143
13636,454.533,1678,481,2715,1859,3.1941,2.4623
13637,454.567,1681,473,2714,1866,3.0211,2.2099
13638,454.600,1680,462,2721,1852,0.4891,5.4776
13639,454.633,1682,504,2705,1839,4.3291,8.3408
13640,454.667,1682,502,2702,1835,3.5908,8.4617
13641,454.700,1680,505,2699,1830,3.5488,5.9788
13642,454.733,1681,503,2698,1833,2.5714,7.0635
13643,454.767,1683,507,2694,1836,3.3256,9.5077
13644,454.800,1686,461,2699,1852,4.0082,7.7820
13645,454.833,1679,465,2697,1874,1.4870,7.0498
13646,454.867,1680,464,2696,1874,-0.3968,6.5616
13647,454.900,1681,464,2690,1860,1.3822,6.3244
13648,454.933,1685,467,2678,1836,2.0623,5.6634
13649,454.967,1677,497,2674,1840,2.6271,3.8831
13650,455.000,1684,468,2670,1821,1.7325,6.0655
13651,455.033,1685,462,2668,1823,4.0897,7.0014
13652,455.067,1683,456,2666,1820,4.8222,7.7457
13653,455.100,1685,442,2661,1822,1.8224,6.9236
13654,455.133,1680,432,2659,1833,4.5041,4.6879
13655,455.167,1679,432,2660,1840,-0.9089,3.3606
13656,455.200,1671,435,2659,1837,0.6413,3.3015
13657,455.233,1666,436,2653,1827,4.2858,6.8802
13658,455.267,1667,433,2653,1828,3.7022,5.5674
13659,455.300,1669,414,2647,1810,11.1419,9.2423
13660,455.333,1674,395,2645,1800,21.9574,7.9932
13661,455.367,1669,397,2643,1805,19.4873,6.2502
13662,455.400,1660,381,2638,1803,18.1911,11.0279
13663,455.433,1650,380,2627,1815,18.3360,11.2444
13664,455.467,1653,374,2627,1810,20.0002,13.3393
13665,455.500,1651,378,2623,1811,22.6291,11.7921
13666,455.533,1648,368,2620,1811,19.2308,12.6148
13667,455.567,1646,372,2617,1813,19.0651,12.6407
13668,455.600,1641,370,2617,1804,20.9318,12.5748
13669,455.633,1636,380,2621,1802,21.7771,12.3351
13670,455.667,1635,374,2620,1805,21.1190,10.6767
13671,455.700,1631,372,2619,1805,19.7796,11.7301
13672,455.733,1630,389,2615,1800,21.2598,11.2109
13673,455.767,1630,383,2613,1793,23.9093,14.1913
13674,455.800,1632,371,2613,1790,25.9889,8.9097
13675,455.833,1632,369,2614,1791,26.0569,8.3689
13676,455.867,1632,371,2613,1791,23.0735,6.7769
13677,455.900,1631,383,2615,1794,24.1978,12.1224
13678,455.933,1632,399,2605,1782,18.9239,11.9445
13679,455.967,1623,424,2601,1789,19.2827,13.9325
13680,456.000,1614,449,2587,1782,14.9618,14.1215
13681,456.033,1617,436,2583,1779,12.6166,12.3963
13682,456.067,1599,474,2541,1767,12.3032,11.8352
13683,456.100,1577,480,2527,1783,8.8048,14.3767
13684,456.133,1579,477,2530,1785,8.7016,16.1848
13685,456.167,1563,496,2513,1776,13.0615,16.9401
13686,456.200,1559,487,2515,1773,11.2504,17.6245
13687,456.233,1546,489,2496,1776,12.6725,15.8864
13688,456.267,1526,496,2469,1753,12.8489,16.7191
13689,456.300,1526,468,2472,1763,16.3227,11.7278
13690,456.333,1511,481,2455,1750,12.6671,15.7930
13691,456.367,1498,469,2443,1747,12.6723,13.2800
13692,456.400,1500,468,2438,1743,13.7803,12.7009
13693,456.433,1485,463,2430,1742,12.5293,13.5939
13694,456.467,1475,459,2427,1743,14.5098,16.3004
13695,456.500,1474,459,2424,1740,12.9853,17.7045
13696,456.533,1473,483,2449,1765,7.7705,11.0515
13697,456.567,1450,471,2444,1768,15.9497,15.4195
13698,456.600,1454,466,2445,1772,15.8194,16.4449
13699,456.633,1452,458,2444,1775,14.3943,16.0567
13700,456.667,1451,456,2444,1772,13.6108,13.9955
13701,456.700,1455,457,2445,1770,12.3118,11.4598
13702,456.733,1458,447,2457,1782,12.6042,15.6561
13703,456.767,1464,413,2462,1778,14.3244,11.8097
13704,456.800,1465,415,2460,1779,12.6704,13.0854
13705,456.833,1474,400,2466,1796,11.1250,10.2573
13706,456.867,1493,420,2470,1782,9.7365,9.7044
13707,456.900,1497,449,2476,1783,6.9042,10.7482
13708,456.933,1513,444,2491,1750,10.4706,13.0554
13709,456.967,1543,414,2512,1769,5.1643,13.1332
13710,457.000,1541,417,2516,1763,2.7747,13.2694
13711,457.033,1570,446,2550,1763,3.4704,13.4324
13712,457.067,1591,417,2583,1755,0.4455,10.1848
13713,457.100,1592,413,2583,1768,0.4671,12.2634
13714,457.133,1604,423,2599,1752,4.9020,7.5952
13715,457.167,1659,403,2636,1767,0.2757,9.6302
13716,457.200,1659,413,2637,1768,-0.6854,11.6365
13717,457.233,1673,430,2654,1764,2.5299,-1.1924
13718,457.267,1683,447,2662,1769,4.3626,3.0422
13719,457.300,1694,450,2657,1769,5.4341,4.0383
13720,457.333,1716,432,2676,1769,0.5612,3.7705
13721,457.367,1718,430,2701,1797,-2.8842,7.7898
13722,457.400,1723,432,2698,1796,-2.8703,8.2767
13723,457.433,1727,440,2710,1800,-2.7692,4.8330
13724,457.467,1734,445,2719,1800,-4.2313,4.9133
13725,457.500,1733,457,2728,1806,-2.6071,8.5181
13726,457.533,1742,457,2729,1793,-4.1872,13.2987
13727,457.567,1746,458,2740,1799,-5.1655,10.7996
13728,457.600,1750,457,2743,1800,-2.3809,10.6909
13729,457.633,1753,464,2745,1792,-3.2728,14.1857
13730,457.667,1752,467,2746,1793,-3.3166,12.0553
13731,457.700,1750,461,2748,1797,-2.0972,13.8814
13732,457.733,1750,462,2746,1795,-3.4981,16.5854
13733,457.767,1750,473,2744,1793,-3.0968,13.8041
13734,457.800,1748,470,2741,1793,-4.1652,10.6994
13735,457.833,1747,462,2738,1791,-4.3909,13.9388
13736,457.867,1747,456,2735,1790,-3.3397,7.9910
13737,457.900,1742,461,2734,1786,-1.3534,12.1798
13738,457.933,1738,454,2724,1781,-1.7658,13.0512
13739,457.967,1738,449,2724,1788,-2.7282,11.7594
13740,458.000,1724,456,2707,1794,-12.8412,13.7003
13741,458.033,1717,454,2689,1791,-14.3922,10.7173
13742,458.067,1715,459,2689,1791,-12.9126,8.9924
13743,458.100,1709,446,2685,1782,-12.9012,14.4146
13744,458.133,1697,463,2680,1776,-12.8004,11.1278
13745,458.167,1699,466,2680,1776,-13.5193,12.0756
13746,458.200,1689,475,2646,1738,-10.6462,14.1178
13747,458.233,1677,474,2634,1725,-9.5190,14.5155
13748,458.267,1680,474,2636,1721,-9.5173,11.6145
13749,458.300,1665,459,2620,1712,-10.9376,15.6609
13750,458.333,1668,449,2602,1688,-9.3235,15.4210
13751,458.367,1654,453,2609,1700,-9.1255,14.8601
13752,458.400,1635,434,2582,1680,7.7027,13.0332
13753,458.433,1603,461,2557,1678,12.7847,17.3002
13754,458.467,1604,473,2553,1664,13.1458,17.2179
13755,458.500,1596,496,2518,1646,11.7171,11.0875
13756,458.533,1575,530,2506,1637,9.9481,16.6067
13757,458.567,1576,517,2501,1650,13.2745,13.5956
13758,458.600,1550,499,2467,1630,14.9778,14.8986
13759,458.633,1527,492,2459,1628,28.5069,14.3002
13760,458.667,1531,492,2456,1622,27.2194,9.7805
13761,458.700,1532,471,2451,1631,21.9009,17.1375
13762,458.733,1517,478,2444,1622,23.2557,14.6349
13763,458.767,1520,467,2449,1622,27.4101,17.8274
13764,458.800,1505,441,2437,1627,23.7348,18.8259
13765,458.833,1482,458,2430,1639,26.5342,15.7651
13766,458.867,1480,452,2428,1638,27.8036,16.1504
13767,458.900,1468,448,2416,1637,27.0850,16.8768
13768,458.933,1469,445,2417,1629,28.4674,18.6853
13769,458.967,1473,440,2416,1623,31.1402,19.8136
13770,459.000,1471,441,2415,1620,29.2262,18.4893
13771,459.033,1476,453,2416,1621,28.3441,16.3248
13772,459.067,1474,436,2419,1612,30.6030,18.6256
13773,459.100,1475,429,2425,1635,31.2179,18.3922
13774,459.133,1474,436,2423,1630,33.0037,14.5606
13775,459.167,1480,427,2426,1619,29.5962,15.7358
13776,459.200,1483,442,2429,1629,9.4789,16.9061
13777,459.233,1483,443,2428,1633,4.9219,17.1564
13778,459.267,1484,455,2435,1626,6.7598,11.8102
13779,459.300,1487,468,2440,1625,5.2302,19.6633
13780,459.333,1489,465,2442,1627,7.0712,13.2491
13781,459.367,1495,461,2439,1626,7.4690,16.4005
13782,459.400,1494,467,2442,1625,5.2614,16.0409
13783,459.433,1497,460,2444,1630,7.3678,14.4055
13784,459.467,1498,463,2444,1627,4.7374,17.0117
13785,459.500,1501,464,2445,1628,8.5765,16.9276
13786,459.533,1500,458,2443,1627,4.6104,16.3904
13787,459.567,1499,457,2441,1625,5.4379,15.1309
13788,459.600,1501,460,2439,1623,6.8714,16.7711
13789,459.633,1490,463,2438,1628,14.1895,11.9960
13790,459.667,1485,469,2432,1627,14.2551,11.3163
13791,459.700,1482,459,2431,1629,11.5265,11.7517
13792,459.733,1468,463,2429,1629,17.5423,15.9599
13793,459.767,1472,451,2423,1632,15.7324,14.7439
13794,459.800,1471,454,2420,1617,13.1341,15.3044
13795,459.833,1468,449,2412,1627,10.2794,17.7685
13796,459.867,1464,458,2417,1624,18.6081,13.1757
13797,459.900,1465,455,2415,1636,14.1235,13.9909
13798,459.933,1461,455,2415,1637,21.2771,17.4122
13799,459.967,1461,462,2413,1637,30.7925,21.7814
13800,460.000,1465,459,2411,1635,28.9221,21.8950
13801,460.033,1465,456,2413,1634,29.0016,19.5122
13802,460.067,1463,450,2416,1635,28.5782,19.6174
13803,460.100,1462,450,2416,1636,28.1855,21.1217
13804,460.133,1462,446,2416,1635,28.9440,20.4333
13805,460.167,1463,444,2418,1628,30.0103,19.6947
13806,460.200,1462,449,2419,1629,27.7792,18.4104
13807,460.233,1462,449,2420,1630,26.7730,20.2621
13808,460.267,1462,449,2419,1629,27.0513,18.2955
13809,460.300,1462,446,2418,1633,29.7580,15.5555
13810,460.333,1461,444,2416,1631,29.0146,17.2158
13811,460.367,1462,447,2416,1625,29.4220,18.3398
13812,460.400,1461,449,2415,1623,30.2587,16.7223
13813,460.433,1460,451,2414,1623,28.8189,13.4065
13814,460.467,1458,453,2412,1614,32.2778,16.4652
13815,460.500,1456,455,2410,1612,32.8822,20.7121
13816,460.533,1455,460,2407,1616,29.3269,20.8107
13817,460.567,1455,459,2409,1616,28.7201,17.5692
13818,460.600,1455,456,2408,1618,31.1094,15.1438
13819,460.633,1454,456,2408,1618,29.7134,15.4352
13820,460.667,1454,455,2408,1616,30.5490,14.5668
13821,460.700,1453,453,2407,1618,33.1186,13.9748
13822,460.733,1454,451,2408,1617,33.4003,13.6436
13823,460.767,1455,455,2405,1617,32.0663,14.4200
13824,460.800,1456,453,2405,1615,30.7877,17.2862
13825,460.833,1458,446,2405,1610,20.4344,19.5031
13826,460.867,1460,448,2411,1607,11.1041,18.6508
13827,460.900,1460,446,2406,1608,11.6356,19.6997
13828,460.933,1459,446,2408,1607,16.8997,21.6497
13829,460.967,1463,447,2409,1601,15.8447,20.1766
13830,461.000,1464,445,2410,1602,16.0922,20.6217
13831,461.033,1464,447,2408,1601,12.9094,19.1312
13832,461.067,1462,448,2410,1603,15.8902,17.9594
13833,461.100,1462,449,2411,1604,15.3067,17.1416
13834,461.133,1464,452,2411,1602,4.8438,22.0491
13835,461.167,1462,450,2413,1605,3.7376,19.4373
13836,461.200,1463,451,2412,1604,1.5171,19.4536
13837,461.233,1463,452,2413,1602,4.0163,20.5410
13838,461.267,1463,451,2411,1597,-0.1241,21.3218
13839,461.300,1465,448,2411,1592,3.6144,23.1918
13840,461.333,1464,447,2412,1601,-1.7891,23.9305
13841,461.367,1463,448,2414,1608,-2.6267,23.6455
13842,461.400,1467,457,2408,1613,-2.0494,23.2440
13843,461.433,1470,451,2407,1647,-4.1231,21.6479
13844,461.467,1467,459,2407,1644,-3.5531,19.5727
13845,461.500,1469,462,2407,1647,-1.1152,19.9842
13846,461.533,1470,461,2405,1659,0.3842,20.7912
13847,461.567,1472,456,2405,1673,-4.8342,21.5734
13848,461.600,1479,461,2411,1690,-2.9066,18.0583
13849,461.633,1483,465,2410,1689,-2.9397,19.9926
13850,461.667,1485,455,2407,1697,-4.5143,18.1122
13851,461.700,1484,450,2409,1702,-6.5385,20.2493
13852,461.733,1485,452,2410,1700,-2.8864,18.2139
13853,461.767,1486,454,2411,1699,-3.4096,18.2061
13854,461.800,1491,448,2409,1700,0.0511,15.6854
13855,461.833,1490,440,2411,1692,10.5154,15.2325
13856,461.867,1489,438,2414,1699,8.8967,16.3127
13857,461.900,1482,427,2416,1695,11.3766,16.3856
13858,461.933,1482,436,2413,1687,9.6458,17.5531
13859,461.967,1481,441,2411,1672,9.9153,17.9118
13860,462.000,1482,450,2405,1670,11.4751,14.1736
13861,462.033,1485,450,2403,1655,8.9994,13.2855
13862,462.067,1488,452,2402,1651,9.7056,10.5944
13863,462.100,1483,455,2400,1649,8.5297,4.5294
13864,462.133,1475,467,2400,1642,17.2264,11.6916
13865,462.167,1474,484,2402,1644,13.4999,11.0151
13866,462.200,1484,470,2404,1657,11.0637,6.5196
13867,462.233,1495,489,2399,1665,14.5398,14.0132
13868,462.267,1504,505,2404,1658,7.1465,17.9679
13869,462.300,1506,509,2409,1657,11.1996,15.0117
13870,462.333,1516,512,2410,1658,7.2378,15.8786
13871,462.367,1517,505,2411,1650,15.1956,15.0687
13872,462.400,1533,515,2414,1624,10.1533,17.4385
13873,462.433,1536,506,2417,1625,9.8157,17.4024
13874,462.467,1536,511,2419,1618,9.8637,18.1667
13875,462.500,1541,499,2425,1626,7.6933,18.0065
13876,462.533,1542,494,2428,1629,9.0636,16.3808
13877,462.567,1539,489,2430,1639,13.6810,14.6390
13878,462.600,1539,504,2428,1641,10.1442,19.9536
13879,462.633,1541,509,2429,1637,10.2896,16.4111
13880,462.667,1540,505,2432,1639,9.1389,17.5954
13881,462.700,1541,502,2432,1634,9.3130,18.7661
13882,462.733,1539,504,2433,1641,9.4483,17.0180
13883,462.767,1538,505,2434,1640,8.3580,18.8608
13884,462.800,1538,504,2436,1644,8.3536,18.0459
13885,462.833,1537,506,2438,1645,7.4440,19.6259
13886,462.867,1537,503,2439,1648,7.8577,20.3073
13887,462.900,1537,506,2438,1649,9.4734,16.2397
13888,462.933,1542,498,2437,1647,10.7291,8.4051
13889,462.967,1548,485,2440,1639,5.7014,11.3733
13890,463.000,1547,483,2439,1639,14.6880,11.9620
13891,463.033,1547,491,2441,1643,10.3764,12.5793
13892,463.067,1541,501,2438,1642,10.8840,13.0142
13893,463.100,1540,504,2437,1640,9.1497,13.5687
13894,463.133,1542,503,2437,1643,7.7095,16.1544
13895,463.167,1540,514,2434,1640,10.5635,19.7440
13896,463.200,1542,511,2433,1640,9.2732,17.9342
13897,463.233,1543,509,2433,1637,5.8986,20.4500
13898,463.267,1541,510,2432,1638,8.2517,17.7310
13899,463.300,1542,507,2433,1638,7.1068,18.6603
13900,463.333,1541,505,2433,1639,7.0017,19.5675
13901,463.367,1542,500,2433,1639,8.2964,19.6986
13902,463.400,1541,501,2433,1639,9.5388,21.5698
13903,463.433,1541,501,2432,1638,7.2524,20.3086
13904,463.467,1541,502,2432,1637,8.6079,21.8650
13905,463.500,1541,501,2432,1638,7.8957,21.8788
13906,463.533,1540,501,2433,1638,9.1797,23.4052
13907,463.567,1540,498,2433,1636,8.6345,21.2982
13908,463.600,1540,496,2433,1638,8.1349,19.6164
13909,463.633,1540,496,2434,1639,8.0872,19.3492
13910,463.667,1538,497,2434,1639,1.4442,18.9741
13911,463.700,1536,503,2435,1641,2.5010,16.2672
13912,463.733,1537,504,2434,1640,2.3807,15.6557
13913,463.767,1537,506,2434,1640,2.2845,16.7846
13914,463.800,1537,505,2434,1640,2.3628,16.6381
13915,463.833,1537,505,2434,1640,2.5627,17.4820
13916,463.867,1536,505,2434,1640,1.5516,18.5974
13917,463.900,1536,503,2434,1641,0.4071,15.1683
13918,463.933,1536,496,2436,1644,0.6286,18.5224
13919,463.967,1542,491,2441,1642,-6.5241,20.2663
13920,464.000,1542,492,2441,1644,-6.2980,15.8304
13921,464.033,1543,496,2442,1643,-7.3036,17.2128
13922,464.067,1541,499,2444,1645,-3.6100,16.3584
13923,464.100,1540,495,2445,1646,-3.8985,15.8516
13924,464.133,1540,493,2446,1648,-3.5944,18.5441
13925,464.167,1541,488,2448,1649,-9.8974,20.9762
13926,464.200,1543,493,2448,1650,-3.4234,18.1338
13927,464.233,1542,491,2448,1651,-8.8960,19.7842
13928,464.267,1543,493,2448,1650,-3.6739,19.3459
13929,464.300,1545,495,2447,1646,-8.3527,18.7833
13930,464.333,1544,502,2448,1651,-6.5534,20.0020
13931,464.367,1543,491,2447,1655,-5.6283,16.2771
13932,464.400,1544,493,2447,1655,-5.6547,18.1964
13933,464.433,1543,492,2447,1655,-4.8069,16.1444
13934,464.467,1543,491,2446,1655,-6.6674,15.9175
13935,464.500,1543,492,2446,1654,-3.4596,15.6594
13936,464.533,1543,491,2446,1655,-7.3428,16.5834
13937,464.567,1543,491,2445,1654,-5.7743,18.9393
13938,464.600,1545,492,2445,1653,-6.8807,17.9471
13939,464.633,1544,493,2446,1654,-5.6280,15.3066
13940,464.667,1544,492,2447,1654,-4.3427,15.7727
13941,464.700,1548,482,2443,1654,-4.1062,6.9062
13942,464.733,1552,476,2440,1644,9.7764,7.5312
13943,464.767,1553,481,2439,1644,9.2136,8.5797
13944,464.800,1549,486,2444,1648,18.1376,9.5768
13945,464.833,1542,494,2444,1654,18.4379,16.1492
13946,464.867,1542,495,2444,1656,18.7626,13.3002
13947,464.900,1542,494,2445,1658,17.6696,14.9357
13948,464.933,1540,497,2445,1659,17.1911,17.6306
13949,464.967,1537,498,2438,1658,18.2953,15.1891
13950,465.000,1539,498,2438,1656,15.7789,15.7289
13951,465.033,1543,499,2442,1649,16.5064,16.1455
13952,465.067,1542,499,2443,1651,18.6165,16.0722
13953,465.100,1542,498,2443,1651,18.7244,14.6206
13954,465.133,1542,498,2442,1651,17.1241,14.2589
13955,465.167,1540,496,2443,1651,17.5116,15.1368
13956,465.200,1541,496,2443,1651,17.6124,15.7270
13957,465.233,1541,497,2443,1651,17.1396,15.1897
13958,465.267,1541,497,2443,1651,16.9952,15.1281
13959,465.300,1541,496,2443,1650,15.4933,16.5284
13960,465.333,1541,499,2443,1652,18.1041,16.4716
13961,465.367,1541,499,2443,1652,17.7065,16.2707
13962,465.400,1541,499,2443,1652,18.2929,15.3505
13963,465.433,1538,502,2435,1651,15.8497,15.5763
13964,465.467,1540,497,2441,1653,21.5049,16.6599
13965,465.500,1537,502,2434,1652,20.0613,15.5163
13966,465.533,1536,502,2434,1652,19.7887,15.5430
13967,465.567,1539,496,2441,1653,22.9283,13.4854
13968,465.600,1536,503,2434,1653,19.9895,16.1711
13969,465.633,1536,504,2435,1652,20.6590,15.4986
13970,465.667,1538,499,2441,1653,22.1870,14.2055
13971,465.700,1535,504,2434,1652,22.0940,16.3492
13972,465.733,1538,496,2441,1653,20.7952,13.6331
13973,465.767,1534,503,2433,1653,21.2681,14.2355
13974,465.800,1534,505,2433,1653,20.7930,14.8950
13975,465.833,1532,505,2434,1653,21.2978,14.4282
13976,465.867,1533,500,2434,1653,20.8411,14.2862
13977,465.900,1533,503,2435,1651,23.0464,15.7053
13978,465.933,1533,505,2435,1652,23.2800,13.2206
13979,465.967,1530,506,2435,1653,21.8149,13.9335
13980,466.000,1531,505,2435,1652,23.7211,15.5027
13981,466.033,1530,504,2436,1651,23.6938,13.0886
13982,466.067,1530,503,2435,1653,24.0786,14.5268
13983,466.100,1531,500,2434,1653,23.8014,14.4082
13984,466.133,1530,501,2433,1652,25.8355,15.1716
13985,466.167,1529,500,2434,1654,24.0331,13.9301
13986,466.200,1529,500,2434,1655,22.3697,15.8249
13987,466.233,1538,491,2431,1648,18.6309,6.3396
13988,466.267,1538,489,2430,1645,19.9480,6.9345
13989,466.300,1538,488,2429,1645,15.3135,7.6738
13990,466.333,1532,496,2432,1650,27.5782,10.3058
13991,466.367,1529,498,2433,1654,27.5580,16.8494
13992,466.400,1529,495,2433,1653,27.4226,16.5985
13993,466.433,1528,496,2434,1653,28.7976,16.2379
13994,466.467,1529,495,2435,1652,28.7673,17.2400
13995,466.500,1529,494,2435,1653,27.5793,16.8577
13996,466.533,1529,494,2435,1652,27.4946,16.8268
13997,466.567,1528,496,2436,1653,25.0544,15.2328
13998,466.600,1527,495,2437,1654,27.1444,16.9085
13999,466.633,1527,497,2438,1653,23.0799,17.4126
14000,466.667,1527,497,2436,1655,27.2167,16.4634
14001,466.700,1529,497,2435,1656,27.4851,18.0458
14002,466.733,1527,496,2435,1659,26.1600,16.2015
14003,466.767,1526,494,2437,1660,27.6679,16.9702
14004,466.800,1526,495,2436,1660,26.4247,15.3608
14005,466.833,1526,491,2435,1660,26.0220,13.5551
14006,466.867,1527,493,2435,1658,28.0865,16.0095
14007,466.900,1528,491,2434,1655,24.4184,15.8018
14008,466.933,1529,492,2433,1655,25.0630,14.3967
14009,466.967,1529,491,2434,1655,23.1660,13.6897
14010,467.000,1529,492,2434,1655,24.3538,16.6128
14011,467.033,1529,491,2433,1655,22.2334,13.6823
14012,467.067,1529,491,2433,1656,22.4817,14.4433
14013,467.100,1529,491,2433,1656,22.6230,14.6224
14014,467.133,1529,491,2433,1656,22.2208,14.5027
14015,467.167,1528,489,2434,1656,24.2253,16.4014
14016,467.200,1530,484,2439,1657,26.8036,17.7988
14017,467.233,1530,484,2439,1658,27.6762,16.8868
14018,467.267,1530,484,2439,1657,27.7337,17.7522
14019,467.300,1530,484,2440,1658,25.2534,16.5957
14020,467.333,1530,484,2439,1658,27.3082,16.7849
14021,467.367,1530,483,2439,1658,27.2351,17.0651
14022,467.400,1530,483,2439,1658,27.4628,16.9639
14023,467.433,1530,482,2439,1658,27.6884,17.2416
14024,467.467,1530,483,2439,1658,27.5301,18.2377
14025,467.500,1530,483,2438,1658,26.2953,18.4393
14026,467.533,1527,491,2431,1657,13.7871,13.0510
14027,467.567,1527,489,2432,1656,11.9438,13.3101
14028,467.600,1526,493,2432,1656,11.1012,15.3703
14029,467.633,1526,493,2432,1656,11.0699,15.3201
14030,467.667,1527,493,2432,1656,11.0746,15.0165
14031,467.700,1529,487,2439,1656,12.4577,13.4154
14032,467.733,1529,485,2438,1658,15.3906,12.6073
14033,467.767,1529,485,2438,1657,13.2759,13.4113
14034,467.800,1529,484,2438,1657,15.2063,12.5629
14035,467.833,1529,484,2438,1659,12.9401,11.9462
14036,467.867,1526,490,2431,1658,10.7229,17.0886
14037,467.900,1526,489,2432,1656,11.9007,16.5613
14038,467.933,1524,485,2438,1660,9.1816,19.6811
14039,467.967,1531,477,2442,1654,10.1016,16.8953
14040,468.000,1537,468,2439,1645,10.6292,16.7826
14041,468.033,1539,465,2437,1649,9.9758,14.9116
14042,468.067,1541,469,2435,1655,8.8439,17.8847
14043,468.100,1540,467,2435,1658,7.3480,18.1553
14044,468.133,1528,459,2438,1657,8.2120,19.4468
14045,468.167,1526,459,2438,1660,7.3926,16.5443
14046,468.200,1527,459,2436,1657,9.9671,15.8389
14047,468.233,1537,470,2431,1657,10.5650,16.4429
14048,468.267,1537,467,2432,1656,8.9106,17.1016
14049,468.300,1535,464,2432,1653,20.8273,15.2799
14050,468.333,1522,459,2436,1651,30.5005,15.5753
14051,468.367,1534,471,2430,1655,27.8726,16.3565
14052,468.400,1531,466,2433,1641,27.2112,14.4387
14053,468.433,1527,479,2431,1647,27.1125,19.0138
14054,468.467,1527,484,2433,1649,25.9331,17.5017
14055,468.500,1529,482,2431,1643,25.5863,18.8053
14056,468.533,1524,489,2428,1647,27.4659,16.5869
14057,468.567,1524,493,2428,1649,27.1529,13.5080
14058,468.600,1524,498,2426,1651,29.1106,18.5756
14059,468.633,1525,499,2428,1650,26.3517,19.5236
14060,468.667,1525,497,2428,1650,27.3292,19.0065
14061,468.700,1524,491,2429,1649,24.3847,17.8781
14062,468.733,1526,481,2433,1654,27.9855,18.2322
14063,468.767,1525,484,2433,1654,28.8659,19.1242
14064,468.800,1525,478,2431,1653,29.2328,17.2926
14065,468.833,1525,475,2431,1650,28.3729,18.4689
14066,468.867,1523,473,2432,1651,29.2353,16.6661
14067,468.900,1521,474,2433,1652,26.8737,17.6322
14068,468.933,1521,474,2434,1652,28.2652,17.7483
14069,468.967,1521,475,2434,1652,26.0297,16.6276
14070,469.000,1521,475,2434,1651,27.1572,16.7574
14071,469.033,1521,477,2433,1649,23.4437,18.8712
14072,469.067,1521,476,2434,1650,24.7839,17.3390
14073,469.100,1521,477,2434,1650,22.9920,18.6471
14074,469.133,1521,477,2434,1651,24.5561,16.8553
14075,469.167,1522,475,2433,1651,29.0569,12.6498
14076,469.200,1520,462,2419,1644,26.0101,13.6546
14077,469.233,1521,464,2419,1644,23.9492,15.7330
14078,469.267,1522,467,2424,1646,24.7739,11.4054
14079,469.300,1522,470,2430,1647,27.0719,15.4840
14080,469.333,1522,469,2429,1648,27.0169,16.3223
14081,469.367,1522,472,2429,1648,28.4265,18.3502
14082,469.400,1521,475,2430,1649,28.4570,18.0812
14083,469.433,1521,473,2430,1650,26.8950,17.8072
14084,469.467,1519,472,2429,1648,26.5774,16.7503
14085,469.500,1519,472,2429,1649,27.7932,18.0855
14086,469.533,1519,472,2429,1649,27.5149,17.3369
14087,469.567,1518,471,2428,1647,28.1022,18.9285
14088,469.600,1518,469,2429,1646,28.7500,17.7852
14089,469.633,1519,467,2429,1646,21.6097,22.1531
14090,469.667,1519,467,2430,1646,13.9165,18.3263
14091,469.700,1519,468,2431,1645,13.7115,18.8768
14092,469.733,1519,468,2431,1647,12.3360,18.0393
14093,469.767,1519,468,2431,1647,12.3262,18.3108
14094,469.800,1519,469,2431,1646,12.8771,17.0018
14095,469.833,1519,470,2430,1646,12.1093,17.5943
14096,469.867,1519,468,2430,1648,12.2654,18.0210
14097,469.900,1520,467,2429,1650,11.2714,16.3716
14098,469.933,1520,466,2429,1650,11.6825,17.1396
14099,469.967,1519,466,2430,1650,13.9517,16.1259
14100,470.000,1518,468,2429,1650,13.6156,18.7148
14101,470.033,1518,468,2429,1652,15.0554,16.7715
14102,470.067,1517,467,2428,1653,13.5637,16.7164
14103,470.100,1516,470,2429,1653,13.8035,16.2543
14104,470.133,1515,468,2428,1653,13.6882,17.5178
14105,470.167,1515,470,2427,1653,13.2417,17.1523
14106,470.200,1515,471,2428,1655,13.1521,15.5678
14107,470.233,1514,473,2427,1654,14.7140,16.7475
14108,470.267,1515,471,2428,1654,13.0316,16.5562
14109,470.300,1515,475,2428,1655,12.9207,16.9173
14110,470.333,1515,473,2428,1655,12.5291,19.1251
14111,470.367,1515,469,2428,1655,13.0605,16.6329
14112,470.400,1515,468,2429,1654,12.1212,18.1821
14113,470.433,1515,466,2428,1654,17.9145,17.5634
14114,470.467,1515,465,2429,1654,15.6982,16.4110
14115,470.500,1515,466,2429,1653,13.4745,17.1461
14116,470.533,1516,468,2429,1653,14.8361,17.8909
14117,470.567,1517,466,2429,1654,26.0349,14.5405
14118,470.600,1517,468,2428,1654,27.4401,13.4858
14119,470.633,1516,469,2428,1655,28.7469,15.1235
14120,470.667,1515,470,2427,1655,27.5603,14.8640
14121,470.700,1514,473,2426,1655,27.8414,16.3275
14122,470.733,1514,473,2425,1657,27.0563,14.9371
14123,470.767,1515,474,2426,1658,28.1662,14.5785
14124,470.800,1515,474,2425,1658,27.6003,14.2507
14125,470.833,1515,473,2423,1656,24.1147,13.8891
14126,470.867,1515,474,2423,1656,24.2530,12.4290
14127,470.900,1516,470,2421,1656,26.3458,13.3050
14128,470.933,1515,470,2420,1653,27.0834,14.9970
14129,470.967,1517,467,2420,1650,28.5946,11.4934
14130,471.000,1518,469,2425,1647,27.4631,14.1394
14131,471.033,1519,469,2428,1646,29.0090,12.9236
14132,471.067,1519,469,2427,1650,29.9224,14.3621
14133,471.100,1519,466,2427,1650,28.7359,11.8979
14134,471.133,1525,464,2425,1650,30.7169,7.7449
14135,471.167,1517,453,2418,1646,12.5316,11.2267
14136,471.200,1518,457,2417,1646,13.4824,10.8435
14137,471.233,1522,459,2421,1650,10.0638,12.4830
14138,471.267,1522,466,2421,1650,13.2098,9.5256
14139,471.300,1524,464,2426,1651,10.8651,12.4499
14140,471.333,1522,466,2426,1652,11.8223,16.4087
14141,471.367,1521,467,2427,1652,10.8806,14.7740
14142,471.400,1521,468,2426,1655,11.6874,17.6041
14143,471.433,1520,469,2426,1655,13.2232,19.4754
14144,471.467,1519,463,2424,1655,12.2921,16.6347
14145,471.500,1520,462,2422,1655,9.8752,15.0097
14146,471.533,1519,460,2423,1656,9.6075,13.0318
14147,471.567,1517,462,2422,1658,11.7544,14.4563
14148,471.600,1518,466,2422,1658,11.6567,17.9129
14149,471.633,1518,467,2421,1657,11.6339,19.0602
14150,471.667,1518,467,2422,1658,10.8714,19.9260
14151,471.700,1517,472,2423,1658,11.4700,17.8234
14152,471.733,1518,469,2423,1657,12.3795,20.0164
14153,471.767,1517,469,2422,1657,9.9727,19.3801
14154,471.800,1517,470,2422,1657,12.2124,16.7984
14155,471.833,1519,468,2422,1657,11.1400,19.4064
14156,471.867,1519,468,2423,1656,9.2833,18.9208
14157,471.900,1521,470,2425,1657,12.4462,18.4312
14158,471.933,1520,469,2426,1656,12.3822,18.5428
14159,471.967,1520,469,2426,1657,12.9214,19.1137
14160,472.000,1520,469,2426,1656,11.9521,18.7101
14161,472.033,1520,470,2426,1655,12.8845,19.5033
14162,472.067,1521,476,2425,1657,13.6109,18.7077
14163,472.100,1521,468,2425,1659,13.6525,16.5677
14164,472.133,1522,468,2425,1660,13.7864,16.8395
14165,472.167,1522,468,2423,1658,12.1071,19.3226
14166,472.200,1522,468,2423,1658,11.2758,19.4907
14167,472.233,1522,468,2423,1659,12.3423,18.2824
14168,472.267,1522,468,2423,1659,12.3228,18.4369
14169,472.300,1521,468,2424,1660,14.5429,18.2888
14170,472.333,1521,466,2424,1660,13.5978,18.5784
14171,472.367,1521,468,2425,1660,13.2263,16.7183
14172,472.400,1521,466,2424,1661,14.2576,17.8405
14173,472.433,1521,467,2424,1661,12.6949,17.9491
14174,472.467,1521,467,2425,1661,13.6993,17.6998
14175,472.500,1521,469,2425,1660,15.1460,17.4378
14176,472.533,1521,469,2425,1660,14.6428,16.8542
14177,472.567,1521,468,2425,1659,12.7370,16.5305
14178,472.600,1523,470,2426,1656,4.2117,16.6095
14179,472.633,1524,471,2426,1656,4.6503,17.5719
14180,472.667,1524,467,2425,1656,-3.4132,20.3420
14181,472.700,1524,466,2426,1655,-1.6061,20.4010
14182,472.733,1525,466,2426,1655,-3.1559,21.1364
14183,472.767,1525,467,2425,1656,-2.4481,20.7695
14184,472.800,1525,467,2425,1656,-3.3461,20.2922
14185,472.833,1525,469,2426,1655,-4.2574,21.3831
14186,472.867,1525,470,2425,1655,-2.2557,21.9265
14187,472.900,1527,467,2426,1650,-2.8024,19.5363
14188,472.933,1526,467,2426,1651,-3.6799,19.0052
14189,472.967,1526,467,2425,1652,-2.3906,17.4075
14190,473.000,1526,467,2425,1651,-1.6717,17.3958
14191,473.033,1526,468,2425,1652,-2.5293,16.8940
14192,473.067,1525,466,2426,1654,-1.5369,18.0382
14193,473.100,1525,466,2426,1655,-1.4634,20.0833
14194,473.133,1525,466,2426,1654,-1.2655,18.7525
14195,473.167,1525,462,2426,1654,-1.3413,18.0784
14196,473.200,1524,464,2426,1654,-0.3215,22.4990
14197,473.233,1522,465,2426,1653,13.8337,18.7973
14198,473.267,1521,466,2427,1653,11.8467,18.5850
14199,473.300,1520,467,2426,1652,14.1529,18.4355
14200,473.333,1519,468,2426,1652,16.1568,20.1218
14201,473.367,1519,468,2427,1652,14.6627,20.0438
14202,473.400,1519,467,2426,1652,15.0320,19.1165
14203,473.433,1519,467,2427,1653,13.7989,18.7873
14204,473.467,1520,469,2429,1653,13.2944,16.2850
14205,473.500,1519,470,2428,1653,12.4805,16.4637
14206,473.533,1519,470,2428,1653,13.3952,16.7070
14207,473.567,1518,475,2428,1652,22.9131,17.1132
14208,473.600,1518,474,2428,1653,24.3385,17.6708
14209,473.633,1518,472,2427,1652,28.5688,15.6587
14210,473.667,1518,473,2427,1653,28.3383,14.8575
14211,473.700,1517,475,2427,1653,28.5464,16.8773
14212,473.733,1517,475,2427,1654,29.1215,17.0232
14213,473.767,1517,474,2427,1654,29.7088,16.5235
14214,473.800,1517,475,2426,1654,28.0393,18.5551
14215,473.833,1516,475,2426,1654,29.5938,16.8717
14216,473.867,1516,472,2426,1654,30.4367,17.5013
14217,473.900,1517,474,2425,1653,27.0156,18.8566
14218,473.933,1516,473,2424,1654,28.8904,19.7730
14219,473.967,1516,471,2424,1654,28.1855,18.4287
14220,474.000,1516,473,2425,1653,28.5381,19.1102
14221,474.033,1516,473,2424,1654,29.4921,19.8505
14222,474.067,1516,472,2424,1655,28.7502,18.9323
14223,474.100,1516,473,2424,1655,28.3613,19.2245
14224,474.133,1516,472,2423,1655,29.8239,17.6306
14225,474.167,1517,471,2424,1654,19.9620,15.5174
14226,474.200,1518,471,2424,1654,18.0502,16.7061
14227,474.233,1518,472,2424,1654,15.0958,17.3596
14228,474.267,1518,471,2424,1654,15.2571,17.9917
14229,474.300,1519,469,2424,1653,15.1700,18.0591
14230,474.333,1520,467,2426,1653,14.1703,17.9949
14231,474.367,1521,463,2426,1652,11.7204,18.9985
14232,474.400,1521,462,2427,1652,14.2065,18.7825
14233,474.433,1520,461,2427,1653,15.2164,19.2690
14234,474.467,1521,462,2426,1652,14.2029,19.6000
14235,474.500,1521,463,2426,1652,12.1198,19.2748
14236,474.533,1521,463,2426,1651,11.2361,18.5683
14237,474.567,1520,463,2425,1651,12.4469,18.6376
14238,474.600,1520,464,2425,1651,13.9730,21.1456
14239,474.633,1522,460,2425,1652,8.6603,20.6908
14240,474.667,1522,461,2425,1651,10.9717,18.2499
14241,474.700,1523,462,2423,1653,0.2948,16.8818
14242,474.733,1522,463,2423,1653,-3.4128,19.4729
14243,474.767,1522,462,2423,1653,-1.3545,18.3321
14244,474.800,1522,462,2422,1654,-2.2057,19.3433
14245,474.833,1522,462,2422,1653,-0.5461,18.2310
14246,474.867,1522,462,2423,1653,-1.0636,18.4645
14247,474.900,1521,459,2426,1657,-4.9195,17.7660
14248,474.933,1521,462,2426,1654,-2.6996,18.3323
14249,474.967,1520,460,2427,1653,-6.5366,18.0132
14250,475.000,1520,459,2427,1653,-6.0767,18.3651
14251,475.033,1522,460,2427,1651,-5.2565,16.7717
14252,475.067,1523,456,2427,1651,-4.9063,19.1302
14253,475.100,1522,457,2427,1652,-5.2885,20.2424
14254,475.133,1522,458,2426,1652,-5.4137,19.8749
14255,475.167,1522,453,2427,1653,-4.7472,20.2373
14256,475.200,1522,454,2426,1653,-2.6531,20.2552
14257,475.233,1522,455,2425,1653,-4.1739,18.1209
14258,475.267,1523,454,2425,1653,-3.7732,19.6848
14259,475.300,1522,454,2425,1653,-3.3724,19.7709
14260,475.333,1522,459,2424,1653,-7.2897,20.3740
14261,475.367,1522,459,2423,1653,-7.0488,18.3524
14262,475.400,1519,458,2416,1648,15.7521,12.6748
14263,475.433,1520,467,2415,1648,14.4684,12.5445
14264,475.467,1521,469,2416,1647,16.3494,10.7922
14265,475.500,1523,465,2418,1650,11.5649,14.7919
14266,475.533,1520,468,2420,1650,12.9351,13.1162
14267,475.567,1520,468,2420,1650,13.3173,14.7374
14268,475.600,1520,474,2421,1653,15.9685,15.6021
14269,475.633,1519,475,2421,1653,15.4729,15.2962
14270,475.667,1519,478,2421,1655,13.3175,18.0819
14271,475.700,1518,480,2420,1657,13.2460,16.7863
14272,475.733,1518,476,2420,1657,10.9397,16.4639
14273,475.767,1518,476,2420,1657,10.8801,16.3682
14274,475.800,1518,476,2420,1657,11.2167,16.4048
14275,475.833,1518,471,2420,1658,12.2164,16.6124
14276,475.867,1518,473,2420,1658,13.0388,15.2740
14277,475.900,1519,468,2418,1654,12.1081,14.7924
14278,475.933,1520,469,2417,1653,11.5886,15.9392
14279,475.967,1519,470,2417,1654,15.1334,14.4009
14280,476.000,1518,467,2417,1654,11.9612,16.7660
14281,476.033,1518,469,2416,1654,13.3040,15.9299
14282,476.067,1518,474,2415,1655,26.9312,16.5916
14283,476.100,1516,472,2414,1656,28.5007,14.8343
14284,476.133,1516,471,2414,1656,29.2701,17.1009
14285,476.167,1517,470,2415,1656,29.7464,18.3693
14286,476.200,1517,469,2415,1656,30.3215,18.1259
14287,476.233,1517,467,2415,1656,29.5075,17.4218
14288,476.267,1517,466,2416,1657,31.1525,15.5113
14289,476.300,1517,468,2415,1656,29.4940,15.7073
14290,476.333,1517,470,2417,1656,32.2849,17.8804
14291,476.367,1518,468,2419,1655,33.6655,20.7067
14292,476.400,1518,468,2420,1655,32.8091,20.3150
14293,476.433,1518,462,2420,1656,34.7749,23.0070
14294,476.467,1518,462,2422,1656,34.5777,20.5932
14295,476.500,1518,463,2424,1656,36.3873,21.8230
14296,476.533,1519,465,2423,1656,34.6945,19.8286
14297,476.567,1519,468,2423,1656,36.2531,20.5498
14298,476.600,1519,468,2424,1658,35.1743,21.3867
14299,476.633,1519,466,2425,1658,35.2996,20.1182
14300,476.667,1518,463,2424,1657,36.6800,20.5159
14301,476.700,1518,463,2423,1661,36.2674,20.3990
14302,476.733,1517,459,2415,1662,35.9650,22.4020
14303,476.767,1513,466,2415,1663,35.9467,21.5289
14304,476.800,1515,459,2414,1656,36.1984,20.6498
14305,476.833,1512,452,2412,1652,34.6199,24.5949
14306,476.867,1511,451,2412,1652,33.5125,25.4207
14307,476.900,1508,459,2416,1657,33.3749,20.7361
14308,476.933,1507,457,2413,1664,33.3786,19.7705
14309,476.967,1506,456,2413,1666,32.6681,22.2824
14310,477.000,1504,457,2414,1670,32.5395,23.1467
14311,477.033,1505,463,2412,1672,32.6100,22.6090
14312,477.067,1504,469,2413,1674,31.3193,24.1819
14313,477.100,1499,471,2412,1675,30.7312,25.2503
14314,477.133,1499,469,2412,1674,33.9300,24.3890
14315,477.167,1500,470,2410,1670,30.5949,24.8928
14316,477.200,1500,470,2410,1670,30.9284,24.9568
14317,477.233,1500,473,2411,1670,29.0319,26.2448
14318,477.267,1500,474,2411,1670,28.6702,26.4000
14319,477.300,1499,474,2411,1671,27.3312,26.1332
14320,477.333,1496,467,2415,1668,28.6736,22.9959
14321,477.367,1496,466,2415,1667,26.6491,24.3824
14322,477.400,1495,466,2415,1666,27.4053,24.5705
14323,477.433,1499,467,2412,1666,27.6951,25.2529
14324,477.467,1496,463,2416,1663,27.7398,26.0880
14325,477.500,1503,463,2412,1662,29.4017,21.2499
14326,477.533,1504,461,2412,1662,28.1660,21.4875
14327,477.567,1504,462,2411,1661,26.9483,21.5580
14328,477.600,1502,462,2412,1661,25.3780,23.7460
14329,477.633,1501,466,2408,1664,11.3781,24.1493
14330,477.667,1501,466,2408,1663,11.1851,22.0344
14331,477.700,1501,467,2409,1665,7.8191,25.9177
14332,477.733,1501,465,2408,1665,11.4981,23.3927
14333,477.767,1501,465,2407,1664,9.4441,23.4869
14334,477.800,1500,466,2407,1664,6.9843,24.4162
14335,477.833,1503,465,2408,1662,10.9907,22.1685
14336,477.867,1504,463,2408,1662,12.7703,22.5478
14337,477.900,1504,462,2409,1663,14.3991,23.2088
14338,477.933,1504,462,2409,1663,13.8195,23.5873
14339,477.967,1504,462,2410,1664,13.7431,24.0153
14340,478.000,1504,463,2409,1660,12.3723,25.9868
14341,478.033,1504,466,2411,1661,10.2157,25.8460
14342,478.067,1505,467,2412,1663,11.7200,27.5218
14343,478.100,1506,466,2412,1665,11.7745,17.0611
14344,478.133,1508,464,2412,1660,10.7204,16.9993
14345,478.167,1510,466,2411,1657,11.1759,14.4241
14346,478.200,1512,467,2411,1651,13.9470,17.0900
14347,478.233,1509,467,2412,1650,15.7332,18.9710
14348,478.267,1510,466,2412,1651,16.7056,16.6394
14349,478.300,1510,462,2412,1650,15.1255,17.8225
14350,478.333,1510,465,2412,1651,16.8640,17.2286
14351,478.367,1509,469,2412,1655,14.5483,17.9557
14352,478.400,1508,460,2406,1654,11.2081,15.5819
14353,478.433,1507,471,2415,1666,11.3532,15.9930
14354,478.467,1506,490,2412,1672,6.5795,17.7934
14355,478.500,1502,492,2411,1670,12.8010,14.3480
14356,478.533,1499,489,2401,1674,18.6409,8.5044
14357,478.567,1498,487,2401,1675,19.3295,4.8653
14358,478.600,1503,465,2387,1635,24.1016,10.2635
14359,478.633,1500,494,2400,1647,30.3058,10.1850
14360,478.667,1499,488,2400,1645,28.5663,12.3542
14361,478.700,1495,481,2400,1646,29.2799,15.4147
14362,478.733,1497,485,2401,1645,27.8622,13.0515
14363,478.767,1494,481,2403,1650,27.2481,15.9790
14364,478.800,1493,476,2406,1654,28.3680,14.9328
14365,478.833,1493,477,2407,1653,25.7513,14.8592
14366,478.867,1492,478,2407,1652,25.4995,18.3995
14367,478.900,1494,472,2407,1651,30.3831,18.1217
14368,478.933,1494,472,2407,1651,30.4592,18.4204
14369,478.967,1493,472,2407,1650,30.5264,15.3255
14370,479.000,1492,474,2407,1650,30.7614,13.6257
14371,479.033,1495,476,2407,1648,31.2482,12.7056
14372,479.067,1496,483,2402,1642,26.6859,9.7365
14373,479.100,1493,487,2399,1651,23.1541,9.7164
14374,479.133,1495,486,2396,1651,22.6577,10.1273
14375,479.167,1503,486,2387,1639,19.3625,10.3230
14376,479.200,1488,499,2384,1659,24.7051,7.3586
14377,479.233,1486,507,2390,1652,22.0854,5.9664
14378,479.267,1475,505,2363,1647,18.7887,5.4087
14379,479.300,1479,518,2349,1635,16.7660,4.9126
14380,479.333,1455,479,2340,1646,27.2928,3.8424
14381,479.367,1433,455,2344,1644,30.2710,9.6930
14382,479.400,1400,430,2321,1663,42.5749,14.5889
14383,479.433,1408,415,2319,1659,38.5632,8.8597
14384,479.467,1397,442,2298,1671,32.6514,10.0284
14385,479.500,1398,445,2303,1671,40.0654,12.7413
14386,479.533,1381,431,2284,1669,32.1132,9.0147
14387,479.567,1349,463,2246,1670,31.0453,7.8572
14388,479.600,1350,452,2247,1676,30.7571,4.9354
14389,479.633,1342,456,2249,1686,38.0734,9.5408
14390,479.667,1342,454,2234,1690,40.8477,-0.0572
14391,479.700,1339,459,2238,1695,36.1695,-0.1783
14392,479.733,1331,475,2236,1699,28.7371,2.9875
14393,479.767,1325,464,2237,1703,30.6221,4.9153
14394,479.800,1334,451,2238,1702,30.1370,5.1443
14395,479.833,1336,450,2243,1694,26.5430,4.8529
14396,479.867,1340,447,2246,1696,28.3395,7.1167
14397,479.900,1340,453,2247,1692,31.9600,7.8327
14398,479.933,1348,442,2255,1693,30.0522,6.2719
14399,479.967,1357,445,2265,1691,30.8385,7.3211
14400,480.000,1358,432,2273,1690,25.1647,8.9207
14401,480.033,1369,433,2274,1686,28.4580,10.7744
14402,480.067,1377,437,2288,1692,29.0208,13.0919
14403,480.100,1376,441,2283,1687,28.4260,11.0540
14404,480.133,1377,438,2286,1692,25.3044,12.0469
14405,480.167,1378,434,2289,1692,28.1462,12.9657
14406,480.200,1378,436,2292,1691,28.2080,13.6091
14407,480.233,1378,434,2292,1689,30.3271,12.6861
14408,480.267,1382,438,2295,1684,30.2991,14.7566
14409,480.300,1380,440,2294,1685,25.5637,13.4006
14410,480.333,1379,442,2296,1686,30.8501,15.1462
14411,480.367,1379,444,2295,1686,30.6367,16.6931
14412,480.400,1380,445,2296,1686,28.9279,13.9289
14413,480.433,1381,444,2297,1687,26.6962,15.6135
14414,480.467,1381,450,2297,1691,28.7279,11.0628
14415,480.500,1381,453,2298,1690,25.6330,16.6054
14416,480.533,1382,456,2297,1689,24.7233,15.0597
14417,480.567,1385,454,2298,1689,28.8810,13.4420
14418,480.600,1384,456,2299,1689,29.2893,12.4904
14419,480.633,1385,458,2299,1687,27.1196,13.8842
14420,480.667,1384,454,2303,1689,28.6591,17.1216
14421,480.700,1383,450,2305,1689,31.0486,16.3346
14422,480.733,1384,450,2307,1692,29.6848,14.2950
14423,480.767,1384,450,2306,1692,30.3059,15.5600
14424,480.800,1384,450,2306,1692,30.0794,14.2661
14425,480.833,1384,448,2305,1695,31.4848,15.4121
14426,480.867,1384,449,2306,1699,31.8768,14.4700
14427,480.900,1381,451,2300,1702,29.8040,16.1228
14428,480.933,1380,451,2298,1699,30.2665,17.3755
14429,480.967,1382,455,2299,1698,24.7673,19.5282
14430,481.000,1382,457,2299,1699,23.0173,16.3274
14431,481.033,1381,456,2295,1697,21.9070,16.7929
14432,481.067,1382,458,2295,1692,25.4773,15.2939
14433,481.100,1383,463,2295,1690,19.9346,15.7534
14434,481.133,1384,460,2296,1687,22.6231,16.2804
14435,481.167,1385,455,2298,1688,18.5657,16.5704
14436,481.200,1386,454,2298,1687,21.0219,16.7532
14437,481.233,1386,455,2298,1686,21.7496,17.3284
14438,481.267,1386,454,2298,1686,22.2434,17.6524
14439,481.300,1385,454,2294,1688,19.9950,16.6517
14440,481.333,1388,463,2293,1690,23.2229,13.9197
14441,481.367,1388,458,2300,1695,22.3454,15.8180
14442,481.400,1388,462,2300,1694,23.6313,16.1426
14443,481.433,1387,463,2302,1697,20.4156,15.9408
14444,481.467,1387,464,2299,1692,23.6502,13.6019
14445,481.500,1384,458,2301,1695,26.3488,13.5607
14446,481.533,1382,455,2299,1697,20.7257,17.1090
14447,481.567,1382,452,2300,1698,18.8402,15.0493
14448,481.600,1382,453,2300,1700,15.9879,17.5058
14449,481.633,1382,457,2295,1700,15.7112,16.2107
14450,481.667,1384,455,2298,1699,12.7167,14.2089
14451,481.700,1385,466,2292,1707,8.3200,14.3074
14452,481.733,1385,469,2287,1707,19.1955,13.0668
14453,481.767,1385,470,2285,1709,21.2100,12.9827
14454,481.800,1386,469,2291,1712,13.1694,15.3716
14455,481.833,1387,465,2295,1718,8.3663,13.2505
14456,481.867,1388,466,2297,1718,15.1175,13.9135
14457,481.900,1387,460,2299,1727,15.0896,21.7966
14458,481.933,1387,459,2300,1730,16.5351,18.5098
14459,481.967,1387,458,2297,1727,18.5627,17.1829
14460,482.000,1386,456,2297,1729,16.2237,16.7898
14461,482.033,1387,458,2298,1729,21.3826,16.0036
14462,482.067,1387,458,2298,1729,18.5228,15.2820
14463,482.100,1387,457,2300,1728,18.3563,15.3203
14464,482.133,1386,456,2302,1728,22.9394,15.3605
14465,482.167,1385,456,2303,1730,19.0341,17.2072
14466,482.200,1385,453,2305,1731,22.3165,15.8553
14467,482.233,1385,453,2304,1731,18.8589,15.2461
14468,482.267,1384,455,2303,1732,17.9303,18.8000
14469,482.300,1384,456,2301,1730,15.7028,18.8858
14470,482.333,1385,455,2302,1729,16.2956,16.6676
14471,482.367,1385,456,2302,1726,17.2449,14.8103
14472,482.400,1385,459,2299,1725,22.3666,14.3252
14473,482.433,1386,460,2300,1728,21.4892,9.1417
14474,482.467,1387,463,2300,1726,20.8816,14.4008
14475,482.500,1388,462,2299,1726,14.8113,11.0480
14476,482.533,1387,463,2298,1723,17.7665,11.9258
14477,482.567,1388,466,2298,1725,13.3303,14.1820
14478,482.600,1388,469,2296,1725,12.4185,14.7291
14479,482.633,1389,468,2295,1714,14.5962,13.1557
14480,482.667,1388,470,2296,1717,15.4970,14.1909
14481,482.700,1387,468,2297,1716,12.0054,16.7896
14482,482.733,1386,468,2298,1722,16.6041,16.0131
14483,482.767,1387,466,2297,1717,11.2745,13.2423
14484,482.800,1385,466,2296,1719,16.1793,17.6028
14485,482.833,1385,462,2301,1710,19.7272,15.5904
14486,482.867,1386,458,2305,1714,19.0287,13.0242
14487,482.900,1385,456,2299,1703,11.3363,17.9076
14488,482.933,1385,454,2296,1702,12.3123,16.2153
14489,482.967,1385,454,2295,1699,12.4691,17.9699
14490,483.000,1384,456,2296,1703,9.8477,18.5378
14491,483.033,1385,456,2296,1703,10.5347,17.3058
14492,483.067,1385,458,2299,1704,9.6994,16.1196
14493,483.100,1386,458,2298,1703,14.0391,17.0676
14494,483.133,1385,459,2300,1705,8.8590,17.4885
14495,483.167,1386,457,2301,1705,12.6624,15.8356
14496,483.200,1386,462,2298,1708,10.7464,17.4501
14497,483.233,1388,458,2300,1707,10.8200,17.7839
14498,483.267,1385,457,2300,1707,8.5830,17.7650
14499,483.300,1386,457,2299,1711,10.6102,16.3762
14500,483.333,1386,455,2301,1710,9.4097,18.3185
14501,483.367,1386,458,2301,1710,14.3589,16.2832
14502,483.400,1385,452,2302,1709,14.5885,17.8823
14503,483.433,1384,452,2304,1710,13.1172,16.9410
14504,483.467,1384,451,2303,1710,21.6019,19.1682
14505,483.500,1384,452,2302,1710,18.4982,18.6608
14506,483.533,1383,453,2300,1707,18.6858,17.9786
14507,483.567,1382,454,2300,1708,15.5777,17.4122
14508,483.600,1381,452,2300,1712,18.7439,17.5148
14509,483.633,1373,457,2294,1714,23.9935,11.8552
14510,483.667,1371,456,2295,1715,29.6787,11.8331
14511,483.700,1372,449,2294,1715,26.4274,9.1978
14512,483.733,1378,444,2297,1709,29.1553,14.2896
14513,483.767,1379,446,2297,1707,25.2211,12.8461
14514,483.800,1379,447,2295,1708,26.2553,14.9557
14515,483.833,1384,452,2289,1695,25.3873,11.5750
14516,483.867,1387,452,2286,1698,31.8934,11.5197
14517,483.900,1392,448,2284,1699,26.4346,15.0250
14518,483.933,1386,452,2292,1730,26.0903,13.0775
14519,483.967,1377,463,2282,1726,23.8299,13.6866
14520,484.000,1377,472,2285,1736,22.3319,13.5748
14521,484.033,1376,476,2279,1737,25.8206,9.4740
14522,484.067,1379,462,2284,1735,20.1830,12.6254
14523,484.100,1382,469,2285,1729,15.3254,9.5500
14524,484.133,1388,455,2296,1718,20.8258,13.5658
14525,484.167,1388,449,2297,1708,18.2970,20.4016
14526,484.200,1387,453,2296,1715,24.1824,15.0519
14527,484.233,1389,450,2295,1701,20.0631,19.3166
14528,484.267,1385,443,2300,1712,19.8840,18.2391
14529,484.300,1384,443,2300,1711,21.0957,18.2593
14530,484.333,1382,446,2298,1709,14.5303,18.9835
14531,484.367,1383,442,2300,1708,23.6485,20.4904
14532,484.400,1384,442,2298,1707,21.3607,19.8913
14533,484.433,1385,440,2299,1704,16.1289,19.7406
14534,484.467,1385,450,2297,1702,17.1139,20.3369
14535,484.500,1388,449,2296,1699,19.1195,21.9187
14536,484.533,1387,448,2301,1701,21.2562,17.7623
14537,484.567,1389,452,2300,1701,17.4064,19.9462
14538,484.600,1393,462,2289,1689,19.6303,21.3409
14539,484.633,1388,475,2310,1728,14.5744,23.4317
14540,484.667,1388,476,2309,1724,14.9274,21.2665
14541,484.700,1414,487,2289,1701,12.1317,17.9062
14542,484.733,1418,466,2309,1682,10.6567,20.0688
14543,484.767,1413,455,2303,1683,10.6671,20.3624
14544,484.800,1414,433,2329,1689,7.0037,23.5824
14545,484.833,1427,443,2335,1681,5.7962,25.1347
14546,484.867,1427,435,2341,1687,3.7509,22.4873
14547,484.900,1433,447,2342,1661,6.7858,26.7808
14548,484.933,1435,476,2341,1641,2.0067,29.8768
14549,484.967,1442,488,2344,1641,2.6665,27.5413
14550,485.000,1452,480,2357,1648,3.0210,26.7440
14551,485.033,1477,488,2354,1634,4.3916,24.3721
14552,485.067,1479,488,2357,1631,3.7099,25.5130
14553,485.100,1485,462,2374,1626,4.9437,28.2013
14554,485.133,1502,466,2381,1644,-1.6654,25.3058
14555,485.167,1498,458,2380,1651,0.3726,29.4426
14556,485.200,1507,473,2390,1654,1.8073,30.5477
14557,485.233,1518,484,2393,1648,1.6513,23.4599
14558,485.267,1524,494,2397,1686,11.3329,20.6592
14559,485.300,1523,487,2404,1718,7.0532,20.6194
14560,485.333,1523,484,2402,1718,10.6944,17.0347
14561,485.367,1520,478,2405,1720,9.1339,23.7525
14562,485.400,1521,472,2406,1727,8.6485,21.8858
14563,485.433,1517,468,2407,1712,10.4297,21.5018
14564,485.467,1514,475,2404,1706,6.5987,18.0125
14565,485.500,1511,474,2404,1697,9.0946,16.8364
14566,485.533,1514,466,2401,1698,7.4075,19.5662
14567,485.567,1508,475,2396,1674,10.1115,23.1123
14568,485.600,1506,467,2398,1669,8.3911,23.3550
14569,485.633,1506,466,2401,1669,8.2839,24.0223
14570,485.667,1504,468,2400,1668,10.4382,26.0148
14571,485.700,1502,472,2398,1668,10.7258,21.3344
14572,485.733,1500,472,2390,1662,5.0170,23.8761
14573,485.767,1489,477,2380,1651,10.2001,23.1084
14574,485.800,1491,480,2383,1656,10.7736,22.6809
14575,485.833,1492,473,2375,1647,5.6219,23.4896
14576,485.867,1486,469,2377,1655,7.4510,23.3636
14577,485.900,1480,479,2371,1667,11.2834,22.4603
14578,485.933,1477,488,2370,1666,8.1770,15.5587
14579,485.967,1477,492,2361,1679,12.3901,20.1781
14580,486.000,1461,500,2361,1689,9.6690,15.0482
14581,486.033,1461,502,2356,1689,8.3874,13.3040
14582,486.067,1447,502,2351,1696,14.8774,15.5285
14583,486.100,1447,497,2354,1694,11.9135,13.9605
14584,486.133,1450,499,2356,1710,10.1458,14.5564
14585,486.167,1434,473,2349,1688,12.2474,13.0406
14586,486.200,1444,483,2350,1688,16.0490,12.4511
14587,486.233,1433,482,2349,1666,18.9796,11.2373
14588,486.267,1431,473,2337,1667,14.7728,16.0595
14589,486.300,1428,467,2343,1663,18.4770,13.3488
14590,486.333,1430,466,2351,1677,12.5258,13.9912
14591,486.367,1429,470,2349,1675,18.7018,14.7057
14592,486.400,1429,465,2347,1674,14.0002,12.6517
14593,486.433,1434,461,2342,1668,15.4235,5.8224
14594,486.467,1433,455,2333,1665,20.9765,3.3266
14595,486.500,1430,447,2333,1666,21.6847,8.1378
14596,486.533,1437,431,2352,1664,21.0303,10.6838
14597,486.567,1452,450,2357,1665,14.4960,14.7561
14598,486.600,1452,456,2362,1658,20.3244,17.5228
14599,486.633,1451,453,2364,1649,19.6285,16.4195
14600,486.667,1450,477,2350,1634,15.7585,15.3179
14601,486.700,1454,479,2350,1647,13.3903,19.0242
14602,486.733,1445,492,2341,1666,20.9956,16.7912
14603,486.767,1435,489,2347,1685,17.0493,16.3665
14604,486.800,1435,489,2347,1675,17.5467,17.9179
14605,486.833,1453,493,2360,1664,15.9390,16.2695
14606,486.867,1443,466,2350,1664,14.8232,10.6290
14607,486.900,1459,469,2356,1664,10.8838,13.0526
14608,486.933,1443,434,2335,1652,19.4105,8.8365
14609,486.967,1444,480,2343,1701,17.4579,11.0607
14610,487.000,1447,466,2337,1697,16.0016,10.9644
14611,487.033,1448,478,2343,1692,17.3465,7.4554
14612,487.067,1438,469,2347,1704,21.5889,13.6569
14613,487.100,1440,481,2351,1713,22.8486,15.4197
14614,487.133,1430,451,2348,1699,21.9708,13.3031
14615,487.167,1428,443,2347,1684,21.3876,13.7409
14616,487.200,1426,436,2341,1681,26.0560,16.0493
14617,487.233,1422,432,2343,1683,23.1332,16.9211
14618,487.267,1422,440,2338,1671,22.5477,16.7743
14619,487.300,1422,439,2333,1669,20.7979,14.8166
14620,487.333,1422,451,2326,1657,26.1668,14.8577
14621,487.367,1423,445,2329,1659,23.4344,17.5137
14622,487.400,1422,442,2330,1665,23.7939,15.2508
14623,487.433,1421,442,2332,1667,23.6913,14.5685
14624,487.467,1418,446,2329,1671,23.7075,12.6273
14625,487.500,1416,447,2331,1670,22.3949,15.6673
14626,487.533,1417,443,2333,1678,25.0625,17.0611
14627,487.567,1416,441,2333,1682,26.7910,17.3752
14628,487.600,1416,443,2333,1687,27.2074,21.2998
14629,487.633,1420,438,2333,1668,23.0572,18.6433
14630,487.667,1420,430,2338,1667,19.7285,18.0811
14631,487.700,1423,428,2338,1667,21.1297,15.7088
14632,487.733,1422,429,2336,1672,21.3237,14.1924
14633,487.767,1421,433,2333,1667,23.5691,14.4027
14634,487.800,1422,442,2329,1674,20.6380,13.2916
14635,487.833,1421,442,2323,1669,21.1149,9.8959
14636,487.867,1422,449,2320,1668,23.4766,13.8448
14637,487.900,1421,446,2327,1685,19.7126,16.5807
14638,487.933,1421,438,2327,1685,24.5367,14.8127
14639,487.967,1421,439,2325,1675,17.6504,14.8105
14640,488.000,1423,437,2320,1660,20.5444,14.7510
14641,488.033,1420,422,2329,1666,23.7038,15.8916
14642,488.067,1418,418,2329,1665,23.6232,16.8133
14643,488.100,1419,417,2329,1665,25.7720,17.3483
14644,488.133,1419,415,2329,1665,23.5908,17.0440
14645,488.167,1418,414,2328,1669,23.3571,16.9052
14646,488.200,1418,406,2332,1674,19.8094,16.7625
14647,488.233,1418,403,2331,1675,23.3746,15.1985
14648,488.267,1416,399,2332,1674,19.1286,14.8846
14649,488.300,1417,400,2333,1675,17.7195,16.1903
14650,488.333,1418,403,2335,1681,17.1439,16.2278
14651,488.367,1420,404,2334,1677,16.9444,15.4008
14652,488.400,1419,406,2334,1676,18.9039,14.9938
14653,488.433,1420,408,2335,1674,19.1016,15.5185
14654,488.467,1420,410,2335,1677,22.6931,15.4262
14655,488.500,1421,412,2335,1675,19.1400,11.6814
14656,488.533,1421,412,2336,1679,14.2654,11.8508
14657,488.567,1422,410,2337,1676,20.6137,13.4135
14658,488.600,1421,409,2337,1677,21.4426,13.0489
14659,488.633,1421,409,2337,1678,23.2241,12.5186
14660,488.667,1421,409,2337,1677,21.6814,13.0778
14661,488.700,1422,407,2338,1678,14.3001,13.5732
14662,488.733,1421,410,2341,1682,15.0542,14.4664
14663,488.767,1421,409,2341,1682,15.2706,15.0094
14664,488.800,1420,411,2342,1688,16.3875,14.5702
14665,488.833,1420,411,2344,1691,17.9633,12.0077
14666,488.867,1421,413,2342,1684,16.7213,12.7608
14667,488.900,1424,417,2339,1688,13.1368,16.0767
14668,488.933,1424,421,2338,1687,7.9157,19.0116
14669,488.967,1424,423,2338,1692,12.4347,16.7220
14670,489.000,1423,425,2336,1689,5.9579,17.4291
14671,489.033,1422,426,2336,1692,6.3610,16.8617
14672,489.067,1423,428,2336,1690,10.9013,18.0555
14673,489.100,1423,428,2335,1685,14.0709,16.6968
14674,489.133,1422,428,2336,1686,9.5466,16.1985
14675,489.167,1423,424,2337,1685,9.9606,18.2502
14676,489.200,1423,424,2337,1686,11.2931,17.6891
14677,489.233,1424,424,2337,1686,14.9740,17.9993
14678,489.267,1424,421,2338,1690,19.2469,16.1919
14679,489.300,1424,421,2340,1688,10.3393,15.9435
14680,489.333,1425,425,2339,1686,9.1230,18.1945
14681,489.367,1425,427,2340,1684,6.5370,15.8828
14682,489.400,1425,429,2340,1686,7.4654,15.7246
14683,489.433,1425,427,2339,1685,5.7007,16.6243
14684,489.467,1426,426,2339,1684,11.0972,17.8099
14685,489.500,1426,427,2338,1685,6.3872,19.6657
14686,489.533,1428,433,2336,1680,11.5433,18.0242
14687,489.567,1423,424,2342,1704,17.9152,16.5495
14688,489.600,1422,422,2342,1707,24.3499,19.2386
14689,489.633,1421,418,2347,1716,18.4351,18.2545
14690,489.667,1422,413,2348,1721,15.9531,19.1934
14691,489.700,1421,409,2349,1724,19.2006,17.3835
14692,489.733,1422,405,2350,1722,19.4203,16.1975
14693,489.767,1422,403,2352,1727,20.6160,17.8699
14694,489.800,1423,402,2352,1724,19.7297,19.1031
14695,489.833,1423,401,2352,1724,19.3371,17.5764
14696,489.867,1423,398,2352,1720,19.0239,17.6575
14697,489.900,1425,412,2350,1726,22.0698,20.8920
14698,489.933,1427,408,2349,1706,21.7633,15.1349
14699,489.967,1426,408,2351,1704,16.6342,16.8284
14700,490.000,1425,409,2349,1701,18.2852,15.4439
14701,490.033,1424,402,2348,1702,19.2760,16.0559
14702,490.067,1425,407,2344,1696,25.4594,16.5415
14703,490.100,1428,415,2342,1695,19.0997,14.6181
14704,490.133,1426,430,2332,1688,28.1140,13.8145
14705,490.167,1425,444,2331,1703,25.0523,14.8308
14706,490.200,1426,436,2334,1706,29.1634,15.5373
14707,490.233,1424,443,2336,1708,25.2795,12.6544
14708,490.267,1417,457,2330,1703,31.9446,9.3689
14709,490.300,1416,461,2332,1710,29.8895,14.1387
14710,490.333,1398,477,2318,1717,31.0496,13.6074
14711,490.367,1403,485,2294,1710,28.8629,9.9031
14712,490.400,1403,483,2295,1711,30.2122,10.8623
14713,490.433,1392,477,2307,1728,30.2422,12.2950
14714,490.467,1393,477,2300,1720,30.8608,15.1685
14715,490.500,1390,467,2304,1726,30.0830,13.3919
14716,490.533,1389,429,2312,1702,33.6580,8.3596
14717,490.567,1387,412,2344,1740,28.5990,10.8308
14718,490.600,1388,413,2340,1732,30.0484,9.8921
14719,490.633,1388,407,2339,1727,34.3625,9.5848
14720,490.667,1391,423,2312,1710,38.0456,13.5598
14721,490.700,1392,425,2308,1703,36.9601,13.1368
14722,490.733,1396,415,2306,1681,31.4612,9.9050
14723,490.767,1391,415,2300,1695,31.2631,9.3288
14724,490.800,1390,422,2298,1695,37.2717,12.1371
14725,490.833,1390,433,2296,1706,37.5380,12.0031
14726,490.867,1383,437,2294,1716,35.7876,13.0994
14727,490.900,1382,443,2285,1705,33.2671,15.0890
14728,490.933,1378,451,2276,1701,34.2071,9.2944
14729,490.967,1369,473,2281,1761,35.3380,7.3180
14730,491.000,1370,482,2279,1763,32.5963,6.1748
14731,491.033,1374,477,2274,1789,34.1148,3.4978
14732,491.067,1370,486,2282,1794,29.2304,3.8130
14733,491.100,1366,491,2290,1801,28.9685,7.7211
14734,491.133,1365,473,2292,1781,31.9502,6.1824
14735,491.167,1365,467,2288,1778,29.3203,3.7467
14736,491.200,1372,458,2282,1741,33.5229,5.2950
14737,491.233,1380,455,2291,1725,32.3741,8.3891
14738,491.267,1380,456,2291,1730,32.9059,8.4502
14739,491.300,1376,455,2293,1728,33.9353,7.4205
14740,491.333,1372,460,2289,1729,32.6128,8.8649
14741,491.367,1371,462,2294,1737,33.3374,11.8097
14742,491.400,1365,476,2291,1746,29.5807,9.7121
14743,491.433,1366,475,2298,1767,31.5174,9.7238
14744,491.467,1355,464,2302,1762,30.4070,11.8830
14745,491.500,1354,462,2299,1760,26.8979,7.7940
14746,491.533,1364,486,2292,1775,31.0037,7.3965
14747,491.567,1361,488,2292,1775,27.0528,10.0372
14748,491.600,1344,463,2283,1750,29.7389,-1.4890
14749,491.633,1328,471,2267,1774,29.1953,-2.9366
14750,491.667,1332,462,2259,1773,26.3798,-5.2898
14751,491.700,1314,468,2271,1774,32.0575,2.1935
14752,491.733,1330,474,2257,1768,30.3954,5.3533
14753,491.767,1333,474,2269,1759,26.4198,4.6774
14754,491.800,1340,475,2277,1749,30.9329,10.7590
14755,491.833,1343,473,2277,1790,34.0715,3.9879
14756,491.867,1343,474,2274,1790,36.0381,7.4913
14757,491.900,1338,453,2317,1827,26.9317,4.4918
14758,491.933,1326,432,2310,1821,29.5078,4.9814
14759,491.967,1306,421,2293,1803,28.4387,4.3082
14760,492.000,1304,432,2269,1764,34.5271,9.6793
14761,492.033,1307,419,2270,1772,31.5517,3.3371
14762,492.067,1314,407,2279,1747,34.6352,5.5495
14763,492.100,1317,406,2278,1745,32.9525,8.9104
14764,492.133,1323,430,2273,1744,33.1307,7.2810
14765,492.167,1333,451,2259,1749,37.5537,6.9300
14766,492.200,1341,468,2263,1750,35.1902,6.1649
14767,492.233,1341,469,2265,1755,34.2732,6.0049
14768,492.267,1345,470,2264,1752,36.1859,5.9661
14769,492.300,1344,470,2262,1751,39.1114,2.0238
14770,492.333,1346,468,2261,1752,36.5220,7.5983
14771,492.367,1342,468,2264,1782,31.5035,7.4091
14772,492.400,1341,462,2280,1790,27.5516,0.8917
14773,492.433,1337,459,2271,1801,25.1216,4.2932
14774,492.467,1321,461,2273,1802,30.8194,5.1432
14775,492.500,1311,447,2289,1817,26.8980,0.4760
14776,492.533,1332,432,2274,1834,26.3941,-0.2907
14777,492.567,1301,439,2279,1836,36.3615,-2.8689
14778,492.600,1283,430,2269,1858,43.1041,0.9879
14779,492.633,1290,428,2271,1848,44.1100,-0.7556
14780,492.667,1263,453,2253,1880,48.7705,-0.0621
14781,492.700,1251,462,2237,1899,53.2464,-4.6611
14782,492.733,1247,472,2223,1896,53.6068,-3.6772
14783,492.767,1237,445,2215,1886,54.7744,-5.9861
14784,492.800,1240,443,2203,1871,53.1506,-5.1476
14785,492.833,1232,457,2198,1860,48.7829,-6.3798
14786,492.867,1227,495,2173,1848,53.8323,1.7413
14787,492.900,1229,492,2195,1841,52.9200,-2.8646
14788,492.933,1233,495,2181,1811,56.4622,0.5135
14789,492.967,1246,528,2181,1796,56.4258,2.0424
14790,493.000,1251,492,2189,1794,50.7786,3.0186
14791,493.033,1261,487,2202,1794,54.3384,1.6157
14792,493.067,1267,513,2197,1791,54.9380,-1.9601
14793,493.100,1267,507,2198,1792,52.0697,-0.7122
14794,493.133,1292,483,2240,1805,48.3015,-12.8917
14795,493.167,1325,480,2247,1788,34.3123,-0.1607
14796,493.200,1323,492,2248,1799,39.9765,-6.2959
14797,493.233,1347,498,2259,1803,36.4774,4.9106
14798,493.267,1342,491,2275,1806,25.1418,1.5178
14799,493.300,1335,489,2278,1794,32.1775,2.6887
14800,493.333,1359,460,2301,1826,24.9478,7.6176
14801,493.367,1355,460,2310,1835,23.4302,9.8415
14802,493.400,1355,462,2309,1834,23.9113,10.6401
14803,493.433,1346,481,2304,1828,21.7381,4.0414
14804,493.467,1349,489,2317,1827,18.0017,5.2377
14805,493.500,1345,496,2322,1820,19.0639,11.5700
14806,493.533,1363,480,2329,1820,15.2378,11.3745
14807,493.567,1364,506,2325,1836,20.2945,13.0059
14808,493.600,1362,512,2326,1837,22.3225,12.7118
14809,493.633,1386,508,2342,1823,25.5533,14.1760
14810,493.667,1411,471,2375,1846,24.8655,11.1377
14811,493.700,1412,471,2386,1841,21.9629,6.9679
14812,493.733,1459,442,2382,1844,17.5904,6.7860
14813,493.767,1444,478,2419,1839,17.2372,9.7949
14814,493.800,1441,478,2424,1861,20.3338,10.0228
14815,493.833,1434,462,2415,1853,15.8381,8.7860
14816,493.867,1423,458,2383,1836,23.6584,13.1089
14817,493.900,1424,489,2375,1835,22.7299,12.0495
14818,493.933,1392,496,2339,1833,19.2493,13.7017
14819,493.967,1381,495,2335,1854,22.5083,10.9559
14820,494.000,1384,509,2339,1862,23.9335,10.8867
14821,494.033,1414,488,2374,1884,21.4270,9.5583
14822,494.067,1446,482,2432,1895,18.0167,10.2796
14823,494.100,1468,456,2405,1884,16.3616,11.6467
14824,494.133,1474,497,2451,1915,18.2079,10.9639
14825,494.167,1483,490,2438,1912,19.1739,6.5833
14826,494.200,1491,492,2433,1907,20.0300,6.8879
14827,494.233,1450,484,2443,1907,20.4131,8.8600
14828,494.267,1448,487,2439,1940,22.8050,2.5544
14829,494.300,1457,484,2435,1930,18.7197,10.0463
14830,494.333,1454,480,2416,1946,19.8016,12.0627
14831,494.367,1475,493,2438,1935,22.3732,6.6685
14832,494.400,1484,505,2441,1950,14.3396,5.1810
14833,494.433,1497,501,2471,1954,19.2010,9.5182
14834,494.467,1537,512,2504,1954,14.5339,10.4051
14835,494.500,1533,522,2508,1955,19.6219,3.9937
14836,494.533,1559,490,2526,1991,17.8647,5.8318
14837,494.567,1560,494,2528,1988,20.4174,4.9827
14838,494.600,1562,497,2530,1989,19.6992,6.3210
14839,494.633,1558,516,2522,1973,19.2466,7.0432
14840,494.667,1566,514,2517,1977,13.8246,10.5401
14841,494.700,1560,515,2505,1952,19.7724,6.7926
14842,494.733,1569,516,2503,1953,20.1691,11.3427
14843,494.767,1568,478,2522,1972,18.7785,8.7360
14844,494.800,1562,485,2527,1980,23.2939,-1.1675
14845,494.833,1557,501,2491,1931,20.5672,3.0885
14846,494.867,1562,483,2505,1906,22.3530,3.3015
14847,494.900,1514,466,2463,1898,18.9737,8.3102
14848,494.933,1510,470,2454,1889,15.1143,7.8817
14849,494.967,1476,484,2453,1896,14.8302,8.1575
14850,495.000,1472,456,2425,1881,15.0406,8.4364
14851,495.033,1460,460,2421,1858,15.8684,8.4964
14852,495.067,1447,445,2436,1852,14.3045,7.3378
14853,495.100,1424,443,2406,1839,15.4968,10.4623
14854,495.133,1413,454,2375,1765,13.5017,15.2419
14855,495.167,1414,444,2369,1756,11.8353,7.7574
14856,495.200,1377,447,2328,1764,10.6203,10.9048
14857,495.233,1366,491,2304,1801,15.4515,4.2299
14858,495.267,1370,483,2299,1801,14.5779,8.8304
14859,495.300,1355,484,2287,1817,25.2757,8.0003
14860,495.333,1356,482,2286,1806,19.6230,9.6236
14861,495.367,1369,480,2284,1807,21.6725,9.6610
14862,495.400,1370,475,2309,1834,17.0460,11.8789
14863,495.433,1371,475,2312,1839,25.4484,11.6790
14864,495.467,1375,471,2320,1826,22.4707,10.3853
14865,495.500,1375,468,2316,1812,26.1219,12.0541
14866,495.533,1381,457,2315,1818,27.6994,10.8166
14867,495.567,1380,455,2312,1808,22.8036,11.3696
14868,495.600,1383,483,2310,1794,23.3323,14.4948
14869,495.633,1385,475,2308,1784,27.7135,9.8629
14870,495.667,1387,475,2307,1789,26.7549,12.5077
14871,495.700,1398,452,2321,1793,25.2206,14.3843
14872,495.733,1400,444,2324,1797,26.4287,12.8558
14873,495.767,1399,469,2329,1778,21.7113,11.9901
14874,495.800,1402,464,2328,1750,28.8028,11.4398
14875,495.833,1405,452,2338,1751,20.7211,11.9150
14876,495.867,1400,455,2340,1754,26.2450,10.0743
14877,495.900,1395,469,2327,1760,28.3045,12.7972
14878,495.933,1393,471,2329,1757,27.3738,11.1405
14879,495.967,1384,469,2317,1785,23.7560,11.0667
14880,496.000,1374,458,2302,1789,24.1346,6.9870
14881,496.033,1373,468,2300,1790,27.8733,12.0903
14882,496.067,1364,462,2295,1802,21.0287,8.8394
14883,496.100,1360,463,2292,1804,29.5762,9.4241
14884,496.133,1361,450,2297,1815,13.3219,4.9129
14885,496.167,1359,468,2293,1788,21.1346,8.9220
14886,496.200,1360,463,2297,1782,21.2107,3.5546
14887,496.233,1370,453,2296,1768,23.6161,3.1485
14888,496.267,1371,461,2311,1757,13.3933,3.5367
14889,496.300,1374,469,2302,1751,18.9910,2.9088
14890,496.333,1382,487,2307,1738,20.7267,6.8234
14891,496.367,1396,483,2313,1723,18.7913,13.0989
14892,496.400,1398,473,2304,1709,16.4392,8.6135
14893,496.433,1405,464,2317,1691,12.5837,8.4832
14894,496.467,1409,472,2325,1690,17.7593,13.1381
14895,496.500,1411,468,2318,1681,18.9213,10.0167
14896,496.533,1418,468,2323,1674,20.3104,14.8234
14897,496.567,1424,467,2327,1671,21.5136,15.2750
14898,496.600,1427,473,2332,1670,22.2134,14.1136
14899,496.633,1423,471,2329,1674,14.8981,14.4209
14900,496.667,1434,466,2341,1676,17.3831,16.7913
14901,496.700,1433,466,2342,1672,16.8177,15.2024
14902,496.733,1435,468,2342,1670,16.2999,16.5577
14903,496.767,1433,478,2349,1663,15.8928,13.7883
14904,496.800,1438,463,2355,1669,14.4734,15.8971
14905,496.833,1437,472,2359,1671,12.0483,15.8551
14906,496.867,1445,490,2351,1675,17.9257,6.5387
14907,496.900,1447,490,2343,1656,18.0813,6.4278
14908,496.933,1448,497,2336,1659,14.1778,4.6198
14909,496.967,1454,499,2342,1669,18.6072,4.4779
14910,497.000,1452,500,2342,1672,18.4951,4.7595
14911,497.033,1458,489,2350,1668,16.0612,6.3966
14912,497.067,1470,478,2361,1665,19.7689,14.3638
14913,497.100,1457,476,2357,1659,12.8393,11.2887
14914,497.133,1472,475,2362,1659,17.8886,17.6637
14915,497.167,1472,485,2362,1657,20.2938,17.7878
14916,497.200,1473,495,2364,1656,20.4136,15.4177
14917,497.233,1468,489,2370,1658,16.6989,18.6437
14918,497.267,1468,494,2368,1666,16.3685,16.2678
14919,497.300,1471,494,2372,1662,15.5081,16.5691
14920,497.333,1472,506,2380,1670,15.6003,16.8802
14921,497.367,1476,502,2381,1667,13.2855,19.7389
14922,497.400,1477,503,2383,1667,16.0635,16.5526
14923,497.433,1478,495,2397,1665,8.1020,11.9662
14924,497.467,1480,496,2401,1667,13.9542,17.1407
14925,497.500,1483,498,2399,1668,17.2698,16.1621
14926,497.533,1480,507,2399,1664,16.1022,12.8914
14927,497.567,1480,504,2401,1665,14.1161,13.8487
14928,497.600,1482,499,2398,1667,11.6900,16.4249
14929,497.633,1483,494,2395,1668,10.7155,14.8565
14930,497.667,1486,488,2397,1667,11.8847,12.3154
14931,497.700,1484,485,2396,1668,9.6762,13.6306
14932,497.733,1484,484,2397,1669,14.5592,13.9451
14933,497.767,1484,487,2397,1667,27.6629,10.4192
14934,497.800,1475,487,2393,1664,27.3626,13.5424
14935,497.833,1483,492,2396,1663,31.5236,10.6765
14936,497.867,1472,493,2390,1659,32.0405,13.4796
14937,497.900,1475,494,2388,1655,30.6635,13.9251
14938,497.933,1473,497,2386,1659,30.4709,13.1087
14939,497.967,1474,496,2386,1657,29.2887,13.2998
14940,498.000,1476,496,2387,1657,28.7283,14.6441
14941,498.033,1483,497,2398,1659,29.1868,15.2906
14942,498.067,1483,496,2399,1661,27.9590,14.6526
14943,498.100,1474,493,2394,1655,28.4018,12.8106
14944,498.133,1474,495,2392,1656,28.8849,10.5662
14945,498.167,1474,489,2395,1658,28.1504,11.7328
14946,498.200,1474,491,2397,1663,29.9931,11.5331
14947,498.233,1474,496,2396,1665,30.8962,12.0298
14948,498.267,1473,492,2397,1665,31.9830,13.4773
14949,498.300,1472,492,2397,1667,30.5651,12.3190
14950,498.333,1472,491,2396,1666,31.0650,11.8041
14951,498.367,1472,492,2397,1668,31.6978,11.9413
14952,498.400,1471,490,2398,1668,29.6200,12.4101
14953,498.433,1472,487,2397,1668,29.0163,11.1299
14954,498.467,1473,489,2397,1666,29.9689,10.3725
14955,498.500,1476,487,2395,1663,27.8739,13.5855
14956,498.533,1475,490,2395,1662,28.0778,8.7424
14957,498.567,1484,490,2399,1661,30.6213,13.5123
14958,498.600,1472,491,2391,1660,28.3685,10.9748
14959,498.633,1472,490,2391,1660,28.5357,13.8148
14960,498.667,1482,493,2399,1660,29.7216,11.7035
14961,498.700,1481,491,2397,1659,27.3251,14.8828
14962,498.733,1471,489,2390,1661,29.9841,13.2375
14963,498.767,1472,507,2388,1661,29.8275,9.1061
14964,498.800,1476,516,2378,1650,25.9069,8.3567
14965,498.833,1476,515,2378,1647,23.6251,5.4829
14966,498.867,1478,501,2392,1666,28.5339,4.9594
14967,498.900,1489,503,2388,1662,29.7267,16.1678
14968,498.933,1488,501,2389,1663,28.7720,16.3355
14969,498.967,1484,496,2393,1665,32.3084,16.8807
14970,499.000,1483,501,2396,1667,33.5502,18.4580
14971,499.033,1483,502,2396,1667,33.6879,18.4881
14972,499.067,1472,503,2387,1667,31.8053,17.7066
14973,499.100,1471,502,2387,1668,32.1105,15.1491
14974,499.133,1471,502,2387,1668,31.6773,15.8971
14975,499.167,1470,497,2388,1668,32.7596,17.9795
14976,499.200,1470,498,2386,1665,33.7295,19.0908
14977,499.233,1479,499,2394,1666,35.0490,21.2551
14978,499.267,1479,496,2391,1663,34.7368,20.3896
14979,499.300,1478,495,2391,1664,35.3286,20.3192
14980,499.333,1463,497,2385,1665,35.6006,19.0129
14981,499.367,1463,498,2385,1665,34.8774,19.2909
14982,499.400,1474,495,2391,1666,36.4039,20.0873
14983,499.433,1459,493,2385,1665,34.2783,19.1268
14984,499.467,1459,495,2385,1665,35.4840,18.2395
14985,499.500,1458,493,2385,1665,35.0807,19.1821
14986,499.533,1458,493,2385,1665,35.1383,19.7140
14987,499.567,1460,490,2385,1663,34.6248,18.9622
14988,499.600,1461,492,2385,1665,33.2932,19.5911
14989,499.633,1461,493,2385,1668,34.2430,18.8044
14990,499.667,1459,498,2386,1671,34.8895,16.8429
14991,499.700,1460,496,2386,1672,34.5673,19.1496
14992,499.733,1459,494,2386,1671,32.7691,18.2657
14993,499.767,1459,495,2387,1672,33.7110,18.8276
14994,499.800,1460,496,2388,1670,33.5124,19.5274
14995,499.833,1460,493,2388,1670,31.7856,20.4558
14996,499.867,1459,493,2387,1670,32.3538,20.3208
14997,499.900,1459,492,2385,1671,30.3742,19.6942
14998,499.933,1459,494,2385,1670,30.2759,20.8344
14999,499.967,1459,490,2385,1670,30.2896,21.1459
15000,500.000,1471,490,2391,1674,30.8872,20.6443
15001,500.033,1458,493,2384,1673,30.0596,19.6110
15002,500.067,1456,493,2382,1672,31.3603,20.6375
15003,500.100,1456,493,2383,1671,31.5897,20.0129
15004,500.133,1457,495,2382,1671,33.7487,20.8022
15005,500.167,1465,516,2377,1669,32.8434,13.7367
15006,500.200,1467,511,2377,1675,34.0666,13.8296
15007,500.233,1465,509,2356,1657,23.2914,6.6675
15008,500.267,1466,508,2359,1657,21.3637,5.4044
15009,500.300,1466,495,2359,1660,22.1334,5.2029
15010,500.333,1470,492,2360,1662,17.0405,13.0150
15011,500.367,1468,487,2367,1666,16.0240,13.3313
15012,500.400,1466,490,2369,1667,16.8205,13.3209
15013,500.433,1464,487,2374,1670,16.7529,10.7137
15014,500.467,1463,485,2374,1670,18.3018,13.9305
15015,500.500,1462,485,2375,1672,21.3633,13.4254
15016,500.533,1462,485,2375,1672,20.6078,13.7367
15017,500.567,1462,485,2376,1673,21.7100,12.4846
15018,500.600,1463,485,2376,1673,21.6811,13.8566
15019,500.633,1463,484,2376,1674,18.8533,12.6308
15020,500.667,1463,483,2376,1674,16.9546,14.2735
15021,500.700,1463,483,2376,1673,17.3144,13.0198
15022,500.733,1462,484,2377,1674,20.6288,13.8735
15023,500.767,1464,483,2376,1674,17.5254,16.5759
15024,500.800,1464,482,2376,1673,21.4747,15.0283
15025,500.833,1463,483,2377,1673,18.4665,14.8009
15026,500.867,1462,480,2380,1672,27.0341,15.6003
15027,500.900,1463,474,2386,1677,21.0729,13.9206
15028,500.933,1464,472,2378,1670,29.1291,13.4779
15029,500.967,1464,472,2378,1670,28.5871,13.0067
15030,501.000,1464,471,2379,1670,28.7820,13.4060
15031,501.033,1464,471,2378,1670,28.6298,13.2684
15032,501.067,1465,472,2379,1669,28.9267,12.7806
15033,501.100,1465,471,2379,1669,29.7874,14.4995
15034,501.133,1465,471,2380,1669,29.9881,12.7917
15035,501.167,1464,470,2381,1668,30.8559,14.8331
15036,501.200,1465,469,2381,1667,29.9747,12.9500
15037,501.233,1465,469,2381,1667,29.8898,12.8794
15038,501.267,1465,468,2381,1667,32.5354,12.1747
15039,501.300,1466,470,2381,1666,30.4634,14.0859
15040,501.333,1464,469,2382,1669,32.4201,14.7400
15041,501.367,1463,468,2382,1669,31.5611,14.6044
15042,501.400,1461,467,2384,1671,28.3734,12.8359
15043,501.433,1462,466,2382,1670,30.6982,11.4184
15044,501.467,1461,467,2383,1669,30.8667,12.3237
15045,501.500,1462,468,2383,1669,30.6495,12.8328
15046,501.533,1462,467,2383,1666,29.7332,11.4568
15047,501.567,1462,466,2381,1667,31.4058,11.0954
15048,501.600,1463,468,2380,1666,31.0791,11.3965
15049,501.633,1467,483,2371,1662,15.9369,6.4438
15050,501.667,1468,482,2370,1662,17.3466,5.5437
15051,501.700,1467,477,2365,1658,10.2377,6.8702
15052,501.733,1468,479,2368,1661,15.6316,7.0122
15053,501.767,1467,483,2366,1660,7.5651,7.5974
15054,501.800,1466,482,2384,1678,6.6178,4.3165
15055,501.833,1463,476,2384,1679,5.4696,8.1763
15056,501.867,1463,477,2385,1678,4.8459,9.2925
15057,501.900,1465,483,2387,1683,8.4369,9.0584
15058,501.933,1464,485,2387,1682,6.8665,10.4621
15059,501.967,1464,484,2386,1682,7.3497,10.9478
15060,502.000,1464,482,2386,1682,5.5083,9.4892
15061,502.033,1464,481,2387,1681,7.6436,9.7971
15062,502.067,1463,480,2386,1682,6.6709,10.1509
15063,502.100,1462,475,2386,1682,3.0917,13.9624
15064,502.133,1462,477,2387,1682,1.4899,12.4166
15065,502.167,1462,478,2388,1681,1.2777,13.8035
15066,502.200,1462,476,2388,1681,0.0667,13.2546
15067,502.233,1462,475,2388,1681,-2.9069,12.9433
15068,502.267,1462,474,2387,1681,-3.3516,14.2858
15069,502.300,1462,474,2388,1681,-4.2512,12.2456
15070,502.333,1462,477,2388,1682,-2.1251,11.7612
15071,502.367,1462,476,2388,1682,-1.2660,12.9259
15072,502.400,1462,476,2388,1682,-2.3463,13.7623
15073,502.433,1461,476,2389,1682,-1.1932,12.6799
15074,502.467,1461,476,2389,1683,-0.4776,12.6112
15075,502.500,1467,484,2388,1682,7.5761,6.9416
15076,502.533,1466,481,2388,1681,5.6951,7.1672
15077,502.567,1460,493,2375,1675,22.2424,4.2313
15078,502.600,1460,474,2379,1674,11.4939,9.7972
15079,502.633,1461,474,2379,1674,16.8704,11.1286
15080,502.667,1465,471,2385,1679,18.3398,11.6478
15081,502.700,1464,474,2387,1674,13.7075,15.5183
15082,502.733,1465,474,2387,1672,13.4138,16.4232
15083,502.767,1464,472,2389,1675,16.3910,17.9406
15084,502.800,1463,472,2389,1675,16.6844,17.9219
15085,502.833,1463,472,2391,1676,14.1713,16.5642
15086,502.867,1464,478,2382,1666,17.7434,15.4699
15087,502.900,1464,477,2393,1676,14.4942,16.1919
15088,502.933,1464,476,2393,1676,12.6894,16.7673
15089,502.967,1464,475,2393,1675,15.4593,17.8316
15090,503.000,1465,478,2383,1665,17.2016,14.7361
15091,503.033,1465,477,2382,1665,20.1507,16.6074
15092,503.067,1464,473,2391,1672,15.1123,14.1956
15093,503.100,1466,476,2379,1663,17.2653,14.4502
15094,503.133,1466,476,2379,1663,16.3243,14.1019
15095,503.167,1466,476,2379,1663,17.1128,14.1549
15096,503.200,1465,474,2391,1677,15.0298,16.1147
15097,503.233,1466,473,2392,1675,23.4210,13.8103
15098,503.267,1467,483,2394,1677,29.7449,12.3874
15099,503.300,1467,482,2394,1679,28.5210,11.8525
15100,503.333,1466,481,2396,1680,29.7315,11.0233
15101,503.367,1466,481,2396,1680,29.1894,11.3105
15102,503.400,1466,481,2396,1682,28.9714,11.7647
15103,503.433,1466,479,2397,1682,27.3671,11.0695
15104,503.467,1465,477,2396,1681,30.7919,11.5474
15105,503.500,1465,477,2396,1681,31.1518,11.8582
15106,503.533,1465,477,2397,1682,30.7453,12.7993
15107,503.567,1464,477,2396,1680,30.8402,12.5085
15108,503.600,1461,482,2386,1672,29.2509,13.8934
15109,503.633,1460,482,2386,1672,27.5339,13.0755
15110,503.667,1461,484,2385,1671,29.6172,13.5346
15111,503.700,1460,483,2386,1672,29.3004,12.5090
15112,503.733,1462,484,2385,1671,29.9147,11.8150
15113,503.767,1461,490,2373,1663,25.4975,9.4504
15114,503.800,1461,502,2373,1662,23.0043,6.7277
15115,503.833,1468,489,2385,1677,18.6160,9.5155
15116,503.867,1466,479,2376,1670,15.4142,13.8936
15117,503.900,1466,485,2376,1670,16.5688,15.4062
15118,503.933,1465,477,2378,1670,15.7797,14.9258
15119,503.967,1465,474,2379,1670,15.5995,16.5752
15120,504.000,1464,476,2379,1671,18.5027,14.8734
15121,504.033,1464,476,2378,1670,14.7966,14.3499
15122,504.067,1464,475,2378,1669,15.9927,17.3453
15123,504.100,1463,475,2378,1670,16.1672,16.5453
15124,504.133,1463,476,2378,1670,17.7075,16.3784
15125,504.167,1463,476,2378,1670,17.6209,16.8729
15126,504.200,1463,476,2378,1670,18.6296,16.5241
15127,504.233,1462,476,2379,1671,16.0954,15.7306
15128,504.267,1462,477,2380,1670,15.5853,17.9171
15129,504.300,1463,480,2381,1670,14.7839,17.2709
15130,504.333,1462,478,2382,1671,14.8035,17.2821
15131,504.367,1462,477,2382,1671,14.7078,17.8022
15132,504.400,1462,477,2382,1672,13.9705,16.9035
15133,504.433,1462,474,2382,1671,16.6131,17.2440
15134,504.467,1462,474,2382,1670,16.0416,17.7619
15135,504.500,1461,474,2383,1668,14.7656,19.1544
15136,504.533,1462,476,2382,1666,18.5447,17.9305
15137,504.567,1463,476,2380,1662,15.1207,17.4857
15138,504.600,1464,478,2380,1662,16.2072,17.6364
15139,504.633,1464,474,2383,1665,18.6873,18.3555
15140,504.667,1464,477,2384,1666,18.4930,17.8317
15141,504.700,1465,478,2388,1667,16.4664,18.1664
15142,504.733,1465,478,2388,1669,15.2126,17.5318
15143,504.767,1465,481,2390,1670,16.6867,20.9408
15144,504.800,1466,482,2390,1670,16.0519,19.1145
15145,504.833,1466,484,2391,1668,15.4075,18.9945
15146,504.867,1464,484,2391,1670,15.4322,20.1721
15147,504.900,1467,474,2390,1661,17.5790,16.1588
15148,504.933,1467,473,2390,1661,16.8243,15.6451
15149,504.967,1467,474,2390,1661,16.2023,15.6354
15150,505.000,1467,475,2390,1661,14.7755,17.4119
15151,505.033,1467,476,2390,1662,16.2390,17.9713
15152,505.067,1465,472,2390,1662,18.5176,17.4466
15153,505.100,1464,471,2388,1662,23.7971,17.9932
15154,505.133,1464,472,2388,1661,20.9106,18.4992
15155,505.167,1464,473,2387,1661,16.0320,18.0920
15156,505.200,1465,472,2386,1662,24.3168,16.7188
15157,505.233,1464,472,2386,1662,22.4394,16.9232
15158,505.267,1463,472,2387,1662,17.8751,19.1162
15159,505.300,1469,503,2381,1657,19.9881,5.9652
15160,505.333,1469,503,2381,1658,19.4619,4.8827
15161,505.367,1469,501,2381,1658,20.9406,5.0178
15162,505.400,1462,499,2366,1645,23.0618,6.2452
15163,505.433,1461,501,2366,1644,26.3780,3.6416
15164,505.467,1470,487,2375,1654,24.3546,12.6165
15165,505.500,1470,474,2382,1661,20.5758,16.4827
15166,505.533,1469,474,2382,1662,22.5334,16.1572
15167,505.567,1469,472,2384,1662,20.7183,16.7051
15168,505.600,1468,470,2385,1663,19.8745,17.0985
15169,505.633,1468,467,2386,1664,20.0761,16.2153
15170,505.667,1467,469,2385,1664,19.3613,16.0407
15171,505.700,1465,471,2386,1665,22.0075,16.3895
15172,505.733,1464,472,2385,1665,23.7915,17.0601
15173,505.767,1464,472,2384,1666,20.7733,17.8119
15174,505.800,1463,472,2384,1665,24.1515,18.1787
15175,505.833,1463,472,2384,1666,21.6431,16.1324
15176,505.867,1463,473,2382,1665,20.3785,14.5035
15177,505.900,1461,471,2385,1666,30.6053,14.3171
15178,505.933,1461,472,2385,1667,30.6337,17.2593
15179,505.967,1460,473,2386,1667,34.6129,14.5461
15180,506.000,1460,476,2386,1668,33.2712,17.3180
15181,506.033,1459,473,2386,1668,34.8673,16.8142
15182,506.067,1459,474,2386,1670,33.7375,14.6834
15183,506.100,1459,474,2386,1670,33.5432,15.4522
15184,506.133,1459,475,2386,1669,32.6210,15.9001
15185,506.167,1460,471,2386,1669,32.1076,15.6317
15186,506.200,1459,470,2386,1669,34.0861,16.3358
15187,506.233,1459,470,2387,1669,32.4991,14.7500
15188,506.267,1459,469,2387,1669,33.5945,14.6875
15189,506.300,1459,469,2387,1668,33.0503,14.0513
15190,506.333,1460,470,2386,1668,32.4166,14.5552
15191,506.367,1461,468,2386,1668,32.3349,14.2383
15192,506.400,1461,470,2386,1668,31.3601,15.0549
15193,506.433,1462,468,2385,1668,31.0715,13.0415
15194,506.467,1463,469,2384,1669,22.8931,15.7290
15195,506.500,1463,470,2384,1670,25.4501,15.7659
15196,506.533,1462,471,2384,1669,22.0518,14.8671
15197,506.567,1461,476,2383,1670,24.4507,14.5762
15198,506.600,1460,479,2383,1672,22.6073,14.9940
15199,506.633,1460,479,2383,1672,22.7009,15.2839
15200,506.667,1461,479,2383,1672,22.6441,15.4154
15201,506.700,1460,479,2384,1673,21.5395,15.5867
15202,506.733,1460,480,2385,1674,20.2697,14.9017
15203,506.767,1460,480,2385,1676,21.6743,15.7855
15204,506.800,1461,479,2385,1676,21.2104,15.8782
15205,506.833,1459,480,2383,1674,6.8962,15.1550
15206,506.867,1459,481,2383,1672,7.3544,16.2588
15207,506.900,1459,481,2384,1673,8.2297,14.9721
15208,506.933,1459,482,2385,1673,6.6072,16.1775
15209,506.967,1459,482,2385,1673,7.1680,15.9789
15210,507.000,1459,483,2385,1673,7.3080,16.7522
15211,507.033,1460,480,2385,1673,9.0602,16.3953
15212,507.067,1460,480,2384,1672,10.6609,16.5240
15213,507.100,1460,480,2384,1671,8.9776,14.6215
15214,507.133,1459,480,2384,1671,7.4362,16.9378
15215,507.167,1458,483,2384,1671,6.2442,18.9714
15216,507.200,1460,483,2385,1672,4.7730,19.0420
15217,507.233,1460,482,2384,1672,6.1003,17.7768
15218,507.267,1459,483,2385,1672,2.8714,18.1791
15219,507.300,1460,482,2386,1674,5.9070,17.9164
15220,507.333,1460,483,2386,1674,6.9089,18.6884
15221,507.367,1460,486,2387,1675,5.3220,18.5671
15222,507.400,1460,486,2387,1676,3.8618,20.2396
15223,507.433,1459,485,2387,1675,5.9549,16.4971
15224,507.467,1459,485,2387,1674,4.8785,18.3920
15225,507.500,1459,484,2387,1674,3.9350,17.8023
15226,507.533,1459,484,2386,1674,1.5822,18.2279
15227,507.567,1460,489,2385,1673,3.6341,15.5004
15228,507.600,1459,488,2384,1672,3.5528,15.9009
15229,507.633,1460,505,2377,1662,14.9122,6.6443
15230,507.667,1459,503,2374,1662,16.8754,8.8278
15231,507.700,1459,499,2375,1661,18.2027,8.0365
15232,507.733,1464,488,2379,1666,25.7680,12.8784
15233,507.767,1465,493,2379,1666,27.4180,12.3289
15234,507.800,1466,487,2383,1668,25.0976,14.7784
15235,507.833,1465,486,2386,1669,24.5969,18.8535
15236,507.867,1466,488,2387,1668,23.5479,17.8142
15237,507.900,1465,487,2385,1670,23.9326,15.6839
15238,507.933,1464,483,2385,1669,26.1890,15.6591
15239,507.967,1463,483,2385,1670,24.3503,15.0328
15240,508.000,1464,486,2386,1671,27.8197,19.2223
15241,508.033,1462,480,2386,1672,32.9766,15.0188
15242,508.067,1460,480,2387,1672,31.2740,18.4873
15243,508.100,1460,482,2387,1672,31.7787,19.0144
15244,508.133,1459,481,2388,1674,31.5099,17.4330
15245,508.167,1458,481,2386,1674,29.8503,17.8211
15246,508.200,1459,481,2386,1674,30.4408,18.6839
15247,508.233,1459,480,2386,1674,31.7050,16.9406
15248,508.267,1459,481,2385,1674,32.3004,16.0706
15249,508.300,1459,479,2385,1674,30.1950,17.2233
15250,508.333,1458,481,2386,1675,30.9608,18.5565
15251,508.367,1457,481,2386,1675,29.7571,18.3548
15252,508.400,1457,482,2387,1676,30.1492,19.2817
15253,508.433,1458,484,2387,1675,30.1140,18.8350
15254,508.467,1458,484,2388,1673,31.7126,18.2446
15255,508.500,1458,483,2388,1673,30.2934,18.3344
15256,508.533,1458,482,2388,1674,29.3250,19.1345
15257,508.567,1458,482,2389,1672,30.3103,17.7451
15258,508.600,1457,480,2389,1670,30.6480,18.0324
15259,508.633,1458,481,2390,1670,31.5609,20.4926
15260,508.667,1459,484,2389,1667,28.8600,20.8206
15261,508.700,1461,479,2387,1667,18.9654,17.8689
15262,508.733,1462,478,2390,1669,20.7732,20.4384
15263,508.767,1463,478,2390,1667,21.2503,19.4892
15264,508.800,1463,478,2390,1666,17.5436,18.1052
15265,508.833,1464,472,2392,1664,16.1836,18.3303
15266,508.867,1464,471,2392,1666,18.0220,17.3866
15267,508.900,1462,461,2392,1664,18.0667,17.2231
15268,508.933,1462,463,2391,1664,17.2529,15.3153
15269,508.967,1462,463,2391,1664,17.5330,15.3254
15270,509.000,1461,465,2390,1665,22.2366,14.9107
15271,509.033,1461,465,2389,1664,22.3514,14.6495
15272,509.067,1460,466,2389,1664,18.1259,15.6148
15273,509.100,1460,469,2389,1664,22.5759,15.3297
15274,509.133,1461,467,2389,1663,17.6318,15.8322
15275,509.167,1460,467,2389,1664,18.9637,14.4294
15276,509.200,1460,464,2387,1662,22.4370,15.0897
15277,509.233,1460,464,2387,1663,21.0522,14.7136
15278,509.267,1459,465,2388,1664,21.2473,15.5005
15279,509.300,1459,463,2387,1665,21.4527,18.7353
15280,509.333,1459,461,2388,1665,22.9167,19.7483
15281,509.367,1460,462,2388,1665,21.4192,17.0195
15282,509.400,1459,465,2388,1666,20.7956,14.9184
15283,509.433,1463,465,2388,1664,29.8951,13.4429
15284,509.467,1464,468,2387,1665,31.7689,14.5316
15285,509.500,1464,471,2387,1664,34.7644,13.2542
15286,509.533,1463,474,2390,1664,32.9063,18.0947
15287,509.567,1463,476,2392,1665,32.8981,17.9401
15288,509.600,1463,477,2393,1666,32.3004,19.0317
15289,509.633,1464,482,2388,1668,33.6348,16.8410
15290,509.667,1463,475,2395,1684,33.1743,13.5779
15291,509.700,1464,482,2394,1684,33.6978,13.1904
15292,509.733,1466,501,2385,1683,31.4133,6.6767
15293,509.767,1463,501,2380,1684,26.1024,6.4249
15294,509.800,1461,507,2366,1668,26.5977,9.5347
15295,509.833,1464,478,2388,1686,34.5844,13.1514
15296,509.867,1463,466,2384,1679,35.3888,17.6676
15297,509.900,1461,462,2381,1680,36.3381,15.1238
15298,509.933,1457,464,2382,1679,33.6394,15.2065
15299,509.967,1456,463,2384,1681,33.3940,17.2788
15300,510.000,1454,462,2385,1681,35.4129,16.5051
15301,510.033,1454,460,2383,1680,36.6468,15.7370
15302,510.067,1454,457,2391,1687,35.1685,14.9452
15303,510.100,1454,457,2390,1687,34.7493,15.3922
15304,510.133,1454,457,2390,1687,34.8535,15.6882
15305,510.167,1454,456,2390,1686,35.3512,17.7639
15306,510.200,1454,457,2389,1685,34.2249,18.7127
15307,510.233,1454,457,2389,1684,34.4642,18.2709
15308,510.267,1454,456,2389,1684,34.8729,19.5173
15309,510.300,1467,464,2385,1675,33.7890,16.3406
15310,510.333,1454,459,2389,1683,33.8611,17.3491
15311,510.367,1454,459,2390,1683,34.6590,18.7639
15312,510.400,1454,458,2390,1684,32.2038,17.4484
15313,510.433,1454,460,2391,1684,34.7514,19.1596
15314,510.467,1454,459,2390,1683,32.8036,18.4452
15315,510.500,1454,461,2391,1684,32.5490,19.4559
15316,510.533,1455,461,2391,1684,33.0189,18.8233
15317,510.567,1455,460,2391,1684,31.8148,20.1168
15318,510.600,1456,460,2390,1684,33.2330,16.6337
15319,510.633,1458,470,2390,1683,29.6413,12.8643
15320,510.667,1457,472,2389,1684,23.1497,13.6639
15321,510.700,1457,474,2389,1685,22.7682,13.6562
15322,510.733,1456,473,2389,1685,23.2751,14.1316
15323,510.767,1456,473,2389,1685,24.0843,14.0896
15324,510.800,1456,473,2389,1683,25.2635,14.6994
15325,510.833,1456,472,2389,1684,26.5799,14.9615
15326,510.867,1456,471,2389,1684,23.6886,13.9187
15327,510.900,1455,473,2391,1681,26.8524,15.2775
15328,510.933,1455,474,2390,1680,28.8754,13.6685
15329,510.967,1455,474,2390,1680,28.7385,13.7563
15330,511.000,1456,475,2390,1680,28.9036,14.7335
15331,511.033,1455,474,2390,1679,27.7311,12.9508
15332,511.067,1456,475,2390,1678,27.3890,14.0655
15333,511.100,1457,477,2389,1678,29.1768,14.6158
15334,511.133,1457,477,2389,1680,28.7807,14.6344
15335,511.167,1457,476,2390,1680,27.8116,14.9338
15336,511.200,1455,481,2383,1672,26.9771,17.8520
15337,511.233,1457,481,2383,1671,27.1648,17.0248
15338,511.267,1458,479,2382,1671,26.7809,13.9092
15339,511.300,1462,479,2389,1679,19.4324,14.8121
15340,511.333,1460,480,2379,1670,17.2838,14.4901
15341,511.367,1460,480,2379,1671,17.3355,13.4997
15342,511.400,1460,477,2379,1671,18.0165,11.6481
15343,511.433,1460,475,2380,1673,18.5735,12.0267
15344,511.467,1461,472,2379,1672,16.8966,14.8276
15345,511.500,1461,471,2378,1671,15.2512,13.3545
15346,511.533,1462,468,2374,1671,18.8734,16.6348
15347,511.567,1462,469,2375,1668,14.4194,13.7323
15348,511.600,1461,470,2375,1668,16.8414,16.1906
15349,511.633,1461,471,2376,1668,18.9754,15.6456
15350,511.667,1461,473,2375,1667,17.6026,14.1519
15351,511.700,1461,473,2375,1667,15.6520,13.6035
15352,511.733,1462,471,2377,1668,16.1533,13.7470
15353,511.767,1462,470,2377,1668,18.2245,15.1735
15354,511.800,1461,469,2377,1669,17.5766,14.1468
15355,511.833,1459,468,2387,1676,15.6733,14.1646
15356,511.867,1459,469,2387,1676,15.8331,16.0472
15357,511.900,1461,472,2391,1675,12.6189,16.7614
15358,511.933,1461,471,2391,1676,14.5099,17.1482
15359,511.967,1460,470,2390,1675,13.8680,17.5459
15360,512.000,1461,471,2390,1675,11.0240,17.3765
15361,512.033,1461,470,2391,1674,14.3296,15.6047
15362,512.067,1462,473,2392,1674,8.3214,15.3561
15363,512.100,1469,488,2373,1657,16.3570,10.3746
15364,512.133,1467,488,2385,1671,14.4070,8.0017
15365,512.167,1470,485,2370,1659,14.7169,11.7609
15366,512.200,1471,484,2372,1663,13.3804,12.3747
15367,512.233,1470,482,2373,1664,13.4937,12.6226
15368,512.267,1470,475,2375,1667,12.0721,15.5802
15369,512.300,1469,469,2376,1670,9.9344,18.1272
15370,512.333,1479,466,2388,1677,8.2526,19.3080
15371,512.367,1481,468,2386,1673,7.2427,19.2931
15372,512.400,1483,466,2390,1687,5.9316,17.9885
15373,512.433,1482,469,2393,1687,10.1699,15.9986
15374,512.467,1482,482,2389,1678,5.7960,14.5449
15375,512.500,1473,490,2385,1685,9.6670,14.0298
15376,512.533,1472,493,2384,1679,11.3362,17.0797
15377,512.567,1483,488,2392,1674,4.1965,17.7066
15378,512.600,1473,487,2384,1672,7.0158,18.0679
15379,512.633,1473,485,2382,1673,8.4275,18.2744
15380,512.667,1474,482,2381,1671,0.4422,15.2996
15381,512.700,1474,478,2380,1671,2.4374,15.4286
15382,512.733,1473,482,2380,1671,3.0155,15.0648
15383,512.767,1473,477,2379,1672,8.5068,17.3869
15384,512.800,1473,477,2379,1670,5.5311,17.2949
15385,512.833,1472,479,2378,1669,0.7293,14.2598
15386,512.867,1471,481,2377,1671,-0.4689,15.5233
15387,512.900,1481,477,2385,1664,0.5835,19.6292
15388,512.933,1481,478,2385,1664,-1.6451,17.0674
15389,512.967,1482,478,2384,1663,-0.6756,19.3548
15390,513.000,1482,481,2384,1663,-2.7461,16.2574
15391,513.033,1482,482,2383,1656,-2.8617,15.1941
15392,513.067,1473,479,2376,1674,-0.2253,15.2065
15393,513.100,1471,481,2377,1676,-0.1967,17.2295
15394,513.133,1466,483,2379,1686,0.9268,18.0719
15395,513.167,1466,483,2379,1675,-0.8574,18.6533
15396,513.200,1466,481,2380,1684,-0.6774,21.3201
15397,513.233,1479,475,2386,1681,6.0242,24.8771
15398,513.267,1481,466,2387,1675,-1.6837,23.8024
15399,513.300,1481,468,2386,1673,2.2082,24.1784
15400,513.333,1481,472,2388,1681,7.2645,18.7719
15401,513.367,1481,468,2388,1682,2.2480,22.2551
15402,513.400,1480,469,2387,1683,2.3536,19.0959
15403,513.433,1479,466,2383,1675,-1.6219,20.4805
15404,513.467,1478,473,2387,1690,0.0496,20.6510
15405,513.500,1480,473,2384,1689,1.4869,20.5294
15406,513.533,1478,471,2385,1698,-1.8313,21.9101
15407,513.567,1479,469,2385,1697,1.4501,18.9788
15408,513.600,1481,470,2387,1693,4.0203,19.9984
15409,513.633,1466,468,2384,1704,24.6039,19.0727
15410,513.667,1464,474,2391,1723,20.7988,16.4131
15411,513.700,1464,469,2391,1724,22.9197,16.0776
15412,513.733,1463,474,2390,1728,23.1076,17.7967
15413,513.767,1462,476,2389,1734,24.9415,19.6532
15414,513.800,1462,480,2389,1732,23.1817,17.6350
15415,513.833,1460,481,2388,1732,21.4458,17.6218
15416,513.867,1478,480,2388,1734,17.7740,11.4305
15417,513.900,1476,508,2380,1736,21.1434,11.2323
15418,513.933,1464,504,2368,1738,24.6815,13.0848
15419,513.967,1457,517,2348,1736,25.8627,10.4745
15420,514.000,1454,520,2357,1739,25.3031,12.3432
15421,514.033,1455,519,2348,1736,25.0460,8.2500
15422,514.067,1456,521,2348,1720,25.6421,13.1643
15423,514.100,1455,517,2347,1720,21.4305,12.7007
15424,514.133,1459,525,2347,1711,24.2227,15.2461
15425,514.167,1458,522,2344,1717,24.8280,15.4486
15426,514.200,1456,520,2351,1730,29.2485,12.9125
15427,514.233,1454,522,2351,1724,29.9177,14.9433
15428,514.267,1452,517,2352,1726,25.1452,13.7516
15429,514.300,1450,515,2351,1727,22.5774,12.5572
15430,514.333,1449,513,2354,1737,16.2148,12.3853
15431,514.367,1451,507,2351,1731,21.2485,14.0806
15432,514.400,1450,508,2352,1731,17.6004,13.6639
15433,514.433,1458,519,2344,1718,17.3438,14.7297
15434,514.467,1459,515,2346,1718,19.2694,14.2812
15435,514.500,1463,517,2345,1713,15.5845,15.3794
15436,514.533,1464,526,2342,1714,15.5205,16.8847
15437,514.567,1467,529,2346,1715,20.7220,13.1203
15438,514.600,1470,531,2346,1716,13.2772,15.6556
15439,514.633,1461,517,2341,1708,21.6867,25.2036
15440,514.667,1461,520,2342,1707,18.4555,21.2072
15441,514.700,1455,515,2347,1704,22.6847,25.9732
15442,514.733,1455,516,2349,1705,18.0341,24.9269
15443,514.767,1454,516,2349,1708,17.8098,26.6812
15444,514.800,1454,518,2349,1707,17.5600,24.4137
15445,514.833,1453,513,2351,1707,20.4993,23.8873
15446,514.867,1454,508,2351,1705,19.4576,20.5990
15447,514.900,1455,484,2366,1721,15.5437,30.0543
15448,514.933,1454,478,2366,1721,14.2699,25.0592
15449,514.967,1454,481,2367,1722,14.6196,29.4615
15450,515.000,1451,494,2364,1721,18.1119,27.8042
15451,515.033,1449,494,2361,1722,19.2405,25.6727
15452,515.067,1449,496,2357,1727,20.7891,24.1449
15453,515.100,1447,495,2358,1729,19.0614,26.9600
15454,515.133,1448,492,2366,1741,18.1227,18.3780
15455,515.167,1448,486,2365,1734,27.4100,16.3808
15456,515.200,1445,491,2365,1731,25.8956,13.8271
15457,515.233,1444,487,2365,1732,28.1647,19.1154
15458,515.267,1444,481,2367,1738,27.0207,15.8838
15459,515.300,1437,481,2358,1730,32.8425,19.3675
15460,515.333,1438,483,2356,1739,30.2328,12.5339
15461,515.367,1437,465,2341,1721,29.7820,9.9209
15462,515.400,1433,460,2315,1716,23.3789,5.5380
15463,515.433,1436,495,2305,1705,19.5235,2.6576
15464,515.467,1423,509,2276,1716,27.4067,-0.2904
15465,515.500,1391,470,2268,1740,23.3910,0.5974
15466,515.533,1386,464,2279,1737,29.6241,5.4871
15467,515.567,1362,453,2275,1748,33.6720,3.2510
15468,515.600,1311,465,2241,1755,41.7506,3.4109
15469,515.633,1313,480,2239,1748,41.4467,0.9748
15470,515.667,1302,483,2231,1736,45.3618,0.7265
15471,515.700,1288,488,2208,1731,45.1984,-3.8540
15472,515.733,1297,495,2223,1721,44.4339,0.7258
15473,515.767,1287,494,2211,1732,46.7179,-0.6896
15474,515.800,1290,498,2211,1735,40.9664,5.9336
15475,515.833,1290,495,2214,1735,44.3805,2.5552
15476,515.867,1289,494,2214,1735,47.8389,4.2892
15477,515.900,1290,492,2212,1733,47.4806,4.4935
15478,515.933,1293,493,2212,1731,46.0082,4.4635
15479,515.967,1295,495,2220,1726,44.4656,2.6117
15480,516.000,1302,503,2225,1722,39.9230,4.0782
15481,516.033,1306,507,2235,1725,42.8764,2.7864
15482,516.067,1306,506,2238,1726,42.1544,7.4510
15483,516.100,1309,508,2244,1732,45.3641,5.4118
15484,516.133,1313,512,2249,1732,48.4605,-0.4243
15485,516.167,1316,500,2250,1734,45.0064,4.8175
15486,516.200,1315,502,2245,1731,49.8823,2.4634
15487,516.233,1317,505,2246,1728,45.5320,3.0781
15488,516.267,1319,505,2245,1729,47.2401,2.9225
15489,516.300,1318,499,2246,1726,44.0503,1.2947
15490,516.333,1318,500,2243,1727,49.1835,2.2439
15491,516.367,1318,505,2242,1728,45.5775,4.6326
15492,516.400,1320,508,2244,1731,45.0560,2.5038
15493,516.433,1320,510,2238,1729,49.6343,4.8179
15494,516.467,1317,508,2236,1736,46.2462,4.0363
15495,516.500,1316,506,2236,1733,51.7676,2.3821
15496,516.533,1316,505,2236,1734,52.8204,4.0857
15497,516.567,1315,501,2236,1733,48.4383,5.0457
15498,516.600,1315,498,2235,1731,48.9437,5.0475
15499,516.633,1316,495,2238,1731,50.0410,5.2441
15500,516.667,1317,493,2239,1734,49.0995,4.1875
15501,516.700,1317,493,2240,1730,49.6120,6.0329
15502,516.733,1316,491,2239,1729,44.1751,4.0499
15503,516.767,1318,494,2242,1735,51.6475,5.7141
15504,516.800,1318,489,2241,1732,47.8850,2.7005
15505,516.833,1317,486,2243,1731,43.1192,1.8873
15506,516.867,1326,493,2239,1726,43.3852,-6.3785
15507,516.900,1323,488,2238,1722,38.3968,-1.9640
15508,516.933,1330,491,2238,1721,37.3799,0.7364
15509,516.967,1319,481,2232,1720,38.8816,4.5393
15510,517.000,1316,476,2231,1719,37.7645,4.6169
15511,517.033,1334,463,2239,1714,30.1344,6.4854
15512,517.067,1338,468,2242,1715,33.1990,5.2255
15513,517.100,1339,469,2243,1715,33.1634,6.2691
15514,517.133,1346,472,2249,1711,21.1928,8.2912
15515,517.167,1347,465,2256,1709,29.4393,6.3995
15516,517.200,1346,469,2255,1710,29.9254,6.9359
15517,517.233,1351,479,2258,1711,30.1431,11.1951
15518,517.267,1351,495,2260,1724,30.5924,11.2902
15519,517.300,1354,494,2259,1726,29.9536,6.3595
15520,517.333,1354,499,2260,1731,31.0190,9.7061
15521,517.367,1355,500,2261,1729,28.4534,13.3668
15522,517.400,1358,502,2264,1727,33.7016,12.7818
15523,517.433,1363,501,2273,1728,34.1568,14.6407
15524,517.467,1367,495,2281,1728,33.1292,9.2850
15525,517.500,1369,494,2275,1729,30.7545,11.3683
15526,517.533,1372,490,2285,1734,34.3051,10.6549
15527,517.567,1376,475,2293,1744,22.1299,6.3036
15528,517.600,1371,482,2283,1727,30.0665,7.1153
15529,517.633,1396,459,2279,1707,27.5087,4.1704
15530,517.667,1412,490,2298,1719,26.2021,-5.9199
15531,517.700,1417,500,2295,1717,24.0413,1.7925
15532,517.733,1436,505,2302,1686,28.2324,0.0556
15533,517.767,1436,498,2301,1688,25.8637,4.5505
15534,517.800,1444,502,2325,1710,22.5589,10.2818
15535,517.833,1465,540,2349,1700,6.9661,11.3718
15536,517.867,1462,533,2353,1704,12.8426,10.0878
15537,517.900,1487,489,2381,1676,9.8168,13.1175
15538,517.933,1495,482,2386,1687,1.4216,14.0309
15539,517.967,1498,488,2387,1691,10.3300,16.7555
15540,518.000,1506,490,2389,1676,9.5627,16.7243
15541,518.033,1514,502,2391,1687,13.4401,20.3769
15542,518.067,1515,496,2396,1684,14.5036,20.3619
15543,518.100,1523,504,2397,1683,16.1767,18.5249
15544,518.133,1521,511,2403,1698,9.7405,14.0548
15545,518.167,1521,506,2403,1698,5.6829,15.7685
15546,518.200,1525,508,2406,1699,8.1296,17.8753
15547,518.233,1535,520,2407,1688,9.6636,13.8353
15548,518.267,1534,511,2408,1691,10.5976,16.3160
15549,518.300,1531,521,2413,1703,9.2035,12.3308
15550,518.333,1535,513,2413,1699,8.0449,15.4440
15551,518.367,1540,509,2415,1701,8.4320,13.9560
15552,518.400,1544,521,2415,1687,6.0587,17.5615
15553,518.433,1544,518,2417,1697,6.9546,19.1047
15554,518.467,1547,520,2417,1699,8.1519,17.2931
15555,518.500,1568,527,2426,1670,-8.5754,15.0117
15556,518.533,1568,533,2425,1664,-8.1964,16.5921
15557,518.567,1567,544,2424,1659,-10.9262,14.8457
15558,518.600,1574,542,2432,1660,-12.7783,16.9823
15559,518.633,1578,546,2435,1666,-9.0504,14.7529
15560,518.667,1579,534,2435,1656,-6.8069,11.0698
15561,518.700,1580,539,2435,1653,-9.6649,15.8713
15562,518.733,1579,536,2434,1648,-11.4214,17.5855
15563,518.767,1584,533,2440,1647,-8.9616,18.6469
15564,518.800,1586,532,2441,1648,-8.4503,16.5435
15565,518.833,1583,531,2441,1646,-9.9048,14.8575
15566,518.867,1583,529,2441,1645,-8.6346,15.8726
15567,518.900,1583,520,2439,1641,-8.0660,16.9232
15568,518.933,1583,521,2440,1646,-7.8700,16.2955
15569,518.967,1583,519,2442,1645,-6.6415,15.1227
15570,519.000,1584,516,2441,1648,-5.9811,17.1877
15571,519.033,1585,510,2438,1649,-8.3022,17.8216
15572,519.067,1583,507,2442,1655,-4.4113,20.2103
15573,519.100,1579,500,2443,1657,12.0351,18.3132
15574,519.133,1577,496,2443,1659,13.3947,18.5913
15575,519.167,1576,495,2443,1658,16.8624,20.0998
15576,519.200,1568,501,2439,1656,20.1543,20.4875
15577,519.233,1567,500,2439,1657,19.2722,21.5781
15578,519.267,1570,506,2435,1652,17.9514,20.5439
15579,519.300,1568,508,2434,1652,18.3995,22.8660
15580,519.333,1567,500,2433,1651,19.2500,21.8469
15581,519.367,1570,484,2437,1652,17.4814,19.1763
15582,519.400,1564,487,2432,1651,19.1867,18.4965
15583,519.433,1561,480,2430,1653,21.7903,20.1271
15584,519.467,1557,477,2430,1655,23.2331,20.3669
15585,519.500,1558,480,2427,1652,21.7161,19.1258
15586,519.533,1560,470,2429,1653,21.6340,16.6594
15587,519.567,1559,470,2428,1654,19.0658,15.4978
15588,519.600,1559,476,2428,1651,17.8098,19.9333
15589,519.633,1558,476,2427,1652,16.4807,18.9248
15590,519.667,1557,474,2427,1654,25.3312,14.7185
15591,519.700,1557,478,2427,1655,26.5074,15.2201
15592,519.733,1556,486,2426,1652,29.6516,14.5521
15593,519.767,1555,485,2423,1654,26.8918,15.9335
15594,519.800,1555,486,2422,1651,28.7778,15.1827
15595,519.833,1556,485,2423,1650,27.2967,15.8105
15596,519.867,1556,482,2424,1652,28.0189,15.8810
15597,519.900,1553,485,2425,1662,23.7385,16.5199
15598,519.933,1553,482,2425,1663,24.1186,17.5652
15599,519.967,1554,482,2425,1661,25.3623,16.3657
15600,520.000,1554,482,2425,1662,25.5811,16.5145
15601,520.033,1554,483,2425,1663,26.1048,17.1776
15602,520.067,1553,481,2423,1659,25.0027,15.5222
15603,520.100,1562,475,2422,1658,27.9263,14.4670
15604,520.133,1552,483,2423,1658,26.3351,17.5875
15605,520.167,1560,472,2423,1658,25.9456,14.9256
15606,520.200,1559,468,2422,1659,25.3298,14.7902
15607,520.233,1550,475,2422,1659,25.1484,18.2162
15608,520.267,1552,476,2422,1658,17.2573,19.3489
15609,520.300,1551,478,2421,1658,15.5929,16.6774
15610,520.333,1551,484,2419,1657,14.4470,19.5396
15611,520.367,1551,484,2419,1658,12.5377,20.2198
15612,520.400,1551,484,2419,1658,12.2084,20.0150
15613,520.433,1550,485,2418,1657,13.6517,17.7183
15614,520.467,1550,486,2419,1658,14.4132,18.6830
15615,520.500,1551,486,2418,1659,13.5449,18.0762
15616,520.533,1551,485,2418,1659,13.7205,18.0032
15617,520.567,1552,488,2419,1660,11.4829,19.0996
15618,520.600,1552,489,2420,1662,12.5879,20.1766
15619,520.633,1552,489,2420,1662,12.6984,20.1264
15620,520.667,1552,488,2420,1662,12.8455,19.9363
15621,520.700,1552,487,2421,1662,11.3143,20.2423
15622,520.733,1552,483,2421,1660,13.0733,18.8481
15623,520.767,1553,483,2421,1661,12.0907,17.6436
15624,520.800,1553,480,2421,1660,11.0766,18.5423
15625,520.833,1553,481,2421,1659,10.7518,20.3468
15626,520.867,1554,479,2421,1658,11.6544,18.8913
15627,520.900,1555,484,2421,1654,10.5734,20.4327
15628,520.933,1555,485,2422,1656,10.9532,19.7103
15629,520.967,1555,486,2422,1657,8.0485,20.4148
15630,521.000,1554,485,2422,1657,9.2160,20.8712
15631,521.033,1553,484,2423,1658,9.6913,22.2471
15632,521.067,1552,484,2423,1656,20.3872,19.6790
15633,521.100,1552,484,2423,1657,20.4901,21.1047
15634,521.133,1551,481,2422,1657,27.8103,18.3969
15635,521.167,1551,483,2423,1658,28.8476,19.6217
15636,521.200,1550,483,2424,1657,28.1896,18.5811
15637,521.233,1550,484,2425,1657,29.1149,18.8238
15638,521.267,1549,484,2425,1657,27.8751,17.7564
15639,521.300,1549,483,2425,1659,29.2055,16.9011
15640,521.333,1549,482,2426,1661,27.8252,16.4115
15641,521.367,1549,482,2426,1660,27.0495,16.4401
15642,521.400,1549,484,2427,1661,28.1146,15.9307
15643,521.433,1550,486,2426,1662,25.1177,17.5575
15644,521.467,1550,485,2426,1662,25.4015,17.7904
15645,521.500,1550,484,2425,1663,25.7129,18.3126
15646,521.533,1549,484,2425,1665,26.8358,17.1581
15647,521.567,1549,485,2425,1667,25.9723,15.7157
15648,521.600,1550,484,2424,1667,26.7098,17.6521
15649,521.633,1550,485,2425,1668,24.1271,18.2869
15650,521.667,1550,483,2425,1668,28.8500,18.8388
15651,521.700,1551,482,2425,1668,25.3174,18.8383
15652,521.733,1551,479,2425,1668,24.6784,17.8476
15653,521.767,1551,477,2425,1668,27.8035,19.2143
15654,521.800,1551,478,2425,1666,24.5285,18.7522
15655,521.833,1552,476,2426,1666,25.9148,17.3760
15656,521.867,1552,474,2426,1664,26.3563,17.9531
15657,521.900,1551,476,2423,1659,25.6024,20.3587
15658,521.933,1552,475,2422,1659,25.0986,18.6041
15659,521.967,1550,470,2423,1661,28.2096,20.2710
15660,522.000,1550,474,2425,1661,27.8081,18.1149
15661,522.033,1548,474,2425,1663,29.0825,17.8559
15662,522.067,1553,461,2428,1647,23.7718,19.5697
15663,522.100,1546,451,2427,1676,24.2675,6.8921
15664,522.133,1549,455,2422,1672,20.3091,8.2195
15665,522.167,1531,445,2419,1688,3.6866,6.6656
15666,522.200,1528,438,2409,1680,12.0881,3.9465
15667,522.233,1524,416,2409,1669,18.1188,1.0569
15668,522.267,1483,405,2391,1666,19.4358,2.8115
15669,522.300,1453,432,2354,1685,20.6778,7.1643
15670,522.333,1453,455,2342,1678,23.3729,6.4553
15671,522.367,1423,471,2313,1718,31.1465,5.0222
15672,522.400,1396,452,2323,1730,36.4130,4.3896
15673,522.433,1402,436,2331,1729,35.3891,4.3664
15674,522.467,1385,446,2270,1666,49.0819,7.9072
15675,522.500,1359,430,2271,1686,48.7771,1.9794
15676,522.533,1359,444,2274,1685,44.1861,8.1383
15677,522.567,1324,452,2239,1697,48.6841,6.8513
15678,522.600,1304,465,2203,1698,47.6891,5.6245
15679,522.633,1305,462,2207,1701,42.9418,6.1984
15680,522.667,1288,477,2180,1668,46.7320,4.1040
15681,522.700,1277,504,2164,1671,48.3851,4.2105
15682,522.733,1274,505,2159,1671,49.6833,6.5054
15683,522.767,1279,515,2158,1673,52.3533,7.0143
15684,522.800,1278,517,2151,1675,51.2424,9.8813
15685,522.833,1275,537,2155,1700,49.3713,6.2231
15686,522.867,1274,534,2150,1709,51.7651,9.2135
15687,522.900,1276,543,2138,1703,52.6846,6.1173
15688,522.933,1273,557,2136,1702,53.3941,1.0242
15689,522.967,1270,563,2131,1709,57.3706,3.2907
15690,523.000,1272,563,2135,1710,59.0554,5.2805
15691,523.033,1277,566,2133,1703,54.7052,3.6442
15692,523.067,1275,563,2132,1700,59.6344,1.9254
15693,523.100,1274,558,2131,1700,54.6469,4.5472
15694,523.133,1277,558,2126,1693,57.6652,2.4709
15695,523.167,1274,541,2128,1702,53.9790,4.2107
15696,523.200,1275,542,2128,1697,57.3154,2.8070
15697,523.233,1273,536,2132,1703,56.7693,3.6178
15698,523.267,1273,542,2135,1711,61.5914,4.4083
15699,523.300,1273,538,2137,1711,57.1100,5.4488
15700,523.333,1272,535,2133,1707,54.8054,0.8009
15701,523.367,1276,522,2135,1699,57.2859,2.0240
15702,523.400,1275,523,2132,1701,57.6360,0.9669
15703,523.433,1275,509,2138,1694,51.3790,3.1618
15704,523.467,1274,512,2137,1697,49.5235,2.6066
15705,523.500,1275,510,2139,1695,54.1983,5.3813
15706,523.533,1274,515,2138,1696,56.2227,3.1500
15707,523.567,1275,514,2139,1699,54.6030,4.6569
15708,523.600,1276,512,2141,1697,53.4879,6.8385
15709,523.633,1277,510,2142,1695,52.6928,5.5845
15710,523.667,1278,508,2147,1693,54.1061,7.0283
15711,523.700,1277,500,2153,1689,57.5312,7.2915
15712,523.733,1276,493,2159,1681,56.0219,3.4651
15713,523.767,1274,492,2163,1680,51.4335,4.5849
15714,523.800,1274,494,2161,1681,52.3931,5.9511
15715,523.833,1274,496,2160,1682,50.0163,5.1429
15716,523.867,1275,498,2160,1682,52.2573,5.5656
15717,523.900,1278,502,2160,1685,54.2936,6.6662
15718,523.933,1277,496,2162,1682,53.9872,5.7118
15719,523.967,1276,496,2165,1684,51.8002,6.2361
15720,524.000,1278,495,2168,1686,56.3869,4.9744
15721,524.033,1279,497,2164,1684,53.9939,3.7885
15722,524.067,1288,491,2181,1680,56.7133,1.5229
15723,524.100,1288,490,2179,1677,53.4356,2.7088
15724,524.133,1290,498,2170,1673,52.9689,4.6991
15725,524.167,1300,510,2152,1668,53.4721,3.6448
15726,524.200,1307,505,2153,1679,57.8386,1.0410
15727,524.233,1308,483,2179,1698,51.2559,-3.2609
15728,524.267,1327,478,2212,1703,39.1110,-0.7763
15729,524.300,1329,477,2213,1703,41.3384,-5.9292
15730,524.333,1330,473,2216,1687,39.6541,-3.9946
15731,524.367,1350,447,2249,1674,31.4778,-1.2572
15732,524.400,1347,449,2250,1668,33.2883,-0.1284
15733,524.433,1376,457,2260,1659,27.8766,3.0134
15734,524.467,1374,448,2266,1655,28.5685,4.5683
15735,524.500,1395,440,2273,1640,22.7265,10.2571
15736,524.533,1417,442,2310,1632,12.6357,10.8970
15737,524.567,1410,440,2303,1621,14.9233,9.4765
15738,524.600,1448,441,2338,1618,16.7034,11.4707
15739,524.633,1470,485,2379,1624,9.7868,11.6657
15740,524.667,1474,472,2365,1626,9.3292,14.4424
15741,524.700,1494,444,2405,1623,13.9939,12.0645
15742,524.733,1512,467,2408,1630,9.6774,15.4444
15743,524.767,1510,454,2424,1635,9.7160,12.4633
15744,524.800,1523,488,2418,1634,13.3066,17.7203
15745,524.833,1521,473,2423,1636,11.9498,12.2384
15746,524.867,1519,464,2421,1635,15.5975,13.9309
15747,524.900,1519,465,2416,1631,19.9398,13.7205
15748,524.933,1519,466,2417,1631,17.5119,14.0486
15749,524.967,1517,471,2413,1628,18.4744,15.1030
15750,525.000,1521,473,2416,1625,17.8268,12.9494
15751,525.033,1522,473,2414,1622,15.4398,15.4838
15752,525.067,1521,467,2413,1624,17.8480,14.4615
15753,525.100,1519,462,2414,1626,17.8784,14.2459
15754,525.133,1518,465,2414,1623,18.7399,15.9987
15755,525.167,1517,458,2412,1622,15.3046,11.6554
15756,525.200,1516,461,2414,1623,24.2338,15.5731
15757,525.233,1517,452,2415,1622,25.0722,14.9466
15758,525.267,1516,455,2414,1619,29.8336,16.4499
15759,525.300,1519,445,2421,1620,27.5824,15.6476
15760,525.333,1516,448,2425,1618,22.1385,17.6895
15761,525.367,1518,445,2424,1615,25.4878,17.6720
15762,525.400,1516,445,2423,1616,26.5833,19.1379
15763,525.433,1516,440,2425,1619,26.2061,16.5328
15764,525.467,1516,445,2425,1622,28.9644,19.6222
15765,525.500,1515,442,2425,1622,26.4050,20.4375
15766,525.533,1516,444,2427,1623,22.1079,19.3569
15767,525.567,1514,449,2426,1625,21.1995,16.6472
15768,525.600,1514,446,2424,1621,26.9988,16.9301
15769,525.633,1515,442,2422,1618,28.4169,17.5799
15770,525.667,1517,441,2421,1617,26.3463,20.0418
15771,525.700,1524,438,2409,1612,24.5527,18.0184
15772,525.733,1514,443,2417,1614,23.7605,18.6158
15773,525.767,1522,434,2404,1603,22.9753,12.8214
15774,525.800,1520,443,2404,1606,23.5744,18.3256
15775,525.833,1519,431,2406,1606,24.6818,15.6180
15776,525.867,1520,423,2407,1604,27.5536,19.2872
15777,525.900,1522,415,2406,1605,24.9445,17.5573
15778,525.933,1521,410,2407,1611,24.1266,17.7390
15779,525.967,1519,402,2410,1611,22.9651,17.2654
15780,526.000,1516,391,2405,1611,22.2090,16.6843
15781,526.033,1513,388,2406,1614,15.7227,18.0169
15782,526.067,1510,387,2406,1618,9.4475,17.6552
15783,526.100,1508,394,2405,1619,12.0455,16.8316
15784,526.133,1507,387,2411,1618,11.0466,14.4720
15785,526.167,1505,388,2409,1617,7.5375,17.2129
15786,526.200,1503,386,2409,1615,5.7868,16.3324
15787,526.233,1505,396,2409,1609,8.6616,15.8836
15788,526.267,1500,402,2409,1605,8.3794,17.1963
15789,526.300,1499,400,2405,1604,6.9942,17.1320
15790,526.333,1499,400,2399,1605,6.4501,17.7523
15791,526.367,1497,401,2401,1604,6.7098,17.9008
15792,526.400,1497,398,2401,1605,7.4048,18.3494
15793,526.433,1497,396,2402,1604,8.3629,18.1422
15794,526.467,1494,395,2403,1606,5.1643,15.3790
15795,526.500,1496,389,2404,1608,5.8408,16.5032
15796,526.533,1497,390,2406,1609,7.5798,18.7340
15797,526.567,1496,385,2409,1613,5.4156,16.8959
15798,526.600,1496,387,2408,1611,6.4964,17.1130
15799,526.633,1498,388,2408,1611,11.4568,15.4648
15800,526.667,1498,382,2407,1611,7.6442,17.0695
15801,526.700,1499,382,2409,1613,7.7045,16.9577
15802,526.733,1499,379,2411,1613,9.7342,15.3158
15803,526.767,1500,380,2413,1614,10.1827,17.9701
15804,526.800,1500,381,2413,1614,8.7782,18.4218
15805,526.833,1500,381,2416,1616,10.1718,18.8210
15806,526.867,1501,378,2416,1612,14.5579,18.8044
15807,526.900,1503,378,2415,1611,6.6262,21.5606
15808,526.933,1503,375,2414,1610,7.5460,20.9279
15809,526.967,1504,377,2415,1610,7.3567,17.7277
15810,527.000,1503,375,2416,1611,7.0887,19.6613
15811,527.033,1504,375,2416,1610,8.3649,20.1877
15812,527.067,1504,376,2416,1609,7.4763,18.2121
15813,527.100,1504,377,2415,1608,8.6953,19.1958
15814,527.133,1504,380,2416,1608,5.2231,21.4820
15815,527.167,1504,379,2415,1607,4.6847,18.7228
15816,527.200,1505,383,2413,1607,2.8365,19.0772
15817,527.233,1501,377,2416,1605,5.6755,11.2821
15818,527.267,1500,380,2415,1604,7.6785,12.8839
15819,527.300,1502,379,2413,1604,8.9125,10.0854
15820,527.333,1506,388,2414,1603,5.8077,16.4141
15821,527.367,1506,395,2410,1603,1.0875,17.0466
15822,527.400,1507,395,2410,1605,1.4029,16.1910
15823,527.433,1508,396,2409,1605,1.2144,16.5853
15824,527.467,1511,402,2408,1606,5.9910,18.6350
15825,527.500,1509,399,2408,1606,3.3236,16.0736
15826,527.533,1514,403,2411,1607,1.3739,21.0689
15827,527.567,1514,401,2412,1605,3.4524,19.8291
15828,527.600,1513,398,2414,1608,4.5694,15.4988
15829,527.633,1513,398,2414,1609,5.7025,14.0883
15830,527.667,1511,398,2414,1612,5.2513,18.6497
15831,527.700,1513,398,2414,1612,2.6131,17.2056
15832,527.733,1514,397,2415,1613,4.7812,16.6113
15833,527.767,1514,396,2415,1613,5.1938,16.5089
15834,527.800,1514,396,2415,1614,3.7543,16.2842
15835,527.833,1515,395,2414,1613,5.5285,18.0240
15836,527.867,1516,398,2412,1613,4.5792,15.6896
15837,527.900,1516,405,2412,1612,6.0401,16.8524
15838,527.933,1517,403,2412,1612,3.9812,19.4526
15839,527.967,1517,403,2411,1613,3.8181,16.6565
15840,528.000,1517,403,2411,1613,4.1774,16.8560
15841,528.033,1518,401,2410,1611,2.1227,14.6990
15842,528.067,1518,401,2411,1612,1.3765,14.9502
15843,528.100,1516,394,2405,1612,5.0960,13.4275
15844,528.133,1508,393,2409,1613,7.9614,11.8537
15845,528.167,1508,403,2403,1612,6.2089,16.1580
15846,528.200,1495,416,2410,1620,6.4987,17.8977
15847,528.233,1488,416,2408,1621,11.0212,15.6033
15848,528.267,1480,425,2405,1622,13.5915,13.3427
15849,528.300,1480,433,2405,1620,7.8361,14.4969
15850,528.333,1475,423,2400,1619,16.0271,13.8115
15851,528.367,1476,427,2400,1620,16.3952,14.2383
15852,528.400,1476,437,2399,1624,14.5452,14.2955
15853,528.433,1473,426,2398,1621,14.1478,14.0728
15854,528.467,1473,431,2398,1622,14.0845,17.9065
15855,528.500,1475,436,2398,1622,11.2205,16.7615
15856,528.533,1476,434,2398,1622,12.4840,16.3341
15857,528.567,1476,435,2398,1623,12.9942,16.1355
15858,528.600,1475,435,2398,1623,13.9413,16.6191
15859,528.633,1476,436,2398,1622,13.2422,17.7004
15860,528.667,1476,436,2398,1622,12.3311,17.8878
15861,528.700,1475,432,2399,1623,10.7221,15.0372
15862,528.733,1475,431,2399,1624,12.1001,12.8236
15863,528.767,1474,430,2398,1624,10.7657,12.0186
15864,528.800,1475,430,2398,1625,9.9660,13.1466
15865,528.833,1475,430,2398,1625,10.7640,12.5284
15866,528.867,1475,432,2398,1624,11.5349,12.6857
15867,528.900,1476,444,2395,1629,13.2948,14.4647
15868,528.933,1476,440,2395,1629,10.0011,13.9451
15869,528.967,1476,440,2394,1629,12.6956,11.4785
15870,529.000,1478,443,2396,1627,9.6032,13.5895
15871,529.033,1476,436,2396,1628,10.6969,13.9270
15872,529.067,1477,426,2397,1623,7.6942,14.1639
15873,529.100,1481,421,2388,1607,17.1762,7.7441
15874,529.133,1484,425,2388,1607,22.8650,9.5228
15875,529.167,1480,423,2402,1618,13.4665,10.0378
15876,529.200,1481,427,2407,1623,10.0203,14.8489
15877,529.233,1482,430,2406,1623,8.5971,17.1102
15878,529.267,1483,428,2407,1622,9.9372,16.2888
15879,529.300,1482,426,2408,1622,9.6470,13.6617
15880,529.333,1481,427,2408,1623,10.1017,15.8514
15881,529.367,1481,429,2408,1623,11.4016,14.5404
15882,529.400,1480,431,2408,1624,6.7688,15.4285
15883,529.433,1481,433,2408,1623,9.6924,16.7630
15884,529.467,1482,437,2408,1623,11.4785,16.8356
15885,529.500,1482,437,2408,1623,10.9227,17.2071
15886,529.533,1482,438,2409,1623,12.7159,15.9294
15887,529.567,1483,440,2409,1622,14.9961,16.4768
15888,529.600,1483,441,2409,1621,14.0745,15.6491
15889,529.633,1483,441,2408,1621,13.7891,15.5065
15890,529.667,1484,438,2410,1621,14.4027,16.6185
15891,529.700,1484,437,2409,1620,12.5524,17.0423
15892,529.733,1484,442,2408,1620,14.1817,17.5435
15893,529.767,1484,443,2408,1620,9.5315,15.0164
15894,529.800,1483,442,2407,1620,13.7815,18.1511
15895,529.833,1483,443,2406,1619,13.1321,15.6288
15896,529.867,1483,443,2406,1619,13.8846,15.3909
15897,529.900,1480,441,2405,1621,10.7740,18.2744
15898,529.933,1481,440,2406,1621,11.1087,19.0978
15899,529.967,1482,443,2406,1621,8.9228,20.5171
15900,530.000,1482,443,2406,1621,8.8677,20.5621
15901,530.033,1483,442,2407,1621,9.1468,17.8106
15902,530.067,1482,442,2407,1621,11.8569,18.3103
15903,530.100,1482,441,2407,1622,11.6181,18.7618
15904,530.133,1482,441,2407,1622,11.3966,18.5681
15905,530.167,1482,439,2407,1621,9.3866,16.8268
15906,530.200,1481,440,2407,1621,10.5395,17.1386
15907,530.233,1481,439,2407,1621,10.6475,16.3795
15908,530.267,1481,439,2407,1621,10.6883,16.3630
15909,530.300,1481,439,2407,1622,9.9361,17.2738
15910,530.333,1481,439,2406,1622,11.9262,18.0064
15911,530.367,1479,435,2404,1623,11.1200,16.4341
15912,530.400,1480,434,2404,1623,13.8261,18.8220
15913,530.433,1480,433,2405,1624,13.4060,17.9233
15914,530.467,1480,434,2405,1624,12.8242,17.7796
15915,530.500,1480,434,2406,1624,12.7018,17.5704
15916,530.533,1480,434,2405,1622,10.8282,18.1440
15917,530.567,1481,437,2407,1624,14.5160,15.6695
15918,530.600,1481,439,2407,1624,11.7688,14.9949
15919,530.633,1481,440,2407,1624,13.2611,13.5880
15920,530.667,1481,438,2407,1624,11.0438,14.4896
15921,530.700,1482,439,2406,1624,13.7740,15.7098
15922,530.733,1482,442,2405,1624,11.5393,14.9957
15923,530.767,1481,441,2405,1624,12.2440,15.0818
15924,530.800,1482,441,2405,1624,12.8215,14.6797
15925,530.833,1482,444,2404,1624,12.0009,15.4556
15926,530.867,1482,449,2404,1625,8.8337,15.1897
15927,530.900,1481,444,2401,1624,9.3742,17.2242
15928,530.933,1481,443,2401,1625,6.9509,16.6967
15929,530.967,1481,443,2400,1625,9.7105,17.4564
15930,531.000,1482,445,2400,1624,9.4629,18.2064
15931,531.033,1482,445,2401,1625,10.8761,19.2981
15932,531.067,1483,447,2402,1625,8.9910,15.7355
15933,531.100,1483,446,2402,1625,9.3447,17.0896
15934,531.133,1482,444,2402,1625,6.5579,17.3107
15935,531.167,1482,446,2403,1625,10.1272,16.6393
15936,531.200,1482,446,2403,1626,9.1080,18.2957
15937,531.233,1482,446,2403,1626,9.2850,18.6837
15938,531.267,1482,445,2405,1626,10.2129,18.3542
15939,531.300,1481,443,2404,1626,13.7995,17.1661
15940,531.333,1483,453,2407,1627,13.3270,11.1694
15941,531.367,1482,451,2408,1628,11.1628,10.9351
15942,531.400,1480,427,2407,1619,18.4086,11.4029
15943,531.433,1481,438,2408,1622,14.0797,12.4986
15944,531.467,1482,446,2407,1625,14.7452,13.0912
15945,531.500,1480,447,2405,1629,13.3758,17.0057
15946,531.533,1481,447,2404,1629,12.2264,18.2989
15947,531.567,1481,454,2404,1628,13.7934,18.1100
15948,531.600,1482,451,2403,1628,13.1394,16.5721
15949,531.633,1482,451,2404,1628,10.4301,18.7912
15950,531.667,1482,452,2404,1628,9.8133,17.5211
15951,531.700,1482,451,2404,1627,9.9114,19.0257
15952,531.733,1482,450,2403,1627,10.6892,17.7550
15953,531.767,1482,451,2402,1627,9.7078,17.1752
15954,531.800,1482,450,2402,1627,9.1468,19.3261
15955,531.833,1482,451,2403,1629,10.0634,16.1165
15956,531.867,1482,448,2401,1627,13.7202,17.1453
15957,531.900,1486,453,2403,1632,13.6783,20.2112
15958,531.933,1486,455,2402,1633,14.9424,19.1748
15959,531.967,1486,454,2402,1633,14.0556,20.3439
15960,532.000,1486,454,2401,1634,15.0983,18.8122
15961,532.033,1486,455,2401,1634,14.7446,19.3300
15962,532.067,1481,443,2401,1630,15.5094,16.5758
15963,532.100,1476,435,2398,1631,13.5885,18.9419
15964,532.133,1478,445,2400,1627,16.7087,17.8969
15965,532.167,1480,442,2402,1630,17.1640,15.0427
15966,532.200,1479,444,2404,1631,24.7713,14.3117
15967,532.233,1481,445,2401,1625,25.5748,15.8596
15968,532.267,1483,436,2406,1618,29.0786,14.7920
15969,532.300,1497,430,2405,1601,28.9157,14.5105
15970,532.333,1496,431,2403,1597,31.8676,13.3781
15971,532.367,1497,432,2404,1599,28.7008,13.7287
15972,532.400,1485,433,2412,1609,28.8169,14.3741
15973,532.433,1496,429,2402,1598,29.2889,13.9251
15974,532.467,1495,422,2393,1590,29.0993,16.1236
15975,532.500,1488,415,2410,1592,29.7412,16.1476
15976,532.533,1487,420,2411,1591,33.9560,14.2794
15977,532.567,1485,418,2410,1590,32.7389,15.1933
15978,532.600,1488,421,2396,1587,35.2269,4.2137
15979,532.633,1491,407,2392,1595,36.6594,2.5568
15980,532.667,1488,393,2362,1593,30.5399,4.8607
15981,532.700,1485,388,2366,1599,27.1119,6.0078
15982,532.733,1483,386,2350,1597,31.2317,4.0991
15983,532.767,1457,364,2347,1602,45.5367,1.9142
15984,532.800,1455,373,2340,1599,46.4468,4.2691
15985,532.833,1435,394,2321,1609,44.4026,4.8602
15986,532.867,1421,423,2301,1596,44.3083,7.0898
15987,532.900,1423,409,2311,1599,44.4775,9.3639
15988,532.933,1418,378,2305,1600,40.1770,5.0572
15989,532.967,1381,345,2286,1615,44.5540,9.5891
15990,533.000,1383,359,2291,1612,44.1114,11.5735
15991,533.033,1371,348,2280,1620,45.6441,5.9174
15992,533.067,1371,376,2260,1613,41.0924,9.1344
15993,533.100,1369,366,2258,1613,50.5183,7.6729
15994,533.133,1364,375,2259,1615,45.9035,4.5757
15995,533.167,1358,371,2257,1616,42.3742,4.9620
15996,533.200,1360,370,2257,1614,46.8738,7.0711
15997,533.233,1360,373,2256,1608,45.7403,4.4629
15998,533.267,1360,378,2259,1613,50.3796,3.5282
15999,533.300,1358,382,2261,1617,51.2991,0.8611
16000,533.333,1364,375,2265,1615,47.8048,5.2560
16001,533.367,1369,372,2274,1622,53.2194,3.0961
16002,533.400,1367,376,2275,1626,48.9793,7.4678
16003,533.433,1370,372,2280,1627,50.6788,4.0441
16004,533.467,1372,376,2280,1628,50.9157,4.1559
16005,533.500,1375,380,2276,1625,47.3125,5.8644
16006,533.533,1374,380,2290,1631,43.5275,-1.9813
16007,533.567,1387,420,2292,1645,43.3678,-8.0195
16008,533.600,1387,418,2293,1646,36.3387,-11.3838
16009,533.633,1385,418,2282,1650,30.0415,-2.2620
16010,533.667,1380,409,2279,1661,25.1718,4.0309
16011,533.700,1380,419,2279,1661,26.8055,2.9569
16012,533.733,1377,430,2281,1660,21.3498,1.7497
16013,533.767,1392,413,2284,1633,21.8424,7.7154
16014,533.800,1394,427,2289,1635,21.2906,9.7096
16015,533.833,1407,434,2289,1623,23.6134,11.9835
16016,533.867,1412,413,2301,1626,21.1013,8.8628
16017,533.900,1412,425,2303,1623,22.6783,7.8314
16018,533.933,1413,412,2315,1632,17.1651,8.8994
16019,533.967,1417,426,2334,1644,19.4558,8.2831
16020,534.000,1412,434,2321,1647,15.5762,12.2040
16021,534.033,1411,462,2330,1655,15.3622,13.5699
16022,534.067,1409,466,2337,1660,19.2704,12.3625
16023,534.100,1412,469,2333,1665,19.1374,14.0268
16024,534.133,1429,446,2335,1655,15.8459,9.1360
16025,534.167,1438,427,2350,1661,17.2442,12.7662
16026,534.200,1437,426,2354,1661,22.6099,12.3364
16027,534.233,1440,431,2359,1661,21.1973,13.7011
16028,534.267,1442,438,2363,1661,20.1374,12.3713
16029,534.300,1441,435,2367,1663,23.1877,13.4395
16030,534.333,1444,425,2377,1669,25.2012,13.6978
16031,534.367,1441,427,2370,1666,27.0496,12.2046
16032,534.400,1442,414,2371,1667,25.7769,11.7281
16033,534.433,1448,441,2372,1665,24.5798,16.4306
16034,534.467,1447,444,2372,1666,23.6610,15.5478
16035,534.500,1449,452,2373,1662,23.1561,13.5114
16036,534.533,1462,453,2379,1655,26.4543,13.3620
16037,534.567,1453,458,2386,1660,22.2030,15.6370
16038,534.600,1464,466,2378,1650,28.6059,15.4311
16039,534.633,1471,469,2389,1650,26.0283,13.8029
16040,534.667,1464,476,2393,1654,21.6620,14.4897
16041,534.700,1474,473,2390,1648,25.3395,16.5058
16042,534.733,1479,466,2389,1619,21.4496,15.7496
16043,534.767,1481,464,2391,1620,21.4370,12.0626
16044,534.800,1491,464,2394,1618,22.1218,10.1982
16045,534.833,1505,489,2407,1640,23.3639,11.1361
16046,534.867,1517,474,2406,1634,23.9579,6.4399
16047,534.900,1519,514,2412,1637,22.5067,3.8462
16048,534.933,1520,510,2411,1634,21.3580,5.6092
16049,534.967,1514,489,2409,1636,9.9105,13.9538
16050,535.000,1514,479,2407,1636,15.2583,14.3617
16051,535.033,1516,477,2416,1637,11.9711,10.6362
16052,535.067,1520,465,2421,1637,12.9126,16.7369
16053,535.100,1520,466,2420,1635,12.2780,18.9879
16054,535.133,1523,471,2422,1635,7.4357,16.4465
16055,535.167,1521,463,2423,1635,7.9272,16.4949
16056,535.200,1528,459,2421,1629,7.1278,18.2686
16057,535.233,1527,455,2422,1630,7.8654,16.8697
16058,535.267,1520,455,2426,1633,10.2273,16.5363
16059,535.300,1526,451,2422,1632,6.5479,17.4733
16060,535.333,1524,449,2421,1633,7.6026,18.4065
16061,535.367,1524,449,2420,1635,6.6735,17.3083
16062,535.400,1524,451,2420,1632,9.4516,16.6583
16063,535.433,1524,452,2420,1632,10.9096,18.6575
16064,535.467,1525,454,2420,1632,9.6833,18.7698
16065,535.500,1527,440,2433,1656,9.3915,13.5938
16066,535.533,1528,441,2439,1659,9.3405,16.8642
16067,535.567,1533,420,2439,1657,7.7124,14.2755
16068,535.600,1539,429,2438,1656,8.0468,14.0959
16069,535.633,1539,434,2434,1654,7.9415,14.0226
16070,535.667,1543,429,2434,1650,6.4182,12.0744
16071,535.700,1546,435,2435,1645,7.0546,14.6709
16072,535.733,1546,433,2434,1649,8.7801,12.2136
16073,535.767,1544,430,2434,1649,6.4292,10.7227
16074,535.800,1544,429,2436,1648,9.4184,11.6949
16075,535.833,1544,425,2437,1650,7.1252,11.9424
16076,535.867,1546,425,2438,1653,6.6435,11.3965
16077,535.900,1547,427,2433,1645,6.8929,13.0503
16078,535.933,1548,427,2434,1646,7.1898,13.6071
16079,535.967,1549,427,2435,1644,9.1737,13.2444
16080,536.000,1548,426,2436,1644,7.3738,13.7446
16081,536.033,1547,427,2437,1645,9.0718,12.6403
16082,536.067,1548,430,2437,1644,8.9786,11.2604
16083,536.100,1548,428,2437,1644,9.7266,11.1571
16084,536.133,1549,430,2437,1646,11.5042,12.5154
16085,536.167,1549,430,2437,1650,12.0853,12.0549
16086,536.200,1548,431,2439,1654,8.6579,12.6488
16087,536.233,1548,436,2440,1654,7.8278,14.3470
16088,536.267,1550,433,2443,1655,9.7969,11.4556
16089,536.300,1553,435,2444,1657,9.3420,11.8736
16090,536.333,1552,435,2438,1655,9.7538,10.5712
16091,536.367,1548,423,2428,1649,10.9925,7.4413
16092,536.400,1547,421,2428,1649,10.5569,13.0451
16093,536.433,1547,418,2428,1649,12.0671,11.4582
16094,536.467,1553,428,2432,1652,6.4762,10.7656
16095,536.500,1551,431,2432,1652,8.2853,7.7556
16096,536.533,1551,436,2434,1654,10.2213,12.1580
16097,536.567,1551,436,2437,1656,7.1043,10.7448
16098,536.600,1549,435,2438,1656,7.5214,11.7200
16099,536.633,1548,435,2438,1656,10.0356,11.3960
16100,536.667,1548,435,2438,1656,9.7924,11.2388
16101,536.700,1546,435,2439,1657,5.6694,10.6541
16102,536.733,1546,436,2440,1656,8.3389,11.6269
16103,536.767,1546,436,2441,1655,9.0726,12.4881
16104,536.800,1545,436,2441,1656,9.7063,12.4221
16105,536.833,1545,436,2440,1657,9.2109,12.0557
16106,536.867,1545,435,2440,1657,8.3373,11.0513
16107,536.900,1543,432,2438,1661,8.9040,12.7463
16108,536.933,1543,432,2438,1661,9.9304,13.6440
16109,536.967,1543,432,2439,1662,9.1792,13.4739
16110,537.000,1542,430,2440,1663,8.6089,13.3239
16111,537.033,1543,430,2440,1663,8.5320,12.6789
16112,537.067,1541,427,2441,1663,7.2019,13.7722
16113,537.100,1542,428,2441,1664,7.8398,13.4604
16114,537.133,1542,427,2442,1664,7.2134,13.7740
16115,537.167,1542,426,2442,1665,6.2765,12.8114
16116,537.200,1542,425,2443,1669,7.3436,13.8854
16117,537.233,1542,425,2443,1670,8.5241,13.8546
16118,537.267,1544,430,2436,1665,8.7193,11.0299
16119,537.300,1543,431,2437,1665,8.1580,12.2645
16120,537.333,1547,425,2427,1654,17.3271,12.6360
16121,537.367,1547,433,2427,1654,18.4729,9.2187
16122,537.400,1547,432,2428,1655,18.2794,9.3002
16123,537.433,1549,428,2431,1657,12.3931,12.6289
16124,537.467,1551,439,2431,1658,10.3363,11.6052
16125,537.500,1550,437,2432,1659,7.7371,12.4395
16126,537.533,1546,437,2433,1660,7.5756,12.9123
16127,537.567,1546,440,2434,1662,10.7088,13.8677
16128,537.600,1545,435,2437,1664,11.5016,13.5687
16129,537.633,1546,432,2438,1660,9.3771,14.1046
16130,537.667,1545,432,2439,1662,10.6869,12.6021
16131,537.700,1545,430,2439,1665,4.5161,11.5151
16132,537.733,1546,434,2438,1664,10.9965,14.2304
16133,537.767,1546,430,2439,1664,10.5827,12.3192
16134,537.800,1546,429,2439,1665,11.5314,12.2987
16135,537.833,1546,431,2441,1666,9.1634,11.3094
16136,537.867,1546,434,2440,1664,11.1727,12.4375
16137,537.900,1548,429,2440,1663,8.8238,9.8016
16138,537.933,1549,425,2440,1664,8.0253,12.4703
16139,537.967,1547,427,2440,1665,11.6704,13.4391
16140,538.000,1548,428,2441,1666,8.5027,13.9359
16141,538.033,1546,429,2444,1663,4.6689,13.6161
16142,538.067,1548,430,2443,1662,6.9405,14.6657
16143,538.100,1548,430,2443,1663,7.5683,14.5101
16144,538.133,1547,431,2443,1664,6.2866,15.0765
16145,538.167,1542,434,2442,1663,6.7670,14.0018
16146,538.200,1541,436,2440,1662,8.4803,13.8468
16147,538.233,1541,439,2439,1662,10.1753,14.6466
16148,538.267,1541,437,2439,1661,7.2623,13.4997
16149,538.300,1540,432,2439,1662,7.2368,15.2673
16150,538.333,1541,432,2440,1662,7.7306,14.6260
16151,538.367,1541,432,2439,1662,4.9473,13.4553
16152,538.400,1541,431,2440,1662,6.2259,13.4455
16153,538.433,1540,432,2440,1662,6.0787,15.1614
16154,538.467,1540,432,2439,1662,7.3827,14.8339
16155,538.500,1540,432,2439,1662,7.2084,14.7030
16156,538.533,1540,432,2439,1662,7.1931,14.5292
16157,538.567,1541,433,2439,1662,4.6053,14.7550
16158,538.600,1544,433,2437,1659,-5.8199,18.6329
16159,538.633,1544,428,2438,1660,-6.1479,20.3634
16160,538.667,1545,428,2439,1661,-8.5834,17.2896
16161,538.700,1539,426,2440,1665,-9.0844,18.5233
16162,538.733,1538,426,2439,1666,-10.1703,19.0924
16163,538.767,1538,426,2440,1666,-10.4996,17.6906
16164,538.800,1538,426,2439,1666,-10.1547,18.9827
16165,538.833,1538,424,2439,1666,-10.8855,17.4831
16166,538.867,1538,425,2439,1666,-9.4584,17.9146
16167,538.900,1538,431,2441,1665,-9.6481,17.8325
16168,538.933,1538,430,2442,1666,-10.4522,17.3239
16169,538.967,1538,431,2442,1665,-10.6137,19.9315
16170,539.000,1539,431,2440,1665,-9.0056,17.3569
16171,539.033,1538,432,2438,1666,-8.5476,16.1873
16172,539.067,1539,431,2436,1664,-9.2178,17.0350
16173,539.100,1539,432,2436,1662,-8.8016,16.4345
16174,539.133,1538,431,2436,1662,-9.3434,16.5621
16175,539.167,1537,432,2435,1663,-9.0051,16.1353
16176,539.200,1538,434,2436,1664,-8.5704,18.1836
16177,539.233,1537,433,2435,1665,-8.7474,19.4738
16178,539.267,1538,437,2435,1664,-10.3638,20.9372
16179,539.300,1538,439,2436,1665,-8.4778,18.3577
16180,539.333,1539,443,2435,1664,-6.2789,18.1632
16181,539.367,1538,444,2435,1664,-8.8431,17.8040
16182,539.400,1538,443,2435,1664,-8.3993,16.7328
16183,539.433,1537,445,2435,1665,-8.9129,18.8737
16184,539.467,1537,445,2436,1666,-8.7058,18.2359
16185,539.500,1537,445,2436,1665,-7.1026,20.0485
16186,539.533,1537,444,2436,1665,-8.6024,19.6561
16187,539.567,1537,445,2436,1665,-7.0384,20.5141
16188,539.600,1538,443,2437,1664,-9.0639,18.0259
16189,539.633,1538,443,2437,1664,-9.4488,18.3969
16190,539.667,1538,442,2438,1664,-9.9129,18.1580
16191,539.700,1537,439,2439,1666,-9.4923,17.2374
16192,539.733,1536,437,2439,1668,-9.9286,16.9801
16193,539.767,1536,437,2440,1671,-9.2826,17.5978
16194,539.800,1536,437,2440,1670,-9.6196,16.2298
16195,539.833,1535,435,2440,1670,-11.0450,16.7098
16196,539.867,1535,432,2440,1671,-11.1216,17.1728
16197,539.900,1536,434,2438,1670,-11.3764,16.1553
16198,539.933,1536,434,2437,1670,-9.8463,17.4987
16199,539.967,1533,436,2437,1671,-10.8137,16.7667
16200,540.000,1532,436,2437,1671,-9.7123,17.2090
16201,540.033,1530,434,2437,1671,-10.0220,14.7095
16202,540.067,1531,435,2438,1670,-11.8731,17.8795
16203,540.100,1531,434,2438,1670,-11.3226,17.5928
16204,540.133,1530,434,2438,1669,-12.4316,15.3620
16205,540.167,1530,432,2438,1670,-12.3448,15.2988
16206,540.200,1529,433,2438,1670,-11.6250,15.4956
16207,540.233,1530,433,2438,1670,-12.1165,15.4577
16208,540.267,1530,432,2438,1670,-12.5921,15.1176
16209,540.300,1529,433,2438,1669,-12.9328,14.6563
16210,540.333,1529,432,2438,1670,-12.6562,15.1976
16211,540.367,1529,432,2438,1670,-12.5760,15.3219
16212,540.400,1529,432,2438,1670,-12.7230,15.5197
16213,540.433,1530,433,2438,1669,-13.6358,14.1475
16214,540.467,1530,434,2437,1669,-12.4202,16.2116
16215,540.500,1530,435,2437,1669,-11.0837,14.8038
16216,540.533,1530,434,2437,1669,-12.0878,16.5730
16217,540.567,1530,435,2437,1671,-9.9761,15.4309
16218,540.600,1531,438,2437,1670,-10.6522,16.8076
16219,540.633,1531,437,2437,1670,-11.5497,17.1990
16220,540.667,1531,438,2437,1669,-10.7387,17.2289
16221,540.700,1532,438,2439,1669,-11.0891,17.5537
16222,540.733,1532,439,2439,1669,-9.5804,18.4852
16223,540.767,1532,439,2439,1669,-9.3298,18.6650
16224,540.800,1532,439,2439,1669,-9.2405,18.5274
16225,540.833,1531,439,2440,1669,-10.9423,18.0600
16226,540.867,1533,441,2439,1669,-9.0588,18.0111
16227,540.900,1532,444,2437,1668,-11.0157,19.7396
16228,540.933,1532,445,2436,1668,-11.4958,18.5480
16229,540.967,1532,445,2436,1667,-11.2759,18.9658
16230,541.000,1532,445,2437,1667,-10.8439,18.6339
16231,541.033,1533,443,2436,1666,-8.3716,18.8860
16232,541.067,1533,442,2437,1667,-10.4478,18.0352
16233,541.100,1533,443,2437,1667,-10.4320,18.5885
16234,541.133,1533,442,2437,1668,-8.7402,19.2814
16235,541.167,1532,442,2438,1669,-11.0057,19.1893
16236,541.200,1533,443,2437,1668,-9.4386,19.7176
16237,541.233,1533,442,2436,1668,-9.9247,17.7795
16238,541.267,1533,441,2437,1669,-11.1222,18.4049
16239,541.300,1533,441,2437,1671,-11.4574,17.2450
16240,541.333,1533,441,2437,1672,-11.1101,17.2791
16241,541.367,1533,443,2437,1673,-10.4345,16.9700
16242,541.400,1533,442,2437,1673,-10.4994,17.7787
16243,541.433,1532,443,2436,1673,-11.2194,16.7552
16244,541.467,1533,443,2436,1673,-10.9551,19.4209
16245,541.500,1533,444,2436,1673,-11.6334,16.3319
16246,541.533,1532,438,2436,1674,-8.4370,16.5567
16247,541.567,1541,421,2424,1666,3.3213,10.8843
16248,541.600,1539,420,2423,1667,4.4642,13.2207
16249,541.633,1538,420,2423,1667,2.6991,10.4061
16250,541.667,1537,434,2425,1668,-2.9230,14.1930
16251,541.700,1537,445,2427,1668,-1.6225,15.0759
16252,541.733,1538,444,2428,1669,-3.1784,16.2441
16253,541.767,1539,442,2430,1670,-3.5498,14.8014
16254,541.800,1539,443,2429,1669,-6.0512,13.7601
16255,541.833,1537,438,2431,1670,-8.5952,14.3082
16256,541.867,1538,439,2431,1670,-9.5919,12.0560
16257,541.900,1536,429,2434,1671,-11.6436,13.7954
16258,541.933,1536,429,2434,1670,-11.7605,14.0571
16259,541.967,1536,429,2434,1670,-11.7427,14.3503
16260,542.000,1536,429,2434,1670,-11.7452,14.2281
16261,542.033,1537,428,2435,1670,-11.7865,12.9913
16262,542.067,1537,429,2435,1670,-11.4298,13.7258
16263,542.100,1537,429,2435,1670,-11.4154,13.8080
16264,542.133,1537,429,2435,1669,-11.6857,14.3068
16265,542.167,1538,429,2434,1669,-11.7885,11.9668
16266,542.200,1538,431,2436,1670,-10.0811,12.3972
16267,542.233,1538,431,2436,1670,-10.3030,12.3831
16268,542.267,1538,430,2436,1670,-11.7576,11.9244
16269,542.300,1538,433,2436,1671,-8.1440,10.4733
16270,542.333,1538,433,2436,1670,-9.2148,12.1558
16271,542.367,1538,433,2436,1670,-9.1780,11.8884
16272,542.400,1538,433,2437,1670,-10.7228,11.1504
16273,542.433,1538,434,2435,1670,-10.5226,10.5450
16274,542.467,1538,434,2435,1669,-10.7907,10.6978
16275,542.500,1538,438,2434,1669,-11.0276,12.1130
16276,542.533,1538,435,2435,1669,-9.2271,11.8010
16277,542.567,1537,434,2435,1670,-8.5236,12.4294
16278,542.600,1537,433,2434,1668,-9.6088,12.3390
16279,542.633,1537,433,2434,1668,-10.5752,11.1884
16280,542.667,1537,433,2433,1667,-10.3606,12.3133
16281,542.700,1539,434,2433,1666,-10.6468,12.7703
16282,542.733,1538,431,2433,1667,-10.8527,10.6544
16283,542.767,1537,429,2433,1667,-11.0062,11.4340
16284,542.800,1538,431,2433,1667,-11.3041,10.4901
16285,542.833,1538,434,2433,1667,-9.9908,12.0506
16286,542.867,1538,436,2433,1667,-12.1552,12.9738
16287,542.900,1536,434,2433,1668,-11.5423,11.1952
16288,542.933,1536,435,2433,1668,-10.0291,11.0561
16289,542.967,1536,435,2433,1668,-9.7627,11.1759
16290,543.000,1536,435,2433,1668,-9.6003,11.4848
16291,543.033,1536,435,2433,1667,-10.2999,11.0948
16292,543.067,1536,436,2433,1667,-10.4645,11.3689
16293,543.100,1536,437,2434,1667,-10.0297,10.3166
16294,543.133,1536,437,2434,1667,-9.7520,10.3635
16295,543.167,1535,437,2433,1667,-11.4321,10.1165
16296,543.200,1535,436,2433,1668,-9.2652,10.6844
16297,543.233,1535,436,2433,1668,-9.3281,10.7288
16298,543.267,1535,435,2433,1668,-8.7381,10.9957
16299,543.300,1536,436,2433,1667,-10.3219,11.2144
16300,543.333,1538,439,2432,1668,-8.8529,10.5009
16301,543.367,1536,441,2435,1672,-9.7374,10.7987
16302,543.400,1537,441,2435,1672,-10.8148,11.7662
16303,543.433,1537,442,2434,1672,-9.9915,10.8790
16304,543.467,1537,442,2434,1671,-9.2591,10.9924
16305,543.500,1537,442,2434,1671,-8.9264,11.1459
16306,543.533,1537,442,2434,1671,-9.1889,11.2649
16307,543.567,1538,441,2434,1672,-10.1056,11.4494
16308,543.600,1538,442,2433,1672,-10.4031,11.2898
16309,543.633,1538,442,2433,1672,-10.5656,11.1783
16310,543.667,1539,442,2433,1672,-10.3877,10.5151
16311,543.700,1539,441,2433,1673,-10.9223,11.0268
16312,543.733,1529,440,2433,1676,-8.3405,9.9420
16313,543.767,1544,421,2420,1663,-3.8050,6.8962
16314,543.800,1542,419,2422,1664,-4.9567,6.9109
16315,543.833,1541,421,2422,1662,0.2449,3.4708
16316,543.867,1542,429,2422,1666,-1.4263,6.0487
16317,543.900,1540,428,2423,1671,-1.0402,9.5697
16318,543.933,1540,435,2426,1671,-8.0623,9.6562
16319,543.967,1530,442,2432,1677,-9.4202,10.1823
16320,544.000,1531,442,2433,1678,-9.1912,9.8574
16321,544.033,1530,441,2435,1678,-7.9150,10.3468
16322,544.067,1537,439,2428,1673,-5.8062,12.4361
16323,544.100,1528,444,2433,1678,-5.2323,11.8630
16324,544.133,1536,442,2429,1674,-4.6660,12.6122
16325,544.167,1536,443,2428,1673,-6.8735,12.3600
16326,544.200,1536,444,2429,1673,-5.7282,13.2284
16327,544.233,1536,444,2429,1673,-5.7509,13.0365
16328,544.267,1535,444,2429,1673,-6.3754,12.6383
16329,544.300,1535,445,2429,1673,-9.4969,11.2123
16330,544.333,1535,445,2430,1673,-8.6065,11.9541
16331,544.367,1535,447,2429,1673,-8.9336,13.5936
16332,544.400,1535,445,2430,1673,-8.5141,11.3835
16333,544.433,1534,445,2430,1672,-10.5874,12.0683
16334,544.467,1535,445,2430,1672,-8.4785,11.7888
16335,544.500,1535,445,2430,1672,-8.5582,11.5167
16336,544.533,1535,445,2430,1673,-8.6357,11.5009
16337,544.567,1535,444,2430,1673,-5.3085,12.6112
16338,544.600,1535,446,2430,1673,-7.8242,12.5312
16339,544.633,1535,447,2430,1673,-5.7577,13.0667
16340,544.667,1535,447,2430,1672,-8.4039,13.3800
16341,544.700,1534,447,2429,1671,-5.5926,13.6655
16342,544.733,1534,448,2429,1672,-5.8800,12.8073
16343,544.767,1534,448,2430,1672,-5.3098,12.3268
16344,544.800,1534,448,2430,1672,-4.7751,11.9370
16345,544.833,1533,446,2431,1671,-5.5684,10.9044
16346,544.867,1534,443,2428,1670,-0.2666,10.8016
16347,544.900,1536,446,2427,1665,-2.4336,10.2569
16348,544.933,1536,447,2428,1665,-3.0165,8.0122
16349,544.967,1536,448,2427,1665,-3.9959,8.9950
16350,545.000,1537,446,2428,1665,-2.2939,9.0414
16351,545.033,1537,445,2428,1666,-3.7121,8.1858
16352,545.067,1537,445,2429,1667,-4.0648,8.4536
16353,545.100,1529,448,2432,1672,-5.1148,8.7972
16354,545.133,1529,448,2432,1672,-4.9196,7.6835
16355,545.167,1529,445,2431,1672,-3.4225,5.9496
16356,545.200,1529,445,2430,1672,0.0638,6.8014
16357,545.233,1530,447,2431,1671,-3.4594,6.1341
16358,545.267,1530,448,2430,1670,-2.1623,5.9992
16359,545.300,1531,447,2430,1670,-3.9472,5.6089
16360,545.333,1531,447,2430,1670,-3.1350,5.0914
16361,545.367,1531,447,2430,1670,-3.2644,5.3759
16362,545.400,1530,447,2430,1670,-4.5485,4.5054
16363,545.433,1530,446,2430,1670,-3.4346,3.8715
16364,545.467,1530,445,2430,1670,-3.4778,3.5889
16365,545.500,1529,446,2430,1670,-3.3844,3.9360
16366,545.533,1529,446,2430,1670,-3.4431,3.4778
16367,545.567,1529,446,2430,1670,-4.2311,3.0219
16368,545.600,1529,446,2430,1669,-3.2551,1.5421
16369,545.633,1529,445,2430,1668,-2.6420,3.2130
16370,545.667,1529,444,2430,1669,-3.3641,3.0878
16371,545.700,1529,444,2430,1669,-3.2948,3.5350
16372,545.733,1530,443,2430,1669,-4.5498,3.6757
16373,545.767,1530,442,2431,1669,-4.8135,3.2379
16374,545.800,1530,445,2430,1670,-2.7035,2.8995
16375,545.833,1530,447,2430,1670,-1.6428,3.1038
16376,545.867,1530,447,2430,1669,-2.0601,5.4329
16377,545.900,1530,447,2430,1671,-3.6769,3.2968
16378,545.933,1530,448,2429,1671,-3.3982,4.4351
16379,545.967,1530,448,2430,1671,-2.5598,4.8465
16380,546.000,1530,448,2429,1671,-3.3529,4.4846
16381,546.033,1530,449,2429,1671,-3.4461,5.2309
16382,546.067,1531,450,2429,1672,-4.8495,4.0482
16383,546.100,1531,451,2430,1672,-2.8065,2.5405
16384,546.133,1531,450,2429,1671,-3.2141,3.8281
16385,546.167,1530,451,2429,1671,-2.9204,2.1420
16386,546.200,1530,451,2429,1673,-3.0508,1.8559
16387,546.233,1529,451,2429,1672,-2.9564,3.4481
16388,546.267,1529,451,2429,1672,-3.1849,3.5577
16389,546.300,1527,453,2429,1673,-3.3968,3.4150
16390,546.333,1527,452,2429,1673,-2.9208,3.0461
16391,546.367,1527,452,2429,1674,-2.7986,2.2411
16392,546.400,1528,452,2429,1673,-3.1774,3.6562
16393,546.433,1528,451,2429,1674,-4.5063,1.8839
16394,546.467,1527,452,2429,1673,-3.1257,3.2054
16395,546.500,1527,451,2428,1674,-5.5069,2.3966
16396,546.533,1527,451,2429,1674,-4.1225,3.2059
16397,546.567,1527,449,2429,1673,-3.5476,2.5046
16398,546.600,1527,451,2429,1672,-6.0679,3.8469
16399,546.633,1528,451,2429,1672,-5.7590,4.9877
16400,546.667,1528,451,2429,1672,-5.6442,4.0974
16401,546.700,1527,450,2429,1671,-6.1496,3.2297
16402,546.733,1527,450,2429,1672,-6.9683,3.4729
16403,546.767,1527,450,2429,1672,-6.8810,3.5959
16404,546.800,1527,450,2429,1672,-6.8249,3.3992
16405,546.833,1527,450,2429,1672,-6.9179,3.7202
16406,546.867,1527,449,2429,1672,-5.8837,2.2193
16407,546.900,1528,449,2428,1670,-6.2671,4.7425
16408,546.933,1529,448,2428,1669,-6.8302,1.4403
16409,546.967,1528,437,2426,1670,-5.4756,-1.4332
16410,547.000,1529,439,2426,1669,-5.4961,0.9320
16411,547.033,1537,427,2417,1655,7.8272,-0.5514
16412,547.067,1534,422,2418,1656,5.3186,-1.1704
16413,547.100,1535,424,2417,1655,6.3653,0.6769
16414,547.133,1537,423,2420,1657,0.9452,-2.7815
16415,547.167,1544,427,2420,1658,-1.1105,1.3647
16416,547.200,1543,427,2421,1659,-0.3242,-1.1481
16417,547.233,1542,432,2422,1660,-4.1413,2.9322
16418,547.267,1540,437,2422,1661,-0.6881,3.8809
16419,547.300,1540,436,2423,1662,-2.0242,6.0332
16420,547.333,1530,441,2428,1670,-5.4612,2.2611
16421,547.367,1530,441,2429,1670,-5.3375,6.0356
16422,547.400,1530,442,2429,1670,-3.7988,5.4005
16423,547.433,1530,442,2429,1670,-3.9114,4.6424
16424,547.467,1530,443,2429,1670,-4.8987,5.2834
16425,547.500,1530,444,2428,1670,-4.6987,5.1782
16426,547.533,1530,445,2429,1670,-5.6802,5.6199
16427,547.567,1530,444,2429,1670,-5.2672,5.8060
16428,547.600,1530,444,2429,1669,-5.4978,5.7702
16429,547.633,1530,443,2430,1668,-5.6400,5.1164
16430,547.667,1530,444,2429,1669,-5.4610,5.8051
16431,547.700,1530,444,2429,1669,-5.1663,5.9580
16432,547.733,1530,444,2429,1669,-5.5778,6.4353
16433,547.767,1530,444,2429,1669,-5.6876,6.4308
16434,547.800,1530,444,2429,1669,-5.6891,5.9144
16435,547.833,1530,444,2429,1669,-5.1417,5.6188
16436,547.867,1530,442,2429,1670,-3.8402,4.7878
16437,547.900,1529,441,2430,1669,-6.1776,5.2085
16438,547.933,1529,441,2429,1670,-3.6328,6.2718
16439,547.967,1529,440,2429,1670,-4.3726,7.5342
16440,548.000,1529,440,2429,1670,-4.1220,7.9971
16441,548.033,1529,439,2429,1670,-4.5945,6.1648
16442,548.067,1529,440,2429,1670,-3.8711,7.3549
16443,548.100,1529,441,2429,1670,-3.0437,5.7837
16444,548.133,1529,440,2429,1670,-3.9275,8.0043
16445,548.167,1529,440,2429,1671,-4.3139,7.0011
16446,548.200,1528,440,2429,1671,-4.4277,7.1387
16447,548.233,1528,439,2429,1672,-4.5153,6.4501
16448,548.267,1528,438,2428,1671,-1.5307,5.8600
16449,548.300,1527,439,2429,1670,1.4802,5.0376
16450,548.333,1528,439,2429,1671,0.9170,6.1073
16451,548.367,1528,440,2429,1671,1.9893,5.8914
16452,548.400,1528,440,2429,1671,1.9824,6.6221
16453,548.433,1528,439,2429,1671,2.9539,5.4901
16454,548.467,1527,437,2429,1672,2.7033,4.8143
16455,548.500,1527,436,2429,1673,1.5510,4.1780
16456,548.533,1527,437,2429,1673,2.5575,5.7207
16457,548.567,1527,437,2429,1673,2.4084,5.8187
16458,548.600,1531,439,2429,1673,7.1052,5.3473
16459,548.633,1530,439,2429,1672,8.0372,6.6663
16460,548.667,1530,438,2430,1671,7.1901,6.7650
16461,548.700,1537,434,2427,1670,8.6683,6.2915
16462,548.733,1537,434,2427,1669,9.5626,5.2450
16463,548.767,1537,435,2427,1669,9.6055,5.4546
16464,548.800,1529,438,2431,1673,8.8025,6.7190
16465,548.833,1537,434,2428,1670,10.0085,6.0131
16466,548.867,1537,435,2428,1671,11.3542,6.1461
16467,548.900,1537,435,2429,1671,10.9368,5.6877
16468,548.933,1537,435,2429,1671,10.6889,5.3995
16469,548.967,1537,436,2429,1670,9.4429,5.7371
16470,549.000,1537,435,2429,1670,10.7725,5.1774
16471,549.033,1537,434,2429,1671,8.0268,5.7685
16472,549.067,1538,435,2429,1671,10.0058,6.0620
16473,549.100,1538,435,2429,1671,9.4505,6.0194
16474,549.133,1538,435,2429,1671,9.6062,5.9384
16475,549.167,1538,435,2429,1670,10.3691,5.5661
16476,549.200,1538,434,2429,1671,8.1908,4.9263
16477,549.233,1538,434,2428,1670,7.9853,5.5383
16478,549.267,1538,435,2428,1671,7.9565,6.0460
16479,549.300,1529,438,2432,1677,10.2276,5.6898
16480,549.333,1529,441,2431,1675,8.8136,4.8919
16481,549.367,1529,440,2431,1675,9.2694,6.2747
16482,549.400,1530,439,2430,1674,13.2560,5.9696
16483,549.433,1538,436,2421,1666,12.1617,-4.8110
16484,549.467,1533,426,2418,1660,17.2239,0.2452
16485,549.500,1532,426,2418,1660,19.9715,-2.3994
16486,549.533,1535,432,2420,1663,18.1347,5.4657
16487,549.567,1535,429,2422,1666,10.0374,-0.2297
16488,549.600,1535,424,2423,1668,12.5629,1.6639
16489,549.633,1535,425,2424,1670,9.4400,1.7851
16490,549.667,1533,426,2425,1670,10.2791,2.7011
16491,549.700,1524,430,2429,1675,9.0467,3.2513
16492,549.733,1525,436,2427,1674,9.2167,4.7446
16493,549.767,1523,441,2426,1674,8.1850,1.0881
16494,549.800,1524,441,2426,1673,8.8287,3.5411
16495,549.833,1523,441,2425,1673,9.8592,2.6461
16496,549.867,1532,437,2422,1668,10.2046,5.2824
16497,549.900,1531,436,2423,1668,7.5479,5.7195
16498,549.933,1531,436,2423,1668,7.6533,5.6694
16499,549.967,1530,434,2424,1668,11.0571,4.4289
16500,550.000,1530,434,2424,1668,10.7199,4.8619
16501,550.033,1530,434,2424,1668,9.9909,4.8450
16502,550.067,1522,438,2428,1674,7.3555,4.9954
16503,550.100,1522,437,2428,1674,6.2426,4.0232
16504,550.133,1522,438,2428,1674,7.1717,5.1093
16505,550.167,1531,433,2425,1669,9.9803,4.6698
16506,550.200,1531,432,2425,1669,10.1380,4.4542
16507,550.233,1531,433,2425,1669,8.9199,4.8410
16508,550.267,1531,433,2425,1669,8.7407,4.6655
16509,550.300,1531,434,2425,1669,8.4182,4.4024
16510,550.333,1523,440,2428,1673,8.9068,3.6695
16511,550.367,1523,440,2428,1673,9.0434,3.5764
16512,550.400,1523,440,2428,1673,8.6954,3.7210
16513,550.433,1523,441,2428,1674,10.0879,4.6746
16514,550.467,1522,440,2428,1675,8.0472,2.7723
16515,550.500,1523,440,2428,1674,9.3144,4.0208
16516,550.533,1523,442,2428,1675,7.7493,4.5522
16517,550.567,1523,440,2427,1676,7.0972,5.5305
16518,550.600,1523,440,2427,1676,7.6033,4.8654
16519,550.633,1523,439,2427,1676,7.2609,6.0177
16520,550.667,1523,439,2427,1675,7.6992,5.5467
16521,550.700,1522,439,2427,1675,9.1246,2.6256
16522,550.733,1522,439,2427,1675,8.9755,2.7629
16523,550.767,1522,439,2427,1675,8.8640,2.8268
16524,550.800,1522,439,2427,1675,9.0294,3.2989
16525,550.833,1522,439,2427,1675,8.7909,3.7436
16526,550.867,1523,438,2427,1676,5.9145,4.3941
16527,550.900,1522,437,2427,1676,7.2133,5.4748
16528,550.933,1522,438,2427,1676,8.1140,6.6702
16529,550.967,1522,437,2427,1676,6.5713,5.9842
16530,551.000,1522,438,2427,1676,7.7893,7.3557
16531,551.033,1522,438,2427,1676,8.2582,6.5661
16532,551.067,1523,441,2426,1676,10.2691,7.1882
16533,551.100,1522,441,2426,1675,11.1960,7.2560
16534,551.133,1522,441,2426,1676,9.5836,7.0310
16535,551.167,1522,440,2426,1676,8.7108,7.3562
16536,551.200,1522,442,2427,1675,9.6514,6.8951
16537,551.233,1523,442,2428,1675,8.6339,5.6380
16538,551.267,1530,447,2425,1662,11.5489,7.5005
16539,551.300,1530,451,2425,1661,12.5213,7.7603
16540,551.333,1530,448,2425,1660,11.3801,5.4922
16541,551.367,1530,448,2425,1660,11.1494,5.7144
16542,551.400,1530,449,2425,1660,10.9749,6.6208
16543,551.433,1530,448,2425,1660,11.3361,6.0075
16544,551.467,1530,448,2426,1660,12.2916,6.2005
16545,551.500,1530,448,2426,1660,12.0650,6.0765
16546,551.533,1530,447,2426,1660,12.7218,6.5198
16547,551.567,1530,447,2426,1660,13.0632,7.7152
16548,551.600,1541,442,2423,1656,15.6705,7.6458
16549,551.633,1540,442,2423,1656,14.3309,7.8911
16550,551.667,1540,442,2423,1656,14.3511,7.8781
16551,551.700,1540,442,2422,1657,17.4179,6.2032
16552,551.733,1539,438,2423,1658,17.7169,6.4135
16553,551.767,1538,435,2424,1660,24.7367,6.4246
16554,551.800,1541,439,2424,1660,29.2039,6.4166
16555,551.833,1541,439,2424,1659,28.8564,6.5908
16556,551.867,1540,438,2423,1659,28.6881,5.1376
16557,551.900,1530,441,2429,1665,28.6700,4.6175
16558,551.933,1531,441,2429,1665,29.1085,2.7999
16559,551.967,1531,442,2429,1663,28.9062,3.2266
16560,552.000,1531,442,2429,1663,29.3231,2.8176
16561,552.033,1531,443,2429,1663,28.2258,5.8755
16562,552.067,1531,442,2430,1664,28.8236,6.5456
16563,552.100,1531,442,2430,1665,28.5735,5.1493
16564,552.133,1531,442,2430,1664,28.7352,5.7091
16565,552.167,1531,439,2431,1665,27.6426,5.3896
16566,552.200,1530,436,2431,1667,26.6140,6.0213
16567,552.233,1529,436,2431,1667,27.2801,5.9050
16568,552.267,1529,436,2431,1667,27.2165,5.7324
16569,552.300,1529,435,2431,1667,26.6540,4.6064
16570,552.333,1528,436,2431,1667,28.0389,5.1228
16571,552.367,1529,437,2430,1667,26.5742,5.4162
16572,552.400,1529,436,2430,1667,26.0699,5.7954
16573,552.433,1528,437,2430,1667,27.8319,5.1822
16574,552.467,1529,437,2429,1666,27.4943,7.2289
16575,552.500,1530,440,2429,1666,27.7038,4.0872
16576,552.533,1530,441,2428,1666,28.3206,4.2194
16577,552.567,1530,440,2428,1666,29.3372,4.7253
16578,552.600,1530,443,2429,1667,25.2170,3.6968
16579,552.633,1530,443,2429,1667,25.6217,3.8651
16580,552.667,1530,443,2429,1667,25.2278,4.0434
16581,552.700,1530,441,2429,1667,28.3685,4.5368
16582,552.733,1530,440,2429,1667,28.3233,3.1992
16583,552.767,1529,439,2429,1667,27.7688,4.1078
16584,552.800,1529,439,2429,1667,26.7940,4.5041
16585,552.833,1529,436,2429,1667,26.1647,4.8538
16586,552.867,1528,436,2428,1668,25.4952,5.4450
16587,552.900,1527,436,2428,1668,25.9695,4.9520
16588,552.933,1527,435,2428,1669,25.3368,4.7148
16589,552.967,1527,435,2428,1669,25.2255,4.7671
16590,553.000,1527,435,2429,1669,25.1127,4.3099
16591,553.033,1527,436,2428,1669,25.7281,4.4715
16592,553.067,1527,435,2429,1669,25.5487,3.8442
16593,553.100,1527,435,2429,1669,25.5999,3.9522
16594,553.133,1528,435,2429,1669,25.1136,3.6344
16595,553.167,1527,435,2429,1668,26.3267,3.4559
16596,553.200,1528,437,2429,1669,27.2340,3.8408
16597,553.233,1528,438,2429,1669,27.8339,4.9133
16598,553.267,1528,437,2430,1669,28.5413,5.4800
16599,553.300,1527,438,2429,1669,28.7316,5.2609
16600,553.333,1527,439,2429,1669,28.2001,5.4397
16601,553.367,1527,439,2429,1669,28.1597,5.2580
16602,553.400,1527,439,2429,1669,28.1493,4.9204
16603,553.433,1527,439,2429,1669,27.7631,5.0025
16604,553.467,1527,439,2429,1670,28.2808,4.2101
16605,553.500,1527,439,2429,1669,27.6463,4.8689
16606,553.533,1527,440,2429,1670,27.7663,4.9373
16607,553.567,1527,439,2429,1670,28.4512,4.1040
16608,553.600,1526,441,2429,1670,28.9330,6.7252
16609,553.633,1526,442,2429,1670,27.7547,5.9002
16610,553.667,1526,441,2429,1671,29.4500,7.0416
16611,553.700,1526,441,2429,1670,28.6518,6.2665
16612,553.733,1526,441,2429,1670,28.6892,6.2686
16613,553.767,1526,441,2429,1670,28.6442,6.5364
16614,553.800,1526,440,2429,1670,29.5334,5.6485
16615,553.833,1526,440,2429,1670,28.9845,5.7785
16616,553.867,1526,441,2430,1670,29.8343,6.5724
16617,553.900,1526,443,2429,1673,28.6257,4.4966
16618,553.933,1526,441,2431,1674,31.5396,5.7871
16619,553.967,1526,442,2429,1673,29.0446,5.3446
16620,554.000,1526,442,2429,1673,29.0777,5.2403
16621,554.033,1527,446,2430,1671,30.3457,7.4805
16622,554.067,1527,449,2429,1670,26.1182,7.5363
16623,554.100,1527,448,2429,1671,27.8786,5.8300
16624,554.133,1527,449,2429,1671,27.3426,7.7812
16625,554.167,1528,450,2429,1671,26.4897,7.7671
16626,554.200,1528,451,2429,1672,26.3528,7.1871
16627,554.233,1528,448,2429,1672,28.9267,7.1383
16628,554.267,1528,448,2429,1672,29.3342,6.6690
16629,554.300,1529,448,2430,1671,29.5378,7.5232
16630,554.333,1530,448,2430,1671,28.4570,8.3634
16631,554.367,1530,449,2429,1671,26.8967,8.1683
16632,554.400,1530,450,2429,1670,25.4291,8.6657
16633,554.433,1530,450,2429,1670,25.1203,8.7626
16634,554.467,1530,451,2429,1669,24.6723,7.7190
16635,554.500,1530,450,2429,1669,27.6198,8.8567
16636,554.533,1530,450,2429,1670,26.3093,8.6803
16637,554.567,1530,451,2428,1668,26.7724,9.1252
16638,554.600,1530,450,2428,1667,26.9491,9.6755
16639,554.633,1529,445,2429,1668,28.1768,9.8684
16640,554.667,1529,445,2429,1669,26.6654,8.6419
16641,554.700,1528,444,2428,1668,25.3956,7.5422
16642,554.733,1529,440,2430,1669,28.1008,7.2337
16643,554.767,1528,441,2430,1669,26.1017,7.2445
16644,554.800,1536,435,2426,1664,28.6812,6.4825
16645,554.833,1536,436,2425,1664,28.0779,6.1337
16646,554.867,1536,434,2425,1664,29.3694,7.1751
16647,554.900,1527,435,2431,1670,27.9797,6.2944
16648,554.933,1535,430,2427,1665,26.3122,6.3761
16649,554.967,1535,430,2427,1665,26.9635,6.6618
16650,555.000,1534,429,2428,1665,27.1470,5.6796
16651,555.033,1534,429,2427,1666,27.2033,7.3174
16652,555.067,1534,430,2428,1668,29.0721,6.5207
16653,555.100,1535,432,2427,1668,28.8135,7.8707
16654,555.133,1537,428,2424,1669,26.8418,5.5211
16655,555.167,1527,432,2428,1675,26.9765,1.6758
16656,555.200,1536,429,2418,1656,23.3148,5.5281
16657,555.233,1536,429,2417,1655,22.1278,6.3501
16658,555.267,1540,424,2423,1661,29.6649,6.9866
16659,555.300,1528,428,2430,1675,27.2319,7.7978
16660,555.333,1537,425,2426,1668,31.5101,10.4494
16661,555.367,1537,430,2429,1670,29.7974,11.0257
16662,555.400,1537,429,2429,1669,26.9286,11.0948
16663,555.433,1536,430,2429,1668,28.2497,11.7584
16664,555.467,1536,427,2430,1669,31.4650,10.9045
16665,555.500,1536,428,2431,1669,28.7736,11.5403
16666,555.533,1536,428,2431,1669,28.8768,12.4388
16667,555.567,1535,428,2431,1669,28.2891,12.4798
16668,555.600,1536,428,2431,1669,29.4961,12.0177
16669,555.633,1535,428,2431,1669,28.4694,13.2340
16670,555.667,1535,429,2432,1669,29.7601,11.0944
16671,555.700,1535,429,2432,1669,29.3741,11.4108
16672,555.733,1535,428,2432,1670,27.3134,11.9977
16673,555.767,1535,428,2432,1670,27.4446,11.9544
16674,555.800,1535,428,2432,1670,27.4320,11.9971
16675,555.833,1535,429,2432,1670,27.3696,11.2961
16676,555.867,1536,430,2432,1669,27.8814,10.1721
16677,555.900,1536,430,2431,1669,30.2861,11.3548
16678,555.933,1536,430,2430,1669,28.6283,11.2744
16679,555.967,1536,431,2430,1669,29.1592,11.7222
16680,556.000,1535,430,2430,1669,27.8026,11.4604
16681,556.033,1535,432,2430,1669,28.4347,11.5019
16682,556.067,1535,431,2430,1670,27.4229,11.1464
16683,556.100,1535,431,2430,1670,27.8710,11.2963
16684,556.133,1535,430,2431,1671,27.0683,12.2748
16685,556.167,1535,432,2430,1671,27.5515,11.4952
16686,556.200,1534,430,2431,1672,26.8259,11.9077
16687,556.233,1534,430,2431,1673,26.6755,11.3950
16688,556.267,1534,429,2432,1673,26.4574,11.1746
16689,556.300,1533,428,2431,1673,27.2793,12.1155
16690,556.333,1533,426,2432,1674,27.7996,11.4462
16691,556.367,1533,427,2432,1673,25.7316,12.0152
16692,556.400,1533,425,2432,1674,27.3117,11.1997
16693,556.433,1533,424,2433,1674,26.4585,12.0786
16694,556.467,1534,423,2433,1674,29.2311,11.8163
16695,556.500,1534,424,2433,1674,27.7662,12.6431
16696,556.533,1534,423,2433,1675,29.2826,11.2980
16697,556.567,1534,422,2433,1674,26.0709,10.4017
16698,556.600,1534,425,2433,1673,27.7777,9.9847
16699,556.633,1535,425,2433,1673,23.7646,9.8873
16700,556.667,1535,425,2433,1673,23.9088,9.9717
16701,556.700,1535,427,2433,1672,28.2220,9.4587
16702,556.733,1535,427,2433,1672,27.6119,9.9229
16703,556.767,1536,427,2433,1672,26.9737,10.4312
16704,556.800,1535,426,2433,1672,26.8989,9.5845
16705,556.833,1536,427,2433,1672,26.6373,9.9614
16706,556.867,1535,426,2433,1672,27.1164,9.7304
16707,556.900,1535,427,2433,1669,29.2820,11.0415
16708,556.933,1534,429,2433,1670,26.5239,12.7007
16709,556.967,1534,429,2433,1670,26.4951,12.6237
16710,557.000,1534,430,2433,1670,27.0600,11.4355
16711,557.033,1534,431,2433,1669,27.0536,13.4449
16712,557.067,1534,431,2433,1668,27.7077,13.3858
16713,557.100,1534,431,2433,1668,27.8211,13.3197
16714,557.133,1534,432,2434,1668,26.0645,12.3674
16715,557.167,1535,432,2435,1668,25.3720,12.6405
16716,557.200,1535,433,2434,1670,28.9658,13.1223
16717,557.233,1536,433,2434,1668,26.6165,13.4758
16718,557.267,1535,433,2434,1669,28.8577,11.4357
16719,557.300,1536,433,2434,1671,25.2307,12.2098
16720,557.333,1536,432,2433,1672,27.7080,11.7219
16721,557.367,1536,430,2433,1671,26.4595,13.0712
16722,557.400,1536,430,2434,1672,28.2148,11.8172
16723,557.433,1536,430,2433,1673,26.0623,13.5693
16724,557.467,1536,431,2433,1673,25.3744,12.8185
16725,557.500,1536,432,2433,1673,26.3723,13.0353
16726,557.533,1536,430,2434,1673,24.2880,12.0165
16727,557.567,1537,431,2434,1671,25.5374,11.0186
16728,557.600,1537,432,2434,1671,25.0088,11.7269
16729,557.633,1537,434,2434,1670,24.2797,11.0998
16730,557.667,1537,434,2433,1670,23.3914,10.9209
16731,557.700,1536,435,2433,1671,25.7690,10.6314
16732,557.733,1537,434,2433,1670,23.5441,12.0605
16733,557.767,1537,434,2433,1670,23.8458,12.5642
16734,557.800,1537,434,2433,1670,23.7676,12.0695
16735,557.833,1537,433,2432,1668,27.5771,10.2389
16736,557.867,1537,434,2432,1669,25.0287,11.8677
16737,557.900,1537,433,2433,1669,26.9719,10.8512
16738,557.933,1537,433,2433,1669,27.0874,10.6903
16739,557.967,1537,434,2433,1669,29.5520,12.3303
16740,558.000,1537,433,2433,1669,27.1623,10.7251
16741,558.033,1537,435,2433,1669,29.4425,10.8802
16742,558.067,1537,434,2433,1669,28.7526,12.4307
16743,558.100,1537,433,2433,1669,26.4994,11.1419
16744,558.133,1537,434,2433,1669,29.0042,12.2511
16745,558.167,1537,435,2433,1669,28.4212,10.5794
16746,558.200,1537,431,2433,1669,30.0142,9.5728
16747,558.233,1538,432,2433,1669,27.3425,8.6322
16748,558.267,1538,431,2433,1669,29.2650,10.5924
16749,558.300,1538,430,2433,1668,30.2460,11.0584
16750,558.333,1537,429,2433,1668,30.0463,10.6495
16751,558.367,1537,429,2433,1668,29.7896,10.5329
16752,558.400,1537,429,2433,1669,29.0521,9.2698
16753,558.433,1537,429,2434,1669,29.0743,9.9630
16754,558.467,1536,428,2434,1669,29.6357,9.6370
16755,558.500,1536,428,2433,1670,30.0992,10.3163
16756,558.533,1536,429,2433,1670,29.1532,9.2908
16757,558.567,1536,429,2433,1670,28.8736,9.0177
16758,558.600,1537,437,2431,1667,30.1727,15.7125
16759,558.633,1537,438,2431,1666,30.0474,16.3972
16760,558.667,1537,438,2431,1666,30.1459,16.4830
16761,558.700,1537,438,2431,1666,30.3869,16.1684
16762,558.733,1537,437,2432,1667,30.7356,16.4469
16763,558.767,1536,435,2432,1667,29.5382,16.8287
16764,558.800,1535,433,2431,1668,29.6168,15.8211
16765,558.833,1536,434,2432,1667,29.7715,14.7803
16766,558.867,1536,433,2432,1667,31.5210,15.0420
16767,558.900,1537,431,2432,1672,27.2568,15.8156
16768,558.933,1536,431,2429,1672,28.3565,14.9405
16769,558.967,1535,431,2429,1672,27.3459,15.3888
16770,559.000,1534,433,2428,1673,26.7961,14.6083
16771,559.033,1533,433,2428,1674,29.4754,14.6656
16772,559.067,1533,434,2428,1674,28.5653,15.4642
16773,559.100,1533,433,2428,1674,29.6674,14.8488
16774,559.133,1532,434,2427,1674,29.7930,15.7721
16775,559.167,1532,435,2427,1674,29.7570,16.2141
16776,559.200,1533,435,2428,1674,28.8528,16.4276
16777,559.233,1532,435,2428,1673,29.3062,16.3876
16778,559.267,1532,435,2427,1673,30.9191,17.5320
16779,559.300,1532,436,2428,1673,29.4112,16.3336
16780,559.333,1532,435,2428,1673,29.9284,17.5059
16781,559.367,1532,435,2428,1673,30.2816,17.4351
16782,559.400,1532,435,2428,1673,30.7411,17.4714
16783,559.433,1532,435,2427,1673,31.2964,17.6487
16784,559.467,1532,437,2427,1673,29.3186,16.6967
16785,559.500,1532,437,2427,1673,29.1492,16.2444
16786,559.533,1533,437,2427,1673,28.4467,16.1223
16787,559.567,1532,436,2427,1672,29.9997,15.8622
16788,559.600,1532,435,2426,1672,30.4562,17.1497
16789,559.633,1532,436,2426,1672,30.8919,17.0354
16790,559.667,1533,435,2426,1672,29.3145,17.0114
16791,559.700,1532,433,2427,1671,30.1891,16.7275
16792,559.733,1532,432,2426,1669,29.6135,18.3297
16793,559.767,1533,432,2426,1670,26.2075,16.7168
16794,559.800,1532,433,2426,1670,29.6179,16.4307
16795,559.833,1533,432,2426,1669,27.6259,16.8890
16796,559.867,1533,432,2426,1670,25.3316,16.7909
16797,559.900,1533,430,2428,1669,25.4839,16.2460
16798,559.933,1533,430,2429,1670,24.1534,15.2707
16799,559.967,1533,429,2429,1671,22.7173,17.6375
16800,560.000,1534,430,2428,1671,24.7222,15.9499
16801,560.033,1533,431,2429,1672,24.7442,16.5166
16802,560.067,1532,431,2429,1673,27.4184,16.9956
16803,560.100,1532,431,2429,1674,27.2813,17.9529
16804,560.133,1532,431,2429,1674,27.1056,18.2121
16805,560.167,1531,432,2429,1674,26.8327,15.0533
16806,560.200,1531,433,2429,1673,27.5504,15.9581
16807,560.233,1531,433,2429,1674,27.8314,14.8506
16808,560.267,1531,434,2429,1674,28.6680,15.5113
16809,560.300,1531,434,2429,1674,28.3860,15.2572
16810,560.333,1531,434,2428,1674,27.5167,14.6789
16811,560.367,1530,432,2427,1673,28.3797,17.6768
16812,560.400,1530,432,2427,1674,28.9604,18.1037
16813,560.433,1529,432,2426,1675,28.5286,16.0180
16814,560.467,1529,435,2426,1675,27.9080,16.4527
16815,560.500,1530,435,2427,1675,27.6340,14.7939
16816,560.533,1529,435,2426,1675,27.6984,16.3514
16817,560.567,1530,436,2427,1676,28.7731,15.4626
16818,560.600,1530,435,2427,1676,28.7961,16.4086
16819,560.633,1529,434,2427,1675,28.4392,15.8974
16820,560.667,1529,434,2427,1676,27.7230,17.1354
16821,560.700,1529,434,2427,1676,28.9791,16.8271
16822,560.733,1529,435,2427,1676,29.0410,16.8443
16823,560.767,1529,434,2427,1676,28.7474,17.0114
16824,560.800,1529,433,2427,1676,27.0401,17.0374
16825,560.833,1529,436,2426,1677,28.2027,15.3688
16826,560.867,1529,437,2426,1678,28.3968,15.7394
16827,560.900,1530,437,2426,1679,26.7705,16.2647
16828,560.933,1530,437,2426,1679,26.7179,15.7129
16829,560.967,1530,437,2426,1679,26.8267,15.8527
16830,561.000,1530,437,2427,1679,28.7989,16.1308
16831,561.033,1531,437,2427,1679,26.7983,16.4096
16832,561.067,1531,436,2428,1678,27.1206,15.9392
16833,561.100,1531,437,2428,1679,27.8147,15.6258
16834,561.133,1532,437,2427,1677,27.8602,16.1620
16835,561.167,1532,438,2427,1677,27.3913,15.7466
16836,561.200,1532,438,2427,1678,27.8845,15.3789
16837,561.233,1532,438,2427,1678,27.9207,15.5495
16838,561.267,1532,439,2427,1678,25.9911,15.3246
16839,561.300,1532,438,2427,1678,27.4109,15.5275
16840,561.333,1532,438,2427,1677,27.0076,14.4495
16841,561.367,1524,443,2429,1682,30.5305,14.6424
16842,561.400,1523,446,2429,1683,32.2601,14.3248
16843,561.433,1523,446,2429,1682,32.4142,14.2206
16844,561.467,1531,441,2426,1677,27.8862,15.2265
16845,561.500,1531,440,2426,1678,28.9743,14.7589
16846,561.533,1523,445,2429,1682,32.0147,14.8983
16847,561.567,1524,446,2429,1682,32.1721,13.7772
16848,561.600,1524,446,2429,1682,32.0914,13.9198
16849,561.633,1525,445,2429,1682,29.6550,15.5248
16850,561.667,1524,445,2429,1681,31.3798,14.7388
16851,561.700,1524,443,2429,1681,32.0941,16.0703
16852,561.733,1523,441,2429,1682,30.2554,14.5339
16853,561.767,1523,441,2429,1681,30.4217,14.4566
16854,561.800,1524,441,2429,1682,31.5110,15.4695
16855,561.833,1524,441,2429,1682,31.0924,15.8714
16856,561.867,1524,441,2428,1682,30.5636,15.4045
16857,561.900,1524,438,2430,1678,30.9336,15.8972
16858,561.933,1523,438,2430,1678,31.1731,15.4771
16859,561.967,1524,439,2430,1677,31.3660,14.6918
16860,562.000,1524,439,2430,1677,31.6475,14.6778
16861,562.033,1525,443,2430,1676,30.2438,16.4285
16862,562.067,1526,447,2427,1674,29.2032,9.6403
16863,562.100,1526,424,2422,1674,17.4819,14.3674
16864,562.133,1526,424,2422,1674,16.9030,14.1420
16865,562.167,1527,453,2421,1673,16.6128,14.9585
16866,562.200,1524,455,2425,1674,12.4456,20.8401
16867,562.233,1525,456,2425,1674,11.6150,19.8359
16868,562.267,1525,455,2427,1675,9.9482,19.3985
16869,562.300,1525,450,2428,1675,8.9409,18.9259
16870,562.333,1525,447,2429,1676,12.9785,18.8644
16871,562.367,1523,446,2433,1675,9.4602,19.8693
16872,562.400,1523,445,2433,1675,6.9642,18.3647
16873,562.433,1523,444,2433,1675,7.6789,18.8936
16874,562.467,1523,443,2433,1676,8.8673,20.2312
16875,562.500,1523,443,2434,1677,8.0100,17.5042
16876,562.533,1522,443,2434,1677,8.6195,17.0763
16877,562.567,1521,441,2435,1677,8.0375,18.8491
16878,562.600,1521,440,2434,1677,8.5632,18.0531
16879,562.633,1521,439,2435,1677,6.9107,18.6314
16880,562.667,1524,440,2431,1678,10.3389,16.0292
16881,562.700,1524,439,2431,1678,9.5572,16.1079
16882,562.733,1524,440,2432,1678,12.0762,17.9289
16883,562.767,1524,437,2433,1678,8.9979,16.1602
16884,562.800,1524,438,2433,1678,9.5526,17.6563
16885,562.833,1524,436,2432,1677,7.4172,18.3930
16886,562.867,1524,435,2432,1677,7.5693,17.3660
16887,562.900,1526,434,2432,1677,8.7521,17.0780
16888,562.933,1526,433,2432,1676,9.3849,18.4935
16889,562.967,1526,434,2432,1676,8.9618,17.6573
16890,563.000,1526,434,2432,1676,9.1861,17.5725
16891,563.033,1526,435,2432,1677,9.0402,16.1096
16892,563.067,1526,434,2432,1677,8.5181,16.5486
16893,563.100,1526,434,2432,1677,8.3978,16.3308
16894,563.133,1526,434,2432,1677,8.4464,16.3836
16895,563.167,1526,433,2432,1677,9.3238,17.6772
16896,563.200,1525,432,2432,1677,7.9882,18.8747
16897,563.233,1525,432,2432,1678,7.1895,18.5301
16898,563.267,1525,432,2432,1678,6.7313,18.6559
16899,563.300,1525,431,2433,1677,6.5737,18.6672
16900,563.333,1525,431,2433,1678,6.6684,17.2903
16901,563.367,1525,432,2433,1679,6.8164,18.2373
16902,563.400,1525,432,2433,1679,6.3378,17.5561
16903,563.433,1525,433,2434,1681,6.5183,17.3428
16904,563.467,1525,434,2434,1680,6.5399,17.6230
16905,563.500,1525,433,2434,1680,7.0940,18.5344
16906,563.533,1525,433,2434,1681,5.8324,17.4627
16907,563.567,1525,433,2434,1681,5.5881,17.0342
16908,563.600,1525,434,2434,1681,6.6408,17.6884
16909,563.633,1525,434,2434,1680,7.6956,18.3194
16910,563.667,1525,436,2434,1680,6.5285,16.6415
16911,563.700,1524,436,2434,1680,7.7095,17.5032
16912,563.733,1524,437,2434,1680,9.2850,14.8807
16913,563.767,1524,437,2434,1680,9.4433,14.7404
16914,563.800,1523,437,2434,1681,8.8827,14.8024
16915,563.833,1523,437,2434,1681,9.0605,14.5684
16916,563.867,1523,438,2434,1682,8.3878,15.1462
16917,563.900,1522,438,2434,1684,10.7579,18.5456
16918,563.933,1523,440,2434,1683,12.1543,17.0079
16919,563.967,1524,440,2433,1682,12.2927,16.3255
16920,564.000,1525,441,2433,1682,10.1970,17.1634
16921,564.033,1526,443,2434,1681,9.6518,17.5994
16922,564.067,1526,443,2433,1682,9.5585,15.5985
16923,564.100,1526,442,2433,1683,9.5376,17.0128
16924,564.133,1526,442,2433,1683,9.5546,16.9679
16925,564.167,1526,441,2433,1685,10.5054,16.3265
16926,564.200,1526,438,2433,1684,10.3013,15.0778
16927,564.233,1526,433,2433,1683,9.2740,16.7193
16928,564.267,1526,433,2434,1683,9.0771,17.8902
16929,564.300,1524,431,2434,1684,9.5378,18.1827
16930,564.333,1524,430,2435,1684,11.4593,17.9441
16931,564.367,1524,432,2435,1684,11.2730,15.8381
16932,564.400,1524,432,2434,1684,10.6776,17.0135
16933,564.433,1519,430,2438,1684,9.7042,16.6422
16934,564.467,1519,430,2438,1684,10.2910,16.3569
16935,564.500,1519,430,2438,1685,8.9320,15.8274
16936,564.533,1519,429,2438,1684,10.5340,16.1696
16937,564.567,1524,434,2434,1684,9.7494,15.3952
16938,564.600,1524,434,2434,1685,11.3721,16.3412
16939,564.633,1519,432,2439,1685,8.0385,17.9062
16940,564.667,1519,432,2439,1685,8.2661,17.6391
16941,564.700,1519,434,2440,1685,6.3824,16.0394
16942,564.733,1519,433,2440,1685,9.8848,16.1279
16943,564.767,1519,434,2439,1685,8.5767,15.9038
16944,564.800,1519,433,2440,1685,10.1112,16.2388
16945,564.833,1519,434,2440,1685,6.4295,16.1988
16946,564.867,1519,436,2439,1685,7.4495,16.9762
16947,564.900,1523,434,2434,1685,7.8136,15.5367
16948,564.933,1518,433,2439,1685,9.2719,15.2327
16949,564.967,1518,432,2439,1685,8.9185,14.5244
16950,565.000,1518,432,2439,1685,8.4636,14.7594
16951,565.033,1522,435,2434,1684,8.8930,16.6652
16952,565.067,1522,434,2434,1684,8.5197,18.1564
16953,565.100,1522,434,2434,1684,8.4056,18.2053
16954,565.133,1522,434,2434,1684,8.0536,18.2557
16955,565.167,1517,433,2439,1684,5.2725,18.8823
16956,565.200,1517,435,2439,1684,5.7354,18.2494
16957,565.233,1517,435,2439,1684,5.6609,18.0689
16958,565.267,1518,437,2439,1684,7.6197,19.3435
16959,565.300,1518,439,2439,1683,6.4162,19.9553
16960,565.333,1518,443,2439,1684,6.7650,18.6046
16961,565.367,1519,443,2439,1683,8.2908,19.2259
16962,565.400,1519,443,2439,1684,9.4020,17.5952
16963,565.433,1519,442,2439,1685,8.2163,19.5646
16964,565.467,1521,442,2439,1686,-5.5176,18.1750
16965,565.500,1525,443,2435,1685,-11.3814,17.4130
16966,565.533,1526,445,2435,1685,-12.7128,17.4183
16967,565.567,1526,443,2435,1686,-12.6933,16.7857
16968,565.600,1527,444,2435,1685,-13.0234,17.4526
16969,565.633,1527,442,2435,1685,-10.9614,16.2053
16970,565.667,1526,442,2435,1685,-11.6891,16.1583
16971,565.700,1526,442,2436,1685,-12.6490,14.9328
16972,565.733,1527,443,2436,1685,-11.2848,15.9846
16973,565.767,1527,443,2437,1685,-12.5315,15.6901
16974,565.800,1528,443,2437,1685,-12.3305,15.5833
16975,565.833,1527,443,2437,1684,-11.6685,16.4430
16976,565.867,1527,443,2436,1684,-12.5619,14.8057
16977,565.900,1527,441,2437,1683,-8.6842,15.2043
16978,565.933,1528,444,2437,1684,-11.3519,14.0744
16979,565.967,1526,442,2435,1686,-11.0360,17.7461
16980,566.000,1526,448,2432,1682,-9.0599,15.7374
16981,566.033,1526,449,2432,1682,-10.8208,14.2794
16982,566.067,1527,450,2432,1682,-8.5736,15.7484
16983,566.100,1527,450,2432,1681,-8.4383,14.7044
16984,566.133,1527,450,2432,1681,-8.5988,14.5756
16985,566.167,1528,451,2432,1680,-9.1422,15.0365
16986,566.200,1528,450,2432,1679,-9.0904,16.0073
16987,566.233,1528,450,2432,1679,-9.6043,15.7895
16988,566.267,1528,451,2432,1680,-9.4749,14.7490
16989,566.300,1528,451,2432,1680,-9.1673,15.1973
16990,566.333,1528,453,2432,1680,-8.8504,15.5994
16991,566.367,1528,452,2432,1680,-8.5274,16.6213
16992,566.400,1529,454,2434,1681,-10.5064,16.9948
16993,566.433,1528,454,2433,1682,-10.7142,16.7502
16994,566.467,1528,453,2434,1682,-12.3209,18.5691
16995,566.500,1529,453,2434,1682,-9.5697,16.8403
16996,566.533,1529,454,2434,1682,-11.4570,17.3880
16997,566.567,1528,453,2434,1683,-11.7362,18.0643
16998,566.600,1527,451,2433,1685,-10.0027,16.5809
16999,566.633,1527,451,2433,1685,-9.2894,16.5164
17000,566.667,1526,451,2434,1686,-11.5045,17.6419
17001,566.700,1526,448,2434,1686,-10.7441,15.5074
17002,566.733,1525,447,2435,1687,-10.8199,17.1639
17003,566.767,1524,446,2435,1687,-12.5809,16.5016
17004,566.800,1523,445,2435,1687,-13.1836,15.4740
17005,566.833,1523,444,2435,1688,-11.8247,16.2024
17006,566.867,1523,444,2435,1688,-11.1902,15.5454
17007,566.900,1523,438,2435,1688,-11.8198,17.3802
17008,566.933,1525,439,2435,1687,-10.8712,16.9348
17009,566.967,1524,437,2434,1685,-11.7514,17.3567
17010,567.000,1524,438,2434,1684,-11.1628,15.9778
17011,567.033,1524,437,2434,1680,-9.6952,15.3016
17012,567.067,1525,437,2434,1678,-9.1607,16.0445
17013,567.100,1525,436,2434,1678,-8.6138,17.8847
17014,567.133,1525,437,2435,1679,-9.2083,15.4010
17015,567.167,1526,436,2434,1678,-8.0009,18.7823
17016,567.200,1525,437,2434,1677,-7.9165,16.0074
17017,567.233,1526,437,2434,1677,-7.6344,15.5694
17018,567.267,1526,437,2434,1677,-7.6611,15.3208
17019,567.300,1526,438,2434,1676,-10.2823,13.9051
17020,567.333,1526,438,2434,1675,-8.9844,15.3206
17021,567.367,1526,437,2434,1675,-8.3484,16.7140
17022,567.400,1526,438,2433,1675,-10.2299,15.8328
17023,567.433,1525,437,2433,1677,-7.8622,15.6510
17024,567.467,1525,438,2433,1678,-8.9386,16.1166
17025,567.500,1525,437,2433,1677,-7.6544,15.3216
17026,567.533,1525,436,2433,1677,-8.3601,16.5685
17027,567.567,1525,437,2433,1675,-7.6400,15.7542
17028,567.600,1525,436,2433,1675,-7.3802,16.1257
17029,567.633,1525,437,2433,1675,-7.4567,15.8098
17030,567.667,1525,438,2433,1674,-9.2027,15.6970
17031,567.700,1525,437,2433,1674,-7.8805,16.3047
17032,567.733,1525,436,2433,1675,-7.0062,16.1063
17033,567.767,1525,437,2433,1675,-7.5103,16.0327
17034,567.800,1525,437,2433,1676,-8.1303,16.0979
17035,567.833,1525,437,2433,1676,-7.9196,16.2418
17036,567.867,1525,437,2433,1676,-8.1629,15.5944
17037,567.900,1527,439,2431,1678,-9.0740,16.8193
17038,567.933,1528,441,2432,1678,-10.6993,15.9156
17039,567.967,1528,441,2432,1678,-10.6402,15.9251
17040,568.000,1528,443,2432,1678,-10.2967,17.2937
17041,568.033,1529,443,2432,1676,-8.3595,16.2147
17042,568.067,1528,443,2433,1678,-8.9012,17.4819
17043,568.100,1528,443,2434,1678,-8.5704,17.7412
17044,568.133,1527,443,2434,1678,-9.3979,17.7416
17045,568.167,1528,443,2434,1678,-9.3099,16.9627
17046,568.200,1528,443,2434,1678,-9.3351,16.8863
17047,568.233,1528,443,2434,1678,-9.3079,16.9851
17048,568.267,1528,443,2434,1678,-9.2274,16.9581
17049,568.300,1528,443,2433,1678,-8.4731,18.1190
17050,568.333,1528,442,2434,1678,-10.4343,16.4898
17051,568.367,1528,442,2434,1678,-10.1622,16.4666
17052,568.400,1528,442,2434,1679,-8.2752,16.7301
17053,568.433,1528,441,2434,1679,-10.4892,15.8642
17054,568.467,1528,441,2434,1678,-9.7482,15.6513
17055,568.500,1527,441,2434,1678,-9.3408,16.6172
17056,568.533,1528,441,2435,1679,-9.5526,15.7903
17057,568.567,1527,441,2434,1679,-8.3967,16.0601
17058,568.600,1528,440,2434,1679,-9.6810,16.6525
17059,568.633,1528,440,2435,1679,-9.4037,15.9029
17060,568.667,1528,440,2435,1679,-9.5705,15.8273
17061,568.700,1528,439,2434,1678,-10.8973,15.0626
17062,568.733,1528,437,2434,1679,-13.0786,16.4228
17063,568.767,1528,436,2422,1672,-2.3163,7.5723
17064,568.800,1517,420,2421,1677,8.9465,5.8676
17065,568.833,1526,420,2417,1663,10.3857,8.6979
17066,568.867,1530,423,2421,1666,4.7893,5.9400
17067,568.900,1520,436,2425,1678,6.6722,10.1401
17068,568.933,1520,435,2425,1678,8.7167,11.2293
17069,568.967,1522,440,2428,1678,7.3530,11.8577
17070,569.000,1524,443,2430,1678,8.1169,11.7095
17071,569.033,1524,443,2430,1678,8.6489,11.3609
17072,569.067,1524,443,2430,1679,10.0955,10.9657
17073,569.100,1524,447,2431,1681,7.1773,11.5396
17074,569.133,1524,449,2430,1681,7.0924,11.3197
17075,569.167,1523,448,2431,1683,7.9066,11.4961
17076,569.200,1523,452,2429,1682,8.5095,11.5840
17077,569.233,1524,451,2429,1682,10.4720,12.2081
17078,569.267,1524,451,2428,1681,8.9618,11.5789
17079,569.300,1525,450,2429,1681,8.2487,11.2237
17080,569.333,1532,443,2426,1674,12.7459,13.9233
17081,569.367,1526,461,2429,1678,12.1363,13.4636
17082,569.400,1526,461,2430,1678,12.0405,13.1841
17083,569.433,1525,461,2429,1676,11.3058,12.7331
17084,569.467,1525,460,2429,1676,10.0344,12.8463
17085,569.500,1526,460,2429,1675,11.4100,14.1049
17086,569.533,1526,460,2429,1675,11.5030,14.0624
17087,569.567,1526,461,2430,1676,11.7417,12.0601
17088,569.600,1526,460,2429,1675,10.6779,12.4276
17089,569.633,1526,462,2429,1675,11.0242,12.8325
17090,569.667,1526,461,2428,1676,13.1606,12.9174
17091,569.700,1527,463,2428,1675,11.9892,12.8661
17092,569.733,1527,459,2429,1675,11.1324,11.5287
17093,569.767,1527,456,2428,1675,10.5035,13.5585
17094,569.800,1528,456,2428,1675,10.1944,12.6443
17095,569.833,1528,451,2428,1675,10.7316,10.3214
17096,569.867,1526,448,2428,1675,9.1341,10.8971
17097,569.900,1527,452,2427,1674,8.1474,12.1528
17098,569.933,1527,450,2427,1675,8.6101,10.8486
17099,569.967,1526,449,2428,1675,7.1049,12.2299
17100,570.000,1527,450,2427,1675,8.0535,11.8603
17101,570.033,1526,450,2428,1675,6.8771,12.8741
17102,570.067,1526,449,2428,1674,7.6817,14.1520
17103,570.100,1526,448,2428,1674,8.2324,14.3985
17104,570.133,1527,448,2428,1674,9.7532,13.7672
17105,570.167,1527,448,2428,1674,9.5629,13.6979
17106,570.200,1527,448,2428,1674,9.5021,13.6536
17107,570.233,1527,448,2428,1674,10.0672,13.9204
17108,570.267,1526,449,2428,1674,7.9378,14.2461
17109,570.300,1526,447,2428,1675,8.6811,12.2383
17110,570.333,1526,447,2428,1674,10.7674,11.1170
17111,570.367,1526,447,2428,1674,10.6402,11.3225
17112,570.400,1526,447,2428,1673,9.1691,13.3748
17113,570.433,1526,446,2428,1673,6.9653,11.3236
17114,570.467,1526,448,2429,1673,9.4625,15.2715
17115,570.500,1526,448,2429,1673,9.5250,15.3455
17116,570.533,1526,448,2428,1673,9.6968,14.5497
17117,570.567,1526,449,2428,1673,7.5962,14.3334
17118,570.600,1526,450,2428,1673,8.7820,13.5395
17119,570.633,1526,450,2427,1672,9.1418,12.4790
17120,570.667,1526,451,2427,1672,9.2945,12.7589
17121,570.700,1527,450,2427,1672,10.0062,13.9485
17122,570.733,1526,450,2427,1672,8.2859,12.4048
17123,570.767,1527,450,2427,1672,10.4153,13.7496
17124,570.800,1526,451,2427,1672,10.3985,13.5820
17125,570.833,1526,450,2427,1672,8.7025,12.3916
17126,570.867,1527,449,2427,1673,9.5891,12.2540
17127,570.900,1526,448,2426,1672,10.6792,12.3943
17128,570.933,1526,447,2427,1672,10.0335,11.2810
17129,570.967,1526,447,2426,1673,10.1354,11.3666
17130,571.000,1525,447,2427,1673,9.4098,12.7205
17131,571.033,1526,448,2426,1673,10.4128,13.1227
17132,571.067,1526,447,2427,1674,10.8731,10.9854
17133,571.100,1525,447,2426,1675,11.2172,13.3031
17134,571.133,1524,447,2426,1675,10.3615,12.6745
17135,571.167,1523,445,2427,1676,10.1874,13.5936
17136,571.200,1523,445,2427,1676,9.9924,13.5598
17137,571.233,1523,444,2428,1675,10.5197,12.5717
17138,571.267,1522,443,2428,1675,10.6560,12.8651
17139,571.300,1522,443,2429,1675,8.0438,14.4435
17140,571.333,1523,443,2429,1674,8.8228,12.9980
17141,571.367,1523,443,2429,1674,8.3096,13.0250
17142,571.400,1523,443,2429,1674,8.0187,13.1703
17143,571.433,1523,442,2429,1673,10.9250,12.7664
17144,571.467,1523,441,2430,1673,10.7023,14.0760
17145,571.500,1523,441,2429,1676,10.6852,13.1854
17146,571.533,1523,442,2429,1676,11.0499,12.2769
17147,571.567,1523,444,2429,1678,11.4627,11.1632
17148,571.600,1523,444,2430,1678,10.3099,10.6051
17149,571.633,1523,445,2430,1678,10.8490,11.0515
17150,571.667,1523,445,2430,1678,10.6523,11.1514
17151,571.700,1523,445,2430,1678,11.9231,11.3640
17152,571.733,1523,446,2430,1678,9.7697,12.7234
17153,571.767,1523,446,2430,1678,9.6967,12.7027
17154,571.800,1522,446,2430,1679,10.3549,12.0722
17155,571.833,1522,446,2430,1679,10.4496,11.7064
17156,571.867,1522,446,2430,1679,10.7033,11.9843
17157,571.900,1523,446,2430,1679,8.9887,13.6020
17158,571.933,1525,446,2429,1678,11.1535,14.4165
17159,571.967,1525,446,2429,1678,10.7019,14.3143
17160,572.000,1525,446,2428,1677,9.6823,12.9816
17161,572.033,1525,444,2429,1678,9.9877,13.8049
17162,572.067,1525,447,2426,1676,13.0971,14.3322
17163,572.100,1525,448,2426,1676,11.4402,13.6336
17164,572.133,1524,448,2425,1675,10.1140,13.6729
17165,572.167,1531,441,2423,1669,11.4514,11.9339
17166,572.200,1523,454,2424,1674,9.3214,12.8775
17167,572.233,1529,443,2423,1670,11.2516,11.9234
17168,572.267,1523,452,2428,1677,9.3407,12.2582
17169,572.300,1533,435,2417,1665,9.6381,11.1911
17170,572.333,1535,435,2417,1663,12.2669,12.3434
17171,572.367,1533,428,2414,1659,15.5904,11.0302
17172,572.400,1527,424,2420,1672,10.1052,6.7895
17173,572.433,1529,426,2420,1672,14.9174,8.6755
17174,572.467,1527,435,2423,1673,10.5790,8.1909
17175,572.500,1529,445,2423,1672,9.6724,12.5014
17176,572.533,1530,445,2425,1672,9.4855,13.7649
17177,572.567,1529,452,2425,1671,10.1429,12.6527
17178,572.600,1530,451,2427,1672,10.3093,12.4707
17179,572.633,1531,451,2428,1672,9.0346,13.1814
17180,572.667,1529,453,2429,1672,6.9374,13.9059
17181,572.700,1530,454,2429,1672,8.3865,13.9206
17182,572.733,1530,454,2429,1671,6.5626,12.6872
17183,572.767,1530,453,2429,1671,6.2613,12.9810
17184,572.800,1531,454,2429,1670,6.1124,13.6002
17185,572.833,1531,451,2430,1670,4.9692,14.4047
17186,572.867,1532,451,2434,1670,6.6398,14.6626
17187,572.900,1529,446,2433,1671,8.5887,16.6940
17188,572.933,1529,448,2432,1674,8.8136,15.6737
17189,572.967,1531,453,2433,1674,10.1259,17.5859
17190,573.000,1530,455,2432,1675,16.5939,15.8621
17191,573.033,1530,456,2431,1674,15.6329,16.0563
17192,573.067,1530,458,2431,1675,20.1132,15.2972
17193,573.100,1530,458,2432,1673,18.0334,14.1405
17194,573.133,1530,458,2433,1674,17.6414,14.7738
17195,573.167,1530,456,2432,1673,18.2087,14.3321
17196,573.200,1530,457,2432,1673,19.1438,14.9315
17197,573.233,1529,456,2432,1673,19.6894,14.8053
17198,573.267,1528,454,2432,1673,18.6135,14.7298
17199,573.300,1528,455,2433,1674,19.4443,14.7893
17200,573.333,1528,456,2433,1674,19.1238,13.1677
17201,573.367,1528,455,2433,1674,18.6110,14.0854
17202,573.400,1528,453,2432,1674,15.7251,14.1954
17203,573.433,1527,455,2432,1674,15.0461,14.1267
17204,573.467,1526,450,2430,1673,14.9357,12.7615
17205,573.500,1526,452,2430,1672,13.5374,12.3875
17206,573.533,1540,430,2420,1656,22.6080,9.3781
17207,573.567,1526,433,2427,1671,23.3105,8.5704
17208,573.600,1527,432,2427,1670,24.7872,11.6962
17209,573.633,1528,450,2426,1670,22.4272,11.0708
17210,573.667,1529,453,2428,1672,24.0586,14.4449
17211,573.700,1528,452,2428,1673,23.3188,15.0298
17212,573.733,1527,453,2429,1673,23.4626,13.3528
17213,573.767,1526,452,2429,1672,23.9062,15.1085
17214,573.800,1526,452,2429,1673,23.8773,14.1532
17215,573.833,1526,452,2429,1672,24.1104,14.3841
17216,573.867,1526,449,2431,1674,23.3749,14.8887
17217,573.900,1528,451,2433,1675,21.6785,15.3382
17218,573.933,1528,451,2433,1675,22.6534,14.8777
17219,573.967,1528,451,2433,1675,22.3414,14.7598
17220,574.000,1528,451,2433,1675,22.3884,14.8916
17221,574.033,1527,452,2432,1673,10.7756,13.9568
17222,574.067,1527,458,2439,1679,12.0865,15.7709
17223,574.100,1528,458,2439,1679,13.6460,16.5952
17224,574.133,1528,458,2439,1679,13.8057,16.6003
17225,574.167,1527,463,2439,1678,14.3204,17.1123
17226,574.200,1527,463,2438,1678,13.1956,16.8102
17227,574.233,1527,463,2438,1677,12.8715,16.8356
17228,574.267,1527,463,2438,1678,13.2268,16.8670
17229,574.300,1527,464,2438,1676,12.2467,17.4845
17230,574.333,1528,464,2438,1676,13.1530,17.5298
17231,574.367,1528,464,2438,1676,13.4063,17.8044
17232,574.400,1528,464,2438,1677,14.3669,17.3616
17233,574.433,1527,464,2438,1676,13.9975,17.6132
17234,574.467,1527,463,2437,1675,14.2419,18.0626
17235,574.500,1528,463,2438,1674,12.3237,18.1201
17236,574.533,1528,462,2437,1674,13.8279,15.3526
17237,574.567,1527,461,2437,1673,13.5359,15.8332
17238,574.600,1526,462,2436,1674,7.2686,16.7896
17239,574.633,1526,464,2436,1675,8.4272,17.9930
17240,574.667,1526,461,2437,1676,3.0755,16.9806
17241,574.700,1526,463,2437,1676,3.7427,17.4937
17242,574.733,1526,464,2437,1677,4.3196,16.2454
17243,574.767,1527,464,2437,1678,3.8262,16.0681
17244,574.800,1528,465,2436,1677,3.9481,15.3162
17245,574.833,1528,464,2437,1678,5.8773,16.6360
17246,574.867,1523,459,2436,1682,3.8296,15.5820
17247,574.900,1522,454,2436,1682,3.6209,13.7449
17248,574.933,1522,454,2435,1679,-0.5123,13.2592
17249,574.967,1520,454,2435,1678,4.1717,15.4742
17250,575.000,1520,458,2434,1673,6.8819,15.3534
17251,575.033,1520,457,2435,1673,5.6892,15.2611
17252,575.067,1517,454,2434,1672,9.5713,16.7179
17253,575.100,1528,449,2431,1665,14.5684,12.6169
17254,575.133,1527,449,2432,1665,12.6679,12.8683
17255,575.167,1527,448,2431,1665,14.4582,14.1078
17256,575.200,1523,453,2434,1668,17.0444,12.9086
17257,575.233,1525,452,2434,1669,17.5569,14.3663
17258,575.267,1526,453,2433,1668,16.6766,14.6291
17259,575.300,1523,457,2433,1664,16.2986,14.6693
17260,575.333,1526,460,2433,1663,21.5378,14.7009
17261,575.367,1525,454,2431,1660,16.1152,15.6730
17262,575.400,1523,446,2434,1658,18.5273,14.7206
17263,575.433,1524,448,2433,1658,17.4739,14.1520
17264,575.467,1523,449,2432,1658,16.3089,15.0313
17265,575.500,1522,449,2432,1658,16.7640,14.4006
17266,575.533,1522,444,2432,1658,18.1073,14.8725
17267,575.567,1522,444,2434,1658,14.6909,13.5111
17268,575.600,1520,446,2433,1661,15.4522,14.4779
17269,575.633,1520,445,2433,1660,13.8976,13.6565
17270,575.667,1519,445,2432,1662,13.9327,14.7782
17271,575.700,1519,444,2432,1661,14.7229,13.9109
17272,575.733,1520,446,2433,1665,16.1681,12.6945
17273,575.767,1523,411,2429,1662,10.5201,10.1670
17274,575.800,1523,416,2430,1664,9.9205,8.4774
17275,575.833,1523,414,2428,1664,15.3124,12.2311
17276,575.867,1521,435,2431,1662,9.5366,12.4206
17277,575.900,1522,441,2434,1657,10.6004,15.5010
17278,575.933,1523,445,2433,1655,10.0993,15.8793
17279,575.967,1522,445,2434,1657,9.3562,15.4684
17280,576.000,1522,446,2434,1657,8.0816,13.8390
17281,576.033,1521,445,2434,1658,8.9986,16.2310
17282,576.067,1521,447,2434,1660,10.1805,15.0316
17283,576.100,1523,450,2433,1660,9.0596,17.7792
17284,576.133,1524,451,2434,1660,9.1484,16.9599
17285,576.167,1525,456,2434,1658,9.6173,15.4034
17286,576.200,1524,455,2434,1658,11.3186,16.0710
17287,576.233,1534,446,2430,1653,9.6814,17.8913
17288,576.267,1526,461,2433,1659,14.7904,21.0258
17289,576.300,1527,462,2433,1659,14.8714,19.6224
17290,576.333,1527,464,2433,1658,15.3052,19.1967
17291,576.367,1527,467,2431,1659,11.8915,17.4155
17292,576.400,1526,466,2429,1660,12.7579,19.0090
17293,576.433,1526,470,2429,1661,12.6439,19.4079
17294,576.467,1526,470,2430,1660,9.4361,20.5469
17295,576.500,1526,473,2429,1660,10.6425,18.1508
17296,576.533,1525,464,2429,1662,12.2500,18.0313
17297,576.567,1525,462,2429,1662,12.2046,19.9786
17298,576.600,1525,461,2430,1663,12.0818,19.8410
17299,576.633,1526,458,2431,1663,5.4139,18.3193
17300,576.667,1527,461,2433,1662,-1.6900,19.5230
17301,576.700,1526,461,2433,1664,-1.0737,19.5101
17302,576.733,1526,461,2434,1663,-0.3380,17.7849
17303,576.767,1525,459,2435,1664,-1.6356,18.6124
17304,576.800,1526,461,2435,1663,0.3236,19.4200
17305,576.833,1525,461,2435,1664,0.3856,18.7780
17306,576.867,1524,461,2436,1664,0.8047,18.1190
17307,576.900,1524,456,2438,1665,-0.4587,19.3949
17308,576.933,1525,458,2438,1664,-0.6617,20.2001
17309,576.967,1527,451,2434,1663,-1.8555,12.0565
17310,577.000,1527,451,2434,1663,-1.4483,10.9449
17311,577.033,1525,419,2425,1660,13.5563,9.4958
17312,577.067,1523,421,2423,1661,21.0913,12.6141
17313,577.100,1522,419,2423,1662,19.3100,10.6875
17314,577.133,1523,431,2429,1667,25.5056,10.0676
17315,577.167,1523,452,2430,1663,23.0053,11.9458
17316,577.200,1525,455,2432,1663,20.8674,13.2137
17317,577.233,1522,460,2432,1664,23.8602,13.3675
17318,577.267,1524,465,2433,1664,22.7387,16.4274
17319,577.300,1524,467,2433,1663,25.3540,15.7782
17320,577.333,1524,465,2434,1664,25.2410,16.9345
17321,577.367,1524,464,2434,1664,23.9197,16.3715
17322,577.400,1524,464,2435,1666,23.1600,17.4268
17323,577.433,1523,463,2435,1666,26.3892,14.1987
17324,577.467,1522,458,2434,1666,26.1993,15.4323
17325,577.500,1522,458,2434,1664,27.0439,14.9264
17326,577.533,1522,459,2434,1666,30.0557,13.7073
17327,577.567,1521,460,2434,1667,27.4844,14.6046
17328,577.600,1520,458,2435,1666,28.6465,15.0391
17329,577.633,1520,457,2435,1666,27.7256,14.4421
17330,577.667,1520,458,2435,1667,27.5640,15.2852
17331,577.700,1518,454,2437,1668,26.0609,15.0397
17332,577.733,1518,458,2434,1672,30.0996,13.3570
17333,577.767,1518,456,2434,1672,30.8979,14.5697
17334,577.800,1519,460,2433,1672,32.2114,15.0069
17335,577.833,1521,462,2432,1669,29.6460,12.1904
17336,577.867,1521,464,2432,1668,29.5649,13.2800
17337,577.900,1518,452,2436,1668,28.5651,14.9628
17338,577.933,1518,454,2436,1668,30.2496,15.4350
17339,577.967,1518,452,2436,1668,23.2780,16.2498
17340,578.000,1517,452,2435,1667,18.0078,16.3748
17341,578.033,1518,452,2435,1666,18.3793,15.1005
17342,578.067,1518,452,2435,1667,17.7080,15.9750
17343,578.100,1518,450,2436,1667,18.7045,14.7507
17344,578.133,1519,450,2436,1668,20.1425,13.9518
17345,578.167,1518,447,2437,1669,18.4010,15.1401
17346,578.200,1518,445,2438,1669,18.3799,12.0736
17347,578.233,1518,446,2438,1668,16.8172,11.3902
17348,578.267,1518,446,2438,1668,16.6512,11.1966
17349,578.300,1520,449,2439,1667,16.4106,14.8489
17350,578.333,1521,450,2440,1665,19.2063,15.2322
17351,578.367,1520,449,2437,1665,16.1341,14.7102
17352,578.400,1519,447,2437,1666,20.7174,13.6913
17353,578.433,1519,450,2438,1665,19.5891,14.6498
17354,578.467,1520,453,2441,1666,28.0393,15.2620
17355,578.500,1519,452,2436,1665,26.6133,15.6266
17356,578.533,1519,451,2437,1666,26.7707,14.7542
17357,578.567,1519,455,2439,1666,26.9969,15.9080
17358,578.600,1520,453,2439,1664,27.4544,14.2119
17359,578.633,1520,452,2440,1664,28.7070,14.9863
17360,578.667,1521,451,2439,1664,29.8927,16.6020
17361,578.700,1520,450,2440,1664,28.5287,16.3226
17362,578.733,1520,447,2440,1664,28.8603,15.2624
17363,578.767,1520,447,2438,1664,27.0467,14.8547
17364,578.800,1520,447,2437,1663,25.6180,14.4745
17365,578.833,1520,449,2437,1663,26.1026,13.1984
17366,578.867,1520,447,2439,1665,27.6557,15.5558
17367,578.900,1520,444,2443,1665,28.6220,18.2546
17368,578.933,1519,442,2443,1666,27.8798,16.2268
17369,578.967,1519,442,2442,1666,28.2151,15.7427
17370,579.000,1518,442,2441,1667,30.7433,15.4778
17371,579.033,1519,442,2441,1668,27.8770,15.7110
17372,579.067,1519,442,2441,1669,30.0426,17.2292
17373,579.100,1519,442,2441,1669,30.1506,16.9622
17374,579.133,1519,441,2442,1669,29.4280,18.8267
17375,579.167,1519,446,2442,1668,24.3163,15.6283
17376,579.200,1521,449,2437,1667,9.9767,16.6915
17377,579.233,1522,451,2438,1667,13.2282,18.9965
17378,579.267,1523,450,2439,1667,11.7026,17.6037
17379,579.300,1523,451,2438,1667,12.3961,19.0826
17380,579.333,1523,450,2437,1666,10.6011,18.7715
17381,579.367,1523,450,2437,1665,11.1128,19.2672
17382,579.400,1523,450,2437,1665,10.9604,19.4443
17383,579.433,1524,448,2436,1666,11.0890,19.4961
17384,579.467,1526,453,2437,1662,7.7047,19.5165
17385,579.500,1526,453,2437,1663,8.2958,20.5033
17386,579.533,1526,454,2437,1663,7.2334,21.6947
17387,579.567,1526,454,2437,1663,7.2254,21.3959
17388,579.600,1524,453,2435,1663,8.3920,21.5835
17389,579.633,1524,453,2436,1663,4.4160,21.4430
17390,579.667,1523,450,2435,1663,5.9216,20.2857
17391,579.700,1522,448,2436,1664,6.1285,19.6542
17392,579.733,1522,450,2436,1665,6.0079,19.3506
17393,579.767,1522,450,2436,1665,5.8381,19.3416
17394,579.800,1523,452,2437,1665,9.0954,19.9693
17395,579.833,1522,452,2436,1667,6.4094,20.8444
17396,579.867,1522,455,2435,1668,9.6180,22.1643
17397,579.900,1523,459,2433,1665,4.7789,21.3963
17398,579.933,1523,460,2434,1665,6.8518,20.6418
17399,579.967,1522,460,2435,1668,0.3987,20.8090
17400,580.000,1522,460,2435,1667,1.1084,20.5610
17401,580.033,1522,462,2435,1671,0.1400,23.1006
17402,580.067,1522,464,2435,1673,-1.9032,22.8519
17403,580.100,1523,467,2433,1672,-2.7125,22.0049
17404,580.133,1523,468,2433,1673,-0.7910,22.7366
17405,580.167,1523,466,2433,1674,4.6835,22.8523
17406,580.200,1524,465,2433,1674,6.2935,22.4749
17407,580.233,1523,464,2433,1676,7.6659,22.2430
17408,580.267,1524,464,2433,1676,8.9449,22.0677
17409,580.300,1523,463,2433,1677,7.8059,19.9191
17410,580.333,1524,462,2433,1675,6.3466,19.8238
17411,580.367,1524,461,2433,1675,6.6095,19.2885
17412,580.400,1524,461,2432,1675,7.8995,19.2984
17413,580.433,1524,458,2434,1675,7.5754,21.4621
17414,580.467,1524,458,2434,1677,9.6320,21.6387
17415,580.500,1524,457,2434,1677,9.7260,21.0672
17416,580.533,1524,457,2435,1676,9.2218,20.9423
17417,580.567,1524,457,2436,1677,10.0187,20.9794
17418,580.600,1523,455,2436,1678,9.8957,19.5181
17419,580.633,1523,455,2436,1678,10.0078,19.4746
17420,580.667,1523,455,2436,1677,9.6640,19.5955
17421,580.700,1523,456,2436,1677,10.4736,19.4532
17422,580.733,1523,456,2435,1678,9.8943,20.5739
17423,580.767,1524,455,2436,1678,10.2838,20.0362
17424,580.800,1524,455,2436,1677,10.6384,20.2656
17425,580.833,1524,455,2436,1678,10.5425,19.9778
17426,580.867,1524,455,2437,1679,11.1659,19.0217
17427,580.900,1524,449,2436,1673,9.4283,18.4595
17428,580.933,1524,447,2436,1670,3.7628,20.1780
17429,580.967,1524,447,2436,1670,3.5117,20.1193
17430,581.000,1525,450,2436,1669,5.5734,17.8274
17431,581.033,1525,447,2436,1668,1.8670,19.8045
17432,581.067,1524,447,2437,1667,3.2720,20.0801
17433,581.100,1525,447,2437,1667,1.6984,20.1334
17434,581.133,1525,447,2438,1667,4.6840,19.2342
17435,581.167,1525,446,2439,1668,5.0247,18.6855
17436,581.200,1526,451,2439,1667,3.9335,19.5654
17437,581.233,1525,450,2439,1667,3.0807,19.8709
17438,581.267,1525,450,2439,1667,2.9134,19.9226
17439,581.300,1527,461,2433,1664,8.6115,20.3690
17440,581.333,1528,463,2433,1663,8.2706,20.3374
17441,581.367,1528,462,2432,1664,7.2201,17.3671
17442,581.400,1528,446,2429,1662,1.3929,10.8263
17443,581.433,1528,447,2429,1662,0.1495,10.5896
17444,581.467,1538,428,2420,1648,10.0369,6.1080
17445,581.500,1538,424,2422,1652,9.6665,14.8245
17446,581.533,1538,425,2422,1653,8.2428,14.3876
17447,581.567,1536,443,2423,1656,7.0043,16.0580
17448,581.600,1527,455,2429,1664,7.0310,18.4513
17449,581.633,1528,460,2429,1664,5.0239,17.3045
17450,581.667,1526,460,2429,1664,6.0460,18.3551
17451,581.700,1526,465,2430,1665,6.8376,21.2494
17452,581.733,1526,465,2430,1665,8.2853,21.2455
17453,581.767,1526,465,2430,1665,8.0325,20.7654
17454,581.800,1526,465,2430,1665,7.1149,20.8498
17455,581.833,1525,464,2430,1667,6.5111,19.5971
17456,581.867,1525,464,2430,1666,6.5041,19.2973
17457,581.900,1527,461,2433,1662,4.7031,20.1092
17458,581.933,1527,461,2432,1662,5.3943,19.4630
17459,581.967,1527,462,2432,1662,5.5089,18.4968
17460,582.000,1527,461,2432,1663,6.4854,20.2319
17461,582.033,1528,461,2432,1663,5.4813,18.7354
17462,582.067,1528,459,2432,1661,6.2984,20.4669
17463,582.100,1527,458,2432,1661,4.4278,20.7102
17464,582.133,1526,457,2431,1661,4.1938,21.7486
17465,582.167,1526,457,2432,1662,5.9770,21.7447
17466,582.200,1526,455,2433,1663,6.0492,22.7799
17467,582.233,1525,453,2433,1663,5.6831,22.4901
17468,582.267,1526,455,2433,1664,3.3468,21.9129
17469,582.300,1526,455,2434,1665,6.0532,21.9698
17470,582.333,1527,458,2435,1664,6.6528,20.8290
17471,582.367,1527,459,2434,1664,6.7289,21.1136
17472,582.400,1526,457,2435,1664,8.5588,21.8106
17473,582.433,1524,457,2435,1668,6.7101,20.7591
17474,582.467,1523,458,2434,1668,9.1625,19.3574
17475,582.500,1523,453,2434,1668,12.3757,16.5273
17476,582.533,1523,454,2434,1668,13.8826,18.7108
17477,582.567,1523,452,2434,1667,13.2519,15.8421
17478,582.600,1523,452,2434,1666,11.8807,17.2053
17479,582.633,1523,452,2433,1666,13.2550,17.8402
17480,582.667,1523,452,2432,1665,13.5804,20.0910
17481,582.700,1522,451,2431,1665,9.7097,16.6549
17482,582.733,1523,448,2431,1663,14.4554,17.1499
17483,582.767,1524,450,2432,1664,16.5944,16.2826
17484,582.800,1523,449,2432,1665,17.3373,15.8673
17485,582.833,1523,448,2433,1666,15.8511,16.1440
17486,582.867,1523,447,2432,1666,17.1482,15.1266
17487,582.900,1522,444,2432,1666,15.1884,17.2768
17488,582.933,1521,443,2432,1667,16.6665,15.4976
17489,582.967,1521,443,2432,1667,16.6930,15.8642
17490,583.000,1521,443,2432,1667,16.8469,15.4218
17491,583.033,1521,444,2432,1668,15.0793,15.0197
17492,583.067,1523,446,2433,1668,16.0335,15.6676
17493,583.100,1523,449,2434,1669,15.1930,15.7855
17494,583.133,1523,447,2433,1669,13.7431,18.3240
17495,583.167,1522,448,2433,1670,13.4395,18.0107
17496,583.200,1523,456,2433,1669,16.0994,20.4738
17497,583.233,1523,465,2433,1669,15.8456,20.0490
17498,583.267,1523,476,2430,1667,15.6748,21.2147
17499,583.300,1523,481,2428,1662,16.9798,17.9525
17500,583.333,1522,466,2432,1666,17.8280,20.1019
17501,583.367,1531,437,2433,1661,14.4770,17.6473
17502,583.400,1531,438,2433,1659,16.1229,15.9971
17503,583.433,1532,437,2432,1659,13.6512,16.7486
17504,583.467,1531,434,2432,1659,16.1651,15.5098
17505,583.500,1531,433,2434,1659,14.9278,15.2784
17506,583.533,1530,430,2433,1659,13.4708,14.7914
17507,583.567,1528,429,2434,1658,10.8436,16.7135
17508,583.600,1528,426,2433,1660,11.3019,16.8488
17509,583.633,1528,429,2433,1660,13.7648,16.4514
17510,583.667,1528,431,2432,1659,8.7993,17.4747
17511,583.700,1529,432,2432,1658,7.8661,15.3071
17512,583.733,1529,433,2433,1660,9.1069,16.3112
17513,583.767,1522,440,2437,1664,6.2870,15.7169
17514,583.800,1522,441,2437,1664,5.8844,16.0225
17515,583.833,1523,441,2438,1665,6.2909,15.8106
17516,583.867,1523,441,2438,1666,6.3560,15.6225
17517,583.900,1529,445,2434,1665,10.1185,17.2394
17518,583.933,1528,444,2434,1665,8.8206,17.5458
17519,583.967,1528,443,2434,1665,7.1483,16.1371
17520,584.000,1528,444,2434,1665,9.1670,18.0915
17521,584.033,1528,445,2434,1666,9.3148,17.1670
17522,584.067,1529,445,2435,1664,8.0059,16.6161
17523,584.100,1530,447,2434,1663,9.5541,18.3394
17524,584.133,1530,447,2434,1662,10.7082,18.1863
17525,584.167,1522,448,2437,1668,7.0180,17.7433
17526,584.200,1522,440,2438,1669,4.6254,17.9668
17527,584.233,1531,438,2434,1663,9.8086,18.6410
17528,584.267,1531,436,2434,1662,8.0685,19.2553
17529,584.300,1531,430,2434,1661,7.7556,15.4847
17530,584.333,1525,446,2437,1668,7.9510,16.7673
17531,584.367,1525,441,2439,1670,8.4069,16.5095
17532,584.400,1527,443,2437,1668,9.2571,17.0736
17533,584.433,1528,449,2436,1664,4.5296,14.0403
17534,584.467,1535,425,2429,1653,7.1485,4.2867
17535,584.500,1533,424,2430,1659,17.4124,12.1776
17536,584.533,1533,416,2430,1658,12.4477,12.8353
17537,584.567,1523,440,2437,1667,8.4647,15.8368
17538,584.600,1529,436,2434,1658,8.7164,16.7801
17539,584.633,1529,434,2434,1659,10.2896,19.4615
17540,584.667,1527,438,2435,1663,12.3920,16.9494
17541,584.700,1524,433,2438,1665,11.6906,21.4584
17542,584.733,1524,438,2437,1663,13.2403,22.9725
17543,584.767,1523,434,2436,1665,11.1806,17.8042
17544,584.800,1517,442,2439,1668,15.9707,20.4038
17545,584.833,1517,442,2439,1667,14.8862,19.4852
17546,584.867,1520,438,2439,1669,10.1842,20.4680
17547,584.900,1521,436,2437,1663,2.4295,19.7472
17548,584.933,1521,437,2437,1664,4.1213,18.8118
17549,584.967,1521,437,2437,1664,2.9148,19.0535
17550,585.000,1522,436,2437,1663,4.7553,18.4318
17551,585.033,1527,422,2437,1660,8.4399,16.6454
17552,585.067,1528,425,2437,1661,8.9249,17.9297
17553,585.100,1527,424,2438,1661,7.6682,19.5045
17554,585.133,1526,418,2437,1661,4.9269,17.2308
17555,585.167,1526,413,2438,1668,6.4884,17.9344
17556,585.200,1525,412,2439,1667,4.0491,18.2923
17557,585.233,1526,413,2439,1668,3.3275,17.5441
17558,585.267,1524,410,2439,1668,6.8931,19.3552
17559,585.300,1525,409,2438,1665,7.5353,18.6476
17560,585.333,1526,408,2439,1664,9.1903,19.5939
17561,585.367,1526,409,2439,1664,7.9267,19.8653
17562,585.400,1526,407,2439,1663,7.8713,19.2262
17563,585.433,1526,410,2438,1662,8.5565,20.3386
17564,585.467,1526,411,2440,1661,10.0797,18.5342
17565,585.500,1525,413,2439,1662,8.8612,16.1735
17566,585.533,1527,412,2439,1662,7.2775,20.2233
17567,585.567,1528,412,2437,1663,10.4856,21.1404
17568,585.600,1527,411,2438,1664,10.3136,21.4532
17569,585.633,1528,411,2437,1664,9.1762,19.5477
17570,585.667,1527,414,2438,1663,12.7250,21.1371
17571,585.700,1527,413,2438,1666,16.1476,21.6534
17572,585.733,1527,412,2438,1666,15.3607,22.6795
17573,585.767,1525,410,2439,1667,14.4656,21.5419
17574,585.800,1525,410,2439,1667,14.3703,22.3763
17575,585.833,1524,412,2441,1666,17.1965,20.5790
17576,585.867,1525,414,2440,1664,16.5791,22.2057
17577,585.900,1526,422,2441,1655,10.4203,18.4358
17578,585.933,1526,423,2439,1656,9.6758,19.5079
17579,585.967,1526,424,2439,1656,12.8522,17.5590
17580,586.000,1526,423,2439,1656,10.2560,19.5397
17581,586.033,1528,424,2438,1655,1.3949,14.1689
17582,586.067,1527,426,2437,1660,-0.2065,16.4701
17583,586.100,1527,426,2437,1660,-0.9614,15.8844
17584,586.133,1527,426,2437,1660,-0.9785,16.9926
17585,586.167,1520,436,2438,1668,3.0678,15.0640
17586,586.200,1520,436,2438,1668,2.9114,15.9020
17587,586.233,1520,436,2439,1668,3.1553,14.9624
17588,586.267,1520,436,2439,1668,3.2407,15.0461
17589,586.300,1520,436,2440,1669,-0.4494,16.1625
17590,586.333,1521,434,2440,1669,2.3214,16.7779
17591,586.367,1521,435,2440,1669,6.1288,18.1660
17592,586.400,1522,435,2440,1669,4.0802,15.6775
17593,586.433,1522,437,2439,1669,2.3960,15.1566
17594,586.467,1521,438,2438,1668,3.2368,16.7673
17595,586.500,1521,437,2438,1668,5.5443,16.2498
17596,586.533,1521,440,2438,1668,4.4182,15.5635
17597,586.567,1521,442,2438,1669,2.2208,15.7321
17598,586.600,1521,439,2438,1668,2.2160,15.2297
17599,586.633,1521,440,2438,1668,3.5108,14.1343
17600,586.667,1521,440,2438,1669,3.0781,14.4966
17601,586.700,1521,438,2436,1667,6.2436,15.1526
17602,586.733,1523,432,2434,1662,2.5890,8.7038
17603,586.767,1526,418,2432,1652,10.5545,9.6412
17604,586.800,1518,430,2432,1663,13.0012,9.5365
17605,586.833,1521,440,2437,1663,13.6202,14.4994
17606,586.867,1522,439,2437,1664,6.9216,14.5136
17607,586.900,1521,437,2436,1663,10.0163,15.0143
17608,586.933,1522,438,2436,1662,11.6030,16.3560
17609,586.967,1522,438,2436,1662,10.5946,16.6807
17610,587.000,1523,439,2435,1663,9.9896,17.4199
17611,587.033,1523,440,2435,1665,11.6852,16.6983
17612,587.067,1522,441,2436,1664,13.9683,19.0931
17613,587.100,1523,442,2435,1664,10.9058,18.3237
17614,587.133,1523,443,2435,1663,11.6251,19.8092
17615,587.167,1522,444,2435,1664,9.3358,17.4177
17616,587.200,1522,445,2435,1663,10.9488,16.8742
17617,587.233,1522,445,2436,1663,10.9935,16.8811
17618,587.267,1522,444,2435,1664,10.3833,16.9700
17619,587.300,1521,441,2435,1664,10.9481,19.8863
17620,587.333,1523,440,2436,1661,8.8209,16.8789
17621,587.367,1523,441,2435,1662,3.7481,19.1041
17622,587.400,1523,440,2435,1662,4.5111,17.8560
17623,587.433,1522,441,2435,1663,6.0998,19.7805
17624,587.467,1522,443,2435,1664,5.1885,19.1105
17625,587.500,1522,445,2435,1663,5.0823,18.9871
17626,587.533,1522,444,2436,1663,4.7908,19.0416
17627,587.567,1522,446,2435,1663,1.5023,18.7525
17628,587.600,1522,445,2435,1663,4.9194,19.0497
17629,587.633,1522,447,2435,1664,4.7584,17.5436
17630,587.667,1522,447,2435,1663,5.4446,17.8080
17631,587.700,1521,446,2435,1663,6.2758,17.6238
17632,587.733,1521,445,2436,1664,1.3121,19.0351
17633,587.767,1521,445,2436,1664,1.4917,18.9903
17634,587.800,1521,443,2437,1664,4.3896,18.8346
17635,587.833,1520,443,2437,1665,4.2718,20.1616
17636,587.867,1521,438,2438,1665,3.4836,18.3397
17637,587.900,1520,435,2436,1669,3.4082,14.6667
17638,587.933,1520,432,2437,1669,8.1051,14.9709
17639,587.967,1520,432,2437,1669,8.0482,14.8871
17640,588.000,1520,431,2437,1669,6.1210,14.9151
17641,588.033,1520,431,2437,1668,7.8483,14.6292
17642,588.067,1520,431,2438,1667,5.8109,14.3632
17643,588.100,1520,431,2438,1667,5.6869,14.8287
17644,588.133,1521,431,2438,1667,4.2123,13.9023
17645,588.167,1522,432,2438,1665,6.6545,17.4762
17646,588.200,1522,429,2439,1665,5.2534,17.9330
17647,588.233,1522,429,2439,1665,5.5580,17.7738
17648,588.267,1522,430,2439,1665,5.8169,17.6594
17649,588.300,1522,428,2439,1665,9.4432,16.3092
17650,588.333,1523,433,2439,1663,5.8297,16.6309
17651,588.367,1523,433,2439,1663,5.6195,16.6224
17652,588.400,1523,433,2439,1663,6.2071,16.4151
17653,588.433,1523,434,2438,1661,8.6504,15.0026
17654,588.467,1523,432,2438,1660,6.0468,18.5305
17655,588.500,1523,433,2439,1661,8.0617,16.6166
17656,588.533,1523,433,2439,1660,7.6756,17.0361
17657,588.567,1524,433,2439,1660,4.5639,16.6796
17658,588.600,1524,432,2440,1660,2.7701,17.1682
17659,588.633,1524,431,2440,1659,1.2909,15.2008
17660,588.667,1524,431,2441,1659,2.2986,17.4555
17661,588.700,1524,432,2442,1662,4.2387,15.3957
17662,588.733,1524,432,2444,1662,2.9209,16.6092
17663,588.767,1524,431,2443,1662,3.8385,15.8059
17664,588.800,1524,432,2444,1662,3.0470,16.4688
17665,588.833,1524,432,2443,1663,2.5317,13.3483
17666,588.867,1532,423,2441,1661,-1.1967,14.0318
17667,588.900,1530,412,2442,1658,9.5217,19.6456
17668,588.933,1531,414,2441,1657,6.5690,17.2529
17669,588.967,1531,413,2441,1657,7.1091,20.8992
17670,589.000,1531,414,2441,1658,5.2205,19.7942
17671,589.033,1532,416,2441,1657,6.8332,16.5876
17672,589.067,1532,420,2441,1657,8.5887,15.4611
17673,589.100,1532,421,2440,1656,9.5324,17.0240
17674,589.133,1532,421,2440,1657,7.9311,16.4501
17675,589.167,1533,423,2439,1656,6.3923,15.6638
17676,589.200,1533,421,2440,1657,6.4030,17.5661
17677,589.233,1533,422,2439,1657,8.9913,17.5306
17678,589.267,1533,423,2438,1655,10.0772,14.0591
17679,589.300,1533,425,2436,1654,6.1010,13.1971
17680,589.333,1530,415,2434,1648,9.8954,8.6549
17681,589.367,1528,411,2434,1648,4.7191,8.4116
17682,589.400,1527,411,2434,1648,7.8269,6.8117
17683,589.433,1531,418,2440,1652,12.9769,14.8808
17684,589.467,1531,416,2441,1652,8.9485,16.9569
17685,589.500,1528,415,2440,1653,9.8478,18.1143
17686,589.533,1529,414,2440,1655,7.1163,16.8760
17687,589.567,1528,412,2441,1657,7.7480,17.0024
17688,589.600,1526,411,2442,1661,10.5416,15.1658
17689,589.633,1522,437,2443,1672,3.5647,14.3990
17690,589.667,1521,437,2443,1671,2.2418,16.0173
17691,589.700,1522,438,2445,1671,4.1424,15.8348
17692,589.733,1522,436,2445,1670,1.9828,17.8627
17693,589.767,1522,436,2445,1671,2.3553,16.1264
17694,589.800,1522,436,2445,1671,2.3921,16.0171
17695,589.833,1521,436,2446,1670,2.0603,16.2599
17696,589.867,1520,438,2446,1670,7.2763,15.9022
17697,589.900,1519,437,2445,1672,0.8487,16.4261
17698,589.933,1519,437,2444,1673,3.6953,15.3454
17699,589.967,1519,438,2444,1674,4.0461,15.3399
17700,590.000,1519,437,2445,1674,2.1870,15.4926
17701,590.033,1519,436,2445,1675,3.1120,15.7724
17702,590.067,1520,439,2444,1674,5.6916,12.7661
17703,590.100,1520,439,2443,1675,4.3177,14.7275
17704,590.133,1520,440,2444,1675,6.2882,13.9243
17705,590.167,1519,442,2443,1673,13.5652,15.6545
17706,590.200,1519,440,2443,1673,9.9483,16.4213
17707,590.233,1519,439,2443,1673,16.1693,16.7864
17708,590.267,1519,438,2443,1673,12.7845,16.1637
17709,590.300,1519,438,2443,1673,13.9632,16.7607
17710,590.333,1519,440,2442,1672,11.5280,15.8430
17711,590.367,1520,442,2443,1672,14.7425,16.6399
17712,590.400,1519,440,2442,1672,12.2171,16.2395
17713,590.433,1519,444,2442,1672,16.3748,17.5523
17714,590.467,1519,443,2443,1672,22.0318,18.2920
17715,590.500,1519,442,2443,1672,21.5620,16.1994
17716,590.533,1520,443,2443,1671,20.1520,17.1378
17717,590.567,1519,441,2444,1672,18.1715,16.4110
17718,590.600,1520,439,2443,1670,15.2359,17.9057
17719,590.633,1520,439,2443,1670,15.3448,17.8269
17720,590.667,1520,440,2443,1669,14.0994,16.4268
17721,590.700,1520,439,2443,1667,17.2604,18.0127
17722,590.733,1523,442,2443,1667,10.4000,18.2608
17723,590.767,1524,440,2443,1667,5.3913,17.4088
17724,590.800,1523,440,2443,1666,5.9330,20.2054
17725,590.833,1523,441,2444,1665,3.3425,20.1815
17726,590.867,1523,439,2444,1666,5.9278,18.5502
17727,590.900,1525,444,2442,1664,6.4101,19.6907
17728,590.933,1525,442,2442,1664,3.9663,19.6461
17729,590.967,1523,442,2442,1664,4.8389,19.6746
17730,591.000,1523,442,2441,1665,4.4041,20.1344
17731,591.033,1523,440,2441,1666,6.7368,18.3357
17732,591.067,1523,434,2442,1667,4.5777,17.3187
17733,591.100,1522,433,2443,1668,5.4778,21.2216
17734,591.133,1522,435,2442,1668,8.9635,21.5534
17735,591.167,1522,437,2441,1668,5.8587,21.7346
17736,591.200,1521,436,2440,1668,7.9387,21.3141
17737,591.233,1521,435,2439,1667,4.0893,20.3726
17738,591.267,1520,433,2439,1669,6.5260,19.6088
17739,591.300,1519,434,2439,1669,6.1902,20.3597
17740,591.333,1518,431,2439,1669,6.0302,18.8845
17741,591.367,1518,431,2439,1669,6.3156,19.0284
17742,591.400,1518,431,2439,1669,6.8543,19.3705
17743,591.433,1517,430,2439,1669,6.2513,16.9236
17744,591.467,1517,433,2438,1670,3.9496,21.1534
17745,591.500,1516,433,2437,1670,5.1176,20.2438
17746,591.533,1523,430,2435,1664,5.0788,16.5806
17747,591.567,1517,440,2434,1667,6.0345,22.1827
17748,591.600,1518,441,2435,1667,9.6196,20.0016
17749,591.633,1517,442,2435,1667,7.3851,19.7166
17750,591.667,1517,442,2436,1667,9.4089,18.7296
17751,591.700,1515,439,2438,1667,10.2180,17.6621
17752,591.733,1516,439,2437,1667,8.9214,18.5468
17753,591.767,1516,438,2437,1667,9.1170,18.7952
17754,591.800,1518,440,2435,1668,9.2663,20.3956
17755,591.833,1518,434,2437,1666,8.6273,21.7892
17756,591.867,1527,431,2432,1658,9.3124,15.7182
17757,591.900,1526,410,2428,1650,5.1465,4.1936
17758,591.933,1526,410,2428,1649,3.4399,4.8246
17759,591.967,1527,414,2429,1650,5.0323,7.7989
17760,592.000,1528,426,2433,1652,7.0051,11.0348
17761,592.033,1527,427,2432,1652,8.3466,11.8398
17762,592.067,1526,428,2433,1655,9.2784,12.4105
17763,592.100,1526,427,2435,1658,10.5460,14.5467
17764,592.133,1526,427,2434,1659,5.3042,14.4183
17765,592.167,1525,425,2434,1658,7.5837,14.9825
17766,592.200,1524,426,2435,1659,9.3125,12.4752
17767,592.233,1524,423,2435,1658,10.0659,14.1793
17768,592.267,1524,424,2434,1657,9.1240,14.3192
17769,592.300,1524,423,2434,1658,9.4879,13.5209
17770,592.333,1524,425,2435,1658,6.7065,13.1139
17771,592.367,1524,425,2436,1659,7.5963,12.6194
17772,592.400,1524,426,2436,1660,8.5320,12.6285
17773,592.433,1525,424,2436,1660,5.5820,14.3051
17774,592.467,1524,422,2435,1661,10.6396,13.2188
17775,592.500,1524,419,2436,1662,9.9332,14.0535
17776,592.533,1524,419,2436,1662,11.0390,13.8622
17777,592.567,1524,421,2435,1660,7.7789,11.4949
17778,592.600,1524,418,2437,1663,7.6491,14.5750
17779,592.633,1524,418,2437,1662,6.6830,14.8029
17780,592.667,1524,416,2437,1663,7.7417,14.3485
17781,592.700,1524,414,2436,1663,8.7818,15.9704
17782,592.733,1526,416,2436,1661,8.6825,14.2287
17783,592.767,1526,418,2436,1660,9.3026,15.4251
17784,592.800,1526,417,2437,1661,8.0415,14.7133
17785,592.833,1527,420,2437,1661,8.1669,13.7512
17786,592.867,1527,426,2437,1658,4.4360,14.5004
17787,592.900,1526,427,2434,1660,6.8891,14.9807
17788,592.933,1526,427,2435,1659,6.0058,15.4581
17789,592.967,1527,427,2435,1658,6.9280,15.0228
17790,593.000,1526,426,2435,1658,7.8321,14.7828
17791,593.033,1527,427,2435,1658,6.2337,13.9498
17792,593.067,1525,427,2436,1656,7.1849,13.4001
17793,593.100,1525,428,2435,1657,6.0766,15.0414
17794,593.133,1525,428,2435,1657,5.6389,14.6065
17795,593.167,1525,427,2434,1657,5.3163,12.5742
17796,593.200,1526,431,2433,1656,6.5362,12.6693
17797,593.233,1525,433,2432,1657,3.7435,12.9660
17798,593.267,1526,436,2431,1654,4.1351,9.2610
17799,593.300,1520,441,2432,1661,5.2179,11.5837
17800,593.333,1524,416,2425,1650,8.9499,8.4958
17801,593.367,1524,416,2423,1649,15.2646,11.2213
17802,593.400,1523,414,2424,1649,14.6186,11.9799
17803,593.433,1528,430,2428,1653,6.6460,13.5605
17804,593.467,1527,424,2434,1660,8.8525,16.8181
17805,593.500,1527,428,2434,1660,7.1064,14.8198
17806,593.533,1529,431,2435,1657,5.3412,15.6149
17807,593.567,1528,425,2438,1662,6.1054,15.4476
17808,593.600,1528,426,2436,1664,4.4496,13.6723
17809,593.633,1528,426,2437,1664,7.5479,15.3466
17810,593.667,1528,426,2437,1665,6.2091,15.0629
17811,593.700,1528,424,2438,1665,7.5667,14.7722
17812,593.733,1528,423,2438,1666,6.3384,15.8312
17813,593.767,1529,422,2439,1667,8.0412,16.0339
17814,593.800,1529,420,2440,1667,3.9802,16.9013
17815,593.833,1521,433,2441,1671,2.7049,16.7819
17816,593.867,1522,433,2439,1670,1.8108,14.3806
17817,593.900,1521,436,2439,1670,-0.4704,13.1635
17818,593.933,1522,435,2439,1667,2.8126,14.2321
17819,593.967,1523,433,2440,1668,2.2535,15.4280
17820,594.000,1522,431,2440,1668,1.2251,14.0762
17821,594.033,1523,433,2439,1667,4.2844,15.8731
17822,594.067,1523,436,2440,1666,5.3640,16.8594
17823,594.100,1523,439,2440,1665,6.7033,14.1850
17824,594.133,1523,439,2441,1665,8.1095,15.3495
17825,594.167,1524,441,2442,1666,7.0745,17.0929
17826,594.200,1524,441,2443,1666,7.2150,17.5676
17827,594.233,1524,441,2443,1666,7.6864,17.6100
17828,594.267,1523,442,2443,1666,3.6996,17.2442
17829,594.300,1523,440,2444,1667,7.6030,15.8869
17830,594.333,1523,441,2443,1666,3.0543,16.8534
17831,594.367,1523,440,2444,1667,4.8024,17.4144
17832,594.400,1524,438,2442,1667,4.7656,15.5383
17833,594.433,1525,438,2442,1668,4.3627,18.1372
17834,594.467,1525,439,2442,1669,6.5376,17.2265
17835,594.500,1524,440,2443,1670,5.8347,17.5976
17836,594.533,1524,439,2444,1670,7.7150,16.5252
17837,594.567,1524,436,2443,1671,6.4330,17.3931
17838,594.600,1523,435,2443,1672,5.5727,17.2453
17839,594.633,1524,434,2443,1671,5.1517,18.8384
17840,594.667,1524,433,2443,1671,4.2843,19.5477
17841,594.700,1529,422,2441,1669,7.8976,15.3753
17842,594.733,1529,419,2441,1670,5.6457,16.4242
17843,594.767,1529,417,2442,1670,4.6913,17.3238
17844,594.800,1529,418,2441,1670,3.2631,16.8242
17845,594.833,1528,416,2441,1670,4.1430,17.1073
17846,594.867,1528,418,2442,1671,5.8457,15.8721
17847,594.900,1528,423,2441,1668,10.1948,16.7865
17848,594.933,1528,423,2442,1668,10.7255,16.5878
17849,594.967,1528,423,2442,1669,9.6563,17.2567
17850,595.000,1528,422,2442,1669,9.6959,16.6035
17851,595.033,1528,421,2443,1669,13.1395,18.1488
17852,595.067,1528,419,2443,1670,9.4471,16.0352
17853,595.100,1527,419,2443,1670,10.1347,15.8764
17854,595.133,1527,418,2443,1670,9.9976,17.3843
17855,595.167,1527,420,2443,1670,11.9522,18.6595
17856,595.200,1528,422,2443,1666,10.2608,15.1712
17857,595.233,1528,425,2443,1665,8.8077,18.1526
17858,595.267,1529,423,2442,1664,11.6050,13.1961
17859,595.300,1523,435,2443,1664,6.7173,16.4089
17860,595.333,1523,437,2443,1664,6.8172,18.3635
17861,595.367,1522,437,2444,1664,9.0721,16.9784
17862,595.400,1522,437,2444,1664,9.4268,17.2837
17863,595.433,1530,431,2444,1661,8.3894,11.4421
17864,595.467,1531,432,2443,1659,6.8108,12.0794
17865,595.500,1532,430,2442,1659,9.2779,14.9158
17866,595.533,1532,432,2443,1658,12.4492,12.3921
17867,595.567,1532,433,2443,1657,6.9846,12.3190
17868,595.600,1532,430,2443,1659,12.2025,13.6470
17869,595.633,1532,428,2443,1660,7.9091,13.4358
17870,595.667,1532,429,2442,1660,8.0230,13.0974
17871,595.700,1532,427,2443,1660,6.7330,13.8069
17872,595.733,1531,427,2441,1658,6.2965,12.1722
17873,595.767,1531,427,2441,1658,6.0566,12.2403
17874,595.800,1531,427,2442,1658,3.7279,14.7278
17875,595.833,1530,429,2441,1656,8.6426,14.6877
17876,595.867,1530,428,2442,1656,8.3083,14.3789
17877,595.900,1529,427,2438,1657,6.2610,13.1462
17878,595.933,1528,427,2438,1655,7.5750,11.5650
17879,595.967,1528,425,2439,1656,4.9097,14.4783
17880,596.000,1529,428,2439,1655,5.4763,11.3913
17881,596.033,1529,430,2439,1654,8.1278,12.7145
17882,596.067,1529,431,2438,1654,11.8419,13.2682
17883,596.100,1529,431,2438,1654,12.0220,13.0633
17884,596.133,1529,431,2438,1654,11.7656,13.1717
17885,596.167,1530,434,2438,1653,12.2187,13.8031
17886,596.200,1530,433,2438,1653,12.1225,13.7064
17887,596.233,1530,432,2438,1653,13.1587,13.2987
17888,596.267,1530,431,2438,1653,14.2214,13.3394
17889,596.300,1531,429,2439,1654,13.0710,13.1021
17890,596.333,1532,430,2441,1655,14.4135,14.5413
17891,596.367,1524,433,2444,1661,14.0489,13.7621
17892,596.400,1523,433,2443,1662,14.4729,14.3270
17893,596.433,1524,433,2443,1662,12.6970,14.0451
17894,596.467,1530,425,2442,1659,12.8797,11.8963
17895,596.500,1529,424,2443,1660,10.5116,11.2833
17896,596.533,1528,422,2443,1660,13.4981,12.1706
17897,596.567,1528,420,2442,1661,12.6561,12.3800
17898,596.600,1527,416,2442,1662,13.7428,13.9530
17899,596.633,1527,420,2442,1663,13.3848,12.3419
17900,596.667,1527,419,2441,1664,15.7315,14.4339
17901,596.700,1527,417,2440,1664,18.3402,14.5964
17902,596.733,1528,416,2440,1664,14.6020,14.5073
17903,596.767,1529,416,2442,1664,17.5565,14.3542
17904,596.800,1529,416,2441,1663,19.4361,15.0990
17905,596.833,1529,417,2439,1661,19.6438,13.8884
17906,596.867,1529,414,2436,1659,30.4354,11.1809
17907,596.900,1528,427,2437,1657,30.7572,9.7708
17908,596.933,1520,435,2439,1665,28.4716,11.9266
17909,596.967,1521,435,2438,1664,31.2619,11.6174
17910,597.000,1521,434,2439,1665,32.3667,11.3170
17911,597.033,1521,434,2440,1667,33.9757,11.0587
17912,597.067,1520,434,2440,1668,29.7181,11.2531
17913,597.100,1520,433,2440,1669,32.9469,10.6901
17914,597.133,1520,434,2441,1668,28.2729,11.4847
17915,597.167,1526,424,2439,1664,32.5251,10.4168
17916,597.200,1520,434,2442,1669,28.7110,13.0529
17917,597.233,1523,433,2441,1670,13.0239,12.0721
17918,597.267,1523,431,2443,1669,8.2512,13.4233
17919,597.300,1523,435,2442,1669,5.8731,15.9383
17920,597.333,1523,438,2441,1669,9.3234,14.7834
17921,597.367,1522,436,2442,1670,6.5295,15.8970
17922,597.400,1521,435,2442,1670,5.1006,16.3720
17923,597.433,1527,429,2443,1665,9.1810,14.3340
17924,597.467,1527,431,2442,1664,10.7852,14.2709
17925,597.500,1522,438,2444,1669,5.9811,14.6979
17926,597.533,1522,438,2444,1670,7.9055,14.0812
17927,597.567,1523,441,2444,1668,4.1461,14.3154
17928,597.600,1524,452,2442,1667,3.5898,13.3419
17929,597.633,1525,447,2442,1666,4.6798,15.2187
17930,597.667,1525,448,2441,1667,7.6362,15.0275
17931,597.700,1527,457,2441,1668,4.3742,12.9176
17932,597.733,1527,455,2441,1667,7.5780,15.1945
17933,597.767,1527,454,2440,1667,6.7236,15.5028
17934,597.800,1527,454,2440,1667,5.9210,15.4395
17935,597.833,1526,455,2441,1667,4.6497,12.9004
17936,597.867,1526,452,2442,1668,4.9846,14.4436
17937,597.900,1529,450,2445,1664,2.9275,15.2260
17938,597.933,1529,449,2446,1664,5.1236,14.0959
17939,597.967,1528,449,2446,1664,5.3588,12.1294
17940,598.000,1529,447,2443,1664,3.3362,10.9692
17941,598.033,1530,446,2443,1663,2.6797,12.4715
17942,598.067,1535,444,2439,1656,6.4887,10.3293
17943,598.100,1527,448,2442,1665,8.9066,12.1293
17944,598.133,1526,446,2443,1666,9.8320,12.8786
17945,598.167,1526,446,2443,1664,5.1445,12.8984
17946,598.200,1525,443,2444,1665,5.2131,18.5602
17947,598.233,1524,441,2444,1666,8.0552,18.4797
17948,598.267,1524,442,2444,1667,3.7124,18.5568
17949,598.300,1528,430,2443,1663,4.4450,15.4713
17950,598.333,1529,429,2442,1663,5.5895,15.2946
17951,598.367,1529,426,2443,1664,7.0385,15.7591
17952,598.400,1530,426,2443,1664,5.0180,18.8243
17953,598.433,1530,425,2442,1665,8.0955,15.3530
17954,598.467,1531,428,2443,1664,6.6532,19.5339
17955,598.500,1531,430,2443,1664,5.9858,15.9170
17956,598.533,1525,436,2443,1668,3.8264,19.7441
17957,598.567,1531,430,2444,1663,4.6793,17.6508
17958,598.600,1531,426,2444,1663,6.2286,16.3517
17959,598.633,1530,426,2443,1663,6.8036,17.2354
17960,598.667,1530,425,2442,1663,7.7725,17.0383
17961,598.700,1530,424,2441,1662,6.6492,16.2167
17962,598.733,1530,425,2441,1660,6.9763,17.9815
17963,598.767,1530,424,2440,1659,7.8816,14.8339
17964,598.800,1530,426,2440,1659,6.5222,17.8889
17965,598.833,1529,426,2439,1660,6.3730,15.9482
17966,598.867,1521,430,2439,1665,4.8816,15.2931
17967,598.900,1525,419,2441,1665,13.6849,14.5261
17968,598.933,1519,429,2440,1668,7.6838,15.9535
17969,598.967,1519,429,2440,1668,7.5929,16.1192
17970,599.000,1519,430,2440,1668,6.3740,16.6028
17971,599.033,1520,431,2439,1668,7.7820,15.7232
17972,599.067,1521,430,2440,1668,6.1255,14.9859
17973,599.100,1522,431,2441,1668,8.1079,18.5733
17974,599.133,1522,432,2441,1667,8.3423,15.3654
17975,599.167,1524,434,2441,1665,6.1136,17.8312
17976,599.200,1523,430,2442,1666,7.9773,16.9863
17977,599.233,1529,425,2441,1661,8.9395,15.5735
17978,599.267,1523,430,2442,1666,7.6578,17.0833
17979,599.300,1529,418,2442,1663,9.8971,17.1261
17980,599.333,1529,418,2442,1665,4.1646,17.1451
17981,599.367,1529,419,2441,1664,3.9849,15.6859
17982,599.400,1529,418,2441,1665,8.0216,18.8831
17983,599.433,1529,420,2440,1665,4.1206,16.1235
17984,599.467,1529,420,2441,1665,3.1753,15.0229
17985,599.500,1530,418,2441,1666,1.0915,17.0580
17986,599.533,1530,422,2441,1665,3.2578,14.1847
17987,599.567,1531,417,2441,1663,4.0022,17.9242
17988,599.600,1531,413,2441,1661,8.7514,16.8559
17989,599.633,1531,413,2441,1660,9.9248,16.7664
17990,599.667,1532,414,2441,1659,5.6385,17.4781
17991,599.700,1531,409,2442,1658,4.2102,17.0766
17992,599.733,1531,410,2442,1658,4.2651,19.7729
17993,599.767,1530,408,2442,1659,6.9110,17.2737
17994,599.800,1530,410,2442,1659,5.7334,18.5149
17995,599.833,1529,409,2444,1660,6.9099,17.6867
17996,599.867,1527,406,2445,1660,10.8501,16.8247
17997,599.900,1527,400,2443,1667,5.7456,17.7914
17998,599.933,1527,405,2442,1667,6.5063,18.0223
17999,599.967,1527,406,2441,1666,6.3186,17.9144
18000,600.000,1527,405,2441,1666,6.7357,18.5186
18001,600.033,1527,407,2440,1666,6.3881,18.3702
18002,600.067,1526,405,2441,1668,5.8076,17.2465
18003,600.100,1526,408,2441,1668,7.9163,17.0704
18004,600.133,1527,407,2441,1668,5.7089,16.8341
18005,600.167,1531,420,2437,1662,7.6290,11.0639
18006,600.200,1534,421,2437,1662,9.1740,12.9751
18007,600.233,1533,415,2435,1659,15.7843,10.5188
18008,600.267,1533,421,2439,1661,15.5223,13.7537
18009,600.300,1527,428,2440,1663,12.1483,10.6218
18010,600.333,1526,428,2441,1665,4.6662,13.6052
18011,600.367,1525,431,2441,1667,7.8253,17.0476
18012,600.400,1524,428,2441,1668,5.8752,14.3427
18013,600.433,1523,430,2440,1669,8.3541,14.8752
18014,600.467,1524,432,2441,1668,8.1659,16.2262
18015,600.500,1523,431,2441,1669,7.4761,15.4838
18016,600.533,1523,432,2441,1668,10.4716,16.4021
18017,600.567,1523,434,2441,1670,7.8493,16.1038
18018,600.600,1523,433,2442,1669,7.8939,16.3038
18019,600.633,1523,433,2443,1669,9.2200,16.6347
18020,600.667,1524,432,2442,1668,9.0097,17.0969
18021,600.700,1524,431,2444,1669,9.5900,15.9627
18022,600.733,1523,431,2444,1667,10.0533,16.5962
18023,600.767,1523,432,2446,1668,10.4167,18.4688
18024,600.800,1523,431,2446,1669,8.9311,16.5962
18025,600.833,1523,431,2446,1669,8.3179,15.3787
18026,600.867,1529,421,2445,1666,11.0534,14.2519
18027,600.900,1528,428,2442,1663,6.5723,13.5844
18028,600.933,1527,429,2442,1662,7.7159,16.2384
18029,600.967,1528,430,2441,1662,5.5728,16.7524
18030,601.000,1527,431,2441,1662,7.0853,15.3124
18031,601.033,1525,431,2443,1664,10.7335,14.8708
18032,601.067,1524,430,2441,1666,9.8022,16.1570
18033,601.100,1524,429,2441,1665,9.2907,16.2407
18034,601.133,1524,430,2441,1666,9.6302,16.2172
18035,601.167,1524,429,2439,1666,9.9577,16.5741
18036,601.200,1523,427,2439,1667,10.9708,13.5879
18037,601.233,1523,428,2440,1667,10.1459,17.2887
18038,601.267,1523,427,2440,1668,11.0435,13.5354
18039,601.300,1523,428,2440,1669,9.1482,15.5112
18040,601.333,1524,427,2440,1668,12.7191,15.6998
18041,601.367,1524,427,2440,1668,12.7101,15.7427
18042,601.400,1523,425,2441,1668,13.3276,15.5375
18043,601.433,1524,430,2439,1668,11.6734,17.1172
18044,601.467,1526,428,2439,1669,5.8047,15.9771
18045,601.500,1526,429,2438,1668,2.3840,14.5679
18046,601.533,1526,427,2438,1668,0.7354,12.2610
18047,601.567,1525,426,2439,1670,2.4187,12.6628
18048,601.600,1525,428,2439,1669,1.5240,12.6250
18049,601.633,1526,428,2438,1669,0.8879,11.7629
18050,601.667,1526,428,2439,1668,2.6497,13.3589
18051,601.700,1527,428,2441,1669,0.8213,13.9069
18052,601.733,1527,430,2442,1668,0.8741,12.9184
18053,601.767,1527,431,2442,1668,-2.2133,14.2244
18054,601.800,1522,441,2443,1672,6.0921,16.5667
18055,601.833,1522,440,2443,1672,6.1051,16.5451
18056,601.867,1522,439,2444,1672,11.9041,19.0773
18057,601.900,1520,442,2444,1668,11.9452,15.3060
18058,601.933,1520,442,2443,1669,11.0973,14.6234
18059,601.967,1521,442,2443,1668,12.1096,15.8112
18060,602.000,1521,444,2443,1668,12.0806,16.1728
18061,602.033,1520,446,2443,1669,10.0235,15.0572
18062,602.067,1520,441,2443,1670,12.5836,14.5825
18063,602.100,1520,442,2442,1671,12.1214,15.3787
18064,602.133,1520,442,2442,1670,11.0797,15.2226
18065,602.167,1520,439,2442,1671,13.5583,14.9963
18066,602.200,1520,439,2442,1671,13.4914,16.0747
18067,602.233,1519,439,2442,1671,14.1001,17.2123
18068,602.267,1520,439,2442,1671,13.2603,16.0807
18069,602.300,1519,437,2442,1671,10.9642,16.2711
18070,602.333,1519,442,2441,1670,13.9155,17.8867
18071,602.367,1519,442,2441,1671,13.0744,17.3643
18072,602.400,1519,442,2441,1671,13.0575,16.7514
18073,602.433,1519,442,2442,1670,14.9758,16.0946
18074,602.467,1520,441,2442,1668,12.8576,19.6970
18075,602.500,1519,441,2442,1668,12.5287,17.5892
18076,602.533,1520,443,2442,1667,14.2520,16.6778
18077,602.567,1520,442,2442,1666,13.6343,15.8841
18078,602.600,1521,437,2443,1665,12.8512,18.2952
18079,602.633,1521,436,2443,1664,13.5722,17.7587
18080,602.667,1522,438,2443,1661,10.8458,16.3571
18081,602.700,1523,436,2444,1661,12.6854,16.9098
18082,602.733,1524,434,2442,1662,6.4832,15.7884
18083,602.767,1529,428,2442,1662,8.3327,15.6317
18084,602.800,1524,435,2443,1664,8.5594,16.8928
18085,602.833,1530,429,2441,1660,7.1055,17.4028
18086,602.867,1530,430,2441,1658,5.3066,16.5444
18087,602.900,1527,423,2443,1661,6.8443,14.6233
18088,602.933,1528,422,2444,1661,6.7993,13.5693
18089,602.967,1528,422,2444,1661,7.2801,13.4136
18090,603.000,1528,422,2445,1661,4.4400,14.1391
18091,603.033,1528,424,2444,1661,8.5955,13.2139
18092,603.067,1529,421,2443,1661,5.7272,14.0705
18093,603.100,1528,420,2443,1661,6.4724,15.0836
18094,603.133,1528,420,2443,1662,8.4363,14.2629
18095,603.167,1527,417,2443,1662,9.1589,12.3362
18096,603.200,1526,420,2444,1661,10.7511,11.6857
18097,603.233,1526,421,2443,1660,9.8041,12.3493
18098,603.267,1526,420,2444,1661,10.7108,11.8709
18099,603.300,1526,418,2444,1661,6.8929,13.9059
18100,603.333,1526,417,2445,1660,6.9964,15.6725
18101,603.367,1525,416,2445,1661,5.7438,13.9033
18102,603.400,1526,417,2445,1661,6.7416,14.5361
18103,603.433,1526,415,2445,1661,8.3299,14.0394
18104,603.467,1525,416,2447,1663,9.2521,16.8323
18105,603.500,1525,415,2447,1662,6.6799,15.1768
18106,603.533,1525,416,2447,1663,8.7590,16.7916
18107,603.567,1525,418,2447,1664,7.2767,13.9235
18108,603.600,1527,417,2445,1664,7.5058,13.8587
18109,603.633,1532,416,2445,1661,5.9202,10.2648
18110,603.667,1521,383,2438,1656,10.2638,6.0488
18111,603.700,1522,380,2438,1658,3.1499,5.0320
18112,603.733,1521,380,2438,1658,6.5844,6.8320
18113,603.767,1531,403,2441,1658,7.0559,16.3371
18114,603.800,1531,402,2443,1659,8.3772,15.2025
18115,603.833,1528,406,2442,1665,1.8493,15.7031
18116,603.867,1526,407,2442,1668,3.6914,16.7943
18117,603.900,1529,413,2441,1671,4.2053,14.3637
18118,603.933,1529,412,2441,1668,9.7873,15.8507
18119,603.967,1527,411,2442,1672,4.5582,16.5851
18120,604.000,1528,413,2441,1670,7.7666,16.7997
18121,604.033,1527,414,2440,1670,6.6553,14.9231
18122,604.067,1529,417,2440,1666,6.0648,15.2225
18123,604.100,1529,417,2441,1668,7.3065,15.5407
18124,604.133,1529,417,2441,1667,6.4077,15.8525
18125,604.167,1529,422,2440,1665,2.5111,14.2229
18126,604.200,1528,421,2440,1664,4.2162,15.7850
18127,604.233,1527,420,2440,1664,3.4317,14.7666
18128,604.267,1527,419,2440,1664,5.1435,15.2037
18129,604.300,1527,418,2441,1664,5.3844,15.7218
18130,604.333,1526,418,2440,1664,6.4700,15.4596
18131,604.367,1526,418,2440,1664,6.5655,15.4986
18132,604.400,1527,417,2440,1665,6.4937,16.0313
18133,604.433,1528,416,2440,1666,7.4518,13.7163
18134,604.467,1528,415,2439,1667,7.4379,16.1540
18135,604.500,1529,414,2440,1668,8.1093,15.7368
18136,604.533,1528,413,2440,1668,7.3856,14.7975
18137,604.567,1529,417,2441,1668,7.1482,16.5953
18138,604.600,1528,418,2441,1668,5.4378,17.0856
18139,604.633,1528,417,2441,1668,6.6924,18.0663
18140,604.667,1527,417,2441,1668,6.7255,18.2781
18141,604.700,1527,417,2441,1669,7.8483,18.2018
18142,604.733,1527,418,2441,1667,7.4046,19.4626
18143,604.767,1527,418,2442,1667,8.9073,17.7735
18144,604.800,1528,420,2441,1667,6.0437,17.1352
18145,604.833,1526,417,2442,1671,5.8997,18.4239
18146,604.867,1527,419,2442,1669,4.5031,15.2112
18147,604.900,1525,416,2442,1677,10.1942,16.4485
18148,604.933,1526,421,2443,1677,5.3183,13.7365
18149,604.967,1525,421,2443,1677,10.2213,12.6816
18150,605.000,1526,423,2443,1676,8.6206,13.1452
18151,605.033,1527,426,2442,1674,6.2100,12.3340
18152,605.067,1527,427,2443,1674,5.3579,14.5600
18153,605.100,1527,426,2443,1674,7.5291,12.3827
18154,605.133,1527,427,2443,1674,5.9679,14.3411
18155,605.167,1527,428,2443,1673,6.7992,13.4236
18156,605.200,1528,430,2443,1673,6.1849,13.5797
18157,605.233,1528,428,2443,1673,6.9324,14.3485
18158,605.267,1528,429,2443,1673,7.9443,14.9402
18159,605.300,1529,432,2444,1673,4.9345,14.5667
18160,605.333,1529,427,2445,1671,5.0381,14.7762
18161,605.367,1533,430,2442,1668,8.8523,9.8142
18162,605.400,1531,413,2438,1663,12.2750,11.0882
18163,605.433,1530,411,2438,1663,9.0581,10.9615
18164,605.467,1535,427,2442,1666,9.0951,10.0164
18165,605.500,1531,428,2442,1668,7.1214,14.6790
18166,605.533,1532,427,2443,1669,7.5875,14.4004
18167,605.567,1531,427,2445,1670,6.1893,15.4712
18168,605.600,1531,429,2444,1670,3.4066,16.3981
18169,605.633,1532,429,2444,1671,6.2399,16.1268
18170,605.667,1531,426,2444,1672,4.3326,15.3485
18171,605.700,1531,425,2443,1670,5.3023,13.7479
18172,605.733,1531,425,2444,1669,6.3279,15.5584
18173,605.767,1531,425,2444,1669,6.4463,15.7171
18174,605.800,1532,425,2444,1669,6.2303,14.0073
18175,605.833,1532,427,2443,1668,5.9135,15.7801
18176,605.867,1532,429,2444,1668,8.1512,15.4225
18177,605.900,1531,427,2442,1669,9.8129,15.1576
18178,605.933,1530,423,2443,1671,8.8273,11.7953
18179,605.967,1529,420,2444,1672,7.0824,14.6273
18180,606.000,1530,420,2444,1672,7.5349,14.1532
18181,606.033,1527,427,2439,1662,14.8723,14.3500
18182,606.067,1527,426,2440,1662,14.2732,15.3220
18183,606.100,1527,426,2440,1662,13.9731,15.1927
18184,606.133,1527,426,2440,1662,14.5579,15.2443
18185,606.167,1527,426,2440,1663,15.4348,14.5366
18186,606.200,1527,425,2441,1663,13.3427,15.6939
18187,606.233,1527,423,2441,1663,13.3486,17.0319
18188,606.267,1527,424,2442,1664,12.2766,16.0778
18189,606.300,1526,422,2441,1664,14.8665,14.6128
18190,606.333,1527,423,2438,1666,12.9986,15.7439
18191,606.367,1528,426,2437,1669,13.6625,15.4643
18192,606.400,1527,424,2437,1671,11.3052,12.9810
18193,606.433,1529,416,2433,1671,8.8096,7.7809
18194,606.467,1527,400,2434,1668,6.9813,6.2834
18195,606.500,1527,400,2434,1668,7.7512,9.5934
18196,606.533,1528,404,2437,1671,9.0158,13.1338
18197,606.567,1529,415,2437,1672,14.0810,15.0688
18198,606.600,1530,415,2435,1669,14.7708,15.5584
18199,606.633,1529,418,2436,1670,12.5922,16.3772
18200,606.667,1530,420,2436,1671,12.0226,18.2678
18201,606.700,1531,417,2437,1667,14.1053,16.1984
18202,606.733,1529,417,2438,1668,12.1280,19.9427
18203,606.767,1529,415,2438,1670,9.0696,18.8460
18204,606.800,1529,416,2438,1668,10.9895,20.4017
18205,606.833,1529,415,2437,1669,9.9967,15.9963
18206,606.867,1530,418,2437,1667,14.7563,17.7466
18207,606.900,1531,424,2436,1662,14.3738,13.7286
18208,606.933,1532,423,2437,1661,14.1451,15.5902
18209,606.967,1532,424,2436,1660,13.8154,15.6648
18210,607.000,1532,423,2437,1661,13.5614,15.6649
18211,607.033,1532,423,2439,1661,11.9656,15.0962
18212,607.067,1532,421,2439,1661,11.1790,16.4953
18213,607.100,1532,422,2439,1661,13.1137,15.2689
18214,607.133,1532,422,2438,1660,10.8504,15.8548
18215,607.167,1532,422,2440,1660,6.0963,16.5273
18216,607.200,1533,420,2440,1662,4.3863,16.4128
18217,607.233,1533,416,2440,1663,2.7273,19.0333
18218,607.267,1534,416,2440,1663,7.8243,16.8603
18219,607.300,1534,415,2441,1663,5.8035,15.9836
18220,607.333,1534,417,2440,1664,3.3281,16.6031
18221,607.367,1534,416,2440,1664,6.8576,16.2108
18222,607.400,1534,418,2440,1663,0.4019,17.3748
18223,607.433,1534,423,2440,1662,-0.3321,14.5834
18224,607.467,1533,422,2439,1663,-0.8019,15.0260
18225,607.500,1533,421,2439,1663,1.8396,15.8423
18226,607.533,1533,421,2439,1663,1.2409,15.7268
18227,607.567,1533,417,2438,1663,5.1565,18.1549
18228,607.600,1532,415,2438,1664,5.0155,16.8295
18229,607.633,1532,414,2439,1665,3.8296,16.5959
18230,607.667,1530,412,2437,1663,3.1969,13.3925
18231,607.700,1530,410,2436,1663,0.9996,14.3423
18232,607.733,1530,410,2437,1663,1.9127,13.6489
18233,607.767,1530,411,2438,1664,2.5012,13.2091
18234,607.800,1530,412,2437,1663,3.3134,14.0825
18235,607.833,1530,413,2438,1662,4.1673,14.1410
18236,607.867,1530,413,2439,1664,2.7126,15.7073
18237,607.900,1530,414,2439,1663,0.1388,13.6596
18238,607.933,1530,412,2439,1663,6.4877,14.0743
18239,607.967,1531,414,2439,1663,6.6261,14.6708
18240,608.000,1533,419,2439,1663,4.5499,15.0922
18241,608.033,1533,419,2440,1663,8.1388,13.9724
18242,608.067,1533,423,2439,1664,3.8790,14.6685
18243,608.100,1531,420,2440,1665,8.1792,13.5991
18244,608.133,1532,423,2439,1664,5.3868,13.3616
18245,608.167,1532,422,2440,1665,4.3584,14.5968
18246,608.200,1528,442,2439,1667,5.0262,11.4681
18247,608.233,1528,442,2439,1668,6.0992,11.3096
18248,608.267,1528,444,2439,1668,4.6278,12.3858
18249,608.300,1528,447,2439,1667,2.5359,14.9257
18250,608.333,1529,445,2439,1667,6.3201,14.1553
18251,608.367,1529,446,2439,1667,6.6103,12.5554
18252,608.400,1529,450,2439,1668,9.0399,15.1232
18253,608.433,1529,449,2440,1668,10.3086,14.9688
18254,608.467,1529,449,2442,1668,17.0887,11.8347
18255,608.500,1528,448,2442,1669,22.0163,13.3775
18256,608.533,1528,451,2442,1669,22.3221,13.3539
18257,608.567,1528,450,2441,1667,16.4762,12.9055
18258,608.600,1528,448,2442,1667,19.8680,13.1243
18259,608.633,1528,448,2442,1668,21.4568,13.8159
18260,608.667,1529,447,2443,1670,19.9816,13.8270
18261,608.700,1529,450,2442,1669,23.0512,12.0918
18262,608.733,1528,444,2440,1669,17.1014,10.7847
18263,608.767,1527,445,2439,1669,15.6996,11.8102
18264,608.800,1536,435,2431,1663,18.6713,5.8288
18265,608.833,1533,432,2431,1663,20.9750,5.3572
18266,608.867,1535,416,2428,1659,5.3355,9.1560
18267,608.900,1537,429,2431,1665,8.7266,11.1095
18268,608.933,1538,431,2432,1666,7.4974,11.7594
18269,608.967,1528,441,2438,1672,6.4855,17.0144
18270,609.000,1529,449,2435,1657,5.4198,16.2694
18271,609.033,1537,443,2432,1651,9.2416,15.4409
18272,609.067,1538,440,2431,1650,5.6760,16.7793
18273,609.100,1536,439,2432,1649,5.0997,16.9676
18274,609.133,1536,439,2432,1649,5.0743,16.8409
18275,609.167,1535,436,2432,1648,9.7655,14.8917
18276,609.200,1537,438,2432,1648,6.8947,16.3311
18277,609.233,1536,440,2432,1648,6.9577,13.6930
18278,609.267,1536,435,2434,1651,7.0685,14.5933
18279,609.300,1536,435,2434,1651,6.5230,14.5573
18280,609.333,1536,437,2433,1650,5.5120,17.6731
18281,609.367,1536,439,2432,1651,8.5557,15.4288
18282,609.400,1536,438,2432,1653,5.4294,18.6213
18283,609.433,1536,439,2432,1651,9.0202,14.6844
18284,609.467,1535,438,2433,1654,4.8413,15.7692
18285,609.500,1535,438,2432,1655,5.1616,16.1789
18286,609.533,1535,437,2432,1655,8.9163,16.6149
18287,609.567,1534,437,2432,1655,7.8311,17.2753
18288,609.600,1533,433,2432,1656,9.3883,14.9559
18289,609.633,1533,435,2432,1654,7.6945,16.5304
18290,609.667,1533,434,2431,1656,10.8927,15.2819
18291,609.700,1533,433,2430,1656,12.7031,16.1367
18292,609.733,1532,422,2432,1658,7.1638,17.2486
18293,609.767,1532,420,2432,1659,7.3770,16.9705
18294,609.800,1531,420,2432,1660,6.7153,16.7124
18295,609.833,1531,416,2433,1658,14.6863,18.3466
18296,609.867,1531,412,2435,1660,15.0128,18.4270
18297,609.900,1530,413,2437,1659,13.5945,17.6686
18298,609.933,1530,413,2438,1661,11.1891,18.2978
18299,609.967,1530,413,2439,1662,11.5023,19.4144
18300,610.000,1530,414,2439,1661,12.1436,17.4503
18301,610.033,1530,411,2440,1662,12.6687,18.7958
18302,610.067,1530,406,2440,1661,10.7389,20.2791
18303,610.100,1531,406,2440,1661,9.4107,18.6182
18304,610.133,1531,405,2440,1660,8.6549,18.3470
18305,610.167,1532,406,2440,1658,7.0900,19.5048
18306,610.200,1532,403,2441,1657,9.0877,21.0380
18307,610.233,1533,405,2441,1655,11.7323,16.3300
18308,610.267,1532,404,2441,1655,14.0019,15.2890
18309,610.300,1531,400,2440,1655,13.8860,16.1486
18310,610.333,1532,402,2440,1654,13.0891,19.1030
18311,610.367,1532,402,2441,1654,11.5072,19.2744
18312,610.400,1532,403,2440,1654,10.4205,18.4793
18313,610.433,1532,402,2440,1655,12.5128,18.3573
18314,610.467,1532,403,2441,1652,6.6759,15.7457
18315,610.500,1532,404,2441,1652,11.7090,14.4215
18316,610.533,1533,405,2441,1651,12.1101,14.0724
18317,610.567,1533,406,2440,1647,12.0798,13.6862
18318,610.600,1534,411,2439,1648,10.5463,13.3683
18319,610.633,1533,414,2439,1648,18.5114,13.4940
18320,610.667,1533,413,2439,1648,18.7852,13.6390
18321,610.700,1534,412,2439,1649,17.0114,12.0573
18322,610.733,1535,414,2439,1649,15.0085,11.5342
18323,610.767,1534,412,2439,1650,17.2064,12.5225
18324,610.800,1536,412,2440,1645,15.3298,10.1349
18325,610.833,1538,419,2439,1637,14.7747,13.5045
18326,610.867,1541,421,2440,1632,13.6920,15.0034
18327,610.900,1542,419,2440,1637,8.4385,19.9263
18328,610.933,1542,423,2440,1634,10.5288,16.9530
18329,610.967,1540,425,2440,1633,9.4269,18.9031
18330,611.000,1540,423,2441,1634,8.3630,15.5465
18331,611.033,1538,421,2440,1636,11.2558,16.3322
18332,611.067,1537,420,2441,1638,8.0742,15.8994
18333,611.100,1537,422,2440,1640,6.5979,14.6982
18334,611.133,1536,421,2441,1640,8.4295,15.1362
18335,611.167,1535,422,2442,1642,6.4003,14.1220
18336,611.200,1536,422,2443,1642,5.9546,14.9426
18337,611.233,1536,421,2443,1643,6.1409,14.0960
18338,611.267,1536,420,2443,1644,5.3979,14.6468
18339,611.300,1536,420,2444,1644,5.2220,13.1308
18340,611.333,1536,423,2444,1644,8.1586,14.5187
18341,611.367,1536,423,2444,1645,8.6162,15.2104
18342,611.400,1536,421,2444,1646,7.9240,15.3291
18343,611.433,1535,418,2444,1650,8.5734,16.5958
18344,611.467,1536,420,2445,1651,9.0553,14.5820
18345,611.500,1535,417,2445,1655,9.8156,14.1256
18346,611.533,1534,418,2444,1655,9.6655,14.3058
18347,611.567,1539,419,2443,1653,6.8220,12.7081
18348,611.600,1539,414,2438,1641,14.7891,8.8546
18349,611.633,1541,416,2438,1641,19.2263,11.3527
18350,611.667,1538,419,2439,1645,10.6723,12.8182
18351,611.700,1538,423,2443,1650,6.6536,16.8046
18352,611.733,1537,423,2444,1651,10.0955,15.5271
18353,611.767,1536,427,2445,1652,8.5266,15.0807
18354,611.800,1536,427,2445,1652,9.0586,15.1523
18355,611.833,1536,429,2445,1652,9.3503,14.5551
18356,611.867,1536,430,2444,1652,6.2948,14.4658
18357,611.900,1538,429,2446,1652,6.3107,14.9485
18358,611.933,1537,432,2445,1653,4.1744,14.5246
18359,611.967,1536,432,2444,1653,5.7974,14.6723
18360,612.000,1536,432,2444,1652,4.0714,14.5767
18361,612.033,1536,432,2444,1653,4.3939,15.0202
18362,612.067,1535,433,2444,1653,2.5346,13.5873
18363,612.100,1534,434,2443,1654,4.6385,13.9062
18364,612.133,1534,435,2444,1653,5.2929,16.4649
18365,612.167,1534,436,2443,1652,3.2147,15.2652
18366,612.200,1531,434,2443,1651,4.8719,15.5511
18367,612.233,1530,433,2443,1653,5.9763,14.5276
18368,612.267,1530,434,2444,1652,12.9900,15.1739
18369,612.300,1530,437,2442,1651,12.3749,14.2037
18370,612.333,1531,438,2441,1650,13.0457,15.1304
18371,612.367,1531,438,2441,1650,12.7405,15.2005
18372,612.400,1531,438,2441,1650,12.6728,15.1994
18373,612.433,1532,439,2441,1651,10.9212,15.6389
18374,612.467,1525,443,2443,1653,13.3922,15.0755
18375,612.500,1525,443,2443,1654,14.9241,14.3568
18376,612.533,1525,445,2443,1653,14.7447,17.0896
18377,612.567,1524,450,2442,1653,10.8719,16.7138
18378,612.600,1524,449,2442,1654,12.9747,15.3798
18379,612.633,1524,449,2442,1654,12.8049,15.2975
18380,612.667,1524,448,2442,1654,12.2149,14.7661
18381,612.700,1524,446,2443,1655,13.6723,15.3247
18382,612.733,1524,446,2443,1655,13.7110,16.4153
18383,612.767,1524,445,2443,1655,13.1854,17.6532
18384,612.800,1524,446,2443,1655,13.0964,15.7913
18385,612.833,1524,445,2443,1656,13.5176,17.4678
18386,612.867,1524,443,2442,1654,12.4628,14.5191
18387,612.900,1526,444,2442,1653,9.9098,12.5690
18388,612.933,1526,444,2443,1653,10.3591,13.3292
18389,612.967,1526,444,2443,1653,10.3282,13.2988
18390,613.000,1526,444,2443,1652,9.3734,12.1669
18391,613.033,1526,442,2443,1653,10.2436,11.3300
18392,613.067,1533,437,2440,1650,6.9884,13.7989
18393,613.100,1533,434,2440,1650,8.2997,12.4430
18394,613.133,1533,435,2439,1650,11.5653,15.2376
18395,613.167,1533,434,2439,1651,8.6343,14.8784
18396,613.200,1534,433,2439,1651,10.7843,12.8717
18397,613.233,1534,433,2440,1651,10.9088,13.2365
18398,613.267,1534,433,2439,1651,11.6362,14.3945
18399,613.300,1533,431,2439,1651,14.9128,15.1976
18400,613.333,1532,430,2439,1653,16.0298,12.4593
18401,613.367,1532,431,2439,1654,16.2160,12.8600
18402,613.400,1532,430,2438,1653,15.6784,13.3823
18403,613.433,1531,430,2438,1652,15.1811,14.0530
18404,613.467,1530,429,2440,1653,12.1510,13.8706
18405,613.500,1530,428,2440,1653,18.2953,14.7254
18406,613.533,1531,429,2440,1653,16.2103,14.1169
18407,613.567,1531,429,2440,1653,17.8882,14.0772
18408,613.600,1531,426,2441,1654,16.1250,13.9397
18409,613.633,1531,426,2441,1655,13.1844,14.4581
18410,613.667,1530,426,2441,1656,14.5431,13.4913
18411,613.700,1530,423,2441,1656,12.3585,12.2368
18412,613.733,1531,425,2442,1657,14.9105,14.5838
18413,613.767,1530,425,2443,1658,15.5219,14.3228
18414,613.800,1530,424,2443,1658,14.3512,14.3883
18415,613.833,1531,423,2444,1659,12.8115,13.5411
18416,613.867,1530,422,2444,1660,13.5812,13.5255
18417,613.900,1528,412,2444,1664,14.0465,11.8505
18418,613.933,1530,415,2443,1660,18.9936,14.4598
18419,613.967,1530,414,2443,1660,16.7384,13.6085
18420,614.000,1529,414,2442,1659,16.1826,14.5427
18421,614.033,1531,412,2442,1659,16.5984,16.0160
18422,614.067,1530,411,2443,1659,16.4456,14.9981
18423,614.100,1531,411,2443,1659,16.1065,13.4919
18424,614.133,1530,411,2443,1659,16.7609,14.3373
18425,614.167,1531,412,2442,1659,16.1008,15.1861
18426,614.200,1531,410,2443,1659,15.5663,14.2332
18427,614.233,1531,409,2443,1659,14.6864,13.4764
18428,614.267,1531,409,2444,1659,13.1620,14.4425
18429,614.300,1531,408,2444,1658,11.8105,14.9987
18430,614.333,1531,420,2444,1659,15.3275,13.7274
18431,614.367,1530,422,2440,1661,17.4644,13.8601
18432,614.400,1530,424,2439,1661,17.9725,13.1783
18433,614.433,1529,422,2440,1662,18.2432,15.5726
18434,614.467,1529,424,2440,1661,19.4212,16.0862
18435,614.500,1529,425,2440,1661,18.9163,13.6091
18436,614.533,1529,424,2441,1661,17.2525,15.8195
18437,614.567,1529,424,2441,1661,18.9977,14.4478
18438,614.600,1529,425,2441,1662,20.1829,13.8320
18439,614.633,1529,425,2441,1663,21.5189,13.2920
18440,614.667,1529,422,2441,1663,18.2751,12.2874
18441,614.700,1529,424,2440,1662,19.6779,13.2839
18442,614.733,1529,425,2440,1661,21.9003,12.1123
18443,614.767,1529,427,2441,1660,18.4463,10.6246
18444,614.800,1529,426,2441,1660,19.7769,9.9492
18445,614.833,1529,426,2441,1661,21.2160,9.6488
18446,614.867,1530,427,2441,1659,19.9403,9.8216
18447,614.900,1531,430,2439,1661,14.6504,10.4188
18448,614.933,1532,431,2440,1661,16.4568,10.8178
18449,614.967,1532,431,2440,1661,16.6904,10.7801
18450,615.000,1533,432,2440,1660,14.6593,10.4758
18451,615.033,1533,431,2440,1660,17.8894,9.9510
18452,615.067,1534,433,2441,1658,13.5785,10.8345
18453,615.100,1534,432,2441,1659,15.3373,10.1073
18454,615.133,1534,433,2441,1658,13.9893,10.0496
18455,615.167,1536,434,2438,1657,20.4775,8.9805
18456,615.200,1542,418,2432,1651,13.7655,8.4305
18457,615.233,1542,420,2432,1652,19.4056,9.2565
18458,615.267,1541,417,2435,1651,8.1673,11.3632
18459,615.300,1544,438,2435,1655,6.7874,8.7143
18460,615.333,1544,438,2435,1655,4.9308,8.1159
18461,615.367,1542,436,2436,1655,3.6030,10.7350
18462,615.400,1541,434,2437,1656,0.5874,10.1977
18463,615.433,1539,434,2437,1654,1.5398,11.4787
18464,615.467,1540,428,2437,1656,0.9598,11.4711
18465,615.500,1538,428,2437,1658,5.4595,11.2220
18466,615.533,1538,429,2437,1658,2.3798,11.2535
18467,615.567,1535,430,2438,1658,0.7604,10.7117
18468,615.600,1535,431,2437,1660,4.6034,12.6927
18469,615.633,1535,428,2437,1661,2.8479,12.8306
18470,615.667,1534,429,2437,1661,2.5405,11.0753
18471,615.700,1534,428,2437,1661,0.8147,10.3913
18472,615.733,1535,429,2438,1660,5.1400,11.3356
18473,615.767,1535,427,2438,1660,3.9177,11.9296
18474,615.800,1535,425,2438,1661,5.1570,12.6432
18475,615.833,1536,419,2438,1660,7.1503,14.1191
18476,615.867,1536,425,2438,1658,7.5479,11.4422
18477,615.900,1537,439,2439,1658,7.0862,12.5087
18478,615.933,1537,441,2439,1655,5.5437,12.0791
18479,615.967,1537,441,2439,1657,4.2641,12.0550
18480,616.000,1537,442,2439,1656,6.8033,12.6082
18481,616.033,1536,439,2439,1657,4.8977,12.9546
18482,616.067,1536,439,2438,1657,5.0020,12.2955
18483,616.100,1535,440,2438,1657,6.2945,12.6767
18484,616.133,1535,441,2438,1657,6.6516,12.2274
18485,616.167,1538,441,2436,1655,6.0783,8.9448
18486,616.200,1536,438,2435,1656,6.0874,9.9114
18487,616.233,1536,424,2430,1652,15.8419,9.5137
18488,616.267,1536,429,2433,1650,18.2634,14.2650
18489,616.300,1536,422,2433,1650,18.6827,11.6189
18490,616.333,1536,437,2436,1654,13.4667,13.2038
18491,616.367,1539,441,2436,1651,12.3690,13.6234
18492,616.400,1538,441,2435,1653,10.0304,13.9736
18493,616.433,1538,442,2435,1652,12.5109,14.8922
18494,616.467,1538,443,2435,1653,13.7358,14.5225
18495,616.500,1537,441,2435,1654,12.8237,19.0034
18496,616.533,1536,440,2435,1656,14.2924,16.9703
18497,616.567,1536,435,2438,1657,14.4088,12.8069
18498,616.600,1535,431,2438,1659,14.1751,14.3226
18499,616.633,1527,445,2438,1661,11.6307,16.6143
18500,616.667,1526,443,2438,1661,10.8398,15.5418
18501,616.700,1527,442,2439,1660,13.0765,15.2447
18502,616.733,1534,428,2438,1660,12.8482,15.8405
18503,616.767,1533,428,2438,1659,11.4889,14.4537
18504,616.800,1534,428,2439,1658,11.5493,15.8108
18505,616.833,1534,425,2438,1659,6.3020,14.1549
18506,616.867,1534,424,2440,1660,2.9071,15.8849
18507,616.900,1533,423,2440,1658,4.1340,16.9526
18508,616.933,1532,421,2440,1659,9.9852,18.5401
18509,616.967,1532,422,2439,1659,8.7003,17.7441
18510,617.000,1532,417,2440,1658,9.2879,19.7103
18511,617.033,1531,416,2441,1658,8.1280,20.3027
18512,617.067,1531,415,2440,1659,9.4356,18.5080
18513,617.100,1530,415,2439,1660,10.5907,18.2218
18514,617.133,1531,416,2439,1659,9.7966,21.0374
18515,617.167,1532,416,2440,1659,9.2418,19.0994
18516,617.200,1531,415,2439,1660,10.8293,19.8867
18517,617.233,1531,414,2438,1659,6.2784,18.9430
18518,617.267,1531,412,2438,1658,7.0686,19.6203
18519,617.300,1530,424,2437,1659,10.8388,12.8571
18520,617.333,1530,424,2437,1660,14.1842,13.8251
18521,617.367,1529,419,2437,1660,12.4958,17.1195
18522,617.400,1529,421,2437,1660,12.6090,15.4290
18523,617.433,1528,424,2440,1658,13.4264,14.5866
18524,617.467,1529,419,2440,1658,13.4349,15.5793
18525,617.500,1529,419,2439,1658,14.8470,14.5867
18526,617.533,1529,419,2439,1658,14.4352,14.6135
18527,617.567,1530,411,2439,1658,10.4763,19.2977
18528,617.600,1529,416,2440,1661,15.3083,17.8039
18529,617.633,1529,417,2440,1661,17.1336,18.1772
18530,617.667,1529,418,2439,1661,16.4697,15.9393
18531,617.700,1528,416,2439,1663,12.2894,19.1761
18532,617.733,1528,418,2438,1663,18.0358,17.9586
18533,617.767,1528,417,2438,1663,13.5204,19.0983
18534,617.800,1528,418,2438,1662,15.4410,18.9405
18535,617.833,1527,414,2438,1662,10.1992,18.0059
18536,617.867,1527,415,2437,1662,14.1331,18.2379
18537,617.900,1528,417,2435,1664,18.5768,17.4275
18538,617.933,1529,421,2436,1665,20.7885,16.3698
18539,617.967,1528,424,2436,1666,18.4671,13.8646
18540,618.000,1529,423,2436,1666,14.8450,14.3682
18541,618.033,1529,423,2436,1664,15.4138,14.0413
18542,618.067,1529,425,2438,1665,15.5365,13.5243
18543,618.100,1529,425,2439,1664,12.9229,15.2126
18544,618.133,1529,425,2439,1664,13.5897,15.4229
18545,618.167,1523,436,2441,1669,9.9134,19.4247
18546,618.200,1530,425,2439,1665,13.5119,15.5920
18547,618.233,1524,434,2440,1669,13.8345,18.4238
18548,618.267,1524,434,2441,1670,12.3643,17.0910
18549,618.300,1526,435,2440,1670,9.6008,16.9558
18550,618.333,1525,435,2441,1670,10.1010,17.8139
18551,618.367,1525,434,2441,1671,10.6086,16.7721
18552,618.400,1525,435,2441,1671,9.0441,15.8400
18553,618.433,1525,436,2441,1672,8.2110,16.2074
18554,618.467,1525,438,2441,1671,9.2392,17.7995
18555,618.500,1524,440,2441,1672,11.2132,17.5664
18556,618.533,1524,438,2441,1672,8.1902,17.3832
18557,618.567,1532,434,2439,1666,11.6665,14.0429
18558,618.600,1531,437,2439,1667,8.2100,15.5131
18559,618.633,1531,437,2439,1667,7.8011,15.3042
18560,618.667,1531,435,2440,1667,7.5541,17.9648
18561,618.700,1531,434,2440,1668,7.8582,15.1840
18562,618.733,1523,443,2441,1670,9.6139,16.9233
18563,618.767,1523,441,2441,1670,10.6706,19.8576
18564,618.800,1523,443,2441,1671,8.3406,17.3198
18565,618.833,1523,445,2441,1669,13.5393,19.9097
18566,618.867,1523,443,2441,1668,8.1915,18.4155
18567,618.900,1527,446,2440,1666,9.7341,16.7933
18568,618.933,1525,443,2441,1668,9.4025,19.2947
18569,618.967,1525,443,2441,1669,8.0292,18.0528
18570,619.000,1525,442,2441,1668,9.3762,18.2267
18571,619.033,1525,439,2440,1668,4.6573,17.4016
18572,619.067,1525,439,2440,1668,6.1724,17.0160
18573,619.100,1525,441,2440,1668,9.9403,18.4980
18574,619.133,1525,440,2441,1669,7.0229,16.9246
18575,619.167,1526,439,2440,1669,6.4357,17.2179
18576,619.200,1531,425,2441,1666,10.1971,15.4242
18577,619.233,1531,426,2440,1666,8.4820,15.0058
18578,619.267,1531,425,2442,1667,7.6377,14.1946
18579,619.300,1529,422,2442,1665,9.0724,15.5460
18580,619.333,1530,412,2442,1668,-0.9265,17.3028
18581,619.367,1531,411,2442,1669,-1.1551,19.5625
18582,619.400,1531,412,2442,1669,1.4147,20.2359
18583,619.433,1532,416,2441,1668,-0.4031,20.1040
18584,619.467,1532,424,2438,1669,1.6807,18.1687
18585,619.500,1531,424,2437,1669,1.2838,18.8040
18586,619.533,1531,424,2438,1670,1.7930,18.3870
18587,619.567,1530,423,2436,1671,1.8020,18.0980
18588,619.600,1531,425,2436,1671,5.0507,15.9895
18589,619.633,1531,425,2436,1671,6.1475,16.4344
18590,619.667,1532,425,2435,1667,9.5232,15.7387
18591,619.700,1532,429,2434,1665,8.6698,15.1794
18592,619.733,1534,428,2435,1664,13.3946,16.1622
18593,619.767,1534,429,2435,1664,16.3395,14.3827
18594,619.800,1533,430,2435,1664,10.4046,12.1968
18595,619.833,1533,433,2436,1664,5.4335,12.9983
18596,619.867,1533,432,2436,1663,9.7651,13.4857
18597,619.900,1535,426,2436,1660,9.7897,16.2653
18598,619.933,1535,428,2436,1660,8.5284,17.9149
18599,619.967,1536,429,2435,1658,4.2597,14.7412
18600,620.000,1536,430,2434,1658,5.3745,14.4763
18601,620.033,1532,428,2434,1660,0.9986,15.7165
18602,620.067,1532,423,2434,1659,-2.1322,16.1696
18603,620.100,1533,423,2434,1659,2.1859,17.5135
18604,620.133,1533,422,2434,1660,0.0370,16.9971
18605,620.167,1534,424,2434,1658,0.0222,17.2114
18606,620.200,1534,417,2435,1657,4.7840,17.0503
18607,620.233,1533,419,2436,1657,1.1989,17.4469
18608,620.267,1533,416,2435,1655,5.0606,17.5424
18609,620.300,1533,413,2435,1653,1.2631,15.4509
18610,620.333,1536,412,2435,1653,4.4878,17.6991
18611,620.367,1536,413,2435,1653,6.2882,18.9014
18612,620.400,1535,411,2436,1654,5.9879,17.7818
18613,620.433,1536,411,2436,1652,6.7836,16.9250
18614,620.467,1537,410,2437,1652,2.9266,19.9317
18615,620.500,1536,409,2437,1652,4.3170,18.8434
18616,620.533,1536,408,2438,1653,4.3835,17.3758
18617,620.567,1536,407,2438,1653,2.8442,17.4001
18618,620.600,1536,408,2439,1653,0.2572,19.3450
18619,620.633,1537,409,2438,1651,1.8268,18.6292
18620,620.667,1536,409,2440,1652,7.4864,19.3395
18621,620.700,1536,409,2441,1653,5.7393,18.2469
18622,620.733,1535,407,2440,1654,9.5597,20.7442
18623,620.767,1537,409,2440,1654,7.9232,18.8432
18624,620.800,1539,411,2438,1651,7.4765,18.8317
18625,620.833,1540,412,2438,1652,7.3644,17.7472
18626,620.867,1539,413,2437,1651,9.0310,16.9778
18627,620.900,1538,412,2437,1653,5.3849,15.3451
18628,620.933,1540,414,2436,1652,7.6457,17.3195
18629,620.967,1539,411,2437,1654,11.1342,18.5450
18630,621.000,1539,410,2437,1653,11.0428,17.2511
18631,621.033,1539,414,2437,1649,9.4154,15.5209
18632,621.067,1538,413,2436,1650,11.1270,17.6634
18633,621.100,1539,420,2436,1647,13.6887,18.8298
18634,621.133,1539,420,2436,1648,14.1915,18.5893
18635,621.167,1537,423,2437,1647,22.6637,17.7950
18636,621.200,1537,427,2435,1649,27.0952,16.7613
18637,621.233,1536,427,2435,1650,27.5540,16.8650
18638,621.267,1535,426,2435,1650,26.7567,14.9359
18639,621.300,1534,427,2437,1657,24.7899,11.5709
18640,621.333,1532,421,2439,1659,29.3630,13.9239
18641,621.367,1536,412,2436,1650,27.4448,12.3336
18642,621.400,1532,404,2430,1647,8.0764,5.5033
18643,621.433,1535,404,2431,1648,3.8953,6.0011
18644,621.467,1538,412,2435,1649,5.7398,10.0475
18645,621.500,1535,419,2437,1655,3.3566,16.6072
18646,621.533,1536,417,2436,1654,7.1492,15.2827
18647,621.567,1535,416,2435,1658,2.5058,17.3030
18648,621.600,1534,408,2436,1662,-2.2460,16.2478
18649,621.633,1535,405,2437,1662,2.6644,17.5223
18650,621.667,1537,411,2438,1662,4.6902,17.6567
18651,621.700,1538,414,2438,1660,0.4453,16.1181
18652,621.733,1538,412,2440,1662,1.6132,16.8293
18653,621.767,1537,412,2440,1662,2.3719,17.6623
18654,621.800,1537,410,2440,1662,0.1147,17.8170
18655,621.833,1538,411,2441,1660,2.0292,16.9769
18656,621.867,1539,413,2440,1659,2.0533,18.1339
18657,621.900,1542,411,2437,1655,0.5576,16.4965
18658,621.933,1542,412,2437,1656,0.7416,15.4286
18659,621.967,1543,412,2437,1657,1.7977,17.3086
18660,622.000,1543,413,2438,1656,0.8811,16.6293
18661,622.033,1542,412,2438,1658,-0.4809,16.2809
18662,622.067,1542,415,2437,1657,3.2074,19.1646
18663,622.100,1542,415,2438,1658,3.9309,16.7194
18664,622.133,1541,417,2438,1657,4.7506,17.8563
18665,622.167,1545,420,2439,1656,7.5869,15.5244
18666,622.200,1544,416,2440,1658,10.6913,16.4885
18667,622.233,1544,416,2440,1657,10.6640,13.4728
18668,622.267,1545,416,2441,1658,11.8344,16.9134
18669,622.300,1546,417,2442,1658,9.0329,15.3022
18670,622.333,1546,419,2442,1659,6.4092,15.6444
18671,622.367,1546,418,2442,1660,7.9937,15.8653
18672,622.400,1546,418,2442,1659,8.4467,15.0343
18673,622.433,1546,419,2441,1659,7.3058,16.0197
18674,622.467,1547,419,2441,1659,7.2332,15.9434
18675,622.500,1546,419,2441,1659,7.0325,15.9299
18676,622.533,1547,418,2441,1659,6.2965,14.4845
18677,622.567,1547,418,2441,1659,6.4551,14.9549
18678,622.600,1548,429,2441,1658,15.1880,15.3827
18679,622.633,1547,427,2442,1660,12.7473,15.4958
18680,622.667,1547,429,2441,1658,10.8129,13.8852
18681,622.700,1549,440,2439,1661,9.2835,14.7315
18682,622.733,1549,440,2439,1661,8.1781,14.6500
18683,622.767,1549,438,2439,1662,10.0746,14.0520
18684,622.800,1549,439,2439,1662,9.5172,14.4342
18685,622.833,1549,440,2439,1660,9.1304,15.2151
18686,622.867,1548,438,2438,1659,8.8137,13.4561
18687,622.900,1545,437,2435,1660,11.2551,16.9254
18688,622.933,1546,438,2435,1657,14.8075,15.1646
18689,622.967,1546,441,2436,1656,12.5615,14.3604
18690,623.000,1545,441,2436,1657,12.9238,15.6461
18691,623.033,1545,440,2435,1656,12.1395,15.6335
18692,623.067,1545,439,2435,1656,12.4996,16.3256
18693,623.100,1545,439,2435,1656,11.6372,15.0564
18694,623.133,1546,438,2435,1656,11.9093,15.2425
18695,623.167,1546,438,2435,1655,11.7535,16.3432
18696,623.200,1546,439,2435,1655,10.3934,14.0949
18697,623.233,1546,440,2435,1655,11.6964,13.0541
18698,623.267,1546,439,2435,1655,9.9241,14.2649
18699,623.300,1547,440,2435,1655,10.6266,12.5310
18700,623.333,1547,442,2435,1653,7.2996,13.0960
18701,623.367,1546,441,2434,1654,3.4896,14.3669
18702,623.400,1548,441,2434,1654,4.7683,14.7967
18703,623.433,1545,437,2434,1653,3.7244,16.8199
18704,623.467,1545,435,2436,1655,-0.5367,17.8484
18705,623.500,1544,435,2436,1654,-0.4668,17.0116
18706,623.533,1543,432,2436,1653,0.1807,12.9811
18707,623.567,1542,430,2440,1655,-1.8282,16.0277
18708,623.600,1541,429,2440,1655,-1.2610,16.6989
18709,623.633,1540,432,2438,1655,-0.0029,17.8985
18710,623.667,1540,432,2438,1655,-0.5665,18.2904
18711,623.700,1539,429,2439,1655,-1.0824,15.6439
18712,623.733,1539,428,2439,1654,-3.2139,16.9498
18713,623.767,1539,427,2440,1654,-2.3792,16.7434
18714,623.800,1541,430,2438,1653,-0.0408,13.4240
18715,623.833,1541,431,2438,1652,16.9101,13.2064
18716,623.867,1542,431,2439,1651,20.7772,10.8656
18717,623.900,1539,429,2436,1652,27.9850,11.5229
18718,623.933,1539,430,2437,1651,25.4633,10.5331
18719,623.967,1537,427,2436,1651,27.4156,11.7449
18720,624.000,1538,430,2434,1645,24.7920,13.8561
18721,624.033,1537,429,2433,1644,20.9592,11.9658
18722,624.067,1536,428,2435,1645,22.0911,10.9626
18723,624.100,1535,427,2434,1645,24.2047,11.2560
18724,624.133,1535,426,2435,1645,24.1459,9.0800
18725,624.167,1534,426,2436,1647,24.6826,10.7593
18726,624.200,1534,425,2436,1648,25.4815,12.0281
18727,624.233,1535,424,2436,1649,29.0925,10.5202
18728,624.267,1535,427,2435,1649,25.8073,9.8233
18729,624.300,1539,429,2436,1646,13.6123,13.0553
18730,624.333,1541,429,2435,1644,11.3030,11.5382
18731,624.367,1540,420,2436,1646,5.1992,15.8384
18732,624.400,1541,421,2436,1646,6.7921,15.4533
18733,624.433,1540,420,2437,1647,7.3870,16.0498
18734,624.467,1541,421,2436,1648,8.5907,15.4789
18735,624.500,1541,421,2436,1648,8.5894,15.1866
18736,624.533,1541,421,2436,1647,8.0216,16.8353
18737,624.567,1542,424,2436,1646,5.0761,15.0664
18738,624.600,1541,422,2439,1648,6.7179,13.6622
18739,624.633,1541,423,2438,1647,8.3793,15.9360
18740,624.667,1540,423,2438,1647,8.4373,14.6925
18741,624.700,1538,425,2441,1651,4.4093,14.4996
18742,624.733,1539,425,2440,1651,6.4169,13.3819
18743,624.767,1539,425,2440,1651,6.6218,13.4252
18744,624.800,1539,425,2440,1651,7.0789,13.2357
18745,624.833,1538,422,2439,1650,9.8985,13.8169
18746,624.867,1539,419,2438,1651,7.1335,16.5136
18747,624.900,1538,414,2438,1658,5.6848,17.5774
18748,624.933,1539,414,2438,1657,3.9130,16.9411
18749,624.967,1543,411,2438,1651,6.0038,8.7990
