frame_idx,time_sec,xmin,ymin,xmax,ymax,pitch_deg,yaw_deg
0,0.000,1472,695,2254,1781,2.0358,5.3859
1,0.033,1472,695,2254,1782,2.1984,5.8214
2,0.067,1472,694,2254,1782,1.9467,4.6767
3,0.100,1472,693,2254,1782,1.4056,3.6070
4,0.133,1473,691,2256,1784,-0.0350,7.3204
5,0.167,1472,692,2257,1789,2.1201,6.2925
6,0.200,1472,691,2258,1788,-0.3194,3.0565
7,0.233,1467,679,2255,1788,10.4810,-2.1635
8,0.267,1467,681,2256,1786,7.9892,4.6787
9,0.300,1467,681,2257,1783,8.4102,6.1944
10,0.333,1469,690,2258,1784,-2.8200,4.8676
11,0.367,1469,688,2257,1781,-1.8929,5.6979
12,0.400,1470,691,2257,1783,-0.2212,8.8899
13,0.433,1472,691,2256,1782,1.3002,10.9240
14,0.467,1473,690,2255,1780,1.0909,10.2278
15,0.500,1473,686,2253,1779,-1.0594,10.2655
16,0.533,1473,683,2255,1778,3.3285,10.5015
17,0.567,1473,687,2253,1777,4.4722,13.6427
18,0.600,1477,691,2253,1777,1.2200,9.8926
19,0.633,1474,689,2251,1776,14.4706,5.7265
20,0.667,1475,688,2251,1773,12.1781,9.0544
21,0.700,1475,687,2252,1772,13.0800,2.5531
22,0.733,1479,688,2252,1769,4.6044,5.9473
23,0.767,1480,685,2250,1768,3.9253,5.9997
24,0.800,1481,692,2251,1768,2.2476,7.1809
25,0.833,1483,697,2251,1770,7.4537,0.0238
26,0.867,1482,696,2252,1771,6.4279,-1.3201
27,0.900,1476,695,2251,1771,11.7377,4.1963
28,0.933,1479,692,2255,1769,7.4299,5.4364
29,0.967,1479,691,2257,1773,9.3744,6.5875
30,1.000,1479,689,2258,1778,9.5659,9.2402
31,1.033,1480,689,2257,1780,5.6732,12.0241
32,1.067,1480,691,2257,1781,3.0533,13.9990
33,1.100,1480,690,2257,1781,4.1542,13.6979
34,1.133,1478,697,2258,1786,11.6840,2.7165
35,1.167,1478,695,2258,1786,12.8153,4.1786
36,1.200,1477,691,2258,1786,16.6428,3.4195
37,1.233,1479,680,2258,1783,9.4660,8.8386
38,1.267,1479,680,2258,1783,8.2997,7.8942
39,1.300,1480,686,2258,1784,5.4541,8.8506
40,1.333,1480,691,2257,1784,8.0213,11.9010
41,1.367,1480,691,2256,1783,5.7117,12.5766
42,1.400,1481,691,2255,1784,5.0128,12.3766
43,1.433,1480,690,2256,1785,5.9344,12.4173
44,1.467,1480,689,2256,1786,5.4684,12.7633
45,1.500,1480,688,2256,1786,3.8450,12.2729
46,1.533,1480,687,2256,1786,4.4615,12.3386
47,1.567,1480,687,2256,1786,4.8110,13.3553
48,1.600,1480,688,2256,1788,1.8993,15.2293
49,1.633,1480,688,2256,1789,2.0495,15.5024
50,1.667,1480,688,2256,1790,1.5003,15.7437
51,1.700,1480,688,2256,1789,1.0091,15.9338
52,1.733,1480,688,2256,1790,2.3402,17.1670
53,1.767,1480,687,2256,1790,2.4485,17.1496
54,1.800,1480,687,2256,1789,1.3943,16.0489
55,1.833,1480,686,2256,1789,3.8176,14.8608
56,1.867,1480,686,2256,1789,5.5061,16.1508
57,1.900,1479,686,2256,1789,3.1438,17.2078
58,1.933,1479,686,2256,1789,2.4151,14.6621
59,1.967,1479,685,2256,1789,4.6578,14.2194
60,2.000,1478,685,2257,1790,3.1971,14.5026
61,2.033,1478,683,2258,1790,4.7139,16.2488
62,2.067,1477,683,2257,1791,8.0919,16.8837
63,2.100,1477,679,2256,1791,1.3758,15.8381
64,2.133,1476,678,2256,1793,3.0517,13.8893
65,2.167,1475,680,2255,1792,6.4920,15.7807
66,2.200,1473,684,2254,1790,7.8254,16.4210
67,2.233,1472,683,2253,1789,6.3322,17.1087
68,2.267,1469,686,2255,1791,5.5600,14.3075
69,2.300,1468,691,2254,1790,4.6221,13.6221
70,2.333,1468,693,2254,1789,5.7493,15.0022
71,2.367,1468,690,2255,1788,-0.4641,14.3678
72,2.400,1468,690,2254,1788,-0.5970,14.4222
73,2.433,1468,690,2253,1788,2.1267,13.5639
74,2.467,1468,690,2252,1788,1.1411,12.3687
75,2.500,1468,692,2252,1786,0.9214,16.3771
76,2.533,1469,691,2252,1786,-0.8724,14.1069
77,2.567,1468,690,2251,1787,-0.1194,14.5224
78,2.600,1468,690,2251,1787,-0.3248,14.3025
79,2.633,1468,688,2251,1787,4.7167,17.7243
80,2.667,1468,688,2252,1787,3.6682,17.7001
81,2.700,1467,687,2253,1787,5.5248,18.8258
82,2.733,1467,686,2253,1787,4.0714,15.6821
83,2.767,1467,685,2254,1787,6.2591,15.7262
84,2.800,1468,685,2254,1787,11.2342,17.9944
85,2.833,1468,685,2253,1786,10.9017,19.0045
86,2.867,1468,685,2253,1786,9.6006,17.4417
87,2.900,1468,684,2253,1786,9.8168,16.9952
88,2.933,1468,685,2253,1786,9.2461,16.9236
89,2.967,1468,686,2252,1786,9.7028,14.0547
90,3.000,1467,684,2254,1786,5.0453,17.9776
91,3.033,1468,684,2254,1787,4.2280,17.5515
92,3.067,1469,683,2251,1786,-0.6905,18.6850
93,3.100,1469,684,2251,1785,-4.1091,19.8308
94,3.133,1469,684,2251,1785,-3.0903,18.1624
95,3.167,1469,684,2251,1784,-3.7666,17.8301
96,3.200,1469,684,2253,1783,-3.7185,17.6762
97,3.233,1468,686,2254,1784,-7.0275,20.1394
98,3.267,1469,683,2255,1782,-6.8001,18.5683
99,3.300,1471,687,2254,1781,-7.3460,18.9021
100,3.333,1473,687,2253,1777,-7.9727,19.4914
101,3.367,1473,687,2253,1777,-7.8973,19.3564
102,3.400,1473,688,2253,1777,-6.2542,20.3234
103,3.433,1473,687,2253,1777,-8.6814,19.4399
104,3.467,1474,687,2253,1777,-8.3780,19.5698
105,3.500,1474,687,2253,1777,-8.3682,19.6847
106,3.533,1474,687,2253,1777,-8.4368,19.8009
107,3.567,1474,687,2254,1777,-7.9140,20.1054
108,3.600,1474,686,2254,1777,-7.6360,18.7223
109,3.633,1473,687,2254,1777,-7.3209,20.4026
110,3.667,1473,686,2253,1777,-5.6954,19.7981
111,3.700,1472,685,2253,1778,-3.5974,20.2785
112,3.733,1471,685,2252,1777,-6.3842,18.0458
113,3.767,1471,684,2253,1778,-4.9554,18.4336
114,3.800,1471,684,2253,1778,-5.2321,18.7076
115,3.833,1471,685,2253,1778,-6.4814,18.3534
116,3.867,1471,685,2253,1778,-6.4611,19.1016
117,3.900,1471,684,2253,1778,-6.8273,19.5074
118,3.933,1471,683,2254,1778,-6.3843,20.8944
119,3.967,1471,684,2254,1778,-9.1873,19.7578
120,4.000,1471,683,2256,1779,-8.9698,19.9087
121,4.033,1471,681,2257,1777,-5.4531,18.6433
122,4.067,1471,681,2257,1777,-3.7014,18.3499
123,4.100,1472,682,2258,1780,-4.0254,19.4781
124,4.133,1472,682,2257,1781,-8.5987,18.1635
125,4.167,1472,681,2257,1782,-7.4871,17.3458
126,4.200,1472,681,2257,1782,-7.0791,17.5777
127,4.233,1472,681,2257,1782,-6.8040,17.8657
128,4.267,1472,681,2257,1782,-8.0872,18.9330
129,4.300,1471,681,2257,1783,-7.5891,18.4126
130,4.333,1471,682,2258,1783,-7.5298,17.2713
131,4.367,1473,683,2257,1783,-6.6334,18.0291
132,4.400,1475,689,2257,1785,-2.8001,15.1736
133,4.433,1475,678,2260,1783,8.3257,10.4244
134,4.467,1474,676,2261,1784,2.4855,7.1589
135,4.500,1475,683,2260,1784,-1.2871,11.3983
136,4.533,1477,683,2258,1786,-2.5464,19.9739
137,4.567,1477,685,2258,1786,-1.5441,20.0610
138,4.600,1475,683,2259,1787,-2.9790,19.2702
139,4.633,1475,680,2259,1787,-3.5526,18.8941
140,4.667,1474,679,2258,1787,-10.4147,19.2689
141,4.700,1475,678,2258,1787,-10.6711,21.0340
142,4.733,1475,679,2257,1787,-8.1992,20.6460
143,4.767,1475,679,2257,1787,-5.8791,19.2328
144,4.800,1475,679,2256,1786,-9.6341,20.1310
145,4.833,1478,688,2255,1787,-9.5597,14.8003
146,4.867,1478,691,2256,1786,-9.4496,12.1221
147,4.900,1476,680,2259,1784,9.6634,11.1555
148,4.933,1476,680,2259,1785,3.5103,9.7558
149,4.967,1477,687,2257,1785,0.9546,18.6139
150,5.000,1476,685,2258,1786,-3.3828,19.9524
151,5.033,1476,687,2257,1786,-4.2970,20.1269
152,5.067,1475,684,2257,1785,-5.3805,20.7505
153,5.100,1475,683,2257,1785,-3.5518,20.2112
154,5.133,1475,680,2257,1785,-6.3671,21.3300
155,5.167,1475,679,2256,1784,-4.6726,22.7310
156,5.200,1476,679,2255,1783,-6.4835,22.8772
157,5.233,1476,679,2255,1783,-7.0050,22.7386
158,5.267,1476,679,2255,1783,-5.9646,22.0749
159,5.300,1476,680,2255,1783,-6.8768,22.7692
160,5.333,1476,679,2255,1783,-5.8263,22.4521
161,5.367,1476,679,2255,1783,-5.7742,22.2581
162,5.400,1476,679,2255,1783,-7.1943,22.5697
163,5.433,1476,680,2255,1783,-5.5632,22.3363
164,5.467,1476,679,2255,1783,-5.8857,22.3645
165,5.500,1476,680,2255,1783,-6.7261,22.2422
166,5.533,1476,680,2255,1783,-6.1138,22.1482
167,5.567,1476,681,2255,1783,-6.3521,23.9805
168,5.600,1476,681,2254,1783,-6.7333,22.9563
169,5.633,1476,681,2255,1784,-4.9582,23.2370
170,5.667,1477,681,2255,1784,-5.9722,22.8951
171,5.700,1477,681,2255,1784,-6.6440,22.2876
172,5.733,1477,682,2255,1784,-7.9323,21.0916
173,5.767,1477,681,2255,1784,-6.3355,22.5668
174,5.800,1477,681,2254,1784,-7.1601,23.1419
175,5.833,1477,681,2255,1785,-6.6500,21.8884
176,5.867,1477,681,2255,1784,-6.9519,22.6946
177,5.900,1476,681,2255,1785,-5.7654,23.2466
178,5.933,1476,681,2255,1785,-5.5388,22.3665
179,5.967,1476,681,2256,1785,-5.5924,21.8659
180,6.000,1476,680,2256,1784,-6.0508,24.2612
181,6.033,1476,680,2256,1784,-6.4749,23.6995
182,6.067,1476,680,2256,1784,-6.3358,23.7091
183,6.100,1476,680,2256,1784,-6.2424,23.8634
184,6.133,1477,681,2256,1783,-9.2347,23.7439
185,6.167,1477,680,2256,1783,-6.7088,21.9139
186,6.200,1477,680,2256,1783,-7.3994,21.8288
187,6.233,1477,681,2256,1783,-7.5281,21.1483
188,6.267,1479,685,2255,1783,-6.6069,17.9128
189,6.300,1475,676,2259,1784,10.6280,10.9391
190,6.333,1475,677,2258,1784,8.9869,11.4513
191,6.367,1476,671,2259,1783,1.3153,9.3872
192,6.400,1478,678,2257,1782,-6.7356,16.0506
193,6.433,1478,686,2256,1782,-5.5303,18.2895
194,6.467,1477,685,2256,1782,-4.8644,20.3504
195,6.500,1477,683,2256,1782,-6.8146,21.7358
196,6.533,1477,683,2255,1781,-8.7907,20.4731
197,6.567,1475,680,2256,1783,-7.6669,21.3498
198,6.600,1475,680,2256,1783,-6.5397,21.2437
199,6.633,1476,680,2256,1783,-8.8125,21.4797
200,6.667,1475,680,2256,1782,-6.6300,19.0705
201,6.700,1476,681,2256,1782,-6.8358,19.6750
202,6.733,1476,681,2256,1782,-6.9310,19.8484
203,6.767,1476,681,2256,1781,-7.3203,20.5375
204,6.800,1477,682,2255,1780,-8.1090,21.6614
205,6.833,1476,682,2255,1779,-8.6239,21.9076
206,6.867,1476,683,2254,1779,-9.5408,20.3140
207,6.900,1477,683,2254,1778,-9.7894,20.5375
208,6.933,1476,682,2254,1777,-11.0528,18.8911
209,6.967,1476,682,2254,1777,-10.9920,18.8717
210,7.000,1476,680,2256,1779,-9.6534,19.6273
211,7.033,1476,680,2256,1779,-9.4793,19.8378
212,7.067,1476,680,2256,1779,-9.2101,19.5460
213,7.100,1476,680,2256,1779,-9.4802,18.8291
214,7.133,1476,680,2256,1779,-9.8011,19.5370
215,7.167,1476,681,2256,1780,-8.5115,19.0898
216,7.200,1475,681,2256,1780,-9.3293,19.8376
217,7.233,1476,680,2256,1781,-8.7050,19.8729
218,7.267,1476,680,2256,1782,-9.3768,18.8228
219,7.300,1477,680,2257,1782,-10.5924,20.6892
220,7.333,1477,680,2257,1783,-11.5579,20.6638
221,7.367,1477,680,2257,1783,-11.5314,20.1816
222,7.400,1477,680,2257,1783,-11.6663,20.0453
223,7.433,1477,680,2257,1783,-11.1120,20.5305
224,7.467,1477,680,2257,1784,-9.0337,19.3496
225,7.500,1477,680,2257,1785,-9.6390,19.8125
226,7.533,1476,680,2258,1786,-9.3380,20.0561
227,7.567,1476,680,2258,1786,-10.0929,19.3378
228,7.600,1476,681,2258,1786,-10.2325,19.2714
229,7.633,1476,680,2258,1786,-11.1988,19.7024
230,7.667,1476,679,2258,1787,-11.5198,19.3420
231,7.700,1476,679,2258,1787,-11.2063,19.5828
232,7.733,1476,678,2259,1788,-10.5098,19.3693
233,7.767,1476,678,2258,1788,-10.5549,20.0423
234,7.800,1476,678,2258,1788,-10.7964,19.8304
235,7.833,1476,678,2258,1787,-12.9416,19.3251
236,7.867,1476,678,2258,1787,-13.1037,19.4555
237,7.900,1476,678,2258,1787,-13.0768,19.4800
238,7.933,1476,678,2258,1787,-13.1696,19.2265
239,7.967,1476,678,2258,1787,-13.4786,19.0714
240,8.000,1476,679,2259,1788,-9.5031,20.6076
241,8.033,1476,679,2260,1787,-10.0229,20.4466
242,8.067,1476,679,2260,1787,-10.0323,20.1149
243,8.100,1476,679,2260,1787,-10.8739,20.3767
244,8.133,1476,679,2261,1788,-7.2847,20.0632
245,8.167,1476,680,2261,1788,-6.3557,18.8832
246,8.200,1476,680,2261,1788,-6.1148,18.8847
247,8.233,1477,681,2261,1788,-6.4260,20.0343
248,8.267,1477,681,2260,1788,-9.0149,19.8761
249,8.300,1477,681,2260,1785,-6.7866,18.8988
250,8.333,1477,680,2261,1785,-5.0923,19.2227
251,8.367,1478,680,2262,1785,-6.2689,18.6513
252,8.400,1479,680,2261,1785,-9.7626,19.3660
253,8.433,1479,679,2261,1786,-10.9415,18.3279
254,8.467,1479,679,2261,1786,-10.9410,18.5252
255,8.500,1479,679,2261,1786,-10.5316,18.5115
256,8.533,1479,680,2261,1786,-8.3665,21.1048
257,8.567,1479,679,2262,1786,-8.9248,18.4616
258,8.600,1478,679,2262,1786,-5.0103,18.6430
259,8.633,1478,679,2262,1786,-6.2265,17.2878
260,8.667,1477,679,2261,1785,-7.4346,16.3772
261,8.700,1477,679,2260,1784,-8.7212,17.8475
262,8.733,1477,679,2260,1785,-7.8635,17.6523
263,8.767,1477,679,2260,1784,-8.6906,17.9959
264,8.800,1478,680,2259,1784,-11.6947,17.5405
265,8.833,1477,679,2259,1784,-12.3184,16.5654
266,8.867,1477,679,2259,1783,-10.1806,16.3960
267,8.900,1477,679,2259,1784,-12.2122,16.5621
268,8.933,1477,678,2259,1784,-10.5127,16.1313
269,8.967,1477,678,2259,1784,-9.6646,17.0211
270,9.000,1477,679,2259,1784,-11.4360,17.5615
271,9.033,1477,680,2259,1784,-9.1280,16.2370
272,9.067,1478,681,2259,1784,-9.5863,16.2972
273,9.100,1477,681,2259,1784,-9.3832,15.4037
274,9.133,1477,682,2259,1783,-8.5619,15.3512
275,9.167,1478,682,2259,1783,-9.4135,15.4124
276,9.200,1478,682,2259,1782,-9.3347,14.9625
277,9.233,1478,682,2258,1782,-10.5146,15.6226
278,9.267,1478,682,2259,1782,-9.3978,14.9499
279,9.300,1478,682,2259,1782,-9.4871,15.2228
280,9.333,1478,682,2259,1782,-8.9202,15.7983
281,9.367,1477,682,2259,1782,-9.2829,14.2547
282,9.400,1478,682,2259,1782,-8.8092,15.1881
283,9.433,1478,682,2259,1782,-9.5045,15.4702
284,9.467,1478,683,2259,1782,-8.7054,14.8536
285,9.500,1478,682,2259,1782,-10.1131,15.3907
286,9.533,1478,683,2259,1780,-10.4562,14.6879
287,9.567,1479,683,2258,1780,-9.2672,15.9086
288,9.600,1479,684,2258,1780,-9.1695,14.7338
289,9.633,1479,685,2258,1780,-8.9830,18.2890
290,9.667,1479,685,2258,1780,-9.5862,17.5242
291,9.700,1479,685,2257,1780,-9.3405,15.0291
292,9.733,1480,685,2258,1781,-9.2892,15.9536
293,9.767,1479,685,2258,1780,-10.6693,16.8398
294,9.800,1479,685,2258,1780,-10.0757,16.8649
295,9.833,1479,685,2258,1780,-9.8857,16.8689
296,9.867,1480,686,2258,1781,-8.7998,15.0775
297,9.900,1480,686,2258,1781,-9.2879,14.8268
298,9.933,1479,686,2258,1781,-9.4176,16.8376
299,9.967,1479,685,2258,1781,-9.3298,15.7338
300,10.000,1479,686,2258,1780,-9.7311,17.0952
301,10.033,1479,683,2256,1780,-8.3497,16.4683
302,10.067,1479,683,2256,1780,-8.6460,16.4415
303,10.100,1479,683,2256,1780,-8.9414,16.6942
304,10.133,1479,682,2256,1780,-9.3797,15.4852
305,10.167,1480,683,2256,1780,-9.1693,16.5039
306,10.200,1479,682,2256,1780,-9.8483,15.4586
307,10.233,1479,683,2256,1780,-9.3596,16.0063
308,10.267,1479,682,2256,1781,-9.0137,15.0236
309,10.300,1479,682,2256,1780,-9.5191,14.0422
310,10.333,1481,684,2256,1780,-7.6629,1.7719
311,10.367,1482,686,2257,1780,-5.6235,2.3585
312,10.400,1482,679,2257,1779,-3.8432,-0.7962
313,10.433,1482,683,2256,1778,-9.1573,7.4989
314,10.467,1482,683,2256,1778,-8.8304,8.8420
315,10.500,1482,687,2256,1779,-10.6746,10.4054
316,10.533,1481,688,2256,1780,-11.3339,13.3280
317,10.567,1482,688,2255,1781,-14.6109,11.7790
318,10.600,1481,688,2255,1781,-12.0276,12.1560
319,10.633,1481,687,2256,1782,-10.9952,12.0607
320,10.667,1481,687,2255,1781,-13.3205,12.6461
321,10.700,1481,688,2255,1782,-12.1745,14.5863
322,10.733,1480,687,2256,1783,-10.8819,12.2896
323,10.767,1480,686,2256,1783,-13.1480,13.4737
324,10.800,1480,684,2257,1785,-8.9410,14.7010
325,10.833,1480,682,2257,1787,-11.2251,15.0679
326,10.867,1480,681,2257,1787,-10.3512,15.7486
327,10.900,1480,681,2257,1787,-9.9152,15.1875
328,10.933,1480,680,2257,1787,-10.4773,13.8662
329,10.967,1479,680,2257,1787,-11.6590,14.9571
330,11.000,1479,678,2258,1788,-8.4870,11.4237
331,11.033,1479,677,2258,1788,-7.8408,12.2127
332,11.067,1479,677,2258,1788,-7.9468,12.1586
333,11.100,1479,677,2257,1787,-9.5124,12.3253
334,11.133,1479,677,2257,1788,-9.1335,12.2018
335,11.167,1479,676,2257,1788,-9.4835,13.9705
336,11.200,1479,676,2257,1788,-10.1064,14.0227
337,11.233,1479,675,2257,1787,-11.2178,12.5788
338,11.267,1479,675,2257,1787,-11.1224,12.2311
339,11.300,1479,675,2257,1787,-11.1634,11.6597
340,11.333,1479,674,2257,1787,-11.2185,11.3510
341,11.367,1479,674,2257,1786,-9.2096,12.1837
342,11.400,1479,674,2257,1787,-9.7254,11.4447
343,11.433,1479,673,2256,1786,-10.8435,13.3680
344,11.467,1479,673,2256,1786,-10.3004,13.9905
345,11.500,1479,673,2256,1786,-10.7750,13.0426
346,11.533,1479,673,2256,1786,-11.0526,13.2241
347,11.567,1479,673,2256,1785,-10.2990,14.0170
348,11.600,1479,674,2256,1785,-11.0284,13.4814
349,11.633,1480,674,2255,1785,-9.6147,14.0802
350,11.667,1479,674,2255,1785,-10.8274,13.2515
351,11.700,1479,674,2255,1785,-10.9966,13.1005
352,11.733,1479,674,2255,1785,-10.8770,13.1594
353,11.767,1479,674,2255,1785,-11.1870,13.2750
354,11.800,1479,675,2255,1785,-10.4106,10.6493
355,11.833,1479,677,2255,1785,-9.2472,11.5274
356,11.867,1479,677,2255,1784,-11.0687,10.5586
357,11.900,1479,676,2255,1785,-10.5207,10.4303
358,11.933,1479,676,2255,1784,-11.3537,10.4752
359,11.967,1479,676,2255,1784,-11.3670,10.8754
360,12.000,1479,675,2255,1785,-10.2132,11.4044
361,12.033,1480,675,2255,1785,-10.6209,11.4493
362,12.067,1480,675,2256,1785,-9.5374,11.2179
363,12.100,1480,675,2256,1785,-9.4558,11.3544
364,12.133,1480,675,2255,1784,-11.2023,11.1595
365,12.167,1481,674,2255,1784,-8.2086,12.3668
366,12.200,1480,675,2255,1784,-9.8128,11.7754
367,12.233,1480,675,2255,1783,-10.6003,12.1965
368,12.267,1480,675,2255,1783,-9.7714,12.7322
369,12.300,1480,675,2255,1783,-9.3325,12.8032
370,12.333,1480,675,2255,1783,-9.1936,12.7871
371,12.367,1480,674,2255,1783,-9.3926,12.8581
372,12.400,1480,674,2255,1783,-8.6462,12.1971
373,12.433,1479,673,2255,1783,-9.4435,12.5659
374,12.467,1479,674,2255,1783,-9.8471,12.6708
375,12.500,1479,673,2255,1783,-10.0698,12.4613
376,12.533,1479,673,2256,1783,-9.6735,13.5353
377,12.567,1479,674,2255,1783,-9.6477,12.6436
378,12.600,1480,675,2256,1783,-9.5897,12.1454
379,12.633,1480,675,2256,1783,-10.0739,11.7800
380,12.667,1480,675,2256,1782,-9.9381,12.6399
381,12.700,1479,675,2256,1782,-9.7616,12.2209
382,12.733,1479,676,2256,1782,-8.7166,11.4315
383,12.767,1479,675,2256,1782,-9.5056,11.5871
384,12.800,1482,683,2255,1781,-7.3846,8.7707
385,12.833,1483,684,2255,1781,-5.3349,7.7628
386,12.867,1482,673,2258,1780,-2.9500,6.6705
387,12.900,1480,675,2257,1781,-8.2300,6.0905
388,12.933,1480,677,2257,1781,-6.3850,7.9536
389,12.967,1481,680,2256,1782,-7.0450,10.0068
390,13.000,1482,682,2256,1782,-8.2898,8.7337
391,13.033,1482,683,2256,1782,-8.3524,9.9151
392,13.067,1481,679,2256,1782,-6.9056,8.9446
393,13.100,1482,682,2256,1783,-9.3453,9.9389
394,13.133,1481,682,2257,1783,-11.5529,7.5273
395,13.167,1482,689,2257,1783,-3.2181,-1.2246
396,13.200,1483,688,2256,1783,-4.7225,-2.6962
397,13.233,1479,678,2260,1781,1.9798,3.0854
398,13.267,1478,679,2260,1782,-3.8616,5.5329
399,13.300,1479,677,2258,1783,-3.7616,5.9952
400,13.333,1479,677,2258,1783,-7.1511,5.8932
401,13.367,1480,685,2256,1783,-9.7049,7.7728
402,13.400,1480,691,2257,1784,-8.1762,9.0014
403,13.433,1480,691,2257,1784,-6.9186,9.8183
404,13.467,1480,690,2257,1785,-7.5939,10.3447
405,13.500,1480,689,2257,1785,-10.5496,11.0881
406,13.533,1480,690,2257,1784,-8.4810,10.3767
407,13.567,1480,688,2257,1784,-11.5933,13.3130
408,13.600,1480,688,2257,1785,-12.1677,13.4957
409,13.633,1480,686,2257,1786,-11.7893,13.0014
410,13.667,1480,686,2257,1785,-12.9605,12.5460
411,13.700,1480,686,2257,1785,-14.1586,13.5944
412,13.733,1480,685,2257,1785,-10.8724,13.4832
413,13.767,1480,685,2258,1786,-14.6759,12.7010
414,13.800,1480,685,2258,1786,-15.1326,12.7590
415,13.833,1480,685,2258,1786,-14.3919,13.2457
416,13.867,1480,685,2257,1786,-12.9108,13.6032
417,13.900,1480,685,2257,1786,-12.8699,13.5981
418,13.933,1481,685,2258,1787,-12.2139,14.5114
419,13.967,1480,684,2258,1787,-12.6472,14.5730
420,14.000,1481,682,2258,1788,-10.8969,13.3396
421,14.033,1481,681,2258,1789,-8.8105,15.1262
422,14.067,1481,681,2258,1788,-9.6144,14.7762
423,14.100,1481,680,2258,1788,-9.6872,14.2423
424,14.133,1481,680,2258,1788,-10.2743,13.8608
425,14.167,1481,680,2258,1788,-11.3508,13.8558
426,14.200,1481,681,2258,1789,-10.4059,13.5728
427,14.233,1481,681,2258,1789,-10.5224,12.6247
428,14.267,1481,681,2258,1789,-10.2560,12.3723
429,14.300,1480,680,2258,1790,-9.3664,10.5449
430,14.333,1481,680,2258,1790,-7.5993,9.1217
431,14.367,1481,680,2258,1789,-10.0019,9.8796
432,14.400,1481,680,2258,1789,-9.4158,9.3922
433,14.433,1481,681,2258,1789,-7.1306,9.2374
434,14.467,1482,682,2258,1788,-9.8958,9.0082
435,14.500,1482,682,2258,1788,-9.7290,8.7661
436,14.533,1482,682,2258,1788,-9.5502,8.8354
437,14.567,1482,682,2258,1788,-9.5907,8.8333
438,14.600,1482,682,2258,1788,-9.9553,8.5222
439,14.633,1482,682,2258,1788,-10.3501,8.5190
440,14.667,1482,682,2258,1788,-10.1431,8.3278
441,14.700,1482,682,2258,1788,-9.6546,8.1881
442,14.733,1482,682,2258,1788,-9.3781,7.6941
443,14.767,1482,683,2258,1788,-9.9646,8.0207
444,14.800,1481,683,2258,1788,-9.3521,7.6024
445,14.833,1481,683,2258,1788,-9.2401,6.9881
446,14.867,1481,683,2258,1788,-9.4513,6.8125
447,14.900,1481,683,2258,1788,-9.4938,6.8023
448,14.933,1481,682,2257,1787,-9.8735,8.6293
449,14.967,1481,682,2257,1787,-10.0412,7.9778
450,15.000,1481,683,2258,1785,-9.2941,6.6311
451,15.033,1481,682,2259,1786,-9.2757,6.8964
452,15.067,1481,682,2259,1786,-9.6540,7.1762
453,15.100,1482,683,2260,1787,-10.6619,8.1483
454,15.133,1481,683,2260,1787,-11.0860,6.4765
455,15.167,1481,683,2260,1787,-11.6756,6.4319
456,15.200,1481,683,2260,1787,-12.0029,6.4934
457,15.233,1481,683,2260,1787,-11.4540,6.2604
458,15.267,1482,684,2260,1786,-11.4643,6.6512
459,15.300,1482,685,2259,1785,-10.4330,6.7975
460,15.333,1482,685,2259,1785,-10.5297,6.8631
461,15.367,1482,685,2259,1785,-10.5571,6.8841
462,15.400,1482,686,2259,1785,-12.5316,5.8633
463,15.433,1482,684,2259,1783,-12.0882,6.8559
464,15.467,1482,684,2259,1783,-12.1823,6.6543
465,15.500,1482,684,2259,1782,-11.7999,6.2909
466,15.533,1482,684,2259,1782,-12.2018,6.2105
467,15.567,1482,683,2258,1781,-11.6433,6.7801
468,15.600,1482,683,2258,1781,-11.2546,6.7585
469,15.633,1482,684,2258,1782,-11.2616,6.8220
470,15.667,1482,683,2259,1782,-10.4475,7.0085
471,15.700,1482,684,2259,1782,-10.6569,8.2928
472,15.733,1482,684,2259,1782,-10.8689,8.2009
473,15.767,1482,684,2258,1782,-10.9962,8.0608
474,15.800,1482,684,2258,1782,-11.0122,8.2125
475,15.833,1482,683,2258,1781,-10.4502,7.3843
476,15.867,1482,684,2258,1782,-11.2676,7.9074
477,15.900,1482,684,2258,1780,-9.0751,8.0683
478,15.933,1482,683,2259,1781,-9.8896,8.2334
479,15.967,1482,684,2259,1780,-10.6173,7.3064
480,16.000,1481,684,2257,1780,-10.8800,7.7028
481,16.033,1481,684,2257,1780,-10.9510,7.6057
482,16.067,1481,683,2257,1780,-11.3903,7.3003
483,16.100,1481,683,2257,1780,-11.5307,7.3758
484,16.133,1481,684,2257,1780,-11.1308,7.5360
485,16.167,1481,684,2257,1780,-10.4867,7.8337
486,16.200,1481,684,2257,1779,-10.3024,7.2027
487,16.233,1481,684,2257,1779,-10.4209,7.3467
488,16.267,1481,684,2256,1778,-9.8983,6.9722
489,16.300,1481,684,2257,1778,-11.9335,7.6769
490,16.333,1481,684,2257,1778,-11.7535,7.9612
491,16.367,1481,684,2257,1778,-11.5878,8.0974
492,16.400,1481,684,2256,1778,-10.3717,7.5351
493,16.433,1481,684,2256,1778,-10.7746,8.1052
494,16.467,1481,684,2256,1780,-12.5784,8.1742
495,16.500,1481,684,2257,1780,-10.4771,8.5082
496,16.533,1481,683,2257,1781,-11.3095,9.0482
497,16.567,1481,683,2257,1781,-11.0674,9.1401
498,16.600,1481,683,2257,1781,-11.2958,9.0429
499,16.633,1481,683,2257,1781,-11.3107,9.0809
500,16.667,1481,683,2257,1781,-10.9297,9.1136
501,16.700,1481,683,2257,1781,-10.6488,8.8542
502,16.733,1484,685,2260,1784,-8.9343,7.1182
503,16.767,1484,686,2259,1784,-8.6647,8.4036
504,16.800,1484,686,2259,1784,-9.0716,8.8766
505,16.833,1484,686,2260,1783,-9.8972,7.5629
506,16.867,1484,686,2259,1783,-10.2111,8.2199
507,16.900,1484,686,2260,1783,-9.7105,7.2124
508,16.933,1484,686,2260,1783,-9.5156,7.2436
509,16.967,1484,686,2259,1783,-10.2670,8.1606
510,17.000,1483,687,2260,1784,-7.4458,7.2336
511,17.033,1483,687,2260,1784,-8.1477,6.7001
512,17.067,1483,687,2260,1784,-7.9090,6.7616
513,17.100,1483,687,2260,1785,-10.1691,7.9751
514,17.133,1483,688,2259,1784,-7.8945,8.4111
515,17.167,1483,688,2259,1784,-9.0828,7.2056
516,17.200,1483,688,2259,1785,-10.5215,8.0975
517,17.233,1483,687,2259,1785,-12.7716,7.6548
518,17.267,1484,687,2259,1785,-10.4965,8.2697
519,17.300,1484,687,2259,1785,-10.5561,8.3671
520,17.333,1484,688,2259,1785,-10.7354,7.0515
521,17.367,1483,688,2259,1785,-11.0975,8.2440
522,17.400,1483,687,2260,1785,-10.8246,7.7334
523,17.433,1483,687,2260,1785,-10.7608,7.1513
524,17.467,1483,687,2260,1784,-8.8276,6.7873
525,17.500,1483,688,2259,1784,-8.8602,5.7312
526,17.533,1483,686,2259,1783,-12.0374,7.6362
527,17.567,1483,686,2259,1783,-12.1869,8.0699
528,17.600,1483,687,2258,1783,-12.3868,7.8811
529,17.633,1483,687,2258,1783,-12.5477,8.0504
530,17.667,1483,687,2258,1782,-11.0747,5.4922
531,17.700,1482,687,2258,1782,-10.6158,7.3714
532,17.733,1482,686,2258,1782,-10.9013,7.7038
533,17.767,1482,686,2258,1782,-10.8005,8.3713
534,17.800,1482,687,2258,1782,-10.4417,7.0576
535,17.833,1481,686,2258,1782,-10.7977,8.4188
536,17.867,1481,686,2258,1781,-10.6050,7.7797
537,17.900,1482,686,2257,1782,-11.1278,9.2990
538,17.933,1483,686,2258,1782,-11.6846,8.0566
539,17.967,1483,686,2258,1782,-12.1570,7.6676
540,18.000,1482,684,2257,1783,-12.4505,5.9373
541,18.033,1483,684,2258,1783,-11.7191,5.2861
542,18.067,1483,685,2258,1783,-12.0083,6.8044
543,18.100,1483,685,2258,1783,-12.0044,6.6769
544,18.133,1483,684,2258,1784,-12.1114,6.3689
545,18.167,1483,684,2258,1784,-11.3810,6.2829
546,18.200,1483,684,2258,1785,-12.4945,6.3708
547,18.233,1483,683,2258,1785,-12.4084,7.6165
548,18.267,1482,683,2259,1785,-12.7823,6.2704
549,18.300,1482,682,2259,1785,-12.8666,6.1884
550,18.333,1482,682,2259,1785,-12.1493,6.4884
551,18.367,1482,682,2259,1785,-12.0583,6.4744
552,18.400,1483,682,2258,1785,-11.9958,7.0714
553,18.433,1483,682,2258,1784,-10.0647,6.6717
554,18.467,1484,683,2258,1784,-10.8706,7.2360
555,18.500,1484,682,2258,1784,-10.2770,6.5614
556,18.533,1484,684,2258,1785,-11.3619,7.6970
557,18.567,1484,683,2257,1785,-11.5073,6.7842
558,18.600,1484,684,2256,1786,-11.7967,7.1158
559,18.633,1484,683,2256,1786,-10.0546,8.3114
560,18.667,1484,680,2257,1786,-9.9892,7.9365
561,18.700,1483,680,2256,1786,-10.0047,8.3192
562,18.733,1483,681,2256,1785,-10.2768,8.3305
563,18.767,1483,682,2256,1786,-10.2499,6.6803
564,18.800,1483,681,2256,1786,-11.5796,8.3291
565,18.833,1483,681,2256,1785,-12.0511,8.2427
566,18.867,1484,681,2256,1785,-13.7134,8.7085
567,18.900,1484,681,2256,1785,-13.6572,8.8882
568,18.933,1483,681,2256,1785,-12.5294,7.9001
569,18.967,1484,680,2260,1787,-5.9715,-1.8900
570,19.000,1481,677,2260,1787,-3.6522,1.6188
571,19.033,1481,677,2261,1785,-3.0434,2.3527
572,19.067,1481,673,2262,1785,-3.1674,0.3941
573,19.100,1482,676,2259,1785,-9.2297,1.0069
574,19.133,1481,676,2260,1785,-8.0503,1.6107
575,19.167,1483,682,2259,1784,-8.5254,5.5711
576,19.200,1483,683,2260,1784,-9.4651,5.2258
577,19.233,1483,684,2259,1784,-9.3808,6.2118
578,19.267,1483,686,2258,1783,-10.2137,6.6364
579,19.300,1482,685,2257,1783,-9.2487,6.2913
580,19.333,1483,684,2257,1783,-9.5548,6.5404
581,19.367,1483,683,2257,1783,-9.8777,7.3798
582,19.400,1482,683,2256,1783,-8.9985,6.7689
583,19.433,1482,682,2256,1783,-10.1952,7.2090
584,19.467,1482,682,2257,1784,-11.1971,6.9924
585,19.500,1482,683,2256,1784,-10.1521,6.2641
586,19.533,1482,682,2256,1783,-11.3756,7.4294
587,19.567,1482,683,2256,1783,-10.6120,6.0119
588,19.600,1482,683,2256,1783,-11.3535,5.8290
589,19.633,1482,683,2256,1784,-10.6848,5.7979
590,19.667,1482,684,2256,1784,-10.4012,6.4889
591,19.700,1483,683,2256,1784,-10.3244,6.5312
592,19.733,1483,683,2256,1784,-10.3217,6.8326
593,19.767,1483,684,2256,1784,-9.3178,5.7963
594,19.800,1483,684,2256,1785,-9.0013,6.3721
595,19.833,1483,683,2256,1785,-8.3966,6.8028
596,19.867,1483,683,2256,1785,-8.2972,6.6694
597,19.900,1483,684,2256,1785,-9.6734,6.9334
598,19.933,1483,685,2256,1786,-9.9365,9.1960
599,19.967,1483,685,2256,1786,-10.0152,9.1897
600,20.000,1483,683,2257,1787,-10.6326,7.4543
601,20.033,1483,683,2257,1787,-11.1546,7.3030
602,20.067,1483,683,2257,1787,-10.7615,7.4557
603,20.100,1483,683,2257,1787,-9.9603,7.7362
604,20.133,1483,683,2257,1787,-10.7625,7.1589
605,20.167,1483,684,2257,1788,-11.2661,7.6626
606,20.200,1483,685,2257,1787,-11.0936,5.9414
607,20.233,1482,684,2256,1787,-7.9689,7.5992
608,20.267,1481,684,2256,1787,-2.2194,6.5050
609,20.300,1481,685,2257,1788,-1.9739,7.7050
610,20.333,1480,686,2256,1788,-1.7402,7.7448
611,20.367,1480,686,2256,1787,-1.6617,9.6750
612,20.400,1480,684,2256,1787,1.7801,8.0751
613,20.433,1480,685,2256,1787,2.0680,8.4733
614,20.467,1480,685,2256,1787,2.0796,8.0544
615,20.500,1480,685,2256,1787,2.3348,7.7877
616,20.533,1480,685,2256,1787,2.4196,7.4094
617,20.567,1480,685,2256,1787,3.3384,7.7049
618,20.600,1480,685,2256,1787,3.5110,7.8035
619,20.633,1481,686,2256,1787,3.6206,8.7178
620,20.667,1480,686,2256,1788,4.0182,8.0877
621,20.700,1480,686,2256,1789,3.6175,7.6796
622,20.733,1480,685,2256,1789,2.4034,8.3732
623,20.767,1480,684,2256,1789,3.6186,8.4905
624,20.800,1480,684,2256,1789,3.2791,8.0463
625,20.833,1480,684,2257,1789,4.1089,8.4174
626,20.867,1480,684,2257,1789,3.8031,8.4948
627,20.900,1479,684,2257,1789,4.3943,9.0318
628,20.933,1479,683,2257,1789,4.1653,8.7735
629,20.967,1479,684,2257,1789,4.8268,9.3190
630,21.000,1479,682,2257,1788,5.3703,6.5441
631,21.033,1479,682,2257,1789,3.9183,5.4386
632,21.067,1479,681,2257,1788,3.7949,5.5193
633,21.100,1479,680,2256,1788,2.7956,5.7884
634,21.133,1479,679,2256,1788,1.9313,7.1300
635,21.167,1479,680,2256,1788,4.2809,6.4812
636,21.200,1479,680,2256,1788,4.3114,6.5601
637,21.233,1479,680,2256,1788,4.0986,6.8233
638,21.267,1479,679,2256,1787,2.9856,7.1596
639,21.300,1479,680,2256,1787,2.6951,6.6254
640,21.333,1479,680,2256,1787,2.5826,6.4642
641,21.367,1479,680,2256,1787,2.9906,6.1766
642,21.400,1479,680,2256,1787,2.5126,6.4354
643,21.433,1479,681,2256,1787,2.5872,7.0930
644,21.467,1479,681,2256,1786,3.0728,5.9411
645,21.500,1479,682,2256,1786,3.5906,7.2808
646,21.533,1478,682,2256,1786,2.5400,6.5402
647,21.567,1478,683,2256,1785,1.5449,7.7531
648,21.600,1479,683,2256,1785,2.9397,5.8442
649,21.633,1479,683,2256,1786,3.0856,6.5444
650,21.667,1478,683,2256,1786,1.5665,7.8444
651,21.700,1479,687,2255,1786,3.2007,7.3207
652,21.733,1478,686,2255,1785,0.8697,7.2471
653,21.767,1478,686,2256,1786,0.6902,8.6938
654,21.800,1478,684,2256,1785,2.1735,6.0180
655,21.833,1478,684,2256,1785,2.3398,6.0928
656,21.867,1478,684,2256,1785,2.4418,6.1552
657,21.900,1479,684,2256,1785,1.9352,7.2402
658,21.933,1478,684,2256,1785,3.3362,6.4210
659,21.967,1479,684,2256,1785,2.7707,6.8206
660,22.000,1479,685,2256,1784,3.1116,7.3616
661,22.033,1479,685,2256,1785,3.7005,6.6454
662,22.067,1479,685,2256,1784,2.1669,6.7781
663,22.100,1479,684,2256,1785,4.7037,6.2852
664,22.133,1479,684,2256,1785,4.6356,6.4436
665,22.167,1479,684,2257,1785,5.0505,6.4234
666,22.200,1479,684,2257,1785,5.3302,6.3463
667,22.233,1479,684,2257,1785,5.1133,6.3693
668,22.267,1479,684,2257,1785,4.3140,6.7396
669,22.300,1479,684,2257,1786,4.7914,6.8706
670,22.333,1479,684,2257,1785,5.2521,6.8961
671,22.367,1479,684,2257,1785,5.2133,6.9100
672,22.400,1479,684,2257,1785,5.1085,6.8969
673,22.433,1479,684,2257,1785,5.0304,6.5649
674,22.467,1479,684,2257,1785,4.8513,6.5822
675,22.500,1479,683,2257,1785,4.9262,6.5267
676,22.533,1479,683,2258,1785,4.0095,8.1055
677,22.567,1479,682,2258,1785,5.5787,6.6889
678,22.600,1479,682,2258,1785,5.2891,6.4351
679,22.633,1479,681,2258,1785,6.3570,5.6528
680,22.667,1479,681,2258,1785,5.8309,5.9797
681,22.700,1479,681,2258,1785,6.2562,5.9645
682,22.733,1479,681,2258,1785,5.7874,5.8087
683,22.767,1479,682,2259,1785,4.0210,6.1256
684,22.800,1479,684,2258,1783,4.9658,5.7730
685,22.833,1479,683,2258,1783,5.2519,6.5723
686,22.867,1479,683,2258,1784,2.5926,6.2446
687,22.900,1479,682,2257,1785,3.0035,6.5991
688,22.933,1479,683,2257,1785,5.0298,6.5822
689,22.967,1480,683,2257,1784,5.5122,6.6147
690,23.000,1480,685,2256,1782,0.6609,6.7049
691,23.033,1479,683,2257,1783,2.1468,6.1524
692,23.067,1479,683,2257,1783,2.0868,6.3503
693,23.100,1479,684,2257,1783,3.5620,5.8423
694,23.133,1478,682,2257,1785,4.5166,7.0929
695,23.167,1478,682,2257,1785,4.8989,7.2520
696,23.200,1478,682,2257,1785,4.5872,7.4298
697,23.233,1478,682,2257,1785,4.7664,7.5766
698,23.267,1477,682,2257,1784,2.1560,6.2389
699,23.300,1477,681,2257,1784,1.8967,7.9794
700,23.333,1477,681,2257,1784,1.3027,7.4164
701,23.367,1477,681,2257,1784,1.3644,7.3374
702,23.400,1477,682,2258,1784,2.1902,5.8477
703,23.433,1477,681,2257,1783,3.9403,7.3404
704,23.467,1477,681,2257,1784,2.3944,7.3189
705,23.500,1478,681,2257,1784,4.3682,7.7243
706,23.533,1478,682,2257,1783,3.3629,7.2634
707,23.567,1478,681,2258,1783,2.7134,6.9237
708,23.600,1479,682,2258,1784,3.4018,5.7976
709,23.633,1480,684,2258,1787,4.3823,-1.2737
710,23.667,1481,686,2258,1788,3.5987,-1.2310
711,23.700,1474,679,2259,1790,4.2788,0.5792
712,23.733,1474,676,2262,1788,6.7336,7.0698
713,23.767,1474,675,2261,1789,2.1572,6.2103
714,23.800,1476,678,2260,1787,1.4076,7.0791
715,23.833,1479,678,2261,1789,10.1249,5.7369
716,23.867,1479,681,2261,1788,6.0816,6.0138
717,23.900,1479,682,2261,1788,3.0524,6.5667
718,23.933,1479,681,2260,1789,3.0804,7.4404
719,23.967,1479,680,2260,1789,3.7026,7.1393
720,24.000,1478,677,2259,1785,5.3963,5.8946
721,24.033,1478,676,2259,1782,6.7074,6.2847
722,24.067,1478,677,2259,1782,4.4823,5.5919
723,24.100,1478,678,2259,1784,5.6071,5.8840
724,24.133,1479,679,2259,1784,3.6905,5.6385
725,24.167,1478,678,2260,1786,2.2964,7.2621
726,24.200,1477,679,2260,1787,0.9299,6.5990
727,24.233,1478,680,2260,1789,0.0874,7.2867
728,24.267,1478,681,2260,1788,1.6980,7.2105
729,24.300,1477,680,2259,1786,0.0754,7.0494
730,24.333,1477,681,2259,1785,1.2229,7.2574
731,24.367,1477,681,2259,1787,0.0712,7.0697
732,24.400,1478,680,2258,1781,3.4813,7.8208
733,24.433,1478,681,2258,1785,5.5932,7.6436
734,24.467,1477,681,2259,1788,2.1644,8.0242
735,24.500,1476,680,2258,1788,2.4580,7.4327
736,24.533,1477,681,2258,1785,1.3060,7.7638
737,24.567,1478,681,2259,1784,5.9773,6.5760
738,24.600,1478,682,2258,1781,7.3286,6.8325
739,24.633,1478,683,2260,1784,4.5560,6.9387
740,24.667,1478,682,2260,1784,1.7584,6.8436
741,24.700,1478,681,2260,1785,3.5723,5.2913
742,24.733,1478,681,2260,1784,2.6380,5.6477
743,24.767,1478,681,2260,1787,3.0289,5.9411
744,24.800,1478,682,2260,1785,2.6160,6.5338
745,24.833,1477,680,2261,1787,6.2553,5.8742
746,24.867,1477,681,2261,1787,5.1422,6.3618
747,24.900,1477,680,2262,1788,4.2796,5.2409
748,24.933,1477,681,2262,1788,3.1217,6.6856
749,24.967,1477,681,2262,1788,2.5393,6.4883
750,25.000,1477,677,2261,1789,4.6673,5.8857
751,25.033,1477,677,2261,1789,4.7094,6.1509
752,25.067,1477,677,2261,1789,4.4537,6.1763
753,25.100,1478,677,2260,1789,5.4670,5.5678
754,25.133,1478,677,2260,1789,5.7751,6.0689
755,25.167,1477,677,2261,1790,5.1679,6.7028
756,25.200,1477,678,2262,1788,1.2480,8.3989
757,25.233,1478,678,2262,1788,3.4192,7.6638
758,25.267,1477,678,2263,1792,2.1710,7.1026
759,25.300,1477,677,2263,1794,2.8467,8.5329
760,25.333,1476,678,2262,1794,2.5539,6.8855
761,25.367,1476,678,2262,1794,2.1659,6.2745
762,25.400,1476,678,2262,1795,2.6202,8.1537
763,25.433,1475,678,2262,1795,0.4290,8.5088
764,25.467,1475,675,2262,1794,3.7122,7.9240
765,25.500,1475,676,2263,1793,4.1105,9.3664
766,25.533,1476,674,2263,1792,4.1742,8.0635
767,25.567,1476,676,2262,1790,5.2971,10.8109
768,25.600,1476,673,2265,1787,2.3369,10.4250
769,25.633,1475,671,2266,1786,6.0151,9.2504
770,25.667,1476,669,2266,1786,3.2879,9.0011
771,25.700,1477,672,2266,1788,0.4100,11.7159
772,25.733,1476,672,2265,1787,1.0137,9.4837
773,25.767,1476,671,2265,1787,0.9320,11.3659
774,25.800,1476,672,2264,1785,2.3099,10.0431
775,25.833,1476,672,2265,1784,2.1065,10.4071
776,25.867,1477,672,2263,1781,0.4530,7.9860
777,25.900,1479,670,2262,1779,4.2125,6.3978
778,25.933,1477,665,2262,1780,2.0884,5.5381
779,25.967,1474,661,2267,1783,10.6935,5.9056
780,26.000,1480,655,2267,1775,6.8599,4.8538
781,26.033,1481,655,2266,1774,10.6300,1.4597
782,26.067,1478,665,2263,1781,6.9868,-1.4389
783,26.100,1479,671,2262,1782,2.0821,3.9447
784,26.133,1479,672,2261,1781,1.9567,4.0998
785,26.167,1478,672,2261,1778,3.7497,4.6239
786,26.200,1479,674,2260,1778,2.3290,5.8401
787,26.233,1479,676,2260,1778,2.6777,6.3091
788,26.267,1479,676,2260,1778,5.8781,6.4475
789,26.300,1478,677,2261,1778,2.0840,7.4601
790,26.333,1479,677,2261,1778,3.6362,8.3319
791,26.367,1478,677,2261,1779,2.0318,8.3039
792,26.400,1478,677,2261,1778,1.8256,7.0973
793,26.433,1478,677,2261,1779,3.7461,7.7629
794,26.467,1478,677,2261,1779,3.7741,7.7527
795,26.500,1478,678,2261,1779,2.3252,9.4209
796,26.533,1478,677,2261,1778,2.2927,7.1968
797,26.567,1478,678,2260,1778,1.7943,8.1638
798,26.600,1478,678,2260,1778,1.8036,8.0929
799,26.633,1478,678,2260,1778,1.6644,8.2961
800,26.667,1478,679,2260,1778,1.3657,8.1666
801,26.700,1479,679,2260,1777,1.6056,7.9894
802,26.733,1479,679,2260,1777,1.6548,7.8551
803,26.767,1479,679,2260,1777,2.7047,7.5057
804,26.800,1479,679,2259,1777,6.3838,6.3616
805,26.833,1478,679,2259,1777,7.6151,7.7196
806,26.867,1478,679,2258,1777,9.4639,9.8569
807,26.900,1479,683,2258,1775,15.9015,7.0577
808,26.933,1479,682,2258,1776,16.1511,8.2648
809,26.967,1478,682,2258,1777,17.2700,7.8663
810,27.000,1477,680,2259,1777,20.2699,9.1164
811,27.033,1477,681,2259,1777,18.3772,9.2314
812,27.067,1477,682,2258,1776,18.9343,8.8925
813,27.100,1477,682,2258,1776,18.7126,8.5318
814,27.133,1476,683,2258,1776,18.3253,8.0707
815,27.167,1476,683,2258,1776,18.2860,8.0327
816,27.200,1476,683,2258,1777,18.2502,8.6872
817,27.233,1476,683,2258,1777,18.7588,8.5849
818,27.267,1476,684,2258,1777,18.8378,8.9363
819,27.300,1476,683,2258,1777,19.1685,8.3337
820,27.333,1476,683,2258,1778,17.4786,8.1334
821,27.367,1476,683,2258,1778,17.3755,8.0776
822,27.400,1476,684,2259,1777,19.9506,8.4136
823,27.433,1476,684,2259,1778,17.4522,9.4153
824,27.467,1476,683,2259,1778,20.1593,8.1088
825,27.500,1476,683,2260,1779,19.7491,7.8450
826,27.533,1476,682,2260,1780,18.3763,7.7848
827,27.567,1476,683,2261,1781,20.4503,8.3390
828,27.600,1476,683,2261,1781,21.0874,8.2540
829,27.633,1476,683,2261,1780,19.6074,8.1476
830,27.667,1476,684,2261,1780,16.1572,7.2029
831,27.700,1476,685,2261,1781,14.1930,8.0053
832,27.733,1477,683,2262,1784,18.8884,8.0975
833,27.767,1477,682,2262,1785,20.8240,6.6554
834,27.800,1477,682,2261,1788,20.1053,7.8289
835,27.833,1476,681,2260,1788,20.3778,6.8171
836,27.867,1476,680,2261,1788,22.2956,7.8460
837,27.900,1476,680,2260,1788,21.9196,9.5232
838,27.933,1476,681,2260,1788,20.7857,6.1089
839,27.967,1475,680,2260,1788,20.1431,7.7345
840,28.000,1475,683,2260,1789,15.4007,7.5057
841,28.033,1475,684,2260,1789,16.1621,8.1787
842,28.067,1476,683,2261,1790,18.4106,5.5211
843,28.100,1477,684,2263,1793,17.8028,-0.6657
844,28.133,1472,680,2262,1791,16.8362,-1.0911
845,28.167,1472,681,2262,1790,15.8508,1.2047
846,28.200,1474,679,2263,1789,21.3211,2.2256
847,28.233,1475,680,2262,1789,19.3088,0.8115
848,28.267,1476,683,2262,1790,20.1796,0.1321
849,28.300,1474,686,2259,1791,18.5317,7.3719
850,28.333,1475,686,2259,1791,18.1130,5.9768
851,28.367,1474,687,2258,1791,14.1280,7.9902
852,28.400,1474,688,2258,1790,14.2995,9.8741
853,28.433,1473,687,2258,1790,12.4205,8.6789
854,28.467,1473,687,2258,1790,12.1576,8.8404
855,28.500,1473,687,2257,1790,15.7462,7.2805
856,28.533,1473,687,2257,1790,16.1987,6.8106
857,28.567,1473,687,2257,1790,17.2732,7.1305
858,28.600,1473,687,2257,1790,16.8501,7.2332
859,28.633,1473,687,2257,1790,15.9207,7.2046
860,28.667,1473,687,2258,1789,13.3325,7.3268
861,28.700,1473,687,2257,1789,14.1136,7.6666
862,28.733,1473,687,2257,1789,14.0084,7.5755
863,28.767,1473,687,2258,1790,12.8870,8.6969
864,28.800,1473,688,2258,1789,13.1241,7.8438
865,28.833,1473,689,2258,1789,12.2942,8.3502
866,28.867,1472,688,2258,1789,11.5793,7.9342
867,28.900,1472,688,2258,1789,12.0916,7.5224
868,28.933,1472,688,2258,1788,15.7319,8.0755
869,28.967,1472,687,2258,1788,14.0959,8.3529
870,29.000,1472,685,2259,1788,11.2807,8.5343
871,29.033,1472,685,2259,1788,11.2760,8.4382
872,29.067,1472,685,2258,1788,14.5747,7.5528
873,29.100,1472,685,2258,1788,14.3628,7.6996
874,29.133,1472,684,2258,1788,12.3246,6.8705
875,29.167,1472,685,2258,1787,13.3989,7.4541
876,29.200,1473,685,2257,1786,15.5899,6.7080
877,29.233,1473,685,2257,1786,15.2227,6.4714
878,29.267,1472,684,2256,1785,16.9363,7.8844
879,29.300,1473,683,2255,1787,16.6878,9.0783
880,29.333,1473,684,2256,1786,18.5150,6.7854
881,29.367,1473,684,2256,1785,17.9216,6.9397
882,29.400,1472,684,2256,1785,17.7751,7.7978
883,29.433,1472,685,2256,1785,18.2884,7.2563
884,29.467,1472,685,2257,1785,14.0591,7.3962
885,29.500,1472,686,2257,1785,15.2496,7.5651
886,29.533,1472,686,2257,1785,15.1385,7.7598
887,29.567,1471,685,2257,1785,16.6480,8.2825
888,29.600,1471,684,2257,1784,16.8175,7.5739
889,29.633,1471,685,2257,1785,16.0209,8.8763
890,29.667,1471,685,2257,1784,14.9140,7.7571
891,29.700,1471,686,2257,1783,16.5493,9.2726
892,29.733,1471,686,2257,1783,17.4699,9.2267
893,29.767,1471,686,2257,1783,17.0295,8.9349
894,29.800,1471,688,2256,1783,16.4537,9.9288
895,29.833,1471,688,2255,1783,15.2495,8.3262
896,29.867,1471,688,2255,1783,15.1110,8.6501
897,29.900,1471,688,2255,1783,15.3284,8.8333
898,29.933,1472,690,2254,1781,15.1883,7.8340
899,29.967,1472,690,2254,1780,16.9000,7.7361
900,30.000,1472,689,2255,1780,16.6451,9.4340
901,30.033,1473,690,2255,1779,17.9086,7.9209
902,30.067,1473,690,2255,1779,17.6304,8.0329
903,30.100,1473,691,2255,1780,17.6943,7.1281
904,30.133,1473,690,2255,1780,16.8187,8.7988
905,30.167,1472,691,2256,1782,16.8584,8.2141
906,30.200,1472,691,2256,1782,16.3159,8.1852
907,30.233,1472,689,2257,1784,20.0527,9.1690
908,30.267,1472,689,2256,1785,17.7841,8.7278
909,30.300,1472,689,2256,1784,17.1630,8.3341
910,30.333,1470,690,2258,1788,18.7003,7.8861
911,30.367,1470,690,2258,1787,19.1011,7.2333
912,30.400,1470,690,2258,1788,18.1895,7.6390
913,30.433,1470,691,2258,1787,18.3185,7.4924
914,30.467,1470,691,2258,1787,18.2973,7.4977
915,30.500,1470,690,2258,1788,18.6453,6.8802
916,30.533,1470,690,2257,1787,18.4966,7.4417
917,30.567,1470,688,2257,1787,17.1579,8.3253
918,30.600,1470,688,2257,1786,15.7543,8.3312
919,30.633,1470,688,2257,1786,15.9778,8.7166
920,30.667,1470,688,2257,1785,16.3256,8.6987
921,30.700,1470,689,2258,1786,18.9032,7.9848
922,30.733,1470,690,2259,1787,17.7965,7.6749
923,30.767,1470,689,2258,1787,17.3804,8.2752
924,30.800,1470,688,2258,1787,16.1919,7.8856
925,30.833,1470,688,2258,1787,16.3234,7.4299
926,30.867,1470,687,2258,1787,15.8623,8.9870
927,30.900,1470,688,2259,1788,16.8025,7.6463
928,30.933,1470,688,2258,1787,17.5001,7.4143
929,30.967,1470,689,2258,1787,16.0867,8.2081
930,31.000,1470,687,2260,1787,17.4419,6.6300
931,31.033,1470,687,2259,1788,15.9707,8.7298
932,31.067,1469,687,2259,1788,18.6704,8.5318
933,31.100,1469,687,2259,1788,19.3087,8.5078
934,31.133,1469,687,2259,1790,16.9419,8.1485
935,31.167,1469,687,2259,1790,17.2040,8.4600
936,31.200,1468,686,2259,1790,16.6096,8.6884
937,31.233,1468,687,2259,1790,17.6360,8.0717
938,31.267,1468,686,2259,1789,18.6376,8.2240
939,31.300,1468,687,2259,1789,17.7717,8.3036
940,31.333,1468,687,2259,1789,17.5870,8.4001
941,31.367,1468,687,2259,1789,17.7573,8.3006
942,31.400,1468,687,2259,1789,18.4663,8.3020
943,31.433,1469,688,2259,1789,18.7300,8.1939
944,31.467,1469,688,2259,1789,18.8843,7.9455
945,31.500,1469,688,2259,1789,18.7705,7.9592
946,31.533,1469,689,2259,1788,19.3674,7.3376
947,31.567,1469,689,2259,1788,18.6660,7.3762
948,31.600,1469,688,2260,1788,17.4514,6.5188
949,31.633,1469,689,2259,1788,18.6554,7.3397
950,31.667,1469,689,2259,1788,18.9019,7.0318
951,31.700,1469,689,2259,1787,19.4638,7.6286
952,31.733,1469,689,2259,1787,19.3082,8.2455
953,31.767,1469,690,2259,1787,18.1683,8.5159
954,31.800,1469,689,2259,1787,19.2746,8.0546
955,31.833,1469,689,2259,1787,19.2487,8.0013
956,31.867,1469,689,2259,1787,18.8829,7.7822
957,31.900,1469,688,2259,1787,19.1338,7.0485
958,31.933,1469,689,2260,1788,20.0878,7.7310
959,31.967,1469,689,2259,1787,17.9794,8.1432
960,32.000,1469,687,2260,1789,18.0404,7.9422
961,32.033,1469,688,2260,1788,20.6260,6.0155
962,32.067,1469,688,2260,1789,19.6398,6.8300
963,32.100,1469,687,2259,1789,17.7337,7.3071
964,32.133,1469,688,2259,1789,18.9513,6.5123
965,32.167,1469,688,2258,1788,19.0541,7.9364
966,32.200,1468,688,2258,1788,20.0992,6.8673
967,32.233,1468,688,2258,1788,20.6294,7.4922
968,32.267,1468,688,2257,1788,21.2498,8.2830
969,32.300,1468,688,2258,1789,21.1046,8.3494
970,32.333,1468,690,2257,1789,18.1414,9.7629
971,32.367,1468,690,2258,1789,18.2126,8.8143
972,32.400,1468,690,2258,1791,16.8880,8.8135
973,32.433,1468,689,2259,1790,19.2956,9.9697
974,32.467,1468,689,2259,1790,18.4425,10.6837
975,32.500,1468,688,2258,1789,20.1014,10.8747
976,32.533,1468,688,2258,1789,19.4219,10.5332
977,32.567,1468,688,2258,1790,18.7462,10.9486
978,32.600,1468,687,2258,1790,17.4329,10.5215
979,32.633,1468,687,2259,1791,18.6303,10.9914
980,32.667,1467,687,2258,1790,20.1349,10.3657
981,32.700,1467,688,2258,1790,20.5561,11.5858
982,32.733,1467,688,2259,1790,19.1875,9.9917
983,32.767,1467,688,2258,1789,18.2375,11.5661
984,32.800,1467,689,2258,1789,17.0252,11.3537
985,32.833,1468,689,2258,1789,18.3211,10.1064
986,32.867,1467,690,2258,1790,17.4772,11.3448
987,32.900,1468,690,2258,1790,16.1461,11.1020
988,32.933,1468,690,2258,1790,16.9452,10.9799
989,32.967,1468,690,2258,1790,17.8083,11.1882
990,33.000,1467,691,2257,1790,18.1840,13.1625
991,33.033,1467,691,2257,1790,16.8460,12.2295
992,33.067,1467,691,2257,1789,17.5467,12.4185
993,33.100,1467,691,2257,1789,18.2428,12.9057
994,33.133,1467,691,2257,1790,16.3839,12.9195
995,33.167,1467,691,2257,1790,15.7795,13.2346
996,33.200,1467,691,2257,1790,16.1257,13.2268
997,33.233,1467,691,2257,1790,15.9334,13.0371
998,33.267,1467,691,2257,1789,16.4632,13.0514
999,33.300,1467,691,2257,1789,16.6592,13.9447
1000,33.333,1467,691,2257,1789,17.0564,14.1719
1001,33.367,1467,691,2257,1789,16.8306,14.0208
1002,33.400,1467,691,2257,1790,15.3131,13.3007
1003,33.433,1467,691,2257,1790,15.7219,13.2833
1004,33.467,1467,690,2257,1790,15.2129,13.6938
1005,33.500,1467,688,2257,1792,19.9949,12.0024
1006,33.533,1464,681,2258,1792,21.1550,5.9214
1007,33.567,1464,681,2259,1792,23.5251,4.7798
1008,33.600,1464,680,2258,1790,22.7655,2.7713
1009,33.633,1468,682,2257,1790,20.0044,10.2190
1010,33.667,1468,681,2258,1790,22.9366,11.0688
1011,33.700,1466,689,2258,1792,20.2786,10.6164
1012,33.733,1467,687,2256,1792,18.9359,16.3292
1013,33.767,1468,687,2256,1792,19.6473,16.4313
1014,33.800,1468,687,2256,1792,18.9270,16.9643
1015,33.833,1467,687,2256,1792,17.4821,15.6008
1016,33.867,1468,687,2256,1791,19.5024,16.7538
1017,33.900,1468,688,2256,1791,19.5688,15.4635
1018,33.933,1468,687,2256,1792,19.3164,16.0296
1019,33.967,1468,687,2256,1792,20.1623,16.2033
1020,34.000,1468,688,2257,1793,21.0106,16.9869
1021,34.033,1468,688,2257,1793,19.9311,16.8801
1022,34.067,1468,688,2258,1793,21.0710,16.5336
1023,34.100,1468,687,2257,1793,20.8123,16.6244
1024,34.133,1468,687,2258,1794,20.2449,16.5060
1025,34.167,1468,686,2258,1793,22.1919,16.0399
1026,34.200,1468,686,2258,1794,22.7653,16.4678
1027,34.233,1468,688,2257,1793,21.4716,17.7842
1028,34.267,1468,688,2256,1793,21.6627,17.5520
1029,34.300,1470,687,2255,1793,21.6128,14.3988
1030,34.333,1472,691,2257,1796,14.9543,5.4832
1031,34.367,1471,691,2257,1796,14.8521,3.8809
1032,34.400,1461,679,2259,1794,16.3322,5.2844
1033,34.433,1464,677,2261,1793,18.2072,4.3827
1034,34.467,1465,675,2262,1793,19.0425,6.9486
1035,34.500,1468,682,2259,1793,19.1866,7.4267
1036,34.533,1468,684,2255,1793,23.1477,13.1468
1037,34.567,1468,685,2255,1793,25.4825,13.9179
1038,34.600,1469,685,2256,1793,25.6673,13.6349
1039,34.633,1468,685,2257,1793,22.8340,15.3795
1040,34.667,1468,685,2256,1793,23.6206,15.3784
1041,34.700,1467,686,2256,1793,21.9994,16.9292
1042,34.733,1467,686,2255,1792,23.2989,16.3003
1043,34.767,1467,686,2254,1792,22.2700,15.4029
1044,34.800,1468,686,2254,1792,23.5676,14.5314
1045,34.833,1467,686,2254,1792,23.9938,14.8458
1046,34.867,1468,686,2254,1792,23.5976,14.7529
1047,34.900,1467,686,2254,1792,23.9842,15.8910
1048,34.933,1467,688,2254,1792,23.6664,16.9943
1049,34.967,1467,688,2253,1792,24.1582,16.7233
1050,35.000,1467,688,2252,1793,23.2905,15.8180
1051,35.033,1467,688,2252,1793,22.8270,15.7382
1052,35.067,1467,687,2253,1793,22.5500,15.8517
1053,35.100,1466,687,2253,1793,21.7770,15.0939
1054,35.133,1466,687,2253,1794,23.4635,15.7168
1055,35.167,1466,688,2253,1794,22.8565,17.1580
1056,35.200,1466,688,2253,1794,22.9802,17.0205
1057,35.233,1466,688,2253,1794,22.9670,17.2121
1058,35.267,1466,687,2254,1794,22.8235,16.1216
1059,35.300,1466,689,2253,1793,23.4388,18.6285
1060,35.333,1466,689,2253,1793,22.8696,17.9673
1061,35.367,1467,690,2253,1793,22.1423,19.1352
1062,35.400,1466,690,2255,1794,23.9650,18.3359
1063,35.433,1467,691,2254,1793,21.3344,17.7725
1064,35.467,1467,691,2254,1793,20.9735,17.9218
1065,35.500,1467,691,2254,1793,20.7290,17.4568
1066,35.533,1467,692,2253,1793,20.9424,18.7304
1067,35.567,1467,693,2253,1793,22.4597,17.2645
1068,35.600,1467,693,2253,1793,22.3991,17.2936
1069,35.633,1467,692,2253,1793,20.4832,18.3322
1070,35.667,1467,692,2253,1793,20.1778,18.1750
1071,35.700,1467,692,2254,1793,22.7373,17.1627
1072,35.733,1467,692,2254,1793,22.8292,17.3710
1073,35.767,1467,692,2254,1793,22.7177,17.2246
1074,35.800,1467,693,2255,1794,20.1783,17.6254
1075,35.833,1467,692,2254,1793,23.0663,16.4396
1076,35.867,1467,692,2254,1793,23.6738,16.7957
1077,35.900,1467,691,2254,1793,21.6609,16.1455
1078,35.933,1467,689,2254,1793,23.4339,16.0731
1079,35.967,1467,689,2254,1794,23.0801,16.6450
1080,36.000,1467,689,2254,1793,22.1523,16.9189
1081,36.033,1467,687,2254,1793,20.6304,15.4432
1082,36.067,1467,687,2254,1792,21.1039,15.1983
1083,36.100,1467,688,2254,1793,19.7107,16.7116
1084,36.133,1467,688,2254,1793,20.1140,15.9131
1085,36.167,1467,687,2254,1793,20.1653,14.7001
1086,36.200,1467,687,2255,1792,21.4118,15.3882
1087,36.233,1467,687,2255,1793,21.6620,15.7135
1088,36.267,1466,688,2254,1793,21.1844,17.2687
1089,36.300,1467,690,2254,1792,18.2745,16.9576
1090,36.333,1466,690,2255,1792,18.7741,16.0746
1091,36.367,1466,689,2255,1791,18.5979,17.5515
1092,36.400,1466,690,2255,1791,17.7226,16.6743
1093,36.433,1466,690,2254,1790,18.3744,17.1804
1094,36.467,1466,690,2254,1791,17.0602,17.1287
1095,36.500,1466,690,2254,1790,17.2871,17.4457
1096,36.533,1466,690,2254,1790,17.6042,16.7946
1097,36.567,1466,690,2254,1790,17.7650,16.6348
1098,36.600,1466,690,2254,1790,18.2159,16.5556
1099,36.633,1466,691,2254,1790,18.7534,16.2538
1100,36.667,1466,691,2254,1790,19.6468,15.6045
1101,36.700,1466,691,2254,1790,19.7852,17.1263
1102,36.733,1465,691,2254,1790,20.5662,14.8557
1103,36.767,1465,691,2254,1790,20.2634,15.0366
1104,36.800,1465,690,2255,1792,18.9681,16.0451
1105,36.833,1465,690,2255,1792,19.8701,16.5139
1106,36.867,1465,688,2255,1793,19.5699,13.0699
1107,36.900,1465,688,2255,1793,19.4979,12.7617
1108,36.933,1464,688,2256,1793,18.7984,14.8272
1109,36.967,1465,688,2256,1793,18.5250,13.7254
1110,37.000,1465,689,2255,1793,19.2327,13.1260
1111,37.033,1467,685,2256,1796,19.3354,11.5604
1112,37.067,1467,685,2256,1796,19.4130,11.7217
1113,37.100,1467,685,2256,1796,19.6477,11.7138
1114,37.133,1467,684,2256,1796,18.0052,13.0176
1115,37.167,1467,684,2256,1796,18.3334,13.3489
1116,37.200,1467,685,2256,1795,18.8772,12.3521
1117,37.233,1467,685,2256,1795,18.6321,12.5660
1118,37.267,1467,685,2256,1795,18.9960,13.2965
1119,37.300,1467,685,2255,1794,20.6165,15.5709
1120,37.333,1467,685,2256,1794,17.9743,14.0634
1121,37.367,1467,685,2256,1795,17.5838,14.5060
1122,37.400,1467,686,2256,1795,18.9444,13.0044
1123,37.433,1467,685,2257,1796,19.8209,13.6962
1124,37.467,1466,684,2257,1796,19.3982,13.8451
1125,37.500,1466,684,2257,1796,19.2304,14.0430
1126,37.533,1466,683,2257,1797,18.4809,15.4102
1127,37.567,1466,684,2257,1796,18.8910,13.5807
1128,37.600,1466,684,2257,1796,18.9266,14.1882
1129,37.633,1466,684,2257,1796,18.9353,14.1496
1130,37.667,1466,684,2257,1796,19.3583,14.3018
1131,37.700,1466,683,2258,1796,19.1403,14.4393
1132,37.733,1466,683,2257,1795,19.2758,14.4852
1133,37.767,1467,683,2257,1795,19.8106,14.2193
1134,37.800,1467,683,2257,1796,19.9998,12.9518
1135,37.833,1467,682,2257,1796,18.5789,13.5240
1136,37.867,1467,682,2257,1796,19.3071,13.3795
1137,37.900,1466,681,2257,1796,19.4749,14.2991
1138,37.933,1466,682,2257,1797,18.5342,14.2026
1139,37.967,1466,682,2257,1796,19.8285,13.7322
1140,38.000,1466,680,2258,1797,18.8597,14.7986
1141,38.033,1467,681,2258,1797,18.4354,14.7911
1142,38.067,1467,681,2258,1797,18.3399,14.2646
1143,38.100,1467,681,2258,1797,19.1535,13.9604
1144,38.133,1467,681,2258,1797,19.1138,13.5440
1145,38.167,1467,682,2258,1797,19.1883,13.5555
1146,38.200,1467,682,2258,1797,19.0620,13.7000
1147,38.233,1467,682,2258,1797,19.2591,13.7188
1148,38.267,1467,682,2258,1797,19.7191,13.8521
1149,38.300,1467,682,2258,1797,18.8819,14.3589
1150,38.333,1467,682,2258,1797,18.8409,14.3752
1151,38.367,1467,682,2258,1797,18.8357,13.7638
1152,38.400,1467,683,2257,1796,16.2270,13.2309
1153,38.433,1466,684,2257,1794,18.8943,13.9279
1154,38.467,1466,683,2256,1793,18.0038,15.0075
1155,38.500,1467,684,2255,1792,17.1570,14.9948
1156,38.533,1467,685,2255,1792,18.1597,14.4698
1157,38.567,1466,685,2254,1791,21.0667,15.1362
1158,38.600,1466,686,2254,1791,21.0993,14.8276
1159,38.633,1466,686,2255,1791,20.2181,15.6743
1160,38.667,1466,686,2254,1791,21.9421,15.1170
1161,38.700,1466,687,2254,1791,23.1147,15.3367
1162,38.733,1466,686,2254,1791,22.2077,15.5905
1163,38.767,1466,686,2254,1790,20.5928,15.3856
1164,38.800,1467,686,2254,1790,22.7854,15.7892
1165,38.833,1466,686,2254,1789,20.8075,15.5849
1166,38.867,1466,686,2254,1789,21.1585,16.1737
1167,38.900,1467,686,2254,1789,20.3147,16.7104
1168,38.933,1466,686,2254,1789,20.4675,15.4708
1169,38.967,1466,686,2255,1789,23.2438,16.0287
1170,39.000,1467,685,2255,1791,21.7915,15.1986
1171,39.033,1467,685,2255,1791,21.7529,15.2844
1172,39.067,1467,684,2254,1791,21.8270,16.1823
1173,39.100,1467,684,2254,1791,20.7411,16.6686
1174,39.133,1467,684,2254,1790,20.7405,16.9158
1175,39.167,1467,685,2253,1790,20.4993,16.1658
1176,39.200,1466,684,2253,1790,20.5658,18.6225
1177,39.233,1466,684,2253,1790,20.4836,18.5759
1178,39.267,1466,685,2252,1790,20.3582,18.6844
1179,39.300,1466,684,2251,1789,21.0295,17.1608
1180,39.333,1466,684,2251,1790,18.3826,16.8470
1181,39.367,1469,688,2248,1791,21.0404,13.6014
1182,39.400,1469,680,2251,1789,19.5268,10.8781
1183,39.433,1469,679,2252,1788,20.0325,12.1344
1184,39.467,1468,682,2251,1790,19.1934,11.8669
1185,39.500,1470,687,2250,1790,22.7470,17.9707
1186,39.533,1470,685,2249,1790,21.9185,19.4720
1187,39.567,1468,685,2249,1790,21.8128,19.0413
1188,39.600,1468,685,2248,1790,22.2444,18.8127
1189,39.633,1467,685,2248,1790,21.1414,19.7128
1190,39.667,1467,685,2249,1790,21.5635,19.7604
1191,39.700,1467,685,2249,1790,23.1015,19.9716
1192,39.733,1466,685,2249,1790,22.7942,20.9643
1193,39.767,1466,685,2249,1790,22.3426,20.9228
1194,39.800,1467,685,2249,1789,23.0524,20.1092
1195,39.833,1467,685,2249,1788,20.6358,20.8936
1196,39.867,1467,686,2249,1788,22.0635,21.3270
1197,39.900,1467,685,2249,1788,20.7407,21.5553
1198,39.933,1467,686,2248,1787,21.8083,20.1798
1199,39.967,1466,686,2249,1787,21.4077,20.6659
1200,40.000,1467,684,2249,1787,19.2705,20.6056
1201,40.033,1467,684,2249,1787,19.4530,20.4044
1202,40.067,1467,684,2249,1787,19.3196,20.3482
1203,40.100,1467,685,2249,1787,19.2017,20.2556
1204,40.133,1467,685,2249,1787,19.4693,20.3255
1205,40.167,1467,685,2249,1787,19.6987,19.6536
1206,40.200,1467,685,2249,1787,19.6208,19.2151
1207,40.233,1468,685,2250,1788,20.6999,19.5642
1208,40.267,1467,684,2250,1789,21.7772,19.0372
1209,40.300,1467,685,2251,1789,23.6385,19.3285
1210,40.333,1467,685,2251,1789,23.6653,19.5757
1211,40.367,1468,686,2251,1790,20.7718,20.8274
1212,40.400,1467,686,2251,1791,21.6689,19.8500
1213,40.433,1467,686,2251,1791,20.2716,20.0784
1214,40.467,1468,685,2250,1791,21.7240,21.0881
1215,40.500,1468,686,2250,1792,22.0916,20.5031
1216,40.533,1467,683,2251,1793,24.1437,15.1987
1217,40.567,1467,681,2254,1795,21.5411,16.4523
1218,40.600,1468,679,2254,1792,25.7032,11.9322
1219,40.633,1467,679,2257,1793,24.3664,8.6996
1220,40.667,1467,679,2256,1792,24.4715,9.2255
1221,40.700,1468,681,2256,1792,25.5721,8.1781
1222,40.733,1469,680,2256,1793,24.4350,9.8380
1223,40.767,1469,680,2255,1793,25.1544,11.3714
1224,40.800,1467,685,2253,1795,25.7727,14.0487
1225,40.833,1467,686,2252,1796,21.9920,18.1663
1226,40.867,1467,686,2251,1795,23.7134,18.3008
1227,40.900,1467,685,2251,1795,22.4730,16.9517
1228,40.933,1467,685,2251,1794,22.8886,18.4827
1229,40.967,1467,685,2250,1793,21.6582,17.8770
1230,41.000,1466,685,2250,1792,22.7488,16.1210
1231,41.033,1466,684,2250,1792,19.7684,16.9516
1232,41.067,1466,686,2250,1793,20.1976,17.5989
1233,41.100,1465,686,2250,1793,21.0177,17.1951
1234,41.133,1465,686,2250,1793,20.5964,16.8077
1235,41.167,1465,687,2251,1793,21.7790,18.3325
1236,41.200,1465,687,2251,1793,21.8374,18.4607
1237,41.233,1465,687,2250,1793,19.2368,17.3244
1238,41.267,1465,688,2250,1793,20.7668,17.4734
1239,41.300,1465,687,2251,1793,21.1777,17.5136
1240,41.333,1465,687,2251,1793,21.1549,18.1899
1241,41.367,1465,687,2251,1793,21.1157,18.2547
1242,41.400,1466,687,2251,1793,18.4514,18.6451
1243,41.433,1466,686,2250,1792,19.4407,18.4675
1244,41.467,1466,687,2250,1792,18.1051,18.5355
1245,41.500,1466,687,2250,1792,17.4845,18.3526
1246,41.533,1466,687,2250,1792,17.4989,17.7260
1247,41.567,1467,688,2250,1792,18.6568,18.2396
1248,41.600,1466,688,2250,1791,19.4488,19.7213
1249,41.633,1466,688,2250,1792,19.5344,19.2628
1250,41.667,1466,688,2250,1791,18.0038,19.0481
1251,41.700,1466,687,2250,1791,19.4550,18.3609
1252,41.733,1466,688,2250,1791,18.6530,19.3930
1253,41.767,1466,688,2250,1791,19.1281,19.8143
1254,41.800,1465,688,2250,1791,20.5310,18.3915
1255,41.833,1465,687,2250,1790,19.9924,17.8198
1256,41.867,1466,688,2249,1790,20.5930,17.9688
1257,41.900,1466,687,2249,1790,18.4758,17.6774
1258,41.933,1466,687,2249,1790,18.7979,17.8464
1259,41.967,1467,688,2249,1790,19.1534,18.5300
1260,42.000,1466,688,2250,1792,20.2877,18.6672
1261,42.033,1466,687,2251,1791,20.3309,19.4931
1262,42.067,1466,688,2251,1791,19.0226,19.5990
1263,42.100,1465,689,2252,1791,20.5009,18.1738
1264,42.133,1466,689,2251,1790,21.5025,18.3946
1265,42.167,1466,688,2251,1790,20.0649,18.8514
1266,42.200,1466,688,2251,1790,20.1096,19.0120
1267,42.233,1466,688,2252,1790,20.2026,19.0629
1268,42.267,1467,688,2252,1790,20.3315,18.4410
1269,42.300,1466,688,2253,1790,20.5960,19.6360
1270,42.333,1466,688,2253,1790,20.6026,19.9959
1271,42.367,1466,688,2252,1790,20.1940,19.5829
1272,42.400,1466,688,2252,1789,20.6440,19.4901
1273,42.433,1465,688,2252,1789,23.3847,18.1553
1274,42.467,1465,688,2252,1789,23.5319,17.8885
1275,42.500,1465,688,2253,1790,21.5815,18.1965
1276,42.533,1466,688,2252,1789,21.3340,19.4680
1277,42.567,1466,688,2252,1788,22.4279,19.5701
1278,42.600,1466,688,2251,1788,19.3544,20.1683
1279,42.633,1466,688,2251,1787,18.4461,21.9342
1280,42.667,1466,688,2251,1787,18.4328,21.6707
1281,42.700,1467,688,2251,1787,19.9237,20.6846
1282,42.733,1466,688,2251,1787,18.4377,21.2856
1283,42.767,1466,688,2251,1787,18.0967,21.3990
1284,42.800,1466,688,2250,1787,19.6662,19.8565
1285,42.833,1467,689,2250,1786,16.8844,21.7513
1286,42.867,1466,689,2250,1787,17.6159,21.6567
1287,42.900,1466,688,2250,1787,19.3054,19.8466
1288,42.933,1466,688,2250,1787,18.9691,19.8837
1289,42.967,1466,687,2250,1787,18.0025,19.9117
1290,43.000,1465,686,2249,1786,17.5798,20.0056
1291,43.033,1465,685,2250,1786,15.9054,20.4673
1292,43.067,1466,685,2249,1786,15.9558,19.1116
1293,43.100,1465,685,2249,1786,16.2145,19.1669
1294,43.133,1466,685,2250,1785,15.4818,20.3213
1295,43.167,1466,685,2250,1786,16.0979,19.6915
1296,43.200,1466,685,2250,1786,16.0745,19.7621
1297,43.233,1466,685,2250,1786,16.2002,19.5395
1298,43.267,1466,685,2250,1786,16.3319,19.6953
1299,43.300,1466,686,2250,1786,16.0357,20.6679
1300,43.333,1466,682,2251,1787,18.9162,19.1550
1301,43.367,1466,682,2251,1787,19.8200,19.0774
1302,43.400,1469,683,2254,1790,15.2856,12.2251
1303,43.433,1469,679,2255,1787,18.6574,13.5831
1304,43.467,1468,680,2255,1788,23.6269,13.6110
1305,43.500,1469,680,2256,1790,23.5907,15.4133
1306,43.533,1468,685,2254,1790,23.0437,16.4696
1307,43.567,1468,685,2254,1790,22.6716,17.6554
1308,43.600,1469,687,2253,1791,21.3219,17.9719
1309,43.633,1468,686,2254,1791,19.4240,17.3880
1310,43.667,1469,684,2254,1791,18.7202,19.4022
1311,43.700,1469,684,2254,1791,20.4367,19.4279
1312,43.733,1469,685,2254,1792,22.8169,18.1768
1313,43.767,1469,685,2254,1791,21.4687,17.8415
1314,43.800,1469,685,2255,1792,22.7656,18.9081
1315,43.833,1469,685,2255,1792,23.1605,19.0902
1316,43.867,1469,685,2255,1792,23.3236,19.1351
1317,43.900,1469,684,2255,1792,20.6152,18.8542
1318,43.933,1469,684,2255,1792,20.6316,18.9830
1319,43.967,1469,684,2255,1792,19.9505,18.8394
1320,44.000,1469,684,2256,1793,19.8622,19.5965
1321,44.033,1469,684,2256,1793,19.5553,19.4235
1322,44.067,1469,684,2256,1793,20.4900,19.1361
1323,44.100,1469,684,2256,1793,20.0556,19.1598
1324,44.133,1469,684,2256,1793,20.4429,19.2387
1325,44.167,1469,685,2256,1793,19.1896,20.1298
1326,44.200,1469,685,2256,1793,19.6359,20.2282
1327,44.233,1469,686,2255,1792,20.9645,19.6176
1328,44.267,1470,687,2256,1792,22.3163,18.7065
1329,44.300,1470,686,2255,1792,20.3171,18.6260
1330,44.333,1470,686,2256,1792,20.7960,20.3194
1331,44.367,1470,685,2256,1792,21.4446,19.9180
1332,44.400,1469,685,2257,1793,15.9885,20.7395
1333,44.433,1468,689,2253,1789,15.4230,19.8874
1334,44.467,1468,688,2253,1789,13.7782,20.8929
1335,44.500,1468,688,2253,1788,11.0486,21.8774
1336,44.533,1468,688,2254,1789,9.5881,20.3749
1337,44.567,1467,688,2254,1789,12.3771,20.9989
1338,44.600,1467,688,2255,1789,7.6801,19.6785
1339,44.633,1467,688,2255,1789,6.7090,19.4139
1340,44.667,1467,689,2255,1789,9.6601,20.7438
1341,44.700,1467,688,2255,1790,9.4972,19.3755
1342,44.733,1467,688,2255,1789,7.0906,20.9500
1343,44.767,1467,688,2255,1789,6.7314,21.2579
1344,44.800,1468,689,2256,1788,8.6174,19.7459
1345,44.833,1468,689,2256,1788,7.8663,19.9919
1346,44.867,1468,689,2255,1788,6.6301,21.9982
1347,44.900,1468,689,2256,1788,7.8544,19.5500
1348,44.933,1468,689,2255,1788,7.3246,22.0812
1349,44.967,1468,690,2255,1788,7.0045,21.0555
1350,45.000,1468,688,2257,1789,9.2224,23.0051
1351,45.033,1468,686,2257,1788,8.9858,22.5666
1352,45.067,1468,686,2257,1788,8.8288,22.4949
1353,45.100,1469,685,2256,1787,7.2047,21.8514
1354,45.133,1468,685,2257,1788,7.6512,20.5775
1355,45.167,1468,685,2257,1787,6.1074,22.1588
1356,45.200,1468,684,2257,1787,8.6052,20.2553
1357,45.233,1469,684,2257,1787,6.2483,21.8836
1358,45.267,1469,685,2258,1786,6.4782,21.5685
1359,45.300,1470,685,2258,1786,5.7462,22.1551
1360,45.333,1470,685,2257,1786,9.7930,21.6012
1361,45.367,1470,685,2257,1786,9.0496,21.6614
1362,45.400,1470,685,2258,1785,5.5846,23.3625
1363,45.433,1470,686,2257,1784,5.5860,23.1759
1364,45.467,1470,686,2258,1784,5.1850,22.4910
1365,45.500,1470,687,2258,1783,5.3652,22.1242
1366,45.533,1470,687,2258,1783,4.2432,22.8202
1367,45.567,1470,686,2258,1784,5.6256,24.2841
1368,45.600,1470,686,2258,1784,5.9855,23.9880
1369,45.633,1470,685,2259,1786,6.6152,23.4571
1370,45.667,1470,685,2259,1786,5.6561,23.9345
1371,45.700,1470,686,2259,1787,2.7693,24.9650
1372,45.733,1470,685,2259,1787,4.9870,24.8950
1373,45.767,1470,686,2259,1787,2.7758,25.2845
1374,45.800,1470,686,2259,1787,3.0691,24.1621
1375,45.833,1471,687,2259,1785,3.0949,23.1936
1376,45.867,1471,687,2259,1786,4.5738,23.5121
1377,45.900,1470,687,2259,1786,5.3111,24.3914
1378,45.933,1471,687,2258,1786,3.2831,23.8032
1379,45.967,1470,687,2259,1786,5.4480,23.9854
1380,46.000,1471,686,2257,1785,3.9494,21.8720
1381,46.033,1471,685,2258,1786,5.5209,22.4438
1382,46.067,1471,685,2257,1786,4.1402,21.9253
1383,46.100,1471,685,2257,1786,4.0067,21.8624
1384,46.133,1471,685,2257,1787,4.5843,23.3758
1385,46.167,1471,686,2257,1787,3.5987,21.3254
1386,46.200,1471,685,2257,1786,4.1041,22.7196
1387,46.233,1471,685,2257,1786,4.1689,22.4235
1388,46.267,1471,685,2257,1786,3.9426,21.9089
1389,46.300,1471,685,2257,1786,4.3952,21.8533
1390,46.333,1471,685,2257,1786,4.3793,21.8509
1391,46.367,1471,685,2257,1786,3.9048,21.7747
1392,46.400,1471,685,2257,1787,4.9959,21.8420
1393,46.433,1471,685,2257,1787,4.5298,21.0105
1394,46.467,1471,685,2257,1787,4.8354,21.2104
1395,46.500,1471,685,2257,1786,3.8760,20.8636
1396,46.533,1471,685,2257,1786,3.5332,21.4272
1397,46.567,1471,685,2256,1785,3.9725,21.1888
1398,46.600,1471,686,2256,1784,4.5569,20.6813
1399,46.633,1471,686,2256,1784,3.7729,20.9222
1400,46.667,1472,685,2256,1784,5.3107,21.2487
1401,46.700,1471,685,2256,1784,5.0310,21.2495
1402,46.733,1471,685,2256,1784,4.0695,20.7546
1403,46.767,1471,685,2256,1785,3.5290,21.6434
1404,46.800,1471,685,2257,1785,5.7923,21.9751
1405,46.833,1471,685,2256,1785,3.3204,22.0973
1406,46.867,1471,685,2256,1785,3.2911,22.4055
1407,46.900,1471,684,2256,1785,5.3353,19.6002
1408,46.933,1471,684,2256,1785,6.5069,19.7392
1409,46.967,1471,684,2257,1785,3.8493,21.3605
1410,47.000,1470,686,2258,1784,7.2952,21.3907
1411,47.033,1470,686,2258,1785,7.7288,23.2588
1412,47.067,1470,686,2258,1785,7.9516,23.3731
1413,47.100,1470,687,2257,1785,6.3136,22.5238
1414,47.133,1471,691,2253,1785,10.3188,15.0638
1415,47.167,1472,689,2254,1784,6.3739,17.2128
1416,47.200,1473,686,2256,1784,11.2866,19.3799
1417,47.233,1471,690,2255,1786,9.9623,20.5009
1418,47.267,1472,690,2256,1786,8.2145,22.4185
1419,47.300,1471,689,2257,1786,6.0584,21.5385
1420,47.333,1471,689,2257,1787,6.4280,22.0731
1421,47.367,1471,688,2256,1786,7.8405,20.9552
1422,47.400,1472,688,2257,1785,6.4521,19.8830
1423,47.433,1473,685,2258,1783,5.4315,14.3434
1424,47.467,1473,685,2258,1782,11.5266,13.7622
1425,47.500,1472,685,2258,1783,14.4233,15.4214
1426,47.533,1472,692,2259,1785,9.5080,17.0728
1427,47.567,1473,688,2260,1785,9.6476,18.1939
1428,47.600,1472,692,2259,1786,8.2821,20.6119
1429,47.633,1472,688,2258,1787,7.3587,23.4636
1430,47.667,1472,687,2257,1787,7.2507,21.2816
1431,47.700,1472,686,2257,1787,5.9982,21.5130
1432,47.733,1472,685,2257,1787,5.8359,21.3946
1433,47.767,1472,684,2257,1787,9.1133,20.3295
1434,47.800,1473,684,2257,1787,7.6673,18.3101
1435,47.833,1473,684,2257,1787,9.0643,18.6391
1436,47.867,1473,684,2257,1787,8.6693,18.5538
1437,47.900,1473,683,2257,1788,7.6247,19.4285
1438,47.933,1473,684,2256,1788,6.8027,19.0947
1439,47.967,1472,684,2256,1788,9.5737,19.1222
1440,48.000,1472,683,2255,1788,9.1314,18.8727
1441,48.033,1472,682,2255,1786,6.6989,18.5201
1442,48.067,1472,682,2255,1786,7.5184,18.4791
1443,48.100,1472,682,2255,1786,7.5023,18.3870
1444,48.133,1471,682,2255,1785,9.1830,19.1897
1445,48.167,1471,683,2255,1785,8.3575,19.2885
1446,48.200,1471,682,2255,1785,9.2266,19.9485
1447,48.233,1471,682,2255,1786,7.6256,19.5363
1448,48.267,1471,682,2254,1785,7.3586,18.6686
1449,48.300,1471,682,2254,1785,6.3279,19.1046
1450,48.333,1471,682,2254,1784,7.5319,19.0424
1451,48.367,1471,682,2254,1784,7.8550,19.0592
1452,48.400,1471,682,2254,1784,8.5801,19.5419
1453,48.433,1471,682,2255,1784,6.6975,19.7515
1454,48.467,1471,682,2255,1784,7.2769,19.4268
1455,48.500,1471,682,2255,1784,7.1866,19.4075
1456,48.533,1471,682,2255,1784,6.6682,19.6996
1457,48.567,1471,682,2255,1783,6.2626,19.3441
1458,48.600,1471,682,2256,1784,6.5825,20.6895
1459,48.633,1471,682,2256,1784,6.2779,20.9518
1460,48.667,1471,682,2256,1785,7.1751,19.0611
1461,48.700,1470,681,2256,1785,7.4319,19.1550
1462,48.733,1470,681,2256,1784,7.5674,19.0363
1463,48.767,1470,681,2256,1784,7.8278,19.1478
1464,48.800,1470,681,2256,1784,8.2190,19.3571
1465,48.833,1470,681,2256,1784,8.5191,19.8551
1466,48.867,1470,680,2256,1784,6.7845,18.6297
1467,48.900,1470,680,2256,1784,6.7357,18.8659
1468,48.933,1470,679,2256,1784,6.4418,19.7349
1469,48.967,1470,679,2256,1784,6.2166,20.0218
1470,49.000,1471,685,2254,1783,3.8158,19.5636
1471,49.033,1471,687,2255,1785,-2.6528,20.2508
1472,49.067,1471,685,2257,1781,1.5589,17.4297
1473,49.100,1471,689,2258,1783,5.4512,19.7414
1474,49.133,1472,690,2257,1784,4.9294,20.4970
1475,49.167,1471,688,2256,1785,1.0035,16.9077
1476,49.200,1471,688,2256,1785,1.4459,18.4102
1477,49.233,1470,687,2257,1785,0.8390,19.3262
1478,49.267,1471,679,2257,1783,5.0673,9.8475
1479,49.300,1471,676,2258,1782,6.7751,12.7733
1480,49.333,1471,678,2257,1782,4.3667,11.3799
1481,49.367,1470,685,2257,1783,7.1512,18.2016
1482,49.400,1469,688,2257,1784,5.2926,20.2765
1483,49.433,1470,687,2258,1784,3.6870,21.0066
1484,49.467,1469,686,2256,1785,2.4328,20.6026
1485,49.500,1470,682,2256,1785,5.3094,20.7187
1486,49.533,1470,682,2255,1785,3.9766,21.5593
1487,49.567,1470,681,2256,1785,3.1698,20.9099
1488,49.600,1470,681,2256,1785,3.1834,21.2477
1489,49.633,1470,681,2256,1785,3.3522,21.4161
1490,49.667,1470,682,2256,1785,5.8561,21.4657
1491,49.700,1469,681,2256,1785,5.1620,22.1931
1492,49.733,1470,681,2257,1786,3.4846,21.6281
1493,49.767,1470,681,2257,1785,3.3097,20.9275
1494,49.800,1470,681,2257,1785,4.2927,20.8928
1495,49.833,1469,682,2257,1785,4.3776,19.9908
1496,49.867,1469,682,2257,1785,4.5511,20.6174
1497,49.900,1469,682,2257,1785,3.3529,20.9521
1498,49.933,1469,683,2257,1785,4.0037,22.0209
1499,49.967,1469,683,2257,1786,3.7323,21.8370
1500,50.000,1469,686,2257,1787,4.8671,20.4966
1501,50.033,1470,686,2257,1787,6.4503,20.6681
1502,50.067,1470,686,2257,1787,6.6164,21.2928
1503,50.100,1470,686,2257,1787,6.5985,21.2040
1504,50.133,1470,686,2257,1788,3.3555,20.6573
1505,50.167,1470,685,2257,1788,2.8428,21.6474
1506,50.200,1470,686,2257,1787,5.8696,21.1869
1507,50.233,1470,686,2257,1787,5.7259,21.1905
1508,50.267,1470,686,2257,1787,5.8071,21.2336
1509,50.300,1470,685,2257,1787,3.8734,21.6329
1510,50.333,1470,685,2257,1786,4.2616,22.5496
1511,50.367,1470,684,2257,1786,3.0300,22.3771
1512,50.400,1469,684,2255,1787,2.5060,22.5015
1513,50.433,1470,682,2255,1786,-0.9203,19.6011
1514,50.467,1470,682,2257,1787,-2.7745,19.7499
1515,50.500,1470,682,2256,1787,-2.6348,19.0372
1516,50.533,1470,682,2258,1788,-4.0736,19.0436
1517,50.567,1470,682,2259,1788,-2.4969,18.9975
1518,50.600,1471,684,2258,1788,-1.7251,23.7794
1519,50.633,1471,685,2259,1788,-7.0690,23.2095
1520,50.667,1471,686,2259,1788,-3.6357,22.1990
1521,50.700,1471,687,2258,1789,-5.2386,21.6822
1522,50.733,1471,686,2259,1789,-3.9644,22.4812
1523,50.767,1471,686,2259,1789,-3.9319,22.4726
1524,50.800,1471,685,2259,1789,-2.7297,22.7166
1525,50.833,1471,684,2258,1789,-5.2318,19.8994
1526,50.867,1472,685,2259,1789,-4.0794,22.6493
1527,50.900,1472,685,2259,1788,-3.6816,22.3281
1528,50.933,1471,685,2258,1788,-5.4565,21.8546
1529,50.967,1471,685,2258,1788,-5.4798,22.0471
1530,51.000,1472,684,2257,1789,-5.4089,23.0401
1531,51.033,1472,684,2257,1789,-6.2556,21.9442
1532,51.067,1472,684,2257,1789,-6.6165,21.9368
1533,51.100,1472,684,2257,1789,-7.9248,21.1912
1534,51.133,1472,683,2256,1789,-9.5250,19.7709
1535,51.167,1472,683,2257,1789,-9.2922,18.8396
1536,51.200,1472,683,2257,1789,-9.2638,19.2556
1537,51.233,1472,683,2257,1788,-10.5445,19.3480
1538,51.267,1472,683,2258,1788,-9.1035,20.2876
1539,51.300,1472,683,2258,1788,-8.8872,20.2110
1540,51.333,1472,683,2258,1788,-9.2441,20.2040
1541,51.367,1472,684,2258,1788,-8.0372,19.5439
1542,51.400,1472,685,2258,1788,-10.9233,19.4353
1543,51.433,1472,684,2258,1788,-7.7377,20.8010
1544,51.467,1472,684,2258,1788,-8.5998,20.6734
1545,51.500,1472,684,2258,1788,-8.5203,20.6375
1546,51.533,1472,683,2258,1788,-9.0553,21.2386
1547,51.567,1472,682,2258,1789,-8.8555,17.4746
1548,51.600,1473,692,2260,1788,-5.1087,18.7400
1549,51.633,1473,692,2260,1788,-6.2824,18.2220
1550,51.667,1474,693,2258,1788,-4.1580,18.2020
1551,51.700,1474,693,2259,1787,-2.5117,19.3858
1552,51.733,1474,690,2260,1787,-5.1186,18.9740
1553,51.767,1474,693,2260,1789,-4.1274,17.9899
1554,51.800,1472,692,2259,1789,-6.4985,16.4676
1555,51.833,1473,691,2259,1789,-6.3633,19.3787
1556,51.867,1473,691,2259,1789,-7.3873,19.3291
1557,51.900,1473,693,2259,1789,-6.7237,17.9392
1558,51.933,1472,693,2259,1789,-7.1523,18.2812
1559,51.967,1472,693,2259,1790,-7.2822,20.3035
1560,52.000,1471,694,2259,1792,-3.4944,19.1771
1561,52.033,1471,694,2259,1791,-4.5103,19.6976
1562,52.067,1471,694,2259,1790,-7.2833,18.8720
1563,52.100,1471,693,2259,1790,-6.0746,18.7509
1564,52.133,1471,692,2259,1790,-7.0186,20.0341
1565,52.167,1471,692,2259,1789,-7.1882,19.7661
1566,52.200,1471,692,2259,1789,-7.1544,19.3166
1567,52.233,1471,692,2259,1789,-6.8972,20.0715
1568,52.267,1471,692,2260,1789,-3.8386,20.7059
1569,52.300,1472,692,2259,1789,-6.8732,20.1209
1570,52.333,1472,691,2258,1788,-5.4214,21.5399
1571,52.367,1472,690,2258,1788,-4.2625,20.5692
1572,52.400,1472,690,2258,1788,-5.6224,20.0457
1573,52.433,1472,690,2258,1787,-6.1306,20.0589
1574,52.467,1472,690,2258,1787,-6.4323,19.8538
1575,52.500,1472,690,2258,1787,-6.3339,20.2203
1576,52.533,1472,690,2258,1786,-5.3343,19.3015
1577,52.567,1472,691,2258,1787,-5.1201,20.1991
1578,52.600,1472,690,2258,1787,-7.3213,19.1833
1579,52.633,1472,690,2258,1787,-7.4987,18.8952
1580,52.667,1472,690,2258,1786,-5.1192,19.5724
1581,52.700,1472,690,2258,1787,-6.8222,19.0720
1582,52.733,1472,690,2258,1787,-6.8727,19.0813
1583,52.767,1471,691,2258,1787,-7.8400,17.2539
1584,52.800,1471,690,2258,1786,-5.2145,18.9611
1585,52.833,1472,691,2258,1786,-5.1622,20.7276
1586,52.867,1472,691,2258,1786,-5.8391,20.8269
1587,52.900,1472,691,2258,1785,-7.6559,19.0635
1588,52.933,1472,690,2258,1785,-6.0715,20.3152
1589,52.967,1472,690,2258,1785,-4.5812,20.3286
1590,53.000,1471,691,2259,1785,-7.6299,19.2368
1591,53.033,1471,691,2259,1785,-7.4062,19.2630
1592,53.067,1471,691,2259,1785,-6.9374,18.8659
1593,53.100,1471,691,2259,1784,-6.1081,18.6741
1594,53.133,1470,690,2260,1785,-5.1266,19.9609
1595,53.167,1470,690,2260,1784,-4.2594,19.8885
1596,53.200,1470,690,2260,1785,-4.8783,19.5595
1597,53.233,1470,690,2259,1784,-6.0737,20.2307
1598,53.267,1470,690,2259,1785,-7.5720,18.2626
1599,53.300,1470,689,2260,1785,-7.4561,19.3091
1600,53.333,1470,688,2260,1786,-5.0311,20.8480
1601,53.367,1470,688,2260,1786,-5.2984,20.9850
1602,53.400,1470,688,2260,1786,-5.2971,20.6068
1603,53.433,1470,687,2260,1786,-8.2645,19.8740
1604,53.467,1470,687,2260,1786,-8.4350,19.9334
1605,53.500,1470,688,2260,1786,-4.9979,20.3969
1606,53.533,1471,687,2260,1786,-6.1965,19.8157
1607,53.567,1471,687,2260,1785,-8.3724,17.8484
1608,53.600,1471,687,2259,1785,-6.0223,20.8754
1609,53.633,1471,687,2259,1785,-5.7292,20.7638
1610,53.667,1471,687,2259,1785,-5.2014,20.1721
1611,53.700,1471,688,2259,1785,-6.6671,19.2632
1612,53.733,1472,688,2259,1785,-6.8854,20.5415
1613,53.767,1472,688,2259,1785,-6.7853,20.7719
1614,53.800,1471,688,2259,1785,-6.0691,19.9745
1615,53.833,1472,688,2259,1785,-7.6085,20.4290
1616,53.867,1472,688,2259,1785,-7.4131,20.3020
1617,53.900,1471,687,2259,1785,-7.0506,20.6648
1618,53.933,1471,687,2259,1785,-7.2015,20.7593
1619,53.967,1471,686,2259,1786,-6.9047,21.0420
1620,54.000,1472,689,2260,1784,-5.9786,20.5519
1621,54.033,1472,688,2260,1784,-5.7691,18.0976
1622,54.067,1471,688,2260,1784,-2.7516,19.1108
1623,54.100,1472,690,2259,1783,-2.1631,20.8836
1624,54.133,1473,690,2259,1783,-1.9833,21.8497
1625,54.167,1473,691,2258,1784,-2.1490,22.0784
1626,54.200,1473,690,2259,1785,-3.0673,21.4901
1627,54.233,1473,689,2259,1785,-4.8805,20.4834
1628,54.267,1473,689,2259,1786,-6.1115,21.2700
1629,54.300,1473,689,2259,1785,-5.4736,19.5050
1630,54.333,1473,689,2259,1785,-4.9909,19.1770
1631,54.367,1473,689,2259,1785,-5.0008,19.3440
1632,54.400,1473,689,2259,1786,-5.9103,21.0494
1633,54.433,1473,689,2260,1786,-4.0304,20.8133
1634,54.467,1472,688,2260,1788,-7.3562,19.5348
1635,54.500,1472,688,2261,1788,-4.9382,19.1630
1636,54.533,1472,687,2259,1788,-6.7195,19.6346
1637,54.567,1472,687,2259,1787,-7.3532,20.6581
1638,54.600,1472,687,2259,1787,-7.3028,20.7781
1639,54.633,1472,687,2259,1787,-7.3198,21.0053
1640,54.667,1472,687,2259,1786,-8.3162,22.0314
1641,54.700,1473,689,2259,1786,-8.0072,20.5704
1642,54.733,1473,689,2259,1786,-8.2842,19.9162
1643,54.767,1473,689,2259,1786,-7.7330,20.2366
1644,54.800,1472,688,2260,1787,-5.9592,18.1213
1645,54.833,1472,688,2260,1788,-5.9158,20.2821
1646,54.867,1472,688,2260,1787,-5.2553,19.4541
1647,54.900,1472,687,2260,1788,-6.2601,20.4973
1648,54.933,1472,687,2260,1787,-6.3927,20.7973
1649,54.967,1472,687,2260,1788,-5.6381,20.2435
1650,55.000,1471,685,2261,1790,-3.6320,19.6777
1651,55.033,1471,686,2261,1790,-2.5021,20.1375
1652,55.067,1471,686,2261,1790,-2.5000,19.8955
1653,55.100,1471,686,2261,1790,-2.3776,20.5592
1654,55.133,1471,686,2262,1791,-4.1749,22.3120
1655,55.167,1471,685,2262,1790,-4.5826,20.6652
1656,55.200,1471,684,2262,1789,-5.8788,21.8187
1657,55.233,1471,684,2262,1789,-5.7104,22.1945
1658,55.267,1471,684,2262,1788,-6.4666,21.8448
1659,55.300,1471,684,2261,1788,-4.7745,20.5961
1660,55.333,1471,684,2261,1787,-5.2435,20.9756
1661,55.367,1472,683,2261,1786,-4.6731,19.4907
1662,55.400,1472,683,2260,1786,-7.1169,21.3633
1663,55.433,1472,682,2260,1787,-6.7279,19.4008
1664,55.467,1473,681,2260,1787,-5.9077,19.5461
1665,55.500,1473,680,2260,1781,-5.4191,20.2519
1666,55.533,1473,683,2259,1777,-7.9586,18.9849
1667,55.567,1474,684,2258,1778,-11.1152,21.5049
1668,55.600,1474,686,2257,1781,-7.8861,16.4612
1669,55.633,1474,687,2257,1778,-7.6214,17.3684
1670,55.667,1475,684,2257,1778,-9.6434,16.0799
1671,55.700,1475,684,2258,1779,-6.3143,15.2743
1672,55.733,1475,684,2259,1779,-9.0129,18.5252
1673,55.767,1475,686,2258,1782,-7.6823,18.6339
1674,55.800,1476,687,2258,1782,-7.6668,18.1374
1675,55.833,1475,690,2259,1783,-7.0986,17.2614
1676,55.867,1476,688,2258,1783,-9.9314,16.7877
1677,55.900,1475,688,2259,1782,-8.5552,18.3488
1678,55.933,1475,688,2259,1783,-9.5862,20.7523
1679,55.967,1475,685,2260,1783,-8.1864,18.8186
1680,56.000,1473,682,2260,1784,-10.7066,18.1711
1681,56.033,1473,681,2259,1783,-11.5126,18.6520
1682,56.067,1473,680,2259,1783,-11.1440,18.6460
1683,56.100,1473,680,2259,1783,-11.0659,17.9177
1684,56.133,1473,677,2259,1782,-10.4691,16.5722
1685,56.167,1473,678,2259,1782,-10.8493,16.7023
1686,56.200,1473,678,2259,1781,-12.9590,16.7998
1687,56.233,1473,677,2259,1781,-10.8576,17.6776
1688,56.267,1472,677,2259,1782,-10.5414,17.0343
1689,56.300,1471,679,2260,1783,-2.8580,17.1920
1690,56.333,1471,675,2259,1782,2.2658,15.3046
1691,56.367,1471,677,2259,1782,2.0602,16.8889
1692,56.400,1471,678,2260,1783,-1.3108,16.1434
1693,56.433,1471,680,2259,1778,0.6462,17.1125
1694,56.467,1472,679,2259,1775,-0.5757,16.0663
1695,56.500,1471,678,2258,1771,3.5975,16.4412
1696,56.533,1471,677,2257,1768,3.3761,14.3663
1697,56.567,1473,676,2257,1767,4.6599,15.9717
1698,56.600,1473,675,2258,1770,5.2916,16.7246
1699,56.633,1473,674,2259,1773,4.9092,16.1118
1700,56.667,1473,673,2259,1774,3.6629,15.9298
1701,56.700,1473,673,2258,1773,3.7201,18.3275
1702,56.733,1474,672,2258,1772,7.8018,16.9515
1703,56.767,1473,673,2258,1772,3.9997,18.3049
1704,56.800,1474,674,2257,1771,2.0754,17.2926
1705,56.833,1474,676,2258,1771,2.4241,17.5021
1706,56.867,1474,674,2259,1772,4.5687,17.1414
1707,56.900,1474,676,2258,1773,4.1903,19.1486
1708,56.933,1474,676,2260,1776,3.7066,19.1871
1709,56.967,1474,677,2260,1775,3.7270,19.1456
1710,57.000,1474,677,2261,1774,3.8006,21.6096
1711,57.033,1474,677,2261,1775,2.9576,22.5233
1712,57.067,1474,676,2262,1777,3.4030,21.7023
1713,57.100,1474,676,2263,1776,4.1644,19.8693
1714,57.133,1474,676,2265,1776,3.7247,19.3159
1715,57.167,1475,677,2265,1771,4.6140,19.5372
1716,57.200,1476,678,2265,1769,5.5620,17.3826
1717,57.233,1475,676,2265,1766,5.9227,20.2959
1718,57.267,1475,674,2264,1765,4.3560,18.4721
1719,57.300,1475,675,2265,1766,6.4103,18.4289
1720,57.333,1475,672,2267,1768,6.6508,19.1220
1721,57.367,1475,671,2266,1766,4.2274,18.2218
1722,57.400,1476,664,2265,1769,3.4066,11.3278
1723,57.433,1482,653,2270,1756,16.3228,10.9936
1724,57.467,1481,654,2270,1758,13.3552,10.2122
1725,57.500,1474,661,2267,1767,10.0175,10.7994
1726,57.533,1475,663,2266,1768,6.5687,14.2477
1727,57.567,1476,663,2266,1769,3.4226,12.5183
1728,57.600,1476,666,2266,1770,4.5347,14.3425
1729,57.633,1477,666,2264,1772,6.2478,15.0948
1730,57.667,1478,665,2264,1773,7.4207,15.4089
1731,57.700,1476,664,2264,1770,6.4743,13.4456
1732,57.733,1478,668,2273,1769,13.9130,8.7661
1733,57.767,1478,668,2273,1768,13.7867,8.2624
1734,57.800,1478,669,2272,1768,12.8525,11.9384
1735,57.833,1480,675,2267,1767,10.7133,5.3152
1736,57.867,1480,671,2268,1767,5.9120,5.6113
1737,57.900,1477,668,2268,1763,4.0795,9.4305
1738,57.933,1479,673,2267,1756,2.8443,11.2028
1739,57.967,1480,672,2269,1757,0.9560,9.4875
1740,58.000,1485,676,2267,1758,14.5144,5.4561
1741,58.033,1484,674,2272,1757,7.8776,-1.5045
1742,58.067,1483,670,2273,1758,10.3174,0.9324
1743,58.100,1481,666,2271,1761,12.6710,-1.0836
1744,58.133,1481,662,2270,1762,7.4454,4.8444
1745,58.167,1482,661,2269,1762,7.4649,6.9500
1746,58.200,1482,662,2267,1761,4.7295,10.0443
1747,58.233,1481,662,2267,1761,6.3765,10.8061
1748,58.267,1481,663,2267,1761,3.6711,10.7910
1749,58.300,1480,666,2268,1763,4.8311,9.8275
1750,58.333,1480,668,2269,1764,0.7705,12.6890
1751,58.367,1485,672,2269,1764,3.0964,6.4455
1752,58.400,1482,672,2274,1767,8.4332,7.7643
1753,58.433,1482,669,2275,1769,7.3000,6.4623
1754,58.467,1482,667,2274,1770,9.6514,6.4185
1755,58.500,1483,670,2269,1769,5.6203,6.7609
1756,58.533,1483,671,2267,1772,5.3282,5.6389
1757,58.567,1480,669,2268,1775,3.7776,9.6990
1758,58.600,1479,668,2270,1776,2.3154,10.7853
1759,58.633,1480,670,2269,1776,2.7068,13.4059
1760,58.667,1481,670,2268,1777,4.1282,14.1816
1761,58.700,1481,669,2267,1773,4.9143,16.1357
1762,58.733,1480,670,2267,1772,4.9736,17.1185
1763,58.767,1479,669,2268,1774,4.8795,17.1541
1764,58.800,1479,672,2267,1773,6.3114,16.9134
1765,58.833,1478,672,2267,1773,4.8608,17.7150
1766,58.867,1478,671,2268,1774,4.4263,17.4059
1767,58.900,1477,671,2268,1777,6.1878,18.5141
1768,58.933,1477,671,2269,1781,1.9179,16.9311
1769,58.967,1476,673,2268,1778,-0.2820,18.0682
1770,59.000,1475,673,2267,1777,1.8236,18.1499
1771,59.033,1475,674,2265,1775,2.2370,17.6320
1772,59.067,1476,674,2265,1779,4.1042,18.3863
1773,59.100,1476,674,2266,1777,2.6193,18.0842
1774,59.133,1477,675,2265,1775,2.5730,17.4922
1775,59.167,1478,675,2264,1775,5.7524,18.5473
1776,59.200,1478,675,2264,1778,4.3808,16.6691
1777,59.233,1478,675,2264,1778,4.3136,15.8086
1778,59.267,1478,675,2264,1777,5.3017,15.8110
1779,59.300,1478,676,2263,1777,2.6721,15.5420
1780,59.333,1478,676,2263,1776,1.8875,15.5661
1781,59.367,1477,674,2263,1778,3.9823,14.5851
1782,59.400,1478,674,2262,1778,1.8674,15.7201
1783,59.433,1478,674,2265,1777,10.0478,8.6312
1784,59.467,1476,670,2267,1776,6.8353,5.9656
1785,59.500,1475,671,2268,1776,7.2708,6.5689
1786,59.533,1474,672,2267,1777,6.3799,5.5367
1787,59.567,1475,671,2260,1766,3.0197,11.3948
1788,59.600,1476,671,2259,1764,5.5960,11.9383
1789,59.633,1475,672,2259,1763,4.8127,12.1523
1790,59.667,1474,673,2259,1761,4.1327,15.2701
1791,59.700,1474,674,2256,1759,4.0443,16.5136
1792,59.733,1473,674,2255,1760,0.4502,17.3477
1793,59.767,1472,674,2255,1760,6.2775,16.9499
1794,59.800,1472,676,2253,1760,9.2838,14.6511
1795,59.833,1471,672,2255,1760,3.5417,14.7743
1796,59.867,1471,671,2254,1761,13.9947,8.3862
1797,59.900,1470,672,2254,1761,13.2847,11.6718
1798,59.933,1471,672,2253,1761,9.4756,7.1870
1799,59.967,1479,662,2254,1753,7.8659,8.1359
1800,60.000,1472,665,2256,1762,4.0476,8.6574
1801,60.033,1471,671,2255,1763,4.4147,14.3934
1802,60.067,1471,674,2255,1764,2.3522,13.9625
1803,60.100,1471,674,2256,1766,4.7281,14.9805
1804,60.133,1472,673,2255,1770,1.5933,13.5607
1805,60.167,1472,671,2256,1772,1.6392,12.2542
1806,60.200,1477,660,2261,1766,11.4379,7.4728
1807,60.233,1472,666,2262,1772,10.9795,10.8574
1808,60.267,1471,664,2262,1771,10.4262,12.7624
1809,60.300,1474,671,2259,1770,7.0151,11.1059
1810,60.333,1472,673,2258,1773,5.4012,13.7575
1811,60.367,1473,673,2258,1773,4.3475,15.2784
1812,60.400,1473,674,2258,1773,3.3869,15.5532
1813,60.433,1472,673,2257,1772,4.8556,17.6275
1814,60.467,1472,674,2257,1772,8.2213,17.7797
1815,60.500,1472,674,2257,1770,6.6913,17.7045
1816,60.533,1473,676,2256,1768,7.8809,15.6720
1817,60.567,1473,676,2256,1768,4.9933,14.0005
1818,60.600,1473,676,2256,1767,4.4756,13.7949
1819,60.633,1474,675,2256,1767,4.9856,15.8502
1820,60.667,1474,674,2256,1767,9.5756,14.9213
1821,60.700,1474,675,2256,1768,7.2641,16.4206
1822,60.733,1474,676,2256,1768,3.3848,14.6333
1823,60.767,1473,676,2256,1769,2.4286,13.3949
1824,60.800,1473,676,2256,1770,5.2156,14.1984
1825,60.833,1473,676,2257,1770,2.6960,15.8034
1826,60.867,1473,676,2257,1771,2.7929,15.6911
1827,60.900,1473,676,2257,1770,3.6083,16.3864
1828,60.933,1474,677,2257,1769,4.3475,13.7729
1829,60.967,1474,678,2258,1769,3.7097,13.4750
1830,61.000,1474,675,2257,1769,4.3434,18.4614
1831,61.033,1474,675,2257,1769,4.1984,19.0894
1832,61.067,1474,674,2257,1769,5.2474,18.1714
1833,61.100,1474,674,2257,1769,5.2888,17.8509
1834,61.133,1474,675,2257,1769,5.4369,19.1555
1835,61.167,1474,675,2256,1769,4.3482,18.0362
1836,61.200,1474,675,2257,1769,5.4044,19.1767
1837,61.233,1474,675,2257,1769,4.7386,18.7500
1838,61.267,1474,676,2257,1769,4.5390,17.7706
1839,61.300,1474,677,2257,1770,5.0298,17.9100
1840,61.333,1474,677,2257,1768,5.4276,16.2810
1841,61.367,1474,677,2257,1768,6.3207,15.8481
1842,61.400,1474,678,2258,1768,5.6268,14.8123
1843,61.433,1474,677,2257,1769,4.5710,15.9152
1844,61.467,1473,675,2257,1770,5.8797,14.9714
1845,61.500,1473,676,2257,1770,7.7194,15.9222
1846,61.533,1474,676,2257,1771,7.4428,15.0316
1847,61.567,1474,678,2257,1770,7.0516,16.6516
1848,61.600,1474,677,2257,1771,5.8845,14.4646
1849,61.633,1475,678,2258,1771,7.1811,15.9290
1850,61.667,1474,678,2258,1770,6.2799,15.7975
1851,61.700,1474,679,2259,1771,5.1744,16.8351
1852,61.733,1474,679,2259,1771,4.8940,16.6012
1853,61.767,1474,679,2259,1771,5.2264,16.5351
1854,61.800,1475,679,2259,1771,7.2638,16.3679
1855,61.833,1475,679,2259,1770,5.7265,16.6935
1856,61.867,1474,679,2259,1770,6.2573,17.4313
1857,61.900,1475,679,2259,1770,6.6614,17.3295
1858,61.933,1475,680,2259,1771,4.5924,17.2974
1859,61.967,1475,680,2258,1772,5.4659,17.9316
1860,62.000,1475,679,2258,1772,4.8092,15.8913
1861,62.033,1475,681,2258,1772,6.8226,15.9284
1862,62.067,1475,681,2258,1772,6.6475,16.2155
1863,62.100,1475,681,2258,1772,6.7666,16.2285
1864,62.133,1475,682,2258,1772,4.8720,15.4043
1865,62.167,1475,682,2257,1772,5.8091,17.1486
1866,62.200,1475,682,2257,1772,5.1627,17.3902
1867,62.233,1475,682,2257,1772,5.5877,17.0311
1868,62.267,1476,683,2257,1772,4.7024,16.5932
1869,62.300,1476,683,2257,1772,4.4617,17.6164
1870,62.333,1476,683,2257,1772,4.9158,16.8706
1871,62.367,1475,683,2257,1771,2.7863,14.3348
1872,62.400,1476,683,2257,1771,4.5049,16.1169
1873,62.433,1476,682,2257,1770,3.2180,16.0511
1874,62.467,1475,682,2257,1770,2.7442,14.1167
1875,62.500,1475,682,2257,1770,2.9880,13.4061
1876,62.533,1476,682,2257,1770,2.4104,15.2868
1877,62.567,1476,681,2256,1770,4.0224,15.9275
1878,62.600,1476,682,2256,1770,2.9006,16.1296
1879,62.633,1476,682,2256,1770,3.3757,16.6674
1880,62.667,1476,683,2256,1770,4.0644,17.5069
1881,62.700,1476,684,2256,1770,2.3293,15.8999
1882,62.733,1476,684,2256,1771,2.1965,17.5830
1883,62.767,1476,685,2256,1771,3.6884,16.3459
1884,62.800,1476,686,2256,1771,3.2068,14.7746
1885,62.833,1476,685,2256,1770,2.6241,14.9311
1886,62.867,1475,685,2256,1770,3.4723,15.9765
1887,62.900,1476,685,2256,1770,2.6472,15.5871
1888,62.933,1476,684,2257,1770,2.7475,16.4096
1889,62.967,1476,683,2257,1771,2.6992,18.2648
1890,63.000,1477,685,2258,1769,5.2980,15.0750
1891,63.033,1477,685,2258,1770,5.8601,16.5807
1892,63.067,1476,685,2258,1770,5.0496,15.6936
1893,63.100,1476,685,2258,1771,5.8429,15.8666
1894,63.133,1476,685,2258,1771,6.8761,16.1882
1895,63.167,1476,685,2258,1770,5.9329,15.6421
1896,63.200,1476,685,2258,1769,5.4585,16.0504
1897,63.233,1477,686,2258,1770,5.8130,14.2551
1898,63.267,1477,686,2258,1770,5.0332,14.2037
1899,63.300,1477,686,2258,1770,5.0504,13.9404
1900,63.333,1477,687,2258,1771,3.0138,13.9902
1901,63.367,1477,687,2258,1771,3.2970,14.3436
1902,63.400,1477,687,2258,1771,2.7225,14.2657
1903,63.433,1477,687,2258,1771,3.3311,15.2238
1904,63.467,1477,688,2258,1771,4.5339,14.6934
1905,63.500,1477,688,2258,1771,6.8222,14.7121
1906,63.533,1477,687,2258,1771,7.8605,15.2250
1907,63.567,1477,687,2258,1770,9.1297,14.9206
1908,63.600,1477,687,2258,1770,8.6260,14.8030
1909,63.633,1477,687,2258,1771,9.7735,15.6010
1910,63.667,1477,687,2259,1772,9.8468,15.1108
1911,63.700,1477,689,2258,1773,5.1823,15.4666
1912,63.733,1477,688,2259,1772,2.9331,15.6440
1913,63.767,1477,688,2259,1772,3.0118,15.9390
1914,63.800,1476,687,2259,1772,4.4881,18.4495
1915,63.833,1476,686,2259,1772,5.7711,16.5148
1916,63.867,1476,686,2259,1772,5.6726,16.5800
1917,63.900,1476,686,2259,1772,6.0432,16.4626
1918,63.933,1476,686,2259,1771,6.0661,18.5024
1919,63.967,1476,686,2259,1771,6.3324,18.2907
1920,64.000,1476,684,2258,1771,2.4601,15.9367
1921,64.033,1477,685,2258,1770,2.3793,17.1922
1922,64.067,1477,685,2258,1770,2.7602,17.3932
1923,64.100,1477,684,2258,1770,3.9885,16.8768
1924,64.133,1477,684,2258,1770,1.2781,15.6769
1925,64.167,1477,684,2258,1770,1.3034,16.8550
1926,64.200,1477,684,2259,1770,1.9810,16.6045
1927,64.233,1477,684,2258,1770,1.2397,16.6362
1928,64.267,1477,684,2258,1770,0.9527,16.7850
1929,64.300,1477,684,2258,1770,0.3885,17.0645
1930,64.333,1477,684,2258,1770,0.6334,16.9148
1931,64.367,1477,684,2258,1770,0.1892,17.0295
1932,64.400,1477,684,2258,1770,0.4435,17.1522
1933,64.433,1477,684,2258,1770,0.5286,17.0818
1934,64.467,1477,684,2258,1769,2.0448,17.5717
1935,64.500,1477,684,2258,1769,1.7257,17.7232
1936,64.533,1477,684,2257,1768,1.5490,15.4776
1937,64.567,1477,684,2257,1767,1.4960,17.1704
1938,64.600,1477,684,2257,1768,2.3610,15.7282
1939,64.633,1477,685,2257,1767,0.6178,15.5767
1940,64.667,1477,686,2257,1766,-0.6022,13.6652
1941,64.700,1477,687,2257,1766,3.4749,14.5215
1942,64.733,1477,685,2258,1765,2.3586,15.6872
1943,64.767,1477,685,2258,1766,1.7135,17.4162
1944,64.800,1477,684,2258,1765,3.4573,16.5492
1945,64.833,1477,684,2258,1766,3.4164,16.7331
1946,64.867,1477,684,2258,1766,2.7257,16.6008
1947,64.900,1477,684,2258,1766,2.9051,16.6451
1948,64.933,1478,684,2258,1766,2.9299,15.8207
1949,64.967,1478,683,2258,1766,4.0779,17.1034
1950,65.000,1477,682,2258,1768,3.2435,15.8898
1951,65.033,1477,682,2259,1768,4.5432,16.5382
1952,65.067,1477,682,2259,1768,4.7459,16.1761
1953,65.100,1474,676,2261,1768,1.8346,16.7302
1954,65.133,1475,677,2261,1768,1.5822,15.5939
1955,65.167,1475,677,2261,1768,1.1557,14.0314
1956,65.200,1475,676,2261,1768,6.0408,18.0964
1957,65.233,1475,676,2261,1768,6.4160,17.7025
1958,65.267,1475,676,2261,1768,6.3278,17.4736
1959,65.300,1475,676,2261,1768,4.9729,16.7772
1960,65.333,1475,676,2261,1768,5.5637,16.8315
1961,65.367,1475,677,2261,1769,3.9389,15.6535
1962,65.400,1475,676,2262,1769,6.1382,16.0424
1963,65.433,1475,677,2263,1770,7.1234,14.5166
1964,65.467,1475,676,2263,1770,8.6417,15.2713
1965,65.500,1476,676,2263,1772,9.7229,15.2419
1966,65.533,1475,676,2263,1771,10.2283,14.9390
1967,65.567,1475,677,2264,1772,9.3141,13.5922
1968,65.600,1475,677,2263,1772,9.8339,14.2552
1969,65.633,1475,677,2263,1772,9.6926,14.1196
1970,65.667,1475,677,2263,1773,8.2526,14.1078
1971,65.700,1475,678,2264,1773,12.6644,13.9671
1972,65.733,1475,678,2264,1773,12.5237,13.7344
1973,65.767,1475,678,2263,1773,13.5787,13.2656
1974,65.800,1476,678,2263,1773,13.5538,13.2626
1975,65.833,1475,677,2264,1775,15.7645,13.6051
1976,65.867,1475,678,2264,1775,14.4793,14.8289
1977,65.900,1475,677,2264,1777,14.9444,13.5693
1978,65.933,1475,676,2264,1776,15.0677,15.9874
1979,65.967,1475,676,2264,1775,14.3800,14.5335
1980,66.000,1475,675,2262,1774,13.4584,16.3416
1981,66.033,1475,674,2262,1775,15.4433,16.5301
1982,66.067,1479,657,2268,1765,14.9984,10.7874
1983,66.100,1480,658,2268,1766,17.1270,8.9447
1984,66.133,1480,657,2267,1766,17.8335,10.2729
1985,66.167,1474,669,2261,1774,8.3616,12.3401
1986,66.200,1475,668,2260,1774,8.7150,9.9363
1987,66.233,1474,672,2262,1775,5.4045,15.8694
1988,66.267,1474,672,2261,1775,3.7903,16.1242
1989,66.300,1474,672,2260,1776,4.7533,15.6116
1990,66.333,1475,673,2260,1776,6.0544,15.2455
1991,66.367,1475,673,2261,1776,5.8053,15.4915
1992,66.400,1475,673,2262,1776,4.6223,16.0929
1993,66.433,1475,673,2261,1776,4.9184,15.3733
1994,66.467,1475,674,2262,1776,4.2543,16.0363
1995,66.500,1475,673,2262,1776,4.2911,15.9830
1996,66.533,1474,674,2262,1776,3.9425,15.5006
1997,66.567,1474,674,2262,1775,2.6461,15.1583
1998,66.600,1476,681,2261,1775,4.4612,15.7697
1999,66.633,1476,677,2260,1773,4.3653,21.0285
2000,66.667,1476,676,2260,1774,2.1997,20.0756
2001,66.700,1477,678,2260,1773,2.5032,20.0537
2002,66.733,1477,678,2259,1773,2.1743,20.7855
2003,66.767,1477,678,2260,1773,1.1114,20.8834
2004,66.800,1477,679,2260,1773,0.8318,21.1999
2005,66.833,1477,676,2260,1772,-1.4313,21.9234
2006,66.867,1477,675,2260,1772,-0.3573,21.7031
2007,66.900,1478,674,2259,1772,-1.2348,20.9091
2008,66.933,1478,675,2259,1771,0.7722,20.2357
2009,66.967,1479,676,2259,1771,-0.6263,19.7798
2010,67.000,1478,674,2259,1773,-0.0277,17.6211
2011,67.033,1478,673,2259,1773,-1.1593,17.1705
2012,67.067,1479,673,2259,1773,-1.2761,16.2760
2013,67.100,1478,673,2259,1773,1.9123,17.4270
2014,67.133,1479,672,2260,1773,5.1487,15.1053
2015,67.167,1478,671,2261,1773,3.9236,15.5013
2016,67.200,1479,671,2261,1773,5.9781,16.5359
2017,67.233,1478,671,2261,1773,4.0140,15.9738
2018,67.267,1479,671,2261,1774,4.2641,15.5996
2019,67.300,1479,670,2261,1773,6.4468,17.1827
2020,67.333,1479,671,2261,1773,7.2758,18.3185
2021,67.367,1479,670,2261,1773,6.7761,18.0669
2022,67.400,1479,671,2261,1773,7.3703,17.8426
2023,67.433,1479,670,2261,1772,6.9563,19.2133
2024,67.467,1478,669,2260,1773,11.2876,17.1585
2025,67.500,1479,669,2261,1773,11.0941,18.1427
2026,67.533,1478,668,2261,1773,9.9509,17.4178
2027,67.567,1478,669,2261,1774,10.8532,19.5247
2028,67.600,1477,669,2261,1774,9.7746,20.8220
2029,67.633,1477,669,2261,1774,10.5408,20.6658
2030,67.667,1477,669,2261,1773,8.2740,19.4225
2031,67.700,1477,669,2261,1774,8.3340,20.6627
2032,67.733,1478,668,2261,1774,11.1192,19.5408
2033,67.767,1478,669,2261,1774,10.8585,19.6942
2034,67.800,1479,670,2260,1772,11.2015,19.3568
2035,67.833,1479,670,2260,1772,12.6700,22.1129
2036,67.867,1479,670,2260,1772,14.0531,23.2359
2037,67.900,1479,669,2260,1772,15.7922,23.3958
2038,67.933,1479,669,2260,1773,16.2885,22.6824
2039,67.967,1478,670,2260,1774,15.7381,22.9272
2040,68.000,1480,672,2259,1772,18.1413,23.3466
2041,68.033,1480,672,2258,1772,14.6593,22.5453
2042,68.067,1480,672,2258,1773,14.7758,23.5386
2043,68.100,1480,673,2259,1773,18.0282,23.0334
2044,68.133,1480,672,2259,1773,16.4772,24.5724
2045,68.167,1480,671,2259,1772,15.0789,21.9687
2046,68.200,1480,671,2259,1772,15.1758,21.9041
2047,68.233,1480,671,2259,1772,15.0243,22.1622
2048,68.267,1480,671,2259,1772,15.3217,21.7059
2049,68.300,1480,670,2259,1772,17.7834,21.0663
2050,68.333,1481,671,2259,1772,19.7857,21.5390
2051,68.367,1482,670,2258,1770,15.3953,17.1510
2052,68.400,1482,670,2258,1770,14.9475,17.4798
2053,68.433,1482,671,2258,1769,13.5360,17.0847
2054,68.467,1482,671,2258,1768,13.6384,16.1153
2055,68.500,1483,671,2259,1769,13.9110,16.6396
2056,68.533,1483,671,2259,1769,13.7090,15.9582
2057,68.567,1483,671,2259,1769,12.9966,16.3751
2058,68.600,1483,672,2259,1768,11.9580,15.9439
2059,68.633,1483,672,2259,1768,11.6337,16.2864
2060,68.667,1483,672,2259,1768,11.4344,16.3228
2061,68.700,1483,673,2260,1768,12.4505,17.3016
2062,68.733,1483,673,2259,1768,13.5200,17.2259
2063,68.767,1483,673,2259,1768,13.5953,17.8790
2064,68.800,1483,674,2259,1768,10.0480,18.1410
2065,68.833,1482,675,2260,1767,8.9751,18.2191
2066,68.867,1482,674,2260,1767,9.9760,17.7476
2067,68.900,1482,674,2260,1768,6.4884,15.9502
2068,68.933,1482,674,2260,1769,6.8783,15.3850
2069,68.967,1482,676,2261,1770,8.2092,17.9973
2070,69.000,1482,678,2262,1771,7.3024,17.2187
2071,69.033,1482,678,2262,1772,6.9209,16.2948
2072,69.067,1482,677,2262,1772,5.9069,18.0344
2073,69.100,1482,676,2261,1772,3.2135,17.9903
2074,69.133,1482,676,2261,1773,4.5283,17.1948
2075,69.167,1482,676,2261,1773,4.2769,16.8198
2076,69.200,1482,676,2261,1773,3.5425,17.2230
2077,69.233,1482,676,2261,1773,2.8599,17.1789
2078,69.267,1482,677,2261,1773,1.4443,17.5855
2079,69.300,1482,677,2261,1773,1.7767,16.9594
2080,69.333,1482,677,2261,1773,1.1687,16.8860
2081,69.367,1482,677,2260,1773,2.5201,17.4841
2082,69.400,1482,678,2260,1773,1.2195,18.3139
2083,69.433,1482,678,2260,1772,1.0091,19.2926
2084,69.467,1483,678,2260,1771,1.8945,19.4086
2085,69.500,1483,679,2260,1771,2.2481,19.9334
2086,69.533,1483,678,2260,1771,-0.0745,19.0597
2087,69.567,1483,678,2261,1771,1.6053,20.9034
2088,69.600,1483,678,2261,1770,-1.5156,20.5370
2089,69.633,1484,679,2260,1770,-3.6052,17.6003
2090,69.667,1484,679,2260,1770,-6.1370,16.7722
2091,69.700,1483,679,2260,1769,-5.3766,18.8540
2092,69.733,1484,680,2260,1769,-7.0137,18.9460
2093,69.767,1484,680,2260,1769,-6.6865,18.9728
2094,69.800,1484,680,2260,1768,-6.4565,17.3092
2095,69.833,1483,680,2259,1768,-6.1634,17.8913
2096,69.867,1483,680,2260,1768,-5.3859,18.3251
2097,69.900,1483,680,2259,1768,-6.0184,17.8560
2098,69.933,1483,680,2259,1768,-6.1193,17.3729
2099,69.967,1483,680,2259,1768,-6.0900,17.3450
2100,70.000,1483,679,2259,1768,-4.6115,18.5341
2101,70.033,1483,679,2259,1769,-2.5404,17.3764
2102,70.067,1483,679,2259,1769,-1.8702,16.9480
2103,70.100,1483,679,2258,1769,-3.9072,16.5466
2104,70.133,1483,680,2259,1768,6.0676,19.5356
2105,70.167,1482,680,2260,1769,6.3401,18.9773
2106,70.200,1482,679,2260,1769,7.9264,18.4343
2107,70.233,1482,677,2260,1768,4.3584,17.1433
2108,70.267,1482,677,2260,1769,4.0355,17.0280
2109,70.300,1482,677,2260,1769,4.4406,17.9919
2110,70.333,1482,678,2260,1769,4.2323,16.9425
2111,70.367,1482,677,2260,1769,4.1280,18.0440
2112,70.400,1481,677,2260,1770,6.1089,16.2709
2113,70.433,1483,681,2258,1769,6.6942,2.4293
2114,70.467,1483,682,2259,1769,8.5126,1.8454
2115,70.500,1482,675,2258,1769,17.1199,9.8064
2116,70.533,1480,678,2259,1768,13.1762,12.1610
2117,70.567,1481,675,2259,1768,11.1178,9.7696
2118,70.600,1479,673,2259,1769,11.2069,14.1045
2119,70.633,1480,675,2259,1768,12.3968,17.2061
2120,70.667,1480,675,2259,1768,12.4427,17.6822
2121,70.700,1480,675,2260,1768,13.0450,17.4641
2122,70.733,1483,671,2260,1771,12.7589,7.3674
2123,70.767,1483,673,2261,1771,17.1027,6.2737
2124,70.800,1481,672,2261,1770,14.0870,9.6916
2125,70.833,1481,675,2260,1770,11.7088,11.4405
2126,70.867,1481,674,2260,1770,8.4336,11.3631
2127,70.900,1480,674,2260,1770,11.0704,16.9995
2128,70.933,1480,675,2260,1770,12.3679,17.9424
2129,70.967,1480,676,2260,1770,14.4360,17.8361
2130,71.000,1481,673,2260,1771,14.1348,16.4946
2131,71.033,1481,672,2261,1771,14.6612,17.0150
2132,71.067,1481,672,2260,1771,16.1704,14.7577
2133,71.100,1481,672,2261,1771,14.7711,17.0201
2134,71.133,1481,672,2261,1771,13.6821,17.5519
2135,71.167,1481,673,2261,1771,13.8288,18.3652
2136,71.200,1481,673,2260,1771,11.0206,20.7845
2137,71.233,1480,672,2258,1772,1.4682,20.0661
2138,71.267,1480,672,2259,1771,1.9077,20.1914
2139,71.300,1480,672,2259,1770,2.4007,19.2596
2140,71.333,1480,672,2258,1770,3.0704,20.5034
2141,71.367,1480,672,2259,1771,2.3389,20.1282
2142,71.400,1480,672,2258,1770,2.5480,20.3503
2143,71.433,1480,672,2258,1769,2.5897,20.2276
2144,71.467,1480,672,2258,1769,2.2448,18.6352
2145,71.500,1480,672,2259,1769,2.3064,18.9168
2146,71.533,1480,673,2259,1768,3.2221,19.5104
2147,71.567,1480,674,2258,1768,2.0329,22.0508
2148,71.600,1480,672,2258,1769,-2.0068,21.4369
2149,71.633,1481,672,2258,1770,-4.6657,22.7869
2150,71.667,1481,672,2259,1771,-2.4103,21.7124
2151,71.700,1481,672,2259,1772,-3.5842,23.2716
2152,71.733,1481,673,2259,1772,-5.2017,20.4484
2153,71.767,1483,674,2259,1774,-1.1694,9.1754
2154,71.800,1480,671,2262,1772,-1.5471,9.2609
2155,71.833,1481,669,2264,1772,-1.5507,7.7596
2156,71.867,1482,675,2261,1771,-6.8881,12.9795
2157,71.900,1481,675,2260,1771,-7.5225,21.5391
2158,71.933,1482,676,2259,1771,-8.2547,21.5844
2159,71.967,1483,676,2259,1770,-6.0642,19.0574
2160,72.000,1482,677,2259,1770,-6.9435,18.7582
2161,72.033,1482,675,2259,1772,-8.2831,20.4618
2162,72.067,1482,675,2259,1772,-5.5638,21.3518
2163,72.100,1481,674,2259,1774,1.1524,22.6078
2164,72.133,1481,674,2260,1774,3.5826,22.3073
2165,72.167,1481,673,2260,1775,2.0167,23.1026
2166,72.200,1481,673,2260,1775,2.0909,23.2320
2167,72.233,1481,673,2259,1775,2.6711,22.7696
2168,72.267,1481,672,2260,1775,4.6549,22.2633
2169,72.300,1481,672,2259,1775,3.3299,23.0101
2170,72.333,1481,672,2260,1775,6.0944,23.2930
2171,72.367,1481,672,2260,1774,7.0068,21.7953
2172,72.400,1481,672,2260,1775,8.2318,21.7504
2173,72.433,1481,674,2260,1776,6.9368,21.3238
2174,72.467,1481,674,2261,1777,8.9254,22.2875
2175,72.500,1481,676,2261,1777,9.9379,20.4164
2176,72.533,1480,675,2260,1777,11.2545,23.5648
2177,72.567,1480,677,2260,1779,13.7615,21.6151
2178,72.600,1481,679,2262,1778,12.9299,19.2487
2179,72.633,1481,680,2261,1777,12.5865,18.4940
2180,72.667,1481,680,2261,1777,12.2138,18.4766
2181,72.700,1481,679,2261,1778,9.3940,17.5562
2182,72.733,1481,680,2261,1778,10.3290,18.3239
2183,72.767,1481,680,2260,1777,9.7164,18.7368
2184,72.800,1481,680,2260,1778,7.3245,17.7369
2185,72.833,1481,680,2260,1778,6.8634,17.6267
2186,72.867,1481,680,2260,1777,7.7513,19.1208
2187,72.900,1481,680,2260,1777,7.4809,19.3097
2188,72.933,1481,680,2260,1777,6.5278,19.3424
2189,72.967,1481,680,2260,1777,6.6751,19.8287
2190,73.000,1481,678,2260,1779,5.6341,20.1078
2191,73.033,1481,678,2261,1777,7.3418,20.5737
2192,73.067,1481,678,2260,1777,7.8362,22.3035
2193,73.100,1481,678,2260,1777,7.1873,22.5754
2194,73.133,1481,678,2260,1777,7.7797,22.2889
2195,73.167,1481,677,2260,1777,5.0475,20.9453
2196,73.200,1481,677,2259,1777,2.5161,22.5487
2197,73.233,1482,679,2258,1777,-3.0750,20.7397
2198,73.267,1482,679,2259,1777,-3.3956,21.3113
2199,73.300,1482,679,2259,1776,-3.0129,21.2067
2200,73.333,1482,680,2259,1775,-3.6867,18.7334
2201,73.367,1482,680,2259,1776,-3.3830,17.4419
2202,73.400,1483,680,2259,1775,-2.2905,20.6486
2203,73.433,1482,680,2260,1775,-3.0795,21.7149
2204,73.467,1482,680,2260,1776,-4.8125,19.6636
2205,73.500,1482,680,2260,1775,-4.8975,21.1867
2206,73.533,1481,680,2260,1775,-5.3792,21.4896
2207,73.567,1481,680,2261,1775,-4.5198,21.4924
2208,73.600,1481,680,2261,1775,-3.9864,21.4223
2209,73.633,1481,679,2261,1775,-4.4065,20.3007
2210,73.667,1480,679,2261,1775,-4.6840,21.3802
2211,73.700,1480,679,2261,1775,-4.4802,21.2777
2212,73.733,1480,680,2261,1775,-3.7598,21.2046
2213,73.767,1480,680,2261,1775,-3.7577,21.0976
2214,73.800,1480,680,2261,1774,-4.8642,20.2336
2215,73.833,1480,679,2261,1774,-3.0591,20.7490
2216,73.867,1480,679,2261,1774,-3.0384,20.7370
2217,73.900,1480,679,2260,1774,-2.1777,19.1890
2218,73.933,1480,680,2260,1773,-4.0854,21.0508
2219,73.967,1480,679,2260,1773,-2.4621,19.6717
2220,74.000,1480,679,2259,1772,-5.6712,19.5755
2221,74.033,1480,678,2259,1772,-4.2284,21.8642
2222,74.067,1480,679,2259,1772,-5.8001,20.3567
2223,74.100,1480,678,2259,1772,-3.2397,23.4363
2224,74.133,1480,680,2259,1773,-0.7176,24.9741
2225,74.167,1479,679,2259,1773,0.1681,24.7356
2226,74.200,1479,679,2259,1773,0.4268,24.5358
2227,74.233,1479,678,2259,1773,1.5897,23.3530
2228,74.267,1479,678,2259,1774,2.1389,23.5679
2229,74.300,1479,676,2259,1773,5.1427,26.4406
2230,74.333,1479,677,2259,1774,5.5580,24.7171
2231,74.367,1480,677,2259,1774,6.4135,25.3350
2232,74.400,1479,676,2259,1773,6.0272,26.3197
2233,74.433,1479,676,2259,1773,5.8730,25.6402
2234,74.467,1480,677,2259,1773,6.4013,24.7375
2235,74.500,1480,677,2259,1773,5.0736,24.7399
2236,74.533,1480,676,2259,1773,4.9531,24.8204
2237,74.567,1480,677,2260,1773,3.3404,24.1703
2238,74.600,1480,678,2259,1773,4.5602,23.4960
2239,74.633,1481,678,2259,1773,5.0606,23.2929
2240,74.667,1481,677,2259,1772,4.6401,23.6628
2241,74.700,1481,677,2260,1772,5.2826,24.3980
2242,74.733,1481,677,2260,1772,4.5940,24.1768
2243,74.767,1481,676,2260,1772,5.5334,26.7878
2244,74.800,1481,676,2260,1772,5.2782,26.1337
2245,74.833,1481,677,2260,1772,4.6034,24.3766
2246,74.867,1481,676,2259,1773,-1.3970,23.9462
2247,74.900,1481,676,2260,1773,-2.3537,24.1338
2248,74.933,1481,676,2260,1774,-2.6432,24.1516
2249,74.967,1481,676,2261,1774,-1.9564,23.6966
2250,75.000,1482,676,2260,1773,-7.3231,23.2392
2251,75.033,1482,676,2259,1773,-6.0209,22.1277
2252,75.067,1481,676,2259,1774,4.7752,23.7574
2253,75.100,1482,678,2258,1773,16.1637,21.6000
2254,75.133,1482,678,2258,1773,15.6118,22.0406
2255,75.167,1482,679,2258,1773,13.9854,23.2558
2256,75.200,1482,678,2257,1773,15.5564,21.3899
2257,75.233,1482,679,2258,1773,14.6328,22.1747
2258,75.267,1483,679,2258,1772,15.5614,21.5386
2259,75.300,1483,680,2258,1773,14.6362,22.4724
2260,75.333,1483,680,2258,1773,14.5335,22.5132
2261,75.367,1483,680,2259,1773,14.3426,22.1038
2262,75.400,1483,681,2258,1773,14.4777,22.1715
2263,75.433,1483,681,2259,1773,14.2832,23.2050
2264,75.467,1483,679,2259,1773,14.3471,23.1195
2265,75.500,1483,679,2260,1773,11.6121,21.4343
2266,75.533,1483,678,2260,1773,8.7090,19.7397
2267,75.567,1483,678,2260,1774,8.7927,20.7931
2268,75.600,1483,678,2260,1774,8.3104,20.4031
2269,75.633,1483,677,2260,1775,7.9792,21.4308
2270,75.667,1483,677,2261,1775,9.1626,21.1507
2271,75.700,1484,679,2260,1776,7.2493,23.0156
2272,75.733,1484,678,2261,1776,5.4933,22.1435
2273,75.767,1484,679,2260,1776,5.2160,22.2003
2274,75.800,1485,681,2260,1775,5.8261,20.8308
2275,75.833,1485,682,2260,1774,6.0177,21.4737
2276,75.867,1485,682,2260,1774,5.8785,21.6743
2277,75.900,1485,682,2260,1774,5.7703,21.5661
2278,75.933,1484,682,2260,1774,5.6380,22.1160
2279,75.967,1484,682,2260,1774,6.1824,22.2935
2280,76.000,1484,681,2261,1775,6.9763,20.6110
2281,76.033,1484,682,2261,1775,6.8266,20.1827
2282,76.067,1484,681,2261,1775,7.8932,20.7104
2283,76.100,1484,681,2261,1775,7.9051,20.5542
2284,76.133,1483,681,2261,1776,6.5715,19.7615
2285,76.167,1483,681,2261,1776,7.0257,19.6745
2286,76.200,1483,681,2261,1776,7.1298,19.7572
2287,76.233,1483,681,2261,1775,6.0799,19.7973
2288,76.267,1483,680,2261,1775,4.1427,19.3299
2289,76.300,1483,679,2261,1775,4.3208,20.2448
2290,76.333,1483,679,2260,1775,2.6678,20.9739
2291,76.367,1483,679,2260,1775,2.2675,20.4461
2292,76.400,1483,679,2260,1775,2.5647,20.9399
2293,76.433,1483,678,2260,1774,3.8558,19.7110
2294,76.467,1483,678,2260,1775,3.1465,18.9684
2295,76.500,1483,678,2260,1774,3.2645,19.4406
2296,76.533,1482,678,2260,1774,3.2400,17.8068
2297,76.567,1482,677,2260,1774,2.4252,18.5411
2298,76.600,1482,678,2260,1774,1.2653,18.4711
2299,76.633,1482,678,2260,1773,1.5402,18.3107
2300,76.667,1482,678,2260,1773,1.4720,18.1100
2301,76.700,1482,679,2259,1773,2.6442,17.9314
2302,76.733,1482,681,2260,1773,1.5860,17.1053
2303,76.767,1482,681,2260,1773,2.1846,17.2360
2304,76.800,1481,680,2259,1772,1.6341,17.3711
2305,76.833,1481,681,2259,1772,1.0606,17.6987
2306,76.867,1482,681,2259,1773,1.9074,16.6315
2307,76.900,1481,681,2259,1773,1.6549,17.9096
2308,76.933,1481,681,2259,1772,3.1316,18.1962
2309,76.967,1481,680,2259,1772,4.5464,17.7413
2310,77.000,1482,680,2260,1772,8.0137,18.7568
2311,77.033,1482,680,2260,1772,7.6350,19.3466
2312,77.067,1482,681,2260,1771,8.2985,17.8458
2313,77.100,1482,681,2260,1771,8.7195,18.7313
2314,77.133,1482,681,2259,1770,8.8409,17.5325
2315,77.167,1482,680,2259,1770,9.5766,16.7904
2316,77.200,1482,680,2259,1770,9.4094,16.7302
2317,77.233,1482,680,2259,1771,9.4981,16.4358
2318,77.267,1482,679,2260,1772,9.7147,16.7186
2319,77.300,1482,679,2258,1772,2.3153,17.5692
2320,77.333,1482,678,2259,1772,3.6383,18.9433
2321,77.367,1482,678,2259,1772,4.2282,18.9438
2322,77.400,1482,678,2259,1772,4.0500,18.7998
2323,77.433,1482,678,2259,1773,2.1472,18.3102
2324,77.467,1481,678,2259,1773,4.1244,18.2557
2325,77.500,1482,678,2260,1772,1.4763,19.5860
2326,77.533,1481,679,2259,1771,2.2239,19.6731
2327,77.567,1482,679,2259,1771,0.2877,20.6807
2328,77.600,1481,680,2258,1770,-2.3348,21.2930
2329,77.633,1481,680,2258,1771,-5.0271,19.7463
2330,77.667,1481,680,2258,1771,-6.9345,19.0747
2331,77.700,1481,680,2258,1771,-7.4281,19.7689
2332,77.733,1481,680,2258,1771,-7.2723,19.9807
2333,77.767,1482,680,2258,1771,-7.0803,18.7760
2334,77.800,1482,680,2258,1770,-7.1765,19.5284
2335,77.833,1481,678,2259,1771,-6.8016,19.9255
2336,77.867,1481,678,2259,1772,-7.5090,18.6857
2337,77.900,1481,677,2259,1771,-8.7122,19.9739
2338,77.933,1481,677,2260,1771,-7.7823,18.4570
2339,77.967,1482,678,2259,1771,-7.2916,18.2264
2340,78.000,1482,680,2259,1772,-6.0902,20.6331
2341,78.033,1482,680,2259,1772,-6.1414,20.5399
2342,78.067,1482,680,2259,1773,-5.7534,19.8527
2343,78.100,1482,679,2258,1772,-5.8190,17.9433
2344,78.133,1482,679,2258,1771,-3.0055,19.0500
2345,78.167,1482,680,2258,1770,-0.9574,19.0027
2346,78.200,1483,680,2258,1770,1.4056,19.0333
2347,78.233,1483,680,2258,1770,0.4715,19.0715
2348,78.267,1483,680,2258,1770,0.5618,19.7529
2349,78.300,1483,679,2258,1770,0.0491,19.1443
2350,78.333,1483,680,2258,1770,-0.3284,19.4192
2351,78.367,1483,679,2258,1771,-1.3277,18.7783
2352,78.400,1483,679,2258,1771,-0.5042,19.5041
2353,78.433,1483,680,2259,1771,1.4868,20.8335
2354,78.467,1483,680,2259,1771,1.7068,21.0015
2355,78.500,1484,679,2259,1771,5.9142,20.4595
2356,78.533,1484,678,2259,1772,10.0997,19.0047
2357,78.567,1483,679,2260,1773,9.4223,20.2325
2358,78.600,1483,679,2260,1773,9.9280,18.3249
2359,78.633,1483,679,2260,1773,10.4273,18.4306
2360,78.667,1482,678,2260,1775,7.6735,16.4580
2361,78.700,1482,679,2260,1776,8.1341,17.9217
2362,78.733,1482,679,2260,1775,8.7316,18.7776
2363,78.767,1482,678,2260,1775,9.4219,18.6299
2364,78.800,1482,679,2260,1775,7.9867,22.2563
2365,78.833,1482,679,2260,1776,7.4910,20.6428
2366,78.867,1482,679,2260,1775,6.2602,22.1979
2367,78.900,1482,679,2260,1776,7.7370,21.3322
2368,78.933,1482,678,2260,1776,6.6595,20.9038
2369,78.967,1483,678,2260,1776,4.3852,21.9193
2370,79.000,1483,676,2261,1777,3.5655,21.5693
2371,79.033,1483,677,2261,1777,4.9576,20.7703
2372,79.067,1483,677,2261,1777,4.8629,20.9055
2373,79.100,1483,678,2261,1777,6.6137,20.2978
2374,79.133,1483,678,2260,1777,3.0444,21.1136
2375,79.167,1482,676,2265,1779,3.3696,10.3105
2376,79.200,1482,676,2265,1779,5.6960,11.6751
2377,79.233,1482,675,2264,1779,7.8228,8.6439
2378,79.267,1483,677,2264,1778,4.5410,10.0931
2379,79.300,1483,676,2263,1777,2.3200,10.4285
2380,79.333,1481,677,2262,1778,1.2148,12.4616
2381,79.367,1481,678,2263,1778,2.4629,16.2105
2382,79.400,1482,677,2262,1778,3.5866,15.0042
2383,79.433,1483,679,2261,1777,4.0871,17.3367
2384,79.467,1483,678,2261,1776,2.5441,18.5677
2385,79.500,1483,678,2260,1777,3.1869,18.7596
2386,79.533,1483,678,2260,1775,4.3454,19.8462
2387,79.567,1483,677,2260,1775,2.8860,18.9835
2388,79.600,1483,676,2260,1774,3.5326,16.0143
2389,79.633,1482,675,2259,1775,5.9616,17.5380
2390,79.667,1482,676,2260,1774,10.3139,16.7812
2391,79.700,1482,675,2260,1774,11.0569,15.8986
2392,79.733,1482,675,2260,1772,9.0003,17.3568
2393,79.767,1482,676,2260,1772,9.1613,18.2037
2394,79.800,1482,677,2260,1771,9.6711,17.3820
2395,79.833,1482,678,2260,1770,8.2466,17.7252
2396,79.867,1481,679,2260,1770,11.3114,18.1177
2397,79.900,1481,678,2260,1770,7.3745,16.9425
2398,79.933,1481,680,2260,1770,11.0460,16.9898
2399,79.967,1481,680,2260,1770,11.1798,17.0556
2400,80.000,1481,676,2259,1770,14.8364,15.8708
2401,80.033,1482,676,2260,1770,16.6092,15.7919
2402,80.067,1482,675,2260,1770,16.5117,14.9701
2403,80.100,1482,675,2260,1770,16.3407,15.3459
2404,80.133,1482,675,2260,1769,15.7779,15.0320
2405,80.167,1483,676,2260,1770,15.8116,14.1936
2406,80.200,1483,675,2260,1770,16.2676,12.8504
2407,80.233,1483,676,2259,1768,16.0346,11.7180
2408,80.267,1483,676,2260,1769,16.2728,11.5806
2409,80.300,1483,676,2260,1769,15.7829,12.0979
2410,80.333,1483,676,2260,1769,16.1520,11.9899
2411,80.367,1483,676,2260,1768,15.5213,12.9608
2412,80.400,1483,675,2260,1768,16.5198,11.9730
2413,80.433,1483,675,2260,1768,16.0312,11.6880
2414,80.467,1483,675,2260,1768,16.3397,11.6665
2415,80.500,1483,675,2260,1768,16.4158,11.8771
2416,80.533,1483,674,2260,1768,18.1719,12.4844
2417,80.567,1483,675,2260,1768,14.4635,13.8160
2418,80.600,1483,674,2261,1769,13.5198,10.8240
2419,80.633,1484,674,2263,1770,5.7451,-0.1540
2420,80.667,1484,674,2263,1770,7.4725,-0.7267
2421,80.700,1489,660,2269,1763,6.7603,8.3167
2422,80.733,1484,671,2263,1766,14.7504,4.2763
2423,80.767,1484,672,2263,1767,14.5518,7.3016
2424,80.800,1482,675,2261,1766,9.4637,11.8525
2425,80.833,1482,674,2259,1767,13.0172,13.8921
2426,80.867,1482,676,2260,1767,12.7386,16.7158
2427,80.900,1482,676,2260,1767,10.2665,17.7558
2428,80.933,1482,677,2261,1767,14.2574,17.0946
2429,80.967,1482,676,2261,1768,13.5240,17.0501
2430,81.000,1482,676,2260,1770,10.6765,14.7346
2431,81.033,1482,675,2260,1770,12.5389,15.5014
2432,81.067,1482,675,2260,1770,12.4634,15.3658
2433,81.100,1482,675,2260,1770,12.0616,15.2487
2434,81.133,1482,675,2260,1770,12.0226,16.0019
2435,81.167,1482,676,2260,1770,12.5966,15.3859
2436,81.200,1482,676,2260,1770,12.3774,15.1832
2437,81.233,1482,676,2260,1770,12.2866,15.3366
2438,81.267,1482,676,2260,1770,11.6888,15.3118
2439,81.300,1482,676,2260,1770,11.8996,14.6259
2440,81.333,1482,675,2261,1770,12.1192,14.5979
2441,81.367,1482,676,2261,1770,12.4628,13.7440
2442,81.400,1482,675,2261,1771,11.0860,12.9771
2443,81.433,1482,675,2260,1770,13.0151,13.4434
2444,81.467,1482,675,2260,1770,12.9231,13.6790
2445,81.500,1482,675,2260,1770,12.6453,13.4890
2446,81.533,1482,675,2260,1771,10.3029,13.1217
2447,81.567,1482,673,2260,1772,13.3112,12.4174
2448,81.600,1483,674,2260,1771,13.3693,13.1272
2449,81.633,1482,674,2260,1771,13.0711,13.2966
2450,81.667,1483,675,2260,1772,14.9563,12.2816
2451,81.700,1483,675,2260,1772,15.3817,12.4960
2452,81.733,1483,675,2260,1773,16.1514,12.2547
2453,81.767,1483,675,2260,1773,16.4522,12.1841
2454,81.800,1484,676,2260,1774,16.1343,13.1039
2455,81.833,1484,676,2260,1774,15.1761,13.2855
2456,81.867,1483,676,2260,1774,12.9426,13.0634
2457,81.900,1483,675,2260,1774,16.8380,12.5035
2458,81.933,1483,675,2260,1774,17.0190,12.4155
2459,81.967,1483,675,2260,1775,17.2440,12.9968
2460,82.000,1483,673,2260,1773,11.8561,14.4385
2461,82.033,1483,672,2260,1773,10.7945,14.5137
2462,82.067,1483,671,2260,1774,14.8584,13.1632
2463,82.100,1483,671,2260,1774,14.6981,13.3540
2464,82.133,1483,671,2260,1774,13.7370,14.0470
2465,82.167,1483,670,2261,1774,12.9200,13.3750
2466,82.200,1483,673,2260,1775,1.9118,15.4399
2467,82.233,1483,673,2260,1774,3.2274,15.9682
2468,82.267,1483,673,2260,1775,0.3537,17.6980
2469,82.300,1483,673,2260,1775,-0.1751,18.0780
2470,82.333,1483,672,2260,1775,-0.3198,17.3820
2471,82.367,1483,672,2260,1775,-1.9874,18.3050
2472,82.400,1483,670,2260,1775,-2.9860,17.1383
2473,82.433,1483,670,2260,1775,-4.1116,18.6962
2474,82.467,1483,670,2260,1775,-4.3475,18.2592
2475,82.500,1483,670,2260,1775,-5.0781,18.9294
2476,82.533,1483,671,2260,1774,-5.2579,19.4312
2477,82.567,1484,673,2260,1773,-4.7663,20.7779
2478,82.600,1484,673,2260,1773,-4.5668,21.7234
2479,82.633,1484,674,2260,1773,-4.3679,19.6318
2480,82.667,1483,675,2260,1773,-3.5424,19.3231
2481,82.700,1483,675,2260,1772,-2.2657,19.0641
2482,82.733,1482,676,2260,1772,-1.0716,19.7176
2483,82.767,1482,676,2260,1770,-1.2084,20.9457
2484,82.800,1482,677,2259,1770,-0.8754,21.1188
2485,82.833,1482,678,2260,1770,-1.1013,20.6335
2486,82.867,1482,678,2260,1770,-1.3960,21.5141
2487,82.900,1482,678,2260,1770,-1.2469,21.9026
2488,82.933,1482,678,2260,1770,-0.8280,21.4829
2489,82.967,1482,678,2260,1770,-1.3141,21.8028
2490,83.000,1483,680,2261,1772,2.7369,21.2726
2491,83.033,1483,680,2261,1772,3.0444,21.0043
2492,83.067,1483,680,2261,1772,2.8705,21.6097
2493,83.100,1483,681,2261,1772,1.0356,20.7977
2494,83.133,1483,680,2261,1771,2.0061,20.0832
2495,83.167,1483,680,2261,1771,2.0865,19.3246
2496,83.200,1483,680,2261,1771,1.7125,19.6875
2497,83.233,1483,681,2260,1771,0.2212,20.4702
2498,83.267,1483,681,2261,1771,-0.7648,19.6372
2499,83.300,1483,680,2261,1770,0.1392,20.2183
2500,83.333,1483,679,2261,1768,-3.0136,20.8906
2501,83.367,1483,679,2261,1769,-1.9160,20.6758
2502,83.400,1483,679,2260,1767,-4.1504,21.2339
2503,83.433,1483,678,2260,1766,-6.3929,18.9032
2504,83.467,1483,677,2260,1766,-6.7942,18.8911
2505,83.500,1482,677,2260,1766,-4.8833,19.7728
2506,83.533,1483,677,2259,1766,-3.8078,19.6103
2507,83.567,1483,678,2259,1767,-5.5156,19.1628
2508,83.600,1483,678,2259,1767,-5.7377,19.8515
2509,83.633,1483,678,2259,1767,-6.2853,20.1587
2510,83.667,1483,678,2259,1767,-7.1976,19.1995
2511,83.700,1483,678,2259,1767,-8.1221,18.6120
2512,83.733,1483,678,2259,1767,-8.3778,17.6807
2513,83.767,1483,678,2259,1767,-8.4164,18.2083
2514,83.800,1483,678,2259,1767,-8.2908,18.5397
2515,83.833,1482,677,2259,1767,-7.0517,20.9024
2516,83.867,1482,677,2259,1766,-7.2780,18.6172
2517,83.900,1482,677,2259,1766,-7.4186,18.4206
2518,83.933,1483,677,2259,1765,-7.5583,17.0189
2519,83.967,1483,677,2259,1766,-6.8486,18.0718
2520,84.000,1482,678,2259,1765,-6.3247,16.9596
2521,84.033,1483,677,2259,1766,-7.6667,17.1588
2522,84.067,1483,678,2259,1766,-8.3670,16.9056
2523,84.100,1483,677,2259,1765,-7.6143,16.7652
2524,84.133,1483,678,2259,1765,-6.6128,16.9759
2525,84.167,1483,679,2259,1766,-6.7870,15.2679
2526,84.200,1483,679,2259,1766,-7.0872,15.5492
2527,84.233,1483,680,2260,1767,-6.5874,17.6109
2528,84.267,1484,680,2260,1767,-8.1722,17.4422
2529,84.300,1484,679,2260,1767,-7.8351,17.1098
2530,84.333,1485,679,2260,1767,-8.2604,17.4798
2531,84.367,1485,679,2260,1767,-8.7689,17.8517
2532,84.400,1485,679,2260,1767,-6.7123,18.0241
2533,84.433,1485,679,2260,1767,-4.9333,18.4399
2534,84.467,1485,679,2260,1767,-4.4902,18.7423
2535,84.500,1484,679,2260,1767,-3.6174,18.5175
2536,84.533,1485,679,2260,1767,-4.2386,18.9062
2537,84.567,1484,680,2260,1767,-4.4901,18.8626
2538,84.600,1484,681,2260,1768,-3.8136,20.1209
2539,84.633,1484,682,2260,1769,-2.9863,21.3525
2540,84.667,1484,682,2260,1769,-2.3676,20.5853
2541,84.700,1484,683,2260,1768,-3.1597,20.7465
2542,84.733,1484,683,2260,1769,-2.8370,20.3602
2543,84.767,1484,683,2260,1768,-1.6566,20.3287
2544,84.800,1484,683,2260,1768,-0.7403,20.1548
2545,84.833,1484,683,2260,1768,-1.5785,20.6797
2546,84.867,1484,682,2261,1769,-2.2727,20.6046
2547,84.900,1484,683,2261,1769,-3.0099,21.5812
2548,84.933,1484,683,2260,1768,-1.4949,20.9974
2549,84.967,1484,683,2260,1768,-2.2556,20.9942
2550,85.000,1484,683,2259,1767,-1.4690,22.0447
2551,85.033,1484,684,2260,1767,-1.9900,21.0036
2552,85.067,1484,684,2260,1767,-0.6441,21.3849
2553,85.100,1484,684,2260,1768,-1.9274,21.6783
2554,85.133,1484,685,2260,1767,-2.2610,20.8005
2555,85.167,1484,686,2259,1767,-2.0918,22.0441
2556,85.200,1484,684,2259,1767,-2.4634,22.3296
2557,85.233,1484,684,2259,1767,-1.7812,22.4832
2558,85.267,1484,682,2259,1768,-3.0234,20.8534
2559,85.300,1485,681,2258,1768,-2.8397,24.0473
2560,85.333,1484,681,2259,1769,-3.7278,23.4006
2561,85.367,1484,681,2259,1769,-3.5474,23.1375
2562,85.400,1484,680,2259,1769,-2.6085,23.3709
2563,85.433,1484,680,2259,1769,-2.6867,23.1551
2564,85.467,1484,680,2257,1769,-2.4754,23.5698
2565,85.500,1485,680,2257,1768,1.3277,21.2976
2566,85.533,1484,680,2258,1769,2.1336,22.6553
2567,85.567,1484,679,2259,1770,3.3811,21.7332
2568,85.600,1484,679,2260,1770,1.4777,22.5005
2569,85.633,1484,679,2260,1770,1.7402,22.3105
2570,85.667,1483,679,2260,1771,2.1371,23.2077
2571,85.700,1483,679,2261,1772,2.7639,25.0028
2572,85.733,1483,678,2261,1772,2.0440,24.1476
2573,85.767,1483,678,2261,1772,3.5511,22.9820
2574,85.800,1483,678,2261,1772,1.5167,21.1306
2575,85.833,1483,679,2261,1772,1.9115,19.2172
2576,85.867,1482,672,2262,1772,3.2444,17.5086
2577,85.900,1482,672,2262,1772,3.0762,16.9930
2578,85.933,1482,672,2262,1773,3.3722,17.3287
2579,85.967,1481,672,2262,1772,4.7479,16.5762
2580,86.000,1481,673,2261,1772,1.8157,17.4321
2581,86.033,1482,673,2261,1772,3.2250,15.6078
2582,86.067,1481,673,2261,1772,1.8299,17.0804
2583,86.100,1481,673,2261,1772,1.9561,17.1349
2584,86.133,1481,673,2261,1772,2.8900,16.9106
2585,86.167,1481,673,2261,1771,3.3669,16.2747
2586,86.200,1481,673,2260,1771,6.3402,16.1571
2587,86.233,1481,673,2260,1772,7.4489,16.3395
2588,86.267,1482,674,2261,1771,8.4730,16.6685
2589,86.300,1482,674,2261,1772,7.0193,16.9502
2590,86.333,1482,673,2261,1772,7.1303,17.5262
2591,86.367,1482,674,2261,1772,6.5086,17.0672
2592,86.400,1482,674,2261,1771,7.7909,16.6399
2593,86.433,1482,675,2261,1772,9.9657,17.5922
2594,86.467,1482,674,2261,1772,8.4571,17.1276
2595,86.500,1482,675,2261,1771,7.8135,16.8609
2596,86.533,1483,675,2261,1772,8.0711,16.7422
2597,86.567,1482,675,2261,1773,8.2739,17.6947
2598,86.600,1482,675,2261,1772,5.5135,17.7943
2599,86.633,1482,675,2261,1773,4.8378,16.6507
2600,86.667,1482,676,2261,1773,3.8836,18.8520
2601,86.700,1482,676,2261,1772,5.3669,18.7459
2602,86.733,1482,676,2261,1772,5.4496,18.3715
2603,86.767,1482,676,2261,1773,3.9881,18.9330
2604,86.800,1482,676,2261,1773,3.5371,19.0965
2605,86.833,1482,677,2262,1773,4.3513,20.1820
2606,86.867,1482,677,2261,1773,4.2391,19.4251
2607,86.900,1482,677,2261,1773,3.9737,20.1987
2608,86.933,1482,678,2262,1773,2.4905,20.4449
2609,86.967,1482,678,2261,1773,3.9908,19.6520
2610,87.000,1483,677,2260,1773,7.1115,19.5359
2611,87.033,1482,677,2261,1773,10.3183,19.9495
2612,87.067,1483,678,2261,1773,10.7585,19.3239
2613,87.100,1483,678,2261,1773,11.7004,19.3693
2614,87.133,1482,678,2261,1773,11.5391,20.3915
2615,87.167,1483,678,2261,1773,13.5336,20.5624
2616,87.200,1483,678,2261,1773,13.1761,20.5014
2617,87.233,1483,677,2260,1773,10.8900,18.8506
2618,87.267,1483,678,2261,1773,12.5000,20.2024
2619,87.300,1483,678,2260,1772,12.6030,18.5115
2620,87.333,1483,678,2261,1772,13.7238,20.0102
2621,87.367,1483,679,2261,1772,12.8716,19.8738
2622,87.400,1483,678,2261,1772,13.2684,19.7829
2623,87.433,1483,678,2261,1773,13.8735,19.0988
2624,87.467,1484,678,2261,1773,12.3018,18.5887
2625,87.500,1484,678,2261,1772,13.1700,18.5494
2626,87.533,1484,678,2261,1772,12.6242,18.5278
2627,87.567,1483,678,2261,1772,13.3420,21.0522
2628,87.600,1483,678,2261,1772,13.4865,21.0462
2629,87.633,1483,678,2261,1772,14.0555,20.8410
2630,87.667,1483,679,2262,1772,11.8672,20.0188
2631,87.700,1483,677,2260,1772,5.7735,19.9814
2632,87.733,1483,677,2260,1772,2.5948,20.0985
2633,87.767,1483,677,2260,1771,3.3307,20.3577
2634,87.800,1482,677,2260,1772,2.9221,19.9822
2635,87.833,1482,678,2260,1772,4.0760,19.9389
2636,87.867,1482,677,2260,1772,3.2919,20.4700
2637,87.900,1482,677,2260,1772,3.1180,20.6119
2638,87.933,1482,678,2258,1772,-0.6585,9.5268
2639,87.967,1483,679,2258,1772,-1.1131,9.8620
2640,88.000,1483,675,2264,1773,-0.4973,10.1987
2641,88.033,1483,678,2261,1772,-7.8293,9.0743
2642,88.067,1483,676,2260,1772,-7.8484,7.8130
2643,88.100,1482,678,2260,1771,-7.3048,10.8324
2644,88.133,1483,679,2260,1772,-6.3246,12.2026
2645,88.167,1483,678,2260,1772,-6.4030,14.8767
2646,88.200,1482,678,2260,1772,-6.9704,13.9206
2647,88.233,1482,678,2261,1772,-7.6319,14.9375
2648,88.267,1483,678,2260,1772,-7.9883,13.5913
2649,88.300,1483,677,2260,1773,-6.8987,10.6960
2650,88.333,1483,677,2260,1773,-7.1169,12.5442
2651,88.367,1484,679,2264,1774,2.5361,2.4528
2652,88.400,1483,675,2266,1774,3.4631,8.0741
2653,88.433,1491,664,2269,1770,0.0847,8.0856
2654,88.467,1483,674,2262,1773,0.0923,8.7321
2655,88.500,1483,679,2260,1772,-1.7769,10.6919
2656,88.533,1483,678,2259,1772,-2.1257,11.1575
2657,88.567,1483,680,2259,1772,-3.8564,14.8660
2658,88.600,1482,683,2260,1772,-6.5368,15.6405
2659,88.633,1483,683,2260,1773,-6.4677,16.6633
2660,88.667,1483,682,2260,1773,-5.0749,17.9306
2661,88.700,1483,681,2259,1772,-5.1759,16.6811
2662,88.733,1482,680,2259,1772,-3.8926,19.8925
2663,88.767,1483,680,2260,1772,-5.3293,20.5046
2664,88.800,1483,679,2260,1772,-5.2017,18.6723
2665,88.833,1483,679,2260,1772,-5.1211,18.3685
2666,88.867,1483,679,2260,1772,-5.0717,18.5224
2667,88.900,1483,679,2260,1773,-4.0252,18.7685
2668,88.933,1483,678,2260,1773,-6.3568,19.2316
2669,88.967,1483,679,2261,1773,0.6271,21.7078
2670,89.000,1482,679,2261,1773,2.1120,23.0898
2671,89.033,1483,679,2261,1772,1.6016,23.9664
2672,89.067,1483,679,2261,1772,0.4010,23.4485
2673,89.100,1483,679,2261,1772,0.4447,23.2284
2674,89.133,1483,679,2261,1771,-1.3808,23.1793
2675,89.167,1483,679,2261,1771,-1.5486,23.7129
2676,89.200,1483,679,2261,1771,-1.5134,24.2284
2677,89.233,1483,680,2260,1772,0.3111,22.4836
2678,89.267,1483,680,2261,1772,-0.1101,22.8711
2679,89.300,1483,679,2260,1772,-0.1281,23.9244
2680,89.333,1483,678,2261,1772,-6.5531,26.9594
2681,89.367,1482,678,2260,1772,-4.1658,24.8765
2682,89.400,1482,678,2260,1773,-3.0287,23.9999
2683,89.433,1482,677,2260,1772,-1.0876,24.9211
2684,89.467,1482,678,2260,1773,-2.1336,23.6026
2685,89.500,1482,677,2260,1773,-1.9225,25.2315
2686,89.533,1481,678,2260,1772,-0.7089,24.5794
2687,89.567,1481,678,2260,1771,-2.4023,23.9108
2688,89.600,1481,677,2260,1771,-0.5462,23.6017
2689,89.633,1482,678,2260,1772,-2.0688,23.4848
2690,89.667,1482,676,2259,1772,-4.7650,24.1967
2691,89.700,1482,676,2259,1772,-3.9729,24.1252
2692,89.733,1482,676,2259,1772,-4.1693,23.7296
2693,89.767,1482,678,2258,1771,-3.7900,22.3414
2694,89.800,1485,678,2259,1771,-0.9880,17.1952
2695,89.833,1482,674,2265,1771,5.3932,7.2095
2696,89.867,1482,672,2265,1771,3.0838,6.7193
2697,89.900,1482,674,2265,1770,5.1689,6.7385
2698,89.933,1483,678,2261,1769,-2.6339,10.8887
2699,89.967,1483,675,2260,1769,-1.5243,9.4999
2700,90.000,1482,676,2259,1772,-4.4915,13.5312
2701,90.033,1482,677,2259,1772,-5.1125,15.9711
2702,90.067,1483,678,2259,1772,-4.7483,15.9339
2703,90.100,1483,679,2258,1772,-3.2460,17.8901
2704,90.133,1483,680,2258,1772,-4.7702,16.8058
2705,90.167,1484,680,2258,1772,-1.1037,19.1349
2706,90.200,1484,679,2258,1772,-2.4475,16.8659
2707,90.233,1484,680,2258,1772,-1.8118,19.7350
2708,90.267,1484,679,2258,1772,-2.1772,17.5275
2709,90.300,1484,679,2258,1772,-2.2856,17.6690
2710,90.333,1484,678,2258,1772,-4.3391,19.9385
2711,90.367,1484,678,2258,1773,-2.3499,19.5057
2712,90.400,1484,678,2258,1773,-3.3367,18.6505
2713,90.433,1483,678,2258,1771,-3.0091,19.0935
2714,90.467,1483,677,2258,1771,-2.7044,19.6178
2715,90.500,1482,677,2259,1772,-2.5022,18.8156
2716,90.533,1482,677,2259,1772,-3.0931,20.8027
2717,90.567,1481,675,2259,1772,-3.6167,20.8241
2718,90.600,1481,675,2259,1771,-4.2440,19.8186
2719,90.633,1481,675,2259,1771,-4.3339,20.3232
2720,90.667,1481,676,2259,1771,-3.3913,19.4114
2721,90.700,1482,677,2258,1771,-2.0317,19.1089
2722,90.733,1481,677,2259,1771,11.7025,18.3219
2723,90.767,1481,676,2259,1771,11.2927,17.0679
2724,90.800,1482,678,2259,1771,13.7236,17.1766
2725,90.833,1483,677,2259,1770,14.7452,15.1537
2726,90.867,1483,677,2259,1770,15.0206,15.4645
2727,90.900,1483,677,2258,1769,14.3977,14.7404
2728,90.933,1483,676,2258,1769,15.7918,13.8115
2729,90.967,1483,675,2259,1770,14.9603,15.1939
2730,91.000,1483,675,2258,1770,12.3615,15.9652
2731,91.033,1483,675,2258,1770,11.9649,15.8208
2732,91.067,1483,675,2258,1770,12.1759,15.6713
2733,91.100,1484,674,2257,1769,13.7144,15.3089
2734,91.133,1483,674,2258,1769,13.3563,13.0967
2735,91.167,1483,674,2258,1769,12.7894,14.1624
2736,91.200,1483,675,2258,1769,15.2552,13.6739
2737,91.233,1483,675,2258,1769,15.7825,14.1389
2738,91.267,1483,676,2258,1769,15.6747,12.4034
2739,91.300,1483,675,2258,1770,17.1210,15.3222
2740,91.333,1483,675,2258,1770,16.6108,16.1593
2741,91.367,1483,675,2258,1770,15.9110,16.1398
2742,91.400,1485,674,2265,1772,12.6984,-2.8778
2743,91.433,1482,673,2264,1771,7.0253,5.9575
2744,91.467,1482,672,2264,1771,8.3421,6.0987
2745,91.500,1484,674,2262,1771,12.5504,5.3955
2746,91.533,1484,673,2261,1771,11.0450,7.4710
2747,91.567,1482,677,2260,1771,9.9334,11.7083
2748,91.600,1481,677,2259,1773,10.0255,16.8226
2749,91.633,1481,677,2259,1773,10.3920,16.3839
2750,91.667,1482,677,2259,1774,10.7241,15.2373
2751,91.700,1482,678,2259,1774,13.1202,13.6846
2752,91.733,1482,678,2259,1774,13.0099,13.1234
2753,91.767,1482,678,2259,1775,12.0768,13.2619
2754,91.800,1483,678,2259,1774,13.0231,13.9158
2755,91.833,1483,678,2259,1774,13.6009,14.9498
2756,91.867,1483,677,2259,1773,15.4118,13.5344
2757,91.900,1483,678,2259,1773,15.2429,13.7950
2758,91.933,1483,678,2259,1773,15.6765,15.1647
2759,91.967,1484,680,2258,1772,16.9813,16.3501
2760,92.000,1484,681,2258,1771,17.5599,19.0701
2761,92.033,1483,680,2258,1771,16.9785,18.8094
2762,92.067,1483,680,2258,1771,17.5283,18.8230
2763,92.100,1483,681,2258,1771,17.9823,18.8708
2764,92.133,1483,681,2258,1771,17.2647,19.2097
2765,92.167,1483,680,2258,1771,17.6874,19.3382
2766,92.200,1483,680,2258,1771,17.3583,19.6734
2767,92.233,1483,680,2258,1771,17.8566,19.3408
2768,92.267,1483,679,2258,1772,16.0540,18.9147
2769,92.300,1483,678,2258,1771,14.2268,17.0204
2770,92.333,1483,679,2257,1771,14.9372,16.4675
2771,92.367,1483,678,2258,1772,15.2936,15.4384
2772,92.400,1483,678,2258,1772,16.0731,14.7629
2773,92.433,1483,678,2257,1773,13.3949,15.5649
2774,92.467,1483,678,2257,1773,12.3328,16.3379
2775,92.500,1483,678,2256,1773,7.7391,18.0091
2776,92.533,1483,680,2257,1773,7.6045,17.7466
2777,92.567,1483,680,2258,1772,7.0675,17.6074
2778,92.600,1483,680,2258,1773,7.7606,17.6354
2779,92.633,1483,679,2258,1773,7.5157,14.4209
2780,92.667,1484,681,2259,1771,7.4920,18.8996
2781,92.700,1484,680,2259,1771,6.7516,17.3790
2782,92.733,1484,680,2259,1771,6.8374,16.9708
2783,92.767,1484,681,2259,1771,7.8898,18.5451
2784,92.800,1484,680,2259,1771,5.1929,15.8550
2785,92.833,1484,680,2259,1771,5.0940,16.0405
2786,92.867,1484,680,2259,1771,4.9067,16.0383
2787,92.900,1484,680,2259,1771,5.0385,15.9335
2788,92.933,1484,680,2259,1771,4.8784,15.9570
2789,92.967,1484,679,2259,1771,6.3140,14.9003
2790,93.000,1484,677,2260,1773,3.5547,15.4608
2791,93.033,1484,676,2260,1772,2.4696,16.0167
2792,93.067,1485,675,2263,1772,6.9166,10.4208
2793,93.100,1484,674,2264,1772,1.6062,6.3598
2794,93.133,1483,673,2264,1771,4.0511,7.4862
2795,93.167,1483,673,2263,1771,1.4877,7.7660
2796,93.200,1484,674,2260,1771,1.2069,13.4535
2797,93.233,1482,676,2259,1771,-0.1598,16.1581
2798,93.267,1482,676,2259,1771,-2.1211,15.7677
2799,93.300,1482,678,2259,1772,-0.5919,22.3160
2800,93.333,1483,677,2259,1772,-1.2166,23.9804
2801,93.367,1483,677,2259,1773,-1.0847,22.8073
2802,93.400,1483,678,2259,1772,0.5769,23.2153
2803,93.433,1483,677,2259,1772,-0.9498,21.4308
2804,93.467,1483,677,2259,1772,-0.2458,21.5706
2805,93.500,1483,677,2259,1772,-0.2487,21.7857
2806,93.533,1483,676,2258,1771,-1.8919,23.0131
2807,93.567,1483,677,2258,1772,-0.5587,21.3830
2808,93.600,1483,677,2259,1771,4.3253,20.4603
2809,93.633,1485,685,2262,1773,8.4814,20.1750
2810,93.667,1485,685,2262,1773,8.1574,20.4201
2811,93.700,1485,685,2262,1773,8.5872,19.9835
2812,93.733,1485,685,2262,1773,8.4390,20.1550
2813,93.767,1485,684,2263,1773,8.5481,19.8839
2814,93.800,1485,684,2262,1774,6.4368,20.9797
2815,93.833,1485,683,2262,1774,11.3775,20.3383
2816,93.867,1485,683,2262,1774,11.6200,20.6481
2817,93.900,1485,683,2262,1774,11.4663,20.7411
2818,93.933,1485,682,2262,1775,10.3584,22.0129
2819,93.967,1485,682,2262,1775,8.1993,20.3341
2820,94.000,1485,681,2263,1776,10.6472,20.2501
2821,94.033,1485,680,2263,1777,9.5615,20.0520
2822,94.067,1485,680,2263,1777,8.9718,20.5785
2823,94.100,1485,679,2263,1777,6.8818,20.6777
2824,94.133,1485,678,2263,1777,4.4796,21.5619
2825,94.167,1485,677,2263,1777,4.4765,21.1533
2826,94.200,1484,677,2263,1778,2.8768,21.4478
2827,94.233,1485,677,2263,1778,1.7544,20.2968
2828,94.267,1484,677,2263,1778,3.0710,20.6132
2829,94.300,1485,677,2263,1777,3.9899,19.6913
2830,94.333,1485,676,2263,1777,4.5658,20.4510
2831,94.367,1485,677,2263,1777,3.1980,20.1871
2832,94.400,1485,677,2263,1777,2.4224,19.6202
2833,94.433,1485,675,2262,1776,0.3272,19.1865
2834,94.467,1485,675,2262,1776,0.9411,19.9612
2835,94.500,1484,675,2262,1776,-0.7890,20.5187
2836,94.533,1485,675,2262,1776,1.7495,20.6908
2837,94.567,1485,675,2262,1776,1.8355,20.5661
2838,94.600,1485,674,2262,1776,1.7757,19.7892
2839,94.633,1485,673,2262,1776,1.8701,21.0323
2840,94.667,1486,675,2262,1775,0.5457,19.1173
2841,94.700,1486,675,2262,1775,-0.1220,18.9639
2842,94.733,1486,675,2263,1776,0.5116,17.8864
2843,94.767,1486,676,2263,1776,0.7353,18.4574
2844,94.800,1486,676,2262,1775,-1.1957,17.7702
2845,94.833,1486,676,2262,1774,-2.4203,18.5974
2846,94.867,1486,675,2262,1774,-1.5824,18.9800
2847,94.900,1485,675,2262,1774,-0.4076,19.4719
2848,94.933,1485,675,2262,1774,-0.7025,18.6323
2849,94.967,1485,674,2262,1774,-2.7774,20.0915
2850,95.000,1485,677,2262,1775,-1.9239,17.2457
2851,95.033,1485,676,2261,1774,-2.2883,20.1957
2852,95.067,1485,676,2261,1773,-2.4835,19.8908
2853,95.100,1485,676,2261,1773,-1.8713,20.4080
2854,95.133,1485,674,2260,1772,-3.0954,20.4889
2855,95.167,1484,675,2260,1773,-1.6411,20.2021
2856,95.200,1484,675,2260,1773,-2.0038,20.2151
2857,95.233,1484,675,2260,1773,-2.6548,20.6106
2858,95.267,1484,675,2260,1773,-2.3660,19.9591
2859,95.300,1484,676,2260,1774,-2.4157,19.3681
2860,95.333,1484,676,2260,1773,-1.0745,20.9085
2861,95.367,1484,676,2260,1773,-1.3754,20.9268
2862,95.400,1485,676,2260,1774,-0.0186,20.2027
2863,95.433,1485,676,2261,1774,-2.0324,20.3647
2864,95.467,1484,676,2261,1774,-2.4387,20.0238
2865,95.500,1484,675,2261,1775,-2.6616,20.0013
2866,95.533,1484,675,2260,1776,-3.3934,21.7403
2867,95.567,1484,675,2259,1776,-4.1323,20.5453
2868,95.600,1484,676,2259,1776,-2.8549,21.6064
2869,95.633,1484,677,2258,1775,-3.4627,20.6422
2870,95.667,1484,677,2258,1775,-3.5039,22.1822
2871,95.700,1484,677,2259,1774,-3.0633,19.8983
2872,95.733,1484,677,2259,1775,-3.0732,20.8169
2873,95.767,1484,677,2259,1774,-2.9294,20.6086
2874,95.800,1484,677,2259,1774,0.1057,22.6470
2875,95.833,1485,678,2260,1775,-0.0198,20.2012
2876,95.867,1484,678,2260,1774,1.1022,18.9942
2877,95.900,1484,678,2259,1774,-1.6131,16.8769
2878,95.933,1485,677,2258,1773,0.0613,17.1509
2879,95.967,1484,677,2258,1773,-1.4644,18.1266
2880,96.000,1484,677,2259,1774,0.7633,19.4920
2881,96.033,1484,678,2259,1773,2.3098,19.6717
2882,96.067,1485,678,2259,1773,-0.8090,19.1890
2883,96.100,1484,678,2259,1773,2.3520,19.8516
2884,96.133,1485,678,2259,1773,-0.2583,20.3213
2885,96.167,1485,678,2259,1773,-1.4201,19.7708
2886,96.200,1485,678,2259,1772,-0.5113,20.8737
2887,96.233,1485,679,2258,1772,-0.2367,21.5175
2888,96.267,1485,679,2258,1772,-1.4045,23.3745
2889,96.300,1485,678,2258,1772,-0.6089,22.0966
2890,96.333,1484,678,2258,1772,-3.8777,21.8768
2891,96.367,1484,679,2258,1772,0.1838,22.5889
2892,96.400,1483,679,2258,1772,-0.0218,24.5472
2893,96.433,1483,679,2257,1772,-0.3132,23.0364
2894,96.467,1483,679,2258,1772,1.3624,23.6302
2895,96.500,1483,679,2258,1772,1.3794,23.5732
2896,96.533,1483,679,2258,1772,1.0289,23.4964
2897,96.567,1483,680,2258,1772,0.0528,22.4441
2898,96.600,1483,680,2257,1772,1.4624,22.4526
2899,96.633,1482,679,2257,1771,0.8465,21.5865
2900,96.667,1483,680,2257,1772,1.3834,21.9828
2901,96.700,1483,679,2258,1772,1.2874,23.6548
2902,96.733,1482,680,2259,1771,1.0384,22.3805
2903,96.767,1482,680,2259,1771,1.6293,23.1418
2904,96.800,1482,681,2260,1771,-0.0410,23.3917
2905,96.833,1482,681,2260,1770,1.0810,21.0641
2906,96.867,1482,681,2260,1771,1.1857,22.2832
2907,96.900,1482,681,2260,1771,0.6816,22.4447
2908,96.933,1482,682,2260,1771,0.4352,21.1660
2909,96.967,1481,682,2260,1771,0.2332,20.5431
2910,97.000,1482,683,2260,1771,0.6485,22.3618
2911,97.033,1482,683,2259,1771,-0.2743,21.5860
2912,97.067,1482,683,2259,1770,1.6779,21.8002
2913,97.100,1482,683,2259,1771,-0.1687,21.7310
2914,97.133,1482,683,2259,1771,0.0621,21.8897
2915,97.167,1482,683,2259,1770,1.2473,20.4874
2916,97.200,1482,684,2259,1769,1.5427,22.8446
2917,97.233,1482,685,2259,1769,8.4702,20.6175
2918,97.267,1483,685,2259,1769,9.8873,21.4967
2919,97.300,1483,684,2259,1769,10.3754,19.8868
2920,97.333,1483,684,2260,1769,9.1899,21.6363
2921,97.367,1483,684,2260,1769,9.6136,21.5846
2922,97.400,1483,684,2259,1768,9.1687,20.5231
2923,97.433,1483,684,2259,1768,9.5962,20.1445
2924,97.467,1483,684,2259,1768,9.9693,20.4558
2925,97.500,1483,684,2259,1768,10.0316,20.7143
2926,97.533,1483,684,2259,1768,11.2069,20.1650
2927,97.567,1483,684,2259,1768,11.5645,19.7211
2928,97.600,1483,684,2259,1768,10.9523,19.4907
2929,97.633,1483,684,2259,1769,11.3362,18.9700
2930,97.667,1483,683,2260,1770,11.0168,19.9410
2931,97.700,1483,683,2260,1770,10.8751,20.8474
2932,97.733,1483,683,2260,1770,10.8906,20.3404
2933,97.767,1483,682,2260,1771,10.8945,19.3738
2934,97.800,1483,682,2260,1771,10.6095,19.4835
2935,97.833,1483,682,2260,1771,10.7482,18.8957
2936,97.867,1483,683,2260,1771,10.5039,18.6167
2937,97.900,1483,682,2260,1772,9.7913,19.4887
2938,97.933,1483,682,2260,1772,8.8294,19.5440
2939,97.967,1483,682,2261,1772,8.0633,18.8643
2940,98.000,1482,679,2260,1772,9.2536,17.0645
2941,98.033,1482,678,2260,1773,8.6861,17.7070
2942,98.067,1482,679,2260,1773,11.4464,16.8245
2943,98.100,1482,679,2260,1773,11.9335,17.4536
2944,98.133,1483,679,2261,1774,11.5015,19.5012
2945,98.167,1483,680,2261,1773,11.9413,16.9370
2946,98.200,1483,680,2260,1773,14.0723,18.9855
2947,98.233,1483,680,2260,1773,13.8895,19.0489
2948,98.267,1483,680,2260,1773,14.0058,18.5558
2949,98.300,1483,680,2260,1774,14.1131,18.4237
2950,98.333,1483,679,2260,1773,13.7809,19.3245
2951,98.367,1483,679,2260,1773,13.7815,19.1656
2952,98.400,1483,679,2260,1774,14.1407,19.6873
2953,98.433,1483,679,2260,1774,14.4462,19.7724
2954,98.467,1483,679,2260,1774,13.3330,20.4236
2955,98.500,1483,679,2260,1774,12.2697,19.6685
2956,98.533,1483,679,2260,1774,11.6456,19.0240
2957,98.567,1483,680,2260,1773,11.6531,18.1682
2958,98.600,1483,679,2260,1774,9.8235,18.5603
2959,98.633,1483,679,2260,1774,9.8210,18.8103
2960,98.667,1484,679,2260,1774,11.6196,17.7112
2961,98.700,1484,679,2260,1774,11.2353,16.8558
2962,98.733,1484,679,2260,1774,11.5776,17.2390
2963,98.767,1484,679,2260,1774,11.5902,16.8690
2964,98.800,1484,679,2260,1774,12.6476,17.1511
2965,98.833,1484,679,2260,1774,12.5264,17.2272
2966,98.867,1484,679,2260,1775,11.1283,19.7944
2967,98.900,1484,679,2260,1775,11.2749,19.7145
2968,98.933,1484,680,2260,1775,12.5325,19.8806
2969,98.967,1484,680,2260,1775,12.8142,19.7259
2970,99.000,1484,682,2260,1775,10.3426,17.8627
2971,99.033,1484,681,2260,1774,8.9464,17.8265
2972,99.067,1484,681,2260,1774,8.9427,17.8235
2973,99.100,1484,682,2260,1773,10.5722,16.6818
2974,99.133,1484,681,2260,1773,10.8573,15.7768
2975,99.167,1484,681,2261,1773,12.0498,15.2405
2976,99.200,1484,680,2260,1773,9.9892,19.8391
2977,99.233,1484,680,2259,1773,-1.9690,21.3255
2978,99.267,1484,680,2258,1773,-2.8606,20.6229
2979,99.300,1484,680,2258,1773,-2.2740,20.9221
2980,99.333,1484,680,2258,1773,-1.4310,20.4042
2981,99.367,1484,680,2258,1774,-2.2996,19.7531
2982,99.400,1484,680,2258,1773,-1.2364,21.9135
2983,99.433,1483,680,2258,1774,2.7809,23.6328
2984,99.467,1484,680,2258,1774,1.5403,21.5422
2985,99.500,1484,679,2258,1774,1.3763,20.8101
2986,99.533,1483,679,2258,1774,3.5276,22.7992
2987,99.567,1484,679,2258,1774,2.0784,21.7760
2988,99.600,1484,679,2258,1774,2.1014,21.6529
2989,99.633,1484,679,2259,1774,2.7079,21.6048
2990,99.667,1483,679,2259,1774,2.0803,21.1608
2991,99.700,1483,679,2259,1775,2.5802,21.7634
2992,99.733,1482,678,2258,1775,-3.0744,24.2299
2993,99.767,1483,678,2259,1774,-2.2950,23.2031
2994,99.800,1483,679,2258,1774,-0.1528,23.1942
2995,99.833,1483,679,2258,1774,-0.7301,23.0676
2996,99.867,1484,679,2258,1775,-1.6676,21.7079
2997,99.900,1484,678,2258,1774,-3.7939,23.5783
2998,99.933,1484,679,2257,1774,-1.6591,23.3364
2999,99.967,1483,678,2257,1774,-1.7563,21.9363
3000,100.000,1484,680,2259,1776,1.4192,20.7460
3001,100.033,1484,680,2259,1776,0.7101,21.2874
3002,100.067,1484,680,2259,1776,0.6173,21.1012
3003,100.100,1484,680,2259,1776,0.5447,21.4674
3004,100.133,1484,681,2259,1777,0.5237,19.3801
3005,100.167,1484,681,2259,1777,0.3167,19.3965
3006,100.200,1484,682,2259,1777,4.3729,22.6693
3007,100.233,1484,681,2259,1777,4.6400,20.0119
3008,100.267,1484,682,2259,1777,6.4110,23.7531
3009,100.300,1484,681,2259,1777,3.8839,21.8652
3010,100.333,1484,681,2259,1777,4.8767,20.9049
3011,100.367,1484,681,2259,1777,5.1393,21.6187
3012,100.400,1484,680,2259,1778,7.8916,23.7963
3013,100.433,1484,681,2259,1778,6.6561,23.6830
3014,100.467,1484,680,2259,1778,6.2238,24.2148
3015,100.500,1484,680,2259,1778,6.0590,24.2740
3016,100.533,1484,680,2259,1779,4.9833,23.2101
3017,100.567,1484,680,2259,1779,5.0070,23.5792
3018,100.600,1484,680,2259,1779,5.2484,22.7520
3019,100.633,1484,680,2259,1779,5.6496,22.5013
3020,100.667,1484,679,2260,1779,5.4905,22.0498
3021,100.700,1484,679,2260,1778,8.1885,24.1911
3022,100.733,1484,681,2259,1779,15.7460,18.0364
3023,100.767,1484,681,2260,1779,17.7887,18.7604
3024,100.800,1484,680,2260,1778,16.4202,19.5832
3025,100.833,1484,681,2260,1778,16.4669,20.9621
3026,100.867,1484,680,2260,1778,17.5168,19.9024
3027,100.900,1484,680,2260,1778,17.2674,20.0734
3028,100.933,1484,680,2260,1779,18.6065,19.6753
3029,100.967,1484,680,2260,1778,18.0238,19.8062
3030,101.000,1483,681,2260,1777,15.8823,22.4027
3031,101.033,1483,681,2260,1777,16.2895,21.2778
3032,101.067,1484,681,2260,1776,21.8362,20.4306
3033,101.100,1484,682,2260,1775,18.5923,18.4285
3034,101.133,1485,682,2260,1775,17.0179,15.9168
3035,101.167,1486,681,2260,1775,16.3833,15.2833
3036,101.200,1486,683,2261,1775,16.8429,15.8654
3037,101.233,1484,684,2261,1775,12.9513,14.6303
3038,101.267,1484,684,2261,1774,13.7275,14.4441
3039,101.300,1484,684,2261,1774,14.2712,14.5934
3040,101.333,1484,684,2261,1774,14.1079,14.7113
3041,101.367,1484,684,2261,1774,14.2743,14.6310
3042,101.400,1484,684,2261,1774,14.2739,14.0743
3043,101.433,1484,684,2261,1775,12.4522,13.6590
3044,101.467,1484,684,2261,1775,13.1639,13.6453
3045,101.500,1484,684,2261,1775,12.9786,14.1484
3046,101.533,1484,684,2261,1775,13.3352,13.9168
3047,101.567,1484,685,2261,1776,11.5827,13.2954
3048,101.600,1484,685,2261,1776,11.9024,13.2167
3049,101.633,1484,685,2261,1776,12.1872,13.2136
3050,101.667,1484,683,2263,1778,9.6721,5.6613
3051,101.700,1483,676,2266,1778,6.7867,4.9553
3052,101.733,1483,676,2265,1778,2.8754,3.8318
3053,101.767,1482,675,2264,1778,-1.4194,3.7978
3054,101.800,1483,683,2264,1776,-5.1299,9.0555
3055,101.833,1482,683,2262,1774,-4.2055,10.8356
3056,101.867,1483,682,2261,1775,-6.0392,14.2769
3057,101.900,1483,684,2261,1775,-5.3227,17.0330
3058,101.933,1482,685,2261,1776,-4.9777,14.7399
3059,101.967,1483,685,2260,1776,-3.6628,17.8295
3060,102.000,1483,682,2261,1778,-4.8635,18.3997
3061,102.033,1483,682,2260,1777,-4.7581,17.2219
3062,102.067,1483,681,2260,1777,-4.0028,18.2855
3063,102.100,1483,682,2260,1777,-4.1357,17.9378
3064,102.133,1483,682,2260,1777,-2.9789,17.1809
3065,102.167,1483,681,2260,1777,-2.6634,17.3850
3066,102.200,1483,681,2260,1777,-3.1907,17.8504
3067,102.233,1483,681,2260,1776,-1.9235,18.3368
3068,102.267,1484,681,2260,1776,-0.8265,16.9222
3069,102.300,1484,682,2260,1775,-0.5614,16.5921
3070,102.333,1484,681,2260,1776,0.8793,18.3719
3071,102.367,1484,682,2260,1776,0.0551,16.5062
3072,102.400,1483,682,2260,1776,-0.5076,17.2492
3073,102.433,1483,681,2260,1775,1.2467,18.2172
3074,102.467,1483,681,2258,1773,3.5665,16.9589
3075,102.500,1483,680,2259,1773,2.8939,16.8302
3076,102.533,1482,680,2257,1772,2.3536,17.1731
3077,102.567,1482,680,2256,1772,0.1875,15.7754
3078,102.600,1482,681,2257,1772,-0.1518,16.3550
3079,102.633,1484,678,2259,1774,2.7019,10.5333
3080,102.667,1480,674,2261,1773,11.3606,4.6697
3081,102.700,1480,674,2261,1773,12.3934,5.7409
3082,102.733,1482,674,2261,1773,14.0365,3.7779
3083,102.767,1483,675,2260,1772,16.8177,5.2971
3084,102.800,1483,673,2259,1772,16.0309,8.3933
3085,102.833,1482,677,2257,1771,15.9020,9.5719
3086,102.867,1483,680,2257,1771,15.8744,10.6847
3087,102.900,1483,680,2257,1771,15.3414,11.7013
3088,102.933,1483,681,2257,1771,18.1105,14.4483
3089,102.967,1484,682,2257,1771,18.7691,11.6458
3090,103.000,1484,682,2257,1773,16.7532,12.0145
3091,103.033,1484,682,2257,1772,16.0958,13.4054
3092,103.067,1484,683,2257,1772,15.9258,11.4521
3093,103.100,1484,683,2257,1772,17.1753,11.8357
3094,103.133,1484,683,2257,1771,15.7502,13.2236
3095,103.167,1483,684,2257,1771,18.3519,13.0665
3096,103.200,1483,684,2258,1771,16.5951,13.5126
3097,103.233,1484,681,2261,1774,18.9862,0.6810
3098,103.267,1484,681,2261,1775,16.8431,1.0212
3099,103.300,1479,675,2262,1772,12.5973,7.3356
3100,103.333,1483,675,2261,1772,15.0591,7.4842
3101,103.367,1483,676,2261,1772,13.4934,5.9561
3102,103.400,1482,679,2262,1773,14.4580,8.0863
3103,103.433,1482,678,2259,1773,9.7251,11.9202
3104,103.467,1482,680,2259,1773,13.0038,12.7093
3105,103.500,1482,682,2259,1773,12.2348,14.8356
3106,103.533,1483,683,2259,1775,12.6806,14.6181
3107,103.567,1483,682,2259,1775,13.5599,14.8802
3108,103.600,1483,682,2259,1775,12.5641,13.8620
3109,103.633,1483,682,2258,1775,10.4762,12.2785
3110,103.667,1483,682,2259,1775,11.0022,14.1045
3111,103.700,1483,682,2259,1776,9.3625,14.0797
3112,103.733,1483,682,2259,1775,9.7534,14.4620
3113,103.767,1483,682,2259,1776,8.6673,14.7769
3114,103.800,1483,682,2259,1776,8.4111,14.3416
3115,103.833,1484,682,2259,1775,8.3244,14.8412
3116,103.867,1483,682,2259,1776,8.2658,13.6174
3117,103.900,1483,682,2259,1776,7.6881,13.6625
3118,103.933,1484,683,2259,1778,4.1277,16.3708
3119,103.967,1484,683,2259,1777,5.0495,18.3182
3120,104.000,1483,680,2259,1776,3.2410,20.1302
3121,104.033,1482,680,2259,1776,2.3574,21.2237
3122,104.067,1483,680,2259,1776,3.9577,22.2899
3123,104.100,1483,680,2259,1776,3.7887,22.4223
3124,104.133,1483,680,2259,1775,4.2830,23.0106
3125,104.167,1483,680,2259,1775,4.9932,21.7855
3126,104.200,1483,680,2259,1775,4.8871,21.8073
3127,104.233,1482,679,2259,1775,2.7587,21.0272
3128,104.267,1483,679,2259,1775,2.6171,19.6239
3129,104.300,1483,679,2259,1774,3.1861,19.7729
3130,104.333,1482,680,2259,1775,4.1387,21.8845
3131,104.367,1482,680,2259,1775,3.8117,22.3161
3132,104.400,1482,680,2259,1776,-0.2577,23.0359
3133,104.433,1482,682,2260,1775,1.3918,21.2946
3134,104.467,1482,682,2260,1775,0.3399,22.2139
3135,104.500,1482,682,2260,1774,1.8405,22.3455
3136,104.533,1482,683,2261,1775,1.1128,21.0946
3137,104.567,1482,683,2261,1774,-0.9931,21.8416
3138,104.600,1482,682,2261,1775,0.4429,20.8193
3139,104.633,1482,682,2260,1775,-1.4658,20.5137
3140,104.667,1482,681,2261,1775,-3.6643,19.8779
3141,104.700,1482,681,2260,1775,-4.2887,18.7968
3142,104.733,1482,681,2261,1776,-3.4661,20.4410
3143,104.767,1482,682,2261,1775,-2.1171,20.2981
3144,104.800,1482,682,2261,1776,-4.1080,21.4182
3145,104.833,1482,682,2261,1776,-4.5099,21.2383
3146,104.867,1482,682,2261,1776,-4.3711,21.1430
3147,104.900,1482,682,2261,1775,-3.8496,21.8198
3148,104.933,1482,682,2261,1775,-3.5984,21.6229
3149,104.967,1482,682,2261,1776,-4.9033,20.5383
3150,105.000,1483,680,2260,1778,-6.0903,22.9663
3151,105.033,1482,680,2260,1777,-3.9805,22.8573
3152,105.067,1482,680,2260,1777,-3.8940,22.2418
3153,105.100,1482,680,2260,1777,-3.8268,24.2125
3154,105.133,1482,680,2260,1776,-3.1601,24.7052
3155,105.167,1482,680,2260,1776,-2.2705,24.4422
3156,105.200,1482,680,2261,1776,-2.8310,24.2127
3157,105.233,1482,679,2261,1776,-4.1215,24.4802
3158,105.267,1482,679,2261,1777,-2.6938,23.4707
3159,105.300,1482,678,2262,1778,-4.3079,25.1248
3160,105.333,1482,678,2262,1778,-4.0008,25.3717
3161,105.367,1483,678,2261,1777,-5.0832,23.4453
3162,105.400,1482,678,2261,1777,-4.0920,23.2938
3163,105.433,1482,678,2261,1776,-2.7062,23.2668
3164,105.467,1482,678,2261,1776,-2.4470,23.0605
3165,105.500,1482,679,2260,1775,-2.2739,22.5569
3166,105.533,1482,679,2260,1775,-0.6926,23.0970
3167,105.567,1482,680,2259,1774,0.3651,24.2547
3168,105.600,1483,680,2260,1774,0.8180,25.3631
3169,105.633,1482,680,2260,1774,-2.0934,21.4312
3170,105.667,1482,680,2260,1774,-1.2759,21.2171
3171,105.700,1482,680,2260,1772,-0.2709,22.4285
3172,105.733,1482,680,2260,1772,-0.1186,22.4168
3173,105.767,1482,679,2260,1773,-0.7543,25.3858
3174,105.800,1482,678,2259,1772,-1.4249,23.0489
3175,105.833,1482,678,2259,1772,-1.1867,22.5906
3176,105.867,1482,678,2259,1772,-0.9406,22.7982
3177,105.900,1481,678,2260,1772,-0.8795,23.0671
3178,105.933,1481,678,2259,1772,-0.8439,22.7449
3179,105.967,1481,678,2259,1773,-0.1860,23.7442
3180,106.000,1482,679,2258,1771,-0.3546,21.7948
3181,106.033,1482,680,2259,1771,0.8682,23.2133
3182,106.067,1482,680,2259,1770,-0.0255,22.9801
3183,106.100,1482,680,2259,1770,-0.0227,22.6698
3184,106.133,1482,680,2259,1770,-2.3407,23.3981
3185,106.167,1482,680,2259,1771,-2.3527,23.4160
3186,106.200,1482,680,2259,1771,-2.6740,23.1467
3187,106.233,1482,680,2259,1772,-5.0551,23.0614
3188,106.267,1482,680,2259,1772,-5.0184,22.1684
3189,106.300,1482,680,2259,1771,-4.1113,23.3445
3190,106.333,1482,680,2259,1771,-3.8474,22.8044
3191,106.367,1482,680,2259,1771,-3.6371,22.9343
3192,106.400,1482,681,2259,1770,-4.5719,22.1055
3193,106.433,1482,682,2259,1770,-4.2346,21.9524
3194,106.467,1482,682,2259,1770,-4.0185,21.7793
3195,106.500,1482,682,2259,1770,-4.0225,21.7890
3196,106.533,1482,682,2259,1769,-4.0574,21.4586
3197,106.567,1482,682,2259,1769,-4.1977,21.4544
3198,106.600,1482,682,2258,1769,-4.6197,19.9630
3199,106.633,1482,682,2259,1769,-4.4297,21.6517
3200,106.667,1482,682,2259,1769,-4.0865,21.4533
3201,106.700,1482,682,2259,1769,-3.6086,21.3525
3202,106.733,1482,681,2259,1770,-4.3367,21.8136
3203,106.767,1482,681,2259,1770,-3.7991,22.3829
3204,106.800,1482,681,2260,1771,-0.3021,22.2822
3205,106.833,1482,679,2261,1771,-1.8828,21.6071
3206,106.867,1482,679,2261,1771,-2.3778,21.7542
3207,106.900,1482,679,2261,1771,-2.7015,21.8551
3208,106.933,1482,679,2260,1771,-4.5854,21.2406
3209,106.967,1482,679,2261,1771,-3.7372,21.1161
3210,107.000,1481,679,2260,1772,-5.2043,18.3759
3211,107.033,1481,678,2260,1772,-3.3045,18.4629
3212,107.067,1481,678,2261,1772,-4.5822,20.5016
3213,107.100,1481,679,2261,1773,-3.9833,18.3738
3214,107.133,1481,678,2261,1773,-5.6662,19.6651
3215,107.167,1481,676,2261,1774,-2.5490,17.9443
3216,107.200,1481,676,2261,1773,-2.9854,17.3407
3217,107.233,1481,676,2261,1774,-1.7701,17.8768
3218,107.267,1482,676,2261,1774,-3.8152,19.4882
3219,107.300,1482,676,2261,1774,-3.5940,19.9913
3220,107.333,1482,676,2261,1774,-1.8678,21.5069
3221,107.367,1482,676,2261,1775,-2.4450,19.6783
3222,107.400,1481,676,2261,1775,0.0559,17.9180
3223,107.433,1482,678,2262,1773,-0.7845,20.3150
3224,107.467,1482,677,2262,1774,2.0657,16.7012
3225,107.500,1482,678,2262,1774,-0.1403,19.5620
3226,107.533,1483,679,2261,1773,0.0519,18.8692
3227,107.567,1482,679,2261,1775,2.1973,19.0819
3228,107.600,1482,679,2261,1775,3.4667,19.4567
3229,107.633,1483,679,2261,1776,2.3391,17.7150
3230,107.667,1483,680,2262,1777,3.5366,15.9845
3231,107.700,1483,680,2262,1777,2.6954,16.7602
3232,107.733,1483,680,2262,1777,2.7773,16.6835
3233,107.767,1483,681,2262,1777,2.9299,19.1299
3234,107.800,1483,681,2262,1776,3.1646,19.6236
3235,107.833,1483,680,2262,1776,1.9097,17.6337
3236,107.867,1483,680,2262,1776,1.8232,17.5793
3237,107.900,1482,680,2262,1776,1.8292,18.8574
3238,107.933,1482,680,2262,1776,1.9712,18.4673
3239,107.967,1482,680,2262,1775,4.3205,17.5755
3240,108.000,1483,682,2261,1773,3.0970,20.5853
3241,108.033,1483,681,2261,1773,4.0473,19.2559
3242,108.067,1483,681,2261,1772,3.3740,18.6001
3243,108.100,1483,681,2261,1772,3.5350,18.3258
3244,108.133,1484,681,2261,1772,2.2350,18.2168
3245,108.167,1483,679,2261,1773,0.7509,18.1276
3246,108.200,1484,679,2261,1772,2.0305,17.2106
3247,108.233,1484,679,2261,1772,2.3609,17.2899
3248,108.267,1484,679,2260,1772,0.4231,16.4079
3249,108.300,1484,679,2260,1771,1.4163,16.8209
3250,108.333,1484,680,2260,1771,1.3032,19.2082
3251,108.367,1484,680,2260,1771,1.2601,19.4024
3252,108.400,1484,681,2260,1771,2.0239,19.8766
3253,108.433,1484,681,2260,1771,1.7504,19.5543
3254,108.467,1484,681,2260,1771,2.3286,19.9792
3255,108.500,1484,680,2260,1771,2.1642,20.4075
3256,108.533,1484,681,2260,1771,2.9584,18.8008
3257,108.567,1484,680,2261,1772,4.6349,19.7861
3258,108.600,1483,680,2261,1772,5.2449,20.0070
3259,108.633,1484,680,2261,1771,5.0792,20.0843
3260,108.667,1483,680,2261,1771,5.8492,19.5960
3261,108.700,1482,680,2260,1769,4.7177,19.4830
3262,108.733,1482,680,2261,1769,5.2565,20.7090
3263,108.767,1483,681,2260,1775,-5.3484,15.6859
3264,108.800,1483,680,2260,1775,-5.5947,14.7896
3265,108.833,1483,680,2260,1776,-6.5886,14.2769
3266,108.867,1482,680,2260,1776,-7.7110,14.2053
3267,108.900,1483,680,2260,1776,-6.5185,14.7495
3268,108.933,1483,680,2260,1776,-6.2494,14.5825
3269,108.967,1483,680,2260,1777,-5.5212,15.5491
3270,109.000,1482,675,2260,1776,-7.4600,14.7430
3271,109.033,1482,676,2260,1776,-6.2845,14.6852
3272,109.067,1482,676,2260,1776,-6.4889,14.4005
3273,109.100,1482,676,2260,1777,-7.2149,14.3561
3274,109.133,1482,675,2260,1776,-7.3818,14.6864
3275,109.167,1482,675,2260,1776,-7.6100,14.6255
3276,109.200,1481,675,2259,1776,-5.5158,17.4387
3277,109.233,1482,675,2259,1776,7.3668,16.4802
3278,109.267,1483,676,2258,1776,11.8982,15.2560
3279,109.300,1483,676,2258,1776,11.6962,14.7341
3280,109.333,1483,676,2259,1777,12.5890,15.2740
3281,109.367,1483,676,2259,1776,12.8041,14.1298
3282,109.400,1483,676,2259,1776,12.9327,14.5424
3283,109.433,1483,675,2258,1776,14.3955,14.9199
3284,109.467,1483,675,2258,1775,12.8264,16.5358
3285,109.500,1483,675,2258,1775,13.1080,16.1904
3286,109.533,1483,675,2258,1773,13.3248,14.5143
3287,109.567,1483,675,2258,1773,14.4448,14.7493
3288,109.600,1483,675,2258,1773,13.6223,15.2038
3289,109.633,1483,675,2258,1773,13.9564,15.3602
3290,109.667,1483,674,2258,1774,12.0889,13.3353
3291,109.700,1483,675,2258,1774,12.3188,14.3341
3292,109.733,1483,675,2258,1774,12.2639,14.3837
3293,109.767,1483,674,2258,1774,11.4775,13.4595
3294,109.800,1483,675,2258,1774,10.9028,13.8785
3295,109.833,1483,674,2258,1775,12.0536,15.1237
3296,109.867,1483,674,2258,1775,12.1472,15.2322
3297,109.900,1483,674,2259,1775,10.4447,13.6682
3298,109.933,1484,675,2258,1774,12.1992,14.1394
3299,109.967,1484,675,2258,1774,11.9124,13.6835
3300,110.000,1484,673,2259,1773,11.2207,13.2923
3301,110.033,1484,673,2259,1773,10.7923,12.9366
3302,110.067,1484,673,2259,1774,11.9797,13.2719
3303,110.100,1484,673,2259,1774,12.1146,13.1101
3304,110.133,1484,673,2259,1774,11.4971,12.4887
3305,110.167,1484,673,2260,1776,12.9556,12.2281
3306,110.200,1484,673,2260,1776,12.8447,12.0620
3307,110.233,1484,674,2260,1776,12.0454,12.9019
3308,110.267,1484,673,2259,1776,12.9358,12.3425
3309,110.300,1484,672,2259,1777,12.8764,13.0680
3310,110.333,1484,672,2259,1776,12.8382,12.7635
3311,110.367,1483,672,2260,1776,13.0678,12.5788
3312,110.400,1484,673,2260,1776,11.9107,12.5126
3313,110.433,1485,678,2262,1780,14.7094,0.5435
3314,110.467,1485,677,2263,1780,11.0093,0.3564
3315,110.500,1481,676,2266,1779,8.4029,1.6336
3316,110.533,1482,669,2263,1779,8.3635,11.1874
3317,110.567,1482,668,2262,1779,12.2302,11.0971
3318,110.600,1481,673,2261,1780,5.2976,12.5588
3319,110.633,1481,675,2259,1781,5.3929,21.1961
3320,110.667,1481,676,2259,1781,7.3472,20.1292
3321,110.700,1481,675,2260,1782,7.9655,19.9055
3322,110.733,1481,674,2260,1782,7.9264,18.5930
3323,110.767,1481,675,2260,1782,4.9175,20.4294
3324,110.800,1481,675,2260,1782,4.5368,19.7147
3325,110.833,1481,674,2260,1782,6.0134,18.9108
3326,110.867,1481,673,2260,1782,6.9313,20.3116
3327,110.900,1481,674,2260,1782,5.7267,19.1838
3328,110.933,1481,674,2260,1782,5.9445,19.6607
3329,110.967,1482,674,2260,1782,7.3989,20.2269
3330,111.000,1483,679,2259,1782,5.3901,21.5918
3331,111.033,1484,676,2259,1781,16.0919,13.7806
3332,111.067,1485,676,2260,1781,18.6088,13.2220
3333,111.100,1485,677,2260,1781,17.9869,11.2851
3334,111.133,1486,678,2259,1781,17.9998,13.1763
3335,111.167,1486,679,2260,1781,19.9051,13.5419
3336,111.200,1486,679,2260,1781,19.5521,13.5309
3337,111.233,1486,678,2260,1780,19.6172,12.2064
3338,111.267,1486,679,2260,1780,19.4539,10.9744
3339,111.300,1485,679,2261,1781,19.6903,13.8588
3340,111.333,1485,679,2261,1781,19.2262,13.6403
3341,111.367,1485,678,2261,1781,19.1124,13.5589
3342,111.400,1485,679,2261,1781,19.3179,13.4639
3343,111.433,1485,679,2261,1781,19.5699,13.3234
3344,111.467,1485,680,2262,1781,18.3589,14.8056
3345,111.500,1485,678,2261,1781,16.0523,10.2281
3346,111.533,1484,677,2264,1781,18.8101,10.2397
3347,111.567,1484,674,2264,1780,17.1152,10.4256
3348,111.600,1483,674,2263,1778,18.7665,10.1046
3349,111.633,1483,674,2263,1778,18.7068,10.3260
3350,111.667,1483,677,2261,1777,16.7041,7.8414
3351,111.700,1483,679,2265,1779,15.9742,3.0287
3352,111.733,1483,677,2266,1779,15.6063,4.1335
3353,111.767,1481,677,2266,1779,12.6633,4.4290
3354,111.800,1483,679,2263,1777,15.1351,8.1614
3355,111.833,1483,679,2263,1778,11.3303,6.4943
3356,111.867,1482,679,2262,1778,7.7596,7.4872
3357,111.900,1481,683,2260,1778,7.5806,16.6708
3358,111.933,1482,683,2260,1778,8.6363,17.5989
3359,111.967,1483,683,2260,1778,9.3563,18.7304
3360,112.000,1483,682,2259,1778,8.0846,18.0428
3361,112.033,1483,681,2259,1779,7.0957,18.6929
3362,112.067,1483,681,2259,1779,5.4244,18.5971
3363,112.100,1483,682,2259,1778,5.3309,18.2293
3364,112.133,1483,681,2260,1778,5.6187,18.7251
3365,112.167,1483,680,2259,1778,2.2652,18.8426
3366,112.200,1483,680,2259,1777,1.4928,16.8858
3367,112.233,1483,680,2259,1777,-0.5659,17.2708
3368,112.267,1484,681,2259,1777,-1.0100,17.6465
3369,112.300,1483,679,2259,1777,-1.2721,19.5122
3370,112.333,1483,679,2259,1777,-1.2205,19.3202
3371,112.367,1482,679,2259,1777,-0.5676,18.8444
3372,112.400,1481,678,2260,1778,2.0291,19.0274
3373,112.433,1481,678,2258,1777,-2.1122,21.0978
3374,112.467,1481,679,2258,1777,-4.4965,20.5296
3375,112.500,1481,680,2258,1776,-2.2671,20.0838
3376,112.533,1481,680,2258,1777,-1.1604,19.8405
3377,112.567,1481,679,2258,1777,-5.5926,19.8755
3378,112.600,1481,679,2258,1777,-5.6689,19.7615
3379,112.633,1481,680,2258,1776,-2.0739,19.7583
3380,112.667,1482,681,2258,1776,-0.6661,20.0176
3381,112.700,1482,682,2258,1777,-2.8473,20.4765
3382,112.733,1483,685,2258,1776,3.4546,12.0011
3383,112.767,1482,675,2263,1776,4.3862,5.5048
3384,112.800,1481,675,2264,1775,6.6199,9.6951
3385,112.833,1481,673,2263,1775,-0.0916,9.5300
3386,112.867,1481,680,2261,1775,-2.4383,10.9417
3387,112.900,1481,679,2261,1775,-4.1355,11.3449
3388,112.933,1480,681,2261,1775,-4.4630,14.0566
3389,112.967,1459,696,2226,1809,19.1949,10.2151
3390,113.000,1460,694,2226,1811,19.8915,10.7725
3391,113.033,1460,695,2227,1812,8.6662,10.0647
3392,113.067,1460,695,2227,1812,6.5247,10.3794
3393,113.100,1460,695,2227,1812,6.3237,10.1524
3394,113.133,1459,694,2227,1812,4.5692,11.5782
3395,113.167,1460,694,2227,1812,6.4600,11.2981
3396,113.200,1460,694,2227,1813,6.9533,10.8273
3397,113.233,1461,696,2227,1810,5.8955,10.4188
3398,113.267,1462,696,2227,1810,6.9499,10.8544
3399,113.300,1464,696,2228,1812,3.5571,11.1406
3400,113.333,1464,697,2228,1814,4.5916,11.5249
3401,113.367,1464,697,2228,1813,5.0317,10.9957
3402,113.400,1464,694,2229,1814,3.3163,10.3213
3403,113.433,1465,694,2229,1813,3.9665,10.4547
3404,113.467,1465,693,2230,1813,3.3171,10.1457
3405,113.500,1465,691,2229,1815,9.2958,9.5555
3406,113.533,1464,690,2230,1814,4.1645,9.6736
3407,113.567,1465,693,2230,1814,5.2674,11.1773
3408,113.600,1464,695,2229,1814,4.1145,9.9970
3409,113.633,1465,695,2230,1814,5.6694,9.5522
3410,113.667,1464,696,2229,1814,4.8454,12.2431
3411,113.700,1464,697,2230,1814,7.3219,11.0864
3412,113.733,1464,696,2229,1813,7.5522,11.8968
3413,113.767,1464,696,2230,1814,3.6127,11.2575
3414,113.800,1463,698,2229,1814,8.7143,10.6469
3415,113.833,1464,695,2227,1816,4.6623,8.7314
3416,113.867,1459,684,2227,1815,6.7040,7.0501
3417,113.900,1463,687,2225,1814,4.6301,7.6235
3418,113.933,1463,687,2226,1815,2.6914,7.4209
3419,113.967,1463,692,2229,1813,2.5489,9.8419
3420,114.000,1462,692,2231,1815,5.7010,10.0118
3421,114.033,1462,693,2231,1816,6.5554,11.1081
3422,114.067,1462,693,2231,1816,6.5715,11.4946
3423,114.100,1462,694,2232,1816,7.2865,9.8717
3424,114.133,1461,694,2232,1816,6.5668,10.8852
3425,114.167,1462,694,2232,1815,5.5443,11.1693
3426,114.200,1462,695,2232,1816,8.9133,12.1942
3427,114.233,1462,695,2232,1816,8.1586,12.2643
3428,114.267,1461,695,2232,1815,6.3996,13.8748
3429,114.300,1462,696,2232,1816,6.9449,13.1795
3430,114.333,1462,696,2232,1817,6.8846,12.6613
3431,114.367,1462,697,2232,1817,7.7448,14.0775
3432,114.400,1462,696,2231,1818,6.5468,12.0053
3433,114.433,1463,696,2231,1819,8.2248,11.9327
3434,114.467,1462,696,2231,1819,5.1883,13.9420
3435,114.500,1462,696,2231,1819,4.3811,13.8804
3436,114.533,1463,697,2231,1818,3.7463,14.0365
3437,114.567,1463,700,2231,1817,3.5543,15.8573
3438,114.600,1462,699,2230,1817,1.6794,15.0163
3439,114.633,1463,699,2230,1818,2.2042,14.7532
3440,114.667,1462,700,2230,1818,1.1885,16.6197
3441,114.700,1462,699,2230,1818,-0.4483,15.7475
3442,114.733,1462,699,2230,1818,-0.6760,15.4906
3443,114.767,1462,699,2231,1817,1.1291,15.5117
3444,114.800,1461,698,2231,1818,0.1787,16.3243
3445,114.833,1461,697,2231,1818,1.1367,16.3199
3446,114.867,1461,697,2231,1818,1.7899,15.6171
3447,114.900,1461,697,2231,1818,3.4800,15.9887
3448,114.933,1461,697,2231,1818,2.3800,15.0847
3449,114.967,1461,698,2231,1817,2.9322,14.0331
3450,115.000,1460,702,2230,1819,5.9202,13.7746
3451,115.033,1460,701,2230,1819,5.4843,13.3131
3452,115.067,1459,702,2229,1819,6.5892,12.6437
3453,115.100,1459,701,2229,1820,4.9991,12.0411
3454,115.133,1459,700,2229,1820,4.1060,13.3547
3455,115.167,1459,700,2229,1821,5.8173,14.7722
3456,115.200,1459,700,2228,1820,5.2399,14.7834
3457,115.233,1459,700,2228,1821,2.7630,13.9774
3458,115.267,1459,700,2228,1821,3.4348,13.7563
3459,115.300,1459,700,2228,1821,2.2462,14.0265
3460,115.333,1459,700,2228,1822,4.2146,14.9872
3461,115.367,1459,701,2228,1821,6.1237,14.8379
3462,115.400,1459,701,2228,1822,4.5178,15.1919
3463,115.433,1459,700,2228,1821,5.2196,15.2144
3464,115.467,1459,700,2228,1821,6.7168,15.5214
3465,115.500,1459,700,2228,1821,6.6392,15.3833
3466,115.533,1459,700,2228,1821,6.6283,14.7196
3467,115.567,1459,700,2228,1821,6.9581,14.1966
3468,115.600,1458,700,2228,1820,7.2714,15.8084
3469,115.633,1459,700,2228,1821,7.1346,14.1726
3470,115.667,1459,700,2228,1821,7.7612,14.2706
3471,115.700,1459,699,2228,1821,8.0425,14.7738
3472,115.733,1459,700,2229,1821,8.4865,14.7172
3473,115.767,1459,699,2228,1821,7.9696,14.1965
3474,115.800,1459,699,2228,1822,9.5030,14.7119
3475,115.833,1459,699,2228,1822,10.4945,14.4906
3476,115.867,1459,698,2228,1822,8.3033,13.8778
3477,115.900,1458,698,2228,1822,5.8254,15.4807
3478,115.933,1458,698,2229,1822,5.5137,15.2070
3479,115.967,1458,699,2228,1822,5.0775,16.1673
3480,116.000,1459,698,2228,1822,3.1040,14.6399
3481,116.033,1460,698,2228,1822,4.9296,14.3181
3482,116.067,1460,699,2228,1822,4.2836,14.7318
3483,116.100,1459,698,2228,1822,3.1765,15.5568
3484,116.133,1459,699,2228,1822,2.6603,14.3195
3485,116.167,1460,699,2228,1822,4.7857,13.6635
3486,116.200,1460,699,2228,1822,4.8975,13.3593
3487,116.233,1460,699,2228,1822,4.5582,13.2148
3488,116.267,1460,699,2227,1823,5.0596,13.8090
3489,116.300,1460,699,2227,1822,4.8570,13.7425
3490,116.333,1460,698,2227,1823,4.5665,12.9315
3491,116.367,1460,698,2227,1823,4.2059,13.7523
3492,116.400,1460,698,2227,1823,4.4974,13.7090
3493,116.433,1460,697,2227,1823,4.6316,12.8098
3494,116.467,1461,697,2227,1823,3.0690,14.6484
3495,116.500,1461,697,2227,1823,3.2937,14.1685
3496,116.533,1461,698,2227,1822,2.2550,12.3944
3497,116.567,1461,699,2227,1823,2.4989,12.8603
3498,116.600,1461,698,2227,1822,1.4422,14.0034
3499,116.633,1461,699,2227,1823,1.3125,13.6709
3500,116.667,1460,700,2227,1823,0.6009,14.5539
3501,116.700,1460,700,2227,1823,0.0772,14.6053
3502,116.733,1460,699,2227,1823,1.9408,14.6013
3503,116.767,1460,699,2227,1823,0.7249,15.0988
3504,116.800,1460,700,2227,1823,-3.6855,15.1271
3505,116.833,1460,700,2227,1823,-2.9487,15.0851
3506,116.867,1460,700,2227,1823,-3.4020,15.0711
3507,116.900,1460,700,2228,1823,-2.5074,16.0967
3508,116.933,1460,700,2228,1823,-2.8477,15.7211
3509,116.967,1460,708,2223,1809,-4.2191,14.3122
3510,117.000,1460,705,2224,1812,-3.0189,14.3045
3511,117.033,1460,705,2224,1812,-3.5929,14.4392
3512,117.067,1460,705,2224,1812,-3.8268,14.4098
3513,117.100,1460,705,2224,1812,-4.5529,14.2025
3514,117.133,1459,705,2224,1812,-2.7051,13.9543
3515,117.167,1459,704,2224,1812,-3.5289,13.4385
3516,117.200,1459,703,2224,1813,-6.0281,14.5923
3517,117.233,1459,703,2224,1812,-6.8206,14.9299
3518,117.267,1459,703,2224,1813,-6.6298,14.7027
3519,117.300,1459,703,2224,1813,-6.6079,14.7848
3520,117.333,1459,703,2224,1813,-6.4529,14.8832
3521,117.367,1459,703,2224,1813,-5.9544,14.8320
3522,117.400,1459,704,2224,1813,-6.6207,14.2766
3523,117.433,1459,703,2224,1813,-6.9130,14.5157
3524,117.467,1459,704,2224,1813,-7.5113,16.2659
3525,117.500,1459,704,2224,1813,-8.1282,15.6908
3526,117.533,1460,704,2224,1813,-6.6582,16.4038
3527,117.567,1460,704,2224,1814,-5.8338,18.1355
3528,117.600,1460,704,2224,1814,-5.7537,17.1759
3529,117.633,1460,704,2224,1813,-6.7306,17.5657
3530,117.667,1460,704,2224,1814,-6.0666,17.9660
3531,117.700,1460,705,2225,1815,-7.0836,17.8151
3532,117.733,1460,705,2225,1816,-7.4336,16.2870
3533,117.767,1460,706,2225,1816,-8.2244,17.6464
3534,117.800,1460,707,2225,1817,-8.4714,17.3891
3535,117.833,1460,707,2226,1818,-5.9958,16.8977
3536,117.867,1460,706,2226,1819,-5.8061,16.4019
3537,117.900,1460,706,2226,1819,-6.3607,16.2640
3538,117.933,1460,706,2226,1819,-7.9953,16.4756
3539,117.967,1460,706,2225,1819,-6.9755,16.0302
3540,118.000,1459,705,2226,1820,-4.7356,16.5363
3541,118.033,1459,704,2226,1820,-5.6534,16.1495
3542,118.067,1459,705,2225,1821,-6.4151,17.2353
3543,118.100,1459,704,2225,1821,-7.8793,16.1964
3544,118.133,1459,704,2225,1820,-6.9282,16.4960
3545,118.167,1459,704,2225,1819,-6.3745,16.4052
3546,118.200,1459,705,2225,1818,-7.9985,17.6256
3547,118.233,1459,705,2225,1819,-9.8361,16.7752
3548,118.267,1460,705,2225,1820,-9.7651,17.7252
3549,118.300,1460,705,2225,1820,-8.4189,17.2686
3550,118.333,1460,706,2225,1819,-8.9894,15.8335
3551,118.367,1460,706,2225,1819,-8.9385,15.6905
3552,118.400,1460,706,2225,1819,-9.7497,16.7225
3553,118.433,1460,706,2226,1820,-7.9789,16.4890
3554,118.467,1460,706,2225,1820,-8.2398,17.4820
3555,118.500,1460,705,2226,1820,-8.7436,18.4889
3556,118.533,1460,705,2226,1820,-8.7697,18.5227
3557,118.567,1460,706,2226,1822,-8.0259,17.9686
3558,118.600,1459,705,2227,1823,-7.8326,18.7861
3559,118.633,1459,704,2227,1824,-8.4869,17.4525
3560,118.667,1458,704,2227,1825,-6.6021,16.4145
3561,118.700,1458,705,2227,1825,-6.7948,17.0024
3562,118.733,1459,705,2227,1825,-9.7361,16.7520
3563,118.767,1459,705,2227,1825,-9.3654,16.9388
3564,118.800,1459,705,2227,1825,-9.0567,16.8606
3565,118.833,1459,706,2227,1825,-7.1788,18.6634
3566,118.867,1459,706,2227,1825,-7.1329,18.8297
3567,118.900,1459,706,2227,1825,-7.0871,18.8298
3568,118.933,1459,706,2227,1825,-7.2976,18.9394
3569,118.967,1458,707,2227,1825,-9.4185,15.8839
3570,119.000,1459,705,2227,1825,-8.2196,16.8172
3571,119.033,1459,705,2228,1825,-8.7684,17.3264
3572,119.067,1459,706,2227,1825,-9.3653,17.7583
3573,119.100,1460,706,2227,1825,-8.4302,17.2889
3574,119.133,1460,705,2227,1824,-6.5211,16.4768
3575,119.167,1460,705,2227,1824,-6.7960,16.6941
3576,119.200,1460,705,2227,1823,-6.6852,18.0220
3577,119.233,1460,705,2227,1823,-7.2063,17.6134
3578,119.267,1460,706,2226,1824,-6.4218,17.4277
3579,119.300,1460,705,2226,1824,-5.2853,18.6173
3580,119.333,1460,705,2226,1823,-8.2741,18.7067
3581,119.367,1460,704,2227,1823,-7.1980,18.6614
3582,119.400,1460,704,2227,1823,-6.9742,18.2379
3583,119.433,1460,704,2227,1823,-6.6114,18.1569
3584,119.467,1460,705,2226,1823,-8.2476,18.4777
3585,119.500,1460,705,2227,1822,-7.5692,18.1976
3586,119.533,1460,705,2227,1823,-8.5504,17.9963
3587,119.567,1460,704,2227,1822,-9.5609,18.9435
3588,119.600,1460,705,2227,1822,-6.8716,18.8845
3589,119.633,1460,705,2227,1822,-7.3511,18.9957
3590,119.667,1460,706,2227,1821,-7.5117,16.1986
3591,119.700,1459,706,2226,1821,-8.8799,15.5316
3592,119.733,1459,701,2222,1825,-2.6101,10.8415
3593,119.767,1460,701,2222,1825,-1.4175,10.2770
3594,119.800,1460,701,2222,1823,-4.7754,11.2463
3595,119.833,1460,701,2225,1823,-6.9220,16.1980
3596,119.867,1460,701,2225,1822,-5.9920,15.3651
3597,119.900,1459,704,2224,1823,-7.6492,14.9435
3598,119.933,1459,704,2226,1822,-8.4466,17.9510
3599,119.967,1459,704,2226,1821,-5.2883,17.7736
3600,120.000,1459,703,2226,1821,-6.0993,18.8122
3601,120.033,1458,703,2225,1821,-6.0334,17.2087
3602,120.067,1458,703,2226,1821,-4.5288,19.2021
3603,120.100,1458,704,2226,1821,-4.5568,18.4538
3604,120.133,1457,704,2226,1821,-5.2119,19.2409
3605,120.167,1457,705,2226,1822,-5.1525,18.6838
3606,120.200,1457,706,2226,1822,-5.5437,18.4714
3607,120.233,1458,706,2226,1821,-5.7968,18.8465
3608,120.267,1458,706,2226,1822,-6.2238,17.5223
3609,120.300,1457,705,2227,1821,-6.7554,17.4836
3610,120.333,1456,706,2226,1821,-4.1676,15.9546
3611,120.367,1456,706,2227,1821,-4.3037,16.8548
3612,120.400,1457,706,2226,1820,-5.7249,17.6433
3613,120.433,1456,707,2227,1822,-6.2987,16.3676
3614,120.467,1457,706,2227,1821,-5.9734,17.9303
3615,120.500,1457,706,2227,1821,-5.3837,18.3688
3616,120.533,1457,707,2228,1821,-4.3506,16.8408
3617,120.567,1457,707,2228,1821,-4.5315,16.9260
3618,120.600,1457,708,2228,1821,-4.8770,15.5085
3619,120.633,1457,707,2228,1821,-4.6327,16.5801
3620,120.667,1457,707,2228,1821,-4.1920,16.3835
3621,120.700,1457,707,2227,1821,-7.1626,18.3143
3622,120.733,1457,707,2227,1821,-6.5817,18.5457
3623,120.767,1457,707,2227,1821,-7.1447,18.4141
3624,120.800,1457,707,2228,1821,-4.3212,17.4218
3625,120.833,1457,707,2228,1820,-3.4777,17.8949
3626,120.867,1457,707,2228,1821,-3.8708,17.5990
3627,120.900,1457,707,2228,1821,-4.2299,17.6728
3628,120.933,1457,706,2228,1821,-3.6204,18.0069
3629,120.967,1457,707,2228,1820,-4.1341,17.4468
3630,121.000,1458,706,2227,1821,-5.2149,20.0883
3631,121.033,1458,706,2227,1821,-5.2592,20.3229
3632,121.067,1458,706,2227,1821,-5.2739,20.0428
3633,121.100,1458,706,2227,1822,-4.9152,19.7162
3634,121.133,1457,706,2227,1821,-3.3876,18.1089
3635,121.167,1458,706,2227,1821,-5.2244,19.5583
3636,121.200,1458,706,2227,1821,-5.1792,19.7854
3637,121.233,1458,706,2227,1821,-5.4559,19.8354
3638,121.267,1458,706,2227,1821,-5.4366,19.7958
3639,121.300,1457,706,2227,1820,-4.1066,18.7572
3640,121.333,1458,706,2227,1820,-3.6832,20.1309
3641,121.367,1458,706,2227,1820,-2.8080,20.6711
3642,121.400,1458,706,2227,1820,-3.8777,20.9144
3643,121.433,1458,706,2227,1819,-5.2845,21.1476
3644,121.467,1457,706,2227,1819,-4.4511,19.1907
3645,121.500,1457,706,2227,1820,-3.4241,18.9192
3646,121.533,1457,706,2226,1820,-3.3107,19.3111
3647,121.567,1457,706,2226,1819,-2.7318,20.7057
3648,121.600,1457,706,2226,1819,-2.8678,20.2773
3649,121.633,1457,706,2226,1819,-2.6138,20.0295
3650,121.667,1457,706,2226,1820,-3.7330,19.2746
3651,121.700,1457,706,2226,1820,-2.8640,19.4245
3652,121.733,1457,706,2226,1819,-2.6391,20.3133
3653,121.767,1457,707,2226,1819,-4.5964,18.7979
3654,121.800,1457,707,2226,1820,-2.7235,18.8657
3655,121.833,1457,707,2226,1820,-1.9057,19.1171
3656,121.867,1457,707,2226,1820,-2.6175,18.8501
3657,121.900,1457,707,2226,1820,-2.6927,18.7044
3658,121.933,1457,707,2226,1820,-2.5278,18.7196
3659,121.967,1457,707,2226,1820,-3.6220,18.1523
3660,122.000,1457,706,2226,1821,-3.7823,18.4840
3661,122.033,1457,707,2226,1821,-3.9724,17.8953
3662,122.067,1457,706,2226,1821,-3.3069,18.4916
3663,122.100,1457,706,2226,1821,-3.3679,18.5801
3664,122.133,1457,707,2226,1821,-3.1865,17.3687
3665,122.167,1456,707,2226,1820,-7.0432,17.4574
3666,122.200,1457,708,2226,1820,-6.4610,17.8398
3667,122.233,1457,708,2226,1820,-6.7727,17.8505
3668,122.267,1457,708,2226,1820,-6.7116,17.6197
3669,122.300,1456,709,2226,1820,-4.4122,16.6277
3670,122.333,1456,709,2226,1820,-4.8404,16.6501
3671,122.367,1456,709,2226,1820,-4.7070,16.5771
3672,122.400,1456,709,2226,1821,-5.4575,14.5421
3673,122.433,1456,709,2226,1821,-5.5779,14.8046
3674,122.467,1456,709,2226,1821,-5.4754,14.8304
3675,122.500,1456,709,2226,1821,-5.6523,14.7216
3676,122.533,1456,709,2226,1821,-5.8022,14.5408
3677,122.567,1456,710,2225,1820,-5.8989,16.0806
3678,122.600,1456,710,2225,1821,-5.7155,16.7484
3679,122.633,1456,710,2225,1821,-6.1092,16.6777
3680,122.667,1456,709,2225,1820,-6.9302,17.5753
3681,122.700,1456,709,2226,1821,-6.1749,14.7450
3682,122.733,1456,709,2226,1821,-6.0782,14.7124
3683,122.767,1456,709,2226,1821,-6.2198,14.6071
3684,122.800,1456,709,2226,1821,-6.2960,13.6873
3685,122.833,1455,710,2226,1820,-4.7065,16.5206
3686,122.867,1456,710,2226,1820,-4.6804,15.1308
3687,122.900,1455,710,2226,1820,-4.1047,16.6786
3688,122.933,1456,710,2225,1819,-3.2244,15.5992
3689,122.967,1455,709,2226,1819,-2.6504,15.7619
3690,123.000,1455,707,2225,1819,-3.7862,17.1867
3691,123.033,1455,706,2225,1819,-5.7849,17.6773
3692,123.067,1455,706,2225,1819,-5.8874,17.3527
3693,123.100,1456,708,2225,1819,-4.5397,17.1487
3694,123.133,1455,710,2225,1819,-4.0055,12.8124
3695,123.167,1455,709,2224,1819,-2.8229,13.1579
3696,123.200,1455,709,2225,1819,-5.4435,12.6365
3697,123.233,1455,709,2225,1820,-3.5094,12.5304
3698,123.267,1456,710,2225,1820,-5.2348,12.0056
3699,123.300,1456,710,2226,1820,-5.5987,12.4214
3700,123.333,1456,711,2225,1820,-5.9050,13.9396
3701,123.367,1456,711,2226,1819,-5.1743,13.3714
3702,123.400,1456,711,2226,1820,-6.6554,13.4889
3703,123.433,1456,711,2226,1820,-7.4995,13.8463
3704,123.467,1456,711,2226,1821,-6.4321,13.5253
3705,123.500,1456,711,2226,1821,-5.9939,13.7588
3706,123.533,1456,711,2225,1821,-7.4048,14.2745
3707,123.567,1456,711,2225,1821,-7.4222,13.7451
3708,123.600,1455,711,2225,1821,-7.8490,13.5508
3709,123.633,1456,712,2225,1820,-7.2212,13.5819
3710,123.667,1456,712,2225,1819,-6.4792,15.3117
3711,123.700,1459,712,2226,1819,-8.8298,12.7279
3712,123.733,1459,711,2226,1820,-8.9556,13.1824
3713,123.767,1459,711,2226,1820,-9.9128,12.3079
3714,123.800,1459,711,2227,1821,-8.1557,10.9791
3715,123.833,1460,709,2224,1822,-8.4601,9.4016
3716,123.867,1460,710,2225,1822,-10.4304,10.1750
3717,123.900,1461,707,2224,1821,-11.9178,10.8479
3718,123.933,1461,707,2224,1821,-10.7595,12.0868
3719,123.967,1462,705,2226,1821,-11.3069,13.3139
3720,124.000,1461,704,2226,1820,-11.5263,12.0293
3721,124.033,1461,704,2227,1819,-11.5506,12.8035
3722,124.067,1462,704,2227,1820,-12.4993,11.3717
3723,124.100,1462,704,2227,1820,-12.2851,10.0059
3724,124.133,1461,703,2227,1820,-12.8717,10.4789
3725,124.167,1454,698,2225,1822,-0.9541,3.4436
3726,124.200,1453,698,2226,1822,0.3791,7.5675
3727,124.233,1455,694,2226,1821,-1.4034,6.2564
3728,124.267,1456,696,2225,1820,-3.7687,9.5072
3729,124.300,1460,703,2227,1818,-7.9239,13.5545
3730,124.333,1460,703,2227,1818,-5.6638,12.1605
3731,124.367,1461,705,2227,1819,-6.1047,15.9179
3732,124.400,1461,705,2227,1819,-8.1515,14.1064
3733,124.433,1460,705,2227,1818,-7.3882,15.5360
3734,124.467,1460,705,2227,1818,-7.9534,16.2365
3735,124.500,1459,706,2227,1818,-8.6760,17.5047
3736,124.533,1459,705,2227,1818,-7.4185,16.1953
3737,124.567,1459,706,2227,1818,-9.8676,17.2143
3738,124.600,1459,706,2227,1818,-9.6574,18.1011
3739,124.633,1460,707,2227,1818,-9.1904,17.1524
3740,124.667,1459,707,2227,1818,-7.9867,16.5163
3741,124.700,1459,707,2227,1818,-7.4497,16.8028
3742,124.733,1459,708,2227,1818,-8.6304,16.3611
3743,124.767,1458,708,2226,1818,-8.2558,16.9277
3744,124.800,1458,707,2226,1818,-6.5506,18.3852
3745,124.833,1458,707,2226,1817,-7.7659,18.0343
3746,124.867,1458,707,2226,1817,-7.9943,18.2433
3747,124.900,1459,707,2226,1817,-7.3925,19.3902
3748,124.933,1459,707,2226,1817,-7.0588,19.8578
3749,124.967,1459,706,2226,1817,-6.0365,18.6691
3750,125.000,1459,706,2226,1818,-5.3321,18.9624
3751,125.033,1459,706,2226,1818,-5.2558,18.9068
3752,125.067,1459,707,2226,1818,-7.4394,17.6630
3753,125.100,1458,707,2226,1818,-5.9668,17.6277
3754,125.133,1458,707,2226,1819,-8.7083,17.0820
3755,125.167,1458,707,2226,1818,-7.3596,16.2790
3756,125.200,1459,707,2226,1818,-7.8467,17.0744
3757,125.233,1458,707,2225,1818,-6.3191,17.6371
3758,125.267,1458,707,2225,1818,-6.8907,17.5577
3759,125.300,1458,707,2225,1817,-5.5314,18.7451
3760,125.333,1458,707,2224,1817,-4.4692,17.0860
3761,125.367,1458,708,2225,1817,-9.0065,18.1514
3762,125.400,1458,708,2225,1817,-8.7536,18.1365
3763,125.433,1458,708,2225,1817,-8.5731,17.6927
3764,125.467,1458,708,2225,1817,-8.7298,17.7224
3765,125.500,1458,708,2225,1817,-8.6668,17.6183
3766,125.533,1457,708,2225,1817,-6.1551,18.0759
3767,125.567,1457,708,2225,1817,-5.3558,18.1668
3768,125.600,1457,709,2225,1817,-6.4845,17.8665
3769,125.633,1457,709,2225,1817,-6.4637,17.6334
3770,125.667,1457,709,2225,1818,-7.5632,17.3995
3771,125.700,1457,709,2225,1818,-7.0751,17.2372
3772,125.733,1458,709,2225,1818,-8.0366,17.2765
3773,125.767,1457,709,2225,1817,-6.5050,16.7363
3774,125.800,1457,708,2225,1818,-7.8712,17.5116
3775,125.833,1457,708,2225,1818,-7.5157,17.4205
3776,125.867,1457,709,2225,1818,-7.5364,16.5171
3777,125.900,1457,709,2225,1818,-7.7041,16.2990
3778,125.933,1457,709,2225,1819,-6.7488,16.6615
3779,125.967,1457,709,2226,1820,-7.3390,17.9319
3780,126.000,1457,710,2225,1820,-7.3058,15.2322
3781,126.033,1457,709,2225,1821,-7.0262,15.9426
3782,126.067,1457,709,2225,1821,-6.7636,16.0873
3783,126.100,1457,709,2225,1821,-6.9740,16.2362
3784,126.133,1457,710,2225,1822,-8.3856,16.2672
3785,126.167,1458,710,2225,1822,-9.4506,18.2154
3786,126.200,1458,710,2225,1822,-9.8326,18.0024
3787,126.233,1458,709,2225,1822,-8.9309,16.8582
3788,126.267,1458,710,2225,1823,-10.3422,17.1668
3789,126.300,1458,709,2225,1822,-9.4716,15.9476
3790,126.333,1458,709,2225,1823,-10.2413,16.7056
3791,126.367,1458,709,2225,1823,-10.3156,16.6026
3792,126.400,1458,709,2225,1823,-10.1390,17.1817
3793,126.433,1458,709,2226,1823,-10.2437,15.6059
3794,126.467,1458,709,2226,1823,-10.7022,15.5238
3795,126.500,1458,709,2226,1823,-10.7087,15.7060
3796,126.533,1458,709,2226,1823,-10.7982,15.3646
3797,126.567,1458,710,2226,1823,-10.4798,16.6230
3798,126.600,1458,710,2226,1823,-10.6852,16.6369
3799,126.633,1457,710,2226,1823,-10.3643,17.1451
3800,126.667,1457,710,2226,1824,-9.9958,16.3635
3801,126.700,1457,710,2226,1823,-9.9414,17.5581
3802,126.733,1457,710,2226,1823,-10.2858,17.4261
3803,126.767,1457,710,2226,1822,-10.5727,18.0766
3804,126.800,1457,711,2225,1822,-11.4151,14.9702
3805,126.833,1457,710,2226,1821,-10.5825,17.7800
3806,126.867,1457,710,2225,1821,-9.6213,16.1340
3807,126.900,1457,710,2225,1821,-10.1117,16.0356
3808,126.933,1457,709,2225,1822,-11.3919,15.9007
3809,126.967,1457,709,2225,1821,-10.1626,16.8435
3810,127.000,1456,709,2225,1822,-8.9930,16.3003
3811,127.033,1456,709,2225,1822,-8.4672,16.4472
3812,127.067,1456,708,2226,1822,-8.0558,15.8369
3813,127.100,1456,708,2226,1822,-7.8979,15.8134
3814,127.133,1456,707,2226,1823,-9.3777,16.4942
3815,127.167,1456,708,2226,1822,-7.7902,17.1067
3816,127.200,1457,708,2226,1823,-8.9556,15.3956
3817,127.233,1457,708,2226,1823,-9.8461,15.2341
3818,127.267,1457,709,2226,1825,-7.9671,16.0035
3819,127.300,1457,710,2225,1826,-8.6988,15.7289
3820,127.333,1457,709,2225,1826,-10.1817,16.0307
3821,127.367,1457,710,2225,1826,-8.9001,15.7924
3822,127.400,1457,709,2225,1825,-10.3733,15.1163
3823,127.433,1457,709,2225,1826,-10.0408,14.8189
3824,127.467,1457,709,2225,1826,-10.1347,15.0957
3825,127.500,1457,710,2225,1826,-8.7112,15.3212
3826,127.533,1457,709,2225,1826,-10.2454,14.6419
3827,127.567,1456,709,2225,1827,-9.1380,14.2511
3828,127.600,1456,709,2225,1827,-9.7868,13.7507
3829,127.633,1456,709,2224,1827,-9.3945,13.8691
3830,127.667,1456,709,2225,1827,-10.1422,12.8112
3831,127.700,1456,709,2225,1827,-10.2417,12.7436
3832,127.733,1457,709,2225,1827,-10.3634,14.4050
3833,127.767,1456,708,2225,1828,-10.2897,14.6204
3834,127.800,1457,709,2225,1827,-9.6617,14.9197
3835,127.833,1457,708,2225,1827,-8.7286,14.1948
3836,127.867,1457,708,2225,1826,-8.7718,13.8761
3837,127.900,1457,708,2225,1826,-8.6005,14.5025
3838,127.933,1457,708,2224,1826,-7.1175,13.8571
3839,127.967,1457,709,2224,1825,-8.6607,13.2040
3840,128.000,1456,706,2224,1824,-7.4824,13.6990
3841,128.033,1457,706,2223,1825,-7.8640,14.2150
3842,128.067,1457,706,2223,1825,-7.6444,14.2216
3843,128.100,1457,706,2223,1825,-7.7098,14.0693
3844,128.133,1457,707,2223,1825,-5.3369,12.8026
3845,128.167,1456,706,2223,1824,-6.7881,13.4095
3846,128.200,1456,706,2223,1825,-6.9267,12.9551
3847,128.233,1456,706,2223,1825,-7.1166,12.7554
3848,128.267,1456,706,2223,1825,-7.0003,12.4689
3849,128.300,1456,706,2223,1825,-6.8578,12.3755
3850,128.333,1456,706,2223,1825,-6.7748,12.3063
3851,128.367,1456,706,2223,1825,-6.7618,12.0333
3852,128.400,1456,706,2224,1825,-8.6433,12.3025
3853,128.433,1456,707,2224,1825,-8.3371,13.8594
3854,128.467,1456,707,2223,1825,-7.2119,13.2687
3855,128.500,1456,708,2224,1825,-8.2864,11.6329
3856,128.533,1456,708,2224,1825,-8.4844,11.5227
3857,128.567,1456,708,2223,1825,-7.8873,13.0795
3858,128.600,1456,709,2223,1825,-8.4413,11.9716
3859,128.633,1457,709,2223,1825,-8.4688,14.2113
3860,128.667,1455,709,2223,1825,-8.7478,12.3057
3861,128.700,1455,708,2223,1825,-7.5329,12.4661
3862,128.733,1455,708,2223,1825,-7.2403,12.2299
3863,128.767,1454,709,2223,1824,-7.4118,14.4529
3864,128.800,1453,709,2223,1824,-5.3956,15.3140
3865,128.833,1453,708,2223,1825,-7.7710,15.2598
3866,128.867,1454,706,2223,1826,-6.4897,12.0051
3867,128.900,1454,706,2223,1826,-8.6108,11.7325
3868,128.933,1453,706,2223,1826,-7.4683,12.0124
3869,128.967,1454,708,2223,1826,-7.4029,12.5968
3870,129.000,1454,709,2222,1826,-5.7195,14.7447
3871,129.033,1454,708,2223,1825,-5.9386,15.4297
3872,129.067,1454,710,2222,1824,-7.0061,15.1677
3873,129.100,1453,710,2222,1824,-5.8110,13.9887
3874,129.133,1453,711,2222,1824,-7.5440,14.8593
3875,129.167,1453,713,2222,1823,-8.0188,14.3995
3876,129.200,1453,713,2222,1823,-7.3988,13.6072
3877,129.233,1453,713,2222,1823,-7.7551,13.1386
3878,129.267,1452,713,2222,1823,-8.9520,14.6918
3879,129.300,1452,714,2222,1824,-9.9635,13.8643
3880,129.333,1452,714,2223,1824,-7.2634,12.8164
3881,129.367,1452,714,2223,1824,-7.4775,12.7339
3882,129.400,1452,714,2223,1824,-7.5170,12.8832
3883,129.433,1452,714,2223,1823,-7.1791,11.8738
3884,129.467,1452,715,2224,1823,-6.0773,11.1123
3885,129.500,1452,715,2224,1823,-6.0265,11.2043
3886,129.533,1452,715,2224,1823,-6.2651,11.8718
3887,129.567,1452,715,2224,1823,-5.8732,12.0935
3888,129.600,1452,715,2223,1823,-8.3969,10.9517
3889,129.633,1452,715,2224,1823,-6.7188,11.1245
3890,129.667,1452,715,2224,1823,-7.3452,10.0497
3891,129.700,1453,715,2224,1823,-8.8561,10.2593
3892,129.733,1454,713,2224,1822,-8.2882,9.7009
3893,129.767,1454,713,2224,1822,-7.8519,9.3997
3894,129.800,1455,712,2225,1822,-8.3958,8.5251
3895,129.833,1455,711,2225,1822,-8.7355,7.4397
3896,129.867,1455,711,2225,1822,-8.1972,7.2166
3897,129.900,1455,711,2225,1822,-8.1927,7.3651
3898,129.933,1455,711,2224,1821,-7.2977,7.0632
3899,129.967,1455,711,2224,1820,-9.8916,7.8136
3900,130.000,1455,709,2224,1819,-8.2379,10.5829
3901,130.033,1455,709,2224,1819,-8.7999,10.8280
3902,130.067,1455,709,2224,1819,-8.4271,11.2159
3903,130.100,1455,709,2224,1819,-8.2582,11.3416
3904,130.133,1455,709,2224,1819,-8.0571,11.6054
3905,130.167,1456,710,2225,1819,-9.5324,11.9944
3906,130.200,1455,709,2225,1818,-8.9219,12.4337
3907,130.233,1456,710,2225,1818,-10.4327,12.2268
3908,130.267,1456,710,2225,1819,-8.8831,11.2614
3909,130.300,1456,709,2224,1819,-9.5432,11.0838
3910,130.333,1456,710,2224,1819,-9.6152,12.0335
3911,130.367,1456,710,2225,1820,-9.5686,11.3418
3912,130.400,1457,710,2224,1823,-8.2869,12.3502
3913,130.433,1457,710,2224,1823,-7.6862,12.3751
3914,130.467,1457,710,2224,1823,-7.7010,12.3112
3915,130.500,1457,710,2224,1823,-7.7473,12.2253
3916,130.533,1457,710,2224,1823,-7.8214,12.3981
3917,130.567,1457,710,2224,1823,-7.6634,12.2348
3918,130.600,1457,710,2224,1823,-7.5870,12.1029
3919,130.633,1457,710,2224,1823,-7.5717,12.3390
3920,130.667,1457,710,2224,1823,-7.6992,12.6884
3921,130.700,1457,710,2224,1824,-9.2177,12.6139
3922,130.733,1457,710,2224,1824,-8.7762,12.5603
3923,130.767,1457,709,2224,1823,-7.7624,11.1655
3924,130.800,1456,709,2224,1823,-8.8127,11.4847
3925,130.833,1456,710,2224,1823,-8.4238,12.0076
3926,130.867,1456,711,2224,1823,-6.0236,11.3674
3927,130.900,1456,711,2224,1823,-6.5101,11.3376
3928,130.933,1456,712,2224,1823,-7.0773,10.8062
3929,130.967,1456,711,2223,1822,-6.4121,10.8751
3930,131.000,1456,710,2223,1821,-6.7672,9.9908
3931,131.033,1456,710,2223,1821,-6.2673,10.1254
3932,131.067,1456,710,2223,1821,-6.2881,10.1099
3933,131.100,1456,710,2223,1821,-6.5315,10.2722
3934,131.133,1456,710,2223,1821,-6.8223,10.5410
3935,131.167,1456,711,2223,1821,-5.2517,10.3104
3936,131.200,1456,710,2223,1822,-6.7916,10.6085
3937,131.233,1456,710,2223,1822,-6.7772,10.7795
3938,131.267,1456,710,2223,1821,-6.5621,10.5835
3939,131.300,1456,710,2223,1821,-6.5041,10.2934
3940,131.333,1456,709,2223,1821,-7.3803,9.3810
3941,131.367,1456,710,2223,1820,-6.0458,10.4637
3942,131.400,1456,709,2223,1821,-8.0158,9.2013
3943,131.433,1456,710,2223,1821,-6.2980,10.2690
3944,131.467,1456,709,2223,1822,-7.6414,9.9230
3945,131.500,1456,709,2223,1822,-7.1365,10.0312
3946,131.533,1456,710,2223,1823,-5.4944,11.6234
3947,131.567,1456,710,2223,1823,-6.2715,11.3245
3948,131.600,1456,710,2223,1823,-6.4324,11.2196
3949,131.633,1456,710,2223,1823,-5.7440,11.1333
3950,131.667,1450,717,2223,1814,-6.9742,10.8097
3951,131.700,1456,710,2223,1822,-7.9913,11.8705
3952,131.733,1450,717,2223,1814,-6.4319,10.9176
3953,131.767,1450,718,2223,1814,-5.9781,11.0707
3954,131.800,1449,718,2223,1814,-4.7405,11.4306
3955,131.833,1449,718,2223,1814,-4.7819,10.3930
3956,131.867,1449,718,2223,1814,-5.1130,11.1787
3957,131.900,1449,718,2223,1814,-4.7811,11.0782
3958,131.933,1449,718,2223,1814,-4.6702,11.3224
3959,131.967,1449,718,2223,1814,-5.3449,11.4579
3960,132.000,1449,719,2223,1815,-6.5824,11.4140
3961,132.033,1449,718,2222,1815,-8.5831,10.9674
3962,132.067,1449,718,2223,1815,-6.0546,11.7060
3963,132.100,1449,718,2223,1815,-6.4775,11.7417
3964,132.133,1449,718,2223,1814,-8.2223,11.6512
3965,132.167,1449,718,2223,1815,-6.6253,11.6781
3966,132.200,1449,718,2223,1815,-6.4751,12.2116
3967,132.233,1449,718,2223,1816,-7.7061,12.8867
3968,132.267,1449,717,2223,1817,-7.9516,12.3024
3969,132.300,1449,718,2223,1817,-8.1636,12.3481
3970,132.333,1450,718,2223,1817,-7.9590,12.5285
3971,132.367,1450,718,2224,1817,-8.3211,12.1883
3972,132.400,1450,718,2223,1817,-8.0059,12.4829
3973,132.433,1450,719,2223,1817,-7.8385,11.9479
3974,132.467,1450,718,2223,1817,-7.7366,11.2791
3975,132.500,1450,719,2223,1817,-7.8770,11.8091
3976,132.533,1450,718,2223,1817,-8.0318,11.5807
3977,132.567,1450,718,2223,1817,-8.0224,11.5078
3978,132.600,1457,711,2224,1825,-8.0965,10.2531
3979,132.633,1457,711,2224,1825,-8.7411,10.3029
3980,132.667,1451,719,2223,1818,-9.2266,11.5055
3981,132.700,1451,720,2223,1817,-7.2439,11.0473
3982,132.733,1451,720,2223,1817,-7.1707,10.7526
3983,132.767,1451,720,2223,1817,-7.4554,10.6386
3984,132.800,1451,720,2223,1817,-8.1907,10.1735
3985,132.833,1451,719,2224,1817,-8.8027,10.4113
3986,132.867,1451,720,2224,1817,-10.1170,9.6119
3987,132.900,1451,720,2224,1817,-9.8950,8.9879
3988,132.933,1457,711,2224,1825,-7.9649,10.0465
3989,132.967,1450,719,2224,1817,-8.5191,10.9840
3990,133.000,1457,710,2225,1824,-8.1990,10.6877
3991,133.033,1457,710,2224,1823,-7.4899,10.6943
3992,133.067,1457,710,2224,1823,-7.4525,10.6620
3993,133.100,1457,710,2224,1823,-7.2452,10.5588
3994,133.133,1457,709,2224,1822,-6.4482,9.8872
3995,133.167,1457,710,2224,1822,-8.9882,9.6273
3996,133.200,1457,710,2224,1822,-8.8869,9.4768
3997,133.233,1457,710,2224,1822,-9.1654,8.9636
3998,133.267,1457,711,2224,1822,-8.9505,11.2672
3999,133.300,1457,711,2224,1821,-8.1570,10.7995
4000,133.333,1456,711,2224,1821,-9.0564,10.8230
4001,133.367,1456,711,2224,1821,-9.3533,10.7107
4002,133.400,1456,712,2224,1821,-8.1002,9.8481
4003,133.433,1456,711,2224,1821,-8.7234,10.8330
4004,133.467,1456,712,2224,1821,-7.7558,9.9893
4005,133.500,1456,711,2224,1821,-9.0425,10.7444
4006,133.533,1455,711,2224,1820,-6.5944,10.3902
4007,133.567,1455,710,2225,1820,-7.9398,12.0523
4008,133.600,1455,710,2224,1820,-8.0228,11.2014
4009,133.633,1455,710,2224,1821,-7.9144,10.8574
4010,133.667,1455,710,2224,1821,-8.6449,10.8397
4011,133.700,1455,710,2224,1821,-8.0103,11.0577
4012,133.733,1454,710,2223,1822,-9.0059,9.5749
4013,133.767,1454,710,2224,1822,-8.6039,9.8698
4014,133.800,1454,710,2223,1822,-9.4771,9.5207
4015,133.833,1448,718,2223,1814,-7.1701,9.2887
4016,133.867,1448,717,2223,1814,-5.5092,10.3599
4017,133.900,1448,718,2223,1814,-8.0141,8.7907
4018,133.933,1454,711,2224,1823,-8.1063,9.1910
4019,133.967,1454,712,2224,1823,-8.5000,8.0624
4020,134.000,1454,712,2224,1823,-7.3577,7.4130
4021,134.033,1454,712,2224,1823,-7.3980,7.3378
4022,134.067,1454,713,2224,1823,-8.8623,7.3769
4023,134.100,1454,713,2224,1823,-8.5738,7.4527
4024,134.133,1454,713,2223,1822,-5.2601,8.4125
4025,134.167,1448,721,2222,1814,-6.7217,7.5779
4026,134.200,1448,721,2223,1814,-7.0260,10.3732
4027,134.233,1454,713,2223,1822,-5.3509,8.2595
4028,134.267,1454,713,2224,1822,-9.5649,8.4358
4029,134.300,1447,719,2222,1813,-7.1111,7.0041
4030,134.333,1447,719,2222,1813,-6.9367,6.9022
4031,134.367,1447,718,2222,1813,-5.9599,5.8311
4032,134.400,1445,718,2223,1813,-8.3178,8.3340
4033,134.433,1445,718,2223,1814,-8.1766,8.2969
4034,134.467,1445,719,2223,1814,-7.0013,9.9662
4035,134.500,1445,719,2223,1814,-6.4684,9.9814
4036,134.533,1446,718,2223,1814,-8.5283,8.2660
4037,134.567,1446,719,2224,1815,-5.9179,8.6385
4038,134.600,1446,719,2224,1815,-6.5568,8.6601
4039,134.633,1445,718,2224,1815,-6.5715,8.6733
4040,134.667,1445,719,2224,1815,-6.8835,9.4962
4041,134.700,1445,719,2224,1815,-7.2679,9.7742
4042,134.733,1445,718,2224,1814,-7.8971,9.0974
4043,134.767,1445,716,2225,1814,0.3209,10.7271
4044,134.800,1445,716,2225,1814,1.4676,9.6388
4045,134.833,1444,716,2224,1814,5.9296,9.0797
4046,134.867,1444,716,2224,1814,6.3752,7.3551
4047,134.900,1444,716,2224,1814,7.6529,7.6433
4048,134.933,1444,716,2224,1814,7.9684,8.9510
4049,134.967,1444,717,2224,1814,7.3856,7.7440
4050,135.000,1445,716,2223,1814,8.4283,7.7404
4051,135.033,1445,717,2223,1814,4.9180,8.3947
4052,135.067,1444,717,2222,1814,4.4431,9.1842
4053,135.100,1444,717,2222,1814,4.3459,9.5592
4054,135.133,1445,717,2222,1813,3.7763,8.0099
4055,135.167,1445,717,2222,1813,3.1486,8.2876
4056,135.200,1445,717,2222,1813,2.5981,8.3439
4057,135.233,1445,717,2222,1813,2.9351,8.3145
4058,135.267,1445,717,2222,1813,2.6587,8.4706
4059,135.300,1445,718,2222,1813,3.5287,9.5232
4060,135.333,1445,718,2222,1813,3.8165,9.5110
4061,135.367,1445,718,2222,1813,3.1680,9.5151
4062,135.400,1445,718,2222,1813,2.8213,9.3027
4063,135.433,1446,718,2222,1813,2.8764,8.8122
4064,135.467,1446,718,2222,1813,2.9671,8.5255
4065,135.500,1446,719,2222,1813,2.3247,9.9412
4066,135.533,1446,719,2222,1814,2.3440,9.4954
4067,135.567,1446,719,2223,1814,3.2970,9.3432
4068,135.600,1446,719,2223,1815,2.9831,8.7505
4069,135.633,1446,720,2223,1815,2.2924,8.7962
4070,135.667,1446,720,2223,1815,1.9380,9.1563
4071,135.700,1446,720,2222,1814,3.7692,8.7187
4072,135.733,1446,720,2222,1814,3.5974,8.7917
4073,135.767,1446,720,2222,1815,4.3200,9.4329
4074,135.800,1447,718,2222,1816,4.7788,7.2970
4075,135.833,1446,716,2220,1817,3.0016,6.5529
4076,135.867,1446,715,2220,1817,4.2516,6.8853
4077,135.900,1446,715,2220,1817,4.6896,7.5782
4078,135.933,1446,714,2220,1817,3.4298,7.3389
4079,135.967,1446,716,2220,1817,4.3753,7.0928
4080,136.000,1446,717,2221,1815,4.1472,8.2101
4081,136.033,1445,717,2220,1815,3.9281,8.6784
4082,136.067,1445,717,2221,1816,4.4719,9.5380
4083,136.100,1445,717,2221,1815,4.9248,9.5263
4084,136.133,1445,718,2221,1815,5.3177,7.7488
4085,136.167,1445,718,2221,1814,6.3405,6.9365
4086,136.200,1445,718,2221,1814,6.0302,6.9411
4087,136.233,1445,718,2221,1814,5.7785,7.1442
4088,136.267,1445,718,2222,1815,6.1944,8.8874
4089,136.300,1445,718,2222,1815,5.8764,8.8018
4090,136.333,1445,718,2222,1815,5.6125,8.8731
4091,136.367,1445,718,2222,1815,5.8765,8.7240
4092,136.400,1445,718,2222,1815,6.2086,8.5982
4093,136.433,1444,717,2222,1814,5.8189,8.0681
4094,136.467,1445,718,2222,1814,3.4599,8.0598
4095,136.500,1445,718,2222,1814,3.2260,8.0442
4096,136.533,1445,718,2222,1814,3.2793,7.8783
4097,136.567,1444,718,2222,1814,3.9372,7.2696
4098,136.600,1445,718,2222,1813,4.1733,7.2363
4099,136.633,1445,718,2222,1813,4.0232,7.2455
4100,136.667,1444,718,2222,1814,4.1273,7.5361
4101,136.700,1444,718,2222,1814,3.7697,7.6866
4102,136.733,1444,717,2222,1813,4.5759,7.2615
4103,136.767,1444,718,2222,1814,4.0899,7.6961
4104,136.800,1444,718,2222,1814,3.9302,7.5512
4105,136.833,1444,718,2222,1814,4.4207,8.1944
4106,136.867,1444,717,2222,1814,4.9541,7.6837
4107,136.900,1444,717,2222,1814,4.8746,7.9251
4108,136.933,1444,717,2222,1814,3.8538,7.6832
4109,136.967,1444,716,2222,1814,4.3745,9.2968
4110,137.000,1443,714,2218,1815,4.7530,7.0426
4111,137.033,1443,714,2218,1815,4.5134,7.1426
4112,137.067,1443,714,2218,1815,4.4440,7.0997
4113,137.100,1443,713,2218,1815,2.4398,6.3594
4114,137.133,1443,714,2218,1815,4.9792,7.2471
4115,137.167,1442,714,2218,1815,3.6169,8.1284
4116,137.200,1442,714,2218,1815,3.6258,8.0738
4117,137.233,1443,714,2218,1815,5.1051,7.2007
4118,137.267,1443,714,2218,1815,5.1729,7.1514
4119,137.300,1443,714,2218,1815,4.9991,7.4866
4120,137.333,1443,714,2218,1815,5.1663,7.4451
4121,137.367,1443,713,2218,1815,3.3306,6.6830
4122,137.400,1442,713,2218,1815,2.6820,7.7524
4123,137.433,1442,713,2218,1815,2.8959,7.5585
4124,137.467,1442,713,2218,1815,2.7656,7.5634
4125,137.500,1442,712,2219,1815,3.4579,7.5460
4126,137.533,1442,713,2219,1815,4.7346,7.0601
4127,137.567,1442,713,2219,1815,4.6014,7.1578
4128,137.600,1442,713,2219,1816,4.9480,7.3466
4129,137.633,1442,713,2219,1816,5.2604,6.9681
4130,137.667,1442,713,2219,1815,4.5482,7.0623
4131,137.700,1442,713,2219,1817,5.0819,7.2154
4132,137.733,1443,713,2219,1817,3.9073,7.6652
4133,137.767,1443,712,2219,1817,5.1224,7.8929
4134,137.800,1443,711,2219,1818,4.3410,7.7562
4135,137.833,1443,712,2219,1817,3.6026,7.3786
4136,137.867,1443,713,2219,1816,2.8057,7.5370
4137,137.900,1443,712,2219,1817,3.1473,7.2215
4138,137.933,1443,712,2219,1816,2.7152,7.4958
4139,137.967,1443,713,2218,1816,0.5960,7.2137
4140,138.000,1443,712,2219,1816,2.5995,7.7837
4141,138.033,1443,712,2219,1817,2.2755,7.6758
4142,138.067,1443,713,2219,1817,1.1053,8.2305
4143,138.100,1443,712,2219,1817,2.0149,7.6212
4144,138.133,1443,713,2219,1817,1.2522,8.1957
4145,138.167,1443,713,2219,1817,1.4149,8.7659
4146,138.200,1443,713,2219,1817,1.8015,8.6891
4147,138.233,1443,713,2219,1818,2.6228,8.3893
4148,138.267,1443,713,2219,1818,2.2680,8.5161
4149,138.300,1443,713,2219,1818,2.5749,8.3025
4150,138.333,1443,713,2219,1818,2.5742,8.3154
4151,138.367,1443,714,2219,1817,5.3497,8.5954
4152,138.400,1443,714,2219,1818,4.9022,8.6313
4153,138.433,1443,714,2219,1818,5.0490,8.1806
4154,138.467,1443,713,2219,1818,3.8891,9.2149
4155,138.500,1443,714,2219,1818,4.8687,8.4474
4156,138.533,1444,713,2219,1818,5.0855,7.7318
4157,138.567,1444,714,2219,1819,5.3707,7.3431
4158,138.600,1443,714,2219,1820,4.9467,9.1876
4159,138.633,1443,714,2219,1820,4.7629,8.8486
4160,138.667,1443,715,2219,1820,3.5449,7.0560
4161,138.700,1444,714,2219,1820,2.9314,7.8911
4162,138.733,1444,714,2220,1820,4.1734,7.1878
4163,138.767,1444,715,2219,1820,5.1983,8.8069
4164,138.800,1444,715,2219,1819,5.5545,9.0661
4165,138.833,1444,715,2219,1819,4.5823,8.3895
4166,138.867,1445,715,2219,1818,4.7945,8.4434
4167,138.900,1445,715,2219,1819,3.8913,7.0054
4168,138.933,1445,715,2219,1819,2.9705,7.2270
4169,138.967,1445,716,2219,1819,2.5718,7.3733
4170,139.000,1445,716,2219,1818,2.3257,7.4020
4171,139.033,1446,716,2219,1818,2.3681,6.6435
4172,139.067,1446,717,2219,1818,3.4409,7.1960
4173,139.100,1446,717,2219,1818,3.1281,6.9569
4174,139.133,1446,717,2219,1818,3.4423,6.6903
4175,139.167,1446,718,2219,1817,2.4303,6.1210
4176,139.200,1446,717,2220,1817,2.3774,6.1964
4177,139.233,1447,718,2221,1817,0.4884,6.7161
4178,139.267,1447,719,2221,1817,2.3979,6.3067
4179,139.300,1447,719,2221,1818,1.3029,6.0720
4180,139.333,1447,718,2221,1818,2.2354,7.0867
4181,139.367,1447,719,2221,1818,0.9550,6.3164
4182,139.400,1447,719,2221,1819,1.9118,6.7478
4183,139.433,1447,718,2221,1818,2.1748,7.2802
4184,139.467,1447,717,2221,1817,3.4489,7.7575
4185,139.500,1447,717,2221,1818,3.1554,7.7962
4186,139.533,1447,717,2222,1818,2.6502,7.9718
4187,139.567,1447,717,2222,1818,2.7128,7.6945
4188,139.600,1447,717,2222,1818,2.8118,7.7141
4189,139.633,1447,717,2222,1818,2.6872,7.8266
4190,139.667,1447,717,2221,1818,3.4005,7.5725
4191,139.700,1447,717,2221,1818,3.8148,7.5966
4192,139.733,1447,717,2221,1818,4.0941,7.5679
4193,139.767,1447,717,2221,1818,3.8953,7.5757
4194,139.800,1447,717,2221,1818,3.7732,7.6781
4195,139.833,1447,717,2221,1816,2.6503,8.1509
4196,139.867,1446,717,2221,1816,2.9588,7.9810
4197,139.900,1446,716,2221,1815,2.2202,9.5709
4198,139.933,1446,716,2221,1815,2.1258,9.2332
4199,139.967,1446,715,2221,1816,3.8701,7.5097
4200,140.000,1446,715,2221,1816,5.3506,7.6383
4201,140.033,1445,714,2221,1816,5.2812,8.2102
4202,140.067,1445,715,2222,1816,5.2356,9.5966
4203,140.100,1446,707,2221,1818,3.4103,-0.5758
4204,140.133,1447,708,2220,1819,0.9261,-0.5013
4205,140.167,1453,702,2220,1826,7.4030,1.3527
4206,140.200,1448,710,2221,1818,5.7837,2.2232
4207,140.233,1448,707,2219,1816,12.1545,5.2289
4208,140.267,1447,707,2219,1816,7.5224,0.5387
4209,140.300,1447,710,2218,1816,6.2987,9.1309
4210,140.333,1448,711,2219,1817,6.6499,8.0011
4211,140.367,1447,710,2219,1817,3.3874,8.9200
4212,140.400,1447,711,2220,1818,5.5413,8.9406
4213,140.433,1448,711,2220,1818,8.3872,9.3184
4214,140.467,1448,711,2220,1818,7.3637,9.5165
4215,140.500,1447,711,2220,1817,5.4199,9.6498
4216,140.533,1447,710,2219,1817,5.9569,9.2767
4217,140.567,1446,706,2219,1820,10.6926,6.7040
4218,140.600,1451,699,2221,1829,9.9022,6.6841
4219,140.633,1451,701,2221,1829,9.8145,8.3912
4220,140.667,1447,708,2219,1819,12.3120,0.3700
4221,140.700,1448,710,2219,1818,6.7162,5.2230
4222,140.733,1448,711,2218,1818,8.9101,3.8240
4223,140.767,1447,713,2219,1819,8.6931,6.3535
4224,140.800,1447,713,2220,1819,6.3489,5.0541
4225,140.833,1447,713,2220,1819,6.4935,6.4884
4226,140.867,1447,713,2220,1819,6.4603,6.7003
4227,140.900,1447,713,2220,1819,6.8200,6.2930
4228,140.933,1447,713,2220,1819,6.1400,6.6552
4229,140.967,1447,713,2221,1820,7.2760,6.1058
4230,141.000,1448,713,2220,1819,5.5470,8.6329
4231,141.033,1448,712,2220,1817,6.9336,8.0690
4232,141.067,1447,712,2219,1817,9.3390,9.2732
4233,141.100,1447,711,2219,1817,10.8602,8.7522
4234,141.133,1447,711,2219,1817,11.9755,8.5918
4235,141.167,1446,711,2218,1817,16.4041,9.7964
4236,141.200,1446,712,2217,1817,16.8684,9.9718
4237,141.233,1445,711,2218,1817,13.9055,9.5017
4238,141.267,1444,711,2217,1818,17.6913,7.7971
4239,141.300,1444,712,2217,1818,17.1094,8.3998
4240,141.333,1444,712,2217,1817,18.7374,8.7887
4241,141.367,1444,711,2217,1817,18.0302,8.3530
4242,141.400,1444,712,2217,1818,17.8423,8.2743
4243,141.433,1444,712,2217,1818,19.4178,7.5745
4244,141.467,1443,712,2217,1818,19.5476,7.0656
4245,141.500,1443,711,2217,1818,18.6462,7.7000
4246,141.533,1443,712,2218,1818,18.6964,8.1677
4247,141.567,1443,711,2217,1818,18.8822,8.7473
4248,141.600,1443,712,2217,1818,17.9733,8.3026
4249,141.633,1443,712,2217,1818,17.5256,7.9724
4250,141.667,1443,712,2217,1819,17.7357,9.1872
4251,141.700,1443,713,2217,1820,17.2577,9.4185
4252,141.733,1443,713,2217,1820,17.0587,8.8090
4253,141.767,1443,713,2217,1820,17.6979,8.5461
4254,141.800,1443,714,2217,1821,17.4807,9.6125
4255,141.833,1443,714,2217,1820,18.1114,8.7750
4256,141.867,1443,714,2216,1820,17.1689,8.1327
4257,141.900,1443,714,2216,1820,17.4500,8.2567
4258,141.933,1443,714,2217,1820,17.9787,9.0106
4259,141.967,1443,713,2216,1820,20.2717,9.3422
4260,142.000,1443,712,2216,1821,18.9376,10.8721
4261,142.033,1443,712,2216,1820,18.8191,9.9312
4262,142.067,1443,712,2216,1820,19.2740,9.9064
4263,142.100,1443,712,2216,1820,19.3288,10.1063
4264,142.133,1443,712,2216,1819,17.5790,9.5041
4265,142.167,1443,712,2216,1819,17.4339,8.9401
4266,142.200,1442,712,2216,1819,18.5763,10.9568
4267,142.233,1443,713,2216,1819,18.4900,9.4028
4268,142.267,1443,713,2216,1819,18.7287,9.2497
4269,142.300,1443,713,2216,1819,17.6970,10.4228
4270,142.333,1443,714,2216,1819,20.2710,9.9084
4271,142.367,1443,714,2216,1818,17.7161,8.7164
4272,142.400,1444,715,2216,1817,17.3309,7.7924
4273,142.433,1444,715,2216,1817,16.9885,8.0001
4274,142.467,1444,716,2216,1819,16.9308,7.3833
4275,142.500,1444,716,2216,1819,17.3554,7.3943
4276,142.533,1444,716,2216,1818,16.5640,8.2043
4277,142.567,1444,716,2217,1818,17.7880,8.7136
4278,142.600,1444,716,2217,1818,18.2793,8.5999
4279,142.633,1444,716,2217,1819,16.9063,8.8064
4280,142.667,1444,717,2217,1819,20.0787,10.4672
4281,142.700,1444,717,2217,1819,20.1762,10.1294
4282,142.733,1444,717,2217,1819,20.2306,9.9224
4283,142.767,1444,716,2217,1819,16.8098,8.1862
4284,142.800,1444,716,2216,1818,16.8387,8.0425
4285,142.833,1444,716,2217,1818,19.2917,9.0741
4286,142.867,1444,716,2217,1818,19.6898,8.6674
4287,142.900,1444,716,2216,1818,17.0011,7.1917
4288,142.933,1444,716,2217,1819,16.8140,7.9741
4289,142.967,1444,717,2217,1819,21.2461,8.4183
4290,143.000,1445,717,2216,1820,20.7147,9.4155
4291,143.033,1445,717,2216,1818,20.4764,9.0358
4292,143.067,1445,717,2216,1818,20.7554,9.1017
4293,143.100,1446,717,2216,1818,20.4188,8.4414
4294,143.133,1445,717,2216,1817,21.1063,8.2320
4295,143.167,1446,717,2216,1818,20.4804,8.5843
4296,143.200,1446,717,2217,1818,18.9946,8.2329
4297,143.233,1446,717,2217,1818,19.1395,8.2908
4298,143.267,1446,716,2217,1818,19.9950,8.2175
4299,143.300,1446,716,2216,1817,20.0609,7.0007
4300,143.333,1446,716,2216,1817,20.0207,6.5673
4301,143.367,1446,715,2216,1817,23.0311,8.8765
4302,143.400,1446,715,2216,1817,22.4843,8.7889
4303,143.433,1446,716,2216,1817,20.8944,7.5256
4304,143.467,1446,715,2216,1818,20.9292,8.1857
4305,143.500,1444,715,2217,1813,16.6135,6.4515
4306,143.533,1444,715,2217,1813,16.9295,6.3604
4307,143.567,1444,716,2217,1813,19.4539,6.2880
4308,143.600,1444,716,2217,1814,19.6626,6.1409
4309,143.633,1444,716,2217,1814,19.2655,6.3684
4310,143.667,1444,716,2217,1813,19.8014,6.1673
4311,143.700,1444,716,2217,1814,19.9438,5.9516
4312,143.733,1444,716,2217,1814,20.1270,5.8150
4313,143.767,1444,716,2217,1814,20.3830,5.6556
4314,143.800,1444,717,2217,1813,21.2455,5.3762
4315,143.833,1444,716,2217,1814,19.2972,6.2996
4316,143.867,1443,716,2217,1815,17.4185,4.7248
4317,143.900,1455,700,2217,1823,13.2718,4.1045
4318,143.933,1456,702,2216,1823,12.2983,-0.4274
4319,143.967,1447,710,2218,1816,18.7087,1.7463
4320,144.000,1446,710,2217,1816,20.3903,3.9566
4321,144.033,1445,709,2217,1816,21.5024,4.3812
4322,144.067,1446,709,2217,1815,17.5518,4.5599
4323,144.100,1445,709,2217,1815,18.8782,2.1708
4324,144.133,1444,709,2216,1814,18.7152,4.7494
4325,144.167,1444,709,2216,1815,20.0932,4.4363
4326,144.200,1443,710,2216,1815,21.2813,5.2679
4327,144.233,1443,710,2216,1815,20.8291,4.9372
4328,144.267,1442,711,2216,1814,16.8716,7.3407
4329,144.300,1442,711,2216,1815,18.3172,6.3629
4330,144.333,1442,711,2217,1815,17.6946,6.8724
4331,144.367,1442,711,2217,1815,17.6559,7.3254
4332,144.400,1442,710,2216,1816,20.8964,6.4710
4333,144.433,1442,710,2216,1816,20.6976,6.2786
4334,144.467,1442,710,2216,1816,20.2405,6.6001
4335,144.500,1442,711,2216,1816,16.4093,7.5595
4336,144.533,1442,710,2216,1817,18.8349,7.2534
4337,144.567,1442,710,2216,1817,18.8687,7.1894
4338,144.600,1442,711,2216,1817,17.6181,6.8559
4339,144.633,1442,711,2216,1817,17.6593,7.0594
4340,144.667,1442,711,2216,1817,17.6388,7.0103
4341,144.700,1442,711,2216,1817,17.3506,6.9377
4342,144.733,1442,712,2216,1817,17.6846,6.9935
4343,144.767,1442,712,2216,1817,16.6648,7.1165
4344,144.800,1442,712,2216,1817,17.2087,7.0695
4345,144.833,1442,712,2216,1817,17.1360,7.3647
4346,144.867,1442,713,2216,1818,17.1503,6.5920
4347,144.900,1442,713,2216,1818,16.9130,6.8013
4348,144.933,1442,712,2216,1818,19.2915,7.6221
4349,144.967,1442,712,2216,1818,19.3459,7.1211
4350,145.000,1441,711,2215,1818,18.5623,6.4354
4351,145.033,1441,711,2215,1818,18.5720,6.3578
4352,145.067,1441,711,2215,1818,18.7036,6.3383
4353,145.100,1441,711,2215,1818,18.5579,6.4335
4354,145.133,1441,711,2215,1819,19.3361,6.8878
4355,145.167,1441,711,2215,1818,19.0721,6.0757
4356,145.200,1441,711,2215,1818,19.2288,6.2784
4357,145.233,1441,711,2215,1818,19.1579,6.3072
4358,145.267,1441,711,2215,1818,18.9704,6.1864
4359,145.300,1441,712,2215,1819,21.8290,6.5808
4360,145.333,1441,712,2215,1819,21.7758,6.4601
4361,145.367,1442,712,2215,1818,19.6310,6.7995
4362,145.400,1442,711,2215,1818,23.0865,7.8421
4363,145.433,1442,711,2215,1819,24.0148,8.1649
4364,145.467,1442,711,2215,1818,23.4716,7.5777
4365,145.500,1442,711,2215,1818,22.9865,7.2732
4366,145.533,1442,711,2215,1817,21.1915,7.8105
4367,145.567,1442,711,2215,1817,20.6784,7.7126
4368,145.600,1442,711,2215,1817,20.6409,7.7843
4369,145.633,1442,711,2215,1816,19.9355,7.8452
4370,145.667,1443,711,2215,1816,22.4933,6.6270
4371,145.700,1443,711,2215,1816,23.2435,7.2932
4372,145.733,1443,711,2215,1817,20.2188,7.8980
4373,145.767,1443,712,2215,1818,20.8408,8.9596
4374,145.800,1443,711,2215,1818,24.5548,8.2542
4375,145.833,1443,711,2215,1819,23.4991,8.6444
4376,145.867,1443,711,2215,1819,23.8180,8.4135
4377,145.900,1443,711,2215,1819,24.5671,8.2207
4378,145.933,1443,711,2216,1818,22.2415,7.8369
4379,145.967,1443,710,2216,1818,24.2442,8.5110
4380,146.000,1442,713,2216,1819,18.7783,7.6921
4381,146.033,1442,712,2216,1819,18.5510,7.4174
4382,146.067,1441,711,2216,1819,21.2576,7.3364
4383,146.100,1441,711,2216,1819,21.5351,7.2861
4384,146.133,1441,711,2217,1819,20.7849,8.3985
4385,146.167,1440,710,2217,1819,20.5548,7.6833
4386,146.200,1440,709,2217,1820,21.8875,8.6637
4387,146.233,1440,709,2217,1820,21.4857,8.6226
4388,146.267,1440,709,2217,1821,21.5042,8.2202
4389,146.300,1440,709,2218,1820,22.9046,8.3508
4390,146.333,1440,708,2216,1821,22.5528,9.7726
4391,146.367,1440,707,2216,1821,22.8092,7.3761
4392,146.400,1440,708,2216,1821,21.6477,9.3384
4393,146.433,1441,709,2216,1821,20.2859,10.1184
4394,146.467,1441,709,2216,1821,21.0734,9.8321
4395,146.500,1440,710,2216,1822,19.8523,7.1133
4396,146.533,1440,710,2215,1822,23.2458,8.1579
4397,146.567,1440,710,2216,1822,20.7751,7.1836
4398,146.600,1440,709,2216,1822,22.0649,9.3181
4399,146.633,1440,708,2216,1822,19.5427,8.5043
4400,146.667,1440,709,2215,1822,20.2722,9.1337
4401,146.700,1440,710,2215,1822,22.3844,8.2489
4402,146.733,1441,710,2215,1822,20.4334,10.6001
4403,146.767,1441,710,2215,1822,20.8623,10.2119
4404,146.800,1442,710,2215,1822,21.5877,11.0409
4405,146.833,1442,711,2215,1822,21.5167,12.6213
4406,146.867,1441,711,2215,1822,21.2223,11.5316
4407,146.900,1442,711,2215,1822,20.2982,12.0062
4408,146.933,1441,711,2216,1822,19.7346,10.0585
4409,146.967,1441,711,2215,1822,21.9478,9.8510
4410,147.000,1440,711,2215,1822,22.0666,10.5486
4411,147.033,1440,710,2215,1822,22.4954,11.5374
4412,147.067,1440,710,2215,1822,22.4048,11.6408
4413,147.100,1440,709,2216,1822,23.5016,11.0084
4414,147.133,1441,709,2216,1821,20.8904,12.7660
4415,147.167,1440,709,2215,1821,22.2830,12.9536
4416,147.200,1440,709,2215,1821,22.5694,13.0501
4417,147.233,1441,709,2215,1821,19.2943,13.2932
4418,147.267,1441,710,2215,1821,20.1943,13.6131
4419,147.300,1441,710,2215,1820,20.4637,13.3363
4420,147.333,1441,710,2215,1821,20.3693,13.9036
4421,147.367,1441,711,2215,1821,23.6472,13.2093
4422,147.400,1441,711,2215,1821,23.0471,13.1589
4423,147.433,1441,712,2215,1820,20.8004,12.2534
4424,147.467,1441,712,2215,1820,20.9841,12.4265
4425,147.500,1441,712,2215,1820,20.5185,12.9901
4426,147.533,1441,712,2215,1819,19.6260,12.6101
4427,147.567,1440,711,2214,1819,19.9468,12.4424
4428,147.600,1440,711,2214,1819,20.2077,12.5377
4429,147.633,1440,711,2214,1819,20.9047,12.1715
4430,147.667,1440,711,2214,1818,20.4019,13.0165
4431,147.700,1440,711,2215,1818,19.7724,12.6642
4432,147.733,1440,712,2215,1818,19.8526,11.7649
4433,147.767,1440,712,2215,1817,20.3719,11.4513
4434,147.800,1440,711,2215,1818,20.4637,12.1226
4435,147.833,1440,712,2215,1818,20.3789,11.2598
4436,147.867,1440,712,2215,1818,20.2546,11.3935
4437,147.900,1441,711,2215,1818,21.1414,12.9969
4438,147.933,1441,712,2215,1818,20.2059,12.5907
4439,147.967,1441,712,2215,1818,20.4416,12.5728
4440,148.000,1441,715,2215,1816,19.9695,12.4375
4441,148.033,1441,715,2214,1816,21.7851,12.3296
4442,148.067,1441,714,2215,1817,22.9296,12.5957
4443,148.100,1441,714,2215,1817,22.8588,12.8228
4444,148.133,1442,714,2215,1818,19.9225,13.8177
4445,148.167,1442,715,2215,1818,20.7878,12.7610
4446,148.200,1441,715,2215,1818,21.9043,13.4785
4447,148.233,1441,715,2215,1818,21.9689,13.4129
4448,148.267,1441,716,2215,1820,20.0419,13.1564
4449,148.300,1442,716,2215,1820,20.1863,12.9700
4450,148.333,1442,715,2215,1819,20.4528,13.7266
4451,148.367,1442,716,2215,1819,20.2906,13.9413
4452,148.400,1442,716,2215,1820,20.0993,13.1984
4453,148.433,1441,716,2216,1820,21.9532,13.9014
4454,148.467,1441,716,2215,1821,21.1511,13.2938
4455,148.500,1441,716,2215,1820,20.8627,12.6484
4456,148.533,1442,715,2215,1819,20.1252,14.6043
4457,148.567,1442,715,2215,1818,19.0791,13.0746
4458,148.600,1442,716,2215,1818,22.7994,14.4152
4459,148.633,1442,716,2215,1818,23.0001,14.7437
4460,148.667,1442,716,2215,1818,22.3582,14.1353
4461,148.700,1442,716,2215,1818,22.7053,13.7668
4462,148.733,1442,717,2214,1818,20.7339,13.9193
4463,148.767,1441,718,2214,1819,22.8327,11.9508
4464,148.800,1442,718,2214,1818,18.7215,12.5774
4465,148.833,1442,719,2215,1817,20.4429,11.7429
4466,148.867,1442,720,2214,1816,20.6175,12.5877
4467,148.900,1442,720,2214,1816,20.7180,11.9199
4468,148.933,1442,722,2214,1816,20.7090,12.4726
4469,148.967,1442,723,2214,1817,21.1320,11.9734
4470,149.000,1441,724,2214,1820,17.7376,12.6358
4471,149.033,1441,724,2214,1820,16.9133,12.4563
4472,149.067,1441,724,2214,1820,16.7832,12.5998
4473,149.100,1441,724,2214,1820,16.8848,12.5828
4474,149.133,1441,724,2214,1820,17.1596,12.8183
4475,149.167,1440,724,2214,1820,16.8960,11.5772
4476,149.200,1440,724,2214,1820,16.8753,11.5698
4477,149.233,1440,724,2214,1820,17.3534,11.3596
4478,149.267,1440,724,2214,1820,17.4822,11.9776
4479,149.300,1440,723,2214,1820,19.6083,13.3562
4480,149.333,1440,724,2214,1820,18.0009,13.1977
4481,149.367,1440,723,2215,1820,20.4846,13.2104
4482,149.400,1440,724,2215,1821,19.3984,12.6823
4483,149.433,1440,723,2215,1821,20.5061,12.5965
4484,149.467,1440,723,2215,1822,18.6396,12.7872
4485,149.500,1439,723,2215,1822,18.9578,13.1951
4486,149.533,1439,723,2216,1823,20.6642,11.3578
4487,149.567,1440,723,2216,1822,19.6952,11.4537
4488,149.600,1440,723,2215,1822,18.2119,12.8423
4489,149.633,1440,723,2215,1821,19.8660,11.8881
4490,149.667,1440,723,2215,1820,19.2287,11.4750
4491,149.700,1440,723,2215,1820,19.9452,11.7036
4492,149.733,1440,723,2215,1820,19.9534,11.7562
4493,149.767,1440,723,2215,1820,20.0496,11.7681
4494,149.800,1444,717,2214,1818,19.9545,9.7551
4495,149.833,1444,709,2216,1819,23.6350,8.9204
4496,149.867,1444,709,2216,1818,19.4914,9.9362
4497,149.900,1444,710,2215,1817,23.6635,10.5861
4498,149.933,1444,713,2214,1817,18.7384,12.0310
4499,149.967,1444,714,2213,1817,21.5019,9.0951
4500,150.000,1444,715,2214,1818,24.9692,11.3172
4501,150.033,1443,716,2214,1819,21.6265,13.5399
4502,150.067,1443,716,2215,1819,22.5521,14.9716
4503,150.100,1442,716,2215,1819,22.3559,14.5648
4504,150.133,1442,716,2215,1819,22.8231,15.5277
4505,150.167,1442,716,2215,1819,22.1038,15.4958
4506,150.200,1445,709,2216,1821,21.8768,3.8852
4507,150.233,1445,711,2216,1821,24.3977,4.2688
4508,150.267,1444,712,2215,1821,21.3202,5.0950
4509,150.300,1446,709,2215,1819,25.0469,1.5928
4510,150.333,1446,709,2215,1819,26.0629,0.9939
4511,150.367,1447,706,2223,1830,24.3917,6.2359
4512,150.400,1446,706,2222,1830,23.7003,9.1425
4513,150.433,1446,707,2222,1830,22.8312,11.9342
4514,150.467,1445,707,2223,1830,22.2753,12.1085
4515,150.500,1444,712,2214,1819,23.5034,11.5719
4516,150.533,1443,713,2214,1819,22.0125,13.0377
4517,150.567,1443,715,2214,1818,19.7276,11.5414
4518,150.600,1443,715,2214,1818,19.0196,12.0013
4519,150.633,1443,715,2214,1819,20.6696,11.8932
4520,150.667,1443,715,2214,1819,21.3714,10.8732
4521,150.700,1443,715,2213,1819,22.1029,11.1668
4522,150.733,1443,715,2213,1819,21.9673,11.0115
4523,150.767,1443,716,2213,1820,23.8985,11.9818
4524,150.800,1443,716,2213,1820,23.9091,11.5968
4525,150.833,1444,715,2213,1819,23.5904,9.4683
4526,150.867,1444,715,2213,1819,23.0234,9.6655
4527,150.900,1444,715,2213,1819,23.3945,10.6806
4528,150.933,1444,716,2213,1818,23.7717,11.1988
4529,150.967,1446,711,2223,1829,23.3170,10.5537
4530,151.000,1455,700,2215,1828,22.6628,4.4579
4531,151.033,1454,699,2215,1828,19.7047,7.1463
4532,151.067,1454,698,2215,1827,15.6042,7.5064
4533,151.100,1449,704,2216,1818,23.0921,9.1662
4534,151.133,1448,704,2216,1818,23.9120,8.1487
4535,151.167,1447,706,2215,1816,24.1632,10.3269
4536,151.200,1447,706,2214,1816,25.1199,10.9153
4537,151.233,1446,709,2214,1816,23.9302,12.1913
4538,151.267,1446,710,2215,1814,23.6227,13.4532
4539,151.300,1446,710,2215,1814,22.2862,11.3185
4540,151.333,1447,711,2214,1815,19.3004,11.0943
4541,151.367,1445,708,2217,1819,12.8727,3.0695
4542,151.400,1445,709,2217,1819,15.5278,3.5202
4543,151.433,1445,711,2218,1820,13.2722,7.1276
4544,151.467,1449,709,2216,1816,24.8037,6.4683
4545,151.500,1456,702,2214,1824,15.4998,8.4942
4546,151.533,1450,709,2215,1813,21.4099,8.2172
4547,151.567,1448,710,2214,1815,25.6220,9.4131
4548,151.600,1447,710,2214,1815,21.4010,10.5467
4549,151.633,1445,711,2214,1815,21.5906,10.6333
4550,151.667,1445,712,2214,1816,22.5223,9.8955
4551,151.700,1445,712,2214,1815,23.8427,12.3705
4552,151.733,1445,711,2214,1815,23.1442,11.5350
4553,151.767,1445,711,2214,1815,23.4225,11.8756
4554,151.800,1445,711,2215,1815,25.0571,13.1107
4555,151.833,1445,711,2214,1815,23.2118,12.5620
4556,151.867,1445,711,2215,1816,24.9117,13.2896
4557,151.900,1445,711,2215,1816,24.9736,13.3055
4558,151.933,1445,711,2215,1816,25.3490,13.4537
4559,151.967,1445,711,2215,1817,25.6337,12.0780
4560,152.000,1444,711,2215,1818,24.2180,12.7013
4561,152.033,1443,711,2215,1819,23.2768,13.5992
4562,152.067,1444,712,2216,1820,24.0745,14.7368
4563,152.100,1443,712,2216,1820,22.3156,14.5184
4564,152.133,1443,712,2216,1820,23.1452,14.8531
4565,152.167,1442,712,2216,1820,22.5969,14.3393
4566,152.200,1442,712,2216,1820,22.3664,14.1183
4567,152.233,1442,711,2216,1820,21.6424,12.9913
4568,152.267,1442,712,2216,1820,22.8932,13.1705
4569,152.300,1442,712,2217,1820,22.9329,12.9216
4570,152.333,1442,713,2217,1821,21.4384,15.8182
4571,152.367,1442,712,2217,1820,22.2458,13.6920
4572,152.400,1442,713,2217,1821,21.5715,16.1042
4573,152.433,1442,713,2217,1821,21.8360,15.9336
4574,152.467,1442,713,2217,1821,21.1902,15.7013
4575,152.500,1442,713,2217,1822,21.9138,14.2256
4576,152.533,1443,714,2217,1821,22.2554,16.3420
4577,152.567,1442,714,2217,1822,21.7907,15.6139
4578,152.600,1443,715,2217,1822,21.3821,15.4704
4579,152.633,1443,715,2216,1822,22.0126,15.6316
4580,152.667,1442,715,2216,1822,22.6381,15.1227
4581,152.700,1443,715,2216,1822,22.0310,16.4269
4582,152.733,1443,714,2216,1822,24.6823,15.6378
4583,152.767,1443,714,2216,1822,24.5790,15.9579
4584,152.800,1442,715,2216,1822,21.4423,16.5365
4585,152.833,1443,715,2217,1821,20.6711,17.7337
4586,152.867,1443,714,2217,1821,22.0055,16.7330
4587,152.900,1442,715,2217,1822,20.3837,17.4518
4588,152.933,1442,716,2217,1821,22.4897,15.7701
4589,152.967,1442,717,2217,1822,21.2143,14.2651
4590,153.000,1441,717,2216,1823,20.9216,15.0370
4591,153.033,1441,717,2216,1822,21.3083,15.8112
4592,153.067,1441,718,2216,1822,22.8738,16.8903
4593,153.100,1441,718,2215,1822,20.7903,18.7136
4594,153.133,1441,717,2216,1822,19.8294,17.1598
4595,153.167,1441,718,2215,1822,18.9928,18.6503
4596,153.200,1441,717,2215,1822,18.3862,18.2896
4597,153.233,1441,718,2215,1822,18.5270,18.3244
4598,153.267,1441,718,2216,1823,19.5389,17.2552
4599,153.300,1440,719,2216,1822,18.7874,18.4605
4600,153.333,1440,718,2216,1822,18.3937,18.2377
4601,153.367,1439,718,2216,1822,21.5670,17.8542
4602,153.400,1439,717,2216,1821,20.4432,17.5013
4603,153.433,1439,717,2216,1821,20.0424,17.4972
4604,153.467,1439,717,2216,1821,19.9814,17.5477
4605,153.500,1439,717,2216,1821,20.1332,17.6187
4606,153.533,1440,716,2216,1820,18.8309,17.7002
4607,153.567,1439,716,2216,1820,18.5228,17.0251
4608,153.600,1439,717,2216,1820,20.1801,18.0747
4609,153.633,1439,717,2216,1820,19.6677,18.3308
4610,153.667,1439,717,2216,1820,18.9387,18.2518
4611,153.700,1440,717,2216,1819,19.0900,18.3911
4612,153.733,1440,716,2216,1819,19.6220,16.0640
4613,153.767,1440,716,2216,1819,19.1681,15.8645
4614,153.800,1441,714,2217,1820,18.0662,18.8487
4615,153.833,1441,714,2217,1821,17.5922,19.1268
4616,153.867,1441,714,2217,1821,17.5014,18.6431
4617,153.900,1441,714,2217,1821,17.5070,18.2850
4618,153.933,1441,714,2217,1821,18.2917,18.0181
4619,153.967,1441,714,2217,1821,18.6892,17.9826
4620,154.000,1442,714,2218,1820,18.3825,17.5879
4621,154.033,1442,715,2218,1821,18.9255,16.0457
4622,154.067,1442,715,2218,1821,19.0936,16.1050
4623,154.100,1442,715,2218,1821,18.9998,16.2242
4624,154.133,1441,715,2218,1821,19.0415,15.9077
4625,154.167,1441,716,2218,1821,19.8327,16.5656
4626,154.200,1442,716,2218,1821,19.2690,15.8890
4627,154.233,1442,716,2218,1821,19.2145,15.9244
4628,154.267,1442,716,2217,1821,20.6436,15.9088
4629,154.300,1442,717,2217,1821,20.4312,15.9510
4630,154.333,1442,717,2218,1821,20.1757,16.0882
4631,154.367,1442,716,2217,1821,19.1991,16.9708
4632,154.400,1442,717,2217,1820,19.2375,16.3377
4633,154.433,1442,717,2217,1820,18.5958,16.8791
4634,154.467,1442,716,2217,1820,18.3826,17.0168
4635,154.500,1442,716,2217,1821,18.4441,17.3950
4636,154.533,1442,716,2217,1821,18.4139,17.5105
4637,154.567,1442,715,2217,1821,17.0280,16.1010
4638,154.600,1442,715,2218,1822,17.1685,16.5418
4639,154.633,1442,715,2218,1822,17.3416,16.6792
4640,154.667,1442,715,2218,1821,19.1888,16.3761
4641,154.700,1442,715,2217,1821,17.1780,16.1856
4642,154.733,1442,715,2217,1821,17.2156,16.1646
4643,154.767,1442,715,2217,1822,18.0402,17.1640
4644,154.800,1442,716,2217,1822,19.0622,17.0339
4645,154.833,1443,716,2217,1822,18.2707,17.0550
4646,154.867,1443,716,2217,1822,18.3220,17.4316
4647,154.900,1442,716,2217,1822,19.9348,16.9069
4648,154.933,1442,716,2217,1822,19.3647,16.5674
4649,154.967,1442,716,2217,1821,19.0182,16.2239
4650,155.000,1442,716,2217,1820,19.6133,17.8604
4651,155.033,1442,716,2217,1820,19.6058,18.0716
4652,155.067,1442,716,2217,1819,18.8248,17.0835
4653,155.100,1442,716,2217,1820,19.4301,18.0769
4654,155.133,1442,716,2217,1820,19.5337,17.7082
4655,155.167,1441,715,2217,1821,18.8934,17.2320
4656,155.200,1441,715,2217,1821,19.3351,17.5889
4657,155.233,1441,716,2217,1822,19.4955,17.4359
4658,155.267,1441,715,2217,1821,19.3112,17.4875
4659,155.300,1441,716,2217,1822,21.8920,17.1006
4660,155.333,1441,716,2217,1822,21.6508,17.4549
4661,155.367,1441,717,2217,1822,21.7685,16.9074
4662,155.400,1441,717,2217,1822,21.8390,16.8377
4663,155.433,1441,717,2217,1822,21.1709,16.8802
4664,155.467,1441,718,2217,1823,21.3343,17.1700
4665,155.500,1441,718,2217,1822,21.4379,16.9964
4666,155.533,1441,717,2217,1822,20.7794,16.7257
4667,155.567,1440,717,2218,1824,19.3693,16.6843
4668,155.600,1441,717,2217,1824,19.7214,16.3091
4669,155.633,1441,718,2218,1825,21.9374,17.5912
4670,155.667,1441,718,2218,1825,21.3115,16.8024
4671,155.700,1440,717,2217,1826,19.3337,16.2554
4672,155.733,1440,717,2218,1826,19.6513,16.9981
4673,155.767,1440,718,2218,1826,19.2965,16.6040
4674,155.800,1440,718,2218,1826,20.0399,16.7066
4675,155.833,1440,718,2218,1826,20.0537,16.8197
4676,155.867,1441,718,2218,1826,20.2236,16.1315
4677,155.900,1440,718,2218,1826,19.9068,16.8092
4678,155.933,1440,718,2218,1826,19.7851,16.6774
4679,155.967,1440,719,2218,1826,21.0336,17.5146
4680,156.000,1440,719,2218,1826,20.4086,16.1407
4681,156.033,1440,719,2218,1826,20.1953,16.3297
4682,156.067,1440,718,2218,1826,19.9034,16.4809
4683,156.100,1439,719,2218,1825,20.2898,17.5678
4684,156.133,1440,719,2218,1824,21.0766,16.7135
4685,156.167,1440,718,2218,1825,19.3322,15.7066
4686,156.200,1440,718,2218,1825,20.0719,15.7530
4687,156.233,1440,718,2218,1825,19.7773,15.9287
4688,156.267,1440,718,2218,1825,19.6045,16.6569
4689,156.300,1440,718,2218,1825,19.7767,16.3012
4690,156.333,1440,719,2218,1825,22.1628,17.5882
4691,156.367,1440,720,2217,1825,20.5733,18.5585
4692,156.400,1440,721,2217,1824,19.5456,18.2738
4693,156.433,1440,721,2217,1825,20.9779,18.0122
4694,156.467,1439,722,2217,1825,19.7598,16.9487
4695,156.500,1439,722,2217,1825,19.9615,17.4848
4696,156.533,1439,722,2217,1826,19.5018,17.7704
4697,156.567,1438,722,2217,1827,17.9405,15.7822
4698,156.600,1438,723,2215,1824,14.8930,16.9153
4699,156.633,1438,724,2215,1825,18.1311,16.4287
4700,156.667,1438,724,2215,1825,17.5709,16.6073
4701,156.700,1438,724,2215,1825,18.1972,16.5125
4702,156.733,1438,724,2215,1826,16.6630,16.7920
4703,156.767,1438,724,2215,1825,18.4446,16.5050
4704,156.800,1438,724,2215,1825,17.3478,16.2303
4705,156.833,1438,724,2215,1825,17.3765,16.2433
4706,156.867,1438,724,2215,1825,17.3748,16.3261
4707,156.900,1438,724,2215,1825,17.4414,16.3414
4708,156.933,1438,722,2215,1824,16.7715,17.0656
4709,156.967,1438,721,2215,1824,19.3670,16.1825
4710,157.000,1438,719,2215,1822,16.8448,17.3124
4711,157.033,1438,719,2215,1822,16.9663,16.5626
4712,157.067,1439,720,2215,1822,15.1053,16.9402
4713,157.100,1440,716,2214,1822,14.9143,15.0911
4714,157.133,1441,714,2212,1822,18.1707,15.2646
4715,157.167,1442,710,2213,1821,19.6609,15.3686
4716,157.200,1441,714,2212,1821,19.2843,17.3934
4717,157.233,1440,714,2212,1821,18.2655,16.3466
4718,157.267,1440,714,2212,1821,17.7754,16.8311
4719,157.300,1442,714,2212,1819,19.2928,16.5854
4720,157.333,1442,715,2213,1818,16.2698,18.6341
4721,157.367,1442,715,2213,1818,15.3668,18.5202
4722,157.400,1443,715,2214,1817,18.7493,17.0919
4723,157.433,1442,713,2213,1817,17.8111,14.9277
4724,157.467,1442,713,2213,1817,18.0713,14.8857
4725,157.500,1442,714,2214,1817,18.8247,17.7224
4726,157.533,1442,714,2214,1818,16.9470,15.3389
4727,157.567,1442,713,2214,1818,19.0061,13.4814
4728,157.600,1442,713,2214,1818,19.0094,13.4906
4729,157.633,1442,713,2214,1818,18.9881,13.3965
4730,157.667,1442,713,2214,1819,19.1614,13.9715
4731,157.700,1442,714,2214,1818,16.7995,15.1041
4732,157.733,1441,714,2214,1819,16.4232,16.6195
4733,157.767,1441,714,2214,1819,16.5839,16.4380
4734,157.800,1441,714,2214,1819,16.8812,16.1476
4735,157.833,1441,713,2214,1819,17.5866,15.1460
4736,157.867,1441,713,2214,1819,17.9012,15.2151
4737,157.900,1441,713,2214,1819,17.9224,15.4938
4738,157.933,1440,713,2215,1819,16.2273,15.3237
4739,157.967,1440,714,2215,1819,17.1792,14.7786
4740,158.000,1441,714,2214,1816,15.0358,17.9149
4741,158.033,1441,713,2215,1816,15.0109,17.3753
4742,158.067,1441,712,2215,1816,15.1842,18.1154
4743,158.100,1441,712,2215,1816,15.2444,18.3021
4744,158.133,1441,712,2215,1816,16.2765,18.2897
4745,158.167,1441,712,2215,1816,16.6553,18.0912
4746,158.200,1441,713,2215,1816,15.4724,15.9538
4747,158.233,1441,713,2215,1816,15.1802,15.7962
4748,158.267,1441,712,2215,1817,15.1344,17.4134
4749,158.300,1441,713,2215,1817,15.2858,16.6973
4750,158.333,1441,712,2215,1817,14.8820,17.5153
4751,158.367,1441,713,2215,1818,13.9801,15.5083
4752,158.400,1441,713,2215,1818,14.3042,14.7406
4753,158.433,1441,713,2215,1819,14.7087,16.0846
4754,158.467,1441,714,2215,1819,13.8038,15.4910
4755,158.500,1441,713,2215,1818,14.3550,14.5128
4756,158.533,1441,714,2215,1818,14.2470,15.6177
4757,158.567,1441,713,2215,1818,14.6367,15.0903
4758,158.600,1442,713,2215,1818,16.8927,16.4103
4759,158.633,1441,714,2216,1819,13.4379,16.8477
4760,158.667,1441,714,2216,1819,13.2010,16.5261
4761,158.700,1441,715,2216,1819,15.1820,17.7761
4762,158.733,1441,715,2216,1820,13.7375,16.8821
4763,158.767,1441,716,2216,1819,5.1352,16.1899
4764,158.800,1442,716,2216,1819,7.8977,18.0870
4765,158.833,1442,716,2217,1820,7.2010,18.7746
4766,158.867,1442,717,2217,1821,7.0170,18.1259
4767,158.900,1442,717,2217,1821,7.5197,18.7806
4768,158.933,1442,717,2218,1821,5.1160,18.2225
4769,158.967,1442,717,2218,1821,4.3646,17.8740
4770,159.000,1442,717,2217,1821,8.3280,19.3151
4771,159.033,1442,717,2217,1820,6.1199,18.4001
4772,159.067,1442,717,2217,1820,6.1045,18.4160
4773,159.100,1443,717,2217,1820,9.2855,18.9084
4774,159.133,1443,717,2217,1820,9.1045,18.9488
4775,159.167,1443,717,2217,1820,8.9992,19.2987
4776,159.200,1443,717,2217,1820,9.2367,19.0553
4777,159.233,1443,717,2216,1820,6.5909,19.1086
4778,159.267,1443,716,2217,1822,7.8949,20.4272
4779,159.300,1444,716,2217,1822,7.3165,19.8279
4780,159.333,1444,716,2217,1822,6.6506,19.7348
4781,159.367,1444,717,2218,1822,6.8973,18.5526
4782,159.400,1444,717,2217,1822,6.0325,18.3718
4783,159.433,1443,716,2217,1822,6.5955,19.1524
4784,159.467,1443,716,2217,1823,5.7283,18.6992
4785,159.500,1443,716,2217,1822,5.7221,18.5420
4786,159.533,1443,718,2217,1823,5.6427,17.3444
4787,159.567,1443,717,2217,1822,5.8681,17.4664
4788,159.600,1443,718,2217,1822,4.9742,17.6545
4789,159.633,1443,718,2217,1822,4.8530,17.5511
4790,159.667,1443,718,2217,1822,4.5680,18.0672
4791,159.700,1443,719,2217,1823,6.7665,18.8539
4792,159.733,1443,719,2217,1823,5.1788,19.2345
4793,159.767,1443,719,2217,1823,4.7753,19.4973
4794,159.800,1443,719,2217,1823,3.2556,18.3220
4795,159.833,1442,717,2217,1822,5.6705,15.7016
4796,159.867,1442,717,2217,1823,4.0916,16.7438
4797,159.900,1442,717,2217,1823,3.8994,16.8050
4798,159.933,1442,717,2217,1823,3.8788,16.7330
4799,159.967,1442,717,2217,1823,3.5861,16.7213
4800,160.000,1442,719,2217,1823,4.7930,16.9352
4801,160.033,1441,720,2217,1823,6.5877,16.0930
4802,160.067,1441,720,2217,1823,6.3941,15.7853
4803,160.100,1441,720,2217,1823,6.5670,16.2028
4804,160.133,1441,721,2218,1822,4.4551,17.0586
4805,160.167,1442,722,2218,1823,2.9784,16.2808
4806,160.200,1442,722,2218,1822,3.3616,16.4164
4807,160.233,1442,721,2218,1823,6.3018,16.8746
4808,160.267,1442,719,2219,1823,6.3494,16.3990
4809,160.300,1442,719,2219,1825,5.2858,16.4474
4810,160.333,1442,718,2218,1824,4.3599,18.4193
4811,160.367,1442,718,2218,1824,4.4851,18.3190
4812,160.400,1442,717,2219,1824,4.9867,16.8219
4813,160.433,1442,717,2218,1824,2.4804,17.1428
4814,160.467,1442,717,2218,1824,2.3523,17.3231
4815,160.500,1442,717,2218,1823,3.2543,16.8897
4816,160.533,1443,718,2218,1823,5.0860,16.8188
4817,160.567,1443,717,2218,1823,3.8027,17.0353
4818,160.600,1443,717,2218,1823,4.0753,17.5067
4819,160.633,1443,717,2218,1823,4.2868,17.0625
4820,160.667,1443,718,2218,1823,5.0034,17.4813
4821,160.700,1443,717,2218,1823,3.9608,16.9167
4822,160.733,1444,717,2218,1822,4.9192,16.0393
4823,160.767,1444,718,2218,1822,5.3953,17.4055
4824,160.800,1444,718,2218,1822,5.7700,17.9750
4825,160.833,1443,719,2218,1822,6.8195,16.8602
4826,160.867,1444,720,2218,1822,6.2163,15.9559
4827,160.900,1443,719,2217,1821,7.2110,16.4502
4828,160.933,1443,719,2217,1821,6.8024,16.7282
4829,160.967,1443,718,2217,1820,4.9655,18.3429
4830,161.000,1444,718,2217,1820,4.1455,18.9448
4831,161.033,1444,718,2218,1820,2.3146,17.4111
4832,161.067,1443,717,2218,1820,3.2573,18.4676
4833,161.100,1443,717,2218,1819,3.8559,18.1470
4834,161.133,1443,716,2218,1819,4.0720,17.9376
4835,161.167,1443,716,2218,1819,4.4641,18.1559
4836,161.200,1443,717,2217,1819,2.9278,19.9833
4837,161.233,1443,716,2218,1819,4.4672,18.2225
4838,161.267,1444,716,2218,1820,3.1064,20.2270
4839,161.300,1445,716,2217,1819,3.4768,20.1136
4840,161.333,1445,716,2217,1819,3.6452,19.5240
4841,161.367,1447,713,2216,1818,1.3868,16.4911
4842,161.400,1447,711,2216,1818,6.4064,17.7446
4843,161.433,1447,712,2216,1819,3.4082,19.6091
4844,161.467,1447,714,2215,1819,4.2730,18.8631
4845,161.500,1446,714,2216,1820,4.5370,19.1385
4846,161.533,1446,714,2216,1819,6.0385,18.9715
4847,161.567,1445,715,2216,1820,5.0628,20.0988
4848,161.600,1445,715,2217,1820,3.1765,19.8499
4849,161.633,1445,716,2217,1820,4.7438,19.1470
4850,161.667,1444,716,2218,1821,2.8813,17.6693
4851,161.700,1444,716,2218,1821,3.0044,17.7099
4852,161.733,1444,716,2218,1821,3.1239,17.7409
4853,161.767,1444,716,2218,1821,3.6665,17.4236
4854,161.800,1443,717,2218,1822,3.9173,17.4807
4855,161.833,1443,717,2218,1822,3.8209,17.3440
4856,161.867,1443,717,2218,1822,3.8725,17.4665
4857,161.900,1443,717,2218,1822,3.9333,17.4409
4858,161.933,1443,718,2218,1822,5.4240,17.5475
4859,161.967,1443,718,2219,1822,1.5229,17.6129
4860,162.000,1443,718,2218,1823,3.1346,14.8189
4861,162.033,1443,719,2218,1823,3.4068,15.6219
4862,162.067,1443,719,2218,1824,4.3729,15.4487
4863,162.100,1443,720,2218,1824,5.5314,15.1900
4864,162.133,1443,720,2218,1824,5.1892,14.7353
4865,162.167,1442,721,2217,1824,5.1149,15.7202
4866,162.200,1442,721,2217,1824,4.7059,15.7319
4867,162.233,1442,721,2217,1824,4.9466,15.2931
4868,162.267,1442,721,2217,1824,4.4352,15.6287
4869,162.300,1443,722,2216,1824,5.2022,15.9714
4870,162.333,1443,722,2216,1824,5.4568,16.3829
4871,162.367,1443,721,2216,1824,4.9523,14.8867
4872,162.400,1443,720,2217,1824,2.7202,16.4620
4873,162.433,1441,719,2217,1825,4.6732,17.7091
4874,162.467,1441,720,2217,1826,4.1624,16.1858
4875,162.500,1441,720,2217,1827,3.9083,16.3596
4876,162.533,1441,719,2217,1827,4.5685,17.6292
4877,162.567,1441,719,2218,1827,3.7266,16.0444
4878,162.600,1441,718,2218,1827,2.4049,17.6924
4879,162.633,1441,719,2218,1827,3.9114,16.1706
4880,162.667,1441,719,2218,1827,2.7995,16.1397
4881,162.700,1441,718,2218,1827,1.8456,17.6283
4882,162.733,1441,719,2218,1827,2.7357,15.8385
4883,162.767,1441,719,2218,1826,3.5066,15.8897
4884,162.800,1441,720,2218,1827,2.2631,14.9475
4885,162.833,1441,721,2218,1827,2.9190,16.3546
4886,162.867,1441,722,2218,1827,3.2430,15.3006
4887,162.900,1441,722,2218,1827,3.5739,15.1122
4888,162.933,1441,721,2218,1827,3.0756,16.3681
4889,162.967,1441,721,2218,1827,3.5924,16.4410
4890,163.000,1440,720,2218,1827,1.9128,16.2188
4891,163.033,1441,720,2218,1826,5.8164,17.4321
4892,163.067,1441,722,2218,1825,2.9189,16.4032
4893,163.100,1440,720,2216,1827,3.5775,16.4416
4894,163.133,1440,720,2216,1827,3.5926,16.4641
4895,163.167,1440,720,2216,1828,2.8980,16.4784
4896,163.200,1440,720,2216,1828,2.6540,16.2972
4897,163.233,1440,720,2216,1828,2.9825,16.3810
4898,163.267,1440,719,2216,1827,2.4791,16.8837
4899,163.300,1440,719,2216,1827,2.4464,16.8353
4900,163.333,1440,719,2216,1827,2.2260,16.9372
4901,163.367,1440,718,2216,1827,3.7345,17.2895
4902,163.400,1440,719,2216,1827,2.1180,16.9253
4903,163.433,1440,718,2216,1827,3.4261,19.1964
4904,163.467,1439,718,2216,1827,0.7476,17.5985
4905,163.500,1440,717,2216,1826,4.6395,17.6546
4906,163.533,1440,717,2216,1826,5.9145,17.7863
4907,163.567,1440,716,2216,1826,7.1344,16.7150
4908,163.600,1440,716,2216,1826,6.3629,16.9892
4909,163.633,1441,716,2216,1825,5.4848,16.1856
4910,163.667,1441,715,2216,1825,5.0999,15.4445
4911,163.700,1442,716,2216,1825,5.9391,16.5781
4912,163.733,1442,716,2216,1825,5.7702,16.8421
4913,163.767,1442,716,2216,1825,6.0417,16.2123
4914,163.800,1442,717,2216,1825,5.7832,16.3578
4915,163.833,1442,717,2216,1824,4.0046,17.6076
4916,163.867,1443,716,2216,1824,3.5482,18.1193
4917,163.900,1442,715,2216,1823,4.2228,17.9662
4918,163.933,1442,716,2216,1823,6.1932,17.3450
4919,163.967,1442,716,2216,1824,6.4167,15.6995
4920,164.000,1442,714,2217,1823,5.8545,18.8817
4921,164.033,1442,714,2218,1823,5.6385,19.0562
4922,164.067,1442,714,2218,1823,5.8579,18.8865
4923,164.100,1442,714,2218,1823,5.9075,18.7556
4924,164.133,1442,714,2218,1823,5.8250,19.0276
4925,164.167,1442,715,2218,1823,5.2940,16.8177
4926,164.200,1442,715,2218,1823,6.2283,16.7632
4927,164.233,1442,715,2218,1823,6.3691,16.5740
4928,164.267,1442,716,2218,1824,7.8689,16.2108
4929,164.300,1442,717,2218,1824,7.7794,16.5611
4930,164.333,1442,717,2218,1824,7.6997,16.9682
4931,164.367,1442,717,2218,1824,8.1002,17.1302
4932,164.400,1441,717,2218,1824,5.6855,16.5281
4933,164.433,1442,717,2218,1823,8.1085,17.5290
4934,164.467,1442,717,2218,1823,7.3803,17.4943
4935,164.500,1442,717,2217,1823,7.9753,17.8811
4936,164.533,1442,716,2217,1823,5.6406,16.4698
4937,164.567,1442,717,2218,1823,7.4080,17.6523
4938,164.600,1442,717,2218,1823,7.8358,17.6389
4939,164.633,1442,717,2218,1823,8.2648,17.5388
4940,164.667,1442,717,2217,1823,6.7217,18.3754
4941,164.700,1442,717,2217,1823,6.8149,18.7202
4942,164.733,1442,717,2217,1823,6.7883,18.6533
4943,164.767,1442,717,2218,1823,7.5653,17.2972
4944,164.800,1442,717,2217,1823,6.8389,18.6128
4945,164.833,1442,717,2217,1824,5.9989,18.2845
4946,164.867,1442,718,2217,1823,5.3290,17.5640
4947,164.900,1442,718,2217,1823,4.8417,18.3109
4948,164.933,1442,717,2217,1823,4.3773,20.8115
4949,164.967,1443,717,2217,1823,2.3887,17.3262
4950,165.000,1444,714,2217,1823,1.5044,18.8737
4951,165.033,1444,713,2216,1822,-0.5678,19.2402
4952,165.067,1444,713,2216,1822,-1.2549,20.0427
4953,165.100,1444,713,2216,1822,-1.8648,19.9733
4954,165.133,1444,713,2216,1822,-2.0925,20.1770
4955,165.167,1444,713,2217,1821,0.1909,19.6240
4956,165.200,1445,714,2216,1821,-2.9601,19.2546
4957,165.233,1445,715,2217,1821,-5.6142,17.0873
4958,165.267,1446,716,2217,1821,-2.2718,16.0689
4959,165.300,1446,716,2217,1822,-3.2117,16.4647
4960,165.333,1446,717,2218,1823,-4.6312,18.0694
4961,165.367,1446,717,2218,1824,-3.7850,15.9341
4962,165.400,1446,717,2218,1824,-4.1183,16.2424
4963,165.433,1446,717,2218,1824,-2.9227,15.8060
4964,165.467,1446,718,2218,1825,-4.3163,15.9410
4965,165.500,1446,718,2218,1825,-3.9262,16.0139
4966,165.533,1446,718,2219,1824,-6.2164,17.8996
4967,165.567,1446,718,2219,1824,-5.7014,17.3190
4968,165.600,1446,719,2219,1824,-4.7530,15.7547
4969,165.633,1446,719,2219,1824,-5.3742,15.5179
4970,165.667,1446,719,2219,1824,-4.9749,15.9848
4971,165.700,1446,718,2219,1824,-5.9387,17.4510
4972,165.733,1446,718,2219,1824,-6.2678,17.4964
4973,165.767,1447,718,2220,1824,-7.0568,17.1891
4974,165.800,1447,718,2220,1824,-6.1891,18.0005
4975,165.833,1446,718,2220,1824,-8.2347,17.1322
4976,165.867,1446,718,2220,1824,-7.9067,17.0979
4977,165.900,1446,718,2219,1823,-6.9556,17.4528
4978,165.933,1446,719,2219,1824,-6.0333,16.1705
4979,165.967,1446,719,2220,1824,-6.0177,15.8161
4980,166.000,1446,719,2218,1823,-6.3317,17.9623
4981,166.033,1446,718,2218,1823,-8.3119,17.2990
4982,166.067,1446,718,2218,1824,-8.2191,18.2741
4983,166.100,1446,718,2218,1824,-8.7874,18.3569
4984,166.133,1446,718,2218,1824,-9.0432,18.7041
4985,166.167,1446,718,2218,1824,-9.0212,18.2495
4986,166.200,1446,718,2218,1824,-8.5860,18.6493
4987,166.233,1446,719,2218,1824,-7.3196,18.0387
4988,166.267,1446,718,2218,1824,-9.0520,18.4729
4989,166.300,1446,718,2217,1824,-7.3270,16.7999
4990,166.333,1446,719,2218,1824,-8.0465,18.0468
4991,166.367,1446,719,2218,1825,-5.4713,18.1511
4992,166.400,1446,719,2218,1825,-6.1021,17.3867
4993,166.433,1446,720,2218,1825,-5.8862,16.3990
4994,166.467,1446,720,2218,1825,-5.6924,16.7373
4995,166.500,1446,719,2218,1825,-6.4662,16.6027
4996,166.533,1446,720,2218,1826,-6.4287,17.6335
4997,166.567,1446,720,2218,1827,-4.7285,16.9520
4998,166.600,1446,720,2218,1826,-5.9285,16.3874
4999,166.633,1446,720,2218,1826,-6.8286,16.5422
5000,166.667,1447,719,2217,1826,-6.7503,18.0048
5001,166.700,1447,718,2217,1826,-9.2760,17.1005
5002,166.733,1447,718,2217,1826,-9.0418,17.2533
5003,166.767,1446,718,2217,1826,-9.1829,17.9305
5004,166.800,1446,717,2217,1825,-9.9487,16.2254
5005,166.833,1446,717,2217,1825,-10.6344,16.2060
5006,166.867,1447,717,2217,1825,-6.8674,16.8645
5007,166.900,1447,717,2217,1825,-6.8062,16.9486
5008,166.933,1447,717,2217,1825,-6.8839,16.8919
5009,166.967,1447,717,2217,1825,-7.1396,16.8653
5010,167.000,1447,716,2218,1825,-8.0581,16.8156
5011,167.033,1447,715,2217,1824,-8.3006,18.5425
5012,167.067,1447,715,2217,1824,-8.3160,18.4694
5013,167.100,1447,715,2217,1824,-8.2183,18.5597
5014,167.133,1447,714,2217,1824,-8.3274,18.6695
5015,167.167,1447,714,2217,1823,-7.3115,18.6248
5016,167.200,1447,715,2217,1823,-7.9278,17.5313
5017,167.233,1446,715,2217,1824,-7.8127,16.4895
5018,167.267,1446,715,2218,1824,-7.6345,16.4977
5019,167.300,1446,715,2218,1824,-7.4960,16.7700
5020,167.333,1446,715,2217,1823,-7.7081,17.0508
5021,167.367,1446,715,2217,1823,-7.4250,16.9597
5022,167.400,1446,714,2217,1824,-5.8321,16.5283
5023,167.433,1446,714,2217,1823,-6.7483,17.0013
5024,167.467,1446,714,2217,1824,-4.8769,16.1033
5025,167.500,1446,714,2217,1823,-6.8298,16.8077
5026,167.533,1445,715,2217,1823,-4.4265,16.1753
5027,167.567,1445,715,2217,1823,-4.5261,16.0377
5028,167.600,1445,715,2216,1823,-5.3031,16.5099
5029,167.633,1445,715,2216,1823,-5.3989,17.0894
5030,167.667,1445,714,2216,1823,-4.1595,16.7342
5031,167.700,1445,714,2216,1823,-3.2952,17.3284
5032,167.733,1445,714,2216,1822,-3.9779,17.0935
5033,167.767,1446,714,2216,1822,-5.5886,17.0794
5034,167.800,1446,714,2216,1823,-4.5265,17.8890
5035,167.833,1446,714,2216,1822,-5.8846,17.0627
5036,167.867,1446,714,2216,1823,-4.6435,17.9272
5037,167.900,1446,713,2216,1823,-4.4366,17.9485
5038,167.933,1446,713,2216,1823,-4.4972,17.8492
5039,167.967,1445,713,2216,1823,-4.7077,18.5158
5040,168.000,1446,714,2216,1822,-7.4507,18.0354
5041,168.033,1445,714,2217,1823,-6.0972,16.7248
5042,168.067,1445,714,2217,1823,-6.6687,17.1019
5043,168.100,1445,714,2217,1823,-6.0453,17.0607
5044,168.133,1444,714,2217,1824,-6.0037,18.8173
5045,168.167,1444,714,2217,1823,-4.9297,18.5052
5046,168.200,1444,714,2217,1823,-4.6751,18.4700
5047,168.233,1444,714,2217,1823,-4.8179,18.5136
5048,168.267,1444,714,2217,1823,-4.5888,17.6006
5049,168.300,1444,714,2217,1823,-4.3983,17.6078
5050,168.333,1444,714,2217,1823,-4.2988,17.6622
5051,168.367,1444,714,2217,1823,-4.0782,17.6984
5052,168.400,1444,714,2217,1823,-4.5689,17.3559
5053,168.433,1444,714,2218,1823,-7.7143,17.6563
5054,168.467,1444,714,2218,1823,-7.0287,16.6026
5055,168.500,1444,714,2218,1823,-6.8071,16.5969
5056,168.533,1444,714,2218,1824,-6.1698,16.5327
5057,168.567,1444,713,2218,1824,-8.2989,16.1899
5058,168.600,1444,713,2218,1824,-8.3198,16.0633
5059,168.633,1444,713,2218,1824,-8.0567,15.8763
5060,168.667,1444,713,2218,1824,-8.4152,15.5915
5061,168.700,1444,713,2218,1825,-8.2977,17.0175
5062,168.733,1444,713,2218,1825,-7.8999,16.7411
5063,168.767,1444,713,2218,1825,-8.0718,16.7044
5064,168.800,1444,715,2218,1826,-8.0830,15.3808
5065,168.833,1444,715,2218,1825,-6.8053,14.5389
5066,168.867,1444,716,2218,1825,-8.5278,15.9638
5067,168.900,1444,716,2218,1824,-8.0726,15.9120
5068,168.933,1445,716,2218,1825,-6.7533,14.4757
5069,168.967,1444,716,2219,1826,-6.8657,15.0637
5070,169.000,1443,717,2218,1827,-7.2431,15.3227
5071,169.033,1443,717,2217,1827,-6.0645,15.1198
5072,169.067,1443,717,2217,1826,-7.2748,15.8495
5073,169.100,1443,717,2217,1826,-7.6457,15.6971
5074,169.133,1443,717,2218,1826,-7.3349,14.5502
5075,169.167,1443,717,2218,1827,-8.0908,15.1186
5076,169.200,1443,717,2218,1827,-7.9945,15.4841
5077,169.233,1443,717,2218,1828,-6.5813,14.3891
5078,169.267,1442,718,2218,1828,-5.0009,15.5278
5079,169.300,1442,717,2219,1828,-4.7862,15.4877
5080,169.333,1442,717,2219,1829,-5.0351,14.2711
5081,169.367,1442,716,2219,1829,-5.2697,13.8171
5082,169.400,1442,716,2219,1829,-5.8669,14.1339
5083,169.433,1442,717,2219,1829,-4.6571,14.7731
5084,169.467,1442,717,2219,1829,-4.5004,14.7477
5085,169.500,1442,717,2219,1829,-4.6752,14.5046
5086,169.533,1442,717,2219,1830,-4.0082,15.0677
5087,169.567,1442,717,2220,1831,-4.4056,14.8524
5088,169.600,1442,717,2220,1830,-4.1638,15.4821
5089,169.633,1442,718,2220,1830,-5.0747,16.1531
5090,169.667,1442,718,2220,1830,-5.1966,16.3687
5091,169.700,1442,719,2220,1830,-5.1982,15.4531
5092,169.733,1442,719,2220,1830,-5.0284,15.6196
5093,169.767,1443,719,2220,1830,-5.3748,15.4304
5094,169.800,1443,719,2220,1829,-5.0008,14.0835
5095,169.833,1443,719,2220,1829,-5.8253,14.0228
5096,169.867,1443,719,2220,1828,-6.2662,15.1460
5097,169.900,1442,719,2220,1828,-5.3728,15.8399
5098,169.933,1443,718,2220,1827,-6.4546,14.0575
5099,169.967,1442,717,2220,1827,-6.0074,14.3937
5100,170.000,1445,714,2217,1824,-5.1952,17.7780
5101,170.033,1445,714,2217,1824,-5.3205,17.8261
5102,170.067,1445,714,2217,1824,-4.9879,17.9160
5103,170.100,1445,714,2217,1824,-4.4646,18.1837
5104,170.133,1445,714,2217,1824,-5.0085,17.7343
5105,170.167,1445,714,2217,1824,-5.1942,17.6985
5106,170.200,1445,714,2217,1824,-5.0247,17.8587
5107,170.233,1445,714,2217,1824,-5.0096,17.6734
5108,170.267,1445,714,2217,1824,-5.2123,17.2176
5109,170.300,1445,715,2216,1823,-8.8567,17.2612
5110,170.333,1445,715,2216,1823,-8.0826,16.9676
5111,170.367,1445,715,2216,1822,-10.1688,16.3425
5112,170.400,1445,715,2216,1822,-9.4183,16.4059
5113,170.433,1445,715,2216,1822,-9.5790,15.8049
5114,170.467,1445,714,2216,1822,-8.5415,15.8590
5115,170.500,1445,714,2215,1822,-6.1897,16.6863
5116,170.533,1445,715,2216,1823,-10.1160,16.9449
5117,170.567,1445,715,2216,1823,-9.7544,17.6042
5118,170.600,1445,715,2216,1823,-10.9042,16.3907
5119,170.633,1445,715,2216,1823,-9.9957,16.6429
5120,170.667,1445,715,2216,1822,-9.5986,15.0956
5121,170.700,1445,716,2216,1821,-7.6187,18.2101
5122,170.733,1445,715,2217,1822,-7.9466,19.2706
5123,170.767,1445,714,2217,1822,-7.8003,17.9376
5124,170.800,1445,716,2217,1822,-10.2478,17.7053
5125,170.833,1445,717,2217,1822,-10.9701,17.6482
5126,170.867,1445,717,2217,1822,-11.0924,17.5228
5127,170.900,1445,717,2218,1822,-10.0808,17.1433
5128,170.933,1445,718,2218,1823,-9.5714,17.7738
5129,170.967,1445,717,2217,1822,-10.7520,17.8084
5130,171.000,1445,717,2218,1821,-9.2748,16.8326
5131,171.033,1445,717,2218,1822,-8.7213,18.0226
5132,171.067,1444,717,2218,1822,-8.9620,18.2570
5133,171.100,1444,717,2218,1822,-9.4061,18.3288
5134,171.133,1445,716,2218,1822,-9.0605,17.2174
5135,171.167,1444,716,2218,1822,-9.4238,17.4572
5136,171.200,1444,716,2218,1822,-9.1117,18.0275
5137,171.233,1444,717,2216,1822,-0.7155,20.7060
5138,171.267,1443,719,2217,1823,6.7665,14.3291
5139,171.300,1442,719,2217,1823,6.1169,15.4974
5140,171.333,1442,719,2216,1823,6.7870,14.3267
5141,171.367,1441,719,2217,1823,7.2690,15.3670
5142,171.400,1441,719,2217,1823,5.8962,14.3785
5143,171.433,1441,720,2217,1822,6.6286,15.4159
5144,171.467,1441,721,2217,1822,5.7839,15.4780
5145,171.500,1441,721,2217,1822,5.4647,15.9315
5146,171.533,1441,721,2217,1822,6.3074,15.7171
5147,171.567,1441,721,2217,1821,6.5962,15.9840
5148,171.600,1441,721,2217,1821,6.1295,16.1664
5149,171.633,1441,721,2217,1821,5.6725,16.1051
5150,171.667,1441,721,2217,1821,5.6754,15.8433
5151,171.700,1441,721,2218,1822,6.6768,16.3458
5152,171.733,1440,721,2218,1822,5.8713,14.4519
5153,171.767,1441,722,2217,1821,7.7307,15.1607
5154,171.800,1441,722,2217,1821,6.5795,15.8024
5155,171.833,1440,723,2218,1821,5.1702,14.8007
5156,171.867,1440,723,2218,1821,5.0555,14.8459
5157,171.900,1440,724,2218,1821,5.0186,13.3100
5158,171.933,1440,723,2218,1822,6.0217,13.9837
5159,171.967,1440,724,2219,1822,3.3048,13.3484
5160,172.000,1440,723,2219,1823,4.8577,12.7473
5161,172.033,1440,723,2219,1823,4.9847,12.2465
5162,172.067,1440,724,2219,1823,3.6294,12.1128
5163,172.100,1440,724,2219,1823,3.9845,12.2620
5164,172.133,1440,724,2220,1823,1.5740,13.4296
5165,172.167,1440,724,2219,1823,3.4286,12.1746
5166,172.200,1441,725,2219,1823,3.2543,12.9711
5167,172.233,1441,724,2219,1823,2.1599,12.5579
5168,172.267,1440,725,2219,1824,3.1068,13.3036
5169,172.300,1440,726,2218,1824,2.8963,15.0922
5170,172.333,1440,726,2218,1824,3.1697,15.1228
5171,172.367,1440,726,2218,1823,3.5861,15.0468
5172,172.400,1440,726,2218,1824,3.4175,14.2358
5173,172.433,1440,727,2217,1824,4.9165,16.0742
5174,172.467,1440,727,2217,1824,5.0141,15.9217
5175,172.500,1440,726,2217,1824,2.2442,15.3127
5176,172.533,1440,726,2218,1824,3.6815,14.8328
5177,172.567,1440,724,2217,1824,6.6712,14.8998
5178,172.600,1440,724,2218,1824,4.9964,13.7723
5179,172.633,1440,723,2218,1824,4.0873,14.7669
5180,172.667,1439,723,2218,1825,4.5596,15.3789
5181,172.700,1439,723,2218,1825,4.1316,15.2536
5182,172.733,1439,723,2218,1825,3.9913,15.2446
5183,172.767,1439,724,2218,1825,3.1238,14.4913
5184,172.800,1439,724,2219,1826,3.6534,13.6724
5185,172.833,1439,725,2218,1826,3.1040,13.5152
5186,172.867,1439,726,2218,1827,4.0833,13.9619
5187,172.900,1439,726,2218,1827,4.0208,14.0504
5188,172.933,1439,728,2218,1827,5.4573,14.2722
5189,172.967,1439,727,2218,1827,6.2169,14.0706
5190,173.000,1438,725,2218,1827,6.5191,14.4507
5191,173.033,1439,726,2218,1827,3.2418,14.1348
5192,173.067,1439,726,2218,1827,3.0597,14.4294
5193,173.100,1438,725,2218,1827,6.8145,14.4553
5194,173.133,1439,725,2218,1826,3.9050,13.4539
5195,173.167,1438,725,2217,1826,4.7055,14.3295
5196,173.200,1438,725,2217,1826,4.3185,13.8995
5197,173.233,1438,725,2217,1826,4.5784,14.2124
5198,173.267,1439,726,2217,1826,4.5987,14.2412
5199,173.300,1439,726,2217,1825,5.2768,14.3721
5200,173.333,1439,725,2217,1826,2.9846,14.4409
5201,173.367,1439,725,2217,1826,2.8140,14.1920
5202,173.400,1439,726,2217,1826,3.6983,13.3356
5203,173.433,1439,727,2217,1826,4.1030,14.2720
5204,173.467,1439,726,2217,1825,5.1454,14.2621
5205,173.500,1439,727,2217,1825,5.6088,14.4036
5206,173.533,1439,727,2217,1825,5.5788,14.2988
5207,173.567,1439,726,2216,1824,2.5945,13.5840
5208,173.600,1439,725,2216,1824,2.2766,12.6136
5209,173.633,1439,725,2216,1824,2.4377,12.5968
5210,173.667,1439,725,2216,1823,1.7165,12.8767
5211,173.700,1439,725,2216,1824,2.5511,13.0273
5212,173.733,1439,725,2216,1824,2.5589,12.8717
5213,173.767,1439,726,2216,1824,3.2236,13.6205
5214,173.800,1439,726,2216,1824,2.9579,13.8748
5215,173.833,1439,726,2216,1824,2.5789,14.0957
5216,173.867,1439,726,2216,1824,2.1540,14.2874
5217,173.900,1439,725,2217,1824,4.8401,14.5937
5218,173.933,1438,724,2217,1825,3.6443,14.1124
5219,173.967,1438,723,2218,1825,5.1253,14.5093
5220,174.000,1439,720,2216,1823,7.4099,16.3885
5221,174.033,1440,720,2216,1822,7.4863,15.6168
5222,174.067,1440,720,2216,1822,7.3812,15.4520
5223,174.100,1440,720,2216,1822,7.0098,15.7036
5224,174.133,1441,719,2216,1820,6.7238,15.2456
5225,174.167,1441,719,2216,1820,6.6441,15.0979
5226,174.200,1441,719,2216,1820,6.7916,15.1236
5227,174.233,1441,719,2216,1820,6.6003,15.0591
5228,174.267,1441,719,2216,1820,6.3937,14.8029
5229,174.300,1441,719,2216,1820,6.8289,15.1476
5230,174.333,1441,720,2216,1820,6.5499,16.2847
5231,174.367,1441,720,2216,1820,5.7329,16.1483
5232,174.400,1441,721,2216,1821,8.7359,15.8167
5233,174.433,1442,721,2216,1821,7.5320,15.4319
5234,174.467,1442,720,2216,1821,5.8246,17.0750
5235,174.500,1442,720,2216,1821,6.0078,16.7841
5236,174.533,1442,720,2216,1820,6.4751,16.6082
5237,174.567,1442,720,2216,1820,5.4983,16.7842
5238,174.600,1442,720,2216,1820,5.1089,16.9711
5239,174.633,1443,720,2216,1820,3.2395,15.2608
5240,174.667,1442,720,2216,1820,6.0756,15.6612
5241,174.700,1442,719,2216,1820,5.2747,15.4987
5242,174.733,1442,719,2216,1820,5.3377,15.6551
5243,174.767,1442,720,2216,1819,5.7799,15.5645
5244,174.800,1442,719,2216,1819,3.5163,14.5619
5245,174.833,1442,720,2216,1819,5.5523,15.2656
5246,174.867,1442,719,2216,1819,3.3539,14.2215
5247,174.900,1442,720,2216,1820,6.1960,16.0566
5248,174.933,1442,720,2216,1820,6.8939,16.5609
5249,174.967,1442,720,2216,1820,7.8420,16.3430
5250,175.000,1441,722,2216,1822,3.3834,12.6835
5251,175.033,1441,721,2216,1822,5.8807,14.4128
5252,175.067,1441,722,2216,1821,2.7942,13.9650
5253,175.100,1441,722,2216,1822,3.2604,13.5205
5254,175.133,1441,721,2216,1821,3.6796,14.2064
5255,175.167,1441,721,2216,1822,5.6099,14.1356
5256,175.200,1441,721,2216,1822,5.3836,14.2537
5257,175.233,1441,721,2216,1822,5.2382,14.3141
5258,175.267,1441,721,2216,1822,5.5321,14.1578
5259,175.300,1441,721,2216,1822,5.4051,14.3854
5260,175.333,1441,721,2217,1822,4.7776,14.8445
5261,175.367,1441,721,2217,1822,4.7964,14.9139
5262,175.400,1440,721,2217,1822,4.6728,16.3160
5263,175.433,1441,721,2217,1822,5.2851,15.8099
5264,175.467,1441,721,2216,1822,5.4957,14.7910
5265,175.500,1440,721,2217,1822,4.8511,15.5936
5266,175.533,1441,721,2217,1822,5.3188,15.6191
5267,175.567,1441,720,2217,1822,4.8454,15.7361
5268,175.600,1441,719,2216,1822,6.6358,15.5621
5269,175.633,1441,720,2216,1821,6.2729,16.0583
5270,175.667,1441,720,2216,1822,6.7445,14.8217
5271,175.700,1441,720,2216,1821,6.6400,16.6094
5272,175.733,1441,720,2216,1820,5.6262,16.6389
5273,175.767,1441,720,2216,1821,6.2698,16.8210
5274,175.800,1441,719,2217,1821,7.4692,16.0680
5275,175.833,1441,719,2217,1823,6.9856,15.8134
5276,175.867,1441,720,2217,1823,7.3235,16.4041
5277,175.900,1441,719,2217,1823,6.0382,15.6219
5278,175.933,1440,719,2217,1824,4.8394,15.4667
5279,175.967,1440,719,2217,1823,6.8909,16.3252
5280,176.000,1440,721,2219,1825,4.4957,16.4724
5281,176.033,1440,720,2219,1826,6.1222,15.1828
5282,176.067,1440,720,2219,1826,6.0315,15.2565
5283,176.100,1440,720,2219,1826,6.2139,15.0053
5284,176.133,1440,719,2219,1825,5.1540,17.0482
5285,176.167,1440,719,2219,1825,4.9532,17.0227
5286,176.200,1440,719,2219,1825,5.0251,17.1525
5287,176.233,1439,719,2219,1825,4.2646,16.3033
5288,176.267,1439,719,2219,1826,4.8206,16.5388
5289,176.300,1440,720,2219,1826,6.6962,14.9196
5290,176.333,1440,721,2218,1827,5.6466,15.8508
5291,176.367,1440,722,2219,1827,3.3499,15.8116
5292,176.400,1440,721,2216,1830,6.7510,12.8457
5293,176.433,1441,721,2216,1830,6.4179,13.1695
5294,176.467,1441,721,2216,1830,6.4943,13.1114
5295,176.500,1441,721,2216,1830,6.2502,13.2110
5296,176.533,1441,720,2216,1830,6.2481,13.0513
5297,176.567,1441,720,2217,1830,4.8154,13.1308
5298,176.600,1440,720,2217,1830,6.9803,12.6366
5299,176.633,1440,720,2217,1830,7.1353,12.3806
5300,176.667,1440,720,2217,1830,7.3781,12.2697
5301,176.700,1440,721,2217,1830,4.8076,13.5634
5302,176.733,1440,721,2217,1830,5.0452,13.7666
5303,176.767,1440,721,2216,1829,6.2225,13.2347
5304,176.800,1440,721,2216,1829,6.1066,13.0397
5305,176.833,1440,721,2216,1829,6.4376,13.1163
5306,176.867,1440,721,2216,1828,5.5794,12.1618
5307,176.900,1440,720,2216,1828,5.6172,12.5759
5308,176.933,1440,720,2217,1830,5.2859,12.8583
5309,176.967,1440,720,2217,1829,4.7910,12.9377
5310,177.000,1441,717,2216,1829,4.9268,13.1730
5311,177.033,1440,718,2216,1828,2.6570,12.5806
5312,177.067,1440,718,2217,1828,2.6374,13.4553
5313,177.100,1441,718,2216,1827,2.7740,13.0841
5314,177.133,1441,719,2215,1826,3.1724,12.9287
5315,177.167,1440,720,2215,1824,4.4925,12.2769
5316,177.200,1441,720,2214,1823,3.2582,13.1982
5317,177.233,1441,720,2214,1823,2.7413,12.6876
5318,177.267,1441,721,2214,1823,4.5104,13.6391
5319,177.300,1440,721,2214,1822,2.8844,15.0444
5320,177.333,1440,720,2215,1823,2.7935,14.0616
5321,177.367,1440,720,2215,1823,2.8102,13.9458
5322,177.400,1440,720,2214,1823,3.5208,13.0289
5323,177.433,1440,720,2215,1823,2.9161,13.0708
5324,177.467,1440,720,2215,1823,2.6927,13.2531
5325,177.500,1440,720,2215,1823,2.8490,13.5791
5326,177.533,1440,721,2215,1823,3.3068,13.7363
5327,177.567,1440,721,2215,1823,4.0831,13.7031
5328,177.600,1439,721,2215,1824,3.0655,14.2925
5329,177.633,1440,721,2215,1823,3.4106,13.9972
5330,177.667,1439,722,2215,1824,3.1973,14.3976
5331,177.700,1439,722,2215,1824,3.8232,14.4350
5332,177.733,1439,723,2215,1824,3.4789,13.1832
5333,177.767,1439,722,2215,1825,4.9143,14.1167
5334,177.800,1439,721,2216,1825,3.6614,14.0344
5335,177.833,1439,721,2216,1826,2.5561,13.6368
5336,177.867,1440,720,2216,1826,2.6565,13.6033
5337,177.900,1440,720,2216,1826,2.3857,14.2197
5338,177.933,1440,720,2217,1827,3.7633,14.0095
5339,177.967,1440,720,2217,1828,3.6058,13.9213
5340,178.000,1439,721,2217,1826,-0.1759,12.8472
5341,178.033,1439,721,2217,1826,0.7448,12.8897
5342,178.067,1440,721,2217,1826,4.5526,13.3632
5343,178.100,1440,721,2217,1826,4.8070,12.0197
5344,178.133,1440,721,2217,1826,5.5243,11.8847
5345,178.167,1440,719,2216,1825,6.9642,12.9689
5346,178.200,1441,717,2216,1825,6.5696,9.7774
5347,178.233,1443,721,2215,1829,10.8859,3.8490
5348,178.267,1444,713,2218,1826,7.1955,1.3689
5349,178.300,1443,712,2218,1826,5.9013,-3.0090
5350,178.333,1446,708,2219,1824,8.4677,0.8055
5351,178.367,1446,712,2218,1824,5.8927,9.3054
5352,178.400,1446,712,2217,1823,6.3990,8.7432
5353,178.433,1444,713,2218,1826,8.3603,10.7168
5354,178.467,1444,714,2218,1828,6.3496,11.3790
5355,178.500,1444,713,2218,1829,7.1344,10.6825
5356,178.533,1445,711,2219,1829,8.4496,9.3284
5357,178.567,1444,712,2219,1830,9.6044,10.0185
5358,178.600,1443,712,2219,1831,6.5618,9.6365
5359,178.633,1443,714,2219,1832,5.9394,11.4976
5360,178.667,1441,715,2219,1835,6.2533,10.9931
5361,178.700,1441,714,2219,1835,5.6589,10.7934
5362,178.733,1441,713,2219,1834,4.3657,11.6602
5363,178.767,1441,713,2219,1834,2.4108,11.7061
5364,178.800,1441,713,2219,1834,0.8489,12.5405
5365,178.833,1441,713,2220,1835,0.3986,11.7138
5366,178.867,1442,714,2220,1834,0.1389,9.5675
5367,178.900,1443,713,2219,1834,-0.1033,7.4724
5368,178.933,1443,712,2219,1835,11.0043,10.3486
5369,178.967,1444,712,2220,1834,8.0699,5.2301
5370,179.000,1442,711,2220,1833,7.7043,7.1294
5371,179.033,1441,711,2219,1832,3.9167,9.5496
5372,179.067,1441,712,2217,1831,3.1226,12.1641
5373,179.100,1441,713,2218,1831,4.8839,12.3696
5374,179.133,1440,715,2218,1831,3.2293,11.9158
5375,179.167,1441,714,2217,1830,3.5967,13.7853
5376,179.200,1441,714,2218,1829,4.2532,13.6823
5377,179.233,1441,715,2218,1829,3.7813,14.3419
5378,179.267,1440,715,2218,1830,3.9054,13.8462
5379,179.300,1440,716,2218,1830,4.9216,13.1008
5380,179.333,1440,715,2218,1830,6.1732,14.1259
5381,179.367,1440,716,2218,1831,4.9217,13.5603
5382,179.400,1439,717,2218,1831,3.8321,14.3244
5383,179.433,1439,717,2218,1832,5.4823,14.8281
5384,179.467,1439,718,2219,1832,5.3766,16.3818
5385,179.500,1440,718,2218,1832,8.1463,13.9163
5386,179.533,1440,717,2218,1832,9.4425,14.0853
5387,179.567,1440,718,2219,1832,8.2076,15.6087
5388,179.600,1439,718,2219,1833,9.6762,16.4347
5389,179.633,1439,718,2219,1833,10.1369,16.2826
5390,179.667,1438,718,2219,1833,8.9550,15.8369
5391,179.700,1438,718,2219,1834,9.5449,16.1527
5392,179.733,1439,717,2218,1835,10.8472,16.1459
5393,179.767,1439,718,2218,1835,11.5890,15.5521
5394,179.800,1439,718,2218,1835,12.2111,14.5138
5395,179.833,1438,717,2218,1835,11.8426,14.5720
5396,179.867,1438,717,2217,1835,9.9447,13.9285
5397,179.900,1438,717,2217,1835,12.7753,14.7854
5398,179.933,1438,718,2217,1834,14.4103,15.0735
5399,179.967,1438,719,2217,1834,13.3443,15.8314
5400,180.000,1438,718,2218,1834,14.2532,16.3108
5401,180.033,1439,718,2217,1834,18.2909,16.0919
5402,180.067,1439,718,2217,1834,18.5701,16.0154
5403,180.100,1439,717,2217,1834,15.0576,15.8331
5404,180.133,1439,718,2217,1834,17.4818,15.2281
5405,180.167,1439,718,2217,1835,14.4305,17.0130
5406,180.200,1439,718,2217,1835,12.6933,16.1798
5407,180.233,1439,718,2217,1835,12.2893,16.2388
5408,180.267,1439,718,2217,1835,12.2737,15.4546
5409,180.300,1438,719,2216,1835,11.3443,18.8181
5410,180.333,1438,719,2217,1835,9.6053,18.2898
5411,180.367,1438,719,2217,1835,8.7700,18.3301
5412,180.400,1438,716,2227,1844,11.9590,16.3240
5413,180.433,1439,718,2217,1834,11.9330,15.3198
5414,180.467,1439,718,2217,1834,12.1470,15.4079
5415,180.500,1439,718,2217,1833,11.3305,16.1702
5416,180.533,1439,717,2217,1833,11.2303,15.4744
5417,180.567,1439,716,2217,1833,8.8848,15.6969
5418,180.600,1439,716,2217,1833,8.6698,15.3857
5419,180.633,1439,716,2217,1833,7.5935,15.6523
5420,180.667,1439,716,2217,1834,5.5641,15.1251
5421,180.700,1439,718,2217,1833,8.0435,17.0649
5422,180.733,1439,718,2217,1833,8.3204,17.2349
5423,180.767,1439,718,2218,1833,6.1519,17.5302
5424,180.800,1439,719,2219,1834,4.0498,19.2710
5425,180.833,1438,719,2218,1835,7.1827,19.8503
5426,180.867,1438,719,2218,1834,5.3024,19.3239
5427,180.900,1438,718,2218,1834,5.6576,18.3271
5428,180.933,1438,718,2219,1835,5.7259,18.9677
5429,180.967,1439,718,2218,1835,7.1666,16.3934
5430,181.000,1441,714,2215,1834,1.6237,9.0792
5431,181.033,1441,715,2223,1846,4.0800,10.1126
5432,181.067,1445,713,2218,1835,19.1100,8.4709
5433,181.100,1446,715,2217,1834,14.9504,10.4805
5434,181.133,1449,717,2215,1832,12.4300,7.9570
5435,181.167,1447,709,2226,1844,10.1763,7.5658
5436,181.200,1448,710,2227,1843,8.8093,7.0919
5437,181.233,1447,715,2225,1844,3.5004,14.4604
5438,181.267,1446,715,2226,1842,4.9808,14.9412
5439,181.300,1446,713,2227,1842,5.0245,15.2388
5440,181.333,1445,713,2227,1842,1.4747,16.9658
5441,181.367,1445,713,2227,1842,2.6708,18.1818
5442,181.400,1445,715,2226,1841,1.3395,19.1345
5443,181.433,1445,716,2227,1840,2.9693,18.3406
5444,181.467,1445,718,2227,1840,1.9724,15.9921
5445,181.500,1445,716,2227,1840,3.6757,18.5105
5446,181.533,1444,717,2227,1840,0.5029,17.1133
5447,181.567,1444,717,2228,1840,-3.6169,17.3963
5448,181.600,1444,718,2228,1839,-4.3830,18.8156
5449,181.633,1444,718,2227,1840,-5.3768,16.0016
5450,181.667,1444,717,2227,1839,-5.3647,16.3258
5451,181.700,1444,719,2227,1839,-5.1335,16.4835
5452,181.733,1444,719,2228,1839,-5.7130,16.4638
5453,181.767,1444,719,2227,1839,-4.0923,18.6785
5454,181.800,1444,719,2228,1838,-5.0192,18.7695
5455,181.833,1444,720,2227,1839,-2.7137,18.4774
5456,181.867,1444,719,2227,1839,-2.1874,19.0689
5457,181.900,1444,719,2227,1839,-2.5762,18.8783
5458,181.933,1443,717,2227,1839,-0.3811,19.1150
5459,181.967,1443,718,2227,1839,-1.9425,18.4484
5460,182.000,1444,717,2228,1839,-1.4671,18.0788
5461,182.033,1444,718,2227,1839,6.6321,20.7869
5462,182.067,1444,724,2217,1830,7.5514,20.5667
5463,182.100,1444,724,2217,1829,7.8542,19.5454
5464,182.133,1444,726,2217,1831,6.9859,17.9988
5465,182.167,1443,723,2228,1841,6.9808,19.1341
5466,182.200,1443,725,2228,1841,6.5898,17.6051
5467,182.233,1443,724,2228,1841,7.4219,18.1647
5468,182.267,1443,725,2227,1841,6.5327,17.4047
5469,182.300,1443,724,2227,1841,8.5744,18.7717
5470,182.333,1443,724,2227,1841,8.6984,18.5390
5471,182.367,1443,724,2227,1841,8.6298,18.3293
5472,182.400,1443,722,2227,1842,5.0359,18.5397
5473,182.433,1443,722,2227,1842,5.2037,18.7356
5474,182.467,1444,725,2216,1833,8.9368,19.2543
5475,182.500,1443,722,2227,1843,5.0198,19.9802
5476,182.533,1444,726,2216,1833,7.8623,18.3824
5477,182.567,1442,722,2228,1844,4.4925,19.1917
5478,182.600,1442,723,2228,1844,7.3635,19.6339
5479,182.633,1442,722,2228,1844,6.9754,18.4783
5480,182.667,1442,722,2229,1846,7.5856,17.4722
5481,182.700,1442,723,2229,1846,7.7850,16.8816
5482,182.733,1442,723,2229,1846,7.7336,17.2372
5483,182.767,1442,723,2228,1846,7.4126,16.7909
5484,182.800,1442,724,2228,1846,6.9621,16.4166
5485,182.833,1443,722,2228,1845,12.2666,18.4800
5486,182.867,1442,723,2228,1845,13.5562,14.7762
5487,182.900,1442,723,2228,1845,12.7449,14.8262
5488,182.933,1442,723,2228,1845,12.1571,14.9073
5489,182.967,1442,723,2228,1845,12.2238,14.2319
5490,183.000,1442,722,2229,1844,14.5961,16.9986
5491,183.033,1443,723,2229,1843,16.8203,16.9751
5492,183.067,1443,723,2229,1843,16.4277,16.9792
5493,183.100,1443,723,2229,1843,16.3199,16.3496
5494,183.133,1443,726,2229,1845,14.9135,15.9005
5495,183.167,1443,726,2228,1844,15.1425,14.5324
5496,183.200,1443,717,2227,1843,16.6665,15.5005
5497,183.233,1443,717,2227,1843,16.1377,15.4231
5498,183.267,1443,717,2227,1843,15.9131,15.5706
5499,183.300,1443,717,2227,1843,15.7776,15.8127
5500,183.333,1443,717,2227,1843,16.3608,15.4883
5501,183.367,1446,718,2227,1844,12.0204,19.8645
5502,183.400,1445,719,2227,1844,10.1019,19.4322
5503,183.433,1444,721,2227,1845,9.1585,16.8577
5504,183.467,1444,721,2228,1845,12.5700,18.6440
5505,183.500,1444,721,2228,1845,12.3123,18.8954
5506,183.533,1444,721,2228,1845,12.1135,18.4466
5507,183.567,1444,721,2227,1845,8.2780,16.8938
5508,183.600,1444,720,2227,1845,7.8128,16.7497
5509,183.633,1444,720,2227,1845,7.3122,16.8530
5510,183.667,1444,720,2227,1845,7.5424,15.5196
5511,183.700,1444,720,2227,1845,8.3516,15.5995
5512,183.733,1444,720,2227,1845,8.6012,15.8983
5513,183.767,1444,719,2228,1845,8.1203,17.1973
5514,183.800,1445,718,2228,1845,9.1363,21.1976
5515,183.833,1444,719,2227,1846,11.5795,17.8812
5516,183.867,1445,717,2226,1844,12.1075,18.5351
5517,183.900,1446,718,2226,1843,18.0870,15.9391
5518,183.933,1446,718,2226,1843,18.5320,15.9282
5519,183.967,1445,718,2226,1843,19.8364,17.3881
5520,184.000,1445,717,2225,1843,19.9612,18.6052
5521,184.033,1444,717,2226,1844,21.4944,18.8701
5522,184.067,1444,717,2226,1843,20.4518,19.5201
5523,184.100,1444,717,2226,1843,20.6464,19.2096
5524,184.133,1444,717,2226,1843,20.9550,19.7772
5525,184.167,1444,717,2226,1843,20.5574,19.4898
5526,184.200,1444,716,2226,1843,21.6459,18.7060
5527,184.233,1445,717,2226,1843,21.5839,18.5121
5528,184.267,1444,718,2226,1844,21.5720,16.8789
5529,184.300,1445,718,2226,1843,22.0372,18.8688
5530,184.333,1444,718,2226,1843,21.6602,17.3396
5531,184.367,1444,718,2226,1843,20.8864,17.5653
5532,184.400,1444,718,2226,1842,20.0814,16.1089
5533,184.433,1444,717,2226,1841,21.4736,17.5296
5534,184.467,1444,717,2226,1841,21.9081,17.5583
5535,184.500,1444,717,2226,1842,22.0539,18.7033
5536,184.533,1444,717,2226,1841,20.4066,17.2519
5537,184.567,1444,719,2226,1842,21.5445,16.3989
5538,184.600,1444,719,2226,1842,21.3360,16.9280
5539,184.633,1444,719,2226,1841,22.6226,18.5780
5540,184.667,1444,719,2226,1841,23.1681,18.2855
5541,184.700,1444,720,2226,1840,22.2260,18.8379
5542,184.733,1444,719,2226,1840,20.9328,17.3254
5543,184.767,1444,719,2226,1840,20.8695,17.5684
5544,184.800,1444,719,2226,1840,20.0645,17.7791
5545,184.833,1444,719,2226,1840,21.4390,15.8750
5546,184.867,1443,716,2226,1839,19.8565,16.6332
5547,184.900,1443,717,2226,1839,21.8098,13.0168
5548,184.933,1443,717,2226,1839,21.5481,13.9008
5549,184.967,1443,715,2226,1839,22.7338,16.0232
5550,185.000,1443,720,2215,1831,20.9806,14.6931
5551,185.033,1443,720,2215,1831,21.8017,14.4847
5552,185.067,1443,721,2215,1832,20.9252,15.1659
5553,185.100,1443,721,2215,1832,21.1625,14.8509
5554,185.133,1443,720,2215,1831,21.3299,14.2232
5555,185.167,1443,716,2225,1840,21.8315,14.7074
5556,185.200,1443,716,2225,1840,21.3848,15.0642
5557,185.233,1443,716,2225,1841,22.4849,15.7108
5558,185.267,1443,716,2226,1841,21.3851,15.4595
5559,185.300,1443,716,2226,1841,20.6701,14.5559
5560,185.333,1443,716,2226,1841,20.3576,14.7950
5561,185.367,1443,717,2226,1840,16.9088,14.2684
5562,185.400,1442,718,2226,1841,14.3977,15.9736
5563,185.433,1442,719,2226,1840,14.4552,16.7825
5564,185.467,1442,718,2226,1840,14.3067,16.5618
5565,185.500,1442,718,2226,1840,14.0044,17.0870
5566,185.533,1442,718,2225,1841,12.5584,15.9953
5567,185.567,1443,718,2225,1842,11.7198,16.5587
5568,185.600,1443,718,2226,1843,9.3471,15.9925
5569,185.633,1443,718,2226,1842,10.4708,16.8598
5570,185.667,1443,718,2226,1842,9.7406,17.1079
5571,185.700,1443,719,2226,1842,11.7196,16.2257
5572,185.733,1443,719,2226,1842,12.0656,16.0222
5573,185.767,1443,719,2226,1842,12.0507,15.5151
5574,185.800,1443,720,2227,1843,11.5038,13.1511
5575,185.833,1442,720,2226,1843,12.4152,12.8479
5576,185.867,1442,719,2226,1843,13.9099,14.6167
5577,185.900,1443,719,2226,1843,11.9811,15.9959
5578,185.933,1443,719,2226,1843,16.3164,15.4162
5579,185.967,1443,720,2226,1842,17.5920,13.0948
5580,186.000,1444,718,2227,1843,14.9380,15.0393
5581,186.033,1444,718,2226,1843,15.8374,15.7863
5582,186.067,1444,719,2226,1844,14.6531,15.6835
5583,186.100,1444,719,2226,1843,15.2525,14.6547
5584,186.133,1444,718,2226,1843,15.2309,15.6467
5585,186.167,1444,717,2226,1843,15.7684,14.7239
5586,186.200,1444,717,2226,1843,14.5379,15.4810
5587,186.233,1443,717,2226,1843,12.8821,16.0971
5588,186.267,1443,717,2227,1844,13.3396,16.3653
5589,186.300,1444,717,2227,1844,13.8665,16.2468
5590,186.333,1443,717,2227,1844,13.1924,16.4484
5591,186.367,1443,717,2227,1844,12.8897,16.2684
5592,186.400,1443,717,2227,1844,12.0669,16.3493
5593,186.433,1444,719,2227,1844,12.1471,15.1178
5594,186.467,1447,713,2225,1842,15.7271,11.6029
5595,186.500,1449,711,2224,1840,11.1416,10.6663
5596,186.533,1449,712,2223,1840,12.9636,9.9782
5597,186.567,1449,714,2224,1841,10.9627,8.9089
5598,186.600,1449,714,2224,1841,11.1270,8.7105
5599,186.633,1449,714,2224,1841,10.7850,8.2843
5600,186.667,1449,714,2224,1841,10.4904,9.0114
5601,186.700,1451,714,2216,1832,8.9833,3.6398
5602,186.733,1451,714,2216,1832,10.6048,4.6700
5603,186.767,1450,713,2224,1839,11.8085,9.6975
5604,186.800,1449,715,2224,1840,13.9561,12.9532
5605,186.833,1449,715,2225,1840,14.0339,13.6728
5606,186.867,1448,715,2225,1840,13.9787,13.5457
5607,186.900,1448,715,2225,1840,14.2751,13.0304
5608,186.933,1448,716,2225,1841,17.0169,14.5554
5609,186.967,1450,714,2226,1840,5.3619,14.3759
5610,187.000,1448,715,2227,1842,4.2780,17.2152
5611,187.033,1449,716,2227,1843,1.4725,20.4920
5612,187.067,1448,716,2227,1843,2.0349,18.0068
5613,187.100,1448,715,2227,1842,1.0288,18.3245
5614,187.133,1448,715,2227,1842,0.7689,18.7997
5615,187.167,1448,715,2228,1842,-1.4118,18.9267
5616,187.200,1448,715,2228,1841,-2.0437,20.4175
5617,187.233,1447,714,2228,1842,-0.6793,20.6353
5618,187.267,1448,714,2228,1841,-1.4021,22.7767
5619,187.300,1448,714,2228,1841,-1.7449,22.6598
5620,187.333,1448,715,2228,1841,-2.9486,21.7894
5621,187.367,1448,715,2228,1841,-3.5663,21.0579
5622,187.400,1448,716,2228,1841,-2.8342,20.4043
5623,187.433,1447,715,2228,1841,-2.3180,19.5919
5624,187.467,1447,715,2228,1841,-2.3369,19.8730
5625,187.500,1447,714,2228,1841,1.0025,21.7329
5626,187.533,1446,714,2228,1842,2.1295,20.9231
5627,187.567,1447,715,2228,1841,1.7574,20.9523
5628,187.600,1446,716,2228,1841,3.6799,21.1256
5629,187.633,1446,716,2228,1841,2.5602,21.3383
5630,187.667,1446,716,2228,1841,1.9821,20.9289
5631,187.700,1446,717,2228,1841,3.3910,18.5860
5632,187.733,1445,718,2228,1841,4.8138,18.1890
5633,187.767,1445,718,2228,1841,4.0552,18.2342
5634,187.800,1445,718,2228,1840,3.6346,17.6269
5635,187.833,1445,718,2228,1840,5.2363,17.5109
5636,187.867,1445,718,2228,1840,6.3843,17.3832
5637,187.900,1445,718,2228,1840,5.9339,17.0598
5638,187.933,1445,718,2228,1840,6.2421,17.1503
5639,187.967,1445,718,2228,1840,5.4715,17.8009
5640,188.000,1444,719,2228,1840,5.4399,22.3461
5641,188.033,1445,723,2217,1830,6.1202,21.1157
5642,188.067,1445,723,2217,1830,6.3544,20.8811
5643,188.100,1445,723,2217,1830,6.7029,21.1259
5644,188.133,1445,723,2217,1830,6.4378,21.1790
5645,188.167,1444,719,2227,1840,7.7357,20.2026
5646,188.200,1444,719,2228,1840,7.4221,21.8737
5647,188.233,1444,719,2228,1841,7.5381,20.3831
5648,188.267,1443,719,2228,1842,7.1794,18.0986
5649,188.300,1443,719,2228,1842,8.2510,18.0470
5650,188.333,1443,720,2228,1842,7.8499,19.0630
5651,188.367,1443,719,2228,1843,8.9153,17.8962
5652,188.400,1443,724,2217,1833,9.9816,18.6310
5653,188.433,1444,718,2227,1842,13.5701,19.8419
5654,188.467,1445,722,2216,1832,17.5861,16.5575
5655,188.500,1445,721,2217,1832,16.8486,17.6618
5656,188.533,1444,721,2216,1832,17.5260,16.8393
5657,188.567,1444,716,2227,1843,20.2700,16.5372
5658,188.600,1444,716,2228,1844,18.5819,16.6339
5659,188.633,1444,715,2228,1844,17.6613,15.6138
5660,188.667,1445,715,2227,1844,17.1248,15.3949
5661,188.700,1445,715,2227,1845,16.4397,14.5710
5662,188.733,1445,715,2227,1845,16.3895,14.1813
5663,188.767,1445,716,2227,1845,18.5688,15.3338
5664,188.800,1445,716,2227,1845,18.1630,14.6049
5665,188.833,1445,716,2227,1845,18.2555,14.9828
5666,188.867,1445,715,2227,1845,15.6580,14.0486
5667,188.900,1445,716,2227,1845,18.4298,15.1985
5668,188.933,1445,716,2227,1845,18.4057,14.3161
5669,188.967,1445,717,2227,1845,18.3231,16.8727
5670,189.000,1444,717,2227,1846,18.9365,18.5247
5671,189.033,1444,716,2227,1846,17.3900,17.5969
5672,189.067,1444,718,2227,1846,14.3641,18.7253
5673,189.100,1444,717,2227,1846,14.2402,18.7798
5674,189.133,1445,717,2227,1846,10.5645,16.6827
5675,189.167,1445,717,2227,1846,8.7773,16.8991
5676,189.200,1444,717,2227,1846,4.6147,16.4584
5677,189.233,1444,718,2227,1847,6.3379,15.8569
5678,189.267,1444,718,2227,1847,5.8015,15.3546
5679,189.300,1444,719,2227,1847,8.2473,16.5908
5680,189.333,1445,719,2227,1847,5.9012,17.0090
5681,189.367,1445,719,2227,1846,6.9873,17.5847
5682,189.400,1445,719,2227,1846,5.4395,17.2085
5683,189.433,1444,719,2227,1845,8.1330,18.3872
5684,189.467,1444,721,2227,1846,6.4512,15.1487
5685,189.500,1445,717,2227,1841,4.1617,19.1761
5686,189.533,1445,716,2227,1841,7.2141,18.2386
5687,189.567,1445,718,2227,1842,1.7410,17.6057
5688,189.600,1445,718,2227,1842,1.6781,17.4391
5689,189.633,1445,718,2227,1842,1.4096,17.4783
5690,189.667,1445,716,2227,1841,6.5306,18.0965
5691,189.700,1445,715,2226,1841,4.0892,16.1338
5692,189.733,1446,716,2226,1841,3.8398,16.6507
5693,189.767,1446,716,2226,1841,3.0347,16.2024
5694,189.800,1447,711,2226,1840,6.6391,11.7946
5695,189.833,1448,712,2228,1842,4.1359,10.6187
5696,189.867,1447,713,2228,1844,5.4843,15.3659
5697,189.900,1446,715,2228,1843,5.6226,14.4379
5698,189.933,1446,716,2228,1844,1.8702,16.3175
5699,189.967,1446,716,2228,1844,2.4028,17.2880
5700,190.000,1445,716,2228,1843,3.8613,17.0437
5701,190.033,1445,716,2227,1842,2.2340,17.0584
5702,190.067,1445,715,2227,1842,2.5345,21.1473
5703,190.100,1445,719,2227,1841,4.2555,20.3880
5704,190.133,1444,720,2227,1842,3.6556,20.3818
5705,190.167,1444,720,2227,1841,4.0943,19.2940
5706,190.200,1444,720,2228,1841,3.9669,21.3411
5707,190.233,1443,720,2228,1842,4.6675,19.8377
5708,190.267,1443,719,2228,1842,2.0421,22.3940
5709,190.300,1445,726,2217,1833,1.3916,20.6180
5710,190.333,1444,727,2216,1832,2.7471,19.9730
5711,190.367,1444,728,2216,1832,-0.7660,21.7170
5712,190.400,1443,730,2216,1833,-0.1120,15.3960
5713,190.433,1443,729,2215,1832,-0.8072,21.2775
5714,190.467,1443,728,2216,1833,0.2514,22.9014
5715,190.500,1443,728,2216,1832,-0.2759,22.7321
5716,190.533,1442,726,2216,1833,2.1902,22.6994
5717,190.567,1443,726,2217,1833,1.1280,24.6295
5718,190.600,1443,725,2217,1833,1.1735,22.1645
5719,190.633,1443,725,2216,1834,0.8982,23.4678
5720,190.667,1444,726,2217,1833,2.8456,19.5850
5721,190.700,1444,726,2217,1833,3.7345,19.6022
5722,190.733,1444,727,2217,1833,2.5072,20.9436
5723,190.767,1444,727,2217,1833,2.4864,20.1955
5724,190.800,1444,725,2217,1833,3.2998,21.5300
5725,190.833,1444,726,2217,1833,3.0261,19.3300
5726,190.867,1444,726,2217,1833,2.8619,19.4253
5727,190.900,1444,727,2217,1833,3.0875,19.8131
5728,190.933,1443,722,2228,1842,1.2531,21.4494
5729,190.967,1443,721,2228,1842,-0.7662,19.8537
5730,191.000,1442,721,2228,1842,-0.0963,21.1026
5731,191.033,1442,720,2228,1843,-0.2042,22.2626
5732,191.067,1442,721,2228,1843,-1.5078,22.0763
5733,191.100,1442,720,2228,1843,-0.7274,22.4877
5734,191.133,1442,720,2228,1843,-1.3463,22.5419
5735,191.167,1442,720,2228,1842,-1.4928,21.9635
5736,191.200,1442,720,2228,1842,-1.3238,21.9241
5737,191.233,1443,720,2228,1842,-1.4606,24.3544
5738,191.267,1443,720,2228,1843,-2.3185,24.0022
5739,191.300,1443,720,2229,1842,-2.4539,22.6202
5740,191.333,1443,719,2229,1842,-0.8283,23.4486
5741,191.367,1442,722,2229,1842,-2.7722,21.8735
5742,191.400,1442,719,2229,1842,-1.5888,22.6732
5743,191.433,1445,724,2217,1833,-2.1853,20.3274
5744,191.467,1445,724,2217,1832,-0.7131,20.1194
5745,191.500,1445,724,2217,1833,-2.1101,19.2676
5746,191.533,1445,725,2217,1833,1.1024,21.5862
5747,191.567,1445,724,2217,1835,0.2801,20.7558
5748,191.600,1445,725,2218,1835,1.2442,19.5007
5749,191.633,1445,726,2218,1835,2.7952,21.4009
5750,191.667,1444,726,2218,1835,0.3289,17.9414
5751,191.700,1444,726,2218,1836,4.0350,21.0634
5752,191.733,1444,726,2219,1836,0.5274,18.1507
5753,191.767,1444,727,2219,1837,-0.3926,17.2588
5754,191.800,1444,728,2219,1837,-0.0668,19.1964
5755,191.833,1443,727,2219,1838,0.5816,19.9495
5756,191.867,1443,727,2219,1838,0.4252,19.6773
5757,191.900,1443,727,2219,1839,0.4989,20.8778
5758,191.933,1443,727,2220,1840,1.5452,19.5523
5759,191.967,1442,726,2219,1840,4.5993,21.2807
5760,192.000,1442,724,2219,1841,6.8038,23.6142
5761,192.033,1443,724,2219,1840,7.8665,22.9724
5762,192.067,1443,724,2219,1840,8.6764,22.7911
5763,192.100,1443,724,2219,1840,8.4498,22.6166
5764,192.133,1442,725,2219,1841,6.9228,19.4205
5765,192.167,1442,726,2219,1841,6.0184,19.7798
5766,192.200,1442,726,2219,1841,6.0925,19.5706
5767,192.233,1442,726,2219,1841,5.9349,19.5906
5768,192.267,1442,725,2219,1841,8.2774,18.5576
5769,192.300,1442,725,2218,1841,7.1617,21.8618
5770,192.333,1442,725,2218,1841,7.6526,21.6629
5771,192.367,1442,725,2218,1841,7.8442,21.9916
5772,192.400,1442,725,2218,1841,7.8864,22.0703
5773,192.433,1442,725,2218,1840,7.5627,19.3949
5774,192.467,1443,725,2218,1840,7.2849,21.1691
5775,192.500,1443,726,2218,1841,10.3188,21.0584
5776,192.533,1443,721,2229,1848,7.6589,21.8659
5777,192.567,1443,722,2228,1849,5.8028,18.8588
5778,192.600,1443,723,2229,1849,4.6259,20.9231
5779,192.633,1443,724,2229,1849,5.6678,22.1059
5780,192.667,1443,724,2228,1849,5.7121,22.8964
5781,192.700,1443,724,2228,1849,5.7498,22.8752
5782,192.733,1443,724,2228,1849,4.3316,22.4080
5783,192.767,1443,724,2228,1849,4.5281,22.8925
5784,192.800,1443,723,2228,1849,5.3018,19.7444
5785,192.833,1443,723,2228,1848,3.8241,20.4413
5786,192.867,1443,723,2228,1849,5.5891,19.6167
5787,192.900,1442,724,2228,1849,7.2681,19.7647
5788,192.933,1442,724,2228,1849,6.4949,19.8763
5789,192.967,1442,724,2228,1849,6.0231,20.0174
5790,193.000,1443,726,2229,1850,9.9426,19.1273
5791,193.033,1443,725,2230,1849,7.9686,19.1333
5792,193.067,1443,725,2230,1849,7.5278,19.3451
5793,193.100,1443,726,2230,1849,5.4296,19.0797
5794,193.133,1443,726,2230,1849,6.6751,19.0760
5795,193.167,1442,724,2229,1848,6.8609,19.3147
5796,193.200,1442,725,2229,1848,7.5228,18.2187
5797,193.233,1443,724,2229,1848,-0.0439,21.4574
5798,193.267,1443,725,2229,1848,0.9586,20.4059
5799,193.300,1442,725,2229,1848,-1.3072,19.5512
5800,193.333,1442,725,2229,1848,-1.5519,19.2818
5801,193.367,1443,725,2229,1847,-1.2658,19.5320
5802,193.400,1442,725,2229,1847,-0.3277,19.6250
5803,193.433,1442,725,2230,1847,-0.9503,20.1336
5804,193.467,1442,725,2230,1847,-0.8210,20.5067
5805,193.500,1442,724,2230,1846,-1.1863,19.4032
5806,193.533,1442,724,2229,1846,0.1558,20.3559
5807,193.567,1442,724,2229,1846,-0.1467,20.2373
5808,193.600,1442,725,2229,1846,-0.9677,19.9620
5809,193.633,1442,725,2229,1846,-0.7523,20.3953
5810,193.667,1447,724,2217,1836,1.4081,18.3215
5811,193.700,1445,718,2227,1844,0.9133,18.7217
5812,193.733,1445,717,2228,1844,2.2746,19.6360
5813,193.767,1448,724,2218,1836,1.0615,19.0566
5814,193.800,1444,718,2228,1845,-1.2730,21.0788
5815,193.833,1447,724,2217,1836,-0.9013,20.9088
5816,193.867,1446,725,2217,1836,-0.2283,18.1342
5817,193.900,1444,720,2228,1845,1.7373,20.7980
5818,193.933,1446,725,2217,1836,0.3462,18.7993
5819,193.967,1445,726,2218,1837,0.6660,16.7956
5820,194.000,1446,726,2216,1835,0.3072,19.9339
5821,194.033,1445,726,2216,1835,2.6945,20.0467
5822,194.067,1445,726,2216,1835,2.7078,18.9886
5823,194.100,1446,726,2216,1834,3.4448,18.7556
5824,194.133,1444,721,2227,1844,3.5957,17.4804
5825,194.167,1449,716,2227,1845,2.9349,10.0451
5826,194.200,1448,714,2228,1845,9.7244,12.5590
5827,194.233,1448,712,2229,1845,10.1153,15.3897
5828,194.267,1448,713,2228,1845,9.6874,14.9964
5829,194.300,1449,719,2227,1846,6.4845,16.4904
5830,194.333,1448,719,2227,1845,5.7534,17.8825
5831,194.367,1446,719,2227,1845,5.1062,20.7929
5832,194.400,1445,719,2227,1846,4.1295,20.7455
5833,194.433,1445,720,2228,1846,4.9542,20.2920
5834,194.467,1444,720,2228,1845,6.4046,18.6272
5835,194.500,1444,721,2228,1846,6.3387,18.1989
5836,194.533,1444,721,2229,1846,5.6374,18.4272
5837,194.567,1444,722,2229,1845,7.0861,18.0277
5838,194.600,1444,721,2228,1845,7.2308,17.2653
5839,194.633,1444,721,2229,1845,7.0552,14.9561
5840,194.667,1444,721,2229,1846,5.7993,17.1571
5841,194.700,1444,722,2229,1846,6.9827,15.9924
5842,194.733,1444,722,2229,1847,6.9693,18.8191
5843,194.767,1444,722,2229,1847,6.5710,18.8771
5844,194.800,1444,722,2229,1847,6.2544,18.9138
5845,194.833,1444,722,2229,1847,6.7730,18.4912
5846,194.867,1444,722,2229,1846,4.2417,18.6768
5847,194.900,1444,722,2229,1846,4.1751,18.5107
5848,194.933,1443,721,2229,1848,4.6725,19.9478
5849,194.967,1443,723,2229,1849,3.2694,17.8186
5850,195.000,1442,724,2229,1850,4.1948,18.4068
5851,195.033,1442,724,2229,1850,4.6119,18.1248
5852,195.067,1442,724,2229,1850,4.6944,18.2038
5853,195.100,1442,724,2229,1850,5.4871,18.0247
5854,195.133,1441,725,2229,1850,6.0932,20.3899
5855,195.167,1441,724,2229,1850,5.4518,20.3206
5856,195.200,1441,724,2229,1850,5.6987,20.2416
5857,195.233,1441,724,2229,1850,5.8310,20.3069
5858,195.267,1441,723,2229,1850,6.8489,20.8141
5859,195.300,1442,720,2229,1849,8.0498,20.5896
5860,195.333,1442,721,2228,1850,8.9795,19.6572
5861,195.367,1442,720,2228,1850,7.4767,20.0835
5862,195.400,1442,720,2228,1850,7.6624,19.1390
5863,195.433,1442,720,2228,1850,8.2356,19.3192
5864,195.467,1442,720,2228,1850,8.2702,19.0374
5865,195.500,1443,719,2228,1850,9.6442,20.1430
5866,195.533,1443,719,2228,1850,10.3636,20.6553
5867,195.567,1442,719,2228,1850,9.8581,19.7616
5868,195.600,1442,719,2228,1850,10.0672,20.0494
5869,195.633,1442,719,2228,1850,10.3689,19.7250
5870,195.667,1442,719,2228,1850,8.7767,19.9474
5871,195.700,1442,719,2227,1849,9.5810,20.3445
5872,195.733,1442,719,2227,1849,9.2788,20.5769
5873,195.767,1442,719,2227,1849,7.8279,21.8194
5874,195.800,1442,719,2227,1848,9.6418,22.1108
5875,195.833,1442,718,2227,1848,5.6208,23.2200
5876,195.867,1442,718,2227,1848,4.7497,23.1555
5877,195.900,1442,718,2227,1849,1.5798,22.4891
5878,195.933,1442,718,2227,1848,5.5292,23.1414
5879,195.967,1442,718,2227,1849,1.4443,22.1263
5880,196.000,1441,719,2228,1849,2.1457,17.8899
5881,196.033,1443,725,2215,1837,-2.5170,23.1505
5882,196.067,1443,725,2215,1837,-2.3216,22.8621
5883,196.100,1443,725,2215,1837,-2.4458,22.7821
5884,196.133,1443,725,2215,1837,-2.6906,22.6754
5885,196.167,1443,725,2215,1837,-2.7392,22.9150
5886,196.200,1443,725,2215,1837,-2.3552,22.7105
5887,196.233,1443,725,2215,1837,-2.6539,22.4913
5888,196.267,1444,725,2215,1838,-0.0193,22.6782
5889,196.300,1444,724,2215,1838,-0.4039,19.5619
5890,196.333,1444,725,2215,1838,0.4147,23.3001
5891,196.367,1444,725,2215,1839,0.6450,21.5874
5892,196.400,1443,720,2227,1848,-1.3304,20.5105
5893,196.433,1443,719,2227,1850,-0.2481,22.4936
5894,196.467,1443,719,2227,1849,-2.2853,21.4258
5895,196.500,1443,719,2227,1849,-2.3475,21.6244
5896,196.533,1443,720,2227,1848,-1.5067,19.7280
5897,196.567,1443,720,2226,1848,-1.1089,20.5534
5898,196.600,1444,725,2216,1839,-0.0006,20.1951
5899,196.633,1444,725,2216,1839,-0.1929,20.7214
5900,196.667,1444,725,2216,1838,-1.5953,22.6827
5901,196.700,1444,724,2216,1839,-2.1424,18.8776
5902,196.733,1444,724,2216,1838,-0.6869,20.3511
5903,196.767,1443,719,2227,1847,-1.7553,20.8383
5904,196.800,1443,720,2227,1847,-0.9710,19.7948
5905,196.833,1443,720,2227,1847,-0.6402,20.5439
5906,196.867,1443,720,2227,1848,-1.4757,20.6966
5907,196.900,1443,721,2227,1848,-2.3475,23.2996
5908,196.933,1443,720,2227,1847,-0.7370,20.3551
5909,196.967,1443,720,2227,1847,-0.4576,20.1071
5910,197.000,1443,719,2226,1846,1.1479,22.7570
5911,197.033,1444,717,2226,1845,4.0668,24.9653
5912,197.067,1444,718,2226,1845,3.0611,24.5999
5913,197.100,1443,719,2226,1846,3.5209,23.2229
5914,197.133,1443,718,2226,1845,3.5439,22.9592
5915,197.167,1444,719,2226,1845,1.1564,23.8010
5916,197.200,1444,719,2226,1845,1.1835,23.8764
5917,197.233,1444,719,2225,1846,1.7399,22.4708
5918,197.267,1444,720,2225,1846,3.6745,22.0801
5919,197.300,1443,720,2226,1847,1.8859,23.6812
5920,197.333,1443,720,2226,1847,2.3560,24.4924
5921,197.367,1443,720,2226,1847,2.1092,24.6774
5922,197.400,1443,721,2226,1847,3.6634,23.8427
5923,197.433,1443,722,2226,1848,5.1967,20.2227
5924,197.467,1443,721,2226,1848,5.8170,21.4982
5925,197.500,1443,722,2226,1849,6.0163,22.0393
5926,197.533,1443,722,2226,1848,5.7301,21.6129
5927,197.567,1443,722,2226,1849,6.5886,22.4661
5928,197.600,1443,722,2226,1849,6.3282,22.3813
5929,197.633,1443,721,2227,1850,4.2161,23.0612
5930,197.667,1443,723,2227,1850,6.7104,21.7024
5931,197.700,1443,723,2227,1850,6.8348,21.8062
5932,197.733,1443,723,2227,1850,6.9752,21.7363
5933,197.767,1444,724,2227,1850,5.3014,20.5621
5934,197.800,1444,724,2226,1849,4.7723,20.1743
5935,197.833,1444,723,2226,1849,5.7327,21.3639
5936,197.867,1443,723,2226,1849,6.3238,19.8599
5937,197.900,1444,723,2227,1849,6.2202,20.9800
5938,197.933,1444,723,2227,1849,6.5916,21.4043
5939,197.967,1444,723,2227,1849,6.8036,21.5051
5940,198.000,1443,720,2227,1849,5.5462,22.7715
5941,198.033,1443,718,2227,1850,6.9832,24.7054
5942,198.067,1444,720,2227,1849,6.0727,23.9742
5943,198.100,1444,721,2227,1849,5.1335,23.9657
5944,198.133,1444,720,2227,1850,7.4043,23.3362
5945,198.167,1444,721,2227,1850,4.9615,21.0331
5946,198.200,1444,721,2227,1850,4.0471,21.5871
5947,198.233,1444,721,2227,1850,4.4542,21.7316
5948,198.267,1444,720,2227,1850,5.9773,24.2977
5949,198.300,1444,721,2227,1851,4.8475,23.1944
5950,198.333,1443,721,2227,1851,2.4110,22.7315
5951,198.367,1443,721,2227,1850,4.0631,21.7742
5952,198.400,1443,721,2227,1851,2.4973,22.4296
5953,198.433,1443,722,2228,1851,4.1612,21.4850
5954,198.467,1443,723,2228,1850,3.4199,20.8632
5955,198.500,1443,724,2228,1850,2.7276,19.9586
5956,198.533,1443,724,2227,1849,3.3736,19.4280
5957,198.567,1444,723,2227,1848,4.0305,20.3633
5958,198.600,1444,723,2227,1848,4.1081,20.0791
5959,198.633,1444,723,2227,1848,4.0324,19.7957
5960,198.667,1444,722,2227,1849,4.3209,23.0161
5961,198.700,1444,721,2227,1849,2.5829,24.5750
5962,198.733,1444,721,2227,1849,2.1430,25.1968
5963,198.767,1444,719,2227,1848,1.9032,22.6360
5964,198.800,1444,719,2227,1848,1.6691,22.8853
5965,198.833,1444,719,2227,1849,1.3235,22.8049
5966,198.867,1444,719,2227,1848,0.9514,23.2349
5967,198.900,1444,720,2227,1848,0.7071,24.1096
5968,198.933,1444,721,2227,1848,1.4386,22.2160
5969,198.967,1445,722,2227,1848,0.9366,20.3033
5970,199.000,1445,722,2226,1848,-0.1950,22.2544
5971,199.033,1445,723,2227,1848,0.9883,23.3579
5972,199.067,1445,723,2227,1848,1.1773,23.4459
5973,199.100,1445,723,2227,1848,0.9847,23.6201
5974,199.133,1445,723,2227,1848,1.3445,23.2754
5975,199.167,1445,722,2227,1848,-0.5296,22.0167
5976,199.200,1445,721,2227,1848,0.4254,22.4442
5977,199.233,1445,722,2227,1849,1.8853,24.8096
5978,199.267,1445,722,2227,1849,1.8835,24.7159
5979,199.300,1444,723,2227,1848,1.5232,18.5036
5980,199.333,1445,724,2226,1848,4.1346,22.1699
5981,199.367,1444,724,2226,1849,1.7768,19.2587
5982,199.400,1445,724,2226,1848,6.0228,21.0510
5983,199.433,1444,724,2227,1849,5.2073,17.1436
5984,199.467,1445,724,2227,1848,5.5926,17.9365
5985,199.500,1444,724,2227,1849,6.1519,18.4521
5986,199.533,1444,724,2227,1850,5.7324,18.6143
5987,199.567,1443,724,2227,1849,5.0910,17.9075
5988,199.600,1443,723,2227,1850,6.2738,19.3380
5989,199.633,1443,723,2228,1849,5.8358,17.1096
5990,199.667,1443,723,2228,1849,4.4798,17.4419
5991,199.700,1443,722,2228,1849,2.8025,19.9913
5992,199.733,1443,723,2227,1849,2.2552,19.8457
5993,199.767,1443,724,2228,1849,-0.5754,17.6859
5994,199.800,1443,723,2228,1849,-0.5576,18.0113
5995,199.833,1443,723,2228,1849,-0.3970,18.8357
5996,199.867,1443,723,2228,1849,-0.7908,18.6009
5997,199.900,1443,724,2228,1848,-0.9209,16.9311
5998,199.933,1443,725,2228,1848,-2.3414,19.4585
5999,199.967,1443,724,2229,1849,0.2597,16.8047
6000,200.000,1443,722,2229,1849,-2.0453,18.7992
6001,200.033,1443,722,2229,1849,-2.0010,19.2067
6002,200.067,1443,722,2229,1849,-2.1489,19.2042
6003,200.100,1443,722,2229,1850,-1.2785,19.1198
6004,200.133,1442,722,2229,1850,-0.8759,19.9143
6005,200.167,1442,722,2230,1850,0.6856,19.6141
6006,200.200,1442,721,2230,1850,-0.5380,18.0354
6007,200.233,1442,721,2230,1850,-0.4857,18.0397
6008,200.267,1442,721,2230,1851,-0.1377,19.6205
6009,200.300,1442,721,2230,1851,-0.1483,19.2739
6010,200.333,1442,721,2230,1851,0.1387,19.6037
6011,200.367,1442,721,2230,1850,-0.8746,19.3572
6012,200.400,1442,721,2229,1850,-0.6096,19.4039
6013,200.433,1443,722,2229,1850,0.3144,18.9748
6014,200.467,1443,721,2229,1851,-0.8540,19.3458
6015,200.500,1443,721,2229,1850,-0.9507,18.7984
6016,200.533,1443,722,2229,1850,1.4399,19.2448
6017,200.567,1443,721,2229,1851,1.0899,19.9738
6018,200.600,1443,720,2228,1850,2.7884,21.0686
6019,200.633,1443,720,2228,1850,3.1330,20.8652
6020,200.667,1443,720,2228,1850,5.8698,21.9146
6021,200.700,1443,720,2227,1850,5.0146,23.5062
6022,200.733,1443,721,2228,1850,5.5558,22.9800
6023,200.767,1443,721,2227,1850,5.0368,23.7596
6024,200.800,1443,721,2227,1850,5.8049,22.7223
6025,200.833,1442,721,2227,1850,5.2728,22.8296
6026,200.867,1443,721,2227,1850,6.5862,22.8681
6027,200.900,1443,720,2227,1850,6.0427,22.0345
6028,200.933,1443,720,2227,1850,5.5609,22.1668
6029,200.967,1443,720,2227,1849,5.9532,21.4358
6030,201.000,1443,720,2225,1850,4.3773,23.1747
6031,201.033,1443,720,2225,1850,3.3319,23.4493
6032,201.067,1443,720,2226,1850,2.8515,21.1607
6033,201.100,1443,721,2226,1850,2.1845,21.5788
6034,201.133,1443,721,2226,1850,1.9948,22.0643
6035,201.167,1443,721,2226,1851,2.4358,20.7866
6036,201.200,1444,721,2226,1851,0.6167,20.7951
6037,201.233,1443,721,2226,1850,1.4861,22.2129
6038,201.267,1444,720,2226,1851,0.4238,21.5195
6039,201.300,1443,719,2226,1852,0.8490,20.8275
6040,201.333,1442,719,2226,1852,1.3791,20.8607
6041,201.367,1441,719,2227,1852,0.4391,22.1018
6042,201.400,1441,719,2227,1852,0.6712,22.0960
6043,201.433,1441,720,2227,1852,0.1336,21.0582
6044,201.467,1441,720,2227,1853,0.3020,20.4895
6045,201.500,1440,720,2227,1853,-2.4249,19.5765
6046,201.533,1440,721,2227,1854,3.2048,21.7423
6047,201.567,1440,721,2226,1854,3.8338,22.0945
6048,201.600,1440,721,2227,1854,4.6384,21.5192
6049,201.633,1440,722,2227,1854,6.2035,22.3895
6050,201.667,1439,722,2227,1854,7.0182,21.9071
6051,201.700,1439,722,2227,1853,6.3739,20.9508
6052,201.733,1439,721,2227,1853,7.0517,18.7507
6053,201.767,1439,721,2228,1853,5.2256,19.0262
6054,201.800,1439,721,2227,1852,3.9380,19.9177
6055,201.833,1438,721,2228,1851,4.4950,20.8486
6056,201.867,1438,722,2227,1851,4.1130,18.6320
6057,201.900,1438,721,2227,1851,2.7183,21.0129
6058,201.933,1438,721,2228,1851,4.0512,20.3453
6059,201.967,1438,722,2228,1852,3.2684,21.1797
6060,202.000,1439,720,2227,1850,2.1850,20.7959
6061,202.033,1440,721,2227,1849,3.2775,21.5255
6062,202.067,1440,720,2227,1849,3.0888,22.9722
6063,202.100,1440,719,2227,1849,2.8911,20.1137
6064,202.133,1440,719,2228,1847,0.9417,19.8564
6065,202.167,1440,720,2228,1847,0.4750,19.7450
6066,202.200,1440,719,2228,1847,0.0219,18.9859
6067,202.233,1440,719,2228,1847,-0.7638,18.8454
6068,202.267,1440,719,2228,1846,-0.4563,20.4031
6069,202.300,1440,719,2228,1846,-0.2656,20.6463
6070,202.333,1440,719,2227,1847,5.1718,22.1222
6071,202.367,1440,721,2227,1847,6.1162,20.7152
6072,202.400,1440,721,2227,1848,5.1594,18.3383
6073,202.433,1440,721,2227,1848,6.0258,18.6154
6074,202.467,1441,721,2228,1847,4.7726,20.5671
6075,202.500,1441,721,2228,1847,4.4709,20.1239
6076,202.533,1441,722,2228,1846,6.4822,21.3644
6077,202.567,1440,724,2228,1847,7.5354,20.9334
6078,202.600,1440,723,2229,1848,6.5677,20.5809
6079,202.633,1440,724,2229,1848,6.4324,20.7533
6080,202.667,1439,724,2229,1849,6.9559,21.9637
6081,202.700,1439,723,2228,1848,7.8898,22.1878
6082,202.733,1440,724,2228,1849,8.2854,21.1936
6083,202.767,1441,726,2228,1848,6.7327,22.0488
6084,202.800,1443,724,2228,1843,7.0050,20.6179
6085,202.833,1443,724,2228,1843,6.5335,20.6684
6086,202.867,1443,724,2228,1843,6.3549,20.8301
6087,202.900,1443,724,2228,1843,6.2505,21.0910
6088,202.933,1443,725,2228,1843,6.2744,19.9851
6089,202.967,1443,725,2228,1843,6.3084,20.2702
6090,203.000,1443,724,2227,1844,9.1017,20.1045
6091,203.033,1443,724,2227,1843,8.8069,18.7346
6092,203.067,1443,723,2227,1843,8.7341,19.8191
6093,203.100,1443,725,2227,1843,11.7273,17.8678
6094,203.133,1443,723,2227,1842,12.1716,17.9586
6095,203.167,1442,721,2226,1841,13.1523,20.1759
6096,203.200,1443,720,2226,1842,14.2912,16.2652
6097,203.233,1443,720,2226,1841,16.2137,17.0206
6098,203.267,1443,720,2227,1842,15.4513,15.7190
6099,203.300,1442,719,2226,1842,17.7300,15.5281
6100,203.333,1442,719,2227,1842,17.5836,15.6984
6101,203.367,1442,719,2227,1842,17.3258,16.1010
6102,203.400,1442,719,2227,1842,17.9694,15.2415
6103,203.433,1442,719,2226,1842,18.6764,14.6823
6104,203.467,1442,719,2227,1843,19.0513,13.4376
6105,203.500,1442,719,2226,1841,17.8063,13.9420
6106,203.533,1442,719,2226,1842,18.8260,14.5477
6107,203.567,1441,719,2226,1841,16.1385,17.5389
6108,203.600,1442,719,2226,1842,17.3438,15.5242
6109,203.633,1442,719,2226,1842,17.0995,14.9181
6110,203.667,1442,719,2227,1843,13.9745,20.3023
6111,203.700,1443,718,2226,1844,7.6982,21.3438
6112,203.733,1443,717,2227,1844,7.2068,21.4704
6113,203.767,1442,717,2227,1844,7.7409,20.0387
6114,203.800,1442,717,2227,1844,8.3001,20.0221
6115,203.833,1443,716,2226,1844,5.0717,22.2942
6116,203.867,1443,714,2227,1844,2.9818,20.9398
6117,203.900,1442,715,2227,1844,3.3562,20.4708
6118,203.933,1442,716,2227,1845,2.9007,21.0447
6119,203.967,1442,717,2228,1846,2.8411,20.2286
6120,204.000,1442,717,2227,1847,2.9197,23.3509
6121,204.033,1442,718,2226,1846,3.6759,21.5008
6122,204.067,1442,717,2226,1846,1.4577,22.6403
6123,204.100,1442,717,2226,1846,1.4071,22.6314
6124,204.133,1442,717,2226,1846,0.5459,22.1792
6125,204.167,1443,717,2226,1847,0.6196,23.8967
6126,204.200,1443,717,2225,1846,-0.7945,22.4692
6127,204.233,1443,717,2226,1847,-0.3241,23.8360
6128,204.267,1443,717,2226,1848,-1.0152,23.4485
6129,204.300,1443,717,2226,1848,-0.1832,24.0283
6130,204.333,1444,717,2226,1848,-1.0027,22.0179
6131,204.367,1443,717,2226,1847,0.8234,24.6687
6132,204.400,1444,716,2226,1847,-1.2529,18.8403
6133,204.433,1443,715,2226,1847,-2.2040,20.0895
6134,204.467,1444,715,2226,1846,-2.9028,21.0188
6135,204.500,1444,715,2226,1847,-2.9435,20.0145
6136,204.533,1445,715,2225,1846,-3.9229,16.7580
6137,204.567,1444,719,2225,1846,2.3527,18.2930
6138,204.600,1444,720,2224,1847,1.7547,19.2007
6139,204.633,1444,719,2224,1847,0.6206,20.9883
6140,204.667,1443,718,2224,1848,2.4648,20.7970
6141,204.700,1443,718,2223,1848,1.2958,17.5341
6142,204.733,1443,719,2223,1848,1.2552,13.0888
6143,204.767,1446,716,2226,1847,4.2608,4.5824
6144,204.800,1446,716,2226,1847,5.5948,4.8534
6145,204.833,1446,715,2226,1846,0.9189,-1.3629
6146,204.867,1446,714,2226,1848,1.9925,8.4617
6147,204.900,1446,715,2226,1848,3.4772,10.1931
6148,204.933,1445,717,2225,1848,1.4250,14.7058
6149,204.967,1445,716,2224,1847,0.2005,17.3531
6150,205.000,1444,715,2224,1850,-0.8245,13.9968
6151,205.033,1443,715,2224,1850,-1.5972,16.4290
6152,205.067,1442,716,2225,1850,-0.5087,19.9189
6153,205.100,1442,715,2224,1851,-1.7044,18.5726
6154,205.133,1442,715,2225,1850,-3.1394,19.5462
6155,205.167,1442,714,2225,1850,-0.7202,18.6936
6156,205.200,1441,715,2225,1850,-1.6999,20.5603
6157,205.233,1441,714,2225,1850,-1.3402,19.4268
6158,205.267,1441,716,2226,1850,-2.3159,20.8276
6159,205.300,1441,718,2226,1850,-2.8124,23.0590
6160,205.333,1441,719,2226,1850,-1.8330,20.9834
6161,205.367,1440,719,2226,1849,-0.7083,21.7454
6162,205.400,1441,719,2226,1849,0.2625,21.2435
6163,205.433,1440,720,2227,1849,-0.1639,20.1213
6164,205.467,1441,720,2227,1849,-0.8730,20.9771
6165,205.500,1441,720,2227,1849,-0.7802,20.7350
6166,205.533,1441,719,2227,1849,-0.1179,21.3795
6167,205.567,1441,719,2227,1849,-0.1736,21.0284
6168,205.600,1441,719,2227,1849,0.1058,21.6306
6169,205.633,1441,719,2227,1849,0.1017,21.4108
6170,205.667,1441,719,2227,1849,0.2469,21.0852
6171,205.700,1441,719,2227,1849,0.8281,21.1763
6172,205.733,1441,719,2227,1849,0.4383,20.6920
6173,205.767,1441,720,2226,1849,-0.3853,19.7615
6174,205.800,1441,719,2227,1849,0.2599,20.7666
6175,205.833,1441,719,2227,1850,-0.9060,19.0457
6176,205.867,1441,718,2227,1850,-2.8511,24.2572
6177,205.900,1441,718,2227,1850,-2.4010,24.3887
6178,205.933,1442,719,2227,1849,-0.0683,22.1403
6179,205.967,1442,719,2227,1849,0.2120,21.7667
6180,206.000,1442,718,2227,1849,-1.6968,20.4027
6181,206.033,1442,717,2226,1848,-0.5184,23.3105
6182,206.067,1442,717,2226,1849,0.6121,21.7118
6183,206.100,1442,718,2226,1848,-3.0017,20.6932
6184,206.133,1441,718,2226,1848,0.6626,22.0283
6185,206.167,1441,718,2226,1847,0.1535,20.7233
6186,206.200,1441,718,2226,1847,0.9264,21.1042
6187,206.233,1442,718,2226,1847,0.6363,23.0792
6188,206.267,1441,718,2226,1847,2.7424,22.0738
6189,206.300,1440,720,2226,1848,2.2321,20.6620
6190,206.333,1440,720,2226,1847,2.4588,20.2802
6191,206.367,1440,721,2226,1847,3.4968,20.6330
6192,206.400,1440,722,2227,1848,5.2836,17.7426
6193,206.433,1440,722,2227,1848,4.9583,17.9874
6194,206.467,1440,722,2227,1849,5.0366,19.3733
6195,206.500,1440,723,2227,1849,5.5091,19.6272
6196,206.533,1440,723,2228,1849,5.2592,18.0684
6197,206.567,1440,723,2228,1849,5.0428,18.0531
6198,206.600,1440,723,2228,1849,5.0608,18.1062
6199,206.633,1440,723,2227,1849,5.2590,19.6966
6200,206.667,1440,723,2227,1849,5.0792,19.6179
6201,206.700,1439,723,2227,1848,5.8356,18.5797
6202,206.733,1439,723,2227,1848,6.1010,18.4771
6203,206.767,1439,723,2227,1848,7.3457,19.0782
6204,206.800,1439,724,2227,1847,7.0574,19.1602
6205,206.833,1439,723,2226,1847,7.1666,19.2616
6206,206.867,1439,723,2226,1846,7.2687,19.4933
6207,206.900,1439,723,2226,1846,7.2530,19.5890
6208,206.933,1440,722,2226,1846,7.3768,19.9423
6209,206.967,1442,720,2225,1845,6.4540,21.5424
6210,207.000,1443,717,2224,1844,2.2514,22.2445
6211,207.033,1443,717,2224,1845,-1.3843,21.8522
6212,207.067,1443,717,2224,1844,1.0026,21.9138
6213,207.100,1443,716,2224,1846,-0.1754,20.9834
6214,207.133,1442,717,2225,1847,-0.5212,21.9264
6215,207.167,1442,718,2225,1848,-0.8368,20.5539
6216,207.200,1444,718,2223,1848,-2.1625,15.6455
6217,207.233,1444,718,2223,1847,-3.7990,14.8814
6218,207.267,1445,715,2226,1846,3.7618,5.0430
6219,207.300,1444,716,2225,1847,-0.6247,11.9661
6220,207.333,1445,715,2225,1847,-1.2413,11.2632
6221,207.367,1443,719,2225,1848,-3.8595,16.5163
6222,207.400,1443,716,2225,1849,-3.4953,19.0205
6223,207.433,1443,717,2225,1848,-2.1365,21.0381
6224,207.467,1443,717,2225,1848,-2.3892,21.0877
6225,207.500,1442,717,2225,1848,-0.8541,22.6541
6226,207.533,1441,717,2225,1849,-1.5284,21.4234
6227,207.567,1440,715,2225,1850,-0.5577,21.6900
6228,207.600,1440,716,2225,1852,-0.6290,23.8453
6229,207.633,1439,716,2225,1852,-1.8707,22.3832
6230,207.667,1439,716,2225,1852,-1.7780,21.6817
6231,207.700,1440,714,2225,1852,-1.7669,21.0542
6232,207.733,1439,714,2225,1852,1.3315,22.0684
6233,207.767,1439,714,2225,1853,-2.0600,21.1362
6234,207.800,1439,713,2225,1853,-2.4285,20.9573
6235,207.833,1439,714,2225,1854,0.0577,20.6642
6236,207.867,1439,714,2225,1853,-0.7074,20.2587
6237,207.900,1439,714,2225,1853,-0.7643,20.0854
6238,207.933,1439,715,2225,1854,0.3408,20.0608
6239,207.967,1439,715,2225,1855,-1.5303,21.3449
6240,208.000,1439,716,2225,1854,-1.5125,22.1705
6241,208.033,1438,716,2225,1854,-1.6071,21.1602
6242,208.067,1438,716,2225,1854,-1.7705,21.0295
6243,208.100,1438,716,2225,1854,-1.6931,20.9816
6244,208.133,1438,716,2225,1854,-1.8183,20.7710
6245,208.167,1439,715,2225,1853,2.9708,24.7548
6246,208.200,1439,713,2224,1853,1.0678,23.0798
6247,208.233,1439,714,2225,1853,2.6329,24.3174
6248,208.267,1438,716,2225,1853,1.6123,19.8772
6249,208.300,1438,715,2225,1854,3.0512,21.9031
6250,208.333,1438,715,2225,1853,2.1218,21.0389
6251,208.367,1438,715,2225,1853,1.8317,21.2016
6252,208.400,1438,714,2224,1853,3.6877,21.0702
6253,208.433,1438,715,2224,1852,5.7469,21.1821
6254,208.467,1438,715,2224,1852,5.1350,21.9700
6255,208.500,1438,715,2224,1852,5.8917,21.1298
6256,208.533,1438,715,2224,1853,7.2751,20.5139
6257,208.567,1438,716,2225,1854,3.9384,20.2048
6258,208.600,1438,716,2225,1854,3.5573,19.4585
6259,208.633,1438,715,2225,1854,5.4354,20.0742
6260,208.667,1438,714,2225,1855,5.6264,22.3087
6261,208.700,1438,715,2225,1854,6.2654,20.6992
6262,208.733,1438,715,2225,1854,6.6329,21.0896
6263,208.767,1438,715,2225,1853,4.6563,20.3915
6264,208.800,1438,715,2225,1853,3.8055,19.6165
6265,208.833,1438,715,2225,1854,4.7664,21.5914
6266,208.867,1439,714,2225,1855,0.7332,23.0078
6267,208.900,1439,714,2225,1855,0.4530,22.7097
6268,208.933,1438,713,2225,1855,-0.9832,22.4600
6269,208.967,1439,714,2225,1855,0.4753,22.8717
6270,209.000,1439,713,2225,1856,0.1524,23.5840
6271,209.033,1439,713,2226,1856,-0.1413,22.7216
6272,209.067,1439,713,2226,1856,-0.8728,21.0277
6273,209.100,1438,713,2226,1855,-2.0746,22.3156
6274,209.133,1438,714,2226,1856,-3.3384,21.0464
6275,209.167,1438,714,2226,1856,-1.6160,21.6584
6276,209.200,1438,714,2226,1856,-1.2878,22.1792
6277,209.233,1438,714,2226,1855,-1.8839,21.6873
6278,209.267,1438,714,2225,1854,-1.3177,21.5119
6279,209.300,1438,713,2226,1854,-0.7761,21.4458
6280,209.333,1438,713,2226,1854,-0.2445,21.3604
6281,209.367,1439,712,2225,1854,-2.0385,22.4749
6282,209.400,1439,712,2225,1853,2.0925,23.4231
6283,209.433,1439,713,2225,1853,2.9580,24.9033
6284,209.467,1439,714,2225,1853,3.7648,22.5735
6285,209.500,1439,718,2225,1850,10.2641,19.0726
6286,209.533,1439,718,2225,1849,11.3082,18.4679
6287,209.567,1439,718,2225,1849,11.8301,18.0691
6288,209.600,1439,718,2225,1849,11.7178,18.1287
6289,209.633,1439,718,2225,1849,11.6356,18.1012
6290,209.667,1439,717,2225,1849,10.5296,21.0962
6291,209.700,1439,717,2225,1849,10.5396,21.7986
6292,209.733,1439,717,2225,1849,9.7872,21.9032
6293,209.767,1439,717,2225,1849,10.0766,21.6848
6294,209.800,1439,717,2225,1849,8.6495,21.0608
6295,209.833,1439,716,2225,1848,7.9032,21.6097
6296,209.867,1439,716,2225,1848,7.3299,21.6120
6297,209.900,1439,716,2225,1848,7.5022,20.9565
6298,209.933,1439,716,2225,1847,8.4590,19.7265
6299,209.967,1439,716,2225,1847,8.0267,20.0857
6300,210.000,1439,715,2225,1847,6.9186,20.7247
6301,210.033,1439,715,2226,1848,8.4307,20.5686
6302,210.067,1439,715,2226,1848,9.1198,21.2435
6303,210.100,1439,716,2226,1847,9.8689,19.1525
6304,210.133,1439,716,2226,1847,10.0280,19.4085
6305,210.167,1438,716,2227,1848,9.1528,18.8607
6306,210.200,1438,716,2227,1849,9.1587,18.3254
6307,210.233,1438,716,2227,1849,8.4774,18.7199
6308,210.267,1438,717,2228,1849,9.2176,17.8642
6309,210.300,1438,717,2228,1848,10.9722,17.7677
6310,210.333,1438,717,2228,1848,9.8217,18.0837
6311,210.367,1438,718,2227,1847,9.7770,18.0765
6312,210.400,1438,716,2227,1847,6.0534,20.0158
6313,210.433,1438,715,2227,1847,7.3328,21.6037
6314,210.467,1438,713,2227,1848,2.1219,23.0669
6315,210.500,1438,713,2227,1849,1.1703,22.5607
6316,210.533,1439,713,2227,1849,1.2383,22.4513
6317,210.567,1439,714,2227,1850,-1.1221,19.7381
6318,210.600,1438,713,2227,1850,0.1009,19.7477
6319,210.633,1438,714,2227,1850,-0.1624,20.2180
6320,210.667,1438,714,2227,1851,-1.6123,20.3203
6321,210.700,1438,714,2227,1851,-0.1963,19.7104
6322,210.733,1438,714,2227,1850,1.9445,20.3811
6323,210.767,1438,714,2227,1851,0.4113,20.7364
6324,210.800,1438,715,2226,1852,1.3320,19.7046
6325,210.833,1438,715,2226,1851,0.2690,19.5196
6326,210.867,1438,714,2227,1851,0.4096,19.5823
6327,210.900,1438,715,2227,1851,1.4897,20.4190
6328,210.933,1438,715,2227,1852,2.2460,20.2396
6329,210.967,1438,715,2227,1852,1.7502,20.0340
6330,211.000,1437,715,2227,1852,4.7109,17.6488
6331,211.033,1437,715,2226,1852,2.8992,18.0770
6332,211.067,1437,715,2227,1852,6.4343,18.5544
6333,211.100,1437,714,2227,1852,1.6721,19.5602
6334,211.133,1437,714,2226,1852,5.7261,19.7273
6335,211.167,1437,716,2227,1852,5.8318,20.4734
6336,211.200,1437,716,2227,1852,6.1170,20.0618
6337,211.233,1437,716,2227,1852,6.2529,19.4334
6338,211.267,1437,716,2227,1852,6.0129,19.7180
6339,211.300,1437,715,2226,1851,5.4931,18.8076
6340,211.333,1437,715,2226,1851,5.0341,18.3676
6341,211.367,1436,715,2226,1851,4.8666,17.5571
6342,211.400,1436,715,2226,1851,5.0970,18.0305
6343,211.433,1436,714,2226,1850,5.2038,16.8583
6344,211.467,1436,715,2226,1850,4.9468,17.3626
6345,211.500,1437,714,2226,1851,5.5782,17.3365
6346,211.533,1437,713,2226,1851,6.6974,19.9560
6347,211.567,1437,714,2226,1851,6.4978,18.8059
6348,211.600,1437,714,2226,1851,6.5902,18.6274
6349,211.633,1437,713,2226,1851,7.1284,19.7435
6350,211.667,1437,713,2226,1851,7.9828,20.1452
6351,211.700,1437,713,2226,1851,9.1731,21.3226
6352,211.733,1437,714,2226,1852,10.1462,19.8482
6353,211.767,1437,714,2226,1852,10.8486,19.5920
6354,211.800,1437,714,2226,1852,11.2466,19.9613
6355,211.833,1437,714,2225,1852,10.4594,21.4156
6356,211.867,1437,714,2225,1852,10.2937,21.4676
6357,211.900,1437,715,2225,1852,10.2850,23.0923
6358,211.933,1437,713,2225,1852,9.4484,21.3239
6359,211.967,1437,713,2225,1852,9.3083,21.4112
6360,212.000,1437,717,2225,1853,6.1008,22.0176
6361,212.033,1436,718,2225,1852,4.2658,19.3876
6362,212.067,1436,718,2226,1852,6.7443,18.3753
6363,212.100,1436,718,2226,1852,6.4280,17.8925
6364,212.133,1436,718,2226,1852,7.7537,17.2680
6365,212.167,1436,718,2226,1852,8.6563,17.7449
6366,212.200,1436,718,2226,1851,6.8815,18.4420
6367,212.233,1436,718,2226,1851,6.8976,18.4938
6368,212.267,1436,717,2226,1851,7.3443,20.2408
6369,212.300,1436,717,2226,1851,7.5022,19.9671
6370,212.333,1436,717,2226,1851,7.6133,19.9698
6371,212.367,1436,717,2226,1851,7.4129,19.9041
6372,212.400,1436,717,2226,1851,7.5533,19.8203
6373,212.433,1436,717,2226,1852,8.1986,18.5618
6374,212.467,1436,717,2226,1851,8.2350,18.5851
6375,212.500,1435,717,2226,1851,7.4998,17.7022
6376,212.533,1435,716,2227,1851,8.3935,18.6797
6377,212.567,1436,715,2227,1850,9.6151,20.1890
6378,212.600,1436,716,2227,1850,8.7647,19.8812
6379,212.633,1436,716,2226,1850,8.7814,20.9063
6380,212.667,1435,722,2213,1841,9.3171,19.7845
6381,212.700,1435,722,2213,1841,9.5052,18.9565
6382,212.733,1436,716,2226,1851,8.6024,21.2235
6383,212.767,1436,715,2226,1851,5.6638,23.0145
6384,212.800,1436,716,2226,1851,5.9729,21.1806
6385,212.833,1435,716,2227,1852,1.4896,18.8749
6386,212.867,1436,716,2226,1852,1.6009,21.6675
6387,212.900,1436,715,2226,1852,1.7399,21.8347
6388,212.933,1436,716,2227,1853,-0.0209,20.1933
6389,212.967,1436,716,2227,1853,0.8078,21.3902
6390,213.000,1436,721,2226,1852,0.1771,21.9185
6391,213.033,1436,720,2226,1849,3.4984,23.6659
6392,213.067,1436,720,2226,1849,3.4354,23.9001
6393,213.100,1436,720,2226,1849,2.2231,22.8498
6394,213.133,1436,719,2225,1849,-0.2278,20.5942
6395,213.167,1436,720,2225,1848,1.1926,21.7521
6396,213.200,1436,726,2211,1839,0.7074,19.7975
6397,213.233,1436,720,2225,1848,0.8857,21.6442
6398,213.267,1436,725,2211,1840,0.3433,20.3996
6399,213.300,1436,725,2210,1840,-1.4636,18.1890
6400,213.333,1437,719,2224,1850,-2.4289,15.7350
6401,213.367,1437,723,2210,1840,-4.7484,16.6289
6402,213.400,1437,723,2210,1840,-4.9206,16.3165
6403,213.433,1436,722,2210,1840,-4.0869,15.0532
6404,213.467,1436,721,2210,1841,0.0256,19.7123
6405,213.500,1435,722,2211,1842,-0.0080,17.1616
6406,213.533,1435,722,2211,1842,-0.5237,15.4790
6407,213.567,1435,722,2212,1842,-1.7217,17.9037
6408,213.600,1435,722,2212,1842,-1.8126,17.7528
6409,213.633,1435,722,2212,1843,-1.3108,17.5198
6410,213.667,1435,722,2212,1842,-2.9303,18.4831
6411,213.700,1435,722,2212,1843,0.3732,17.8795
6412,213.733,1435,722,2212,1843,-0.2398,17.7588
6413,213.767,1435,722,2213,1843,1.4119,18.1370
6414,213.800,1435,722,2212,1844,-0.1141,18.3233
6415,213.833,1436,716,2225,1855,-1.2256,21.2556
6416,213.867,1436,717,2225,1855,-0.5180,20.3670
6417,213.900,1436,717,2225,1856,0.7773,21.1975
6418,213.933,1436,717,2225,1856,1.2073,20.9012
6419,213.967,1436,716,2225,1856,-0.9704,21.2750
6420,214.000,1436,713,2225,1857,0.1971,21.2740
6421,214.033,1436,713,2225,1857,0.2473,21.8561
6422,214.067,1436,712,2225,1857,0.9160,22.6700
6423,214.100,1436,713,2225,1856,0.9876,21.8669
6424,214.133,1436,712,2225,1857,0.7774,22.0325
6425,214.167,1436,712,2225,1857,1.1601,22.4942
6426,214.200,1436,713,2225,1856,-0.0024,23.3773
6427,214.233,1436,714,2225,1856,2.4386,22.7409
6428,214.267,1436,714,2225,1857,1.2947,22.3705
6429,214.300,1436,714,2225,1857,0.9156,21.7054
6430,214.333,1436,714,2225,1857,0.6963,21.5756
6431,214.367,1436,714,2225,1857,0.7738,21.5588
6432,214.400,1436,713,2225,1858,2.2564,21.2082
6433,214.433,1436,713,2225,1859,1.2246,19.7396
6434,214.467,1437,713,2224,1858,3.2676,20.1037
6435,214.500,1437,714,2224,1859,5.5935,21.9460
6436,214.533,1437,711,2224,1859,4.3448,19.3545
6437,214.567,1437,711,2224,1859,4.8611,20.0397
6438,214.600,1437,711,2224,1859,4.6169,20.1670
6439,214.633,1437,711,2224,1859,4.5152,19.7589
6440,214.667,1437,710,2224,1860,3.8140,20.5882
6441,214.700,1437,711,2224,1860,3.0388,19.8210
6442,214.733,1437,711,2224,1860,2.2274,21.4553
6443,214.767,1437,711,2224,1860,1.4521,20.7920
6444,214.800,1436,711,2224,1860,0.7872,22.2903
6445,214.833,1437,710,2224,1859,0.8299,23.6775
6446,214.867,1436,711,2224,1859,2.2028,22.0097
6447,214.900,1436,711,2224,1859,2.1839,21.8309
6448,214.933,1436,712,2224,1858,2.5135,19.2583
6449,214.967,1436,712,2223,1858,3.2609,21.5145
6450,215.000,1436,712,2223,1858,4.2545,23.3480
6451,215.033,1436,711,2223,1857,2.4533,22.2290
6452,215.067,1436,711,2223,1857,7.8282,21.2885
6453,215.100,1436,711,2223,1857,9.2824,21.5308
6454,215.133,1436,712,2223,1857,11.6203,19.5459
6455,215.167,1436,712,2224,1857,9.9873,20.9743
6456,215.200,1436,712,2224,1857,9.8529,21.0076
6457,215.233,1436,712,2224,1857,9.9408,19.9416
6458,215.267,1436,712,2224,1857,9.3402,19.3363
6459,215.300,1436,713,2224,1857,8.3483,19.3731
6460,215.333,1439,708,2223,1857,10.8930,13.8803
6461,215.367,1442,707,2224,1855,2.6947,12.7067
6462,215.400,1441,708,2224,1856,2.2863,13.2259
6463,215.433,1441,706,2224,1855,2.6055,14.2326
6464,215.467,1440,708,2223,1856,5.5192,17.3477
6465,215.500,1441,708,2223,1855,1.6700,17.5927
6466,215.533,1440,708,2223,1856,2.6854,17.9467
6467,215.567,1441,705,2225,1854,4.8256,6.5114
6468,215.600,1441,705,2225,1854,2.9240,6.8171
6469,215.633,1442,699,2225,1852,3.9518,8.8040
6470,215.667,1443,703,2224,1853,1.0751,12.6402
6471,215.700,1442,705,2224,1852,-1.2645,13.6259
6472,215.733,1441,708,2224,1852,0.1653,15.7480
6473,215.767,1440,709,2222,1852,0.4416,16.1196
6474,215.800,1439,709,2222,1851,-1.7261,17.2635
6475,215.833,1439,710,2223,1852,1.7448,17.8484
6476,215.867,1439,710,2223,1852,2.7328,18.3815
6477,215.900,1439,710,2224,1853,3.0332,16.5451
6478,215.933,1438,711,2224,1853,2.8882,19.4720
6479,215.967,1438,714,2224,1853,-1.0485,19.0751
6480,216.000,1438,717,2224,1853,1.3492,19.5629
6481,216.033,1437,718,2224,1854,0.3203,18.0976
6482,216.067,1437,718,2224,1853,2.4412,18.1889
6483,216.100,1437,718,2224,1853,2.4534,18.7509
6484,216.133,1437,719,2224,1853,0.9334,15.9762
6485,216.167,1437,718,2224,1853,1.5212,18.5637
6486,216.200,1437,717,2224,1853,3.2793,16.0858
6487,216.233,1437,717,2224,1853,3.7532,16.1892
6488,216.267,1437,717,2223,1853,2.5863,20.4151
6489,216.300,1437,717,2224,1852,9.1654,18.9783
6490,216.333,1437,718,2224,1852,5.3328,19.4126
6491,216.367,1436,718,2224,1852,7.3754,19.7727
6492,216.400,1436,718,2225,1851,7.0536,18.3735
6493,216.433,1436,718,2225,1851,6.7973,19.0518
6494,216.467,1436,718,2225,1851,6.8377,18.9818
6495,216.500,1436,718,2226,1852,7.7121,17.9598
6496,216.533,1436,718,2225,1851,7.2967,17.8003
6497,216.567,1436,717,2225,1851,7.0181,19.0917
6498,216.600,1437,716,2221,1847,11.3584,18.6182
6499,216.633,1437,716,2221,1847,11.4578,18.6104
6500,216.667,1437,716,2220,1847,9.6959,18.8706
6501,216.700,1438,715,2221,1846,8.5828,17.4428
6502,216.733,1438,715,2221,1846,8.5614,17.4420
6503,216.767,1438,715,2220,1846,8.5941,18.9864
6504,216.800,1438,715,2221,1847,5.7958,19.7929
6505,216.833,1438,713,2221,1847,7.9624,21.0877
6506,216.867,1438,713,2221,1847,6.5274,20.8819
6507,216.900,1438,714,2221,1847,7.0865,20.9134
6508,216.933,1438,715,2221,1848,5.9555,20.8390
6509,216.967,1438,716,2222,1849,7.8655,21.1834
6510,217.000,1437,715,2222,1851,5.1406,20.7286
6511,217.033,1436,715,2222,1852,5.7957,19.6413
6512,217.067,1437,715,2222,1852,5.7080,19.4907
6513,217.100,1436,715,2223,1853,3.9250,19.4185
6514,217.133,1436,714,2223,1854,5.6063,19.5420
6515,217.167,1436,714,2223,1853,6.3364,19.5464
6516,217.200,1436,713,2223,1853,4.5470,18.3693
6517,217.233,1436,714,2222,1853,3.2913,18.7504
6518,217.267,1436,714,2222,1853,1.9421,17.8668
6519,217.300,1437,713,2223,1855,1.8056,19.8313
6520,217.333,1437,713,2223,1856,2.6393,18.2115
6521,217.367,1437,713,2223,1856,2.3197,16.5172
6522,217.400,1436,712,2223,1859,4.8595,19.4686
6523,217.433,1436,710,2223,1859,4.7413,23.0164
6524,217.467,1436,709,2223,1859,4.4205,20.5692
6525,217.500,1436,709,2223,1859,4.9186,20.4632
6526,217.533,1436,709,2223,1860,2.6342,17.7501
6527,217.567,1436,710,2223,1860,2.0416,22.9734
6528,217.600,1436,709,2223,1859,3.7767,20.5671
6529,217.633,1436,708,2223,1859,4.0813,17.6323
6530,217.667,1436,709,2223,1859,4.4092,19.5391
6531,217.700,1436,708,2223,1859,5.7175,18.3903
6532,217.733,1436,708,2223,1859,5.8285,18.2640
6533,217.767,1436,708,2223,1859,6.3629,18.3905
6534,217.800,1436,708,2223,1859,5.8530,19.0741
6535,217.833,1436,708,2223,1859,6.6153,19.1252
6536,217.867,1437,708,2223,1859,6.9840,18.1222
6537,217.900,1436,709,2223,1859,6.7729,21.0024
6538,217.933,1436,710,2224,1859,7.3912,21.5189
6539,217.967,1436,710,2224,1859,7.4647,21.2835
6540,218.000,1436,708,2224,1859,10.0627,17.6081
6541,218.033,1436,709,2223,1859,7.6817,18.8122
6542,218.067,1438,704,2222,1858,7.0322,18.8331
6543,218.100,1439,705,2222,1858,6.9150,19.1621
6544,218.133,1440,706,2222,1858,6.2666,19.3086
6545,218.167,1439,708,2222,1858,8.7239,19.4855
6546,218.200,1439,707,2222,1859,7.8076,18.4471
6547,218.233,1439,707,2222,1859,7.2081,19.2073
6548,218.267,1438,710,2222,1859,5.5378,20.1715
6549,218.300,1438,710,2222,1859,4.6038,21.2802
6550,218.333,1437,710,2223,1859,4.2241,23.8015
6551,218.367,1437,711,2223,1858,4.6811,22.1126
6552,218.400,1437,713,2223,1859,3.3348,23.8676
6553,218.433,1436,714,2223,1859,4.5757,23.8481
6554,218.467,1436,715,2224,1859,3.6923,26.4023
6555,218.500,1436,715,2224,1860,2.1985,27.4131
6556,218.533,1436,715,2224,1859,2.3622,25.0921
6557,218.567,1436,715,2224,1860,1.4901,27.0672
6558,218.600,1436,716,2224,1859,2.2782,25.6366
6559,218.633,1436,716,2224,1859,1.9657,25.9447
6560,218.667,1436,716,2224,1860,1.1354,25.7848
6561,218.700,1436,716,2224,1860,1.8389,25.2932
6562,218.733,1438,715,2224,1859,9.1807,23.4285
6563,218.767,1436,717,2225,1859,15.9062,23.3481
6564,218.800,1436,718,2225,1859,14.7742,22.2424
6565,218.833,1436,718,2225,1859,16.0145,21.0045
6566,218.867,1436,719,2225,1859,15.9757,19.9358
6567,218.900,1436,719,2225,1859,15.9662,19.8363
6568,218.933,1435,719,2225,1858,16.0410,19.8623
6569,218.967,1435,719,2224,1858,17.5383,20.8996
6570,219.000,1435,719,2224,1859,17.5950,20.7616
6571,219.033,1436,720,2224,1858,18.2419,21.0977
6572,219.067,1436,716,2225,1858,4.7585,22.3068
6573,219.100,1436,715,2225,1858,3.0227,21.3365
6574,219.133,1437,715,2225,1857,2.6440,22.3459
6575,219.167,1437,715,2225,1857,2.8151,21.9860
6576,219.200,1437,715,2226,1857,2.9669,22.6426
6577,219.233,1437,715,2226,1857,3.3048,23.2125
6578,219.267,1437,715,2226,1857,3.2347,22.8803
6579,219.300,1437,715,2226,1856,0.3274,22.5233
6580,219.333,1437,715,2226,1856,0.8564,23.5329
6581,219.367,1437,715,2226,1856,-0.3352,22.2371
6582,219.400,1437,714,2226,1855,-0.3968,21.1875
6583,219.433,1437,715,2226,1854,0.4300,21.4765
6584,219.467,1437,715,2226,1854,0.3851,21.4996
6585,219.500,1437,715,2225,1853,1.6700,21.2243
6586,219.533,1437,713,2225,1853,0.3427,20.2450
6587,219.567,1437,713,2225,1853,0.2574,19.4242
6588,219.600,1437,713,2225,1854,3.2485,19.6273
6589,219.633,1437,713,2225,1853,3.1300,19.5968
6590,219.667,1437,713,2225,1854,4.0053,19.3829
6591,219.700,1437,713,2224,1854,3.0869,18.2363
6592,219.733,1437,714,2225,1854,5.5154,21.4595
6593,219.767,1436,714,2225,1855,2.4601,21.0917
6594,219.800,1436,714,2225,1855,1.4668,19.7319
6595,219.833,1436,713,2225,1855,3.4986,18.6763
6596,219.867,1436,713,2225,1855,4.1411,18.9843
6597,219.900,1436,712,2225,1855,3.1372,16.5483
6598,219.933,1436,711,2225,1855,3.0251,17.0956
6599,219.967,1436,711,2225,1855,2.3283,16.6562
6600,220.000,1436,713,2225,1854,3.4510,19.1574
6601,220.033,1437,712,2225,1854,2.4613,20.0115
6602,220.067,1437,712,2224,1854,4.5844,21.6844
6603,220.100,1436,713,2224,1855,4.3057,18.0343
6604,220.133,1436,712,2225,1856,2.1928,18.1369
6605,220.167,1436,713,2225,1858,3.9232,17.9676
6606,220.200,1436,712,2225,1858,3.4865,18.0822
6607,220.233,1436,713,2225,1858,4.4578,16.7758
6608,220.267,1436,714,2225,1858,3.1693,17.2599
6609,220.300,1436,713,2224,1858,4.8367,17.0101
6610,220.333,1436,713,2224,1858,4.9119,16.5416
6611,220.367,1436,714,2224,1859,3.5667,18.5295
6612,220.400,1436,715,2224,1859,3.3820,20.0147
6613,220.433,1437,715,2225,1859,3.4486,19.9441
6614,220.467,1436,716,2225,1859,-0.6953,18.3918
6615,220.500,1436,716,2225,1859,-0.6885,19.2295
6616,220.533,1436,716,2225,1859,-1.9052,19.9023
6617,220.567,1436,714,2225,1859,0.6755,18.1077
6618,220.600,1436,714,2225,1859,-0.0685,17.4365
6619,220.633,1436,715,2225,1859,-1.0905,19.5038
6620,220.667,1436,713,2225,1859,0.1274,18.9899
6621,220.700,1436,713,2225,1859,0.0588,18.4156
6622,220.733,1436,713,2225,1859,0.4404,17.7344
6623,220.767,1436,712,2225,1859,1.4785,19.1319
6624,220.800,1436,710,2225,1860,2.1099,22.8543
6625,220.833,1436,713,2225,1860,1.7115,20.7566
6626,220.867,1436,714,2225,1861,1.7988,19.9485
6627,220.900,1436,714,2225,1861,1.4845,20.8091
6628,220.933,1436,715,2225,1860,-0.5625,21.1472
6629,220.967,1436,715,2225,1861,0.0519,21.8445
6630,221.000,1436,723,2212,1850,0.9625,22.4475
6631,221.033,1435,722,2211,1850,0.8808,21.3701
6632,221.067,1435,722,2212,1850,1.9208,21.0995
6633,221.100,1435,722,2212,1850,2.0214,20.9228
6634,221.133,1436,722,2212,1850,1.2523,21.1550
6635,221.167,1435,722,2213,1851,4.3254,18.9291
6636,221.200,1436,722,2213,1852,3.0896,20.8201
6637,221.233,1435,722,2213,1852,4.5202,19.8913
6638,221.267,1436,721,2213,1851,4.4927,20.8914
6639,221.300,1436,721,2213,1851,4.7944,20.5974
6640,221.333,1436,720,2213,1851,5.2694,17.8929
6641,221.367,1436,720,2213,1851,5.0664,18.0507
6642,221.400,1436,720,2213,1851,4.5613,19.2248
6643,221.433,1436,713,2227,1861,3.0214,20.1215
6644,221.467,1436,712,2227,1861,2.0254,19.2116
6645,221.500,1436,712,2227,1861,1.8507,19.7065
6646,221.533,1436,713,2227,1862,-0.2674,19.1389
6647,221.567,1436,712,2227,1862,1.1575,19.3536
6648,221.600,1436,712,2227,1862,1.1622,19.4828
6649,221.633,1435,712,2227,1862,2.4203,21.4827
6650,221.667,1435,712,2226,1862,1.8532,19.8387
6651,221.700,1435,713,2226,1861,-0.4199,21.6175
6652,221.733,1435,713,2226,1861,-0.1371,21.7449
6653,221.767,1435,713,2226,1861,-0.8579,21.5985
6654,221.800,1436,712,2226,1860,-2.6108,19.5585
6655,221.833,1436,712,2226,1860,-1.6322,19.6527
6656,221.867,1436,713,2226,1860,-1.8178,21.1702
6657,221.900,1436,712,2226,1860,-1.5719,19.9523
6658,221.933,1436,711,2226,1860,-2.9080,19.9045
6659,221.967,1435,712,2226,1860,-0.3609,21.1824
6660,222.000,1435,710,2226,1857,-2.0978,22.6898
6661,222.033,1435,710,2226,1857,-2.8131,23.0941
6662,222.067,1435,710,2226,1857,-2.5842,23.1189
6663,222.100,1435,710,2226,1857,-2.5604,23.6093
6664,222.133,1436,711,2226,1856,-4.2681,22.7712
6665,222.167,1436,711,2226,1856,-4.2303,23.2429
6666,222.200,1436,711,2226,1856,-4.7934,23.0703
6667,222.233,1436,712,2226,1856,-1.4601,22.6351
6668,222.267,1436,713,2226,1857,-2.0836,19.9557
6669,222.300,1436,713,2226,1858,-4.3869,20.3247
6670,222.333,1435,713,2226,1858,-3.9359,20.3960
6671,222.367,1436,713,2226,1857,-2.6832,19.1707
6672,222.400,1436,713,2226,1857,-4.0599,19.5011
6673,222.433,1436,714,2226,1856,-4.8864,20.9742
6674,222.467,1436,714,2226,1857,-5.6767,21.8328
6675,222.500,1436,714,2226,1857,-5.6283,22.4474
6676,222.533,1435,715,2226,1857,-3.2173,21.5909
6677,222.567,1435,715,2226,1857,-2.3627,20.0932
6678,222.600,1435,715,2226,1857,-3.0915,20.0157
6679,222.633,1435,715,2226,1858,-2.6651,20.5370
6680,222.667,1435,715,2226,1858,-2.6878,20.2707
6681,222.700,1435,714,2226,1858,-1.4313,19.3189
6682,222.733,1435,715,2226,1858,-2.0192,19.6276
6683,222.767,1435,715,2226,1859,-1.9598,20.1017
6684,222.800,1435,716,2226,1859,-3.1834,20.8406
6685,222.833,1435,715,2225,1858,-0.0126,19.8604
6686,222.867,1435,715,2225,1858,0.4936,20.3096
6687,222.900,1435,715,2225,1857,0.5247,20.5224
6688,222.933,1435,714,2225,1856,0.9521,22.2824
6689,222.967,1435,716,2225,1856,-1.7407,23.1883
6690,223.000,1436,714,2225,1855,-3.0654,20.0353
6691,223.033,1435,713,2225,1854,-4.4305,20.5473
6692,223.067,1434,720,2210,1845,-1.2128,20.7520
6693,223.100,1436,713,2225,1854,-4.7678,19.1562
6694,223.133,1434,719,2210,1845,-3.9592,20.7168
6695,223.167,1436,713,2225,1854,-4.9734,19.7942
6696,223.200,1435,719,2210,1844,-4.0403,20.3203
6697,223.233,1435,719,2210,1844,-4.1472,20.4639
6698,223.267,1435,720,2210,1844,-3.8560,20.7670
6699,223.300,1436,713,2225,1854,-4.2944,20.0848
6700,223.333,1436,712,2225,1854,-3.4705,20.6209
6701,223.367,1436,712,2225,1854,-2.4508,20.6687
6702,223.400,1436,710,2225,1855,-1.9865,21.7461
6703,223.433,1436,710,2225,1856,-1.5419,21.2680
6704,223.467,1436,710,2225,1856,-1.9459,21.2749
6705,223.500,1436,710,2225,1856,-2.1072,21.2083
6706,223.533,1436,710,2225,1857,-2.4131,20.3785
6707,223.567,1436,710,2225,1857,-2.4108,20.1135
6708,223.600,1436,710,2225,1858,-2.4315,20.9224
6709,223.633,1436,710,2225,1857,-2.6047,20.2120
6710,223.667,1436,710,2225,1857,-2.9019,20.1322
6711,223.700,1435,714,2225,1859,1.7926,18.4839
6712,223.733,1434,714,2225,1859,3.8134,20.4920
6713,223.767,1434,714,2225,1860,1.2589,19.3194
6714,223.800,1433,719,2210,1851,3.5327,19.8105
6715,223.833,1434,713,2224,1860,2.8410,19.4488
6716,223.867,1434,713,2224,1860,3.5070,19.4817
6717,223.900,1434,713,2224,1860,2.9398,19.3099
6718,223.933,1435,713,2224,1860,3.1788,20.1077
6719,223.967,1435,713,2224,1860,3.4245,20.2196
6720,224.000,1434,721,2209,1849,6.2021,21.2813
6721,224.033,1435,714,2224,1858,4.7214,21.7276
6722,224.067,1435,714,2224,1858,4.8963,21.5257
6723,224.100,1434,720,2209,1849,5.1670,20.2145
6724,224.133,1434,720,2210,1850,6.3183,20.0343
6725,224.167,1434,720,2210,1850,6.0629,20.0668
6726,224.200,1433,721,2210,1851,5.0193,18.5779
6727,224.233,1433,721,2210,1850,7.1235,19.6055
6728,224.267,1433,721,2210,1851,3.4774,19.2986
6729,224.300,1433,721,2211,1853,5.7184,17.4050
6730,224.333,1434,721,2210,1852,3.0623,18.0328
6731,224.367,1434,721,2211,1854,2.5606,18.8526
6732,224.400,1434,722,2211,1856,3.4320,18.1195
6733,224.433,1434,723,2211,1855,2.9957,17.1032
6734,224.467,1436,724,2212,1849,6.5653,18.2632
6735,224.500,1436,724,2212,1849,6.8128,18.1858
6736,224.533,1435,724,2212,1849,8.8372,17.9325
6737,224.567,1435,724,2212,1849,8.4860,17.8782
6738,224.600,1435,724,2212,1849,8.7597,17.8769
6739,224.633,1435,723,2212,1849,5.4324,17.9376
6740,224.667,1436,723,2211,1849,5.4866,16.8645
6741,224.700,1436,721,2211,1848,0.9625,16.4707
6742,224.733,1435,722,2211,1848,1.0297,13.5531
6743,224.767,1435,722,2211,1849,1.7975,14.8453
6744,224.800,1435,723,2211,1848,0.4859,14.6100
6745,224.833,1434,723,2211,1849,0.3748,13.9078
6746,224.867,1434,723,2211,1850,0.1011,13.6466
6747,224.900,1435,715,2226,1860,-1.2631,16.8622
6748,224.933,1434,723,2211,1850,0.1044,14.0636
6749,224.967,1434,723,2211,1850,-0.0227,14.2318
6750,225.000,1434,722,2210,1848,-0.4973,15.4830
6751,225.033,1435,721,2210,1847,0.6069,16.9686
6752,225.067,1435,720,2210,1846,3.0460,18.0920
6753,225.100,1435,721,2210,1847,1.9894,16.7865
6754,225.133,1435,721,2210,1847,2.0142,16.4201
6755,225.167,1434,722,2210,1848,4.7226,18.9988
6756,225.200,1434,721,2211,1847,4.2681,19.7075
6757,225.233,1435,721,2211,1847,5.6147,20.5113
6758,225.267,1434,723,2211,1849,5.2623,19.1153
6759,225.300,1434,723,2211,1848,8.5623,22.3167
6760,225.333,1434,724,2211,1848,6.7724,21.6820
6761,225.367,1434,724,2211,1849,3.1315,21.6565
6762,225.400,1434,725,2211,1848,4.3327,23.0100
6763,225.433,1434,724,2211,1849,4.2521,22.7171
6764,225.467,1435,724,2211,1849,3.4931,22.0030
6765,225.500,1435,725,2211,1849,4.5223,24.2625
6766,225.533,1436,720,2211,1849,7.1346,21.3509
6767,225.567,1440,720,2211,1848,5.0672,6.6236
6768,225.600,1440,720,2211,1848,3.8800,10.0477
6769,225.633,1439,717,2211,1847,0.9809,11.6781
6770,225.667,1438,713,2212,1848,2.5438,9.0372
6771,225.700,1438,711,2212,1849,3.6765,13.2361
6772,225.733,1437,717,2211,1850,-3.0578,17.0379
6773,225.767,1436,716,2210,1851,0.8190,20.8292
6774,225.800,1437,715,2210,1851,-1.3223,21.0742
6775,225.833,1439,715,2211,1849,7.9128,9.7721
6776,225.867,1439,715,2211,1850,4.6566,9.8069
6777,225.900,1439,710,2213,1846,3.3732,7.6896
6778,225.933,1440,710,2213,1846,3.9915,8.8179
6779,225.967,1439,715,2211,1847,1.2150,4.2735
6780,226.000,1438,713,2212,1846,3.6921,8.9991
6781,226.033,1436,713,2211,1848,-2.5445,14.0495
6782,226.067,1436,713,2210,1848,-0.9373,15.2214
6783,226.100,1435,714,2210,1848,0.4648,15.9717
6784,226.133,1435,713,2210,1848,-1.3321,15.3500
6785,226.167,1434,716,2209,1849,4.2037,19.3852
6786,226.200,1433,718,2210,1850,4.5101,21.5955
6787,226.233,1433,718,2210,1850,4.4706,22.5881
6788,226.267,1433,718,2210,1850,4.5240,22.3875
6789,226.300,1433,719,2209,1850,6.3113,22.7332
6790,226.333,1432,719,2209,1850,6.3050,22.9356
6791,226.367,1432,719,2209,1850,5.9584,22.4537
6792,226.400,1433,719,2209,1850,5.5914,21.5505
6793,226.433,1432,719,2210,1850,3.8548,20.6943
6794,226.467,1432,719,2210,1850,3.4595,20.7010
6795,226.500,1432,719,2210,1851,4.3190,21.4843
6796,226.533,1432,719,2210,1851,3.4817,20.6048
6797,226.567,1432,720,2210,1850,1.3176,19.6613
6798,226.600,1432,720,2211,1850,1.2572,18.8115
6799,226.633,1432,720,2211,1850,1.3886,19.4479
6800,226.667,1432,720,2211,1851,2.8996,18.6550
6801,226.700,1433,718,2211,1851,-2.1671,18.5212
6802,226.733,1433,719,2211,1851,-2.1167,18.3096
6803,226.767,1433,719,2211,1851,-2.5714,18.6992
6804,226.800,1433,718,2212,1852,-2.6530,20.1068
6805,226.833,1432,718,2212,1851,-2.0159,17.5218
6806,226.867,1432,718,2212,1851,-1.6045,17.3305
6807,226.900,1433,719,2212,1852,-3.2054,18.7782
6808,226.933,1432,720,2212,1853,-2.3596,18.6249
6809,226.967,1432,721,2213,1853,-5.2379,18.9520
6810,227.000,1432,718,2213,1853,-2.3986,19.0281
6811,227.033,1433,717,2213,1853,0.8465,18.1233
6812,227.067,1433,717,2213,1854,-0.3797,18.5282
6813,227.100,1433,717,2213,1854,-0.3864,18.6519
6814,227.133,1433,716,2214,1855,-0.0763,18.8236
6815,227.167,1434,710,2227,1864,-0.7296,20.6583
6816,227.200,1432,717,2213,1855,4.1962,20.0016
6817,227.233,1432,717,2213,1855,4.7061,18.9146
6818,227.267,1432,717,2212,1855,3.9640,20.3516
6819,227.300,1432,716,2212,1854,1.1353,19.5093
6820,227.333,1432,716,2212,1853,1.9910,19.9909
6821,227.367,1433,715,2213,1853,3.4092,18.6355
6822,227.400,1434,706,2226,1862,-0.2463,13.7154
6823,227.433,1433,713,2213,1852,2.4690,14.4149
6824,227.467,1433,713,2213,1852,2.1689,14.3902
6825,227.500,1433,713,2212,1852,1.1329,13.3795
6826,227.533,1433,714,2212,1852,2.6256,12.2783
6827,227.567,1433,714,2212,1852,2.9900,11.9195
6828,227.600,1434,713,2212,1853,2.1102,11.5500
6829,227.633,1433,714,2212,1853,3.5082,12.1212
6830,227.667,1433,713,2212,1852,6.5172,13.8474
6831,227.700,1434,713,2212,1852,4.5777,13.6774
6832,227.733,1434,713,2212,1852,5.3725,13.4914
6833,227.767,1434,713,2212,1851,6.3026,12.2217
6834,227.800,1433,713,2212,1852,6.8366,13.9511
6835,227.833,1434,713,2212,1851,8.7923,14.0771
6836,227.867,1434,714,2212,1851,8.1308,15.2209
6837,227.900,1433,714,2212,1851,5.8416,15.6008
6838,227.933,1434,714,2212,1851,7.8104,15.9878
6839,227.967,1434,714,2212,1851,7.5136,15.9189
6840,228.000,1435,708,2225,1861,5.4093,15.7771
6841,228.033,1436,707,2225,1861,10.3760,14.1319
6842,228.067,1435,717,2211,1850,11.6184,15.2615
6843,228.100,1435,717,2211,1850,11.6406,15.4769
6844,228.133,1435,717,2211,1850,11.1129,14.1621
