frame_idx,time_sec,xmin,ymin,xmax,ymax,pitch_deg,yaw_deg
0,0.000,1955,1051,2655,1901,-7.9652,5.3091
1,0.033,1954,1050,2655,1901,-9.1523,5.3603
2,0.067,1954,1050,2655,1902,-8.9997,6.4418
3,0.100,1954,1050,2655,1902,-8.9617,6.2439
4,0.133,1954,1051,2655,1902,-8.9918,4.8948
5,0.167,1954,1051,2655,1902,-8.6491,6.0323
6,0.200,1954,1051,2655,1902,-8.7897,5.6322
7,0.233,1954,1050,2655,1902,-9.9884,6.3791
8,0.267,1954,1050,2655,1902,-10.1358,5.9785
9,0.300,1954,1050,2655,1902,-9.7910,5.3406
10,0.333,1954,1050,2655,1902,-9.7443,5.8338
11,0.367,1954,1050,2655,1902,-8.9524,5.5433
12,0.400,1954,1050,2656,1902,-7.2390,5.4963
13,0.433,1954,1050,2655,1902,-8.2724,4.7218
14,0.467,1954,1050,2655,1902,-8.3620,4.4855
15,0.500,1954,1050,2655,1902,-8.6894,4.6899
16,0.533,1954,1050,2655,1902,-8.3428,4.8298
17,0.567,1954,1050,2655,1903,-9.2244,4.9871
18,0.600,1954,1050,2655,1903,-9.3330,4.8016
19,0.633,1954,1051,2655,1903,-8.6157,4.9302
20,0.667,1954,1051,2655,1903,-8.7199,5.2454
21,0.700,1954,1051,2655,1903,-8.8648,5.5379
22,0.733,1954,1051,2655,1903,-9.1600,5.4029
23,0.767,1955,1050,2656,1903,-8.6317,4.5762
24,0.800,1954,1050,2656,1902,-7.9722,5.8332
25,0.833,1954,1050,2656,1903,-7.8589,6.3366
26,0.867,1954,1051,2655,1903,-8.8998,5.3652
27,0.900,1954,1052,2655,1903,-9.4991,4.7167
28,0.933,1954,1051,2656,1903,-9.9617,5.3135
29,0.967,1955,1052,2656,1903,-10.0715,6.4471
30,1.000,1955,1051,2655,1904,-8.6889,7.2722
31,1.033,1956,1052,2656,1904,-8.3701,7.4781
32,1.067,1956,1051,2656,1904,-8.3038,6.8933
33,1.100,1956,1051,2656,1904,-8.1703,6.9298
34,1.133,1956,1052,2656,1904,-7.3237,7.0959
35,1.167,1956,1052,2656,1904,-7.4331,7.0871
36,1.200,1956,1052,2656,1904,-7.6224,6.7984
37,1.233,1956,1052,2656,1904,-7.8651,6.6485
38,1.267,1956,1052,2656,1904,-7.8264,6.7724
39,1.300,1957,1052,2656,1904,-7.1755,7.0606
40,1.333,1956,1052,2656,1904,-6.9317,6.2809
41,1.367,1956,1051,2656,1903,-8.3126,5.5382
42,1.400,1956,1052,2656,1903,-7.6629,5.4893
43,1.433,1956,1053,2656,1904,-7.4997,7.7801
44,1.467,1956,1052,2656,1904,-6.6024,7.1141
45,1.500,1956,1052,2656,1904,-7.3235,7.4369
46,1.533,1956,1052,2656,1905,-7.0764,6.1662
47,1.567,1956,1052,2656,1905,-7.0514,6.0015
48,1.600,1956,1052,2655,1905,-8.3765,5.2398
49,1.633,1956,1052,2655,1905,-8.6493,5.4219
50,1.667,1956,1053,2655,1905,-8.2411,6.2681
51,1.700,1956,1053,2655,1905,-9.0736,6.3056
52,1.733,1956,1053,2655,1905,-9.3369,6.5092
53,1.767,1955,1053,2655,1905,-8.9576,5.8141
54,1.800,1955,1053,2655,1905,-9.2238,5.5544
55,1.833,1955,1053,2655,1905,-9.8319,6.0394
56,1.867,1956,1053,2655,1905,-11.1644,6.7284
57,1.900,1955,1053,2655,1904,-11.3276,8.1419
58,1.933,1955,1053,2655,1904,-11.1289,7.4621
59,1.967,1955,1053,2654,1904,-11.4027,6.5630
60,2.000,1955,1052,2655,1904,-8.4331,6.1465
61,2.033,1955,1052,2655,1904,-8.6940,6.0390
62,2.067,1955,1052,2655,1904,-8.4837,6.0704
63,2.100,1955,1052,2655,1904,-8.5831,6.0062
64,2.133,1955,1053,2655,1905,-10.6285,6.5297
65,2.167,1955,1053,2655,1905,-10.0884,7.1048
66,2.200,1955,1053,2655,1905,-10.1450,7.0603
67,2.233,1955,1053,2655,1904,-9.4174,6.3279
68,2.267,1955,1053,2655,1904,-10.0529,6.1604
69,2.300,1955,1054,2654,1904,-10.4088,7.6122
70,2.333,1955,1053,2655,1904,-9.7995,6.7016
71,2.367,1955,1053,2654,1904,-10.2522,7.6291
72,2.400,1955,1053,2654,1904,-10.5931,6.4957
73,2.433,1955,1054,2654,1904,-11.3728,8.4698
74,2.467,1955,1054,2654,1903,-11.7840,7.5170
75,2.500,1955,1054,2654,1904,-11.7611,8.6379
76,2.533,1955,1054,2654,1903,-11.6928,7.3755
77,2.567,1955,1054,2654,1903,-11.6316,8.0214
78,2.600,1955,1055,2654,1903,-11.2625,8.1814
79,2.633,1955,1055,2654,1903,-11.3347,8.6118
80,2.667,1955,1055,2654,1903,-11.2625,8.3368
81,2.700,1955,1054,2654,1903,-11.1224,8.1453
82,2.733,1955,1054,2654,1903,-10.9871,8.3402
83,2.767,1955,1054,2654,1903,-11.4602,8.4612
84,2.800,1955,1058,2654,1903,-15.2453,13.1687
85,2.833,1955,1059,2654,1903,-15.8060,14.1328
86,2.867,1955,1060,2654,1904,-16.9465,13.8260
87,2.900,1954,1062,2654,1905,-16.9018,12.4736
88,2.933,1954,1062,2654,1904,-17.1241,13.0432
89,2.967,1954,1062,2654,1904,-16.8523,12.7690
90,3.000,1954,1060,2654,1903,-18.1780,12.6551
91,3.033,1954,1061,2654,1903,-19.7378,11.8113
92,3.067,1954,1060,2654,1903,-18.6036,12.5384
93,3.100,1954,1060,2654,1903,-18.6113,12.8353
94,3.133,1954,1060,2654,1903,-19.1050,12.9085
95,3.167,1954,1061,2654,1903,-20.0471,12.0884
96,3.200,1953,1061,2654,1902,-19.4121,12.7780
97,3.233,1953,1061,2655,1902,-18.6071,12.3133
98,3.267,1953,1061,2655,1902,-18.6849,12.9233
99,3.300,1953,1060,2655,1903,-20.3463,13.6374
100,3.333,1953,1060,2655,1903,-20.0349,13.8358
101,3.367,1953,1060,2655,1903,-20.0763,13.9562
102,3.400,1953,1060,2655,1903,-19.5421,13.7523
103,3.433,1953,1060,2655,1903,-19.7496,13.5520
104,3.467,1953,1060,2655,1903,-19.5191,13.4489
105,3.500,1953,1060,2655,1903,-18.8109,13.4228
106,3.533,1953,1060,2655,1903,-18.5847,12.5714
107,3.567,1953,1060,2655,1903,-18.5539,12.6503
108,3.600,1953,1060,2655,1903,-18.4837,12.6538
109,3.633,1953,1060,2655,1903,-18.4122,12.6519
110,3.667,1953,1060,2655,1903,-18.3016,13.3014
111,3.700,1953,1060,2655,1904,-18.2453,14.3726
112,3.733,1954,1060,2655,1904,-16.8403,14.4349
113,3.767,1954,1060,2655,1904,-16.6814,14.1252
114,3.800,1954,1060,2655,1903,-17.6981,13.4528
115,3.833,1953,1060,2655,1903,-17.9434,13.7169
116,3.867,1953,1060,2655,1903,-18.1272,14.0987
117,3.900,1954,1059,2655,1903,-16.0301,13.4702
118,3.933,1954,1059,2654,1903,-17.7670,13.5559
119,3.967,1954,1059,2654,1903,-17.5069,13.3067
120,4.000,1953,1060,2654,1903,-18.3628,12.6923
121,4.033,1953,1060,2654,1903,-17.9409,13.0152
122,4.067,1953,1060,2654,1903,-17.8471,13.0681
123,4.100,1954,1060,2654,1903,-16.6154,13.7058
124,4.133,1953,1060,2655,1903,-17.3528,15.1508
125,4.167,1953,1060,2655,1902,-16.9202,15.4849
126,4.200,1953,1060,2655,1902,-16.5128,15.1561
127,4.233,1953,1059,2655,1903,-17.6545,13.2326
128,4.267,1953,1059,2655,1903,-17.4593,13.9746
129,4.300,1953,1059,2655,1903,-17.8219,14.6767
130,4.333,1953,1059,2655,1903,-17.9316,14.3232
131,4.367,1953,1059,2655,1903,-17.7336,14.0036
132,4.400,1953,1059,2655,1903,-17.7465,14.3207
133,4.433,1953,1059,2655,1902,-17.2913,14.2135
134,4.467,1953,1059,2655,1903,-18.1547,14.1502
135,4.500,1953,1059,2655,1902,-17.6112,14.5602
136,4.533,1953,1059,2655,1902,-17.4045,14.7012
137,4.567,1953,1059,2655,1902,-17.0374,15.1792
138,4.600,1953,1059,2655,1902,-16.9823,14.6908
139,4.633,1953,1058,2655,1902,-17.8866,13.6255
140,4.667,1953,1058,2655,1902,-18.3550,14.1171
141,4.700,1953,1058,2655,1902,-18.7566,14.1146
142,4.733,1953,1058,2655,1902,-18.8327,13.8035
143,4.767,1953,1058,2655,1902,-18.8368,13.5697
144,4.800,1954,1058,2655,1902,-17.5767,14.8991
145,4.833,1953,1058,2655,1902,-18.2743,13.3823
146,4.867,1953,1058,2655,1902,-18.2185,13.2583
147,4.900,1954,1058,2655,1902,-17.7548,14.5180
148,4.933,1953,1057,2654,1902,-18.1052,12.6417
149,4.967,1953,1057,2654,1903,-18.6143,11.8185
150,5.000,1954,1055,2654,1903,-18.2798,15.3900
151,5.033,1954,1056,2654,1903,-18.3486,15.1832
152,5.067,1954,1056,2654,1903,-18.5130,14.8770
153,5.100,1954,1056,2654,1903,-18.4630,14.9841
154,5.133,1954,1057,2654,1903,-18.9507,14.9886
155,5.167,1954,1057,2654,1903,-19.1966,14.7296
156,5.200,1954,1057,2654,1903,-19.2272,14.4934
157,5.233,1954,1057,2654,1903,-19.0793,14.6780
158,5.267,1954,1057,2654,1903,-19.2308,14.8514
159,5.300,1954,1056,2653,1902,-19.3607,16.4963
160,5.333,1954,1055,2653,1902,-18.8991,15.9140
161,5.367,1954,1055,2653,1901,-18.2533,14.0865
162,5.400,1954,1055,2653,1901,-19.3546,13.8647
163,5.433,1954,1054,2652,1902,-18.4771,14.7224
164,5.467,1953,1054,2652,1901,-18.2670,14.0245
165,5.500,1953,1054,2653,1901,-19.7060,14.0121
166,5.533,1953,1054,2653,1901,-20.0845,14.4467
167,5.567,1953,1055,2653,1901,-18.9699,15.1677
168,5.600,1953,1055,2653,1900,-18.3645,13.6183
169,5.633,1953,1055,2653,1900,-18.6590,14.0113
170,5.667,1953,1055,2653,1901,-18.8455,14.5688
171,5.700,1953,1054,2654,1901,-17.0979,12.3050
172,5.733,1953,1054,2654,1901,-16.8129,12.3406
173,5.767,1953,1054,2653,1901,-17.3930,11.6583
174,5.800,1953,1054,2653,1901,-17.9491,12.0364
175,5.833,1952,1053,2653,1901,-16.9487,13.3523
176,5.867,1952,1054,2654,1901,-16.4444,13.8368
177,5.900,1952,1054,2653,1901,-17.4461,14.0016
178,5.933,1952,1054,2654,1902,-15.9424,13.9496
179,5.967,1952,1054,2654,1902,-15.9139,13.9321
180,6.000,1953,1054,2653,1902,-17.1251,12.4603
181,6.033,1952,1054,2653,1902,-16.3798,12.9084
182,6.067,1952,1054,2653,1902,-16.6686,12.7287
183,6.100,1952,1054,2653,1901,-17.9406,13.0002
184,6.133,1952,1054,2653,1901,-18.5343,13.0679
185,6.167,1952,1054,2653,1901,-17.7716,12.6321
186,6.200,1952,1054,2653,1901,-17.7890,12.8432
187,6.233,1952,1054,2653,1901,-17.1796,13.4710
188,6.267,1951,1054,2653,1901,-17.6836,12.5353
189,6.300,1952,1054,2653,1901,-18.2969,14.1475
190,6.333,1952,1054,2653,1901,-17.6590,13.6472
191,6.367,1952,1054,2653,1901,-16.8930,13.7236
192,6.400,1952,1054,2653,1901,-16.3720,13.6195
193,6.433,1952,1054,2653,1901,-16.3879,13.3273
194,6.467,1952,1054,2653,1901,-16.7484,13.5074
195,6.500,1951,1055,2653,1902,-18.1913,12.0101
196,6.533,1951,1055,2653,1902,-18.1299,11.7050
197,6.567,1951,1055,2653,1902,-18.8086,12.1817
198,6.600,1951,1055,2653,1902,-19.2450,12.3091
199,6.633,1951,1055,2653,1901,-18.5615,11.9080
200,6.667,1951,1055,2653,1901,-18.8458,12.6421
201,6.700,1951,1054,2653,1901,-19.0827,14.2104
202,6.733,1951,1055,2653,1901,-18.5219,13.3846
203,6.767,1951,1055,2653,1901,-18.5795,12.9435
204,6.800,1953,1054,2652,1901,-16.8340,9.1230
205,6.833,1952,1054,2652,1901,-18.2407,8.4649
206,6.867,1956,1051,2652,1904,-14.6899,4.5074
207,6.900,1954,1053,2652,1903,-20.6365,3.4883
208,6.933,1952,1055,2652,1902,-19.5238,10.8680
209,6.967,1952,1053,2652,1902,-18.2847,10.6039
210,7.000,1952,1056,2652,1902,-17.6749,12.3065
211,7.033,1952,1056,2653,1902,-17.1925,13.2665
212,7.067,1951,1056,2653,1902,-16.8735,14.6600
213,7.100,1951,1056,2653,1902,-16.9989,15.7817
214,7.133,1951,1054,2652,1902,-18.8267,15.0995
215,7.167,1951,1054,2652,1901,-19.5956,13.8824
216,7.200,1952,1054,2652,1901,-18.9405,16.8503
217,7.233,1952,1053,2652,1901,-18.1918,15.6995
218,7.267,1952,1053,2652,1901,-18.0780,13.9450
219,7.300,1952,1053,2652,1901,-17.9553,14.1019
220,7.333,1952,1053,2652,1901,-18.1078,13.8991
221,7.367,1952,1054,2652,1902,-18.2438,15.9849
222,7.400,1952,1053,2652,1902,-18.0527,14.7156
223,7.433,1952,1053,2652,1902,-18.8147,14.7948
224,7.467,1952,1053,2652,1901,-18.2070,14.0196
225,7.500,1952,1053,2652,1901,-18.3122,14.4272
226,7.533,1952,1053,2652,1901,-18.3411,14.2990
227,7.567,1952,1053,2652,1901,-18.6292,15.0370
228,7.600,1952,1053,2652,1902,-17.8369,15.3185
229,7.633,1952,1053,2652,1902,-17.4142,15.6887
230,7.667,1952,1053,2652,1902,-18.1517,15.3723
231,7.700,1952,1052,2652,1902,-18.4160,15.0475
232,7.733,1952,1052,2652,1902,-18.3440,14.8440
233,7.767,1952,1052,2652,1901,-18.1159,15.1373
234,7.800,1952,1052,2652,1902,-18.7594,14.3033
235,7.833,1952,1052,2652,1902,-17.8377,14.7078
236,7.867,1952,1053,2652,1902,-17.5666,15.5983
237,7.900,1952,1053,2652,1902,-17.6708,15.9632
238,7.933,1952,1053,2652,1901,-18.0115,15.0774
239,7.967,1952,1053,2652,1901,-17.6393,15.6892
240,8.000,1952,1052,2653,1901,-18.2663,14.7898
241,8.033,1952,1052,2653,1901,-17.8927,13.9951
242,8.067,1952,1052,2653,1901,-17.9607,14.1840
243,8.100,1952,1052,2653,1901,-17.7834,13.8710
244,8.133,1952,1051,2653,1902,-16.8772,13.7675
245,8.167,1952,1052,2653,1902,-17.9669,13.7050
246,8.200,1952,1052,2653,1902,-18.2045,14.2917
247,8.233,1952,1052,2653,1902,-17.3105,13.8001
248,8.267,1952,1052,2653,1902,-17.8439,13.9809
249,8.300,1952,1052,2653,1902,-18.0972,14.0371
250,8.333,1952,1052,2653,1902,-18.0217,14.6424
251,8.367,1952,1052,2653,1902,-18.0115,14.5190
252,8.400,1952,1052,2653,1902,-18.3949,14.1171
253,8.433,1952,1053,2653,1902,-18.0337,14.4146
254,8.467,1952,1052,2653,1902,-17.8009,14.1261
255,8.500,1952,1052,2653,1903,-18.0154,14.6011
256,8.533,1952,1052,2653,1903,-18.0138,14.9337
257,8.567,1952,1052,2653,1902,-17.2292,13.2242
258,8.600,1952,1052,2653,1903,-17.8992,14.6988
259,8.633,1953,1053,2653,1903,-16.8480,13.2669
260,8.667,1953,1052,2653,1903,-17.1881,13.4243
261,8.700,1953,1052,2653,1903,-16.3354,12.3552
262,8.733,1954,1051,2653,1903,-16.6630,11.2050
263,8.767,1954,1051,2653,1903,-16.6713,10.2431
264,8.800,1954,1050,2653,1904,-16.2430,10.7959
265,8.833,1954,1050,2653,1905,-17.4958,10.9274
266,8.867,1954,1050,2653,1904,-16.5122,11.2323
267,8.900,1954,1050,2653,1904,-16.5353,11.2400
268,8.933,1954,1050,2653,1904,-16.7505,11.8144
269,8.967,1954,1050,2653,1904,-17.1729,11.8064
270,9.000,1954,1049,2653,1903,-15.0440,10.1867
271,9.033,1954,1050,2652,1903,-15.3451,11.1929
272,9.067,1954,1050,2652,1903,-15.1368,11.0739
273,9.100,1954,1050,2652,1903,-15.0597,11.0956
274,9.133,1954,1050,2652,1903,-14.8707,11.3071
275,9.167,1954,1050,2653,1902,-14.7085,12.2398
276,9.200,1954,1050,2652,1902,-14.8692,11.8386
277,9.233,1954,1050,2652,1902,-14.9353,11.6906
278,9.267,1954,1050,2653,1903,-15.7351,10.4529
279,9.300,1954,1050,2652,1903,-15.4698,11.2079
280,9.333,1954,1050,2653,1903,-15.4030,10.8892
281,9.367,1954,1050,2653,1903,-16.0422,10.6902
282,9.400,1954,1050,2653,1903,-14.9501,11.0744
283,9.433,1954,1051,2653,1903,-16.2458,12.1225
284,9.467,1954,1051,2653,1903,-15.6066,12.2399
285,9.500,1954,1051,2653,1903,-15.4626,11.9752
286,9.533,1954,1050,2652,1903,-14.7925,11.9063
287,9.567,1954,1050,2652,1902,-15.2392,11.6009
288,9.600,1954,1051,2652,1902,-14.7888,10.7312
289,9.633,1954,1052,2652,1903,-14.3486,10.5831
290,9.667,1954,1052,2652,1902,-14.9441,9.9307
291,9.700,1954,1052,2652,1902,-15.3641,10.1161
292,9.733,1954,1052,2652,1902,-15.5917,10.1004
293,9.767,1954,1052,2652,1903,-14.8576,11.2560
294,9.800,1954,1052,2652,1902,-15.6897,10.0188
295,9.833,1954,1052,2652,1902,-15.6160,10.1996
296,9.867,1954,1052,2652,1902,-15.4527,9.8518
297,9.900,1954,1052,2652,1902,-15.6664,9.6341
298,9.933,1954,1052,2652,1902,-15.4558,9.5880
299,9.967,1953,1052,2652,1902,-16.1367,9.3656
300,10.000,1953,1053,2652,1902,-17.1752,11.9645
301,10.033,1953,1053,2651,1901,-16.7101,10.8254
302,10.067,1953,1053,2652,1902,-17.2090,11.3308
303,10.100,1953,1053,2652,1902,-17.2184,11.7352
304,10.133,1953,1053,2652,1902,-17.0165,11.1178
305,10.167,1953,1052,2652,1902,-16.1744,11.5244
306,10.200,1953,1053,2652,1902,-16.5177,10.7069
307,10.233,1953,1052,2652,1902,-16.4599,11.6437
308,10.267,1953,1052,2652,1902,-16.0652,11.5572
309,10.300,1953,1052,2651,1902,-15.8698,11.0255
310,10.333,1953,1052,2651,1902,-15.6785,10.7482
311,10.367,1953,1052,2651,1902,-16.6690,10.5818
312,10.400,1953,1052,2651,1902,-16.2830,10.9854
313,10.433,1953,1052,2651,1902,-16.2890,11.3290
314,10.467,1953,1052,2651,1902,-16.2873,11.3883
315,10.500,1953,1052,2652,1902,-16.8097,12.3626
316,10.533,1953,1052,2652,1902,-16.4718,11.6199
317,10.567,1953,1052,2651,1901,-16.6341,11.6515
318,10.600,1953,1052,2652,1902,-15.9114,11.8997
319,10.633,1953,1052,2652,1902,-16.8746,11.8191
320,10.667,1953,1052,2652,1902,-16.8617,11.6467
321,10.700,1953,1052,2652,1902,-16.8566,11.7507
322,10.733,1953,1052,2652,1902,-16.6739,11.7090
323,10.767,1953,1052,2652,1902,-16.8158,11.7563
324,10.800,1953,1052,2652,1902,-16.6984,11.5868
325,10.833,1953,1051,2652,1901,-16.6806,9.1821
326,10.867,1953,1052,2652,1901,-16.7295,11.0072
327,10.900,1953,1052,2652,1902,-16.6910,11.6010
328,10.933,1953,1051,2652,1901,-16.3911,9.7778
329,10.967,1953,1052,2652,1901,-17.3722,12.0868
330,11.000,1953,1053,2652,1902,-16.5811,11.1697
331,11.033,1953,1053,2652,1901,-16.5805,11.7451
332,11.067,1952,1053,2652,1902,-17.3488,12.5683
333,11.100,1953,1053,2652,1901,-17.0371,10.9930
334,11.133,1953,1053,2652,1902,-16.9109,10.3801
335,11.167,1953,1052,2652,1902,-16.6167,10.7713
336,11.200,1953,1052,2652,1902,-16.4545,10.7883
337,11.233,1952,1052,2652,1902,-16.5317,9.9529
338,11.267,1952,1053,2653,1902,-18.2758,11.3965
339,11.300,1953,1053,2652,1902,-17.0660,10.5533
340,11.333,1953,1053,2653,1902,-16.7006,11.5140
341,11.367,1953,1052,2653,1902,-17.5778,10.5155
342,11.400,1953,1054,2653,1902,-19.4132,9.9759
343,11.433,1953,1054,2654,1902,-17.9887,10.7790
344,11.467,1953,1054,2654,1902,-17.7587,10.9789
345,11.500,1953,1054,2654,1903,-18.0345,10.9733
346,11.533,1953,1055,2654,1903,-17.2570,10.9870
347,11.567,1953,1056,2654,1903,-15.8920,12.2162
348,11.600,1953,1055,2654,1903,-17.2301,10.7744
349,11.633,1953,1056,2654,1903,-16.6738,12.2187
350,11.667,1953,1055,2654,1903,-17.7453,10.8828
351,11.700,1954,1055,2654,1903,-18.2003,10.5831
352,11.733,1954,1054,2654,1903,-18.3516,11.7903
353,11.767,1954,1054,2654,1902,-18.5612,12.1066
354,11.800,1955,1054,2654,1902,-17.9653,13.7297
355,11.833,1955,1054,2654,1902,-17.9557,12.9082
356,11.867,1955,1054,2654,1902,-17.8093,12.3721
357,11.900,1955,1055,2654,1902,-18.3280,12.1887
358,11.933,1955,1054,2655,1902,-19.2000,11.7423
359,11.967,1955,1054,2655,1902,-19.0721,11.6889
360,12.000,1955,1054,2655,1904,-18.1336,10.4402
361,12.033,1954,1055,2655,1904,-16.9729,8.5580
362,12.067,1954,1055,2655,1904,-16.8787,8.7603
363,12.100,1955,1055,2655,1904,-18.5668,11.0423
364,12.133,1955,1056,2658,1908,-17.3344,6.4501
365,12.167,1955,1056,2658,1908,-17.4941,6.2276
366,12.200,1955,1056,2658,1908,-17.6784,6.0920
367,12.233,1955,1056,2658,1908,-17.7886,6.0612
368,12.267,1955,1057,2658,1909,-17.5691,6.0956
369,12.300,1955,1057,2658,1908,-17.1053,5.8452
370,12.333,1955,1057,2658,1908,-16.7485,5.7082
371,12.367,1955,1057,2658,1908,-17.0957,5.1074
372,12.400,1955,1057,2658,1908,-17.4206,5.5117
373,12.433,1955,1056,2657,1907,-17.5771,5.0235
374,12.467,1955,1056,2658,1907,-17.9426,5.2913
375,12.500,1955,1056,2657,1907,-17.6031,4.8073
376,12.533,1954,1056,2657,1907,-16.0008,6.3416
377,12.567,1955,1056,2657,1907,-17.4311,5.1385
378,12.600,1955,1056,2657,1907,-17.0260,4.8816
379,12.633,1955,1056,2657,1907,-17.3720,4.8477
380,12.667,1955,1056,2657,1907,-17.4808,4.3964
381,12.700,1954,1056,2657,1906,-16.6534,6.0322
382,12.733,1954,1056,2657,1906,-16.8258,6.3770
383,12.767,1954,1056,2657,1905,-16.1172,5.5258
384,12.800,1954,1055,2657,1906,-17.6797,5.5630
385,12.833,1954,1055,2657,1906,-18.1844,5.5260
386,12.867,1954,1055,2657,1906,-17.8768,5.1843
387,12.900,1954,1054,2657,1906,-18.6017,5.3695
388,12.933,1954,1054,2657,1905,-18.6818,5.7922
389,12.967,1957,1055,2656,1907,-17.6405,-2.5872
390,13.000,1957,1047,2658,1906,-13.4052,0.3223
391,13.033,1957,1049,2658,1906,-13.4720,-0.7641
392,13.067,1958,1048,2655,1905,-17.6785,0.6961
393,13.100,1956,1051,2656,1905,-16.2367,0.8917
394,13.133,1956,1051,2655,1906,-17.7090,1.6754
395,13.167,1955,1053,2655,1906,-16.3322,4.2110
396,13.200,1955,1055,2655,1906,-17.9346,6.4181
397,13.233,1955,1055,2655,1906,-18.2635,5.8243
398,13.267,1955,1056,2655,1907,-19.5114,6.0930
399,13.300,1955,1056,2655,1908,-18.6374,6.0324
400,13.333,1955,1056,2655,1908,-18.6924,5.4934
401,13.367,1956,1055,2655,1908,-16.9208,7.3071
402,13.400,1956,1056,2655,1908,-17.7674,7.4193
403,13.433,1957,1055,2655,1908,-19.6817,7.7626
404,13.467,1957,1055,2655,1908,-19.7557,7.8553
405,13.500,1957,1054,2655,1908,-18.7343,6.1615
406,13.533,1957,1053,2655,1907,-18.5915,7.7560
407,13.567,1957,1053,2655,1906,-19.3066,8.3384
408,13.600,1957,1052,2655,1907,-17.9387,8.5270
409,13.633,1957,1052,2655,1907,-18.3047,8.4446
410,13.667,1957,1052,2655,1906,-18.1836,8.0690
411,13.700,1957,1052,2655,1906,-18.1944,7.8497
412,13.733,1957,1052,2655,1906,-18.1484,7.4288
413,13.767,1957,1053,2655,1906,-18.6996,9.1158
414,13.800,1956,1053,2655,1905,-16.1331,8.0934
415,13.833,1957,1052,2655,1904,-17.0779,9.2956
416,13.867,1957,1052,2655,1904,-17.2761,10.0555
417,13.900,1957,1052,2655,1904,-17.0230,9.7344
418,13.933,1956,1052,2655,1904,-16.9718,8.4763
419,13.967,1957,1052,2655,1903,-18.1643,9.4286
420,14.000,1957,1051,2656,1903,-18.5392,6.2134
421,14.033,1955,1051,2655,1902,-17.7631,7.9329
422,14.067,1955,1051,2655,1902,-17.0580,7.7508
423,14.100,1956,1051,2655,1902,-18.4830,6.9675
424,14.133,1955,1053,2656,1902,-18.0410,7.6019
425,14.167,1955,1053,2656,1902,-18.0510,7.4584
426,14.200,1954,1053,2656,1902,-18.6568,6.7904
427,14.233,1954,1053,2656,1902,-18.4133,6.8239
428,14.267,1954,1053,2656,1902,-18.0420,6.9987
429,14.300,1954,1053,2655,1902,-17.4336,7.5743
430,14.333,1954,1053,2656,1902,-18.0583,6.7809
431,14.367,1954,1053,2656,1902,-18.1864,6.9077
432,14.400,1954,1053,2656,1902,-18.1357,6.9041
433,14.433,1954,1052,2656,1902,-17.3242,6.7048
434,14.467,1954,1052,2656,1903,-17.3670,5.6808
435,14.500,1954,1053,2655,1903,-16.8749,6.5424
436,14.533,1954,1052,2656,1903,-16.5127,6.9674
437,14.567,1954,1052,2656,1904,-17.1876,6.8009
438,14.600,1954,1052,2656,1904,-17.6405,7.0317
439,14.633,1954,1052,2656,1903,-17.3994,7.8935
440,14.667,1954,1052,2656,1904,-18.1966,8.0620
441,14.700,1954,1052,2656,1903,-17.8470,7.6432
442,14.733,1954,1052,2655,1903,-17.2338,6.2784
443,14.767,1954,1052,2655,1904,-18.0380,8.1897
444,14.800,1954,1052,2656,1904,-18.2736,7.3475
445,14.833,1955,1051,2655,1903,-17.6482,4.5904
446,14.867,1955,1050,2655,1903,-17.5839,4.4093
447,14.900,1955,1050,2655,1903,-17.4174,5.5600
448,14.933,1955,1049,2655,1903,-15.9989,4.2858
449,14.967,1955,1050,2655,1903,-18.4969,4.5780
450,15.000,1955,1049,2655,1904,-16.3335,4.2503
451,15.033,1955,1049,2655,1905,-16.4169,3.4469
452,15.067,1955,1049,2655,1905,-15.8349,2.8709
453,15.100,1955,1049,2655,1905,-16.0516,2.9732
454,15.133,1954,1049,2656,1904,-16.1201,2.4576
455,15.167,1954,1049,2656,1904,-16.2099,3.0271
456,15.200,1954,1049,2656,1904,-16.1931,3.5674
457,15.233,1954,1049,2656,1904,-16.3017,3.8014
458,15.267,1954,1049,2656,1905,-16.5290,4.3116
459,15.300,1955,1048,2656,1905,-15.6893,4.1526
460,15.333,1955,1048,2656,1904,-15.9085,3.7295
461,15.367,1955,1048,2656,1905,-15.6824,3.9685
462,15.400,1955,1049,2656,1905,-15.8741,4.0531
463,15.433,1955,1049,2656,1905,-15.2116,4.6662
464,15.467,1955,1049,2656,1905,-15.3048,4.7830
465,15.500,1955,1049,2656,1904,-15.2417,5.7371
466,15.533,1955,1048,2656,1904,-16.1848,4.2495
467,15.567,1955,1049,2656,1904,-15.0966,5.0342
468,15.600,1955,1050,2656,1904,-15.6334,3.8995
469,15.633,1955,1050,2656,1904,-15.4018,3.9501
470,15.667,1955,1049,2656,1904,-15.3519,4.7477
471,15.700,1955,1049,2656,1904,-15.0960,5.1910
472,15.733,1955,1049,2657,1904,-16.0047,3.9243
473,15.767,1955,1049,2657,1904,-15.8179,3.8078
474,15.800,1955,1049,2657,1904,-15.8631,4.2993
475,15.833,1956,1049,2656,1904,-16.0240,5.2179
476,15.867,1955,1049,2656,1904,-15.3660,5.8413
477,15.900,1955,1049,2656,1904,-15.2719,5.6144
478,15.933,1955,1048,2656,1904,-16.1471,4.5363
479,15.967,1955,1049,2656,1904,-15.2772,5.1290
480,16.000,1955,1049,2656,1904,-15.5987,4.7974
481,16.033,1955,1048,2656,1904,-16.1916,4.0011
482,16.067,1955,1048,2656,1904,-16.7306,3.4036
483,16.100,1955,1048,2656,1904,-16.7573,3.7737
484,16.133,1955,1048,2656,1904,-16.8042,3.7169
485,16.167,1955,1048,2656,1904,-16.7509,3.7575
486,16.200,1955,1048,2656,1904,-16.7331,3.5316
487,16.233,1955,1048,2656,1904,-16.7616,3.6727
488,16.267,1955,1048,2656,1904,-16.5679,3.5993
489,16.300,1955,1048,2656,1904,-16.9656,4.1640
490,16.333,1955,1048,2656,1904,-16.6998,4.3029
491,16.367,1955,1048,2656,1904,-17.1221,4.6795
492,16.400,1955,1048,2656,1904,-17.4560,5.1411
493,16.433,1955,1047,2656,1905,-14.5660,5.1831
494,16.467,1955,1047,2656,1905,-14.5196,4.7921
495,16.500,1955,1047,2656,1904,-15.3127,3.9848
496,16.533,1955,1047,2656,1904,-15.4523,3.6789
497,16.567,1955,1048,2656,1904,-17.1071,5.3823
498,16.600,1955,1048,2656,1904,-17.2454,5.6141
499,16.633,1955,1048,2656,1904,-17.2784,5.3550
500,16.667,1955,1048,2656,1904,-17.1621,5.4115
501,16.700,1955,1048,2656,1904,-17.3239,5.6538
502,16.733,1955,1048,2656,1904,-17.4936,5.7622
503,16.767,1955,1048,2656,1904,-17.4939,5.7330
504,16.800,1955,1048,2656,1904,-17.2086,5.3629
505,16.833,1955,1048,2656,1903,-16.1335,5.1563
506,16.867,1955,1048,2656,1903,-16.5396,4.8335
507,16.900,1955,1048,2656,1903,-16.2350,5.2129
508,16.933,1955,1048,2656,1903,-16.1932,5.2842
509,16.967,1955,1048,2656,1903,-16.3470,5.5515
510,17.000,1955,1046,2656,1903,-15.2129,3.9780
511,17.033,1955,1047,2656,1903,-15.8745,3.4015
512,17.067,1955,1047,2656,1903,-15.1133,4.0195
513,17.100,1955,1047,2656,1903,-14.9751,4.2287
514,17.133,1955,1047,2656,1903,-15.0697,4.0616
515,17.167,1955,1047,2656,1902,-14.5786,4.5470
516,17.200,1955,1047,2656,1902,-14.8233,3.9400
517,17.233,1955,1047,2656,1902,-14.9806,3.8995
518,17.267,1955,1047,2656,1903,-15.1917,4.5858
519,17.300,1955,1047,2656,1903,-15.2639,4.0673
520,17.333,1956,1047,2656,1903,-16.2579,3.1686
521,17.367,1956,1047,2656,1903,-16.3527,3.3466
522,17.400,1956,1047,2656,1903,-16.2608,3.8477
523,17.433,1956,1047,2656,1904,-16.5038,3.4065
524,17.467,1956,1048,2656,1904,-16.5680,4.2230
525,17.500,1956,1048,2655,1903,-15.0428,5.4266
526,17.533,1956,1048,2654,1903,-14.2633,7.5703
527,17.567,1956,1048,2654,1903,-14.5207,7.7289
528,17.600,1956,1048,2653,1903,-12.1722,6.9814
529,17.633,1956,1050,2653,1903,-12.1114,9.2980
530,17.667,1955,1051,2653,1903,-13.2241,9.0882
531,17.700,1955,1051,2653,1902,-12.8795,8.1548
532,17.733,1955,1051,2653,1902,-12.3731,6.5395
533,17.767,1955,1051,2653,1902,-12.4907,6.6822
534,17.800,1955,1051,2653,1903,-12.8073,7.6759
535,17.833,1955,1050,2653,1903,-13.0500,7.5116
536,17.867,1955,1051,2653,1903,-13.5181,8.3359
537,17.900,1955,1051,2653,1902,-12.9846,7.6859
538,17.933,1955,1051,2653,1903,-13.5363,8.8645
539,17.967,1955,1051,2653,1903,-13.3331,8.7448
540,18.000,1955,1050,2653,1903,-11.8838,6.7151
541,18.033,1955,1050,2654,1903,-15.0125,3.2912
542,18.067,1955,1049,2655,1903,-14.9507,3.4753
543,18.100,1955,1049,2655,1903,-15.1505,3.1378
544,18.133,1955,1048,2655,1904,-15.6947,4.1658
545,18.167,1954,1048,2656,1904,-14.9966,3.9673
546,18.200,1955,1048,2655,1904,-15.5254,4.4850
547,18.233,1955,1048,2656,1904,-15.7452,3.4125
548,18.267,1954,1048,2656,1904,-15.0733,3.9196
549,18.300,1954,1048,2656,1904,-14.9117,3.5782
550,18.333,1954,1048,2656,1904,-14.8988,3.7005
551,18.367,1954,1048,2656,1904,-14.8372,3.4293
552,18.400,1954,1048,2656,1904,-15.0812,3.2763
553,18.433,1955,1048,2655,1904,-15.7407,4.2372
554,18.467,1955,1048,2656,1905,-15.8595,3.7628
555,18.500,1955,1048,2656,1905,-15.7479,4.0202
556,18.533,1955,1049,2656,1905,-15.4856,3.7829
557,18.567,1955,1049,2656,1905,-15.5638,3.4156
558,18.600,1955,1049,2656,1905,-15.3888,3.3600
559,18.633,1955,1050,2656,1905,-14.7204,3.2571
560,18.667,1955,1050,2656,1905,-14.6546,3.1346
561,18.700,1955,1050,2656,1905,-14.3324,3.5641
562,18.733,1954,1056,2655,1906,-16.7488,-1.0832
563,18.767,1954,1057,2656,1906,-18.1062,-0.1411
564,18.800,1957,1061,2656,1909,-15.2277,-5.0525
565,18.833,1957,1059,2657,1907,-10.0292,-1.9153
566,18.867,1956,1059,2658,1908,-12.4155,1.0914
567,18.900,1957,1058,2658,1907,-18.8227,-6.0421
568,18.933,1957,1057,2658,1907,-16.5488,-3.0021
569,18.967,1957,1055,2656,1907,-16.7341,0.0611
570,19.000,1957,1053,2654,1905,-17.9089,2.3085
571,19.033,1957,1054,2655,1905,-16.6498,3.2002
572,19.067,1956,1054,2655,1905,-16.0830,2.9214
573,19.100,1956,1055,2655,1905,-17.6346,2.0929
574,19.133,1956,1055,2655,1905,-17.4738,2.2846
575,19.167,1956,1055,2655,1905,-17.7655,2.8229
576,19.200,1956,1055,2654,1905,-16.9328,3.9731
577,19.233,1956,1055,2654,1905,-16.9231,4.3008
578,19.267,1956,1055,2654,1905,-17.3862,4.3745
579,19.300,1956,1056,2654,1906,-17.1114,3.9967
580,19.333,1956,1055,2654,1905,-17.2717,3.6461
581,19.367,1956,1056,2654,1905,-16.6032,2.1234
582,19.400,1955,1055,2654,1906,-18.7680,3.1705
583,19.433,1955,1056,2654,1905,-18.1107,2.6956
584,19.467,1956,1055,2654,1905,-17.1338,1.7022
585,19.500,1955,1055,2654,1904,-18.9529,1.9043
586,19.533,1956,1055,2654,1904,-18.1886,3.2422
587,19.567,1956,1055,2654,1905,-17.5674,3.7566
588,19.600,1956,1055,2654,1905,-17.3252,3.3752
589,19.633,1955,1056,2654,1905,-17.3876,3.1542
590,19.667,1955,1057,2654,1905,-15.7623,2.9073
591,19.700,1955,1057,2654,1905,-16.2538,2.8089
592,19.733,1954,1056,2654,1905,-16.0551,2.2203
593,19.767,1955,1056,2654,1905,-18.0660,3.0659
594,19.800,1954,1056,2654,1905,-16.7675,2.3270
595,19.833,1954,1056,2654,1905,-16.6143,2.6619
596,19.867,1954,1056,2654,1905,-16.3137,2.5146
597,19.900,1954,1056,2654,1905,-16.2405,2.6300
598,19.933,1954,1056,2654,1905,-15.9776,2.9114
599,19.967,1954,1055,2654,1905,-17.7784,2.4713
600,20.000,1954,1055,2654,1905,-17.9109,3.2013
601,20.033,1954,1055,2654,1905,-17.5307,3.4623
602,20.067,1954,1055,2654,1906,-16.4102,3.2880
603,20.100,1954,1055,2654,1906,-16.4704,2.8460
604,20.133,1954,1055,2654,1906,-15.8792,2.8452
605,20.167,1954,1056,2654,1906,-14.5069,1.9659
606,20.200,1954,1056,2654,1906,-14.3497,2.4018
607,20.233,1954,1055,2653,1906,-13.9763,5.2478
608,20.267,1954,1056,2653,1905,-12.6748,2.7431
609,20.300,1954,1055,2653,1906,-13.2684,5.5788
610,20.333,1954,1055,2653,1906,-13.1927,5.0839
611,20.367,1955,1055,2653,1906,-14.9219,3.0060
612,20.400,1955,1055,2654,1906,-12.9913,3.9841
613,20.433,1955,1055,2654,1906,-12.8399,4.0687
614,20.467,1955,1054,2653,1906,-13.9169,3.4114
615,20.500,1955,1054,2653,1906,-13.9512,3.1155
616,20.533,1954,1054,2653,1905,-13.0981,3.3177
617,20.567,1954,1054,2653,1906,-12.7030,3.7245
618,20.600,1955,1054,2653,1906,-13.3224,4.1270
619,20.633,1954,1054,2653,1906,-12.9624,4.2058
620,20.667,1954,1054,2653,1906,-13.1841,3.6658
621,20.700,1954,1054,2653,1906,-10.6902,4.5878
622,20.733,1955,1053,2653,1906,-7.3620,4.2337
623,20.767,1954,1053,2653,1906,-5.5279,4.2919
624,20.800,1954,1053,2653,1906,-5.1173,4.1525
625,20.833,1954,1054,2653,1906,-7.1623,5.3256
626,20.867,1954,1054,2653,1906,-7.2350,5.6050
627,20.900,1954,1054,2653,1907,-6.9873,5.0390
628,20.933,1954,1054,2653,1907,-6.5968,5.4906
629,20.967,1954,1054,2653,1907,-6.4445,5.0800
630,21.000,1954,1054,2653,1906,-6.1160,5.4067
631,21.033,1954,1053,2654,1906,-5.0317,4.5655
632,21.067,1954,1053,2654,1906,-5.1706,4.2043
633,21.100,1954,1053,2654,1906,-4.8662,3.7462
634,21.133,1954,1052,2654,1906,-5.6030,5.4333
635,21.167,1954,1052,2654,1906,-5.5405,6.1119
636,21.200,1954,1052,2654,1907,-5.4094,5.3690
637,21.233,1954,1052,2654,1906,-5.6323,6.2944
638,21.267,1954,1051,2653,1906,-4.5737,4.0795
639,21.300,1954,1051,2653,1906,-4.5603,3.7766
640,21.333,1954,1051,2653,1906,-4.7856,4.0784
641,21.367,1954,1051,2653,1906,-4.8273,3.9348
642,21.400,1954,1051,2653,1906,-4.6106,3.3607
643,21.433,1954,1051,2653,1906,-4.7775,2.6542
644,21.467,1954,1051,2653,1906,-4.1282,2.6206
645,21.500,1954,1051,2653,1906,-4.7276,3.0118
646,21.533,1954,1051,2653,1906,-4.6634,2.6750
647,21.567,1954,1051,2653,1906,-4.4184,2.6092
648,21.600,1954,1051,2653,1906,-4.6287,2.6308
649,21.633,1954,1051,2653,1906,-4.3567,2.9861
650,21.667,1954,1051,2653,1906,-4.6932,3.3599
651,21.700,1954,1050,2653,1906,-4.7969,5.2154
652,21.733,1954,1050,2653,1906,-4.9379,5.2642
653,21.767,1954,1050,2653,1906,-4.6876,5.2569
654,21.800,1954,1050,2654,1906,-5.6674,4.6893
655,21.833,1954,1050,2653,1906,-5.7399,5.2309
656,21.867,1954,1050,2653,1906,-5.8790,4.7786
657,21.900,1954,1050,2653,1905,-5.7275,4.0701
658,21.933,1954,1050,2653,1905,-6.1532,4.2865
659,21.967,1954,1049,2653,1905,-7.6153,3.9099
660,22.000,1954,1048,2653,1905,-6.5594,2.3036
661,22.033,1954,1049,2652,1905,-6.5367,3.7221
662,22.067,1954,1048,2653,1905,-6.2853,2.5190
663,22.100,1954,1049,2652,1904,-6.4859,4.5909
664,22.133,1954,1049,2652,1905,-6.6923,4.7166
665,22.167,1954,1049,2653,1904,-6.3280,5.1984
666,22.200,1954,1049,2653,1905,-7.2305,5.1172
667,22.233,1954,1049,2653,1905,-7.3730,5.4178
668,22.267,1954,1049,2653,1905,-7.2871,5.3856
669,22.300,1955,1048,2653,1905,-6.1483,2.8759
670,22.333,1955,1048,2653,1905,-6.2945,2.8368
671,22.367,1954,1048,2653,1905,-5.9207,2.7800
672,22.400,1954,1048,2653,1905,-5.7308,2.5630
673,22.433,1954,1048,2653,1905,-4.3152,2.7905
674,22.467,1954,1048,2652,1905,-6.2017,0.9500
675,22.500,1954,1048,2653,1905,-5.3435,2.2341
676,22.533,1954,1047,2653,1905,-5.4353,1.8602
677,22.567,1954,1048,2653,1906,-5.4085,1.4843
678,22.600,1954,1049,2653,1906,-4.0095,2.2289
679,22.633,1954,1048,2653,1905,-5.3460,2.1849
680,22.667,1954,1048,2653,1905,-5.5983,2.7381
681,22.700,1954,1047,2653,1905,-6.9818,1.1409
682,22.733,1955,1047,2653,1905,-6.0557,2.3370
683,22.767,1955,1047,2653,1905,-4.9025,3.0058
684,22.800,1955,1047,2652,1905,-4.9304,0.4975
685,22.833,1955,1049,2654,1906,-5.7234,2.0589
686,22.867,1956,1052,2655,1907,-6.7996,-1.3000
687,22.900,1954,1054,2657,1906,-6.4370,-3.0582
688,22.933,1954,1053,2657,1906,-3.1384,1.3649
689,22.967,1955,1052,2656,1906,-5.0624,0.4658
690,23.000,1956,1047,2655,1907,-4.3347,0.6649
691,23.033,1956,1047,2655,1908,-1.4057,0.8982
692,23.067,1955,1047,2655,1908,-2.5363,2.8557
693,23.100,1956,1046,2654,1908,-4.3855,1.4358
694,23.133,1956,1046,2653,1907,-3.3078,2.1387
695,23.167,1956,1047,2653,1907,-3.8610,1.8916
696,23.200,1956,1047,2653,1907,-4.0087,3.0642
697,23.233,1956,1047,2653,1907,-4.3134,2.4946
698,23.267,1956,1048,2654,1907,-5.6700,2.3438
699,23.300,1956,1047,2653,1907,-4.7268,1.1370
700,23.333,1956,1047,2653,1907,-4.4119,1.0525
701,23.367,1956,1047,2653,1907,-4.6260,1.4265
702,23.400,1956,1047,2653,1907,-3.9196,1.6763
703,23.433,1956,1047,2654,1907,-3.9120,2.2928
704,23.467,1956,1047,2654,1907,-4.0955,1.8123
705,23.500,1956,1047,2654,1907,-4.0976,2.0487
706,23.533,1956,1047,2654,1907,-3.9653,2.2898
707,23.567,1955,1047,2653,1907,-6.3987,3.2969
708,23.600,1955,1046,2654,1906,-5.5313,3.9681
709,23.633,1955,1046,2654,1906,-5.1415,2.9445
710,23.667,1955,1046,2654,1905,-2.8037,5.2640
711,23.700,1955,1047,2654,1905,-4.3605,4.5214
712,23.733,1955,1047,2654,1905,-4.5936,4.4756
713,23.767,1956,1043,2653,1905,-7.1469,4.6383
714,23.800,1956,1044,2653,1905,-7.1524,3.8541
715,23.833,1956,1044,2653,1905,-7.3118,3.5435
716,23.867,1956,1044,2653,1905,-7.0241,3.6410
717,23.900,1956,1044,2653,1905,-7.1229,3.3806
718,23.933,1956,1044,2653,1905,-7.4431,3.4527
719,23.967,1956,1045,2653,1905,-6.7821,3.8166
720,24.000,1956,1045,2653,1906,-5.1867,5.3860
721,24.033,1956,1045,2653,1906,-5.5746,5.0062
722,24.067,1956,1045,2653,1906,-5.7711,4.8947
723,24.100,1956,1044,2653,1906,-7.1512,3.7830
724,24.133,1956,1044,2653,1906,-7.4485,4.0155
725,24.167,1956,1044,2653,1906,-7.3218,4.2758
726,24.200,1956,1044,2654,1906,-6.4738,3.7290
727,24.233,1956,1043,2654,1906,-6.6467,5.2578
728,24.267,1956,1043,2654,1906,-6.9856,4.7225
729,24.300,1956,1044,2654,1906,-6.9355,3.6769
730,24.333,1956,1043,2654,1905,-6.5893,4.8926
731,24.367,1956,1043,2654,1905,-6.2051,4.6300
732,24.400,1956,1043,2654,1905,-6.5084,4.8152
733,24.433,1956,1043,2653,1905,-5.7485,6.0271
734,24.467,1956,1043,2653,1906,-5.5473,4.7495
735,24.500,1956,1043,2653,1906,-5.5437,4.7367
736,24.533,1956,1043,2654,1907,-6.0597,6.1296
737,24.567,1956,1044,2654,1906,-5.5621,4.7600
738,24.600,1956,1044,2653,1906,-6.9211,4.5562
739,24.633,1956,1044,2653,1906,-6.8310,4.5465
740,24.667,1956,1044,2653,1906,-6.2370,4.7437
741,24.700,1956,1044,2653,1906,-5.9430,4.9308
742,24.733,1956,1044,2653,1906,-6.0882,5.1478
743,24.767,1956,1044,2653,1905,-5.7372,4.8359
744,24.800,1956,1044,2653,1906,-5.8859,4.8423
745,24.833,1956,1044,2653,1906,-5.6599,4.7813
746,24.867,1956,1044,2653,1906,-5.8762,4.8617
747,24.900,1956,1043,2653,1906,-6.4093,4.2473
748,24.933,1956,1044,2653,1906,-6.2937,4.3859
749,24.967,1956,1043,2653,1906,-6.3441,3.7953
750,25.000,1957,1043,2653,1906,-6.6626,3.5590
751,25.033,1957,1042,2653,1905,-7.1162,4.2227
752,25.067,1957,1043,2653,1906,-7.2102,4.4798
753,25.100,1957,1042,2653,1905,-7.3109,3.9288
754,25.133,1957,1042,2653,1905,-7.6757,4.8170
755,25.167,1957,1042,2654,1906,-6.7501,3.6943
756,25.200,1956,1043,2654,1905,-8.0022,3.9714
757,25.233,1956,1043,2654,1905,-7.9883,4.0035
758,25.267,1956,1043,2654,1905,-7.7306,3.4955
759,25.300,1956,1043,2653,1904,-8.7777,4.4136
760,25.333,1956,1043,2653,1904,-8.5058,4.4620
761,25.367,1956,1043,2654,1905,-8.1609,4.9875
762,25.400,1956,1043,2653,1904,-8.3815,4.0009
763,25.433,1956,1042,2653,1904,-8.1669,4.0710
764,25.467,1956,1042,2654,1905,-7.5560,3.6134
765,25.500,1956,1043,2654,1905,-7.7593,4.6801
766,25.533,1956,1042,2654,1905,-7.1848,3.2164
767,25.567,1956,1042,2654,1905,-7.2998,3.2188
768,25.600,1956,1043,2654,1905,-6.7614,4.0324
769,25.633,1956,1043,2654,1905,-6.7390,4.1644
770,25.667,1956,1043,2654,1905,-6.6210,4.3894
771,25.700,1956,1043,2654,1905,-7.0239,4.2636
772,25.733,1956,1043,2654,1905,-6.7907,4.3315
773,25.767,1956,1043,2654,1905,-6.7674,4.3323
774,25.800,1956,1042,2654,1904,-6.4686,3.4627
775,25.833,1956,1042,2654,1904,-6.8415,4.0252
776,25.867,1956,1042,2654,1904,-6.2863,4.0676
777,25.900,1956,1043,2654,1904,-5.3747,4.7885
778,25.933,1956,1042,2654,1904,-5.7002,3.5837
779,25.967,1956,1042,2654,1904,-5.9900,3.9934
780,26.000,1956,1043,2653,1904,-7.0963,5.5390
781,26.033,1956,1043,2653,1904,-7.0219,5.1861
782,26.067,1956,1043,2653,1904,-7.2276,5.0475
783,26.100,1956,1043,2653,1904,-7.5025,4.7442
784,26.133,1956,1043,2653,1905,-6.7307,5.2889
785,26.167,1956,1043,2653,1905,-6.3065,5.1982
786,26.200,1956,1043,2653,1905,-6.4126,5.2952
787,26.233,1956,1043,2653,1905,-6.2283,5.3698
788,26.267,1956,1043,2653,1905,-6.0001,5.1019
789,26.300,1956,1043,2653,1905,-6.3070,4.9127
790,26.333,1956,1043,2653,1905,-6.4483,4.3141
791,26.367,1956,1043,2653,1905,-6.4290,4.4410
792,26.400,1956,1043,2653,1905,-6.4229,4.1286
793,26.433,1956,1043,2653,1905,-6.7843,3.6981
794,26.467,1956,1043,2653,1905,-6.5262,4.1283
795,26.500,1956,1044,2653,1905,-7.5352,2.5839
796,26.533,1956,1044,2653,1905,-7.0504,2.5579
797,26.567,1956,1043,2653,1905,-6.9868,3.1688
798,26.600,1956,1043,2653,1905,-7.0408,3.1966
799,26.633,1956,1043,2653,1905,-6.9591,3.3182
800,26.667,1956,1043,2653,1905,-6.9147,3.4216
801,26.700,1956,1043,2653,1905,-6.8164,3.5324
802,26.733,1956,1043,2653,1905,-6.0126,3.3663
803,26.767,1956,1042,2653,1905,-4.1725,3.2409
804,26.800,1956,1042,2653,1905,-2.4760,3.9551
805,26.833,1957,1042,2653,1904,7.9073,5.3832
806,26.867,1956,1040,2653,1904,8.7518,4.8260
807,26.900,1956,1040,2653,1904,9.2109,3.7521
808,26.933,1956,1039,2654,1903,8.5025,4.6288
809,26.967,1956,1039,2654,1903,7.5885,3.6192
810,27.000,1957,1038,2655,1902,9.6660,2.7800
811,27.033,1957,1038,2655,1902,9.6584,3.4500
812,27.067,1957,1038,2655,1902,9.8149,3.6645
813,27.100,1957,1038,2655,1902,9.7436,4.0869
814,27.133,1957,1039,2655,1902,8.1763,4.1535
815,27.167,1957,1039,2655,1902,7.7428,4.2508
816,27.200,1957,1039,2655,1901,8.6562,4.2982
817,27.233,1957,1039,2654,1902,9.0399,4.2454
818,27.267,1957,1039,2654,1902,9.2849,4.1204
819,27.300,1957,1039,2654,1902,9.1556,4.0721
820,27.333,1957,1039,2654,1902,9.0595,4.0309
821,27.367,1957,1040,2654,1902,9.2180,3.6598
822,27.400,1957,1039,2654,1902,8.7799,4.1748
823,27.433,1957,1039,2654,1902,9.3240,4.1111
824,27.467,1957,1039,2654,1902,9.5189,3.8025
825,27.500,1957,1039,2654,1902,9.5138,4.4324
826,27.533,1957,1040,2654,1902,8.9749,4.8086
827,27.567,1957,1039,2654,1902,10.0234,3.8750
828,27.600,1957,1039,2654,1902,9.3596,3.8967
829,27.633,1957,1039,2654,1903,8.5777,3.0067
830,27.667,1957,1039,2654,1902,9.5577,3.4941
831,27.700,1957,1039,2654,1902,9.6239,3.7967
832,27.733,1957,1040,2654,1902,7.8750,3.9451
833,27.767,1957,1040,2654,1903,8.2328,4.5501
834,27.800,1956,1040,2654,1902,8.2473,3.8681
835,27.833,1956,1040,2654,1903,8.3360,3.2987
836,27.867,1956,1040,2654,1903,8.5573,3.5486
837,27.900,1956,1040,2655,1903,8.5229,3.7835
838,27.933,1956,1040,2655,1902,7.9843,5.0777
839,27.967,1956,1040,2655,1903,9.0887,3.8063
840,28.000,1956,1039,2655,1903,7.5608,2.5895
841,28.033,1956,1039,2655,1903,7.4663,2.5998
842,28.067,1956,1040,2656,1903,7.4594,3.3824
843,28.100,1956,1040,2655,1903,7.9000,2.8955
844,28.133,1956,1040,2655,1904,8.2744,2.5857
845,28.167,1956,1040,2655,1904,8.2238,2.4686
846,28.200,1956,1040,2656,1904,8.6833,3.6149
847,28.233,1956,1040,2656,1904,9.0640,3.5229
848,28.267,1956,1040,2656,1904,8.5851,3.3732
849,28.300,1956,1040,2655,1903,7.1143,2.7382
850,28.333,1956,1040,2655,1903,6.8286,2.8709
851,28.367,1956,1040,2655,1903,6.7178,2.9602
852,28.400,1956,1040,2655,1903,7.2660,3.6304
853,28.433,1956,1040,2655,1904,7.1494,3.1106
854,28.467,1956,1040,2655,1903,7.7639,3.7424
855,28.500,1956,1040,2655,1903,8.0894,3.5057
856,28.533,1956,1040,2656,1904,8.2288,3.3633
857,28.567,1956,1040,2655,1904,6.5495,2.0832
858,28.600,1956,1040,2655,1904,6.6147,2.5081
859,28.633,1956,1040,2655,1904,6.7771,2.6040
860,28.667,1956,1041,2656,1904,7.7058,5.2632
861,28.700,1956,1040,2656,1904,8.2954,3.3929
862,28.733,1956,1040,2656,1904,8.2794,3.3112
863,28.767,1956,1040,2656,1904,8.5845,3.6724
864,28.800,1956,1040,2656,1904,8.0740,3.3730
865,28.833,1956,1040,2656,1904,8.4859,3.6871
866,28.867,1956,1039,2656,1904,8.0887,2.9475
867,28.900,1956,1039,2656,1905,8.5374,2.2397
868,28.933,1956,1039,2657,1905,8.4612,0.7853
869,28.967,1956,1039,2656,1904,8.6221,3.8360
870,29.000,1957,1039,2656,1904,6.9238,3.5916
871,29.033,1957,1039,2656,1904,8.3725,4.4121
872,29.067,1957,1039,2656,1905,7.4350,3.7577
873,29.100,1957,1039,2656,1905,7.3584,3.6850
874,29.133,1957,1038,2656,1905,8.4884,4.6170
875,29.167,1957,1039,2656,1905,7.6119,3.0735
876,29.200,1957,1039,2656,1905,7.5706,3.0738
877,29.233,1957,1039,2656,1905,7.6396,2.9428
878,29.267,1957,1038,2656,1905,8.1877,4.4489
879,29.300,1957,1038,2656,1904,9.1152,3.0461
880,29.333,1957,1038,2656,1904,9.2252,3.1835
881,29.367,1957,1038,2656,1904,9.2918,3.1380
882,29.400,1957,1038,2656,1904,8.9296,2.9469
883,29.433,1957,1039,2656,1904,7.7906,4.1129
884,29.467,1957,1039,2656,1904,7.8658,4.2026
885,29.500,1957,1039,2656,1904,7.2368,3.8722
886,29.533,1957,1039,2656,1903,7.8111,5.1172
887,29.567,1956,1039,2656,1903,8.2218,3.2549
888,29.600,1956,1039,2656,1903,7.8077,3.3381
889,29.633,1956,1039,2656,1904,8.2026,3.4805
890,29.667,1956,1038,2656,1904,8.7789,3.8854
891,29.700,1956,1038,2656,1904,9.3495,3.8395
892,29.733,1956,1039,2656,1904,8.8279,3.3192
893,29.767,1956,1039,2656,1904,8.7144,3.4698
894,29.800,1956,1039,2656,1904,8.9016,2.8208
895,29.833,1956,1039,2656,1903,7.8889,2.7198
896,29.867,1956,1039,2656,1904,8.9047,3.0726
897,29.900,1956,1039,2656,1903,8.2268,3.1472
898,29.933,1956,1039,2656,1904,9.0515,2.8393
899,29.967,1956,1039,2656,1903,8.0669,2.7359
900,30.000,1956,1038,2656,1903,10.0901,3.4888
901,30.033,1955,1038,2656,1903,9.2650,1.8589
902,30.067,1956,1039,2656,1903,9.0957,2.1519
903,30.100,1956,1039,2656,1903,9.2930,2.0161
904,30.133,1956,1039,2656,1903,9.1747,1.6665
905,30.167,1956,1039,2656,1903,9.4835,1.6799
906,30.200,1956,1039,2656,1903,9.3853,1.9318
907,30.233,1956,1039,2656,1903,9.6604,1.9326
908,30.267,1956,1039,2656,1903,9.8776,2.2177
909,30.300,1956,1038,2656,1903,10.8581,2.7760
910,30.333,1956,1038,2656,1903,10.1111,4.0218
911,30.367,1958,1048,2652,1904,3.5726,6.7303
912,30.400,1958,1048,2652,1904,3.3219,6.5360
913,30.433,1958,1047,2652,1904,3.9034,4.8393
914,30.467,1958,1047,2652,1904,3.8889,4.8842
915,30.500,1957,1048,2652,1904,2.2666,5.6761
916,30.533,1958,1048,2652,1904,4.4742,5.5882
917,30.567,1957,1048,2653,1904,3.4244,4.8264
918,30.600,1958,1048,2653,1904,3.4454,3.5955
919,30.633,1958,1048,2653,1903,4.2388,3.0918
920,30.667,1957,1048,2653,1904,3.3848,5.5382
921,30.700,1957,1049,2654,1904,6.0895,2.4384
922,30.733,1959,1048,2653,1905,3.6571,-0.7458
923,30.767,1959,1048,2652,1905,2.0687,1.4238
924,30.800,1959,1054,2657,1906,-3.6723,0.4287
925,30.833,1959,1050,2656,1905,3.5100,-3.3474
926,30.867,1959,1049,2655,1905,1.2755,-1.4192
927,30.900,1958,1045,2653,1904,8.5789,0.9381
928,30.933,1957,1049,2654,1904,8.7363,3.2437
929,30.967,1957,1046,2653,1904,5.6108,2.7942
930,31.000,1955,1046,2652,1904,8.8824,2.7787
931,31.033,1955,1046,2653,1904,11.8380,3.5070
932,31.067,1955,1046,2653,1903,10.5294,3.6172
933,31.100,1955,1046,2653,1903,10.5614,3.6381
934,31.133,1955,1046,2653,1903,10.4847,2.7725
935,31.167,1955,1046,2653,1903,10.4589,2.0432
936,31.200,1955,1046,2653,1903,10.6633,2.0582
937,31.233,1955,1046,2653,1903,10.6070,1.7949
938,31.267,1955,1046,2653,1903,10.7061,1.3505
939,31.300,1955,1046,2653,1903,9.7755,1.2463
940,31.333,1955,1046,2653,1903,8.7413,2.3018
941,31.367,1955,1046,2653,1903,9.2908,2.5410
942,31.400,1955,1046,2653,1903,8.0245,3.1927
943,31.433,1955,1047,2653,1904,8.5459,2.7878
944,31.467,1955,1046,2654,1903,7.5128,3.9024
945,31.500,1955,1046,2654,1904,7.6727,3.6676
946,31.533,1955,1046,2654,1904,8.7131,4.5089
947,31.567,1955,1046,2654,1903,7.0104,4.4893
948,31.600,1955,1046,2654,1904,8.4724,3.6846
949,31.633,1955,1046,2654,1904,8.5129,4.0717
950,31.667,1955,1046,2654,1904,8.6402,3.7493
951,31.700,1955,1045,2654,1904,8.4908,2.9081
952,31.733,1955,1045,2654,1904,8.3409,3.2886
953,31.767,1955,1046,2655,1904,8.1150,2.4930
954,31.800,1956,1045,2655,1904,9.2873,4.6026
955,31.833,1956,1044,2655,1904,8.0888,5.6428
956,31.867,1956,1044,2655,1904,7.5880,4.9820
957,31.900,1956,1045,2655,1904,8.0694,4.4306
958,31.933,1956,1045,2655,1904,8.0053,4.8920
959,31.967,1956,1045,2655,1904,7.6875,4.8447
960,32.000,1956,1045,2655,1904,5.4563,4.1319
961,32.033,1956,1045,2655,1904,5.8883,4.1570
962,32.067,1956,1045,2655,1904,5.7090,4.8692
963,32.100,1956,1045,2656,1904,7.1411,5.8751
964,32.133,1956,1045,2656,1904,7.7586,5.6143
965,32.167,1956,1046,2656,1905,9.2364,3.8352
966,32.200,1956,1046,2656,1904,8.6596,4.3894
967,32.233,1956,1045,2655,1905,7.2864,5.3868
968,32.267,1956,1046,2655,1905,9.7816,3.3624
969,32.300,1956,1046,2655,1905,10.5213,3.5433
970,32.333,1956,1046,2655,1905,9.8805,3.2262
971,32.367,1956,1045,2655,1904,6.7268,4.5907
972,32.400,1956,1046,2655,1904,8.6603,3.1106
973,32.433,1956,1046,2655,1903,7.5322,2.5003
974,32.467,1956,1045,2655,1904,7.6974,4.9590
975,32.500,1956,1044,2655,1904,8.4212,6.1236
976,32.533,1956,1044,2655,1904,8.2205,5.8106
977,32.567,1956,1044,2655,1904,9.2306,6.9511
978,32.600,1956,1044,2655,1904,9.1005,6.2900
979,32.633,1956,1044,2655,1904,9.1297,6.9136
980,32.667,1956,1044,2655,1903,9.0977,8.1977
981,32.700,1956,1045,2655,1903,4.0806,4.1012
982,32.733,1956,1045,2655,1903,4.7518,4.1197
983,32.767,1956,1045,2655,1903,5.0900,4.0897
984,32.800,1955,1046,2655,1903,7.3982,6.2964
985,32.833,1956,1046,2655,1904,9.2121,6.2691
986,32.867,1956,1046,2654,1903,8.0523,7.5523
987,32.900,1956,1046,2654,1902,7.3396,7.9759
988,32.933,1955,1047,2654,1903,7.1023,9.5525
989,32.967,1955,1047,2654,1903,7.5871,9.5153
990,33.000,1955,1047,2655,1904,6.8016,8.3330
991,33.033,1955,1047,2655,1904,7.0037,8.8498
992,33.067,1955,1046,2655,1904,6.9891,9.6455
993,33.100,1955,1046,2655,1904,6.8595,9.6240
994,33.133,1955,1046,2654,1904,6.6190,13.1972
995,33.167,1955,1047,2654,1904,7.0842,15.4314
996,33.200,1954,1049,2655,1904,7.2171,13.9393
997,33.233,1954,1049,2655,1904,5.6894,13.7261
998,33.267,1953,1050,2655,1903,4.7557,14.9480
999,33.300,1953,1051,2655,1903,5.2024,15.9581
1000,33.333,1953,1051,2655,1903,5.1783,16.1393
1001,33.367,1952,1050,2655,1903,0.8195,14.8203
1002,33.400,1953,1051,2655,1903,5.4867,15.7975
1003,33.433,1952,1051,2655,1903,4.3363,16.8837
1004,33.467,1952,1051,2655,1903,4.3996,16.7292
1005,33.500,1952,1051,2655,1903,4.6877,16.8870
1006,33.533,1952,1051,2655,1904,2.3364,14.6260
1007,33.567,1952,1052,2656,1904,2.8198,16.1979
1008,33.600,1952,1052,2656,1904,2.6776,16.4771
1009,33.633,1952,1052,2656,1904,2.4164,16.7937
1010,33.667,1951,1052,2656,1904,1.4657,16.4620
1011,33.700,1952,1052,2656,1904,1.7502,16.7682
1012,33.733,1952,1051,2656,1904,5.7295,15.3375
1013,33.767,1952,1050,2656,1904,6.4132,9.6881
1014,33.800,1952,1050,2657,1904,5.4263,11.6495
1015,33.833,1952,1050,2657,1905,3.4942,10.5881
1016,33.867,1952,1050,2657,1904,3.6383,10.6253
1017,33.900,1952,1050,2657,1905,3.7059,10.2253
1018,33.933,1952,1049,2657,1904,5.7527,8.9818
1019,33.967,1952,1050,2657,1904,4.4412,10.6273
1020,34.000,1952,1050,2656,1905,6.7952,9.3722
1021,34.033,1952,1049,2656,1905,5.9503,8.6428
1022,34.067,1952,1049,2656,1905,6.4242,8.6251
1023,34.100,1953,1049,2656,1906,9.4563,8.8798
1024,34.133,1953,1049,2656,1905,8.5557,8.0374
1025,34.167,1953,1049,2655,1905,9.1856,9.3970
1026,34.200,1953,1049,2655,1904,8.9037,9.0741
1027,34.233,1954,1049,2654,1904,6.4176,10.4048
1028,34.267,1954,1049,2655,1904,7.4307,11.7933
1029,34.300,1954,1049,2655,1905,8.5579,10.6898
1030,34.333,1954,1049,2655,1904,6.9191,11.5048
1031,34.367,1953,1050,2655,1905,7.1054,9.3838
1032,34.400,1953,1049,2655,1905,8.1319,11.4023
1033,34.433,1953,1049,2655,1904,7.4075,10.5377
1034,34.467,1953,1049,2655,1904,7.2398,10.2876
1035,34.500,1953,1049,2655,1905,7.5346,10.7121
1036,34.533,1953,1049,2655,1904,6.4482,10.3464
1037,34.567,1953,1049,2655,1904,7.8373,10.6894
1038,34.600,1953,1049,2655,1904,7.8409,9.9827
1039,34.633,1953,1049,2655,1904,7.8282,10.0757
1040,34.667,1953,1049,2655,1904,7.5952,10.1906
1041,34.700,1953,1049,2655,1904,7.6715,10.4155
1042,34.733,1953,1048,2655,1904,6.5171,11.8383
1043,34.767,1953,1049,2655,1904,7.4361,10.6455
1044,34.800,1953,1049,2655,1904,8.2794,10.3977
1045,34.833,1953,1049,2655,1904,7.7152,10.1567
1046,34.867,1953,1049,2655,1904,8.1811,10.4104
1047,34.900,1953,1049,2655,1904,7.6213,10.1280
1048,34.933,1953,1049,2655,1904,7.9277,10.2557
1049,34.967,1953,1049,2656,1905,8.5833,10.3777
1050,35.000,1953,1049,2656,1904,7.0788,9.6028
1051,35.033,1953,1048,2656,1904,7.5589,9.6433
1052,35.067,1953,1048,2656,1904,7.8651,10.1059
1053,35.100,1953,1048,2656,1904,7.8489,9.9230
1054,35.133,1953,1048,2656,1904,7.5854,10.8011
1055,35.167,1953,1048,2656,1904,7.3582,10.8305
1056,35.200,1953,1048,2656,1904,7.1827,10.5930
1057,35.233,1953,1048,2656,1904,7.3871,10.7267
1058,35.267,1953,1048,2656,1904,6.8113,11.1129
1059,35.300,1954,1047,2656,1904,5.8874,11.4177
1060,35.333,1954,1047,2656,1905,4.8822,11.4760
1061,35.367,1953,1047,2656,1905,5.1141,14.4576
1062,35.400,1954,1047,2656,1905,4.5449,11.8681
1063,35.433,1953,1047,2656,1905,5.2723,13.6355
1064,35.467,1953,1048,2656,1905,4.8082,12.4196
1065,35.500,1953,1048,2655,1905,6.4168,12.6177
1066,35.533,1953,1048,2655,1905,5.8839,12.2269
1067,35.567,1954,1047,2656,1905,3.2896,11.0269
1068,35.600,1953,1047,2656,1905,3.0463,15.2532
1069,35.633,1953,1048,2656,1905,4.1580,13.6638
1070,35.667,1954,1050,2655,1906,0.5303,11.3942
1071,35.700,1954,1051,2654,1906,-10.8510,8.2018
1072,35.733,1954,1051,2655,1906,-9.1097,9.5866
1073,35.767,1953,1051,2655,1906,-8.6330,9.8611
1074,35.800,1953,1051,2655,1906,-9.0514,9.2500
1075,35.833,1953,1051,2655,1906,-9.6455,9.0099
1076,35.867,1953,1051,2655,1906,-9.4504,9.5709
1077,35.900,1953,1051,2655,1906,-9.4877,9.6871
1078,35.933,1953,1051,2655,1906,-9.4859,9.3734
1079,35.967,1953,1051,2655,1906,-9.6740,9.2112
1080,36.000,1954,1050,2654,1906,-8.4032,8.1965
1081,36.033,1954,1050,2654,1906,-8.3415,8.5882
1082,36.067,1954,1050,2654,1906,-7.7021,9.2872
1083,36.100,1954,1050,2654,1906,-6.6650,9.2212
1084,36.133,1953,1050,2654,1906,-6.2868,9.5522
1085,36.167,1954,1048,2655,1906,4.3655,14.6352
1086,36.200,1954,1048,2655,1906,4.7777,14.1870
1087,36.233,1954,1048,2655,1906,4.0223,13.5652
1088,36.267,1954,1047,2655,1906,3.8479,12.1548
1089,36.300,1954,1047,2655,1906,3.8559,11.8045
1090,36.333,1954,1047,2655,1906,3.8389,12.0419
1091,36.367,1954,1047,2655,1906,3.3565,11.7254
1092,36.400,1954,1048,2655,1906,3.7201,13.0194
1093,36.433,1954,1047,2656,1906,6.3569,11.3356
1094,36.467,1954,1048,2655,1906,4.0397,12.3358
1095,36.500,1954,1048,2655,1907,5.8615,11.8784
1096,36.533,1954,1048,2655,1907,6.7506,11.6892
1097,36.567,1954,1048,2655,1907,8.2868,12.1541
1098,36.600,1954,1048,2655,1907,8.9293,12.5200
1099,36.633,1954,1048,2655,1907,8.5896,11.9253
1100,36.667,1954,1048,2656,1907,8.4987,11.0150
1101,36.700,1954,1049,2655,1907,6.8122,11.2257
1102,36.733,1954,1049,2655,1907,7.4303,10.2407
1103,36.767,1953,1051,2656,1906,1.9200,10.0141
1104,36.800,1953,1051,2656,1906,1.8109,9.9719
1105,36.833,1953,1051,2656,1906,2.5950,9.4922
1106,36.867,1953,1052,2656,1906,2.2255,9.9875
1107,36.900,1953,1052,2656,1906,2.0137,10.2902
1108,36.933,1953,1051,2656,1906,1.3361,10.2519
1109,36.967,1953,1051,2656,1905,2.9445,10.3412
1110,37.000,1953,1051,2655,1906,7.1537,9.3099
1111,37.033,1953,1051,2655,1906,7.1069,9.5741
1112,37.067,1953,1051,2655,1906,7.7531,10.1219
1113,37.100,1953,1051,2655,1906,7.9628,9.9215
1114,37.133,1953,1051,2656,1906,6.7019,9.3138
1115,37.167,1953,1051,2656,1907,8.9174,9.2303
1116,37.200,1953,1051,2656,1907,8.8694,8.6492
1117,37.233,1953,1051,2656,1906,6.0306,8.4372
1118,37.267,1953,1051,2656,1907,8.3145,8.7356
1119,37.300,1953,1051,2656,1907,9.1266,8.9951
1120,37.333,1953,1051,2656,1906,7.7812,9.7061
1121,37.367,1953,1051,2656,1906,7.7896,10.0365
1122,37.400,1953,1051,2656,1906,7.3617,10.5811
1123,37.433,1953,1051,2656,1906,7.7426,9.9339
1124,37.467,1953,1050,2656,1906,7.3991,10.4124
1125,37.500,1953,1051,2656,1906,7.6571,10.5677
1126,37.533,1953,1050,2656,1906,8.2782,10.8388
1127,37.567,1954,1050,2656,1906,9.6494,12.9146
1128,37.600,1954,1050,2656,1906,9.2447,12.9244
1129,37.633,1954,1050,2656,1907,10.5517,12.6265
1130,37.667,1954,1050,2656,1906,8.9400,13.1700
1131,37.700,1954,1049,2656,1906,8.6149,12.4741
1132,37.733,1954,1049,2656,1906,8.5478,12.1932
1133,37.767,1954,1049,2656,1906,7.1012,11.8683
1134,37.800,1954,1048,2656,1905,8.9118,12.7866
1135,37.833,1954,1047,2656,1906,7.9205,12.5326
1136,37.867,1954,1048,2656,1906,8.2304,12.5835
1137,37.900,1954,1048,2656,1906,8.5242,12.9523
1138,37.933,1954,1048,2656,1906,8.8350,12.9247
1139,37.967,1954,1048,2656,1906,8.2600,12.8256
1140,38.000,1954,1050,2656,1906,12.4252,11.0733
1141,38.033,1953,1050,2657,1906,6.3535,8.2963
1142,38.067,1954,1050,2657,1906,8.1017,8.1479
1143,38.100,1954,1050,2657,1906,8.1033,8.4328
1144,38.133,1954,1050,2657,1906,8.1149,8.0706
1145,38.167,1954,1050,2657,1906,9.1474,8.8380
1146,38.200,1954,1050,2657,1907,8.9880,9.8525
1147,38.233,1954,1050,2657,1906,6.9195,7.5850
1148,38.267,1953,1050,2657,1906,4.2555,8.2155
1149,38.300,1953,1051,2657,1906,5.6482,9.6806
1150,38.333,1953,1051,2657,1906,6.2296,10.2289
1151,38.367,1954,1052,2657,1906,4.8671,9.6120
1152,38.400,1953,1053,2657,1907,7.0155,10.5117
1153,38.433,1953,1053,2657,1906,7.3487,10.2140
1154,38.467,1953,1053,2657,1907,8.4952,10.8038
1155,38.500,1953,1053,2657,1906,7.8460,10.0895
1156,38.533,1953,1053,2657,1906,8.5229,9.5891
1157,38.567,1953,1054,2657,1906,9.8728,12.2095
1158,38.600,1953,1053,2657,1906,9.0710,10.8227
1159,38.633,1953,1054,2657,1906,7.7839,11.4013
1160,38.667,1953,1054,2658,1906,8.9524,10.2612
1161,38.700,1953,1055,2657,1905,8.9395,10.3740
1162,38.733,1953,1055,2657,1905,8.6815,10.7211
1163,38.767,1953,1056,2657,1905,6.8875,10.9513
1164,38.800,1954,1055,2657,1905,7.1617,10.7261
1165,38.833,1954,1055,2657,1905,8.0308,13.0629
1166,38.867,1953,1056,2656,1905,6.6882,10.5722
1167,38.900,1953,1056,2657,1905,5.6829,10.5744
1168,38.933,1952,1056,2657,1905,5.5286,11.2173
1169,38.967,1952,1055,2657,1904,7.2470,11.1501
1170,39.000,1952,1055,2657,1905,6.8069,9.4444
1171,39.033,1952,1055,2657,1905,6.8116,9.6341
1172,39.067,1952,1055,2657,1905,6.6043,10.2183
1173,39.100,1953,1055,2656,1905,5.4831,11.0600
1174,39.133,1952,1056,2657,1905,4.2643,10.7673
1175,39.167,1952,1055,2657,1905,5.8878,9.5333
1176,39.200,1952,1055,2657,1905,6.0065,10.7459
1177,39.233,1952,1055,2657,1906,7.7124,10.3553
1178,39.267,1953,1055,2657,1906,6.2987,9.6226
1179,39.300,1953,1054,2657,1905,8.7378,12.1558
1180,39.333,1953,1054,2657,1905,7.8771,12.8206
1181,39.367,1953,1054,2657,1905,7.5103,12.3633
1182,39.400,1953,1054,2657,1906,9.2918,11.4672
1183,39.433,1953,1054,2657,1905,8.6126,13.7047
1184,39.467,1953,1054,2657,1905,9.5759,12.9335
1185,39.500,1953,1054,2657,1905,9.0373,13.0783
1186,39.533,1953,1054,2657,1905,8.5873,13.3131
1187,39.567,1953,1054,2658,1905,6.5446,10.7151
1188,39.600,1953,1054,2658,1905,6.4509,10.7894
1189,39.633,1953,1054,2658,1905,6.0559,10.7310
1190,39.667,1953,1054,2658,1905,6.5612,10.5587
1191,39.700,1953,1054,2658,1906,6.4740,11.1310
1192,39.733,1953,1054,2657,1906,8.7967,11.2079
1193,39.767,1953,1054,2657,1906,8.4899,11.3561
1194,39.800,1953,1055,2657,1906,6.9637,9.9861
1195,39.833,1953,1054,2657,1906,8.5296,11.3878
1196,39.867,1953,1054,2657,1906,9.6846,13.4774
1197,39.900,1953,1054,2658,1907,8.4926,11.0891
1198,39.933,1953,1054,2658,1908,10.6454,11.1816
1199,39.967,1953,1053,2658,1908,8.4187,11.6774
1200,40.000,1954,1052,2657,1907,6.9379,10.8432
1201,40.033,1954,1052,2657,1907,6.2645,10.5244
1202,40.067,1954,1052,2657,1907,5.9076,10.5506
1203,40.100,1954,1052,2657,1906,8.1861,12.4881
1204,40.133,1954,1051,2657,1907,8.6674,11.8640
1205,40.167,1954,1051,2657,1907,9.5014,11.7832
1206,40.200,1954,1052,2657,1907,6.5592,11.6166
1207,40.233,1954,1051,2657,1907,9.5734,12.0881
1208,40.267,1954,1052,2657,1907,7.0223,11.7864
1209,40.300,1954,1052,2657,1908,9.0810,12.0349
1210,40.333,1954,1052,2657,1908,9.1286,12.2815
1211,40.367,1954,1053,2657,1908,7.3201,10.8959
1212,40.400,1954,1053,2657,1908,7.6002,11.0739
1213,40.433,1954,1053,2658,1908,7.8717,12.7347
1214,40.467,1954,1053,2658,1908,7.5137,12.7483
1215,40.500,1954,1054,2658,1908,6.6868,12.2350
1216,40.533,1954,1053,2658,1908,7.7334,13.7384
1217,40.567,1954,1054,2657,1908,8.7024,13.0046
1218,40.600,1954,1054,2657,1908,8.0278,13.9963
1219,40.633,1954,1054,2658,1909,7.5818,11.5947
1220,40.667,1954,1054,2658,1909,7.6316,11.5334
1221,40.700,1954,1055,2658,1909,7.7765,12.3568
1222,40.733,1954,1055,2658,1909,7.4188,12.8804
1223,40.767,1954,1055,2658,1909,7.5692,13.0955
1224,40.800,1954,1055,2658,1909,7.3693,12.3890
1225,40.833,1954,1055,2658,1909,7.2783,12.2540
1226,40.867,1954,1055,2658,1909,7.2881,12.2535
1227,40.900,1954,1055,2658,1909,7.4780,12.1500
1228,40.933,1954,1054,2658,1908,7.6178,12.4814
1229,40.967,1954,1055,2658,1909,8.9540,13.7310
1230,41.000,1953,1056,2657,1908,12.4583,13.2469
1231,41.033,1953,1056,2657,1908,12.3368,13.3001
1232,41.067,1954,1055,2657,1908,10.0832,12.4796
1233,41.100,1954,1055,2657,1908,10.0153,12.5152
1234,41.133,1954,1055,2657,1908,8.8384,12.5318
1235,41.167,1955,1055,2658,1908,10.1454,13.4284
1236,41.200,1955,1055,2658,1908,10.4032,13.5909
1237,41.233,1955,1055,2658,1907,9.8077,13.0929
1238,41.267,1955,1055,2658,1908,10.7497,12.8244
1239,41.300,1955,1055,2658,1908,11.0144,11.9975
1240,41.333,1955,1055,2658,1908,11.9760,11.6596
1241,41.367,1955,1055,2658,1908,11.9518,12.0410
1242,41.400,1954,1055,2658,1907,11.1028,13.1545
1243,41.433,1954,1055,2658,1907,10.0815,12.7863
1244,41.467,1954,1055,2658,1907,10.4005,13.1553
1245,41.500,1954,1055,2658,1907,10.1915,12.2767
1246,41.533,1954,1056,2658,1906,10.0912,13.4633
1247,41.567,1953,1056,2658,1905,11.3089,12.4908
1248,41.600,1953,1056,2658,1905,11.3508,12.5338
1249,41.633,1953,1056,2658,1906,11.6668,12.6041
1250,41.667,1953,1056,2658,1905,12.5489,12.0385
1251,41.700,1953,1056,2658,1905,12.9379,12.7614
1252,41.733,1953,1056,2659,1906,14.9891,12.5911
1253,41.767,1953,1056,2658,1906,12.9700,13.7905
1254,41.800,1953,1055,2659,1906,10.9287,13.3827
1255,41.833,1953,1054,2659,1905,12.0682,12.6717
1256,41.867,1953,1054,2658,1905,12.6822,14.1951
1257,41.900,1953,1054,2659,1905,12.5417,12.8621
1258,41.933,1953,1054,2659,1906,11.8063,15.0502
1259,41.967,1953,1055,2658,1906,11.3842,13.7464
1260,42.000,1953,1054,2658,1907,11.2134,12.6268
1261,42.033,1953,1054,2658,1907,10.3816,12.2094
1262,42.067,1953,1054,2658,1907,11.3928,11.5576
1263,42.100,1960,1050,2654,1909,2.6589,7.9503
1264,42.133,1959,1051,2657,1907,0.8911,6.2608
1265,42.167,1959,1049,2657,1908,-0.7333,6.3701
1266,42.200,1960,1048,2657,1908,1.4614,6.2770
1267,42.233,1960,1049,2656,1908,3.5753,5.8392
1268,42.267,1957,1051,2655,1909,9.8483,9.2935
1269,42.300,1956,1051,2655,1908,11.4128,10.9135
1270,42.333,1956,1051,2654,1907,9.8385,11.5556
1271,42.367,1955,1052,2654,1907,8.4141,10.9738
1272,42.400,1955,1053,2655,1907,11.5502,14.2184
1273,42.433,1955,1052,2655,1906,12.1841,11.9144
1274,42.467,1955,1052,2656,1907,9.1433,13.7605
1275,42.500,1954,1053,2657,1907,7.6391,11.0615
1276,42.533,1954,1053,2657,1906,8.5776,12.0371
1277,42.567,1954,1053,2657,1906,9.1527,13.0488
1278,42.600,1954,1053,2657,1906,8.8452,13.3373
1279,42.633,1954,1053,2657,1906,9.0341,13.2700
1280,42.667,1953,1053,2657,1906,8.6310,14.0443
1281,42.700,1953,1053,2657,1906,9.9659,13.8840
1282,42.733,1953,1053,2657,1906,9.4619,14.1220
1283,42.767,1953,1053,2657,1907,8.4977,13.4537
1284,42.800,1953,1053,2657,1907,8.9739,13.0162
1285,42.833,1953,1053,2657,1906,9.9122,13.1924
1286,42.867,1953,1053,2657,1906,9.8582,12.9619
1287,42.900,1953,1052,2657,1906,9.8522,12.6943
1288,42.933,1953,1053,2657,1906,9.6363,14.2245
1289,42.967,1954,1054,2656,1906,10.3496,12.5146
1290,43.000,1954,1054,2657,1906,9.9494,13.4410
1291,43.033,1954,1054,2657,1906,8.6422,14.0349
1292,43.067,1954,1054,2657,1906,9.0009,13.6180
1293,43.100,1954,1054,2657,1906,8.4623,13.8805
1294,43.133,1953,1057,2656,1904,9.2800,14.9499
1295,43.167,1953,1057,2656,1905,9.4578,15.1680
1296,43.200,1953,1057,2656,1905,9.9837,14.8011
1297,43.233,1953,1057,2656,1905,9.8846,14.6666
1298,43.267,1953,1057,2656,1905,9.2845,14.0003
1299,43.300,1953,1056,2656,1905,6.2173,13.6272
1300,43.333,1953,1056,2656,1904,7.2854,14.0260
1301,43.367,1953,1057,2656,1905,9.8742,13.3688
1302,43.400,1953,1056,2656,1905,5.8883,13.1728
1303,43.433,1953,1056,2656,1905,5.6561,12.3033
1304,43.467,1953,1057,2656,1905,9.6519,13.2443
1305,43.500,1953,1057,2656,1905,9.1818,13.3546
1306,43.533,1953,1056,2657,1905,7.3165,14.6391
1307,43.567,1954,1056,2657,1905,4.7490,12.7099
1308,43.600,1954,1056,2657,1905,5.8405,12.4823
1309,43.633,1953,1057,2657,1905,6.3893,13.6771
1310,43.667,1953,1056,2657,1905,6.9580,14.7913
1311,43.700,1953,1056,2656,1904,7.2914,14.1976
1312,43.733,1953,1057,2656,1904,5.1666,14.5238
1313,43.767,1953,1057,2656,1903,7.4590,13.5198
1314,43.800,1953,1057,2655,1903,5.3454,15.0084
1315,43.833,1953,1055,2656,1904,2.3699,11.5117
1316,43.867,1953,1056,2656,1904,4.7621,12.6589
1317,43.900,1953,1056,2656,1904,5.9362,11.7144
1318,43.933,1954,1056,2657,1906,4.6232,12.0517
1319,43.967,1954,1057,2657,1906,4.8964,11.2053
1320,44.000,1953,1055,2657,1905,8.6516,13.1994
1321,44.033,1954,1054,2657,1904,5.9798,11.4621
1322,44.067,1953,1055,2657,1904,7.2889,11.4841
1323,44.100,1953,1055,2657,1904,7.1027,11.6894
1324,44.133,1954,1054,2657,1905,1.9609,15.4969
1325,44.167,1954,1054,2657,1904,-0.2080,13.8439
1326,44.200,1954,1054,2657,1905,0.6222,15.4085
1327,44.233,1954,1054,2657,1905,0.3246,15.5443
1328,44.267,1954,1054,2657,1905,-0.7666,14.6535
1329,44.300,1954,1054,2657,1904,-1.3596,14.1410
1330,44.333,1954,1055,2657,1904,-1.9094,12.8823
1331,44.367,1954,1055,2657,1905,-1.8255,12.2446
1332,44.400,1954,1055,2657,1904,-2.9178,12.2989
1333,44.433,1953,1055,2656,1904,-2.5517,12.4337
1334,44.467,1954,1055,2656,1904,-2.6299,16.4437
1335,44.500,1954,1055,2656,1904,-3.7441,15.4670
1336,44.533,1954,1055,2655,1904,-5.4362,13.8878
1337,44.567,1954,1056,2655,1905,-6.3207,12.6695
1338,44.600,1954,1056,2655,1905,-6.5968,12.2480
1339,44.633,1954,1056,2655,1905,-6.2110,12.3865
1340,44.667,1954,1056,2656,1905,-7.0066,11.1777
1341,44.700,1954,1056,2656,1905,-7.0070,11.3552
1342,44.733,1954,1057,2656,1905,-7.5782,12.7112
1343,44.767,1954,1057,2656,1905,-7.6768,12.8524
1344,44.800,1954,1058,2656,1905,-9.1389,14.4759
1345,44.833,1954,1058,2656,1905,-9.1518,13.9038
1346,44.867,1955,1057,2656,1906,-9.4854,13.5768
1347,44.900,1955,1057,2656,1906,-9.2281,13.7440
1348,44.933,1955,1057,2656,1905,-9.9632,13.4324
1349,44.967,1955,1058,2656,1906,-9.6230,13.8570
1350,45.000,1955,1057,2656,1904,-9.6774,14.6477
1351,45.033,1955,1057,2656,1904,-9.1718,14.8631
1352,45.067,1955,1057,2656,1904,-9.4136,14.5676
1353,45.100,1955,1057,2656,1904,-9.1572,14.6663
1354,45.133,1955,1056,2657,1904,-12.4441,13.8426
1355,45.167,1955,1056,2657,1905,-11.4042,13.3579
1356,45.200,1955,1056,2657,1905,-11.4641,13.4272
1357,45.233,1955,1055,2657,1905,-10.3303,13.2959
1358,45.267,1955,1055,2657,1905,-10.3293,13.1115
1359,45.300,1955,1056,2658,1905,-9.7244,12.0876
1360,45.333,1955,1056,2658,1905,-9.2607,12.1614
1361,45.367,1955,1057,2658,1906,-8.7328,13.4152
1362,45.400,1955,1056,2658,1906,-8.7249,12.9380
1363,45.433,1955,1056,2658,1906,-9.1320,13.3731
1364,45.467,1955,1057,2658,1906,-9.2820,13.9616
1365,45.500,1955,1057,2657,1906,-10.7266,13.8584
1366,45.533,1955,1057,2658,1906,-9.3475,13.8676
1367,45.567,1955,1057,2658,1906,-9.7429,14.3684
1368,45.600,1955,1057,2658,1906,-9.5669,14.5961
1369,45.633,1955,1057,2658,1906,-9.8531,14.6304
1370,45.667,1955,1057,2658,1906,-9.9342,15.1184
1371,45.700,1955,1057,2658,1906,-9.7559,14.2039
1372,45.733,1955,1057,2658,1906,-9.5666,14.5889
1373,45.767,1955,1058,2658,1907,-8.9617,14.8703
1374,45.800,1955,1058,2658,1907,-9.6954,15.0118
1375,45.833,1955,1057,2657,1906,-10.7277,12.9708
1376,45.867,1955,1057,2657,1906,-10.6891,12.4141
1377,45.900,1956,1056,2657,1906,-10.6968,14.2297
1378,45.933,1956,1056,2658,1907,-10.0018,11.6167
1379,45.967,1956,1056,2657,1907,-10.1647,12.0663
1380,46.000,1956,1057,2657,1907,-10.0311,13.9902
1381,46.033,1955,1057,2657,1907,-8.9056,15.9280
1382,46.067,1955,1057,2657,1906,-9.6624,16.2574
1383,46.100,1955,1057,2657,1907,-8.6238,15.9389
1384,46.133,1956,1057,2657,1907,-9.9743,13.2459
1385,46.167,1956,1057,2657,1907,-9.7392,12.9180
1386,46.200,1956,1057,2657,1907,-9.8839,13.9251
1387,46.233,1956,1057,2657,1907,-10.0333,14.3088
1388,46.267,1956,1057,2657,1907,-10.8548,14.4803
1389,46.300,1956,1056,2657,1906,-11.3272,15.1962
1390,46.333,1956,1057,2657,1906,-9.3881,15.9049
1391,46.367,1956,1057,2657,1906,-9.8222,16.1167
1392,46.400,1955,1056,2658,1906,-10.1717,15.8703
1393,46.433,1955,1055,2657,1905,-9.6393,14.3880
1394,46.467,1955,1055,2657,1905,-9.8358,14.3789
1395,46.500,1956,1055,2657,1905,-10.3114,14.0816
1396,46.533,1955,1056,2658,1905,-9.8033,15.3642
1397,46.567,1955,1056,2658,1906,-10.2347,15.5203
1398,46.600,1955,1056,2657,1905,-10.3475,15.1927
1399,46.633,1955,1056,2657,1905,-10.6418,15.2509
1400,46.667,1955,1056,2657,1905,-10.6091,15.3015
1401,46.700,1955,1056,2657,1905,-10.8077,15.1183
1402,46.733,1956,1056,2657,1905,-10.0282,14.3181
1403,46.767,1956,1056,2657,1905,-9.8753,14.0302
1404,46.800,1956,1056,2657,1905,-9.9864,14.4134
1405,46.833,1956,1056,2657,1905,-10.1622,15.4598
1406,46.867,1956,1057,2657,1905,-9.4053,15.4348
1407,46.900,1956,1057,2657,1905,-9.3126,15.8594
1408,46.933,1956,1058,2657,1905,-9.2343,13.8561
1409,46.967,1956,1058,2657,1905,-10.1533,14.3700
1410,47.000,1956,1059,2657,1906,-10.2009,14.1420
1411,47.033,1956,1059,2657,1905,-9.4712,14.0427
1412,47.067,1956,1059,2657,1906,-9.5978,13.7672
1413,47.100,1956,1059,2657,1906,-9.7554,13.3208
1414,47.133,1956,1059,2657,1906,-10.5702,13.3701
1415,47.167,1956,1060,2657,1905,-10.0252,13.5091
1416,47.200,1956,1060,2657,1905,-10.3935,13.5921
1417,47.233,1956,1060,2657,1906,-10.9663,11.7997
1418,47.267,1956,1060,2657,1906,-11.3928,11.4115
1419,47.300,1956,1060,2657,1906,-11.3808,11.5822
1420,47.333,1956,1060,2657,1906,-11.5827,11.6966
1421,47.367,1956,1060,2657,1906,-11.3936,11.9844
1422,47.400,1956,1060,2657,1906,-11.2829,12.2497
1423,47.433,1956,1060,2657,1906,-11.3694,12.7975
1424,47.467,1956,1061,2657,1906,-10.9778,13.0133
1425,47.500,1956,1060,2657,1906,-11.1350,12.5118
1426,47.533,1956,1060,2657,1906,-10.8724,12.2095
1427,47.567,1955,1061,2657,1906,-12.1024,13.5220
1428,47.600,1955,1061,2657,1907,-11.4261,13.4758
1429,47.633,1955,1062,2657,1907,-10.9213,12.9228
1430,47.667,1955,1062,2657,1907,-11.0334,12.7530
1431,47.700,1955,1062,2657,1907,-10.5823,12.6554
1432,47.733,1955,1061,2657,1906,-11.4832,12.7067
1433,47.767,1955,1062,2657,1906,-11.4920,11.0873
1434,47.800,1955,1061,2657,1906,-11.3482,13.3048
1435,47.833,1955,1061,2658,1906,-11.7614,11.6568
1436,47.867,1955,1061,2658,1906,-11.6138,11.5785
1437,47.900,1955,1061,2658,1906,-11.2960,11.4929
1438,47.933,1955,1061,2657,1906,-11.2780,13.6987
1439,47.967,1955,1061,2657,1907,-12.2288,13.1352
1440,48.000,1955,1060,2657,1906,-9.6870,12.4445
1441,48.033,1955,1060,2657,1905,-10.0582,13.0859
1442,48.067,1955,1060,2657,1906,-9.5974,12.6643
1443,48.100,1955,1060,2657,1905,-10.0235,12.7784
1444,48.133,1955,1061,2657,1906,-10.9519,14.2634
1445,48.167,1955,1061,2657,1906,-10.8624,14.7598
1446,48.200,1955,1061,2657,1906,-10.9010,14.8126
1447,48.233,1955,1061,2657,1906,-10.8495,14.9233
1448,48.267,1955,1061,2657,1906,-10.9477,15.0068
1449,48.300,1955,1061,2657,1906,-10.6081,15.3094
1450,48.333,1955,1061,2656,1905,-10.2611,15.9005
1451,48.367,1955,1061,2656,1905,-9.8708,15.8019
1452,48.400,1955,1062,2656,1905,-11.1007,15.1144
1453,48.433,1955,1061,2656,1905,-11.0062,16.4062
1454,48.467,1955,1061,2656,1904,-10.6022,14.5436
1455,48.500,1955,1061,2656,1904,-10.9942,14.1175
1456,48.533,1955,1060,2656,1904,-10.9942,13.2089
1457,48.567,1955,1059,2657,1904,-10.8313,14.5433
1458,48.600,1955,1059,2657,1905,-10.2706,13.9543
1459,48.633,1955,1059,2657,1905,-10.3330,14.0744
1460,48.667,1955,1059,2657,1905,-10.4217,13.6353
1461,48.700,1955,1059,2657,1905,-10.4154,13.6227
1462,48.733,1955,1059,2657,1905,-10.8057,14.4923
1463,48.767,1955,1059,2657,1905,-10.3322,14.6137
1464,48.800,1955,1060,2657,1905,-10.5956,14.5208
1465,48.833,1955,1060,2657,1905,-10.3181,15.0427
1466,48.867,1955,1060,2657,1905,-10.2029,14.8094
1467,48.900,1955,1060,2657,1906,-11.0886,13.9824
1468,48.933,1955,1060,2656,1906,-11.5395,13.9250
1469,48.967,1955,1060,2656,1905,-11.7776,14.3812
1470,49.000,1953,1059,2657,1905,-8.7332,12.6615
1471,49.033,1953,1057,2656,1904,-6.8294,13.9328
1472,49.067,1953,1058,2657,1904,-7.8812,11.9543
1473,49.100,1952,1057,2656,1904,-7.5181,15.2287
1474,49.133,1953,1057,2656,1904,-8.6114,13.4062
1475,49.167,1952,1057,2657,1904,-8.3992,11.7748
1476,49.200,1952,1056,2657,1904,-7.9862,12.3131
1477,49.233,1953,1056,2657,1904,-7.4238,13.7668
1478,49.267,1953,1056,2657,1904,-7.1107,14.1518
1479,49.300,1953,1056,2657,1904,-7.3931,14.2801
1480,49.333,1953,1056,2657,1904,-7.1870,14.6293
1481,49.367,1954,1056,2656,1904,-8.4639,13.2812
1482,49.400,1954,1056,2656,1904,-8.5138,13.3526
1483,49.433,1954,1056,2657,1904,-8.4498,12.8758
1484,49.467,1954,1056,2657,1904,-8.3428,12.6792
1485,49.500,1954,1056,2656,1904,-8.2410,13.0774
1486,49.533,1953,1056,2656,1905,-8.5164,14.8784
1487,49.567,1953,1056,2657,1905,-9.5152,15.6211
1488,49.600,1953,1057,2656,1905,-11.4307,17.5938
1489,49.633,1953,1056,2657,1905,-9.2258,15.6065
1490,49.667,1953,1057,2657,1905,-11.1665,12.7113
1491,49.700,1953,1056,2657,1905,-8.2948,15.7056
1492,49.733,1956,1055,2656,1906,-9.4180,12.1819
1493,49.767,1956,1055,2656,1906,-9.2613,12.1865
1494,49.800,1955,1056,2656,1906,-10.8303,12.3552
1495,49.833,1956,1056,2656,1905,-11.4429,12.5339
1496,49.867,1955,1056,2656,1905,-9.6316,11.3564
1497,49.900,1955,1056,2656,1905,-9.6866,11.6027
1498,49.933,1955,1057,2656,1905,-9.8368,11.5240
1499,49.967,1956,1057,2656,1905,-8.9904,13.3311
1500,50.000,1955,1056,2655,1906,-11.6741,12.3033
1501,50.033,1955,1056,2655,1906,-11.5563,12.1829
1502,50.067,1955,1056,2655,1906,-11.6514,12.0524
1503,50.100,1955,1056,2655,1906,-11.8484,12.3667
1504,50.133,1955,1056,2655,1906,-11.7596,12.0051
1505,50.167,1955,1055,2655,1906,-11.5396,12.0830
1506,50.200,1955,1055,2656,1906,-11.2493,12.0944
1507,50.233,1955,1055,2656,1905,-10.6516,13.9041
1508,50.267,1955,1054,2656,1905,-11.1825,10.9610
1509,50.300,1955,1054,2656,1905,-9.9916,13.5617
1510,50.333,1955,1054,2656,1905,-10.1363,13.5990
1511,50.367,1955,1054,2656,1905,-11.2962,12.4081
1512,50.400,1955,1054,2655,1904,-10.8869,13.3106
1513,50.433,1955,1054,2656,1905,-10.0883,13.3858
1514,50.467,1955,1054,2656,1905,-10.4752,13.3514
1515,50.500,1955,1054,2656,1905,-10.4455,13.2552
1516,50.533,1955,1054,2656,1905,-10.8309,13.0200
1517,50.567,1955,1054,2656,1905,-11.0638,13.1756
1518,50.600,1955,1054,2656,1905,-10.9764,13.2804
1519,50.633,1955,1054,2656,1905,-11.1948,13.5376
1520,50.667,1955,1054,2656,1905,-11.1640,13.4601
1521,50.700,1955,1054,2656,1905,-10.9577,11.4834
1522,50.733,1955,1053,2655,1905,-12.1223,11.6836
1523,50.767,1955,1053,2655,1905,-12.5909,10.8164
1524,50.800,1955,1054,2655,1905,-13.4125,9.5181
1525,50.833,1955,1053,2655,1904,-13.7822,11.2520
1526,50.867,1955,1053,2656,1905,-12.3639,10.9750
1527,50.900,1956,1055,2656,1906,-17.2551,11.6663
1528,50.933,1956,1056,2657,1905,-19.0111,11.6528
1529,50.967,1956,1056,2657,1905,-18.4064,11.7200
1530,51.000,1956,1055,2657,1905,-18.9787,12.3423
1531,51.033,1956,1055,2657,1905,-18.3165,12.0883
1532,51.067,1956,1055,2657,1905,-18.4830,11.9842
1533,51.100,1956,1055,2657,1904,-18.6286,14.6129
1534,51.133,1956,1055,2657,1904,-19.4885,13.3282
1535,51.167,1956,1055,2657,1905,-19.6063,12.8434
1536,51.200,1956,1055,2657,1905,-19.7917,12.5490
1537,51.233,1957,1055,2657,1905,-20.2737,13.6760
1538,51.267,1957,1055,2657,1904,-19.5186,12.4147
1539,51.300,1958,1055,2657,1904,-19.3732,12.4563
1540,51.333,1958,1055,2658,1905,-18.3847,12.5234
1541,51.367,1958,1056,2658,1905,-17.2120,12.4775
1542,51.400,1957,1056,2658,1905,-18.2688,12.7924
1543,51.433,1958,1056,2658,1905,-17.0271,12.3872
1544,51.467,1958,1056,2658,1905,-17.2950,12.0284
1545,51.500,1957,1056,2658,1905,-17.8412,13.1703
1546,51.533,1957,1056,2658,1905,-18.0018,13.5391
1547,51.567,1958,1056,2659,1905,-18.4479,12.3348
1548,51.600,1957,1056,2658,1905,-17.3551,13.4884
1549,51.633,1957,1056,2659,1905,-17.1426,13.4159
1550,51.667,1957,1056,2658,1905,-17.2230,12.9781
1551,51.700,1957,1057,2658,1905,-17.5076,13.1086
1552,51.733,1957,1056,2658,1904,-16.7194,12.1682
1553,51.767,1957,1056,2658,1904,-16.5551,12.2632
1554,51.800,1957,1056,2658,1904,-16.6999,11.9540
1555,51.833,1957,1056,2657,1903,-19.3460,13.9482
1556,51.867,1957,1056,2657,1904,-18.3987,13.0995
1557,51.900,1957,1056,2657,1904,-18.6507,13.0637
1558,51.933,1957,1056,2657,1904,-19.3761,12.3321
1559,51.967,1957,1056,2658,1904,-17.2418,12.3647
1560,52.000,1957,1057,2658,1904,-17.3195,12.4386
1561,52.033,1957,1056,2659,1904,-18.0346,13.0633
1562,52.067,1957,1057,2659,1904,-17.3953,13.8080
1563,52.100,1958,1057,2659,1904,-17.7202,13.7296
1564,52.133,1958,1057,2659,1904,-17.5866,12.9820
1565,52.167,1958,1057,2659,1904,-17.5805,12.5454
1566,52.200,1958,1057,2659,1904,-17.7806,12.6830
1567,52.233,1958,1057,2659,1904,-17.7219,12.7090
1568,52.267,1958,1057,2659,1904,-17.0872,12.7770
1569,52.300,1957,1057,2659,1904,-17.9681,14.4171
1570,52.333,1958,1057,2659,1904,-18.1807,15.7195
1571,52.367,1958,1058,2659,1905,-19.0761,13.1859
1572,52.400,1959,1058,2659,1905,-18.2393,13.5478
1573,52.433,1959,1057,2659,1905,-19.0307,11.9535
1574,52.467,1960,1054,2658,1905,-18.0136,10.6175
1575,52.500,1964,1054,2657,1907,-18.0036,6.6451
1576,52.533,1964,1053,2658,1907,-17.6806,8.5895
1577,52.567,1965,1054,2657,1907,-17.9606,8.0428
1578,52.600,1964,1054,2657,1906,-19.5884,7.4971
1579,52.633,1964,1054,2656,1906,-19.6730,7.3285
1580,52.667,1964,1051,2656,1904,-19.9589,9.5579
1581,52.700,1962,1052,2656,1903,-19.8994,13.4491
1582,52.733,1962,1052,2656,1903,-19.8938,13.5034
1583,52.767,1961,1054,2657,1903,-17.0212,15.1747
1584,52.800,1962,1054,2657,1903,-19.1301,11.9961
1585,52.833,1961,1054,2657,1902,-19.3197,12.4049
1586,52.867,1961,1054,2657,1902,-19.3469,12.2464
1587,52.900,1960,1054,2657,1902,-19.1280,12.1172
1588,52.933,1960,1054,2657,1902,-18.7463,11.8367
1589,52.967,1959,1054,2657,1902,-18.6820,12.7952
1590,53.000,1959,1056,2657,1903,-18.8007,11.7743
1591,53.033,1958,1057,2656,1903,-18.1609,12.4617
1592,53.067,1958,1057,2655,1903,-18.2137,10.5356
1593,53.100,1958,1058,2656,1904,-18.8557,12.1645
1594,53.133,1958,1058,2655,1904,-18.4438,11.0856
1595,53.167,1958,1058,2655,1904,-19.6780,11.5652
1596,53.200,1958,1058,2656,1904,-20.4746,11.0732
1597,53.233,1959,1059,2657,1904,-20.3694,9.9712
1598,53.267,1959,1058,2656,1904,-19.8561,11.1256
1599,53.300,1959,1058,2657,1904,-20.9628,11.3224
1600,53.333,1959,1059,2658,1904,-18.0118,8.9999
1601,53.367,1959,1058,2657,1905,-19.5347,10.9817
1602,53.400,1959,1059,2657,1906,-19.3432,11.3834
1603,53.433,1960,1060,2657,1906,-18.3354,12.1683
1604,53.467,1960,1060,2657,1907,-20.0564,10.0159
1605,53.500,1961,1060,2657,1906,-19.3834,11.5229
1606,53.533,1961,1061,2657,1908,-19.4364,11.0939
1607,53.567,1962,1060,2657,1908,-20.3008,11.2088
1608,53.600,1962,1059,2658,1908,-20.7600,11.7364
1609,53.633,1963,1059,2658,1909,-21.0878,13.3311
1610,53.667,1963,1059,2658,1909,-21.2701,12.5278
1611,53.700,1963,1059,2658,1909,-22.4155,13.4980
1612,53.733,1963,1060,2658,1908,-22.6669,12.3549
1613,53.767,1963,1061,2658,1909,-22.5006,12.3362
1614,53.800,1963,1061,2658,1909,-21.7121,12.8444
1615,53.833,1963,1061,2658,1909,-21.3484,13.7915
1616,53.867,1963,1061,2659,1909,-21.2827,13.2734
1617,53.900,1963,1061,2659,1910,-20.5085,13.0375
1618,53.933,1962,1062,2659,1910,-20.9668,13.8561
1619,53.967,1963,1061,2659,1910,-20.7597,12.0970
1620,54.000,1963,1061,2658,1910,-20.8391,12.7609
1621,54.033,1964,1062,2657,1909,-20.2091,12.1935
1622,54.067,1964,1062,2657,1909,-20.7404,12.9229
1623,54.100,1964,1062,2656,1908,-20.1467,14.8635
1624,54.133,1965,1063,2655,1909,-20.0582,13.6093
1625,54.167,1965,1062,2655,1908,-19.1909,12.2396
1626,54.200,1965,1063,2654,1907,-19.5040,14.0923
1627,54.233,1965,1062,2656,1908,-20.0036,13.0844
1628,54.267,1965,1061,2657,1910,-20.0016,12.8866
1629,54.300,1964,1060,2656,1908,-19.3609,14.0919
1630,54.333,1963,1061,2655,1908,-19.0914,15.7971
1631,54.367,1962,1059,2655,1907,-19.6603,12.7900
1632,54.400,1961,1058,2655,1908,-19.3349,10.0486
1633,54.433,1960,1057,2654,1907,-20.2055,10.4037
1634,54.467,1960,1057,2654,1907,-20.8034,11.1503
1635,54.500,1959,1057,2653,1908,-19.4877,10.3748
1636,54.533,1959,1057,2653,1909,-20.5498,10.1918
1637,54.567,1959,1058,2653,1909,-20.8495,11.4351
1638,54.600,1959,1058,2653,1909,-20.9674,11.2478
1639,54.633,1959,1058,2653,1908,-20.0776,12.3421
1640,54.667,1959,1058,2653,1909,-20.1572,11.2845
1641,54.700,1959,1058,2653,1908,-20.7576,11.9858
1642,54.733,1959,1058,2654,1907,-19.8783,12.5326
1643,54.767,1960,1057,2653,1907,-20.5544,12.1434
1644,54.800,1960,1057,2653,1907,-20.1169,12.5178
1645,54.833,1960,1059,2654,1907,-19.8251,14.6276
1646,54.867,1961,1058,2654,1905,-21.1548,12.5501
1647,54.900,1961,1059,2655,1908,-19.1400,12.8889
1648,54.933,1961,1058,2657,1914,-18.8629,12.3257
1649,54.967,1961,1058,2656,1913,-17.6037,10.0885
1650,55.000,1961,1058,2655,1912,-19.0055,11.7320
1651,55.033,1961,1059,2655,1910,-19.7861,11.1110
1652,55.067,1960,1059,2655,1911,-20.0902,11.2656
1653,55.100,1960,1058,2656,1908,-20.7092,13.4133
1654,55.133,1960,1059,2657,1908,-19.1817,10.9976
1655,55.167,1960,1059,2657,1907,-18.9201,10.8141
1656,55.200,1960,1059,2657,1907,-18.5943,10.3563
1657,55.233,1960,1059,2657,1907,-17.9438,11.3255
1658,55.267,1959,1059,2657,1907,-18.5647,12.0584
1659,55.300,1959,1059,2657,1906,-18.1247,12.2271
1660,55.333,1959,1059,2657,1907,-18.3274,12.6112
1661,55.367,1959,1059,2657,1907,-18.6104,12.5952
1662,55.400,1959,1059,2657,1907,-18.8987,12.9954
1663,55.433,1959,1059,2657,1907,-19.0743,13.1802
1664,55.467,1959,1059,2657,1907,-19.4161,12.8925
1665,55.500,1959,1059,2656,1906,-20.1193,12.8481
1666,55.533,1958,1059,2656,1906,-18.7771,13.2669
1667,55.567,1959,1060,2656,1905,-18.3694,12.7807
1668,55.600,1958,1060,2656,1906,-20.3259,12.8193
1669,55.633,1959,1060,2656,1905,-19.0414,11.4968
1670,55.667,1959,1059,2655,1904,-19.1523,11.2130
1671,55.700,1959,1059,2655,1904,-19.3981,11.2760
1672,55.733,1959,1059,2655,1904,-19.2089,11.0694
1673,55.767,1959,1059,2655,1904,-18.8578,11.1606
1674,55.800,1959,1059,2656,1904,-17.9403,11.7117
1675,55.833,1959,1058,2655,1905,-18.1850,11.3555
1676,55.867,1959,1058,2655,1905,-18.3245,11.5429
1677,55.900,1959,1058,2655,1905,-19.0965,10.5497
1678,55.933,1958,1059,2655,1908,-19.7744,10.7590
1679,55.967,1958,1061,2653,1911,-19.7231,12.5565
1680,56.000,1957,1064,2655,1916,-17.3773,9.9938
1681,56.033,1959,1065,2655,1918,-17.5642,10.3484
1682,56.067,1961,1065,2656,1920,-16.0629,10.8109
1683,56.100,1960,1064,2658,1924,-17.8876,8.2157
1684,56.133,1960,1065,2659,1926,-17.8249,10.1902
1685,56.167,1962,1063,2657,1926,-19.6067,12.1628
1686,56.200,1963,1070,2660,1937,-19.3689,13.8631
1687,56.233,1963,1072,2661,1937,-20.9239,12.1377
1688,56.267,1963,1071,2662,1941,-18.1343,10.9843
1689,56.300,1963,1071,2661,1940,-17.6708,11.3454
1690,56.333,1962,1069,2660,1939,-10.1937,12.7226
1691,56.367,1961,1069,2660,1939,-9.9580,11.1918
1692,56.400,1962,1068,2660,1938,-9.0139,11.1087
1693,56.433,1962,1066,2659,1934,-7.4117,9.9861
1694,56.467,1963,1067,2658,1934,-7.1927,8.7722
1695,56.500,1963,1065,2658,1934,-7.5646,11.4056
1696,56.533,1962,1065,2658,1934,-6.6944,9.8155
1697,56.567,1961,1064,2657,1932,-7.0745,9.9249
1698,56.600,1961,1062,2657,1931,-8.9530,10.2034
1699,56.633,1960,1063,2657,1931,-8.6169,8.1345
1700,56.667,1961,1060,2657,1934,-11.0202,5.8065
1701,56.700,1961,1060,2657,1934,-9.4659,6.0319
1702,56.733,1961,1061,2657,1934,-8.6271,7.2067
1703,56.767,1962,1061,2657,1935,-9.2522,6.8734
1704,56.800,1961,1060,2657,1935,-8.7261,4.8970
1705,56.833,1964,1066,2660,1939,-7.3059,8.2724
1706,56.867,1965,1071,2662,1943,-6.9376,6.5964
1707,56.900,1966,1073,2663,1944,-10.0345,8.6485
1708,56.933,1968,1077,2664,1947,-9.9297,8.4572
1709,56.967,1968,1075,2664,1946,-10.7753,7.3123
1710,57.000,1969,1072,2664,1944,-7.4894,8.8840
1711,57.033,1969,1069,2663,1942,-10.7911,7.2795
1712,57.067,1969,1067,2663,1942,-10.1153,6.9444
1713,57.100,1968,1067,2663,1940,-11.4584,7.2329
1714,57.133,1968,1064,2662,1940,-9.7438,7.3082
1715,57.167,1966,1065,2661,1940,-7.7771,10.6406
1716,57.200,1964,1066,2661,1939,-8.7960,7.6421
1717,57.233,1965,1065,2661,1940,-10.7766,10.0362
1718,57.267,1964,1065,2660,1941,-10.4675,8.7129
1719,57.300,1963,1067,2660,1942,-9.2932,8.3571
1720,57.333,1963,1068,2661,1943,-8.4409,7.2054
1721,57.367,1963,1067,2661,1942,-8.7344,8.8493
1722,57.400,1962,1066,2660,1941,-10.6460,8.5668
1723,57.433,1963,1065,2660,1940,-9.0711,7.7705
1724,57.467,1964,1065,2661,1940,-8.8711,8.8195
1725,57.500,1963,1065,2661,1940,-9.2330,8.1778
1726,57.533,1964,1067,2663,1940,-8.2615,7.9752
1727,57.567,1967,1067,2664,1941,-7.2891,9.9167
1728,57.600,1968,1069,2665,1943,-7.4508,8.5264
1729,57.633,1971,1071,2666,1945,-4.6222,2.9186
1730,57.667,1971,1077,2666,1942,-5.5869,1.4266
1731,57.700,1974,1082,2673,1944,0.2620,-0.8370
1732,57.733,1974,1082,2676,1947,-6.4695,-0.4784
1733,57.767,1974,1082,2677,1949,-5.9115,-2.3369
1734,57.800,1974,1081,2677,1949,-9.6834,4.3753
1735,57.833,1976,1080,2679,1948,-10.4869,3.8977
1736,57.867,1976,1082,2679,1950,-9.0761,3.5036
1737,57.900,1976,1082,2681,1951,-9.5765,6.1446
1738,57.933,1976,1083,2684,1951,-8.2136,6.4881
1739,57.967,1977,1082,2684,1952,-9.2130,8.6637
1740,58.000,1978,1082,2686,1954,-9.7962,7.5385
1741,58.033,1977,1082,2685,1954,-9.8892,8.4256
1742,58.067,1977,1083,2685,1953,-9.1868,9.6828
1743,58.100,1976,1081,2685,1953,-8.8472,9.1548
1744,58.133,1976,1081,2684,1955,-10.2636,4.7846
1745,58.167,1976,1080,2684,1953,-8.0892,6.1589
1746,58.200,1976,1078,2682,1952,-9.6897,7.8292
1747,58.233,1977,1079,2680,1951,-8.7141,7.7570
1748,58.267,1977,1079,2680,1951,-8.7659,5.6364
1749,58.300,1975,1077,2674,1947,-9.4653,7.3603
1750,58.333,1972,1075,2671,1944,-10.1362,7.1426
1751,58.367,1972,1072,2670,1942,-9.0759,5.9942
1752,58.400,1972,1068,2668,1942,-8.2914,5.2281
1753,58.433,1971,1068,2667,1940,-9.0385,6.8868
1754,58.467,1970,1069,2667,1939,-9.8052,7.3892
1755,58.500,1969,1069,2667,1939,-10.2726,7.2265
1756,58.533,1970,1069,2666,1940,-7.3483,5.2925
1757,58.567,1969,1068,2666,1942,-7.5662,6.6197
1758,58.600,1969,1068,2666,1941,-7.5480,7.0002
1759,58.633,1969,1068,2666,1942,-8.2591,6.8122
1760,58.667,1969,1068,2666,1942,-8.2679,7.1057
1761,58.700,1969,1067,2665,1941,-9.3026,6.3689
1762,58.733,1970,1070,2661,1942,-9.7477,2.1132
1763,58.767,1970,1070,2661,1942,-9.3075,1.7712
1764,58.800,1970,1072,2663,1942,-7.4556,0.7319
1765,58.833,1971,1064,2667,1946,-8.9622,1.9786
1766,58.867,1968,1069,2664,1942,-7.6058,4.8272
1767,58.900,1968,1071,2665,1941,-7.9158,6.3378
1768,58.933,1971,1064,2669,1944,-8.4532,6.7753
1769,58.967,1968,1071,2666,1941,-8.0896,4.7888
1770,59.000,1969,1070,2667,1940,-9.4096,6.3855
1771,59.033,1970,1070,2667,1939,-9.4227,4.9697
1772,59.067,1970,1070,2667,1940,-11.1851,5.7560
1773,59.100,1970,1070,2667,1939,-9.4684,3.9049
1774,59.133,1970,1070,2667,1939,-9.4212,4.2923
1775,59.167,1970,1069,2668,1939,-9.2549,6.6340
1776,59.200,1970,1069,2668,1939,-9.8038,5.3587
1777,59.233,1970,1068,2668,1939,-9.8944,6.5277
1778,59.267,1970,1068,2668,1939,-9.3483,6.4477
1779,59.300,1970,1067,2668,1939,-9.2687,6.5338
1780,59.333,1970,1066,2668,1938,-9.6595,6.0435
1781,59.367,1970,1066,2668,1938,-9.6266,6.0250
1782,59.400,1970,1066,2669,1938,-9.1256,5.8845
1783,59.433,1970,1066,2669,1938,-8.9320,6.2713
1784,59.467,1970,1066,2669,1938,-8.6340,6.0178
1785,59.500,1970,1067,2669,1938,-8.8944,7.8732
1786,59.533,1970,1067,2669,1938,-8.8772,7.7675
1787,59.567,1970,1066,2669,1938,-9.3033,6.3817
1788,59.600,1969,1066,2669,1938,-8.4449,6.2804
1789,59.633,1969,1066,2669,1938,-8.5444,6.4178
1790,59.667,1969,1066,2668,1938,-8.2881,5.9926
1791,59.700,1969,1066,2668,1939,-9.7744,7.0374
1792,59.733,1969,1066,2668,1939,-9.4784,6.2806
1793,59.767,1968,1066,2668,1939,-9.5078,6.3548
1794,59.800,1969,1067,2668,1939,-10.0403,6.9621
1795,59.833,1969,1068,2668,1940,-8.4587,9.1912
1796,59.867,1970,1068,2668,1940,-10.8297,7.7280
1797,59.900,1970,1068,2668,1940,-10.7561,7.6397
1798,59.933,1970,1068,2668,1940,-10.3001,8.4586
1799,59.967,1970,1068,2668,1940,-10.5869,8.0650
1800,60.000,1970,1066,2667,1939,-10.0322,6.6486
1801,60.033,1970,1066,2667,1939,-9.9709,6.4986
1802,60.067,1970,1066,2667,1939,-9.7432,6.5558
1803,60.100,1970,1066,2667,1939,-9.9696,6.6325
1804,60.133,1970,1066,2667,1940,-10.7837,6.3356
1805,60.167,1970,1066,2667,1940,-10.5365,6.4631
1806,60.200,1970,1066,2667,1940,-10.7135,6.2211
1807,60.233,1970,1066,2667,1940,-10.5574,6.5401
1808,60.267,1970,1066,2667,1940,-10.6761,6.4720
1809,60.300,1970,1068,2667,1940,-9.7139,7.0098
1810,60.333,1970,1068,2667,1939,-10.5060,7.0445
1811,60.367,1969,1068,2667,1939,-10.2810,6.1186
1812,60.400,1969,1069,2667,1939,-10.0317,6.1882
1813,60.433,1969,1069,2667,1940,-11.0367,7.4611
1814,60.467,1969,1069,2667,1939,-10.7682,7.6238
1815,60.500,1969,1069,2666,1939,-10.9521,7.3072
1816,60.533,1969,1068,2666,1940,-11.2969,6.6423
1817,60.567,1969,1068,2666,1939,-11.6127,7.0248
1818,60.600,1969,1068,2666,1939,-11.8206,6.9203
1819,60.633,1969,1068,2666,1939,-11.9437,6.9777
1820,60.667,1969,1068,2666,1939,-11.5060,6.8231
1821,60.700,1969,1068,2666,1939,-11.6455,7.2162
1822,60.733,1969,1068,2666,1939,-11.5989,7.1198
1823,60.767,1969,1068,2666,1939,-11.4333,7.0346
1824,60.800,1969,1068,2666,1939,-11.3477,6.8948
1825,60.833,1969,1068,2666,1939,-11.2014,6.6742
1826,60.867,1969,1068,2666,1939,-10.9340,6.5332
1827,60.900,1969,1067,2666,1939,-10.9145,6.6152
1828,60.933,1969,1067,2665,1940,-11.4193,6.1361
1829,60.967,1969,1067,2665,1939,-10.7507,7.2632
1830,61.000,1969,1069,2667,1940,-10.0133,6.0449
1831,61.033,1969,1069,2667,1939,-9.8864,6.5898
1832,61.067,1969,1069,2667,1939,-9.7042,7.4333
1833,61.100,1969,1069,2667,1939,-9.7402,7.4488
1834,61.133,1969,1070,2667,1940,-9.4901,7.3537
1835,61.167,1969,1070,2667,1939,-9.9078,8.2906
1836,61.200,1969,1070,2667,1939,-9.8204,8.2392
1837,61.233,1969,1069,2667,1939,-9.2757,6.6542
1838,61.267,1969,1069,2667,1939,-8.0774,6.2720
1839,61.300,1969,1069,2666,1939,-10.5292,6.3918
1840,61.333,1969,1069,2667,1939,-9.0917,5.8631
1841,61.367,1969,1069,2666,1939,-10.6199,6.2359
1842,61.400,1969,1069,2666,1939,-10.4454,6.6448
1843,61.433,1969,1069,2666,1939,-10.3651,7.0372
1844,61.467,1969,1069,2666,1939,-10.1113,7.1081
1845,61.500,1969,1069,2666,1939,-10.3632,6.9615
1846,61.533,1969,1069,2666,1939,-10.0999,7.4731
1847,61.567,1969,1069,2666,1938,-10.5831,6.8005
1848,61.600,1969,1069,2666,1938,-10.3283,6.6341
1849,61.633,1969,1069,2666,1938,-10.0932,6.8986
1850,61.667,1969,1069,2666,1938,-9.8766,6.5701
1851,61.700,1969,1070,2665,1938,-8.3545,7.0391
1852,61.733,1969,1070,2665,1939,-9.3410,7.6342
1853,61.767,1969,1070,2665,1939,-9.7878,8.0079
1854,61.800,1968,1070,2665,1938,-8.7252,5.8777
1855,61.833,1969,1070,2665,1939,-9.2873,7.2351
1856,61.867,1969,1070,2665,1939,-8.8989,6.7629
1857,61.900,1969,1070,2665,1939,-9.0615,6.8785
1858,61.933,1969,1070,2665,1939,-9.0792,6.1564
1859,61.967,1969,1070,2665,1939,-8.5015,6.5061
1860,62.000,1969,1069,2665,1940,-8.8917,6.4141
1861,62.033,1968,1069,2665,1940,-9.0344,5.0869
1862,62.067,1968,1069,2665,1940,-9.1404,4.9451
1863,62.100,1968,1069,2665,1940,-9.0264,5.1150
1864,62.133,1968,1069,2665,1939,-9.0246,5.5953
1865,62.167,1967,1069,2665,1940,-8.8687,3.9957
1866,62.200,1967,1069,2665,1939,-8.5358,4.3345
1867,62.233,1968,1069,2665,1939,-8.9593,5.8249
1868,62.267,1967,1069,2665,1939,-8.7201,3.9987
1869,62.300,1968,1069,2665,1940,-9.3203,5.0894
1870,62.333,1967,1069,2665,1939,-8.9817,4.5169
1871,62.367,1968,1068,2665,1940,-10.0029,6.2814
1872,62.400,1968,1069,2666,1941,-9.4446,5.5820
1873,62.433,1968,1068,2666,1941,-9.1813,7.2901
1874,62.467,1968,1068,2666,1941,-8.9860,7.3356
1875,62.500,1968,1068,2666,1941,-9.1805,6.6857
1876,62.533,1968,1068,2666,1941,-9.4374,6.1582
1877,62.567,1968,1068,2666,1941,-9.4025,5.9852
1878,62.600,1968,1068,2664,1937,-9.6424,8.1624
1879,62.633,1968,1068,2664,1937,-10.2316,8.2935
1880,62.667,1968,1068,2664,1937,-9.7132,8.8059
1881,62.700,1968,1068,2664,1937,-9.8395,8.0398
1882,62.733,1968,1068,2664,1937,-9.8561,8.0640
1883,62.767,1968,1068,2664,1937,-9.7431,8.0182
1884,62.800,1967,1068,2664,1937,-8.6742,6.8884
1885,62.833,1967,1068,2664,1937,-8.2373,7.0649
1886,62.867,1967,1068,2664,1937,-8.5483,6.8286
1887,62.900,1967,1068,2664,1937,-8.7245,6.2428
1888,62.933,1967,1068,2664,1937,-8.1844,6.3062
1889,62.967,1967,1068,2664,1937,-8.9340,6.0614
1890,63.000,1968,1068,2665,1937,-10.5447,7.6652
1891,63.033,1968,1068,2665,1937,-10.7538,7.6819
1892,63.067,1968,1068,2665,1937,-10.6917,8.7691
1893,63.100,1968,1068,2664,1937,-10.9662,8.3790
1894,63.133,1968,1068,2664,1937,-10.9076,8.3827
1895,63.167,1968,1068,2664,1938,-11.2820,9.1373
1896,63.200,1968,1068,2664,1938,-11.9715,9.3383
1897,63.233,1968,1068,2665,1939,-11.4760,9.1011
1898,63.267,1971,1064,2668,1941,-12.9340,8.5795
1899,63.300,1971,1063,2668,1941,-12.3816,8.8326
1900,63.333,1971,1064,2668,1941,-12.1081,7.7970
1901,63.367,1971,1064,2668,1941,-12.1014,7.8484
1902,63.400,1971,1064,2668,1941,-12.4434,7.8200
1903,63.433,1971,1064,2668,1942,-12.5888,8.5883
1904,63.467,1971,1064,2668,1942,-12.6091,8.7674
1905,63.500,1971,1064,2668,1941,-13.4970,8.1403
1906,63.533,1968,1068,2665,1939,-14.2022,6.6763
1907,63.567,1971,1064,2668,1941,-14.6291,8.0196
1908,63.600,1967,1068,2665,1938,-13.0306,7.3396
1909,63.633,1971,1064,2668,1941,-14.4400,6.9261
1910,63.667,1971,1063,2668,1941,-13.4546,7.3534
1911,63.700,1971,1063,2668,1942,-12.9353,6.6539
1912,63.733,1970,1063,2668,1942,-13.0725,6.9484
1913,63.767,1970,1064,2668,1942,-15.4243,6.3155
1914,63.800,1970,1063,2668,1942,-12.9030,7.6202
1915,63.833,1970,1062,2668,1941,-11.4238,10.2663
1916,63.867,1969,1063,2667,1941,-11.9536,9.6478
1917,63.900,1969,1063,2667,1941,-11.5975,9.3171
1918,63.933,1969,1062,2667,1940,-10.7100,9.8055
1919,63.967,1969,1062,2667,1941,-9.5175,10.6005
1920,64.000,1969,1062,2667,1941,-10.1055,11.4559
1921,64.033,1969,1062,2667,1941,-9.9862,11.8232
1922,64.067,1969,1062,2667,1940,-10.0667,11.2446
1923,64.100,1969,1062,2667,1940,-9.7541,10.8853
1924,64.133,1969,1062,2667,1940,-10.1066,10.6908
1925,64.167,1969,1062,2667,1940,-10.3945,10.8094
1926,64.200,1969,1063,2667,1940,-9.5292,10.1436
1927,64.233,1969,1063,2667,1940,-9.6976,10.0070
1928,64.267,1969,1063,2667,1940,-9.8564,10.6744
1929,64.300,1969,1063,2667,1940,-9.8549,10.5503
1930,64.333,1969,1062,2667,1940,-10.2578,10.5387
1931,64.367,1969,1063,2666,1940,-10.7434,10.5205
1932,64.400,1969,1063,2667,1940,-10.4684,9.2697
1933,64.433,1969,1064,2667,1939,-11.3470,7.8499
1934,64.467,1969,1064,2667,1939,-11.6870,7.6625
1935,64.500,1969,1064,2666,1939,-10.5403,10.3985
1936,64.533,1969,1064,2666,1939,-10.7992,10.2313
1937,64.567,1969,1063,2666,1940,-11.4860,10.2141
1938,64.600,1969,1063,2666,1939,-11.4084,9.6025
1939,64.633,1969,1064,2666,1939,-11.7518,10.0252
1940,64.667,1969,1064,2666,1939,-11.8290,9.9676
1941,64.700,1969,1063,2666,1940,-12.8684,9.8046
1942,64.733,1969,1063,2666,1940,-12.6581,9.1134
1943,64.767,1969,1063,2666,1940,-12.6782,8.8629
1944,64.800,1969,1063,2666,1940,-12.3644,9.2075
1945,64.833,1969,1063,2666,1940,-12.4613,8.8760
1946,64.867,1969,1063,2666,1940,-12.4025,8.9163
1947,64.900,1969,1063,2666,1940,-12.3019,9.0713
1948,64.933,1969,1063,2666,1940,-12.3163,9.0119
1949,64.967,1969,1063,2666,1940,-12.9628,8.8023
1950,65.000,1969,1062,2666,1940,-12.4972,10.4607
1951,65.033,1969,1062,2666,1940,-12.8311,10.7263
1952,65.067,1969,1063,2666,1940,-12.7592,9.3370
1953,65.100,1969,1063,2666,1940,-13.3687,9.1912
1954,65.133,1969,1062,2666,1939,-13.0304,9.9021
1955,65.167,1969,1062,2666,1939,-12.5658,9.5874
1956,65.200,1969,1062,2666,1939,-12.3294,9.7592
1957,65.233,1969,1062,2666,1939,-12.5792,9.7473
1958,65.267,1969,1062,2665,1940,-14.4599,10.0930
1959,65.300,1969,1063,2665,1939,-13.2752,10.4362
1960,65.333,1969,1063,2666,1939,-10.7095,9.9718
1961,65.367,1969,1062,2666,1939,-9.9862,11.5582
1962,65.400,1969,1062,2666,1940,-10.3784,12.1531
1963,65.433,1969,1062,2666,1940,-10.3908,12.1467
1964,65.467,1969,1063,2666,1940,-9.5719,10.6229
1965,65.500,1969,1063,2666,1940,-9.4184,10.5045
1966,65.533,1969,1063,2666,1940,-9.8979,10.2382
1967,65.567,1969,1063,2665,1940,-10.7213,10.6940
1968,65.600,1969,1063,2666,1940,-10.1783,9.8872
1969,65.633,1969,1063,2666,1940,-10.1571,9.9038
1970,65.667,1969,1062,2665,1940,-11.8028,10.4766
1971,65.700,1969,1063,2665,1940,-10.3452,11.2256
1972,65.733,1969,1062,2665,1940,-11.9955,11.4028
1973,65.767,1969,1062,2666,1940,-9.4771,13.3283
1974,65.800,1966,1066,2663,1936,-10.9692,10.1601
1975,65.833,1969,1062,2666,1939,-10.2330,10.7135
1976,65.867,1969,1062,2666,1939,-10.3077,11.2931
1977,65.900,1969,1062,2666,1939,-9.9948,11.2938
1978,65.933,1969,1063,2666,1939,-9.6355,8.0363
1979,65.967,1969,1063,2666,1940,-9.8735,8.4954
1980,66.000,1969,1063,2666,1940,-10.8791,9.2256
1981,66.033,1969,1063,2666,1940,-10.8071,8.7184
1982,66.067,1969,1063,2666,1940,-10.7829,8.6906
1983,66.100,1968,1063,2666,1940,-10.6212,8.9564
1984,66.133,1969,1063,2666,1939,-11.1858,8.5071
1985,66.167,1969,1063,2666,1939,-11.2069,8.2679
1986,66.200,1969,1063,2666,1940,-11.3786,8.5797
1987,66.233,1969,1063,2666,1940,-11.1102,8.7197
1988,66.267,1969,1063,2665,1940,-10.8736,9.0572
1989,66.300,1969,1063,2665,1939,-11.3712,8.0600
1990,66.333,1970,1056,2660,1942,-10.5986,11.4091
1991,66.367,1969,1054,2660,1943,-10.2729,10.6625
1992,66.400,1970,1052,2661,1943,-12.1918,12.0883
1993,66.433,1970,1053,2661,1943,-10.6005,11.5793
1994,66.467,1970,1053,2661,1943,-10.7309,12.1925
1995,66.500,1970,1054,2661,1943,-10.2300,10.8783
1996,66.533,1970,1054,2661,1943,-10.2426,11.7918
1997,66.567,1970,1054,2661,1943,-11.0982,11.5972
1998,66.600,1971,1053,2661,1943,-13.4968,12.3899
1999,66.633,1971,1053,2662,1942,-12.3316,12.9830
2000,66.667,1970,1053,2662,1942,-10.6947,11.0306
2001,66.700,1970,1053,2662,1942,-11.0174,11.5695
2002,66.733,1970,1053,2661,1942,-11.9746,12.7645
2003,66.767,1970,1052,2661,1942,-13.4246,12.7173
2004,66.800,1970,1053,2661,1942,-12.6623,14.0784
2005,66.833,1970,1054,2661,1942,-12.9987,13.3136
2006,66.867,1971,1054,2660,1942,-15.4148,11.6047
2007,66.900,1971,1054,2660,1942,-15.6930,13.2374
2008,66.933,1971,1054,2660,1941,-16.0606,14.3342
2009,66.967,1971,1055,2661,1941,-14.5229,13.0024
2010,67.000,1971,1055,2662,1942,-13.9661,16.4602
2011,67.033,1971,1056,2662,1943,-13.9404,15.5727
2012,67.067,1971,1056,2662,1942,-14.0204,13.2614
2013,67.100,1971,1055,2661,1942,-12.7398,15.3489
2014,67.133,1971,1055,2661,1942,-11.6884,13.9824
2015,67.167,1971,1055,2661,1942,-12.4395,15.5307
2016,67.200,1971,1054,2661,1942,-9.9418,16.9737
2017,67.233,1971,1054,2661,1942,-9.3337,16.9500
2018,67.267,1970,1053,2661,1941,-9.3280,17.0766
2019,67.300,1970,1052,2661,1941,-9.1628,16.3460
2020,67.333,1970,1053,2661,1941,-8.9499,18.0243
2021,67.367,1970,1053,2661,1941,-8.8219,17.7240
2022,67.400,1970,1053,2661,1941,-9.3083,17.4414
2023,67.433,1970,1053,2660,1941,-10.4194,16.5755
2024,67.467,1970,1053,2661,1941,-10.2454,17.7216
2025,67.500,1970,1053,2661,1941,-10.4391,17.4616
2026,67.533,1970,1052,2661,1941,-10.5825,15.3321
2027,67.567,1970,1053,2661,1942,-9.4000,17.8560
2028,67.600,1972,1060,2659,1945,-9.8856,8.6891
2029,67.633,1974,1060,2656,1946,-10.8262,9.3606
2030,67.667,1974,1060,2657,1946,-10.7462,9.3638
2031,67.700,1973,1058,2657,1946,-13.8278,5.6178
2032,67.733,1972,1053,2659,1944,-14.2094,8.2486
2033,67.767,1972,1052,2659,1944,-14.0737,8.5729
2034,67.800,1972,1053,2660,1943,-15.3172,10.3315
2035,67.833,1972,1054,2660,1944,-13.5625,11.6980
2036,67.867,1971,1054,2660,1943,-12.4505,12.3743
2037,67.900,1971,1054,2660,1943,-13.3554,11.1319
2038,67.933,1971,1054,2660,1943,-13.5132,9.0055
2039,67.967,1971,1054,2661,1943,-14.3433,9.8447
2040,68.000,1970,1054,2660,1944,-15.6965,9.3806
2041,68.033,1970,1054,2660,1944,-16.3152,10.0564
2042,68.067,1970,1054,2660,1944,-16.6008,10.5994
2043,68.100,1970,1054,2660,1944,-16.3241,10.1639
2044,68.133,1970,1054,2660,1943,-15.2748,9.2251
2045,68.167,1970,1054,2660,1943,-14.6257,8.6116
2046,68.200,1970,1054,2660,1943,-14.6845,9.0352
2047,68.233,1969,1053,2658,1944,-11.1018,11.5591
2048,68.267,1969,1054,2659,1943,-9.8189,10.8792
2049,68.300,1968,1054,2659,1944,-4.1716,11.2741
2050,68.333,1968,1054,2659,1943,-3.9256,9.8429
2051,68.367,1968,1055,2659,1943,-4.4212,7.9194
2052,68.400,1968,1055,2660,1944,-2.7304,8.0266
2053,68.433,1968,1055,2659,1943,-4.1906,7.6809
2054,68.467,1968,1055,2660,1944,-2.1714,7.3302
2055,68.500,1967,1055,2660,1944,0.1035,6.2165
2056,68.533,1968,1055,2660,1944,2.8438,8.7724
2057,68.567,1967,1055,2660,1944,4.5709,6.7447
2058,68.600,1967,1055,2660,1943,5.5390,5.8419
2059,68.633,1967,1055,2659,1944,3.9096,5.1485
2060,68.667,1967,1055,2660,1943,5.0603,5.3204
2061,68.700,1967,1054,2660,1944,4.1407,8.2679
2062,68.733,1966,1054,2660,1944,3.2483,5.2341
2063,68.767,1966,1054,2660,1944,3.1161,5.5022
2064,68.800,1967,1054,2660,1944,3.6736,7.4635
2065,68.833,1967,1054,2660,1944,3.0848,9.1884
2066,68.867,1967,1054,2660,1944,2.7260,8.5089
2067,68.900,1967,1053,2660,1944,1.1922,9.2301
2068,68.933,1967,1054,2660,1944,3.1918,10.4318
2069,68.967,1967,1053,2660,1943,1.9157,8.3202
2070,69.000,1967,1053,2660,1943,0.4507,8.7537
2071,69.033,1967,1053,2660,1943,1.0924,8.4561
2072,69.067,1967,1052,2660,1943,-1.3060,9.3175
2073,69.100,1967,1052,2660,1943,-1.5948,9.1954
2074,69.133,1967,1052,2660,1943,-1.3938,9.0551
2075,69.167,1967,1052,2660,1944,-1.3437,8.6535
2076,69.200,1967,1052,2660,1944,-1.0761,8.1328
2077,69.233,1967,1052,2660,1944,-1.4549,8.4847
2078,69.267,1967,1051,2661,1944,-0.1999,9.8537
2079,69.300,1967,1052,2661,1944,0.7770,9.1506
2080,69.333,1967,1052,2661,1944,0.9992,8.6730
2081,69.367,1967,1052,2661,1944,1.1133,8.6742
2082,69.400,1967,1052,2661,1944,1.0204,8.9763
2083,69.433,1967,1053,2661,1943,3.7356,8.4890
2084,69.467,1967,1053,2661,1943,5.8474,8.4619
2085,69.500,1967,1053,2661,1943,5.6640,7.6723
2086,69.533,1967,1054,2661,1943,2.0609,7.5307
2087,69.567,1967,1054,2661,1943,1.3552,8.5569
2088,69.600,1967,1054,2661,1944,2.6929,8.2629
2089,69.633,1968,1054,2661,1944,2.1337,8.5335
2090,69.667,1968,1053,2661,1943,2.4544,8.2607
2091,69.700,1968,1053,2661,1943,2.9409,8.8213
2092,69.733,1968,1053,2661,1943,2.6766,9.0031
2093,69.767,1968,1053,2661,1943,2.2332,8.9188
2094,69.800,1968,1054,2661,1943,1.1038,9.3406
2095,69.833,1968,1054,2661,1943,1.9734,9.3007
2096,69.867,1967,1054,2661,1943,1.2917,8.5661
2097,69.900,1967,1054,2661,1943,1.3314,8.7766
2098,69.933,1968,1054,2661,1943,1.7009,9.1890
2099,69.967,1967,1054,2661,1943,0.9974,9.6373
2100,70.000,1967,1052,2661,1944,0.9817,8.2762
2101,70.033,1967,1053,2661,1944,2.2157,8.8710
2102,70.067,1967,1053,2661,1944,2.2013,8.8922
2103,70.100,1967,1053,2660,1944,1.5604,11.1609
2104,70.133,1967,1051,2660,1944,-5.4095,12.4424
2105,70.167,1968,1053,2660,1943,-12.1291,15.5117
2106,70.200,1969,1053,2660,1944,-12.4922,14.2081
2107,70.233,1968,1053,2660,1943,-12.3968,12.9894
2108,70.267,1968,1053,2660,1943,-12.4932,12.9889
2109,70.300,1968,1053,2660,1943,-11.0559,12.1128
2110,70.333,1968,1052,2660,1943,-11.4469,12.9508
2111,70.367,1968,1053,2661,1944,-11.4609,11.8713
2112,70.400,1969,1053,2660,1944,-12.9169,14.1733
2113,70.433,1969,1054,2660,1944,-13.2115,12.7462
2114,70.467,1969,1054,2660,1944,-13.3319,12.7827
2115,70.500,1969,1055,2660,1944,-13.2622,13.7077
2116,70.533,1969,1055,2660,1944,-13.2710,13.7659
2117,70.567,1969,1056,2661,1945,-14.1953,13.3903
2118,70.600,1969,1055,2661,1944,-14.5700,14.8431
2119,70.633,1969,1055,2660,1944,-14.3276,13.5374
2120,70.667,1969,1056,2661,1943,-14.4134,12.3115
2121,70.700,1969,1056,2660,1942,-14.4352,13.2770
2122,70.733,1969,1055,2660,1941,-14.9008,14.1609
2123,70.767,1969,1056,2660,1941,-14.8147,13.6558
2124,70.800,1968,1053,2660,1941,-10.0776,14.2540
2125,70.833,1968,1053,2660,1941,-10.6109,14.7450
2126,70.867,1968,1053,2661,1941,-10.7172,14.2870
2127,70.900,1968,1053,2661,1941,-10.6667,13.7938
2128,70.933,1968,1053,2661,1942,-10.2786,14.0852
2129,70.967,1968,1053,2661,1941,-10.4829,13.7795
2130,71.000,1969,1054,2661,1941,-10.8643,14.2014
2131,71.033,1969,1055,2661,1942,-12.7470,13.6796
2132,71.067,1969,1055,2661,1942,-12.8806,13.4591
2133,71.100,1968,1055,2661,1942,-13.2034,12.6653
2134,71.133,1968,1058,2661,1944,-12.7584,12.3618
2135,71.167,1968,1059,2661,1944,-12.8230,13.0275
2136,71.200,1968,1058,2662,1944,-11.3661,14.8217
2137,71.233,1968,1058,2662,1944,-11.1682,14.3786
2138,71.267,1968,1057,2662,1944,-11.9046,12.8228
2139,71.300,1968,1057,2662,1943,-11.2413,13.3455
2140,71.333,1968,1057,2662,1943,-11.8084,13.5867
2141,71.367,1968,1057,2662,1943,-11.4879,13.6837
2142,71.400,1968,1057,2662,1943,-11.5250,13.8618
2143,71.433,1968,1056,2663,1942,-10.2232,13.0897
2144,71.467,1968,1056,2663,1941,-10.2481,12.6203
2145,71.500,1965,1061,2659,1938,-8.5500,12.7729
2146,71.533,1965,1060,2659,1938,-8.4827,12.2127
2147,71.567,1965,1060,2659,1938,-8.1547,12.4474
2148,71.600,1968,1055,2663,1942,-10.2578,14.5712
2149,71.633,1968,1056,2663,1942,-9.9467,13.3585
2150,71.667,1968,1055,2663,1943,-9.4530,15.2842
2151,71.700,1968,1056,2663,1942,-8.7374,14.1440
2152,71.733,1968,1056,2663,1942,-8.9678,13.7928
2153,71.767,1968,1055,2663,1942,-8.9635,14.5886
2154,71.800,1968,1055,2663,1943,-9.4185,14.6726
2155,71.833,1968,1056,2663,1943,-8.2684,13.2324
2156,71.867,1968,1056,2663,1943,-8.5203,13.1922
2157,71.900,1968,1057,2663,1942,-9.0028,12.2618
2158,71.933,1968,1056,2663,1943,-8.6021,13.5799
2159,71.967,1968,1057,2663,1943,-9.3111,11.5914
2160,72.000,1968,1057,2662,1942,-8.7797,12.1539
2161,72.033,1968,1056,2663,1943,-8.9061,11.7532
2162,72.067,1968,1056,2663,1942,-8.9725,11.8243
2163,72.100,1968,1056,2663,1942,-8.8893,11.8872
2164,72.133,1968,1055,2663,1942,-9.0786,13.7692
2165,72.167,1969,1055,2662,1941,-8.6569,13.9621
2166,72.200,1969,1055,2663,1941,-9.1418,12.2627
2167,72.233,1968,1055,2663,1941,-7.9660,13.9548
2168,72.267,1968,1055,2663,1941,-7.9781,14.4789
2169,72.300,1968,1055,2662,1941,-8.4000,13.5613
2170,72.333,1968,1055,2662,1941,-8.9267,13.7951
2171,72.367,1968,1055,2662,1941,-8.8729,14.0876
2172,72.400,1969,1055,2662,1941,-7.8057,12.3775
2173,72.433,1969,1054,2662,1941,-6.9965,12.5927
2174,72.467,1969,1055,2662,1941,-8.2766,12.7678
2175,72.500,1969,1055,2662,1942,-8.2757,13.6132
2176,72.533,1968,1056,2663,1942,-9.1527,11.9024
2177,72.567,1969,1057,2663,1942,-9.7225,11.5874
2178,72.600,1969,1057,2664,1942,-11.2957,10.6309
2179,72.633,1969,1057,2664,1942,-11.0818,10.6938
2180,72.667,1969,1057,2664,1942,-11.0306,10.4461
2181,72.700,1969,1056,2664,1942,-10.0703,11.3721
2182,72.733,1969,1058,2664,1943,-10.4307,10.8884
2183,72.767,1968,1056,2663,1942,-9.6145,11.3162
2184,72.800,1969,1056,2663,1942,-9.9973,12.3149
2185,72.833,1969,1056,2663,1942,-10.0243,12.6555
2186,72.867,1969,1057,2663,1942,-12.7013,13.1851
2187,72.900,1969,1057,2664,1942,-14.3150,11.3479
2188,72.933,1969,1058,2663,1942,-14.2256,10.2952
2189,72.967,1969,1058,2663,1942,-13.9927,10.9669
2190,73.000,1969,1057,2663,1942,-13.5054,12.2352
2191,73.033,1969,1057,2663,1942,-13.5425,11.9036
2192,73.067,1969,1057,2664,1942,-14.1325,11.8103
2193,73.100,1969,1057,2664,1943,-13.4089,13.5423
2194,73.133,1969,1058,2664,1943,-14.0464,9.6099
2195,73.167,1970,1058,2664,1942,-15.5060,9.1890
2196,73.200,1969,1058,2664,1943,-14.3524,8.6720
2197,73.233,1970,1059,2664,1943,-14.3493,8.7778
2198,73.267,1967,1063,2661,1939,-14.7063,9.8299
2199,73.300,1967,1063,2661,1939,-15.1712,10.0890
2200,73.333,1967,1062,2662,1939,-15.1861,8.8662
2201,73.367,1966,1062,2662,1939,-15.2482,8.6694
2202,73.400,1970,1059,2664,1944,-13.7999,8.4717
2203,73.433,1966,1062,2662,1940,-14.1997,10.0958
2204,73.467,1969,1058,2664,1944,-13.5749,10.1515
2205,73.500,1969,1058,2664,1944,-13.5023,9.6336
2206,73.533,1969,1058,2664,1944,-13.3800,9.6703
2207,73.567,1968,1058,2664,1944,-13.1855,10.3138
2208,73.600,1969,1058,2664,1944,-12.8570,9.7503
2209,73.633,1969,1058,2664,1944,-12.9397,9.9688
2210,73.667,1969,1058,2664,1943,-12.7921,8.9474
2211,73.700,1968,1058,2664,1943,-13.3871,9.7763
2212,73.733,1968,1058,2664,1943,-13.4753,9.5689
2213,73.767,1969,1058,2664,1943,-13.1711,8.7145
2214,73.800,1969,1057,2664,1943,-12.9581,10.2363
2215,73.833,1969,1058,2664,1943,-13.5857,9.0943
2216,73.867,1969,1058,2664,1943,-13.5533,9.0904
2217,73.900,1969,1058,2664,1943,-13.6351,8.8389
2218,73.933,1969,1058,2665,1943,-13.8534,10.9927
2219,73.967,1969,1058,2665,1943,-13.7002,11.0414
2220,74.000,1969,1058,2664,1943,-14.4026,10.0135
2221,74.033,1969,1059,2664,1943,-13.9854,12.1173
2222,74.067,1969,1058,2664,1943,-12.6824,10.9449
2223,74.100,1969,1058,2663,1943,-10.4285,9.6754
2224,74.133,1968,1058,2663,1943,-10.9084,10.0875
2225,74.167,1968,1058,2663,1942,-9.5860,11.6102
2226,74.200,1967,1057,2663,1942,-9.0867,10.2366
2227,74.233,1967,1058,2663,1942,-9.9780,11.2399
2228,74.267,1967,1058,2664,1942,-10.9296,13.4756
2229,74.300,1968,1058,2664,1942,-10.6105,11.6744
2230,74.333,1968,1058,2664,1943,-10.8241,11.2868
2231,74.367,1968,1058,2664,1943,-10.4548,11.8456
2232,74.400,1968,1057,2664,1942,-9.1402,12.7057
2233,74.433,1968,1057,2664,1942,-9.2110,13.3860
2234,74.467,1968,1057,2664,1942,-8.9000,12.9266
2235,74.500,1968,1058,2664,1943,-8.9152,11.5294
2236,74.533,1968,1057,2664,1942,-7.7829,13.0334
2237,74.567,1968,1057,2664,1942,-7.3021,13.6671
2238,74.600,1968,1058,2664,1942,-7.3525,11.9391
2239,74.633,1968,1057,2664,1942,-6.9183,13.3090
2240,74.667,1968,1057,2664,1942,-6.4860,14.0670
2241,74.700,1968,1057,2664,1942,-5.9365,13.7228
2242,74.733,1968,1057,2664,1942,-5.9111,13.2176
2243,74.767,1968,1057,2664,1942,-5.6164,13.0012
2244,74.800,1968,1055,2663,1942,-6.4896,11.0842
2245,74.833,1968,1053,2662,1942,-7.1565,15.2801
2246,74.867,1968,1053,2662,1942,-7.2001,15.2231
2247,74.900,1968,1053,2662,1942,-7.7268,15.8177
2248,74.933,1968,1053,2661,1942,-6.0531,15.5546
2249,74.967,1968,1053,2661,1942,-5.7234,16.6729
2250,75.000,1968,1052,2661,1942,-6.1264,15.3506
2251,75.033,1968,1052,2661,1942,-6.3366,14.7619
2252,75.067,1968,1052,2660,1941,-6.2637,14.9790
2253,75.100,1968,1052,2661,1941,-6.3815,14.4967
2254,75.133,1968,1054,2661,1942,-7.1537,12.6283
2255,75.167,1968,1054,2661,1942,-8.5300,11.8023
2256,75.200,1968,1054,2661,1942,-8.1142,11.5344
2257,75.233,1968,1054,2661,1942,-8.3090,11.1179
2258,75.267,1968,1054,2661,1942,-7.9290,11.2534
2259,75.300,1968,1054,2661,1942,-7.9399,11.8266
2260,75.333,1969,1053,2661,1942,-10.1222,14.6426
2261,75.367,1968,1052,2661,1942,-8.9221,14.5297
2262,75.400,1968,1053,2661,1942,-8.8130,14.7405
2263,75.433,1968,1053,2662,1943,-8.8113,14.2116
2264,75.467,1968,1054,2661,1943,-7.7930,13.0882
2265,75.500,1969,1054,2661,1943,-8.1601,13.2197
2266,75.533,1969,1054,2662,1942,-7.2401,13.1577
2267,75.567,1969,1054,2662,1942,-7.1460,12.6482
2268,75.600,1969,1053,2661,1941,-8.6098,14.4641
2269,75.633,1969,1053,2661,1942,-9.4896,14.4541
2270,75.667,1969,1054,2662,1941,-9.4329,13.9961
2271,75.700,1969,1054,2662,1941,-9.0648,13.3971
2272,75.733,1968,1055,2662,1941,-9.7948,13.4411
2273,75.767,1969,1055,2662,1940,-8.9675,13.5018
2274,75.800,1969,1055,2662,1941,-8.4374,12.9009
2275,75.833,1969,1055,2662,1941,-8.7779,13.0981
2276,75.867,1969,1055,2662,1941,-9.0981,12.9543
2277,75.900,1969,1055,2662,1941,-8.6165,13.1659
2278,75.933,1969,1055,2662,1941,-8.9246,13.2079
2279,75.967,1969,1055,2662,1942,-8.5166,14.0767
2280,76.000,1968,1054,2662,1942,-7.8875,12.9522
2281,76.033,1968,1053,2662,1942,-6.3350,13.8459
2282,76.067,1969,1053,2662,1942,-4.1059,12.9555
2283,76.100,1968,1053,2662,1942,-5.2153,10.8393
2284,76.133,1968,1053,2662,1942,-5.3152,10.7224
2285,76.167,1968,1053,2661,1941,-4.6140,10.7138
2286,76.200,1968,1053,2662,1941,-4.5986,12.7741
2287,76.233,1968,1053,2662,1941,-5.1817,11.3131
2288,76.267,1968,1053,2662,1941,-4.3693,11.5858
2289,76.300,1969,1053,2662,1941,-3.2260,11.0403
2290,76.333,1969,1052,2662,1941,-4.1033,10.5202
2291,76.367,1969,1052,2662,1940,-5.2317,10.3939
2292,76.400,1968,1052,2662,1940,-4.3292,11.0934
2293,76.433,1968,1052,2663,1940,-3.2547,10.7425
2294,76.467,1968,1053,2663,1940,-4.4811,9.4034
2295,76.500,1968,1053,2663,1940,-4.9475,9.4238
2296,76.533,1968,1052,2663,1940,-5.5260,11.3321
2297,76.567,1968,1052,2663,1940,-5.6152,12.4712
2298,76.600,1968,1052,2663,1940,-5.9868,12.8490
2299,76.633,1969,1052,2663,1940,-7.2478,11.6470
2300,76.667,1969,1052,2663,1941,-7.4784,11.2421
2301,76.700,1969,1053,2663,1941,-8.2299,12.1552
2302,76.733,1969,1053,2663,1941,-8.8611,12.7635
2303,76.767,1969,1053,2663,1942,-10.0614,10.9982
2304,76.800,1969,1053,2663,1942,-10.8766,12.0753
2305,76.833,1967,1059,2660,1938,-13.3747,13.3483
2306,76.867,1967,1060,2661,1938,-13.1873,12.3774
2307,76.900,1967,1060,2661,1938,-13.8715,10.9661
2308,76.933,1967,1060,2661,1938,-14.2629,10.6070
2309,76.967,1967,1060,2661,1937,-13.7992,11.1578
2310,77.000,1967,1060,2661,1936,-13.8706,10.8297
2311,77.033,1967,1060,2661,1936,-13.3856,11.4977
2312,77.067,1967,1060,2661,1936,-14.0222,11.7559
2313,77.100,1967,1060,2661,1937,-14.3330,11.3756
2314,77.133,1967,1060,2661,1937,-14.8409,9.9995
2315,77.167,1967,1060,2661,1937,-14.9374,9.8459
2316,77.200,1967,1060,2661,1937,-14.8572,10.0944
2317,77.233,1967,1060,2661,1937,-15.1231,9.8597
2318,77.267,1967,1060,2661,1938,-15.3729,10.5251
2319,77.300,1967,1060,2661,1937,-14.6887,9.1242
2320,77.333,1970,1054,2663,1940,-12.4007,12.9297
2321,77.367,1970,1053,2663,1940,-10.9807,14.4894
2322,77.400,1969,1052,2663,1939,-8.6416,13.8799
2323,77.433,1969,1052,2663,1939,-7.9181,13.9430
2324,77.467,1969,1052,2663,1939,-7.8436,14.2451
2325,77.500,1969,1051,2663,1939,-8.6652,13.8770
2326,77.533,1969,1051,2662,1938,-7.9875,12.5045
2327,77.567,1969,1051,2662,1938,-7.7764,12.3437
2328,77.600,1969,1051,2662,1938,-7.5980,12.5681
2329,77.633,1969,1051,2662,1939,-6.9601,11.1446
2330,77.667,1969,1051,2662,1938,-6.8566,13.1959
2331,77.700,1969,1051,2662,1938,-7.2636,12.8094
2332,77.733,1968,1050,2661,1938,-6.1271,15.7625
2333,77.767,1968,1051,2662,1939,-8.1107,15.6495
2334,77.800,1968,1051,2661,1938,-7.1901,13.3560
2335,77.833,1967,1052,2661,1939,-6.4335,13.8140
2336,77.867,1967,1051,2661,1939,-6.2357,13.7182
2337,77.900,1967,1052,2661,1939,-5.7184,13.7360
2338,77.933,1967,1051,2661,1940,-6.2339,12.2031
2339,77.967,1967,1052,2660,1940,-6.3732,13.3268
2340,78.000,1966,1054,2660,1941,-6.4987,13.2847
2341,78.033,1966,1054,2660,1941,-7.6908,15.2626
2342,78.067,1966,1054,2660,1941,-9.3767,14.2116
2343,78.100,1967,1054,2660,1941,-10.4274,13.7515
2344,78.133,1967,1054,2660,1940,-11.3362,13.3301
2345,78.167,1967,1054,2661,1940,-11.3957,11.0502
2346,78.200,1967,1054,2661,1940,-11.4205,11.6888
2347,78.233,1968,1053,2661,1940,-10.5772,11.7631
2348,78.267,1967,1054,2661,1941,-12.4429,11.4414
2349,78.300,1967,1056,2661,1940,-14.6328,10.9893
2350,78.333,1967,1057,2661,1940,-14.4431,11.3564
2351,78.367,1967,1057,2661,1940,-14.8329,11.0983
2352,78.400,1967,1057,2661,1940,-14.7882,10.8545
2353,78.433,1967,1057,2662,1940,-14.0694,10.1362
2354,78.467,1967,1057,2662,1941,-14.1901,11.3176
2355,78.500,1967,1058,2661,1941,-14.7134,10.7880
2356,78.533,1968,1058,2661,1941,-13.7389,10.7254
2357,78.567,1968,1057,2661,1941,-14.4550,11.7390
2358,78.600,1968,1058,2661,1941,-14.4564,12.0416
2359,78.633,1968,1057,2661,1941,-14.3220,13.0093
2360,78.667,1968,1058,2661,1941,-13.8004,12.8143
2361,78.700,1968,1057,2661,1941,-14.5299,12.4217
2362,78.733,1968,1057,2661,1941,-14.2267,11.7400
2363,78.767,1968,1057,2662,1940,-13.7890,11.2650
2364,78.800,1968,1056,2661,1939,-13.1791,11.5717
2365,78.833,1968,1056,2660,1939,-12.2963,14.9816
2366,78.867,1968,1055,2660,1939,-10.9723,16.7046
2367,78.900,1967,1055,2660,1940,-8.8811,19.2151
2368,78.933,1967,1054,2660,1939,-9.7197,19.9277
2369,78.967,1967,1054,2660,1939,-9.7107,20.4396
2370,79.000,1966,1054,2660,1940,-9.9088,18.5807
2371,79.033,1966,1054,2660,1940,-9.7350,19.0353
2372,79.067,1966,1054,2660,1940,-9.9912,18.9127
2373,79.100,1966,1054,2661,1940,-10.1294,19.0443
2374,79.133,1966,1054,2661,1940,-9.3093,19.4280
2375,79.167,1966,1054,2661,1940,-9.1517,18.8768
2376,79.200,1967,1054,2660,1940,-11.9543,16.5981
2377,79.233,1966,1054,2660,1940,-11.9301,16.6539
2378,79.267,1967,1055,2661,1940,-12.4903,13.4650
2379,79.300,1967,1055,2661,1941,-12.9406,10.4695
2380,79.333,1968,1055,2661,1941,-15.0039,14.2875
2381,79.367,1968,1055,2661,1941,-15.0524,14.6985
2382,79.400,1968,1055,2662,1942,-15.1043,13.9767
2383,79.433,1968,1055,2662,1941,-15.6110,13.1040
2384,79.467,1968,1055,2661,1941,-13.7577,15.1494
2385,79.500,1968,1055,2661,1941,-13.7542,15.1327
2386,79.533,1968,1055,2661,1940,-14.4127,13.8612
2387,79.567,1968,1055,2661,1941,-13.1349,15.1914
2388,79.600,1968,1056,2661,1941,-13.6895,13.9601
2389,79.633,1968,1055,2661,1941,-14.2892,13.5010
2390,79.667,1968,1056,2662,1942,-14.8740,11.8632
2391,79.700,1968,1056,2662,1941,-14.3858,12.7301
2392,79.733,1968,1056,2662,1941,-14.3425,12.6094
2393,79.767,1967,1055,2661,1937,-15.6567,8.6044
2394,79.800,1967,1056,2661,1937,-16.2125,8.8496
2395,79.833,1967,1056,2661,1937,-15.3848,8.9943
2396,79.867,1967,1056,2661,1937,-15.3333,9.0941
2397,79.900,1967,1056,2661,1937,-15.3427,9.0694
2398,79.933,1967,1057,2661,1937,-15.5190,7.8019
2399,79.967,1967,1056,2661,1937,-15.3171,9.0638
2400,80.000,1967,1052,2661,1936,-14.1886,6.7254
2401,80.033,1966,1052,2660,1936,-15.4587,6.6737
2402,80.067,1966,1053,2661,1936,-14.5709,7.3315
2403,80.100,1966,1053,2661,1936,-14.5740,7.3783
2404,80.133,1966,1050,2660,1935,-10.4702,7.2443
2405,80.167,1966,1050,2660,1935,-9.9104,6.3971
2406,80.200,1965,1050,2660,1936,-8.2549,7.0248
2407,80.233,1965,1051,2660,1936,-7.5874,5.7067
2408,80.267,1964,1052,2660,1937,-7.9262,6.8575
2409,80.300,1964,1051,2660,1937,-8.1133,8.1514
2410,80.333,1964,1051,2660,1937,-7.6530,7.9620
2411,80.367,1964,1051,2660,1937,-7.5385,7.7815
2412,80.400,1964,1051,2660,1937,-8.0887,8.3202
2413,80.433,1965,1051,2660,1937,-7.6452,6.8046
2414,80.467,1964,1051,2660,1937,-8.3297,7.7105
2415,80.500,1964,1051,2660,1937,-8.2792,7.4050
2416,80.533,1965,1050,2660,1937,-8.4754,6.6519
2417,80.567,1965,1051,2660,1937,-7.7872,6.1619
2418,80.600,1964,1050,2659,1938,-3.7867,8.0957
2419,80.633,1965,1052,2660,1938,2.1008,5.9314
2420,80.667,1964,1051,2660,1938,3.5479,6.4432
2421,80.700,1965,1051,2659,1939,2.3023,6.0510
2422,80.733,1965,1051,2659,1938,3.1681,6.7892
2423,80.767,1965,1051,2659,1938,2.9381,6.6892
2424,80.800,1965,1051,2659,1938,2.9355,6.5014
2425,80.833,1964,1051,2660,1939,3.7023,6.7467
2426,80.867,1965,1050,2660,1939,2.7746,7.9734
2427,80.900,1965,1050,2660,1939,3.1300,7.9964
2428,80.933,1965,1049,2660,1939,2.4053,8.1271
2429,80.967,1965,1049,2660,1939,2.4049,7.9793
2430,81.000,1965,1049,2660,1940,-9.6553,10.1957
2431,81.033,1965,1049,2661,1939,-12.9736,10.9898
2432,81.067,1966,1049,2661,1940,-13.2543,12.0621
2433,81.100,1967,1049,2661,1940,-13.4829,10.4798
2434,81.133,1966,1050,2661,1940,-12.7406,10.2332
2435,81.167,1966,1050,2662,1940,-13.7829,12.7139
2436,81.200,1966,1050,2662,1939,-13.8828,11.9039
2437,81.233,1967,1051,2662,1939,-14.9190,12.9543
2438,81.267,1967,1051,2662,1939,-14.8546,12.7822
2439,81.300,1967,1051,2662,1940,-14.7175,11.7891
2440,81.333,1967,1051,2662,1940,-14.2468,11.6393
2441,81.367,1967,1051,2662,1940,-14.3616,11.2542
2442,81.400,1966,1052,2662,1940,-14.6281,10.9280
2443,81.433,1966,1053,2662,1940,-15.7106,10.6419
2444,81.467,1966,1053,2662,1940,-15.4567,10.6146
2445,81.500,1967,1061,2658,1944,-15.0470,2.7325
2446,81.533,1967,1059,2657,1943,-13.2715,9.5603
2447,81.567,1968,1058,2656,1944,-13.4895,9.0875
2448,81.600,1967,1057,2658,1941,-14.5706,9.4021
2449,81.633,1967,1053,2660,1940,-12.9136,11.5746
2450,81.667,1967,1052,2660,1940,-11.3766,10.6786
2451,81.700,1967,1053,2661,1940,-13.0143,12.5241
2452,81.733,1967,1053,2661,1940,-12.3846,12.7796
2453,81.767,1967,1053,2661,1939,-12.4381,11.5374
2454,81.800,1967,1053,2661,1939,-12.9119,11.2471
2455,81.833,1967,1053,2661,1939,-13.3315,13.2368
2456,81.867,1967,1053,2661,1939,-13.1009,13.5183
2457,81.900,1967,1053,2662,1939,-12.5522,12.9977
2458,81.933,1968,1053,2662,1938,-13.2061,12.6941
2459,81.967,1968,1052,2662,1939,-12.8741,14.9323
2460,82.000,1969,1052,2662,1939,-12.6414,12.8056
2461,82.033,1970,1054,2663,1940,-14.3116,13.9458
2462,82.067,1969,1054,2662,1940,-14.4402,14.4478
2463,82.100,1969,1055,2662,1940,-14.9723,13.0881
2464,82.133,1969,1054,2662,1940,-12.5061,13.5838
2465,82.167,1969,1054,2662,1941,-11.9640,13.7542
2466,82.200,1968,1055,2662,1941,-9.6348,13.7324
2467,82.233,1969,1055,2662,1939,-11.2662,14.6102
2468,82.267,1969,1057,2662,1941,-8.5127,12.1006
2469,82.300,1969,1058,2663,1943,-9.7830,12.9676
2470,82.333,1969,1057,2663,1943,-9.3301,14.2532
2471,82.367,1969,1056,2663,1942,-9.7710,12.9503
2472,82.400,1968,1057,2664,1943,-11.6675,13.3989
2473,82.433,1968,1056,2664,1943,-10.2426,13.1860
2474,82.467,1968,1057,2664,1943,-11.1762,13.7250
2475,82.500,1968,1057,2664,1943,-11.3183,13.0814
2476,82.533,1968,1057,2664,1943,-11.0662,12.0809
2477,82.567,1968,1056,2664,1943,-10.2320,12.6851
2478,82.600,1968,1056,2664,1943,-10.1100,12.9686
2479,82.633,1968,1056,2664,1943,-9.9009,13.6662
2480,82.667,1968,1056,2663,1943,-10.4064,13.2408
2481,82.700,1968,1056,2663,1943,-9.8230,12.6330
2482,82.733,1968,1055,2663,1943,-10.2497,13.8566
2483,82.767,1968,1056,2663,1943,-9.8690,12.7016
2484,82.800,1968,1055,2663,1943,-10.6552,12.1585
2485,82.833,1968,1053,2663,1943,-9.3366,14.7576
2486,82.867,1968,1055,2662,1943,-8.9039,15.4826
2487,82.900,1968,1056,2662,1943,-9.8628,14.2367
2488,82.933,1968,1055,2663,1943,-11.4675,12.7839
2489,82.967,1969,1054,2663,1944,-11.7669,11.8072
2490,83.000,1969,1056,2662,1945,-13.4820,12.1980
2491,83.033,1969,1056,2662,1945,-13.4819,12.3896
2492,83.067,1969,1056,2662,1945,-13.3634,12.1341
2493,83.100,1969,1056,2662,1945,-13.2772,12.0958
2494,83.133,1969,1056,2662,1945,-13.9209,12.2259
2495,83.167,1968,1055,2662,1945,-13.9852,11.6667
2496,83.200,1968,1055,2662,1945,-14.0902,11.5118
2497,83.233,1969,1055,2662,1945,-13.7047,11.5851
2498,83.267,1969,1055,2662,1945,-13.7070,11.4811
2499,83.300,1969,1054,2662,1945,-14.4722,11.8861
2500,83.333,1969,1054,2662,1945,-14.5401,11.8682
2501,83.367,1969,1054,2662,1944,-14.4884,13.4638
2502,83.400,1969,1054,2662,1944,-14.9149,12.7961
2503,83.433,1969,1053,2662,1944,-13.5775,12.5903
2504,83.467,1969,1053,2662,1944,-13.6656,12.5588
2505,83.500,1968,1053,2663,1945,-14.4984,11.8128
2506,83.533,1968,1052,2663,1944,-13.7313,11.6136
2507,83.567,1968,1053,2663,1944,-14.4452,12.2054
2508,83.600,1968,1053,2663,1944,-14.3292,12.7568
2509,83.633,1968,1053,2663,1944,-14.0570,12.8673
2510,83.667,1968,1053,2663,1944,-13.8369,12.3300
2511,83.700,1968,1053,2663,1944,-14.0595,11.9945
2512,83.733,1968,1053,2663,1944,-13.5540,11.3759
2513,83.767,1968,1054,2663,1944,-14.2351,12.0197
2514,83.800,1969,1054,2663,1944,-12.7019,12.9371
2515,83.833,1969,1053,2661,1944,-9.8071,14.5368
2516,83.867,1968,1052,2662,1945,-9.7525,13.7977
2517,83.900,1967,1053,2661,1948,-9.1482,10.8499
2518,83.933,1967,1053,2661,1948,-9.3866,11.9085
2519,83.967,1967,1050,2660,1948,-10.0570,10.5226
2520,84.000,1966,1047,2659,1948,-8.8746,10.5600
2521,84.033,1965,1047,2657,1949,-8.1544,11.8900
2522,84.067,1965,1047,2657,1948,-7.9494,11.8031
2523,84.100,1965,1046,2657,1948,-9.8097,11.9473
2524,84.133,1964,1047,2657,1949,-7.4406,11.3804
2525,84.167,1964,1048,2656,1949,-7.1608,9.8592
2526,84.200,1964,1047,2657,1949,-7.3414,11.5502
2527,84.233,1964,1048,2657,1949,-7.8668,10.1892
2528,84.267,1965,1046,2657,1948,-7.5685,10.2359
2529,84.300,1965,1047,2657,1948,-7.3769,11.5471
2530,84.333,1965,1048,2658,1948,-8.6449,10.7341
2531,84.367,1965,1048,2659,1948,-9.3242,9.4621
2532,84.400,1966,1049,2659,1950,-8.7222,7.7927
2533,84.433,1965,1047,2660,1951,-9.6997,8.5848
2534,84.467,1965,1047,2660,1952,-7.7608,9.0815
2535,84.500,1965,1046,2660,1952,-7.9536,7.8939
2536,84.533,1965,1047,2660,1953,-8.8095,9.4782
2537,84.567,1965,1047,2659,1955,-8.8135,7.7170
2538,84.600,1965,1046,2659,1956,-6.7655,6.8224
2539,84.633,1965,1047,2659,1957,-6.6016,8.4455
2540,84.667,1965,1047,2659,1957,-6.8419,6.8664
2541,84.700,1965,1047,2659,1957,-6.4348,6.2066
2542,84.733,1965,1046,2659,1958,-7.9759,5.5952
2543,84.767,1965,1046,2659,1958,-7.7533,5.9514
2544,84.800,1965,1045,2659,1958,-6.5367,5.5000
2545,84.833,1964,1044,2659,1959,-6.5686,5.6317
2546,84.867,1965,1044,2659,1959,-8.0144,5.1432
2547,84.900,1965,1044,2660,1959,-7.1375,5.5502
2548,84.933,1965,1044,2660,1959,-7.6940,5.8287
2549,84.967,1965,1044,2660,1960,-7.0082,5.8289
2550,85.000,1965,1046,2659,1957,-7.1552,6.9061
2551,85.033,1965,1045,2659,1956,-7.3554,7.5320
2552,85.067,1966,1046,2660,1956,-7.8864,7.8670
2553,85.100,1967,1047,2659,1955,-7.9282,6.9020
2554,85.133,1967,1046,2661,1951,-8.3750,9.3084
2555,85.167,1968,1050,2660,1947,-8.2718,9.6551
2556,85.200,1969,1051,2661,1947,-9.3426,11.1058
2557,85.233,1969,1054,2662,1945,-9.8860,7.6141
2558,85.267,1969,1051,2661,1944,-10.4288,9.3203
2559,85.300,1969,1053,2662,1945,-10.8051,8.8005
2560,85.333,1969,1054,2661,1944,-14.2928,8.9813
2561,85.367,1969,1054,2661,1945,-14.8635,8.2872
2562,85.400,1969,1053,2662,1945,-14.4863,8.1591
2563,85.433,1969,1054,2661,1945,-13.6767,8.6133
2564,85.467,1969,1054,2661,1945,-13.6821,8.2105
2565,85.500,1969,1053,2661,1946,-14.0586,8.3629
2566,85.533,1969,1053,2661,1945,-13.5468,8.1006
2567,85.567,1969,1053,2661,1945,-13.7701,7.7709
2568,85.600,1969,1053,2661,1946,-14.4306,6.7605
2569,85.633,1969,1053,2661,1946,-14.5789,6.8480
2570,85.667,1969,1053,2661,1946,-14.5736,7.1423
2571,85.700,1969,1053,2661,1946,-14.3735,8.3180
2572,85.733,1969,1053,2661,1946,-14.4256,8.1921
2573,85.767,1970,1053,2661,1946,-14.6145,7.1837
2574,85.800,1970,1053,2661,1945,-14.1862,9.3965
2575,85.833,1969,1053,2662,1945,-13.5983,10.2467
2576,85.867,1969,1053,2661,1945,-13.2209,9.7330
2577,85.900,1969,1052,2661,1945,-10.0564,9.8301
2578,85.933,1969,1052,2661,1945,-9.4290,9.0101
2579,85.967,1969,1052,2661,1944,-9.2117,9.0781
2580,86.000,1968,1051,2662,1945,-9.5272,9.0499
2581,86.033,1968,1051,2661,1945,-8.8601,8.4992
2582,86.067,1968,1052,2662,1945,-8.0596,10.7480
2583,86.100,1968,1052,2662,1945,-7.9912,10.5044
2584,86.133,1968,1050,2662,1945,-11.8503,9.4948
2585,86.167,1968,1049,2662,1945,-10.6025,11.0300
2586,86.200,1968,1049,2662,1945,-10.2544,11.7164
2587,86.233,1968,1049,2662,1945,-10.1645,11.4337
2588,86.267,1969,1050,2661,1944,-10.0373,9.8313
2589,86.300,1969,1050,2661,1944,-10.1390,9.4089
2590,86.333,1968,1050,2661,1944,-10.3437,9.1236
2591,86.367,1969,1050,2661,1945,-9.8405,9.4600
2592,86.400,1968,1050,2661,1944,-10.1949,9.0669
2593,86.433,1968,1050,2662,1945,-11.5397,10.2163
2594,86.467,1968,1050,2662,1945,-11.5612,10.0294
2595,86.500,1968,1050,2662,1945,-11.5525,10.5732
2596,86.533,1969,1050,2662,1945,-8.9341,11.5229
2597,86.567,1968,1051,2662,1945,-9.4388,10.2637
2598,86.600,1968,1050,2662,1945,-10.7947,9.2383
2599,86.633,1969,1050,2662,1944,-9.8000,11.2049
2600,86.667,1968,1055,2661,1943,-10.3513,9.2329
2601,86.700,1968,1055,2661,1943,-10.4704,10.8757
2602,86.733,1968,1055,2661,1943,-10.4643,11.1155
2603,86.767,1969,1055,2661,1943,-11.3350,11.9796
2604,86.800,1969,1054,2660,1943,-11.4649,14.1788
2605,86.833,1968,1055,2660,1944,-11.8780,15.0083
2606,86.867,1969,1055,2660,1943,-12.6791,13.8863
2607,86.900,1968,1054,2660,1943,-11.7876,14.1861
2608,86.933,1969,1054,2660,1944,-12.9154,14.5575
2609,86.967,1970,1056,2659,1943,-12.7869,14.7247
2610,87.000,1966,1062,2657,1940,-11.5809,11.4324
2611,87.033,1970,1059,2660,1945,-12.4951,15.1432
2612,87.067,1971,1062,2661,1949,-12.7971,12.1917
2613,87.100,1972,1062,2661,1949,-13.2903,11.3771
2614,87.133,1973,1063,2662,1950,-14.2941,13.0011
2615,87.167,1973,1062,2662,1949,-12.9280,13.1202
2616,87.200,1973,1062,2662,1949,-13.7767,12.5502
2617,87.233,1973,1063,2662,1949,-14.1153,15.5932
2618,87.267,1973,1064,2662,1948,-13.7172,13.7894
2619,87.300,1972,1062,2661,1947,-11.5178,15.7331
2620,87.333,1966,1062,2657,1941,-9.3131,10.5091
2621,87.367,1966,1060,2656,1940,-9.9622,11.3366
2622,87.400,1965,1060,2656,1939,-9.3057,9.9978
2623,87.433,1964,1059,2656,1940,-10.6456,10.8730
2624,87.467,1964,1060,2656,1941,-9.1456,10.8911
2625,87.500,1964,1060,2656,1941,-8.6379,11.2396
2626,87.533,1964,1060,2656,1941,-9.2298,11.4020
2627,87.567,1967,1056,2660,1944,-8.8717,12.4757
2628,87.600,1967,1057,2660,1945,-9.8369,12.6848
2629,87.633,1966,1056,2659,1945,-8.2241,11.1589
2630,87.667,1966,1056,2658,1945,-7.1293,12.8509
2631,87.700,1965,1056,2657,1944,-7.9774,11.2016
2632,87.733,1965,1054,2657,1943,-6.2777,10.0900
2633,87.767,1965,1055,2657,1944,-6.0278,10.3617
2634,87.800,1965,1054,2657,1944,-6.4526,9.5926
2635,87.833,1965,1054,2657,1944,-6.1407,9.9622
2636,87.867,1965,1054,2657,1944,-6.3170,10.0750
2637,87.900,1965,1054,2657,1944,-6.4359,10.2202
2638,87.933,1965,1054,2657,1944,-6.3570,10.3709
2639,87.967,1965,1053,2657,1945,-6.2789,11.0336
2640,88.000,1965,1052,2658,1946,-6.5719,9.9731
2641,88.033,1965,1051,2658,1946,-7.9694,12.2636
2642,88.067,1965,1051,2658,1945,-7.0172,9.9928
2643,88.100,1965,1050,2658,1945,-8.9676,11.9524
2644,88.133,1965,1050,2658,1946,-9.0098,9.8723
2645,88.167,1965,1049,2658,1946,-7.5779,9.2592
2646,88.200,1965,1049,2658,1946,-7.5708,9.4934
2647,88.233,1965,1048,2657,1946,-7.8861,11.5094
2648,88.267,1965,1049,2657,1946,-8.0241,8.8613
2649,88.300,1965,1049,2658,1947,-7.5634,10.9470
2650,88.333,1965,1049,2658,1946,-7.5113,9.5840
2651,88.367,1965,1049,2658,1946,-7.2963,9.2646
2652,88.400,1965,1048,2658,1947,-5.7935,10.0557
2653,88.433,1965,1048,2658,1947,-6.9849,9.7107
2654,88.467,1965,1048,2658,1947,-6.7945,9.9062
2655,88.500,1965,1049,2659,1947,-8.8957,9.5615
2656,88.533,1966,1049,2660,1946,-9.0136,9.7692
2657,88.567,1966,1050,2660,1947,-9.6994,9.0764
2658,88.600,1966,1050,2660,1947,-9.6936,8.8255
2659,88.633,1966,1050,2660,1947,-9.6085,8.8475
2660,88.667,1966,1049,2660,1947,-9.3730,9.0699
2661,88.700,1966,1049,2660,1946,-9.5661,8.9022
2662,88.733,1966,1049,2660,1947,-9.7790,8.9798
2663,88.767,1966,1050,2661,1946,-11.5326,8.6276
2664,88.800,1967,1051,2661,1948,-10.8793,9.2911
2665,88.833,1967,1051,2661,1948,-10.8516,8.5164
2666,88.867,1967,1051,2661,1948,-10.7730,8.7876
2667,88.900,1967,1051,2661,1948,-10.8253,8.9707
2668,88.933,1967,1052,2661,1948,-10.0280,11.8420
2669,88.967,1967,1051,2661,1948,-10.3495,9.0572
2670,89.000,1967,1051,2661,1947,-9.9361,10.1338
2671,89.033,1967,1050,2661,1947,-9.9943,10.9131
2672,89.067,1966,1050,2661,1947,-8.8792,9.5215
2673,89.100,1966,1050,2662,1946,-8.8690,11.0979
2674,89.133,1966,1050,2662,1947,-8.7227,10.9062
2675,89.167,1966,1050,2662,1947,-8.4491,11.1824
2676,89.200,1966,1050,2662,1947,-8.3924,11.5103
2677,89.233,1966,1050,2662,1947,-8.3857,11.4092
2678,89.267,1965,1050,2662,1948,-9.1706,9.8995
2679,89.300,1965,1050,2662,1947,-10.0785,10.9242
2680,89.333,1966,1050,2663,1947,-9.5471,11.7176
2681,89.367,1966,1051,2662,1947,-9.6560,13.3463
2682,89.400,1966,1051,2662,1946,-10.8088,12.0306
2683,89.433,1966,1051,2662,1945,-11.2498,12.2811
2684,89.467,1967,1051,2661,1945,-11.7160,10.9478
2685,89.500,1967,1051,2661,1945,-11.6820,10.8719
2686,89.533,1967,1051,2661,1946,-12.0335,11.5845
2687,89.567,1967,1050,2662,1946,-11.1996,10.6005
2688,89.600,1967,1051,2662,1946,-11.6122,13.1280
2689,89.633,1968,1052,2661,1946,-14.0654,14.3835
2690,89.667,1968,1052,2661,1946,-13.7849,13.5804
2691,89.700,1967,1052,2661,1946,-13.4891,13.4848
2692,89.733,1968,1052,2661,1946,-14.1633,14.1124
2693,89.767,1968,1052,2660,1946,-13.8134,14.0557
2694,89.800,1968,1053,2659,1947,-13.6042,12.4837
2695,89.833,1967,1056,2659,1949,-14.2485,11.7291
2696,89.867,1969,1057,2654,1949,-11.0548,10.7641
2697,89.900,1969,1058,2654,1949,-9.6233,13.7594
2698,89.933,1968,1056,2657,1948,-11.8918,16.6534
2699,89.967,1968,1053,2659,1949,-8.5997,19.7681
2700,90.000,1968,1053,2659,1950,-8.6614,18.8623
2701,90.033,1968,1055,2659,1949,-10.7246,18.9052
2702,90.067,1968,1055,2659,1949,-9.9439,18.3401
2703,90.100,1967,1054,2659,1949,-10.8322,19.2306
2704,90.133,1967,1053,2658,1949,-9.1935,19.2112
2705,90.167,1967,1053,2658,1949,-8.1764,19.0369
2706,90.200,1967,1052,2658,1948,-8.1763,20.5243
2707,90.233,1967,1052,2658,1948,-7.8902,21.0091
2708,90.267,1967,1052,2658,1948,-7.2112,18.8205
2709,90.300,1967,1052,2657,1948,-8.2943,19.4209
2710,90.333,1967,1052,2658,1947,-7.6287,18.8961
2711,90.367,1967,1052,2658,1947,-7.4969,19.3345
2712,90.400,1967,1051,2658,1947,-8.0023,18.8583
2713,90.433,1966,1051,2657,1947,-7.9300,19.0545
2714,90.467,1966,1051,2658,1948,-8.4564,17.0531
2715,90.500,1966,1050,2657,1949,-8.8957,18.2721
2716,90.533,1967,1051,2659,1948,-13.6995,11.5953
2717,90.567,1967,1050,2658,1948,-14.3058,11.5028
2718,90.600,1967,1050,2658,1948,-14.1672,11.7872
2719,90.633,1967,1050,2658,1948,-14.4158,12.1665
2720,90.667,1967,1051,2658,1948,-14.1648,11.1874
2721,90.700,1967,1051,2659,1948,-14.8483,9.8749
2722,90.733,1967,1051,2659,1948,-14.7090,10.1149
2723,90.767,1967,1051,2659,1948,-14.9084,9.9657
2724,90.800,1967,1051,2659,1949,-15.0709,9.9203
2725,90.833,1967,1051,2659,1948,-15.6545,10.0699
2726,90.867,1967,1050,2659,1948,-14.7261,9.9540
2727,90.900,1967,1050,2660,1947,-15.7252,9.8469
2728,90.933,1967,1049,2660,1948,-15.7620,10.7814
2729,90.967,1966,1050,2660,1948,-14.8557,8.6063
2730,91.000,1965,1051,2659,1947,-10.1871,10.5559
2731,91.033,1964,1051,2658,1948,-5.7313,8.8667
2732,91.067,1965,1050,2659,1949,-2.9479,6.9456
2733,91.100,1965,1050,2659,1949,-3.1142,7.1060
2734,91.133,1964,1050,2659,1949,-5.6285,6.5892
2735,91.167,1965,1051,2659,1949,-3.7902,7.4170
2736,91.200,1965,1051,2659,1949,-3.6384,7.4094
2737,91.233,1965,1051,2659,1948,-4.6361,5.6475
2738,91.267,1965,1051,2659,1948,-4.9641,6.6249
2739,91.300,1965,1052,2659,1948,-1.2128,7.4415
2740,91.333,1965,1052,2659,1948,-1.0649,7.3415
2741,91.367,1965,1052,2659,1947,-0.5112,7.7678
2742,91.400,1964,1052,2659,1947,-3.0850,6.3566
2743,91.433,1964,1052,2659,1947,-2.8835,5.9521
2744,91.467,1964,1052,2659,1948,-0.3514,6.4779
2745,91.500,1964,1052,2659,1947,-2.3315,6.0267
2746,91.533,1964,1052,2659,1947,-2.7898,6.0234
2747,91.567,1964,1051,2659,1947,-2.8230,7.9134
2748,91.600,1964,1051,2659,1947,-3.3419,8.0006
2749,91.633,1964,1052,2659,1947,-3.1760,6.0395
2750,91.667,1964,1051,2659,1947,-2.1212,6.6869
2751,91.700,1965,1051,2659,1946,-1.0374,6.1319
2752,91.733,1965,1051,2659,1946,-0.8340,6.0195
2753,91.767,1965,1051,2659,1946,-0.4177,6.1142
2754,91.800,1965,1051,2659,1947,-0.3429,7.6790
2755,91.833,1965,1050,2659,1947,-1.0370,7.4731
2756,91.867,1965,1050,2659,1947,-0.6884,7.7439
2757,91.900,1965,1050,2659,1947,-1.1310,7.6322
2758,91.933,1965,1050,2659,1946,-2.3922,8.1175
2759,91.967,1965,1050,2660,1946,-1.7388,7.8098
2760,92.000,1965,1049,2660,1946,-1.4338,8.3480
2761,92.033,1966,1049,2661,1947,-7.0551,10.3178
2762,92.067,1966,1050,2661,1947,-7.5238,10.6450
2763,92.100,1967,1054,2662,1946,-13.7825,13.1491
2764,92.133,1967,1054,2662,1946,-14.4323,14.2794
2765,92.167,1968,1054,2662,1946,-14.5782,13.6388
2766,92.200,1968,1054,2662,1946,-14.9226,13.0129
2767,92.233,1968,1054,2662,1946,-15.0731,13.5324
2768,92.267,1968,1054,2662,1946,-14.9341,12.9760
2769,92.300,1967,1055,2662,1946,-14.8079,14.8894
2770,92.333,1967,1054,2662,1946,-14.5721,15.1164
2771,92.367,1968,1055,2663,1946,-14.3561,12.5315
2772,92.400,1968,1055,2663,1946,-13.7253,12.4419
2773,92.433,1968,1055,2663,1946,-13.9179,12.7441
2774,92.467,1967,1054,2663,1946,-13.7039,14.2887
2775,92.500,1967,1054,2664,1946,-13.4273,14.5335
2776,92.533,1967,1053,2663,1946,-13.7786,13.6991
2777,92.567,1968,1051,2664,1947,-13.8731,13.5539
2778,92.600,1968,1052,2664,1947,-13.6015,13.5503
2779,92.633,1966,1057,2662,1944,-13.3051,14.6523
2780,92.667,1969,1051,2664,1947,-13.9065,11.7012
2781,92.700,1969,1051,2664,1948,-13.3206,12.5585
2782,92.733,1969,1050,2664,1948,-13.6420,14.6889
2783,92.767,1969,1050,2664,1947,-13.4817,13.9436
2784,92.800,1969,1050,2664,1947,-12.9050,14.1715
2785,92.833,1969,1051,2664,1948,-12.6351,13.6000
2786,92.867,1968,1051,2664,1948,-12.8509,14.2571
2787,92.900,1968,1051,2664,1948,-12.5055,13.5688
2788,92.933,1968,1051,2664,1948,-12.3627,13.7717
2789,92.967,1969,1050,2664,1947,-11.9254,12.1813
2790,93.000,1969,1051,2664,1948,-13.6445,15.3777
2791,93.033,1969,1051,2664,1948,-13.7620,15.6801
2792,93.067,1969,1050,2664,1948,-12.1528,16.5910
2793,93.100,1969,1050,2664,1948,-11.8933,16.9846
2794,93.133,1969,1050,2664,1948,-12.1533,15.9253
2795,93.167,1969,1050,2664,1948,-11.6928,16.0616
2796,93.200,1969,1050,2664,1948,-11.5626,15.9992
2797,93.233,1969,1050,2664,1948,-11.7974,15.8963
2798,93.267,1969,1050,2664,1947,-11.8550,17.9801
2799,93.300,1969,1050,2664,1947,-10.9095,18.1887
2800,93.333,1969,1050,2664,1947,-10.8413,18.1215
2801,93.367,1969,1050,2665,1947,-10.8315,15.0939
2802,93.400,1969,1049,2664,1947,-11.2239,17.4753
2803,93.433,1969,1050,2665,1947,-10.6558,15.7262
2804,93.467,1964,1062,2662,1943,-9.5215,15.0849
2805,93.500,1964,1062,2662,1943,-9.0685,15.2446
2806,93.533,1965,1062,2662,1944,-10.4779,15.8770
2807,93.567,1965,1062,2662,1944,-9.9569,15.6290
2808,93.600,1965,1062,2662,1943,-10.3080,15.3781
2809,93.633,1965,1062,2661,1944,-9.0609,14.3485
2810,93.667,1965,1061,2661,1944,-10.3256,14.5890
2811,93.700,1964,1061,2660,1944,-8.6940,14.2569
2812,93.733,1968,1056,2662,1946,-8.9936,13.1274
2813,93.767,1968,1056,2662,1946,-9.3614,13.3611
2814,93.800,1968,1055,2662,1946,-8.4411,17.3849
2815,93.833,1968,1055,2662,1946,-8.2236,17.9646
2816,93.867,1968,1055,2662,1946,-8.5913,17.8270
2817,93.900,1968,1055,2663,1947,-8.4668,14.8635
2818,93.933,1968,1055,2663,1946,-9.5218,15.0051
2819,93.967,1968,1055,2663,1947,-8.9614,15.3426
2820,94.000,1968,1055,2663,1947,-10.5818,14.9134
2821,94.033,1969,1056,2663,1947,-9.6819,17.3803
2822,94.067,1968,1055,2663,1947,-9.9745,13.5002
2823,94.100,1965,1060,2660,1944,-11.3999,12.9547
2824,94.133,1967,1057,2660,1944,-9.5396,13.7032
2825,94.167,1970,1052,2663,1946,-10.6521,12.3949
2826,94.200,1970,1052,2663,1946,-11.5295,12.7585
2827,94.233,1970,1052,2663,1946,-11.7512,12.1502
2828,94.267,1969,1053,2663,1946,-9.6561,14.2057
2829,94.300,1969,1052,2663,1945,-11.3033,13.7586
2830,94.333,1969,1052,2663,1945,-11.5945,13.5303
2831,94.367,1969,1053,2663,1945,-8.9401,14.7119
2832,94.400,1969,1052,2663,1945,-11.2779,13.0992
2833,94.433,1966,1058,2659,1942,-10.9198,13.7542
2834,94.467,1969,1053,2663,1944,-9.4337,15.4689
2835,94.500,1969,1053,2663,1944,-9.2104,15.8242
2836,94.533,1969,1054,2663,1944,-9.1225,16.1203
2837,94.567,1969,1054,2663,1944,-9.1164,15.4439
2838,94.600,1969,1053,2663,1944,-9.7711,16.5161
2839,94.633,1969,1053,2663,1944,-9.6255,16.5163
2840,94.667,1969,1053,2663,1944,-9.5920,17.1466
2841,94.700,1969,1052,2663,1944,-9.2089,17.3121
2842,94.733,1969,1052,2663,1943,-9.1288,16.4584
2843,94.767,1969,1052,2663,1943,-9.0964,16.0216
2844,94.800,1969,1051,2663,1943,-9.4876,13.6365
2845,94.833,1969,1052,2662,1944,-9.9220,15.2623
2846,94.867,1968,1053,2663,1943,-8.9688,14.1138
2847,94.900,1969,1053,2662,1944,-10.3999,13.2263
2848,94.933,1969,1055,2663,1944,-9.5497,14.4708
2849,94.967,1969,1054,2663,1944,-10.4459,11.8715
2850,95.000,1968,1054,2662,1945,-8.6067,12.8258
2851,95.033,1968,1053,2662,1945,-8.6266,11.8067
2852,95.067,1968,1053,2662,1945,-8.4415,11.4984
2853,95.100,1968,1053,2663,1946,-10.4946,14.2421
2854,95.133,1968,1053,2663,1946,-12.3606,14.1517
2855,95.167,1968,1053,2663,1947,-11.6480,11.8719
2856,95.200,1968,1053,2663,1946,-12.3125,12.0641
2857,95.233,1968,1054,2662,1946,-12.3844,13.8401
2858,95.267,1966,1059,2660,1943,-12.8758,11.6613
2859,95.300,1966,1059,2660,1942,-13.4617,11.7888
2860,95.333,1966,1059,2660,1941,-12.0488,12.2955
2861,95.367,1966,1059,2660,1941,-12.1110,12.7841
2862,95.400,1967,1058,2660,1941,-13.4862,10.6335
2863,95.433,1967,1058,2660,1941,-12.6963,11.4667
2864,95.467,1967,1058,2660,1941,-12.5813,12.0015
2865,95.500,1966,1058,2660,1941,-13.8475,13.0177
2866,95.533,1966,1057,2659,1940,-13.6911,12.8965
2867,95.567,1966,1057,2659,1941,-13.0585,12.1198
2868,95.600,1966,1058,2659,1941,-13.2222,12.5240
2869,95.633,1966,1059,2659,1941,-12.4274,11.2761
2870,95.667,1966,1058,2659,1941,-13.2886,12.4118
2871,95.700,1966,1058,2660,1941,-12.9914,13.3137
2872,95.733,1966,1058,2660,1941,-13.1139,13.2232
2873,95.767,1966,1057,2659,1941,-12.2281,11.7159
2874,95.800,1966,1058,2660,1941,-13.0964,12.5077
2875,95.833,1967,1058,2660,1941,-13.5518,13.8482
2876,95.867,1967,1058,2660,1942,-14.1861,14.3401
2877,95.900,1967,1058,2660,1941,-14.9081,13.8654
2878,95.933,1968,1058,2660,1941,-15.3237,12.1946
2879,95.967,1968,1058,2660,1941,-15.2593,11.3745
2880,96.000,1968,1059,2660,1941,-15.6406,11.4551
2881,96.033,1968,1060,2660,1941,-14.8550,13.6489
2882,96.067,1968,1060,2660,1941,-14.6489,13.4536
2883,96.100,1968,1060,2660,1941,-14.8824,13.2294
2884,96.133,1968,1059,2660,1941,-15.3482,12.6754
2885,96.167,1968,1058,2661,1941,-14.8280,12.6631
2886,96.200,1968,1059,2661,1941,-14.9183,13.6539
2887,96.233,1967,1058,2661,1941,-15.1483,12.7131
2888,96.267,1968,1058,2662,1941,-14.3256,13.1576
2889,96.300,1968,1058,2661,1941,-13.4701,14.9417
2890,96.333,1968,1058,2662,1941,-13.5684,14.1854
2891,96.367,1967,1059,2662,1941,-13.4209,15.7106
2892,96.400,1967,1059,2662,1942,-13.6938,14.8862
2893,96.433,1967,1058,2662,1941,-13.6534,15.6854
2894,96.467,1967,1058,2662,1941,-13.3205,15.0592
2895,96.500,1967,1058,2662,1941,-13.4033,15.4133
2896,96.533,1967,1058,2662,1942,-12.1007,15.5126
2897,96.567,1967,1057,2661,1941,-12.0296,15.6268
2898,96.600,1970,1052,2664,1945,-11.2193,15.5404
2899,96.633,1970,1051,2664,1944,-10.4345,13.2869
2900,96.667,1970,1051,2663,1944,-10.5584,12.6718
2901,96.700,1970,1051,2663,1944,-10.8244,12.9641
2902,96.733,1970,1051,2663,1944,-10.8757,13.1151
2903,96.767,1970,1052,2664,1944,-12.2643,15.6168
2904,96.800,1970,1051,2664,1944,-10.6384,14.0716
2905,96.833,1970,1051,2664,1944,-10.3758,13.9003
2906,96.867,1970,1051,2664,1944,-10.1737,14.2777
2907,96.900,1970,1051,2664,1944,-10.8466,14.2983
2908,96.933,1970,1051,2664,1944,-11.5493,14.9671
2909,96.967,1970,1051,2664,1944,-11.3049,15.4641
2910,97.000,1969,1051,2664,1944,-12.1275,15.5253
2911,97.033,1969,1051,2664,1945,-12.2747,15.1344
2912,97.067,1969,1051,2664,1945,-12.5150,15.4235
2913,97.100,1969,1051,2664,1945,-12.4822,15.3971
2914,97.133,1969,1051,2664,1945,-11.9742,14.5572
2915,97.167,1969,1052,2664,1945,-10.6533,17.1899
2916,97.200,1969,1052,2664,1945,-10.7150,16.7464
2917,97.233,1969,1052,2664,1945,-10.7838,16.3833
2918,97.267,1969,1051,2663,1945,-10.7670,13.3105
2919,97.300,1969,1053,2663,1945,-11.8103,13.1767
2920,97.333,1968,1053,2663,1945,-11.6085,12.1964
2921,97.367,1968,1053,2663,1945,-11.5018,12.2365
2922,97.400,1969,1054,2663,1945,-11.4764,13.0061
2923,97.433,1969,1053,2663,1945,-11.4367,13.2623
2924,97.467,1969,1054,2663,1945,-11.5416,12.8975
2925,97.500,1969,1054,2663,1945,-11.8243,12.8283
2926,97.533,1969,1054,2663,1945,-11.8665,12.6649
2927,97.567,1968,1054,2664,1945,-12.3837,12.8271
2928,97.600,1968,1054,2664,1945,-12.3235,12.8205
2929,97.633,1968,1054,2664,1945,-11.5115,13.0422
2930,97.667,1968,1054,2664,1944,-11.9689,11.8899
2931,97.700,1968,1055,2665,1945,-13.9677,11.9168
2932,97.733,1969,1055,2665,1945,-14.3121,10.6637
2933,97.767,1969,1055,2665,1945,-14.0932,10.7161
2934,97.800,1969,1055,2665,1945,-14.2346,10.4118
2935,97.833,1969,1056,2665,1945,-14.2623,10.4807
2936,97.867,1969,1056,2665,1945,-14.3320,10.3942
2937,97.900,1965,1060,2663,1942,-14.3568,10.3166
2938,97.933,1969,1057,2665,1945,-13.0526,10.6989
2939,97.967,1965,1061,2662,1942,-14.3441,8.7383
2940,98.000,1966,1064,2662,1943,-13.5251,11.4313
2941,98.033,1966,1063,2662,1943,-13.6891,12.4874
2942,98.067,1966,1063,2662,1943,-13.6621,12.2197
2943,98.100,1969,1058,2664,1946,-12.2660,10.1727
2944,98.133,1969,1056,2664,1946,-12.9519,10.6775
2945,98.167,1969,1056,2664,1945,-12.2843,10.7324
2946,98.200,1969,1056,2664,1945,-12.5310,10.7191
2947,98.233,1969,1057,2664,1945,-13.1035,11.6344
2948,98.267,1969,1056,2664,1946,-13.5204,11.4745
2949,98.300,1969,1057,2664,1946,-13.6745,12.5363
2950,98.333,1969,1057,2664,1946,-13.7414,12.5896
2951,98.367,1969,1057,2664,1945,-13.2258,12.6540
2952,98.400,1969,1056,2664,1946,-13.5883,11.9231
2953,98.433,1969,1056,2664,1945,-13.4081,12.0752
2954,98.467,1968,1055,2664,1945,-13.7793,11.2578
2955,98.500,1968,1055,2664,1945,-14.2469,11.0789
2956,98.533,1969,1055,2664,1946,-14.2588,11.3943
2957,98.567,1969,1055,2664,1945,-14.7799,12.5777
2958,98.600,1969,1055,2664,1945,-14.9626,12.2911
2959,98.633,1969,1055,2664,1945,-14.9698,12.3455
2960,98.667,1969,1055,2665,1945,-14.0859,11.4423
2961,98.700,1969,1055,2664,1946,-11.6066,14.5048
2962,98.733,1965,1060,2662,1942,-13.1370,15.4899
2963,98.767,1966,1060,2662,1942,-11.4720,14.1167
2964,98.800,1965,1060,2662,1942,-12.6958,14.0217
2965,98.833,1965,1059,2662,1942,-11.1388,13.5108
2966,98.867,1965,1059,2662,1942,-11.3241,13.4275
2967,98.900,1969,1055,2665,1945,-10.7154,12.5520
2968,98.933,1969,1054,2665,1944,-11.8054,12.1969
2969,98.967,1969,1054,2665,1945,-11.8334,12.7145
2970,99.000,1969,1053,2664,1946,-11.6370,14.1743
2971,99.033,1969,1053,2664,1946,-11.5958,13.9975
2972,99.067,1969,1053,2664,1945,-10.7750,12.9431
2973,99.100,1969,1053,2664,1945,-11.1778,12.9592
2974,99.133,1969,1053,2664,1945,-11.8461,13.6493
2975,99.167,1966,1058,2662,1941,-11.7537,12.5022
2976,99.200,1966,1058,2662,1941,-11.9486,12.2544
2977,99.233,1966,1058,2661,1941,-12.0083,12.4148
2978,99.267,1966,1059,2661,1941,-12.2142,9.7661
2979,99.300,1967,1060,2661,1941,-12.5722,9.6720
2980,99.333,1967,1061,2661,1942,-13.5817,11.1884
2981,99.367,1966,1061,2661,1941,-13.1322,13.8022
2982,99.400,1966,1060,2661,1942,-12.6594,11.8839
2983,99.433,1969,1055,2664,1946,-11.3815,12.3178
2984,99.467,1968,1055,2664,1946,-11.2961,11.5610
2985,99.500,1968,1055,2664,1946,-10.7754,12.0342
2986,99.533,1969,1054,2664,1945,-11.8035,12.5715
2987,99.567,1969,1053,2663,1945,-11.5525,13.5772
2988,99.600,1969,1052,2663,1945,-12.2290,12.5963
2989,99.633,1969,1052,2663,1945,-12.2290,12.5963
2990,99.667,1968,1050,2661,1944,-13.8735,9.8230
2991,99.700,1968,1050,2661,1944,-13.7095,10.3475
2992,99.733,1968,1050,2661,1944,-13.6973,10.3261
2993,99.767,1968,1050,2661,1944,-13.6116,9.9502
2994,99.800,1968,1050,2661,1944,-13.2183,9.4390
2995,99.833,1968,1050,2661,1944,-13.6138,9.4017
2996,99.867,1968,1050,2661,1945,-13.0901,10.3979
2997,99.900,1968,1050,2661,1944,-13.9137,9.3035
2998,99.933,1968,1050,2661,1944,-14.1824,9.3780
2999,99.967,1968,1052,2661,1944,-14.4179,10.1723
3000,100.000,1969,1053,2662,1946,-14.8762,8.3267
3001,100.033,1969,1053,2662,1946,-15.5915,7.5296
3002,100.067,1969,1053,2662,1946,-16.6558,7.0949
3003,100.100,1969,1053,2662,1946,-16.6470,7.4936
3004,100.133,1970,1053,2662,1945,-15.9987,7.2637
3005,100.167,1970,1053,2662,1946,-14.5944,7.5200
3006,100.200,1970,1053,2662,1946,-14.8669,7.6496
3007,100.233,1969,1052,2663,1945,-16.2153,7.4855
3008,100.267,1969,1052,2663,1945,-16.5766,7.7913
3009,100.300,1969,1053,2663,1946,-15.2923,8.6579
3010,100.333,1969,1053,2663,1946,-15.2890,9.7104
3011,100.367,1968,1054,2663,1946,-14.1904,8.7592
3012,100.400,1969,1055,2663,1946,-14.5822,8.9250
3013,100.433,1969,1060,2659,1947,-14.9647,8.9075
3014,100.467,1969,1059,2659,1947,-16.1378,8.1360
3015,100.500,1970,1056,2658,1948,-11.5995,6.6639
3016,100.533,1969,1055,2657,1947,-13.0481,9.1883
3017,100.567,1970,1055,2658,1947,-14.4512,8.9169
3018,100.600,1968,1053,2661,1945,-15.5099,14.3160
3019,100.633,1969,1053,2661,1945,-16.0820,12.9711
3020,100.667,1968,1053,2662,1946,-14.4097,14.4281
3021,100.700,1969,1054,2662,1947,-13.9624,15.4992
3022,100.733,1969,1053,2662,1947,-14.5836,13.9095
3023,100.767,1969,1053,2662,1947,-14.9992,13.9387
3024,100.800,1969,1053,2662,1947,-14.7598,13.5499
3025,100.833,1967,1058,2661,1943,-15.4580,11.9538
3026,100.867,1967,1059,2661,1943,-14.7848,10.2829
3027,100.900,1967,1059,2661,1943,-14.9099,10.0449
3028,100.933,1968,1059,2661,1943,-15.1605,10.0694
3029,100.967,1968,1059,2661,1943,-15.0136,10.7558
3030,101.000,1967,1059,2661,1942,-15.1294,10.7905
3031,101.033,1967,1058,2661,1942,-15.4402,11.6461
3032,101.067,1967,1059,2661,1942,-15.3672,10.7037
3033,101.100,1966,1059,2661,1942,-12.8137,12.3763
3034,101.133,1966,1055,2661,1943,-0.7365,9.7387
3035,101.167,1966,1056,2661,1943,-2.3326,10.1302
3036,101.200,1966,1057,2661,1943,-1.0414,9.3430
3037,101.233,1966,1056,2661,1943,-2.2701,10.3198
3038,101.267,1966,1057,2661,1943,-0.8768,8.4537
3039,101.300,1966,1057,2660,1943,-0.5924,9.2829
3040,101.333,1966,1058,2661,1943,-1.9444,7.0390
3041,101.367,1966,1058,2661,1943,-2.0928,7.0780
3042,101.400,1966,1058,2661,1943,-1.0923,7.0432
3043,101.433,1966,1058,2662,1944,1.1933,7.6115
3044,101.467,1966,1059,2662,1944,1.1919,7.5359
3045,101.500,1966,1059,2662,1944,1.6623,6.7940
3046,101.533,1966,1058,2661,1944,3.4409,6.0824
3047,101.567,1967,1059,2661,1943,3.4471,6.8850
3048,101.600,1967,1058,2661,1943,3.7773,8.0161
3049,101.633,1967,1058,2661,1943,3.7705,7.6493
3050,101.667,1967,1058,2661,1943,4.4568,6.9432
3051,101.700,1967,1058,2661,1942,3.9029,7.7785
3052,101.733,1967,1058,2661,1943,4.3382,7.2116
3053,101.767,1967,1058,2660,1943,4.0991,7.2979
3054,101.800,1967,1058,2660,1942,4.0561,7.4982
3055,101.833,1966,1058,2660,1942,4.4446,6.1182
3056,101.867,1966,1057,2660,1942,4.3987,6.3520
3057,101.900,1966,1057,2661,1942,4.6292,6.9320
3058,101.933,1967,1056,2661,1942,6.3478,8.2224
3059,101.967,1967,1056,2661,1942,4.9282,7.9764
3060,102.000,1969,1050,2663,1947,2.8207,7.0059
3061,102.033,1969,1051,2663,1947,2.0339,6.6306
3062,102.067,1968,1051,2663,1947,3.8047,6.4124
3063,102.100,1968,1051,2663,1947,3.7385,5.9815
3064,102.133,1969,1052,2664,1947,2.6098,8.5373
3065,102.167,1969,1052,2664,1947,2.1977,8.9669
3066,102.200,1968,1053,2664,1947,4.6895,8.2755
3067,102.233,1968,1052,2664,1947,2.6720,8.7092
3068,102.267,1968,1052,2664,1947,4.0730,8.4733
3069,102.300,1968,1052,2664,1947,3.5899,8.9217
3070,102.333,1968,1052,2664,1947,3.6526,8.9147
3071,102.367,1968,1052,2664,1947,3.4761,9.9019
3072,102.400,1969,1052,2664,1947,2.4504,9.0480
3073,102.433,1969,1052,2663,1947,2.2959,8.7895
3074,102.467,1969,1052,2663,1946,-0.9806,8.5607
3075,102.500,1969,1052,2663,1946,-0.4288,8.0837
3076,102.533,1969,1052,2663,1946,-0.4707,8.6615
3077,102.567,1969,1052,2663,1946,-0.9642,8.1476
3078,102.600,1969,1052,2663,1946,-1.9099,8.0504
3079,102.633,1969,1052,2663,1946,-1.6779,7.8724
3080,102.667,1969,1052,2663,1946,-1.7107,8.8974
3081,102.700,1969,1051,2663,1946,-0.4074,8.1448
3082,102.733,1969,1051,2663,1946,-0.8188,8.2637
3083,102.767,1969,1052,2663,1946,-2.4776,8.5657
3084,102.800,1969,1051,2662,1945,-1.1360,9.6620
3085,102.833,1969,1051,2662,1946,0.3111,11.2738
3086,102.867,1969,1051,2663,1945,-10.4721,14.1754
3087,102.900,1969,1051,2663,1945,-11.6873,14.3627
3088,102.933,1970,1051,2664,1945,-13.2955,11.6424
3089,102.967,1968,1056,2662,1941,-12.4380,13.5077
3090,103.000,1968,1055,2663,1941,-12.5105,12.7358
3091,103.033,1968,1055,2663,1941,-12.9185,12.4849
3092,103.067,1968,1055,2663,1941,-13.6512,13.1312
3093,103.100,1968,1055,2663,1941,-13.8936,12.7840
3094,103.133,1969,1056,2663,1941,-14.3948,11.8620
3095,103.167,1969,1055,2663,1941,-13.9340,12.9313
3096,103.200,1968,1055,2663,1941,-14.6789,14.0497
3097,103.233,1968,1055,2664,1942,-14.7679,14.7991
3098,103.267,1969,1055,2663,1942,-14.3273,13.6877
3099,103.300,1968,1055,2664,1942,-15.4489,13.9830
3100,103.333,1968,1055,2664,1943,-15.6557,13.2069
3101,103.367,1968,1055,2664,1943,-15.9024,12.5766
3102,103.400,1968,1054,2664,1944,-14.6258,10.8292
3103,103.433,1971,1050,2665,1947,-16.1693,13.4110
3104,103.467,1970,1049,2665,1947,-13.7676,15.0738
3105,103.500,1970,1049,2665,1947,-13.1308,14.4155
3106,103.533,1970,1049,2665,1946,-11.9420,13.9594
3107,103.567,1970,1049,2665,1946,-11.8038,14.2211
3108,103.600,1968,1053,2663,1942,-11.9396,17.0216
3109,103.633,1968,1053,2663,1943,-12.0774,15.6945
3110,103.667,1968,1054,2664,1942,-10.1307,14.4362
3111,103.700,1968,1053,2664,1942,-12.3120,14.5710
3112,103.733,1968,1053,2664,1942,-12.3461,14.4018
3113,103.767,1968,1054,2664,1942,-10.8815,14.9842
3114,103.800,1968,1054,2664,1943,-11.5969,13.7474
3115,103.833,1969,1055,2664,1943,-11.1234,13.9903
3116,103.867,1969,1054,2665,1944,-10.2838,14.0872
3117,103.900,1969,1055,2664,1944,-10.2103,13.6212
3118,103.933,1969,1058,2664,1942,-11.7945,13.4260
3119,103.967,1969,1058,2664,1943,-11.5940,13.2619
3120,104.000,1969,1057,2664,1943,-10.3489,14.3061
3121,104.033,1970,1056,2664,1943,-10.7399,11.7592
3122,104.067,1969,1057,2664,1943,-10.3688,13.5009
3123,104.100,1969,1057,2663,1943,-10.1918,11.8111
3124,104.133,1969,1056,2664,1943,-10.3392,12.6595
3125,104.167,1969,1057,2663,1942,-9.4895,11.4662
3126,104.200,1968,1057,2663,1942,-9.1643,14.0759
3127,104.233,1968,1057,2662,1942,-8.5291,13.0976
3128,104.267,1968,1059,2662,1942,-10.0930,13.6869
3129,104.300,1968,1059,2663,1942,-11.0906,13.6738
3130,104.333,1968,1060,2663,1942,-9.7329,14.4963
3131,104.367,1968,1060,2663,1942,-9.7425,14.1688
3132,104.400,1968,1060,2664,1942,-9.2708,13.1985
3133,104.433,1968,1061,2664,1943,-9.7087,13.2381
3134,104.467,1969,1061,2664,1943,-11.0365,11.7357
3135,104.500,1969,1061,2664,1943,-10.9300,11.9362
3136,104.533,1970,1060,2664,1943,-9.9393,10.9045
3137,104.567,1969,1059,2664,1943,-10.5442,11.7965
3138,104.600,1969,1059,2664,1944,-11.2967,11.3198
3139,104.633,1969,1060,2664,1943,-11.1669,11.6936
3140,104.667,1968,1060,2664,1944,-11.1602,10.0237
3141,104.700,1968,1061,2664,1944,-10.2357,10.2964
3142,104.733,1968,1060,2664,1943,-11.5473,8.9963
3143,104.767,1968,1061,2664,1943,-11.2592,9.1302
3144,104.800,1968,1060,2665,1943,-11.0461,8.6461
3145,104.833,1968,1060,2664,1943,-11.5213,9.3940
3146,104.867,1969,1060,2665,1943,-12.8280,9.4678
3147,104.900,1968,1060,2665,1943,-11.9545,8.1567
3148,104.933,1968,1061,2665,1943,-14.3471,9.8087
3149,104.967,1969,1062,2666,1944,-15.4870,10.4914
3150,105.000,1969,1064,2665,1944,-15.4089,7.9426
3151,105.033,1970,1063,2665,1943,-15.4847,7.9395
3152,105.067,1970,1063,2665,1944,-14.9653,8.3052
3153,105.100,1970,1062,2665,1943,-15.1625,9.1826
3154,105.133,1969,1062,2664,1943,-16.6924,7.7823
3155,105.167,1969,1063,2665,1943,-15.2095,7.4743
3156,105.200,1969,1063,2665,1943,-14.9753,7.7726
3157,105.233,1969,1063,2665,1943,-14.8049,7.8035
3158,105.267,1969,1064,2665,1943,-14.7768,8.7163
3159,105.300,1969,1064,2665,1943,-14.5590,8.9853
3160,105.333,1969,1064,2665,1943,-14.3947,9.3253
3161,105.367,1969,1064,2665,1943,-14.4315,9.5177
3162,105.400,1969,1064,2665,1944,-14.3889,9.1618
3163,105.433,1969,1064,2665,1943,-10.8515,10.6541
3164,105.467,1969,1063,2665,1943,-10.9533,10.5157
3165,105.500,1969,1063,2665,1943,-11.0477,10.3975
3166,105.533,1969,1062,2665,1943,-10.9252,9.8058
3167,105.567,1969,1062,2665,1943,-11.0666,9.9727
3168,105.600,1969,1062,2665,1943,-11.1382,9.8512
3169,105.633,1969,1061,2665,1943,-11.3387,10.9402
3170,105.667,1969,1062,2665,1943,-11.7402,10.9734
3171,105.700,1969,1062,2664,1943,-10.8915,11.9484
3172,105.733,1968,1061,2663,1944,-8.0793,13.0935
3173,105.767,1968,1061,2664,1944,-6.4644,11.9441
3174,105.800,1967,1061,2664,1945,-6.7997,12.0471
3175,105.833,1967,1061,2664,1944,-5.9752,13.2012
3176,105.867,1968,1061,2664,1943,-6.6706,14.0876
3177,105.900,1968,1061,2664,1943,-6.1148,14.7415
3178,105.933,1968,1061,2664,1944,-6.2468,12.9937
3179,105.967,1967,1061,2664,1944,-4.9665,12.1906
3180,106.000,1967,1060,2664,1944,-4.7985,11.3308
3181,106.033,1967,1060,2665,1944,-7.5853,14.4926
3182,106.067,1969,1055,2666,1947,-7.5276,10.5033
3183,106.100,1967,1059,2665,1945,-8.1689,11.9435
3184,106.133,1969,1056,2666,1948,-8.4785,9.8177
3185,106.167,1969,1056,2666,1948,-8.7566,9.8385
3186,106.200,1969,1056,2666,1948,-8.9481,9.6033
3187,106.233,1969,1056,2666,1948,-8.9691,9.4305
3188,106.267,1969,1056,2666,1948,-8.7034,9.0383
3189,106.300,1969,1057,2666,1948,-7.6594,10.8521
3190,106.333,1969,1057,2666,1948,-7.7569,10.8740
3191,106.367,1969,1057,2665,1947,-8.6350,9.3275
3192,106.400,1967,1062,2665,1944,-9.1640,12.0861
3193,106.433,1966,1063,2665,1944,-8.6998,12.2881
3194,106.467,1966,1063,2665,1945,-9.0255,11.4622
3195,106.500,1966,1064,2665,1944,-9.2431,11.8784
3196,106.533,1966,1064,2665,1944,-9.4408,11.1694
3197,106.567,1969,1055,2667,1941,-12.0169,9.0275
3198,106.600,1969,1056,2667,1942,-12.1608,9.1079
3199,106.633,1969,1056,2667,1942,-12.0889,9.5398
3200,106.667,1969,1057,2667,1942,-12.2866,10.7153
3201,106.700,1969,1057,2667,1942,-12.7994,10.0965
3202,106.733,1969,1057,2667,1941,-12.9570,8.2980
3203,106.767,1969,1057,2668,1942,-12.6179,9.9805
3204,106.800,1969,1057,2667,1942,-12.5387,9.3482
3205,106.833,1969,1057,2667,1942,-12.7448,9.9772
3206,106.867,1969,1058,2667,1942,-11.5432,9.0645
3207,106.900,1966,1063,2664,1938,-12.7003,10.0052
3208,106.933,1967,1065,2664,1940,-14.0613,10.9968
3209,106.967,1968,1065,2665,1941,-15.4901,9.8767
3210,107.000,1968,1067,2665,1941,-14.5545,8.0523
3211,107.033,1968,1066,2665,1941,-15.9364,7.9471
3212,107.067,1968,1066,2666,1941,-15.8505,9.7562
3213,107.100,1968,1066,2666,1941,-16.0141,10.3027
3214,107.133,1968,1067,2666,1942,-15.8076,9.5258
3215,107.167,1968,1067,2667,1943,-14.7713,9.0863
3216,107.200,1968,1066,2667,1943,-16.3273,10.3078
3217,107.233,1968,1066,2667,1944,-15.4348,10.0009
3218,107.267,1968,1066,2667,1944,-15.5003,9.7057
3219,107.300,1968,1066,2667,1944,-15.9447,9.7426
3220,107.333,1968,1066,2667,1944,-16.0450,9.9144
3221,107.367,1967,1067,2667,1945,-16.3976,11.2720
3222,107.400,1968,1067,2667,1944,-15.6879,10.6305
3223,107.433,1968,1067,2668,1944,-16.1328,10.1062
3224,107.467,1968,1067,2667,1944,-15.8074,10.7422
3225,107.500,1968,1067,2667,1944,-15.9059,10.4848
3226,107.533,1968,1068,2667,1945,-16.5399,10.3426
3227,107.567,1968,1068,2668,1945,-16.2035,8.9465
3228,107.600,1968,1070,2666,1944,-14.8546,7.6239
3229,107.633,1968,1073,2662,1942,-15.4810,5.3638
3230,107.667,1967,1073,2662,1942,-14.6866,5.9294
3231,107.700,1969,1071,2665,1945,-13.5215,9.8647
3232,107.733,1970,1069,2661,1942,-13.6880,5.5613
3233,107.767,1972,1063,2662,1946,-16.5758,3.5124
3234,107.800,1971,1063,2665,1947,-13.7299,6.8068
3235,107.833,1968,1067,2664,1942,-16.5061,8.5459
3236,107.867,1968,1067,2665,1942,-16.6197,8.7687
3237,107.900,1969,1067,2665,1943,-17.8891,9.2530
3238,107.933,1969,1067,2665,1942,-17.3014,8.3625
3239,107.967,1969,1065,2666,1943,-16.9490,8.1449
3240,108.000,1969,1066,2667,1944,-16.7316,6.6012
3241,108.033,1968,1065,2667,1943,-17.3708,7.5239
3242,108.067,1968,1065,2667,1944,-17.1927,7.5392
3243,108.100,1968,1065,2667,1943,-17.1497,8.8792
3244,108.133,1969,1065,2667,1944,-16.7125,8.9288
3245,108.167,1969,1065,2667,1944,-16.7551,8.0452
3246,108.200,1969,1065,2667,1944,-16.6218,8.2954
3247,108.233,1969,1065,2668,1944,-17.1209,7.3880
3248,108.267,1969,1065,2668,1944,-17.0619,6.9316
3249,108.300,1969,1065,2668,1944,-16.7526,6.5444
3250,108.333,1969,1065,2668,1944,-16.4857,7.9117
3251,108.367,1969,1065,2668,1944,-16.3471,7.7654
3252,108.400,1969,1064,2668,1945,-16.3386,9.8456
3253,108.433,1969,1064,2668,1945,-16.0760,8.9222
3254,108.467,1968,1064,2668,1944,-16.3186,9.7390
3255,108.500,1968,1064,2668,1944,-16.1670,9.4482
3256,108.533,1969,1064,2668,1944,-16.0564,8.7397
3257,108.567,1968,1064,2668,1944,-16.2114,8.3506
3258,108.600,1968,1064,2668,1945,-16.0535,8.4087
3259,108.633,1968,1064,2668,1944,-16.4727,8.2668
3260,108.667,1968,1063,2668,1944,-16.9432,8.2912
3261,108.700,1968,1063,2668,1943,-17.0244,8.6217
3262,108.733,1968,1061,2667,1943,-9.5976,11.2690
3263,108.767,1968,1061,2667,1943,-9.8685,11.0201
3264,108.800,1968,1061,2667,1944,-10.0921,10.7052
3265,108.833,1968,1061,2667,1944,-9.0654,10.5339
3266,108.867,1968,1061,2667,1944,-9.6408,11.6684
3267,108.900,1968,1062,2667,1943,-9.2699,11.8443
3268,108.933,1968,1061,2667,1943,-8.7288,9.1895
3269,108.967,1967,1060,2667,1944,-8.4367,9.6958
3270,109.000,1968,1062,2667,1943,-11.3587,11.3579
3271,109.033,1967,1063,2667,1944,-9.1517,12.6069
3272,109.067,1968,1067,2667,1944,-13.0542,12.8800
3273,109.100,1969,1067,2667,1944,-14.7701,10.7072
3274,109.133,1969,1068,2667,1944,-15.1382,12.0615
3275,109.167,1969,1068,2667,1944,-15.3135,11.5772
3276,109.200,1969,1068,2667,1944,-15.1730,11.8945
3277,109.233,1969,1068,2667,1944,-15.4286,11.1589
3278,109.267,1969,1068,2667,1944,-15.3734,10.8214
3279,109.300,1969,1068,2667,1945,-15.0330,10.7355
3280,109.333,1969,1068,2667,1945,-15.1772,10.6793
3281,109.367,1969,1068,2667,1944,-15.9784,9.7015
3282,109.400,1969,1068,2667,1944,-15.7278,9.4920
3283,109.433,1969,1068,2667,1944,-15.8856,9.8570
3284,109.467,1968,1068,2667,1944,-15.5781,9.8770
3285,109.500,1969,1068,2667,1944,-15.8866,10.3099
3286,109.533,1969,1069,2667,1945,-13.5761,11.4419
3287,109.567,1969,1068,2668,1944,-13.4216,13.8931
3288,109.600,1969,1068,2667,1944,-13.7993,13.5158
3289,109.633,1970,1067,2668,1944,-10.9483,13.4442
3290,109.667,1970,1068,2668,1944,-10.3816,12.0953
3291,109.700,1970,1067,2668,1944,-10.5951,15.9742
3292,109.733,1969,1067,2668,1944,-10.3961,16.9657
3293,109.767,1970,1066,2669,1944,-10.9809,16.0378
3294,109.800,1970,1067,2669,1945,-10.0919,15.0646
3295,109.833,1970,1067,2669,1945,-10.2408,14.8241
3296,109.867,1970,1066,2669,1944,-10.3532,15.7253
3297,109.900,1970,1067,2669,1944,-9.4436,15.8326
3298,109.933,1970,1066,2668,1944,-10.5905,18.1655
3299,109.967,1969,1065,2668,1945,3.0526,13.6890
3300,110.000,1968,1063,2669,1945,3.1190,10.6078
3301,110.033,1968,1064,2669,1945,2.9930,7.1237
3302,110.067,1967,1063,2668,1945,5.1029,9.6788
3303,110.100,1967,1063,2668,1945,4.2525,8.8768
3304,110.133,1967,1063,2668,1945,4.4758,8.0626
3305,110.167,1967,1064,2668,1945,2.4580,6.4924
3306,110.200,1967,1063,2667,1944,4.5534,7.8773
3307,110.233,1967,1064,2667,1944,3.8323,7.4260
3308,110.267,1966,1064,2667,1944,0.6010,8.6022
3309,110.300,1966,1064,2667,1944,-0.8408,8.9930
3310,110.333,1967,1063,2668,1944,0.6242,7.4807
3311,110.367,1967,1063,2667,1945,-0.6631,9.3780
3312,110.400,1967,1062,2667,1944,-0.8986,8.5488
3313,110.433,1967,1061,2667,1944,-1.0512,9.2108
3314,110.467,1967,1062,2666,1944,-1.8034,7.7848
3315,110.500,1967,1062,2667,1944,-1.7458,9.0069
3316,110.533,1967,1061,2667,1944,-4.3431,9.0475
3317,110.567,1967,1061,2667,1944,-5.0909,8.9100
3318,110.600,1967,1061,2667,1944,-5.3266,9.0272
3319,110.633,1967,1062,2667,1944,-4.4102,10.2930
3320,110.667,1967,1061,2667,1944,-5.4330,7.9708
3321,110.700,1967,1061,2667,1943,-5.6936,8.8659
3322,110.733,1967,1061,2667,1943,-5.7499,8.9126
3323,110.767,1967,1061,2667,1943,-5.1912,9.0144
3324,110.800,1967,1061,2666,1942,-4.9207,9.6619
3325,110.833,1968,1062,2666,1941,-9.8070,9.9790
3326,110.867,1969,1063,2666,1941,-11.0814,11.0461
3327,110.900,1969,1067,2667,1942,-13.9842,9.3778
3328,110.933,1969,1067,2666,1942,-13.2924,9.8572
3329,110.967,1969,1067,2667,1942,-15.0084,10.1915
3330,111.000,1968,1066,2667,1942,-14.3245,9.4036
3331,111.033,1969,1066,2667,1942,-14.4465,9.3026
3332,111.067,1969,1066,2667,1942,-14.5594,8.9617
3333,111.100,1969,1066,2666,1941,-14.9661,9.1690
3334,111.133,1969,1066,2666,1942,-15.5863,9.3499
3335,111.167,1970,1066,2667,1942,-15.6679,11.5436
3336,111.200,1970,1066,2667,1942,-15.6549,10.5955
3337,111.233,1970,1066,2667,1943,-13.9713,10.8859
3338,111.267,1970,1066,2667,1942,-14.2811,11.6138
3339,111.300,1970,1066,2667,1942,-14.6767,12.3532
3340,111.333,1970,1067,2667,1942,-14.7087,12.9308
3341,111.367,1970,1067,2667,1943,-14.4211,12.7998
3342,111.400,1970,1067,2667,1943,-14.4436,12.5960
3343,111.433,1969,1067,2668,1943,-14.6982,11.6269
3344,111.467,1969,1068,2668,1943,-15.1573,10.8784
3345,111.500,1970,1068,2668,1943,-14.7165,10.5516
3346,111.533,1969,1067,2668,1943,-16.0014,11.6499
3347,111.567,1970,1067,2668,1943,-15.1732,10.4989
3348,111.600,1970,1067,2668,1943,-15.2324,10.0440
3349,111.633,1969,1067,2668,1942,-14.7377,10.4676
3350,111.667,1969,1066,2668,1942,-15.3337,9.9726
3351,111.700,1969,1067,2668,1943,-15.8563,10.9234
3352,111.733,1969,1067,2668,1942,-14.5824,10.9540
3353,111.767,1969,1068,2668,1943,-15.5609,11.5829
3354,111.800,1969,1068,2667,1942,-13.0270,9.5947
3355,111.833,1968,1065,2667,1942,-5.0141,8.5559
3356,111.867,1969,1065,2667,1943,-5.0711,11.2617
3357,111.900,1914,1083,2617,1972,-8.6198,12.2637
3358,111.933,1914,1083,2617,1972,-8.7631,11.8194
3359,111.967,1915,1082,2617,1972,-8.4504,11.1641
3360,112.000,1916,1082,2617,1971,-8.8024,9.4330
3361,112.033,1915,1083,2617,1970,-7.6390,11.1015
3362,112.067,1915,1082,2618,1970,-8.5804,9.8231
3363,112.100,1915,1083,2618,1969,-7.6881,13.6123
3364,112.133,1914,1084,2618,1969,-8.4164,11.3853
3365,112.167,1915,1084,2618,1969,-7.6453,11.4475
3366,112.200,1915,1084,2618,1969,-7.5159,11.3743
3367,112.233,1914,1084,2618,1969,-8.4624,10.6804
3368,112.267,1915,1084,2618,1969,-8.3251,10.8724
3369,112.300,1915,1084,2618,1969,-8.2983,10.6540
3370,112.333,1914,1083,2618,1969,-9.0781,11.5070
3371,112.367,1915,1084,2618,1969,-8.3648,10.7796
3372,112.400,1915,1084,2618,1969,-8.4013,10.6513
3373,112.433,1914,1084,2618,1969,-9.6467,11.4124
3374,112.467,1915,1084,2618,1969,-8.4438,12.0457
3375,112.500,1915,1084,2618,1969,-8.7426,11.5702
3376,112.533,1915,1084,2618,1970,-6.8938,10.9840
3377,112.567,1915,1083,2618,1969,-7.4479,10.2042
3378,112.600,1915,1083,2618,1970,-7.2727,9.5033
3379,112.633,1915,1083,2618,1970,-8.2057,9.4746
3380,112.667,1915,1082,2618,1969,-9.8078,9.8784
3381,112.700,1915,1082,2618,1969,-9.7649,10.5799
3382,112.733,1915,1083,2619,1969,-8.3322,10.9802
3383,112.767,1915,1083,2619,1969,-8.6219,11.6732
3384,112.800,1915,1083,2619,1969,-8.2824,11.2176
3385,112.833,1916,1083,2619,1969,-7.6205,12.4009
3386,112.867,1915,1083,2620,1969,-8.3143,12.2293
3387,112.900,1915,1083,2620,1969,-8.2084,11.4998
3388,112.933,1916,1083,2620,1969,-7.7894,10.1971
3389,112.967,1916,1083,2620,1969,-7.2920,10.1347
3390,113.000,1916,1083,2620,1968,-8.6872,9.2910
3391,113.033,1916,1083,2620,1968,-8.2932,9.3501
3392,113.067,1916,1082,2620,1967,-9.5189,9.1147
3393,113.100,1916,1082,2620,1968,-9.1195,9.1629
3394,113.133,1916,1082,2620,1968,-8.8388,8.8740
3395,113.167,1916,1082,2620,1967,-9.2680,9.3091
3396,113.200,1916,1082,2620,1967,-9.4996,9.1350
3397,113.233,1916,1082,2620,1967,-9.4797,8.8193
3398,113.267,1916,1082,2620,1967,-9.2668,9.2112
3399,113.300,1916,1082,2620,1967,-9.1936,9.2146
3400,113.333,1916,1082,2621,1967,-9.4996,9.1725
3401,113.367,1916,1082,2621,1967,-9.1443,9.1299
3402,113.400,1916,1081,2621,1967,-9.2506,10.2062
3403,113.433,1916,1081,2621,1968,-8.7586,9.6304
3404,113.467,1916,1080,2620,1968,-8.5541,10.4110
3405,113.500,1916,1080,2620,1968,-8.3078,10.0680
3406,113.533,1916,1080,2620,1968,-8.0137,9.4431
3407,113.567,1916,1080,2620,1968,-7.9765,9.7140
3408,113.600,1916,1080,2620,1968,-8.4977,10.2898
3409,113.633,1916,1080,2620,1968,-8.5992,10.2661
3410,113.667,1916,1080,2620,1968,-8.2009,9.4241
3411,113.700,1916,1080,2620,1969,-8.8561,10.0206
3412,113.733,1916,1081,2620,1969,-9.7905,8.4894
3413,113.767,1916,1081,2620,1969,-9.7768,8.9189
3414,113.800,1916,1081,2620,1969,-9.6179,9.0415
3415,113.833,1916,1081,2620,1969,-9.9075,9.4451
3416,113.867,1916,1081,2620,1969,-9.6653,9.0798
3417,113.900,1916,1081,2620,1969,-9.8372,8.8246
3418,113.933,1916,1081,2619,1969,-8.5181,8.7973
3419,113.967,1916,1081,2619,1969,-8.7296,8.9099
3420,114.000,1917,1081,2620,1968,-9.8503,10.5416
3421,114.033,1917,1081,2620,1968,-9.7722,10.8050
3422,114.067,1917,1081,2620,1967,-9.0235,11.3444
3423,114.100,1917,1081,2620,1968,-9.4716,10.9222
3424,114.133,1916,1081,2620,1968,-9.4391,9.9705
3425,114.167,1917,1082,2620,1968,-10.0489,10.1002
3426,114.200,1917,1083,2620,1968,-10.1682,10.8160
3427,114.233,1917,1083,2621,1968,-10.9724,11.0113
3428,114.267,1918,1084,2621,1968,-9.2271,9.9781
3429,114.300,1918,1084,2621,1968,-9.3480,9.6291
3430,114.333,1918,1084,2620,1968,-9.5345,9.7085
3431,114.367,1918,1084,2621,1969,-8.2857,11.4641
3432,114.400,1918,1084,2620,1969,-9.8974,9.3717
3433,114.433,1917,1085,2620,1969,-11.2746,9.9969
3434,114.467,1918,1087,2620,1970,-17.0122,13.6036
3435,114.500,1918,1086,2620,1970,-16.6208,14.8112
3436,114.533,1918,1086,2621,1969,-17.4110,15.0261
3437,114.567,1918,1086,2621,1970,-16.6400,15.5541
3438,114.600,1918,1087,2621,1970,-17.0947,15.1423
3439,114.633,1918,1086,2621,1970,-16.1387,15.5189
3440,114.667,1918,1086,2621,1970,-16.4685,14.1797
3441,114.700,1918,1086,2621,1970,-16.3568,14.2502
3442,114.733,1918,1086,2621,1971,-17.5622,15.6913
3443,114.767,1918,1086,2621,1971,-17.4553,15.4716
3444,114.800,1919,1086,2621,1971,-17.5943,13.7369
3445,114.833,1919,1085,2621,1971,-18.4368,13.8545
3446,114.867,1919,1085,2620,1971,-17.2888,14.4850
3447,114.900,1919,1085,2620,1971,-17.7718,14.6218
3448,114.933,1919,1085,2620,1971,-17.5351,14.1552
3449,114.967,1919,1086,2620,1971,-16.4234,13.1580
3450,115.000,1919,1086,2621,1971,-17.8837,13.8192
3451,115.033,1919,1086,2621,1971,-16.3838,12.8185
3452,115.067,1919,1086,2621,1971,-16.4625,13.3515
3453,115.100,1920,1087,2621,1971,-16.0992,12.0283
3454,115.133,1920,1087,2621,1971,-17.2310,12.0776
3455,115.167,1920,1087,2621,1970,-17.5457,14.5989
3456,115.200,1920,1087,2621,1970,-17.3675,14.8490
3457,115.233,1920,1087,2622,1970,-17.4719,14.8750
3458,115.267,1920,1086,2622,1971,-17.9479,16.0591
3459,115.300,1921,1085,2622,1971,-17.3405,14.4740
3460,115.333,1922,1084,2622,1971,-18.5750,16.6169
3461,115.367,1922,1085,2622,1971,-18.3830,16.4240
3462,115.400,1922,1085,2622,1970,-17.3089,15.9399
3463,115.433,1922,1084,2622,1971,-17.4600,16.0702
3464,115.467,1922,1084,2623,1970,-18.1490,15.5169
3465,115.500,1922,1084,2622,1970,-17.2744,15.5445
3466,115.533,1922,1085,2623,1971,-16.2843,15.0434
3467,115.567,1922,1085,2623,1970,-17.1923,15.5036
3468,115.600,1922,1086,2623,1971,-18.6991,13.5844
3469,115.633,1922,1086,2623,1970,-18.1977,14.2192
3470,115.667,1922,1086,2623,1971,-18.5913,14.4321
3471,115.700,1922,1086,2623,1971,-19.1703,13.4884
3472,115.733,1922,1085,2623,1971,-17.2415,13.0992
3473,115.767,1922,1085,2623,1971,-17.4574,13.2032
3474,115.800,1922,1085,2623,1971,-17.6841,13.5209
3475,115.833,1922,1086,2623,1971,-20.5496,13.4573
3476,115.867,1922,1085,2623,1971,-17.5539,13.0731
3477,115.900,1922,1085,2623,1971,-17.7143,13.2514
3478,115.933,1922,1085,2623,1971,-18.3992,13.2260
3479,115.967,1922,1085,2623,1971,-18.8726,14.0881
3480,116.000,1921,1086,2624,1972,-17.1325,15.0581
3481,116.033,1922,1086,2624,1972,-17.9480,14.6342
3482,116.067,1922,1086,2624,1972,-18.4507,14.6664
3483,116.100,1922,1086,2624,1972,-18.5282,14.8914
3484,116.133,1921,1085,2624,1971,-16.9406,13.2004
3485,116.167,1921,1085,2624,1972,-17.4036,13.5731
3486,116.200,1922,1085,2624,1971,-17.7671,15.0736
3487,116.233,1922,1085,2624,1971,-17.6271,14.9793
3488,116.267,1922,1085,2624,1971,-17.4600,14.0687
3489,116.300,1922,1085,2624,1971,-17.4541,14.4741
3490,116.333,1922,1085,2624,1971,-17.3972,14.5851
3491,116.367,1922,1085,2624,1971,-17.5436,14.8034
3492,116.400,1922,1085,2624,1971,-17.3143,14.9733
3493,116.433,1922,1085,2624,1971,-17.4235,14.7515
3494,116.467,1921,1084,2623,1971,-17.8991,14.6272
3495,116.500,1922,1084,2624,1971,-16.5568,14.5107
3496,116.533,1923,1085,2624,1970,-18.6277,11.7635
3497,116.567,1923,1085,2624,1970,-18.2641,11.5667
3498,116.600,1923,1085,2624,1970,-18.2518,11.2825
3499,116.633,1923,1086,2624,1970,-17.1203,10.9914
3500,116.667,1923,1085,2624,1970,-18.3819,11.9968
3501,116.700,1923,1085,2624,1969,-17.3821,12.5797
3502,116.733,1923,1084,2624,1969,-17.6771,13.7084
3503,116.767,1924,1084,2624,1969,-17.3707,13.1932
3504,116.800,1924,1083,2624,1969,-18.2114,12.2680
3505,116.833,1924,1083,2624,1969,-18.5155,12.2198
3506,116.867,1924,1083,2624,1969,-18.6559,12.2066
3507,116.900,1924,1083,2624,1969,-18.7065,12.3068
3508,116.933,1924,1084,2624,1969,-17.6738,13.5327
3509,116.967,1924,1084,2624,1969,-17.8815,13.6847
3510,117.000,1924,1082,2624,1969,-17.4362,12.1070
3511,117.033,1924,1081,2623,1969,-19.5571,11.7061
3512,117.067,1924,1081,2624,1969,-18.9403,11.7431
3513,117.100,1924,1081,2623,1969,-18.7090,11.5130
3514,117.133,1924,1081,2623,1969,-18.5342,11.1080
3515,117.167,1923,1082,2623,1970,-17.9010,12.8986
3516,117.200,1923,1082,2623,1969,-18.1754,12.7908
3517,117.233,1923,1083,2623,1969,-18.1527,11.6196
3518,117.267,1923,1083,2623,1969,-18.2132,11.6143
3519,117.300,1923,1083,2623,1970,-18.3366,11.4650
3520,117.333,1923,1083,2623,1970,-17.9507,11.3959
3521,117.367,1923,1083,2623,1970,-17.8867,11.0967
3522,117.400,1923,1083,2623,1970,-19.2115,11.4008
3523,117.433,1923,1083,2623,1970,-18.4224,12.4712
3524,117.467,1923,1083,2623,1970,-18.4578,12.6743
3525,117.500,1923,1083,2623,1970,-18.0606,12.9234
3526,117.533,1923,1083,2624,1970,-17.7760,11.7687
3527,117.567,1923,1083,2624,1970,-17.8274,12.4327
3528,117.600,1923,1083,2624,1970,-17.8779,12.3442
3529,117.633,1923,1083,2624,1970,-18.0409,12.5772
3530,117.667,1923,1083,2624,1970,-17.8586,12.5335
3531,117.700,1923,1083,2624,1969,-19.1195,12.3562
3532,117.733,1923,1083,2624,1970,-17.8706,12.8536
3533,117.767,1923,1083,2624,1970,-17.7684,13.3969
3534,117.800,1923,1083,2624,1970,-18.3555,13.4405
3535,117.833,1923,1083,2624,1970,-18.3291,13.1135
3536,117.867,1923,1083,2624,1970,-18.2282,12.9095
3537,117.900,1923,1084,2624,1970,-18.8559,12.5026
3538,117.933,1923,1084,2624,1970,-18.3931,12.8323
3539,117.967,1923,1084,2625,1969,-18.1948,13.1371
3540,118.000,1923,1084,2625,1969,-17.5970,12.7637
3541,118.033,1923,1084,2625,1969,-18.1172,12.8734
3542,118.067,1923,1084,2625,1969,-17.5687,13.1730
3543,118.100,1924,1084,2625,1969,-18.4426,12.1012
3544,118.133,1924,1084,2625,1969,-18.6554,11.8610
3545,118.167,1924,1084,2626,1969,-17.8555,12.3487
3546,118.200,1925,1085,2626,1968,-17.1575,12.4304
3547,118.233,1925,1085,2626,1968,-17.3755,11.4325
3548,118.267,1925,1084,2626,1968,-17.9893,11.9911
3549,118.300,1925,1084,2626,1968,-17.9877,11.2976
3550,118.333,1926,1083,2626,1968,-19.9036,12.5240
3551,118.367,1926,1084,2626,1968,-17.7057,12.0954
3552,118.400,1926,1083,2626,1968,-19.9534,11.5066
3553,118.433,1926,1083,2626,1968,-20.0199,11.5974
3554,118.467,1925,1083,2626,1968,-17.1887,11.2545
3555,118.500,1926,1083,2626,1968,-20.1888,11.5707
3556,118.533,1926,1083,2626,1967,-19.9505,13.1920
3557,118.567,1926,1083,2626,1968,-20.0976,11.5195
3558,118.600,1926,1083,2626,1968,-19.6784,11.8925
3559,118.633,1926,1083,2626,1969,-18.4512,11.7516
3560,118.667,1926,1083,2626,1969,-17.9842,11.6042
3561,118.700,1926,1083,2626,1969,-18.3105,11.7837
3562,118.733,1926,1083,2626,1969,-18.2990,12.3381
3563,118.767,1926,1083,2626,1969,-18.0646,12.6385
3564,118.800,1926,1083,2626,1969,-18.0491,12.6715
3565,118.833,1926,1083,2626,1969,-18.0365,13.3804
3566,118.867,1926,1083,2626,1969,-18.1834,13.8619
3567,118.900,1926,1082,2626,1969,-17.3681,13.3999
3568,118.933,1926,1082,2626,1968,-17.8496,13.6081
3569,118.967,1926,1083,2626,1968,-18.5216,13.9067
3570,119.000,1926,1083,2626,1968,-19.2785,12.8014
3571,119.033,1926,1083,2626,1968,-19.4414,12.9834
3572,119.067,1926,1083,2626,1968,-19.2694,12.7838
3573,119.100,1925,1083,2626,1968,-18.7244,11.6008
3574,119.133,1925,1083,2626,1968,-19.0473,11.4912
3575,119.167,1925,1083,2626,1968,-18.9593,11.7543
3576,119.200,1925,1082,2626,1968,-19.6558,11.6785
3577,119.233,1925,1082,2626,1968,-19.9122,11.4907
3578,119.267,1925,1082,2626,1968,-19.8172,12.0419
3579,119.300,1926,1082,2626,1968,-18.7863,12.2188
3580,119.333,1926,1082,2626,1968,-18.8000,12.0804
3581,119.367,1926,1082,2626,1968,-18.4719,12.0345
3582,119.400,1926,1082,2625,1968,-18.4171,11.2773
3583,119.433,1926,1083,2625,1968,-18.2878,11.1930
3584,119.467,1926,1083,2625,1968,-18.0844,11.2365
3585,119.500,1926,1083,2625,1968,-18.0195,10.7093
3586,119.533,1926,1083,2625,1968,-17.5957,11.2800
3587,119.567,1926,1083,2625,1968,-17.8634,11.1846
3588,119.600,1926,1083,2625,1968,-18.1279,11.2942
3589,119.633,1926,1083,2625,1968,-17.6875,10.8818
3590,119.667,1926,1083,2625,1968,-17.8918,11.0802
3591,119.700,1926,1083,2625,1968,-17.8023,10.7199
3592,119.733,1926,1083,2625,1968,-18.2601,10.8819
3593,119.767,1926,1083,2625,1968,-18.6153,10.6013
3594,119.800,1926,1082,2625,1968,-18.3439,10.8029
3595,119.833,1926,1082,2625,1968,-18.3667,11.1386
3596,119.867,1925,1081,2624,1968,-18.0453,12.1926
3597,119.900,1925,1081,2624,1968,-18.2990,11.8002
3598,119.933,1925,1081,2624,1968,-18.0941,12.4841
3599,119.967,1925,1081,2624,1969,-18.3540,11.8727
3600,120.000,1926,1082,2625,1969,-17.3905,11.8306
3601,120.033,1926,1082,2625,1970,-17.3714,11.7951
3602,120.067,1926,1082,2625,1970,-17.7839,12.4763
3603,120.100,1926,1082,2625,1970,-17.6534,12.6402
3604,120.133,1926,1082,2625,1970,-17.4407,12.6607
3605,120.167,1926,1082,2625,1970,-17.1025,12.2431
3606,120.200,1925,1082,2626,1970,-17.5112,12.0477
3607,120.233,1926,1082,2625,1970,-17.0398,12.5656
3608,120.267,1926,1082,2625,1970,-17.5925,12.8230
3609,120.300,1926,1083,2625,1970,-18.4153,13.4815
3610,120.333,1926,1083,2625,1971,-18.0918,12.5784
3611,120.367,1925,1084,2625,1971,-16.6476,11.7088
3612,120.400,1925,1084,2625,1971,-16.9790,10.4955
3613,120.433,1925,1084,2625,1971,-17.4401,11.1885
3614,120.467,1925,1084,2625,1971,-16.1024,11.0895
3615,120.500,1925,1084,2625,1971,-16.1962,10.7772
3616,120.533,1925,1083,2625,1971,-18.5763,9.3668
3617,120.567,1925,1084,2625,1971,-17.0576,11.8776
3618,120.600,1925,1084,2625,1970,-17.1304,13.0828
3619,120.633,1926,1084,2625,1970,-16.7899,11.8436
3620,120.667,1926,1083,2627,1970,-18.5472,10.4231
3621,120.700,1927,1083,2627,1969,-16.9171,10.1409
3622,120.733,1926,1084,2627,1969,-18.3560,12.1460
3623,120.767,1926,1084,2627,1969,-18.3778,12.1368
3624,120.800,1926,1083,2627,1969,-19.1075,11.3169
3625,120.833,1926,1083,2627,1969,-18.7567,11.1631
3626,120.867,1926,1083,2627,1969,-18.5980,10.9762
3627,120.900,1927,1083,2627,1969,-16.5400,10.1748
3628,120.933,1927,1082,2627,1969,-15.5978,10.3549
3629,120.967,1927,1082,2627,1969,-16.5080,10.5120
3630,121.000,1928,1080,2627,1967,-18.4335,10.3833
3631,121.033,1929,1080,2627,1967,-18.4924,9.3320
3632,121.067,1929,1079,2628,1967,-17.7126,11.4237
3633,121.100,1929,1079,2628,1967,-17.1375,11.1865
3634,121.133,1930,1080,2628,1966,-16.8714,10.3929
3635,121.167,1930,1079,2628,1966,-16.6413,8.2356
3636,121.200,1930,1079,2628,1966,-16.9741,8.1775
3637,121.233,1930,1079,2628,1966,-16.9355,7.8963
3638,121.267,1930,1079,2628,1966,-16.7673,7.8976
3639,121.300,1930,1079,2628,1966,-16.9370,7.7121
3640,121.333,1930,1079,2628,1966,-16.8576,7.8284
3641,121.367,1930,1079,2628,1966,-17.1710,7.5666
3642,121.400,1930,1079,2628,1966,-17.1411,7.9551
3643,121.433,1930,1079,2628,1966,-17.3189,8.7500
3644,121.467,1930,1079,2627,1967,-16.4022,9.1290
3645,121.500,1930,1079,2627,1967,-16.4794,8.8178
3646,121.533,1930,1080,2627,1966,-17.4409,9.1660
3647,121.567,1930,1080,2628,1966,-17.3794,9.3545
3648,121.600,1930,1080,2628,1966,-17.2401,9.0522
3649,121.633,1930,1081,2628,1966,-17.9082,8.9197
3650,121.667,1930,1081,2628,1967,-16.6584,10.4555
3651,121.700,1930,1081,2628,1967,-16.1819,9.9918
3652,121.733,1930,1081,2628,1966,-16.9030,9.0308
3653,121.767,1930,1081,2628,1967,-15.9185,9.7617
3654,121.800,1930,1081,2628,1967,-16.3801,9.2185
3655,121.833,1929,1081,2628,1968,-16.8308,9.9837
3656,121.867,1929,1081,2628,1967,-15.6412,10.6733
3657,121.900,1929,1081,2628,1967,-15.7949,10.8305
3658,121.933,1930,1081,2628,1967,-16.0441,9.4915
3659,121.967,1930,1081,2628,1967,-16.0424,9.2994
3660,122.000,1929,1083,2628,1969,-16.1771,11.7401
3661,122.033,1929,1083,2628,1967,-16.2509,11.2283
3662,122.067,1930,1083,2628,1967,-14.9983,9.5565
3663,122.100,1930,1083,2628,1967,-14.7912,9.7172
3664,122.133,1930,1082,2629,1967,-16.1010,10.3416
3665,122.167,1930,1082,2629,1967,-16.3152,10.9371
3666,122.200,1930,1082,2629,1967,-16.0234,11.0089
3667,122.233,1930,1083,2629,1967,-15.1308,9.7685
3668,122.267,1930,1083,2629,1967,-15.5834,9.6328
3669,122.300,1930,1083,2629,1967,-15.6997,9.7274
3670,122.333,1930,1083,2629,1967,-15.3807,9.8740
3671,122.367,1930,1083,2629,1966,-16.6408,10.0790
3672,122.400,1930,1083,2629,1966,-16.3123,10.3095
3673,122.433,1930,1084,2629,1967,-17.1282,9.5205
3674,122.467,1931,1084,2630,1967,-17.5999,9.8871
3675,122.500,1931,1084,2630,1967,-17.7292,9.6725
3676,122.533,1931,1084,2631,1967,-17.6134,9.2962
3677,122.567,1931,1084,2630,1967,-17.5799,8.7583
3678,122.600,1931,1084,2630,1966,-16.0392,8.6603
3679,122.633,1931,1084,2630,1966,-15.8010,8.3238
3680,122.667,1930,1084,2629,1966,-16.0225,8.8391
3681,122.700,1930,1084,2629,1966,-16.0475,8.5092
3682,122.733,1930,1085,2629,1966,-16.1707,9.7486
3683,122.767,1930,1084,2629,1966,-16.1727,8.8333
3684,122.800,1930,1085,2628,1966,-16.8365,9.4292
3685,122.833,1930,1085,2629,1966,-16.3998,9.3958
3686,122.867,1930,1085,2629,1966,-16.3165,10.0316
3687,122.900,1930,1085,2629,1966,-16.8900,9.4567
3688,122.933,1930,1086,2629,1966,-15.8034,9.2609
3689,122.967,1930,1086,2630,1967,-16.5235,8.6224
3690,123.000,1930,1085,2630,1967,-16.6287,9.4076
3691,123.033,1930,1085,2630,1967,-16.6670,9.3453
3692,123.067,1930,1086,2630,1967,-15.9879,10.3976
3693,123.100,1930,1085,2630,1968,-16.1039,9.1073
3694,123.133,1930,1086,2630,1968,-15.6363,11.5157
3695,123.167,1930,1085,2630,1968,-16.2865,9.4451
3696,123.200,1925,1088,2628,1968,-16.5484,6.8838
3697,123.233,1925,1088,2628,1968,-16.6483,6.7743
3698,123.267,1925,1088,2628,1968,-16.7173,6.6998
3699,123.300,1925,1088,2628,1968,-16.5131,7.1102
3700,123.333,1925,1088,2628,1968,-16.4889,7.0922
3701,123.367,1925,1088,2628,1968,-16.2892,6.7100
3702,123.400,1925,1087,2628,1968,-18.6339,8.6008
3703,123.433,1925,1087,2628,1968,-18.4391,8.8286
3704,123.467,1925,1087,2628,1968,-17.8187,8.8540
3705,123.500,1926,1087,2628,1968,-16.1712,7.7057
3706,123.533,1926,1087,2628,1968,-16.0567,8.0113
3707,123.567,1926,1087,2628,1968,-16.2374,8.2065
3708,123.600,1926,1087,2628,1968,-16.0825,8.6017
3709,123.633,1926,1087,2629,1968,-18.4863,9.3625
3710,123.667,1926,1088,2629,1968,-16.1061,9.1772
3711,123.700,1927,1088,2630,1967,-15.3899,9.6979
3712,123.733,1927,1088,2630,1968,-15.7137,8.1926
3713,123.767,1927,1089,2630,1968,-16.9375,9.3909
3714,123.800,1927,1088,2630,1969,-16.9996,8.8737
3715,123.833,1927,1088,2630,1969,-17.4618,9.1163
3716,123.867,1928,1086,2631,1970,-16.4370,8.1012
3717,123.900,1928,1087,2631,1969,-19.2371,9.9876
3718,123.933,1928,1087,2631,1970,-18.9194,9.3077
3719,123.967,1928,1086,2632,1970,-17.5260,10.1087
3720,124.000,1928,1086,2631,1970,-17.5838,6.6192
3721,124.033,1928,1086,2632,1970,-17.3820,7.4086
3722,124.067,1928,1087,2632,1970,-19.5455,7.4151
3723,124.100,1928,1087,2632,1970,-19.4201,7.5134
3724,124.133,1928,1086,2632,1970,-16.1594,7.6531
3725,124.167,1928,1085,2632,1970,-16.8333,7.7878
3726,124.200,1928,1086,2632,1970,-16.7037,7.4870
3727,124.233,1928,1086,2631,1970,-16.5660,6.8400
3728,124.267,1928,1085,2631,1969,-17.3937,8.6003
3729,124.300,1927,1085,2631,1969,-16.5532,8.0977
3730,124.333,1927,1086,2630,1970,-15.4461,7.4174
3731,124.367,1927,1086,2630,1969,-15.9854,7.8789
3732,124.400,1927,1085,2630,1969,-16.9080,7.4031
3733,124.433,1927,1085,2630,1969,-17.3082,7.2020
3734,124.467,1927,1085,2630,1969,-17.4235,7.0588
3735,124.500,1927,1085,2630,1969,-17.2937,7.1774
3736,124.533,1927,1085,2630,1969,-17.7231,7.4881
3737,124.567,1927,1086,2630,1968,-17.1820,8.7041
3738,124.600,1928,1086,2630,1968,-17.4935,9.2477
3739,124.633,1928,1085,2630,1967,-17.3995,7.0983
3740,124.667,1928,1085,2630,1966,-14.9831,7.5111
3741,124.700,1927,1086,2629,1966,-17.3077,8.8655
3742,124.733,1927,1087,2628,1966,-17.3021,8.6443
3743,124.767,1926,1086,2627,1966,-16.4610,8.1012
3744,124.800,1925,1085,2627,1966,-15.6256,9.1674
3745,124.833,1925,1085,2626,1965,-16.9798,8.7833
3746,124.867,1925,1085,2626,1965,-16.8169,8.5129
3747,124.900,1925,1085,2626,1964,-17.7656,8.2858
3748,124.933,1925,1085,2626,1965,-18.1406,7.9433
3749,124.967,1924,1085,2626,1965,-16.8331,8.7639
3750,125.000,1923,1085,2626,1966,-16.8860,10.3835
3751,125.033,1924,1086,2625,1967,-14.3433,9.6672
3752,125.067,1924,1085,2625,1968,-15.8372,10.4114
3753,125.100,1924,1085,2625,1968,-16.0418,10.2344
3754,125.133,1924,1085,2625,1968,-15.9958,11.1031
3755,125.167,1925,1085,2625,1969,-15.4705,9.4113
3756,125.200,1925,1085,2625,1969,-15.6900,8.8845
3757,125.233,1925,1087,2626,1969,-15.3040,8.1023
3758,125.267,1925,1087,2627,1968,-15.2525,8.5975
3759,125.300,1925,1087,2628,1968,-15.2943,10.4825
3760,125.333,1925,1087,2628,1968,-16.5763,10.5193
3761,125.367,1925,1087,2627,1968,-16.1373,8.8697
3762,125.400,1925,1086,2627,1968,-15.9477,8.3511
3763,125.433,1925,1086,2627,1968,-15.5904,8.2923
3764,125.467,1925,1086,2626,1968,-16.8391,9.1620
3765,125.500,1924,1086,2626,1968,-16.6638,8.5409
3766,125.533,1924,1087,2625,1969,-15.1361,8.0016
3767,125.567,1923,1087,2624,1969,-15.2406,8.6430
3768,125.600,1923,1086,2623,1969,-16.2687,8.4877
3769,125.633,1923,1087,2623,1969,-16.7944,8.6111
3770,125.667,1923,1087,2623,1968,-16.3780,9.7600
3771,125.700,1923,1087,2623,1968,-15.6747,9.0434
3772,125.733,1923,1086,2623,1969,-17.7169,9.3177
3773,125.767,1922,1086,2623,1968,-16.9951,9.5349
3774,125.800,1922,1086,2623,1969,-16.6182,10.3835
3775,125.833,1922,1086,2623,1969,-17.0202,10.6544
3776,125.867,1922,1086,2623,1969,-16.7233,9.9771
3777,125.900,1921,1088,2623,1969,-17.4371,8.6252
3778,125.933,1920,1088,2622,1969,-16.5863,8.3880
3779,125.967,1919,1088,2622,1969,-17.6854,7.6826
3780,126.000,1918,1089,2622,1970,-16.4942,6.8902
3781,126.033,1918,1090,2622,1970,-15.3007,7.1790
3782,126.067,1918,1089,2622,1970,-15.3495,7.9659
3783,126.100,1918,1089,2622,1970,-15.3038,7.8775
3784,126.133,1917,1089,2622,1970,-16.1426,6.7967
3785,126.167,1918,1090,2623,1969,-16.3887,7.7591
3786,126.200,1918,1089,2623,1969,-16.3576,7.8779
3787,126.233,1918,1089,2623,1969,-16.1067,7.1764
3788,126.267,1918,1089,2623,1969,-16.1680,7.6365
3789,126.300,1918,1088,2623,1970,-16.6220,8.1159
3790,126.333,1918,1088,2623,1970,-15.7777,7.1850
3791,126.367,1918,1088,2623,1970,-15.5085,6.2360
3792,126.400,1918,1087,2623,1970,-16.8145,6.1557
3793,126.433,1918,1087,2623,1970,-17.1392,5.8033
3794,126.467,1918,1087,2623,1969,-16.9917,5.1967
3795,126.500,1918,1087,2623,1969,-16.9628,5.2245
3796,126.533,1918,1087,2623,1969,-16.0596,5.0867
3797,126.567,1918,1087,2622,1969,-18.1279,5.7170
3798,126.600,1919,1088,2623,1969,-17.1236,5.3528
3799,126.633,1919,1088,2623,1969,-17.5692,5.4704
3800,126.667,1919,1088,2623,1969,-17.5463,5.6097
3801,126.700,1920,1087,2624,1969,-19.1695,6.0130
3802,126.733,1920,1087,2624,1969,-18.5279,6.0897
3803,126.767,1920,1087,2624,1969,-18.8651,5.3478
3804,126.800,1920,1086,2625,1969,-18.0890,4.9206
3805,126.833,1921,1085,2625,1968,-17.2820,5.0991
3806,126.867,1922,1085,2626,1968,-16.6196,6.2109
3807,126.900,1922,1085,2626,1967,-17.0332,6.7165
3808,126.933,1923,1085,2627,1967,-16.8137,6.1951
3809,126.967,1924,1086,2627,1967,-16.7043,6.5800
3810,127.000,1924,1088,2628,1966,-16.5408,4.5156
3811,127.033,1924,1088,2629,1967,-15.7819,5.5084
3812,127.067,1924,1088,2629,1966,-15.1941,5.5532
3813,127.100,1924,1087,2629,1966,-16.1682,5.3266
3814,127.133,1924,1087,2629,1966,-15.1621,5.0851
3815,127.167,1924,1087,2629,1966,-14.8362,4.7598
3816,127.200,1924,1087,2628,1966,-15.0463,4.6678
3817,127.233,1924,1087,2628,1966,-14.6815,4.9262
3818,127.267,1924,1087,2628,1966,-14.7710,5.4324
3819,127.300,1924,1087,2628,1966,-14.4643,5.0574
3820,127.333,1924,1087,2628,1967,-15.2038,4.5204
3821,127.367,1924,1086,2628,1966,-14.8550,5.9826
3822,127.400,1924,1086,2628,1966,-14.6763,6.2112
3823,127.433,1924,1086,2628,1965,-15.2720,5.2326
3824,127.467,1924,1086,2629,1965,-15.0424,3.5078
3825,127.500,1924,1087,2629,1965,-14.0902,5.2176
3826,127.533,1925,1087,2629,1966,-14.5950,5.6614
3827,127.567,1925,1086,2629,1966,-14.1961,4.7446
3828,127.600,1925,1086,2630,1966,-14.1319,4.6875
3829,127.633,1926,1087,2631,1966,-15.4278,5.3060
3830,127.667,1927,1087,2633,1966,-13.8155,5.5102
3831,127.700,1928,1086,2634,1967,-14.6419,3.9630
3832,127.733,1930,1085,2634,1967,-13.5621,6.2831
3833,127.767,1930,1086,2636,1967,-14.5011,4.5842
3834,127.800,1931,1084,2636,1966,-14.5791,4.7366
3835,127.833,1931,1084,2637,1966,-13.1971,3.6287
3836,127.867,1931,1083,2638,1966,-14.9286,5.2878
3837,127.900,1931,1085,2638,1966,-13.7425,4.7662
3838,127.933,1931,1085,2638,1967,-14.2312,4.8796
3839,127.967,1931,1086,2638,1967,-13.1455,3.8155
3840,128.000,1931,1086,2639,1967,-16.5721,1.9641
3841,128.033,1931,1086,2639,1967,-17.1931,2.3302
3842,128.067,1931,1085,2639,1966,-16.9581,3.2509
3843,128.100,1931,1086,2639,1966,-17.2372,2.8089
3844,128.133,1935,1083,2636,1967,-10.4480,-3.1347
3845,128.167,1934,1081,2632,1967,-12.2233,-2.9269
3846,128.200,1934,1081,2632,1967,-14.1421,-6.5233
3847,128.233,1931,1081,2634,1967,-13.0110,-0.6613
3848,128.267,1930,1083,2634,1966,-14.8676,-0.6053
3849,128.300,1930,1083,2635,1967,-15.5662,1.4743
3850,128.333,1931,1084,2635,1967,-15.2800,2.3702
3851,128.367,1931,1085,2636,1967,-13.3393,1.1626
3852,128.400,1931,1084,2636,1967,-16.2234,2.8134
3853,128.433,1931,1084,2636,1967,-16.8410,2.2628
3854,128.467,1931,1084,2636,1967,-16.7787,2.5423
3855,128.500,1931,1084,2636,1967,-16.7321,2.6218
3856,128.533,1931,1085,2636,1967,-15.3864,1.9263
3857,128.567,1931,1084,2636,1967,-16.8916,3.3941
3858,128.600,1931,1085,2636,1967,-14.9391,1.7513
3859,128.633,1931,1084,2636,1967,-16.4294,3.2634
3860,128.667,1931,1084,2636,1967,-15.8085,2.5381
3861,128.700,1931,1084,2636,1967,-15.9604,2.9503
3862,128.733,1931,1084,2636,1967,-16.5429,2.8711
3863,128.767,1931,1085,2636,1967,-13.6476,0.8657
3864,128.800,1930,1085,2636,1967,-15.1400,1.2707
3865,128.833,1930,1085,2636,1967,-15.6349,1.8307
3866,128.867,1930,1085,2636,1967,-16.4128,1.3640
3867,128.900,1931,1084,2636,1968,-16.2824,3.3453
3868,128.933,1932,1083,2635,1967,-15.6552,2.7181
3869,128.967,1932,1083,2636,1967,-15.2190,0.8040
3870,129.000,1931,1083,2636,1967,-15.5401,4.6343
3871,129.033,1931,1083,2636,1967,-16.0094,4.7628
3872,129.067,1931,1083,2636,1967,-16.1876,4.8221
3873,129.100,1931,1083,2636,1967,-16.3751,4.6823
3874,129.133,1931,1083,2637,1967,-14.7843,3.6887
3875,129.167,1931,1083,2636,1967,-15.9374,4.4490
3876,129.200,1931,1083,2636,1967,-15.9114,4.6963
3877,129.233,1931,1083,2636,1967,-15.6092,4.8456
3878,129.267,1931,1083,2636,1967,-15.6791,4.0289
3879,129.300,1931,1083,2636,1967,-15.0594,4.4053
3880,129.333,1931,1083,2636,1966,-15.9774,3.1706
3881,129.367,1931,1083,2636,1966,-15.9391,3.1773
3882,129.400,1931,1083,2636,1967,-15.3647,4.6943
3883,129.433,1931,1083,2636,1967,-15.2870,5.3246
3884,129.467,1931,1083,2636,1967,-15.3558,5.4210
3885,129.500,1931,1082,2636,1967,-14.5395,3.4926
3886,129.533,1931,1083,2636,1967,-15.5304,4.4798
3887,129.567,1931,1084,2636,1967,-16.2986,4.6365
3888,129.600,1931,1084,2636,1967,-16.3620,4.5014
3889,129.633,1931,1084,2637,1968,-15.9331,4.1013
3890,129.667,1931,1084,2636,1969,-15.6443,5.9373
3891,129.700,1933,1085,2639,1968,-16.8666,4.7040
3892,129.733,1933,1085,2639,1968,-16.9959,4.8292
3893,129.767,1933,1085,2639,1968,-17.0100,4.6286
3894,129.800,1933,1084,2639,1969,-17.3920,4.6816
3895,129.833,1933,1085,2639,1969,-16.9606,4.3839
3896,129.867,1933,1085,2639,1969,-16.4939,4.6404
3897,129.900,1933,1084,2639,1969,-17.4712,3.9461
3898,129.933,1933,1085,2639,1969,-16.6308,4.0422
3899,129.967,1933,1085,2639,1969,-16.5605,3.9556
3900,130.000,1932,1086,2639,1970,-16.9768,2.7476
3901,130.033,1933,1085,2640,1970,-17.2152,2.9567
3902,130.067,1933,1084,2639,1970,-16.1372,2.8389
3903,130.100,1933,1084,2639,1970,-16.9078,3.4309
3904,130.133,1933,1084,2640,1969,-16.2761,3.1243
3905,130.167,1933,1084,2639,1970,-16.4884,3.7146
3906,130.200,1933,1084,2639,1970,-16.6695,3.8618
3907,130.233,1933,1084,2639,1970,-16.8923,3.5521
3908,130.267,1933,1084,2639,1969,-17.0459,4.1331
3909,130.300,1932,1084,2639,1969,-17.3359,3.4964
3910,130.333,1932,1085,2639,1969,-16.0378,3.7345
3911,130.367,1932,1085,2639,1969,-16.5175,3.8098
3912,130.400,1932,1085,2639,1969,-16.1853,3.5355
3913,130.433,1932,1084,2639,1970,-16.7237,4.7759
3914,130.467,1932,1084,2639,1970,-16.5991,5.0092
3915,130.500,1932,1084,2639,1969,-16.1632,3.0961
3916,130.533,1932,1084,2639,1969,-16.7663,3.6188
3917,130.567,1932,1085,2639,1969,-16.1217,4.1605
3918,130.600,1932,1085,2639,1969,-16.3406,3.9006
3919,130.633,1932,1085,2639,1969,-16.4482,3.5250
3920,130.667,1932,1085,2639,1969,-16.4875,2.9142
3921,130.700,1932,1085,2639,1970,-16.7466,2.9732
3922,130.733,1932,1085,2640,1970,-16.0226,1.6315
3923,130.767,1933,1085,2640,1970,-15.8455,2.9931
3924,130.800,1933,1084,2640,1969,-15.9376,2.7878
3925,130.833,1933,1084,2640,1969,-16.3106,2.8157
3926,130.867,1933,1084,2640,1969,-16.0645,2.7948
3927,130.900,1933,1084,2640,1969,-16.1780,2.6184
3928,130.933,1933,1084,2639,1969,-16.4127,3.7984
3929,130.967,1933,1084,2639,1969,-16.4510,3.4424
3930,131.000,1933,1085,2639,1968,-16.3634,4.1899
3931,131.033,1933,1084,2639,1967,-16.3806,3.4211
3932,131.067,1933,1084,2639,1967,-15.7303,3.6350
3933,131.100,1933,1084,2638,1967,-15.8206,3.0913
3934,131.133,1933,1084,2639,1967,-15.4186,3.8518
3935,131.167,1932,1084,2639,1968,-15.7534,3.2525
3936,131.200,1932,1085,2639,1968,-14.6503,1.7233
3937,131.233,1933,1085,2639,1968,-16.0303,3.7109
3938,131.267,1932,1085,2639,1968,-14.3525,2.0854
3939,131.300,1932,1085,2639,1968,-14.1938,2.2928
3940,131.333,1932,1084,2639,1968,-13.6467,4.5334
3941,131.367,1932,1084,2639,1968,-13.4305,4.6789
3942,131.400,1932,1084,2639,1968,-13.9866,4.3817
3943,131.433,1932,1084,2638,1968,-15.4483,5.3981
3944,131.467,1931,1083,2638,1967,-14.9125,3.3882
3945,131.500,1932,1083,2638,1967,-15.8070,4.1633
3946,131.533,1931,1084,2637,1967,-14.3923,2.7112
3947,131.567,1931,1085,2637,1967,-14.6855,4.2162
3948,131.600,1931,1085,2636,1968,-15.4217,4.1750
3949,131.633,1931,1084,2636,1967,-14.8636,4.8264
3950,131.667,1931,1084,2636,1967,-14.0121,3.9142
3951,131.700,1931,1083,2636,1967,-15.5347,4.3027
3952,131.733,1931,1083,2636,1968,-14.9474,4.8775
3953,131.767,1932,1083,2636,1968,-12.4219,4.3238
3954,131.800,1932,1083,2636,1968,-12.5319,4.5964
3955,131.833,1932,1083,2636,1967,-13.4901,4.0340
3956,131.867,1932,1083,2636,1967,-13.4121,4.5439
3957,131.900,1931,1083,2636,1967,-15.1645,2.7348
3958,131.933,1931,1084,2636,1967,-14.2931,2.8910
3959,131.967,1931,1084,2636,1968,-13.7262,3.1325
3960,132.000,1931,1084,2637,1967,-14.3855,2.1635
3961,132.033,1931,1084,2637,1967,-14.8578,3.2651
3962,132.067,1931,1085,2637,1967,-14.7232,3.2105
3963,132.100,1931,1084,2637,1968,-14.5058,3.1682
3964,132.133,1932,1084,2638,1968,-15.7759,3.3085
3965,132.167,1932,1085,2638,1968,-15.3510,3.7801
3966,132.200,1932,1085,2639,1969,-16.2848,3.0376
3967,132.233,1932,1086,2639,1969,-16.5480,2.2330
3968,132.267,1932,1086,2639,1969,-16.0323,2.0024
3969,132.300,1932,1085,2639,1970,-14.1817,3.7210
3970,132.333,1934,1083,2637,1969,-7.0296,4.4331
3971,132.367,1934,1084,2637,1969,-8.2898,5.1559
3972,132.400,1934,1084,2638,1969,-8.2117,3.7222
3973,132.433,1934,1083,2638,1969,-9.2579,4.2002
3974,132.467,1934,1083,2638,1969,-9.0961,4.2164
3975,132.500,1934,1083,2638,1969,-9.0969,4.1569
3976,132.533,1934,1083,2638,1969,-9.6134,4.0013
3977,132.567,1934,1083,2638,1969,-9.5743,3.0541
3978,132.600,1934,1083,2638,1970,-8.4241,4.7688
3979,132.633,1935,1083,2638,1971,-6.8972,4.1842
3980,132.667,1934,1083,2638,1970,-7.0363,4.8023
3981,132.700,1934,1083,2638,1970,-6.1215,4.1736
3982,132.733,1934,1084,2638,1970,-7.2854,3.4104
3983,132.767,1934,1084,2638,1971,-6.8879,3.0002
3984,132.800,1934,1084,2638,1971,-7.0691,3.4506
3985,132.833,1934,1084,2638,1970,-7.2245,3.3495
3986,132.867,1934,1084,2638,1971,-6.9268,3.3013
3987,132.900,1934,1084,2638,1970,-7.1452,3.4996
3988,132.933,1934,1084,2638,1970,-7.1782,3.5263
3989,132.967,1934,1084,2638,1970,-6.9645,3.7071
3990,133.000,1935,1082,2638,1971,-6.6593,4.4790
3991,133.033,1935,1082,2638,1970,-6.3907,4.2265
3992,133.067,1935,1082,2638,1970,-6.0792,4.6730
3993,133.100,1935,1083,2638,1970,-6.3765,4.3324
3994,133.133,1935,1083,2638,1970,-6.8646,4.4299
3995,133.167,1935,1082,2638,1971,-6.3407,5.3638
3996,133.200,1934,1082,2638,1970,-6.0544,4.9854
3997,133.233,1934,1082,2638,1970,-6.4225,5.2825
3998,133.267,1934,1082,2638,1970,-6.2371,4.9125
3999,133.300,1934,1082,2638,1971,-6.9261,4.3874
4000,133.333,1935,1082,2638,1971,-7.3508,4.4835
4001,133.367,1935,1082,2638,1971,-7.0519,4.6936
4002,133.400,1935,1082,2638,1971,-7.3244,4.3197
4003,133.433,1935,1082,2638,1970,-7.5167,4.0649
4004,133.467,1935,1082,2638,1971,-7.7569,4.2368
4005,133.500,1934,1082,2638,1971,-6.7168,4.1188
4006,133.533,1934,1082,2638,1971,-6.7973,4.0166
4007,133.567,1934,1082,2638,1971,-7.1097,4.1316
4008,133.600,1934,1082,2638,1971,-7.0352,4.0730
4009,133.633,1934,1082,2638,1971,-6.8532,4.4612
4010,133.667,1934,1083,2639,1971,-6.6003,5.7698
4011,133.700,1934,1083,2639,1971,-6.5580,5.7635
4012,133.733,1934,1083,2639,1971,-6.3648,5.3434
4013,133.767,1934,1082,2639,1971,-6.5498,5.1715
4014,133.800,1935,1082,2639,1971,-8.3454,4.0177
4015,133.833,1935,1082,2639,1971,-8.1870,4.7395
4016,133.867,1935,1081,2639,1970,-7.5989,4.5789
4017,133.900,1935,1081,2638,1969,-6.5795,4.8940
4018,133.933,1935,1080,2638,1969,-8.0145,5.0858
4019,133.967,1935,1081,2638,1969,-5.9993,5.1329
4020,134.000,1934,1083,2639,1969,-8.0555,5.0340
4021,134.033,1934,1082,2639,1969,-8.0885,4.5915
4022,134.067,1934,1083,2639,1969,-7.5146,4.5325
4023,134.100,1934,1082,2639,1970,-7.0182,5.2338
4024,134.133,1934,1082,2639,1970,-7.1044,4.7667
4025,134.167,1934,1082,2639,1969,-7.7389,4.0140
4026,134.200,1934,1082,2639,1969,-7.8224,4.3470
4027,134.233,1934,1082,2638,1969,-7.0475,3.6253
4028,134.267,1934,1083,2638,1969,-5.8853,3.6422
4029,134.300,1933,1082,2637,1968,-6.4185,4.2000
4030,134.333,1933,1082,2637,1968,-6.0742,3.7004
4031,134.367,1933,1083,2636,1968,-5.5493,3.1132
4032,134.400,1933,1082,2636,1968,-5.4874,4.1743
4033,134.433,1933,1082,2635,1968,-6.2150,3.6670
4034,134.467,1933,1082,2635,1968,-6.3400,4.0797
4035,134.500,1933,1082,2635,1968,-6.7924,4.0148
4036,134.533,1933,1082,2635,1967,-6.0754,3.7923
4037,134.567,1933,1083,2635,1967,-6.4186,6.3663
4038,134.600,1933,1082,2635,1967,-6.4496,4.3593
4039,134.633,1933,1082,2635,1967,-6.6756,4.4242
4040,134.667,1933,1082,2635,1967,-6.9012,5.0899
4041,134.700,1933,1081,2635,1968,-6.9095,5.0471
4042,134.733,1933,1081,2635,1968,-7.2858,5.3429
4043,134.767,1933,1081,2635,1968,-7.4171,5.4945
4044,134.800,1933,1081,2635,1968,-7.4703,5.3820
4045,134.833,1933,1081,2636,1968,-8.0362,4.2913
4046,134.867,1933,1081,2636,1968,-7.9117,3.9283
4047,134.900,1933,1080,2636,1969,-7.4588,3.6193
4048,134.933,1933,1081,2636,1969,-8.5980,5.3419
4049,134.967,1933,1081,2637,1969,-8.2392,4.6115
4050,135.000,1934,1081,2637,1970,-7.7787,5.5961
4051,135.033,1934,1081,2638,1970,-8.3178,5.1694
4052,135.067,1934,1082,2638,1970,-7.2799,4.9852
4053,135.100,1935,1082,2638,1970,-7.0767,5.6601
4054,135.133,1935,1082,2638,1970,-7.4086,4.7524
4055,135.167,1935,1082,2638,1969,-8.1320,4.5054
4056,135.200,1935,1082,2638,1969,-8.0964,4.7116
4057,135.233,1935,1082,2638,1969,-7.8887,4.4055
4058,135.267,1935,1082,2638,1968,-7.8627,5.7449
4059,135.300,1935,1082,2638,1968,-7.0117,5.4994
4060,135.333,1935,1082,2638,1969,-8.3602,5.1883
4061,135.367,1935,1082,2638,1969,-7.9148,5.2067
4062,135.400,1935,1082,2638,1969,-8.2834,5.1750
4063,135.433,1935,1082,2639,1969,-7.6508,7.4772
4064,135.467,1935,1082,2639,1969,-7.5424,7.5503
4065,135.500,1935,1082,2639,1969,-7.4940,7.3548
4066,135.533,1935,1082,2639,1969,-7.6752,7.6476
4067,135.567,1935,1082,2639,1969,-7.8251,7.5698
4068,135.600,1935,1082,2639,1969,-7.7947,7.9896
4069,135.633,1935,1082,2639,1969,-7.9784,7.8577
4070,135.667,1935,1082,2639,1969,-7.9140,8.0782
4071,135.700,1935,1082,2639,1969,-7.6706,8.2354
4072,135.733,1935,1082,2638,1969,-7.7616,5.9876
4073,135.767,1935,1082,2638,1969,-7.3297,5.9601
4074,135.800,1935,1082,2638,1969,-7.5565,5.6262
4075,135.833,1935,1082,2638,1969,-7.4386,5.3428
4076,135.867,1935,1082,2638,1969,-7.3251,5.8593
4077,135.900,1935,1082,2638,1969,-6.9523,5.1655
4078,135.933,1935,1082,2638,1969,-7.1257,5.1539
4079,135.967,1935,1081,2637,1969,-7.2614,6.2146
4080,136.000,1935,1081,2637,1968,-7.0542,5.0316
4081,136.033,1935,1081,2637,1968,-7.2269,5.1492
4082,136.067,1935,1080,2637,1968,-7.9736,5.9004
4083,136.100,1935,1080,2637,1968,-7.8716,6.1551
4084,136.133,1936,1080,2637,1968,-6.6082,4.3377
4085,136.167,1936,1081,2636,1968,-6.9731,5.4695
4086,136.200,1935,1081,2637,1967,-7.0123,5.9452
4087,136.233,1936,1088,2637,1969,-8.9516,4.4216
4088,136.267,1936,1088,2637,1969,-9.2979,3.8515
4089,136.300,1936,1088,2637,1969,-9.3238,3.9052
4090,136.333,1935,1088,2637,1969,-10.0664,5.8419
4091,136.367,1936,1087,2637,1969,-8.4355,4.6258
4092,136.400,1936,1088,2637,1969,-9.5515,4.4668
4093,136.433,1936,1088,2638,1968,-8.8358,5.5954
4094,136.467,1935,1087,2637,1968,-6.8095,4.2595
4095,136.500,1936,1087,2637,1968,-7.4420,5.4819
4096,136.533,1936,1087,2637,1968,-7.6336,5.6603
4097,136.567,1936,1087,2637,1968,-7.4005,6.0057
4098,136.600,1936,1087,2637,1968,-7.7587,5.7454
4099,136.633,1936,1086,2637,1968,-6.6500,5.3043
4100,136.667,1936,1086,2637,1967,-7.5271,5.3559
4101,136.700,1936,1087,2637,1968,-8.3965,4.6213
4102,136.733,1936,1087,2637,1967,-7.2733,5.3619
4103,136.767,1936,1086,2637,1967,-7.8261,5.4352
4104,136.800,1936,1087,2637,1967,-6.5996,5.1695
4105,136.833,1936,1087,2637,1967,-6.8238,4.9828
4106,136.867,1936,1087,2637,1967,-7.0443,5.4110
4107,136.900,1936,1086,2637,1967,-7.9654,3.5786
4108,136.933,1936,1086,2637,1968,-6.8102,3.8697
4109,136.967,1936,1087,2637,1968,-6.5006,3.6978
4110,137.000,1935,1085,2637,1968,-7.2736,4.0085
4111,137.033,1935,1085,2637,1968,-7.7150,3.6258
4112,137.067,1934,1086,2637,1968,-8.5611,5.0168
4113,137.100,1934,1086,2637,1968,-8.3946,4.8483
4114,137.133,1933,1086,2636,1967,-6.7547,4.0503
4115,137.167,1933,1086,2636,1967,-7.1782,4.4901
4116,137.200,1933,1086,2636,1967,-6.9076,4.5187
4117,137.233,1933,1086,2636,1967,-7.1632,4.3359
4118,137.267,1933,1086,2636,1967,-7.1521,4.3288
4119,137.300,1933,1086,2636,1967,-7.4686,4.5235
4120,137.333,1933,1086,2636,1967,-7.4376,3.9516
4121,137.367,1933,1086,2636,1967,-7.3790,3.4860
4122,137.400,1933,1086,2636,1967,-7.3289,3.8769
4123,137.433,1933,1086,2636,1967,-7.3138,3.5845
4124,137.467,1933,1086,2635,1967,-8.7850,3.8455
4125,137.500,1934,1086,2636,1967,-6.8801,4.0251
4126,137.533,1934,1086,2636,1967,-6.9241,3.6724
4127,137.567,1934,1086,2635,1968,-7.1959,2.2684
4128,137.600,1934,1086,2636,1967,-6.9950,4.1014
4129,137.633,1934,1086,2636,1967,-6.9273,4.6447
4130,137.667,1934,1086,2636,1968,-7.6912,4.0269
4131,137.700,1934,1086,2636,1968,-7.3777,3.7253
4132,137.733,1934,1086,2636,1969,-5.8307,3.8088
4133,137.767,1934,1086,2636,1969,-6.3445,4.7893
4134,137.800,1934,1086,2637,1969,-6.4940,3.2369
4135,137.833,1934,1085,2638,1970,-5.0237,4.7979
4136,137.867,1934,1086,2638,1970,-6.0341,1.6819
4137,137.900,1935,1085,2638,1970,-4.1293,4.9344
4138,137.933,1935,1086,2638,1971,-4.6946,4.5739
4139,137.967,1935,1087,2638,1971,-5.8561,2.2373
4140,138.000,1935,1085,2638,1972,-6.9766,5.2624
4141,138.033,1935,1085,2638,1972,-6.3752,5.9052
4142,138.067,1935,1085,2638,1972,-6.4382,6.0396
4143,138.100,1935,1084,2638,1972,-6.7397,4.2272
4144,138.133,1935,1084,2638,1971,-5.8599,4.9955
4145,138.167,1935,1084,2638,1971,-5.5027,5.1408
4146,138.200,1935,1084,2638,1971,-5.4421,4.9117
4147,138.233,1935,1084,2638,1971,-5.4509,4.8399
4148,138.267,1935,1084,2638,1971,-5.2080,4.7470
4149,138.300,1936,1083,2638,1971,-5.8992,5.1917
4150,138.333,1936,1083,2637,1970,-4.8086,5.3468
4151,138.367,1936,1082,2637,1970,7.0793,5.7314
4152,138.400,1936,1082,2637,1970,7.2232,6.4793
4153,138.433,1936,1083,2637,1970,5.1708,5.7444
4154,138.467,1936,1082,2637,1970,8.4533,4.4803
4155,138.500,1936,1082,2637,1970,8.6715,4.3192
4156,138.533,1938,1078,2633,1967,1.4080,-7.1397
4157,138.567,1937,1079,2633,1971,-2.2820,-4.1672
4158,138.600,1937,1079,2633,1971,-1.1541,-3.2451
4159,138.633,1937,1079,2634,1972,-2.5974,-5.7330
4160,138.667,1936,1080,2633,1971,-1.6180,-3.6370
4161,138.700,1938,1081,2633,1969,5.1045,-6.7697
4162,138.733,1938,1080,2634,1968,5.7002,0.3730
4163,138.767,1938,1080,2634,1969,6.3209,0.2756
4164,138.800,1936,1082,2634,1969,7.2223,3.5514
4165,138.833,1935,1081,2636,1970,10.1460,3.8362
4166,138.867,1935,1082,2636,1970,8.2392,3.5955
4167,138.900,1936,1082,2637,1971,7.4643,3.7457
4168,138.933,1935,1082,2637,1970,7.1283,4.9411
4169,138.967,1935,1081,2637,1970,7.7682,3.4371
4170,139.000,1935,1083,2636,1969,7.7475,3.3279
4171,139.033,1934,1082,2637,1969,7.5108,3.3107
4172,139.067,1935,1082,2636,1969,8.1352,5.1572
4173,139.100,1934,1082,2637,1969,5.8833,4.6429
4174,139.133,1935,1082,2636,1970,8.4488,4.5795
4175,139.167,1935,1082,2636,1970,7.6358,4.1073
4176,139.200,1935,1082,2636,1971,5.9314,4.5446
4177,139.233,1935,1083,2636,1971,6.0189,3.5889
4178,139.267,1935,1083,2636,1971,6.1678,3.9131
4179,139.300,1935,1083,2636,1971,7.4126,3.9477
4180,139.333,1935,1083,2636,1971,7.0726,3.7337
4181,139.367,1935,1083,2636,1970,7.4967,4.1904
4182,139.400,1935,1083,2636,1970,8.2130,3.8561
4183,139.433,1935,1082,2636,1970,8.2397,4.0235
4184,139.467,1935,1083,2636,1970,9.3514,3.2601
4185,139.500,1935,1083,2636,1970,9.2791,3.1336
4186,139.533,1935,1083,2636,1970,8.8688,2.5014
4187,139.567,1935,1083,2636,1970,9.4685,2.0245
4188,139.600,1935,1082,2636,1969,8.6027,4.2714
4189,139.633,1935,1082,2636,1969,8.2495,3.9906
4190,139.667,1935,1082,2636,1969,8.2665,3.9863
4191,139.700,1935,1083,2636,1968,9.0549,2.9353
4192,139.733,1935,1083,2636,1968,8.7913,2.8285
4193,139.767,1935,1083,2636,1968,8.8156,2.9016
4194,139.800,1935,1083,2636,1968,8.6271,2.8557
4195,139.833,1935,1083,2636,1968,8.8146,3.5400
4196,139.867,1935,1083,2636,1968,8.3847,3.4013
4197,139.900,1935,1083,2636,1968,8.4391,3.7123
4198,139.933,1935,1083,2636,1968,8.7113,2.8587
4199,139.967,1935,1083,2635,1967,8.1976,3.4754
4200,140.000,1934,1084,2635,1968,8.4983,4.7213
4201,140.033,1934,1085,2635,1968,8.7001,4.1693
4202,140.067,1934,1085,2635,1968,8.8491,4.0016
4203,140.100,1934,1085,2635,1968,7.7950,3.4884
4204,140.133,1934,1086,2635,1968,6.1135,3.7861
4205,140.167,1934,1086,2636,1968,6.5155,4.1537
4206,140.200,1934,1086,2636,1968,6.2679,4.1777
4207,140.233,1933,1086,2635,1968,6.4569,2.6786
4208,140.267,1933,1086,2635,1969,7.6863,3.0139
4209,140.300,1933,1086,2635,1968,8.3060,2.8316
4210,140.333,1933,1086,2635,1969,8.0116,2.9745
4211,140.367,1933,1086,2636,1969,7.2126,2.5736
4212,140.400,1933,1086,2636,1969,7.0737,2.6907
4213,140.433,1933,1086,2636,1970,7.1644,1.2200
4214,140.467,1933,1085,2636,1970,6.7229,2.9857
4215,140.500,1933,1085,2636,1970,7.1646,3.2898
4216,140.533,1933,1086,2636,1970,6.8839,1.2196
4217,140.567,1933,1086,2636,1970,6.7053,0.8728
4218,140.600,1933,1086,2636,1970,6.7074,1.0320
4219,140.633,1933,1086,2636,1970,6.3647,0.9291
4220,140.667,1933,1086,2636,1970,6.6145,1.9280
4221,140.700,1934,1086,2637,1970,6.9495,4.8783
4222,140.733,1934,1086,2638,1971,7.6519,5.2955
4223,140.767,1934,1087,2638,1971,7.7039,4.3357
4224,140.800,1934,1086,2638,1971,6.5645,3.3025
4225,140.833,1934,1086,2638,1971,6.3877,3.1883
4226,140.867,1934,1086,2638,1971,6.2973,3.6497
4227,140.900,1935,1085,2638,1971,8.2698,4.0777
4228,140.933,1935,1085,2638,1971,9.0114,4.2642
4229,140.967,1935,1085,2638,1971,8.5302,3.9565
4230,141.000,1935,1084,2638,1971,8.2698,3.4088
4231,141.033,1935,1084,2638,1972,7.8200,2.0010
4232,141.067,1935,1084,2638,1972,7.4342,2.3637
4233,141.100,1934,1084,2638,1972,6.7137,3.7395
4234,141.133,1934,1084,2638,1971,6.8679,4.1978
4235,141.167,1934,1084,2638,1972,7.2375,4.3867
4236,141.200,1934,1084,2638,1972,6.8387,4.0874
4237,141.233,1934,1084,2638,1972,6.6126,4.0962
4238,141.267,1934,1084,2638,1972,7.4397,3.8829
4239,141.300,1934,1084,2638,1971,7.7941,3.4677
4240,141.333,1934,1084,2638,1971,7.5742,3.6276
4241,141.367,1934,1084,2638,1971,7.8430,3.6192
4242,141.400,1934,1084,2638,1971,7.4213,3.6236
4243,141.433,1935,1083,2638,1971,6.0649,5.5764
4244,141.467,1935,1083,2638,1971,6.6877,5.3679
4245,141.500,1935,1083,2638,1971,6.5723,5.3347
4246,141.533,1934,1083,2637,1971,5.5015,5.6018
4247,141.567,1934,1083,2637,1971,5.9864,5.8509
4248,141.600,1934,1083,2637,1971,5.5592,5.9131
4249,141.633,1935,1083,2637,1971,6.0049,7.0611
4250,141.667,1934,1083,2637,1971,6.9535,5.7701
4251,141.700,1934,1083,2637,1971,6.9962,5.7195
4252,141.733,1934,1083,2637,1970,6.2865,6.0645
4253,141.767,1934,1083,2637,1970,6.7294,6.1223
4254,141.800,1934,1083,2637,1970,5.8808,6.2348
4255,141.833,1934,1083,2637,1970,5.5220,6.2372
4256,141.867,1934,1083,2637,1970,5.5647,6.5973
4257,141.900,1934,1082,2637,1970,4.9137,6.0211
4258,141.933,1934,1082,2637,1970,5.0606,6.1197
4259,141.967,1934,1082,2637,1970,4.9430,6.8700
4260,142.000,1935,1082,2637,1970,5.6619,7.0350
4261,142.033,1935,1082,2637,1970,5.5101,7.1739
4262,142.067,1935,1082,2637,1970,5.2438,7.0061
4263,142.100,1935,1082,2638,1970,4.5382,6.9887
4264,142.133,1935,1082,2637,1970,6.0420,6.6825
4265,142.167,1935,1083,2638,1970,4.2862,6.4372
4266,142.200,1935,1083,2638,1970,4.5194,6.5747
4267,142.233,1935,1083,2637,1969,4.8825,4.4109
4268,142.267,1935,1084,2638,1969,5.4417,5.0918
4269,142.300,1935,1084,2638,1969,4.7500,5.0036
4270,142.333,1935,1084,2638,1969,4.7612,4.9536
4271,142.367,1935,1084,2638,1969,5.4793,5.0590
4272,142.400,1935,1085,2638,1969,5.1171,3.3401
4273,142.433,1935,1085,2638,1969,5.6526,3.8437
4274,142.467,1935,1085,2638,1969,5.6131,3.5718
4275,142.500,1935,1085,2638,1969,5.7819,3.6622
4276,142.533,1935,1085,2638,1969,5.7653,4.3934
4277,142.567,1935,1085,2638,1969,7.5355,3.9127
4278,142.600,1935,1085,2638,1969,7.8573,3.9821
4279,142.633,1935,1086,2638,1969,7.9374,5.8378
4280,142.667,1935,1086,2638,1969,7.9355,5.8199
4281,142.700,1934,1086,2638,1969,7.2836,4.0912
4282,142.733,1935,1086,2637,1969,7.8955,3.6820
4283,142.767,1934,1086,2637,1969,6.7947,3.5657
4284,142.800,1934,1086,2637,1969,9.0457,3.8327
4285,142.833,1934,1086,2636,1967,4.8171,4.0059
4286,142.867,1934,1086,2636,1967,4.7478,4.0334
4287,142.900,1934,1086,2636,1967,5.1414,4.3158
4288,142.933,1934,1086,2636,1967,4.9010,4.1877
4289,142.967,1935,1085,2636,1967,3.9948,4.3870
4290,143.000,1935,1085,2636,1967,6.0438,2.8259
4291,143.033,1934,1085,2636,1967,4.9993,3.9244
4292,143.067,1934,1085,2636,1967,4.8097,3.9393
4293,143.100,1934,1085,2636,1967,5.2607,4.1409
4294,143.133,1934,1086,2636,1967,5.4875,4.3680
4295,143.167,1934,1086,2636,1967,5.1100,4.1534
4296,143.200,1935,1086,2636,1967,6.1414,3.2950
4297,143.233,1935,1086,2636,1967,6.3677,3.1161
4298,143.267,1935,1085,2636,1967,6.0419,3.1967
4299,143.300,1935,1086,2636,1967,6.7336,3.5367
4300,143.333,1935,1086,2636,1968,6.1563,3.6297
4301,143.367,1935,1086,2636,1968,6.1990,3.6478
4302,143.400,1935,1086,2637,1968,6.0174,4.2720
4303,143.433,1935,1086,2637,1968,6.1683,3.6002
4304,143.467,1935,1086,2637,1968,6.0615,3.2030
4305,143.500,1935,1087,2638,1967,6.5801,3.8002
4306,143.533,1935,1087,2638,1967,6.5622,2.9233
4307,143.567,1935,1087,2637,1967,5.4445,3.2336
4308,143.600,1935,1088,2637,1967,6.4221,4.1410
4309,143.633,1935,1088,2638,1968,7.6818,3.7402
4310,143.667,1935,1088,2638,1968,8.1227,3.8302
4311,143.700,1935,1088,2638,1968,7.8224,4.0745
4312,143.733,1935,1088,2638,1968,7.8720,4.1020
4313,143.767,1935,1088,2638,1968,8.0493,3.9019
4314,143.800,1935,1088,2638,1968,7.7060,4.1060
4315,143.833,1935,1088,2638,1967,7.1551,3.6353
4316,143.867,1934,1088,2638,1967,7.2541,4.0331
4317,143.900,1934,1088,2638,1968,8.8848,3.9336
4318,143.933,1934,1088,2637,1968,7.8980,3.8274
4319,143.967,1934,1088,2637,1968,8.0366,3.5169
4320,144.000,1934,1087,2638,1967,8.3928,3.9983
4321,144.033,1935,1087,2637,1967,6.5991,3.1942
4322,144.067,1935,1087,2637,1967,6.4504,3.2469
4323,144.100,1935,1087,2637,1967,7.1171,2.8703
4324,144.133,1935,1087,2637,1967,7.1825,2.8092
4325,144.167,1935,1088,2637,1967,8.0021,4.2178
4326,144.200,1935,1087,2638,1968,7.8977,4.5642
4327,144.233,1935,1087,2638,1968,7.3397,5.2233
4328,144.267,1935,1087,2637,1968,8.3757,4.5147
4329,144.300,1935,1087,2638,1968,5.7243,5.5764
4330,144.333,1935,1087,2638,1969,7.1340,6.1267
4331,144.367,1935,1087,2637,1969,7.0562,5.6404
4332,144.400,1935,1087,2637,1969,6.5901,4.8214
4333,144.433,1935,1087,2638,1969,6.1824,5.1907
4334,144.467,1935,1087,2638,1969,5.9040,4.8324
4335,144.500,1935,1087,2639,1969,5.2599,5.8967
4336,144.533,1936,1087,2638,1969,6.0764,6.8770
4337,144.567,1938,1085,2635,1969,8.1558,5.7064
4338,144.600,1938,1085,2635,1969,8.2307,6.0523
4339,144.633,1940,1082,2633,1966,0.4081,0.6108
4340,144.667,1940,1082,2632,1966,2.9210,0.2275
4341,144.700,1940,1082,2632,1966,2.3381,3.0070
4342,144.733,1937,1085,2635,1968,9.2063,6.3041
4343,144.767,1937,1087,2638,1968,8.5356,6.8168
4344,144.800,1936,1088,2638,1969,8.5468,5.7112
4345,144.833,1935,1088,2638,1969,7.4282,7.7196
4346,144.867,1935,1089,2638,1969,8.1474,7.4639
4347,144.900,1936,1089,2638,1969,3.9975,6.4255
4348,144.933,1936,1090,2639,1969,7.8097,7.4253
4349,144.967,1936,1089,2639,1969,7.3094,8.3151
4350,145.000,1936,1089,2639,1970,6.2039,6.8001
4351,145.033,1936,1089,2640,1970,8.1075,7.3551
4352,145.067,1936,1089,2640,1970,7.7906,6.9519
4353,145.100,1936,1088,2640,1970,7.0581,5.5416
4354,145.133,1936,1088,2640,1970,6.4522,5.2941
4355,145.167,1936,1088,2640,1970,6.3957,5.4473
4356,145.200,1936,1088,2640,1970,7.0997,5.7706
4357,145.233,1936,1088,2640,1970,6.9862,5.1779
4358,145.267,1936,1088,2640,1970,6.9750,5.5199
4359,145.300,1936,1089,2640,1971,5.7048,5.4502
4360,145.333,1936,1089,2640,1970,5.7077,5.4999
4361,145.367,1936,1089,2640,1971,5.1027,5.5242
4362,145.400,1936,1089,2640,1970,6.5163,6.4449
4363,145.433,1936,1089,2640,1971,6.1744,5.9784
4364,145.467,1937,1089,2640,1970,6.6570,5.2457
4365,145.500,1936,1089,2640,1970,6.4014,5.7890
4366,145.533,1936,1089,2641,1970,7.6963,6.8961
4367,145.567,1936,1090,2641,1971,6.8270,6.3123
4368,145.600,1936,1090,2641,1971,6.4717,6.5716
4369,145.633,1936,1090,2641,1970,6.0804,7.3105
4370,145.667,1936,1090,2640,1970,7.0459,4.4026
4371,145.700,1936,1090,2640,1970,6.4196,4.7293
4372,145.733,1936,1090,2640,1970,6.4594,5.3830
4373,145.767,1936,1091,2640,1970,6.7768,6.2844
4374,145.800,1936,1091,2640,1970,7.0301,6.1562
4375,145.833,1936,1091,2640,1970,7.0990,6.2361
4376,145.867,1936,1091,2640,1970,7.1112,6.0057
4377,145.900,1936,1091,2640,1970,7.0355,5.5649
4378,145.933,1936,1091,2639,1970,8.2122,4.6779
4379,145.967,1936,1091,2639,1969,6.7300,5.8018
4380,146.000,1936,1090,2639,1969,6.0182,8.1503
4381,146.033,1936,1091,2639,1969,5.6868,7.3830
4382,146.067,1936,1090,2639,1969,6.2308,7.7462
4383,146.100,1935,1090,2639,1969,4.8230,6.1784
4384,146.133,1935,1090,2639,1969,5.1870,6.7764
4385,146.167,1935,1090,2639,1969,5.1663,7.2272
4386,146.200,1935,1090,2639,1969,4.3836,7.5877
4387,146.233,1935,1090,2639,1969,4.6827,7.3927
4388,146.267,1935,1090,2639,1969,5.2707,6.6898
4389,146.300,1935,1089,2639,1969,5.6878,5.7941
4390,146.333,1935,1089,2639,1969,5.4662,5.7250
4391,146.367,1935,1089,2639,1969,5.3831,6.6849
4392,146.400,1935,1089,2639,1969,5.2951,6.1601
4393,146.433,1935,1089,2639,1969,5.4739,6.1856
4394,146.467,1935,1090,2639,1969,6.7575,6.5464
4395,146.500,1935,1090,2639,1969,6.8552,6.5460
4396,146.533,1935,1090,2639,1970,8.6930,4.6515
4397,146.567,1935,1089,2640,1970,6.2135,6.3151
4398,146.600,1935,1090,2640,1970,6.7168,7.0813
4399,146.633,1935,1090,2640,1970,6.9150,7.4025
4400,146.667,1936,1089,2640,1970,6.7678,6.1962
4401,146.700,1936,1090,2639,1969,7.5651,7.0001
4402,146.733,1936,1090,2639,1969,7.6395,6.9122
4403,146.767,1936,1089,2640,1969,6.0154,7.4415
4404,146.800,1936,1089,2639,1969,4.8458,7.5570
4405,146.833,1936,1090,2639,1969,7.0610,6.8573
4406,146.867,1936,1089,2639,1969,5.2580,8.0646
4407,146.900,1936,1090,2639,1969,7.0672,7.5022
4408,146.933,1936,1090,2639,1969,7.5004,7.0595
4409,146.967,1936,1090,2639,1969,6.9170,7.0207
4410,147.000,1936,1088,2640,1969,6.6769,7.8471
4411,147.033,1936,1088,2640,1969,6.9402,7.8233
4412,147.067,1936,1088,2640,1969,6.9023,7.7787
4413,147.100,1936,1088,2640,1969,6.8189,7.8471
4414,147.133,1936,1088,2640,1969,7.5320,7.9814
4415,147.167,1936,1088,2640,1969,8.0288,7.9530
4416,147.200,1936,1088,2640,1969,7.9880,8.1286
4417,147.233,1936,1088,2640,1969,7.7268,8.2336
4418,147.267,1936,1088,2639,1969,5.7687,8.5065
4419,147.300,1936,1087,2639,1969,6.7294,8.5713
4420,147.333,1936,1087,2639,1969,7.0867,8.1775
4421,147.367,1936,1087,2639,1969,7.3082,7.4136
4422,147.400,1936,1086,2639,1969,7.1217,7.1060
4423,147.433,1936,1087,2639,1969,7.0644,7.3564
4424,147.467,1936,1087,2639,1969,6.9333,7.6163
4425,147.500,1936,1087,2640,1969,6.8697,8.9015
4426,147.533,1936,1088,2640,1969,5.4476,9.0659
4427,147.567,1936,1088,2640,1968,6.0226,7.7359
4428,147.600,1936,1088,2640,1969,5.0019,8.1511
4429,147.633,1936,1088,2640,1968,6.2884,7.5773
4430,147.667,1936,1088,2640,1969,4.9813,8.1600
4431,147.700,1936,1088,2640,1968,6.4855,7.1470
4432,147.733,1936,1088,2640,1968,6.4596,7.4975
4433,147.767,1936,1088,2640,1968,6.2842,7.5197
4434,147.800,1936,1088,2640,1968,6.2740,7.9698
4435,147.833,1936,1088,2640,1968,6.0267,7.7881
4436,147.867,1936,1088,2640,1968,5.9893,7.5350
4437,147.900,1936,1088,2640,1968,6.5754,7.8007
4438,147.933,1936,1088,2640,1968,6.9686,8.0989
4439,147.967,1936,1088,2640,1967,5.0993,8.5462
4440,148.000,1936,1088,2640,1968,6.3404,9.3412
4441,148.033,1936,1088,2640,1968,6.3655,9.4363
4442,148.067,1936,1088,2640,1968,5.3683,9.4600
4443,148.100,1936,1088,2640,1968,5.4258,9.4590
4444,148.133,1936,1088,2641,1968,5.0094,8.0411
4445,148.167,1936,1088,2641,1969,6.3209,7.6612
4446,148.200,1936,1088,2641,1969,6.1943,7.6629
4447,148.233,1936,1088,2641,1968,5.6122,7.3035
4448,148.267,1936,1088,2641,1968,4.8219,7.3215
4449,148.300,1936,1088,2641,1968,4.7475,7.4892
4450,148.333,1936,1088,2640,1968,5.0539,7.6618
4451,148.367,1935,1088,2640,1968,5.3758,6.6613
4452,148.400,1936,1088,2639,1968,5.2220,7.2067
4453,148.433,1936,1088,2639,1968,5.2897,7.1556
4454,148.467,1936,1088,2639,1968,5.5279,6.9887
4455,148.500,1936,1088,2639,1968,5.7146,7.0299
4456,148.533,1936,1087,2640,1968,6.4725,7.6985
4457,148.567,1936,1087,2640,1968,6.7815,7.7884
4458,148.600,1935,1087,2639,1968,6.2663,7.2357
4459,148.633,1935,1087,2639,1968,5.9443,7.1289
4460,148.667,1936,1087,2639,1968,3.3656,8.5855
4461,148.700,1936,1087,2640,1968,6.3823,7.1293
4462,148.733,1936,1087,2640,1967,6.0855,6.9387
4463,148.767,1936,1087,2640,1967,5.9750,6.6949
4464,148.800,1936,1087,2640,1967,6.6270,6.2316
4465,148.833,1936,1088,2640,1967,3.7980,7.4748
4466,148.867,1936,1087,2640,1967,7.2691,6.8220
4467,148.900,1936,1087,2640,1967,7.4706,7.0846
4468,148.933,1936,1087,2640,1967,7.8835,6.4115
4469,148.967,1936,1087,2639,1967,7.4445,7.3324
4470,149.000,1935,1087,2639,1967,6.3235,6.9239
4471,149.033,1935,1087,2640,1967,6.0732,5.3231
4472,149.067,1935,1087,2640,1967,6.0016,5.4718
4473,149.100,1935,1087,2640,1967,6.0637,5.7787
4474,149.133,1935,1087,2640,1967,6.6563,6.0254
4475,149.167,1935,1087,2640,1968,6.0541,6.2235
4476,149.200,1935,1087,2640,1967,6.6114,6.2273
4477,149.233,1935,1087,2640,1968,5.9333,6.2906
4478,149.267,1935,1087,2641,1968,6.3580,7.0501
4479,149.300,1935,1087,2641,1968,7.1251,6.4267
4480,149.333,1934,1087,2638,1965,3.8897,9.3267
4481,149.367,1934,1087,2639,1965,3.4741,9.0938
4482,149.400,1934,1087,2638,1965,3.4958,9.5438
4483,149.433,1934,1087,2638,1965,3.5160,10.6714
4484,149.467,1934,1087,2638,1965,3.6419,10.5920
4485,149.500,1934,1087,2638,1965,3.3557,10.7443
4486,149.533,1934,1087,2639,1965,3.2390,9.7218
4487,149.567,1934,1086,2638,1966,4.6119,9.1797
4488,149.600,1934,1086,2639,1966,4.6358,9.4969
4489,149.633,1934,1086,2639,1966,5.0222,9.7061
4490,149.667,1934,1087,2638,1966,4.2084,9.7450
4491,149.700,1934,1087,2638,1966,4.2361,9.8882
4492,149.733,1934,1087,2638,1967,3.1434,9.2388
4493,149.767,1934,1087,2638,1967,3.7533,9.6253
4494,149.800,1934,1087,2638,1967,4.2225,9.4713
4495,149.833,1934,1088,2638,1966,4.0240,8.9871
4496,149.867,1934,1087,2639,1966,4.2680,10.3082
4497,149.900,1934,1088,2639,1965,4.6002,8.7169
4498,149.933,1934,1088,2638,1964,3.9840,9.4639
4499,149.967,1934,1089,2639,1965,4.2649,7.8195
4500,150.000,1934,1089,2639,1966,2.5915,6.8539
4501,150.033,1934,1089,2639,1966,2.3523,7.1482
4502,150.067,1934,1089,2639,1965,2.5296,6.7278
4503,150.100,1934,1089,2639,1965,1.8972,7.3172
4504,150.133,1934,1088,2639,1965,1.5833,6.7530
4505,150.167,1935,1088,2639,1965,4.2970,7.9668
4506,150.200,1934,1088,2639,1965,1.9169,8.2173
4507,150.233,1934,1088,2639,1965,3.2793,8.6428
4508,150.267,1935,1088,2639,1965,4.8109,8.2615
4509,150.300,1935,1088,2639,1965,5.6227,7.8478
4510,150.333,1934,1088,2637,1965,4.8082,8.7278
4511,150.367,1935,1087,2637,1965,6.3580,7.6367
4512,150.400,1935,1086,2636,1965,1.6652,9.3937
4513,150.433,1935,1086,2636,1965,1.7469,8.8890
4514,150.467,1934,1087,2636,1965,4.8018,8.3645
4515,150.500,1934,1086,2636,1965,4.6938,7.5063
4516,150.533,1935,1086,2636,1965,1.8759,9.3880
4517,150.567,1937,1081,2634,1965,3.9284,5.3178
4518,150.600,1937,1081,2634,1966,5.5813,4.0282
4519,150.633,1939,1080,2634,1964,-3.2499,3.1189
4520,150.667,1939,1080,2634,1964,3.9454,3.3375
4521,150.700,1939,1081,2634,1964,4.0743,4.0729
4522,150.733,1936,1081,2637,1967,10.3696,11.4096
4523,150.767,1935,1083,2637,1967,7.8648,15.1629
4524,150.800,1935,1083,2637,1966,8.7030,15.1125
4525,150.833,1935,1083,2637,1967,8.5626,14.4741
4526,150.867,1935,1083,2637,1966,10.2871,13.9154
4527,150.900,1935,1083,2636,1966,11.0948,15.5935
4528,150.933,1934,1084,2636,1966,9.2222,15.9918
4529,150.967,1934,1084,2636,1966,7.9904,17.1004
4530,151.000,1935,1084,2637,1965,8.5648,14.2896
4531,151.033,1935,1084,2637,1965,8.0978,14.0145
4532,151.067,1935,1085,2637,1965,6.0081,13.7284
4533,151.100,1935,1085,2637,1965,6.6701,12.8535
4534,151.133,1935,1085,2637,1965,7.0020,12.6061
4535,151.167,1935,1085,2637,1965,7.3824,12.7304
4536,151.200,1935,1085,2637,1965,6.6814,12.6102
4537,151.233,1935,1086,2637,1965,8.4265,11.2196
4538,151.267,1935,1086,2637,1964,7.4680,9.7154
4539,151.300,1935,1086,2637,1964,8.6137,10.2003
4540,151.333,1936,1086,2637,1964,5.8608,12.1441
4541,151.367,1936,1086,2638,1965,8.5998,8.7872
4542,151.400,1936,1086,2638,1964,7.9740,9.9563
4543,151.433,1935,1086,2638,1964,8.8603,8.6957
4544,151.467,1936,1086,2638,1964,7.3437,9.7019
4545,151.500,1936,1087,2638,1964,9.8449,8.7357
4546,151.533,1935,1087,2638,1964,7.8275,8.8653
4547,151.567,1935,1087,2638,1964,7.2678,9.2187
4548,151.600,1935,1086,2638,1964,6.2149,9.2726
4549,151.633,1935,1086,2638,1964,6.3989,9.3010
4550,151.667,1935,1086,2638,1963,6.0883,8.6273
4551,151.700,1935,1086,2638,1964,5.8145,9.4940
4552,151.733,1935,1086,2638,1964,6.1630,9.3257
4553,151.767,1935,1086,2638,1964,6.9799,9.3523
4554,151.800,1935,1086,2638,1964,6.9931,9.7501
4555,151.833,1935,1086,2639,1964,8.2433,8.7465
4556,151.867,1935,1085,2639,1964,6.2755,9.2868
4557,151.900,1935,1085,2639,1964,6.7425,9.3287
4558,151.933,1935,1085,2639,1964,5.9779,9.3222
4559,151.967,1935,1085,2639,1965,5.7637,9.7242
4560,152.000,1934,1086,2638,1965,3.2612,10.4141
4561,152.033,1934,1085,2638,1965,5.5995,10.0166
4562,152.067,1934,1086,2638,1965,3.7590,10.4464
4563,152.100,1934,1086,2638,1965,4.4835,10.5301
4564,152.133,1934,1085,2638,1965,4.9811,9.4861
4565,152.167,1934,1084,2639,1964,4.5821,11.4451
4566,152.200,1934,1084,2639,1964,4.3552,11.0556
4567,152.233,1934,1084,2639,1964,4.3772,11.0742
4568,152.267,1934,1084,2639,1964,3.9059,10.5398
4569,152.300,1934,1084,2638,1964,3.3680,10.7532
4570,152.333,1934,1084,2639,1964,3.9761,11.0901
4571,152.367,1934,1084,2639,1964,3.9963,11.0888
4572,152.400,1934,1084,2639,1964,3.9772,10.8909
4573,152.433,1934,1084,2638,1965,5.5833,11.4042
4574,152.467,1934,1084,2638,1965,5.4333,11.8247
4575,152.500,1934,1085,2639,1965,4.1954,9.2360
4576,152.533,1934,1084,2639,1965,5.8210,11.0055
4577,152.567,1935,1084,2638,1965,4.3916,11.5503
4578,152.600,1935,1084,2638,1965,3.7627,11.1535
4579,152.633,1935,1084,2638,1964,4.7594,10.4135
4580,152.667,1935,1083,2638,1964,3.5638,8.5540
4581,152.700,1935,1083,2638,1964,3.7142,8.8318
4582,152.733,1935,1083,2637,1964,4.6872,11.7889
4583,152.767,1935,1083,2637,1964,4.2901,11.7432
4584,152.800,1935,1083,2638,1964,3.2351,8.8314
4585,152.833,1935,1083,2638,1964,3.4106,8.8433
4586,152.867,1935,1082,2638,1964,3.9972,10.3022
4587,152.900,1935,1082,2638,1964,3.6191,10.1172
4588,152.933,1935,1082,2637,1964,4.1375,10.8156
4589,152.967,1935,1082,2637,1964,5.9073,9.7813
4590,153.000,1935,1083,2638,1964,5.7984,9.3002
4591,153.033,1935,1083,2637,1964,3.9120,10.4841
4592,153.067,1935,1083,2637,1964,4.2539,10.5646
4593,153.100,1935,1083,2638,1964,4.3228,9.4406
4594,153.133,1935,1083,2638,1964,4.6462,9.5191
4595,153.167,1934,1083,2638,1964,4.4941,9.7278
4596,153.200,1934,1084,2638,1963,4.1711,9.5227
4597,153.233,1934,1084,2637,1963,5.0611,8.7586
4598,153.267,1934,1084,2637,1963,5.3221,8.6602
4599,153.300,1935,1084,2637,1963,5.3611,9.3200
4600,153.333,1935,1084,2638,1963,5.2305,8.4528
4601,153.367,1935,1084,2637,1963,5.6393,9.7547
4602,153.400,1935,1083,2637,1962,4.1894,7.5338
4603,153.433,1935,1083,2637,1962,4.8789,8.1178
4604,153.467,1935,1083,2637,1962,5.3397,7.4823
4605,153.500,1935,1083,2637,1962,5.3318,7.4404
4606,153.533,1935,1083,2637,1962,4.1219,7.4178
4607,153.567,1935,1083,2637,1962,4.1458,7.0704
4608,153.600,1935,1083,2638,1962,3.7450,7.1375
4609,153.633,1935,1084,2638,1963,6.6725,7.5862
4610,153.667,1935,1084,2637,1962,6.4408,8.1655
4611,153.700,1935,1084,2637,1963,5.5055,10.1784
4612,153.733,1935,1084,2637,1963,5.4682,10.0536
4613,153.767,1935,1083,2637,1963,4.1217,8.6961
4614,153.800,1935,1084,2637,1963,5.0834,10.1434
4615,153.833,1935,1084,2637,1963,4.6330,9.7374
4616,153.867,1935,1084,2637,1964,3.1552,8.9203
4617,153.900,1935,1084,2637,1964,2.9514,9.1003
4618,153.933,1935,1084,2637,1964,3.5117,9.3951
4619,153.967,1935,1084,2637,1964,2.5976,9.4159
4620,154.000,1935,1084,2637,1964,3.5566,9.1063
4621,154.033,1935,1084,2637,1964,3.4806,9.3431
4622,154.067,1935,1084,2637,1964,3.4804,9.2212
4623,154.100,1935,1084,2638,1964,4.1661,10.4652
4624,154.133,1935,1084,2638,1964,4.4095,10.0701
4625,154.167,1935,1086,2638,1965,4.9621,10.2489
4626,154.200,1935,1086,2638,1965,5.5233,10.3264
4627,154.233,1934,1087,2639,1964,5.6096,9.7333
4628,154.267,1934,1087,2639,1965,6.5655,9.3465
4629,154.300,1934,1087,2639,1964,6.1474,10.8128
4630,154.333,1934,1087,2639,1964,5.9200,10.6144
4631,154.367,1935,1087,2639,1964,7.7048,8.7713
4632,154.400,1935,1087,2639,1964,7.6407,8.8752
4633,154.433,1935,1086,2639,1963,6.4702,8.7384
4634,154.467,1935,1087,2639,1964,7.7087,8.7645
4635,154.500,1935,1087,2639,1964,7.9343,8.8092
4636,154.533,1935,1087,2639,1964,8.1462,8.7839
4637,154.567,1935,1087,2639,1963,5.8298,8.7656
4638,154.600,1935,1086,2639,1963,5.3629,8.8456
4639,154.633,1935,1086,2639,1963,6.2090,8.7990
4640,154.667,1935,1086,2639,1963,6.9492,8.7794
4641,154.700,1935,1086,2638,1963,7.6329,9.3294
4642,154.733,1935,1086,2638,1964,8.4388,9.0411
4643,154.767,1935,1086,2638,1964,8.3919,9.3082
4644,154.800,1935,1086,2638,1964,8.2778,9.5547
4645,154.833,1935,1085,2638,1963,7.5464,9.7687
4646,154.867,1935,1085,2638,1963,7.0318,10.1494
4647,154.900,1935,1085,2638,1963,6.4953,10.8151
4648,154.933,1936,1084,2638,1963,6.8403,11.2174
4649,154.967,1936,1084,2638,1963,6.1660,11.6250
4650,155.000,1936,1084,2638,1964,6.3011,11.3273
4651,155.033,1936,1085,2639,1964,6.9628,10.1699
4652,155.067,1936,1086,2639,1964,5.6997,9.4570
4653,155.100,1936,1086,2639,1964,6.3231,9.7651
4654,155.133,1935,1086,2639,1964,6.3532,10.7132
4655,155.167,1935,1086,2639,1964,6.5981,11.0326
4656,155.200,1935,1085,2639,1964,7.4485,9.6190
4657,155.233,1935,1085,2639,1964,7.6670,10.3570
4658,155.267,1935,1085,2639,1964,6.9719,10.4792
4659,155.300,1935,1085,2639,1964,7.0764,10.3132
4660,155.333,1936,1085,2639,1964,7.1285,10.7368
4661,155.367,1936,1085,2639,1964,5.9600,10.7733
4662,155.400,1936,1085,2639,1964,6.0678,10.8570
4663,155.433,1936,1085,2639,1964,5.6819,10.1908
4664,155.467,1936,1086,2639,1964,3.9250,9.5388
4665,155.500,1936,1086,2639,1964,4.2472,9.6285
4666,155.533,1936,1085,2639,1964,4.3627,9.2768
4667,155.567,1936,1085,2639,1964,3.7281,9.4901
4668,155.600,1936,1085,2639,1964,4.1872,9.3792
4669,155.633,1936,1086,2638,1964,4.3147,10.5671
4670,155.667,1935,1086,2638,1963,6.4045,10.6508
4671,155.700,1936,1086,2639,1963,5.8641,9.8909
4672,155.733,1936,1085,2639,1963,3.2262,10.1779
4673,155.767,1936,1085,2639,1963,4.5347,12.6211
4674,155.800,1936,1085,2641,1963,-3.4035,11.4536
4675,155.833,1936,1085,2641,1963,-4.2403,11.1265
4676,155.867,1936,1085,2641,1963,-3.0082,9.5727
4677,155.900,1936,1085,2641,1963,-3.7247,9.5624
4678,155.933,1936,1085,2641,1963,-4.6930,9.3631
4679,155.967,1937,1084,2641,1963,-5.8516,9.1858
4680,156.000,1937,1084,2642,1964,-5.9712,9.3933
4681,156.033,1937,1084,2642,1964,-6.4631,9.6989
4682,156.067,1937,1084,2642,1964,-6.3745,10.2586
4683,156.100,1936,1088,2641,1962,-6.6571,10.5033
4684,156.133,1936,1089,2641,1962,-6.9209,12.3410
4685,156.167,1936,1088,2641,1962,-6.7416,10.2764
4686,156.200,1936,1088,2641,1962,-6.6855,10.1164
4687,156.233,1936,1088,2641,1961,-6.5628,11.2525
4688,156.267,1936,1089,2641,1962,-6.5890,11.6581
4689,156.300,1936,1089,2641,1962,-5.9022,12.4075
4690,156.333,1936,1089,2640,1962,-6.5138,11.5358
4691,156.367,1936,1089,2641,1962,-6.5613,12.7224
4692,156.400,1936,1088,2641,1962,-7.6450,10.5536
4693,156.433,1936,1088,2641,1962,-6.4097,11.3289
4694,156.467,1936,1088,2641,1961,-6.1696,11.2388
4695,156.500,1936,1088,2640,1961,-7.0855,12.0237
4696,156.533,1935,1088,2640,1962,-6.2249,10.6039
4697,156.567,1936,1088,2640,1962,-6.3342,11.5869
4698,156.600,1936,1088,2640,1962,-6.1785,11.1796
4699,156.633,1936,1088,2640,1962,-6.4977,11.4318
4700,156.667,1936,1088,2640,1961,-7.2014,11.0967
4701,156.700,1936,1087,2641,1961,-8.1927,11.8039
4702,156.733,1936,1088,2641,1962,-8.0712,11.8941
4703,156.767,1936,1088,2640,1962,-7.4812,11.7845
4704,156.800,1936,1088,2641,1962,-8.7401,11.8549
4705,156.833,1936,1088,2641,1963,-8.4023,12.5477
4706,156.867,1936,1089,2641,1963,-7.0534,12.2347
4707,156.900,1936,1089,2641,1963,-7.7650,12.1973
4708,156.933,1936,1089,2641,1963,-7.5855,11.8733
4709,156.967,1936,1088,2641,1962,-9.2584,12.3639
4710,157.000,1935,1089,2642,1963,-8.1827,10.4818
4711,157.033,1935,1089,2642,1963,-7.7393,11.6281
4712,157.067,1935,1088,2641,1963,-7.2719,12.7025
4713,157.100,1935,1088,2641,1964,-6.8350,13.5784
4714,157.133,1935,1088,2641,1964,-7.4299,13.6573
4715,157.167,1935,1088,2641,1963,-7.8748,12.7695
4716,157.200,1935,1088,2641,1964,-7.1836,12.7996
4717,157.233,1935,1088,2641,1964,-7.5720,12.4910
4718,157.267,1935,1088,2641,1963,-8.0081,12.7176
4719,157.300,1935,1088,2641,1963,-8.0589,12.7942
4720,157.333,1935,1088,2641,1963,-7.9869,12.9801
4721,157.367,1935,1088,2641,1963,-8.0203,13.0049
4722,157.400,1935,1088,2641,1963,-7.7111,13.1445
4723,157.433,1935,1088,2641,1964,-7.2536,12.1577
4724,157.467,1935,1088,2641,1963,-7.9296,12.7322
4725,157.500,1935,1088,2641,1963,-7.6656,12.2828
4726,157.533,1935,1087,2641,1962,-9.3774,10.0348
4727,157.567,1936,1087,2641,1962,-9.7617,10.7084
4728,157.600,1936,1087,2641,1962,-9.5476,10.6857
4729,157.633,1936,1087,2641,1962,-9.9021,10.8325
4730,157.667,1936,1087,2642,1961,-10.9812,13.0847
4731,157.700,1936,1087,2641,1961,-9.4783,10.8770
4732,157.733,1936,1086,2642,1961,-8.9019,11.8771
4733,157.767,1936,1086,2642,1961,-8.8897,11.8954
4734,157.800,1936,1086,2642,1961,-8.8288,11.7887
4735,157.833,1936,1086,2641,1961,-9.2090,10.4320
4736,157.867,1936,1086,2642,1961,-9.1263,11.0340
4737,157.900,1937,1086,2642,1962,-9.1670,12.0418
4738,157.933,1937,1085,2642,1962,-7.9087,10.2680
4739,157.967,1939,1082,2638,1964,-6.8823,9.5078
4740,158.000,1939,1081,2638,1962,-8.2988,8.9319
4741,158.033,1941,1082,2637,1961,-7.8891,9.9131
4742,158.067,1940,1082,2637,1962,-8.0729,7.6878
4743,158.100,1940,1082,2637,1962,-8.2495,9.6482
4744,158.133,1938,1083,2638,1963,-7.5148,11.4138
4745,158.167,1938,1084,2640,1962,-8.8934,11.9952
4746,158.200,1938,1085,2640,1962,-8.7551,12.0119
4747,158.233,1937,1085,2641,1962,-9.9092,11.3377
4748,158.267,1937,1085,2641,1962,-10.0780,12.5306
4749,158.300,1937,1085,2641,1962,-9.7587,12.3965
4750,158.333,1937,1085,2641,1962,-10.5563,13.3853
4751,158.367,1937,1085,2641,1962,-10.3557,13.0379
4752,158.400,1937,1085,2642,1962,-10.5078,13.7744
4753,158.433,1937,1085,2642,1962,-9.9751,13.7801
4754,158.467,1937,1086,2642,1962,-10.6334,13.4349
4755,158.500,1937,1086,2642,1963,-10.9470,13.1180
4756,158.533,1937,1085,2642,1962,-10.5220,14.2391
4757,158.567,1936,1085,2642,1962,-11.7433,14.7281
4758,158.600,1937,1085,2642,1962,-10.7111,13.9485
4759,158.633,1937,1085,2642,1962,-10.1213,13.8597
4760,158.667,1937,1085,2642,1962,-10.4585,13.1774
4761,158.700,1937,1085,2642,1961,-10.3217,12.7405
4762,158.733,1937,1085,2642,1962,-10.1917,12.9654
4763,158.767,1937,1085,2642,1962,-10.3447,13.2303
4764,158.800,1936,1085,2642,1961,-11.1599,13.2725
4765,158.833,1936,1085,2642,1961,-11.0755,12.8976
4766,158.867,1936,1085,2642,1961,-11.2149,12.8741
4767,158.900,1937,1085,2642,1961,-10.7963,12.0350
4768,158.933,1937,1085,2641,1961,-10.3961,13.9568
4769,158.967,1936,1085,2641,1961,-10.4974,11.6815
4770,159.000,1936,1085,2641,1961,-9.3199,11.3599
4771,159.033,1936,1086,2641,1961,-10.2960,11.6857
4772,159.067,1936,1085,2641,1961,-9.5696,11.7847
4773,159.100,1936,1085,2641,1961,-9.7463,11.5673
4774,159.133,1936,1085,2641,1961,-9.4561,11.5215
4775,159.167,1936,1085,2641,1960,-10.0650,12.1770
4776,159.200,1936,1085,2641,1961,-9.3237,12.2933
4777,159.233,1936,1085,2641,1961,-9.4095,12.2832
4778,159.267,1936,1085,2641,1961,-9.4647,11.8051
4779,159.300,1936,1085,2641,1961,-9.8444,11.9360
4780,159.333,1936,1085,2641,1960,-10.5294,11.9795
4781,159.367,1936,1085,2641,1960,-10.4874,11.9782
4782,159.400,1936,1084,2641,1961,-9.4557,11.3816
4783,159.433,1936,1084,2641,1960,-10.3147,10.8206
4784,159.467,1936,1084,2641,1960,-9.7340,10.9525
4785,159.500,1936,1084,2641,1960,-9.1918,11.5603
4786,159.533,1936,1084,2642,1960,-9.6565,12.1139
4787,159.567,1936,1084,2642,1961,-9.3759,12.7308
4788,159.600,1936,1083,2642,1960,-8.8035,13.4566
4789,159.633,1936,1083,2642,1960,-9.3266,13.9123
4790,159.667,1936,1083,2642,1960,-8.9158,13.6709
4791,159.700,1936,1083,2643,1960,-9.5479,11.3953
4792,159.733,1936,1083,2642,1960,-9.4597,13.7366
4793,159.767,1936,1083,2642,1960,-9.4414,13.9025
4794,159.800,1936,1083,2643,1960,-9.6263,10.4153
4795,159.833,1936,1084,2642,1960,-10.1646,10.4159
4796,159.867,1936,1083,2642,1960,-9.0412,14.0314
4797,159.900,1936,1083,2642,1960,-8.9299,13.9619
4798,159.933,1936,1083,2643,1960,-9.8282,11.1033
4799,159.967,1936,1083,2642,1960,-8.6335,13.9711
4800,160.000,1937,1084,2643,1960,-8.8716,11.5431
4801,160.033,1937,1084,2643,1960,-9.3446,10.0287
4802,160.067,1937,1085,2643,1960,-8.8627,11.5880
4803,160.100,1937,1085,2643,1961,-9.1114,12.4296
4804,160.133,1936,1086,2642,1961,-9.9325,12.1578
4805,160.167,1935,1085,2642,1960,-8.8607,11.6532
4806,160.200,1935,1085,2642,1960,-8.6906,11.7098
4807,160.233,1934,1085,2641,1960,-9.6775,11.9958
4808,160.267,1935,1084,2641,1961,-9.0330,12.1519
4809,160.300,1935,1084,2640,1960,-7.1355,12.1927
4810,160.333,1935,1084,2640,1960,-7.0988,12.0457
4811,160.367,1935,1085,2640,1961,-8.9377,11.9567
4812,160.400,1935,1085,2641,1961,-8.7363,11.4760
4813,160.433,1935,1085,2641,1960,-9.5885,12.2164
4814,160.467,1935,1086,2641,1960,-8.4097,13.0446
4815,160.500,1935,1086,2641,1961,-9.2113,12.1389
4816,160.533,1935,1085,2641,1961,-9.6512,12.4239
4817,160.567,1935,1085,2640,1961,-8.9512,12.8944
4818,160.600,1935,1086,2641,1961,-9.7126,12.8468
4819,160.633,1935,1085,2640,1961,-9.5354,12.6381
4820,160.667,1935,1085,2641,1961,-10.1508,12.1561
4821,160.700,1935,1085,2641,1961,-9.5381,12.4552
4822,160.733,1935,1086,2641,1961,-9.3392,13.7045
4823,160.767,1935,1086,2641,1961,-9.2175,14.4767
4824,160.800,1935,1086,2642,1961,-8.5937,14.8027
4825,160.833,1935,1086,2642,1961,-9.1793,14.0788
4826,160.867,1935,1086,2642,1961,-9.4561,13.6152
4827,160.900,1935,1086,2642,1961,-8.8768,13.3876
4828,160.933,1935,1086,2642,1961,-8.6022,13.7455
4829,160.967,1935,1086,2642,1961,-8.3411,13.7158
4830,161.000,1935,1086,2642,1962,-9.2478,12.4620
4831,161.033,1935,1086,2642,1962,-9.2717,12.7077
4832,161.067,1935,1086,2642,1962,-8.7894,13.8307
4833,161.100,1935,1086,2642,1962,-9.3412,13.5403
4834,161.133,1935,1086,2642,1962,-9.3405,14.2288
4835,161.167,1935,1086,2642,1962,-9.2532,13.7376
4836,161.200,1935,1086,2642,1962,-8.8442,13.9430
4837,161.233,1935,1086,2642,1963,-7.6343,13.9448
4838,161.267,1935,1086,2643,1963,-7.5016,13.6270
4839,161.300,1935,1086,2643,1962,-7.4676,14.1175
4840,161.333,1935,1086,2643,1962,-7.3913,13.9870
4841,161.367,1935,1086,2643,1962,-7.2998,13.9384
4842,161.400,1935,1086,2643,1962,-7.8623,14.0270
4843,161.433,1935,1086,2643,1962,-8.4098,14.2918
4844,161.467,1935,1086,2642,1962,-9.1238,14.7374
4845,161.500,1935,1086,2643,1962,-8.3726,14.7123
4846,161.533,1935,1086,2642,1962,-8.8768,15.0636
4847,161.567,1935,1086,2643,1961,-7.2921,13.9451
4848,161.600,1935,1086,2643,1961,-6.9391,14.0468
4849,161.633,1935,1086,2643,1961,-7.1951,13.8012
4850,161.667,1935,1086,2643,1961,-7.5548,14.2924
4851,161.700,1934,1086,2642,1961,-9.6639,13.2428
4852,161.733,1935,1086,2643,1961,-8.1655,13.6154
4853,161.767,1935,1086,2643,1961,-8.1403,14.0148
4854,161.800,1935,1085,2642,1961,-8.8836,13.6586
4855,161.833,1935,1085,2642,1961,-8.7248,13.3807
4856,161.867,1935,1085,2642,1961,-8.8000,13.3261
4857,161.900,1935,1085,2642,1961,-8.9318,13.3460
4858,161.933,1934,1085,2642,1960,-9.4167,13.4358
4859,161.967,1934,1085,2642,1960,-9.8118,13.9048
4860,162.000,1935,1085,2643,1961,-9.8985,13.1940
4861,162.033,1935,1084,2643,1961,-11.0018,13.4883
4862,162.067,1935,1084,2642,1961,-10.0625,12.4443
4863,162.100,1935,1084,2642,1961,-10.7041,12.1076
4864,162.133,1935,1084,2642,1961,-10.1879,12.2717
4865,162.167,1936,1084,2642,1962,-7.9897,14.8071
4866,162.200,1936,1084,2642,1962,-8.7850,15.0380
4867,162.233,1937,1084,2642,1961,-9.0278,15.2221
4868,162.267,1937,1084,2642,1961,-8.8989,14.5249
4869,162.300,1938,1083,2642,1961,-11.1810,13.6927
4870,162.333,1938,1083,2641,1961,-10.3948,14.2434
4871,162.367,1937,1084,2641,1961,-9.6110,14.5058
4872,162.400,1938,1083,2641,1961,-14.2787,18.1179
4873,162.433,1938,1083,2642,1961,-17.3105,15.4318
4874,162.467,1938,1083,2642,1961,-17.2399,15.7616
4875,162.500,1938,1083,2642,1960,-18.5891,15.9008
4876,162.533,1938,1083,2643,1960,-16.3568,15.6179
4877,162.567,1938,1083,2642,1961,-17.3217,14.1074
4878,162.600,1938,1082,2643,1961,-17.2074,15.7074
4879,162.633,1937,1087,2641,1962,-14.8405,11.7028
4880,162.667,1936,1088,2641,1962,-15.0647,12.2254
4881,162.700,1936,1083,2637,1964,-14.6127,7.5895
4882,162.733,1941,1085,2637,1963,-9.3753,7.7232
4883,162.767,1939,1086,2638,1964,-15.7732,9.6824
4884,162.800,1936,1087,2641,1964,-15.3445,12.1985
4885,162.833,1935,1086,2640,1965,-14.5988,12.8758
4886,162.867,1936,1085,2641,1964,-14.9618,13.3861
4887,162.900,1936,1084,2642,1961,-16.6923,12.8315
4888,162.933,1936,1084,2642,1962,-16.4510,12.1925
4889,162.967,1937,1084,2642,1962,-16.7994,11.0232
4890,163.000,1938,1084,2642,1963,-16.2939,12.6750
4891,163.033,1938,1083,2642,1962,-16.4515,11.8206
4892,163.067,1938,1083,2642,1962,-16.1431,11.7772
4893,163.100,1938,1082,2643,1962,-17.3194,11.5046
4894,163.133,1939,1083,2643,1961,-16.8735,12.4222
4895,163.167,1938,1082,2643,1961,-16.5703,11.4351
4896,163.200,1938,1084,2642,1961,-15.8421,13.1777
4897,163.233,1938,1084,2642,1961,-15.8173,12.7280
4898,163.267,1938,1085,2642,1961,-13.9969,11.8969
4899,163.300,1938,1085,2643,1961,-15.6777,11.7638
4900,163.333,1938,1085,2643,1961,-15.3553,11.1603
4901,163.367,1938,1085,2643,1961,-15.5275,11.7834
4902,163.400,1938,1085,2643,1961,-15.6547,11.6407
4903,163.433,1938,1085,2643,1961,-15.1708,11.7833
4904,163.467,1938,1085,2643,1961,-15.5369,12.7085
4905,163.500,1938,1084,2643,1960,-15.9254,12.7468
4906,163.533,1938,1084,2643,1960,-16.2920,11.7752
4907,163.567,1938,1084,2642,1960,-15.1128,11.7413
4908,163.600,1938,1084,2642,1960,-15.3195,11.3892
4909,163.633,1938,1084,2642,1960,-15.5646,11.3507
4910,163.667,1938,1084,2642,1960,-15.7016,11.1175
4911,163.700,1938,1085,2642,1960,-15.3202,11.4962
4912,163.733,1938,1085,2642,1960,-15.5382,11.8460
4913,163.767,1938,1085,2642,1960,-15.3451,11.8044
4914,163.800,1939,1085,2643,1960,-16.4278,12.0049
4915,163.833,1938,1085,2644,1960,-15.4744,11.2612
4916,163.867,1938,1085,2643,1960,-15.6872,14.0389
4917,163.900,1938,1085,2643,1961,-15.3278,13.4457
4918,163.933,1938,1084,2643,1961,-15.6726,11.7222
4919,163.967,1938,1083,2642,1961,-16.7244,10.5222
4920,164.000,1937,1083,2643,1963,-17.5180,11.9247
4921,164.033,1937,1083,2643,1963,-17.4299,12.1548
4922,164.067,1937,1083,2643,1963,-17.4213,12.3280
4923,164.100,1937,1083,2643,1963,-17.4804,12.0769
4924,164.133,1937,1083,2642,1962,-18.4803,12.4331
4925,164.167,1938,1083,2642,1962,-17.3173,12.9225
4926,164.200,1937,1083,2642,1962,-18.3697,12.6619
4927,164.233,1937,1083,2642,1962,-18.4610,12.4965
4928,164.267,1937,1083,2642,1962,-18.5984,12.7290
4929,164.300,1937,1083,2642,1962,-18.3857,13.3768
4930,164.333,1937,1083,2643,1962,-16.8236,13.3391
4931,164.367,1937,1083,2642,1962,-18.6458,12.7317
4932,164.400,1937,1083,2642,1962,-17.7637,11.6342
4933,164.433,1937,1083,2642,1962,-17.8091,11.5323
4934,164.467,1937,1083,2642,1962,-18.0550,11.7936
4935,164.500,1937,1083,2642,1962,-18.5344,11.9450
4936,164.533,1937,1083,2642,1962,-18.3880,11.9375
4937,164.567,1937,1083,2642,1962,-17.9735,12.4420
4938,164.600,1937,1083,2642,1962,-18.1161,12.2356
4939,164.633,1937,1083,2643,1961,-17.7859,11.8844
4940,164.667,1937,1084,2643,1962,-17.1512,12.8650
4941,164.700,1937,1084,2642,1961,-16.4754,12.1577
4942,164.733,1937,1084,2642,1962,-16.4696,11.4097
4943,164.767,1937,1084,2643,1961,-17.5938,10.4905
4944,164.800,1937,1084,2643,1961,-17.5206,10.4758
4945,164.833,1937,1084,2643,1961,-17.2295,10.2806
4946,164.867,1937,1084,2643,1961,-17.1068,10.6629
4947,164.900,1937,1084,2643,1962,-16.7163,10.9065
4948,164.933,1937,1083,2643,1961,-16.7399,10.4628
4949,164.967,1938,1083,2643,1961,-16.9867,12.1479
4950,165.000,1938,1082,2643,1961,-17.8095,12.5563
4951,165.033,1938,1082,2643,1961,-17.9035,12.7662
4952,165.067,1938,1083,2643,1961,-17.4890,11.2509
4953,165.100,1938,1083,2643,1961,-17.4341,11.0933
4954,165.133,1938,1083,2642,1961,-17.4685,11.5088
4955,165.167,1938,1082,2643,1961,-17.4799,12.3752
4956,165.200,1938,1082,2643,1960,-17.3582,13.2486
4957,165.233,1938,1082,2642,1961,-17.8665,12.0213
4958,165.267,1938,1083,2642,1960,-17.4744,12.5203
4959,165.300,1938,1083,2642,1960,-18.0178,12.4776
4960,165.333,1937,1083,2642,1960,-17.4135,10.3419
4961,165.367,1937,1083,2642,1961,-17.3624,10.3470
4962,165.400,1938,1083,2642,1960,-17.4361,12.3836
4963,165.433,1938,1083,2642,1960,-17.1548,12.6624
4964,165.467,1938,1083,2642,1960,-17.4831,12.3564
4965,165.500,1937,1083,2642,1960,-17.7466,10.3636
4966,165.533,1937,1083,2642,1960,-16.6888,10.9733
4967,165.567,1937,1083,2642,1960,-16.9485,10.5141
4968,165.600,1937,1083,2642,1960,-17.0265,10.6856
4969,165.633,1937,1083,2642,1960,-17.1029,10.8340
4970,165.667,1937,1083,2642,1960,-17.1798,10.4469
4971,165.700,1937,1083,2642,1960,-16.8099,10.3514
4972,165.733,1937,1083,2642,1960,-17.2691,10.3198
4973,165.767,1937,1083,2642,1960,-17.3930,10.5255
4974,165.800,1937,1083,2642,1960,-17.6792,9.8916
4975,165.833,1937,1082,2642,1960,-17.5050,11.0367
4976,165.867,1937,1083,2642,1960,-17.8455,9.9857
4977,165.900,1937,1083,2642,1960,-17.6318,10.0517
4978,165.933,1937,1084,2642,1961,-17.0798,10.5899
4979,165.967,1937,1084,2642,1960,-17.3759,11.6215
4980,166.000,1937,1084,2642,1961,-17.1473,11.8464
4981,166.033,1937,1084,2642,1962,-17.1874,12.6228
4982,166.067,1937,1084,2642,1961,-17.0572,12.2705
4983,166.100,1937,1083,2642,1962,-18.5399,12.1491
4984,166.133,1937,1084,2642,1962,-17.4064,12.3287
4985,166.167,1937,1084,2642,1962,-17.4999,12.1084
4986,166.200,1938,1084,2642,1962,-17.8484,11.8490
4987,166.233,1938,1083,2642,1962,-16.6649,12.6248
4988,166.267,1938,1083,2642,1962,-16.6037,12.5106
4989,166.300,1938,1083,2642,1962,-17.5854,12.1086
4990,166.333,1938,1083,2642,1962,-17.5823,12.2877
4991,166.367,1938,1083,2642,1962,-17.5754,12.3939
4992,166.400,1939,1083,2641,1965,-17.0922,9.8241
4993,166.433,1939,1083,2640,1966,-18.1317,11.7405
4994,166.467,1940,1083,2638,1964,-15.4231,5.5127
4995,166.500,1942,1083,2638,1963,-17.6771,5.6936
4996,166.533,1942,1083,2638,1963,-16.9505,5.9245
4997,166.567,1939,1085,2640,1965,-18.5483,10.8290
4998,166.600,1938,1086,2641,1965,-18.4194,13.8216
4999,166.633,1938,1086,2641,1965,-18.7245,12.1104
5000,166.667,1938,1086,2642,1964,-16.5104,11.4121
5001,166.700,1937,1086,2643,1963,-17.3571,12.7763
5002,166.733,1937,1085,2642,1963,-17.2467,12.6793
5003,166.767,1937,1085,2642,1963,-17.4646,11.6262
5004,166.800,1937,1085,2642,1963,-17.6173,11.5623
5005,166.833,1937,1085,2642,1963,-17.3828,11.7784
5006,166.867,1937,1085,2642,1963,-17.4027,12.2026
5007,166.900,1937,1085,2642,1963,-17.8289,12.4491
5008,166.933,1937,1085,2642,1963,-17.2829,11.9875
5009,166.967,1937,1085,2642,1962,-17.3522,12.9005
5010,167.000,1937,1085,2643,1962,-17.6500,12.2612
5011,167.033,1937,1085,2643,1962,-17.6931,12.4722
5012,167.067,1936,1085,2643,1962,-16.7660,15.1704
5013,167.100,1936,1085,2642,1962,-19.6563,15.8327
5014,167.133,1936,1084,2642,1961,-18.5789,14.7073
5015,167.167,1936,1085,2642,1962,-18.9880,15.7234
5016,167.200,1936,1085,2642,1961,-17.6347,15.2838
5017,167.233,1936,1085,2642,1961,-17.8947,15.5211
5018,167.267,1935,1084,2642,1962,-18.8247,13.1170
5019,167.300,1936,1084,2642,1962,-18.1570,14.2745
5020,167.333,1936,1084,2642,1961,-18.5459,13.6451
5021,167.367,1936,1083,2641,1961,-17.7155,13.5487
5022,167.400,1936,1083,2642,1961,-18.1903,13.8925
5023,167.433,1936,1083,2641,1961,-18.0407,13.6560
5024,167.467,1936,1083,2642,1961,-18.4139,14.7747
5025,167.500,1936,1083,2642,1961,-18.4617,14.8449
5026,167.533,1936,1083,2642,1961,-18.0974,15.1237
5027,167.567,1935,1084,2642,1961,-18.0115,13.4767
5028,167.600,1935,1084,2642,1961,-17.8729,13.0927
5029,167.633,1935,1084,2642,1961,-17.9141,13.1266
5030,167.667,1935,1083,2642,1961,-17.2764,14.4329
5031,167.700,1935,1083,2642,1961,-17.6206,14.3887
5032,167.733,1935,1083,2642,1961,-17.6172,14.3962
5033,167.767,1935,1083,2642,1961,-17.7591,14.2325
5034,167.800,1935,1083,2642,1961,-17.8215,14.3242
5035,167.833,1935,1083,2642,1961,-17.8527,13.1754
5036,167.867,1935,1084,2642,1961,-17.8479,13.0146
5037,167.900,1935,1084,2642,1961,-18.2394,12.7750
5038,167.933,1936,1084,2642,1961,-18.5395,14.2144
5039,167.967,1936,1084,2642,1960,-18.8029,13.9037
5040,168.000,1936,1083,2642,1961,-16.8573,14.1115
5041,168.033,1936,1083,2642,1961,-17.3399,14.1796
5042,168.067,1936,1083,2642,1961,-17.2684,14.2892
5043,168.100,1936,1083,2642,1960,-17.8436,13.9482
5044,168.133,1936,1083,2642,1960,-18.0217,14.0651
5045,168.167,1936,1083,2642,1960,-18.4123,13.7057
5046,168.200,1936,1083,2642,1960,-18.2782,13.7150
5047,168.233,1936,1083,2642,1960,-18.0370,13.7512
5048,168.267,1936,1083,2642,1961,-17.5211,13.8198
5049,168.300,1936,1083,2642,1961,-17.1273,13.7634
5050,168.333,1936,1083,2642,1961,-17.2383,13.5652
5051,168.367,1936,1083,2642,1960,-17.5977,12.8013
5052,168.400,1936,1083,2642,1961,-16.8927,14.7143
5053,168.433,1937,1082,2640,1961,-11.6474,9.3440
5054,168.467,1936,1083,2640,1962,-10.3568,10.4609
5055,168.500,1936,1084,2640,1962,-11.1180,7.7886
5056,168.533,1936,1084,2640,1962,-11.7956,8.1038
5057,168.567,1936,1084,2640,1962,-11.9870,9.4912
5058,168.600,1936,1084,2640,1962,-11.8161,9.1722
5059,168.633,1937,1084,2640,1962,-9.7898,8.5544
5060,168.667,1937,1084,2640,1962,-10.1945,8.7895
5061,168.700,1937,1084,2640,1962,-10.2509,9.3610
5062,168.733,1937,1084,2640,1962,-10.0361,9.0375
5063,168.767,1937,1083,2640,1962,-10.2979,8.4490
5064,168.800,1937,1083,2640,1962,-10.4856,8.6232
5065,168.833,1937,1083,2640,1962,-10.2414,8.9804
5066,168.867,1937,1083,2640,1962,-10.1378,8.8696
5067,168.900,1937,1083,2640,1962,-9.9225,8.7762
5068,168.933,1937,1083,2640,1962,-10.9633,9.5766
5069,168.967,1937,1083,2640,1962,-11.0425,9.6765
5070,169.000,1937,1083,2642,1961,-10.6152,10.4476
5071,169.033,1937,1083,2642,1961,-10.3676,10.2467
5072,169.067,1937,1083,2642,1961,-10.1935,10.3965
5073,169.100,1937,1083,2642,1961,-10.0134,10.4180
5074,169.133,1937,1084,2642,1961,-9.2729,10.1622
5075,169.167,1937,1084,2642,1962,-9.7762,8.2535
5076,169.200,1937,1084,2642,1962,-9.9970,8.1140
5077,169.233,1937,1083,2642,1961,-10.7428,10.4120
5078,169.267,1937,1083,2642,1961,-10.6702,10.0923
5079,169.300,1934,1087,2642,1960,-7.1392,9.1390
5080,169.333,1934,1087,2642,1960,-7.2523,9.2970
5081,169.367,1934,1087,2642,1960,-7.2080,9.2740
5082,169.400,1934,1087,2641,1960,-7.9653,8.1163
5083,169.433,1934,1088,2642,1960,-6.8810,9.8154
5084,169.467,1934,1087,2642,1960,-7.2986,9.1681
5085,169.500,1934,1087,2642,1960,-7.3622,9.0003
5086,169.533,1934,1087,2641,1960,-8.1636,9.2618
5087,169.567,1934,1087,2641,1960,-7.9227,9.1372
5088,169.600,1935,1087,2641,1960,-7.6525,8.0018
5089,169.633,1935,1087,2641,1960,-7.5366,8.2503
5090,169.667,1935,1087,2641,1959,-8.2657,8.6613
5091,169.700,1935,1087,2641,1959,-8.3265,8.4127
5092,169.733,1935,1087,2641,1959,-8.7833,8.5231
5093,169.767,1935,1087,2641,1959,-8.9264,8.6396
5094,169.800,1935,1087,2641,1959,-9.0837,8.7925
5095,169.833,1935,1086,2641,1959,-9.3976,8.8972
5096,169.867,1936,1086,2641,1959,-10.3678,10.3193
5097,169.900,1936,1086,2641,1959,-10.7061,10.3820
5098,169.933,1935,1087,2641,1959,-9.3457,8.7008
5099,169.967,1936,1087,2642,1959,-8.1725,8.9781
5100,170.000,1935,1087,2641,1959,-9.8302,9.3941
5101,170.033,1935,1086,2641,1960,-9.3571,10.6213
5102,170.067,1935,1087,2641,1960,-8.6475,9.1133
5103,170.100,1935,1086,2640,1960,-10.7772,8.9275
5104,170.133,1935,1085,2640,1960,-9.4797,8.9285
5105,170.167,1935,1085,2640,1960,-9.4698,8.7428
5106,170.200,1935,1085,2640,1960,-9.4180,8.5571
5107,170.233,1935,1086,2641,1960,-9.7112,9.4826
5108,170.267,1935,1085,2641,1960,-8.9613,8.6095
5109,170.300,1935,1085,2641,1961,-9.9446,7.7224
5110,170.333,1935,1085,2641,1960,-9.4504,7.4744
5111,170.367,1935,1084,2641,1960,-9.2758,7.4866
5112,170.400,1935,1084,2641,1960,-9.4658,7.6586
5113,170.433,1935,1084,2641,1959,-8.7504,7.7265
5114,170.467,1935,1084,2641,1960,-9.6393,7.4465
5115,170.500,1935,1084,2641,1960,-9.9015,7.6277
5116,170.533,1935,1084,2641,1959,-8.7816,8.2412
5117,170.567,1935,1084,2641,1959,-8.8120,8.0879
5118,170.600,1935,1084,2641,1959,-8.9839,8.1239
5119,170.633,1935,1084,2641,1959,-9.4280,7.5580
5120,170.667,1935,1085,2641,1959,-9.5078,8.1441
5121,170.700,1935,1085,2641,1959,-10.1072,8.9048
5122,170.733,1935,1085,2641,1959,-9.5384,9.6669
5123,170.767,1935,1084,2641,1959,-9.6165,8.7882
5124,170.800,1935,1084,2641,1959,-9.6377,9.1320
5125,170.833,1935,1085,2641,1959,-9.0591,10.4846
5126,170.867,1935,1085,2641,1959,-9.0108,10.3546
5127,170.900,1935,1085,2641,1959,-9.0936,9.8731
5128,170.933,1935,1085,2641,1959,-8.3702,9.3434
5129,170.967,1934,1086,2641,1959,-10.3013,9.1902
5130,171.000,1935,1086,2641,1959,-9.2142,8.2066
5131,171.033,1935,1086,2641,1959,-9.3605,8.0558
5132,171.067,1935,1086,2642,1959,-9.7168,9.2908
5133,171.100,1935,1086,2642,1959,-9.8878,9.1707
5134,171.133,1935,1086,2642,1959,-9.2948,8.9090
5135,171.167,1935,1086,2642,1959,-10.0166,8.8405
5136,171.200,1935,1086,2642,1959,-9.7892,9.0351
5137,171.233,1935,1086,2642,1959,-9.7060,9.0654
5138,171.267,1935,1086,2642,1959,-9.9404,9.1022
5139,171.300,1935,1086,2642,1960,-10.8507,8.5572
5140,171.333,1935,1086,2642,1960,-10.8929,8.4444
5141,171.367,1935,1086,2642,1960,-11.1095,8.2139
5142,171.400,1935,1086,2642,1960,-10.7847,7.9754
5143,171.433,1935,1086,2642,1960,-10.7749,8.0773
5144,171.467,1935,1086,2642,1960,-10.9409,8.6677
5145,171.500,1935,1086,2642,1960,-10.8972,8.5744
5146,171.533,1935,1085,2642,1960,-11.1513,8.7682
5147,171.567,1935,1085,2642,1960,-11.1595,8.5567
5148,171.600,1935,1085,2642,1960,-11.3384,8.4980
5149,171.633,1935,1085,2642,1960,-11.3070,8.4895
5150,171.667,1935,1085,2642,1960,-11.4873,8.5499
5151,171.700,1935,1085,2642,1960,-11.2415,8.5049
5152,171.733,1935,1085,2641,1960,-9.9856,8.7541
5153,171.767,1935,1086,2642,1961,-10.5117,8.9076
5154,171.800,1935,1086,2641,1961,-10.8198,7.5902
5155,171.833,1935,1086,2642,1960,-10.7235,7.1869
5156,171.867,1935,1086,2642,1960,-10.3068,7.2222
5157,171.900,1935,1086,2642,1960,-10.2259,7.6299
5158,171.933,1935,1086,2642,1960,-10.7167,7.7083
5159,171.967,1935,1086,2642,1960,-10.9848,7.4189
5160,172.000,1935,1085,2642,1960,-11.2247,10.3083
5161,172.033,1934,1085,2642,1959,-12.2988,8.5470
5162,172.067,1934,1085,2642,1959,-12.1226,8.7571
5163,172.100,1934,1085,2642,1959,-11.8623,9.1216
5164,172.133,1935,1085,2642,1959,-11.7990,8.7111
5165,172.167,1934,1086,2642,1959,-11.1656,8.6395
5166,172.200,1934,1086,2642,1959,-10.7373,9.2035
5167,172.233,1934,1087,2642,1959,-8.7000,7.9307
5168,172.267,1934,1087,2642,1959,-8.9987,8.0351
5169,172.300,1934,1087,2642,1959,-8.7752,8.0998
5170,172.333,1934,1086,2642,1959,-10.5346,8.2625
5171,172.367,1934,1086,2642,1958,-9.5985,8.0161
5172,172.400,1934,1086,2642,1958,-9.8105,8.1503
5173,172.433,1934,1086,2642,1958,-10.0604,7.6533
5174,172.467,1934,1086,2642,1958,-9.9079,7.7099
5175,172.500,1934,1086,2642,1958,-9.7337,7.4931
5176,172.533,1934,1086,2642,1958,-10.1823,7.1161
5177,172.567,1934,1085,2642,1958,-11.0229,8.5359
5178,172.600,1934,1086,2642,1958,-10.2596,7.4038
5179,172.633,1934,1086,2642,1958,-9.9333,7.5033
5180,172.667,1934,1086,2642,1958,-9.9849,7.5141
5181,172.700,1934,1086,2642,1959,-11.1914,7.2523
5182,172.733,1934,1086,2642,1959,-11.3164,7.4706
5183,172.767,1934,1086,2642,1959,-11.5512,7.3261
5184,172.800,1934,1085,2642,1959,-12.0073,8.6866
5185,172.833,1934,1084,2641,1960,-11.6915,9.7363
5186,172.867,1934,1084,2641,1960,-11.7441,9.5824
5187,172.900,1935,1084,2641,1960,-11.7154,8.4133
5188,172.933,1935,1083,2641,1960,-10.9823,9.2701
5189,172.967,1935,1082,2641,1961,-10.1696,7.6752
5190,173.000,1935,1083,2642,1960,-10.4983,8.6585
5191,173.033,1935,1083,2642,1960,-11.3569,8.5466
5192,173.067,1935,1083,2641,1960,-12.3983,9.5297
5193,173.100,1935,1083,2641,1960,-12.5203,9.7186
5194,173.133,1935,1084,2641,1960,-11.6288,8.8781
5195,173.167,1935,1083,2641,1960,-12.5364,10.3658
5196,173.200,1935,1084,2641,1960,-11.3013,8.3831
5197,173.233,1935,1084,2641,1960,-11.3090,8.7890
5198,173.267,1935,1084,2641,1960,-10.9744,8.4737
5199,173.300,1935,1084,2641,1960,-11.0968,9.2198
5200,173.333,1935,1084,2641,1960,-10.6957,8.7879
5201,173.367,1936,1084,2641,1960,-11.4781,9.9219
5202,173.400,1936,1084,2641,1960,-11.0775,9.4470
5203,173.433,1936,1083,2641,1960,-12.1754,8.2389
5204,173.467,1936,1083,2641,1960,-11.4731,8.5362
5205,173.500,1936,1083,2641,1960,-11.2009,7.7232
5206,173.533,1936,1083,2641,1960,-10.7974,8.5901
5207,173.567,1936,1083,2641,1960,-10.7794,8.8072
5208,173.600,1936,1083,2641,1959,-12.0576,10.1803
5209,173.633,1936,1083,2641,1960,-10.8638,8.2627
5210,173.667,1935,1083,2641,1959,-11.7154,9.2723
5211,173.700,1936,1083,2641,1959,-11.9965,9.5491
5212,173.733,1935,1083,2641,1960,-12.3574,10.1668
5213,173.767,1935,1083,2641,1960,-12.5689,10.3613
5214,173.800,1935,1083,2641,1960,-12.6745,10.1216
5215,173.833,1935,1083,2640,1960,-11.0536,8.9993
5216,173.867,1935,1084,2641,1960,-10.8029,8.4115
5217,173.900,1935,1084,2641,1960,-11.0769,8.2330
5218,173.933,1936,1083,2641,1960,-11.8075,9.3350
5219,173.967,1936,1083,2642,1960,-13.4577,9.4424
5220,174.000,1936,1084,2642,1960,-10.1960,8.4282
5221,174.033,1937,1084,2642,1960,-11.1934,9.6567
5222,174.067,1937,1084,2642,1960,-11.4051,9.1435
5223,174.100,1937,1084,2642,1960,-11.3817,9.0410
5224,174.133,1937,1084,2642,1960,-11.5280,9.3041
5225,174.167,1937,1083,2642,1960,-9.6339,9.5692
5226,174.200,1937,1084,2642,1960,-10.9975,9.4123
5227,174.233,1937,1084,2642,1960,-11.1827,9.0107
5228,174.267,1937,1084,2642,1960,-10.9558,8.9121
5229,174.300,1937,1084,2642,1960,-10.7677,9.7898
5230,174.333,1937,1084,2642,1960,-10.6619,10.0818
5231,174.367,1937,1083,2642,1960,-9.1581,8.5890
5232,174.400,1937,1083,2642,1960,-8.9244,8.8754
5233,174.433,1937,1083,2642,1960,-9.2022,8.8853
5234,174.467,1937,1083,2642,1960,-9.4433,9.1202
5235,174.500,1937,1083,2642,1960,-9.2267,9.0583
5236,174.533,1937,1083,2642,1960,-9.7833,8.8344
5237,174.567,1937,1083,2642,1960,-10.0962,9.1948
5238,174.600,1937,1083,2642,1960,-9.8111,9.0221
5239,174.633,1937,1083,2642,1960,-9.9046,8.5982
5240,174.667,1937,1084,2642,1960,-10.9823,10.2489
5241,174.700,1937,1084,2642,1960,-11.2243,10.5718
5242,174.733,1937,1085,2642,1960,-10.6630,8.5174
5243,174.767,1937,1084,2643,1960,-10.6316,7.4671
5244,174.800,1937,1084,2642,1960,-10.8152,10.6195
5245,174.833,1937,1083,2642,1960,-10.6098,9.5642
5246,174.867,1937,1083,2642,1960,-10.8210,10.0104
5247,174.900,1937,1084,2642,1960,-10.0580,10.4105
5248,174.933,1937,1084,2642,1960,-9.9028,10.3055
5249,174.967,1937,1084,2642,1960,-9.8018,9.8859
5250,175.000,1937,1084,2642,1960,-9.9380,9.8897
5251,175.033,1937,1084,2642,1960,-9.8301,9.8583
5252,175.067,1936,1084,2642,1960,-10.0003,8.0850
5253,175.100,1936,1084,2642,1960,-9.7388,7.9304
5254,175.133,1936,1084,2642,1960,-9.6716,7.7977
5255,175.167,1937,1084,2643,1960,-8.9727,8.0148
5256,175.200,1937,1084,2643,1959,-9.0463,9.3462
5257,175.233,1937,1084,2643,1959,-8.7763,9.3360
5258,175.267,1937,1084,2643,1959,-8.8201,9.3303
5259,175.300,1937,1083,2643,1959,-10.8321,9.2759
5260,175.333,1936,1084,2643,1959,-11.1519,9.9198
5261,175.367,1936,1084,2643,1959,-10.9244,9.6541
5262,175.400,1936,1083,2643,1959,-10.7052,8.9496
5263,175.433,1937,1083,2643,1958,-10.9532,10.3700
5264,175.467,1937,1083,2643,1959,-10.9538,10.4872
5265,175.500,1937,1083,2643,1959,-11.1855,10.1737
5266,175.533,1936,1083,2643,1958,-10.2419,10.1489
5267,175.567,1936,1083,2643,1958,-10.3050,10.1280
5268,175.600,1936,1083,2643,1958,-9.8031,10.2238
5269,175.633,1936,1083,2643,1958,-10.1004,9.5655
5270,175.667,1936,1083,2643,1958,-9.8956,9.5067
5271,175.700,1936,1083,2643,1958,-9.7759,9.8893
5272,175.733,1936,1083,2643,1958,-10.1772,9.5869
5273,175.767,1936,1083,2643,1958,-10.1796,9.6661
5274,175.800,1936,1083,2643,1958,-9.8053,9.9171
5275,175.833,1936,1083,2642,1959,-9.1652,9.9598
5276,175.867,1936,1083,2642,1959,-9.2543,10.1253
5277,175.900,1935,1090,2644,1959,-9.0120,6.3626
5278,175.933,1935,1091,2644,1959,-10.0625,7.4143
5279,175.967,1935,1091,2644,1959,-9.9919,7.9476
5280,176.000,1936,1090,2644,1959,-9.6870,5.7628
5281,176.033,1936,1090,2644,1959,-9.4216,5.8242
5282,176.067,1935,1090,2644,1959,-9.7025,5.6963
5283,176.100,1935,1090,2644,1959,-10.1408,5.6534
5284,176.133,1935,1090,2644,1959,-9.6243,5.7807
5285,176.167,1935,1090,2644,1959,-9.7404,6.1197
5286,176.200,1935,1091,2644,1959,-10.5057,7.0573
5287,176.233,1935,1091,2644,1959,-10.6946,7.1290
5288,176.267,1936,1090,2644,1959,-10.6985,6.7048
5289,176.300,1936,1090,2643,1959,-9.8346,7.7955
5290,176.333,1936,1090,2643,1960,-9.4814,6.9511
5291,176.367,1936,1090,2643,1960,-9.2206,6.8342
5292,176.400,1935,1090,2643,1959,-10.5192,6.9651
5293,176.433,1935,1091,2643,1959,-9.6723,8.7886
5294,176.467,1935,1090,2643,1959,-10.4752,6.8817
5295,176.500,1936,1090,2643,1959,-10.8007,7.9992
5296,176.533,1936,1090,2643,1959,-10.5161,7.6209
5297,176.567,1936,1090,2643,1959,-10.8189,8.0138
5298,176.600,1936,1089,2643,1959,-6.7973,7.0874
5299,176.633,1935,1089,2643,1959,-6.9978,7.7821
5300,176.667,1936,1089,2642,1960,-7.6762,7.2692
5301,176.700,1935,1088,2642,1960,-5.3787,6.9710
5302,176.733,1936,1088,2642,1961,-6.9905,6.2035
5303,176.767,1936,1088,2642,1960,-7.5236,5.9955
5304,176.800,1936,1088,2642,1961,-7.5274,5.8549
5305,176.833,1936,1088,2642,1961,-7.3183,5.8904
5306,176.867,1936,1088,2642,1961,-7.3657,5.7881
5307,176.900,1936,1088,2642,1961,-7.4993,5.8289
5308,176.933,1936,1088,2642,1961,-7.6337,5.7883
5309,176.967,1936,1088,2642,1961,-7.1613,5.8007
5310,177.000,1936,1088,2643,1961,-9.0345,5.5009
5311,177.033,1936,1088,2643,1961,-9.4510,5.4001
5312,177.067,1936,1088,2643,1961,-9.3704,5.4818
5313,177.100,1936,1088,2643,1961,-9.3446,5.9565
5314,177.133,1936,1088,2643,1961,-9.2512,5.8610
5315,177.167,1936,1088,2643,1961,-9.9641,6.4449
5316,177.200,1936,1088,2643,1961,-9.6750,6.4580
5317,177.233,1936,1088,2643,1961,-10.0997,6.2094
5318,177.267,1936,1088,2643,1961,-9.5837,6.3912
5319,177.300,1936,1088,2643,1961,-8.3449,6.6613
5320,177.333,1936,1088,2643,1961,-8.5232,7.1935
5321,177.367,1935,1087,2644,1962,-6.2628,7.8580
5322,177.400,1935,1087,2644,1961,-6.9983,7.7211
5323,177.433,1936,1086,2643,1961,-5.8990,9.5338
5324,177.467,1936,1086,2643,1961,-5.9343,9.7438
5325,177.500,1936,1086,2643,1961,-6.6042,9.3673
5326,177.533,1936,1086,2643,1961,-7.2729,9.2267
5327,177.567,1936,1086,2643,1961,-7.5930,8.9618
5328,177.600,1936,1086,2643,1961,-7.9512,9.2593
5329,177.633,1936,1086,2643,1960,-7.6241,8.4578
5330,177.667,1936,1086,2643,1961,-8.0809,9.0690
5331,177.700,1936,1086,2643,1960,-8.8443,8.2988
5332,177.733,1936,1086,2643,1960,-8.7946,8.2829
5333,177.767,1937,1085,2643,1960,-9.2657,7.8994
5334,177.800,1935,1085,2642,1959,-9.8646,7.0944
5335,177.833,1935,1087,2640,1960,-8.7959,8.9139
5336,177.867,1936,1089,2641,1961,-9.3404,8.7088
5337,177.900,1936,1087,2641,1963,-10.4436,7.3883
5338,177.933,1937,1085,2639,1963,-7.8026,7.6996
5339,177.967,1936,1085,2639,1963,-8.2540,6.7894
5340,178.000,1937,1085,2639,1964,-8.8367,9.0534
5341,178.033,1936,1084,2638,1964,-10.0004,9.1889
5342,178.067,1936,1084,2639,1964,-10.0916,10.3940
5343,178.100,1936,1085,2639,1964,-10.4460,9.8213
5344,178.133,1935,1084,2639,1964,-9.5219,11.3622
5345,178.167,1936,1084,2639,1964,-9.2416,12.4159
5346,178.200,1936,1084,2639,1964,-10.1281,11.9330
5347,178.233,1936,1084,2639,1964,-10.2942,11.5495
5348,178.267,1936,1083,2640,1965,-10.1272,8.7365
5349,178.300,1935,1083,2640,1965,-10.0994,9.1949
5350,178.333,1935,1084,2640,1965,-13.9684,11.0545
5351,178.367,1936,1083,2640,1965,-14.3427,10.3060
5352,178.400,1935,1083,2640,1964,-14.7231,10.6469
5353,178.433,1935,1083,2640,1964,-14.9947,11.0681
5354,178.467,1935,1083,2640,1964,-15.5305,11.1001
5355,178.500,1935,1084,2640,1965,-15.4599,10.9776
5356,178.533,1935,1084,2640,1965,-14.9715,10.8156
5357,178.567,1934,1084,2640,1965,-15.0641,12.1485
5358,178.600,1934,1085,2640,1965,-14.8553,11.7480
5359,178.633,1934,1085,2640,1965,-15.3862,11.0256
5360,178.667,1934,1085,2640,1964,-15.3937,9.9415
5361,178.700,1936,1085,2638,1966,-13.9016,8.5977
5362,178.733,1939,1082,2637,1964,-6.7480,9.7274
5363,178.767,1939,1083,2637,1964,-5.4128,7.9033
5364,178.800,1939,1084,2636,1964,-6.7025,8.8417
5365,178.833,1939,1086,2636,1965,-8.8155,10.6437
5366,178.867,1939,1085,2636,1966,-9.5983,12.5213
5367,178.900,1936,1087,2637,1966,-8.2112,17.4117
5368,178.933,1935,1087,2638,1964,-9.2196,18.1201
5369,178.967,1935,1085,2638,1965,-10.5469,16.9163
5370,179.000,1936,1083,2638,1964,-9.9969,20.7106
5371,179.033,1936,1083,2639,1965,-10.1716,18.7686
5372,179.067,1935,1083,2639,1965,-9.7148,17.5153
5373,179.100,1936,1083,2639,1965,-10.7448,16.4216
5374,179.133,1935,1083,2639,1965,-9.9943,16.4694
5375,179.167,1935,1083,2640,1965,-8.6722,16.8866
5376,179.200,1935,1083,2639,1965,-9.3633,16.3119
5377,179.233,1936,1083,2639,1964,-9.5081,16.4500
5378,179.267,1936,1083,2639,1964,-8.9541,16.5592
5379,179.300,1936,1083,2639,1965,-9.1750,17.6466
5380,179.333,1936,1084,2639,1965,-7.5771,16.7325
5381,179.367,1936,1084,2637,1965,-6.2811,17.1329
5382,179.400,1941,1083,2635,1965,-6.3219,10.7161
5383,179.433,1941,1083,2635,1966,-7.1641,6.7887
5384,179.467,1939,1083,2636,1967,-1.9759,9.6976
5385,179.500,1939,1081,2636,1967,0.4627,10.9492
5386,179.533,1939,1082,2633,1967,-3.8455,5.1412
5387,179.567,1938,1086,2636,1970,4.9506,13.4747
5388,179.600,1937,1087,2637,1970,2.5624,13.7213
5389,179.633,1937,1087,2637,1970,4.1680,13.4646
5390,179.667,1937,1086,2637,1969,2.8875,13.9778
5391,179.700,1937,1086,2637,1969,1.6458,14.8311
5392,179.733,1936,1085,2636,1969,2.0267,14.1216
5393,179.767,1936,1086,2637,1969,1.7863,17.2710
5394,179.800,1935,1086,2637,1968,-0.3171,13.1407
5395,179.833,1935,1086,2637,1967,-0.8145,17.3301
5396,179.867,1936,1086,2637,1967,0.5930,16.6587
5397,179.900,1935,1085,2637,1967,0.2266,13.5228
5398,179.933,1935,1085,2636,1967,0.8098,10.7606
5399,179.967,1935,1085,2636,1966,-0.3686,11.5318
5400,180.000,1936,1084,2636,1965,0.0965,13.4503
5401,180.033,1936,1083,2636,1965,-0.2961,14.8550
5402,180.067,1936,1084,2636,1966,-0.5740,13.7037
5403,180.100,1936,1084,2636,1965,-1.5972,13.6890
5404,180.133,1936,1084,2636,1965,-1.0177,12.4258
5405,180.167,1936,1085,2636,1965,-0.2242,11.1770
5406,180.200,1936,1085,2636,1966,-0.6285,10.1713
5407,180.233,1936,1085,2636,1966,-0.7504,10.0250
5408,180.267,1936,1085,2636,1966,-0.5912,10.1701
5409,180.300,1936,1085,2636,1966,-0.3349,9.5911
5410,180.333,1936,1085,2636,1966,-0.5387,9.7306
5411,180.367,1936,1085,2637,1966,-0.4651,11.1120
5412,180.400,1936,1085,2636,1966,-0.5373,9.7110
5413,180.433,1937,1084,2636,1966,-1.5017,11.6770
5414,180.467,1937,1084,2636,1966,2.1892,11.7848
5415,180.500,1937,1084,2636,1966,2.5609,10.3427
5416,180.533,1938,1084,2636,1966,3.0771,9.3814
5417,180.567,1938,1084,2637,1965,1.9290,7.8278
5418,180.600,1937,1084,2637,1966,1.0139,7.8127
5419,180.633,1937,1084,2637,1965,1.4198,6.8324
5420,180.667,1937,1084,2637,1966,0.8793,6.9665
5421,180.700,1937,1084,2637,1966,0.7381,7.0952
5422,180.733,1937,1084,2637,1966,0.2279,7.4528
5423,180.767,1937,1084,2637,1966,-0.0584,6.8349
5424,180.800,1937,1084,2637,1966,-0.2096,7.5948
5425,180.833,1937,1084,2637,1967,1.2507,6.1374
5426,180.867,1937,1084,2637,1967,1.2781,5.3992
5427,180.900,1937,1084,2637,1967,1.3982,5.4839
5428,180.933,1937,1084,2637,1967,1.0856,5.0902
5429,180.967,1937,1083,2637,1967,2.0457,5.3207
5430,181.000,1937,1084,2638,1968,0.7882,8.3304
5431,181.033,1938,1084,2638,1967,2.8741,7.3074
5432,181.067,1938,1084,2638,1967,2.7542,6.9693
5433,181.100,1938,1084,2638,1967,2.5724,6.6408
5434,181.133,1938,1084,2638,1967,1.9992,7.1492
5435,181.167,1937,1083,2638,1967,2.3726,7.3780
5436,181.200,1937,1083,2638,1967,2.0872,7.2908
5437,181.233,1937,1083,2638,1967,1.8678,7.1561
5438,181.267,1937,1083,2638,1967,1.8510,6.4227
5439,181.300,1937,1082,2638,1967,2.3450,7.2020
5440,181.333,1936,1083,2638,1967,1.0882,7.4182
5441,181.367,1937,1082,2638,1967,2.7212,6.7435
5442,181.400,1937,1082,2638,1967,3.2072,7.2849
5443,181.433,1937,1082,2638,1967,4.1158,7.7674
5444,181.467,1937,1083,2638,1967,1.5497,8.4286
5445,181.500,1937,1083,2638,1967,1.9115,8.5665
5446,181.533,1937,1083,2638,1967,1.5907,8.3068
5447,181.567,1937,1082,2638,1967,1.6655,8.0465
5448,181.600,1937,1083,2638,1967,-0.1804,8.3058
5449,181.633,1937,1083,2638,1967,-1.0713,8.2252
5450,181.667,1937,1083,2638,1967,-0.8737,9.0218
5451,181.700,1937,1083,2639,1968,-1.2349,8.2885
5452,181.733,1937,1083,2639,1968,-1.9239,8.3685
5453,181.767,1936,1083,2638,1968,-2.5381,8.9308
5454,181.800,1936,1083,2639,1968,-3.1465,8.6208
5455,181.833,1936,1083,2639,1968,-2.3687,7.6877
5456,181.867,1936,1083,2639,1968,-2.2067,7.6983
5457,181.900,1936,1083,2639,1968,-1.9418,7.6774
5458,181.933,1936,1082,2639,1968,-2.1831,9.7477
5459,181.967,1936,1083,2638,1968,-3.2947,9.2667
5460,182.000,1936,1082,2638,1968,-1.9639,9.6286
5461,182.033,1936,1082,2638,1968,-2.3297,8.7761
5462,182.067,1936,1082,2638,1968,-2.3400,8.4492
5463,182.100,1936,1082,2638,1968,-2.2517,8.2634
5464,182.133,1936,1082,2637,1968,-3.0651,9.1171
5465,182.167,1936,1082,2637,1967,-1.6367,9.5709
5466,182.200,1936,1081,2637,1967,-4.7137,8.7974
5467,182.233,1936,1081,2637,1967,-5.7816,8.8110
5468,182.267,1936,1081,2637,1967,-6.1976,7.8073
5469,182.300,1936,1082,2637,1967,-5.8482,7.1997
5470,182.333,1936,1081,2637,1967,-6.5098,7.9884
5471,182.367,1936,1081,2637,1967,-6.4285,8.0099
5472,182.400,1936,1082,2637,1967,-6.3665,6.5753
5473,182.433,1936,1082,2637,1967,-6.3007,6.7552
5474,182.467,1936,1083,2637,1967,-9.4267,14.1508
5475,182.500,1936,1083,2637,1967,-13.4232,13.3125
5476,182.533,1936,1083,2638,1966,-13.5041,11.4016
5477,182.567,1936,1082,2638,1966,-12.2973,12.0423
5478,182.600,1936,1082,2638,1965,-11.6291,13.0260
5479,182.633,1936,1082,2638,1965,-12.2506,13.1884
5480,182.667,1935,1082,2638,1965,-12.2876,13.5311
5481,182.700,1936,1084,2639,1966,-15.0907,14.1219
5482,182.733,1936,1083,2639,1965,-15.0073,13.5987
5483,182.767,1935,1084,2639,1965,-15.6492,13.4601
5484,182.800,1938,1085,2639,1963,-14.4638,11.3160
5485,182.833,1937,1085,2639,1964,-14.2481,11.3839
5486,182.867,1937,1085,2639,1964,-14.3331,11.6581
5487,182.900,1937,1085,2639,1963,-14.6262,9.6714
5488,182.933,1937,1085,2639,1963,-14.2080,10.9034
5489,182.967,1937,1085,2639,1963,-14.2804,11.1627
5490,183.000,1937,1083,2639,1964,-16.8357,14.8108
5491,183.033,1937,1083,2639,1964,-16.5663,14.7856
5492,183.067,1937,1083,2639,1964,-16.2119,14.8310
5493,183.100,1937,1083,2639,1964,-16.5420,14.9943
5494,183.133,1937,1082,2639,1964,-17.0430,14.2431
5495,183.167,1936,1082,2639,1964,-17.5011,13.0917
5496,183.200,1936,1082,2638,1964,-17.7731,12.9533
5497,183.233,1936,1082,2638,1964,-17.7525,12.4303
5498,183.267,1937,1081,2639,1965,-16.0450,13.5820
5499,183.300,1936,1082,2639,1966,-16.2595,12.6990
5500,183.333,1936,1082,2639,1966,-16.3993,12.9508
5501,183.367,1936,1083,2638,1965,-16.0021,11.4264
5502,183.400,1936,1083,2638,1965,-15.8757,12.1127
5503,183.433,1935,1083,2638,1965,-15.8701,12.0589
5504,183.467,1935,1083,2638,1964,-16.5903,11.2374
5505,183.500,1935,1083,2637,1965,-16.3473,10.7811
5506,183.533,1936,1083,2637,1965,-16.2629,10.7490
5507,183.567,1935,1083,2637,1966,-15.8693,10.6454
5508,183.600,1935,1084,2637,1966,-14.9553,10.4066
5509,183.633,1938,1083,2633,1965,-10.6964,5.9529
5510,183.667,1939,1082,2633,1963,-8.9781,7.5173
5511,183.700,1939,1083,2633,1964,-10.1824,7.1209
5512,183.733,1938,1084,2634,1966,-10.3457,9.8790
5513,183.767,1936,1085,2636,1967,-14.2097,10.8466
5514,183.800,1936,1087,2635,1968,-12.8978,12.0240
5515,183.833,1936,1086,2636,1967,-12.8845,9.9285
5516,183.867,1935,1086,2637,1966,-14.2271,10.4193
5517,183.900,1935,1086,2637,1965,-13.4751,9.9901
5518,183.933,1935,1087,2638,1965,-13.2819,8.7067
5519,183.967,1935,1086,2638,1965,-14.2543,9.1652
5520,184.000,1936,1085,2638,1965,-13.0221,11.0822
5521,184.033,1936,1085,2638,1965,-13.0245,10.5025
5522,184.067,1936,1085,2638,1965,-12.6365,10.4062
5523,184.100,1936,1085,2638,1965,-12.8047,10.4375
5524,184.133,1936,1085,2638,1964,-13.0044,10.1920
5525,184.167,1936,1084,2638,1965,-15.0688,10.2832
5526,184.200,1936,1084,2638,1965,-15.1706,10.5375
5527,184.233,1936,1085,2638,1965,-13.9664,10.0831
5528,184.267,1936,1085,2638,1965,-14.8238,9.3299
5529,184.300,1935,1084,2638,1965,-15.8615,9.2438
5530,184.333,1935,1084,2638,1965,-15.8908,9.2753
5531,184.367,1935,1084,2638,1965,-16.1843,9.1479
5532,184.400,1935,1084,2638,1965,-15.8642,9.4014
5533,184.433,1935,1084,2638,1965,-16.0035,9.0028
5534,184.467,1935,1084,2638,1964,-15.8430,8.3497
5535,184.500,1935,1084,2638,1965,-16.0683,8.8286
5536,184.533,1935,1084,2638,1965,-16.0821,8.8286
5537,184.567,1934,1084,2638,1965,-14.8418,9.1822
5538,184.600,1934,1083,2638,1965,-14.9278,10.9357
5539,184.633,1934,1084,2638,1965,-14.5616,9.1247
5540,184.667,1935,1083,2638,1965,-15.8806,10.5706
5541,184.700,1935,1082,2638,1965,-16.3414,10.5815
5542,184.733,1934,1083,2638,1965,-15.1313,9.6335
5543,184.767,1934,1083,2638,1965,-15.0359,10.1036
5544,184.800,1934,1082,2638,1965,-15.8581,10.4878
5545,184.833,1935,1083,2638,1965,-14.2234,10.3455
5546,184.867,1934,1083,2637,1965,-13.2791,10.9138
5547,184.900,1935,1083,2637,1965,-12.5892,10.0875
5548,184.933,1935,1083,2638,1964,-12.8633,8.9728
5549,184.967,1935,1083,2637,1965,-11.8515,8.6252
5550,185.000,1934,1082,2637,1966,-13.5759,10.6230
5551,185.033,1934,1082,2637,1966,-13.4823,11.0297
5552,185.067,1934,1083,2637,1966,-13.5377,9.8306
5553,185.100,1934,1082,2637,1967,-12.2028,10.5412
5554,185.133,1934,1083,2637,1968,-13.4045,9.1483
5555,185.167,1933,1084,2637,1968,-11.8317,12.3086
5556,185.200,1933,1083,2637,1968,-12.2015,10.9479
5557,185.233,1933,1083,2637,1969,-11.3467,11.2048
5558,185.267,1933,1083,2637,1970,-11.0945,13.2760
5559,185.300,1932,1084,2637,1970,-10.8085,10.0855
5560,185.333,1933,1081,2637,1970,-11.0138,13.0487
5561,185.367,1932,1082,2637,1970,-12.8409,12.3241
5562,185.400,1931,1082,2637,1969,-10.7998,12.9861
5563,185.433,1931,1081,2637,1969,-11.8591,11.7946
5564,185.467,1931,1081,2637,1969,-12.2347,11.9054
5565,185.500,1931,1081,2636,1969,-12.1946,13.0876
5566,185.533,1931,1080,2636,1970,-11.9463,11.8797
5567,185.567,1931,1080,2637,1971,-11.0705,12.5629
5568,185.600,1931,1080,2637,1970,-11.4032,12.7313
5569,185.633,1931,1081,2637,1971,-12.4514,11.6328
5570,185.667,1931,1081,2637,1972,-12.4086,12.3271
5571,185.700,1931,1081,2637,1973,-13.2722,12.6441
5572,185.733,1932,1079,2637,1973,-13.0834,13.3607
5573,185.767,1932,1080,2637,1973,-12.5006,12.3981
5574,185.800,1932,1080,2638,1972,-13.8265,12.4430
5575,185.833,1932,1081,2638,1972,-11.8125,12.0603
5576,185.867,1932,1081,2638,1972,-11.6703,13.0793
5577,185.900,1932,1082,2637,1972,-12.2408,12.8034
5578,185.933,1933,1081,2637,1972,-12.4764,12.6948
5579,185.967,1933,1082,2637,1972,-12.7589,12.2270
5580,186.000,1934,1082,2637,1975,-13.1772,11.2773
5581,186.033,1933,1084,2636,1975,-11.2377,11.6506
5582,186.067,1933,1083,2636,1974,-12.3836,11.4937
5583,186.100,1933,1083,2636,1975,-13.1107,11.3055
5584,186.133,1934,1083,2636,1975,-14.4791,10.8292
5585,186.167,1934,1083,2636,1976,-12.5033,9.8175
5586,186.200,1934,1082,2636,1977,-10.9335,12.4465
5587,186.233,1934,1082,2636,1976,-10.5126,10.9041
5588,186.267,1934,1081,2637,1976,-10.6382,11.7366
5589,186.300,1934,1079,2636,1976,-11.4778,10.9947
5590,186.333,1934,1079,2636,1975,-11.4250,10.0445
5591,186.367,1934,1078,2636,1975,-11.0518,10.7873
5592,186.400,1933,1078,2636,1975,-11.1043,11.1882
5593,186.433,1933,1079,2636,1975,-10.8636,12.8880
5594,186.467,1933,1079,2636,1975,-10.4122,14.8551
5595,186.500,1933,1079,2636,1975,-10.4731,14.8715
5596,186.533,1933,1079,2637,1975,-10.1255,12.6338
5597,186.567,1934,1080,2637,1974,-10.4550,15.8132
5598,186.600,1934,1080,2637,1975,-11.3201,13.5998
5599,186.633,1934,1080,2637,1975,-10.9337,13.2489
5600,186.667,1934,1080,2637,1975,-10.9714,13.3129
5601,186.700,1934,1080,2637,1975,-11.0366,13.8772
5602,186.733,1934,1079,2637,1975,-10.9402,13.8772
5603,186.767,1934,1081,2637,1975,-12.2785,14.6526
5604,186.800,1935,1079,2637,1975,-10.9790,10.5323
5605,186.833,1934,1079,2637,1976,-10.6200,14.0238
5606,186.867,1935,1079,2637,1976,-11.6339,12.9463
5607,186.900,1934,1080,2637,1976,-10.7097,15.3937
5608,186.933,1934,1080,2637,1976,-11.2606,14.2479
5609,186.967,1934,1080,2637,1976,-10.9167,16.2183
5610,187.000,1933,1080,2637,1976,-12.1514,12.3046
5611,187.033,1933,1080,2637,1976,-11.5565,12.6202
5612,187.067,1933,1080,2636,1976,-11.3987,12.0243
5613,187.100,1933,1080,2636,1976,-11.8203,12.8409
5614,187.133,1933,1080,2636,1976,-12.7670,12.9026
5615,187.167,1933,1079,2636,1977,-13.6830,10.7622
5616,187.200,1933,1079,2636,1977,-14.3224,10.4391
5617,187.233,1933,1079,2636,1977,-14.1901,10.5021
5618,187.267,1933,1079,2636,1977,-14.2657,10.5091
5619,187.300,1933,1079,2636,1976,-14.0367,10.4903
5620,187.333,1933,1080,2636,1977,-13.4019,11.6584
5621,187.367,1933,1080,2636,1976,-13.4263,11.9490
5622,187.400,1933,1080,2636,1976,-13.1183,12.5682
5623,187.433,1933,1080,2636,1976,-13.2122,12.8078
5624,187.467,1933,1080,2636,1976,-13.1097,12.8406
5625,187.500,1933,1080,2636,1976,-12.5133,12.1560
5626,187.533,1933,1080,2636,1977,-11.8466,10.2861
5627,187.567,1933,1080,2636,1976,-12.6257,12.3228
5628,187.600,1933,1080,2637,1976,-12.5937,12.4548
5629,187.633,1933,1080,2637,1976,-12.7889,12.2466
5630,187.667,1934,1081,2637,1975,-13.2876,12.6882
5631,187.700,1934,1081,2637,1976,-12.7743,12.6535
5632,187.733,1934,1081,2636,1976,-11.4810,9.3107
5633,187.767,1934,1081,2636,1976,-11.6792,8.9863
5634,187.800,1934,1081,2637,1976,-12.4082,13.4592
5635,187.833,1934,1082,2637,1976,-13.4574,11.9829
5636,187.867,1934,1082,2637,1976,-14.1361,12.1310
5637,187.900,1935,1083,2637,1976,-14.8001,12.5687
5638,187.933,1934,1084,2637,1976,-13.9248,13.2171
5639,187.967,1934,1084,2637,1976,-14.6802,13.3084
5640,188.000,1934,1085,2638,1977,-13.3479,12.3411
5641,188.033,1934,1085,2638,1977,-12.8597,12.1421
5642,188.067,1934,1085,2638,1977,-13.1894,12.7981
5643,188.100,1934,1085,2638,1976,-12.7101,12.3275
5644,188.133,1934,1085,2638,1976,-12.8777,12.6175
5645,188.167,1934,1085,2637,1975,-12.3166,13.0324
5646,188.200,1934,1086,2637,1975,-12.6356,13.5557
5647,188.233,1934,1086,2638,1975,-12.2590,12.0232
5648,188.267,1935,1087,2639,1974,-7.1508,12.4595
5649,188.300,1935,1087,2639,1975,-5.5920,11.3692
5650,188.333,1935,1087,2639,1975,-6.1931,11.4694
5651,188.367,1935,1086,2638,1975,-4.5900,11.8163
5652,188.400,1936,1086,2638,1975,-4.5031,11.1438
5653,188.433,1935,1085,2638,1976,-5.0049,10.2482
5654,188.467,1935,1084,2637,1976,-6.3249,11.0593
5655,188.500,1934,1085,2637,1976,-5.3365,9.9723
5656,188.533,1934,1083,2637,1976,-6.0177,10.5495
5657,188.567,1934,1083,2637,1976,-6.2973,10.7137
5658,188.600,1934,1082,2636,1976,-8.7495,10.9842
5659,188.633,1934,1082,2636,1976,-9.1970,11.3999
5660,188.667,1934,1083,2636,1977,-9.4572,10.0780
5661,188.700,1934,1083,2636,1976,-9.2368,10.8437
5662,188.733,1934,1083,2636,1976,-9.0394,11.3642
5663,188.767,1934,1083,2636,1976,-9.0139,11.2520
5664,188.800,1934,1082,2637,1976,-9.1461,11.1704
5665,188.833,1934,1082,2636,1976,-11.1104,12.6415
5666,188.867,1934,1082,2636,1976,-11.8362,12.1808
5667,188.900,1934,1082,2636,1976,-11.9691,12.5952
5668,188.933,1934,1082,2636,1976,-12.0383,11.7537
5669,188.967,1934,1083,2636,1975,-13.0225,10.7023
5670,189.000,1935,1082,2637,1977,-13.7444,12.3048
5671,189.033,1935,1082,2637,1977,-13.5939,12.2504
5672,189.067,1935,1082,2637,1976,-14.1095,11.8156
5673,189.100,1935,1082,2637,1976,-12.9362,12.4111
5674,189.133,1935,1082,2637,1975,-12.4936,12.0684
5675,189.167,1935,1081,2637,1974,-12.2883,11.3802
5676,189.200,1935,1080,2637,1974,-10.6786,9.7576
5677,189.233,1935,1079,2637,1973,-11.6674,10.1273
5678,189.267,1935,1080,2637,1972,-11.0811,9.1946
5679,189.300,1935,1080,2637,1973,-11.6509,9.5202
5680,189.333,1935,1080,2637,1973,-11.8063,9.4775
5681,189.367,1935,1080,2637,1973,-11.5892,9.1903
5682,189.400,1935,1081,2637,1972,-10.8545,10.8494
5683,189.433,1935,1080,2637,1972,-10.9692,9.4359
5684,189.467,1935,1080,2637,1972,-10.9810,9.2794
5685,189.500,1935,1080,2637,1972,-10.7784,8.7245
5686,189.533,1935,1080,2637,1972,-10.4356,8.7091
5687,189.567,1935,1081,2637,1972,-10.3020,11.1623
5688,189.600,1935,1081,2637,1972,-10.0697,11.0382
5689,189.633,1935,1081,2637,1972,-10.3783,11.1934
5690,189.667,1935,1081,2637,1972,-10.3900,11.2610
5691,189.700,1934,1084,2636,1974,-7.7851,12.3103
5692,189.733,1933,1084,2636,1974,-6.8174,11.0879
5693,189.767,1933,1084,2636,1974,-6.6282,10.5276
5694,189.800,1933,1084,2636,1975,-7.9034,10.7090
5695,189.833,1933,1085,2636,1975,-9.1511,9.8462
5696,189.867,1933,1085,2636,1975,-8.7433,10.4852
5697,189.900,1933,1085,2636,1974,-8.3508,10.5973
5698,189.933,1933,1085,2636,1974,-8.5647,10.7681
5699,189.967,1933,1085,2636,1974,-8.4678,10.6044
5700,190.000,1932,1085,2636,1977,-8.7216,11.6706
5701,190.033,1932,1085,2635,1977,-8.1387,12.5835
5702,190.067,1932,1085,2635,1977,-8.3749,12.9932
5703,190.100,1932,1085,2635,1977,-8.4107,13.0887
5704,190.133,1932,1085,2635,1977,-8.6984,12.8849
5705,190.167,1932,1085,2635,1977,-8.6761,12.8019
5706,190.200,1932,1085,2635,1977,-8.4338,12.7210
5707,190.233,1932,1085,2635,1977,-8.3457,12.4796
5708,190.267,1932,1085,2635,1977,-8.9189,12.5701
5709,190.300,1932,1085,2635,1976,-8.3314,12.2941
5710,190.333,1932,1085,2635,1976,-8.9169,12.3465
5711,190.367,1932,1084,2635,1976,-8.8804,10.6700
5712,190.400,1932,1085,2635,1976,-9.4820,12.0586
5713,190.433,1931,1085,2635,1976,-9.8836,13.5562
5714,190.467,1932,1085,2635,1976,-9.7397,11.4635
5715,190.500,1932,1086,2636,1975,-9.3248,9.3704
5716,190.533,1932,1086,2636,1976,-9.6215,11.1568
5717,190.567,1932,1086,2636,1976,-9.8751,10.9153
5718,190.600,1932,1086,2636,1976,-9.5574,10.8866
5719,190.633,1932,1086,2636,1976,-9.7651,10.4490
5720,190.667,1932,1086,2636,1977,-8.3914,9.9575
5721,190.700,1931,1086,2636,1976,-7.9010,11.2549
5722,190.733,1932,1086,2636,1976,-9.6408,10.5829
5723,190.767,1931,1086,2636,1977,-8.0829,11.6876
5724,190.800,1931,1086,2636,1977,-7.9649,10.8598
5725,190.833,1931,1086,2636,1977,-8.1391,10.8419
5726,190.867,1931,1087,2636,1977,-8.9178,12.9109
5727,190.900,1931,1086,2636,1977,-8.1099,10.6668
5728,190.933,1931,1086,2636,1976,-8.1461,10.5508
5729,190.967,1931,1086,2636,1976,-8.2202,11.1926
5730,191.000,1931,1085,2636,1977,-7.9312,12.9192
5731,191.033,1931,1085,2636,1977,-7.8802,13.3033
5732,191.067,1931,1085,2636,1977,-7.7028,12.7872
5733,191.100,1931,1085,2636,1977,-7.8171,12.1409
5734,191.133,1931,1086,2636,1977,-8.3013,11.6010
5735,191.167,1931,1085,2636,1977,-8.3271,11.6150
5736,191.200,1931,1085,2636,1977,-8.4244,11.7564
5737,191.233,1930,1085,2636,1978,-8.6123,11.1643
5738,191.267,1930,1086,2636,1977,-8.5649,11.6757
5739,191.300,1930,1086,2636,1977,-8.7470,12.0113
5740,191.333,1930,1086,2636,1977,-8.7029,12.1614
5741,191.367,1930,1085,2636,1977,-8.8495,11.4903
5742,191.400,1930,1085,2636,1977,-8.8904,11.4330
5743,191.433,1930,1085,2636,1977,-8.1288,11.2353
5744,191.467,1930,1085,2636,1977,-8.1093,10.6172
5745,191.500,1930,1085,2636,1977,-8.0482,11.1258
5746,191.533,1930,1086,2636,1977,-7.3704,11.4906
5747,191.567,1931,1086,2636,1977,-8.1084,11.0008
5748,191.600,1931,1086,2635,1977,-7.4963,11.8231
5749,191.633,1930,1086,2636,1977,-7.3881,10.9107
5750,191.667,1931,1086,2635,1977,-7.9565,11.6605
5751,191.700,1931,1086,2636,1977,-8.0910,9.9571
5752,191.733,1931,1087,2636,1976,-8.3675,10.6732
5753,191.767,1931,1086,2636,1977,-8.1495,9.7942
5754,191.800,1931,1086,2636,1976,-7.5923,10.3927
5755,191.833,1932,1086,2636,1976,-8.4016,11.2967
5756,191.867,1932,1086,2636,1976,-8.7096,11.6250
5757,191.900,1932,1087,2636,1976,-8.5051,9.2273
5758,191.933,1931,1087,2636,1976,-10.3370,10.1655
5759,191.967,1932,1087,2636,1975,-8.0544,10.3886
5760,192.000,1932,1086,2636,1975,-8.2021,9.1844
5761,192.033,1932,1086,2636,1976,-8.8214,11.1875
5762,192.067,1932,1086,2636,1975,-8.2053,9.4825
5763,192.100,1932,1086,2636,1975,-7.6240,9.4316
5764,192.133,1932,1086,2636,1975,-7.7197,9.9405
5765,192.167,1932,1086,2636,1976,-7.1526,11.4209
5766,192.200,1932,1086,2636,1976,-7.5078,11.5603
5767,192.233,1932,1086,2636,1976,-8.0028,11.4842
5768,192.267,1932,1085,2636,1977,-8.6963,9.7653
5769,192.300,1932,1085,2636,1976,-7.9900,9.1034
5770,192.333,1932,1086,2636,1975,-7.5485,9.6468
5771,192.367,1932,1086,2636,1975,-7.6333,9.0999
5772,192.400,1932,1087,2636,1975,-6.8841,9.1291
5773,192.433,1932,1087,2636,1973,-8.2637,9.8315
5774,192.467,1931,1088,2636,1974,-8.9279,10.1987
5775,192.500,1931,1088,2637,1973,-9.9374,10.1126
5776,192.533,1932,1088,2637,1975,-7.9776,9.0096
5777,192.567,1932,1087,2637,1975,-7.6830,10.1274
5778,192.600,1932,1088,2637,1975,-7.5012,9.2399
5779,192.633,1932,1087,2637,1975,-8.1872,9.1563
5780,192.667,1932,1087,2637,1975,-8.1982,9.1819
5781,192.700,1932,1087,2637,1974,-6.9789,8.8586
5782,192.733,1932,1087,2637,1975,-8.5805,9.1780
5783,192.767,1932,1087,2637,1975,-8.4452,8.9558
5784,192.800,1933,1087,2637,1975,-7.5224,7.1189
5785,192.833,1932,1088,2637,1975,-8.5110,11.2282
5786,192.867,1932,1088,2637,1975,-9.1882,11.2744
5787,192.900,1933,1087,2637,1976,-9.4184,9.6387
5788,192.933,1932,1087,2637,1977,-8.9137,9.1696
5789,192.967,1932,1088,2637,1977,-9.8912,12.1110
5790,193.000,1932,1087,2637,1976,-11.1326,10.7389
5791,193.033,1932,1088,2637,1977,-10.4146,10.9463
5792,193.067,1932,1088,2636,1977,-10.5677,9.9736
5793,193.100,1932,1087,2636,1976,-10.7220,9.5262
5794,193.133,1933,1087,2636,1977,-10.0419,10.4128
5795,193.167,1933,1087,2636,1978,-10.7571,9.6711
5796,193.200,1933,1087,2636,1977,-10.9140,10.2971
5797,193.233,1933,1087,2636,1977,-11.1918,10.3585
5798,193.267,1933,1088,2636,1977,-12.0639,11.0823
5799,193.300,1933,1087,2636,1976,-11.5235,8.9312
5800,193.333,1933,1087,2636,1976,-11.5253,8.7654
5801,193.367,1933,1087,2636,1976,-11.8754,8.4611
5802,193.400,1933,1087,2636,1976,-11.8533,9.4191
5803,193.433,1933,1086,2636,1976,-11.2885,10.5896
5804,193.467,1933,1085,2636,1975,-12.5859,10.6645
5805,193.500,1933,1085,2636,1975,-12.9159,11.1266
5806,193.533,1933,1085,2636,1975,-12.7756,10.5329
5807,193.567,1933,1085,2636,1974,-13.3763,12.7594
5808,193.600,1933,1085,2636,1975,-12.6104,10.2135
5809,193.633,1933,1085,2636,1974,-13.0686,12.2995
5810,193.667,1933,1085,2636,1975,-12.9623,10.6354
5811,193.700,1933,1086,2636,1975,-11.8410,10.2666
5812,193.733,1933,1086,2636,1975,-11.5477,9.8105
5813,193.767,1934,1086,2636,1975,-12.2050,11.0522
5814,193.800,1933,1086,2636,1975,-11.2988,9.7214
5815,193.833,1933,1086,2635,1976,-11.8273,10.8643
5816,193.867,1933,1086,2635,1976,-10.9468,10.5239
5817,193.900,1933,1086,2635,1975,-10.6197,10.1683
5818,193.933,1933,1086,2635,1975,-10.8133,10.4198
5819,193.967,1933,1085,2635,1975,-10.6188,11.0862
5820,194.000,1933,1085,2635,1975,-11.5799,11.1049
5821,194.033,1933,1085,2635,1975,-11.7440,11.1967
5822,194.067,1933,1085,2635,1975,-11.7960,11.0676
5823,194.100,1933,1085,2635,1975,-12.0239,10.5317
5824,194.133,1933,1085,2635,1975,-12.4359,10.7305
5825,194.167,1933,1085,2635,1974,-12.3027,10.6337
5826,194.200,1932,1085,2635,1974,-12.8161,11.7166
5827,194.233,1933,1085,2635,1974,-12.1245,10.1238
5828,194.267,1933,1085,2635,1974,-11.9987,9.9540
5829,194.300,1933,1085,2635,1974,-12.4294,10.1917
5830,194.333,1933,1085,2635,1974,-12.3829,10.1626
5831,194.367,1933,1085,2635,1975,-12.2198,9.8329
5832,194.400,1933,1086,2635,1975,-13.0190,10.2975
5833,194.433,1933,1085,2635,1975,-11.8031,10.3216
5834,194.467,1933,1085,2635,1975,-11.9328,10.7679
5835,194.500,1933,1085,2635,1975,-11.7617,11.1296
5836,194.533,1933,1085,2635,1974,-11.8841,10.9452
5837,194.567,1933,1085,2635,1974,-11.8684,10.7843
5838,194.600,1933,1085,2635,1975,-11.7019,10.8108
5839,194.633,1933,1085,2635,1975,-11.5018,10.5886
5840,194.667,1933,1085,2635,1975,-11.2439,10.4505
5841,194.700,1933,1086,2635,1975,-11.5605,10.3063
5842,194.733,1933,1086,2635,1975,-11.4275,10.0868
5843,194.767,1933,1086,2635,1974,-10.1212,10.9634
5844,194.800,1933,1087,2635,1974,-10.0452,10.5232
5845,194.833,1933,1088,2636,1974,-9.7991,11.9197
5846,194.867,1933,1088,2636,1974,-9.7988,11.9717
5847,194.900,1934,1087,2636,1975,-10.8115,9.0926
5848,194.933,1934,1088,2636,1974,-10.1003,10.6801
5849,194.967,1934,1088,2636,1973,-10.3244,11.1009
5850,195.000,1934,1087,2636,1973,-9.9929,8.3956
5851,195.033,1934,1087,2636,1973,-9.8949,8.5870
5852,195.067,1934,1087,2636,1973,-10.3742,8.8495
5853,195.100,1934,1088,2636,1973,-10.2415,10.7505
5854,195.133,1934,1087,2636,1974,-11.4626,10.0682
5855,195.167,1934,1087,2636,1974,-11.0416,10.0325
5856,195.200,1934,1088,2636,1974,-9.7608,9.2447
5857,195.233,1934,1087,2636,1974,-10.9987,10.1500
5858,195.267,1934,1087,2636,1974,-10.6921,10.2990
5859,195.300,1934,1087,2636,1974,-10.9484,9.4483
5860,195.333,1934,1087,2636,1973,-10.3673,9.5157
5861,195.367,1934,1087,2636,1973,-10.5683,9.5689
5862,195.400,1934,1087,2636,1973,-10.5882,9.6416
5863,195.433,1934,1088,2636,1974,-10.0857,10.7466
5864,195.467,1934,1089,2637,1975,-11.3477,9.8269
5865,195.500,1934,1089,2637,1975,-11.2652,9.3670
5866,195.533,1933,1089,2637,1977,-10.5308,10.4242
5867,195.567,1933,1087,2637,1976,-11.5405,12.2580
5868,195.600,1933,1087,2637,1976,-11.9435,12.2905
5869,195.633,1933,1087,2637,1976,-11.8273,11.2837
5870,195.667,1933,1087,2637,1977,-12.6942,10.6940
5871,195.700,1933,1087,2637,1977,-12.6890,10.5616
5872,195.733,1934,1087,2637,1977,-12.5069,11.3614
5873,195.767,1933,1087,2637,1977,-12.1388,10.4983
5874,195.800,1933,1087,2637,1977,-12.2181,11.0487
5875,195.833,1933,1087,2637,1977,-12.3407,11.3858
5876,195.867,1934,1087,2637,1976,-10.6309,11.7322
5877,195.900,1935,1087,2636,1976,-11.2661,10.6019
5878,195.933,1935,1086,2636,1976,-12.4778,9.2859
5879,195.967,1936,1085,2640,1975,-9.5435,3.7676
5880,196.000,1934,1084,2641,1977,-6.9471,5.5979
5881,196.033,1933,1083,2640,1976,-4.1484,6.8370
5882,196.067,1938,1082,2638,1976,-7.1159,3.1120
5883,196.100,1934,1086,2637,1978,-7.4866,7.2454
5884,196.133,1935,1085,2637,1979,-10.1706,5.7184
5885,196.167,1934,1085,2636,1978,-9.3707,6.6314
5886,196.200,1934,1085,2636,1978,-9.1597,6.8300
5887,196.233,1934,1085,2636,1977,-9.6162,7.4109
5888,196.267,1936,1082,2638,1975,-7.7070,5.4496
5889,196.300,1934,1081,2639,1975,-3.5539,6.8228
5890,196.333,1933,1080,2638,1975,-5.6865,7.4591
5891,196.367,1937,1083,2636,1976,-8.2459,6.1355
5892,196.400,1934,1085,2636,1978,-8.3552,5.4919
5893,196.433,1934,1085,2636,1978,-8.0361,6.5707
5894,196.467,1934,1085,2636,1978,-7.9663,8.0467
5895,196.500,1933,1085,2637,1978,-9.1345,7.9054
5896,196.533,1933,1085,2637,1979,-8.2902,7.5762
5897,196.567,1933,1085,2636,1979,-9.2149,5.7063
5898,196.600,1934,1088,2636,1978,-5.2235,9.0843
5899,196.633,1934,1089,2636,1978,-4.9465,8.6134
5900,196.667,1935,1089,2636,1977,-6.8214,7.7355
5901,196.700,1935,1089,2636,1978,-9.2959,8.6595
5902,196.733,1935,1088,2636,1978,-10.6884,8.9116
5903,196.767,1934,1090,2637,1978,-8.4797,8.7625
5904,196.800,1935,1090,2637,1977,-8.8627,8.3534
5905,196.833,1935,1091,2637,1978,-10.1510,8.7696
5906,196.867,1935,1090,2637,1978,-10.2294,9.2041
5907,196.900,1935,1090,2636,1978,-9.3144,8.4461
5908,196.933,1935,1090,2636,1978,-9.6367,7.3822
5909,196.967,1935,1090,2636,1978,-9.2867,7.5537
5910,197.000,1936,1088,2637,1978,-10.9463,11.3658
5911,197.033,1936,1088,2637,1979,-10.1414,9.7828
5912,197.067,1936,1088,2637,1978,-11.2288,11.3134
5913,197.100,1936,1089,2637,1978,-10.0537,11.1360
5914,197.133,1936,1089,2637,1978,-10.3584,11.4055
5915,197.167,1935,1089,2637,1978,-8.5998,8.5691
5916,197.200,1935,1089,2637,1978,-8.4868,8.4086
5917,197.233,1935,1089,2636,1977,-11.6239,9.4565
5918,197.267,1935,1088,2636,1976,-11.0409,8.8799
5919,197.300,1935,1089,2636,1977,-11.0606,9.0802
5920,197.333,1935,1089,2636,1977,-10.6659,9.3968
5921,197.367,1935,1089,2637,1977,-10.6268,9.1379
5922,197.400,1935,1089,2637,1978,-9.6195,9.6216
5923,197.433,1935,1090,2637,1978,-11.5766,11.8654
5924,197.467,1935,1090,2637,1977,-10.8233,10.9379
5925,197.500,1934,1090,2637,1978,-11.6380,11.3721
5926,197.533,1934,1090,2638,1977,-12.1508,11.2907
5927,197.567,1934,1089,2638,1977,-9.9482,12.8099
5928,197.600,1934,1089,2638,1976,-11.2952,12.7996
5929,197.633,1934,1089,2638,1977,-10.4295,12.3071
5930,197.667,1935,1089,2639,1977,-9.9983,12.3546
5931,197.700,1935,1090,2640,1977,-9.4321,9.4221
5932,197.733,1935,1090,2640,1977,-9.3943,9.1184
5933,197.767,1935,1091,2640,1977,-9.9498,9.4880
5934,197.800,1934,1091,2640,1977,-11.3991,9.6274
5935,197.833,1934,1091,2640,1977,-10.1294,10.3863
5936,197.867,1934,1091,2639,1977,-8.9723,11.5879
5937,197.900,1934,1092,2639,1977,-10.4727,11.3116
5938,197.933,1934,1092,2639,1977,-10.7346,11.4113
5939,197.967,1934,1091,2639,1978,-9.8493,11.4444
5940,198.000,1934,1091,2639,1978,-10.3688,11.9282
5941,198.033,1934,1090,2639,1978,-7.8241,13.1614
5942,198.067,1934,1089,2638,1978,-8.7370,12.9464
5943,198.100,1934,1090,2639,1978,-8.8331,12.5688
5944,198.133,1933,1090,2639,1978,-9.7182,11.6078
5945,198.167,1933,1090,2639,1978,-10.9760,11.9109
5946,198.200,1933,1090,2639,1978,-10.2955,12.8693
5947,198.233,1933,1090,2639,1979,-8.9557,13.2837
5948,198.267,1933,1089,2639,1978,-9.3123,9.6846
5949,198.300,1932,1090,2638,1978,-9.8166,8.7075
5950,198.333,1932,1090,2638,1979,-9.3207,10.5063
5951,198.367,1932,1090,2639,1979,-9.2656,9.4986
5952,198.400,1932,1090,2638,1978,-10.5419,9.0688
5953,198.433,1932,1090,2638,1977,-9.8669,11.1099
5954,198.467,1933,1090,2638,1978,-9.3179,11.7920
5955,198.500,1933,1090,2638,1978,-8.7260,12.2397
5956,198.533,1933,1090,2638,1978,-6.9025,11.0850
5957,198.567,1932,1090,2638,1978,-8.3777,11.2191
5958,198.600,1932,1090,2638,1978,-7.2822,10.8813
5959,198.633,1932,1090,2637,1978,-7.6595,12.2530
5960,198.667,1932,1089,2637,1978,-7.4639,10.8225
5961,198.700,1932,1089,2637,1978,-8.3299,11.7440
5962,198.733,1932,1089,2637,1978,-8.0149,10.0873
5963,198.767,1932,1089,2637,1978,-7.8622,9.9745
5964,198.800,1932,1088,2637,1978,-6.8241,9.9183
5965,198.833,1932,1089,2637,1978,-7.8807,12.4156
5966,198.867,1932,1088,2637,1979,-7.5190,9.9645
5967,198.900,1933,1088,2637,1978,-7.6842,9.9530
5968,198.933,1933,1088,2637,1978,-8.0866,8.7711
5969,198.967,1933,1088,2637,1978,-8.5170,9.0656
5970,199.000,1933,1088,2638,1978,-8.6711,10.3493
5971,199.033,1933,1088,2638,1978,-8.7839,10.6630
5972,199.067,1933,1087,2638,1978,-8.0597,11.1930
5973,199.100,1933,1087,2638,1978,-8.0657,10.9895
5974,199.133,1933,1087,2638,1978,-8.5482,10.9526
5975,199.167,1933,1086,2637,1978,-10.8606,11.2967
5976,199.200,1933,1086,2637,1977,-10.1147,10.9448
5977,199.233,1933,1085,2637,1977,-9.5002,12.3051
5978,199.267,1933,1085,2637,1977,-9.7825,11.9840
5979,199.300,1933,1084,2637,1978,-10.5827,11.9712
5980,199.333,1932,1085,2636,1978,-9.9730,13.4005
5981,199.367,1932,1084,2636,1978,-9.4728,12.8811
5982,199.400,1931,1084,2636,1979,-10.0278,12.3792
5983,199.433,1931,1084,2636,1979,-9.4425,12.5262
5984,199.467,1931,1084,2636,1979,-9.3159,12.0014
5985,199.500,1931,1083,2636,1979,-9.6666,11.9789
5986,199.533,1931,1084,2636,1979,-8.5592,13.1494
5987,199.567,1931,1084,2636,1979,-8.5609,12.7387
5988,199.600,1931,1084,2636,1979,-8.5790,13.2400
5989,199.633,1931,1084,2636,1979,-8.4939,12.9194
5990,199.667,1931,1084,2636,1980,-10.1235,13.2440
5991,199.700,1931,1085,2636,1978,-10.0026,13.1952
5992,199.733,1931,1085,2636,1978,-9.9138,13.1418
5993,199.767,1930,1084,2636,1979,-9.8701,13.3535
5994,199.800,1930,1084,2636,1977,-10.3597,12.7308
5995,199.833,1930,1085,2636,1977,-10.1939,13.9749
5996,199.867,1930,1084,2635,1977,-10.0869,13.3626
5997,199.900,1930,1085,2636,1977,-10.2730,13.3733
5998,199.933,1930,1085,2636,1977,-9.6397,13.2382
5999,199.967,1931,1085,2634,1978,-2.6760,11.5176
6000,200.000,1931,1086,2636,1978,1.9193,7.4104
6001,200.033,1931,1086,2636,1979,2.4146,8.2423
6002,200.067,1931,1086,2636,1979,1.8049,9.1981
6003,200.100,1931,1086,2636,1980,1.6420,9.0433
6004,200.133,1932,1086,2636,1979,1.5654,8.1481
6005,200.167,1932,1086,2636,1980,1.0780,8.4675
6006,200.200,1932,1085,2636,1979,0.6520,10.1796
6007,200.233,1932,1085,2636,1979,0.4728,9.2229
6008,200.267,1933,1085,2636,1980,1.2862,8.9091
6009,200.300,1932,1085,2636,1980,0.2953,7.1970
6010,200.333,1932,1085,2636,1979,1.2238,8.1388
6011,200.367,1932,1086,2636,1980,0.9167,9.4019
6012,200.400,1932,1087,2636,1979,1.7708,8.0303
6013,200.433,1932,1088,2637,1980,2.2532,6.9278
6014,200.467,1932,1088,2637,1979,2.3706,7.4342
6015,200.500,1932,1088,2637,1979,2.7559,7.1905
6016,200.533,1932,1088,2637,1979,3.7337,7.5341
6017,200.567,1932,1088,2637,1980,2.8100,7.3556
6018,200.600,1932,1088,2637,1980,2.9019,7.5951
6019,200.633,1932,1089,2637,1980,1.7143,6.1506
6020,200.667,1932,1089,2637,1979,0.7313,7.0459
6021,200.700,1932,1090,2637,1979,3.1129,8.1909
6022,200.733,1932,1089,2637,1979,0.9893,6.4979
6023,200.767,1932,1090,2637,1980,3.8220,6.1129
6024,200.800,1932,1089,2637,1980,1.0450,6.4041
6025,200.833,1932,1090,2637,1979,3.5415,7.3692
6026,200.867,1932,1090,2637,1980,4.1594,6.2243
6027,200.900,1932,1090,2637,1980,4.2416,6.0217
6028,200.933,1932,1090,2637,1979,3.7355,6.6368
6029,200.967,1932,1090,2637,1979,3.0323,6.0916
6030,201.000,1933,1089,2637,1978,1.1680,6.4162
6031,201.033,1933,1088,2636,1978,-4.0272,9.9052
6032,201.067,1933,1086,2636,1978,-10.0936,10.1622
6033,201.100,1933,1088,2637,1978,-10.8617,10.6939
6034,201.133,1933,1088,2637,1978,-10.5128,10.8839
6035,201.167,1933,1087,2636,1978,-8.8654,10.7480
6036,201.200,1934,1087,2636,1978,-8.9957,10.1531
6037,201.233,1933,1086,2636,1978,-9.5753,8.4352
6038,201.267,1934,1085,2636,1977,-10.9195,8.6594
6039,201.300,1933,1086,2636,1976,-9.5515,10.7268
6040,201.333,1933,1085,2636,1976,-9.8423,10.8724
6041,201.367,1933,1085,2636,1976,-9.8353,11.0663
6042,201.400,1933,1085,2636,1976,-9.7518,11.1941
6043,201.433,1933,1086,2636,1976,-9.4807,11.3185
6044,201.467,1933,1086,2636,1975,-9.3925,11.5857
6045,201.500,1933,1086,2636,1976,-9.8084,11.6997
6046,201.533,1933,1086,2636,1976,-9.6229,12.1003
6047,201.567,1933,1086,2636,1976,-8.5258,13.0893
6048,201.600,1933,1086,2636,1976,-8.6335,11.7633
6049,201.633,1933,1086,2636,1976,-8.6717,12.3149
6050,201.667,1933,1085,2636,1976,-8.3407,11.4594
6051,201.700,1932,1085,2636,1977,-7.9653,11.6306
6052,201.733,1932,1085,2636,1978,-8.6162,13.1413
6053,201.767,1932,1085,2636,1978,-8.4025,13.2003
6054,201.800,1933,1085,2636,1977,-8.7389,10.9430
6055,201.833,1932,1086,2636,1977,-8.7020,12.5419
6056,201.867,1932,1087,2636,1978,-8.2813,12.1582
6057,201.900,1932,1086,2636,1977,-8.2226,12.6597
6058,201.933,1933,1086,2636,1976,-8.4188,12.1268
6059,201.967,1933,1086,2636,1976,-8.8504,12.7300
6060,202.000,1932,1086,2636,1977,-8.3587,11.7459
6061,202.033,1932,1085,2636,1977,-8.7345,13.1838
6062,202.067,1932,1085,2636,1977,-8.9329,12.9012
6063,202.100,1932,1085,2636,1977,-9.3707,13.3455
6064,202.133,1932,1086,2635,1976,-9.5022,11.6411
6065,202.167,1932,1086,2635,1976,-9.9746,12.1039
6066,202.200,1932,1086,2635,1976,-9.8544,11.7565
6067,202.233,1932,1085,2635,1976,-9.3239,11.9173
6068,202.267,1932,1085,2635,1977,-9.9234,12.2102
6069,202.300,1932,1085,2635,1976,-9.3180,11.8862
6070,202.333,1932,1084,2635,1976,-11.0216,9.9075
6071,202.367,1932,1084,2635,1977,-10.8736,9.6805
6072,202.400,1932,1085,2635,1977,-9.3656,12.0349
6073,202.433,1932,1084,2635,1977,-11.2085,9.4196
6074,202.467,1932,1085,2635,1977,-9.5837,11.0060
6075,202.500,1932,1084,2635,1976,-11.5753,10.4633
6076,202.533,1932,1085,2634,1977,-11.7995,12.1786
6077,202.567,1932,1086,2634,1977,-10.2187,10.7922
6078,202.600,1932,1087,2634,1978,-12.6960,14.6923
6079,202.633,1932,1087,2634,1979,-12.6883,12.5850
6080,202.667,1931,1087,2635,1978,-12.3105,14.6741
6081,202.700,1931,1087,2634,1978,-11.8965,14.2925
6082,202.733,1931,1087,2634,1978,-12.1410,14.1832
6083,202.767,1931,1087,2634,1978,-12.4353,14.1359
6084,202.800,1932,1087,2634,1977,-12.6356,14.2237
6085,202.833,1932,1087,2634,1977,-12.4906,14.6610
6086,202.867,1932,1086,2634,1977,-11.2788,13.7267
6087,202.900,1932,1087,2635,1977,-12.6514,14.1511
6088,202.933,1932,1087,2635,1977,-12.9638,14.3082
6089,202.967,1932,1087,2635,1978,-13.4767,14.7446
6090,203.000,1933,1087,2636,1978,-15.2874,13.6393
6091,203.033,1933,1088,2636,1978,-14.9225,12.8945
6092,203.067,1933,1088,2637,1978,-15.6231,12.4418
6093,203.100,1933,1088,2637,1978,-15.3483,12.5461
6094,203.133,1933,1089,2638,1978,-13.8877,12.6510
6095,203.167,1933,1089,2637,1979,-14.8048,13.8500
6096,203.200,1933,1090,2637,1979,-14.3722,12.1806
6097,203.233,1933,1090,2637,1979,-14.1073,12.0486
6098,203.267,1933,1089,2637,1979,-14.5276,14.1168
6099,203.300,1932,1091,2637,1979,-12.6234,14.2013
6100,203.333,1932,1090,2637,1979,-12.6852,14.0642
6101,203.367,1932,1090,2637,1979,-12.7350,14.3850
6102,203.400,1932,1091,2637,1980,-13.1323,12.9277
6103,203.433,1932,1091,2637,1980,-12.6913,12.7568
6104,203.467,1932,1090,2637,1979,-13.3222,12.5338
6105,203.500,1932,1091,2637,1980,-12.8892,12.7373
6106,203.533,1932,1091,2637,1980,-12.3365,12.9913
6107,203.567,1932,1091,2637,1981,-12.3829,13.3302
6108,203.600,1933,1091,2637,1982,-12.7550,11.8845
6109,203.633,1933,1090,2637,1982,-14.1151,11.5642
6110,203.667,1933,1089,2637,1979,-13.8718,11.3480
6111,203.700,1933,1090,2637,1979,-13.2201,11.2519
6112,203.733,1933,1089,2637,1979,-13.9579,10.4175
6113,203.767,1933,1090,2637,1980,-13.5527,11.5091
6114,203.800,1933,1090,2637,1980,-13.6943,10.7947
6115,203.833,1933,1090,2637,1980,-13.4339,11.4710
6116,203.867,1933,1090,2638,1980,-12.2312,11.0614
6117,203.900,1933,1090,2637,1980,-12.9779,11.4247
6118,203.933,1933,1089,2637,1980,-13.5610,10.3238
6119,203.967,1934,1089,2637,1979,-12.1450,11.3604
6120,204.000,1934,1089,2637,1978,-11.9130,10.1636
6121,204.033,1934,1088,2636,1977,-13.2354,11.4830
6122,204.067,1934,1088,2636,1976,-13.5141,10.9306
6123,204.100,1934,1088,2636,1977,-12.3981,12.6978
6124,204.133,1933,1087,2636,1977,-9.4653,11.1567
6125,204.167,1933,1087,2636,1977,-8.3683,10.9372
6126,204.200,1933,1087,2636,1976,-8.0593,10.5074
6127,204.233,1933,1087,2636,1976,-8.3838,10.5566
6128,204.267,1934,1087,2636,1976,-7.4471,13.3599
6129,204.300,1934,1087,2636,1976,-7.4986,13.1927
6130,204.333,1933,1087,2636,1976,-7.9511,10.5445
6131,204.367,1933,1087,2636,1976,-8.2690,10.7387
6132,204.400,1933,1086,2636,1976,-7.8117,10.0224
6133,204.433,1933,1087,2636,1976,-8.6206,11.8687
6134,204.467,1934,1086,2636,1978,-9.9581,12.3431
6135,204.500,1934,1086,2637,1977,-9.4891,10.9642
6136,204.533,1934,1086,2637,1977,-10.0878,10.9778
6137,204.567,1934,1086,2637,1977,-10.3356,11.7847
6138,204.600,1934,1086,2637,1977,-11.0363,13.0333
6139,204.633,1934,1086,2637,1977,-10.3782,12.0732
6140,204.667,1934,1086,2637,1977,-11.0739,11.5273
6141,204.700,1934,1085,2636,1977,-10.7215,14.0743
6142,204.733,1933,1086,2637,1977,-10.5077,11.1619
6143,204.767,1934,1086,2637,1976,-9.2597,12.9380
6144,204.800,1934,1085,2637,1977,-10.4215,14.2176
6145,204.833,1934,1085,2637,1978,-11.3160,14.9130
6146,204.867,1934,1085,2638,1977,-12.2746,11.9106
6147,204.900,1934,1086,2638,1978,-11.6506,13.5312
6148,204.933,1934,1085,2637,1978,-12.4905,14.7685
6149,204.967,1934,1084,2637,1978,-12.8086,13.3070
6150,205.000,1934,1084,2637,1978,-13.2015,13.2496
6151,205.033,1934,1084,2637,1977,-11.2073,12.4363
6152,205.067,1934,1084,2637,1978,-12.6230,11.3310
6153,205.100,1934,1085,2637,1977,-12.5656,12.5507
6154,205.133,1934,1086,2637,1977,-11.8276,13.0293
6155,205.167,1934,1086,2638,1977,-11.2847,12.5270
6156,205.200,1934,1085,2638,1978,-12.7973,12.1890
6157,205.233,1934,1086,2637,1977,-11.0062,12.6359
6158,205.267,1934,1086,2637,1978,-11.3444,12.0126
6159,205.300,1934,1085,2637,1977,-13.0274,11.5606
6160,205.333,1935,1085,2637,1976,-11.9827,12.7211
6161,205.367,1935,1084,2637,1977,-11.3196,12.4360
6162,205.400,1935,1084,2637,1977,-10.7356,12.4106
6163,205.433,1934,1085,2637,1977,-14.2159,11.4770
6164,205.467,1935,1084,2637,1977,-12.7659,13.2883
6165,205.500,1935,1085,2637,1977,-13.7490,12.9705
6166,205.533,1935,1085,2637,1977,-14.1373,12.9535
6167,205.567,1935,1085,2636,1976,-12.9064,12.3969
6168,205.600,1935,1085,2637,1975,-13.6399,13.4412
6169,205.633,1935,1086,2637,1975,-13.8646,11.9674
6170,205.667,1935,1086,2637,1975,-13.6309,11.2470
6171,205.700,1935,1086,2637,1975,-14.1598,11.7700
6172,205.733,1935,1086,2637,1975,-14.1255,11.4347
6173,205.767,1934,1087,2637,1975,-13.4778,12.1948
6174,205.800,1934,1086,2637,1976,-14.1662,11.4081
6175,205.833,1934,1086,2637,1975,-13.8441,11.0815
6176,205.867,1934,1086,2637,1975,-13.2348,11.6190
6177,205.900,1934,1085,2637,1975,-13.1187,11.3859
6178,205.933,1935,1085,2636,1975,-13.0897,12.9627
6179,205.967,1935,1085,2636,1975,-13.1065,12.9799
6180,206.000,1936,1085,2636,1974,-13.0006,12.4765
6181,206.033,1936,1085,2636,1975,-13.1188,11.7466
6182,206.067,1936,1085,2637,1975,-13.2133,12.7190
6183,206.100,1935,1085,2636,1975,-12.5531,12.3302
6184,206.133,1935,1085,2637,1975,-12.7493,11.9574
6185,206.167,1935,1084,2636,1975,-13.2923,13.0763
6186,206.200,1935,1084,2636,1976,-13.5518,13.3855
6187,206.233,1935,1084,2636,1976,-13.3826,13.3366
6188,206.267,1935,1084,2637,1975,-13.0525,12.2632
6189,206.300,1934,1085,2637,1975,-12.4543,12.6836
6190,206.333,1935,1085,2637,1975,-12.2681,12.4911
6191,206.367,1935,1085,2637,1975,-12.1510,12.3471
6192,206.400,1935,1085,2637,1974,-12.4853,12.5524
6193,206.433,1935,1085,2637,1975,-12.6399,12.9273
6194,206.467,1935,1085,2638,1975,-12.5477,13.0617
6195,206.500,1935,1085,2638,1975,-12.4854,13.5449
6196,206.533,1935,1085,2637,1976,-12.6054,13.4658
6197,206.567,1934,1084,2637,1975,-12.3265,13.7133
6198,206.600,1934,1085,2638,1974,-12.1754,12.6513
6199,206.633,1934,1085,2637,1974,-12.7114,12.3174
6200,206.667,1934,1084,2637,1974,-11.9898,11.6703
6201,206.700,1934,1084,2637,1974,-11.9797,11.9998
6202,206.733,1934,1083,2637,1974,-12.1503,12.9590
6203,206.767,1934,1084,2637,1974,-12.4367,13.0020
6204,206.800,1933,1084,2637,1974,-11.8185,12.4600
6205,206.833,1933,1085,2637,1974,-11.9200,13.8524
6206,206.867,1933,1086,2637,1974,-12.2380,12.4847
6207,206.900,1933,1086,2637,1974,-11.9654,12.1720
6208,206.933,1933,1087,2637,1973,-12.8148,12.3957
6209,206.967,1933,1086,2637,1974,-12.6555,12.3949
6210,207.000,1933,1089,2637,1973,-13.7968,11.5854
6211,207.033,1933,1089,2637,1973,-14.0477,12.6051
6212,207.067,1934,1090,2637,1973,-13.7014,12.1600
6213,207.100,1934,1090,2638,1974,-14.1467,12.4239
6214,207.133,1934,1090,2638,1974,-16.7465,12.6605
6215,207.167,1934,1089,2638,1975,-16.0453,11.8387
6216,207.200,1935,1089,2638,1975,-15.8731,12.2389
6217,207.233,1934,1088,2638,1975,-15.7935,11.4044
6218,207.267,1935,1089,2637,1975,-15.6900,11.4974
6219,207.300,1935,1089,2638,1976,-15.9692,11.3917
6220,207.333,1935,1089,2637,1975,-15.2876,12.2584
6221,207.367,1935,1090,2637,1974,-16.7546,10.5071
6222,207.400,1935,1089,2637,1974,-16.4240,10.2119
6223,207.433,1935,1088,2636,1975,-13.1148,8.4987
6224,207.467,1935,1088,2637,1975,-12.4698,8.7242
6225,207.500,1935,1088,2637,1975,-12.5882,8.0309
6226,207.533,1935,1089,2637,1974,-12.4144,7.8604
6227,207.567,1934,1087,2637,1976,-13.2126,9.5247
6228,207.600,1934,1087,2636,1976,-11.5814,10.7817
6229,207.633,1934,1087,2637,1976,-12.9156,9.8583
6230,207.667,1933,1087,2637,1976,-10.3360,10.8520
6231,207.700,1933,1087,2637,1976,-10.0354,10.0612
6232,207.733,1933,1086,2637,1977,-11.7893,12.0096
6233,207.767,1933,1086,2637,1976,-11.6293,11.3704
6234,207.800,1933,1085,2637,1976,-10.1802,12.8364
6235,207.833,1933,1085,2637,1975,-9.5026,10.7746
6236,207.867,1933,1086,2637,1974,-9.5312,10.8906
6237,207.900,1933,1086,2637,1975,-8.9699,10.4394
6238,207.933,1933,1086,2637,1976,-11.0587,11.0090
6239,207.967,1932,1087,2637,1975,-10.6185,11.3843
6240,208.000,1932,1088,2636,1975,-11.6239,9.9378
6241,208.033,1932,1088,2636,1974,-10.8551,10.6525
6242,208.067,1931,1087,2636,1975,-10.9839,10.5950
6243,208.100,1932,1087,2636,1975,-10.8250,12.2611
6244,208.133,1932,1086,2636,1975,-10.6527,11.1636
6245,208.167,1933,1086,2636,1975,-12.8493,11.7028
6246,208.200,1933,1085,2636,1975,-11.8932,12.4007
6247,208.233,1933,1086,2636,1974,-12.0403,9.9673
6248,208.267,1933,1086,2636,1974,-12.1469,10.2111
6249,208.300,1932,1086,2636,1974,-11.7822,11.2039
6250,208.333,1933,1085,2636,1974,-13.2932,12.1555
6251,208.367,1933,1085,2636,1974,-10.8819,11.2057
6252,208.400,1933,1085,2636,1975,-10.9857,11.1077
6253,208.433,1933,1086,2635,1975,-9.8992,10.9334
6254,208.467,1933,1086,2636,1975,-10.5134,11.1498
6255,208.500,1933,1086,2636,1975,-10.6949,10.7063
6256,208.533,1933,1087,2636,1976,-9.7624,7.1633
6257,208.567,1934,1087,2636,1976,-9.2670,8.9616
6258,208.600,1933,1087,2636,1976,-9.3971,6.9167
6259,208.633,1934,1087,2636,1975,-13.8515,8.9001
6260,208.667,1934,1088,2636,1975,-14.0296,10.4969
6261,208.700,1934,1088,2637,1975,-12.5700,8.5137
6262,208.733,1934,1087,2637,1975,-13.6105,8.1702
6263,208.767,1934,1087,2637,1975,-13.8872,9.1337
6264,208.800,1934,1087,2637,1974,-14.8333,9.2353
6265,208.833,1935,1087,2636,1973,-15.6098,10.5688
6266,208.867,1935,1088,2637,1973,-16.2921,9.0185
6267,208.900,1935,1089,2637,1973,-16.1714,9.4478
6268,208.933,1935,1089,2637,1973,-15.7150,8.8260
6269,208.967,1935,1089,2637,1973,-15.7490,9.2649
6270,209.000,1935,1090,2637,1975,-16.7951,8.4359
6271,209.033,1935,1089,2637,1975,-16.9870,8.4814
6272,209.067,1935,1090,2637,1975,-17.1091,9.1426
6273,209.100,1935,1090,2637,1975,-17.1488,9.3241
6274,209.133,1935,1089,2638,1975,-16.6053,10.0525
6275,209.167,1935,1089,2637,1974,-16.7643,9.5565
6276,209.200,1935,1090,2637,1974,-18.0270,8.5864
6277,209.233,1935,1089,2637,1974,-16.8688,9.3006
6278,209.267,1935,1090,2638,1974,-17.4740,11.4595
6279,209.300,1934,1088,2637,1974,-14.4818,9.6910
6280,209.333,1934,1089,2637,1974,-14.5729,10.4137
6281,209.367,1934,1089,2637,1975,-13.0179,10.4516
6282,209.400,1935,1087,2639,1976,-12.2889,10.5931
6283,209.433,1935,1087,2639,1976,-11.7777,9.7911
6284,209.467,1935,1087,2639,1976,-11.8814,9.6884
6285,209.500,1935,1087,2639,1976,-12.1029,9.8913
6286,209.533,1935,1086,2639,1976,-12.2274,10.0615
6287,209.567,1936,1087,2639,1976,-12.6230,9.8183
6288,209.600,1936,1087,2638,1976,-11.8594,11.3424
6289,209.633,1936,1087,2639,1977,-11.0251,9.6350
6290,209.667,1936,1088,2639,1977,-12.7701,10.6078
6291,209.700,1936,1088,2640,1977,-13.3707,12.5201
6292,209.733,1936,1089,2640,1976,-12.3593,10.9565
6293,209.767,1936,1089,2641,1977,-13.1189,9.6047
6294,209.800,1937,1088,2640,1977,-12.8676,11.4046
6295,209.833,1937,1088,2640,1978,-13.5878,10.1437
6296,209.867,1937,1088,2640,1978,-13.9608,10.1374
6297,209.900,1937,1088,2640,1977,-13.1527,11.3944
6298,209.933,1937,1087,2640,1977,-13.1084,11.4045
6299,209.967,1936,1089,2640,1977,-12.2228,11.8782
6300,210.000,1937,1085,2641,1979,-12.8541,8.8700
6301,210.033,1937,1086,2641,1978,-13.8587,7.4768
6302,210.067,1937,1086,2642,1978,-12.2612,10.0334
6303,210.100,1937,1086,2641,1978,-12.2234,9.4113
6304,210.133,1938,1086,2641,1978,-13.2555,9.2061
6305,210.167,1938,1086,2641,1977,-11.9082,10.7396
6306,210.200,1939,1086,2642,1977,-12.0600,10.4196
6307,210.233,1938,1086,2641,1976,-11.9191,10.4585
6308,210.267,1938,1087,2642,1976,-11.2615,10.6922
6309,210.300,1938,1087,2642,1975,-12.3212,10.3211
6310,210.333,1939,1087,2642,1974,-11.9046,9.6987
6311,210.367,1938,1087,2642,1975,-12.7594,10.0122
6312,210.400,1938,1086,2642,1975,-12.2746,8.4886
6313,210.433,1938,1087,2642,1974,-12.4372,10.2359
6314,210.467,1938,1085,2642,1975,-13.5643,9.1701
6315,210.500,1938,1085,2641,1975,-14.1458,9.5370
6316,210.533,1938,1086,2641,1975,-15.2158,9.3275
6317,210.567,1938,1086,2641,1975,-16.1019,9.5517
6318,210.600,1938,1085,2641,1975,-16.4022,10.0459
6319,210.633,1937,1086,2640,1975,-16.5021,9.8957
6320,210.667,1937,1085,2640,1975,-16.4256,11.5921
6321,210.700,1937,1085,2639,1975,-15.9335,12.7098
6322,210.733,1936,1084,2639,1975,-16.1008,12.0716
6323,210.767,1936,1084,2639,1974,-16.5434,11.4255
6324,210.800,1936,1082,2637,1974,-17.5135,9.9237
6325,210.833,1935,1081,2636,1975,-15.7944,8.0335
6326,210.867,1934,1082,2636,1976,-16.1462,11.1180
6327,210.900,1934,1082,2636,1978,-15.3881,9.6460
6328,210.933,1933,1081,2636,1978,-16.4819,10.9713
6329,210.967,1933,1081,2636,1978,-16.7107,10.7727
6330,211.000,1934,1079,2636,1979,-16.2963,9.9149
6331,211.033,1934,1079,2636,1979,-16.9788,10.8303
6332,211.067,1935,1079,2636,1978,-16.9444,11.6793
6333,211.100,1935,1079,2637,1978,-16.3297,12.7230
6334,211.133,1935,1079,2637,1978,-16.0862,13.6644
6335,211.167,1935,1081,2637,1977,-17.3979,15.5186
6336,211.200,1935,1081,2637,1977,-17.0595,15.3971
6337,211.233,1935,1082,2638,1978,-17.4730,12.8402
6338,211.267,1934,1080,2638,1977,-17.5119,13.6553
6339,211.300,1935,1081,2638,1978,-17.2242,12.6598
6340,211.333,1935,1081,2638,1978,-17.0920,12.9824
6341,211.367,1935,1081,2638,1978,-17.0781,12.6270
6342,211.400,1936,1080,2638,1978,-15.8860,12.4892
6343,211.433,1935,1079,2637,1979,-8.1478,12.7973
6344,211.467,1936,1079,2637,1979,-3.1310,10.3455
6345,211.500,1936,1079,2637,1979,-3.3624,9.4604
6346,211.533,1937,1079,2636,1978,-4.1309,8.4348
6347,211.567,1936,1082,2636,1978,-1.3876,9.2698
6348,211.600,1936,1083,2636,1978,-2.9704,10.2802
6349,211.633,1936,1084,2636,1979,-4.5630,8.4648
6350,211.667,1936,1085,2636,1979,-3.4708,9.0510
6351,211.700,1935,1085,2636,1979,-2.7015,7.5539
6352,211.733,1935,1085,2636,1979,-2.3851,7.2285
6353,211.767,1935,1085,2636,1979,-2.4564,7.0379
6354,211.800,1935,1085,2636,1979,-2.0949,6.7637
6355,211.833,1935,1085,2636,1979,-1.5237,7.2615
6356,211.867,1935,1086,2637,1979,-3.7530,9.0020
6357,211.900,1935,1086,2637,1980,-4.2136,9.7563
6358,211.933,1935,1085,2637,1979,-4.3902,11.2486
6359,211.967,1935,1085,2638,1979,-4.0989,10.7860
6360,212.000,1934,1084,2637,1978,-12.1603,11.0256
6361,212.033,1934,1084,2637,1978,-13.0572,10.6021
6362,212.067,1934,1084,2638,1978,-13.5782,10.4941
6363,212.100,1935,1083,2638,1978,-12.3032,8.9333
6364,212.133,1935,1083,2637,1977,-11.9369,9.3280
6365,212.167,1934,1084,2637,1976,-11.9452,9.7317
6366,212.200,1934,1084,2637,1976,-12.1071,9.1358
6367,212.233,1934,1084,2637,1976,-12.5896,9.5911
6368,212.267,1934,1084,2637,1976,-12.1503,9.9308
6369,212.300,1934,1083,2638,1976,-12.3924,9.5917
6370,212.333,1935,1083,2638,1976,-13.6136,8.7698
6371,212.367,1934,1083,2637,1976,-13.6441,9.8338
6372,212.400,1935,1083,2637,1976,-14.6149,9.7019
6373,212.433,1934,1084,2637,1976,-14.4591,10.1001
6374,212.467,1934,1083,2637,1975,-14.2383,10.2361
6375,212.500,1934,1082,2637,1975,-13.4539,9.3085
6376,212.533,1934,1081,2637,1975,-13.7536,8.8065
6377,212.567,1934,1081,2637,1974,-13.6011,9.7011
6378,212.600,1934,1080,2638,1974,-11.8734,10.2176
6379,212.633,1934,1080,2638,1974,-12.0052,10.6491
6380,212.667,1934,1080,2638,1974,-11.5040,10.6058
6381,212.700,1934,1080,2638,1974,-11.9331,11.0911
6382,212.733,1934,1080,2638,1974,-11.8423,11.0609
6383,212.767,1934,1080,2638,1974,-11.7397,11.0592
6384,212.800,1935,1080,2638,1973,-11.8391,9.3860
6385,212.833,1935,1081,2638,1974,-11.7013,10.2061
6386,212.867,1935,1081,2638,1974,-11.7225,10.8373
6387,212.900,1935,1080,2638,1973,-11.9454,10.1782
6388,212.933,1934,1080,2638,1973,-10.3544,10.1938
6389,212.967,1934,1080,2638,1973,-10.5151,9.6787
6390,213.000,1934,1081,2638,1973,-9.3779,10.9189
6391,213.033,1934,1082,2638,1973,-11.5979,10.6846
6392,213.067,1935,1082,2638,1973,-11.7267,10.6386
6393,213.100,1935,1082,2638,1973,-11.2803,10.8798
6394,213.133,1935,1082,2638,1973,-11.6795,10.0230
6395,213.167,1934,1082,2638,1973,-10.1804,9.9261
6396,213.200,1934,1082,2638,1973,-9.1644,10.6306
6397,213.233,1934,1082,2638,1973,-9.5291,9.5603
6398,213.267,1934,1082,2638,1973,-9.0734,10.1232
6399,213.300,1935,1082,2638,1973,-9.3598,9.3323
6400,213.333,1935,1083,2638,1972,-9.5145,9.4238
6401,213.367,1935,1083,2638,1973,-8.8584,8.6175
6402,213.400,1935,1083,2639,1974,-8.0605,9.3936
6403,213.433,1934,1083,2639,1974,-6.6806,10.7498
6404,213.467,1934,1083,2639,1974,-6.9833,10.5809
6405,213.500,1934,1084,2639,1973,-8.0680,10.0563
6406,213.533,1935,1084,2639,1973,-7.5495,9.6645
6407,213.567,1935,1085,2639,1973,-9.2717,9.6528
6408,213.600,1935,1085,2639,1972,-9.3319,10.3396
6409,213.633,1935,1085,2639,1973,-10.2944,9.6988
6410,213.667,1934,1086,2639,1974,-9.5094,11.0620
6411,213.700,1934,1085,2639,1974,-10.6014,9.9369
6412,213.733,1934,1085,2639,1974,-10.5131,9.8430
6413,213.767,1934,1085,2639,1973,-9.4266,11.1380
6414,213.800,1934,1085,2639,1973,-9.5711,10.5154
6415,213.833,1935,1086,2639,1973,-12.3695,10.0208
6416,213.867,1935,1086,2639,1973,-13.4843,9.8279
6417,213.900,1935,1086,2639,1973,-13.3633,10.1788
6418,213.933,1935,1086,2640,1973,-12.2091,9.7763
6419,213.967,1935,1086,2640,1974,-12.7815,11.1492
6420,214.000,1935,1084,2639,1974,-13.1351,12.3265
6421,214.033,1935,1085,2639,1972,-14.1514,10.9225
6422,214.067,1935,1085,2639,1971,-13.4502,10.0469
6423,214.100,1935,1083,2639,1972,-12.8562,12.2759
6424,214.133,1933,1081,2640,1969,-13.4888,11.8835
6425,214.167,1933,1086,2641,1971,-12.4175,7.3089
6426,214.200,1934,1086,2641,1970,-11.9173,9.6313
6427,214.233,1934,1086,2641,1970,-11.8925,9.1236
6428,214.267,1933,1086,2641,1970,-12.4152,8.8156
6429,214.300,1934,1086,2641,1970,-11.5408,9.4591
6430,214.333,1934,1085,2641,1969,-11.3532,8.7786
6431,214.367,1934,1086,2641,1969,-11.6017,9.0266
6432,214.400,1934,1086,2641,1969,-9.9275,7.6472
6433,214.433,1934,1085,2641,1969,-8.9653,7.8933
6434,214.467,1934,1086,2641,1969,-7.1354,8.8109
6435,214.500,1934,1086,2641,1969,-7.0899,8.6872
6436,214.533,1935,1087,2642,1969,-7.1938,9.7722
6437,214.567,1936,1088,2642,1969,-7.4508,9.5071
6438,214.600,1936,1087,2643,1969,-6.6061,9.5831
6439,214.633,1936,1087,2643,1969,-6.1973,9.0956
6440,214.667,1937,1087,2643,1969,-5.3428,7.4022
6441,214.700,1937,1087,2643,1969,-5.0421,8.2831
6442,214.733,1937,1087,2642,1969,-3.6817,9.9258
6443,214.767,1937,1086,2642,1969,-5.0140,5.4431
6444,214.800,1937,1086,2642,1969,-5.1205,5.8456
6445,214.833,1937,1087,2642,1969,-5.3998,8.3908
6446,214.867,1936,1087,2642,1969,-6.5091,7.3768
6447,214.900,1936,1087,2642,1969,-6.3189,7.4529
6448,214.933,1937,1087,2642,1968,-5.6809,9.6667
6449,214.967,1937,1087,2642,1967,-5.5751,8.8317
6450,215.000,1937,1086,2642,1968,-7.3039,6.2847
6451,215.033,1936,1085,2642,1968,-7.1501,7.0771
6452,215.067,1936,1085,2642,1968,-7.8337,7.4588
6453,215.100,1937,1084,2641,1968,-11.6350,8.5867
6454,215.133,1936,1084,2641,1969,-10.7379,6.3894
6455,215.167,1936,1085,2641,1969,-10.9108,7.8006
6456,215.200,1936,1084,2641,1968,-11.5634,6.7520
6457,215.233,1936,1084,2641,1968,-11.4749,7.4335
6458,215.267,1936,1084,2641,1968,-11.4837,7.1638
6459,215.300,1936,1085,2641,1969,-10.7200,6.8173
6460,215.333,1936,1084,2641,1968,-10.9108,6.8875
6461,215.367,1936,1084,2641,1968,-10.9877,6.9481
6462,215.400,1936,1084,2640,1968,-10.7228,7.2749
6463,215.433,1936,1085,2641,1968,-10.3506,7.7092
6464,215.467,1936,1085,2641,1968,-9.6980,7.7363
6465,215.500,1936,1085,2641,1969,-10.3821,7.8364
6466,215.533,1937,1084,2640,1969,-10.2737,7.9209
6467,215.567,1937,1084,2640,1969,-9.6905,7.5659
6468,215.600,1937,1084,2639,1969,-10.9526,8.5406
6469,215.633,1938,1085,2639,1969,-9.0804,8.7983
6470,215.667,1938,1084,2639,1969,-11.4561,9.4841
6471,215.700,1938,1085,2640,1969,-13.2189,10.6439
6472,215.733,1938,1085,2641,1969,-12.9409,10.0509
6473,215.767,1937,1084,2641,1968,-13.4969,10.6775
6474,215.800,1937,1084,2641,1968,-13.4960,10.2934
6475,215.833,1938,1085,2641,1968,-13.1860,12.6462
6476,215.867,1938,1085,2641,1968,-13.4525,12.6702
6477,215.900,1938,1085,2641,1968,-15.3359,12.5481
6478,215.933,1938,1085,2641,1968,-15.9019,12.1777
6479,215.967,1938,1085,2641,1967,-14.9957,13.0381
6480,216.000,1938,1085,2641,1967,-17.0769,11.5255
6481,216.033,1938,1085,2641,1967,-16.9167,11.4589
6482,216.067,1938,1085,2641,1967,-17.2722,12.0022
6483,216.100,1938,1085,2641,1966,-16.6657,11.6165
6484,216.133,1938,1085,2641,1967,-17.3310,11.5128
6485,216.167,1938,1085,2641,1967,-17.2751,11.3680
6486,216.200,1938,1086,2641,1966,-16.7059,10.2531
6487,216.233,1938,1085,2641,1966,-17.1429,9.8874
6488,216.267,1938,1086,2641,1966,-16.9357,10.0951
6489,216.300,1938,1085,2641,1966,-16.7353,10.3961
6490,216.333,1938,1086,2642,1965,-14.1148,12.1137
6491,216.367,1938,1086,2641,1966,-12.8578,12.1593
6492,216.400,1938,1086,2642,1966,-12.2462,10.6846
6493,216.433,1938,1087,2642,1965,-11.7218,10.4568
6494,216.467,1938,1087,2642,1965,-11.6586,11.0482
6495,216.500,1938,1087,2642,1965,-11.7690,10.6489
6496,216.533,1938,1086,2642,1965,-12.0847,11.0551
6497,216.567,1938,1086,2642,1965,-12.2797,10.2435
6498,216.600,1937,1086,2641,1964,-12.2258,12.1184
6499,216.633,1937,1086,2642,1964,-11.1913,11.2296
6500,216.667,1937,1086,2641,1965,-12.2073,11.1626
6501,216.700,1937,1086,2641,1965,-12.6516,11.0482
6502,216.733,1936,1086,2641,1966,-12.1081,11.6245
6503,216.767,1936,1088,2641,1965,-12.8882,10.4762
6504,216.800,1936,1088,2641,1965,-12.9017,10.4103
6505,216.833,1937,1090,2642,1969,-12.4996,10.9815
6506,216.867,1936,1090,2642,1967,-11.7017,12.5885
6507,216.900,1935,1091,2642,1967,-11.7915,13.3987
6508,216.933,1935,1092,2642,1969,-13.6462,11.0351
6509,216.967,1933,1093,2643,1971,-13.6123,10.9385
6510,217.000,1934,1093,2643,1971,-11.6957,9.6973
6511,217.033,1933,1093,2643,1971,-10.5430,9.3911
6512,217.067,1933,1093,2643,1972,-9.7931,9.0369
6513,217.100,1932,1093,2643,1971,-11.6076,9.4375
6514,217.133,1932,1093,2643,1972,-10.9839,8.2974
6515,217.167,1933,1094,2642,1972,-10.0894,10.0752
6516,217.200,1932,1094,2642,1972,-10.2887,11.2252
6517,217.233,1932,1094,2642,1972,-10.6319,11.3309
6518,217.267,1931,1095,2642,1971,-9.0904,8.6996
6519,217.300,1931,1094,2641,1971,-9.1806,11.2090
6520,217.333,1932,1094,2641,1968,-4.9913,13.7629
6521,217.367,1931,1094,2641,1967,-3.0798,11.8946
6522,217.400,1931,1094,2640,1965,-5.5873,11.5071
6523,217.433,1931,1093,2640,1964,-4.2474,12.5139
6524,217.467,1930,1092,2640,1962,-5.5907,11.1569
6525,217.500,1929,1092,2641,1962,-5.7631,8.2058
6526,217.533,1930,1091,2641,1961,-6.1157,10.2176
6527,217.567,1932,1090,2641,1960,-4.6993,7.8547
6528,217.600,1932,1089,2642,1960,-4.8173,7.5172
6529,217.633,1932,1089,2642,1960,-3.2802,7.3097
6530,217.667,1933,1089,2641,1961,-8.9883,7.4935
6531,217.700,1935,1089,2641,1960,-7.7503,10.8585
6532,217.733,1935,1088,2641,1961,-9.4635,10.2819
6533,217.767,1937,1089,2643,1962,-10.0364,7.8957
6534,217.800,1937,1089,2643,1963,-9.9446,8.1745
6535,217.833,1937,1088,2642,1962,-9.7766,9.1337
6536,217.867,1937,1088,2642,1962,-9.3383,8.6569
6537,217.900,1937,1088,2642,1962,-9.7112,8.9198
6538,217.933,1937,1089,2642,1962,-9.2152,7.0214
6539,217.967,1937,1089,2642,1961,-13.5889,9.1853
6540,218.000,1937,1089,2642,1961,-14.0876,9.1561
6541,218.033,1937,1089,2642,1961,-14.3216,9.8963
6542,218.067,1937,1089,2642,1961,-14.8167,9.3528
6543,218.100,1937,1089,2642,1961,-15.0846,9.2773
6544,218.133,1937,1089,2641,1962,-15.6761,8.5709
6545,218.167,1937,1088,2641,1962,-15.1859,8.2922
6546,218.200,1937,1088,2641,1962,-15.0046,8.4070
6547,218.233,1937,1088,2642,1963,-15.5457,9.5536
6548,218.267,1937,1089,2642,1963,-16.9952,9.1217
6549,218.300,1937,1089,2642,1963,-17.2889,8.9845
6550,218.333,1937,1089,2642,1962,-16.0753,9.6039
6551,218.367,1937,1088,2642,1962,-15.4632,9.6708
6552,218.400,1937,1089,2642,1962,-15.5551,11.4909
6553,218.433,1936,1089,2642,1962,-14.5109,8.8433
6554,218.467,1936,1088,2642,1962,-12.5835,10.7604
6555,218.500,1936,1088,2642,1962,-11.9649,10.2672
6556,218.533,1936,1088,2642,1962,-12.5206,10.4494
6557,218.567,1936,1088,2642,1962,-12.2514,10.4569
6558,218.600,1936,1088,2642,1962,-11.9809,11.1369
6559,218.633,1936,1088,2642,1962,-11.7007,11.1033
6560,218.667,1935,1088,2642,1962,-11.2063,10.4518
6561,218.700,1935,1088,2642,1963,-10.4945,12.0519
6562,218.733,1935,1088,2642,1964,-11.0845,11.6932
6563,218.767,1935,1087,2642,1964,-11.7642,10.7494
6564,218.800,1934,1088,2642,1964,-10.2006,14.8565
6565,218.833,1935,1088,2642,1964,-10.6883,11.5278
6566,218.867,1935,1088,2643,1964,-10.3878,12.2766
6567,218.900,1935,1088,2643,1964,-10.1746,12.9558
6568,218.933,1935,1088,2643,1965,-10.4909,12.0534
6569,218.967,1935,1087,2643,1964,-8.8368,11.8310
6570,219.000,1935,1087,2642,1966,-9.3272,13.0305
6571,219.033,1935,1087,2642,1965,-10.0110,11.8087
6572,219.067,1935,1087,2642,1966,-8.7983,13.4957
6573,219.100,1935,1087,2643,1966,-8.8310,12.8582
6574,219.133,1935,1086,2643,1965,-9.6266,10.8665
6575,219.167,1935,1086,2643,1966,-9.1433,12.3154
6576,219.200,1935,1087,2643,1966,-9.5031,13.6517
6577,219.233,1935,1087,2642,1967,-10.1404,12.0848
6578,219.267,1935,1086,2643,1967,-9.5136,11.1983
6579,219.300,1936,1086,2642,1966,-9.5277,12.8467
6580,219.333,1936,1086,2642,1967,-10.7793,12.6030
6581,219.367,1939,1083,2639,1968,-8.3719,11.0026
6582,219.400,1942,1084,2640,1966,-9.8557,8.5434
6583,219.433,1941,1084,2639,1966,-12.1345,10.1946
6584,219.467,1940,1084,2639,1967,-7.8888,10.3186
6585,219.500,1937,1084,2639,1966,-8.4678,13.6572
6586,219.533,1938,1084,2640,1966,-8.0533,12.8320
6587,219.567,1936,1085,2640,1966,-8.7003,14.0409
6588,219.600,1935,1084,2640,1966,-7.8581,14.4703
6589,219.633,1935,1085,2640,1965,-9.7763,13.0394
6590,219.667,1934,1085,2640,1966,-10.5367,11.6724
6591,219.700,1934,1085,2640,1966,-9.1566,12.2657
6592,219.733,1934,1085,2640,1966,-8.9097,11.8173
6593,219.767,1934,1085,2640,1966,-9.1944,12.0213
6594,219.800,1934,1086,2641,1966,-9.7084,12.9379
6595,219.833,1934,1087,2640,1967,-8.6006,11.8769
6596,219.867,1934,1086,2640,1966,-7.5486,13.5119
6597,219.900,1935,1085,2640,1968,-9.5822,11.8457
6598,219.933,1935,1085,2640,1968,-9.7230,11.6797
6599,219.967,1935,1085,2640,1968,-9.4438,10.4937
6600,220.000,1934,1086,2640,1969,-7.6217,12.3477
6601,220.033,1934,1086,2640,1969,-7.8194,12.7543
6602,220.067,1934,1085,2640,1970,-10.3023,10.9583
6603,220.100,1934,1085,2640,1970,-10.6183,9.6370
6604,220.133,1934,1085,2640,1969,-9.6684,11.7404
6605,220.167,1934,1085,2640,1969,-9.4591,11.6073
6606,220.200,1934,1085,2640,1970,-10.9087,11.5898
6607,220.233,1934,1085,2640,1970,-10.8654,11.4057
6608,220.267,1934,1085,2640,1970,-11.3952,11.9776
6609,220.300,1935,1085,2640,1970,-12.1503,12.9700
6610,220.333,1935,1086,2641,1970,-13.0275,13.0537
6611,220.367,1936,1086,2641,1970,-15.6830,13.8401
6612,220.400,1935,1086,2641,1970,-14.0163,13.3802
6613,220.433,1935,1085,2641,1970,-15.2000,11.0307
6614,220.467,1935,1086,2641,1970,-13.3349,14.5661
6615,220.500,1935,1086,2641,1970,-12.8431,14.6426
6616,220.533,1936,1085,2641,1970,-14.8102,12.4811
6617,220.567,1936,1085,2642,1969,-12.9647,12.7762
6618,220.600,1936,1086,2642,1969,-12.2701,12.3036
6619,220.633,1936,1086,2642,1969,-12.4715,12.4262
6620,220.667,1936,1086,2642,1970,-13.5450,12.1306
6621,220.700,1936,1086,2642,1971,-14.8967,10.6398
6622,220.733,1936,1086,2642,1970,-14.1722,11.6915
6623,220.767,1936,1086,2642,1970,-14.1168,11.7464
6624,220.800,1936,1086,2642,1970,-13.8724,11.4630
6625,220.833,1936,1086,2641,1971,-15.4921,10.3660
6626,220.867,1936,1087,2641,1970,-15.8725,10.9421
6627,220.900,1936,1086,2641,1970,-14.9467,9.7567
6628,220.933,1936,1086,2641,1970,-14.7554,9.3014
6629,220.967,1936,1090,2641,1968,-7.5840,13.1492
6630,221.000,1936,1089,2642,1970,-5.2127,13.1652
6631,221.033,1936,1089,2642,1971,-4.2208,14.6995
6632,221.067,1936,1089,2642,1971,-4.1913,15.5771
6633,221.100,1936,1089,2642,1971,-3.9051,15.2727
6634,221.133,1936,1088,2642,1970,-5.4503,15.5334
6635,221.167,1937,1087,2643,1971,-3.6348,14.9669
6636,221.200,1937,1087,2643,1971,-3.6359,14.7963
6637,221.233,1937,1086,2642,1971,-3.9043,13.9419
6638,221.267,1937,1086,2642,1972,-2.0598,14.4416
6639,221.300,1936,1084,2642,1972,-2.7094,15.7871
6640,221.333,1937,1085,2642,1971,-1.9171,15.9527
6641,221.367,1937,1083,2642,1971,1.6388,15.7485
6642,221.400,1937,1083,2642,1971,0.8691,16.0619
6643,221.433,1937,1083,2642,1970,0.9763,15.1008
6644,221.467,1937,1083,2641,1970,-0.6969,18.3641
6645,221.500,1937,1083,2641,1969,-3.9094,15.5327
6646,221.533,1937,1083,2641,1968,-9.5522,19.0095
6647,221.567,1937,1084,2641,1968,-10.1269,16.0714
6648,221.600,1936,1084,2641,1967,-10.1141,17.3296
6649,221.633,1937,1085,2642,1966,-8.4099,14.0583
6650,221.667,1937,1086,2642,1966,-8.9604,13.9577
6651,221.700,1936,1087,2642,1967,-9.6634,17.5286
6652,221.733,1937,1086,2642,1967,-8.7971,15.9408
6653,221.767,1937,1086,2642,1968,-8.6046,17.1219
6654,221.800,1937,1086,2641,1968,-10.6269,15.6176
6655,221.833,1937,1087,2641,1968,-9.9517,17.3199
6656,221.867,1937,1086,2641,1968,-10.7565,14.9548
6657,221.900,1937,1087,2641,1968,-9.3223,17.9924
6658,221.933,1937,1087,2641,1969,-11.3284,19.2759
6659,221.967,1937,1087,2641,1969,-12.0298,18.3822
6660,222.000,1936,1088,2641,1969,-9.8043,15.6616
6661,222.033,1936,1088,2641,1969,-9.5767,14.8270
6662,222.067,1936,1088,2641,1969,-9.8318,13.8662
6663,222.100,1937,1088,2641,1970,-11.5997,14.6806
6664,222.133,1937,1088,2641,1970,-15.9282,11.5535
6665,222.167,1938,1088,2642,1969,-14.2997,10.7929
6666,222.200,1938,1089,2642,1968,-14.1899,11.8055
6667,222.233,1938,1090,2642,1968,-13.9495,11.7839
6668,222.267,1938,1089,2643,1968,-13.9364,12.8823
6669,222.300,1938,1089,2643,1967,-13.8488,11.8000
6670,222.333,1937,1089,2643,1968,-13.5463,10.7966
6671,222.367,1937,1089,2643,1968,-13.8339,10.7887
6672,222.400,1937,1090,2644,1969,-13.4920,11.2701
6673,222.433,1937,1090,2644,1969,-13.1842,10.8438
6674,222.467,1937,1090,2644,1969,-13.4014,11.1171
6675,222.500,1937,1090,2644,1969,-13.2052,10.9438
6676,222.533,1937,1090,2643,1969,-12.7984,11.4065
6677,222.567,1937,1089,2643,1968,-14.4426,12.2160
6678,222.600,1938,1088,2643,1968,-15.2347,10.9066
6679,222.633,1938,1089,2643,1968,-14.0973,12.3714
6680,222.667,1937,1087,2642,1968,-14.1287,12.0424
6681,222.700,1937,1088,2642,1968,-15.6031,11.7907
6682,222.733,1937,1088,2642,1968,-15.6219,14.0123
6683,222.767,1936,1088,2642,1968,-12.7037,13.1740
6684,222.800,1936,1088,2642,1969,-9.4851,10.4166
6685,222.833,1936,1088,2643,1969,-8.2287,12.0214
6686,222.867,1936,1087,2643,1970,-8.9887,12.0472
6687,222.900,1937,1087,2642,1969,-10.1136,10.6935
6688,222.933,1937,1086,2642,1969,-11.5841,10.4649
6689,222.967,1937,1085,2642,1969,-11.6505,11.4138
6690,223.000,1937,1086,2642,1969,-10.6338,11.9314
6691,223.033,1936,1086,2642,1968,-9.0396,11.6775
6692,223.067,1936,1086,2642,1968,-9.1619,12.3165
6693,223.100,1936,1085,2642,1968,-10.2079,11.6453
6694,223.133,1936,1085,2642,1968,-10.2535,12.3636
6695,223.167,1936,1085,2642,1968,-10.3430,11.6186
6696,223.200,1936,1085,2642,1968,-10.4394,11.6460
6697,223.233,1936,1085,2642,1967,-10.2999,10.1850
6698,223.267,1936,1086,2642,1968,-9.2765,10.8563
6699,223.300,1936,1086,2642,1969,-10.1668,11.2876
6700,223.333,1936,1086,2642,1968,-9.8210,10.7257
6701,223.367,1936,1086,2642,1968,-9.8987,11.4942
6702,223.400,1936,1086,2642,1968,-8.9578,11.0293
6703,223.433,1936,1086,2642,1969,-9.7794,9.1145
6704,223.467,1937,1086,2642,1969,-11.7935,10.6267
6705,223.500,1937,1086,2642,1969,-11.4669,10.1894
6706,223.533,1936,1086,2643,1969,-7.9803,11.0856
6707,223.567,1936,1086,2643,1969,-7.9087,11.5950
6708,223.600,1936,1085,2643,1969,-10.6553,9.8479
6709,223.633,1936,1085,2643,1968,-9.9146,7.9332
6710,223.667,1937,1085,2643,1969,-10.2353,9.2194
6711,223.700,1937,1086,2643,1969,-9.8618,8.2802
6712,223.733,1938,1086,2643,1969,-10.8388,7.9502
6713,223.767,1938,1087,2642,1970,-8.5099,6.8037
6714,223.800,1937,1087,2642,1971,-9.3547,8.3429
6715,223.833,1937,1087,2643,1971,-9.0528,7.8826
6716,223.867,1937,1087,2642,1970,-8.6116,6.9841
6717,223.900,1938,1086,2642,1970,-9.6602,7.2466
6718,223.933,1938,1086,2642,1969,-9.5763,6.5894
6719,223.967,1937,1086,2642,1970,-9.8472,8.9099
6720,224.000,1937,1086,2642,1970,-10.7707,10.5144
6721,224.033,1937,1086,2642,1970,-10.6285,10.1106
6722,224.067,1937,1086,2642,1969,-9.8964,9.9943
6723,224.100,1937,1086,2642,1969,-10.1889,10.3370
6724,224.133,1937,1086,2642,1968,-10.3569,10.4150
6725,224.167,1937,1086,2642,1969,-9.8628,10.0380
6726,224.200,1937,1087,2642,1969,-8.5008,11.0063
6727,224.233,1937,1087,2642,1969,-8.6082,11.4721
6728,224.267,1937,1087,2643,1969,-8.3067,9.9038
6729,224.300,1937,1087,2643,1969,-8.1331,8.9630
6730,224.333,1937,1087,2643,1969,-8.2550,9.3810
6731,224.367,1937,1086,2643,1969,-8.0296,9.6698
6732,224.400,1937,1087,2643,1969,-8.3986,9.1324
6733,224.433,1937,1086,2643,1969,-8.3869,10.8856
6734,224.467,1937,1087,2643,1969,-8.2896,9.4331
6735,224.500,1937,1087,2643,1969,-8.9371,8.6601
6736,224.533,1937,1087,2643,1968,-8.4653,10.2271
6737,224.567,1937,1087,2643,1968,-9.0725,9.9262
6738,224.600,1937,1086,2643,1967,-9.0607,10.5261
6739,224.633,1937,1086,2643,1967,-8.8426,10.7118
6740,224.667,1937,1086,2643,1967,-9.5247,9.5400
6741,224.700,1937,1086,2643,1967,-9.3945,9.0763
6742,224.733,1937,1086,2643,1967,-9.7603,9.3064
6743,224.767,1937,1086,2643,1967,-9.8017,9.5946
6744,224.800,1937,1086,2643,1967,-9.4557,9.9491
6745,224.833,1937,1086,2643,1967,-9.2570,10.1217
6746,224.867,1936,1086,2643,1967,-8.9040,10.1237
6747,224.900,1936,1086,2643,1966,-8.8369,8.8664
6748,224.933,1936,1086,2643,1967,-8.2314,10.6250
6749,224.967,1936,1086,2643,1967,-8.1785,11.2207
6750,225.000,1937,1084,2643,1967,-9.7943,11.7043
6751,225.033,1937,1084,2643,1967,-10.1152,12.1557
6752,225.067,1937,1084,2643,1966,-10.2706,11.3034
6753,225.100,1937,1084,2643,1966,-10.2816,11.0747
6754,225.133,1937,1084,2643,1967,-10.5702,12.8109
6755,225.167,1937,1084,2643,1967,-10.8723,12.4739
6756,225.200,1937,1084,2643,1966,-10.8211,10.9026
6757,225.233,1937,1084,2643,1966,-10.8342,10.5056
6758,225.267,1937,1084,2643,1966,-10.5736,10.6328
6759,225.300,1937,1084,2643,1966,-10.4773,10.8312
6760,225.333,1937,1084,2643,1966,-10.2874,10.9906
6761,225.367,1937,1084,2643,1967,-10.2825,11.7783
6762,225.400,1937,1084,2643,1967,-10.2565,12.0584
6763,225.433,1938,1084,2644,1966,-9.5175,11.3168
6764,225.467,1938,1084,2644,1967,-9.1538,10.9982
6765,225.500,1938,1083,2644,1966,-8.8875,10.6325
6766,225.533,1938,1084,2644,1966,-9.4284,10.8929
6767,225.567,1938,1084,2644,1966,-9.2444,10.5893
6768,225.600,1938,1084,2644,1966,-9.2692,10.7509
6769,225.633,1938,1084,2644,1966,-9.4543,10.7380
6770,225.667,1938,1084,2644,1967,-8.8893,10.9478
6771,225.700,1938,1084,2644,1967,-9.1434,10.5538
6772,225.733,1938,1084,2644,1967,-9.1261,10.5863
6773,225.767,1938,1084,2644,1966,-8.9376,10.3497
6774,225.800,1938,1084,2644,1966,-9.2781,10.0547
6775,225.833,1937,1085,2644,1966,-8.6826,10.6210
6776,225.867,1937,1085,2644,1966,-8.5331,10.1865
6777,225.900,1937,1085,2644,1966,-8.6607,9.6026
6778,225.933,1937,1085,2644,1966,-8.8807,9.9391
6779,225.967,1937,1085,2643,1966,-9.3472,10.3241
6780,226.000,1936,1085,2643,1966,-9.3926,11.1623
6781,226.033,1936,1086,2643,1966,-7.9364,10.2522
6782,226.067,1936,1086,2643,1967,-8.7752,10.4786
6783,226.100,1936,1086,2643,1967,-8.7943,10.4900
6784,226.133,1936,1086,2643,1967,-8.9927,10.4050
6785,226.167,1936,1085,2643,1967,-9.3900,11.3686
6786,226.200,1936,1085,2643,1968,-9.1851,9.1062
6787,226.233,1936,1085,2643,1968,-9.2206,9.1299
6788,226.267,1936,1085,2642,1967,-10.7468,9.5165
6789,226.300,1936,1084,2642,1967,-9.5581,9.0980
6790,226.333,1936,1084,2642,1967,-9.6882,8.6383
6791,226.367,1936,1084,2642,1967,-9.4585,8.8414
6792,226.400,1936,1084,2642,1968,-10.1295,9.9146
6793,226.433,1936,1084,2642,1968,-10.1174,9.9342
6794,226.467,1935,1082,2641,1968,-10.4234,9.4578
6795,226.500,1937,1083,2639,1968,-9.4075,9.4335
6796,226.533,1938,1084,2638,1969,-8.8044,7.7578
6797,226.567,1941,1083,2639,1967,-8.6314,8.2472
6798,226.600,1937,1081,2640,1968,-9.5619,4.5969
6799,226.633,1937,1082,2640,1967,-7.5523,5.9727
6800,226.667,1936,1082,2640,1968,-8.7505,5.2355
6801,226.700,1935,1080,2641,1967,-7.7370,3.1853
6802,226.733,1936,1081,2641,1968,-7.4547,0.8342
6803,226.767,1936,1080,2641,1968,-9.1118,1.4025
6804,226.800,1936,1080,2641,1968,-9.6990,1.0228
6805,226.833,1937,1080,2641,1968,-9.1977,2.0495
6806,226.867,1941,1079,2639,1966,-6.5122,2.7514
6807,226.900,1941,1078,2639,1966,-6.4178,4.6671
6808,226.933,1939,1082,2640,1967,-5.3498,8.8421
6809,226.967,1937,1083,2641,1967,-5.9237,11.8490
6810,227.000,1937,1084,2641,1968,-7.2684,12.1266
6811,227.033,1937,1083,2642,1968,-7.8843,13.8547
6812,227.067,1936,1084,2643,1968,-7.5728,10.8820
6813,227.100,1936,1083,2643,1967,-7.7382,12.2103
6814,227.133,1936,1084,2643,1967,-7.2074,10.0859
6815,227.167,1936,1085,2643,1967,-6.8088,10.2195
6816,227.200,1936,1085,2643,1967,-7.0923,11.5049
6817,227.233,1936,1086,2643,1968,-6.6154,11.0009
6818,227.267,1935,1086,2642,1967,-8.2198,10.7143
6819,227.300,1935,1085,2642,1968,-8.2881,10.5544
6820,227.333,1935,1085,2642,1967,-8.2938,11.6393
6821,227.367,1937,1085,2642,1967,-16.6306,13.0896
6822,227.400,1937,1085,2642,1967,-17.0727,11.3712
6823,227.433,1937,1085,2642,1967,-16.9267,11.2690
6824,227.467,1937,1085,2642,1966,-16.5431,12.2904
6825,227.500,1936,1085,2642,1966,-15.2602,10.9700
6826,227.533,1936,1085,2642,1967,-15.3751,12.1209
6827,227.567,1936,1085,2642,1967,-14.5169,11.3603
6828,227.600,1936,1085,2642,1967,-14.7341,11.3473
6829,227.633,1936,1085,2643,1967,-16.5051,11.8955
6830,227.667,1936,1085,2643,1967,-16.1868,11.7920
6831,227.700,1957,1120,2738,2070,-22.0942,12.8444
6832,227.733,1957,1120,2738,2070,-21.4619,13.5329
6833,227.767,1957,1120,2738,2070,-22.3135,13.5314
6834,227.800,1957,1119,2738,2070,-22.5972,15.1424
6835,227.833,1956,1120,2739,2073,-22.4758,11.1100
6836,227.867,1957,1121,2739,2072,-20.1337,13.3231
6837,227.900,1957,1122,2739,2074,-21.5837,13.4620
6838,227.933,1956,1122,2740,2074,-18.9777,13.1435
6839,227.967,1956,1123,2740,2075,-17.8215,13.7264
6840,228.000,1956,1121,2740,2073,-20.1272,13.3692
6841,228.033,1956,1122,2740,2073,-19.7824,13.6543
6842,228.067,1956,1122,2740,2073,-19.6129,13.5213
6843,228.100,1956,1122,2740,2073,-19.9128,13.6569
6844,228.133,1956,1122,2740,2073,-20.2627,13.8660
6845,228.167,1957,1122,2741,2074,-18.7201,12.5424
6846,228.200,1957,1122,2741,2074,-18.8279,12.9830
6847,228.233,1956,1122,2740,2073,-19.4751,14.3923
6848,228.267,1956,1122,2740,2074,-19.2455,13.8472
6849,228.300,1956,1122,2740,2074,-19.6527,13.8790
6850,228.333,1956,1123,2740,2074,-18.2654,15.1022
6851,228.367,1956,1123,2740,2074,-18.6230,14.2374
6852,228.400,1956,1123,2740,2074,-18.8095,13.3218
6853,228.433,1956,1123,2740,2074,-18.7378,13.2975
6854,228.467,1956,1123,2740,2073,-18.0998,13.1608
6855,228.500,1956,1123,2740,2074,-19.2423,13.7226
6856,228.533,1956,1123,2739,2074,-19.6917,14.3721
6857,228.567,1957,1123,2739,2074,-19.7569,14.3330
6858,228.600,1956,1123,2739,2074,-19.5840,14.6214
6859,228.633,1957,1124,2739,2074,-18.8229,15.0864
6860,228.667,1957,1123,2740,2074,-18.8234,15.2197
6861,228.700,1957,1124,2740,2074,-18.6699,14.8320
6862,228.733,1957,1124,2740,2074,-18.7761,14.8799
6863,228.767,1957,1124,2741,2074,-19.9568,13.7657
6864,228.800,1957,1124,2741,2074,-19.7360,14.2631
6865,228.833,1957,1124,2740,2074,-18.5522,14.5431
6866,228.867,1957,1123,2739,2074,-17.9359,15.7039
6867,228.900,1957,1123,2739,2074,-17.5291,14.5475
6868,228.933,1957,1123,2739,2074,-17.5319,14.6233
6869,228.967,1956,1123,2739,2074,-17.1468,15.0613
6870,229.000,1957,1123,2740,2074,-16.7823,13.8100
6871,229.033,1957,1123,2739,2074,-16.9482,15.1082
6872,229.067,1957,1123,2739,2074,-17.3326,14.7426
6873,229.100,1957,1123,2738,2074,-18.6338,14.3515
6874,229.133,1957,1122,2738,2074,-17.8303,12.2326
6875,229.167,1957,1122,2738,2075,-17.4173,12.4442
6876,229.200,1957,1122,2738,2075,-17.5134,12.5162
6877,229.233,1958,1122,2738,2075,-19.0308,13.0294
6878,229.267,1957,1123,2739,2075,-19.1283,13.6707
6879,229.300,1957,1122,2738,2075,-18.3959,14.2310
6880,229.333,1957,1122,2738,2075,-19.0217,14.1767
6881,229.367,1957,1122,2738,2074,-19.5110,13.3992
6882,229.400,1957,1122,2738,2074,-20.7693,13.6472
6883,229.433,1957,1122,2738,2074,-21.0183,13.8862
6884,229.467,1957,1122,2738,2074,-21.2281,13.7035
6885,229.500,1957,1122,2738,2074,-21.1724,13.8026
6886,229.533,1957,1122,2738,2074,-21.6026,13.2789
6887,229.567,1957,1122,2738,2074,-21.0245,13.6051
6888,229.600,1957,1122,2738,2074,-20.8138,13.3951
6889,229.633,1957,1122,2739,2074,-22.2086,13.6724
6890,229.667,1957,1122,2738,2074,-20.5773,13.4362
6891,229.700,1957,1122,2739,2074,-21.7068,13.3224
6892,229.733,1957,1123,2739,2075,-21.4691,12.4907
6893,229.767,1957,1122,2739,2075,-22.4699,11.9053
6894,229.800,1957,1122,2739,2074,-22.9611,14.1111
6895,229.833,1957,1122,2739,2074,-23.0764,13.8937
6896,229.867,1957,1122,2739,2074,-23.2481,14.3175
6897,229.900,1957,1122,2739,2074,-23.4013,14.4425
6898,229.933,1957,1122,2739,2074,-22.9046,14.0716
6899,229.967,1957,1122,2739,2075,-23.7206,13.3696
6900,230.000,1957,1121,2739,2074,-21.4828,13.2045
6901,230.033,1957,1121,2738,2074,-18.0051,12.6114
6902,230.067,1958,1122,2739,2074,-17.3051,11.8501
6903,230.100,1958,1122,2739,2074,-16.7902,12.3623
6904,230.133,1958,1123,2739,2074,-22.0192,12.1176
6905,230.167,1958,1126,2731,2070,-17.1721,16.3962
6906,230.200,1958,1121,2733,2068,-16.6843,18.3772
6907,230.233,1961,1114,2732,2063,-18.0683,16.9490
6908,230.267,1974,1112,2728,2053,-16.7381,13.3479
6909,230.300,1976,1110,2729,2046,-16.5712,11.9917
6910,230.333,1993,1096,2734,2045,-16.8136,16.3704
6911,230.367,2001,1094,2733,2039,-14.8702,12.0250
6912,230.400,2005,1094,2734,2034,-14.7587,14.1763
6913,230.433,2010,1094,2732,2029,-15.8272,12.4703
6914,230.467,2018,1090,2731,2018,-15.3522,9.6260
6915,230.500,2017,1090,2732,2016,-15.4123,13.2770
6916,230.533,2024,1095,2732,2011,-16.2147,15.8823
6917,230.567,2031,1091,2731,2008,-13.8762,12.5023
6918,230.600,2032,1095,2732,2007,-12.8725,13.3612
6919,230.633,2033,1096,2733,2009,-13.5154,15.1514
6920,230.667,2035,1092,2733,2009,-13.1189,12.0231
6921,230.700,2035,1094,2734,2010,-12.5598,9.7971
6922,230.733,2039,1094,2733,2010,-12.3246,12.8177
6923,230.767,2040,1092,2732,2009,-9.4204,11.4824
6924,230.800,2040,1089,2732,2007,-10.9557,10.4887
6925,230.833,2039,1090,2731,2007,-11.2982,10.8654
6926,230.867,2040,1092,2731,2006,-13.1675,12.0847
6927,230.900,2040,1092,2731,2007,-13.1999,10.7366
6928,230.933,2040,1093,2731,2007,-12.6049,11.0386
6929,230.967,2039,1094,2731,2007,-12.0594,9.0645
6930,231.000,2039,1091,2731,2007,-13.5721,10.9827
6931,231.033,2038,1092,2731,2007,-19.5390,16.4889
6932,231.067,2038,1092,2731,2007,-19.4371,17.2644
6933,231.100,2038,1091,2731,2007,-18.7389,14.4413
6934,231.133,2038,1091,2731,2007,-19.5443,14.7217
6935,231.167,2038,1091,2732,2007,-21.8955,13.8637
6936,231.200,2039,1091,2732,2007,-21.3539,13.2582
6937,231.233,2039,1091,2732,2006,-21.8473,12.5378
6938,231.267,2039,1091,2732,2007,-21.6952,11.9073
6939,231.300,2040,1092,2732,2006,-22.6675,14.4028
6940,231.333,2040,1092,2732,2007,-22.1654,14.1142
6941,231.367,2040,1093,2732,2007,-21.7730,13.5493
6942,231.400,2040,1093,2732,2008,-21.8109,13.4368
6943,231.433,2040,1093,2732,2009,-22.3241,13.6227
6944,231.467,2040,1093,2732,2009,-22.4496,13.4152
6945,231.500,2041,1094,2732,2009,-22.4414,13.5367
6946,231.533,2041,1094,2732,2009,-23.1632,13.6746
6947,231.567,2042,1093,2733,2008,-23.3085,14.0681
6948,231.600,2042,1093,2733,2007,-22.4779,13.7884
6949,231.633,2042,1093,2733,2006,-21.8246,12.4538
6950,231.667,2042,1093,2733,2006,-21.5263,13.0803
6951,231.700,2042,1093,2733,2005,-22.7815,13.5010
6952,231.733,2042,1093,2733,2006,-22.7171,12.3429
6953,231.767,2041,1093,2733,2005,-22.0300,12.2558
6954,231.800,2041,1093,2732,2006,-23.0016,12.7038
6955,231.833,2041,1093,2733,2006,-22.8220,14.0317
6956,231.867,2041,1093,2732,2006,-23.3468,13.4062
6957,231.900,2041,1091,2733,2006,-20.5970,12.4363
6958,231.933,2041,1091,2733,2006,-20.0469,13.0414
6959,231.967,2041,1091,2733,2007,-20.2825,12.9828
6960,232.000,2041,1092,2733,2008,-22.0048,13.8077
6961,232.033,2041,1092,2733,2008,-21.8738,13.7665
6962,232.067,2042,1092,2733,2008,-21.3394,14.8511
6963,232.100,2042,1092,2733,2008,-21.1368,14.9407
6964,232.133,2042,1092,2733,2007,-20.5104,14.5970
6965,232.167,2042,1092,2733,2007,-21.4739,14.7939
6966,232.200,2042,1092,2734,2007,-21.1786,16.8627
6967,232.233,2042,1093,2734,2008,-21.7558,15.0631
6968,232.267,2042,1094,2734,2008,-21.6201,14.2910
6969,232.300,2043,1094,2734,2008,-22.9660,15.2622
6970,232.333,2043,1094,2734,2009,-23.5922,15.9301
6971,232.367,2043,1094,2734,2009,-23.8109,15.8161
6972,232.400,2043,1094,2734,2009,-23.4294,15.3405
6973,232.433,2044,1094,2734,2009,-22.5663,14.5665
6974,232.467,2044,1094,2734,2008,-23.5681,14.5490
6975,232.500,2044,1094,2734,2009,-22.5838,14.9830
6976,232.533,2044,1094,2734,2009,-22.5075,14.1551
6977,232.567,2044,1094,2734,2010,-23.7294,14.3920
6978,232.600,2045,1094,2734,2010,-22.2016,15.2860
6979,232.633,2045,1094,2735,2011,-22.8261,15.5773
6980,232.667,2045,1094,2734,2010,-22.3102,14.6711
6981,232.700,2044,1093,2734,2010,-22.8673,13.2954
6982,232.733,2045,1093,2734,2010,-22.2541,14.6745
6983,232.767,2045,1093,2735,2010,-23.3388,14.2121
6984,232.800,2044,1092,2734,2009,-22.9592,13.2952
6985,232.833,2044,1092,2734,2009,-23.8222,14.2906
6986,232.867,2044,1092,2735,2010,-24.0063,15.8638
6987,232.900,2044,1091,2735,2010,-24.4435,15.8358
6988,232.933,2044,1091,2735,2010,-24.3204,16.0332
6989,232.967,2044,1091,2735,2010,-24.5417,15.9441
6990,233.000,2045,1092,2736,2009,-21.9305,14.3756
6991,233.033,2044,1091,2736,2009,-23.4518,14.0084
6992,233.067,2045,1091,2736,2009,-23.8638,15.1510
6993,233.100,2044,1091,2736,2009,-23.1768,14.6523
6994,233.133,2044,1091,2736,2009,-23.7377,14.9473
6995,233.167,2044,1091,2737,2010,-22.1839,14.9043
6996,233.200,2044,1091,2737,2010,-22.4876,15.5078
6997,233.233,2044,1091,2737,2009,-24.0238,15.3902
6998,233.267,2044,1091,2737,2009,-22.9738,15.8345
6999,233.300,2043,1092,2737,2009,-23.5986,15.2475
7000,233.333,2043,1092,2737,2009,-23.0145,14.9923
7001,233.367,2044,1094,2736,2009,-21.1735,14.7394
7002,233.400,2043,1093,2736,2009,-20.8672,13.1196
7003,233.433,2044,1093,2737,2009,-20.8268,13.2846
7004,233.467,2044,1093,2737,2009,-20.9236,13.1969
7005,233.500,2044,1093,2737,2008,-21.4265,12.7227
7006,233.533,2044,1093,2737,2009,-20.9834,12.5943
7007,233.567,2044,1093,2737,2009,-20.8582,11.9618
7008,233.600,2044,1093,2737,2008,-21.0334,12.4008
7009,233.633,2044,1093,2737,2008,-21.0007,12.4544
7010,233.667,2044,1093,2736,2008,-21.1339,12.7387
7011,233.700,2044,1093,2736,2009,-22.3253,12.2235
7012,233.733,2044,1093,2736,2009,-22.8284,12.7511
7013,233.767,2044,1093,2737,2010,-21.6824,12.9342
7014,233.800,2044,1093,2736,2010,-22.6503,12.3756
7015,233.833,2044,1093,2737,2010,-22.2190,12.7145
7016,233.867,2044,1093,2737,2010,-22.6477,12.5546
7017,233.900,2044,1092,2737,2010,-22.3215,14.6164
7018,233.933,2044,1092,2737,2009,-20.1760,14.6741
7019,233.967,2044,1092,2737,2010,-22.0509,14.6253
7020,234.000,2043,1092,2737,2010,-21.3109,13.1449
7021,234.033,2043,1092,2737,2010,-21.7580,13.5962
7022,234.067,2044,1092,2737,2010,-21.9134,14.2596
7023,234.100,2044,1092,2737,2009,-21.3262,14.2740
7024,234.133,2044,1092,2737,2009,-20.8326,14.8875
7025,234.167,2044,1092,2737,2009,-21.2008,14.9438
7026,234.200,2044,1092,2737,2009,-21.2809,15.0147
7027,234.233,2044,1092,2737,2009,-21.2179,15.0132
7028,234.267,2044,1092,2736,2009,-23.1766,15.0816
7029,234.300,2044,1092,2736,2009,-22.3952,14.5864
7030,234.333,2044,1092,2736,2010,-21.6500,14.9091
7031,234.367,2044,1093,2736,2010,-23.1889,12.8383
7032,234.400,2044,1093,2736,2010,-23.3605,13.0473
7033,234.433,2045,1092,2736,2009,-21.7585,13.5997
7034,234.467,2045,1092,2736,2009,-21.7108,13.6879
7035,234.500,2045,1092,2736,2009,-21.7340,13.4807
7036,234.533,2045,1092,2736,2010,-23.0320,13.0399
7037,234.567,2045,1093,2736,2010,-21.5483,15.0276
7038,234.600,2045,1093,2736,2009,-23.1676,15.5005
7039,234.633,2044,1093,2736,2009,-23.1912,15.1562
7040,234.667,2045,1092,2736,2009,-22.1029,13.6088
7041,234.700,2045,1092,2736,2009,-22.4239,14.4056
7042,234.733,2044,1092,2736,2009,-22.3632,15.4304
7043,234.767,2044,1092,2736,2009,-22.0981,14.9025
7044,234.800,2044,1092,2736,2009,-22.5010,14.2424
7045,234.833,2044,1092,2736,2010,-21.0832,14.4168
7046,234.867,2044,1091,2736,2010,-21.7880,13.3282
7047,234.900,2044,1091,2737,2010,-21.1707,13.6058
7048,234.933,2045,1092,2737,2010,-21.1020,14.8033
7049,234.967,2045,1091,2737,2010,-21.7106,13.5971
7050,235.000,2045,1092,2737,2009,-22.9367,17.3555
7051,235.033,2045,1092,2736,2009,-21.7275,16.1977
7052,235.067,2045,1092,2736,2009,-21.8301,16.1762
7053,235.100,2045,1093,2736,2010,-21.7940,17.1409
7054,235.133,2045,1092,2736,2009,-21.3641,15.5484
7055,235.167,2045,1092,2736,2009,-21.3377,14.9886
7056,235.200,2045,1092,2736,2009,-21.1172,15.2718
7057,235.233,2045,1092,2736,2009,-21.5468,15.2012
7058,235.267,2045,1092,2736,2009,-21.7859,15.1851
7059,235.300,2045,1092,2736,2009,-21.5905,14.9744
7060,235.333,2045,1092,2736,2008,-22.1733,14.9245
7061,235.367,2045,1092,2736,2008,-21.8926,14.8547
7062,235.400,2045,1092,2737,2008,-21.7276,13.6751
7063,235.433,2046,1093,2736,2008,-21.0996,16.0325
7064,235.467,2046,1093,2736,2008,-20.9930,16.1619
7065,235.500,2046,1093,2736,2008,-20.9979,15.5054
7066,235.533,2046,1093,2736,2008,-21.0634,15.9803
7067,235.567,2046,1093,2736,2007,-21.8530,15.4625
7068,235.600,2046,1093,2736,2007,-22.0300,15.5120
7069,235.633,2046,1093,2736,2007,-22.5723,15.4731
7070,235.667,2046,1093,2736,2007,-22.9224,15.3207
7071,235.700,2046,1093,2736,2007,-23.4234,16.1445
7072,235.733,2046,1093,2736,2007,-23.3271,15.9701
7073,235.767,2046,1093,2736,2007,-23.5303,15.6008
7074,235.800,2046,1093,2736,2007,-22.5653,15.9581
7075,235.833,2046,1092,2735,2006,-22.3257,15.7127
7076,235.867,2046,1092,2736,2007,-22.2614,15.2227
7077,235.900,2046,1092,2735,2006,-22.7164,15.8658
7078,235.933,2046,1092,2735,2006,-22.6996,15.9368
7079,235.967,2046,1092,2735,2006,-23.1360,16.4491
7080,236.000,2046,1093,2735,2007,-21.3802,15.1859
7081,236.033,2046,1093,2735,2007,-21.9227,15.7185
7082,236.067,2046,1092,2735,2007,-21.6520,17.0797
7083,236.100,2046,1092,2735,2006,-22.0208,16.4369
7084,236.133,2046,1091,2736,2006,-21.7126,16.1609
7085,236.167,2047,1091,2736,2006,-21.1122,17.3645
7086,236.200,2046,1092,2736,2006,-22.6794,16.9004
7087,236.233,2046,1091,2736,2006,-21.3108,17.3249
7088,236.267,2047,1091,2735,2006,-23.5032,15.4424
7089,236.300,2047,1091,2736,2006,-20.7882,17.2487
7090,236.333,2047,1091,2735,2006,-23.0186,15.2300
7091,236.367,2047,1091,2735,2006,-23.3872,14.9765
7092,236.400,2047,1091,2735,2006,-23.2068,15.5953
7093,236.433,2047,1091,2735,2005,-23.2850,15.7718
7094,236.467,2046,1091,2735,2006,-21.9526,15.8916
7095,236.500,2045,1091,2735,2007,-22.3999,19.0493
7096,236.533,2045,1092,2735,2008,-23.0359,15.0706
7097,236.567,2043,1095,2735,2011,-20.6185,11.2537
7098,236.600,2043,1095,2735,2011,-20.5419,11.2372
7099,236.633,2043,1096,2735,2011,-21.9390,13.2125
7100,236.667,2043,1096,2735,2011,-21.7059,13.1155
7101,236.700,2043,1096,2735,2011,-21.9193,13.2455
7102,236.733,2043,1096,2735,2011,-22.1677,13.4619
7103,236.767,2043,1096,2735,2011,-22.5552,13.6324
7104,236.800,2043,1096,2735,2011,-22.5889,13.8720
7105,236.833,2043,1096,2735,2011,-22.3242,13.4485
7106,236.867,2043,1096,2735,2010,-21.7567,12.7828
7107,236.900,2043,1096,2735,2010,-21.8299,12.9920
7108,236.933,2043,1096,2735,2010,-21.4840,11.9599
7109,236.967,2043,1095,2735,2010,-22.2262,11.6525
7110,237.000,2043,1095,2735,2010,-21.1641,13.1142
7111,237.033,2043,1095,2735,2009,-20.4451,13.0384
7112,237.067,2043,1096,2735,2010,-21.3107,11.9655
7113,237.100,2043,1096,2735,2010,-21.0761,11.6141
7114,237.133,2043,1095,2735,2009,-20.4968,13.2232
7115,237.167,2044,1095,2735,2009,-20.3282,12.1457
7116,237.200,2044,1095,2735,2009,-20.0716,11.9277
7117,237.233,2043,1095,2735,2009,-20.8468,13.4008
7118,237.267,2044,1095,2735,2009,-20.8694,11.0984
7119,237.300,2044,1095,2735,2009,-21.6328,9.8009
7120,237.333,2044,1096,2735,2009,-21.4804,11.8484
7121,237.367,2044,1096,2735,2008,-21.1035,9.7793
7122,237.400,2044,1095,2735,2008,-21.4423,8.9252
7123,237.433,2043,1095,2735,2008,-22.0695,7.8955
7124,237.467,2043,1095,2735,2008,-21.9583,8.0056
7125,237.500,2043,1095,2735,2008,-22.4478,7.4753
7126,237.533,2044,1096,2735,2008,-21.6431,7.9006
7127,237.567,2044,1095,2735,2008,-22.8967,8.0323
7128,237.600,2043,1096,2735,2008,-22.0438,9.0705
7129,237.633,2043,1096,2734,2009,-22.1256,8.4774
7130,237.667,2043,1095,2734,2009,-21.5209,9.7473
7131,237.700,2043,1096,2735,2010,-20.9172,9.0372
7132,237.733,2043,1095,2734,2009,-21.3045,8.5939
7133,237.767,2043,1095,2734,2008,-22.2195,7.7363
7134,237.800,2043,1095,2734,2008,-22.4323,8.0567
7135,237.833,2043,1095,2734,2009,-22.0179,8.8442
7136,237.867,2043,1095,2734,2009,-21.7812,8.7652
7137,237.900,2043,1096,2734,2009,-21.1328,8.0226
7138,237.933,2043,1096,2734,2009,-21.3181,9.4000
7139,237.967,2043,1096,2734,2008,-21.3071,8.7551
7140,238.000,2043,1094,2734,2009,-21.7507,9.6310
7141,238.033,2043,1094,2734,2009,-22.4342,9.3511
7142,238.067,2043,1094,2734,2009,-22.5255,9.2249
7143,238.100,2043,1094,2734,2009,-22.8128,8.9514
7144,238.133,2043,1093,2734,2009,-22.2610,8.9795
7145,238.167,2043,1094,2734,2009,-23.4244,9.3813
7146,238.200,2043,1094,2734,2009,-23.6139,9.1734
7147,238.233,2043,1094,2734,2009,-23.7456,8.8110
7148,238.267,2043,1094,2734,2009,-23.5554,8.8545
7149,238.300,2044,1094,2734,2009,-21.4881,9.0369
7150,238.333,2043,1094,2734,2009,-23.0368,9.4017
7151,238.367,2044,1094,2734,2009,-21.6734,8.6520
7152,238.400,2044,1094,2734,2009,-21.7377,8.8993
7153,238.433,2044,1094,2734,2008,-22.8296,9.3911
7154,238.467,2044,1094,2734,2008,-22.4668,9.1448
7155,238.500,2044,1093,2734,2007,-22.6182,10.2979
7156,238.533,2044,1094,2734,2008,-22.7269,9.4079
7157,238.567,2044,1094,2734,2008,-23.0137,9.5233
7158,238.600,2044,1093,2734,2007,-22.7191,10.1482
7159,238.633,2044,1094,2734,2007,-21.4720,9.7201
7160,238.667,2044,1093,2733,2006,-23.1813,8.7244
7161,238.700,2044,1092,2733,2006,-22.2230,12.1703
7162,238.733,2044,1093,2733,2006,-22.5291,9.3031
7163,238.767,2044,1093,2733,2006,-22.2791,8.9946
7164,238.800,2044,1093,2734,2006,-21.1163,8.8217
7165,238.833,2044,1094,2733,2007,-21.3631,8.8136
7166,238.867,2044,1093,2733,2007,-22.3550,8.7003
7167,238.900,2044,1093,2733,2007,-22.3969,8.8933
7168,238.933,2044,1094,2733,2007,-21.5292,8.9258
7169,238.967,2044,1094,2733,2007,-22.0451,8.7807
7170,239.000,2044,1094,2734,2006,-21.3626,9.9291
7171,239.033,2044,1094,2734,2006,-21.4375,10.0614
7172,239.067,2044,1094,2734,2006,-21.6949,10.2028
7173,239.100,2044,1094,2734,2007,-21.3999,10.4413
7174,239.133,2044,1094,2734,2007,-21.0157,10.3300
7175,239.167,2045,1093,2733,2008,-21.0465,9.8584
7176,239.200,2045,1094,2734,2008,-20.2729,10.5409
7177,239.233,2044,1094,2734,2008,-21.9017,10.5228
7178,239.267,2044,1094,2733,2009,-22.2811,9.3282
7179,239.300,2044,1093,2733,2010,-21.6451,10.5113
7180,239.333,2044,1093,2733,2010,-21.6385,10.4817
7181,239.367,2044,1094,2733,2010,-22.3586,10.9379
7182,239.400,2043,1093,2733,2009,-23.7991,10.3866
7183,239.433,2043,1092,2733,2009,-22.1329,11.5318
7184,239.467,2043,1093,2733,2009,-23.6849,10.6264
7185,239.500,2042,1092,2733,2009,-22.2691,11.2509
7186,239.533,2042,1093,2733,2009,-23.4550,10.6298
7187,239.567,2042,1093,2733,2009,-23.2546,11.0024
7188,239.600,2042,1093,2734,2009,-22.6049,9.9390
7189,239.633,2042,1093,2734,2008,-21.8034,10.4335
7190,239.667,2042,1093,2733,2008,-22.3193,9.6435
7191,239.700,2042,1094,2733,2007,-21.3672,8.7098
7192,239.733,2042,1094,2733,2007,-20.9512,8.8996
7193,239.767,2043,1094,2733,2008,-21.5547,10.1867
7194,239.800,2042,1095,2733,2008,-20.3091,9.3721
7195,239.833,2042,1095,2733,2008,-20.5286,9.4209
7196,239.867,2042,1095,2733,2008,-20.3691,9.1055
7197,239.900,2042,1094,2733,2007,-21.5863,9.6088
7198,239.933,2042,1094,2733,2007,-21.9065,9.8843
7199,239.967,2042,1095,2733,2007,-21.6928,10.9357
7200,240.000,2042,1096,2733,2008,-21.4558,8.5576
7201,240.033,2042,1096,2733,2007,-21.0230,9.3510
7202,240.067,2042,1096,2733,2007,-21.3792,9.1869
7203,240.100,2042,1096,2733,2007,-21.5072,9.6316
7204,240.133,2042,1096,2733,2007,-21.8785,10.3555
7205,240.167,2042,1096,2733,2007,-21.9372,10.6825
7206,240.200,2042,1096,2733,2007,-22.0077,10.9431
7207,240.233,2042,1096,2733,2007,-21.8655,10.8208
7208,240.267,2042,1096,2733,2007,-21.6198,11.2399
7209,240.300,2042,1096,2733,2007,-21.2612,10.6755
7210,240.333,2042,1096,2733,2007,-21.3962,10.3835
7211,240.367,2042,1095,2733,2007,-22.4959,9.3874
7212,240.400,2042,1095,2733,2007,-22.7397,9.3428
7213,240.433,2042,1096,2733,2007,-21.8353,10.8832
7214,240.467,2042,1095,2733,2007,-22.9530,9.0181
7215,240.500,2042,1095,2733,2007,-22.9369,8.8003
7216,240.533,2042,1095,2733,2007,-23.3102,9.0291
7217,240.567,2042,1096,2733,2007,-22.6753,11.8886
7218,240.600,2042,1096,2733,2007,-22.9359,11.8106
7219,240.633,2042,1095,2733,2007,-23.4811,9.0156
7220,240.667,2042,1095,2733,2007,-23.4515,9.1191
7221,240.700,2042,1095,2733,2007,-22.9309,8.9857
7222,240.733,2042,1095,2732,2007,-23.5860,9.9868
7223,240.767,2042,1095,2732,2007,-23.3410,9.9608
7224,240.800,2042,1095,2732,2007,-23.5950,9.5286
7225,240.833,2042,1095,2732,2006,-23.6286,10.1163
7226,240.867,2042,1095,2732,2007,-24.0137,10.0782
7227,240.900,2042,1095,2732,2007,-24.0882,9.5674
7228,240.933,2042,1096,2732,2006,-23.6366,11.6053
7229,240.967,2042,1095,2732,2006,-23.8723,9.7095
7230,241.000,2041,1095,2732,2008,-23.2399,9.6733
7231,241.033,2041,1095,2732,2008,-22.8433,10.4363
7232,241.067,2041,1095,2732,2008,-23.0268,10.5324
7233,241.100,2041,1095,2732,2007,-22.8065,9.9190
7234,241.133,2041,1095,2732,2007,-23.0468,11.7202
7235,241.167,2041,1095,2732,2008,-24.4046,11.4793
7236,241.200,2041,1095,2732,2008,-23.9555,11.3152
7237,241.233,2041,1095,2732,2008,-23.7209,11.2914
7238,241.267,2041,1095,2732,2009,-22.6504,10.1737
7239,241.300,2041,1095,2732,2009,-22.6309,9.6149
7240,241.333,2041,1095,2732,2008,-23.5225,10.8653
7241,241.367,2041,1095,2732,2009,-22.5988,9.7276
7242,241.400,2041,1095,2732,2008,-23.3831,10.6464
7243,241.433,2041,1095,2732,2008,-23.4697,10.2854
7244,241.467,2041,1095,2732,2008,-23.3659,10.4955
7245,241.500,2041,1095,2732,2008,-23.4121,10.3051
7246,241.533,2041,1095,2732,2008,-23.5692,10.5897
7247,241.567,2041,1095,2732,2009,-22.7694,9.9052
7248,241.600,2041,1095,2732,2008,-23.5478,10.1767
7249,241.633,2041,1095,2732,2008,-23.5553,10.3015
7250,241.667,2041,1095,2732,2009,-22.7535,9.8768
7251,241.700,2041,1095,2732,2008,-23.7978,9.9464
7252,241.733,2041,1095,2731,2008,-23.1464,8.6246
7253,241.767,2041,1095,2732,2008,-23.8469,10.0013
7254,241.800,2041,1096,2732,2008,-23.4035,9.7019
7255,241.833,2041,1095,2732,2008,-23.2259,9.8304
7256,241.867,2041,1095,2732,2008,-22.5894,9.6858
7257,241.900,2041,1094,2732,2008,-22.4014,9.9591
7258,241.933,2041,1095,2732,2008,-22.5043,10.3477
7259,241.967,2041,1094,2733,2008,-22.5279,10.3020
7260,242.000,2042,1094,2733,2009,-21.9878,10.9901
7261,242.033,2042,1095,2733,2009,-22.1599,10.4792
7262,242.067,2042,1095,2733,2008,-22.0065,10.3976
7263,242.100,2042,1095,2733,2008,-21.8324,10.4035
7264,242.133,2042,1095,2733,2008,-21.3334,10.3013
7265,242.167,2042,1095,2733,2009,-21.2725,11.1491
7266,242.200,2042,1095,2733,2008,-21.1643,11.0853
7267,242.233,2042,1095,2733,2008,-21.0498,10.8583
7268,242.267,2042,1095,2733,2008,-21.4073,9.8410
7269,242.300,2042,1095,2734,2008,-20.2603,10.7026
7270,242.333,2042,1095,2734,2008,-20.2189,11.0111
7271,242.367,2042,1095,2734,2009,-20.7524,11.2274
7272,242.400,2042,1095,2733,2008,-20.9459,10.1668
7273,242.433,2042,1095,2734,2008,-20.0539,11.1728
7274,242.467,2041,1095,2734,2008,-21.6631,12.4257
7275,242.500,2041,1095,2734,2008,-21.7725,12.3414
7276,242.533,2041,1095,2734,2008,-21.7767,13.2444
7277,242.567,2041,1095,2734,2008,-21.7541,12.9054
7278,242.600,2041,1095,2734,2008,-21.7500,12.9529
7279,242.633,2041,1095,2734,2009,-22.7324,11.1263
7280,242.667,2041,1095,2734,2009,-22.3983,11.2568
7281,242.700,2041,1095,2734,2008,-22.0754,12.7024
7282,242.733,2042,1095,2733,2009,-21.4069,11.9540
7283,242.767,2041,1095,2733,2009,-22.4916,11.0665
7284,242.800,2042,1095,2733,2009,-21.7074,11.6578
7285,242.833,2041,1095,2734,2009,-23.4701,10.4612
7286,242.867,2042,1096,2734,2010,-22.9113,10.5931
7287,242.900,2042,1096,2734,2010,-22.4258,10.1938
7288,242.933,2042,1097,2734,2010,-21.6546,10.2479
7289,242.967,2042,1096,2734,2010,-21.7663,11.3387
7290,243.000,2042,1097,2734,2010,-20.8313,10.1725
7291,243.033,2042,1097,2734,2010,-20.2047,9.4424
7292,243.067,2043,1098,2734,2010,-19.1338,8.8976
7293,243.100,2043,1098,2734,2010,-19.3669,5.9479
7294,243.133,2042,1098,2734,2010,-19.1393,6.2184
7295,243.167,2042,1098,2734,2009,-19.9806,6.0114
7296,243.200,2042,1098,2734,2009,-19.6555,5.9922
7297,243.233,2042,1098,2734,2009,-19.7783,5.6493
7298,243.267,2042,1097,2734,2009,-19.5582,7.0406
7299,243.300,2042,1097,2733,2008,-20.8113,6.5488
7300,243.333,2042,1097,2733,2008,-20.9448,6.2466
7301,243.367,2042,1096,2733,2007,-20.5822,5.2143
7302,243.400,2042,1096,2733,2007,-20.7679,6.2180
7303,243.433,2042,1096,2733,2007,-20.5799,6.2911
7304,243.467,2042,1090,2733,2004,-19.5409,5.3299
7305,243.500,2042,1090,2733,2004,-19.5826,5.1626
7306,243.533,2042,1090,2733,2004,-19.7129,5.0628
7307,243.567,2041,1091,2733,2004,-20.8689,4.3514
7308,243.600,2042,1091,2733,2004,-20.9345,3.1624
7309,243.633,2041,1091,2733,2004,-20.8860,4.3987
7310,243.667,2042,1091,2733,2004,-20.5577,4.6535
7311,243.700,2041,1091,2733,2004,-20.3649,4.4708
7312,243.733,2041,1091,2733,2004,-20.2074,4.5423
7313,243.767,2041,1091,2733,2004,-20.2473,4.7112
7314,243.800,2041,1091,2733,2003,-20.4800,5.6377
7315,243.833,2041,1092,2733,2003,-21.0337,7.2968
7316,243.867,2041,1092,2733,2004,-20.0489,6.2722
7317,243.900,2041,1092,2733,2004,-20.0256,6.2797
7318,243.933,2041,1092,2733,2003,-20.7787,7.3116
7319,243.967,2041,1092,2733,2003,-20.4530,6.6549
7320,244.000,2040,1091,2733,2004,-20.8907,3.8671
7321,244.033,2040,1091,2733,2004,-20.8136,1.8747
7322,244.067,2040,1091,2733,2004,-21.0669,2.0661
7323,244.100,2040,1091,2733,2004,-21.0106,1.7389
7324,244.133,2040,1091,2733,2003,-20.0172,2.3781
7325,244.167,2040,1092,2733,2004,-19.0609,5.6911
7326,244.200,2040,1093,2733,2004,-20.3939,6.0910
7327,244.233,2040,1093,2733,2004,-20.4562,5.9397
7328,244.267,2040,1093,2733,2005,-20.0045,5.1550
7329,244.300,2040,1093,2733,2004,-19.2560,6.5854
7330,244.333,2040,1093,2733,2004,-19.7221,6.5684
7331,244.367,2040,1093,2733,2004,-19.8363,6.4857
7332,244.400,2040,1093,2733,2005,-20.3563,6.0701
7333,244.433,2040,1094,2733,2005,-19.6301,8.0249
7334,244.467,2040,1093,2733,2005,-19.9009,6.8163
7335,244.500,2040,1094,2733,2005,-19.4084,7.7426
7336,244.533,2040,1094,2733,2004,-20.3003,6.6797
7337,244.567,2041,1094,2733,2004,-20.2817,6.5034
7338,244.600,2041,1094,2733,2004,-20.4360,6.4814
7339,244.633,2040,1094,2732,2004,-21.0988,5.7693
7340,244.667,2040,1094,2732,2005,-20.9763,5.2177
7341,244.700,2040,1094,2732,2005,-20.7601,4.7450
7342,244.733,2040,1094,2732,2005,-20.6573,4.7343
7343,244.767,2040,1094,2732,2005,-20.5435,4.7189
7344,244.800,2041,1094,2733,2005,-19.7756,6.0574
7345,244.833,2040,1094,2733,2005,-19.1876,6.3191
7346,244.867,2040,1094,2733,2005,-19.3796,7.0885
7347,244.900,2041,1094,2733,2005,-19.6473,6.5432
7348,244.933,2041,1094,2733,2005,-19.4632,6.4323
7349,244.967,2041,1094,2732,2004,-19.9737,6.4942
7350,245.000,2040,1093,2732,2004,-19.8689,6.7465
7351,245.033,2041,1094,2732,2005,-18.8942,6.8508
7352,245.067,2040,1094,2732,2006,-17.8654,7.1470
7353,245.100,2040,1094,2732,2005,-18.5905,6.9139
7354,245.133,2040,1094,2732,2006,-19.1165,6.7903
7355,245.167,2040,1094,2732,2006,-19.9074,7.2459
7356,245.200,2040,1094,2733,2007,-19.5983,5.6348
7357,245.233,2040,1094,2733,2006,-18.9106,5.3386
7358,245.267,2040,1093,2732,2007,-21.0574,5.5176
7359,245.300,2040,1093,2732,2006,-20.6431,4.1872
7360,245.333,2040,1093,2732,2007,-20.7799,4.1854
7361,245.367,2040,1093,2732,2007,-20.7195,4.3298
7362,245.400,2040,1093,2732,2007,-20.7268,4.7056
7363,245.433,2040,1094,2732,2007,-20.2951,5.5382
7364,245.467,2040,1093,2732,2007,-20.6798,4.4524
7365,245.500,2040,1094,2732,2007,-20.8070,5.4662
7366,245.533,2040,1094,2732,2007,-20.6391,6.0134
7367,245.567,2040,1094,2732,2007,-21.3187,6.0612
7368,245.600,2040,1095,2732,2007,-18.7534,6.3126
7369,245.633,2041,1095,2732,2007,-20.0740,7.0859
7370,245.667,2040,1094,2732,2007,-20.6304,5.3055
7371,245.700,2041,1094,2733,2007,-20.3065,7.1995
7372,245.733,2041,1093,2733,2006,-21.3064,6.2764
7373,245.767,2041,1092,2732,2006,-22.0145,5.1100
7374,245.800,2040,1097,2732,2005,-19.9908,-4.3335
7375,245.833,2041,1095,2732,2004,-20.0789,-4.0372
7376,245.867,2043,1092,2734,2002,-22.5296,-2.4738
7377,245.900,2042,1094,2734,2002,-20.1389,-2.8924
7378,245.933,2042,1093,2734,2003,-19.6792,-1.3698
7379,245.967,2039,1093,2732,2005,-20.5365,1.7071
7380,246.000,2041,1091,2732,2006,-22.9763,4.0646
7381,246.033,2041,1091,2733,2007,-23.0905,4.2796
7382,246.067,2041,1091,2733,2006,-22.6873,4.0212
7383,246.100,2041,1091,2733,2006,-23.0444,4.4724
7384,246.133,2041,1091,2734,2006,-23.7744,4.4125
7385,246.167,2041,1091,2734,2007,-22.3180,4.5952
7386,246.200,2041,1091,2735,2008,-24.2142,4.1304
7387,246.233,2041,1091,2734,2007,-22.6570,4.2719
7388,246.267,2041,1090,2735,2006,-22.9563,2.5092
7389,246.300,2040,1090,2735,2006,-22.7639,4.2761
7390,246.333,2040,1090,2735,2006,-22.3697,4.0813
7391,246.367,2040,1090,2735,2006,-22.3462,3.4755
7392,246.400,2041,1090,2735,2006,-21.5804,2.8723
7393,246.433,2041,1090,2735,2005,-21.8739,4.0654
7394,246.467,2041,1090,2735,2005,-22.2601,4.2800
7395,246.500,2041,1090,2736,2005,-22.2899,2.9334
7396,246.533,2041,1090,2736,2004,-22.8593,1.7961
7397,246.567,2041,1091,2736,2004,-22.8202,3.4657
7398,246.600,2041,1091,2736,2005,-22.8528,2.7413
7399,246.633,2040,1091,2735,2005,-22.5298,2.0410
7400,246.667,2040,1091,2735,2006,-20.4706,1.9308
7401,246.700,2040,1090,2735,2006,-22.0779,0.9799
7402,246.733,2040,1090,2735,2006,-22.0462,-0.2674
7403,246.767,2041,1090,2734,2007,-21.1754,1.6573
7404,246.800,2040,1090,2734,2008,-21.0681,1.7843
7405,246.833,2040,1090,2734,2007,-21.2493,1.1302
7406,246.867,2040,1090,2734,2007,-21.7919,1.3610
7407,246.900,2041,1090,2734,2006,-20.7039,2.7686
7408,246.933,2041,1090,2734,2006,-20.7771,3.8263
7409,246.967,2041,1090,2734,2006,-21.4270,3.3500
7410,247.000,2040,1089,2733,2006,-20.5690,-0.0599
7411,247.033,2040,1089,2733,2006,-20.8336,1.5017
7412,247.067,2040,1089,2733,2006,-21.6322,1.2939
7413,247.100,2040,1089,2733,2007,-21.2553,1.7591
7414,247.133,2040,1089,2733,2007,-21.1651,2.9346
7415,247.167,2040,1089,2733,2007,-21.4938,3.2626
7416,247.200,2040,1089,2733,2007,-22.5370,2.6871
7417,247.233,2041,1089,2733,2008,-21.8820,3.6029
7418,247.267,2041,1089,2733,2008,-21.5765,3.6841
7419,247.300,2041,1090,2733,2009,-20.4464,4.0382
7420,247.333,2041,1090,2733,2009,-20.7902,4.0171
7421,247.367,2041,1090,2733,2009,-20.7804,4.0906
7422,247.400,2041,1090,2733,2010,-21.0086,3.7119
7423,247.433,2041,1092,2733,2011,-20.3325,5.0661
7424,247.467,2041,1092,2733,2012,-20.8319,4.3533
7425,247.500,2041,1092,2733,2012,-20.9025,4.6206
7426,247.533,2041,1092,2733,2012,-20.7330,3.9190
7427,247.567,2041,1092,2733,2012,-21.1869,4.6970
7428,247.600,2041,1092,2733,2012,-21.9142,4.3014
7429,247.633,2040,1092,2733,2013,-21.1004,3.8185
7430,247.667,2041,1092,2733,2013,-21.8154,4.6192
7431,247.700,2041,1092,2733,2012,-21.3087,3.9128
7432,247.733,2041,1092,2733,2012,-21.0500,4.5788
7433,247.767,2041,1092,2733,2011,-20.7486,5.3614
7434,247.800,2041,1092,2733,2011,-21.0659,4.5516
7435,247.833,2041,1092,2733,2012,-21.4322,3.8981
7436,247.867,2041,1092,2733,2012,-21.5007,3.9466
7437,247.900,2041,1092,2733,2012,-21.7026,3.9226
7438,247.933,2041,1092,2733,2012,-21.6640,4.0006
7439,247.967,2041,1092,2733,2012,-21.6680,3.6838
7440,248.000,2042,1091,2733,2013,-20.9518,1.2596
7441,248.033,2041,1091,2732,2011,-21.5191,1.4079
7442,248.067,2041,1090,2733,2011,-21.2723,2.1636
7443,248.100,2041,1090,2733,2010,-21.6009,2.1736
7444,248.133,2041,1090,2733,2011,-21.1489,2.4408
7445,248.167,2041,1090,2732,2010,-19.9215,3.1417
7446,248.200,2041,1090,2732,2010,-19.9175,3.0845
7447,248.233,2041,1091,2732,2010,-19.7868,0.8964
7448,248.267,2041,1090,2733,2010,-20.5650,3.6674
7449,248.300,2041,1090,2733,2010,-20.7961,3.4055
7450,248.333,2041,1090,2733,2010,-20.8955,3.5430
7451,248.367,2041,1090,2733,2010,-20.9072,3.7226
7452,248.400,2041,1090,2733,2010,-20.6493,2.9667
7453,248.433,2041,1090,2732,2010,-20.2705,2.7087
7454,248.467,2041,1090,2732,2010,-20.4877,3.0023
7455,248.500,2041,1090,2732,2010,-20.5727,2.7562
7456,248.533,2041,1089,2732,2010,-20.1210,0.2492
7457,248.567,2041,1089,2732,2010,-20.3492,0.0753
7458,248.600,2041,1089,2732,2010,-20.3289,0.5157
7459,248.633,2041,1089,2732,2010,-20.3536,0.6061
7460,248.667,2041,1089,2732,2010,-20.0993,1.0528
7461,248.700,2041,1089,2732,2010,-19.6824,1.0443
7462,248.733,2041,1088,2733,2009,-19.6273,0.7714
7463,248.767,2041,1088,2732,2009,-19.6526,-0.8627
7464,248.800,2041,1088,2732,2009,-19.3272,-1.3819
7465,248.833,2040,1089,2732,2009,-20.7451,1.4470
7466,248.867,2040,1089,2732,2009,-20.5249,1.6382
7467,248.900,2040,1089,2732,2009,-20.2344,1.7602
7468,248.933,2041,1089,2732,2010,-19.0651,-0.0327
7469,248.967,2040,1089,2732,2010,-18.7636,1.9497
7470,249.000,2041,1090,2732,2009,-20.8038,0.9628
7471,249.033,2041,1090,2732,2009,-20.4420,1.0045
7472,249.067,2040,1090,2731,2008,-19.5408,1.7728
7473,249.100,2041,1087,2732,2007,-13.4025,1.1055
7474,249.133,2040,1087,2733,2007,-11.2110,-0.7240
7475,249.167,2040,1087,2733,2007,-11.0096,0.3746
7476,249.200,2040,1087,2733,2007,-11.1042,1.0149
7477,249.233,2040,1087,2733,2007,-11.5465,0.8176
7478,249.267,2040,1087,2732,2007,-11.9991,1.8984
7479,249.300,2040,1087,2732,2007,-11.3798,2.7082
7480,249.333,2040,1087,2732,2007,-11.2779,2.7907
7481,249.367,2040,1087,2732,2006,-10.2499,1.4036
7482,249.400,2039,1087,2732,2006,-9.8338,1.0423
7483,249.433,2039,1087,2732,2007,-9.4748,2.1476
7484,249.467,2040,1088,2732,2007,-10.0171,1.5196
7485,249.500,2040,1088,2732,2006,-10.2435,3.0638
7486,249.533,2039,1088,2732,2007,-9.9069,3.0832
7487,249.567,2040,1088,2732,2007,-10.8793,1.8978
7488,249.600,2040,1088,2732,2007,-10.7754,1.4343
7489,249.633,2040,1088,2732,2007,-10.6343,1.1509
7490,249.667,2040,1088,2732,2007,-10.8771,0.7364
7491,249.700,2040,1088,2732,2007,-10.9610,0.9391
7492,249.733,2039,1088,2731,2007,-10.2489,2.5679
7493,249.767,2039,1088,2731,2007,-9.5946,3.3269
7494,249.800,2040,1088,2731,2006,-11.2615,1.9339
7495,249.833,2040,1087,2732,2007,-10.2534,3.1171
7496,249.867,2040,1086,2732,2006,-11.1715,2.2378
7497,249.900,2040,1086,2732,2006,-11.2591,2.3603
7498,249.933,2040,1086,2732,2006,-11.7790,2.8316
7499,249.967,2040,1086,2732,2006,-12.2975,3.0326
7500,250.000,2040,1086,2733,2007,-11.7998,2.7200
7501,250.033,2040,1086,2733,2007,-12.2377,2.1083
7502,250.067,2040,1086,2733,2007,-12.0100,2.0803
7503,250.100,2040,1086,2733,2007,-11.9777,1.9929
7504,250.133,2040,1086,2732,2006,-12.6854,3.0596
7505,250.167,2039,1087,2732,2006,-10.5959,2.4338
7506,250.200,2039,1087,2732,2006,-10.7029,2.6263
7507,250.233,2040,1087,2732,2006,-10.9817,2.5092
7508,250.267,2040,1087,2732,2006,-10.8394,3.3623
7509,250.300,2040,1087,2733,2006,-11.6284,3.4066
7510,250.333,2040,1088,2732,2006,-11.0856,2.5698
7511,250.367,2040,1089,2733,2006,-13.2729,3.5806
7512,250.400,2040,1089,2733,2006,-13.3163,3.8946
7513,250.433,2040,1088,2733,2006,-14.1634,3.8245
7514,250.467,2040,1088,2733,2007,-12.8610,3.9830
7515,250.500,2040,1089,2733,2007,-13.7075,3.2795
7516,250.533,2040,1089,2733,2007,-14.1664,2.6727
7517,250.567,2040,1089,2733,2007,-14.1758,3.1240
7518,250.600,2040,1089,2733,2007,-13.9790,2.7894
7519,250.633,2040,1088,2733,2007,-13.5132,3.9470
7520,250.667,2040,1089,2733,2007,-13.8620,3.6071
7521,250.700,2041,1088,2734,2008,-15.0034,5.9041
7522,250.733,2040,1090,2733,2008,-14.9060,3.7303
7523,250.767,2041,1094,2735,2008,-12.6184,-10.2480
7524,250.800,2040,1094,2735,2008,-13.7493,-11.0935
7525,250.833,2039,1095,2737,2010,-12.4753,-1.4447
7526,250.867,2040,1094,2736,2008,-11.8715,-0.6198
7527,250.900,2040,1093,2736,2008,-11.0042,-3.7374
7528,250.933,2040,1093,2735,2005,-12.6178,-5.2034
7529,250.967,2040,1091,2734,2006,-14.0473,5.3123
7530,251.000,2041,1091,2734,2006,-13.1516,5.0805
7531,251.033,2040,1090,2734,2007,-12.8420,5.1841
7532,251.067,2040,1090,2734,2006,-12.6012,5.8212
7533,251.100,2041,1090,2735,2006,-13.2729,4.7752
7534,251.133,2041,1090,2735,2006,-12.3563,5.4975
7535,251.167,2041,1089,2735,2006,-12.3271,4.4392
7536,251.200,2041,1089,2735,2006,-11.8662,4.3949
7537,251.233,2041,1088,2735,2006,-12.3946,5.4930
7538,251.267,2041,1089,2735,2006,-12.7510,4.1563
7539,251.300,2041,1088,2735,2006,-12.2462,4.7833
7540,251.333,2040,1089,2735,2006,-13.7646,3.5312
7541,251.367,2041,1088,2735,2006,-12.8274,3.4668
7542,251.400,2041,1089,2735,2006,-13.8174,4.5128
7543,251.433,2041,1089,2735,2007,-13.3590,4.0336
7544,251.467,2041,1089,2735,2007,-13.6600,3.5637
7545,251.500,2041,1089,2735,2007,-13.8127,4.8936
7546,251.533,2041,1089,2735,2006,-13.7212,4.1411
7547,251.567,2041,1089,2734,2006,-14.1034,4.6955
7548,251.600,2041,1088,2734,2005,-13.6660,3.7364
7549,251.633,2041,1087,2734,2005,-12.7138,4.3624
7550,251.667,2041,1086,2734,2005,-12.5881,3.7503
7551,251.700,2041,1088,2735,2004,-12.5088,3.9952
7552,251.733,2040,1087,2735,2004,-12.1947,4.3727
7553,251.767,2040,1087,2735,2004,-12.3660,5.0463
7554,251.800,2040,1087,2735,2004,-12.8597,4.6407
7555,251.833,2040,1087,2735,2004,-12.6933,4.6921
7556,251.867,2040,1088,2735,2004,-10.9802,3.9546
7557,251.900,2040,1088,2735,2005,-12.2679,4.5268
7558,251.933,2040,1089,2735,2005,-9.6566,4.8834
7559,251.967,2040,1089,2735,2005,-10.6328,4.8287
7560,252.000,2040,1089,2735,2004,-11.9514,6.8652
7561,252.033,2040,1089,2735,2004,-12.1034,6.3040
7562,252.067,2040,1089,2735,2004,-12.2006,6.6580
7563,252.100,2040,1089,2734,2004,-12.4225,5.7792
7564,252.133,2040,1089,2734,2004,-13.0444,5.3989
7565,252.167,2040,1089,2734,2004,-13.1822,5.4686
7566,252.200,2040,1089,2734,2004,-12.8379,5.6356
7567,252.233,2040,1089,2734,2004,-13.1338,5.6788
7568,252.267,2040,1089,2734,2005,-13.4289,5.5773
7569,252.300,2040,1089,2734,2005,-12.9202,5.1738
7570,252.333,2040,1089,2734,2004,-12.6717,5.7174
7571,252.367,2041,1090,2734,2004,-11.5302,5.3179
7572,252.400,2041,1089,2734,2004,-12.1743,4.6839
7573,252.433,2041,1089,2734,2003,-10.1678,6.3965
7574,252.467,2041,1090,2734,2003,-11.1474,6.2343
7575,252.500,2041,1089,2734,2002,-11.5075,5.9073
7576,252.533,2040,1089,2734,2003,-11.0369,6.5676
7577,252.567,2040,1089,2734,2002,-11.8924,6.1442
7578,252.600,2040,1089,2734,2002,-11.9974,6.6066
7579,252.633,2040,1089,2734,2003,-11.8824,7.2042
7580,252.667,2040,1089,2734,2003,-11.9183,6.9516
7581,252.700,2040,1089,2734,2002,-11.8824,6.7418
7582,252.733,2040,1089,2734,2002,-11.8796,6.5787
7583,252.767,2040,1089,2733,2001,-13.1956,6.3484
7584,252.800,2040,1089,2733,2001,-13.0654,6.2258
7585,252.833,2040,1089,2733,2001,-13.1009,6.3118
7586,252.867,2040,1089,2733,2001,-13.1232,6.0526
7587,252.900,2040,1089,2733,2001,-13.2369,5.9661
7588,252.933,2040,1089,2733,2001,-12.8219,6.5844
7589,252.967,2040,1089,2733,2001,-12.4173,6.5121
7590,253.000,2040,1089,2734,2003,-11.1412,4.5276
7591,253.033,2041,1089,2734,2003,-11.6857,6.2691
7592,253.067,2041,1089,2734,2003,-11.8134,5.8894
7593,253.100,2041,1089,2734,2004,-11.9334,6.6154
7594,253.133,2041,1089,2733,2004,-11.2462,7.3237
7595,253.167,2041,1090,2733,2002,-10.7376,6.4315
7596,253.200,2041,1090,2733,2002,-10.6750,6.3253
7597,253.233,2040,1090,2734,2003,-10.6925,5.4892
7598,253.267,2040,1090,2734,2002,-10.7181,5.5418
7599,253.300,2040,1091,2734,2003,-12.9659,7.2436
7600,253.333,2040,1090,2734,2002,-11.3222,5.6647
7601,253.367,2040,1090,2734,2003,-10.5424,5.3603
7602,253.400,2040,1091,2734,2003,-13.0880,6.7494
7603,253.433,2040,1091,2734,2002,-12.6324,6.6191
7604,253.467,2040,1091,2734,2002,-12.5601,6.3981
7605,253.500,2040,1091,2734,2002,-12.6173,6.4905
7606,253.533,2041,1092,2734,2001,-13.2366,6.5728
7607,253.567,2040,1092,2734,2001,-10.6958,5.8257
7608,253.600,2041,1092,2734,2001,-13.3262,6.2351
7609,253.633,2041,1092,2734,2002,-12.5373,5.6436
7610,253.667,2041,1092,2734,2002,-12.2762,5.6577
7611,253.700,2041,1092,2734,2002,-11.6938,5.4095
7612,253.733,2041,1092,2734,2001,-13.3116,6.1007
7613,253.767,2040,1092,2734,2001,-11.2084,5.4242
7614,253.800,2040,1092,2735,2001,-12.8178,4.3082
7615,253.833,2040,1091,2734,2002,-11.3196,5.0749
7616,253.867,2040,1091,2734,2002,-11.3470,5.1429
7617,253.900,2040,1091,2734,2002,-11.3205,5.3062
7618,253.933,2040,1090,2734,2003,-10.9651,4.4448
7619,253.967,2041,1089,2734,2003,-11.9453,4.7470
7620,254.000,2041,1089,2734,2003,-11.3015,4.1069
7621,254.033,2041,1089,2734,2003,-11.2044,4.3851
7622,254.067,2041,1089,2734,2003,-11.0538,4.5388
7623,254.100,2041,1089,2734,2002,-11.7837,4.4303
7624,254.133,2041,1090,2734,2003,-11.6343,4.4995
7625,254.167,2041,1090,2734,2002,-12.4854,4.3071
7626,254.200,2041,1090,2734,2002,-12.5703,4.3893
7627,254.233,2041,1090,2734,2002,-12.6078,4.4924
7628,254.267,2041,1090,2734,2002,-12.5612,4.4445
7629,254.300,2041,1089,2734,2002,-10.7350,3.6862
7630,254.333,2041,1089,2733,2002,-11.8226,3.7312
7631,254.367,2041,1089,2733,2002,-11.6549,3.7923
7632,254.400,2041,1089,2733,2002,-11.9787,4.0349
7633,254.433,2041,1089,2733,2002,-11.2822,4.3825
7634,254.467,2041,1089,2733,2002,-11.4265,3.9295
7635,254.500,2041,1089,2733,2002,-11.6837,3.7120
7636,254.533,2041,1089,2733,2002,-11.8447,3.4892
7637,254.567,2041,1088,2733,2002,-12.4240,3.6469
7638,254.600,2041,1089,2733,2002,-12.4132,3.8129
7639,254.633,2041,1088,2734,2002,-12.1674,4.3176
7640,254.667,2041,1089,2734,2002,-11.8576,4.4857
7641,254.700,2041,1089,2734,2002,-11.7503,3.9403
7642,254.733,2041,1089,2734,2002,-11.5067,3.7721
7643,254.767,2041,1089,2734,2002,-11.9933,3.8135
7644,254.800,2041,1089,2734,2003,-11.7029,4.7496
7645,254.833,2041,1089,2733,2002,-11.9154,3.7696
7646,254.867,2041,1089,2734,2003,-11.3770,4.7742
7647,254.900,2041,1089,2734,2002,-11.7027,4.5032
7648,254.933,2041,1089,2734,2002,-11.9037,4.8032
7649,254.967,2040,1089,2734,2002,-12.1695,2.9862
7650,255.000,2041,1089,2734,2004,-11.8749,4.1127
7651,255.033,2041,1088,2734,2004,-12.6597,4.2850
7652,255.067,2041,1088,2733,2004,-8.1736,4.1051
7653,255.100,2041,1088,2733,2004,-0.7206,2.5889
7654,255.133,2041,1088,2733,2004,-0.8941,1.8628
7655,255.167,2041,1088,2733,2004,0.1934,1.3938
7656,255.200,2041,1088,2734,2005,0.1533,2.9609
7657,255.233,2041,1088,2734,2005,-0.3345,3.4758
7658,255.267,2041,1089,2733,2006,-0.5610,3.4529
7659,255.300,2041,1089,2734,2006,0.9676,3.3887
7660,255.333,2041,1089,2734,2006,0.9306,3.4356
7661,255.367,2041,1089,2734,2005,0.5651,5.5912
7662,255.400,2041,1089,2734,2005,0.5013,4.1746
7663,255.433,2040,1089,2734,2006,-0.5673,3.2976
7664,255.467,2040,1089,2733,2006,1.2928,3.3006
7665,255.500,2040,1089,2733,2006,1.1727,3.3618
7666,255.533,2040,1089,2733,2006,1.2931,3.2584
7667,255.567,2040,1089,2733,2005,1.9622,4.5816
7668,255.600,2040,1089,2733,2005,2.3418,4.8040
7669,255.633,2040,1089,2733,2005,2.8590,4.8649
7670,255.667,2040,1089,2733,2004,1.5995,4.3705
7671,255.700,2039,1088,2733,2004,0.7259,5.0404
7672,255.733,2039,1088,2733,2004,0.5546,5.1051
7673,255.767,2039,1088,2733,2004,0.6386,5.1537
7674,255.800,2039,1088,2733,2004,0.2260,5.4271
7675,255.833,2039,1088,2733,2003,2.7956,4.6051
7676,255.867,2039,1088,2733,2003,3.2519,3.7030
7677,255.900,2039,1088,2733,2003,2.6082,4.0562
7678,255.933,2039,1088,2733,2003,2.8464,3.9789
7679,255.967,2039,1088,2733,2004,1.2507,4.8234
7680,256.000,2039,1088,2733,2005,2.2620,4.3652
7681,256.033,2039,1088,2733,2005,1.9302,3.9706
7682,256.067,2039,1088,2733,2005,2.1413,3.9661
7683,256.100,2039,1087,2732,2005,-0.1448,3.5544
7684,256.133,2039,1087,2732,2004,0.8118,3.3737
7685,256.167,2039,1087,2732,2005,-0.0587,4.0193
7686,256.200,2039,1087,2732,2005,-0.0917,4.1265
7687,256.233,2039,1087,2732,2005,-0.5174,3.9551
7688,256.267,2039,1087,2732,2005,-0.7904,3.9155
7689,256.300,2039,1087,2732,2006,1.3343,4.1115
7690,256.333,2039,1087,2732,2006,1.7860,4.9770
7691,256.367,2039,1086,2732,2005,2.2991,5.7007
7692,256.400,2039,1086,2733,2005,-1.1335,5.3619
7693,256.433,2039,1086,2732,2005,1.1006,5.7232
7694,256.467,2039,1086,2732,2005,1.3498,5.5307
7695,256.500,2039,1086,2733,2005,-1.1204,4.8702
7696,256.533,2039,1087,2733,2005,-0.5738,6.1843
7697,256.567,2039,1087,2733,2005,0.2022,5.6291
7698,256.600,2039,1087,2733,2005,-0.1862,5.6902
7699,256.633,2039,1087,2733,2005,-0.2766,5.8934
7700,256.667,2039,1087,2733,2005,-0.0755,5.3410
7701,256.700,2039,1087,2733,2005,0.3351,5.3454
7702,256.733,2039,1085,2733,2005,1.1184,5.6554
7703,256.767,2038,1090,2732,2005,-2.6255,5.1742
7704,256.800,2038,1091,2732,2005,-3.9883,4.1449
7705,256.833,2040,1091,2732,2002,-8.3956,-3.1471
7706,256.867,2040,1091,2733,2003,-5.9749,-0.1046
7707,256.900,2040,1092,2734,2002,-5.3187,1.6926
7708,256.933,2039,1093,2731,2003,-7.2373,0.7754
7709,256.967,2040,1089,2731,2003,-2.3270,6.5599
7710,257.000,2040,1090,2732,2005,1.3114,6.9902
7711,257.033,2039,1088,2733,2005,1.2665,7.4929
7712,257.067,2038,1088,2733,2005,1.6274,6.9404
7713,257.100,2038,1088,2733,2005,0.5267,5.1604
7714,257.133,2038,1087,2733,2004,1.2902,4.6325
7715,257.167,2038,1088,2731,2002,1.4902,7.1275
7716,257.200,2038,1088,2731,2002,1.4066,6.7901
7717,257.233,2038,1087,2731,2001,-0.2026,6.7873
7718,257.267,2038,1088,2731,2002,1.3805,6.4354
7719,257.300,2038,1088,2731,2002,1.4824,5.3289
7720,257.333,2038,1088,2731,2002,1.8300,6.5956
7721,257.367,2038,1087,2732,2002,0.8284,6.5942
7722,257.400,2038,1087,2732,2002,-0.0200,6.3733
7723,257.433,2038,1087,2732,2002,1.0708,7.0415
7724,257.467,2038,1087,2732,2002,0.7120,6.5210
7725,257.500,2038,1087,2732,2001,0.7776,5.0598
7726,257.533,2038,1087,2732,2001,1.2063,4.0298
7727,257.567,2039,1087,2732,2001,0.6380,4.7089
7728,257.600,2038,1087,2732,2000,-0.2048,5.9619
7729,257.633,2039,1088,2732,2000,0.5858,5.4664
7730,257.667,2038,1087,2732,2000,0.1640,5.3746
7731,257.700,2038,1087,2732,2000,-0.1445,5.4169
7732,257.733,2039,1087,2732,2000,-0.5316,5.0880
7733,257.767,2039,1088,2732,2001,-0.7207,5.7972
7734,257.800,2038,1087,2732,2002,-1.3516,6.2552
7735,257.833,2038,1088,2732,2003,-0.8296,7.0951
7736,257.867,2038,1088,2732,2003,-0.3477,6.8840
7737,257.900,2037,1088,2732,2003,-0.0241,6.1506
7738,257.933,2037,1088,2733,2003,-0.5435,8.2585
7739,257.967,2037,1088,2733,2004,-0.0186,8.5229
7740,258.000,2038,1090,2732,2004,-1.9768,7.5295
7741,258.033,2038,1090,2732,2004,-1.8245,6.1399
7742,258.067,2038,1090,2732,2004,-1.5985,6.9090
7743,258.100,2038,1090,2732,2004,-1.6098,6.7384
7744,258.133,2038,1090,2732,2004,-0.2272,7.1857
7745,258.167,2037,1090,2732,2004,-0.1541,6.9259
7746,258.200,2038,1090,2732,2004,-0.1551,6.7464
7747,258.233,2038,1090,2732,2004,-0.3404,6.9000
7748,258.267,2038,1090,2732,2004,-0.0270,6.7151
7749,258.300,2038,1090,2732,2005,-0.0677,5.7518
7750,258.333,2038,1090,2732,2005,0.1905,6.1620
7751,258.367,2038,1090,2732,2005,0.2975,5.4343
7752,258.400,2038,1090,2732,2005,0.5349,4.7543
7753,258.433,2038,1090,2732,2004,-0.6363,6.4948
7754,258.467,2038,1090,2732,2004,-0.2547,7.4684
7755,258.500,2038,1090,2732,2004,-1.1336,5.3974
7756,258.533,2038,1091,2732,2004,-0.6516,5.0056
7757,258.567,2038,1091,2732,2005,0.4416,5.1581
7758,258.600,2038,1091,2732,2005,0.4348,4.9924
7759,258.633,2038,1091,2732,2005,-0.1776,5.5719
7760,258.667,2038,1092,2733,2005,-1.2515,4.8115
7761,258.700,2038,1091,2733,2005,-0.4306,5.5630
7762,258.733,2038,1092,2733,2005,-0.9732,5.3382
7763,258.767,2038,1091,2733,2005,-0.4612,5.2659
7764,258.800,2038,1091,2732,2004,-1.1868,4.1657
7765,258.833,2038,1092,2732,2004,-0.0498,6.0275
7766,258.867,2038,1091,2732,2004,-0.2987,3.8239
7767,258.900,2038,1091,2732,2004,-0.6950,5.2126
7768,258.933,2038,1091,2732,2004,-0.9032,4.4245
7769,258.967,2038,1091,2732,2004,-0.7580,3.9895
7770,259.000,2038,1089,2733,2003,-2.1571,5.9108
7771,259.033,2038,1089,2733,2003,-1.8459,6.0828
7772,259.067,2038,1088,2734,2003,-1.8031,7.6893
7773,259.100,2038,1088,2734,2002,-0.8789,6.9408
7774,259.133,2038,1088,2733,2003,-1.5793,5.7600
7775,259.167,2038,1088,2733,2003,-1.3938,5.2973
7776,259.200,2037,1089,2733,2003,-1.0408,7.7302
7777,259.233,2037,1089,2733,2003,-1.4626,7.1562
7778,259.267,2037,1089,2733,2003,-0.9642,7.5579
7779,259.300,2037,1089,2733,2003,-1.0263,8.2071
7780,259.333,2037,1089,2733,2003,-0.5611,7.5800
7781,259.367,2037,1089,2733,2003,-0.3010,7.5843
7782,259.400,2037,1088,2733,2003,-1.8553,7.1080
7783,259.433,2037,1088,2733,2003,-2.3802,7.0970
7784,259.467,2037,1089,2733,2003,-0.5546,7.2761
7785,259.500,2037,1089,2733,2003,-1.1604,6.3736
7786,259.533,2037,1089,2734,2003,-0.8603,5.1309
7787,259.567,2037,1089,2734,2004,0.7661,5.5725
7788,259.600,2037,1089,2733,2003,-1.0550,4.7628
7789,259.633,2037,1090,2733,2003,0.5199,4.9554
7790,259.667,2037,1090,2733,2004,1.3410,5.0840
7791,259.700,2037,1090,2733,2004,1.2322,4.6068
7792,259.733,2037,1089,2733,2004,0.9720,4.6510
7793,259.767,2038,1089,2733,2004,-1.9584,6.1110
7794,259.800,2038,1089,2733,2004,-1.8526,6.3329
7795,259.833,2038,1089,2733,2003,-1.7946,4.6985
7796,259.867,2038,1089,2733,2003,-1.1935,4.0935
7797,259.900,2038,1089,2733,2003,-1.4184,4.1398
7798,259.933,2037,1089,2733,2002,-1.8651,6.5746
7799,259.967,2037,1090,2733,2003,0.6772,4.0831
7800,260.000,2037,1090,2733,2004,-2.3522,5.4748
7801,260.033,2037,1090,2733,2004,-2.6152,5.1556
7802,260.067,2037,1090,2732,2003,-2.1286,4.7972
7803,260.100,2037,1090,2733,2004,-3.0604,5.1667
7804,260.133,2036,1091,2732,2004,-2.3072,4.3552
7805,260.167,2037,1091,2732,2004,-3.2806,5.2497
7806,260.200,2037,1090,2732,2003,-2.3319,3.3731
7807,260.233,2037,1090,2732,2004,-3.6498,4.1943
7808,260.267,2037,1090,2732,2003,-2.4347,3.3160
7809,260.300,2037,1090,2732,2004,-4.7575,3.6505
7810,260.333,2037,1090,2732,2004,-4.5786,4.1971
7811,260.367,2037,1089,2733,2005,-2.4436,3.6298
7812,260.400,2037,1089,2732,2005,-1.9421,4.8629
7813,260.433,2038,1089,2732,2005,-3.4538,5.4275
7814,260.467,2038,1089,2732,2005,-3.3092,6.1561
7815,260.500,2038,1089,2732,2004,-2.8384,5.6571
7816,260.533,2038,1089,2732,2005,-3.4371,6.4532
7817,260.567,2038,1089,2731,2006,-1.9774,5.6146
7818,260.600,2038,1089,2731,2005,-2.4802,6.4956
7819,260.633,2038,1090,2731,2005,-2.6831,6.1765
7820,260.667,2038,1090,2731,2005,-2.6102,5.1615
7821,260.700,2037,1090,2731,2005,-1.9018,3.4979
7822,260.733,2037,1089,2731,2005,-2.0226,5.5158
7823,260.767,2037,1089,2731,2003,-3.6199,5.2706
7824,260.800,2037,1089,2731,2005,-2.0852,4.1055
7825,260.833,2037,1089,2732,2004,-1.8443,3.8354
7826,260.867,2037,1089,2732,2004,-1.5293,3.8947
7827,260.900,2037,1089,2731,2004,-1.5077,4.2329
7828,260.933,2037,1089,2732,2004,-2.8799,4.0914
7829,260.967,2038,1089,2732,2003,-1.0203,6.6386
7830,261.000,2038,1088,2732,2004,0.3080,5.5788
7831,261.033,2037,1088,2731,2005,1.4723,6.5967
7832,261.067,2037,1088,2731,2005,2.0157,6.4192
7833,261.100,2037,1088,2731,2005,2.4709,6.5878
7834,261.133,2038,1088,2731,2004,0.4318,6.8012
7835,261.167,2038,1087,2731,2004,1.2083,5.5214
7836,261.200,2038,1088,2731,2005,1.4702,5.9869
7837,261.233,2038,1088,2731,2005,1.6112,5.7225
7838,261.267,2038,1087,2731,2005,-0.0341,6.7019
7839,261.300,2038,1087,2731,2005,0.6231,7.4162
7840,261.333,2038,1087,2731,2006,1.5341,7.7498
7841,261.367,2038,1087,2731,2005,0.0471,7.8586
7842,261.400,2038,1087,2731,2005,0.4803,7.6670
7843,261.433,2038,1087,2731,2005,0.6148,8.1219
7844,261.467,2037,1087,2731,2006,-0.4338,9.0217
7845,261.500,2037,1087,2731,2006,-0.3834,9.0629
7846,261.533,2037,1087,2731,2005,-0.0213,7.8603
7847,261.567,2037,1088,2732,2005,0.5255,7.0119
7848,261.600,2037,1087,2731,2005,1.3873,6.4894
7849,261.633,2037,1088,2731,2004,0.1399,7.7187
7850,261.667,2037,1088,2731,2004,-0.5254,8.7074
7851,261.700,2037,1089,2731,2004,1.3625,8.2686
7852,261.733,2037,1089,2731,2003,0.8279,8.9564
7853,261.767,2037,1089,2731,2004,1.1991,8.3062
7854,261.800,2037,1089,2731,2004,1.3705,9.6834
7855,261.833,2037,1089,2731,2004,1.0833,9.5303
7856,261.867,2037,1089,2731,2004,0.5456,9.8683
7857,261.900,2037,1089,2731,2004,0.1370,10.0262
7858,261.933,2037,1089,2731,2005,-1.2104,10.1375
7859,261.967,2037,1088,2731,2005,-0.8160,9.7855
7860,262.000,2037,1094,2729,2006,-0.8759,6.5986
7861,262.033,2036,1094,2729,2005,-4.2527,7.6783
7862,262.067,2037,1095,2729,2002,-10.6429,5.0848
7863,262.100,2036,1093,2730,2003,-5.2080,4.1737
7864,262.133,2036,1094,2729,2003,-5.1109,5.3798
7865,262.167,2036,1090,2730,2003,0.3375,9.2153
7866,262.200,2037,1089,2730,2004,3.1473,10.3996
7867,262.233,2037,1090,2730,2004,3.6159,10.8888
7868,262.267,2037,1090,2730,2004,3.0869,12.2190
7869,262.300,2037,1088,2730,2004,1.8742,10.1693
7870,262.333,2037,1088,2730,2004,2.0434,10.8093
7871,262.367,2037,1088,2730,2004,1.9500,10.4083
7872,262.400,2037,1088,2731,2004,1.5820,10.0234
7873,262.433,2038,1087,2731,2005,0.4849,9.8015
7874,262.467,2038,1087,2731,2005,-0.3475,10.1903
7875,262.500,2038,1087,2731,2005,-0.5117,10.0799
7876,262.533,2038,1087,2731,2005,0.0099,10.4729
7877,262.567,2038,1088,2731,2005,2.1578,11.1736
7878,262.600,2038,1088,2731,2005,2.3021,11.8041
7879,262.633,2038,1089,2731,2004,-0.0209,11.5659
7880,262.667,2039,1089,2731,2003,1.3336,9.9692
7881,262.700,2039,1088,2731,2003,0.2484,9.5644
7882,262.733,2039,1088,2731,2003,0.4839,10.3120
7883,262.767,2040,1087,2731,2003,0.0894,7.5215
7884,262.800,2040,1087,2732,2003,-1.4712,7.2007
7885,262.833,2040,1086,2732,2003,-0.6064,8.4444
7886,262.867,2040,1086,2731,2003,0.3761,8.6499
7887,262.900,2040,1086,2731,2003,0.8264,8.8007
7888,262.933,2040,1086,2732,2004,-0.0650,8.6400
7889,262.967,2040,1086,2732,2004,-0.3107,8.7017
7890,263.000,2040,1086,2732,2005,1.8332,10.1113
7891,263.033,2040,1086,2732,2005,2.4129,10.1172
7892,263.067,2040,1087,2732,2004,0.9886,9.1830
7893,263.100,2039,1087,2732,2004,1.8060,11.1436
7894,263.133,2040,1088,2732,2003,2.5502,11.1416
7895,263.167,2040,1088,2732,2003,1.3962,11.9290
7896,263.200,2040,1088,2733,2004,1.5507,10.5259
7897,263.233,2040,1089,2732,2003,-0.4180,11.7979
7898,263.267,2040,1088,2733,2004,1.5392,10.1139
7899,263.300,2041,1088,2733,2004,-0.5276,10.6476
7900,263.333,2040,1089,2732,2004,-0.1894,11.7852
7901,263.367,2043,1091,2735,2006,2.5855,8.9456
7902,263.400,2043,1091,2735,2007,0.0069,9.5312
7903,263.433,2043,1091,2735,2007,-0.0257,8.8768
7904,263.467,2043,1091,2735,2007,-0.5389,9.2008
7905,263.500,2042,1090,2735,2007,2.2329,9.3550
7906,263.533,2042,1091,2735,2007,0.8707,10.1815
7907,263.567,2042,1091,2735,2007,1.6627,10.8205
7908,263.600,2042,1091,2735,2007,1.7386,10.1768
7909,263.633,2042,1090,2735,2007,0.8316,9.5177
7910,263.667,2041,1090,2734,2007,3.7457,10.3816
7911,263.700,2041,1090,2734,2007,0.3521,10.1447
7912,263.733,2041,1090,2734,2007,-0.6329,9.8516
7913,263.767,2041,1090,2733,2006,-1.3417,11.4825
7914,263.800,2040,1090,2733,2006,0.5400,10.0518
7915,263.833,2040,1089,2733,2005,1.2148,10.9424
7916,263.867,2040,1090,2733,2005,1.5659,10.4462
7917,263.900,2040,1089,2733,2004,0.7389,10.5829
7918,263.933,2040,1089,2733,2005,1.2820,10.7865
7919,263.967,2040,1089,2733,2005,1.7803,10.7543
7920,264.000,2041,1090,2734,2005,2.7340,10.3189
7921,264.033,2041,1090,2734,2005,1.4234,11.4652
7922,264.067,2041,1090,2734,2005,1.2786,12.1182
7923,264.100,2041,1090,2734,2005,1.2857,11.2408
7924,264.133,2041,1090,2734,2005,1.2651,12.0228
7925,264.167,2040,1090,2734,2005,1.8720,10.7592
7926,264.200,2040,1090,2733,2005,1.9307,11.0008
7927,264.233,2040,1091,2733,2005,2.7188,12.1548
7928,264.267,2040,1090,2733,2004,3.5406,9.9206
7929,264.300,2040,1090,2733,2004,2.9147,9.0354
7930,264.333,2040,1090,2733,2005,1.5885,9.0974
7931,264.367,2040,1090,2733,2005,0.5865,8.5447
7932,264.400,2040,1090,2733,2005,-0.3770,9.7775
7933,264.433,2040,1090,2733,2004,-0.0204,8.9185
7934,264.467,2039,1089,2733,2004,-0.4880,11.2002
7935,264.500,2040,1089,2733,2004,-1.4722,11.3934
7936,264.533,2039,1089,2733,2004,-0.0122,11.4843
7937,264.567,2039,1089,2733,2004,-0.5327,11.1200
7938,264.600,2039,1089,2733,2005,-2.1401,10.4627
7939,264.633,2039,1089,2733,2004,-0.6503,10.7458
7940,264.667,2039,1089,2733,2004,-0.2664,10.5794
7941,264.700,2039,1088,2733,2003,0.9872,11.1171
7942,264.733,2039,1088,2732,2004,-0.1039,9.7780
7943,264.767,2039,1088,2732,2004,0.1261,9.5343
7944,264.800,2040,1088,2732,2004,1.1644,9.8649
7945,264.833,2040,1087,2732,2005,0.9005,10.5448
7946,264.867,2041,1087,2732,2005,0.9846,9.9932
7947,264.900,2041,1087,2732,2004,2.1955,9.4783
7948,264.933,2041,1087,2732,2004,0.6198,8.9637
7949,264.967,2041,1087,2732,2005,1.8230,9.0621
7950,265.000,2041,1088,2732,2003,3.1187,10.8372
7951,265.033,2041,1088,2732,2003,2.8449,10.9038
7952,265.067,2041,1088,2732,2002,3.1049,11.7011
7953,265.100,2041,1088,2731,2002,1.7885,10.7752
7954,265.133,2041,1087,2731,2001,2.4652,9.0089
7955,265.167,2041,1088,2732,2002,2.7730,10.7130
7956,265.200,2041,1087,2732,2002,1.8835,10.5420
7957,265.233,2041,1087,2732,2002,2.1219,10.3719
7958,265.267,2041,1087,2732,2003,0.9957,11.0279
7959,265.300,2041,1088,2732,2003,2.3797,10.8360
7960,265.333,2041,1088,2732,2003,2.2673,10.5150
7961,265.367,2041,1088,2732,2003,2.2006,10.6805
7962,265.400,2041,1088,2732,2003,2.8855,10.7698
7963,265.433,2041,1088,2732,2004,2.1298,10.9952
7964,265.467,2041,1088,2732,2004,2.3278,10.9188
7965,265.500,2041,1088,2732,2005,2.5192,11.9789
7966,265.533,2041,1088,2732,2005,1.7275,11.3757
7967,265.567,2041,1088,2732,2005,2.4848,11.5142
7968,265.600,2041,1088,2732,2004,2.0578,10.1807
7969,265.633,2041,1087,2731,2004,1.3880,9.6457
7970,265.667,2040,1087,2731,2004,1.6925,10.4479
7971,265.700,2040,1087,2731,2004,1.1444,10.4135
7972,265.733,2040,1087,2731,2004,1.4848,10.6174
7973,265.767,2041,1087,2731,2004,1.4856,9.4812
7974,265.800,2040,1087,2731,2004,1.2103,10.9320
7975,265.833,2040,1087,2732,2004,2.0119,11.7663
7976,265.867,2040,1087,2732,2004,2.1477,11.9002
7977,265.900,2040,1088,2732,2004,2.3397,10.9536
7978,265.933,2040,1088,2732,2004,2.1756,11.2910
7979,265.967,2040,1088,2732,2004,1.5074,11.6723
7980,266.000,2041,1086,2731,2003,0.9563,8.1099
7981,266.033,2041,1087,2731,2003,1.3398,9.6530
7982,266.067,2041,1087,2731,2003,1.3452,10.2181
7983,266.100,2041,1087,2731,2003,1.6443,9.9368
7984,266.133,2041,1087,2731,2003,0.6941,9.7360
7985,266.167,2041,1087,2731,2003,1.1267,9.4415
7986,266.200,2041,1087,2731,2003,0.8739,9.5394
7987,266.233,2041,1087,2732,2003,1.6706,9.6682
7988,266.267,2041,1087,2731,2003,0.3342,9.1277
7989,266.300,2040,1088,2731,2004,1.6008,10.7754
7990,266.333,2040,1087,2731,2004,1.0719,9.9327
7991,266.367,2040,1087,2731,2004,0.9362,9.9675
7992,266.400,2040,1088,2731,2004,1.7914,10.6504
7993,266.433,2040,1088,2731,2004,2.2308,10.3870
7994,266.467,2040,1088,2731,2004,2.1896,10.8089
7995,266.500,2040,1088,2731,2004,2.0596,10.6571
7996,266.533,2040,1088,2731,2003,2.7697,10.6916
7997,266.567,2040,1088,2731,2004,0.6083,9.5576
7998,266.600,2040,1088,2731,2004,0.3591,9.7672
7999,266.633,2040,1088,2731,2004,0.2457,9.6519
8000,266.667,2040,1088,2732,2005,0.4681,10.8040
8001,266.700,2040,1088,2732,2005,0.3047,10.6784
8002,266.733,2040,1088,2731,2005,0.6364,11.1467
8003,266.767,2040,1088,2732,2005,-0.0779,10.5756
8004,266.800,2040,1087,2731,2005,1.9494,9.4767
8005,266.833,2040,1088,2731,2005,-0.3983,10.8517
8006,266.867,2040,1087,2731,2005,1.0612,9.4813
8007,266.900,2040,1087,2732,2005,0.5182,10.8554
8008,266.933,2040,1087,2732,2005,1.2580,10.4940
8009,266.967,2040,1086,2732,2005,0.3603,9.3451
8010,267.000,2039,1089,2732,2006,0.5525,10.5925
8011,267.033,2039,1088,2732,2006,1.3187,10.8778
8012,267.067,2039,1088,2731,2006,2.3493,11.6964
8013,267.100,2038,1088,2732,2007,1.4802,13.0662
8014,267.133,2038,1088,2732,2006,0.8997,12.8472
8015,267.167,2038,1089,2732,2006,0.7552,13.1456
8016,267.200,2038,1089,2732,2006,1.0182,14.1426
8017,267.233,2038,1088,2731,2006,-0.4152,12.4213
8018,267.267,2038,1089,2731,2006,1.9058,12.8747
8019,267.300,2038,1089,2731,2006,1.3183,12.7097
8020,267.333,2038,1089,2732,2006,1.5257,12.5961
8021,267.367,2038,1089,2732,2006,1.5515,12.8404
8022,267.400,2039,1089,2731,2005,-0.5723,12.1995
8023,267.433,2038,1089,2732,2006,2.5389,13.3307
8024,267.467,2038,1089,2731,2006,2.7108,13.4888
8025,267.500,2038,1089,2732,2007,2.0216,13.8852
8026,267.533,2038,1089,2732,2007,1.7605,14.1573
8027,267.567,2038,1089,2731,2007,0.5030,13.6760
8028,267.600,2038,1089,2731,2006,2.2098,14.0995
8029,267.633,2038,1089,2731,2007,0.9989,13.5903
8030,267.667,2038,1089,2731,2007,0.4824,13.0247
8031,267.700,2038,1089,2732,2007,1.7815,12.8641
8032,267.733,2038,1089,2732,2007,2.1448,12.8545
8033,267.767,2038,1089,2732,2007,2.3517,13.4610
8034,267.800,2038,1089,2732,2007,1.7055,13.8436
8035,267.833,2039,1090,2731,2007,-0.9599,13.1721
8036,267.867,2038,1088,2732,2006,-0.2598,11.8610
8037,267.900,2040,1092,2731,2005,-3.6019,9.0415
8038,267.933,2039,1091,2730,2003,-1.1377,9.3888
8039,267.967,2039,1089,2730,2002,-4.1347,10.6650
8040,268.000,2040,1086,2731,2005,1.6854,13.6309
8041,268.033,2040,1087,2731,2006,0.7886,12.9551
8042,268.067,2040,1087,2731,2006,-0.6844,12.4679
8043,268.100,2040,1087,2732,2006,-0.7780,13.3877
8044,268.133,2040,1087,2732,2006,-1.4222,13.4944
8045,268.167,2040,1087,2732,2006,-1.0799,14.8963
8046,268.200,2040,1088,2732,2007,-3.1176,14.9561
8047,268.233,2040,1088,2732,2007,-3.0242,15.1082
8048,268.267,2039,1088,2732,2007,-2.6036,14.0475
8049,268.300,2039,1089,2732,2007,-1.5318,15.6318
8050,268.333,2039,1089,2732,2007,-1.4592,15.6865
8051,268.367,2039,1089,2732,2007,-1.4709,15.6613
8052,268.400,2039,1089,2732,2006,-2.4513,16.2045
8053,268.433,2039,1089,2732,2006,-2.1249,16.3992
8054,268.467,2039,1089,2732,2006,-1.9919,16.3373
8055,268.500,2039,1088,2732,2006,-1.5995,13.5652
8056,268.533,2039,1089,2732,2006,-2.1732,16.5244
8057,268.567,2039,1089,2732,2006,-2.6292,16.5369
8058,268.600,2039,1089,2732,2006,-2.9815,16.6993
8059,268.633,2039,1089,2732,2006,-2.4344,16.7446
8060,268.667,2039,1088,2732,2005,-2.4238,13.1905
8061,268.700,2039,1089,2731,2005,-2.5374,14.6581
8062,268.733,2039,1088,2731,2004,-1.7794,14.0677
8063,268.767,2039,1088,2731,2005,-2.5250,13.8833
8064,268.800,2039,1088,2731,2004,-0.6697,15.0108
8065,268.833,2039,1088,2732,2004,0.0266,14.9130
8066,268.867,2039,1088,2732,2004,0.2883,15.2249
8067,268.900,2039,1088,2732,2004,-0.0011,15.4052
8068,268.933,2039,1088,2732,2004,-0.1259,15.8048
8069,268.967,2039,1088,2732,2005,-0.5277,14.5311
8070,269.000,2039,1087,2731,2006,0.8460,15.7610
8071,269.033,2039,1088,2731,2006,0.9194,17.1892
8072,269.067,2039,1088,2731,2007,0.1982,16.8465
8073,269.100,2039,1088,2731,2007,0.4800,16.5925
8074,269.133,2039,1088,2731,2007,0.6114,15.8961
8075,269.167,2039,1088,2731,2007,-0.2900,15.8251
8076,269.200,2039,1088,2731,2007,0.1700,15.6336
8077,269.233,2039,1088,2731,2007,-0.3656,15.6552
8078,269.267,2039,1088,2731,2007,0.1427,15.2057
8079,269.300,2039,1088,2731,2007,0.2623,14.8653
8080,269.333,2039,1087,2731,2007,-1.3599,15.2590
8081,269.367,2039,1088,2731,2006,1.6030,15.4384
8082,269.400,2039,1088,2731,2007,1.0539,14.8410
8083,269.433,2039,1088,2731,2007,1.7398,14.7401
8084,269.467,2039,1088,2731,2006,2.0977,15.2638
8085,269.500,2039,1088,2731,2006,1.9297,15.0986
8086,269.533,2039,1088,2731,2006,1.6787,15.4816
8087,269.567,2039,1088,2731,2007,1.6835,14.9624
8088,269.600,2039,1088,2731,2007,1.3675,14.7250
8089,269.633,2039,1088,2731,2007,1.5897,15.1858
8090,269.667,2039,1088,2731,2006,1.3944,15.2400
8091,269.700,2039,1088,2731,2006,2.4095,15.1123
8092,269.733,2039,1087,2731,2007,-2.1843,15.0713
8093,269.767,2036,1088,2732,2004,-0.8615,16.6279
8094,269.800,2036,1088,2732,2005,0.2995,17.0125
8095,269.833,2037,1087,2731,2005,2.0271,17.4403
8096,269.867,2036,1087,2731,2004,0.4947,16.7089
8097,269.900,2037,1087,2731,2004,0.3967,16.3589
8098,269.933,2037,1088,2732,2004,0.2646,17.0268
8099,269.967,2037,1088,2732,2005,-1.8617,16.5917
8100,270.000,2036,1088,2732,2005,1.2542,17.4359
8101,270.033,2037,1088,2732,2006,0.9261,16.0986
8102,270.067,2036,1088,2732,2007,-1.9066,17.1066
8103,270.100,2036,1088,2732,2006,-0.8207,18.8510
8104,270.133,2036,1088,2732,2007,-1.8016,16.4526
8105,270.167,2035,1088,2732,2008,0.9996,15.1695
8106,270.200,2035,1088,2732,2009,1.6411,16.0315
8107,270.233,2035,1088,2732,2009,0.9419,15.8048
8108,270.267,2035,1088,2732,2008,-0.1477,16.0429
8109,270.300,2035,1088,2732,2009,0.5377,15.4701
8110,270.333,2035,1088,2732,2009,0.6187,15.8132
8111,270.367,2035,1088,2732,2008,-0.3289,14.7791
8112,270.400,2035,1088,2732,2010,1.0627,16.8481
8113,270.433,2036,1088,2732,2009,-1.7096,17.1111
8114,270.467,2036,1088,2731,2008,0.1762,15.8184
8115,270.500,2036,1088,2731,2008,0.1081,15.7786
8116,270.533,2037,1087,2731,2006,1.2716,14.6718
8117,270.567,2037,1086,2730,2004,-0.8828,14.0892
8118,270.600,2037,1086,2730,2004,-1.1448,15.0242
8119,270.633,2037,1086,2730,2004,-1.7975,14.7848
8120,270.667,2037,1086,2730,2004,-1.5890,14.8436
8121,270.700,2037,1086,2730,2004,-1.4815,13.7599
8122,270.733,2037,1086,2730,2004,-1.7415,14.2990
8123,270.767,2037,1086,2730,2003,-3.0130,14.7347
8124,270.800,2037,1086,2730,2003,-1.7470,14.7442
8125,270.833,2037,1086,2730,2003,-2.0419,14.6239
8126,270.867,2037,1086,2730,2003,-1.9319,14.5576
8127,270.900,2037,1086,2730,2003,-1.4025,14.3678
8128,270.933,2038,1086,2730,2003,-1.4337,16.9387
8129,270.967,2038,1085,2730,2004,-1.8444,15.0154
8130,271.000,2038,1086,2730,2004,-0.4053,14.0083
8131,271.033,2038,1086,2730,2004,-0.5670,13.8063
8132,271.067,2038,1087,2730,2004,-2.2462,13.5028
8133,271.100,2038,1087,2730,2004,-1.7836,13.6836
8134,271.133,2038,1087,2730,2004,-1.4758,14.7503
8135,271.167,2038,1087,2730,2005,-0.5608,14.0068
8136,271.200,2037,1087,2730,2005,0.7069,15.1425
8137,271.233,2037,1087,2730,2005,0.6042,15.2540
8138,271.267,2037,1087,2729,2006,-0.9089,15.1800
8139,271.300,2037,1087,2729,2005,-0.1382,15.0889
8140,271.333,2037,1087,2729,2005,0.2987,15.3079
8141,271.367,2037,1087,2729,2005,0.1324,14.9522
8142,271.400,2037,1086,2729,2005,-0.5454,13.4608
8143,271.433,2037,1085,2729,2005,-1.6505,15.0085
8144,271.467,2037,1086,2729,2005,-0.5946,14.2802
8145,271.500,2037,1086,2729,2004,0.9234,14.1628
8146,271.533,2037,1086,2729,2004,0.0923,13.9678
8147,271.567,2037,1086,2729,2004,1.1086,13.5288
8148,271.600,2037,1086,2729,2005,1.0533,14.4836
8149,271.633,2037,1086,2729,2005,0.9172,14.7037
8150,271.667,2037,1086,2729,2005,1.1714,14.8036
8151,271.700,2036,1086,2729,2005,0.0484,16.2324
8152,271.733,2036,1087,2729,2005,-0.4199,17.9828
8153,271.767,2036,1087,2729,2005,0.2575,18.0637
8154,271.800,2037,1087,2730,2005,0.0532,17.1023
8155,271.833,2036,1087,2730,2005,1.8304,17.1931
8156,271.867,2037,1087,2730,2005,-0.3937,17.5435
8157,271.900,2037,1087,2730,2005,-0.0907,17.6613
8158,271.933,2037,1088,2730,2006,0.4366,18.1523
8159,271.967,2037,1088,2730,2005,0.8975,17.4672
8160,272.000,2037,1087,2730,2005,-2.4776,16.3487
8161,272.033,2037,1087,2730,2005,-2.5985,16.1716
8162,272.067,2037,1087,2730,2005,-2.4966,16.3874
8163,272.100,2037,1087,2730,2005,-2.7361,15.8003
8164,272.133,2037,1088,2730,2005,0.7307,16.0042
8165,272.167,2036,1088,2730,2006,-0.8594,16.0494
8166,272.200,2037,1087,2731,2006,-1.0155,15.9695
8167,272.233,2037,1087,2730,2005,-3.4212,15.4566
8168,272.267,2037,1087,2731,2005,-0.7379,13.9803
8169,272.300,2037,1087,2731,2005,-1.6686,13.3375
8170,272.333,2037,1087,2731,2006,-2.6962,16.4714
8171,272.367,2037,1086,2731,2005,-7.7897,15.1355
8172,272.400,2036,1087,2731,2005,-6.5362,14.2657
8173,272.433,2036,1088,2731,2005,-7.2492,13.9838
8174,272.467,2037,1088,2731,2005,-7.8434,15.2867
8175,272.500,2037,1087,2731,2006,-7.9290,13.6648
8176,272.533,2037,1088,2731,2006,-7.3948,14.0171
8177,272.567,2037,1088,2732,2006,-7.4483,15.2869
8178,272.600,2038,1088,2732,2006,-10.6993,14.7700
8179,272.633,2038,1087,2732,2006,-12.6827,13.2694
8180,272.667,2038,1088,2732,2006,-10.8582,13.5574
8181,272.700,2038,1088,2732,2006,-10.9224,11.6225
8182,272.733,2038,1088,2732,2006,-11.0582,12.2224
8183,272.767,2038,1088,2732,2006,-10.6053,11.8362
8184,272.800,2039,1088,2732,2007,-12.8736,14.3447
8185,272.833,2039,1088,2732,2006,-12.2909,13.7802
8186,272.867,2038,1088,2732,2006,-10.0419,12.3280
8187,272.900,2038,1088,2732,2006,-9.8530,12.0406
8188,272.933,2038,1088,2732,2006,-10.4709,11.7579
8189,272.967,2038,1088,2732,2005,-8.6502,11.0018
8190,273.000,2037,1087,2732,2005,-10.0637,11.7184
8191,273.033,2037,1087,2732,2005,-10.4715,11.3116
8192,273.067,2037,1088,2732,2005,-12.4488,12.2462
8193,273.100,2037,1088,2732,2005,-13.5061,13.2367
8194,273.133,2037,1088,2732,2005,-13.3937,13.4334
8195,273.167,2037,1087,2732,2005,-12.8234,13.0587
8196,273.200,2037,1088,2732,2005,-13.4311,13.7371
8197,273.233,2037,1087,2732,2005,-12.7621,12.7080
8198,273.267,2037,1087,2732,2005,-13.0902,12.8145
8199,273.300,2037,1087,2732,2004,-13.7428,12.9336
8200,273.333,2037,1087,2732,2004,-14.2916,12.8105
8201,273.367,2037,1087,2732,2005,-13.9366,13.0730
8202,273.400,2037,1087,2732,2004,-15.0681,13.3477
8203,273.433,2037,1088,2732,2005,-15.6198,14.5371
8204,273.467,2037,1087,2732,2005,-15.4661,13.6707
8205,273.500,2037,1087,2732,2004,-14.9294,14.6382
8206,273.533,2037,1087,2732,2006,-15.5868,14.7361
8207,273.567,2038,1086,2732,2005,-16.2001,15.6494
8208,273.600,2038,1087,2732,2005,-14.8755,14.2239
8209,273.633,2038,1087,2732,2005,-15.1087,13.9412
8210,273.667,2038,1087,2732,2005,-15.3345,14.0387
8211,273.700,2038,1087,2732,2004,-14.2860,14.4598
8212,273.733,2038,1087,2732,2005,-15.4146,15.0203
8213,273.767,2038,1087,2731,2004,-14.4793,12.7118
8214,273.800,2038,1087,2731,2004,-14.8843,12.7049
8215,273.833,2038,1087,2731,2004,-15.5816,13.4325
8216,273.867,2038,1087,2731,2004,-15.9036,13.6044
8217,273.900,2038,1087,2731,2004,-15.7517,13.3086
8218,273.933,2038,1087,2731,2005,-15.1256,14.5175
8219,273.967,2038,1087,2731,2004,-15.6729,13.6945
8220,274.000,2038,1088,2731,2005,-15.7381,14.7068
8221,274.033,2038,1088,2731,2005,-15.6140,15.5240
8222,274.067,2038,1088,2732,2005,-15.3156,17.3510
8223,274.100,2038,1088,2732,2005,-15.0648,17.1517
8224,274.133,2038,1087,2733,2006,-15.3408,15.5477
8225,274.167,2039,1088,2733,2006,-17.1975,14.3323
8226,274.200,2039,1088,2733,2007,-17.6690,15.1348
8227,274.233,2039,1088,2733,2007,-17.0064,14.7394
8228,274.267,2039,1087,2733,2006,-16.9299,13.9460
8229,274.300,2040,1087,2733,2007,-14.3328,14.7912
8230,274.333,2039,1087,2733,2007,-16.4486,14.7119
8231,274.367,2039,1087,2733,2005,-15.2841,14.4551
8232,274.400,2040,1087,2733,2007,-15.4816,14.8074
8233,274.433,2040,1087,2733,2007,-14.5118,16.1596
8234,274.467,2040,1087,2733,2007,-14.2100,16.2249
8235,274.500,2040,1087,2733,2007,-14.2851,16.2162
8236,274.533,2040,1087,2732,2007,-16.1928,16.1140
8237,274.567,2040,1087,2733,2007,-14.8653,17.7749
8238,274.600,2039,1087,2733,2007,-14.9884,15.6458
8239,274.633,2039,1087,2733,2007,-15.0430,15.7709
8240,274.667,2039,1087,2733,2007,-14.5301,16.3918
8241,274.700,2039,1087,2732,2007,-13.9453,16.9184
8242,274.733,2042,1090,2730,2006,-12.4332,9.2110
8243,274.767,2042,1090,2730,2006,-12.8309,10.5612
8244,274.800,2041,1090,2730,2004,-14.3119,10.4776
8245,274.833,2040,1090,2730,2005,-13.0189,12.0817
8246,274.867,2041,1089,2730,2006,-12.4143,14.5389
8247,274.900,2040,1089,2731,2007,-16.0372,17.2156
8248,274.933,2040,1088,2731,2007,-14.4592,15.4097
8249,274.967,2039,1087,2732,2007,-15.3316,16.6128
8250,275.000,2038,1088,2731,2008,-11.2736,16.4142
8251,275.033,2039,1088,2731,2008,-12.9583,14.2704
8252,275.067,2039,1088,2731,2007,-11.7511,14.6288
8253,275.100,2040,1089,2730,2007,-13.4753,15.7767
8254,275.133,2040,1088,2730,2007,-13.9657,15.3535
8255,275.167,2039,1088,2731,2007,-12.5596,14.2489
8256,275.200,2039,1088,2730,2007,-14.3278,14.8428
8257,275.233,2040,1088,2731,2007,-13.5510,14.1305
8258,275.267,2040,1088,2731,2007,-14.0013,14.6061
8259,275.300,2040,1088,2731,2007,-13.7385,14.2934
8260,275.333,2040,1089,2731,2007,-13.8035,15.2201
8261,275.367,2040,1088,2731,2007,-13.8755,13.9017
8262,275.400,2040,1088,2731,2007,-13.5463,14.1989
8263,275.433,2040,1088,2731,2007,-13.8929,15.0716
8264,275.467,2040,1088,2731,2007,-14.1806,14.6590
8265,275.500,2040,1088,2732,2008,-14.0423,14.2983
8266,275.533,2040,1088,2732,2008,-13.2065,14.6614
8267,275.567,2040,1088,2731,2008,-14.5255,15.7727
8268,275.600,2040,1088,2731,2009,-13.9981,14.6742
8269,275.633,2040,1088,2731,2009,-14.1297,14.3648
8270,275.667,2040,1088,2731,2009,-14.0220,14.2515
8271,275.700,2040,1088,2732,2009,-13.0386,15.9643
8272,275.733,2040,1088,2732,2009,-13.3110,15.9441
8273,275.767,2040,1088,2732,2009,-13.5205,15.5228
8274,275.800,2040,1088,2732,2009,-13.1714,15.9423
8275,275.833,2039,1089,2731,2008,-15.4151,14.4580
8276,275.867,2039,1089,2732,2008,-14.3536,15.5257
8277,275.900,2039,1088,2732,2008,-12.3436,16.2921
8278,275.933,2039,1088,2732,2008,-12.4021,16.0100
8279,275.967,2039,1088,2732,2008,-12.1971,15.4861
8280,276.000,2040,1089,2731,2008,-15.2306,15.1340
8281,276.033,2040,1089,2731,2007,-15.2097,15.0497
8282,276.067,2040,1089,2731,2008,-15.5106,15.6326
8283,276.100,2039,1089,2731,2007,-14.3030,15.3682
8284,276.133,2039,1088,2731,2007,-13.7496,15.3987
8285,276.167,2039,1088,2731,2007,-12.9846,15.1383
8286,276.200,2039,1088,2731,2007,-13.0377,15.2953
8287,276.233,2039,1088,2731,2007,-12.9355,15.2037
8288,276.267,2039,1088,2731,2007,-13.3682,15.0721
8289,276.300,2039,1088,2731,2007,-13.0942,15.6124
8290,276.333,2039,1088,2731,2006,-13.6028,14.7936
8291,276.367,2039,1088,2731,2006,-13.8669,15.2063
8292,276.400,2039,1088,2731,2006,-13.7750,14.7628
8293,276.433,2039,1088,2731,2007,-13.5847,15.1352
8294,276.467,2039,1088,2731,2006,-13.4901,14.8137
8295,276.500,2039,1088,2731,2006,-13.1671,14.7060
8296,276.533,2039,1088,2731,2006,-13.5194,15.1449
8297,276.567,2039,1088,2731,2006,-13.3681,15.1998
8298,276.600,2039,1087,2731,2005,-15.3182,14.6244
8299,276.633,2039,1087,2731,2006,-14.1482,15.5821
8300,276.667,2039,1087,2731,2006,-13.9734,15.5842
8301,276.700,2039,1087,2731,2006,-14.2379,15.2995
8302,276.733,2038,1088,2731,2006,-14.8898,14.8766
8303,276.767,2038,1087,2732,2006,-13.5867,15.2995
8304,276.800,2038,1087,2732,2006,-14.0668,15.6777
8305,276.833,2038,1087,2732,2006,-14.5147,14.9762
8306,276.867,2038,1087,2731,2005,-15.5980,14.4760
8307,276.900,2038,1087,2731,2005,-15.6863,14.5389
8308,276.933,2038,1087,2732,2005,-14.7389,12.9955
8309,276.967,2038,1087,2732,2005,-14.1550,12.7628
8310,277.000,2037,1088,2732,2005,-15.2241,14.1528
8311,277.033,2037,1088,2732,2005,-15.4184,14.4016
8312,277.067,2037,1088,2732,2005,-15.2498,14.1498
8313,277.100,2037,1088,2733,2005,-14.3842,13.6257
8314,277.133,2038,1088,2733,2006,-15.0686,14.5139
8315,277.167,2037,1088,2732,2006,-15.4936,16.0804
8316,277.200,2037,1088,2732,2005,-15.7296,15.8289
8317,277.233,2037,1088,2732,2006,-15.1973,16.1142
8318,277.267,2038,1088,2732,2006,-14.9918,13.4378
8319,277.300,2038,1088,2732,2006,-14.9110,13.9665
8320,277.333,2037,1088,2732,2006,-16.4616,14.9673
8321,277.367,2037,1088,2732,2006,-16.1154,15.1010
8322,277.400,2038,1087,2732,2006,-15.3481,13.2584
8323,277.433,2038,1087,2732,2006,-15.7421,12.8438
8324,277.467,2038,1087,2732,2006,-15.1745,12.7747
8325,277.500,2038,1087,2733,2006,-15.8499,15.5688
8326,277.533,2038,1087,2733,2006,-15.1502,14.2411
8327,277.567,2038,1088,2732,2006,-15.6180,14.1950
8328,277.600,2038,1088,2732,2006,-14.7019,14.5285
8329,277.633,2038,1088,2732,2006,-15.3140,14.8412
8330,277.667,2038,1088,2732,2007,-16.1882,13.6061
8331,277.700,2038,1088,2732,2007,-16.3355,14.3624
8332,277.733,2038,1089,2732,2007,-16.0760,15.0537
8333,277.767,2038,1088,2733,2007,-17.8068,16.8447
8334,277.800,2038,1089,2733,2007,-15.9058,15.2049
8335,277.833,2038,1088,2733,2007,-18.0029,16.1381
8336,277.867,2037,1088,2732,2006,-15.9369,16.3028
8337,277.900,2037,1088,2732,2006,-16.6686,16.2313
8338,277.933,2037,1088,2732,2007,-15.9317,16.3204
8339,277.967,2037,1088,2732,2007,-16.4287,15.8160
8340,278.000,2037,1088,2731,2006,-15.5602,16.3075
8341,278.033,2037,1088,2731,2006,-15.3026,15.7546
8342,278.067,2037,1089,2731,2007,-14.5686,17.3073
8343,278.100,2037,1089,2731,2006,-14.9560,17.9733
8344,278.133,2037,1089,2732,2006,-15.8732,17.0118
8345,278.167,2038,1089,2732,2006,-14.3199,16.0445
8346,278.200,2037,1089,2732,2007,-13.8867,17.0202
8347,278.233,2037,1089,2731,2007,-12.5171,17.6209
8348,278.267,2037,1089,2731,2006,-13.9187,16.5669
8349,278.300,2037,1089,2731,2005,-14.3159,17.7434
8350,278.333,2037,1090,2731,2003,-13.5283,16.3988
8351,278.367,2037,1090,2731,2004,-13.0085,16.8712
8352,278.400,2037,1090,2730,2003,-14.0817,17.0386
8353,278.433,2037,1090,2730,2004,-13.4118,16.8470
8354,278.467,2037,1090,2730,2004,-13.3643,16.8883
8355,278.500,2037,1089,2731,2005,-13.2632,17.5704
8356,278.533,2037,1089,2731,2005,-13.4506,16.9770
8357,278.567,2038,1089,2731,2007,-15.0146,16.5326
8358,278.600,2037,1090,2731,2006,-13.2261,15.7930
8359,278.633,2037,1090,2731,2006,-13.8640,15.4868
8360,278.667,2037,1091,2732,2005,-12.4238,15.2657
8361,278.700,2037,1091,2732,2005,-12.9463,15.1275
8362,278.733,2037,1091,2732,2005,-13.3513,14.7195
8363,278.767,2037,1090,2732,2005,-12.1321,15.8047
8364,278.800,2036,1090,2732,2005,-11.6901,14.9420
8365,278.833,2036,1090,2732,2005,-12.1544,14.9491
8366,278.867,2036,1090,2732,2005,-12.8453,14.8385
8367,278.900,2036,1091,2731,2003,-12.1174,14.1864
8368,278.933,2037,1090,2731,2003,-14.6974,15.2010
8369,278.967,2036,1090,2730,2003,-13.9687,15.7154
8370,279.000,2037,1090,2731,2004,-15.7697,16.4099
8371,279.033,2037,1090,2731,2004,-15.6182,16.4533
8372,279.067,2037,1090,2731,2004,-16.0107,17.0338
8373,279.100,2037,1090,2731,2005,-15.3584,15.9730
8374,279.133,2037,1091,2731,2004,-15.3138,14.4292
8375,279.167,2036,1096,2731,2006,-20.9551,13.9797
8376,279.200,2036,1096,2732,2006,-20.7378,14.7652
8377,279.233,2036,1095,2731,2007,-20.8759,14.1558
8378,279.267,2036,1095,2731,2007,-20.6939,12.7880
8379,279.300,2037,1095,2731,2007,-19.7829,13.9679
8380,279.333,2037,1095,2731,2007,-20.0694,14.0620
8381,279.367,2037,1095,2731,2006,-19.6819,13.4452
8382,279.400,2037,1094,2731,2006,-19.3005,12.0273
8383,279.433,2037,1094,2731,2006,-19.5025,12.4277
8384,279.467,2037,1094,2731,2006,-19.3897,12.0009
8385,279.500,2037,1095,2731,2006,-20.5639,13.6994
8386,279.533,2037,1095,2731,2006,-20.8766,14.0745
8387,279.567,2037,1096,2730,2006,-22.2021,14.6898
8388,279.600,2037,1095,2730,2006,-20.8920,14.7965
8389,279.633,2037,1095,2730,2006,-21.8613,15.4514
8390,279.667,2036,1095,2730,2006,-21.5136,15.2747
8391,279.700,2037,1094,2730,2005,-22.1492,13.9481
8392,279.733,2036,1095,2730,2005,-22.7946,13.9647
8393,279.767,2037,1094,2731,2005,-22.2480,13.1237
8394,279.800,2036,1094,2731,2006,-22.0373,14.7528
8395,279.833,2036,1094,2731,2006,-21.9255,14.2959
8396,279.867,2036,1095,2731,2006,-22.3053,13.7667
8397,279.900,2036,1094,2731,2006,-22.5835,14.3126
8398,279.933,2037,1094,2731,2007,-23.7779,13.4517
8399,279.967,2036,1094,2731,2007,-23.6556,15.5601
8400,280.000,2036,1096,2731,2007,-21.6492,13.7855
8401,280.033,2036,1096,2731,2008,-20.4074,14.3561
8402,280.067,2036,1096,2731,2008,-20.0958,13.8310
8403,280.100,2036,1096,2731,2008,-20.2689,13.9091
8404,280.133,2036,1095,2731,2008,-22.4257,13.8346
8405,280.167,2036,1095,2731,2008,-22.3291,13.0592
8406,280.200,2036,1095,2731,2008,-22.0410,12.8002
8407,280.233,2036,1095,2731,2008,-21.9586,12.6323
8408,280.267,2036,1095,2731,2008,-21.7655,12.9021
8409,280.300,2036,1095,2731,2008,-21.7570,13.0901
8410,280.333,2036,1095,2731,2008,-21.9790,12.9237
8411,280.367,2036,1095,2731,2007,-21.0767,12.9954
8412,280.400,2036,1095,2731,2008,-22.5408,14.1227
8413,280.433,2036,1091,2729,2006,-23.0328,10.2716
8414,280.467,2036,1092,2729,2002,-20.9948,9.1104
8415,280.500,2037,1092,2728,2003,-20.6602,4.8620
8416,280.533,2037,1092,2728,2004,-21.9416,5.2901
8417,280.567,2038,1090,2729,2005,-25.7431,11.6848
8418,280.600,2038,1090,2730,2006,-24.7637,9.8126
8419,280.633,2038,1090,2729,2007,-23.8568,12.9516
8420,280.667,2037,1092,2730,2007,-22.2248,15.2608
8421,280.700,2037,1093,2730,2008,-22.6945,14.6777
8422,280.733,2038,1093,2730,2008,-22.0064,14.0303
8423,280.767,2038,1093,2730,2009,-21.9167,15.0218
8424,280.800,2037,1094,2730,2009,-23.5049,15.5912
8425,280.833,2037,1093,2730,2008,-22.4765,15.1930
8426,280.867,2037,1093,2730,2008,-22.3371,15.1669
8427,280.900,2037,1093,2730,2007,-21.9048,17.3249
8428,280.933,2037,1092,2730,2007,-22.8145,13.9407
8429,280.967,2037,1092,2730,2007,-22.5985,14.0161
8430,281.000,2036,1092,2731,2007,-21.5334,14.4317
8431,281.033,2036,1091,2731,2008,-22.0504,14.2122
8432,281.067,2036,1091,2732,2007,-21.1721,14.9418
8433,281.100,2036,1090,2732,2007,-21.2957,14.0857
8434,281.133,2036,1090,2732,2008,-22.0723,13.8994
8435,281.167,2036,1090,2732,2008,-21.6699,14.6413
8436,281.200,2037,1090,2732,2008,-22.5030,13.7411
8437,281.233,2037,1090,2732,2008,-22.3559,13.5110
8438,281.267,2037,1090,2732,2008,-22.1057,14.0788
8439,281.300,2036,1090,2732,2007,-20.9260,13.7130
8440,281.333,2036,1090,2732,2008,-21.3911,15.7720
8441,281.367,2036,1090,2731,2008,-22.9945,14.2832
8442,281.400,2037,1090,2731,2008,-21.7020,13.8744
8443,281.433,2036,1090,2731,2008,-22.5064,13.6977
8444,281.467,2036,1090,2732,2008,-21.0342,15.5947
8445,281.500,2036,1090,2731,2008,-22.5399,13.6703
8446,281.533,2037,1090,2731,2008,-21.4979,13.5910
8447,281.567,2037,1090,2732,2008,-22.4302,14.1651
8448,281.600,2036,1090,2731,2007,-22.6057,14.1793
8449,281.633,2036,1090,2731,2008,-22.9997,13.9441
8450,281.667,2036,1090,2731,2008,-22.6430,14.0934
8451,281.700,2036,1090,2731,2008,-22.0560,13.8335
8452,281.733,2036,1090,2731,2008,-22.1985,13.9608
8453,281.767,2036,1089,2731,2008,-20.3160,14.2995
8454,281.800,2036,1089,2731,2007,-22.0357,13.4668
8455,281.833,2036,1090,2731,2008,-22.2069,13.5107
8456,281.867,2036,1090,2731,2008,-22.3762,13.3226
8457,281.900,2036,1090,2732,2009,-21.8505,14.8988
8458,281.933,2036,1090,2732,2009,-21.5033,15.5078
8459,281.967,2036,1090,2732,2009,-22.2719,15.5251
8460,282.000,2036,1088,2732,2008,-22.1541,15.1098
8461,282.033,2036,1088,2732,2008,-21.8598,15.2220
8462,282.067,2036,1088,2732,2007,-22.2889,15.4365
8463,282.100,2036,1088,2732,2007,-22.0560,15.5845
8464,282.133,2036,1088,2732,2007,-22.5909,15.3905
8465,282.167,2036,1089,2732,2007,-21.8772,15.4618
8466,282.200,2036,1089,2732,2007,-21.9749,15.6738
8467,282.233,2036,1089,2732,2007,-21.8356,15.7583
8468,282.267,2036,1089,2732,2008,-23.2986,16.2922
8469,282.300,2036,1089,2732,2007,-21.6785,15.3613
8470,282.333,2036,1089,2732,2007,-21.9877,15.5480
8471,282.367,2036,1089,2732,2007,-22.4435,15.7660
8472,282.400,2036,1089,2732,2007,-22.3985,15.7173
8473,282.433,2036,1088,2732,2008,-22.2825,13.5863
8474,282.467,2036,1088,2732,2008,-21.8378,13.5173
8475,282.500,2036,1088,2732,2008,-21.7376,13.3281
8476,282.533,2036,1088,2732,2007,-23.5301,13.4971
8477,282.567,2037,1088,2732,2007,-22.1637,13.4896
8478,282.600,2037,1088,2732,2007,-21.4246,13.5748
8479,282.633,2037,1088,2732,2007,-21.6099,13.1644
8480,282.667,2036,1088,2732,2007,-23.4186,13.7724
8481,282.700,2036,1088,2732,2008,-22.4884,12.9333
8482,282.733,2036,1088,2732,2008,-22.3141,12.2149
8483,282.767,2036,1088,2732,2008,-22.5847,12.9179
8484,282.800,2036,1088,2733,2008,-23.3022,14.4243
8485,282.833,2036,1088,2732,2008,-23.9411,13.1929
8486,282.867,2036,1088,2732,2008,-23.3688,13.7889
8487,282.900,2036,1088,2732,2008,-23.6455,13.6294
8488,282.933,2036,1088,2732,2008,-23.7216,13.7414
8489,282.967,2036,1088,2732,2008,-23.5100,13.5538
8490,283.000,2036,1088,2732,2008,-21.8835,12.8133
8491,283.033,2036,1088,2732,2008,-22.0809,12.5937
8492,283.067,2036,1088,2732,2008,-21.9879,12.5524
8493,283.100,2036,1088,2732,2008,-22.1913,12.4753
8494,283.133,2036,1088,2732,2008,-22.5027,12.3903
8495,283.167,2036,1088,2731,2007,-23.5280,12.6295
8496,283.200,2036,1088,2731,2007,-23.7002,12.4415
8497,283.233,2036,1088,2732,2007,-22.7143,14.0399
8498,283.267,2036,1088,2732,2007,-22.8381,14.6468
8499,283.300,2036,1088,2732,2007,-23.1280,14.5316
8500,283.333,2036,1088,2732,2007,-23.1053,14.4419
8501,283.367,2037,1088,2732,2007,-22.7811,14.1214
8502,283.400,2037,1088,2732,2007,-22.9145,13.5895
8503,283.433,2037,1088,2732,2006,-23.2267,13.3268
8504,283.467,2037,1087,2732,2006,-22.5597,12.9606
8505,283.500,2037,1088,2732,2006,-23.0085,12.9911
8506,283.533,2036,1088,2732,2006,-21.9695,13.5296
8507,283.567,2036,1088,2732,2006,-22.4409,14.0483
8508,283.600,2036,1088,2732,2006,-22.0592,13.7258
8509,283.633,2036,1088,2732,2006,-22.0379,14.2400
8510,283.667,2036,1088,2732,2005,-22.8785,14.1843
8511,283.700,2036,1088,2732,2005,-22.7489,14.0306
8512,283.733,2036,1089,2731,2006,-22.8901,14.7175
8513,283.767,2035,1093,2731,2008,-22.6318,14.2372
8514,283.800,2036,1093,2731,2008,-22.7462,13.9392
8515,283.833,2036,1093,2731,2008,-22.4154,14.7158
8516,283.867,2036,1093,2731,2008,-22.3301,14.6927
8517,283.900,2036,1092,2731,2009,-22.6044,12.9320
8518,283.933,2036,1092,2731,2008,-21.4007,15.5486
8519,283.967,2036,1091,2731,2008,-22.2244,14.2313
8520,284.000,2036,1092,2731,2008,-21.6471,14.5201
8521,284.033,2036,1093,2732,2008,-21.6566,15.9754
8522,284.067,2036,1093,2732,2007,-21.5632,15.6438
8523,284.100,2036,1093,2732,2007,-21.8544,15.4564
8524,284.133,2036,1092,2732,2007,-21.3297,15.3445
8525,284.167,2036,1092,2732,2006,-21.9542,14.4854
8526,284.200,2036,1092,2732,2006,-22.3071,14.1331
8527,284.233,2036,1092,2732,2006,-22.2030,14.2631
8528,284.267,2036,1092,2732,2007,-21.4791,14.6174
8529,284.300,2036,1092,2732,2007,-21.5963,15.0306
8530,284.333,2036,1091,2731,2007,-21.8403,16.9525
8531,284.367,2036,1091,2732,2006,-21.1877,15.5682
8532,284.400,2036,1092,2732,2007,-20.8622,14.7968
8533,284.433,2036,1092,2732,2008,-20.8582,14.1152
8534,284.467,2035,1092,2732,2007,-20.5609,14.1372
8535,284.500,2035,1091,2732,2007,-21.1880,15.5100
8536,284.533,2035,1091,2732,2007,-20.9845,15.5241
8537,284.567,2036,1091,2732,2006,-20.7414,15.5980
8538,284.600,2036,1091,2732,2006,-20.7311,16.1207
8539,284.633,2036,1091,2732,2006,-20.9293,16.0639
8540,284.667,2035,1092,2732,2006,-20.6665,14.5344
8541,284.700,2035,1091,2732,2006,-20.5469,15.9738
8542,284.733,2035,1091,2732,2007,-20.5617,14.9386
8543,284.767,2035,1091,2731,2006,-19.9262,14.4876
8544,284.800,2036,1091,2732,2007,-20.5870,16.2535
8545,284.833,2036,1091,2732,2007,-20.3749,15.7073
8546,284.867,2036,1091,2732,2007,-20.2872,15.8116
8547,284.900,2036,1091,2732,2007,-20.3038,15.6437
8548,284.933,2036,1091,2732,2007,-20.7239,15.9335
8549,284.967,2036,1091,2732,2007,-21.2475,15.3433
8550,285.000,2035,1092,2732,2007,-20.1903,16.1851
8551,285.033,2035,1093,2732,2009,-22.5230,15.5265
8552,285.067,2036,1093,2732,2009,-20.5852,15.2790
8553,285.100,2036,1091,2732,2008,-13.4339,12.3186
8554,285.133,2036,1091,2732,2008,-12.7458,11.5491
8555,285.167,2036,1091,2731,2007,-14.4068,11.9040
8556,285.200,2036,1091,2731,2007,-14.1546,12.1751
8557,285.233,2036,1091,2731,2007,-13.5774,10.6588
8558,285.267,2036,1090,2731,2007,-13.6585,10.8977
8559,285.300,2036,1090,2731,2006,-13.5666,10.8748
8560,285.333,2036,1090,2731,2006,-13.4665,11.1092
8561,285.367,2036,1090,2732,2006,-13.0373,10.8332
8562,285.400,2036,1090,2731,2006,-13.0925,10.2224
8563,285.433,2036,1089,2731,2005,-11.5267,10.4246
8564,285.467,2036,1089,2731,2005,-11.4986,10.6273
8565,285.500,2036,1088,2731,2005,-13.2349,9.2809
8566,285.533,2036,1089,2731,2005,-11.1310,10.1847
8567,285.567,2036,1089,2732,2005,-12.3672,10.6904
8568,285.600,2036,1089,2731,2005,-11.0823,10.8062
8569,285.633,2036,1089,2732,2005,-12.6302,11.0081
8570,285.667,2036,1089,2732,2005,-12.1116,10.2780
8571,285.700,2036,1089,2731,2005,-11.0388,11.1090
8572,285.733,2036,1089,2731,2005,-11.1016,11.0386
8573,285.767,2035,1089,2732,2005,-13.1211,10.5181
8574,285.800,2036,1088,2732,2004,-12.1305,9.6766
8575,285.833,2036,1088,2732,2004,-12.1305,10.2137
8576,285.867,2036,1088,2732,2004,-12.1433,9.8299
8577,285.900,2036,1088,2732,2004,-12.5884,9.4667
8578,285.933,2036,1088,2732,2004,-12.2544,9.4677
8579,285.967,2037,1088,2732,2004,-12.2376,9.2413
8580,286.000,2036,1087,2732,2004,-11.6570,9.6602
8581,286.033,2036,1087,2731,2004,-13.7320,8.8185
8582,286.067,2036,1087,2732,2005,-12.6182,11.0988
8583,286.100,2036,1087,2732,2005,-12.2590,10.4176
8584,286.133,2036,1087,2731,2006,-12.5857,9.1520
8585,286.167,2036,1087,2731,2006,-12.5011,8.7759
8586,286.200,2036,1087,2731,2006,-12.5260,8.3351
8587,286.233,2036,1087,2731,2006,-13.1712,8.4561
8588,286.267,2036,1086,2731,2006,-13.6277,8.3274
8589,286.300,2036,1086,2731,2006,-13.1901,8.1141
8590,286.333,2036,1086,2731,2007,-14.6177,9.3095
8591,286.367,2036,1086,2730,2006,-13.8614,8.3725
8592,286.400,2037,1086,2731,2006,-13.7525,9.5954
8593,286.433,2036,1086,2730,2007,-14.3961,10.1338
8594,286.467,2037,1086,2730,2006,-13.8745,11.3858
8595,286.500,2037,1086,2730,2006,-14.0013,10.9879
8596,286.533,2036,1086,2730,2006,-14.4157,10.0187
8597,286.567,2036,1085,2730,2006,-14.5343,10.5940
8598,286.600,2036,1086,2731,2006,-13.6207,9.9778
8599,286.633,2036,1086,2731,2007,-14.2097,10.2004
8600,286.667,2036,1086,2731,2006,-13.0623,9.6693
8601,286.700,2036,1087,2731,2006,-12.7403,10.2637
8602,286.733,2036,1087,2731,2006,-12.7557,10.3815
8603,286.767,2036,1087,2731,2006,-12.6222,10.5499
8604,286.800,2036,1087,2731,2006,-12.9550,9.4481
8605,286.833,2036,1087,2731,2006,-13.0326,9.8860
8606,286.867,2036,1087,2731,2006,-12.7404,9.3525
8607,286.900,2036,1087,2731,2006,-12.5681,9.3640
8608,286.933,2036,1086,2731,2006,-12.9066,8.9380
8609,286.967,2036,1086,2731,2006,-12.7464,9.3346
8610,287.000,2036,1087,2731,2006,-11.9146,10.1496
8611,287.033,2037,1087,2731,2006,-11.3882,10.5996
8612,287.067,2036,1087,2731,2006,-11.8243,10.6792
8613,287.100,2037,1087,2731,2006,-11.2603,10.3952
8614,287.133,2037,1087,2731,2006,-11.5112,10.5375
8615,287.167,2037,1087,2731,2006,-11.4138,10.2809
8616,287.200,2037,1087,2731,2006,-11.0910,9.8288
8617,287.233,2037,1088,2732,2006,-12.8313,10.6033
8618,287.267,2037,1087,2731,2006,-11.3072,9.4885
8619,287.300,2037,1088,2731,2006,-12.2875,10.0086
8620,287.333,2037,1088,2731,2006,-12.0545,9.9873
8621,287.367,2037,1087,2731,2007,-12.1078,8.7910
8622,287.400,2037,1088,2731,2007,-12.5628,9.3487
8623,287.433,2037,1089,2729,2005,-14.0692,6.8084
8624,287.467,2037,1090,2729,2002,-10.1430,3.9284
8625,287.500,2037,1091,2730,2002,-10.4570,3.0839
8626,287.533,2038,1089,2731,2003,-16.0450,4.8837
8627,287.567,2036,1089,2729,2002,-9.3028,2.4151
8628,287.600,2037,1090,2729,2003,-11.8398,2.5600
8629,287.633,2037,1087,2731,2005,-13.5878,4.7910
8630,287.667,2037,1088,2732,2006,-12.0742,3.7042
8631,287.700,2037,1087,2731,2005,-14.4215,4.8217
8632,287.733,2037,1086,2731,2006,-11.6718,8.0545
8633,287.767,2038,1086,2732,2007,-12.8995,8.7255
8634,287.800,2038,1086,2732,2006,-12.3324,6.8187
8635,287.833,2038,1086,2731,2006,-12.5171,8.0983
8636,287.867,2038,1085,2731,2006,-12.7863,9.2290
8637,287.900,2037,1086,2731,2006,-12.1112,8.1938
8638,287.933,2037,1086,2731,2006,-11.9308,7.8154
8639,287.967,2037,1086,2731,2006,-12.3931,7.8237
8640,288.000,2037,1086,2731,2006,-13.6434,10.2589
8641,288.033,2037,1086,2731,2006,-14.3163,9.9916
8642,288.067,2037,1087,2731,2006,-13.5950,10.0019
8643,288.100,2037,1086,2731,2005,-12.3394,10.6095
8644,288.133,2038,1086,2731,2005,-13.2144,10.5623
8645,288.167,2037,1086,2731,2006,-13.4690,9.7550
8646,288.200,2037,1086,2731,2006,-13.9340,9.5292
8647,288.233,2037,1086,2731,2006,-13.8102,9.7208
8648,288.267,2036,1086,2731,2007,-12.3761,10.1035
8649,288.300,2036,1086,2731,2007,-12.4778,9.8324
8650,288.333,2036,1087,2731,2007,-13.2652,9.3999
8651,288.367,2036,1087,2730,2007,-13.9895,9.1363
8652,288.400,2036,1088,2731,2007,-13.5303,8.1660
8653,288.433,2036,1088,2731,2007,-13.6776,8.1814
8654,288.467,2036,1088,2731,2007,-13.5224,8.2576
8655,288.500,2036,1088,2731,2008,-14.8728,9.8202
8656,288.533,2036,1088,2731,2008,-14.8142,9.8856
8657,288.567,2036,1088,2731,2008,-15.2343,10.0191
8658,288.600,2036,1088,2731,2008,-14.7602,9.8701
8659,288.633,2036,1089,2731,2008,-13.5271,9.2907
8660,288.667,2036,1089,2731,2008,-13.3141,9.1706
8661,288.700,2036,1088,2731,2008,-14.6835,9.0732
8662,288.733,2036,1088,2731,2007,-14.0574,7.6565
8663,288.767,2036,1088,2731,2007,-13.9482,7.9503
8664,288.800,2037,1088,2731,2007,-14.3755,9.0634
8665,288.833,2037,1087,2731,2007,-13.3481,9.0029
8666,288.867,2036,1087,2731,2007,-13.2954,9.5111
8667,288.900,2036,1088,2731,2007,-13.2491,7.6974
8668,288.933,2036,1087,2731,2007,-13.1115,9.4628
8669,288.967,2037,1087,2731,2007,-13.3335,8.9185
8670,289.000,2037,1089,2731,2007,-12.8620,8.8900
8671,289.033,2037,1089,2731,2007,-13.1961,9.1360
8672,289.067,2037,1089,2731,2007,-13.3452,9.0586
8673,289.100,2037,1089,2731,2007,-13.3692,9.2813
8674,289.133,2036,1089,2731,2007,-12.7092,9.0504
8675,289.167,2036,1089,2731,2006,-13.1597,9.1655
8676,289.200,2036,1089,2731,2006,-13.1922,9.0879
8677,289.233,2036,1089,2731,2006,-13.5016,8.5367
8678,289.267,2036,1089,2731,2006,-13.3088,8.5145
8679,289.300,2036,1089,2731,2005,-13.8456,8.9666
8680,289.333,2036,1089,2731,2006,-13.5666,8.2377
8681,289.367,2036,1089,2731,2006,-13.8658,9.0658
8682,289.400,2036,1089,2731,2006,-13.6618,9.0252
8683,289.433,2037,1089,2731,2006,-14.2661,9.7686
8684,289.467,2037,1089,2731,2006,-14.2794,9.2274
8685,289.500,2037,1089,2731,2006,-14.2924,9.3924
8686,289.533,2037,1089,2731,2006,-14.3051,9.5779
8687,289.567,2037,1089,2731,2006,-14.9387,10.5675
8688,289.600,2037,1089,2731,2006,-15.0294,10.1684
8689,289.633,2037,1089,2731,2006,-15.2781,10.1730
8690,289.667,2037,1088,2731,2006,-14.5294,9.3543
8691,289.700,2037,1088,2731,2006,-13.2024,8.5775
8692,289.733,2037,1088,2731,2005,-14.1924,8.4788
8693,289.767,2036,1089,2731,2005,-13.6829,9.4056
8694,289.800,2036,1088,2731,2005,-13.6944,8.1852
8695,289.833,2036,1089,2732,2005,-13.5593,9.1072
8696,289.867,2036,1089,2732,2005,-13.6033,9.1984
8697,289.900,2036,1089,2732,2005,-13.8359,9.4670
8698,289.933,2036,1089,2732,2006,-12.9223,10.1026
8699,289.967,2036,1089,2732,2006,-13.1803,9.7258
8700,290.000,2036,1089,2732,2005,-12.1782,8.6144
8701,290.033,2036,1089,2732,2005,-11.9464,8.2384
8702,290.067,2036,1089,2731,2005,-10.3095,9.8783
8703,290.100,2036,1089,2731,2004,-11.3631,9.4103
8704,290.133,2037,1089,2731,2004,-11.2811,9.3300
8705,290.167,2037,1089,2732,2005,-8.4968,9.5893
8706,290.200,2037,1088,2732,2005,-12.0047,10.0923
8707,290.233,2037,1089,2732,2005,-8.3406,9.3781
8708,290.267,2037,1088,2732,2005,-12.6407,9.8164
8709,290.300,2037,1088,2732,2004,-12.0302,8.9224
8710,290.333,2037,1088,2731,2005,-12.4291,8.6178
8711,290.367,2037,1088,2731,2004,-12.5061,8.7721
8712,290.400,2037,1088,2731,2004,-12.6522,8.5055
8713,290.433,2037,1088,2731,2004,-12.9038,8.6546
8714,290.467,2037,1088,2731,2004,-12.9225,9.1276
8715,290.500,2037,1088,2731,2004,-12.9849,8.8257
8716,290.533,2037,1088,2731,2003,-10.8120,9.1425
8717,290.567,2037,1088,2731,2003,-12.0224,9.8941
8718,290.600,2037,1088,2731,2003,-12.0438,9.6857
8719,290.633,2037,1088,2731,2003,-11.8866,9.7121
8720,290.667,2036,1088,2729,2007,-10.9955,12.8199
8721,290.700,2036,1088,2729,2006,-10.3455,11.0246
8722,290.733,2036,1088,2729,2006,-10.3939,11.1441
8723,290.767,2036,1088,2729,2006,-10.1926,11.0706
8724,290.800,2036,1088,2730,2006,-10.3515,10.8417
8725,290.833,2036,1088,2730,2006,-10.0364,10.7315
8726,290.867,2036,1088,2730,2006,-9.8956,10.9772
8727,290.900,2036,1088,2729,2006,-10.3601,11.3992
8728,290.933,2036,1088,2730,2006,-9.9589,10.9035
8729,290.967,2036,1088,2730,2006,-9.8708,10.9294
8730,291.000,2036,1087,2730,2006,-10.5683,9.1324
8731,291.033,2035,1087,2730,2006,-10.9758,10.2069
8732,291.067,2035,1087,2730,2006,-11.0488,9.9583
8733,291.100,2035,1087,2730,2006,-11.0865,9.8807
8734,291.133,2035,1087,2730,2006,-11.3378,10.1327
8735,291.167,2035,1087,2730,2006,-11.4694,10.7183
8736,291.200,2035,1087,2730,2006,-11.4594,10.4841
8737,291.233,2035,1087,2730,2006,-11.3972,10.2493
8738,291.267,2035,1087,2730,2006,-11.7279,9.6053
8739,291.300,2035,1087,2730,2006,-11.0303,9.4614
8740,291.333,2035,1087,2730,2006,-11.0281,9.2718
8741,291.367,2035,1087,2730,2007,-12.3981,9.3895
8742,291.400,2035,1087,2730,2006,-11.7664,9.2198
8743,291.433,2035,1086,2730,2006,-12.8706,9.8720
8744,291.467,2035,1086,2730,2006,-12.6502,10.2223
8745,291.500,2035,1086,2730,2005,-11.4913,10.3083
8746,291.533,2035,1086,2730,2005,-11.7542,10.5457
8747,291.567,2036,1085,2730,2006,-10.6979,9.8582
8748,291.600,2036,1085,2730,2006,-10.7653,9.6675
8749,291.633,2036,1085,2730,2006,-10.3318,9.7266
8750,291.667,2036,1085,2730,2006,-10.2497,9.6725
8751,291.700,2036,1085,2730,2006,-10.4472,9.7813
8752,291.733,2036,1086,2730,2006,-13.0909,10.8561
8753,291.767,2036,1086,2730,2006,-12.5565,10.1851
8754,291.800,2036,1085,2730,2006,-10.0355,9.7860
8755,291.833,2036,1086,2730,2006,-12.3814,10.5355
8756,291.867,2036,1085,2730,2006,-10.4411,9.8528
8757,291.900,2036,1085,2730,2006,-10.4761,9.6939
8758,291.933,2036,1085,2730,2006,-10.1758,9.1440
8759,291.967,2037,1085,2730,2006,-12.2797,9.6113
8760,292.000,2037,1085,2731,2006,-10.5644,8.3516
8761,292.033,2037,1085,2731,2006,-9.8967,8.6984
8762,292.067,2037,1085,2731,2006,-9.7695,8.5154
8763,292.100,2037,1085,2731,2006,-9.6936,8.1001
8764,292.133,2037,1085,2731,2006,-9.0674,8.3497
8765,292.167,2037,1084,2731,2005,-10.7757,9.0096
8766,292.200,2037,1084,2730,2005,-7.8779,6.7138
8767,292.233,2037,1083,2730,2005,-8.4784,5.6441
8768,292.267,2037,1083,2730,2005,-7.0203,6.7058
8769,292.300,2037,1083,2730,2005,-6.3775,7.3439
8770,292.333,2037,1082,2730,2004,-6.9774,8.8127
8771,292.367,2037,1083,2730,2004,-8.2381,8.3547
8772,292.400,2037,1083,2730,2003,-6.9369,8.5751
8773,292.433,2037,1083,2730,2003,-5.7726,8.8774
8774,292.467,2037,1083,2730,2003,-5.8564,9.3311
8775,292.500,2037,1083,2730,2003,-7.3112,9.1181
8776,292.533,2037,1084,2730,2004,-8.2745,9.5265
8777,292.567,2037,1084,2730,2003,-8.0838,8.3272
8778,292.600,2036,1084,2730,2003,-9.1524,9.3321
8779,292.633,2037,1084,2730,2004,-10.1310,10.3026
8780,292.667,2036,1084,2730,2005,-10.7835,9.5276
8781,292.700,2036,1084,2730,2005,-10.9614,9.5856
8782,292.733,2036,1087,2730,2006,-12.0965,10.1978
8783,292.767,2037,1087,2730,2006,-11.9716,11.3051
8784,292.800,2037,1087,2730,2006,-13.7217,11.8384
8785,292.833,2037,1088,2730,2006,-15.1597,10.6816
8786,292.867,2037,1088,2730,2006,-15.4692,11.2997
8787,292.900,2037,1088,2730,2006,-15.6848,10.6458
8788,292.933,2037,1088,2730,2007,-14.5778,11.1519
8789,292.967,2037,1089,2730,2006,-14.3875,11.0018
8790,293.000,2037,1088,2730,2005,-16.5308,11.9094
8791,293.033,2036,1088,2730,2005,-17.1871,12.9217
8792,293.067,2037,1088,2730,2004,-16.5691,10.8193
8793,293.100,2037,1088,2730,2004,-16.6061,10.7799
8794,293.133,2037,1088,2730,2005,-15.3346,12.2000
8795,293.167,2037,1088,2731,2005,-14.6608,11.2542
8796,293.200,2036,1088,2731,2005,-15.0947,12.6083
8797,293.233,2036,1088,2730,2005,-15.3067,12.4948
8798,293.267,2037,1088,2730,2005,-14.6447,11.9701
8799,293.300,2037,1087,2730,2005,-15.8132,10.0723
8800,293.333,2037,1087,2730,2005,-15.6704,10.6456
8801,293.367,2037,1088,2730,2005,-13.6692,13.1541
8802,293.400,2037,1088,2730,2006,-15.1899,12.0141
8803,293.433,2037,1088,2731,2007,-13.7732,10.9044
8804,293.467,2037,1088,2731,2006,-13.7497,10.0913
8805,293.500,2037,1088,2731,2006,-14.5752,10.2647
8806,293.533,2037,1088,2731,2006,-14.4709,10.5560
8807,293.567,2037,1088,2731,2006,-14.3047,9.5176
8808,293.600,2037,1088,2731,2006,-14.4063,9.4427
8809,293.633,2036,1088,2731,2006,-15.8465,11.8207
8810,293.667,2037,1088,2731,2006,-14.2401,9.7768
8811,293.700,2037,1088,2731,2006,-14.3176,10.1506
8812,293.733,2037,1088,2731,2006,-14.4477,10.0367
8813,293.767,2037,1087,2731,2005,-13.8499,10.5058
8814,293.800,2036,1087,2731,2005,-13.9913,11.8081
8815,293.833,2037,1087,2731,2005,-11.9713,10.6002
8816,293.867,2037,1087,2731,2005,-12.7656,9.6020
8817,293.900,2037,1087,2730,2005,-13.7523,10.6584
8818,293.933,2037,1087,2731,2005,-13.3827,9.1717
8819,293.967,2037,1087,2731,2005,-11.8295,10.2018
8820,294.000,2037,1087,2730,2005,-12.6143,10.5138
8821,294.033,2037,1086,2730,2005,-13.1241,12.5123
8822,294.067,2037,1086,2730,2005,-13.1058,11.7482
8823,294.100,2037,1086,2730,2005,-12.5740,12.0600
8824,294.133,2037,1086,2730,2004,-12.7218,12.5094
8825,294.167,2037,1086,2730,2004,-12.5796,12.5764
8826,294.200,2037,1086,2730,2004,-12.6441,12.5414
8827,294.233,2037,1086,2730,2005,-12.5334,12.4270
8828,294.267,2037,1086,2730,2004,-12.7318,12.3984
8829,294.300,2037,1086,2730,2004,-13.0220,12.3254
8830,294.333,2037,1086,2730,2004,-12.8885,12.2727
8831,294.367,2037,1086,2730,2004,-13.1119,12.3458
8832,294.400,2037,1085,2730,2004,-11.3744,12.1429
8833,294.433,2038,1086,2730,2004,-13.3755,11.9839
8834,294.467,2038,1085,2730,2004,-11.7951,11.9053
8835,294.500,2038,1085,2730,2004,-12.0512,12.2879
8836,294.533,2038,1085,2730,2004,-11.2408,12.0120
8837,294.567,2036,1087,2731,2006,-12.3765,11.1531
8838,294.600,2038,1083,2730,2008,-13.8077,12.9539
8839,294.633,2038,1084,2730,2007,-16.1223,13.4229
8840,294.667,2038,1084,2729,2009,-16.8917,14.9260
8841,294.700,2037,1084,2729,2008,-15.2961,15.2298
8842,294.733,2037,1084,2730,2009,-13.7190,15.1729
8843,294.767,2037,1084,2730,2009,-14.1006,14.6593
8844,294.800,2037,1084,2729,2009,-16.4523,14.4387
8845,294.833,2036,1084,2730,2009,-15.3664,13.2761
8846,294.867,2036,1084,2730,2009,-15.2972,12.5831
8847,294.900,2036,1084,2730,2009,-15.2030,13.2213
8848,294.933,2036,1084,2730,2009,-15.2853,12.0302
8849,294.967,2037,1085,2730,2009,-15.7065,12.7032
8850,295.000,2037,1085,2729,2007,-15.6382,14.8896
8851,295.033,2036,1085,2730,2007,-15.7244,15.3107
8852,295.067,2036,1085,2729,2007,-15.8050,14.6434
8853,295.100,2036,1085,2730,2007,-15.5831,15.2647
8854,295.133,2037,1084,2730,2008,-16.0964,13.4699
8855,295.167,2037,1084,2729,2009,-16.1632,15.1521
8856,295.200,2036,1084,2730,2009,-14.7941,15.1593
8857,295.233,2036,1084,2729,2010,-15.6395,15.8343
8858,295.267,2036,1085,2729,2011,-14.7926,15.7713
8859,295.300,2036,1085,2729,2011,-15.1812,15.1420
8860,295.333,2036,1085,2729,2011,-15.1530,15.2780
8861,295.367,2036,1085,2729,2011,-15.4507,14.8780
8862,295.400,2036,1084,2730,2012,-16.0450,14.4886
8863,295.433,2036,1084,2730,2012,-17.1232,14.3504
8864,295.467,2037,1084,2729,2012,-18.0139,14.1505
8865,295.500,2037,1084,2729,2013,-16.9332,14.9096
8866,295.533,2037,1084,2729,2014,-17.5889,15.2362
8867,295.567,2037,1084,2729,2014,-17.7169,16.4015
8868,295.600,2037,1083,2729,2013,-16.7805,17.4884
8869,295.633,2037,1083,2728,2013,-16.1120,18.4143
8870,295.667,2036,1082,2728,2013,-15.7549,18.2326
8871,295.700,2036,1082,2728,2013,-15.7438,18.9047
8872,295.733,2035,1082,2728,2013,-16.2401,19.2968
8873,295.767,2036,1082,2729,2014,-15.0289,16.3925
8874,295.800,2036,1082,2729,2014,-14.2513,16.0817
8875,295.833,2036,1081,2729,2014,-13.5804,17.5957
8876,295.867,2037,1080,2726,2013,-17.3659,16.9868
8877,295.900,2037,1084,2724,2011,-16.4361,16.6457
8878,295.933,2037,1083,2724,2011,-16.9360,13.7092
8879,295.967,2037,1082,2725,2011,-17.2074,15.4369
8880,296.000,2037,1081,2726,2011,-15.0217,12.5625
8881,296.033,2036,1080,2727,2013,-15.6182,15.9060
8882,296.067,2037,1079,2728,2015,-14.5802,16.8713
8883,296.100,2037,1080,2729,2015,-13.1753,16.3825
8884,296.133,2036,1081,2729,2015,-14.6472,15.9699
8885,296.167,2036,1080,2729,2015,-13.6321,16.3122
8886,296.200,2035,1081,2729,2015,-14.4622,15.6554
8887,296.233,2035,1081,2729,2016,-14.6615,15.1025
8888,296.267,2034,1081,2729,2015,-15.4669,15.7701
8889,296.300,2034,1081,2729,2016,-14.4296,16.1892
8890,296.333,2034,1081,2729,2015,-14.7671,16.2391
8891,296.367,2034,1081,2729,2016,-14.2698,16.0349
8892,296.400,2034,1081,2729,2015,-15.5478,15.6236
8893,296.433,2034,1082,2729,2016,-5.6399,21.6070
8894,296.467,2035,1082,2729,2015,-4.1638,17.9115
8895,296.500,2035,1082,2729,2016,-3.7964,18.2308
8896,296.533,2035,1081,2728,2015,-3.3125,19.5144
8897,296.567,2035,1081,2728,2014,-3.5661,20.6802
8898,296.600,2035,1081,2728,2013,-2.4233,21.1155
8899,296.633,2035,1080,2728,2013,-5.9197,19.4155
8900,296.667,2035,1080,2728,2012,-2.3309,18.0256
8901,296.700,2035,1080,2728,2012,-2.7918,17.9841
8902,296.733,2035,1079,2728,2011,-2.6694,17.6069
8903,296.767,2035,1079,2728,2011,-3.5473,17.6690
8904,296.800,2035,1078,2727,2011,-2.1620,17.2937
8905,296.833,2035,1078,2727,2011,-2.4251,16.9916
8906,296.867,2035,1078,2727,2011,-2.4211,16.9412
8907,296.900,2035,1078,2727,2011,-2.2545,16.7967
8908,296.933,2035,1078,2727,2011,-2.2728,17.0415
8909,296.967,2034,1079,2727,2011,-12.4612,18.1736
8910,297.000,2035,1079,2728,2010,-13.2078,17.2856
8911,297.033,2035,1079,2728,2009,-19.8993,13.7074
8912,297.067,2036,1081,2729,2011,-19.7870,13.0505
8913,297.100,2036,1081,2728,2010,-19.4154,14.2111
8914,297.133,2036,1081,2729,2010,-19.2294,12.2587
8915,297.167,2036,1081,2728,2009,-19.1614,11.8431
8916,297.200,2036,1081,2729,2010,-18.4997,11.3710
8917,297.233,2036,1081,2729,2010,-18.5939,11.9008
8918,297.267,2036,1081,2729,2010,-19.3125,13.1118
8919,297.300,2036,1081,2729,2011,-20.1153,11.7579
8920,297.333,2036,1081,2729,2010,-19.4917,11.7756
8921,297.367,2036,1081,2729,2010,-19.3439,12.1663
8922,297.400,2036,1081,2729,2011,-19.4394,11.0737
8923,297.433,2036,1080,2729,2010,-20.1843,10.1391
8924,297.467,2037,1080,2729,2011,-19.6476,10.4426
8925,297.500,2037,1081,2729,2011,-19.4578,10.5165
8926,297.533,2037,1081,2729,2011,-19.5413,10.0522
8927,297.567,2037,1081,2729,2011,-19.3373,10.0945
8928,297.600,2037,1081,2729,2011,-19.3146,10.1210
8929,297.633,2037,1081,2729,2012,-19.4008,10.9265
8930,297.667,2037,1081,2729,2012,-19.4076,11.4498
8931,297.700,2037,1081,2729,2012,-19.6688,11.5582
8932,297.733,2036,1081,2729,2012,-19.2700,10.6269
8933,297.767,2036,1081,2729,2012,-19.4926,11.2840
8934,297.800,2036,1081,2729,2012,-18.8743,11.8385
8935,297.833,2033,1083,2730,2010,-17.4525,11.9770
8936,297.867,2033,1083,2730,2010,-17.5364,11.4940
8937,297.900,2033,1083,2730,2010,-18.1630,11.3145
8938,297.933,2033,1083,2730,2010,-18.1884,11.1885
8939,297.967,2033,1083,2730,2010,-18.6336,12.6449
8940,298.000,2033,1082,2730,2010,-18.6942,13.2024
8941,298.033,2034,1082,2730,2010,-19.8207,13.7706
8942,298.067,2037,1083,2727,2008,-19.8396,10.0788
8943,298.100,2038,1080,2727,2005,-19.0916,2.8260
8944,298.133,2038,1081,2727,2005,-17.8317,5.6744
8945,298.167,2038,1080,2727,2004,-17.2351,4.9251
8946,298.200,2037,1080,2727,2004,-17.9890,3.4792
8947,298.233,2038,1078,2727,2003,-19.2054,3.9964
8948,298.267,2037,1080,2728,2005,-18.1509,11.7036
8949,298.300,2038,1080,2728,2006,-20.6517,11.8994
8950,298.333,2037,1079,2728,2007,-18.4071,11.1868
8951,298.367,2037,1079,2728,2006,-19.6046,12.3288
8952,298.400,2037,1079,2728,2007,-19.2664,11.8390
8953,298.433,2037,1079,2728,2007,-20.6634,10.1906
8954,298.467,2037,1079,2728,2008,-20.0122,11.8996
8955,298.500,2036,1081,2728,2009,-19.1322,13.5172
8956,298.533,2036,1081,2728,2010,-19.7433,12.6049
8957,298.567,2036,1081,2728,2010,-19.8958,12.6817
8958,298.600,2036,1081,2728,2010,-19.7658,12.4431
8959,298.633,2036,1081,2728,2011,-19.6634,11.9603
8960,298.667,2036,1081,2728,2010,-20.5127,12.3555
8961,298.700,2035,1082,2728,2010,-19.9622,12.5997
8962,298.733,2035,1082,2728,2010,-20.3097,12.9035
8963,298.767,2035,1082,2728,2010,-20.4853,12.0141
8964,298.800,2035,1082,2728,2010,-20.2813,12.5337
8965,298.833,2035,1082,2728,2011,-21.5421,11.6687
8966,298.867,2035,1082,2728,2011,-21.2339,11.9047
8967,298.900,2035,1082,2728,2013,-21.2063,10.3399
8968,298.933,2035,1082,2728,2012,-20.8317,9.6444
8969,298.967,2035,1082,2728,2013,-21.4719,10.7428
8970,299.000,2035,1082,2729,2013,-22.5345,9.4461
8971,299.033,2035,1082,2729,2013,-22.4291,9.0488
8972,299.067,2035,1082,2729,2013,-22.2833,9.0136
8973,299.100,2035,1082,2729,2013,-22.3107,9.7285
8974,299.133,2035,1082,2729,2013,-22.1710,9.5904
8975,299.167,2035,1082,2729,2013,-21.9954,9.2921
8976,299.200,2035,1082,2729,2014,-22.8661,8.7608
8977,299.233,2035,1082,2730,2013,-21.7041,9.1015
8978,299.267,2035,1082,2729,2013,-22.5621,8.9731
8979,299.300,2035,1081,2729,2013,-22.3178,8.9807
8980,299.333,2034,1082,2729,2012,-20.2792,8.9064
8981,299.367,2034,1080,2728,2011,-17.7244,10.6200
8982,299.400,2035,1080,2729,2012,-17.7267,9.0731
8983,299.433,2035,1081,2729,2011,-17.3271,10.2785
8984,299.467,2035,1081,2729,2011,-15.8280,10.9914
8985,299.500,2034,1081,2728,2011,-16.0980,10.6818
8986,299.533,2034,1081,2729,2011,-16.0046,10.3565
8987,299.567,2033,1082,2728,2011,-14.6871,11.2506
8988,299.600,2034,1081,2728,2010,-15.6962,10.1783
8989,299.633,2034,1081,2728,2010,-15.4724,9.9069
8990,299.667,2034,1081,2728,2010,-15.3652,10.5724
8991,299.700,2033,1082,2728,2010,-15.4124,11.0247
8992,299.733,2034,1081,2728,2010,-10.4782,11.1869
8993,299.767,2034,1081,2728,2010,-10.8365,11.0344
8994,299.800,2034,1082,2728,2010,-11.7594,9.0625
8995,299.833,2034,1081,2728,2010,-10.7675,10.3863
8996,299.867,2034,1081,2728,2010,-10.5009,10.1228
8997,299.900,2034,1081,2728,2010,-10.7886,9.6715
8998,299.933,2034,1081,2728,2010,-11.2448,9.0850
8999,299.967,2034,1081,2728,2010,-11.2220,8.3271
9000,300.000,2034,1081,2728,2011,-11.0363,8.9090
9001,300.033,2034,1081,2728,2011,-10.4231,9.5561
9002,300.067,2035,1082,2728,2011,-11.0445,10.1130
9003,300.100,2034,1082,2728,2011,-11.6774,9.2653
9004,300.133,2034,1082,2728,2011,-11.1983,9.4959
9005,300.167,2034,1081,2728,2011,-11.5113,9.1200
9006,300.200,2034,1081,2728,2010,-11.7907,8.2587
9007,300.233,2034,1081,2728,2011,-12.0898,9.0714
9008,300.267,2034,1081,2728,2011,-11.2694,8.8154
9009,300.300,2034,1081,2728,2010,-12.0525,8.7585
9010,300.333,2034,1081,2727,2011,-13.4848,8.8531
9011,300.367,2034,1081,2727,2010,-13.3373,9.2680
9012,300.400,2034,1082,2727,2010,-13.2242,9.2852
9013,300.433,2034,1082,2727,2011,-13.3985,8.8101
9014,300.467,2034,1082,2727,2012,-14.2602,8.2883
9015,300.500,2034,1082,2727,2012,-14.2609,7.9205
9016,300.533,2034,1082,2727,2011,-12.8380,8.6235
9017,300.567,2034,1082,2727,2011,-12.3002,9.1679
9018,300.600,2034,1082,2727,2012,-12.8699,9.0776
9019,300.633,2034,1081,2727,2012,-9.7328,9.3453
9020,300.667,2033,1081,2727,2012,-5.7530,9.5583
9021,300.700,2033,1081,2727,2011,-3.4683,9.8978
9022,300.733,2033,1081,2728,2011,-3.8757,9.4214
9023,300.767,2033,1081,2728,2011,-3.7909,7.8965
9024,300.800,2033,1081,2728,2011,-3.8741,8.6652
9025,300.833,2033,1081,2728,2011,-2.4743,8.2639
9026,300.867,2033,1081,2728,2011,-2.7537,8.0070
9027,300.900,2033,1081,2728,2011,-3.8740,8.4379
9028,300.933,2033,1081,2728,2011,-2.6547,8.5031
9029,300.967,2033,1081,2728,2010,-2.8181,7.8174
9030,301.000,2033,1080,2728,2010,-4.3647,9.2040
9031,301.033,2034,1080,2728,2010,-5.0326,10.4781
9032,301.067,2034,1080,2728,2010,-5.1027,10.8934
9033,301.100,2034,1079,2728,2010,-5.2757,11.5302
9034,301.133,2034,1079,2728,2011,-5.1293,12.3465
9035,301.167,2034,1079,2728,2010,-5.3547,11.9666
9036,301.200,2034,1079,2728,2010,-5.5151,12.2344
9037,301.233,2034,1079,2728,2010,-6.0372,11.9850
9038,301.267,2034,1079,2728,2011,-6.4668,12.6589
9039,301.300,2034,1079,2728,2010,-6.8176,12.9731
9040,301.333,2034,1079,2728,2010,-6.2646,13.2854
9041,301.367,2034,1079,2728,2010,-6.1489,12.9319
9042,301.400,2034,1079,2728,2010,-6.1232,13.1671
9043,301.433,2034,1079,2728,2010,-6.2982,13.3759
9044,301.467,2034,1080,2728,2010,-7.7164,11.7989
9045,301.500,2034,1079,2728,2010,-6.1822,13.2237
9046,301.533,2034,1080,2728,2010,-7.1460,11.6089
9047,301.567,2034,1079,2728,2010,-5.6749,12.3482
9048,301.600,2034,1080,2727,2010,-6.5593,13.1882
9049,301.633,2035,1080,2727,2011,-6.0976,11.2469
9050,301.667,2035,1080,2727,2012,-5.1202,10.7243
9051,301.700,2035,1081,2728,2012,-6.8406,11.1679
9052,301.733,2035,1081,2728,2012,-6.0912,10.5844
9053,301.767,2035,1081,2728,2012,-5.9474,10.5498
9054,301.800,2035,1082,2729,2012,-6.1100,12.4747
9055,301.833,2035,1083,2729,2013,-5.8063,11.9889
9056,301.867,2035,1083,2729,2013,-5.9267,11.9181
9057,301.900,2035,1083,2729,2013,-5.5781,12.0341
9058,301.933,2035,1083,2729,2013,-6.2408,12.0935
9059,301.967,2035,1083,2729,2013,-6.2390,11.7792
9060,302.000,2035,1083,2729,2011,-5.8586,12.1529
9061,302.033,2035,1083,2729,2011,-4.9300,12.7005
9062,302.067,2035,1083,2729,2011,-5.2549,12.8459
9063,302.100,2035,1082,2728,2010,-6.7463,13.6366
9064,302.133,2035,1083,2728,2011,-4.9750,11.6653
9065,302.167,2035,1083,2728,2010,-6.9307,12.8943
9066,302.200,2035,1083,2728,2011,-4.7769,11.1181
9067,302.233,2035,1083,2729,2011,-5.4131,10.6998
9068,302.267,2035,1083,2729,2012,-6.7839,11.1486
9069,302.300,2035,1085,2729,2014,-5.5170,12.4495
9070,302.333,2035,1084,2729,2013,-5.1740,11.2602
9071,302.367,2034,1085,2729,2013,-4.5408,10.1803
9072,302.400,2034,1085,2729,2013,-4.5120,10.0880
9073,302.433,2034,1086,2729,2014,-6.4621,10.2140
9074,302.467,2034,1086,2729,2014,-6.6436,10.6077
9075,302.500,2034,1086,2729,2013,-6.2050,11.6550
9076,302.533,2035,1086,2729,2013,-6.3050,9.6765
9077,302.567,2035,1085,2729,2013,-5.8318,10.5426
9078,302.600,2034,1085,2729,2012,-6.0866,11.1330
9079,302.633,2034,1085,2729,2012,-6.8516,10.7236
9080,302.667,2034,1086,2729,2012,-7.3321,8.6608
9081,302.700,2035,1086,2729,2012,-5.6870,9.9407
9082,302.733,2035,1085,2729,2013,-7.0210,10.1947
9083,302.767,2036,1085,2730,2012,-9.0157,9.2829
9084,302.800,2036,1085,2730,2013,-7.5022,9.0818
9085,302.833,2036,1085,2730,2014,-8.9165,9.4310
9086,302.867,2036,1085,2729,2015,-8.7746,9.2174
9087,302.900,2036,1085,2729,2014,-8.0584,8.8378
9088,302.933,2037,1085,2729,2014,-10.3962,10.9227
9089,302.967,2037,1085,2729,2015,-9.5930,11.4629
9090,303.000,2036,1083,2729,2015,-11.0118,11.4746
9091,303.033,2036,1084,2729,2015,-12.4028,12.8672
9092,303.067,2035,1082,2728,2013,-12.6074,14.3013
9093,303.100,2035,1083,2728,2014,-14.5588,13.3663
9094,303.133,2034,1082,2728,2014,-14.2647,14.5048
9095,303.167,2035,1081,2728,2014,-12.9593,15.2507
9096,303.200,2035,1081,2728,2014,-12.3216,16.8723
9097,303.233,2035,1081,2728,2014,-12.5180,16.5586
9098,303.267,2035,1080,2729,2015,-11.8564,14.1402
9099,303.300,2035,1082,2729,2016,-14.2109,12.8451
9100,303.333,2035,1083,2729,2018,-14.1682,12.6065
9101,303.367,2034,1083,2729,2019,-13.3417,12.0174
9102,303.400,2034,1083,2730,2019,-13.6512,11.1994
9103,303.433,2034,1084,2730,2018,-14.9354,10.7705
9104,303.467,2034,1084,2730,2018,-14.7518,11.4117
9105,303.500,2034,1084,2730,2019,-14.1513,12.2097
9106,303.533,2033,1085,2731,2020,-14.3228,12.8263
9107,303.567,2034,1086,2731,2019,-12.5320,13.4971
9108,303.600,2033,1086,2730,2019,-13.6600,14.8487
9109,303.633,2033,1085,2731,2020,-14.3381,15.8073
9110,303.667,2033,1086,2730,2020,-14.1374,14.7050
9111,303.700,2032,1086,2731,2021,-14.7999,14.1193
9112,303.733,2032,1087,2731,2022,-15.8803,17.1656
9113,303.767,2032,1086,2731,2022,-14.0373,15.5101
9114,303.800,2032,1086,2732,2022,-14.3880,15.3748
9115,303.833,2032,1087,2732,2021,-15.1449,15.5347
9116,303.867,2032,1086,2732,2021,-13.6638,13.8668
9117,303.900,2031,1087,2732,2021,-15.8175,16.5265
9118,303.933,2031,1088,2733,2021,-15.0569,16.4160
9119,303.967,2031,1087,2733,2021,-17.0659,16.1680
9120,304.000,2031,1088,2733,2022,-16.4874,19.0573
9121,304.033,2031,1090,2733,2023,-16.3779,14.5942
9122,304.067,2031,1090,2732,2023,-16.8500,16.2450
9123,304.100,2031,1091,2733,2022,-16.6009,15.0992
9124,304.133,2031,1090,2733,2023,-15.7985,14.6236
9125,304.167,2032,1089,2733,2023,-16.4664,15.9850
9126,304.200,2032,1089,2733,2022,-16.7147,16.6285
9127,304.233,2032,1088,2733,2022,-14.4873,17.7916
9128,304.267,2032,1088,2733,2022,-14.5157,16.6533
9129,304.300,2033,1087,2733,2022,-15.0808,16.1806
9130,304.333,2033,1087,2733,2022,-14.9606,16.3775
9131,304.367,2033,1087,2733,2022,-14.6340,16.3400
9132,304.400,2034,1088,2731,2027,-14.4755,14.9677
9133,304.433,2034,1087,2731,2026,-14.9052,18.0136
9134,304.467,2034,1087,2731,2026,-15.0403,18.0607
9135,304.500,2034,1087,2731,2026,-15.0571,18.1397
9136,304.533,2034,1087,2731,2025,-14.9769,16.4301
9137,304.567,2034,1088,2731,2025,-16.5260,15.5941
9138,304.600,2034,1087,2731,2025,-15.7222,15.0009
9139,304.633,2033,1087,2731,2025,-14.9757,14.2309
9140,304.667,2034,1086,2728,2027,-17.7367,6.0975
9141,304.700,2036,1088,2730,2025,-11.3987,14.2901
9142,304.733,2036,1086,2731,2024,-12.9260,13.3588
9143,304.767,2035,1086,2730,2024,-12.1824,12.0093
9144,304.800,2032,1087,2727,2024,-16.6793,13.7221
9145,304.833,2032,1086,2729,2023,-18.0984,14.9393
9146,304.867,2032,1087,2731,2024,-18.2217,14.4348
9147,304.900,2032,1087,2731,2025,-20.0886,14.6199
9148,304.933,2032,1087,2731,2025,-19.4992,15.5475
9149,304.967,2032,1087,2731,2025,-19.7287,15.5002
9150,305.000,2033,1086,2732,2027,-19.6608,14.3854
9151,305.033,2034,1085,2732,2026,-19.2382,12.0835
9152,305.067,2034,1086,2732,2027,-19.1929,13.9669
9153,305.100,2033,1086,2732,2026,-18.0137,14.5412
9154,305.133,2032,1085,2731,2025,-16.6985,13.4263
9155,305.167,2032,1085,2730,2024,-15.4073,15.8364
9156,305.200,2032,1083,2731,2023,-15.4138,16.3533
9157,305.233,2032,1084,2731,2023,-15.3661,15.3776
9158,305.267,2031,1083,2730,2022,-15.9181,16.4908
9159,305.300,2031,1083,2730,2022,-15.4638,16.0826
9160,305.333,2031,1083,2730,2022,-15.2474,16.2353
9161,305.367,2031,1083,2730,2023,-13.4511,16.2450
9162,305.400,2031,1083,2730,2023,-13.4188,15.7470
9163,305.433,2031,1083,2730,2023,-13.4382,16.0806
9164,305.467,2031,1084,2730,2023,-14.3933,14.8696
9165,305.500,2031,1084,2730,2023,-13.5942,15.1109
9166,305.533,2031,1084,2730,2023,-12.8209,14.4086
9167,305.567,2030,1086,2730,2023,-13.9693,16.1493
9168,305.600,2030,1086,2730,2023,-13.3914,16.9909
9169,305.633,2030,1086,2730,2023,-13.2916,16.3574
9170,305.667,2030,1086,2731,2023,-12.9565,14.3055
9171,305.700,2030,1087,2731,2023,-11.4338,13.1234
9172,305.733,2029,1087,2731,2023,-12.6384,14.2764
9173,305.767,2030,1087,2731,2023,-11.3498,13.0230
9174,305.800,2030,1088,2731,2023,-11.9635,15.7850
9175,305.833,2030,1088,2731,2022,-12.8250,15.0651
9176,305.867,2030,1088,2731,2022,-13.1774,14.5362
9177,305.900,2030,1088,2731,2022,-13.0341,14.7506
9178,305.933,2030,1088,2731,2023,-12.3555,15.2997
9179,305.967,2031,1087,2731,2023,-11.1842,14.5032
9180,306.000,2031,1087,2731,2023,-11.2928,12.7065
9181,306.033,2031,1087,2731,2023,-11.2970,12.2768
9182,306.067,2031,1087,2731,2023,-10.7191,12.3291
9183,306.100,2031,1087,2731,2023,-10.9275,12.4616
9184,306.133,2031,1087,2732,2023,-11.2257,12.3440
9185,306.167,2030,1088,2731,2022,-11.3013,13.9451
9186,306.200,2030,1088,2731,2023,-11.7727,13.8112
9187,306.233,2029,1088,2731,2022,-11.3101,14.7243
9188,306.267,2029,1088,2731,2024,-11.7536,13.8996
9189,306.300,2029,1088,2731,2024,-10.4160,14.7922
9190,306.333,2029,1088,2731,2024,-9.8977,14.9084
9191,306.367,2029,1088,2731,2024,-10.5134,14.7239
9192,306.400,2029,1088,2730,2023,-9.8210,14.1153
9193,306.433,2029,1088,2730,2023,-9.8158,15.1275
9194,306.467,2029,1087,2730,2023,-9.3459,15.0620
9195,306.500,2029,1087,2730,2023,-9.7093,14.8767
9196,306.533,2029,1087,2730,2023,-9.3888,14.9576
9197,306.567,2029,1087,2730,2023,-9.9802,16.2582
9198,306.600,2029,1087,2730,2023,-9.7395,15.6562
9199,306.633,2029,1086,2729,2022,-11.3925,15.0036
9200,306.667,2030,1086,2730,2023,-16.0630,14.7604
9201,306.700,2030,1087,2730,2024,-16.1464,14.5339
9202,306.733,2030,1087,2730,2025,-17.6267,14.8321
9203,306.767,2030,1087,2730,2025,-18.2459,15.2118
9204,306.800,2030,1088,2730,2026,-17.7209,15.5461
9205,306.833,2029,1088,2730,2025,-17.2962,15.5947
9206,306.867,2029,1088,2730,2025,-17.3814,15.7760
9207,306.900,2029,1088,2730,2025,-17.0186,15.7983
9208,306.933,2029,1088,2730,2026,-16.9548,15.1412
9209,306.967,2029,1088,2730,2026,-16.8463,15.0038
9210,307.000,2030,1088,2730,2026,-17.5997,17.9470
9211,307.033,2030,1089,2730,2027,-18.2010,16.2700
9212,307.067,2029,1090,2731,2028,-19.5323,18.1214
9213,307.100,2029,1090,2731,2028,-19.5643,18.6870
9214,307.133,2029,1090,2731,2028,-19.2687,17.5910
9215,307.167,2029,1090,2731,2027,-18.9325,17.0605
9216,307.200,2029,1090,2731,2027,-18.8566,17.3197
9217,307.233,2029,1089,2731,2027,-20.9185,16.0571
9218,307.267,2029,1089,2731,2027,-21.0298,14.6619
9219,307.300,2029,1090,2731,2028,-18.6660,16.0206
9220,307.333,2029,1090,2731,2028,-18.8741,16.0423
9221,307.367,2029,1090,2731,2028,-18.6647,16.2450
9222,307.400,2029,1090,2731,2027,-18.2213,15.5973
9223,307.433,2029,1089,2731,2026,-19.4924,15.2342
9224,307.467,2029,1089,2731,2026,-19.6784,14.6896
9225,307.500,2029,1088,2731,2026,-18.1475,13.6333
9226,307.533,2029,1088,2731,2026,-18.1276,13.6122
9227,307.567,2029,1087,2731,2026,-17.4202,13.2589
9228,307.600,2029,1087,2731,2026,-16.7931,13.6366
9229,307.633,2029,1087,2731,2026,-16.7519,13.4719
9230,307.667,2030,1088,2731,2025,-16.7770,12.0765
9231,307.700,2030,1088,2731,2025,-17.0040,12.6293
9232,307.733,2030,1087,2731,2025,-15.5364,13.0960
9233,307.767,2030,1088,2731,2026,-15.5216,12.6801
9234,307.800,2030,1087,2731,2026,-16.3043,12.5863
9235,307.833,2030,1087,2731,2025,-14.0487,13.1257
9236,307.867,2030,1087,2731,2025,-13.7704,13.5587
9237,307.900,2029,1087,2731,2025,-14.8486,13.7979
9238,307.933,2030,1087,2731,2025,-14.5222,14.5968
9239,307.967,2030,1087,2731,2025,-14.6600,14.6495
9240,308.000,2030,1087,2731,2026,-15.5029,15.8610
9241,308.033,2030,1087,2731,2027,-15.2333,16.7262
9242,308.067,2030,1087,2731,2027,-14.6583,16.8231
9243,308.100,2030,1088,2731,2027,-14.2831,17.1393
9244,308.133,2031,1087,2731,2027,-17.8731,15.5385
9245,308.167,2031,1087,2731,2027,-17.3804,15.9603
9246,308.200,2031,1087,2731,2027,-17.2682,15.4661
9247,308.233,2031,1086,2731,2027,-16.3685,15.3034
9248,308.267,2031,1087,2731,2028,-15.8073,15.8735
9249,308.300,2031,1086,2731,2027,-17.3825,15.2653
9250,308.333,2031,1086,2731,2027,-17.2906,15.2225
9251,308.367,2031,1085,2731,2027,-16.4074,16.8117
9252,308.400,2031,1085,2731,2027,-16.6792,16.3743
9253,308.433,2031,1085,2731,2027,-16.4975,16.6713
9254,308.467,2031,1086,2731,2026,-17.6662,16.3071
9255,308.500,2031,1086,2731,2026,-17.3956,16.0552
9256,308.533,2031,1085,2731,2026,-16.1769,16.0519
9257,308.567,2031,1086,2731,2026,-17.1071,15.5758
9258,308.600,2030,1086,2731,2025,-16.2762,16.0359
9259,308.633,2030,1086,2731,2025,-16.2723,15.8073
9260,308.667,2030,1086,2732,2024,-15.2976,16.7118
9261,308.700,2030,1087,2732,2024,-14.5952,17.6312
9262,308.733,2030,1087,2731,2024,-12.8157,17.3933
9263,308.767,2030,1087,2732,2024,-13.0174,17.8506
9264,308.800,2029,1087,2732,2025,-14.2007,15.8567
9265,308.833,2029,1088,2732,2025,-14.4132,13.2613
9266,308.867,2029,1088,2732,2026,-12.8987,13.9393
9267,308.900,2030,1088,2732,2026,-14.1674,15.4163
9268,308.933,2030,1088,2732,2026,-13.9973,14.6488
9269,308.967,2029,1087,2732,2026,-12.1794,14.9417
9270,309.000,2029,1088,2732,2026,-10.0377,13.7575
9271,309.033,2029,1088,2732,2027,-9.7789,13.1137
9272,309.067,2029,1087,2732,2027,-10.3540,15.3259
9273,309.100,2029,1088,2732,2026,-9.6008,12.7997
9274,309.133,2030,1088,2732,2027,-9.8628,15.2353
9275,309.167,2029,1088,2732,2027,-8.6401,11.9470
9276,309.200,2029,1088,2732,2027,-8.9983,12.6423
9277,309.233,2029,1088,2732,2027,-9.2031,12.3730
9278,309.267,2029,1088,2732,2028,-10.1984,13.0022
9279,309.300,2029,1088,2732,2027,-9.9637,12.7564
9280,309.333,2030,1088,2732,2027,-10.1442,15.9119
9281,309.367,2030,1088,2733,2027,-10.5457,13.5197
9282,309.400,2030,1088,2733,2026,-10.6066,13.7619
9283,309.433,2030,1087,2733,2025,-11.1037,15.1174
9284,309.467,2030,1086,2732,2025,-13.0835,13.9546
9285,309.500,2031,1086,2732,2025,-14.6265,14.3196
9286,309.533,2031,1087,2733,2025,-17.5252,16.4221
9287,309.567,2031,1087,2733,2025,-17.8189,15.6817
9288,309.600,2031,1087,2733,2025,-17.7296,15.7980
9289,309.633,2031,1087,2733,2025,-17.8206,15.2082
9290,309.667,2031,1088,2733,2024,-17.6113,12.4537
9291,309.700,2031,1087,2733,2025,-17.7703,15.1283
9292,309.733,2031,1087,2733,2025,-17.6661,15.4023
9293,309.767,2030,1087,2733,2025,-17.7655,11.7373
9294,309.800,2031,1087,2733,2025,-17.8838,15.6487
9295,309.833,2031,1088,2734,2025,-18.6892,11.5666
9296,309.867,2031,1088,2734,2026,-18.2254,12.9846
9297,309.900,2031,1088,2734,2026,-18.1686,13.1693
9298,309.933,2031,1088,2734,2026,-18.3779,13.9514
9299,309.967,2031,1088,2735,2026,-16.8235,14.1847
9300,310.000,2031,1088,2735,2027,-18.4327,13.8229
9301,310.033,2030,1089,2735,2028,-18.5308,14.9467
9302,310.067,2030,1089,2735,2027,-17.8445,15.2481
9303,310.100,2029,1089,2735,2027,-19.2761,13.3817
9304,310.133,2030,1089,2735,2029,-18.4878,13.5260
9305,310.167,2029,1089,2735,2028,-17.7166,14.7133
9306,310.200,2030,1090,2734,2027,-19.1370,17.0479
9307,310.233,2030,1089,2733,2027,-17.7807,13.3394
9308,310.267,2030,1089,2733,2026,-17.4254,14.2988
9309,310.300,2030,1089,2733,2026,-17.6835,13.4253
9310,310.333,2031,1090,2733,2025,-17.5705,14.2292
9311,310.367,2031,1089,2733,2024,-16.9047,13.9742
9312,310.400,2031,1090,2733,2026,-17.6040,13.3364
9313,310.433,2031,1090,2734,2026,-16.7093,15.2034
9314,310.467,2031,1090,2734,2027,-16.8153,14.5344
9315,310.500,2031,1089,2734,2026,-18.2856,15.2117
9316,310.533,2031,1089,2733,2026,-17.7137,13.7673
9317,310.567,2031,1089,2733,2028,-17.1302,15.3317
9318,310.600,2031,1088,2733,2027,-16.0470,13.9905
9319,310.633,2031,1088,2732,2027,-14.5444,14.5923
9320,310.667,2031,1088,2732,2028,-14.2746,14.5172
9321,310.700,2031,1089,2732,2028,-15.6012,14.7594
9322,310.733,2031,1089,2732,2028,-15.6762,14.7145
9323,310.767,2031,1089,2732,2029,-14.4077,15.1656
9324,310.800,2031,1089,2732,2029,-14.7559,14.3507
9325,310.833,2031,1089,2732,2029,-15.0757,14.6378
9326,310.867,2031,1089,2732,2029,-15.2576,15.3823
9327,310.900,2031,1089,2732,2028,-15.9917,15.3744
9328,310.933,2031,1090,2732,2028,-14.6956,14.6151
9329,310.967,2031,1090,2732,2028,-13.3232,14.1376
9330,311.000,2033,1089,2732,2026,-13.1075,15.3886
9331,311.033,2033,1089,2733,2026,-12.3315,14.1954
9332,311.067,2033,1090,2733,2027,-12.6501,13.2719
9333,311.100,2033,1090,2733,2026,-12.7267,14.2029
9334,311.133,2033,1090,2733,2025,-11.7161,13.1122
9335,311.167,2034,1089,2732,2025,-11.6621,15.1181
9336,311.200,2034,1089,2732,2024,-11.3319,13.3375
9337,311.233,2034,1089,2732,2024,-11.3331,13.3461
9338,311.267,2034,1089,2732,2024,-12.4221,13.2851
9339,311.300,2031,1088,2731,2021,-10.5738,13.5612
9340,311.333,2031,1089,2731,2021,-10.7426,14.3864
9341,311.367,2031,1089,2732,2021,-10.1092,14.6333
9342,311.400,2031,1089,2731,2021,-10.4527,14.2001
9343,311.433,2030,1089,2731,2020,-11.1390,15.3544
9344,311.467,2030,1089,2731,2020,-11.8781,16.1360
9345,311.500,2030,1090,2732,2021,-13.1646,14.8024
9346,311.533,2030,1089,2732,2021,-13.2834,14.8640
9347,311.567,2030,1090,2732,2021,-12.6196,14.3330
9348,311.600,2030,1089,2732,2023,-11.8488,16.8070
9349,311.633,2030,1089,2732,2023,-11.8319,17.2473
9350,311.667,2031,1088,2732,2023,-13.7005,16.2992
9351,311.700,2031,1089,2732,2024,-13.1824,18.1642
9352,311.733,2031,1089,2732,2024,-13.5094,18.3912
9353,311.767,2031,1089,2732,2024,-13.1005,18.2466
9354,311.800,2031,1089,2732,2025,-12.9237,18.2595
9355,311.833,2031,1089,2732,2025,-12.5378,17.6794
9356,311.867,2031,1089,2733,2025,-13.1740,18.8755
9357,311.900,2031,1089,2733,2025,-13.3861,19.2596
9358,311.933,2031,1089,2733,2025,-14.0051,18.5384
9359,311.967,2031,1089,2733,2025,-13.6284,18.6082
9360,312.000,2030,1089,2732,2025,-14.0645,17.9173
9361,312.033,2030,1089,2732,2025,-13.6272,18.3797
9362,312.067,2030,1089,2732,2025,-13.2209,19.0240
9363,312.100,2030,1090,2733,2026,-13.1317,17.9088
9364,312.133,2030,1089,2732,2026,-13.6900,16.3311
9365,312.167,2031,1089,2733,2027,-14.6737,14.8897
9366,312.200,2030,1089,2733,2027,-15.9341,13.5877
9367,312.233,2031,1089,2733,2026,-14.6907,14.2359
9368,312.267,2031,1089,2732,2026,-14.6719,15.1030
9369,312.300,2031,1089,2732,2026,-14.4552,14.4306
9370,312.333,2031,1089,2732,2026,-14.6968,14.3642
9371,312.367,2031,1089,2732,2026,-14.9889,14.2415
9372,312.400,2031,1089,2732,2025,-14.4405,13.7864
9373,312.433,2032,1090,2732,2025,-14.9283,14.3493
9374,312.467,2032,1090,2732,2025,-15.0284,13.9577
9375,312.500,2032,1089,2732,2025,-15.1007,13.2513
9376,312.533,2032,1090,2732,2025,-15.1451,14.9345
9377,312.567,2032,1089,2732,2025,-13.2749,13.6010
9378,312.600,2032,1089,2732,2024,-12.0157,13.9354
9379,312.633,2032,1088,2732,2024,-12.9754,13.1227
9380,312.667,2033,1088,2732,2023,-12.3107,13.1868
9381,312.700,2032,1087,2732,2021,-12.1929,13.8170
9382,312.733,2032,1088,2732,2022,-12.5269,12.3920
9383,312.767,2032,1087,2731,2021,-11.2006,11.4433
9384,312.800,2032,1087,2731,2021,-11.1339,11.6826
9385,312.833,2032,1088,2731,2020,-10.8504,11.8832
9386,312.867,2032,1088,2731,2021,-11.2255,12.5090
9387,312.900,2032,1088,2731,2021,-11.4016,11.9579
9388,312.933,2033,1087,2731,2020,-11.8285,13.3017
9389,312.967,2033,1087,2731,2020,-11.5282,13.1678
9390,313.000,2033,1087,2731,2023,-10.5496,15.5450
9391,313.033,2033,1087,2731,2023,-10.4911,16.2499
9392,313.067,2033,1088,2731,2024,-11.2350,17.2301
9393,313.100,2033,1088,2731,2024,-11.3749,17.1407
9394,313.133,2034,1088,2731,2024,-11.5617,17.8024
9395,313.167,2034,1088,2731,2024,-11.5001,18.4886
9396,313.200,2034,1088,2731,2024,-12.2622,18.1571
9397,313.233,2034,1088,2731,2024,-11.8024,18.4616
9398,313.267,2035,1088,2731,2023,-12.7811,14.7641
9399,313.300,2034,1088,2731,2024,-11.3932,16.0854
9400,313.333,2034,1088,2731,2023,-11.1206,16.5434
9401,313.367,2034,1088,2731,2023,-10.8380,16.5206
9402,313.400,2034,1089,2731,2023,-11.0645,15.6373
9403,313.433,2034,1089,2731,2023,-11.2098,15.7309
9404,313.467,2034,1088,2730,2023,-10.8891,15.8414
9405,313.500,2034,1088,2730,2024,-11.1745,15.1135
9406,313.533,2034,1087,2730,2023,-12.2430,13.7847
9407,313.567,2033,1087,2730,2023,-12.9801,14.5725
9408,313.600,2033,1087,2730,2023,-13.3456,14.7277
9409,313.633,2033,1087,2730,2023,-13.3586,15.1879
9410,313.667,2033,1086,2730,2023,-13.7805,14.5778
9411,313.700,2033,1086,2730,2023,-13.4326,14.4515
9412,313.733,2032,1086,2730,2023,-13.8271,13.5737
9413,313.767,2033,1086,2730,2023,-16.0510,13.4147
9414,313.800,2032,1086,2730,2023,-14.9816,12.2641
9415,313.833,2032,1087,2731,2023,-15.1995,14.1840
9416,313.867,2033,1087,2731,2024,-15.0204,13.7730
9417,313.900,2033,1087,2731,2024,-14.5410,14.5400
9418,313.933,2033,1088,2732,2025,-15.3304,12.7613
9419,313.967,2033,1089,2732,2025,-13.0766,11.4268
9420,314.000,2034,1088,2732,2025,-15.2447,15.0595
9421,314.033,2034,1088,2732,2025,-15.4313,14.7351
9422,314.067,2034,1088,2732,2025,-15.4704,15.0985
9423,314.100,2033,1089,2732,2025,-12.9045,13.5417
9424,314.133,2034,1088,2732,2024,-15.1664,13.8798
9425,314.167,2034,1087,2732,2022,-14.7909,15.0404
9426,314.200,2034,1087,2732,2023,-14.9765,14.9924
9427,314.233,2034,1087,2732,2023,-16.1845,16.2280
9428,314.267,2034,1087,2732,2022,-15.3452,14.8765
9429,314.300,2033,1087,2732,2021,-17.0298,17.6429
9430,314.333,2033,1087,2732,2021,-16.2071,17.3832
9431,314.367,2033,1087,2732,2021,-16.6057,16.5610
9432,314.400,2032,1088,2736,2018,-16.5752,15.8889
9433,314.433,2032,1086,2736,2016,-14.2061,15.2621
9434,314.467,2031,1087,2737,2015,-14.4116,17.4271
9435,314.500,2032,1087,2737,2015,-13.4375,18.0655
9436,314.533,2032,1089,2737,2015,-12.2209,17.8198
9437,314.567,2033,1089,2738,2016,-13.0995,15.3721
9438,314.600,2034,1086,2734,2015,-15.8127,18.4506
9439,314.633,2033,1086,2733,2016,-16.8340,15.0623
9440,314.667,2033,1088,2733,2017,-17.9310,15.7571
9441,314.700,2033,1084,2732,2016,-14.7574,15.0585
9442,314.733,2033,1086,2733,2016,-13.2122,13.9976
9443,314.767,2034,1084,2733,2015,-13.6000,14.8333
9444,314.800,2032,1083,2732,2015,-14.3628,15.4854
9445,314.833,2032,1085,2732,2018,-17.6296,14.5555
9446,314.867,2031,1087,2733,2019,-16.6463,15.3438
9447,314.900,2031,1086,2734,2020,-17.9173,14.8568
9448,314.933,2031,1086,2734,2021,-18.0560,14.8546
9449,314.967,2031,1087,2734,2022,-17.6938,15.3214
9450,315.000,2032,1086,2735,2021,-17.9868,14.8389
9451,315.033,2032,1087,2735,2020,-18.6304,12.9406
9452,315.067,2032,1088,2735,2021,-18.4960,15.5495
9453,315.100,2032,1088,2735,2021,-19.6224,15.3743
9454,315.133,2033,1089,2736,2022,-18.4094,16.5029
9455,315.167,2033,1089,2736,2023,-19.6135,15.6851
9456,315.200,2032,1089,2736,2023,-18.4141,17.1126
9457,315.233,2033,1089,2736,2023,-18.6461,17.5588
9458,315.267,2032,1090,2736,2022,-17.8996,14.5466
9459,315.300,2032,1089,2736,2022,-19.1741,14.9945
9460,315.333,2032,1089,2736,2022,-18.9082,14.8023
9461,315.367,2032,1089,2736,2022,-19.1474,14.7568
9462,315.400,2032,1089,2736,2021,-19.3154,13.5434
9463,315.433,2032,1089,2736,2021,-19.4037,14.7107
9464,315.467,2032,1088,2736,2021,-18.3016,16.0791
9465,315.500,2032,1088,2736,2021,-19.0371,15.2697
9466,315.533,2031,1088,2735,2020,-17.8739,14.8227
9467,315.567,2031,1087,2735,2021,-18.6400,13.9596
9468,315.600,2031,1087,2734,2020,-17.7209,15.7326
9469,315.633,2031,1086,2734,2019,-16.0084,15.5208
9470,315.667,2031,1087,2734,2020,-16.0490,15.6322
9471,315.700,2032,1087,2734,2020,-16.5506,14.8552
9472,315.733,2032,1087,2734,2021,-15.2486,16.2264
9473,315.767,2032,1087,2734,2021,-15.0848,16.0678
9474,315.800,2032,1087,2734,2021,-14.2105,16.1189
9475,315.833,2032,1086,2734,2022,-16.0732,15.4701
9476,315.867,2032,1086,2734,2021,-15.0547,17.0045
9477,315.900,2032,1086,2734,2021,-14.4637,16.7037
9478,315.933,2032,1086,2734,2020,-15.0911,17.2157
9479,315.967,2032,1084,2733,2019,-16.7143,15.4987
9480,316.000,2032,1082,2733,2022,-15.9663,15.0555
9481,316.033,2032,1082,2733,2022,-15.7547,14.7694
9482,316.067,2032,1082,2733,2021,-15.3434,12.8225
9483,316.100,2032,1082,2733,2021,-15.3589,12.9907
9484,316.133,2032,1082,2733,2021,-16.0705,13.2232
9485,316.167,2032,1082,2733,2021,-15.8185,14.6740
9486,316.200,2032,1082,2733,2021,-15.7724,14.4641
9487,316.233,2032,1082,2733,2021,-15.9493,14.0600
9488,316.267,2032,1082,2733,2021,-16.3003,14.0526
9489,316.300,2032,1083,2732,2021,-16.4469,15.0377
9490,316.333,2032,1083,2732,2021,-16.2234,14.7106
9491,316.367,2032,1082,2732,2020,-16.7495,13.8566
9492,316.400,2032,1083,2732,2019,-16.3963,14.2725
9493,316.433,2032,1083,2732,2021,-16.5754,13.7608
9494,316.467,2031,1085,2731,2022,-14.5333,12.3979
9495,316.500,2032,1084,2731,2018,-16.4298,13.3917
9496,316.533,2032,1083,2730,2018,-14.4432,11.2550
9497,316.567,2032,1084,2731,2018,-14.8083,13.4447
9498,316.600,2032,1084,2730,2018,-13.2946,11.2779
9499,316.633,2031,1083,2730,2019,-3.1730,10.7243
9500,316.667,2031,1083,2731,2020,-5.2567,9.8876
9501,316.700,2031,1083,2731,2020,-4.1508,9.4135
9502,316.733,2031,1084,2731,2020,-4.9618,9.2710
9503,316.767,2031,1084,2732,2019,-2.4247,7.6414
9504,316.800,2031,1084,2732,2019,-2.5703,7.2462
9505,316.833,2031,1084,2732,2020,-3.2353,7.3134
9506,316.867,2030,1084,2732,2019,-4.5795,11.0822
9507,316.900,2031,1084,2732,2020,-4.6420,9.9883
9508,316.933,2031,1084,2732,2019,-3.2778,8.4019
9509,316.967,2031,1084,2732,2020,-3.1286,9.1511
9510,317.000,2032,1081,2732,2021,-5.4763,9.1304
9511,317.033,2032,1082,2732,2021,-3.0882,8.8204
9512,317.067,2032,1083,2733,2021,-3.8092,9.3143
9513,317.100,2032,1083,2733,2021,-3.8047,9.1667
9514,317.133,2033,1084,2733,2020,-13.3218,11.0048
9515,317.167,2032,1084,2733,2020,-15.6471,11.6074
9516,317.200,2032,1084,2733,2020,-15.3094,11.8705
9517,317.233,2032,1084,2732,2020,-14.0058,11.0293
9518,317.267,2032,1084,2733,2020,-14.8827,11.6759
9519,317.300,2032,1085,2733,2021,-14.2858,11.4631
9520,317.333,2032,1085,2733,2021,-14.6777,12.7306
9521,317.367,2032,1085,2733,2021,-14.8530,12.2781
9522,317.400,2032,1085,2733,2021,-15.8746,11.6004
9523,317.433,2032,1085,2733,2021,-16.5723,12.0982
9524,317.467,2032,1086,2733,2019,-17.2394,12.9117
9525,317.500,2032,1085,2733,2019,-16.8447,12.5934
9526,317.533,2031,1088,2736,2023,-14.5322,10.5930
9527,317.567,2031,1088,2736,2023,-14.5519,9.9034
9528,317.600,2031,1087,2736,2023,-14.1075,10.9714
9529,317.633,2031,1088,2736,2024,-15.2925,12.6005
9530,317.667,2031,1087,2736,2023,-14.3561,11.6149
9531,317.700,2031,1087,2736,2022,-15.1385,12.8002
9532,317.733,2031,1085,2736,2022,-15.9116,12.0827
9533,317.767,2032,1085,2736,2022,-16.3836,13.4446
9534,317.800,2032,1084,2735,2021,-15.6490,10.8186
9535,317.833,2032,1084,2735,2021,-15.4520,11.4200
9536,317.867,2032,1084,2735,2021,-15.5175,11.9137
9537,317.900,2032,1084,2735,2021,-15.1066,12.4222
9538,317.933,2032,1083,2735,2021,-15.2375,13.6337
9539,317.967,2031,1084,2735,2022,-14.4421,14.9749
9540,318.000,2031,1083,2735,2022,-13.9327,13.2169
9541,318.033,2031,1083,2735,2022,-14.1840,13.3140
9542,318.067,2031,1083,2735,2022,-14.1820,13.7719
9543,318.100,2031,1084,2736,2022,-13.9051,12.5036
9544,318.133,2031,1084,2736,2022,-13.9934,13.1995
9545,318.167,2030,1085,2736,2023,-12.8972,13.1223
9546,318.200,2031,1084,2736,2023,-13.4644,14.6747
9547,318.233,2030,1084,2736,2022,-12.9756,13.1517
9548,318.267,2031,1085,2736,2022,-13.2814,14.3208
9549,318.300,2031,1084,2736,2023,-13.5044,14.9552
9550,318.333,2031,1084,2736,2023,-13.4647,14.4747
9551,318.367,2031,1084,2736,2023,-13.5995,14.0943
9552,318.400,2031,1085,2736,2023,-14.5725,13.9181
9553,318.433,2031,1085,2736,2023,-13.9373,14.6234
9554,318.467,2031,1085,2736,2022,-13.5645,14.1273
9555,318.500,2031,1085,2736,2022,-13.5016,14.5412
9556,318.533,2031,1085,2736,2022,-13.5571,15.0280
9557,318.567,2030,1085,2736,2023,-13.4480,14.3085
9558,318.600,2030,1084,2736,2023,-13.7762,13.7780
9559,318.633,2030,1084,2736,2023,-13.7299,13.2467
9560,318.667,2030,1084,2736,2023,-14.0110,13.3925
9561,318.700,2029,1084,2736,2022,-14.3332,13.7728
9562,318.733,2029,1084,2735,2023,-14.5677,13.4922
9563,318.767,2029,1084,2736,2023,-14.7759,13.6615
9564,318.800,2029,1084,2736,2023,-15.3410,13.0538
9565,318.833,2029,1084,2736,2023,-15.4532,12.7099
9566,318.867,2029,1084,2736,2023,-15.6432,12.2977
9567,318.900,2029,1084,2736,2022,-15.4418,13.3568
9568,318.933,2029,1084,2736,2022,-14.9950,13.8696
9569,318.967,2028,1084,2736,2023,-14.7863,14.0356
9570,319.000,2029,1086,2735,2025,-14.0706,13.8999
9571,319.033,2029,1086,2735,2026,-13.0671,14.9604
9572,319.067,2029,1086,2735,2026,-13.0518,15.1651
9573,319.100,2029,1086,2735,2026,-13.0836,14.7855
9574,319.133,2029,1086,2735,2026,-14.0136,15.1338
9575,319.167,2029,1086,2735,2026,-14.6789,15.6571
9576,319.200,2029,1086,2735,2026,-14.6442,15.9137
9577,319.233,2029,1086,2735,2026,-14.5154,15.2685
9578,319.267,2029,1086,2735,2025,-14.7132,15.4866
9579,319.300,2029,1085,2735,2025,-14.2541,16.7235
9580,319.333,2029,1085,2734,2025,-13.2887,15.1411
9581,319.367,2029,1085,2734,2025,-13.2226,15.2780
9582,319.400,2029,1085,2734,2023,-13.6060,14.0433
9583,319.433,2029,1085,2734,2023,-13.6236,14.2764
9584,319.467,2029,1085,2734,2024,-13.9106,15.1311
9585,319.500,2029,1085,2734,2023,-13.7242,13.8597
9586,319.533,2029,1085,2733,2023,-13.9686,13.7180
9587,319.567,2029,1084,2733,2023,-14.4311,14.5114
9588,319.600,2029,1084,2733,2023,-14.3067,15.2633
9589,319.633,2029,1084,2733,2023,-14.1082,14.2606
9590,319.667,2029,1083,2732,2023,-15.2167,14.5999
9591,319.700,2029,1083,2732,2022,-15.5739,16.3355
9592,319.733,2029,1083,2732,2022,-13.5532,15.9875
9593,319.767,2029,1083,2732,2022,-13.4337,16.1590
9594,319.800,2029,1083,2732,2021,-13.5005,15.6226
9595,319.833,2029,1083,2732,2021,-13.4106,16.0213
9596,319.867,2029,1083,2732,2020,-13.9479,14.7267
9597,319.900,2029,1083,2732,2020,-14.0942,15.1551
9598,319.933,2029,1083,2732,2020,-13.8576,15.3160
9599,319.967,2029,1082,2733,2020,-12.5767,16.3265
9600,320.000,2028,1083,2733,2022,-14.0989,15.5955
9601,320.033,2028,1083,2733,2022,-14.0699,16.2440
9602,320.067,2028,1084,2733,2021,-14.3484,13.7285
9603,320.100,2029,1084,2733,2021,-13.8575,16.3342
9604,320.133,2029,1084,2733,2021,-14.6248,15.8923
9605,320.167,2028,1085,2733,2021,-13.6556,15.8616
9606,320.200,2028,1085,2733,2022,-13.7686,15.5814
9607,320.233,2028,1084,2733,2022,-13.3310,17.1950
9608,320.267,2029,1084,2732,2021,-11.9641,16.6396
9609,320.300,2029,1084,2733,2020,-12.5233,18.5579
9610,320.333,2029,1085,2733,2021,-11.2792,13.7276
9611,320.367,2028,1085,2734,2021,-11.6944,17.5362
9612,320.400,2027,1086,2733,2020,-10.3742,16.2233
9613,320.433,2027,1087,2733,2020,-10.1316,16.6325
9614,320.467,2027,1087,2733,2020,-11.2537,15.7517
9615,320.500,2027,1087,2733,2020,-11.1882,15.7921
9616,320.533,2027,1087,2733,2020,-11.0533,15.5811
9617,320.567,2027,1087,2733,2021,-11.5737,18.0512
9618,320.600,2028,1086,2734,2021,-12.5614,16.5810
9619,320.633,2028,1086,2733,2021,-11.5544,16.3922
9620,320.667,2028,1086,2733,2022,-13.1812,15.6071
9621,320.700,2028,1087,2733,2022,-13.4138,16.9152
9622,320.733,2027,1087,2733,2022,-13.1909,15.0280
9623,320.767,2027,1087,2733,2022,-13.1456,15.3933
9624,320.800,2028,1086,2733,2022,-14.0009,15.4202
9625,320.833,2027,1086,2732,2021,-12.5198,15.2878
9626,320.867,2028,1086,2732,2021,-13.5743,12.9075
9627,320.900,2027,1086,2732,2021,-12.3280,14.9527
9628,320.933,2028,1086,2732,2022,-11.9633,14.3819
9629,320.967,2028,1086,2732,2023,-12.8253,14.6548
9630,321.000,2029,1086,2733,2023,-11.8378,15.0392
9631,321.033,2029,1086,2733,2023,-12.3476,15.1711
9632,321.067,2029,1086,2733,2023,-12.8806,15.8646
9633,321.100,2029,1086,2733,2023,-12.3106,15.1582
9634,321.133,2030,1086,2733,2023,-14.0345,14.8951
9635,321.167,2031,1085,2733,2023,-11.2075,15.5574
9636,321.200,2031,1085,2733,2023,-11.4500,18.1590
9637,321.233,2030,1085,2733,2022,-11.1178,17.9914
9638,321.267,2030,1085,2733,2023,-12.1426,16.5180
9639,321.300,2030,1085,2732,2022,-11.1175,18.2031
9640,321.333,2029,1085,2732,2021,-12.4039,16.6310
9641,321.367,2029,1086,2732,2022,-12.3750,14.9073
9642,321.400,2029,1086,2732,2023,-11.1435,15.2089
9643,321.433,2030,1086,2732,2022,-12.8314,17.1299
9644,321.467,2029,1086,2731,2022,-17.3755,15.4127
9645,321.500,2029,1086,2731,2020,-16.9044,14.4942
9646,321.533,2028,1087,2732,2020,-17.9027,13.8662
9647,321.567,2029,1087,2732,2020,-16.5554,12.8030
9648,321.600,2029,1088,2733,2017,-16.4934,14.6676
9649,321.633,2030,1088,2732,2017,-16.4648,14.4129
9650,321.667,2030,1088,2732,2016,-17.7809,13.1830
9651,321.700,2029,1087,2732,2016,-17.0844,13.2063
9652,321.733,2029,1086,2732,2015,-16.6067,12.2982
9653,321.767,2029,1088,2732,2014,-15.8001,16.0077
9654,321.800,2030,1087,2733,2015,-15.2282,13.0173
9655,321.833,2030,1086,2733,2014,-15.4856,15.9662
9656,321.867,2029,1086,2733,2011,-15.4582,14.7346
9657,321.900,2030,1086,2733,2007,-15.5920,15.2609
9658,321.933,2030,1085,2734,2006,-14.1018,14.7014
9659,321.967,2031,1085,2734,2005,-15.2942,14.4704
9660,322.000,2031,1085,2734,2006,-14.9073,13.2335
9661,322.033,2032,1085,2733,2004,-15.4298,14.0093
9662,322.067,2032,1084,2733,2005,-14.6901,13.6940
9663,322.100,2031,1081,2732,2003,-15.3988,13.4282
9664,322.133,2031,1080,2732,2001,-15.3785,14.8150
9665,322.167,2031,1080,2732,1999,-12.1188,18.1862
9666,322.200,2031,1079,2734,2000,-9.0623,16.9812
9667,322.233,2031,1079,2733,2000,-8.9913,15.8114
9668,322.267,2030,1079,2733,1999,-9.0928,14.3210
9669,322.300,2030,1079,2733,1998,-10.8715,15.3872
9670,322.333,2031,1079,2733,1998,-8.9329,16.4253
9671,322.367,2031,1079,2733,1998,-9.0717,16.5913
9672,322.400,2031,1079,2733,1997,-9.4383,14.9056
9673,322.433,2031,1080,2733,1996,-8.4393,15.4716
9674,322.467,2030,1081,2733,1997,-10.0350,15.7023
9675,322.500,2032,1081,2734,1996,-15.5076,13.4111
9676,322.533,2032,1082,2734,1995,-15.9259,12.9593
9677,322.567,2032,1081,2734,1996,-14.5667,12.4429
9678,322.600,2032,1082,2734,1995,-15.5308,12.9698
9679,322.633,2032,1082,2734,1994,-16.7619,12.9735
9680,322.667,2032,1082,2735,1995,-16.1682,13.7273
9681,322.700,2032,1082,2734,1995,-17.7774,14.6019
9682,322.733,2033,1081,2735,1995,-16.4928,13.2466
9683,322.767,2032,1081,2735,1995,-16.7262,14.4551
9684,322.800,2032,1081,2735,1995,-16.6251,14.2519
9685,322.833,2031,1083,2735,1996,-15.8664,16.9212
9686,322.867,2031,1084,2735,1997,-16.1951,16.1063
9687,322.900,2031,1084,2735,1997,-16.2248,16.8318
9688,322.933,2031,1083,2735,1996,-16.6520,15.1545
9689,322.967,2030,1084,2735,1996,-16.3748,14.5796
9690,323.000,2031,1083,2735,1993,-17.0528,12.8410
9691,323.033,2031,1084,2734,1993,-15.7610,17.5809
9692,323.067,2031,1083,2734,1992,-15.4075,16.6598
9693,323.100,2031,1083,2734,1992,-15.4023,16.1211
9694,323.133,2031,1083,2734,1993,-15.0346,17.6248
9695,323.167,2031,1083,2733,1992,-14.7871,18.2746
9696,323.200,2031,1083,2733,1992,-14.8366,17.9633
9697,323.233,2031,1083,2733,1992,-14.9396,18.2287
9698,323.267,2031,1083,2733,1992,-14.7194,18.0887
9699,323.300,2031,1083,2733,1991,-15.3126,18.5140
9700,323.333,2031,1083,2733,1991,-12.2695,19.3704
9701,323.367,2031,1083,2733,1991,-12.5347,19.1171
9702,323.400,2030,1083,2733,1992,-10.9944,18.1419
9703,323.433,2031,1082,2732,1990,-11.0361,17.2077
9704,323.467,2032,1082,2731,1991,-11.2310,15.8057
9705,323.500,2032,1083,2732,1992,-12.3111,15.0218
9706,323.533,2032,1084,2733,1994,-11.8883,14.9559
9707,323.567,2031,1085,2734,1997,-12.2890,14.9205
9708,323.600,2032,1085,2734,1998,-11.7304,13.6852
9709,323.633,2031,1084,2733,1997,-11.6290,15.5891
9710,323.667,2032,1084,2733,1999,-11.6333,15.1297
9711,323.700,2031,1084,2733,2000,-12.6526,16.6728
9712,323.733,2031,1084,2733,2000,-13.1462,16.3501
9713,323.767,2032,1084,2733,2000,-12.8259,15.1318
9714,323.800,2032,1083,2733,2001,-11.3974,13.7521
9715,323.833,2032,1083,2733,2001,-11.6638,13.6254
9716,323.867,2032,1083,2733,2000,-11.7696,13.3161
9717,323.900,2032,1083,2734,2001,-12.2535,13.9805
9718,323.933,2032,1083,2734,2001,-11.8776,14.0061
9719,323.967,2036,1082,2735,1997,-17.4877,16.2297
9720,324.000,2035,1082,2736,1994,-17.0107,19.9176
9721,324.033,2036,1081,2736,1992,-15.3758,18.7000
9722,324.067,2036,1081,2735,1989,-16.0789,16.3818
9723,324.100,2037,1080,2736,1987,-16.6741,17.2569
9724,324.133,2038,1079,2736,1987,-15.8751,17.0446
9725,324.167,2039,1079,2735,1987,-15.0349,18.1241
9726,324.200,2039,1077,2735,1988,-15.4510,17.5039
9727,324.233,2041,1072,2736,1986,-16.6255,18.4654
9728,324.267,2041,1067,2737,1987,-19.1505,18.1203
9729,324.300,2041,1064,2738,1988,-21.1662,19.7256
9730,324.333,2041,1062,2739,1990,-17.5146,17.1712
9731,324.367,2041,1062,2739,1991,-18.5369,17.8797
9732,324.400,2041,1060,2738,1990,-18.0344,17.1714
9733,324.433,2040,1063,2737,1990,-18.6299,18.7227
9734,324.467,2041,1063,2738,1990,-18.4349,16.4198
9735,324.500,2041,1062,2737,1989,-17.0663,19.0202
9736,324.533,2041,1063,2736,1986,-16.2490,17.2871
9737,324.567,2042,1063,2736,1987,-15.9865,17.7152
9738,324.600,2043,1063,2736,1987,-16.4026,15.9881
9739,324.633,2043,1063,2735,1987,-13.7729,15.2858
9740,324.667,2043,1063,2735,1986,-13.9700,15.2126
9741,324.700,2042,1062,2735,1986,-13.9852,17.3314
9742,324.733,2042,1062,2735,1986,-13.1882,17.2788
9743,324.767,2042,1062,2735,1986,-13.2339,17.4941
9744,324.800,2042,1062,2735,1986,-13.7475,18.1395
9745,324.833,2042,1061,2735,1985,-14.3392,17.4532
9746,324.867,2042,1062,2735,1984,-13.1281,17.4241
9747,324.900,2042,1060,2735,1984,-13.2002,17.7436
9748,324.933,2042,1061,2735,1981,-14.3332,16.1937
9749,324.967,2042,1061,2735,1981,-14.7187,16.4158
9750,325.000,2042,1060,2734,1981,-13.5301,17.5218
9751,325.033,2042,1061,2734,1981,-15.4439,17.1821
9752,325.067,2041,1061,2734,1981,-14.2288,18.1053
9753,325.100,2042,1065,2736,1984,-15.1091,15.8869
9754,325.133,2043,1066,2737,1985,-14.6966,16.3611
9755,325.167,2044,1066,2737,1987,-14.8716,16.7660
9756,325.200,2044,1066,2738,1987,-13.7859,16.5454
9757,325.233,2044,1066,2739,1988,-13.8731,15.8410
9758,325.267,2044,1068,2740,1987,-14.3562,14.5031
9759,325.300,2046,1070,2743,1984,-13.6103,15.1162
9760,325.333,2047,1070,2743,1983,-12.6373,15.4373
9761,325.367,2049,1068,2742,1984,-11.2540,14.9252
9762,325.400,2048,1068,2742,1984,-9.8692,17.2451
9763,325.433,2048,1067,2742,1984,-11.4181,16.7376
9764,325.467,2048,1068,2742,1983,-11.0232,17.7178
9765,325.500,2048,1067,2741,1983,-10.5616,15.3833
9766,325.533,2049,1067,2740,1983,-11.8599,13.3953
9767,325.567,2048,1066,2739,1984,-9.1659,15.1764
9768,325.600,2049,1064,2739,1984,-10.4909,18.6231
9769,325.633,2049,1063,2738,1984,-10.4791,18.0230
9770,325.667,2051,1062,2737,1984,-10.8610,16.2028
9771,325.700,2050,1062,2737,1985,-9.5221,18.4267
9772,325.733,2050,1062,2738,1984,-8.3974,18.1180
9773,325.767,2049,1063,2739,1986,-9.0849,18.0190
9774,325.800,2050,1063,2739,1986,-10.7460,18.0592
9775,325.833,2050,1064,2739,1986,-10.3674,17.8036
9776,325.867,2054,1065,2734,1985,-12.0528,14.1989
9777,325.900,2054,1066,2735,1984,-14.5286,13.9242
9778,325.933,2056,1063,2737,1986,-12.1772,10.9657
9779,325.967,2058,1065,2737,1986,-11.6125,13.4770
9780,326.000,2059,1061,2735,1987,-13.1243,12.4606
9781,326.033,2056,1063,2734,1986,-14.1028,13.9628
9782,326.067,2053,1063,2736,1986,-10.3089,16.3781
9783,326.100,2053,1064,2736,1986,-11.5426,15.6579
9784,326.133,2051,1065,2737,1987,-10.7292,15.6777
9785,326.167,2050,1066,2737,1986,-8.3638,15.2033
9786,326.200,2050,1066,2737,1987,-9.5362,16.1180
9787,326.233,2054,1067,2735,1986,-14.0141,9.6250
9788,326.267,2055,1062,2736,1986,-11.2339,11.2792
9789,326.300,2056,1061,2736,1988,-11.4523,13.4310
9790,326.333,2053,1068,2734,1986,-12.6814,10.9599
9791,326.367,2050,1067,2736,1986,-10.0845,15.1296
9792,326.400,2049,1067,2736,1986,-10.8308,15.4102
9793,326.433,2049,1067,2736,1988,-11.8870,17.2993
9794,326.467,2048,1066,2736,1986,-12.3746,15.0268
9795,326.500,2048,1067,2737,1986,-10.6651,16.6853
9796,326.533,2048,1066,2737,1986,-11.2683,14.1164
9797,326.567,2048,1066,2737,1987,-11.0360,13.0710
9798,326.600,2048,1066,2738,1988,-12.1589,11.6506
9799,326.633,2048,1066,2738,1988,-12.4102,12.2395
9800,326.667,2048,1067,2739,1989,-12.5875,12.0754
9801,326.700,2048,1067,2739,1989,-13.5029,12.9557
9802,326.733,2047,1068,2738,1988,-11.9465,12.5507
9803,326.767,2047,1067,2738,1989,-17.8653,11.4888
9804,326.800,2046,1068,2738,1989,-19.0929,11.7157
9805,326.833,2046,1069,2738,1989,-17.7908,12.0205
9806,326.867,2046,1068,2738,1989,-19.1876,12.7385
9807,326.900,2046,1068,2738,1989,-19.1772,12.6081
9808,326.933,2047,1068,2738,1989,-18.8027,11.1581
9809,326.967,2046,1067,2738,1990,-18.3912,12.7885
9810,327.000,2047,1067,2738,1988,-17.5561,12.3122
9811,327.033,2047,1066,2738,1987,-16.2284,12.8082
9812,327.067,2047,1066,2738,1987,-16.2990,12.7880
9813,327.100,2046,1066,2738,1988,-17.2480,11.9874
9814,327.133,2046,1066,2738,1987,-16.7845,11.6053
9815,327.167,2046,1066,2738,1987,-16.1199,12.2062
9816,327.200,2046,1065,2738,1987,-16.4420,12.2547
9817,327.233,2046,1065,2738,1987,-16.6179,12.8914
9818,327.267,2046,1066,2738,1987,-16.3385,12.3454
9819,327.300,2047,1065,2738,1987,-16.0959,13.1993
9820,327.333,2047,1065,2739,1986,-16.9351,11.8896
9821,327.367,2046,1065,2739,1986,-16.6274,11.8896
9822,327.400,2046,1066,2739,1986,-15.1212,14.5386
9823,327.433,2046,1065,2738,1985,-15.5297,14.5105
9824,327.467,2046,1065,2738,1984,-15.0059,14.3516
9825,327.500,2046,1064,2738,1985,-16.6204,15.2995
9826,327.533,2047,1065,2738,1985,-16.0597,13.4804
9827,327.567,2047,1066,2737,1984,-15.2422,13.3916
9828,327.600,2048,1066,2737,1984,-14.7331,11.9240
9829,327.633,2048,1067,2737,1984,-14.7794,12.4432
9830,327.667,2048,1066,2737,1984,-14.8724,12.2167
9831,327.700,2048,1066,2737,1984,-14.1937,12.2447
9832,327.733,2048,1066,2737,1984,-14.2307,12.1678
9833,327.767,2048,1066,2737,1984,-14.1787,11.7820
9834,327.800,2048,1066,2737,1983,-14.1677,12.8034
9835,327.833,2048,1066,2737,1983,-13.4999,13.6201
9836,327.867,2048,1066,2737,1983,-12.4691,13.4747
9837,327.900,2048,1065,2737,1983,-13.5485,14.0069
9838,327.933,2048,1065,2736,1983,-12.7531,12.6784
9839,327.967,2048,1065,2737,1983,-14.0382,14.6628
9840,328.000,2047,1065,2736,1985,-11.4306,13.2375
9841,328.033,2047,1065,2736,1985,-11.3972,12.8203
9842,328.067,2047,1064,2736,1985,-11.1995,12.5966
9843,328.100,2047,1065,2736,1985,-11.6093,13.5364
9844,328.133,2048,1064,2736,1985,-10.7751,12.3244
9845,328.167,2048,1064,2737,1986,-10.7592,13.3047
9846,328.200,2047,1063,2736,1987,-10.8160,12.8655
9847,328.233,2047,1063,2737,1987,-9.8126,12.5147
9848,328.267,2047,1061,2737,1987,-13.1508,13.9325
9849,328.300,2047,1062,2737,1988,-11.3076,15.4884
9850,328.333,2048,1062,2737,1987,-12.2775,15.0015
9851,328.367,2048,1062,2737,1987,-12.7440,15.0577
9852,328.400,2048,1062,2738,1986,-10.7847,15.2900
9853,328.433,2048,1062,2738,1987,-11.7665,14.9765
9854,328.467,2049,1062,2738,1986,-12.4046,14.9802
9855,328.500,2048,1062,2738,1987,-12.4986,14.5718
9856,328.533,2048,1062,2738,1987,-12.9281,14.5781
9857,328.567,2048,1063,2738,1987,-12.7410,15.2175
9858,328.600,2048,1063,2738,1988,-13.5661,17.1245
9859,328.633,2048,1063,2738,1988,-13.2609,17.1330
9860,328.667,2048,1064,2739,1989,-13.3264,15.9776
9861,328.700,2048,1064,2739,1989,-13.3652,16.0424
9862,328.733,2048,1064,2739,1989,-13.2670,15.3323
9863,328.767,2047,1064,2739,1989,-15.1917,17.0226
9864,328.800,2048,1065,2739,1989,-13.5784,15.6445
9865,328.833,2048,1065,2739,1989,-13.7324,16.3442
9866,328.867,2048,1064,2739,1989,-13.3060,16.6497
9867,328.900,2047,1065,2739,1988,-14.2900,15.1306
9868,328.933,2047,1064,2739,1988,-14.0290,17.1422
9869,328.967,2048,1065,2739,1988,-13.8683,15.4455
9870,329.000,2047,1064,2739,1987,-14.8650,16.9303
9871,329.033,2047,1064,2740,1987,-14.5159,15.6150
9872,329.067,2047,1064,2740,1987,-14.4377,15.5925
9873,329.100,2048,1064,2740,1987,-14.7718,17.2484
9874,329.133,2048,1064,2740,1988,-15.3708,15.6513
9875,329.167,2048,1064,2740,1988,-15.6181,15.9863
9876,329.200,2048,1065,2740,1988,-14.2568,15.2144
9877,329.233,2048,1064,2740,1988,-15.2378,16.3775
9878,329.267,2048,1065,2740,1987,-14.9415,14.3240
9879,329.300,2048,1064,2740,1988,-15.5522,17.1901
9880,329.333,2048,1064,2740,1988,-16.0376,17.0668
9881,329.367,2047,1064,2740,1989,-14.9971,15.5332
9882,329.400,2047,1063,2739,1989,-17.5290,15.7740
9883,329.433,2047,1063,2739,1989,-18.3409,16.1688
9884,329.467,2047,1064,2739,1989,-18.1897,15.5216
9885,329.500,2047,1064,2740,1989,-17.1538,15.3241
9886,329.533,2047,1063,2740,1989,-17.9836,18.2121
9887,329.567,2047,1063,2740,1989,-17.8255,18.0282
9888,329.600,2047,1063,2739,1989,-18.2076,16.4630
9889,329.633,2047,1063,2739,1989,-18.3082,16.1780
9890,329.667,2047,1063,2739,1989,-17.0488,15.6663
9891,329.700,2047,1063,2739,1988,-16.7009,16.1480
9892,329.733,2047,1063,2739,1988,-17.1131,15.9475
9893,329.767,2047,1064,2739,1986,-17.1542,17.0299
9894,329.800,2047,1064,2739,1987,-16.2515,16.2613
9895,329.833,2047,1064,2739,1987,-16.3843,15.8504
9896,329.867,2047,1064,2739,1987,-16.4422,15.5690
9897,329.900,2047,1064,2739,1986,-17.2859,17.0594
9898,329.933,2048,1064,2739,1986,-16.0956,15.3956
9899,329.967,2048,1063,2739,1987,-17.3517,15.8740
9900,330.000,2047,1063,2739,1985,-17.4170,16.8076
9901,330.033,2047,1064,2739,1986,-17.5469,17.7453
9902,330.067,2048,1064,2739,1986,-16.4531,16.9793
9903,330.100,2048,1064,2739,1986,-16.3584,17.0336
9904,330.133,2048,1064,2738,1986,-15.8678,16.6734
9905,330.167,2048,1065,2738,1986,-16.3578,16.4151
9906,330.200,2048,1065,2738,1987,-16.1183,17.6916
9907,330.233,2048,1065,2738,1987,-15.8043,17.4891
9908,330.267,2048,1065,2738,1986,-16.4404,16.5100
9909,330.300,2047,1065,2739,1986,-15.9756,17.1657
9910,330.333,2047,1064,2739,1986,-16.8093,17.7051
9911,330.367,2047,1064,2739,1986,-16.7738,17.4235
9912,330.400,2047,1064,2739,1986,-16.8006,17.0757
9913,330.433,2047,1064,2738,1986,-17.9087,17.6512
9914,330.467,2047,1064,2738,1986,-17.9304,17.4133
9915,330.500,2047,1064,2738,1986,-17.8073,17.3478
9916,330.533,2047,1064,2738,1986,-17.5195,17.9784
9917,330.567,2047,1065,2739,1986,-18.0250,18.7123
9918,330.600,2047,1065,2738,1987,-17.3903,17.4254
9919,330.633,2047,1065,2738,1987,-17.5166,17.4898
9920,330.667,2048,1065,2738,1987,-16.7806,18.0988
9921,330.700,2048,1065,2738,1987,-16.4747,17.4975
9922,330.733,2048,1065,2738,1987,-16.7344,16.9465
9923,330.767,2048,1065,2738,1987,-16.8096,17.3116
9924,330.800,2048,1065,2738,1987,-17.1192,16.5267
9925,330.833,2048,1064,2738,1987,-16.3268,17.8463
9926,330.867,2048,1064,2738,1987,-16.4938,17.9738
9927,330.900,2048,1064,2738,1987,-16.1239,18.2322
9928,330.933,2048,1064,2738,1987,-16.0281,17.8253
9929,330.967,2048,1064,2738,1987,-16.3225,18.3365
9930,331.000,2047,1064,2738,1987,-17.5984,17.3745
9931,331.033,2047,1064,2738,1987,-18.6806,17.2996
9932,331.067,2047,1064,2739,1987,-17.5421,17.1798
9933,331.100,2047,1065,2739,1987,-15.4971,15.5541
9934,331.133,2046,1066,2739,1987,-16.5860,16.3496
9935,331.167,2046,1066,2739,1987,-16.9558,15.6001
9936,331.200,2046,1065,2739,1987,-16.8396,15.9071
9937,331.233,2046,1064,2739,1987,-17.9164,15.9536
9938,331.267,2046,1065,2739,1987,-18.1249,15.9989
9939,331.300,2046,1065,2739,1986,-17.5452,15.6224
9940,331.333,2046,1064,2739,1986,-18.4399,17.1992
9941,331.367,2046,1064,2739,1986,-18.9435,17.4713
9942,331.400,2046,1064,2739,1987,-17.7929,16.2112
9943,331.433,2046,1064,2739,1987,-18.8239,15.8941
9944,331.467,2047,1064,2739,1987,-19.4573,17.1664
9945,331.500,2046,1064,2739,1987,-19.1008,16.9149
9946,331.533,2047,1064,2740,1987,-19.5874,16.2533
9947,331.567,2048,1064,2740,1987,-17.5848,18.6305
9948,331.600,2048,1065,2740,1987,-16.6036,17.1389
9949,331.633,2048,1064,2740,1988,-15.6572,17.2168
9950,331.667,2048,1063,2740,1988,-16.5364,17.0359
9951,331.700,2047,1062,2740,1988,-15.5034,17.6216
9952,331.733,2047,1062,2739,1988,-15.3508,17.2979
9953,331.767,2046,1061,2739,1988,-13.7924,17.4512
9954,331.800,2046,1062,2739,1988,-14.9753,17.2239
9955,331.833,2046,1062,2739,1989,-15.1646,17.7102
9956,331.867,2046,1062,2739,1989,-15.0638,17.8000
9957,331.900,2046,1063,2738,1990,-15.4519,18.0291
9958,331.933,2045,1063,2738,1990,-15.7884,17.4136
9959,331.967,2047,1063,2738,1991,-16.1003,16.0311
9960,332.000,2052,1063,2734,1989,-18.2030,14.6671
9961,332.033,2052,1062,2735,1988,-15.8814,16.4462
9962,332.067,2052,1066,2736,1988,-13.7826,15.3671
9963,332.100,2052,1065,2736,1988,-17.0511,11.3102
9964,332.133,2053,1064,2735,1988,-14.8098,13.7431
9965,332.167,2052,1064,2736,1988,-16.8690,15.1976
9966,332.200,2050,1063,2736,1988,-16.2149,13.7708
9967,332.233,2050,1063,2737,1988,-15.3831,15.3157
9968,332.267,2049,1063,2737,1988,-14.5092,16.7320
9969,332.300,2049,1065,2739,1988,-15.8769,15.2544
9970,332.333,2049,1064,2739,1988,-16.7595,16.1124
9971,332.367,2049,1064,2738,1987,-17.1572,14.8321
9972,332.400,2045,1067,2737,1983,-17.0293,14.0997
9973,332.433,2045,1067,2737,1983,-17.6335,13.7246
9974,332.467,2045,1067,2737,1983,-17.7037,14.0578
9975,332.500,2045,1067,2737,1983,-17.7197,14.0565
9976,332.533,2045,1067,2737,1984,-17.4819,13.0035
9977,332.567,2045,1067,2737,1984,-17.9819,13.0445
9978,332.600,2045,1067,2737,1984,-18.2195,13.1215
9979,332.633,2045,1067,2737,1984,-18.1476,13.3470
9980,332.667,2045,1067,2737,1984,-17.6442,13.4717
9981,332.700,2045,1066,2737,1984,-17.1469,13.7861
9982,332.733,2045,1065,2737,1984,-17.1149,13.0571
9983,332.767,2045,1065,2737,1984,-17.5014,13.1079
9984,332.800,2045,1065,2737,1984,-17.1454,12.1219
9985,332.833,2045,1064,2737,1984,-17.3916,13.0517
9986,332.867,2045,1064,2737,1984,-17.3764,13.1303
9987,332.900,2045,1064,2737,1984,-17.3328,12.9919
9988,332.933,2045,1064,2737,1984,-17.2230,13.1227
9989,332.967,2045,1064,2737,1984,-16.6011,13.7376
9990,333.000,2045,1065,2737,1986,-17.5176,14.0044
9991,333.033,2046,1065,2736,1986,-15.8582,15.2531
9992,333.067,2045,1064,2737,1987,-12.0243,13.2618
9993,333.100,2045,1064,2737,1987,-12.4740,13.6494
9994,333.133,2045,1064,2736,1987,-12.6234,13.3749
9995,333.167,2045,1065,2736,1988,-13.5009,14.8858
9996,333.200,2045,1065,2736,1988,-13.1687,14.5651
9997,333.233,2045,1065,2736,1987,-13.3595,14.7024
9998,333.267,2045,1065,2736,1987,-14.4485,14.3274
9999,333.300,2045,1065,2736,1987,-13.9698,14.6921
10000,333.333,2045,1065,2736,1988,-14.2407,15.1283
10001,333.367,2045,1065,2736,1988,-14.0898,14.7003
10002,333.400,2045,1065,2737,1988,-13.9185,12.9455
10003,333.433,2045,1065,2736,1988,-14.5944,13.9625
10004,333.467,2045,1065,2736,1987,-14.8449,14.0320
10005,333.500,2045,1065,2736,1987,-14.6416,13.6761
10006,333.533,2045,1065,2736,1987,-15.0778,13.0739
10007,333.567,2045,1066,2737,1988,-16.2382,13.5385
10008,333.600,2045,1066,2736,1989,-16.2476,11.6513
10009,333.633,2045,1067,2737,1989,-16.5616,14.4330
10010,333.667,2045,1067,2737,1989,-16.1231,14.7006
10011,333.700,2045,1066,2737,1990,-16.6814,13.3150
10012,333.733,2045,1066,2737,1990,-15.9463,12.5820
10013,333.767,2045,1067,2737,1990,-16.6673,15.9635
10014,333.800,2045,1067,2738,1992,-16.8714,15.6188
10015,333.833,2045,1067,2738,1993,-16.3211,16.1260
10016,333.867,2045,1068,2739,1994,-16.5709,15.0786
10017,333.900,2045,1068,2738,1994,-15.8799,13.8000
10018,333.933,2045,1067,2739,1995,-15.9438,16.7005
10019,333.967,2045,1067,2739,1995,-15.6901,16.6985
10020,334.000,2045,1066,2738,1995,-15.0227,15.2827
10021,334.033,2045,1067,2739,1995,-14.4998,16.1450
10022,334.067,2046,1067,2739,1995,-14.2938,15.4590
10023,334.100,2046,1067,2739,1995,-14.6935,15.0518
10024,334.133,2047,1067,2739,1996,-16.5606,15.4340
10025,334.167,2047,1067,2739,1994,-15.8502,13.9746
10026,334.200,2047,1067,2738,1993,-15.5146,13.6581
10027,334.233,2047,1067,2738,1994,-14.6850,13.6970
10028,334.267,2047,1067,2738,1994,-12.9440,12.6595
10029,334.300,2047,1067,2738,1996,-13.7429,13.4807
10030,334.333,2046,1068,2738,1995,-12.1254,15.6173
10031,334.367,2046,1067,2738,1996,-13.4502,15.6083
10032,334.400,2046,1068,2738,1996,-13.0418,16.8010
10033,334.433,2046,1068,2738,1995,-12.2719,16.1370
10034,334.467,2046,1067,2738,1995,-12.4534,16.0644
10035,334.500,2046,1067,2738,1996,-13.3388,15.4469
10036,334.533,2046,1067,2738,1996,-13.6304,14.3719
10037,334.567,2046,1068,2738,1996,-13.9058,16.0299
10038,334.600,2046,1069,2739,1996,-13.8147,16.2218
10039,334.633,2046,1069,2739,1996,-13.2729,15.6486
10040,334.667,2046,1069,2739,1996,-13.6854,15.8951
10041,334.700,2044,1070,2738,1996,-14.1067,15.7167
10042,334.733,2045,1070,2738,1996,-13.4681,17.4465
10043,334.767,2045,1070,2738,1995,-12.8783,17.1172
10044,334.800,2044,1069,2738,1996,-13.1944,18.7078
10045,334.833,2044,1070,2738,1995,-12.4673,16.2748
10046,334.867,2044,1070,2738,1995,-12.4971,16.4168
10047,334.900,2044,1069,2738,1995,-13.5545,17.2161
10048,334.933,2044,1069,2738,1995,-13.3981,17.6072
10049,334.967,2044,1070,2739,1995,-14.0709,18.5892
10050,335.000,2044,1069,2739,1996,-17.0466,16.8020
10051,335.033,2045,1069,2739,1996,-16.2679,18.1299
10052,335.067,2045,1069,2739,1996,-18.5280,16.8223
10053,335.100,2045,1069,2739,1996,-18.4236,16.6906
10054,335.133,2045,1069,2739,1995,-19.0492,16.6382
10055,335.167,2045,1069,2739,1995,-18.9987,15.9743
10056,335.200,2045,1069,2739,1994,-19.0866,15.1580
10057,335.233,2044,1070,2739,1995,-18.8167,16.3923
10058,335.267,2044,1070,2739,1994,-18.0716,15.9273
10059,335.300,2044,1070,2739,1994,-18.3419,16.2649
10060,335.333,2044,1070,2739,1994,-18.1605,16.2764
10061,335.367,2044,1070,2739,1994,-18.3947,16.8966
10062,335.400,2043,1070,2739,1994,-18.3670,17.8165
10063,335.433,2044,1070,2739,1994,-19.5433,17.5159
10064,335.467,2044,1070,2739,1994,-19.6909,16.7939
10065,335.500,2044,1069,2739,1993,-20.2392,17.4619
10066,335.533,2044,1069,2739,1992,-20.2178,17.6082
10067,335.567,2044,1068,2739,1991,-18.8127,16.3054
10068,335.600,2044,1068,2739,1991,-18.1645,16.3576
10069,335.633,2044,1068,2738,1991,-18.9976,15.5448
10070,335.667,2044,1068,2739,1991,-18.5118,15.3675
10071,335.700,2044,1068,2739,1991,-18.5247,15.0747
10072,335.733,2044,1069,2739,1991,-19.8680,15.6405
10073,335.767,2044,1068,2738,1990,-13.3794,14.7771
10074,335.800,2045,1067,2738,1991,-13.1384,14.8055
10075,335.833,2045,1066,2738,1991,-14.2387,16.2110
10076,335.867,2045,1066,2739,1991,-15.5016,15.1276
10077,335.900,2045,1067,2739,1991,-15.2041,14.6303
10078,335.933,2045,1067,2739,1991,-15.1984,14.6519
10079,335.967,2046,1066,2739,1991,-14.7160,14.1418
10080,336.000,2046,1065,2738,1992,-11.6772,13.6113
10081,336.033,2045,1064,2738,1993,-13.1862,13.5751
10082,336.067,2046,1064,2738,1993,-13.4505,14.6105
10083,336.100,2046,1063,2738,1993,-14.2119,14.9711
10084,336.133,2045,1063,2738,1993,-14.4911,14.3545
10085,336.167,2045,1063,2738,1993,-13.9896,14.5480
10086,336.200,2045,1063,2738,1993,-14.1642,14.7692
10087,336.233,2045,1062,2738,1993,-14.5170,16.0991
10088,336.267,2045,1063,2737,1994,-14.3400,15.9719
10089,336.300,2045,1064,2738,1994,-14.1082,13.6326
10090,336.333,2045,1064,2738,1994,-14.1240,13.8801
10091,336.367,2045,1063,2737,1994,-14.3547,16.9942
10092,336.400,2045,1063,2737,1994,-14.4201,16.8845
10093,336.433,2044,1064,2737,1993,-13.5288,15.8375
10094,336.467,2044,1064,2737,1993,-13.4963,16.2211
10095,336.500,2044,1064,2737,1994,-13.1548,15.1447
10096,336.533,2044,1064,2737,1994,-12.8723,15.2038
10097,336.567,2044,1063,2737,1993,-13.6670,17.0557
10098,336.600,2044,1063,2736,1993,-13.4449,17.5203
10099,336.633,2045,1063,2737,1993,-13.3757,16.2720
10100,336.667,2044,1063,2737,1993,-13.0983,14.4669
10101,336.700,2044,1064,2737,1994,-13.4455,13.9870
10102,336.733,2045,1064,2737,1994,-13.8286,14.3501
10103,336.767,2045,1063,2737,1993,-13.0620,14.6305
10104,336.800,2045,1063,2737,1994,-14.4465,14.8511
10105,336.833,2045,1063,2737,1994,-17.9336,17.6868
10106,336.867,2046,1064,2736,1994,-18.4971,17.7200
10107,336.900,2047,1064,2737,1994,-18.2711,18.0504
10108,336.933,2047,1063,2737,1993,-17.7337,16.3252
10109,336.967,2047,1063,2736,1993,-18.7004,16.6436
10110,337.000,2047,1062,2736,1992,-18.6928,18.2528
10111,337.033,2046,1063,2736,1991,-19.2559,20.4783
10112,337.067,2046,1063,2736,1991,-18.7848,20.2634
10113,337.100,2046,1064,2736,1991,-18.9391,17.6813
10114,337.133,2046,1064,2736,1990,-18.2884,18.4757
10115,337.167,2046,1064,2736,1990,-18.2781,18.7289
10116,337.200,2045,1064,2736,1990,-19.2664,18.0231
10117,337.233,2045,1064,2736,1990,-19.6861,18.3736
10118,337.267,2045,1064,2736,1990,-18.8498,18.1351
10119,337.300,2045,1064,2736,1991,-20.2122,18.2129
10120,337.333,2046,1064,2736,1992,-18.9659,19.2493
10121,337.367,2045,1064,2736,1992,-19.3680,17.8412
10122,337.400,2045,1064,2734,1992,-13.0599,19.5456
10123,337.433,2044,1064,2734,1992,-12.3865,21.4451
10124,337.467,2044,1065,2734,1992,-13.8394,19.1527
10125,337.500,2043,1065,2734,1992,-13.4439,20.7065
10126,337.533,2043,1064,2734,1991,-12.0769,20.9966
10127,337.567,2043,1064,2734,1991,-12.4544,20.2182
10128,337.600,2043,1064,2734,1991,-11.9321,21.0030
10129,337.633,2043,1064,2734,1991,-12.3961,20.8131
10130,337.667,2043,1064,2734,1991,-12.7420,21.4994
10131,337.700,2043,1064,2734,1992,-13.6333,20.6913
10132,337.733,2043,1064,2734,1992,-13.7720,20.4053
10133,337.767,2043,1064,2734,1992,-13.9718,20.5983
10134,337.800,2043,1064,2734,1992,-13.8760,20.4791
10135,337.833,2043,1064,2734,1992,-14.0781,20.4532
10136,337.867,2043,1064,2734,1992,-14.3212,20.3163
10137,337.900,2043,1064,2734,1992,-14.1144,20.2413
10138,337.933,2043,1063,2734,1991,-14.3350,21.8728
10139,337.967,2044,1062,2734,1991,-12.5184,21.7044
10140,338.000,2045,1063,2735,1994,-11.9860,19.0380
10141,338.033,2045,1062,2736,1994,-12.1842,18.2996
10142,338.067,2045,1062,2736,1995,-12.0077,17.5596
10143,338.100,2044,1061,2736,1995,-12.0725,17.4461
10144,338.133,2044,1061,2737,1995,-11.4034,13.7624
10145,338.167,2045,1061,2737,1995,-11.8108,14.3550
10146,338.200,2045,1061,2737,1995,-11.8537,14.3964
10147,338.233,2045,1061,2737,1995,-11.8687,14.0299
10148,338.267,2045,1061,2737,1994,-12.1378,13.4501
10149,338.300,2045,1062,2737,1993,-12.3603,14.0460
10150,338.333,2046,1062,2738,1993,-12.3034,13.9570
10151,338.367,2046,1062,2738,1993,-13.3955,14.6417
10152,338.400,2046,1063,2738,1994,-15.1301,13.5341
10153,338.433,2047,1062,2738,1993,-13.3872,13.6761
10154,338.467,2046,1062,2738,1993,-14.4041,15.5184
10155,338.500,2046,1062,2739,1993,-13.8242,14.9539
10156,338.533,2047,1063,2739,1994,-14.9732,14.8340
10157,338.567,2047,1062,2739,1994,-15.9102,15.2493
10158,338.600,2048,1062,2738,1993,-15.3395,12.3559
10159,338.633,2048,1062,2738,1994,-14.6586,12.5602
10160,338.667,2048,1063,2738,1994,-15.1170,12.4778
10161,338.700,2048,1063,2738,1992,-15.7591,12.3461
10162,338.733,2048,1063,2738,1992,-16.1599,13.3263
10163,338.767,2048,1063,2738,1992,-16.6382,14.4794
10164,338.800,2048,1063,2738,1992,-19.7649,15.6575
10165,338.833,2047,1063,2738,1991,-20.2818,15.7872
10166,338.867,2047,1063,2738,1991,-19.5600,15.7615
10167,338.900,2047,1062,2738,1991,-21.0847,15.1222
10168,338.933,2047,1063,2738,1991,-19.2153,15.3466
10169,338.967,2047,1063,2739,1991,-18.4467,14.4261
10170,339.000,2047,1064,2737,1991,-17.9787,16.7628
10171,339.033,2047,1064,2737,1991,-17.7847,17.3908
10172,339.067,2046,1064,2737,1991,-17.7400,16.9282
10173,339.100,2046,1064,2737,1991,-17.3597,17.5387
10174,339.133,2046,1064,2737,1990,-17.0722,16.4778
10175,339.167,2046,1064,2737,1990,-16.6839,16.8082
10176,339.200,2046,1063,2737,1990,-17.7602,16.8062
10177,339.233,2046,1064,2737,1990,-16.5429,16.4940
10178,339.267,2046,1064,2737,1990,-16.4496,16.3068
10179,339.300,2046,1065,2738,1990,-16.7240,15.0423
10180,339.333,2046,1065,2738,1990,-16.9012,15.1443
10181,339.367,2046,1065,2738,1990,-16.8464,15.1945
10182,339.400,2046,1065,2738,1990,-16.6847,15.1478
10183,339.433,2046,1066,2738,1990,-17.2978,16.0307
10184,339.467,2047,1066,2738,1989,-17.2805,15.2619
10185,339.500,2046,1066,2737,1989,-16.4213,15.8713
10186,339.533,2046,1066,2737,1989,-16.5835,16.3081
10187,339.567,2046,1065,2737,1989,-15.5786,16.6326
10188,339.600,2046,1065,2738,1989,-17.5869,16.5595
10189,339.633,2046,1065,2738,1990,-16.7832,15.8395
10190,339.667,2046,1065,2738,1990,-16.5163,15.7845
10191,339.700,2046,1065,2738,1990,-17.0579,16.4254
10192,339.733,2046,1064,2738,1990,-18.5953,15.5886
10193,339.767,2047,1072,2734,1992,-18.4214,15.0970
10194,339.800,2047,1072,2734,1991,-17.2570,16.3642
10195,339.833,2047,1071,2734,1992,-14.6105,19.0709
10196,339.867,2047,1071,2733,1992,-14.2349,18.5910
10197,339.900,2047,1071,2734,1992,-14.3112,17.1180
10198,339.933,2047,1071,2734,1992,-14.7216,17.1591
10199,339.967,2047,1071,2734,1992,-14.1662,15.4769
10200,340.000,2047,1070,2734,1991,-13.7454,19.2457
10201,340.033,2046,1071,2733,1990,-13.4409,16.7253
10202,340.067,2046,1070,2734,1990,-11.9547,18.8559
10203,340.100,2046,1070,2734,1991,-11.5028,18.9488
10204,340.133,2046,1069,2734,1991,-11.0523,16.1665
10205,340.167,2046,1069,2734,1991,-10.1108,15.4745
10206,340.200,2046,1069,2734,1991,-10.2498,15.6680
10207,340.233,2046,1069,2734,1991,-10.7079,15.5461
10208,340.267,2046,1069,2734,1992,-10.0638,13.9459
10209,340.300,2046,1068,2734,1992,-10.0387,14.0099
10210,340.333,2046,1068,2734,1992,-9.6768,13.6898
10211,340.367,2046,1068,2735,1993,-9.7394,14.4317
10212,340.400,2046,1068,2735,1992,-9.2284,15.0331
10213,340.433,2046,1069,2735,1992,-9.3988,15.3419
10214,340.467,2046,1069,2735,1992,-7.7904,15.8324
10215,340.500,2046,1069,2735,1992,-7.7919,16.1756
10216,340.533,2046,1069,2734,1992,-8.0022,12.9456
10217,340.567,2046,1069,2734,1992,-6.7771,11.5023
10218,340.600,2046,1069,2735,1990,-6.1355,13.0534
10219,340.633,2045,1069,2734,1991,-6.2817,12.8248
10220,340.667,2045,1069,2734,1991,-5.8008,11.5314
10221,340.700,2045,1070,2735,1991,-5.5781,16.0556
10222,340.733,2045,1069,2735,1991,-6.0388,13.3646
10223,340.767,2046,1069,2735,1991,-6.5567,12.6080
10224,340.800,2046,1069,2735,1991,-6.0393,12.2385
10225,340.833,2046,1069,2735,1991,-6.0666,12.3339
10226,340.867,2046,1069,2735,1992,-10.4256,17.0823
10227,340.900,2046,1069,2735,1991,-10.5380,15.7097
10228,340.933,2045,1070,2735,1991,-11.7456,17.5756
10229,340.967,2045,1070,2736,1992,-11.8791,16.3603
10230,341.000,2046,1071,2736,1991,-13.3785,17.8171
10231,341.033,2046,1071,2736,1991,-12.1073,18.9607
10232,341.067,2045,1072,2735,1992,-14.7420,16.8131
10233,341.100,2045,1071,2735,1992,-12.6730,15.6998
10234,341.133,2045,1071,2735,1992,-12.5562,15.9576
10235,341.167,2045,1071,2735,1992,-12.2529,16.2646
10236,341.200,2045,1071,2735,1992,-12.4416,16.3612
10237,341.233,2045,1071,2735,1992,-12.3526,17.3998
10238,341.267,2045,1071,2735,1992,-12.8957,17.2722
10239,341.300,2045,1071,2735,1992,-12.6646,18.8277
10240,341.333,2045,1071,2735,1992,-12.4884,18.1492
10241,341.367,2045,1071,2735,1993,-13.1380,18.9688
10242,341.400,2045,1072,2735,1993,-12.6261,18.6552
10243,341.433,2044,1071,2735,1992,-11.5887,18.3921
10244,341.467,2044,1071,2735,1993,-10.9451,19.9304
10245,341.500,2044,1071,2735,1992,-10.5426,17.7198
10246,341.533,2044,1071,2735,1992,-9.5888,18.5768
10247,341.567,2044,1071,2735,1992,-1.4558,21.7829
10248,341.600,2044,1071,2735,1992,-1.8958,21.3536
10249,341.633,2044,1072,2735,1993,-3.0069,19.2121
10250,341.667,2044,1071,2735,1993,-4.2472,20.3520
10251,341.700,2044,1071,2735,1993,-4.3616,20.4566
10252,341.733,2044,1072,2735,1993,-3.6660,18.3074
10253,341.767,2044,1072,2735,1993,-3.3764,17.6227
10254,341.800,2044,1072,2735,1992,-3.2504,16.6060
10255,341.833,2044,1071,2735,1992,-2.7980,17.7303
10256,341.867,2044,1072,2735,1992,-4.6180,15.9846
10257,341.900,2044,1071,2735,1992,-3.2019,17.3666
10258,341.933,2044,1070,2735,1991,-2.2680,18.2661
10259,341.967,2044,1071,2735,1992,-2.7268,17.9942
10260,342.000,2044,1071,2735,1992,-2.7342,15.4606
10261,342.033,2044,1072,2735,1992,-2.9963,14.7874
10262,342.067,2044,1072,2735,1992,-2.8463,18.2691
10263,342.100,2044,1071,2735,1992,-7.4655,19.5056
10264,342.133,2044,1072,2735,1991,-9.2973,17.5770
10265,342.167,2045,1071,2735,1991,-11.0160,13.6496
10266,342.200,2045,1070,2735,1991,-11.4521,14.1853
10267,342.233,2045,1070,2735,1991,-11.6100,14.4460
10268,342.267,2046,1070,2735,1991,-12.7670,15.9704
10269,342.300,2046,1071,2735,1992,-12.3120,15.3867
10270,342.333,2046,1070,2735,1992,-11.9160,16.0371
10271,342.367,2046,1070,2735,1992,-11.8468,15.7498
10272,342.400,2046,1069,2735,1992,-13.0975,14.5563
10273,342.433,2046,1069,2735,1992,-13.6372,14.8569
10274,342.467,2045,1069,2735,1991,-13.1412,15.3606
10275,342.500,2045,1070,2735,1991,-12.7513,14.7695
10276,342.533,2045,1070,2735,1991,-12.8262,14.2712
10277,342.567,2045,1069,2735,1991,-13.6162,15.8158
10278,342.600,2045,1069,2735,1991,-13.5465,15.8782
10279,342.633,2045,1069,2735,1992,-11.8825,14.0066
10280,342.667,2045,1068,2735,1992,-11.8830,14.6158
10281,342.700,2045,1068,2735,1991,-11.1368,14.5206
10282,342.733,2045,1068,2735,1991,-11.1941,14.5201
10283,342.767,2045,1068,2735,1991,-10.9577,14.4051
10284,342.800,2045,1068,2735,1991,-10.8796,14.5356
10285,342.833,2045,1069,2735,1991,-12.7687,16.3351
10286,342.867,2045,1069,2735,1991,-12.7251,17.3981
10287,342.900,2045,1069,2735,1991,-12.7718,18.1761
10288,342.933,2046,1069,2735,1991,-12.9809,15.6879
10289,342.967,2046,1069,2736,1991,-12.4023,17.5964
10290,343.000,2046,1069,2735,1992,-11.4120,14.6292
10291,343.033,2045,1070,2736,1992,-11.7354,15.0475
10292,343.067,2046,1070,2736,1992,-11.3311,16.6335
10293,343.100,2046,1070,2736,1992,-11.7177,16.2733
10294,343.133,2046,1070,2736,1992,-11.4914,16.9214
10295,343.167,2045,1070,2736,1992,-10.9188,14.9556
10296,343.200,2045,1070,2736,1992,-11.0482,15.0155
10297,343.233,2045,1070,2736,1992,-11.0426,15.0791
10298,343.267,2045,1070,2736,1992,-11.2674,15.0416
10299,343.300,2046,1069,2736,1992,-10.6113,14.4905
10300,343.333,2045,1070,2736,1992,-11.7838,15.2238
10301,343.367,2046,1069,2736,1992,-10.8268,14.3157
10302,343.400,2046,1069,2736,1992,-10.7173,14.0823
10303,343.433,2045,1069,2736,1992,-11.9967,15.4441
10304,343.467,2046,1069,2736,1991,-11.4650,14.8945
10305,343.500,2045,1069,2737,1992,-11.6164,16.4873
10306,343.533,2045,1069,2736,1992,-12.8553,16.6987
10307,343.567,2046,1069,2737,1992,-11.6625,14.8397
10308,343.600,2046,1069,2737,1992,-11.6493,14.6492
10309,343.633,2046,1069,2737,1992,-11.6548,15.3553
10310,343.667,2046,1069,2737,1992,-11.2412,15.7197
10311,343.700,2046,1070,2737,1993,-11.2063,16.7466
10312,343.733,2046,1070,2737,1993,-11.3166,16.8849
10313,343.767,2046,1070,2737,1993,-11.0014,16.8610
10314,343.800,2046,1071,2738,1992,-11.5144,15.7408
10315,343.833,2046,1071,2738,1993,-10.8838,14.7649
10316,343.867,2046,1071,2738,1993,-10.8905,14.7909
10317,343.900,2046,1071,2738,1993,-10.6197,14.4837
10318,343.933,2046,1070,2738,1992,-11.1765,14.8225
10319,343.967,2046,1070,2738,1992,-10.4833,15.4780
