frame_idx,time_sec,xmin,ymin,xmax,ymax,pitch_deg,yaw_deg
0,0.000,1404,392,2408,1931,7.9132,13.6973
1,0.033,1405,392,2410,1939,10.0192,15.2992
2,0.067,1405,394,2408,1937,8.7061,16.1227
3,0.100,1406,396,2408,1939,10.9708,14.7318
4,0.133,1410,401,2410,1926,10.1086,11.3778
5,0.167,1410,400,2409,1927,11.4804,11.4500
6,0.200,1410,400,2409,1927,11.4804,11.4500
7,0.233,1410,400,2409,1927,11.4804,11.4500
8,0.267,1409,400,2410,1926,11.7104,12.4543
9,0.300,1410,400,2410,1926,10.7164,11.7685
10,0.333,1409,398,2407,1918,8.3776,12.2374
11,0.367,1408,397,2408,1932,8.1591,12.4920
12,0.400,1410,397,2409,1928,9.9563,9.0667
13,0.433,1410,397,2412,1932,9.4593,11.7291
14,0.467,1411,396,2410,1931,8.5751,9.2200
15,0.500,1412,397,2410,1933,11.4667,9.4910
16,0.533,1413,398,2408,1931,7.6819,10.1272
17,0.567,1413,400,2407,1928,9.7905,10.2280
18,0.600,1413,400,2407,1928,9.7573,10.1682
19,0.633,1413,400,2407,1928,9.8416,10.1639
20,0.667,1413,400,2407,1928,10.7036,10.7778
21,0.700,1413,400,2407,1929,10.1411,12.3960
22,0.733,1414,400,2407,1930,10.8491,12.6784
23,0.767,1414,400,2407,1931,10.5338,11.8542
24,0.800,1416,400,2409,1932,9.4447,10.9707
25,0.833,1417,400,2409,1931,7.7653,9.5473
26,0.867,1417,400,2409,1931,7.8219,9.5909
27,0.900,1417,400,2409,1931,7.8668,9.5723
28,0.933,1407,398,2401,1930,11.8619,10.4249
29,0.967,1406,400,2404,1928,10.0644,12.8727
30,1.000,1406,400,2403,1934,8.5617,12.7499
31,1.033,1406,400,2402,1936,7.5815,11.4521
32,1.067,1406,401,2401,1935,8.2852,12.6290
33,1.100,1407,400,2400,1935,6.4032,11.2969
34,1.133,1407,400,2400,1934,5.5356,10.4949
35,1.167,1407,401,2400,1934,6.2283,11.1262
36,1.200,1407,401,2400,1934,6.2283,11.1262
37,1.233,1407,401,2400,1934,6.2283,11.1262
38,1.267,1407,401,2401,1935,7.4327,10.0015
39,1.300,1406,402,2401,1937,9.9436,10.3291
40,1.333,1406,402,2401,1936,10.9811,10.7125
41,1.367,1406,403,2401,1938,10.8238,10.3819
42,1.400,1407,403,2401,1936,10.7220,10.3470
43,1.433,1407,401,2402,1935,7.9594,10.6563
44,1.467,1407,401,2402,1934,7.5923,11.6731
45,1.500,1407,402,2402,1933,9.3293,11.1791
46,1.533,1407,401,2402,1935,8.3748,11.4830
47,1.567,1407,401,2402,1933,8.2532,10.5960
48,1.600,1407,401,2402,1933,8.2315,10.6122
49,1.633,1407,402,2402,1933,7.7751,9.8663
50,1.667,1407,402,2401,1933,8.6711,10.7474
51,1.700,1406,403,2400,1935,8.8672,10.5845
52,1.733,1406,403,2401,1941,8.3154,9.5951
53,1.767,1405,407,2397,1937,8.4466,8.8856
54,1.800,1404,407,2398,1939,6.5076,8.1101
55,1.833,1404,408,2397,1941,7.1605,8.7288
56,1.867,1403,409,2397,1941,6.6950,7.1819
57,1.900,1405,408,2397,1936,5.9242,8.7545
58,1.933,1404,407,2397,1936,7.0746,8.3553
59,1.967,1405,406,2397,1935,8.3340,8.8688
60,2.000,1406,406,2395,1934,6.6883,8.8029
61,2.033,1406,406,2395,1935,7.4766,8.4626
62,2.067,1406,406,2390,1935,9.6759,6.3077
63,2.100,1411,412,2382,1932,9.0014,-1.9310
64,2.133,1412,414,2383,1936,11.3238,-5.7138
65,2.167,1403,426,2384,1929,10.5276,-0.6967
66,2.200,1405,416,2393,1941,5.3974,-5.5071
67,2.233,1405,414,2394,1942,5.9444,3.1023
68,2.267,1404,413,2395,1942,5.3974,4.4658
69,2.300,1403,415,2395,1939,4.7609,2.3183
70,2.333,1404,414,2396,1938,7.7159,3.7529
71,2.367,1404,413,2396,1938,6.9110,5.2812
72,2.400,1407,402,2399,1932,6.5139,9.0143
73,2.433,1406,402,2400,1933,7.6328,9.2926
74,2.467,1406,404,2400,1932,6.3896,10.6404
75,2.500,1406,404,2400,1934,5.9033,9.4538
76,2.533,1404,404,2400,1933,5.4606,9.6485
77,2.567,1403,403,2399,1931,3.9756,8.8454
78,2.600,1403,403,2400,1933,5.7931,9.0376
79,2.633,1403,403,2400,1931,4.4774,9.3093
80,2.667,1403,402,2401,1933,5.7890,9.5153
81,2.700,1404,404,2401,1932,5.8180,9.8165
82,2.733,1403,405,2401,1934,7.2966,9.7178
83,2.767,1402,404,2401,1935,6.6845,10.2177
84,2.800,1404,404,2402,1936,3.2751,9.3080
85,2.833,1407,403,2403,1934,-3.2769,9.5784
86,2.867,1406,403,2400,1935,-2.0385,8.4523
87,2.900,1406,403,2399,1935,0.7943,8.1197
88,2.933,1407,405,2397,1932,-1.5800,10.0863
89,2.967,1407,405,2396,1929,-3.2429,11.0066
90,3.000,1406,408,2397,1931,-1.3359,8.6994
91,3.033,1406,409,2397,1931,-0.1580,9.9297
92,3.067,1410,410,2396,1927,-15.3367,12.3776
93,3.100,1409,410,2397,1926,-13.3627,11.2440
94,3.133,1410,408,2396,1926,-12.5882,11.5750
95,3.167,1412,407,2394,1925,-12.8922,14.6315
96,3.200,1413,406,2394,1925,-12.3777,12.8787
97,3.233,1415,407,2395,1923,-13.9292,14.1509
98,3.267,1415,407,2394,1924,-14.6062,14.5310
99,3.300,1414,408,2395,1927,-16.1735,13.1591
100,3.333,1414,408,2395,1927,-16.3718,13.2658
101,3.367,1415,410,2396,1928,-14.9420,13.5116
102,3.400,1414,408,2396,1929,-16.3978,15.0471
103,3.433,1414,408,2397,1930,-16.4893,16.2567
104,3.467,1414,407,2397,1929,-16.0063,16.2582
105,3.500,1413,406,2397,1929,-16.5737,15.0697
106,3.533,1414,407,2396,1928,-15.5596,14.9397
107,3.567,1414,407,2397,1929,-15.3369,14.3684
108,3.600,1414,407,2397,1928,-15.9675,14.5016
109,3.633,1415,407,2395,1926,-15.9647,13.4142
110,3.667,1415,408,2396,1925,-15.7997,13.4393
111,3.700,1415,409,2395,1923,-14.0715,15.4923
112,3.733,1415,409,2395,1924,-14.9631,16.0210
113,3.767,1415,409,2395,1923,-15.3392,14.7078
114,3.800,1415,408,2395,1924,-15.3849,14.0439
115,3.833,1416,410,2395,1923,-14.1302,15.0275
116,3.867,1416,410,2395,1922,-12.5008,15.4988
117,3.900,1415,409,2395,1922,-14.0723,14.1426
118,3.933,1416,409,2395,1921,-13.8015,15.4781
119,3.967,1417,411,2395,1923,-15.3669,14.6713
120,4.000,1417,413,2397,1920,-14.5631,13.7409
121,4.033,1417,413,2396,1920,-13.9401,13.1587
122,4.067,1417,413,2396,1920,-13.8715,13.1909
123,4.100,1417,413,2396,1920,-13.9231,13.1892
124,4.133,1417,412,2396,1921,-12.4245,13.4494
125,4.167,1417,412,2396,1921,-12.2800,13.1897
126,4.200,1417,412,2396,1921,-12.2911,13.2175
127,4.233,1417,412,2396,1921,-12.2911,13.2175
128,4.267,1416,413,2396,1921,-13.5307,12.4101
129,4.300,1417,414,2396,1921,-11.9012,15.2450
130,4.333,1418,412,2398,1926,-12.5198,17.8376
131,4.367,1419,414,2397,1926,-14.2638,19.1132
132,4.400,1419,413,2396,1925,-13.9391,18.6204
133,4.433,1419,414,2396,1923,-13.9085,17.7689
134,4.467,1419,414,2395,1923,-13.6874,15.7039
135,4.500,1419,414,2395,1923,-13.6874,15.7039
136,4.533,1419,411,2396,1922,-14.3061,17.6540
137,4.567,1419,411,2396,1922,-14.2363,18.0253
138,4.600,1419,411,2396,1922,-14.2363,18.0253
139,4.633,1418,411,2395,1919,-15.4634,17.9828
140,4.667,1418,410,2396,1921,-15.2443,18.5909
141,4.700,1419,409,2396,1918,-13.0291,19.5957
142,4.733,1421,408,2395,1917,-14.7341,16.6653
143,4.767,1421,408,2396,1917,-12.5046,16.3769
144,4.800,1421,409,2396,1921,-14.7322,16.6361
145,4.833,1421,411,2397,1922,-10.6403,18.8564
146,4.867,1421,411,2397,1925,-13.6108,18.5284
147,4.900,1421,411,2398,1921,-14.6086,20.7973
148,4.933,1421,409,2401,1923,-14.9085,20.4532
149,4.967,1421,409,2403,1924,-12.9554,18.4650
150,5.000,1423,414,2405,1924,-13.0876,13.6972
151,5.033,1423,414,2405,1924,-13.0642,13.9392
152,5.067,1423,414,2405,1924,-13.0636,13.9431
153,5.100,1423,414,2405,1924,-13.0636,13.9431
154,5.133,1423,414,2405,1924,-13.3513,13.8835
155,5.167,1423,415,2403,1922,-15.4715,12.6221
156,5.200,1423,414,2404,1921,-13.7268,12.3858
157,5.233,1424,415,2404,1923,-13.8502,14.4576
158,5.267,1424,415,2403,1918,-13.7514,14.4507
159,5.300,1424,415,2403,1916,-13.7754,12.2185
160,5.333,1425,414,2403,1916,-13.5476,11.6422
161,5.367,1425,415,2403,1916,-14.0672,11.8552
162,5.400,1425,415,2403,1913,-14.0092,11.7967
163,5.433,1425,415,2402,1913,-12.3160,10.7730
164,5.467,1425,415,2402,1913,-12.3160,10.7730
165,5.500,1425,415,2402,1913,-12.3160,10.7730
166,5.533,1425,415,2403,1913,-13.7093,12.7539
167,5.567,1423,413,2403,1916,-12.9079,13.1228
168,5.600,1423,414,2402,1915,-12.4529,12.4529
169,5.633,1423,413,2402,1916,-10.9220,12.5060
170,5.667,1422,411,2404,1919,-13.4124,11.4763
171,5.700,1422,410,2404,1921,-13.6488,15.2102
172,5.733,1423,410,2405,1921,-13.9782,13.7489
173,5.767,1423,410,2405,1920,-13.1117,13.6651
174,5.800,1423,411,2406,1922,-13.1780,11.2209
175,5.833,1422,413,2406,1920,-12.0627,11.4248
176,5.867,1422,413,2406,1920,-11.8406,11.7165
177,5.900,1422,413,2406,1920,-11.9552,10.9512
178,5.933,1422,413,2406,1919,-12.9258,12.0135
179,5.967,1423,414,2405,1919,-12.7703,10.3622
180,6.000,1423,415,2405,1917,-12.9419,11.4320
181,6.033,1422,415,2405,1917,-13.6853,11.3986
182,6.067,1422,415,2405,1917,-13.6857,11.7993
183,6.100,1422,415,2405,1918,-14.9167,11.7132
184,6.133,1422,415,2404,1919,-13.0294,12.8410
185,6.167,1421,414,2405,1919,-13.8870,12.7256
186,6.200,1421,414,2405,1918,-13.5269,12.3485
187,6.233,1422,414,2405,1919,-14.0363,10.6091
188,6.267,1422,413,2405,1919,-11.7507,12.5429
189,6.300,1422,413,2404,1918,-13.7199,13.2399
190,6.333,1423,413,2404,1917,-13.4814,14.7207
191,6.367,1422,414,2404,1916,-13.2882,13.0581
192,6.400,1423,414,2404,1915,-12.8415,13.8791
193,6.433,1422,414,2404,1916,-13.9084,13.4697
194,6.467,1422,413,2405,1916,-12.7953,13.7801
195,6.500,1422,412,2405,1917,-13.2818,14.2239
196,6.533,1423,413,2405,1914,-12.4763,16.1401
197,6.567,1422,413,2405,1916,-12.8762,14.7202
198,6.600,1422,413,2405,1916,-12.8950,14.5590
199,6.633,1422,413,2405,1917,-13.3443,13.8487
200,6.667,1422,412,2406,1917,-12.4821,15.2935
201,6.700,1423,415,2407,1919,-15.5256,15.7405
202,6.733,1423,415,2406,1918,-14.7910,13.8598
203,6.767,1423,415,2407,1919,-15.4794,15.9223
204,6.800,1422,415,2407,1921,-13.9016,17.3626
205,6.833,1422,414,2408,1923,-14.1546,16.3817
206,6.867,1422,414,2408,1921,-13.6131,15.8427
207,6.900,1423,414,2408,1920,-15.7989,15.7760
208,6.933,1423,415,2409,1920,-12.7112,14.5430
209,6.967,1424,412,2411,1922,-13.1489,12.8740
210,7.000,1423,411,2411,1921,-14.0259,16.0634
211,7.033,1423,411,2413,1920,-13.8226,14.2262
212,7.067,1424,411,2414,1919,-12.8987,13.1314
213,7.100,1424,412,2414,1918,-13.4162,12.6309
214,7.133,1422,413,2414,1919,-13.2851,14.3956
215,7.167,1422,412,2414,1921,-13.1636,16.1273
216,7.200,1421,412,2415,1924,-14.0945,12.2575
217,7.233,1421,413,2415,1924,-13.3174,14.3723
218,7.267,1422,414,2415,1924,-13.4774,13.0132
219,7.300,1422,414,2416,1925,-12.4661,12.7963
220,7.333,1422,415,2417,1924,-12.2023,10.7922
221,7.367,1422,415,2417,1925,-11.5789,12.4781
222,7.400,1422,416,2417,1925,-11.7803,11.2379
223,7.433,1421,416,2417,1929,-11.9516,12.0640
224,7.467,1422,418,2417,1928,-11.9236,12.2328
225,7.500,1422,418,2416,1927,-11.8524,12.3194
226,7.533,1421,420,2417,1929,-12.2172,12.1089
227,7.567,1420,421,2414,1928,-10.2775,15.9997
228,7.600,1419,421,2415,1926,-8.3774,13.0258
229,7.633,1419,421,2414,1927,-12.8290,13.9741
230,7.667,1418,421,2414,1928,-10.1129,14.4425
231,7.700,1418,421,2413,1930,-11.5700,15.4215
232,7.733,1417,420,2414,1931,-12.1641,12.9312
233,7.767,1418,422,2413,1929,-11.9565,12.4962
234,7.800,1417,423,2413,1926,-11.6013,10.4312
235,7.833,1418,425,2414,1925,-13.6178,12.8533
236,7.867,1418,425,2413,1923,-11.8632,11.5625
237,7.900,1418,425,2413,1924,-13.3092,13.2979
238,7.933,1419,425,2412,1924,-11.1778,12.1920
239,7.967,1419,425,2412,1925,-11.7551,12.1688
240,8.000,1417,422,2414,1923,-8.6320,13.0081
241,8.033,1417,421,2412,1924,-11.2123,11.6005
242,8.067,1418,420,2410,1916,-13.0434,11.0851
243,8.100,1417,419,2409,1916,-13.2162,12.7148
244,8.133,1417,417,2410,1914,-13.1192,11.3181
245,8.167,1417,416,2410,1916,-14.3327,11.5005
246,8.200,1418,416,2410,1914,-15.0110,11.3246
247,8.233,1418,416,2410,1914,-15.1165,11.5338
248,8.267,1418,415,2410,1916,-14.0249,11.7635
249,8.300,1418,416,2409,1914,-13.5680,12.4960
250,8.333,1418,416,2409,1913,-14.0788,12.3333
251,8.367,1418,415,2407,1911,-12.7846,12.4142
252,8.400,1419,413,2407,1912,-11.0451,9.4436
253,8.433,1419,413,2407,1913,-10.2372,8.4685
254,8.467,1419,412,2407,1914,-11.1979,7.8002
255,8.500,1420,412,2408,1914,-11.2815,8.7589
256,8.533,1420,412,2408,1915,-11.9288,9.2574
257,8.567,1419,412,2408,1916,-10.5482,8.2612
258,8.600,1420,413,2408,1914,-12.2778,9.2207
259,8.633,1420,413,2408,1914,-12.3586,9.2278
260,8.667,1420,414,2407,1912,-14.4157,9.4933
261,8.700,1421,414,2407,1911,-14.1547,10.4102
262,8.733,1421,415,2407,1910,-14.8495,9.5284
263,8.767,1421,414,2406,1909,-14.2483,10.0768
264,8.800,1422,415,2406,1907,-13.6547,11.2216
265,8.833,1421,415,2406,1908,-13.4251,10.8006
266,8.867,1421,415,2407,1909,-12.8605,10.8740
267,8.900,1422,415,2407,1908,-14.5494,11.4410
268,8.933,1422,415,2408,1906,-13.8426,11.2489
269,8.967,1421,415,2407,1904,-12.1183,10.1895
270,9.000,1421,416,2406,1902,-15.1674,9.7325
271,9.033,1420,417,2407,1904,-13.6839,10.6284
272,9.067,1420,417,2407,1905,-13.0449,11.6456
273,9.100,1420,417,2407,1904,-13.8112,10.7864
274,9.133,1420,415,2407,1904,-14.9203,12.0511
275,9.167,1420,415,2407,1904,-15.2710,12.0120
276,9.200,1420,415,2407,1904,-15.2384,12.0165
277,9.233,1420,415,2407,1904,-15.0605,12.0502
278,9.267,1420,415,2407,1904,-15.3572,11.7470
279,9.300,1421,415,2406,1905,-14.7638,8.5813
280,9.333,1421,415,2406,1905,-15.0439,9.3184
281,9.367,1422,411,2404,1906,-11.6461,7.9866
282,9.400,1425,410,2400,1909,-1.9154,7.9458
283,9.433,1417,428,2397,1901,-2.6739,3.6283
284,9.467,1421,419,2402,1909,-11.7407,13.1357
285,9.500,1420,420,2402,1908,-8.9725,13.3146
286,9.533,1420,420,2404,1908,-12.1748,11.8257
287,9.567,1420,422,2403,1907,-10.7151,13.0159
288,9.600,1423,415,2407,1903,-13.6055,11.2156
289,9.633,1423,416,2407,1902,-13.5928,11.9135
290,9.667,1424,418,2407,1902,-14.5117,10.2493
291,9.700,1424,418,2407,1903,-14.2897,10.1053
292,9.733,1424,417,2407,1903,-14.0049,11.3037
293,9.767,1424,417,2407,1903,-13.8542,11.2636
294,9.800,1424,416,2407,1903,-13.9627,11.3724
295,9.833,1422,420,2407,1905,-15.2129,11.0730
296,9.867,1421,419,2409,1906,-14.0002,9.7769
297,9.900,1421,420,2412,1911,-14.1269,12.0921
298,9.933,1421,420,2415,1916,-16.9389,9.4711
299,9.967,1421,420,2415,1915,-17.6333,9.2311
300,10.000,1420,424,2417,1915,-13.5068,7.0226
301,10.033,1420,424,2417,1915,-13.4815,7.0590
302,10.067,1420,424,2417,1915,-13.4817,7.0487
303,10.100,1420,424,2417,1915,-13.5020,7.0862
304,10.133,1423,426,2413,1923,-13.5224,5.4440
305,10.167,1423,427,2413,1923,-14.1216,7.8917
306,10.200,1423,427,2412,1923,-14.4500,9.7918
307,10.233,1423,427,2412,1923,-14.6399,9.7092
308,10.267,1423,428,2411,1923,-13.8129,12.1350
309,10.300,1421,427,2412,1926,-14.3428,7.7171
310,10.333,1421,428,2412,1927,-13.1619,8.4428
311,10.367,1421,429,2412,1925,-13.3080,9.2824
312,10.400,1422,428,2413,1927,-14.4612,8.8704
313,10.433,1422,428,2413,1927,-14.1123,8.7982
314,10.467,1422,428,2413,1927,-14.1123,8.7982
315,10.500,1422,428,2413,1927,-14.1123,8.7982
316,10.533,1422,427,2413,1927,-13.6034,11.0660
317,10.567,1422,427,2413,1926,-14.8560,8.2331
318,10.600,1422,427,2413,1926,-14.7740,8.1534
319,10.633,1422,427,2413,1926,-14.8256,8.0415
320,10.667,1422,427,2413,1925,-13.5132,9.3719
321,10.700,1421,424,2412,1927,-13.5700,9.1390
322,10.733,1419,439,2406,1926,-4.6482,4.8710
323,10.767,1419,440,2405,1922,-4.4669,5.1172
324,10.800,1421,429,2409,1928,-11.5124,10.5506
325,10.833,1424,428,2412,1928,-13.3740,7.8869
326,10.867,1424,427,2413,1929,-12.4905,7.7542
327,10.900,1423,426,2412,1929,-11.8245,10.6877
328,10.933,1424,427,2412,1926,-11.1013,9.0209
329,10.967,1424,426,2412,1926,-12.1077,9.8439
330,11.000,1424,426,2413,1926,-12.3831,9.0892
331,11.033,1424,426,2413,1927,-12.3326,9.7576
332,11.067,1424,426,2413,1927,-12.3172,9.7487
333,11.100,1424,426,2413,1927,-12.3772,9.7217
334,11.133,1424,426,2413,1926,-12.0585,8.7962
335,11.167,1424,425,2414,1927,-12.2390,9.9287
336,11.200,1424,425,2414,1927,-11.9991,10.1068
337,11.233,1424,425,2414,1927,-11.9991,10.1068
338,11.267,1422,424,2416,1924,-13.3285,11.9810
339,11.300,1423,426,2414,1922,-13.7739,12.5302
340,11.333,1424,425,2415,1921,-14.9190,12.4253
341,11.367,1423,425,2416,1921,-12.2175,12.4330
342,11.400,1423,422,2418,1921,-13.6173,10.6916
343,11.433,1423,421,2418,1921,-14.8089,9.3507
344,11.467,1423,421,2418,1921,-14.8089,9.3507
345,11.500,1423,421,2418,1921,-14.8089,9.3507
346,11.533,1423,421,2418,1921,-15.4070,9.3648
347,11.567,1423,421,2418,1920,-13.1897,9.0860
348,11.600,1423,421,2418,1920,-13.1569,9.0642
349,11.633,1423,418,2417,1920,-14.4448,10.3798
350,11.667,1422,418,2416,1920,-14.1743,8.7245
351,11.700,1423,421,2417,1918,-10.8000,7.6573
352,11.733,1422,440,2409,1910,-5.6196,10.1977
353,11.767,1426,441,2419,1907,-13.2128,5.2719
354,11.800,1435,435,2420,1908,-14.5711,12.7658
355,11.833,1431,430,2420,1911,-13.2518,13.7648
356,11.867,1432,432,2420,1913,-15.0815,14.7062
357,11.900,1432,429,2421,1912,-14.0882,15.2554
358,11.933,1430,430,2421,1912,-14.8907,12.3210
359,11.967,1430,430,2421,1910,-15.8420,12.3773
360,12.000,1429,428,2421,1913,-11.6441,13.4000
361,12.033,1430,431,2421,1910,-13.3782,11.7350
362,12.067,1430,431,2421,1910,-13.3422,11.7275
363,12.100,1430,432,2420,1909,-13.9371,13.2446
364,12.133,1430,432,2421,1910,-15.3538,12.7876
365,12.167,1427,435,2422,1912,-14.9248,12.7068
366,12.200,1424,429,2422,1912,-13.8083,13.5215
367,12.233,1423,428,2422,1910,-11.9738,13.3625
368,12.267,1424,431,2422,1909,-14.9035,13.2860
369,12.300,1424,431,2421,1909,-11.5441,14.6592
370,12.333,1425,427,2420,1910,-12.4037,14.1904
371,12.367,1425,427,2420,1910,-12.5141,14.3230
372,12.400,1425,428,2420,1908,-11.7911,14.5078
373,12.433,1425,428,2421,1909,-13.7090,13.8370
374,12.467,1425,428,2421,1909,-13.6293,13.8123
375,12.500,1425,428,2421,1909,-13.6293,13.8123
376,12.533,1425,429,2421,1909,-12.7346,14.1020
377,12.567,1425,429,2421,1909,-12.4525,14.1719
378,12.600,1425,429,2421,1909,-12.4525,14.1719
379,12.633,1425,428,2420,1912,-11.9438,13.9371
380,12.667,1425,427,2420,1914,-13.4402,14.4686
381,12.700,1426,424,2420,1913,-15.0743,15.1255
382,12.733,1425,423,2421,1912,-16.7893,12.4680
383,12.767,1424,423,2422,1912,-15.2499,14.0241
384,12.800,1423,421,2425,1912,-14.3420,13.8162
385,12.833,1424,421,2426,1913,-17.4898,11.5606
386,12.867,1426,421,2426,1912,-18.8853,11.8675
387,12.900,1426,421,2427,1913,-17.4670,12.5586
388,12.933,1426,421,2426,1912,-17.9986,13.1318
389,12.967,1426,420,2427,1912,-17.8897,13.0956
390,13.000,1428,418,2429,1910,-18.3362,11.8781
391,13.033,1427,418,2427,1909,-18.3767,13.0216
392,13.067,1428,419,2426,1905,-18.0526,12.3468
393,13.100,1428,419,2426,1905,-18.4309,12.1819
394,13.133,1429,420,2425,1904,-17.8689,13.6426
395,13.167,1429,426,2425,1905,-16.8412,11.8497
396,13.200,1428,427,2421,1906,-13.6670,12.0823
397,13.233,1421,431,2414,1903,1.0456,-1.3930
398,13.267,1419,432,2414,1900,1.4649,-0.3384
399,13.300,1419,431,2413,1900,2.0142,-2.1574
400,13.333,1419,431,2413,1900,2.0142,-2.1574
401,13.367,1419,431,2413,1900,2.0142,-2.1574
402,13.400,1420,431,2414,1900,2.0774,-1.3142
403,13.433,1430,424,2422,1906,-12.7492,11.4226
404,13.467,1432,429,2423,1901,-13.4457,10.9419
405,13.500,1432,430,2426,1900,-11.7176,15.5694
406,13.533,1430,428,2430,1903,-11.0736,12.8441
407,13.567,1430,429,2430,1905,-12.6118,11.4993
408,13.600,1431,428,2430,1906,-10.3609,12.4288
409,13.633,1431,428,2430,1907,-11.8474,13.2381
410,13.667,1432,427,2431,1906,-12.6926,12.5589
411,13.700,1433,428,2430,1905,-11.8876,13.6148
412,13.733,1433,428,2430,1905,-11.8876,13.6148
413,13.767,1433,428,2430,1905,-11.8878,13.6147
414,13.800,1433,428,2430,1905,-11.3175,13.2363
415,13.833,1432,429,2431,1907,-11.1999,11.6299
416,13.867,1432,429,2431,1907,-11.1999,11.6299
417,13.900,1431,429,2432,1907,-13.7510,8.3710
418,13.933,1432,429,2432,1910,-13.0138,8.9556
419,13.967,1431,430,2433,1914,-12.6589,10.0895
420,14.000,1428,430,2432,1911,-12.8282,10.5526
421,14.033,1428,429,2430,1909,-11.8383,12.0970
422,14.067,1428,429,2429,1907,-10.8837,12.9775
423,14.100,1428,429,2429,1907,-10.8837,12.9775
424,14.133,1427,428,2429,1908,-10.3099,12.6527
425,14.167,1427,428,2429,1907,-9.6796,13.5043
426,14.200,1427,428,2429,1907,-9.6796,13.5043
427,14.233,1427,427,2429,1908,-8.9960,12.1008
428,14.267,1427,427,2427,1909,-7.1252,9.8097
429,14.300,1427,428,2427,1909,-8.2372,10.2480
430,14.333,1428,426,2427,1910,-9.2703,10.1272
431,14.367,1428,427,2425,1913,-8.6878,9.2943
432,14.400,1426,427,2427,1917,-10.5088,5.6467
433,14.433,1426,427,2428,1919,-11.2801,6.8076
434,14.467,1426,427,2428,1919,-11.2409,6.8012
435,14.500,1426,427,2428,1919,-11.1244,6.7511
436,14.533,1426,426,2429,1919,-9.1193,4.8455
437,14.567,1426,425,2429,1920,-10.6486,6.9542
438,14.600,1426,424,2429,1920,-8.7508,5.5621
439,14.633,1425,424,2429,1921,-11.3847,6.8148
440,14.667,1425,422,2430,1924,-10.1915,6.1677
441,14.700,1426,422,2430,1925,-9.3804,6.5314
442,14.733,1426,422,2430,1926,-10.7597,6.4492
443,14.767,1426,422,2430,1926,-10.9311,6.2565
444,14.800,1425,420,2430,1926,-11.7384,6.9345
445,14.833,1425,421,2430,1926,-10.2037,6.3574
446,14.867,1425,420,2430,1925,-10.7182,7.0181
447,14.900,1425,421,2430,1925,-10.5973,6.7773
448,14.933,1425,421,2430,1925,-11.2039,6.6975
449,14.967,1425,421,2430,1925,-11.3019,6.9180
450,15.000,1424,420,2429,1928,-10.7132,3.6620
451,15.033,1423,421,2429,1926,-10.5876,2.1666
452,15.067,1423,420,2429,1926,-11.2629,3.2982
453,15.100,1424,420,2428,1926,-12.0206,0.7353
454,15.133,1423,420,2429,1926,-12.6414,2.9605
455,15.167,1424,419,2429,1929,-12.6225,1.0352
456,15.200,1425,418,2428,1932,-11.7366,1.9050
457,15.233,1424,418,2428,1932,-10.8170,0.5467
458,15.267,1420,424,2424,1932,-6.3285,-3.3707
459,15.300,1420,424,2424,1931,-5.8222,-3.9120
460,15.333,1419,426,2424,1932,-5.0640,-3.6254
461,15.367,1421,432,2420,1927,4.2046,1.5587
462,15.400,1421,429,2421,1928,3.9273,-0.3098
463,15.433,1422,434,2422,1928,4.2231,2.3647
464,15.467,1421,432,2422,1930,5.4147,1.5375
465,15.500,1420,432,2423,1932,5.3596,1.8263
466,15.533,1423,435,2431,1932,6.8905,-0.3759
467,15.567,1423,435,2431,1931,6.8643,1.0884
468,15.600,1423,435,2431,1932,7.3188,-0.2705
469,15.633,1422,435,2432,1932,6.8233,-0.6171
470,15.667,1422,435,2432,1932,7.2026,0.9593
471,15.700,1422,435,2432,1932,7.8531,-0.3006
472,15.733,1422,435,2432,1931,7.2252,0.4660
473,15.767,1422,435,2432,1932,7.6182,0.0929
474,15.800,1422,434,2432,1930,8.2873,0.4484
475,15.833,1421,433,2433,1930,6.8322,0.8931
476,15.867,1421,433,2433,1930,6.9867,0.9077
477,15.900,1421,432,2433,1930,7.6000,0.8623
478,15.933,1421,433,2433,1929,8.9865,-0.5592
479,15.967,1422,435,2433,1929,8.6581,0.9435
480,16.000,1423,437,2435,1930,9.0646,-0.1425
481,16.033,1424,432,2435,1932,-3.4636,4.4289
482,16.067,1425,430,2435,1934,-13.6066,3.0705
483,16.100,1425,430,2436,1934,-13.1676,4.3487
484,16.133,1425,430,2435,1932,-12.8986,4.4149
485,16.167,1427,431,2435,1932,-13.8565,6.3095
486,16.200,1427,430,2435,1936,-11.9052,5.5232
487,16.233,1427,432,2435,1933,-14.2486,6.1973
488,16.267,1427,433,2436,1935,-12.2267,5.2123
489,16.300,1427,436,2435,1935,-11.0273,4.9061
490,16.333,1428,435,2435,1936,-12.3602,3.3038
491,16.367,1429,433,2435,1935,-14.1326,4.4725
492,16.400,1429,434,2435,1936,-13.9976,2.9762
493,16.433,1428,432,2435,1937,-12.4983,2.7051
494,16.467,1428,433,2435,1936,-14.4567,4.4732
495,16.500,1429,432,2435,1937,-12.3392,4.0614
496,16.533,1428,430,2437,1938,-14.1127,4.2404
497,16.567,1428,431,2435,1933,-11.9342,3.9656
498,16.600,1423,440,2428,1923,-1.1390,-7.0263
499,16.633,1428,433,2427,1920,0.1913,2.1600
500,16.667,1429,437,2426,1915,1.1656,1.1030
501,16.700,1428,442,2426,1912,0.9080,0.5349
502,16.733,1429,445,2427,1910,0.6736,3.3552
503,16.767,1429,445,2427,1911,1.5331,2.3499
504,16.800,1430,445,2426,1909,1.6615,2.9164
505,16.833,1428,446,2427,1911,1.6545,4.3880
506,16.867,1428,446,2427,1911,1.6111,4.3937
507,16.900,1428,448,2429,1909,4.1858,5.7156
508,16.933,1428,449,2428,1908,4.9238,5.6938
509,16.967,1428,450,2429,1911,3.3620,4.5714
510,17.000,1427,446,2431,1911,5.5914,7.1616
511,17.033,1427,446,2431,1911,5.5914,7.1616
512,17.067,1427,446,2431,1911,5.5914,7.1616
513,17.100,1426,445,2431,1917,2.7225,8.4686
514,17.133,1428,436,2434,1929,-10.2268,2.6104
515,17.167,1428,435,2434,1930,-10.7030,2.1337
516,17.200,1428,435,2434,1931,-9.5620,3.0291
517,17.233,1428,434,2434,1932,-10.6545,1.5155
518,17.267,1429,434,2433,1929,-12.1316,4.0609
519,17.300,1428,434,2434,1930,-10.7262,0.8446
520,17.333,1428,436,2434,1930,-8.9408,3.2254
521,17.367,1427,436,2434,1930,-6.1969,3.5544
522,17.400,1427,437,2435,1932,-3.4805,5.7929
523,17.433,1426,438,2435,1934,-4.5672,5.0669
524,17.467,1427,438,2434,1930,-1.9057,5.3756
525,17.500,1426,438,2434,1932,-1.9154,4.6665
526,17.533,1426,441,2434,1933,-2.9941,4.9397
527,17.567,1427,439,2433,1933,-3.1052,4.5345
528,17.600,1427,438,2433,1933,-3.9904,4.0035
529,17.633,1428,438,2432,1933,-1.6783,3.8638
530,17.667,1428,437,2432,1932,-4.4717,3.4668
531,17.700,1429,437,2432,1931,-5.0787,3.2788
532,17.733,1429,437,2431,1931,-4.7942,3.1315
533,17.767,1429,437,2431,1931,-4.7395,2.9402
534,17.800,1429,437,2431,1930,-5.5849,2.4761
535,17.833,1429,434,2431,1932,-4.3067,4.7028
536,17.867,1428,433,2431,1933,-5.4138,4.8932
537,17.900,1428,434,2431,1932,-4.1790,4.1760
538,17.933,1428,433,2432,1934,-3.9994,4.6368
539,17.967,1428,433,2431,1936,-4.6148,5.5171
540,18.000,1427,436,2432,1938,-2.1947,5.3525
541,18.033,1426,437,2432,1939,-5.8371,5.9925
542,18.067,1427,436,2432,1939,-3.1841,5.1388
543,18.100,1427,436,2432,1939,-3.1765,5.1391
544,18.133,1426,436,2432,1940,-6.4332,5.0979
545,18.167,1427,435,2432,1940,-3.6953,4.3370
546,18.200,1427,435,2432,1940,-3.7192,4.3167
547,18.233,1427,433,2432,1942,-8.0563,4.9231
548,18.267,1428,425,2432,1944,-10.3666,3.0003
549,18.300,1428,425,2432,1944,-11.2256,3.0173
550,18.333,1428,425,2432,1944,-10.8963,2.8394
551,18.367,1428,425,2433,1944,-10.4059,4.0080
552,18.400,1428,426,2432,1944,-12.2845,2.7204
553,18.433,1427,426,2432,1943,-13.1158,2.4761
554,18.467,1427,425,2433,1943,-12.4261,3.6224
555,18.500,1427,426,2433,1943,-10.7375,4.1352
556,18.533,1426,425,2433,1943,-11.0461,2.8506
557,18.567,1425,427,2431,1941,-11.4182,-2.3261
558,18.600,1419,424,2432,1941,-6.6204,-5.2160
559,18.633,1419,425,2432,1939,-8.5714,-5.2769
560,18.667,1419,429,2425,1936,-2.3472,-5.8242
561,18.700,1420,429,2424,1934,-3.0706,-7.2291
562,18.733,1422,424,2432,1941,-7.4213,-5.0898
563,18.767,1426,427,2430,1942,-9.6466,-1.8642
564,18.800,1426,427,2430,1942,-9.8034,-2.1684
565,18.833,1426,427,2431,1942,-8.5163,-1.7889
566,18.867,1426,427,2431,1941,-7.8170,-3.4186
567,18.900,1426,427,2434,1940,-9.8763,2.7786
568,18.933,1425,428,2433,1940,-10.0065,2.3002
569,18.967,1426,428,2433,1941,-10.0368,1.0435
570,19.000,1428,432,2431,1941,-9.3563,1.3422
571,19.033,1428,431,2432,1942,-9.1379,2.1212
572,19.067,1428,431,2432,1941,-10.7049,2.7029
573,19.100,1428,431,2432,1940,-10.2294,1.7768
574,19.133,1429,431,2432,1940,-9.4488,2.7800
575,19.167,1429,431,2432,1940,-7.6646,0.9349
576,19.200,1429,431,2432,1935,-9.5336,2.3506
577,19.233,1430,434,2431,1934,-12.0818,4.1289
578,19.267,1430,433,2432,1932,-10.0234,3.6765
579,19.300,1431,435,2431,1931,-10.1736,3.3035
580,19.333,1428,441,2430,1928,2.6823,2.3445
581,19.367,1428,441,2430,1927,3.8323,1.8173
582,19.400,1427,439,2430,1928,1.1397,1.3638
583,19.433,1427,440,2430,1927,4.1601,2.7241
584,19.467,1427,439,2430,1926,2.1887,2.7739
585,19.500,1427,439,2430,1926,2.4189,2.8407
586,19.533,1427,439,2430,1926,2.3481,2.1671
587,19.567,1427,440,2430,1926,3.9596,2.4448
588,19.600,1427,440,2430,1926,3.7104,2.5009
589,19.633,1427,440,2430,1926,3.2690,2.5368
590,19.667,1427,439,2430,1927,2.1792,2.1903
591,19.700,1426,438,2430,1927,3.6347,2.5824
592,19.733,1426,438,2430,1927,3.4306,2.6550
593,19.767,1425,438,2430,1927,2.5186,2.3258
594,19.800,1425,440,2432,1927,3.4354,2.6066
595,19.833,1425,439,2430,1925,2.6273,1.6194
596,19.867,1424,439,2431,1927,5.7648,2.4614
597,19.900,1429,435,2430,1933,-9.6832,5.1580
598,19.933,1429,435,2432,1934,-9.6879,1.8840
599,19.967,1429,436,2432,1935,-9.2691,1.0876
600,20.000,1429,430,2433,1934,-7.3701,4.1123
601,20.033,1430,430,2433,1934,-6.8277,3.5968
602,20.067,1430,431,2433,1934,-6.6862,3.6284
603,20.100,1429,431,2433,1934,-7.9188,4.8422
604,20.133,1429,432,2433,1935,-8.0992,2.7729
605,20.167,1429,430,2433,1937,-6.1334,2.8517
606,20.200,1427,433,2434,1935,1.4974,2.9314
607,20.233,1427,433,2434,1935,1.2014,3.5707
608,20.267,1427,433,2433,1935,1.1681,2.5681
609,20.300,1426,434,2433,1934,1.6227,3.4996
610,20.333,1427,435,2433,1933,4.3261,2.5875
611,20.367,1426,436,2432,1932,5.8888,2.6070
612,20.400,1425,437,2432,1933,6.6270,2.3712
613,20.433,1423,437,2431,1930,7.0803,2.0299
614,20.467,1423,436,2430,1929,6.5328,0.9656
615,20.500,1423,435,2429,1929,5.9751,2.7570
616,20.533,1422,433,2429,1929,4.8247,2.2060
617,20.567,1422,434,2429,1929,4.8858,3.6144
618,20.600,1422,434,2429,1928,6.0331,3.4618
619,20.633,1422,433,2428,1927,6.1121,3.9839
620,20.667,1421,434,2428,1928,6.2178,2.2749
621,20.700,1421,430,2428,1931,5.7772,1.9806
622,20.733,1421,427,2427,1930,5.1182,2.7555
623,20.767,1421,427,2427,1930,5.1182,2.7555
624,20.800,1420,426,2427,1931,5.1429,2.4970
625,20.833,1421,426,2427,1931,6.6303,3.3716
626,20.867,1421,426,2427,1931,6.6303,3.3716
627,20.900,1421,426,2427,1931,6.6303,3.3716
628,20.933,1421,426,2426,1930,5.7062,4.7721
629,20.967,1419,434,2429,1931,5.5255,1.8999
630,21.000,1418,436,2428,1928,8.0228,0.8256
631,21.033,1418,435,2428,1930,8.8917,0.3242
632,21.067,1418,435,2428,1930,8.8329,0.4573
633,21.100,1418,435,2428,1934,10.0107,0.9623
634,21.133,1419,434,2428,1933,9.8548,-0.0869
635,21.167,1419,431,2429,1933,8.6731,1.8947
636,21.200,1419,431,2429,1934,9.8724,2.1590
637,21.233,1419,430,2430,1933,7.8823,1.8067
638,21.267,1419,427,2430,1933,9.3071,-0.2366
639,21.300,1420,427,2430,1933,8.1421,-0.3031
640,21.333,1420,427,2430,1933,7.9805,-0.3422
641,21.367,1420,427,2430,1933,8.1575,-0.1583
642,21.400,1419,426,2431,1933,9.2599,0.1430
643,21.433,1419,426,2430,1933,10.5084,1.1907
644,21.467,1419,427,2430,1933,10.2842,0.9319
645,21.500,1419,427,2430,1933,10.3948,1.0986
646,21.533,1420,428,2430,1933,10.8192,0.4610
647,21.567,1421,429,2428,1930,9.5452,0.2139
648,21.600,1421,428,2428,1931,9.7850,1.1348
649,21.633,1422,432,2427,1927,10.4540,-0.1189
650,21.667,1422,431,2427,1928,9.0519,1.2771
651,21.700,1422,431,2427,1929,9.1626,1.8194
652,21.733,1422,431,2427,1929,9.1626,1.8194
653,21.767,1422,431,2427,1929,9.1533,1.8253
654,21.800,1422,428,2428,1933,11.8920,-0.8979
655,21.833,1421,427,2426,1937,5.5985,-6.2679
656,21.867,1422,429,2425,1937,8.1781,0.1693
657,21.900,1423,430,2424,1935,8.5509,2.0087
658,21.933,1423,431,2423,1935,8.8747,3.3910
659,21.967,1423,431,2424,1935,9.1103,3.1048
660,22.000,1421,429,2425,1937,10.3538,2.7789
661,22.033,1421,429,2425,1937,10.5769,2.2874
662,22.067,1422,432,2425,1938,8.9681,0.9402
663,22.100,1423,430,2427,1936,9.8427,3.9412
664,22.133,1425,432,2427,1934,11.0346,3.5264
665,22.167,1427,434,2427,1934,8.6921,4.3307
666,22.200,1425,432,2429,1931,9.9207,3.3159
667,22.233,1427,433,2428,1928,10.0771,3.9846
668,22.267,1425,431,2432,1927,8.1148,4.0317
669,22.300,1425,433,2432,1926,10.3554,1.3924
670,22.333,1425,431,2432,1926,10.2221,3.1425
671,22.367,1425,431,2432,1926,11.4607,3.6596
672,22.400,1425,432,2433,1927,11.1284,1.8199
673,22.433,1425,433,2431,1924,10.1757,2.4436
674,22.467,1426,435,2433,1925,12.2185,0.9090
675,22.500,1426,435,2433,1925,12.2073,0.8297
676,22.533,1427,438,2434,1921,11.0596,2.3897
677,22.567,1428,438,2433,1918,11.9759,3.2444
678,22.600,1428,439,2433,1918,12.6011,3.0082
679,22.633,1428,439,2433,1917,10.8783,2.8210
680,22.667,1429,440,2433,1916,11.0827,3.3341
681,22.700,1430,441,2433,1915,10.4133,4.1125
682,22.733,1430,441,2433,1914,11.1997,2.7175
683,22.767,1430,441,2433,1915,10.4054,3.8634
684,22.800,1430,440,2432,1913,9.0246,2.1679
685,22.833,1429,441,2432,1913,11.1185,3.3107
686,22.867,1428,439,2432,1916,9.9508,3.0979
687,22.900,1428,439,2433,1916,10.4686,2.9858
688,22.933,1428,440,2433,1919,11.6212,1.7537
689,22.967,1428,441,2434,1919,10.0090,3.8882
690,23.000,1428,443,2433,1915,10.6758,4.0009
691,23.033,1427,441,2433,1919,10.6541,4.4916
692,23.067,1427,441,2433,1920,9.9183,4.4389
693,23.100,1427,441,2433,1921,9.5811,5.0460
694,23.133,1427,440,2433,1921,9.8581,3.9466
695,23.167,1427,440,2432,1920,11.0401,3.5919
696,23.200,1426,440,2432,1920,10.2334,3.4834
697,23.233,1426,438,2433,1921,11.0692,0.3152
698,23.267,1427,439,2433,1921,10.7428,1.0872
699,23.300,1426,439,2432,1921,10.9350,1.4991
700,23.333,1426,439,2432,1921,10.9370,1.5136
701,23.367,1426,439,2432,1921,10.9022,1.5635
702,23.400,1427,439,2433,1921,11.1566,0.7095
703,23.433,1426,439,2432,1924,12.1937,1.2551
704,23.467,1425,438,2433,1931,13.4813,0.9698
705,23.500,1425,439,2433,1933,13.1521,1.0213
706,23.533,1425,437,2433,1934,10.2381,1.4076
707,23.567,1425,438,2435,1933,10.4334,0.8268
708,23.600,1425,438,2435,1934,9.8477,1.7442
709,23.633,1424,438,2436,1936,10.0898,0.6071
710,23.667,1425,440,2435,1935,10.6650,1.6125
711,23.700,1425,440,2435,1935,10.6736,1.7013
712,23.733,1425,441,2436,1935,9.8952,1.3865
713,23.767,1424,441,2436,1934,9.6282,1.4177
714,23.800,1424,442,2436,1934,9.2992,1.2818
715,23.833,1424,442,2436,1933,9.0835,1.3421
716,23.867,1424,442,2436,1933,9.0161,1.2128
717,23.900,1424,442,2436,1933,9.0324,1.1726
718,23.933,1424,441,2436,1935,8.2741,1.5725
719,23.967,1424,441,2437,1935,9.5273,1.3866
720,24.000,1424,443,2436,1939,10.0852,4.5973
721,24.033,1424,443,2436,1938,9.8793,4.0191
722,24.067,1425,442,2435,1939,9.9192,2.0934
723,24.100,1425,442,2436,1939,9.5997,2.8465
724,24.133,1425,441,2436,1938,9.6371,1.6059
725,24.167,1425,440,2435,1937,9.7043,1.5111
726,24.200,1425,440,2435,1936,10.2917,2.5328
727,24.233,1425,438,2435,1936,10.2665,1.1244
728,24.267,1425,439,2435,1936,10.4771,1.5592
729,24.300,1426,440,2435,1935,10.1355,1.8227
730,24.333,1426,440,2435,1936,9.8309,1.5378
731,24.367,1426,440,2435,1937,9.7744,1.6652
732,24.400,1426,439,2435,1937,8.9586,0.9641
733,24.433,1426,440,2435,1936,10.2927,-0.0932
734,24.467,1426,440,2435,1936,10.5237,-0.1391
735,24.500,1425,439,2436,1937,10.6238,1.3767
736,24.533,1425,439,2436,1937,10.9072,1.9990
737,24.567,1425,439,2435,1936,11.0503,1.4679
738,24.600,1425,439,2435,1936,11.1058,1.5010
739,24.633,1425,439,2435,1936,11.0436,1.5448
740,24.667,1425,439,2436,1936,10.2527,1.6552
741,24.700,1425,439,2436,1938,11.1908,1.0057
742,24.733,1425,439,2436,1938,10.5436,1.2300
743,24.767,1424,440,2436,1940,11.0605,1.7345
744,24.800,1425,440,2437,1940,10.6257,2.3767
745,24.833,1425,441,2436,1936,10.7886,1.7192
746,24.867,1426,441,2436,1935,10.4930,1.8450
747,24.900,1426,443,2437,1933,9.6292,1.0460
748,24.933,1426,443,2437,1932,9.3985,2.6062
749,24.967,1426,442,2437,1930,10.0418,1.8880
750,25.000,1426,440,2436,1928,6.9464,2.5368
751,25.033,1426,440,2436,1927,5.6650,2.8115
752,25.067,1426,440,2436,1926,6.9441,2.7952
753,25.100,1427,440,2436,1926,5.3691,2.3905
754,25.133,1426,439,2436,1926,5.9833,2.4469
755,25.167,1426,439,2436,1927,7.3985,2.0193
756,25.200,1426,439,2436,1927,7.6190,2.0180
757,25.233,1426,438,2436,1926,8.8374,1.7325
758,25.267,1426,438,2436,1928,8.4302,0.7503
759,25.300,1426,439,2436,1929,7.6310,0.8211
760,25.333,1427,439,2436,1928,8.4404,1.6926
761,25.367,1427,439,2435,1927,8.9627,1.9208
762,25.400,1427,440,2436,1929,9.7464,0.6849
763,25.433,1427,440,2436,1930,8.5321,2.3857
764,25.467,1427,440,2436,1929,8.8368,0.9160
765,25.500,1427,439,2436,1930,8.8579,1.1016
766,25.533,1427,440,2436,1930,8.5122,1.7497
767,25.567,1428,442,2435,1930,7.7566,1.8624
768,25.600,1428,445,2436,1930,8.7170,3.6204
769,25.633,1428,444,2436,1929,8.3861,2.7995
770,25.667,1428,446,2436,1929,8.7816,4.5912
771,25.700,1428,445,2436,1929,7.4985,4.0659
772,25.733,1428,445,2436,1930,8.3214,3.6897
773,25.767,1428,445,2436,1930,8.4067,3.7654
774,25.800,1428,443,2437,1929,11.2203,3.2927
775,25.833,1428,442,2437,1932,8.6136,3.1832
776,25.867,1427,441,2437,1935,8.9302,3.2700
777,25.900,1427,440,2437,1937,7.9801,2.9310
778,25.933,1426,440,2437,1937,9.0414,3.5621
779,25.967,1426,442,2437,1936,10.0595,3.1854
780,26.000,1426,443,2437,1936,9.8539,2.3241
781,26.033,1425,444,2437,1937,9.2070,3.4636
782,26.067,1425,444,2437,1937,9.2012,3.5315
783,26.100,1425,444,2437,1937,8.9438,3.6001
784,26.133,1425,443,2436,1939,9.4580,1.6980
785,26.167,1425,444,2436,1939,9.7057,4.5966
786,26.200,1425,445,2436,1939,11.1313,2.5457
787,26.233,1423,443,2435,1941,23.4169,4.4572
788,26.267,1423,443,2436,1942,23.5894,2.8063
789,26.300,1422,442,2436,1943,24.0257,2.2862
790,26.333,1422,441,2437,1944,23.7529,3.2474
791,26.367,1423,443,2437,1945,25.3701,0.0822
792,26.400,1423,442,2436,1945,26.0165,0.0824
793,26.433,1422,441,2435,1944,26.3861,0.6277
794,26.467,1423,442,2435,1944,26.3261,1.7920
795,26.500,1423,444,2435,1943,27.9639,-0.8610
796,26.533,1423,443,2434,1944,27.5465,0.3855
797,26.567,1422,441,2435,1948,27.9510,0.4174
798,26.600,1422,441,2435,1947,27.0958,2.0157
799,26.633,1422,441,2435,1948,28.2135,1.0117
800,26.667,1422,441,2435,1948,29.1147,1.9328
801,26.700,1421,441,2435,1948,29.0218,0.1010
802,26.733,1422,442,2435,1948,29.1769,-0.1230
803,26.767,1421,442,2435,1949,27.7392,0.7972
804,26.800,1421,442,2434,1948,28.1097,0.8444
805,26.833,1421,439,2434,1948,27.8342,0.2418
806,26.867,1421,439,2434,1948,27.8342,0.2418
807,26.900,1423,438,2435,1945,24.7731,3.0864
808,26.933,1423,438,2435,1944,25.0733,2.2430
809,26.967,1423,437,2433,1943,23.9538,5.3860
810,27.000,1425,435,2433,1943,21.8667,-0.5098
811,27.033,1424,434,2433,1943,24.6252,-0.4008
812,27.067,1424,435,2433,1943,22.3309,0.7840
813,27.100,1424,435,2433,1944,22.9511,0.4625
814,27.133,1424,435,2433,1944,22.2001,1.1359
815,27.167,1424,435,2433,1943,21.3924,-0.6703
816,27.200,1424,436,2433,1944,23.1394,-1.0228
817,27.233,1424,435,2433,1943,21.5985,-0.4838
818,27.267,1424,434,2432,1943,22.6490,-0.4078
819,27.300,1424,433,2432,1943,23.2851,-1.6135
820,27.333,1424,432,2432,1941,23.6835,-1.2229
821,27.367,1424,432,2432,1942,23.7578,-1.6492
822,27.400,1423,432,2433,1941,24.0961,-1.6806
823,27.433,1423,433,2434,1942,24.3665,1.0794
824,27.467,1423,433,2434,1942,23.8864,0.9276
825,27.500,1423,432,2434,1942,23.6370,-1.2046
826,27.533,1423,434,2434,1942,24.0554,-0.5703
827,27.567,1423,431,2434,1942,24.6501,-2.3901
828,27.600,1424,430,2434,1942,24.0466,-1.5008
829,27.633,1424,432,2434,1943,24.1740,-1.4267
830,27.667,1423,432,2435,1942,23.9987,-3.3874
831,27.700,1423,432,2434,1941,25.2606,-2.4530
832,27.733,1423,432,2434,1941,25.2675,-2.4464
833,27.767,1423,432,2434,1941,25.2675,-2.4464
834,27.800,1423,432,2435,1941,25.9282,-3.8953
835,27.833,1424,433,2434,1942,25.9201,-4.5789
836,27.867,1423,433,2434,1940,26.3414,-4.2731
837,27.900,1427,437,2431,1938,26.4073,-5.1625
838,27.933,1426,438,2432,1937,25.6839,-2.7062
839,27.967,1426,438,2432,1937,25.7598,-2.4032
840,28.000,1425,440,2433,1938,26.1216,-1.7327
841,28.033,1426,442,2433,1938,25.0803,-0.9026
842,28.067,1426,442,2433,1938,24.6416,-0.8424
843,28.100,1427,442,2432,1936,24.3127,-0.3009
844,28.133,1427,442,2433,1937,26.1749,-1.1038
845,28.167,1428,442,2432,1936,25.9746,-0.1888
846,28.200,1428,441,2432,1935,25.5520,-1.4477
847,28.233,1428,441,2432,1935,25.8794,-1.6605
848,28.267,1428,441,2432,1933,27.3628,-1.8691
849,28.300,1428,441,2432,1935,26.8249,-2.4437
850,28.333,1428,442,2432,1936,26.4631,-0.3611
851,28.367,1428,442,2432,1936,26.0670,-2.4631
852,28.400,1428,443,2433,1936,27.4509,-2.0324
853,28.433,1428,441,2433,1936,26.7193,-0.4585
854,28.467,1427,441,2434,1937,25.0979,-1.2204
855,28.500,1427,440,2433,1935,26.5786,0.9468
856,28.533,1427,439,2434,1936,26.1810,-0.2688
857,28.567,1427,439,2433,1935,25.8491,-0.5261
858,28.600,1427,440,2433,1935,26.1122,0.6777
859,28.633,1427,439,2433,1935,26.2645,-0.5307
860,28.667,1428,440,2433,1935,26.5580,0.6259
861,28.700,1427,442,2434,1938,26.1733,-1.1171
862,28.733,1427,442,2434,1939,26.3702,-0.1577
863,28.767,1427,443,2435,1939,26.8525,-1.3069
864,28.800,1426,444,2436,1941,28.2047,-1.3331
865,28.833,1426,443,2433,1942,25.5890,-0.4817
866,28.867,1427,449,2429,1941,20.5789,-5.4471
867,28.900,1427,448,2429,1942,22.2361,-5.3608
868,28.933,1427,448,2429,1940,22.2354,-6.0011
869,28.967,1427,449,2429,1940,21.6563,-5.5288
870,29.000,1428,445,2432,1944,27.9860,-0.5992
871,29.033,1429,445,2430,1943,27.1333,1.3640
872,29.067,1429,447,2431,1943,28.7135,2.7290
873,29.100,1430,445,2431,1942,27.5925,2.3734
874,29.133,1430,445,2431,1942,27.9193,0.6921
875,29.167,1430,444,2431,1943,26.8919,2.4370
876,29.200,1429,445,2435,1940,29.9934,3.6268
877,29.233,1429,444,2435,1941,28.2117,1.8857
878,29.267,1429,443,2434,1939,29.0308,0.1431
879,29.300,1428,443,2434,1943,29.2888,0.0783
880,29.333,1428,442,2434,1941,29.7058,-1.0607
881,29.367,1428,442,2434,1941,30.0921,-2.0084
882,29.400,1429,441,2433,1941,28.8825,0.7597
883,29.433,1428,439,2435,1943,28.5732,-1.8628
884,29.467,1429,440,2434,1945,28.5626,-0.0452
885,29.500,1429,440,2434,1944,27.2943,-0.2502
886,29.533,1430,439,2434,1945,28.2827,0.7916
887,29.567,1430,438,2434,1945,28.7615,-0.1534
888,29.600,1430,438,2434,1945,28.7615,-0.1534
889,29.633,1430,438,2434,1945,28.7615,-0.1534
890,29.667,1429,437,2434,1947,30.1138,-0.5720
891,29.700,1429,436,2434,1947,29.7410,-2.1370
892,29.733,1429,436,2434,1947,29.5506,-2.2625
893,29.767,1429,436,2434,1947,29.4250,-2.2350
894,29.800,1429,435,2434,1947,27.7244,-1.2900
895,29.833,1428,433,2434,1949,28.9473,-1.6007
896,29.867,1427,433,2435,1949,29.5494,-2.0551
897,29.900,1427,433,2435,1950,28.9285,-2.6186
898,29.933,1426,434,2436,1949,28.7613,-0.8296
899,29.967,1426,434,2436,1949,28.9228,-1.0758
900,30.000,1426,436,2436,1946,28.2951,0.6987
901,30.033,1426,436,2436,1945,27.7852,0.1858
902,30.067,1426,437,2436,1945,28.4641,1.2733
903,30.100,1427,437,2436,1945,27.4798,0.2348
904,30.133,1427,437,2436,1945,27.8393,-0.0165
905,30.167,1427,437,2436,1945,28.0540,-0.2486
906,30.200,1427,437,2436,1945,27.7845,-0.3679
907,30.233,1427,437,2435,1944,27.9024,0.8985
908,30.267,1427,437,2435,1944,28.0788,0.9803
909,30.300,1427,436,2435,1945,27.8752,-1.1717
910,30.333,1427,437,2435,1945,27.1900,-0.5722
911,30.367,1427,437,2434,1945,26.3315,0.2363
912,30.400,1429,438,2434,1944,28.4818,-0.8203
913,30.433,1429,436,2433,1944,28.1092,-1.8171
914,30.467,1429,436,2434,1944,28.0493,-1.8420
915,30.500,1429,436,2433,1943,27.6722,-1.7452
916,30.533,1428,436,2434,1943,28.7693,-1.1832
917,30.567,1428,435,2434,1942,28.6558,-2.6133
918,30.600,1428,435,2434,1942,28.4192,-2.5945
919,30.633,1428,435,2434,1942,28.5161,-2.3315
920,30.667,1428,435,2435,1941,27.6451,-0.9162
921,30.700,1427,433,2435,1940,27.6806,-1.4280
922,30.733,1428,434,2436,1945,28.1690,-4.2095
923,30.767,1428,433,2436,1945,27.8381,-4.2652
924,30.800,1428,435,2436,1946,28.7339,-3.5667
925,30.833,1428,437,2436,1949,27.5331,-2.3789
926,30.867,1429,437,2436,1949,26.7182,-1.8927
927,30.900,1429,437,2436,1949,26.7986,-2.0024
928,30.933,1429,439,2436,1948,27.2411,-1.3977
929,30.967,1428,439,2436,1947,27.0892,-1.9708
930,31.000,1430,441,2435,1950,26.7274,-2.3475
931,31.033,1431,441,2434,1950,26.8533,-1.8730
932,31.067,1431,442,2435,1950,26.5884,-2.8591
933,31.100,1431,442,2434,1951,26.4383,-2.7639
934,31.133,1431,442,2434,1951,26.9349,-2.5042
935,31.167,1431,441,2434,1951,26.6642,-2.2767
936,31.200,1431,441,2434,1951,26.4992,-2.3922
937,31.233,1431,442,2434,1951,27.5515,-2.6947
938,31.267,1431,441,2434,1951,26.7274,-1.9218
939,31.300,1431,442,2433,1950,27.0688,-2.4603
940,31.333,1431,442,2434,1951,26.7452,-2.5326
941,31.367,1431,441,2433,1950,27.0073,-2.2208
942,31.400,1431,442,2434,1950,27.7087,-2.6936
943,31.433,1430,442,2435,1951,27.2494,-1.1196
944,31.467,1430,442,2435,1951,27.1252,-1.3018
945,31.500,1430,443,2435,1951,26.7345,-1.2962
946,31.533,1433,441,2434,1950,29.5291,4.2235
947,31.567,1432,438,2437,1949,26.1659,3.8036
948,31.600,1432,440,2436,1949,26.8940,4.5352
949,31.633,1432,441,2436,1948,26.1794,4.2728
950,31.667,1432,439,2436,1950,27.1561,5.3882
951,31.700,1431,439,2436,1951,27.0464,3.9064
952,31.733,1431,437,2436,1949,27.6367,5.7405
953,31.767,1431,436,2436,1951,27.6107,5.8156
954,31.800,1430,436,2437,1952,26.8152,3.5793
955,31.833,1430,436,2437,1953,27.4730,4.2738
956,31.867,1430,436,2437,1953,27.5406,4.2577
957,31.900,1429,436,2437,1954,28.5167,4.2038
958,31.933,1429,436,2437,1956,28.7961,5.1765
959,31.967,1429,436,2437,1956,28.8461,5.1188
960,32.000,1430,439,2437,1953,27.8413,2.5240
961,32.033,1430,439,2437,1953,27.1074,2.3503
962,32.067,1430,439,2437,1953,27.3022,2.2163
963,32.100,1430,440,2437,1954,28.8383,1.8035
964,32.133,1430,441,2437,1953,26.7347,4.0991
965,32.167,1429,440,2438,1952,27.3131,3.6109
966,32.200,1430,440,2438,1953,26.1595,3.9749
967,32.233,1429,440,2439,1950,24.8824,4.3875
968,32.267,1429,440,2438,1950,25.8148,4.7831
969,32.300,1429,438,2438,1948,25.3507,4.2026
970,32.333,1429,439,2438,1948,25.6330,3.4219
971,32.367,1428,436,2439,1947,24.8307,5.9032
972,32.400,1428,436,2440,1947,24.2691,4.9236
973,32.433,1428,436,2439,1946,24.7753,5.4753
974,32.467,1428,437,2440,1946,24.8174,6.2128
975,32.500,1428,437,2439,1944,26.3940,4.3830
976,32.533,1428,437,2439,1944,26.8424,4.2425
977,32.567,1426,441,2441,1944,24.1527,6.1097
978,32.600,1426,441,2441,1944,24.2008,6.0765
979,32.633,1426,441,2441,1944,24.2771,6.1685
980,32.667,1426,440,2442,1944,26.2561,5.9717
981,32.700,1426,440,2442,1945,26.0844,8.2930
982,32.733,1426,440,2442,1946,26.5024,6.0793
983,32.767,1426,440,2442,1946,26.5010,5.6216
984,32.800,1427,440,2443,1947,25.8110,6.1987
985,32.833,1426,441,2444,1944,25.5430,6.4344
986,32.867,1427,440,2443,1944,24.8081,4.6857
987,32.900,1427,439,2443,1944,24.5535,5.2172
988,32.933,1426,440,2444,1942,25.3719,6.4523
989,32.967,1427,439,2443,1940,24.0957,7.3165
990,33.000,1427,436,2441,1942,22.3238,1.8054
991,33.033,1427,436,2442,1943,22.0150,2.0077
992,33.067,1427,436,2442,1943,21.8041,1.3753
993,33.100,1428,436,2442,1943,22.3079,1.2816
994,33.133,1428,436,2442,1943,22.0156,2.6757
995,33.167,1427,437,2442,1943,25.1636,4.5074
996,33.200,1428,436,2442,1942,23.9514,2.1528
997,33.233,1428,436,2442,1942,23.9454,2.1777
998,33.267,1430,433,2441,1941,26.0217,8.2469
999,33.300,1430,435,2441,1941,23.9067,7.3260
1000,33.333,1431,434,2441,1940,27.2944,7.7426
1001,33.367,1431,434,2441,1940,27.2935,8.0519
1002,33.400,1431,435,2440,1938,26.7297,8.6110
1003,33.433,1432,436,2439,1937,26.8425,7.8030
1004,33.467,1432,436,2439,1937,26.8934,7.7055
1005,33.500,1432,436,2439,1937,26.8934,7.7055
1006,33.533,1432,435,2439,1936,28.1033,9.3176
1007,33.567,1432,437,2440,1937,25.8944,10.5581
1008,33.600,1431,438,2441,1941,25.8736,8.0129
1009,33.633,1430,438,2444,1949,24.5755,8.6117
1010,33.667,1430,439,2443,1950,24.3024,5.9300
1011,33.700,1430,438,2444,1953,24.2833,5.5084
1012,33.733,1431,438,2444,1953,25.3126,7.8516
1013,33.767,1431,437,2444,1952,25.4335,5.6100
1014,33.800,1431,437,2443,1954,26.0027,4.5480
1015,33.833,1426,442,2444,1959,23.4709,4.8192
1016,33.867,1426,442,2443,1960,23.6094,3.0570
1017,33.900,1427,444,2443,1958,23.2869,2.3911
1018,33.933,1426,444,2442,1959,24.0209,4.3387
1019,33.967,1426,444,2442,1959,23.8798,5.9326
1020,34.000,1426,445,2441,1958,26.3995,3.5688
1021,34.033,1427,445,2441,1958,24.5999,5.0242
1022,34.067,1426,445,2442,1958,25.4223,3.4887
1023,34.100,1426,445,2442,1958,25.4210,3.5581
1024,34.133,1426,445,2442,1957,24.0090,7.3679
1025,34.167,1426,445,2441,1956,24.8472,5.1167
1026,34.200,1426,445,2442,1957,23.7854,6.7390
1027,34.233,1426,445,2442,1957,23.5494,6.4997
1028,34.267,1428,446,2441,1954,23.9845,5.1293
1029,34.300,1428,446,2440,1953,25.6256,3.7360
1030,34.333,1428,446,2440,1953,25.6256,3.7360
1031,34.367,1428,446,2440,1953,25.6256,3.7360
1032,34.400,1428,446,2441,1953,25.1739,4.8693
1033,34.433,1427,444,2442,1954,25.9562,7.1496
1034,34.467,1427,443,2442,1953,25.0123,5.9158
1035,34.500,1427,443,2441,1952,24.3911,2.7456
1036,34.533,1425,440,2441,1957,26.5562,5.3577
1037,34.567,1424,439,2441,1958,27.8844,2.6147
1038,34.600,1424,438,2440,1958,26.5320,4.7325
1039,34.633,1425,438,2440,1958,25.1959,4.8097
1040,34.667,1424,434,2440,1959,25.9739,2.3203
1041,34.700,1425,434,2440,1959,27.0552,3.3627
1042,34.733,1425,434,2440,1959,27.0552,3.3627
1043,34.767,1425,434,2440,1959,27.0552,3.3627
1044,34.800,1425,433,2440,1959,25.4162,3.6871
1045,34.833,1425,431,2440,1959,27.3410,2.5191
1046,34.867,1425,433,2439,1959,26.4235,2.3642
1047,34.900,1424,432,2440,1960,26.0414,2.9799
1048,34.933,1424,431,2440,1961,25.2507,0.6243
1049,34.967,1425,432,2439,1960,27.1119,2.4101
1050,35.000,1425,433,2438,1960,28.4537,3.8696
1051,35.033,1426,433,2437,1959,27.7112,3.1307
1052,35.067,1425,432,2438,1959,29.6942,4.0362
1053,35.100,1424,430,2438,1959,29.8286,3.6857
1054,35.133,1429,431,2433,1958,19.9411,-0.3932
1055,35.167,1426,433,2436,1961,28.0445,4.0557
1056,35.200,1428,427,2439,1960,29.0022,6.6707
1057,35.233,1428,428,2439,1960,29.2550,8.0777
1058,35.267,1428,428,2439,1960,29.3110,7.6624
1059,35.300,1427,429,2440,1960,27.5766,5.1503
1060,35.333,1427,431,2440,1958,28.3733,7.5298
1061,35.367,1427,431,2440,1958,28.8823,6.6340
1062,35.400,1426,432,2440,1958,28.0543,7.7319
1063,35.433,1426,433,2440,1958,27.5417,6.7718
1064,35.467,1426,433,2440,1959,26.8181,6.0803
1065,35.500,1426,433,2439,1959,27.0431,6.4442
1066,35.533,1424,433,2440,1960,26.3980,6.2736
1067,35.567,1424,434,2440,1959,25.6649,6.1602
1068,35.600,1424,434,2440,1959,25.8269,5.8319
1069,35.633,1424,434,2440,1960,26.0611,5.7630
1070,35.667,1424,435,2440,1960,26.1187,7.2430
1071,35.700,1425,435,2440,1961,27.3707,6.0313
1072,35.733,1425,435,2440,1960,27.4601,4.8321
1073,35.767,1425,436,2440,1960,23.9371,6.2896
1074,35.800,1425,437,2439,1960,24.3046,6.6881
1075,35.833,1425,438,2440,1961,25.6377,6.4783
1076,35.867,1425,438,2439,1961,25.5757,7.6394
1077,35.900,1425,438,2439,1960,25.3301,6.8922
1078,35.933,1425,438,2439,1961,24.9258,8.0698
1079,35.967,1425,438,2440,1960,26.0812,6.2974
1080,36.000,1426,440,2442,1963,27.1284,6.7741
1081,36.033,1425,440,2445,1968,26.8333,6.3040
1082,36.067,1425,442,2445,1968,26.5936,8.3371
1083,36.100,1425,443,2445,1969,25.9613,4.3687
1084,36.133,1425,443,2445,1968,26.5726,5.3850
1085,36.167,1426,442,2444,1968,26.1010,6.0418
1086,36.200,1426,442,2444,1968,26.1010,6.0418
1087,36.233,1426,442,2444,1968,26.1010,6.0418
1088,36.267,1426,440,2444,1969,25.7798,3.8638
1089,36.300,1426,440,2444,1969,25.9208,4.0998
1090,36.333,1426,440,2443,1969,27.0656,3.3297
1091,36.367,1426,440,2443,1968,26.0893,2.9086
1092,36.400,1426,439,2443,1968,26.5893,3.9405
1093,36.433,1426,439,2443,1968,26.9186,4.4278
1094,36.467,1427,439,2443,1967,26.0627,4.2162
1095,36.500,1427,439,2443,1967,26.2132,4.4269
1096,36.533,1427,438,2443,1967,25.0575,2.2035
1097,36.567,1428,440,2442,1966,25.1731,3.8362
1098,36.600,1427,439,2444,1967,26.0954,4.2579
1099,36.633,1427,439,2444,1968,25.1890,4.6230
1100,36.667,1426,440,2444,1968,25.7848,4.3182
1101,36.700,1426,441,2445,1971,25.4457,4.7145
1102,36.733,1426,441,2445,1972,27.6203,2.6185
1103,36.767,1418,430,2448,1984,28.4566,2.0864
1104,36.800,1418,427,2449,1985,25.8563,1.8302
1105,36.833,1425,438,2448,1975,26.8221,5.3056
1106,36.867,1425,437,2449,1975,25.0531,3.2971
1107,36.900,1425,437,2449,1975,24.8408,3.3229
1108,36.933,1425,438,2449,1973,26.6977,4.2495
1109,36.967,1420,430,2448,1982,26.0648,4.6910
1110,37.000,1421,436,2449,1982,27.3132,7.7600
1111,37.033,1421,436,2449,1982,27.7904,7.4856
1112,37.067,1421,436,2449,1982,27.7904,7.4856
1113,37.100,1421,436,2449,1982,27.7904,7.4856
1114,37.133,1421,437,2449,1982,28.6041,8.6330
1115,37.167,1421,439,2449,1982,27.1081,9.7342
1116,37.200,1421,438,2449,1982,26.3538,8.3895
1117,37.233,1421,439,2448,1978,28.3071,10.1135
1118,37.267,1422,439,2448,1978,28.2982,8.1676
1119,37.300,1422,438,2448,1976,29.4857,9.5430
1120,37.333,1422,438,2448,1976,29.2472,9.8785
1121,37.367,1423,438,2448,1976,27.2933,9.1587
1122,37.400,1424,438,2448,1977,29.3328,9.1596
1123,37.433,1423,438,2448,1977,27.5023,8.4575
1124,37.467,1423,438,2448,1978,27.4191,6.7113
1125,37.500,1423,432,2447,1979,25.4963,5.3969
1126,37.533,1422,432,2447,1981,26.9715,7.5176
1127,37.567,1420,431,2445,1980,25.1180,5.8166
1128,37.600,1420,431,2445,1981,24.3512,7.4285
1129,37.633,1420,433,2444,1980,24.9606,5.6742
1130,37.667,1420,433,2444,1977,25.9738,6.1704
1131,37.700,1420,431,2444,1978,23.3341,5.1192
1132,37.733,1419,431,2444,1977,25.7254,4.7274
1133,37.767,1420,430,2445,1977,24.9547,3.8796
1134,37.800,1420,430,2445,1977,24.9403,3.9011
1135,37.833,1420,432,2445,1976,26.0023,7.4768
1136,37.867,1420,432,2445,1976,26.0023,7.4768
1137,37.900,1428,443,2447,1968,25.9724,5.2682
1138,37.933,1429,444,2446,1969,26.9505,6.5347
1139,37.967,1428,444,2446,1970,27.6794,4.2835
1140,38.000,1428,442,2446,1968,24.3359,4.7733
1141,38.033,1428,441,2446,1969,25.1966,3.6440
1142,38.067,1428,441,2446,1969,25.1966,3.6440
1143,38.100,1428,441,2446,1969,25.1966,3.6440
1144,38.133,1428,441,2446,1969,25.0537,3.3585
1145,38.167,1427,440,2446,1969,24.1526,5.2464
1146,38.200,1427,437,2444,1969,26.4466,5.4408
1147,38.233,1427,437,2444,1969,26.8011,4.9170
1148,38.267,1429,434,2443,1969,25.1121,7.6843
1149,38.300,1431,433,2443,1964,26.1650,6.3284
1150,38.333,1431,433,2443,1964,26.4098,7.9433
1151,38.367,1431,433,2443,1963,26.7234,8.3849
1152,38.400,1431,431,2443,1962,27.3973,8.1948
1153,38.433,1431,431,2442,1961,26.2789,6.9550
1154,38.467,1431,431,2442,1960,26.3427,7.5795
1155,38.500,1431,430,2442,1961,26.0395,10.3505
1156,38.533,1431,430,2442,1960,25.3899,6.7713
1157,38.567,1431,430,2442,1960,26.0524,6.5054
1158,38.600,1431,430,2442,1960,26.6451,6.1121
1159,38.633,1431,430,2442,1960,26.4004,6.9583
1160,38.667,1431,430,2441,1960,26.0026,6.9770
1161,38.700,1431,430,2442,1960,26.0677,7.7548
1162,38.733,1431,430,2442,1961,25.5571,9.6044
1163,38.767,1431,429,2442,1961,26.1002,9.7168
1164,38.800,1431,429,2442,1962,27.0668,7.7988
1165,38.833,1431,430,2443,1961,25.0704,6.6317
1166,38.867,1430,430,2442,1962,24.7712,10.4378
1167,38.900,1430,428,2442,1962,26.9179,6.2440
1168,38.933,1430,430,2442,1961,26.0108,6.3123
1169,38.967,1431,431,2442,1960,26.2657,7.9096
1170,39.000,1430,432,2442,1962,26.3336,5.0178
1171,39.033,1431,432,2442,1963,25.4795,9.2307
1172,39.067,1431,432,2442,1964,25.6480,8.0187
1173,39.100,1431,432,2441,1967,25.3992,7.5716
1174,39.133,1431,432,2441,1967,25.6687,7.3469
1175,39.167,1431,432,2442,1971,25.4121,5.5649
1176,39.200,1431,432,2442,1970,24.4670,5.3135
1177,39.233,1432,433,2442,1970,24.4473,4.9219
1178,39.267,1431,432,2442,1972,22.1805,6.3758
1179,39.300,1432,433,2442,1969,25.8211,6.4845
1180,39.333,1432,433,2442,1968,23.8186,6.6187
1181,39.367,1433,433,2442,1963,26.8575,7.0075
1182,39.400,1433,434,2442,1963,25.4621,4.6139
1183,39.433,1433,433,2442,1963,26.9135,6.5114
1184,39.467,1433,433,2442,1963,26.9618,6.4065
1185,39.500,1433,433,2442,1963,27.0152,6.4150
1186,39.533,1433,433,2442,1963,26.7599,6.0303
1187,39.567,1433,434,2442,1961,26.8424,3.2323
1188,39.600,1432,434,2442,1961,25.0463,2.6459
1189,39.633,1432,434,2442,1962,25.7319,2.1806
1190,39.667,1433,434,2442,1963,24.9359,5.7336
1191,39.700,1432,434,2442,1964,24.0002,3.6438
1192,39.733,1432,435,2442,1964,23.1205,4.6991
1193,39.767,1432,435,2442,1963,24.7070,5.8431
1194,39.800,1431,436,2442,1963,24.2450,7.4183
1195,39.833,1431,435,2442,1963,24.5228,5.9162
1196,39.867,1432,435,2442,1963,24.2415,5.7042
1197,39.900,1431,435,2442,1964,24.5679,7.5728
1198,39.933,1431,434,2442,1965,24.7179,4.9032
1199,39.967,1431,435,2441,1965,23.9764,7.5911
1200,40.000,1431,435,2440,1969,23.0005,3.2184
1201,40.033,1430,437,2441,1972,22.7512,3.9832
1202,40.067,1428,437,2441,1970,24.3877,5.5906
1203,40.100,1426,438,2441,1970,23.4200,3.7659
1204,40.133,1426,438,2442,1971,22.9374,3.6573
1205,40.167,1426,438,2441,1970,23.7235,3.9351
1206,40.200,1426,438,2441,1970,23.7235,3.9351
1207,40.233,1426,438,2441,1970,23.7235,3.9351
1208,40.267,1426,438,2442,1971,23.5159,2.9716
1209,40.300,1425,437,2442,1969,22.2671,3.1081
1210,40.333,1425,437,2442,1969,22.3266,3.1465
1211,40.367,1425,436,2442,1968,22.6186,2.6832
1212,40.400,1425,437,2442,1968,22.0066,2.6281
1213,40.433,1425,437,2440,1968,23.4557,6.7806
1214,40.467,1424,437,2441,1968,23.2318,5.7776
1215,40.500,1425,436,2439,1967,23.3654,6.0541
1216,40.533,1426,438,2439,1966,23.9648,5.9186
1217,40.567,1425,438,2440,1965,22.4033,6.2529
1218,40.600,1417,427,2442,1978,25.5545,8.8742
1219,40.633,1418,428,2443,1979,24.6044,7.2755
1220,40.667,1418,428,2443,1979,24.0634,6.2375
1221,40.700,1417,429,2443,1980,24.8949,4.4974
1222,40.733,1417,429,2443,1980,24.9908,4.2984
1223,40.767,1417,428,2444,1981,24.6445,4.8914
1224,40.800,1418,428,2444,1979,24.9140,5.3278
1225,40.833,1417,428,2443,1980,24.7118,4.5485
1226,40.867,1417,428,2443,1980,24.7118,4.5485
1227,40.900,1417,428,2443,1980,24.7118,4.5485
1228,40.933,1416,428,2442,1980,26.3139,5.0587
1229,40.967,1415,429,2442,1979,25.3419,2.7654
1230,41.000,1415,432,2442,1981,25.0970,5.9549
1231,41.033,1414,432,2442,1981,25.3313,5.8526
1232,41.067,1414,432,2441,1981,25.0828,5.4221
1233,41.100,1414,431,2441,1981,22.8678,2.1640
1234,41.133,1414,430,2441,1979,23.6080,5.5857
1235,41.167,1413,429,2442,1979,23.2582,4.7519
1236,41.200,1414,429,2443,1978,21.6029,3.9790
1237,41.233,1414,430,2442,1978,23.1792,4.3215
1238,41.267,1415,430,2444,1976,21.6287,4.5338
1239,41.300,1416,429,2444,1977,23.6130,3.9776
1240,41.333,1416,429,2444,1977,23.7097,3.9371
1241,41.367,1416,429,2444,1977,23.7507,4.0219
1242,41.400,1416,430,2444,1978,20.0508,6.2293
1243,41.433,1416,431,2445,1978,24.1709,4.3736
1244,41.467,1416,431,2445,1978,24.1423,4.4120
1245,41.500,1416,431,2445,1978,24.2300,3.9431
1246,41.533,1416,431,2445,1978,23.9419,4.7890
1247,41.567,1416,431,2443,1979,22.1389,5.2223
1248,41.600,1416,430,2444,1979,22.2009,3.6558
1249,41.633,1416,430,2444,1980,22.2303,4.8528
1250,41.667,1427,441,2443,1965,21.8633,1.7800
1251,41.700,1427,442,2443,1965,23.8249,5.4648
1252,41.733,1427,441,2444,1966,23.5994,4.0346
1253,41.767,1427,442,2444,1966,24.2938,4.0178
1254,41.800,1418,425,2447,1986,21.9236,3.8259
1255,41.833,1418,427,2447,1988,22.8767,3.1002
1256,41.867,1430,440,2447,1971,23.4581,1.7516
1257,41.900,1431,442,2448,1971,23.8442,5.8270
1258,41.933,1424,432,2449,1985,20.9250,1.8668
1259,41.967,1422,430,2449,1988,23.6270,1.5132
1260,42.000,1425,429,2450,1984,22.8181,5.9955
1261,42.033,1432,443,2447,1968,20.0112,3.2665
1262,42.067,1432,442,2447,1969,20.4514,2.1197
1263,42.100,1431,443,2446,1966,19.8491,7.5830
1264,42.133,1431,443,2447,1968,19.9891,6.0893
1265,42.167,1431,442,2447,1968,20.4547,4.2422
1266,42.200,1431,442,2447,1969,21.6269,3.5274
1267,42.233,1431,442,2447,1970,21.2149,2.6339
1268,42.267,1422,426,2450,1981,22.5156,5.8482
1269,42.300,1419,426,2449,1984,25.0287,5.0811
1270,42.333,1419,426,2449,1984,24.9795,5.3829
1271,42.367,1416,427,2448,1987,23.4356,8.9233
1272,42.400,1417,428,2448,1987,24.5229,9.3348
1273,42.433,1416,428,2448,1987,23.9397,6.4359
1274,42.467,1416,428,2448,1986,24.1819,7.4630
1275,42.500,1417,427,2448,1989,23.3733,8.6936
1276,42.533,1417,425,2449,1989,22.7381,6.9908
1277,42.567,1418,424,2449,1990,22.1225,6.9320
1278,42.600,1418,424,2449,1990,22.3627,6.6552
1279,42.633,1428,435,2446,1978,22.4029,4.6490
1280,42.667,1428,436,2446,1977,21.2549,4.7737
1281,42.700,1419,424,2447,1986,21.9164,7.2661
1282,42.733,1428,437,2445,1975,22.2802,4.7729
1283,42.767,1419,424,2447,1985,22.8965,8.0071
1284,42.800,1419,423,2447,1985,22.2386,8.5384
1285,42.833,1418,422,2447,1987,22.2773,8.5065
1286,42.867,1418,422,2447,1987,22.1329,8.4566
1287,42.900,1418,422,2447,1987,22.1329,8.4566
1288,42.933,1419,437,2446,1983,24.7110,7.6625
1289,42.967,1419,436,2446,1984,23.5535,5.9998
1290,43.000,1420,436,2446,1984,23.9484,2.5555
1291,43.033,1420,435,2446,1982,24.5534,2.1212
1292,43.067,1420,435,2446,1981,24.9465,1.0094
1293,43.100,1420,435,2445,1981,24.2672,3.4665
1294,43.133,1419,434,2444,1979,24.5920,2.2140
1295,43.167,1418,435,2443,1982,23.6190,2.3194
1296,43.200,1418,434,2442,1980,24.1557,0.8933
1297,43.233,1417,434,2441,1980,25.7441,3.5620
1298,43.267,1418,432,2442,1982,23.9191,2.0957
1299,43.300,1417,434,2442,1983,24.4019,5.3213
1300,43.333,1417,433,2442,1983,24.3265,3.4938
1301,43.367,1417,434,2442,1983,23.9789,3.7963
1302,43.400,1418,433,2443,1982,24.3783,3.0278
1303,43.433,1418,434,2443,1983,24.0007,5.5938
1304,43.467,1418,435,2443,1982,23.5073,5.0182
1305,43.500,1418,433,2443,1982,19.3660,5.2188
1306,43.533,1418,431,2442,1981,20.4492,6.7238
1307,43.567,1419,431,2443,1982,19.5517,6.2059
1308,43.600,1429,440,2441,1972,16.9034,9.3917
1309,43.633,1429,440,2441,1971,19.0160,6.2136
1310,43.667,1419,430,2443,1983,20.1879,6.3311
1311,43.700,1419,430,2442,1983,17.8236,6.0925
1312,43.733,1419,430,2442,1983,17.9852,6.5550
1313,43.767,1419,430,2442,1983,17.9852,6.5550
1314,43.800,1419,429,2443,1984,19.7948,6.2826
1315,43.833,1429,440,2443,1972,16.0262,5.4127
1316,43.867,1423,427,2448,1990,2.3110,12.5812
1317,43.900,1423,427,2447,1987,2.7481,14.2675
1318,43.933,1424,427,2448,1986,2.0990,13.6852
1319,43.967,1424,426,2447,1986,1.6420,13.3287
1320,44.000,1423,423,2449,1983,-0.1249,9.3471
1321,44.033,1423,422,2449,1983,-0.4757,9.7827
1322,44.067,1423,422,2449,1983,-0.4757,9.7827
1323,44.100,1423,422,2449,1983,-0.4828,9.7936
1324,44.133,1423,422,2449,1984,1.7509,10.0201
1325,44.167,1423,422,2449,1984,1.8485,9.8793
1326,44.200,1423,422,2449,1984,1.8512,9.8895
1327,44.233,1423,422,2449,1984,1.8391,9.8870
1328,44.267,1423,422,2449,1985,-0.1144,9.3391
1329,44.300,1421,422,2448,1984,2.7020,11.6061
1330,44.333,1421,422,2448,1986,3.2324,11.9511
1331,44.367,1433,438,2447,1977,6.0535,13.0737
1332,44.400,1421,425,2447,1988,6.3063,13.8352
1333,44.433,1421,425,2446,1990,6.6907,10.6377
1334,44.467,1421,425,2446,1990,7.0495,10.7226
1335,44.500,1421,424,2446,1989,4.7479,11.8814
1336,44.533,1422,425,2446,1991,3.9035,14.0088
1337,44.567,1422,425,2446,1991,3.3502,14.1713
1338,44.600,1422,425,2446,1991,3.3737,14.0720
1339,44.633,1422,425,2446,1991,3.3167,13.9909
1340,44.667,1422,425,2446,1992,5.2808,15.0497
1341,44.700,1422,425,2446,1992,5.3287,14.9584
1342,44.733,1422,425,2446,1992,5.3218,14.9806
1343,44.767,1422,425,2446,1993,3.2637,15.7209
1344,44.800,1422,425,2446,1993,3.2540,15.7122
1345,44.833,1421,425,2446,1993,7.2694,14.4366
1346,44.867,1422,425,2446,1992,4.7562,14.7396
1347,44.900,1421,424,2446,1992,5.4441,14.6456
1348,44.933,1421,425,2445,1990,5.6685,14.4832
1349,44.967,1421,424,2445,1989,3.7251,15.4390
1350,45.000,1420,425,2445,1992,7.1476,11.0710
1351,45.033,1420,424,2445,1992,6.6328,12.8676
1352,45.067,1420,424,2445,1991,6.9607,10.5887
1353,45.100,1427,439,2443,1969,6.7747,15.5822
1354,45.133,1428,440,2443,1964,5.2823,18.1521
1355,45.167,1418,426,2443,1978,6.5086,16.2007
1356,45.200,1417,425,2444,1980,6.1037,13.6156
1357,45.233,1417,426,2444,1981,5.6964,12.4097
1358,45.267,1417,425,2444,1983,6.6268,14.8951
1359,45.300,1416,428,2444,1981,4.6360,14.3010
1360,45.333,1416,428,2443,1979,6.4206,14.1668
1361,45.367,1416,428,2444,1981,5.1127,14.4371
1362,45.400,1416,425,2445,1982,6.8977,14.9366
1363,45.433,1416,425,2445,1981,7.4722,13.5935
1364,45.467,1416,425,2445,1983,6.6954,13.7107
1365,45.500,1416,425,2445,1982,7.0033,15.1514
1366,45.533,1415,425,2445,1982,5.0541,14.0382
1367,45.567,1416,425,2445,1981,7.1593,13.8291
1368,45.600,1416,425,2445,1981,7.1036,13.8105
1369,45.633,1416,425,2445,1981,7.3351,13.6649
1370,45.667,1416,425,2445,1981,7.4837,13.1451
1371,45.700,1416,424,2444,1980,7.8438,13.4970
1372,45.733,1416,423,2444,1980,6.4366,15.7643
1373,45.767,1416,423,2444,1980,6.6623,16.0511
1374,45.800,1416,425,2444,1978,6.9495,12.7146
1375,45.833,1417,425,2444,1978,6.9539,16.5186
1376,45.867,1416,426,2444,1977,6.4070,14.8702
1377,45.900,1416,425,2444,1980,8.8791,15.0445
1378,45.933,1416,425,2444,1980,7.9274,15.8376
1379,45.967,1417,426,2444,1983,6.8499,18.2572
1380,46.000,1415,421,2445,1979,6.0890,14.8040
1381,46.033,1416,423,2444,1978,6.8874,17.2320
1382,46.067,1416,423,2444,1977,8.1151,16.6031
1383,46.100,1416,423,2444,1977,7.7574,16.3603
1384,46.133,1416,423,2444,1980,5.7352,16.0645
1385,46.167,1416,423,2444,1981,5.7086,15.3520
1386,46.200,1416,424,2444,1982,6.9185,16.9096
1387,46.233,1417,423,2444,1983,6.4879,15.4843
1388,46.267,1417,423,2444,1981,7.5631,14.6446
1389,46.300,1416,425,2444,1983,6.7921,16.1408
1390,46.333,1415,426,2444,1985,3.6297,17.8206
1391,46.367,1415,425,2444,1986,6.1577,17.0513
1392,46.400,1416,426,2444,1987,4.0415,14.6877
1393,46.433,1416,426,2444,1987,4.1041,14.9372
1394,46.467,1416,426,2444,1987,4.1041,14.9372
1395,46.500,1416,426,2444,1987,4.1041,14.9372
1396,46.533,1416,426,2444,1987,4.1239,14.7644
1397,46.567,1417,427,2443,1986,4.1563,15.7837
1398,46.600,1417,426,2444,1986,6.4942,14.8977
1399,46.633,1417,426,2444,1986,6.4942,14.8977
1400,46.667,1420,427,2443,1987,3.8744,12.3320
1401,46.700,1418,429,2442,1987,3.8358,15.2102
1402,46.733,1418,429,2442,1987,3.2232,14.3352
1403,46.767,1419,429,2442,1987,3.2841,15.7563
1404,46.800,1418,429,2441,1985,5.0127,17.3926
1405,46.833,1417,428,2441,1985,4.4121,14.6207
1406,46.867,1417,428,2441,1985,4.4004,14.5759
1407,46.900,1417,428,2441,1985,4.4038,14.5824
1408,46.933,1417,428,2441,1986,5.2423,16.2898
1409,46.967,1417,429,2441,1985,2.9561,15.6829
1410,47.000,1417,431,2442,1987,2.3639,16.4788
1411,47.033,1417,431,2442,1989,2.6674,16.0884
1412,47.067,1417,431,2442,1989,2.8850,16.0084
1413,47.100,1417,431,2442,1990,1.6350,15.9852
1414,47.133,1417,431,2443,1990,2.9820,18.5993
1415,47.167,1417,432,2443,1991,3.4099,15.7587
1416,47.200,1417,432,2443,1992,2.5717,15.6171
1417,47.233,1417,432,2443,1990,2.7463,16.4796
1418,47.267,1417,432,2442,1990,2.6601,15.0251
1419,47.300,1417,432,2442,1990,3.0333,14.8641
1420,47.333,1417,432,2442,1990,3.1260,14.8877
1421,47.367,1417,432,2442,1990,3.0567,14.9252
1422,47.400,1417,432,2442,1990,3.0379,15.9241
1423,47.433,1418,432,2442,1989,2.5295,15.8933
1424,47.467,1418,433,2443,1989,3.5249,16.2367
1425,47.500,1418,432,2442,1985,3.2850,17.3849
1426,47.533,1417,431,2442,1983,1.1050,16.9370
1427,47.567,1417,430,2443,1983,2.2230,15.1033
1428,47.600,1417,430,2443,1983,1.9517,14.8736
1429,47.633,1417,429,2443,1983,2.0641,12.4547
1430,47.667,1417,429,2443,1982,3.1924,13.8227
1431,47.700,1417,427,2442,1981,3.3359,15.4006
1432,47.733,1417,427,2441,1979,7.6541,18.1515
1433,47.767,1418,426,2440,1978,3.2087,16.2407
1434,47.800,1417,426,2440,1979,2.0813,17.8225
1435,47.833,1418,426,2439,1976,3.2061,14.2160
1436,47.867,1418,427,2439,1975,3.8140,15.6170
1437,47.900,1418,428,2440,1976,4.3275,17.1037
1438,47.933,1418,428,2441,1974,4.8230,13.0408
1439,47.967,1418,427,2440,1974,4.0690,14.2907
1440,48.000,1417,431,2441,1976,7.4688,12.6699
1441,48.033,1416,435,2441,1978,3.9231,15.6854
1442,48.067,1417,444,2436,1974,9.3710,12.7247
1443,48.100,1415,441,2436,1971,7.6345,15.5905
1444,48.133,1415,439,2437,1970,8.2401,15.2174
1445,48.167,1414,431,2437,1969,7.3552,13.5424
1446,48.200,1415,427,2439,1974,9.0879,12.1920
1447,48.233,1415,426,2438,1973,8.0631,12.5529
1448,48.267,1416,426,2438,1972,6.8282,13.6746
1449,48.300,1416,424,2438,1971,6.3816,13.2533
1450,48.333,1416,424,2438,1972,6.9179,14.9000
1451,48.367,1416,423,2439,1972,6.9733,14.6852
1452,48.400,1416,423,2439,1969,6.1416,12.6060
1453,48.433,1428,438,2436,1960,6.3986,17.4925
1454,48.467,1428,437,2436,1960,6.3348,16.1972
1455,48.500,1428,438,2436,1960,6.3385,16.2241
1456,48.533,1429,438,2435,1962,7.0776,17.2820
1457,48.567,1429,437,2435,1963,5.5224,15.5469
1458,48.600,1429,436,2435,1963,1.9638,16.2468
1459,48.633,1429,436,2435,1963,1.9638,16.2468
1460,48.667,1429,436,2435,1963,1.9638,16.2468
1461,48.700,1417,421,2438,1970,8.7823,12.5369
1462,48.733,1429,425,2437,1966,5.4058,18.7736
1463,48.767,1430,425,2436,1965,7.2183,17.2643
1464,48.800,1430,425,2436,1965,7.0692,17.4308
1465,48.833,1431,426,2435,1964,7.0927,20.0539
1466,48.867,1431,425,2435,1964,5.7610,19.7295
1467,48.900,1430,425,2435,1964,6.4885,20.2871
1468,48.933,1430,425,2435,1964,5.6783,17.8584
1469,48.967,1431,426,2433,1964,8.8979,18.1297
1470,49.000,1430,432,2434,1965,5.1060,17.3522
1471,49.033,1430,435,2435,1966,6.7973,17.4501
1472,49.067,1430,435,2434,1964,6.5952,18.8002
1473,49.100,1430,434,2434,1963,4.0072,16.3888
1474,49.133,1432,435,2434,1960,2.7876,16.6200
1475,49.167,1431,434,2435,1959,3.1562,18.1204
1476,49.200,1431,434,2435,1958,3.2756,17.5388
1477,49.233,1431,434,2435,1958,3.3009,17.6167
1478,49.267,1430,435,2437,1958,5.0477,14.6986
1479,49.300,1430,435,2437,1959,4.8123,16.5338
1480,49.333,1430,435,2437,1959,4.8123,16.5338
1481,49.367,1430,435,2437,1959,4.8123,16.5338
1482,49.400,1430,435,2437,1959,4.7116,16.2770
1483,49.433,1430,434,2436,1958,4.7306,16.8573
1484,49.467,1430,435,2436,1957,6.8287,16.5820
1485,49.500,1431,435,2437,1957,5.7885,15.5147
1486,49.533,1431,437,2437,1956,5.9297,17.0869
1487,49.567,1432,438,2437,1958,5.3315,18.8780
1488,49.600,1432,439,2437,1957,2.7257,20.0407
1489,49.633,1432,438,2437,1958,6.1652,18.5923
1490,49.667,1430,440,2437,1960,6.2982,14.9921
1491,49.700,1430,440,2437,1960,6.0790,15.1664
1492,49.733,1430,440,2437,1960,6.0020,15.1697
1493,49.767,1430,440,2437,1959,7.2067,14.2437
1494,49.800,1430,441,2437,1960,4.8288,14.9373
1495,49.833,1430,441,2437,1959,4.5935,16.0532
1496,49.867,1430,442,2437,1959,4.5536,15.2680
1497,49.900,1430,441,2437,1960,4.2577,16.1352
1498,49.933,1430,441,2437,1960,4.2580,16.3565
1499,49.967,1430,442,2437,1959,4.9072,13.6276
1500,50.000,1430,444,2439,1960,4.6491,12.0869
1501,50.033,1430,445,2439,1960,7.0064,14.5228
1502,50.067,1420,431,2441,1970,6.3061,10.2127
1503,50.100,1420,432,2440,1970,6.5852,11.0450
1504,50.133,1420,431,2441,1970,6.1947,9.9084
1505,50.167,1419,432,2440,1970,5.3493,9.2294
1506,50.200,1418,432,2440,1971,5.8950,11.3614
1507,50.233,1418,432,2440,1972,7.0972,9.3862
1508,50.267,1430,444,2437,1959,4.6567,13.7135
1509,50.300,1417,430,2438,1969,6.6398,11.0368
1510,50.333,1429,445,2435,1958,4.1530,13.7982
1511,50.367,1429,445,2435,1958,4.3412,12.9113
1512,50.400,1430,444,2435,1958,5.3749,11.5572
1513,50.433,1429,445,2435,1957,6.6122,12.6434
1514,50.467,1416,432,2438,1966,4.6225,13.8075
1515,50.500,1429,445,2434,1956,5.7854,11.4066
1516,50.533,1428,443,2433,1956,5.6817,14.3598
1517,50.567,1427,444,2432,1954,5.2524,12.8417
1518,50.600,1426,445,2431,1955,7.3539,13.8381
1519,50.633,1415,432,2434,1965,6.4216,12.8071
1520,50.667,1416,432,2435,1965,5.3221,11.9334
1521,50.700,1415,434,2435,1969,6.0308,11.3922
1522,50.733,1414,432,2436,1973,6.9383,13.3722
1523,50.767,1414,432,2436,1972,6.6752,13.2437
1524,50.800,1414,433,2436,1973,6.3229,14.7422
1525,50.833,1415,432,2437,1974,7.9409,14.9686
1526,50.867,1418,433,2439,1978,-4.6383,17.9729
1527,50.900,1418,433,2439,1976,-4.9315,18.1464
1528,50.933,1419,433,2439,1975,-5.0730,14.1204
1529,50.967,1419,430,2439,1977,-6.3824,20.2758
1530,51.000,1420,426,2440,1977,-11.2399,14.6596
1531,51.033,1420,426,2440,1977,-11.2881,14.9005
1532,51.067,1420,426,2440,1977,-11.2843,14.9037
1533,51.100,1420,425,2440,1977,-11.6254,15.2997
1534,51.133,1420,425,2440,1977,-11.7714,15.0276
1535,51.167,1419,427,2440,1980,-13.0854,15.0729
1536,51.200,1419,427,2440,1980,-12.7477,13.8035
1537,51.233,1420,427,2439,1980,-11.7565,16.7300
1538,51.267,1420,427,2439,1979,-14.2137,14.8862
1539,51.300,1420,429,2438,1978,-12.0909,12.1544
1540,51.333,1419,428,2439,1978,-11.0629,11.8685
1541,51.367,1419,429,2439,1978,-12.1299,12.5694
1542,51.400,1419,427,2439,1978,-13.4001,15.0864
1543,51.433,1420,426,2439,1977,-13.8390,15.8535
1544,51.467,1420,426,2439,1977,-13.8770,16.1154
1545,51.500,1420,426,2438,1976,-12.4413,12.2985
1546,51.533,1421,424,2438,1976,-12.2655,14.0715
1547,51.567,1421,425,2438,1976,-12.2567,13.1441
1548,51.600,1421,424,2438,1976,-12.1406,14.4211
1549,51.633,1421,424,2438,1976,-12.3516,14.4561
1550,51.667,1421,424,2438,1976,-12.3052,14.2998
1551,51.700,1421,424,2438,1975,-11.2609,13.9645
1552,51.733,1421,424,2438,1975,-11.2478,13.6758
1553,51.767,1421,424,2438,1975,-11.3576,13.3801
1554,51.800,1421,424,2438,1975,-11.0072,13.7113
1555,51.833,1421,424,2438,1975,-11.4533,13.5513
1556,51.867,1421,424,2439,1976,-12.6300,14.6987
1557,51.900,1421,423,2439,1977,-11.6150,14.0024
1558,51.933,1420,424,2440,1979,-11.9413,10.6328
1559,51.967,1422,425,2441,1979,-12.4430,13.1396
1560,52.000,1421,425,2442,1976,-12.0206,17.1159
1561,52.033,1432,438,2439,1967,-9.1337,18.6214
1562,52.067,1420,425,2442,1976,-11.6524,16.1524
1563,52.100,1421,426,2442,1977,-11.3479,14.4673
1564,52.133,1433,438,2439,1968,-8.5111,19.3642
1565,52.167,1434,438,2438,1966,-12.2520,17.3585
1566,52.200,1435,439,2438,1966,-12.3154,19.1432
1567,52.233,1435,439,2438,1966,-11.7983,19.7869
1568,52.267,1435,439,2437,1966,-12.7226,18.3719
1569,52.300,1435,440,2437,1964,-11.8027,17.6500
1570,52.333,1434,440,2437,1965,-12.3617,18.8199
1571,52.367,1435,440,2438,1964,-10.8207,19.1313
1572,52.400,1435,441,2437,1963,-10.5777,17.1586
1573,52.433,1433,441,2440,1963,-14.4686,16.4468
1574,52.467,1432,441,2440,1962,-15.6391,16.7459
1575,52.500,1433,442,2440,1962,-13.2076,18.8049
1576,52.533,1432,443,2441,1962,-12.0547,15.5998
1577,52.567,1420,431,2444,1971,-15.1317,17.6135
1578,52.600,1421,432,2443,1974,-14.5731,16.2226
1579,52.633,1421,432,2443,1974,-14.6997,15.7622
1580,52.667,1421,432,2444,1974,-15.7105,15.9020
1581,52.700,1420,432,2443,1974,-13.8076,14.3799
1582,52.733,1420,433,2444,1973,-12.5176,17.6658
1583,52.767,1421,434,2444,1973,-12.3624,16.8358
1584,52.800,1421,433,2444,1973,-13.1566,14.7303
1585,52.833,1421,434,2443,1973,-13.0703,13.7265
1586,52.867,1422,433,2443,1976,-14.2360,16.6064
1587,52.900,1422,433,2444,1976,-13.0715,16.3338
1588,52.933,1422,435,2444,1980,-12.6274,14.6669
1589,52.967,1423,433,2445,1981,-13.3282,14.8414
1590,53.000,1426,436,2445,1979,-11.4272,16.3583
1591,53.033,1426,436,2444,1976,-12.4241,13.8488
1592,53.067,1426,436,2444,1976,-12.5038,13.7589
1593,53.100,1426,436,2444,1976,-12.4378,13.4468
1594,53.133,1425,437,2444,1972,-12.8916,16.5465
1595,53.167,1425,436,2444,1972,-14.1142,12.2925
1596,53.200,1424,436,2444,1972,-11.5628,15.6387
1597,53.233,1424,436,2444,1972,-11.6255,15.8411
1598,53.267,1424,437,2444,1972,-11.2801,14.6406
1599,53.300,1423,438,2444,1973,-14.1619,16.3704
1600,53.333,1423,438,2444,1974,-14.9559,19.0668
1601,53.367,1423,437,2445,1974,-14.5814,15.6574
1602,53.400,1423,437,2445,1974,-14.1737,14.5421
1603,53.433,1423,436,2443,1973,-12.5827,12.5597
1604,53.467,1422,435,2443,1974,-12.1864,13.8316
1605,53.500,1422,434,2443,1974,-12.8290,12.4725
1606,53.533,1421,434,2442,1974,-13.0645,12.6068
1607,53.567,1419,431,2440,1971,-13.1885,13.2492
1608,53.600,1418,430,2440,1971,-12.9375,15.1968
1609,53.633,1417,428,2441,1973,-14.2827,13.1796
1610,53.667,1416,426,2441,1971,-13.5962,12.9446
1611,53.700,1429,438,2439,1961,-10.5582,15.0622
1612,53.733,1429,438,2440,1963,-10.9708,16.8932
1613,53.767,1429,438,2439,1964,-10.7443,15.1809
1614,53.800,1429,437,2439,1963,-11.3293,13.9339
1615,53.833,1430,437,2439,1963,-11.3986,12.5848
1616,53.867,1429,436,2439,1963,-10.0959,14.3188
1617,53.900,1429,437,2439,1963,-10.3041,14.4115
1618,53.933,1418,426,2440,1971,-12.2150,9.7672
1619,53.967,1417,426,2440,1972,-11.4670,11.4620
1620,54.000,1428,437,2439,1965,-10.0030,14.1390
1621,54.033,1427,436,2440,1966,-10.7425,13.6641
1622,54.067,1426,435,2440,1967,-11.8414,14.1067
1623,54.100,1426,436,2441,1967,-12.0551,18.4826
1624,54.133,1426,435,2441,1968,-12.3529,17.1093
1625,54.167,1427,433,2441,1965,-10.3495,16.2319
1626,54.200,1427,433,2440,1965,-10.0647,19.1228
1627,54.233,1427,433,2441,1965,-10.2162,17.6118
1628,54.267,1427,433,2441,1965,-10.0175,14.9970
1629,54.300,1427,434,2441,1965,-9.8652,14.5928
1630,54.333,1428,435,2440,1964,-11.4623,14.8203
1631,54.367,1428,434,2441,1964,-11.4161,15.3002
1632,54.400,1428,435,2441,1963,-11.6796,12.2963
1633,54.433,1428,436,2440,1964,-10.9944,13.5611
1634,54.467,1428,436,2440,1964,-11.3307,13.9872
1635,54.500,1428,435,2439,1963,-11.0609,15.1073
1636,54.533,1429,436,2439,1964,-11.4159,14.9589
1637,54.567,1429,435,2439,1964,-11.5271,17.4879
1638,54.600,1429,434,2439,1963,-13.1058,17.0966
1639,54.633,1429,434,2439,1963,-13.1058,17.0966
1640,54.667,1429,433,2438,1963,-12.3238,15.8395
1641,54.700,1431,439,2438,1960,-8.6304,13.4796
1642,54.733,1433,440,2437,1960,-9.7585,15.3157
1643,54.767,1433,440,2437,1959,-10.0715,14.6624
1644,54.800,1433,437,2438,1959,-9.4343,13.1679
1645,54.833,1434,437,2437,1959,-8.7810,12.8986
1646,54.867,1435,437,2437,1959,-10.6767,16.4955
1647,54.900,1434,438,2437,1959,-9.6313,11.8178
1648,54.933,1435,438,2437,1959,-10.1770,14.1019
1649,54.967,1434,437,2437,1959,-10.4840,11.7956
1650,55.000,1433,435,2439,1961,-9.9278,12.7311
1651,55.033,1433,436,2439,1958,-11.4940,18.2404
1652,55.067,1433,435,2439,1957,-11.4737,12.9767
1653,55.100,1435,436,2439,1956,-11.9327,14.1575
1654,55.133,1434,435,2439,1956,-12.3176,13.2848
1655,55.167,1434,435,2439,1955,-11.9102,11.4845
1656,55.200,1434,435,2439,1954,-11.8256,12.0873
1657,55.233,1434,435,2440,1953,-11.7398,12.5862
1658,55.267,1434,436,2440,1955,-13.2940,12.1844
1659,55.300,1434,437,2440,1957,-9.2408,15.8289
1660,55.333,1434,437,2440,1958,-10.7736,13.0855
1661,55.367,1433,437,2440,1960,-9.5627,15.7818
1662,55.400,1433,437,2440,1960,-9.2512,14.5652
1663,55.433,1433,438,2440,1960,-10.0682,12.2308
1664,55.467,1433,438,2440,1960,-10.0813,12.2411
1665,55.500,1433,438,2440,1960,-10.0883,12.1536
1666,55.533,1433,438,2441,1960,-9.0275,13.1403
1667,55.567,1433,440,2442,1958,-11.9436,16.2089
1668,55.600,1433,439,2441,1958,-11.0318,12.2698
1669,55.633,1433,439,2442,1959,-10.8020,14.8335
1670,55.667,1433,442,2442,1959,-12.8785,13.1998
1671,55.700,1434,445,2441,1956,-13.5711,15.7540
1672,55.733,1434,446,2441,1956,-12.8117,17.5527
1673,55.767,1435,448,2439,1952,-11.9058,17.1924
1674,55.800,1435,449,2439,1952,-10.2972,15.8976
1675,55.833,1436,449,2439,1951,-11.1451,18.5852
1676,55.867,1436,449,2439,1951,-11.1442,18.5889
1677,55.900,1436,449,2439,1951,-11.1442,18.6675
1678,55.933,1435,449,2439,1952,-9.9129,16.4513
1679,55.967,1436,450,2438,1952,-8.9660,16.2699
1680,56.000,1434,449,2440,1956,-12.1658,15.7992
1681,56.033,1433,448,2440,1957,-12.7859,17.2974
1682,56.067,1433,446,2440,1956,-12.8660,17.7616
1683,56.100,1433,446,2440,1957,-14.9075,17.7147
1684,56.133,1433,446,2440,1959,-15.1942,17.2701
1685,56.167,1433,446,2441,1959,-12.8371,16.3030
1686,56.200,1433,446,2440,1959,-15.8983,17.8533
1687,56.233,1433,445,2440,1959,-14.3274,18.5393
1688,56.267,1433,444,2439,1958,-12.0953,17.0028
1689,56.300,1433,444,2439,1957,-13.8967,16.4475
1690,56.333,1433,444,2439,1957,-13.8967,16.4475
1691,56.367,1433,444,2439,1957,-13.8967,16.4475
1692,56.400,1432,443,2439,1957,-13.2600,15.8038
1693,56.433,1433,444,2439,1957,-12.5028,15.3819
1694,56.467,1433,446,2436,1957,-10.8113,17.3167
1695,56.500,1415,438,2439,1963,4.9707,12.8042
1696,56.533,1426,449,2434,1958,6.0357,12.1569
1697,56.567,1425,448,2435,1961,3.7296,12.7493
1698,56.600,1426,449,2434,1961,4.1654,15.0215
1699,56.633,1426,449,2434,1960,2.9393,11.7042
1700,56.667,1426,448,2435,1962,2.6633,14.4587
1701,56.700,1427,448,2434,1961,3.7456,11.7136
1702,56.733,1427,448,2434,1960,1.9059,12.6668
1703,56.767,1427,448,2434,1960,1.9252,12.6438
1704,56.800,1426,449,2435,1958,2.4906,11.9396
1705,56.833,1427,449,2435,1958,2.6719,12.5034
1706,56.867,1426,447,2434,1956,2.8465,11.8849
1707,56.900,1426,447,2434,1956,3.0523,12.4164
1708,56.933,1425,446,2434,1956,3.9100,11.2544
1709,56.967,1424,449,2434,1954,8.3162,13.6740
1710,57.000,1414,437,2436,1964,6.6660,12.6156
1711,57.033,1414,432,2435,1966,9.3447,9.7658
1712,57.067,1414,434,2435,1964,10.2445,11.2867
1713,57.100,1414,434,2435,1965,9.5390,10.9553
1714,57.133,1423,441,2433,1959,9.6028,9.3717
1715,57.167,1424,442,2434,1959,6.4545,10.9443
1716,57.200,1424,442,2434,1959,6.4545,10.9443
1717,57.233,1424,442,2434,1959,6.4545,10.9443
1718,57.267,1423,443,2435,1960,5.7118,10.4742
1719,57.300,1423,444,2434,1959,5.4534,12.1962
1720,57.333,1423,443,2434,1960,5.8826,12.4167
1721,57.367,1423,443,2434,1960,5.8938,12.3689
1722,57.400,1423,443,2435,1960,5.2207,11.7181
1723,57.433,1414,431,2437,1970,6.0404,13.8564
1724,57.467,1414,431,2438,1969,5.2036,13.0917
1725,57.500,1414,432,2438,1969,5.5781,14.1396
1726,57.533,1414,431,2438,1969,5.8176,13.0120
1727,57.567,1414,431,2438,1969,6.4740,12.7158
1728,57.600,1414,431,2438,1969,6.3991,12.8135
1729,57.633,1414,431,2438,1969,6.4227,12.8092
1730,57.667,1414,432,2438,1969,6.5488,13.5787
1731,57.700,1414,432,2437,1969,6.8535,12.0872
1732,57.733,1425,450,2428,1965,12.6806,-2.5180
1733,57.767,1425,449,2427,1963,12.1229,-0.4339
1734,57.800,1425,449,2427,1962,11.9127,0.8909
1735,57.833,1429,451,2423,1958,13.2221,10.3231
1736,57.867,1428,448,2428,1958,10.0638,10.8496
1737,57.900,1428,449,2428,1957,11.7978,10.9794
1738,57.933,1416,437,2431,1965,9.0319,12.8499
1739,57.967,1427,449,2428,1958,12.1738,11.3206
1740,58.000,1416,437,2433,1963,10.0587,8.5428
1741,58.033,1416,437,2433,1963,9.8036,8.9157
1742,58.067,1416,437,2434,1961,9.2670,9.9598
1743,58.100,1416,437,2434,1961,9.1713,9.7964
1744,58.133,1426,451,2430,1954,7.7130,10.1015
1745,58.167,1426,451,2430,1954,7.8813,10.7119
1746,58.200,1427,451,2430,1952,8.6647,9.6409
1747,58.233,1426,451,2430,1952,7.7457,11.7694
1748,58.267,1427,451,2430,1952,8.8270,10.5679
1749,58.300,1426,451,2430,1951,7.4164,11.4098
1750,58.333,1426,450,2430,1952,9.1558,10.8060
1751,58.367,1427,450,2430,1951,8.9655,10.6291
1752,58.400,1427,449,2431,1950,8.6769,9.8337
1753,58.433,1427,448,2432,1949,10.9481,10.7960
1754,58.467,1427,449,2432,1951,9.5225,11.6893
1755,58.500,1427,449,2433,1951,9.9873,11.1611
1756,58.533,1426,451,2434,1953,8.7435,11.2936
1757,58.567,1427,455,2433,1953,11.4085,11.3338
1758,58.600,1427,454,2433,1953,10.5693,12.8884
1759,58.633,1427,455,2433,1954,12.1989,12.2041
1760,58.667,1426,454,2433,1955,9.4568,14.4146
1761,58.700,1414,439,2437,1964,7.2676,10.2552
1762,58.733,1425,454,2433,1956,10.4866,14.8072
1763,58.767,1425,455,2433,1956,9.7000,15.1526
1764,58.800,1424,452,2435,1958,9.0332,13.5769
1765,58.833,1424,451,2435,1959,9.3980,14.1575
1766,58.867,1424,451,2435,1959,9.3997,14.1705
1767,58.900,1424,451,2435,1959,9.3447,14.2525
1768,58.933,1423,449,2435,1961,6.7000,13.2273
1769,58.967,1412,434,2438,1968,11.3601,11.1224
1770,59.000,1413,433,2437,1964,10.1198,9.8941
1771,59.033,1413,432,2437,1964,8.3284,13.4058
1772,59.067,1413,433,2437,1964,10.1754,10.2723
1773,59.100,1413,434,2437,1964,10.0669,11.2342
1774,59.133,1413,432,2437,1964,8.1552,13.3115
1775,59.167,1413,434,2437,1965,10.1726,11.1021
1776,59.200,1413,434,2437,1964,10.7931,10.7336
1777,59.233,1413,432,2436,1965,10.6496,11.9596
1778,59.267,1425,447,2433,1959,8.8217,11.2142
1779,59.300,1425,447,2433,1957,9.3321,10.4737
1780,59.333,1424,448,2433,1956,7.9323,11.6869
1781,59.367,1412,432,2437,1963,8.8902,10.6328
1782,59.400,1413,432,2436,1962,9.5666,12.2181
1783,59.433,1424,449,2431,1954,9.0485,11.8466
1784,59.467,1413,435,2435,1961,10.6233,14.3236
1785,59.500,1413,434,2435,1963,9.8427,10.3817
1786,59.533,1424,449,2433,1956,7.8094,10.7228
1787,59.567,1424,449,2433,1956,7.7873,10.0088
1788,59.600,1424,449,2433,1956,7.7728,10.0267
1789,59.633,1423,449,2433,1956,6.7696,11.0244
1790,59.667,1414,434,2436,1963,9.6735,10.5130
1791,59.700,1414,437,2436,1965,8.2369,11.6285
1792,59.733,1415,440,2433,1969,7.5762,12.3611
1793,59.767,1415,441,2433,1969,6.8896,12.8118
1794,59.800,1416,440,2433,1969,6.8214,11.8783
1795,59.833,1416,438,2433,1969,7.1549,11.1340
1796,59.867,1416,439,2432,1970,6.7537,11.5715
1797,59.900,1416,439,2432,1970,6.7850,11.5591
1798,59.933,1415,439,2433,1969,8.5345,11.7367
1799,59.967,1415,439,2433,1969,8.3694,11.5450
1800,60.000,1415,437,2432,1968,6.4855,11.0904
1801,60.033,1415,437,2432,1968,6.7930,11.4081
1802,60.067,1416,437,2432,1968,7.5796,11.2088
1803,60.100,1415,437,2432,1969,7.2628,11.0636
1804,60.133,1415,437,2432,1969,7.3245,11.7624
1805,60.167,1415,437,2432,1969,7.4125,11.7586
1806,60.200,1415,437,2432,1969,7.4978,11.7811
1807,60.233,1415,437,2432,1969,7.4949,11.7397
1808,60.267,1415,437,2432,1969,7.5092,11.6964
1809,60.300,1413,438,2430,1968,7.3906,11.2578
1810,60.333,1420,449,2423,1961,13.6293,3.4443
1811,60.367,1426,453,2421,1966,13.4548,2.1212
1812,60.400,1426,446,2426,1967,13.9344,6.8746
1813,60.433,1426,446,2426,1967,14.0091,6.8096
1814,60.467,1426,446,2426,1967,14.0091,6.8096
1815,60.500,1426,446,2426,1967,13.8881,6.9063
1816,60.533,1426,447,2426,1967,13.3885,5.4317
1817,60.567,1426,446,2426,1969,13.3344,6.7717
1818,60.600,1426,448,2427,1969,14.0764,6.9319
1819,60.633,1426,450,2426,1968,12.0948,9.2068
1820,60.667,1424,443,2432,1966,9.5934,10.8349
1821,60.700,1424,443,2432,1962,8.9942,7.9817
1822,60.733,1424,442,2433,1961,9.7043,10.4357
1823,60.767,1424,443,2433,1962,10.1818,9.4114
1824,60.800,1424,444,2433,1960,9.4735,9.5411
1825,60.833,1425,448,2432,1958,8.2891,10.4785
1826,60.867,1425,449,2432,1958,9.3015,11.4712
1827,60.900,1424,448,2432,1958,8.9689,10.1974
1828,60.933,1425,449,2432,1957,8.3533,12.1972
1829,60.967,1426,450,2432,1956,7.9647,13.1668
1830,61.000,1426,452,2431,1954,8.1060,13.8069
1831,61.033,1426,452,2431,1954,7.9553,14.0340
1832,61.067,1426,452,2431,1954,7.9553,14.0340
1833,61.100,1426,452,2430,1953,6.9828,14.9115
1834,61.133,1426,452,2431,1953,6.0232,14.9619
1835,61.167,1426,451,2430,1952,6.2257,14.9042
1836,61.200,1426,451,2430,1951,6.6837,13.4513
1837,61.233,1426,451,2429,1952,7.8083,14.1669
1838,61.267,1426,451,2430,1952,6.7122,14.3621
1839,61.300,1425,453,2430,1953,7.5303,12.2065
1840,61.333,1425,453,2430,1954,9.1393,12.1358
1841,61.367,1425,452,2431,1954,6.0273,12.8108
1842,61.400,1424,453,2431,1953,5.7199,12.6041
1843,61.433,1423,454,2432,1954,6.8397,13.8627
1844,61.467,1422,453,2432,1955,6.5753,14.6849
1845,61.500,1422,453,2432,1955,6.7384,14.3857
1846,61.533,1422,452,2433,1956,6.4633,14.1992
1847,61.567,1421,450,2433,1957,4.9754,14.5240
1848,61.600,1421,450,2433,1957,4.9193,14.5612
1849,61.633,1421,450,2433,1957,5.1856,14.9000
1850,61.667,1421,449,2432,1955,6.5812,12.3587
1851,61.700,1421,449,2432,1956,7.2529,14.8202
1852,61.733,1421,448,2433,1955,6.6312,15.0052
1853,61.767,1421,448,2433,1955,6.6312,15.0052
1854,61.800,1421,447,2433,1955,6.2803,13.3831
1855,61.833,1421,448,2433,1955,6.8376,14.6955
1856,61.867,1421,448,2433,1955,6.8376,14.6955
1857,61.900,1421,448,2433,1957,6.1906,15.1036
1858,61.933,1421,448,2433,1958,6.7212,13.6813
1859,61.967,1421,448,2433,1958,6.8719,12.8684
1860,62.000,1421,445,2433,1955,9.5756,11.1290
1861,62.033,1420,444,2433,1955,10.8395,12.2886
1862,62.067,1420,444,2433,1955,10.8346,12.2710
1863,62.100,1420,445,2433,1955,8.2843,12.2893
1864,62.133,1420,444,2433,1955,10.5989,12.3135
1865,62.167,1427,446,2430,1952,8.0309,13.2361
1866,62.200,1425,451,2428,1953,9.2115,9.7167
1867,62.233,1424,448,2430,1952,8.9040,9.7063
1868,62.267,1425,446,2428,1950,8.9320,10.7661
1869,62.300,1426,455,2430,1955,7.0889,14.6742
1870,62.333,1424,455,2429,1955,5.7602,16.5947
1871,62.367,1425,454,2429,1957,7.3130,14.8079
1872,62.400,1425,455,2429,1957,5.9456,15.7419
1873,62.433,1426,454,2430,1958,6.5636,14.5368
1874,62.467,1446,447,2437,1957,11.1784,-6.0915
1875,62.500,1446,449,2436,1957,13.6297,-8.0726
1876,62.533,1446,450,2434,1958,11.8397,-7.8193
1877,62.567,1445,450,2434,1957,14.0315,-5.5694
1878,62.600,1445,450,2433,1957,13.1032,-5.1816
1879,62.633,1445,449,2432,1958,13.3029,-2.9544
1880,62.667,1426,452,2424,1962,11.2185,6.7127
1881,62.700,1425,455,2427,1962,11.4652,8.4029
1882,62.733,1426,459,2429,1962,8.8275,8.7344
1883,62.767,1426,459,2429,1960,9.6239,7.9876
1884,62.800,1426,459,2429,1960,10.4891,8.5066
1885,62.833,1426,458,2430,1963,9.1990,9.6683
1886,62.867,1426,458,2430,1964,8.8940,11.7252
1887,62.900,1426,457,2431,1964,10.1143,10.4801
1888,62.933,1426,457,2432,1964,9.6708,10.5899
1889,62.967,1425,455,2432,1964,9.7850,11.0432
1890,63.000,1413,447,2438,1965,10.6702,7.5373
1891,63.033,1414,447,2437,1966,6.7344,9.3222
1892,63.067,1415,447,2438,1966,6.0293,9.1293
1893,63.100,1414,447,2438,1967,8.0660,9.4301
1894,63.133,1414,448,2438,1966,8.4896,9.6581
1895,63.167,1414,448,2439,1967,4.9530,9.1071
1896,63.200,1414,448,2439,1967,4.9530,9.1071
1897,63.233,1414,448,2439,1967,4.9530,9.1071
1898,63.267,1414,449,2439,1967,5.6449,8.8108
1899,63.300,1421,450,2435,1965,6.4220,12.7187
1900,63.333,1421,451,2439,1962,6.9382,14.1908
1901,63.367,1426,453,2438,1962,7.3952,13.2622
1902,63.400,1430,453,2438,1965,3.0355,12.4328
1903,63.433,1424,449,2439,1964,2.2955,16.7145
1904,63.467,1424,449,2439,1963,2.3213,16.3776
1905,63.500,1425,451,2440,1962,4.8723,15.9344
1906,63.533,1423,450,2441,1962,5.4096,14.1164
1907,63.567,1424,450,2440,1962,5.4746,15.8693
1908,63.600,1424,450,2440,1962,5.4604,15.8418
1909,63.633,1424,450,2440,1962,5.2116,16.0326
1910,63.667,1424,450,2440,1962,5.0038,15.9724
1911,63.700,1424,450,2441,1964,3.6915,15.3628
1912,63.733,1424,444,2440,1962,7.0232,12.6795
1913,63.767,1425,443,2440,1961,6.5015,13.4673
1914,63.800,1427,444,2439,1962,8.8363,14.8518
1915,63.833,1430,448,2441,1965,-3.5694,13.9490
1916,63.867,1429,446,2442,1965,-1.1842,14.1115
1917,63.900,1430,449,2441,1962,-4.1240,12.5262
1918,63.933,1430,450,2441,1963,-4.3610,13.8551
1919,63.967,1430,451,2441,1961,-3.8843,13.0709
1920,64.000,1420,438,2441,1968,-1.4921,13.3191
1921,64.033,1419,437,2441,1969,-1.9352,13.4136
1922,64.067,1419,438,2440,1968,-0.5921,13.9910
1923,64.100,1420,438,2440,1967,-2.5234,13.6656
1924,64.133,1421,439,2439,1967,-3.1010,12.1393
1925,64.167,1420,439,2438,1966,1.8623,13.3671
1926,64.200,1421,440,2437,1967,5.4089,10.1115
1927,64.233,1420,440,2436,1966,4.1840,12.9539
1928,64.267,1420,442,2436,1967,5.3275,14.4183
1929,64.300,1419,442,2436,1967,3.5894,12.1810
1930,64.333,1418,442,2437,1966,4.8495,12.9414
1931,64.367,1418,440,2436,1965,6.9761,10.3449
1932,64.400,1418,440,2435,1966,7.8438,10.9811
1933,64.433,1418,439,2434,1967,8.5199,10.1503
1934,64.467,1417,437,2434,1970,9.1487,9.5776
1935,64.500,1416,437,2434,1970,7.6675,8.9562
1936,64.533,1416,439,2435,1970,8.0454,8.6887
1937,64.567,1416,438,2435,1972,6.6767,9.1939
1938,64.600,1416,439,2435,1970,8.2192,6.1740
1939,64.633,1416,438,2435,1970,6.5951,8.3867
1940,64.667,1455,456,2438,1958,13.8979,2.8073
1941,64.700,1431,459,2428,1965,10.5629,10.6429
1942,64.733,1430,455,2428,1965,13.5477,11.2730
1943,64.767,1430,455,2428,1965,13.5477,11.2730
1944,64.800,1429,453,2428,1964,12.4988,11.5974
1945,64.833,1429,455,2427,1964,12.3150,13.9814
1946,64.867,1419,447,2437,1981,10.1363,13.4538
1947,64.900,1417,445,2437,1979,11.6414,11.3974
1948,64.933,1417,447,2436,1978,10.4494,10.2964
1949,64.967,1406,438,2437,1997,14.3937,10.7513
1950,65.000,1417,443,2436,1973,11.8965,9.6139
1951,65.033,1417,443,2436,1974,11.4511,8.2785
1952,65.067,1417,443,2436,1974,11.4511,8.2785
1953,65.100,1417,443,2436,1974,11.4511,8.2785
1954,65.133,1417,443,2436,1974,11.5113,8.1535
1955,65.167,1407,436,2437,1993,13.9863,11.7964
1956,65.200,1405,435,2438,1999,14.7645,8.9464
1957,65.233,1409,435,2435,1986,13.4561,10.4084
1958,65.267,1419,445,2430,1963,9.1794,12.2358
1959,65.300,1418,446,2430,1967,11.7255,9.1100
1960,65.333,1418,446,2431,1968,11.4685,9.1427
1961,65.367,1418,444,2431,1971,11.7721,14.1244
1962,65.400,1418,444,2431,1970,10.3504,12.2377
1963,65.433,1420,444,2431,1969,13.0405,8.7926
1964,65.467,1420,444,2432,1971,12.4739,9.3927
1965,65.500,1419,455,2428,1983,10.0049,5.9289
1966,65.533,1411,452,2432,1993,10.2377,2.2534
1967,65.567,1411,454,2431,1996,9.5816,4.5550
1968,65.600,1408,454,2430,1999,8.4582,5.6123
1969,65.633,1407,444,2428,1992,9.9175,0.9504
1970,65.667,1405,436,2436,2002,5.9756,8.2466
1971,65.700,1419,423,2429,1966,-0.9499,7.9430
1972,65.733,1410,417,2430,1977,0.4042,7.7742
1973,65.767,1413,423,2438,1975,1.5006,8.2285
1974,65.800,1400,427,2443,2011,3.2559,7.6963
1975,65.833,1400,426,2443,2011,1.6279,9.0538
1976,65.867,1400,426,2443,2011,1.6809,9.0124
1977,65.900,1400,427,2443,2011,2.8059,7.5961
1978,65.933,1400,426,2443,2012,0.8707,11.5539
1979,65.967,1400,426,2442,2011,0.6629,11.3647
1980,66.000,1400,426,2443,2011,1.9028,8.7610
1981,66.033,1400,426,2443,2012,3.0559,10.2729
1982,66.067,1400,427,2443,2011,1.9853,7.6580
1983,66.100,1402,425,2440,1996,-0.1235,10.8576
1984,66.133,1418,435,2439,1968,-6.9415,6.7023
1985,66.167,1418,435,2436,1972,-5.9949,7.6670
1986,66.200,1407,427,2440,2006,-4.4797,6.7456
1987,66.233,1404,424,2441,2008,-2.5076,7.8423
1988,66.267,1404,425,2438,1999,-3.6079,7.3953
1989,66.300,1405,425,2436,1996,-4.6783,9.1785
1990,66.333,1404,424,2436,1995,-3.3007,9.4611
1991,66.367,1404,424,2436,1995,-3.3007,9.4611
1992,66.400,1405,423,2435,1994,-4.4751,7.7942
1993,66.433,1405,423,2435,1995,-4.3921,8.4843
1994,66.467,1405,423,2435,1995,-4.3921,8.4843
1995,66.500,1404,423,2436,2003,-3.1896,10.5873
1996,66.533,1403,423,2436,2007,-1.0497,11.2431
1997,66.567,1401,423,2437,2008,6.7307,14.6260
1998,66.600,1399,418,2438,2019,8.7876,12.6692
1999,66.633,1399,418,2439,2025,5.7137,12.1771
2000,66.667,1400,419,2438,2025,8.6164,12.7174
2001,66.700,1400,420,2438,2022,10.5184,12.1598
2002,66.733,1400,421,2438,2023,10.2916,14.5436
2003,66.767,1401,421,2437,2022,10.6683,11.6280
2004,66.800,1400,422,2437,2024,10.9837,14.4081
2005,66.833,1401,423,2437,2026,10.4014,13.4881
2006,66.867,1402,425,2439,2030,9.0009,12.1410
2007,66.900,1400,422,2438,2025,9.0618,16.8139
2008,66.933,1397,421,2440,2029,7.2067,13.1283
2009,66.967,1396,420,2438,2025,7.6710,14.8238
2010,67.000,1391,417,2434,2020,8.6034,13.6150
2011,67.033,1390,422,2429,2023,5.9771,14.9554
2012,67.067,1390,422,2428,2022,7.7574,12.9632
2013,67.100,1389,421,2430,2024,4.7099,12.8723
2014,67.133,1393,420,2429,2021,7.4122,10.3981
2015,67.167,1393,419,2429,2021,6.8643,11.2204
2016,67.200,1393,419,2429,2021,6.8396,11.2541
2017,67.233,1393,419,2429,2021,6.8396,11.2541
2018,67.267,1393,420,2429,2021,6.6144,10.7140
2019,67.300,1393,421,2431,2025,6.6196,13.0713
2020,67.333,1400,430,2433,2034,4.6672,14.7128
2021,67.367,1399,427,2440,2034,4.3104,14.9191
2022,67.400,1397,426,2445,2046,4.5783,9.0549
2023,67.433,1394,424,2445,2047,6.7144,11.4487
2024,67.467,1393,417,2440,2042,3.7745,9.1347
2025,67.500,1391,417,2435,2045,3.5974,15.2159
2026,67.533,1387,424,2434,2038,6.4396,13.6300
2027,67.567,1388,424,2434,2038,5.1017,13.1886
2028,67.600,1388,424,2434,2038,5.1292,13.2660
2029,67.633,1388,424,2434,2038,5.1243,13.3622
2030,67.667,1388,425,2434,2038,3.7868,15.2726
2031,67.700,1388,425,2434,2038,3.8608,14.0830
2032,67.733,1387,425,2434,2039,4.1784,13.6000
2033,67.767,1387,425,2434,2039,4.1784,13.6000
2034,67.800,1388,430,2433,2034,8.0565,10.5578
2035,67.833,1388,430,2432,2035,6.7992,10.4618
2036,67.867,1388,429,2432,2035,4.7391,13.4035
2037,67.900,1392,429,2435,2031,4.5911,13.9573
2038,67.933,1393,430,2439,2033,5.9277,12.0548
2039,67.967,1395,432,2438,2038,6.2399,10.4158
2040,68.000,1395,431,2439,2045,4.5542,9.2002
2041,68.033,1397,432,2437,2038,5.7330,9.2255
2042,68.067,1400,432,2434,2028,6.9032,7.4545
2043,68.100,1400,432,2435,2029,6.7388,8.3194
2044,68.133,1401,432,2435,2029,6.7628,7.8673
2045,68.167,1401,430,2433,2026,5.7879,11.1095
2046,68.200,1401,430,2433,2026,5.7879,11.1095
2047,68.233,1402,430,2433,2023,6.3673,9.7308
2048,68.267,1404,428,2432,2021,6.0772,10.2274
2049,68.300,1403,431,2433,2023,8.0340,12.8840
2050,68.333,1401,431,2433,2026,7.1601,13.4155
2051,68.367,1404,427,2433,2031,8.7542,12.4430
2052,68.400,1406,426,2437,2033,6.4450,10.8770
2053,68.433,1408,422,2438,2034,6.2910,12.3402
2054,68.467,1406,419,2439,2031,6.8775,13.7699
2055,68.500,1406,419,2439,2031,6.8013,13.7428
2056,68.533,1406,419,2439,2031,7.1413,13.6485
2057,68.567,1406,419,2439,2031,7.2321,13.6231
2058,68.600,1406,419,2439,2031,7.2415,13.6136
2059,68.633,1407,419,2439,2031,6.2467,13.8801
2060,68.667,1407,419,2439,2031,6.0535,14.1568
2061,68.700,1407,419,2439,2031,6.0701,14.1648
2062,68.733,1407,419,2439,2031,6.0710,14.1713
2063,68.767,1407,419,2439,2031,6.1024,14.0168
2064,68.800,1407,419,2439,2031,6.0362,14.0688
2065,68.833,1407,419,2439,2031,6.0362,14.0688
2066,68.867,1407,419,2439,2031,6.0362,14.0688
2067,68.900,1407,419,2439,2031,5.9653,14.0656
2068,68.933,1400,415,2435,2037,17.4849,16.0694
2069,68.967,1399,416,2434,2036,17.1446,13.8955
2070,69.000,1400,415,2435,2032,13.2607,12.0698
2071,69.033,1401,413,2435,2033,15.4585,11.0192
2072,69.067,1401,413,2435,2036,16.6600,11.8031
2073,69.100,1401,413,2435,2036,16.5636,11.6967
2074,69.133,1401,414,2435,2036,15.9158,13.7964
2075,69.167,1401,414,2435,2036,16.1032,12.9267
2076,69.200,1401,414,2435,2036,16.0741,12.8719
2077,69.233,1401,414,2435,2036,16.0083,12.9437
2078,69.267,1401,414,2436,2036,15.4220,14.1945
2079,69.300,1400,414,2436,2037,12.8684,12.7783
2080,69.333,1400,414,2436,2036,14.2993,14.3567
2081,69.367,1400,415,2436,2035,14.5769,13.4345
2082,69.400,1400,419,2436,2036,15.7575,9.5751
2083,69.433,1398,420,2435,2035,15.2007,8.9270
2084,69.467,1399,426,2437,2037,16.9459,8.7090
2085,69.500,1399,426,2436,2036,16.4641,9.5341
2086,69.533,1400,426,2435,2035,17.4211,10.3823
2087,69.567,1400,427,2435,2035,16.1875,8.2229
2088,69.600,1400,427,2434,2036,16.7511,9.0833
2089,69.633,1400,427,2434,2036,16.6105,9.1329
2090,69.667,1400,426,2434,2034,17.1771,7.2634
2091,69.700,1401,426,2434,2034,15.7698,8.9472
2092,69.733,1401,426,2434,2034,15.7983,8.8251
2093,69.767,1401,426,2434,2034,15.7983,8.8251
2094,69.800,1401,426,2434,2034,15.8556,9.0662
2095,69.833,1400,425,2434,2035,16.5443,10.2684
2096,69.867,1400,425,2434,2035,16.5443,10.2684
2097,69.900,1400,425,2434,2035,16.5020,9.5797
2098,69.933,1400,426,2435,2035,17.8530,9.7629
2099,69.967,1401,435,2434,2031,25.3240,-1.0646
2100,70.000,1405,439,2435,2031,24.5854,0.3874
2101,70.033,1404,439,2436,2030,23.8410,0.9272
2102,70.067,1404,440,2435,2031,24.5978,2.3725
2103,70.100,1403,440,2436,2032,25.6660,3.8865
2104,70.133,1402,439,2437,2032,25.9805,4.3638
2105,70.167,1402,439,2437,2032,26.3669,4.8157
2106,70.200,1402,439,2437,2032,26.3669,4.8157
2107,70.233,1402,439,2437,2032,26.3669,4.8157
2108,70.267,1402,439,2437,2032,26.2214,4.1254
2109,70.300,1402,439,2437,2033,26.4317,2.6147
2110,70.333,1402,439,2437,2033,26.5351,2.5982
2111,70.367,1399,439,2438,2039,24.1833,8.2418
2112,70.400,1399,440,2435,2037,20.2436,7.5930
2113,70.433,1399,445,2434,2034,15.2476,6.7205
2114,70.467,1400,446,2435,2035,12.9212,8.2856
2115,70.500,1400,447,2435,2036,11.0161,7.7816
2116,70.533,1400,446,2435,2034,13.3810,6.2462
2117,70.567,1401,446,2435,2033,13.5260,8.1366
2118,70.600,1401,445,2435,2033,14.4803,8.8162
2119,70.633,1401,445,2435,2034,13.4113,9.4140
2120,70.667,1400,444,2435,2031,15.2673,8.8412
2121,70.700,1400,445,2435,2031,13.9764,7.6445
2122,70.733,1401,446,2435,2031,13.4619,9.3328
2123,70.767,1400,446,2434,2032,14.8346,6.6674
2124,70.800,1399,442,2433,2032,12.2156,10.8741
2125,70.833,1399,439,2432,2030,6.4032,14.6513
2126,70.867,1400,438,2431,2030,5.9288,15.4484
2127,70.900,1400,438,2431,2030,5.9224,15.4367
2128,70.933,1399,438,2431,2030,5.8353,14.7747
2129,70.967,1399,438,2431,2030,5.7621,14.8708
2130,71.000,1402,437,2432,2028,5.2260,15.1539
2131,71.033,1402,436,2432,2027,4.9133,14.4752
2132,71.067,1402,436,2432,2027,4.8976,14.4808
2133,71.100,1402,436,2432,2027,4.8986,14.4976
2134,71.133,1402,436,2432,2026,4.6075,13.2598
2135,71.167,1403,431,2432,2022,2.6950,10.4028
2136,71.200,1403,432,2432,2021,2.7560,11.1655
2137,71.233,1406,434,2435,2020,3.2955,10.6533
2138,71.267,1406,432,2434,2021,2.7107,8.1357
2139,71.300,1405,432,2433,2021,3.1460,9.0778
2140,71.333,1405,432,2433,2021,3.1935,9.0687
2141,71.367,1405,432,2433,2021,3.1487,9.1269
2142,71.400,1405,434,2434,2023,3.7720,12.7323
2143,71.433,1405,435,2434,2024,3.6268,13.0887
2144,71.467,1406,438,2436,2025,2.8224,10.1569
2145,71.500,1405,436,2436,2024,4.5527,9.1454
2146,71.533,1405,436,2436,2024,4.5432,9.0366
2147,71.567,1405,435,2437,2025,3.3649,10.2627
2148,71.600,1405,435,2437,2025,3.3649,10.2627
2149,71.633,1405,435,2437,2025,3.2671,10.3585
2150,71.667,1405,435,2437,2025,3.4540,10.8838
2151,71.700,1405,436,2437,2025,2.7394,8.3765
2152,71.733,1405,436,2437,2025,2.7394,8.3765
2153,71.767,1405,436,2437,2025,2.7399,8.3742
2154,71.800,1405,436,2437,2025,2.7211,8.3066
2155,71.833,1405,425,2437,2035,3.1031,11.5595
2156,71.867,1402,423,2439,2034,2.5795,12.4195
2157,71.900,1404,423,2438,2029,3.0980,12.6533
2158,71.933,1404,423,2438,2029,3.0246,12.6422
2159,71.967,1404,424,2437,2028,1.3543,11.9467
2160,72.000,1405,420,2439,2035,1.8212,9.6862
2161,72.033,1405,417,2438,2035,0.2695,9.4706
2162,72.067,1406,416,2437,2032,4.5935,8.3756
2163,72.100,1406,416,2437,2033,4.7473,7.2075
2164,72.133,1405,417,2436,2028,4.0569,8.3006
2165,72.167,1405,422,2436,2028,5.4609,10.7803
2166,72.200,1404,419,2436,2028,4.2245,11.0159
2167,72.233,1404,419,2436,2029,3.5753,9.9097
2168,72.267,1403,417,2436,2031,4.4196,9.6770
2169,72.300,1403,415,2434,2031,5.2545,13.9050
2170,72.333,1403,415,2434,2031,5.2545,13.9050
2171,72.367,1403,415,2434,2031,5.2545,13.9050
2172,72.400,1403,415,2434,2032,4.4123,10.9214
2173,72.433,1402,415,2434,2030,3.1167,11.8413
2174,72.467,1402,416,2433,2030,5.3541,10.2558
2175,72.500,1402,416,2433,2030,5.2931,10.0409
2176,72.533,1402,417,2432,2030,4.5998,12.1964
2177,72.567,1402,415,2432,2030,4.1769,15.0620
2178,72.600,1402,415,2432,2029,4.4406,15.7079
2179,72.633,1402,415,2432,2029,4.4517,15.7271
2180,72.667,1403,415,2432,2031,3.6218,13.8745
2181,72.700,1403,416,2432,2032,3.9353,11.7638
2182,72.733,1402,414,2430,2032,5.7329,11.6188
2183,72.767,1402,417,2429,2034,4.6687,12.5089
2184,72.800,1401,417,2430,2035,4.7183,13.4121
2185,72.833,1401,416,2430,2035,2.1714,13.6829
2186,72.867,1401,418,2430,2034,1.3174,14.8715
2187,72.900,1401,418,2429,2035,1.8383,15.4116
2188,72.933,1401,421,2430,2035,1.9248,14.7026
2189,72.967,1401,420,2430,2035,0.8658,16.0636
2190,73.000,1401,422,2432,2035,-2.8862,13.0173
2191,73.033,1401,422,2431,2035,-1.9745,9.5492
2192,73.067,1401,422,2431,2034,-1.3646,9.6830
2193,73.100,1401,422,2431,2033,-2.0140,9.4339
2194,73.133,1400,422,2430,2033,-3.2321,12.5947
2195,73.167,1402,422,2428,2028,-3.2220,10.2924
2196,73.200,1401,422,2428,2030,-6.4118,11.5791
2197,73.233,1401,421,2427,2028,-6.8529,10.7546
2198,73.267,1402,421,2427,2027,-7.0815,13.0021
2199,73.300,1402,422,2427,2028,-6.7776,11.5013
2200,73.333,1402,423,2427,2028,-8.0483,11.0589
2201,73.367,1402,423,2427,2028,-8.0671,11.1437
2202,73.400,1401,423,2427,2029,-7.6313,11.5683
2203,73.433,1402,422,2426,2029,4.8630,10.5534
2204,73.467,1402,422,2426,2029,4.6961,9.6814
2205,73.500,1401,425,2425,2028,5.6505,10.6245
2206,73.533,1402,425,2426,2029,5.0156,10.9651
2207,73.567,1401,424,2426,2030,3.6716,11.8577
2208,73.600,1401,425,2426,2031,4.3319,9.6979
2209,73.633,1401,423,2427,2032,5.2894,10.4862
2210,73.667,1400,423,2427,2032,4.7863,11.4054
2211,73.700,1400,425,2426,2032,5.6853,10.8032
2212,73.733,1400,424,2427,2032,4.1941,10.3814
2213,73.767,1400,424,2427,2033,4.0503,11.6385
2214,73.800,1400,425,2427,2031,3.6964,10.6570
2215,73.833,1399,425,2427,2029,6.1295,12.6628
2216,73.867,1399,425,2426,2029,7.4434,12.8876
2217,73.900,1399,425,2427,2028,6.8817,12.6096
2218,73.933,1399,425,2427,2028,7.1995,12.7556
2219,73.967,1399,425,2427,2028,6.7513,12.8523
2220,74.000,1398,423,2428,2029,6.4849,11.7278
2221,74.033,1398,423,2428,2027,5.9483,11.7026
2222,74.067,1398,422,2428,2029,5.6105,12.3096
2223,74.100,1398,421,2429,2029,9.6589,12.3011
2224,74.133,1398,420,2430,2028,9.3631,12.2690
2225,74.167,1399,420,2430,2031,12.5130,11.4986
2226,74.200,1400,422,2430,2032,10.8335,10.2508
2227,74.233,1400,422,2430,2032,11.1929,10.4091
2228,74.267,1400,422,2431,2035,13.1208,10.7909
2229,74.300,1400,422,2432,2035,12.8371,9.3522
2230,74.333,1400,423,2432,2035,10.9631,6.5029
2231,74.367,1401,423,2431,2035,12.2210,9.2368
2232,74.400,1399,423,2432,2034,11.9832,10.1710
2233,74.433,1400,423,2431,2031,10.4032,9.7917
2234,74.467,1399,423,2431,2032,11.4268,9.1406
2235,74.500,1399,423,2431,2033,10.8678,10.6097
2236,74.533,1400,419,2433,2035,11.8057,10.2906
2237,74.567,1401,419,2432,2037,12.8809,7.5077
2238,74.600,1401,419,2432,2037,12.8693,7.5008
2239,74.633,1401,419,2432,2037,12.8751,7.4918
2240,74.667,1401,417,2432,2037,12.6128,7.8893
2241,74.700,1401,418,2432,2037,11.8881,7.8550
2242,74.733,1401,417,2431,2035,14.2551,8.7443
2243,74.767,1401,417,2431,2034,13.8666,10.3205
2244,74.800,1403,431,2430,2030,10.3219,12.1650
2245,74.833,1403,434,2430,2029,8.2778,10.8306
2246,74.867,1403,432,2428,2028,8.1509,13.6515
2247,74.900,1402,432,2428,2028,7.6169,12.0276
2248,74.933,1402,420,2429,2029,5.9032,11.9615
2249,74.967,1403,419,2429,2029,7.1502,11.7643
2250,75.000,1403,423,2428,2030,6.6511,12.7776
2251,75.033,1404,423,2429,2030,5.6999,13.6148
2252,75.067,1404,423,2429,2030,5.2563,13.5068
2253,75.100,1404,424,2429,2031,5.7153,13.0353
2254,75.133,1404,424,2429,2031,6.0792,12.5320
2255,75.167,1403,424,2430,2032,4.8584,8.4185
2256,75.200,1403,424,2430,2032,4.8470,8.7087
2257,75.233,1403,424,2430,2032,4.0766,9.6785
2258,75.267,1402,423,2430,2033,4.9568,10.0675
2259,75.300,1403,423,2431,2033,4.3107,9.9948
2260,75.333,1404,424,2432,2033,0.0230,7.3726
2261,75.367,1403,425,2432,2031,-0.7509,9.1309
2262,75.400,1403,424,2433,2032,-0.3747,10.4893
2263,75.433,1403,425,2433,2031,-1.9329,9.7966
2264,75.467,1402,425,2432,2032,-1.7078,11.9585
2265,75.500,1402,426,2433,2035,-1.7410,8.8311
2266,75.533,1402,426,2433,2035,-1.4508,8.3525
2267,75.567,1402,426,2433,2035,-1.6716,8.1692
2268,75.600,1402,426,2433,2035,-1.6716,8.1692
2269,75.633,1402,426,2433,2035,-1.6716,8.1692
2270,75.667,1403,427,2433,2035,-1.3051,7.6361
2271,75.700,1402,425,2432,2035,-1.7156,10.1812
2272,75.733,1402,425,2431,2035,-3.1155,8.6063
2273,75.767,1402,425,2431,2035,-4.5434,8.8049
2274,75.800,1402,425,2431,2035,-4.5862,9.9002
2275,75.833,1403,423,2430,2035,-4.8010,9.0793
2276,75.867,1403,423,2430,2036,-5.3739,11.4541
2277,75.900,1403,423,2429,2036,-7.8192,10.4293
2278,75.933,1403,422,2429,2035,-7.7231,11.4026
2279,75.967,1404,423,2428,2035,-5.9539,9.6143
2280,76.000,1401,418,2429,2035,-6.5528,11.6472
2281,76.033,1401,418,2429,2035,-5.9909,11.5627
2282,76.067,1401,419,2430,2036,-6.6530,10.6957
2283,76.100,1401,419,2430,2036,-6.6889,10.4124
2284,76.133,1402,419,2430,2036,-4.7024,11.1224
2285,76.167,1402,421,2430,2036,-4.7462,10.5502
2286,76.200,1402,421,2430,2036,-4.7534,10.5478
2287,76.233,1402,421,2430,2036,-4.7534,10.5478
2288,76.267,1402,421,2429,2035,-5.7858,12.5555
2289,76.300,1402,421,2429,2035,-6.4744,11.9082
2290,76.333,1402,422,2428,2036,-5.6893,11.4245
2291,76.367,1402,422,2428,2037,-6.1916,10.7525
2292,76.400,1402,422,2428,2038,-5.5998,8.8065
2293,76.433,1401,420,2428,2038,-1.3051,9.4451
2294,76.467,1402,420,2428,2038,-2.3108,11.3237
2295,76.500,1402,421,2428,2038,-2.7857,8.3825
2296,76.533,1401,421,2428,2038,-1.6117,8.6023
2297,76.567,1402,421,2428,2038,-2.5103,7.8083
2298,76.600,1401,420,2428,2038,0.0775,8.5685
2299,76.633,1401,420,2428,2038,1.0607,8.4349
2300,76.667,1401,419,2428,2038,-2.6537,10.5165
2301,76.700,1400,420,2428,2036,-1.4083,8.9742
2302,76.733,1400,418,2428,2035,0.0645,12.0861
2303,76.767,1399,418,2427,2036,-1.0842,11.3505
2304,76.800,1401,419,2428,2036,-0.4612,10.3597
2305,76.833,1401,418,2427,2034,-1.8876,11.4515
2306,76.867,1401,418,2427,2034,-1.9329,11.4071
2307,76.900,1401,418,2427,2034,-1.9134,11.4563
2308,76.933,1402,420,2427,2032,-2.1623,13.3816
2309,76.967,1402,420,2427,2032,-1.9635,12.8610
2310,77.000,1401,416,2427,2032,-2.4439,14.3860
2311,77.033,1401,418,2428,2033,1.0305,15.8769
2312,77.067,1401,417,2428,2033,1.3629,15.8594
2313,77.100,1401,418,2428,2032,0.3525,13.7584
2314,77.133,1400,417,2428,2033,1.9517,15.6795
2315,77.167,1400,417,2428,2034,5.1630,14.8218
2316,77.200,1400,417,2428,2034,5.5517,14.4238
2317,77.233,1400,417,2429,2034,5.6540,13.3370
2318,77.267,1400,416,2428,2033,5.2334,14.6237
2319,77.300,1400,415,2427,2030,4.4832,14.8146
2320,77.333,1400,415,2427,2031,5.7273,13.6431
2321,77.367,1400,415,2427,2031,5.6877,13.6075
2322,77.400,1400,414,2426,2028,6.4569,17.0723
2323,77.433,1399,415,2426,2030,4.6779,12.9406
2324,77.467,1399,413,2425,2029,9.0916,14.9838
2325,77.500,1399,413,2426,2029,7.7538,17.8749
2326,77.533,1398,413,2426,2029,8.2855,17.0381
2327,77.567,1398,413,2426,2029,8.4117,14.8407
2328,77.600,1398,413,2426,2029,8.5048,14.6312
2329,77.633,1398,413,2426,2029,8.7074,14.5358
2330,77.667,1399,413,2426,2028,7.5520,16.4964
2331,77.700,1398,414,2427,2029,8.4000,13.6287
2332,77.733,1398,414,2427,2028,9.2306,13.4870
2333,77.767,1398,416,2428,2030,10.6794,16.3443
2334,77.800,1398,416,2430,2029,8.6524,16.1805
2335,77.833,1398,415,2429,2029,9.2131,14.5079
2336,77.867,1398,415,2429,2029,8.4164,12.6329
2337,77.900,1398,415,2429,2029,9.2309,11.8380
2338,77.933,1398,416,2430,2028,9.0152,14.9397
2339,77.967,1400,416,2429,2028,9.7487,11.6861
2340,78.000,1401,418,2429,2027,8.2338,11.5479
2341,78.033,1401,418,2430,2027,15.7400,7.7888
2342,78.067,1401,418,2430,2027,15.7400,7.7888
2343,78.100,1401,419,2430,2027,15.2046,7.0413
2344,78.133,1401,418,2430,2027,15.8092,7.2509
2345,78.167,1401,419,2430,2027,15.2125,6.8870
2346,78.200,1401,419,2429,2027,15.8070,7.1490
2347,78.233,1401,419,2429,2027,15.9874,7.0279
2348,78.267,1401,419,2429,2028,14.2944,5.6532
2349,78.300,1401,418,2429,2027,16.0206,8.6724
2350,78.333,1401,418,2429,2027,15.6517,9.0328
2351,78.367,1401,418,2428,2027,15.4136,8.5754
2352,78.400,1400,419,2429,2027,15.9885,6.6528
2353,78.433,1400,418,2429,2028,16.4619,6.5235
2354,78.467,1400,418,2429,2029,15.3362,8.9275
2355,78.500,1399,419,2428,2029,15.8845,8.0934
2356,78.533,1399,420,2429,2031,16.7021,9.9052
2357,78.567,1400,421,2428,2032,17.1188,8.0236
2358,78.600,1399,421,2429,2032,17.2407,12.0763
2359,78.633,1399,421,2429,2033,15.6180,10.4237
2360,78.667,1399,422,2429,2034,17.4399,6.4126
2361,78.700,1399,420,2430,2034,16.6524,8.6564
2362,78.733,1399,420,2430,2036,17.3061,8.2986
2363,78.767,1399,420,2430,2036,17.1667,7.6425
2364,78.800,1399,420,2431,2038,18.5538,7.9754
2365,78.833,1399,419,2431,2039,15.7385,8.9415
2366,78.867,1399,419,2431,2038,16.8140,9.3547
2367,78.900,1399,419,2431,2038,16.6346,9.2098
2368,78.933,1399,419,2431,2038,16.6191,7.6419
2369,78.967,1399,418,2432,2038,16.1927,8.1521
2370,79.000,1400,418,2429,2035,15.2203,12.0218
2371,79.033,1400,416,2430,2035,10.0671,9.9334
2372,79.067,1400,416,2431,2035,9.2811,7.7556
2373,79.100,1400,416,2430,2034,10.3385,10.1700
2374,79.133,1401,416,2430,2034,9.7975,10.9744
2375,79.167,1401,416,2431,2033,8.8337,8.5728
2376,79.200,1401,416,2431,2033,9.0587,8.6947
2377,79.233,1400,417,2431,2032,8.8818,9.4689
2378,79.267,1401,415,2430,2031,9.1473,11.4724
2379,79.300,1401,416,2431,2030,9.0509,7.1709
2380,79.333,1401,416,2430,2030,8.6177,7.4946
2381,79.367,1401,416,2430,2031,8.0005,8.3973
2382,79.400,1401,417,2430,2030,7.5905,7.3278
2383,79.433,1400,416,2430,2029,7.7472,3.6348
2384,79.467,1400,416,2430,2029,7.6587,3.6890
2385,79.500,1400,416,2430,2029,7.5287,3.4263
2386,79.533,1400,416,2429,2028,7.2262,4.8016
2387,79.567,1400,416,2429,2028,6.5109,5.9433
2388,79.600,1400,416,2429,2028,6.4967,5.8777
2389,79.633,1400,417,2428,2028,7.1869,7.9228
2390,79.667,1400,417,2429,2028,5.9317,5.7057
2391,79.700,1400,416,2430,2029,7.3941,5.8309
2392,79.733,1400,416,2430,2029,7.4018,5.8878
2393,79.767,1400,416,2430,2029,7.3396,5.8433
2394,79.800,1400,417,2430,2031,6.8752,7.4547
2395,79.833,1401,417,2432,2031,6.5174,3.7916
2396,79.867,1401,417,2432,2030,7.4515,7.5998
2397,79.900,1401,417,2432,2032,6.1723,7.2860
2398,79.933,1402,413,2431,2030,5.5390,9.4766
2399,79.967,1403,415,2430,2031,5.1324,9.3255
2400,80.000,1403,415,2430,2030,3.3352,13.4859
2401,80.033,1403,416,2430,2029,4.9572,11.2516
2402,80.067,1401,416,2433,2034,7.5310,11.7573
2403,80.100,1401,417,2433,2036,4.2875,9.3799
2404,80.133,1401,418,2432,2032,4.4363,9.9999
2405,80.167,1399,422,2432,2033,7.4193,11.0815
2406,80.200,1399,422,2432,2033,7.3945,11.0619
2407,80.233,1399,424,2432,2033,6.0677,10.3606
2408,80.267,1399,424,2432,2033,6.0849,9.4263
2409,80.300,1399,424,2432,2033,6.5293,8.9567
2410,80.333,1401,426,2431,2033,7.2758,10.0325
2411,80.367,1402,426,2431,2031,1.2023,12.8996
2412,80.400,1403,426,2431,2030,0.3008,12.4306
2413,80.433,1403,425,2432,2031,1.3642,10.6148
2414,80.467,1403,421,2431,2031,-1.9694,14.0241
2415,80.500,1403,422,2430,2031,-0.9965,16.3906
2416,80.533,1402,422,2430,2030,-1.3844,18.1119
2417,80.567,1402,420,2430,2031,-0.8971,15.0623
2418,80.600,1402,422,2429,2031,-1.9428,17.7295
2419,80.633,1403,422,2430,2033,-1.8515,15.5260
2420,80.667,1404,425,2429,2034,-2.7182,15.5465
2421,80.700,1403,424,2429,2034,-3.9355,13.2432
2422,80.733,1403,424,2429,2034,-3.9532,13.2706
2423,80.767,1403,424,2429,2034,-3.9594,13.2920
2424,80.800,1403,424,2429,2033,-2.5511,14.0586
2425,80.833,1403,425,2430,2034,-2.3889,13.1780
2426,80.867,1402,426,2430,2034,-3.1916,15.5017
2427,80.900,1402,425,2431,2034,-2.2152,14.1587
2428,80.933,1402,427,2432,2036,-0.7213,13.9915
2429,80.967,1402,439,2429,2031,5.4109,0.5031
2430,81.000,1402,437,2429,2028,7.7455,2.6560
2431,81.033,1402,437,2429,2028,6.7305,2.4133
2432,81.067,1402,436,2429,2027,6.5495,7.1437
2433,81.100,1403,429,2434,2037,0.1731,13.0288
2434,81.133,1403,428,2434,2036,-0.3817,15.5809
2435,81.167,1403,429,2435,2037,-2.1802,14.5773
2436,81.200,1403,429,2435,2037,-2.2532,14.5251
2437,81.233,1402,429,2435,2037,-2.3640,11.7059
2438,81.267,1402,430,2435,2037,-3.4653,9.7333
2439,81.300,1402,430,2435,2037,-3.5764,9.5423
2440,81.333,1402,430,2435,2037,-3.5764,9.5423
2441,81.367,1402,430,2435,2037,-3.5764,9.5423
2442,81.400,1402,430,2433,2037,-4.5003,13.1485
2443,81.433,1403,431,2434,2036,-5.7330,7.3830
2444,81.467,1404,431,2435,2036,-5.1739,7.0477
2445,81.500,1404,431,2435,2034,-5.3764,5.8807
2446,81.533,1404,431,2434,2034,-6.1070,7.8735
2447,81.567,1403,430,2435,2035,-5.0004,5.8538
2448,81.600,1403,430,2435,2035,-5.0617,5.7006
2449,81.633,1403,431,2435,2035,-3.1404,5.4234
2450,81.667,1403,430,2435,2035,-5.5700,5.5782
2451,81.700,1401,432,2434,2034,5.1576,7.8959
2452,81.733,1401,432,2434,2033,5.1762,8.3488
2453,81.767,1401,431,2434,2033,2.8190,9.4507
2454,81.800,1400,430,2435,2033,3.5295,7.3636
2455,81.833,1400,434,2434,2033,3.3301,8.1660
2456,81.867,1400,436,2434,2035,2.4364,9.0436
2457,81.900,1399,436,2436,2036,12.2794,7.0692
2458,81.933,1399,434,2434,2034,12.6995,11.4270
2459,81.967,1400,433,2434,2038,11.4860,10.6990
2460,82.000,1400,433,2432,2034,10.7218,11.3727
2461,82.033,1399,432,2431,2033,11.4575,10.9716
2462,82.067,1400,433,2431,2033,11.0360,10.2334
2463,82.100,1400,427,2434,2037,9.4345,9.4015
2464,82.133,1400,426,2434,2036,9.3548,8.4230
2465,82.167,1401,427,2434,2037,9.6539,8.7907
2466,82.200,1401,427,2434,2037,9.7025,8.9461
2467,82.233,1401,428,2434,2036,10.7269,9.0676
2468,82.267,1401,427,2435,2036,11.2058,7.8122
2469,82.300,1401,428,2436,2038,10.8511,6.9729
2470,82.333,1401,428,2436,2038,10.8511,6.9729
2471,82.367,1401,428,2436,2038,10.8511,6.9729
2472,82.400,1401,427,2436,2039,9.5447,7.2352
2473,82.433,1401,426,2436,2037,9.3217,8.9892
2474,82.467,1400,426,2436,2037,10.3516,9.8015
2475,82.500,1400,425,2435,2036,8.6241,9.1620
2476,82.533,1400,423,2435,2034,7.7773,9.6542
2477,82.567,1399,427,2434,2034,9.0590,9.3570
2478,82.600,1399,426,2434,2033,9.1609,7.9713
2479,82.633,1399,424,2434,2033,8.3563,9.8571
2480,82.667,1398,424,2434,2034,8.7505,9.3163
2481,82.700,1399,424,2435,2034,9.6080,8.8653
2482,82.733,1398,424,2435,2034,9.8978,9.7639
2483,82.767,1398,424,2435,2035,10.4277,9.2380
2484,82.800,1399,424,2435,2035,9.1098,8.6685
2485,82.833,1399,424,2435,2035,8.7995,8.6521
2486,82.867,1399,424,2435,2035,8.7995,8.6521
2487,82.900,1399,424,2435,2035,8.7995,8.6521
2488,82.933,1399,424,2435,2035,9.0108,9.2455
2489,82.967,1399,424,2435,2035,9.6324,8.9648
2490,83.000,1399,426,2434,2036,9.5798,9.6796
2491,83.033,1399,426,2434,2036,10.0716,9.7386
2492,83.067,1399,426,2434,2036,9.1494,10.5980
2493,83.100,1400,425,2435,2036,8.1953,7.4631
2494,83.133,1400,425,2436,2036,9.5188,8.7187
2495,83.167,1400,428,2436,2037,9.2937,6.9725
2496,83.200,1399,427,2434,2035,9.1614,9.0892
2497,83.233,1399,431,2433,2034,23.3739,6.8260
2498,83.267,1398,432,2434,2034,21.6637,5.3149
2499,83.300,1398,433,2433,2032,23.5368,4.8033
2500,83.333,1398,433,2433,2032,23.5813,4.8169
2501,83.367,1398,433,2433,2032,23.5686,4.8537
2502,83.400,1399,432,2433,2032,22.4465,5.1306
2503,83.433,1399,431,2434,2032,22.2101,5.3522
2504,83.467,1399,431,2433,2031,22.1174,6.5525
2505,83.500,1399,429,2433,2031,22.5570,4.3687
2506,83.533,1398,429,2432,2032,22.6691,5.0651
2507,83.567,1398,427,2433,2031,22.5698,3.2145
2508,83.600,1398,427,2433,2031,21.8805,3.3423
2509,83.633,1398,427,2433,2031,21.9228,3.4414
2510,83.667,1399,427,2433,2031,21.6546,4.6071
2511,83.700,1399,428,2433,2032,21.3291,2.7698
2512,83.733,1398,427,2433,2032,21.2238,4.4890
2513,83.767,1398,427,2433,2031,20.7327,3.4279
2514,83.800,1398,426,2433,2032,21.0509,2.5804
2515,83.833,1398,426,2433,2032,21.2196,2.9122
2516,83.867,1398,426,2433,2032,21.2196,2.9122
2517,83.900,1398,426,2433,2032,21.2196,2.9122
2518,83.933,1398,426,2433,2032,20.9260,2.8002
2519,83.967,1398,426,2433,2032,21.0190,2.7721
2520,84.000,1398,426,2431,2028,26.0513,3.8954
2521,84.033,1397,426,2431,2029,24.1826,2.4529
2522,84.067,1398,426,2431,2029,24.8139,2.7525
2523,84.100,1397,427,2431,2029,23.1485,3.1048
2524,84.133,1397,427,2431,2030,23.1803,3.0891
2525,84.167,1397,426,2432,2031,23.8709,4.4157
2526,84.200,1397,426,2432,2031,24.0889,4.2925
2527,84.233,1397,426,2432,2033,23.3755,5.1025
2528,84.267,1397,427,2432,2032,23.5805,5.8668
2529,84.300,1397,426,2432,2033,24.6747,5.0177
2530,84.333,1398,426,2432,2033,25.7469,4.1999
2531,84.367,1398,426,2433,2033,24.9797,3.3811
2532,84.400,1398,426,2431,2034,24.3673,4.8228
2533,84.433,1398,426,2432,2034,25.8858,5.3612
2534,84.467,1398,426,2432,2034,25.8858,5.3612
2535,84.500,1398,426,2432,2034,25.8118,5.3634
2536,84.533,1399,440,2433,2032,22.0328,5.9279
2537,84.567,1399,445,2430,2028,19.1732,3.2048
2538,84.600,1399,445,2429,2026,16.6899,7.5950
2539,84.633,1399,442,2430,2026,16.4628,7.5334
2540,84.667,1398,442,2432,2028,17.1183,7.7219
2541,84.700,1400,440,2432,2030,4.3671,9.4763
2542,84.733,1400,440,2432,2030,4.3671,9.4763
2543,84.767,1400,440,2432,2030,4.3671,9.4763
2544,84.800,1399,439,2432,2031,4.3284,12.6987
2545,84.833,1398,440,2432,2030,4.8245,11.8723
2546,84.867,1398,440,2432,2030,4.8281,11.8663
2547,84.900,1398,440,2432,2030,4.8010,11.7619
2548,84.933,1399,440,2431,2029,3.7915,13.9219
2549,84.967,1399,440,2431,2028,4.4761,13.2805
2550,85.000,1400,440,2430,2025,2.7293,12.7077
2551,85.033,1400,438,2430,2023,2.8625,11.9308
2552,85.067,1399,438,2427,2023,4.1564,14.0119
2553,85.100,1399,437,2427,2024,4.0721,12.2645
2554,85.133,1400,436,2426,2021,6.9178,11.8221
2555,85.167,1399,435,2426,2022,4.2980,12.5971
2556,85.200,1399,435,2426,2022,4.2319,12.6033
2557,85.233,1399,435,2426,2022,4.2354,12.6039
2558,85.267,1399,434,2427,2022,3.7868,12.4398
2559,85.300,1399,434,2428,2023,5.0919,11.8461
2560,85.333,1399,432,2426,2024,4.6326,14.2383
2561,85.367,1398,432,2426,2023,2.6538,14.7553
2562,85.400,1399,427,2426,2026,-8.2352,12.4073
2563,85.433,1400,429,2426,2027,-6.6770,15.2836
2564,85.467,1401,431,2425,2027,-6.0281,14.2216
2565,85.500,1401,432,2425,2026,-7.8778,16.7737
2566,85.533,1402,433,2426,2026,-4.9235,15.5959
2567,85.567,1403,433,2426,2026,-5.7837,14.6203
2568,85.600,1403,433,2426,2025,-6.1134,15.8017
2569,85.633,1403,433,2426,2025,-6.1681,15.8190
2570,85.667,1403,435,2425,2025,-6.7394,14.7973
2571,85.700,1402,435,2426,2025,-6.2230,15.3262
2572,85.733,1402,432,2426,2025,-6.3015,14.6102
2573,85.767,1402,432,2426,2025,-6.3097,14.8281
2574,85.800,1403,432,2426,2026,-5.8016,15.5764
2575,85.833,1403,429,2426,2024,-6.8881,14.7349
2576,85.867,1402,429,2426,2025,-5.4674,14.8204
2577,85.900,1402,429,2426,2024,-5.7265,15.0461
2578,85.933,1402,431,2425,2023,-4.3464,15.0263
2579,85.967,1403,430,2425,2023,-5.7767,13.4957
2580,86.000,1402,431,2427,2025,-4.6636,14.7023
2581,86.033,1402,429,2427,2023,-0.1885,13.9342
2582,86.067,1402,429,2427,2023,-0.3422,13.7491
2583,86.100,1403,428,2427,2024,-0.2251,14.0958
2584,86.133,1403,427,2428,2024,-0.5704,11.4287
2585,86.167,1403,426,2428,2024,-0.0222,11.7966
2586,86.200,1403,425,2428,2024,0.2365,10.0721
2587,86.233,1404,427,2431,2025,1.1925,9.1194
2588,86.267,1404,427,2431,2025,1.4453,9.0029
2589,86.300,1404,428,2431,2025,2.3541,6.1274
2590,86.333,1404,428,2431,2025,2.5301,5.9071
2591,86.367,1403,428,2431,2026,1.6186,5.7014
2592,86.400,1403,429,2431,2026,1.9253,7.5274
2593,86.433,1402,430,2430,2025,1.3555,8.6635
2594,86.467,1402,430,2429,2024,1.7966,7.9103
2595,86.500,1402,429,2429,2023,1.2584,6.5194
2596,86.533,1402,429,2429,2025,1.8679,8.7896
2597,86.567,1402,431,2429,2024,2.7888,8.2304
2598,86.600,1402,432,2429,2025,2.8154,8.2755
2599,86.633,1401,431,2429,2025,3.5573,8.0066
2600,86.667,1401,430,2430,2026,3.0680,7.1141
2601,86.700,1402,429,2430,2026,-0.2616,5.7466
2602,86.733,1402,429,2430,2026,-0.2602,5.7695
2603,86.767,1402,429,2430,2026,-0.1362,5.7336
2604,86.800,1402,429,2429,2027,0.8155,6.1302
2605,86.833,1403,430,2429,2025,1.3786,7.3399
2606,86.867,1403,431,2430,2026,-4.5838,6.7663
2607,86.900,1403,431,2429,2026,-4.8816,6.4366
2608,86.933,1403,430,2430,2026,-4.9951,6.6926
2609,86.967,1404,431,2429,2025,-5.9464,8.3106
2610,87.000,1405,431,2428,2024,-6.4154,10.0112
2611,87.033,1405,433,2427,2024,-6.0985,11.2732
2612,87.067,1405,432,2428,2025,-5.1938,11.2379
2613,87.100,1405,432,2428,2025,-5.1369,11.3099
2614,87.133,1405,433,2428,2025,-6.1396,11.4065
2615,87.167,1405,432,2428,2026,-5.3923,11.4347
2616,87.200,1405,432,2428,2026,-5.3923,11.4347
2617,87.233,1405,432,2428,2026,-5.3923,11.4347
2618,87.267,1404,432,2428,2025,-4.6215,11.1271
2619,87.300,1404,433,2428,2025,-4.3734,7.2639
2620,87.333,1404,432,2428,2026,-4.7967,12.5418
2621,87.367,1404,432,2428,2026,-4.7606,12.5414
2622,87.400,1405,432,2428,2026,-5.4298,10.9692
2623,87.433,1405,431,2427,2025,-4.2199,11.0932
2624,87.467,1404,429,2427,2023,-2.1791,10.1105
2625,87.500,1405,428,2426,2022,2.3832,8.6191
2626,87.533,1404,429,2425,2022,-0.1773,7.6642
2627,87.567,1403,430,2425,2024,2.4359,10.0683
2628,87.600,1403,430,2425,2023,1.7079,10.2736
2629,87.633,1403,430,2425,2026,1.7518,8.8338
2630,87.667,1403,429,2425,2026,1.4785,8.2207
2631,87.700,1403,429,2425,2024,1.7740,8.6847
2632,87.733,1403,429,2425,2024,1.8022,8.5611
2633,87.767,1404,429,2425,2024,1.4840,7.4160
2634,87.800,1404,428,2426,2023,1.2222,5.7528
2635,87.833,1404,428,2426,2024,1.7476,5.7746
2636,87.867,1404,428,2426,2024,0.7521,4.7657
2637,87.900,1403,427,2426,2024,7.3859,8.2593
2638,87.933,1403,427,2426,2024,7.4817,8.7184
2639,87.967,1402,425,2426,2023,9.5127,9.3083
2640,88.000,1403,425,2428,2024,10.6079,6.4340
2641,88.033,1403,425,2428,2024,10.4743,6.9703
2642,88.067,1403,426,2428,2025,9.5819,8.5186
2643,88.100,1403,426,2428,2025,9.6645,8.5767
2644,88.133,1403,428,2428,2024,7.5607,8.5038
2645,88.167,1403,430,2428,2023,11.4105,8.2711
2646,88.200,1403,430,2427,2023,10.7171,7.9373
2647,88.233,1403,431,2427,2023,10.3813,9.3321
2648,88.267,1404,430,2427,2024,9.8347,8.8450
2649,88.300,1405,431,2426,2024,9.3094,9.4811
2650,88.333,1404,430,2426,2023,8.3589,10.9659
2651,88.367,1405,430,2426,2023,9.2270,10.8986
2652,88.400,1403,431,2426,2021,8.5992,6.6229
2653,88.433,1403,441,2417,2013,12.1610,-2.8840
2654,88.467,1403,442,2417,2012,12.9005,-2.9045
2655,88.500,1403,441,2417,2012,13.0216,-3.1904
2656,88.533,1405,436,2421,2018,13.0370,6.6607
2657,88.567,1405,438,2421,2018,13.9018,6.7698
2658,88.600,1403,435,2425,2022,11.5443,7.1742
2659,88.633,1404,437,2426,2025,11.4877,6.7012
2660,88.667,1405,437,2426,2025,11.9160,6.9217
2661,88.700,1404,436,2427,2025,12.5571,7.8509
2662,88.733,1404,436,2427,2025,12.5571,7.8509
2663,88.767,1405,436,2426,2025,10.8015,5.4332
2664,88.800,1405,436,2426,2025,11.0011,5.5216
2665,88.833,1404,437,2426,2025,12.3123,7.2073
2666,88.867,1404,437,2426,2025,12.3123,7.2073
2667,88.900,1404,437,2426,2025,12.3123,7.2073
2668,88.933,1403,439,2428,2023,15.8777,11.4086
2669,88.967,1403,440,2428,2025,14.0730,10.4820
2670,89.000,1404,439,2429,2025,12.6074,9.1713
2671,89.033,1403,439,2429,2025,12.8813,8.6760
2672,89.067,1403,439,2429,2025,13.3018,8.8648
2673,89.100,1403,438,2429,2024,13.1653,9.9956
2674,89.133,1403,438,2429,2025,13.4294,9.2117
2675,89.167,1403,437,2429,2024,12.9908,9.7469
2676,89.200,1403,438,2429,2025,13.1732,9.0374
2677,89.233,1403,438,2429,2025,13.1401,9.0313
2678,89.267,1403,437,2429,2025,13.4799,8.5946
2679,89.300,1403,437,2429,2026,14.0135,8.5672
2680,89.333,1403,437,2429,2026,14.0148,8.5421
2681,89.367,1403,437,2429,2026,14.5096,8.3615
2682,89.400,1403,438,2429,2026,15.0237,10.1062
2683,89.433,1403,436,2426,2026,16.4339,5.9108
2684,89.467,1403,436,2426,2026,16.8598,5.5246
2685,89.500,1403,435,2426,2027,15.0634,7.5189
2686,89.533,1403,435,2426,2026,15.8049,7.7443
2687,89.567,1402,435,2426,2026,17.7220,6.9004
2688,89.600,1402,435,2426,2025,18.0521,4.2681
2689,89.633,1402,435,2426,2025,18.0548,4.5885
2690,89.667,1402,435,2426,2026,18.3053,6.7490
2691,89.700,1402,435,2427,2025,17.5258,6.1173
2692,89.733,1401,436,2427,2024,18.5616,3.6808
2693,89.767,1401,436,2427,2024,18.5650,3.6788
2694,89.800,1401,436,2427,2024,18.3340,3.8444
2695,89.833,1401,436,2427,2025,17.8212,4.4082
2696,89.867,1401,436,2427,2025,17.8169,4.3735
2697,89.900,1402,436,2427,2025,17.1106,4.3977
2698,89.933,1402,436,2427,2025,16.9843,4.3359
2699,89.967,1402,436,2427,2025,16.7327,4.4524
2700,90.000,1401,437,2427,2026,20.6713,5.8430
2701,90.033,1401,438,2427,2027,19.8409,7.6713
2702,90.067,1401,438,2427,2027,19.5886,7.7970
2703,90.100,1401,438,2427,2027,19.6330,7.3509
2704,90.133,1401,438,2428,2029,18.9054,6.1215
2705,90.167,1401,437,2428,2029,18.8322,4.7562
2706,90.200,1401,437,2428,2029,18.8322,4.7562
2707,90.233,1401,437,2428,2029,18.8322,4.7562
2708,90.267,1401,438,2428,2029,18.9512,6.2358
2709,90.300,1401,437,2426,2026,19.2923,4.6839
2710,90.333,1401,437,2426,2026,18.6309,4.7438
2711,90.367,1401,438,2425,2026,17.7386,6.5486
2712,90.400,1403,436,2425,2025,17.9175,8.6566
2713,90.433,1403,435,2424,2024,17.9379,8.6450
2714,90.467,1403,435,2424,2024,18.0965,8.5642
2715,90.500,1403,435,2425,2025,17.5231,8.1909
2716,90.533,1403,435,2424,2024,18.9507,8.0097
2717,90.567,1404,436,2423,2023,18.1241,8.5495
2718,90.600,1404,436,2423,2023,18.1644,9.1760
2719,90.633,1403,436,2424,2023,18.0297,8.1217
2720,90.667,1404,436,2423,2026,19.4611,7.8008
2721,90.700,1404,436,2423,2026,19.3109,7.8411
2722,90.733,1404,436,2423,2026,19.3109,7.8411
2723,90.767,1404,436,2423,2026,19.3109,7.8411
2724,90.800,1404,436,2423,2026,19.2864,8.1208
2725,90.833,1403,436,2423,2027,21.4095,7.2705
2726,90.867,1403,438,2423,2027,21.8839,7.0134
2727,90.900,1403,437,2423,2026,23.1995,4.9937
2728,90.933,1402,436,2424,2026,25.0668,4.8824
2729,90.967,1402,436,2423,2025,24.0526,4.6268
2730,91.000,1401,439,2423,2025,23.8240,2.9214
2731,91.033,1401,439,2423,2025,23.9626,2.6894
2732,91.067,1401,439,2423,2026,24.2555,1.9480
2733,91.100,1401,439,2423,2026,24.4109,1.7206
2734,91.133,1401,439,2424,2027,25.1908,1.1296
2735,91.167,1401,439,2423,2025,25.0416,1.6464
2736,91.200,1401,439,2423,2025,25.0285,1.6328
2737,91.233,1402,438,2423,2025,26.7752,3.7376
2738,91.267,1401,438,2422,2022,23.3104,4.8641
2739,91.300,1402,441,2424,2021,13.1873,8.6566
2740,91.333,1403,441,2425,2021,12.7059,9.0046
2741,91.367,1403,440,2424,2020,10.0051,9.4814
2742,91.400,1402,441,2425,2021,13.1991,7.2901
2743,91.433,1402,440,2425,2020,12.4935,7.6870
2744,91.467,1402,439,2426,2021,11.8721,8.2976
2745,91.500,1403,439,2426,2021,11.7469,9.9846
2746,91.533,1402,439,2426,2021,11.8969,7.9998
2747,91.567,1402,438,2426,2021,12.1248,8.4755
2748,91.600,1402,438,2426,2021,12.1325,8.4792
2749,91.633,1402,439,2426,2021,11.7346,8.7117
2750,91.667,1402,438,2426,2021,12.3252,8.4685
2751,91.700,1402,438,2427,2021,12.9767,7.4929
2752,91.733,1401,438,2427,2021,12.7488,7.3701
2753,91.767,1403,439,2426,2022,-0.4791,8.7940
2754,91.800,1403,437,2426,2021,-1.9137,10.6340
2755,91.833,1403,437,2426,2020,-4.2813,9.3000
2756,91.867,1403,436,2426,2019,-4.6707,9.3775
2757,91.900,1403,436,2426,2019,-4.6707,9.3775
2758,91.933,1404,435,2426,2019,-4.6613,13.9105
2759,91.967,1403,435,2426,2020,-4.8795,13.6452
2760,92.000,1404,432,2428,2021,-3.5120,11.0304
2761,92.033,1404,431,2428,2021,-3.7704,8.3036
2762,92.067,1404,431,2428,2021,-3.6843,7.7069
2763,92.100,1404,431,2428,2021,-3.8165,8.0209
2764,92.133,1404,430,2428,2022,-4.8118,9.2087
2765,92.167,1403,430,2427,2020,-5.4984,8.8971
2766,92.200,1403,430,2427,2020,-5.7045,8.8945
2767,92.233,1403,430,2427,2020,-5.8438,9.1594
2768,92.267,1403,429,2427,2020,-5.4153,10.2187
2769,92.300,1402,429,2426,2021,-5.7138,10.0782
2770,92.333,1402,429,2426,2021,-5.7246,10.1508
2771,92.367,1403,429,2426,2022,-5.0010,9.5177
2772,92.400,1402,426,2425,2021,-2.9186,11.3665
2773,92.433,1402,428,2424,2020,-1.6120,12.2889
2774,92.467,1402,427,2424,2019,-3.8239,9.0892
2775,92.500,1401,428,2424,2020,-2.0670,11.3072
2776,92.533,1402,428,2424,2020,-2.2933,11.9411
2777,92.567,1402,427,2425,2020,-2.3757,9.6830
2778,92.600,1402,427,2425,2020,-2.4182,9.6933
2779,92.633,1402,427,2424,2020,-3.6733,13.0554
2780,92.667,1402,428,2425,2021,-1.6974,12.7532
2781,92.700,1402,427,2425,2020,-2.3200,11.0755
2782,92.733,1402,427,2425,2020,-2.3200,11.0755
2783,92.767,1402,427,2425,2020,-2.3849,11.0358
2784,92.800,1402,428,2425,2020,-1.2947,12.6169
2785,92.833,1402,427,2425,2020,-2.1644,9.6700
2786,92.867,1402,427,2425,2020,-2.1819,9.3575
2787,92.900,1402,427,2425,2020,-2.5519,10.0552
2788,92.933,1402,427,2426,2021,-0.8398,10.7189
2789,92.967,1402,425,2426,2022,-1.8833,10.4221
2790,93.000,1402,430,2423,2021,0.7938,10.0301
2791,93.033,1403,431,2426,2021,0.9422,11.5100
2792,93.067,1399,427,2424,2022,-0.0090,6.3477
2793,93.100,1398,429,2424,2021,0.0220,10.2117
2794,93.133,1399,427,2426,2023,-0.2415,8.8312
2795,93.167,1400,428,2426,2024,0.4979,7.9005
2796,93.200,1400,428,2426,2024,1.3349,7.6193
2797,93.233,1400,428,2425,2023,0.7000,7.0038
2798,93.267,1400,428,2424,2023,0.6792,8.3596
2799,93.300,1400,428,2424,2023,0.6792,8.3596
2800,93.333,1400,428,2424,2023,0.6792,8.3596
2801,93.367,1401,428,2424,2023,0.6296,8.1535
2802,93.400,1401,428,2424,2023,0.5811,8.6030
2803,93.433,1400,429,2423,2024,0.2207,10.7758
2804,93.467,1400,429,2423,2023,0.0458,8.9949
2805,93.500,1401,428,2425,2024,-2.0341,10.2922
2806,93.533,1401,428,2424,2025,-2.8083,8.9141
2807,93.567,1401,428,2424,2025,-2.8152,8.9302
2808,93.600,1401,428,2424,2025,-2.8152,8.9302
2809,93.633,1401,428,2425,2025,-2.6130,9.9264
2810,93.667,1402,428,2426,2025,-1.6821,10.8716
2811,93.700,1401,429,2425,2024,-2.3604,11.4774
2812,93.733,1401,429,2425,2024,-2.4290,10.7823
2813,93.767,1402,429,2425,2025,-2.2124,9.8911
2814,93.800,1401,428,2424,2023,-2.8337,9.3284
2815,93.833,1401,430,2424,2026,-3.0086,11.4215
2816,93.867,1401,429,2425,2027,-2.1106,8.7487
2817,93.900,1399,429,2425,2029,-3.0514,12.9735
2818,93.933,1399,428,2425,2030,-3.7171,12.5458
2819,93.967,1399,428,2425,2028,-2.8171,13.0531
2820,94.000,1402,428,2428,2029,-2.5150,13.3433
2821,94.033,1402,428,2428,2029,-2.4150,13.1843
2822,94.067,1402,428,2428,2029,-2.4150,13.1843
2823,94.100,1401,426,2427,2028,1.6162,14.2396
2824,94.133,1401,425,2427,2029,2.9574,13.5307
2825,94.167,1401,426,2427,2028,1.7131,13.9174
2826,94.200,1401,426,2427,2028,2.8003,12.6299
2827,94.233,1401,426,2427,2028,2.4871,12.9872
2828,94.267,1401,426,2427,2027,3.0281,11.1808
2829,94.300,1402,427,2427,2025,1.8281,12.5161
2830,94.333,1403,427,2427,2024,3.2874,10.5059
2831,94.367,1403,426,2427,2026,2.2105,10.6521
2832,94.400,1402,427,2427,2027,0.9887,12.9134
2833,94.433,1403,427,2427,2026,2.1898,12.2469
2834,94.467,1402,427,2427,2026,1.5391,13.6920
2835,94.500,1402,427,2427,2026,1.6301,12.7834
2836,94.533,1403,427,2426,2028,2.4117,7.9450
2837,94.567,1401,427,2428,2030,0.6473,10.3189
2838,94.600,1400,429,2429,2030,8.2375,13.1803
2839,94.633,1400,429,2429,2031,8.3528,13.9291
2840,94.667,1400,428,2429,2030,9.3308,12.8096
2841,94.700,1400,429,2428,2029,9.7675,12.4864
2842,94.733,1400,428,2429,2030,9.9167,11.7449
2843,94.767,1400,428,2429,2030,9.9508,11.5844
2844,94.800,1400,426,2429,2027,9.5563,9.7212
2845,94.833,1400,426,2429,2027,10.0347,9.6649
2846,94.867,1400,426,2428,2027,9.9510,12.1756
2847,94.900,1400,426,2428,2027,9.9510,12.1756
2848,94.933,1400,426,2428,2027,9.9128,12.0591
2849,94.967,1400,426,2428,2027,9.9019,12.0357
2850,95.000,1401,425,2426,2023,10.4184,11.0991
2851,95.033,1401,426,2426,2023,11.6899,10.2206
2852,95.067,1402,428,2426,2023,10.4669,10.1917
2853,95.100,1401,428,2426,2023,10.5522,10.0816
2854,95.133,1402,429,2426,2022,11.3899,8.3813
2855,95.167,1401,429,2426,2024,12.2475,9.5305
2856,95.200,1401,429,2426,2024,12.0921,9.3075
2857,95.233,1401,429,2426,2024,12.1344,9.1565
2858,95.267,1403,429,2425,2024,11.7691,8.9341
2859,95.300,1403,430,2425,2024,12.2092,10.5926
2860,95.333,1403,430,2425,2024,12.3646,10.5528
2861,95.367,1402,430,2425,2024,13.0933,10.4240
2862,95.400,1402,429,2425,2025,15.3326,10.2324
2863,95.433,1402,429,2425,2024,15.8590,9.8001
2864,95.467,1402,428,2425,2024,15.2732,8.9871
2865,95.500,1402,428,2425,2024,15.4808,8.8768
2866,95.533,1403,428,2425,2024,15.2104,8.0836
2867,95.567,1403,428,2425,2024,15.2130,5.5025
2868,95.600,1403,427,2425,2024,14.9510,9.1080
2869,95.633,1403,427,2425,2024,15.0963,9.5708
2870,95.667,1403,425,2425,2022,15.1143,12.9638
2871,95.700,1403,429,2425,2022,15.6432,6.1401
2872,95.733,1403,428,2426,2022,14.6172,6.5416
2873,95.767,1403,430,2426,2023,14.5634,11.1425
2874,95.800,1405,437,2422,2017,9.1463,12.4632
2875,95.833,1406,438,2422,2016,10.9189,9.9027
2876,95.867,1406,438,2422,2016,10.8672,9.1784
2877,95.900,1406,439,2422,2016,10.8349,7.5632
2878,95.933,1407,438,2422,2016,11.4427,7.8117
2879,95.967,1407,438,2422,2016,11.5797,7.4302
2880,96.000,1405,438,2421,2016,10.5010,8.6512
2881,96.033,1405,437,2421,2016,11.4754,9.0628
2882,96.067,1405,437,2421,2016,11.4754,9.0628
2883,96.100,1405,437,2421,2016,11.4754,9.0628
2884,96.133,1405,437,2421,2017,10.8874,9.2670
2885,96.167,1405,435,2421,2017,9.1611,6.7726
2886,96.200,1405,435,2421,2017,9.1611,6.7726
2887,96.233,1405,433,2419,2016,-1.5173,8.6997
2888,96.267,1406,434,2419,2016,-2.3307,9.8221
2889,96.300,1405,431,2420,2016,-0.8267,9.2418
2890,96.333,1405,430,2421,2017,-0.9087,10.6306
2891,96.367,1405,430,2421,2017,-0.9087,10.6306
2892,96.400,1405,431,2421,2016,-1.6348,12.1352
2893,96.433,1405,430,2420,2016,-0.0657,11.9771
2894,96.467,1405,430,2420,2016,-0.0657,11.9771
2895,96.500,1405,430,2420,2016,0.1187,12.1930
2896,96.533,1404,430,2420,2016,0.0876,9.7246
2897,96.567,1405,428,2420,2017,1.3674,12.7914
2898,96.600,1405,430,2420,2016,-6.2167,13.3785
2899,96.633,1405,429,2420,2017,-6.2658,14.0073
2900,96.667,1404,428,2420,2017,-6.8522,14.1219
2901,96.700,1403,429,2421,2021,-8.2756,13.4729
2902,96.733,1401,430,2422,2026,-9.4492,11.1366
2903,96.767,1401,430,2422,2026,-9.4554,11.1221
2904,96.800,1401,429,2422,2025,-10.4066,14.1943
2905,96.833,1401,428,2423,2024,-9.3848,12.4591
2906,96.867,1401,428,2423,2024,-9.3896,12.4914
2907,96.900,1401,429,2422,2023,-8.8380,12.6639
2908,96.933,1401,428,2422,2021,-7.6555,13.1572
2909,96.967,1401,428,2422,2022,-7.5127,11.2280
2910,97.000,1403,427,2424,2020,-5.1564,13.9345
2911,97.033,1404,429,2423,2020,-6.5681,13.8009
2912,97.067,1404,429,2423,2019,-6.6161,14.6740
2913,97.100,1404,429,2423,2019,-6.7069,15.0538
2914,97.133,1403,431,2423,2020,-6.4032,11.5434
2915,97.167,1404,430,2423,2019,-5.5115,12.3190
2916,97.200,1404,429,2423,2018,-5.6129,12.3890
2917,97.233,1405,429,2423,2018,-6.4202,13.7912
2918,97.267,1405,427,2423,2017,-4.8502,13.8912
2919,97.300,1405,427,2424,2017,-4.1750,12.3400
2920,97.333,1405,427,2425,2017,-4.1188,12.4354
2921,97.367,1406,428,2425,2016,-6.3509,9.9987
2922,97.400,1407,430,2426,2016,-7.0698,6.0921
2923,97.433,1406,430,2424,2014,-7.0581,8.1850
2924,97.467,1405,429,2424,2014,-8.4604,8.5955
2925,97.500,1404,427,2424,2015,-7.1865,10.0345
2926,97.533,1404,423,2422,2015,-6.0204,10.0249
2927,97.567,1404,429,2423,2015,-7.6141,10.2931
2928,97.600,1404,434,2426,2014,-0.5951,11.1194
2929,97.633,1404,434,2425,2016,0.7482,10.5356
2930,97.667,1404,424,2423,2011,0.3779,9.5306
2931,97.700,1401,428,2423,2006,-1.9583,9.6646
2932,97.733,1401,433,2423,2009,-1.7066,13.0372
2933,97.767,1402,432,2423,2007,-0.8243,11.0905
2934,97.800,1402,434,2422,2006,3.3740,11.5989
2935,97.833,1401,434,2423,2008,2.3962,11.6878
2936,97.867,1401,434,2424,2008,2.1670,12.6746
2937,97.900,1401,434,2424,2007,0.5952,10.9960
2938,97.933,1402,434,2425,2010,3.9166,12.6274
2939,97.967,1402,433,2425,2011,5.8752,11.2235
2940,98.000,1402,437,2423,2011,4.8818,9.4002
2941,98.033,1403,436,2424,2011,3.2304,10.9478
2942,98.067,1404,435,2423,2011,5.8905,12.4382
2943,98.100,1403,434,2423,2012,7.2101,10.2393
2944,98.133,1403,429,2423,2016,4.3300,11.6074
2945,98.167,1402,430,2421,2014,4.3378,12.2772
2946,98.200,1402,428,2422,2018,4.2819,10.5059
2947,98.233,1401,426,2422,2019,2.6480,12.4998
2948,98.267,1401,426,2422,2019,3.2895,10.5191
2949,98.300,1401,426,2422,2019,3.2857,10.5407
2950,98.333,1401,426,2422,2019,3.2625,10.4950
2951,98.367,1401,426,2422,2020,4.5248,10.4253
2952,98.400,1402,424,2424,2020,4.3739,10.0933
2953,98.433,1402,424,2423,2020,6.4046,11.3095
2954,98.467,1401,420,2422,2018,1.5062,11.0173
2955,98.500,1401,419,2423,2018,1.7099,12.7988
2956,98.533,1402,420,2422,2020,2.3726,13.0909
2957,98.567,1401,421,2422,2020,2.4291,11.1607
2958,98.600,1401,419,2423,2020,1.7725,12.5118
2959,98.633,1401,421,2422,2021,2.9038,13.1985
2960,98.667,1402,424,2423,2020,7.8620,14.5165
2961,98.700,1402,424,2423,2020,8.0116,14.3398
2962,98.733,1402,424,2423,2020,8.4318,14.1072
2963,98.767,1402,423,2423,2019,9.1413,12.7038
2964,98.800,1402,423,2423,2020,9.3332,13.9480
2965,98.833,1402,423,2423,2020,9.3332,13.9480
2966,98.867,1402,423,2423,2020,9.3332,13.9480
2967,98.900,1402,424,2423,2020,9.3502,13.9921
2968,98.933,1401,424,2422,2019,8.8635,12.8712
2969,98.967,1401,424,2421,2019,8.9914,13.8373
2970,99.000,1401,424,2422,2019,8.9458,12.9320
2971,99.033,1401,424,2421,2019,9.1550,14.9997
2972,99.067,1400,425,2422,2018,11.7016,13.2179
2973,99.100,1401,425,2421,2018,12.1401,13.0418
2974,99.133,1400,425,2422,2020,12.1050,13.9819
2975,99.167,1401,425,2422,2021,13.5555,12.7086
2976,99.200,1401,426,2422,2024,11.2666,11.0147
2977,99.233,1401,426,2422,2024,11.2666,11.0147
2978,99.267,1400,425,2423,2023,10.6621,14.8573
2979,99.300,1400,425,2422,2023,11.1222,13.0862
2980,99.333,1400,425,2422,2023,11.1222,13.0862
2981,99.367,1400,425,2422,2023,11.1222,13.0862
2982,99.400,1400,426,2422,2023,9.7649,12.7354
2983,99.433,1400,427,2422,2023,11.1045,12.0774
2984,99.467,1400,427,2422,2023,11.1045,12.0774
2985,99.500,1402,427,2422,2021,12.3687,15.7377
2986,99.533,1402,428,2423,2022,13.1059,8.6331
2987,99.567,1401,428,2423,2021,13.1106,6.0630
2988,99.600,1401,428,2423,2021,12.8436,6.2500
2989,99.633,1401,430,2420,2021,14.3740,10.4768
2990,99.667,1402,430,2421,2022,14.4328,8.4237
2991,99.700,1401,430,2421,2023,14.1762,8.0519
2992,99.733,1401,430,2421,2023,14.1762,8.0519
2993,99.767,1401,430,2421,2023,14.1884,8.0636
2994,99.800,1402,430,2421,2023,15.4384,8.7973
2995,99.833,1402,430,2422,2023,15.1863,9.1142
2996,99.867,1402,430,2422,2023,15.1863,9.1142
2997,99.900,1402,430,2422,2022,15.1089,9.1983
2998,99.933,1402,429,2421,2023,15.1685,5.6294
2999,99.967,1402,428,2421,2023,13.5613,8.5653
3000,100.000,1402,428,2420,2021,13.4438,11.5458
3001,100.033,1401,425,2424,2022,14.1177,8.9917
3002,100.067,1402,425,2424,2022,12.8510,9.4106
3003,100.100,1402,425,2424,2023,12.6466,8.4482
3004,100.133,1401,424,2425,2024,13.6970,9.4475
3005,100.167,1400,424,2425,2024,12.8409,6.1859
3006,100.200,1400,425,2424,2025,12.4247,8.4095
3007,100.233,1400,425,2424,2025,12.4082,8.3916
3008,100.267,1401,424,2425,2025,13.0421,10.5017
3009,100.300,1401,424,2426,2025,13.3597,7.7629
3010,100.333,1401,424,2426,2025,13.3621,7.7331
3011,100.367,1401,424,2426,2025,13.0867,7.4091
3012,100.400,1401,424,2426,2025,13.3543,8.1220
3013,100.433,1402,423,2427,2024,6.3558,8.0772
3014,100.467,1402,424,2427,2024,7.8013,7.1747
3015,100.500,1402,424,2428,2024,8.6376,8.9879
3016,100.533,1402,423,2428,2024,6.5598,9.7402
3017,100.567,1402,423,2428,2024,6.4818,9.6516
3018,100.600,1402,423,2428,2023,7.5626,10.1072
3019,100.633,1402,423,2428,2023,7.8403,10.2677
3020,100.667,1402,423,2428,2023,8.3519,9.8117
3021,100.700,1402,422,2428,2022,6.4226,9.9348
3022,100.733,1403,422,2428,2023,5.6773,9.9433
3023,100.767,1402,422,2428,2023,5.8033,10.4727
3024,100.800,1402,423,2428,2023,8.2633,8.9808
3025,100.833,1402,423,2428,2023,8.3174,8.2740
3026,100.867,1403,424,2428,2024,7.6877,8.9968
3027,100.900,1402,423,2428,2022,16.2206,8.5604
3028,100.933,1403,423,2428,2023,15.8344,8.2650
3029,100.967,1402,424,2427,2024,14.4424,9.4960
3030,101.000,1402,425,2428,2023,15.1904,4.1834
3031,101.033,1402,425,2427,2024,17.2140,8.7041
3032,101.067,1402,426,2427,2024,15.4196,7.0095
3033,101.100,1402,426,2427,2023,17.3916,7.2411
3034,101.133,1402,426,2427,2023,16.8867,7.7316
3035,101.167,1402,425,2427,2023,15.6242,6.9325
3036,101.200,1402,425,2427,2023,15.7217,7.3188
3037,101.233,1402,425,2427,2023,16.1511,7.2789
3038,101.267,1402,426,2427,2023,17.5325,7.0378
3039,101.300,1402,427,2426,2023,16.4553,6.5097
3040,101.333,1402,427,2426,2023,16.2840,6.4405
3041,101.367,1402,427,2426,2023,16.0288,6.6466
3042,101.400,1402,428,2426,2023,15.9736,9.5023
3043,101.433,1402,426,2426,2023,14.8845,7.4978
3044,101.467,1402,426,2426,2023,15.0558,7.0068
3045,101.500,1402,426,2426,2023,14.7928,7.4980
3046,101.533,1402,426,2426,2024,15.0951,8.8209
3047,101.567,1402,427,2426,2024,15.9971,8.5703
3048,101.600,1402,427,2426,2024,16.3088,8.1465
3049,101.633,1402,427,2426,2024,16.5052,8.2406
3050,101.667,1402,428,2426,2024,15.4145,7.0430
3051,101.700,1402,429,2426,2024,15.0366,9.4213
3052,101.733,1402,429,2426,2024,14.9124,9.2613
3053,101.767,1402,429,2426,2025,15.8258,7.9240
3054,101.800,1401,429,2426,2026,15.4697,7.9268
3055,101.833,1401,430,2426,2026,17.4526,8.8447
3056,101.867,1402,430,2426,2026,15.7311,10.2624
3057,101.900,1401,430,2426,2026,17.0656,9.6780
3058,101.933,1401,431,2424,2025,18.8105,9.6280
3059,101.967,1401,431,2424,2025,18.6882,10.1839
3060,102.000,1403,436,2424,2024,20.9772,8.3804
3061,102.033,1402,437,2425,2025,21.1480,6.8634
3062,102.067,1403,436,2425,2025,20.5396,7.3974
3063,102.100,1403,436,2425,2025,20.5396,7.3974
3064,102.133,1402,434,2425,2022,20.5417,5.9143
3065,102.167,1402,435,2425,2020,20.0263,5.0742
3066,102.200,1402,434,2426,2020,19.7960,6.9135
3067,102.233,1402,434,2426,2020,19.8896,6.4376
3068,102.267,1402,435,2426,2019,21.2955,7.0878
3069,102.300,1401,434,2426,2019,21.2327,7.7561
3070,102.333,1401,434,2426,2019,21.1244,7.7280
3071,102.367,1401,434,2426,2019,21.1230,7.8285
3072,102.400,1401,434,2426,2019,21.0365,7.6867
3073,102.433,1400,434,2426,2020,20.2491,7.4385
3074,102.467,1400,431,2424,2028,17.8990,11.8538
3075,102.500,1400,431,2424,2028,18.3911,11.7094
3076,102.533,1400,431,2424,2028,18.3338,11.7078
3077,102.567,1400,430,2424,2027,18.5949,13.4871
3078,102.600,1400,430,2424,2027,18.5898,13.3070
3079,102.633,1400,430,2424,2027,18.7514,13.2357
3080,102.667,1400,431,2424,2028,18.1665,12.2312
3081,102.700,1400,431,2423,2027,18.3990,12.3346
3082,102.733,1400,431,2423,2027,18.2066,12.1299
3083,102.767,1400,431,2423,2027,18.1487,12.1034
3084,102.800,1400,430,2424,2029,17.7211,11.8424
3085,102.833,1400,430,2423,2029,19.3734,9.4089
3086,102.867,1400,430,2423,2029,19.3734,9.4089
3087,102.900,1400,430,2424,2029,17.8198,11.7102
3088,102.933,1400,430,2424,2028,19.0484,10.6770
3089,102.967,1399,428,2425,2028,14.6545,13.4470
3090,103.000,1401,427,2425,2028,13.3722,10.4953
3091,103.033,1402,427,2423,2027,13.1313,12.4970
3092,103.067,1402,427,2423,2027,13.3625,12.1285
3093,103.100,1402,426,2423,2026,13.0267,13.7399
3094,103.133,1403,426,2423,2026,12.3922,15.3008
3095,103.167,1402,426,2423,2026,12.8387,13.0497
3096,103.200,1402,426,2423,2026,12.8387,13.0497
3097,103.233,1402,426,2423,2026,12.8387,13.0497
3098,103.267,1402,426,2423,2027,12.9682,13.5469
3099,103.300,1402,425,2423,2027,12.7514,13.0975
3100,103.333,1402,425,2423,2027,12.7629,13.0809
3101,103.367,1402,425,2423,2027,12.7774,13.1077
3102,103.400,1402,425,2423,2026,11.5974,12.5345
3103,103.433,1402,424,2422,2025,5.8174,13.3601
3104,103.467,1403,423,2422,2024,6.0615,13.8287
3105,103.500,1402,423,2422,2023,6.5991,14.6041
3106,103.533,1403,422,2424,2023,6.2312,14.7264
3107,103.567,1403,422,2424,2023,6.5968,14.8361
3108,103.600,1403,422,2424,2023,6.5968,14.8361
3109,103.633,1403,422,2424,2023,6.6294,14.8177
3110,103.667,1403,422,2424,2023,6.0725,14.5858
3111,103.700,1402,422,2424,2022,4.6750,12.4966
3112,103.733,1402,422,2424,2022,4.6750,12.4966
3113,103.767,1402,422,2424,2022,4.6823,12.5289
3114,103.800,1402,422,2424,2023,4.9577,11.4272
3115,103.833,1403,423,2423,2021,5.1623,10.9508
3116,103.867,1402,422,2423,2021,6.3562,13.2860
3117,103.900,1403,423,2423,2020,5.3906,10.7630
3118,103.933,1402,421,2422,2019,5.9273,11.2341
3119,103.967,1403,422,2421,2019,5.9088,13.8143
3120,104.000,1401,421,2422,2023,5.4270,12.4018
3121,104.033,1400,421,2422,2023,6.6564,12.3372
3122,104.067,1400,421,2422,2023,6.2434,12.1939
3123,104.100,1400,421,2422,2023,6.2434,12.1939
3124,104.133,1400,421,2422,2022,4.8665,10.7471
3125,104.167,1400,421,2422,2022,5.1362,10.6278
3126,104.200,1400,421,2422,2022,5.1362,10.6278
3127,104.233,1400,421,2422,2022,5.1286,10.6832
3128,104.267,1400,421,2422,2022,4.8498,10.5479
3129,104.300,1401,421,2421,2021,6.2191,9.8877
3130,104.333,1401,421,2421,2021,6.2230,10.0464
3131,104.367,1401,421,2421,2020,6.7621,9.0681
3132,104.400,1401,421,2421,2020,7.1841,9.7794
3133,104.433,1401,422,2420,2020,7.3158,11.0757
3134,104.467,1401,423,2421,2019,1.6704,13.4210
3135,104.500,1401,423,2421,2019,1.6576,13.4044
3136,104.533,1402,423,2421,2019,3.1902,13.9108
3137,104.567,1402,423,2421,2019,3.6552,15.1379
3138,104.600,1402,423,2421,2019,3.6592,15.1457
3139,104.633,1402,424,2421,2019,2.8156,14.9558
3140,104.667,1403,423,2421,2019,6.3616,14.0677
3141,104.700,1402,425,2422,2020,1.4508,11.6750
3142,104.733,1403,428,2424,2020,12.2245,9.8354
3143,104.767,1403,428,2423,2021,10.0248,11.2865
3144,104.800,1402,428,2422,2020,9.9506,11.6658
3145,104.833,1403,427,2422,2019,10.7896,12.0690
3146,104.867,1403,427,2421,2018,11.2259,13.3207
3147,104.900,1403,428,2421,2019,9.4095,11.4853
3148,104.933,1403,429,2421,2020,12.0641,10.4951
3149,104.967,1403,428,2421,2019,11.3724,11.1892
3150,105.000,1403,430,2423,2018,14.0927,7.7353
3151,105.033,1403,430,2422,2018,15.0409,10.7915
3152,105.067,1402,430,2423,2020,14.9656,6.9232
3153,105.100,1402,430,2423,2019,15.1372,5.3741
3154,105.133,1402,429,2423,2020,15.2542,11.9812
3155,105.167,1401,429,2422,2021,15.2612,10.4762
3156,105.200,1401,429,2422,2023,15.9323,9.8790
3157,105.233,1401,429,2421,2024,16.0495,8.9796
3158,105.267,1401,429,2422,2024,16.7833,7.6887
3159,105.300,1401,427,2422,2024,16.9885,10.9444
3160,105.333,1401,428,2422,2023,16.2931,10.3932
3161,105.367,1402,428,2422,2021,16.0681,8.0338
3162,105.400,1401,427,2423,2023,15.1714,8.7197
3163,105.433,1401,426,2423,2024,17.1019,8.0148
3164,105.467,1401,426,2422,2024,16.8596,7.4689
3165,105.500,1401,426,2423,2024,17.9777,8.2100
3166,105.533,1401,424,2423,2023,18.7463,7.1356
3167,105.567,1399,425,2424,2023,18.1378,8.6862
3168,105.600,1400,425,2424,2022,18.2205,7.0798
3169,105.633,1400,423,2423,2022,19.0298,7.6502
3170,105.667,1400,428,2424,2018,17.2329,10.4417
3171,105.700,1399,428,2424,2019,18.8443,8.8706
3172,105.733,1399,428,2424,2018,17.9444,9.1799
3173,105.767,1399,428,2424,2019,19.3395,8.3107
3174,105.800,1398,429,2424,2020,19.6872,8.3860
3175,105.833,1403,430,2416,2016,16.2368,1.4855
3176,105.867,1403,433,2417,2016,14.5704,0.8478
3177,105.900,1403,432,2417,2015,14.0751,0.4512
3178,105.933,1403,432,2416,2013,14.8681,1.2783
3179,105.967,1403,433,2416,2013,15.6141,2.1782
3180,106.000,1404,425,2424,2021,1.8599,14.3762
3181,106.033,1402,426,2424,2022,2.2150,14.0547
3182,106.067,1402,426,2424,2022,1.7210,13.3414
3183,106.100,1403,429,2424,2022,4.7365,10.6539
3184,106.133,1403,429,2425,2023,3.9398,10.5681
3185,106.167,1401,429,2426,2025,1.8397,10.5663
3186,106.200,1401,428,2426,2025,1.8210,12.7677
3187,106.233,1400,429,2426,2025,4.6042,12.3626
3188,106.267,1400,428,2426,2024,3.5972,9.6546
3189,106.300,1398,429,2426,2023,3.7829,9.5699
3190,106.333,1397,429,2425,2022,4.0472,10.1439
3191,106.367,1398,429,2426,2022,3.5659,8.4151
3192,106.400,1397,429,2426,2021,4.4028,6.7150
3193,106.433,1398,430,2425,2021,5.3181,10.1742
3194,106.467,1398,430,2425,2021,5.3195,10.1061
3195,106.500,1398,430,2425,2021,4.7549,10.1763
3196,106.533,1398,430,2425,2021,4.7450,10.3374
3197,106.567,1398,429,2425,2021,4.1161,8.9370
3198,106.600,1398,429,2425,2021,4.2454,8.7389
3199,106.633,1398,430,2426,2021,2.8289,8.9507
3200,106.667,1397,428,2426,2024,4.5584,8.6107
3201,106.700,1396,428,2426,2025,5.8621,7.5877
3202,106.733,1396,427,2426,2027,6.1236,8.5559
3203,106.767,1396,427,2426,2027,6.1289,8.5626
3204,106.800,1395,426,2426,2026,1.9495,9.8994
3205,106.833,1395,427,2425,2027,5.1578,10.7122
3206,106.867,1395,427,2425,2027,5.2189,10.6372
3207,106.900,1396,427,2425,2026,4.4370,11.1367
3208,106.933,1398,426,2425,2024,0.9434,8.7195
3209,106.967,1398,428,2424,2024,5.0217,14.3047
3210,107.000,1399,427,2425,2022,2.4190,11.1914
3211,107.033,1399,427,2425,2022,2.9141,10.9292
3212,107.067,1399,428,2425,2022,3.8698,11.8614
3213,107.100,1399,428,2425,2022,3.8698,11.8614
3214,107.133,1400,427,2425,2022,2.9154,10.5544
3215,107.167,1400,428,2425,2021,4.1125,11.5196
3216,107.200,1400,428,2425,2021,4.1125,11.5196
3217,107.233,1399,427,2424,2021,2.7772,12.9578
3218,107.267,1399,426,2425,2021,2.8628,14.2095
3219,107.300,1399,427,2425,2020,5.1516,12.1210
3220,107.333,1400,429,2427,2020,10.6093,13.0482
3221,107.367,1401,429,2428,2020,10.7891,13.7315
3222,107.400,1401,430,2428,2020,10.3808,13.1261
3223,107.433,1401,430,2428,2020,10.3354,13.8436
3224,107.467,1401,430,2428,2021,9.1518,14.4492
3225,107.500,1401,430,2429,2021,9.9788,12.1985
3226,107.533,1402,431,2428,2020,9.8681,11.8648
3227,107.567,1402,430,2428,2020,10.5440,13.4826
3228,107.600,1403,429,2428,2020,10.9849,9.5176
3229,107.633,1402,430,2428,2020,12.0437,12.6561
3230,107.667,1403,431,2427,2020,13.4490,8.2565
3231,107.700,1404,431,2428,2021,11.3764,8.2246
3232,107.733,1404,432,2428,2022,10.2828,9.2421
3233,107.767,1403,432,2428,2022,8.7356,6.5214
3234,107.800,1402,433,2428,2022,10.1974,8.1592
3235,107.833,1401,433,2428,2024,10.5393,10.6102
3236,107.867,1401,433,2429,2025,10.9397,7.6813
3237,107.900,1402,433,2429,2025,12.0887,8.5013
3238,107.933,1401,433,2430,2027,13.5313,10.2788
3239,107.967,1400,433,2430,2026,14.0209,10.6986
3240,108.000,1400,435,2429,2026,14.1113,7.5302
3241,108.033,1400,435,2428,2026,14.1980,4.1274
3242,108.067,1400,435,2428,2026,14.1380,4.1399
3243,108.100,1400,435,2428,2026,14.1422,4.1109
3244,108.133,1399,434,2428,2026,13.5837,4.7189
3245,108.167,1400,434,2428,2027,12.6367,6.0510
3246,108.200,1400,434,2429,2027,13.2511,5.1286
3247,108.233,1400,434,2428,2026,15.3839,5.7465
3248,108.267,1401,433,2429,2026,10.7132,4.5188
3249,108.300,1400,432,2429,2027,12.3885,5.1358
3250,108.333,1401,432,2429,2027,11.2136,6.0837
3251,108.367,1401,433,2429,2027,12.0229,5.8061
3252,108.400,1401,432,2428,2025,11.2905,7.1760
3253,108.433,1400,433,2428,2025,12.7091,7.3294
3254,108.467,1400,433,2428,2025,12.3972,7.4909
3255,108.500,1400,433,2428,2025,13.4609,7.1731
3256,108.533,1401,432,2426,2028,21.5293,7.3082
3257,108.567,1400,433,2426,2028,23.6000,5.4228
3258,108.600,1400,434,2426,2029,24.0418,4.9676
3259,108.633,1400,433,2426,2028,23.5595,3.7839
3260,108.667,1402,430,2426,2028,25.0102,5.4698
3261,108.700,1401,430,2426,2028,25.8677,5.4521
3262,108.733,1401,430,2426,2028,25.8887,5.5048
3263,108.767,1401,430,2426,2028,25.8925,5.5261
3264,108.800,1401,430,2426,2028,26.2137,5.0910
3265,108.833,1400,430,2426,2028,26.2444,5.2676
3266,108.867,1400,430,2426,2028,25.9967,5.2540
3267,108.900,1400,429,2426,2028,26.6101,4.9708
3268,108.933,1400,428,2426,2028,25.7107,5.0562
3269,108.967,1400,428,2426,2028,25.5312,5.4454
3270,109.000,1399,430,2426,2028,27.5999,5.4523
3271,109.033,1399,431,2426,2028,26.0640,5.6003
3272,109.067,1399,431,2426,2028,26.0640,5.6003
3273,109.100,1398,433,2427,2027,22.1566,4.1870
3274,109.133,1398,434,2427,2026,20.5214,4.7054
3275,109.167,1399,435,2427,2027,20.1521,4.2077
3276,109.200,1399,434,2426,2026,20.1185,5.1461
3277,109.233,1399,434,2426,2026,20.1354,5.1404
3278,109.267,1399,434,2426,2026,19.9461,6.0064
3279,109.300,1400,434,2425,2024,17.7385,4.8755
3280,109.333,1400,434,2425,2024,17.7506,4.8898
3281,109.367,1401,434,2424,2025,18.6127,6.5064
3282,109.400,1402,434,2423,2024,18.7441,9.2915
3283,109.433,1402,435,2424,2023,19.3027,6.9249
3284,109.467,1403,436,2423,2022,19.0841,7.8918
3285,109.500,1403,436,2423,2022,19.0810,7.8716
3286,109.533,1403,435,2424,2023,19.8875,9.3170
3287,109.567,1403,435,2424,2023,19.7198,8.5896
3288,109.600,1403,435,2424,2023,19.7198,8.5896
3289,109.633,1403,435,2424,2023,19.7198,8.5896
3290,109.667,1403,435,2423,2023,17.4891,9.1198
3291,109.700,1404,438,2426,2021,16.1360,6.0677
3292,109.733,1403,438,2427,2021,18.0641,9.7576
3293,109.767,1404,439,2426,2021,17.8041,7.0173
3294,109.800,1403,437,2427,2021,16.5936,3.4886
3295,109.833,1403,435,2426,2020,16.6469,5.4364
3296,109.867,1403,434,2425,2020,17.8643,8.2306
3297,109.900,1403,435,2425,2020,16.0053,7.4139
3298,109.933,1403,433,2425,2021,17.3959,6.8681
3299,109.967,1402,432,2425,2021,17.1795,6.8497
3300,110.000,1403,432,2425,2022,17.4685,7.5631
3301,110.033,1404,432,2425,2022,16.5459,7.1695
3302,110.067,1404,432,2425,2022,16.5507,7.1735
3303,110.100,1404,432,2425,2021,16.1443,6.6624
3304,110.133,1406,441,2428,2021,16.1581,7.8795
3305,110.167,1406,437,2424,2015,14.1896,11.7400
3306,110.200,1405,437,2427,2016,14.7958,12.3945
3307,110.233,1406,437,2427,2013,13.6975,9.5556
3308,110.267,1406,438,2425,2012,14.7819,12.8731
3309,110.300,1403,445,2425,2013,18.7991,7.8639
3310,110.333,1405,445,2424,2012,15.3001,12.1023
3311,110.367,1403,447,2424,2011,18.5772,10.7265
3312,110.400,1404,447,2423,2010,15.4304,11.2062
3313,110.433,1404,447,2423,2010,15.4310,11.2036
3314,110.467,1404,448,2423,2010,16.9689,10.4109
3315,110.500,1404,448,2423,2010,17.0078,10.3182
3316,110.533,1404,448,2423,2011,14.7913,9.3099
3317,110.567,1404,448,2423,2011,14.7557,9.2776
3318,110.600,1404,448,2423,2011,14.7615,9.2859
3319,110.633,1404,447,2424,2013,16.6135,8.7444
3320,110.667,1403,445,2424,2011,16.2032,8.7574
3321,110.700,1403,445,2424,2010,16.6824,10.7614
3322,110.733,1403,439,2422,2011,16.0065,11.8384
3323,110.767,1403,436,2425,2010,10.0654,12.4202
3324,110.800,1403,433,2424,2010,8.0784,10.6526
3325,110.833,1401,433,2424,2011,7.6297,11.4415
3326,110.867,1401,429,2423,2013,7.8457,13.9008
3327,110.900,1401,430,2422,2014,6.4876,12.9084
3328,110.933,1401,429,2422,2014,7.8056,13.8504
3329,110.967,1402,430,2422,2014,6.4434,11.7439
3330,111.000,1402,430,2421,2011,4.2560,9.3060
3331,111.033,1402,431,2421,2012,5.2896,11.1201
3332,111.067,1402,431,2421,2012,5.2743,11.0956
3333,111.100,1402,431,2421,2012,5.2456,11.0439
3334,111.133,1402,431,2422,2013,7.5598,13.8018
3335,111.167,1402,431,2422,2013,7.4712,13.8420
3336,111.200,1402,431,2422,2013,7.2681,13.6743
3337,111.233,1402,431,2422,2013,7.2681,13.6743
3338,111.267,1402,431,2422,2013,7.1370,13.5882
3339,111.300,1402,430,2422,2014,6.8280,12.8643
3340,111.333,1405,429,2424,2016,-5.7565,11.5294
3341,111.367,1405,430,2424,2016,-6.7928,8.0105
3342,111.400,1405,428,2424,2015,-7.5150,8.7190
3343,111.433,1405,428,2425,2015,-7.4989,7.4546
3344,111.467,1405,429,2425,2015,-4.8524,8.2963
3345,111.500,1405,429,2425,2015,-5.1493,7.6653
3346,111.533,1404,431,2426,2017,-5.7127,8.4004
3347,111.567,1404,430,2426,2018,-6.7713,6.5867
3348,111.600,1404,430,2426,2018,-6.8026,6.6169
3349,111.633,1404,430,2426,2018,-6.7471,6.5883
3350,111.667,1403,428,2426,2018,-5.4670,6.5317
3351,111.700,1403,428,2426,2018,-5.6541,6.8510
3352,111.733,1403,428,2426,2018,-5.6541,6.8510
3353,111.767,1403,428,2426,2018,-5.6541,6.8510
3354,111.800,1404,427,2426,2018,-7.6926,7.5266
3355,111.833,1406,437,2424,2017,6.3447,9.9158
3356,111.867,1405,435,2427,2019,4.4723,10.4376
3357,111.900,1405,435,2426,2019,4.0665,8.9705
3358,111.933,1402,435,2426,2020,2.2827,9.9813
3359,111.967,1401,433,2426,2019,2.5426,10.3542
3360,112.000,1402,433,2424,2018,4.2312,10.7437
3361,112.033,1402,432,2424,2018,3.4693,10.5400
3362,112.067,1402,432,2424,2018,3.4693,10.5400
3363,112.100,1402,432,2424,2018,3.4687,10.6286
3364,112.133,1402,432,2424,2018,3.5022,10.8606
3365,112.167,1402,432,2425,2019,2.7997,10.3166
3366,112.200,1402,432,2425,2019,2.7880,10.3173
3367,112.233,1402,433,2425,2019,2.1415,11.3988
3368,112.267,1402,431,2425,2019,4.9672,9.1583
3369,112.300,1401,431,2424,2019,6.4102,10.0574
3370,112.333,1401,432,2424,2019,7.7441,8.8609
3371,112.367,1400,432,2424,2019,8.3005,9.1852
3372,112.400,1401,431,2423,2018,9.6817,10.0298
3373,112.433,1401,431,2423,2018,8.6966,9.9002
3374,112.467,1401,431,2423,2018,8.8658,10.1708
3375,112.500,1400,429,2423,2017,9.5147,11.1075
3376,112.533,1400,430,2423,2017,9.6757,11.2420
3377,112.567,1400,430,2423,2017,9.4735,11.0773
3378,112.600,1400,430,2423,2017,9.4735,11.0773
3379,112.633,1400,430,2423,2017,9.4735,11.0773
3380,112.667,1400,430,2424,2018,9.4839,12.6333
3381,112.700,1401,431,2424,2018,9.8914,12.7203
3382,112.733,1401,431,2424,2018,9.9656,12.6457
3383,112.767,1401,430,2424,2017,9.4640,10.5033
3384,112.800,1401,429,2423,2016,9.2150,11.9836
3385,112.833,1402,430,2423,2016,9.2558,10.6615
3386,112.867,1402,430,2423,2016,9.1424,10.5541
3387,112.900,1401,429,2423,2018,8.6748,10.4869
3388,112.933,1402,430,2423,2017,8.7817,10.3908
3389,112.967,1402,430,2424,2018,9.7081,9.3578
3390,113.000,1405,427,2422,2016,11.7046,10.0245
3391,113.033,1404,429,2420,2015,12.1475,12.8238
3392,113.067,1404,429,2420,2014,11.9132,12.2860
3393,113.100,1404,430,2420,2014,13.1600,8.9613
3394,113.133,1404,431,2420,2014,13.7962,11.2214
3395,113.167,1404,433,2420,2014,14.1271,10.6067
3396,113.200,1404,434,2420,2015,13.8637,11.1964
3397,113.233,1404,434,2420,2015,13.7712,10.5432
3398,113.267,1405,436,2420,2017,14.3725,10.6782
3399,113.300,1405,437,2420,2016,14.8598,11.2814
3400,113.333,1405,437,2420,2016,14.8598,11.2814
3401,113.367,1405,437,2420,2016,14.8598,11.2814
3402,113.400,1404,437,2420,2016,14.0449,11.4624
3403,113.433,1405,438,2420,2016,15.1423,10.3232
3404,113.467,1404,437,2420,2016,14.8886,11.3457
3405,113.500,1404,439,2419,2016,17.0829,8.8495
3406,113.533,1404,439,2419,2015,18.5265,8.1067
3407,113.567,1404,439,2419,2015,17.9655,6.4029
3408,113.600,1403,439,2419,2016,19.6310,9.3878
3409,113.633,1403,438,2419,2016,19.0833,8.5285
3410,113.667,1402,439,2419,2018,18.9127,11.6654
3411,113.700,1401,440,2420,2017,18.8247,10.3007
3412,113.733,1401,440,2420,2018,19.2318,10.3184
3413,113.767,1401,440,2420,2018,19.2220,10.4301
3414,113.800,1400,441,2420,2019,18.2976,8.9045
3415,113.833,1400,441,2420,2019,17.9604,8.3661
3416,113.867,1399,437,2421,2017,13.3606,12.0605
3417,113.900,1401,435,2421,2018,7.4993,9.3545
3418,113.933,1400,433,2421,2018,9.0858,9.4722
3419,113.967,1400,431,2422,2017,7.3338,5.6245
3420,114.000,1399,432,2424,2018,6.8382,10.9768
3421,114.033,1399,431,2424,2018,6.6689,9.9739
3422,114.067,1399,431,2424,2017,6.5791,8.4319
3423,114.100,1399,431,2424,2017,6.1249,8.9878
3424,114.133,1399,431,2424,2016,7.2499,11.3258
3425,114.167,1399,430,2423,2017,4.0990,11.3130
3426,114.200,1399,431,2423,2016,4.8275,10.6161
3427,114.233,1398,431,2423,2019,4.7521,12.0323
3428,114.267,1398,431,2423,2019,4.6142,11.8928
3429,114.300,1398,431,2423,2019,4.3195,11.8087
3430,114.333,1398,431,2423,2019,4.3195,11.8087
3431,114.367,1398,431,2423,2019,4.3457,11.8395
3432,114.400,1398,432,2423,2019,4.5366,9.6233
3433,114.433,1399,432,2423,2019,3.6922,12.5496
3434,114.467,1399,432,2424,2019,1.8912,10.3676
3435,114.500,1400,432,2425,2020,-2.1231,10.2314
3436,114.533,1400,431,2425,2020,-1.9320,10.0153
3437,114.567,1400,431,2425,2019,-1.1626,11.1353
3438,114.600,1400,431,2425,2019,-1.4156,11.0397
3439,114.633,1400,429,2426,2018,-3.6851,8.8195
3440,114.667,1400,429,2425,2017,-2.8555,10.5613
3441,114.700,1401,430,2424,2015,-1.6228,8.2636
3442,114.733,1401,430,2424,2015,-1.7875,8.3183
3443,114.767,1402,430,2424,2015,-1.4967,10.3552
3444,114.800,1401,431,2424,2015,-1.1592,12.3171
3445,114.833,1401,431,2424,2014,-2.7291,10.9999
3446,114.867,1402,431,2423,2014,-2.3707,11.3291
3447,114.900,1403,431,2423,2014,-6.3791,9.4185
3448,114.933,1403,431,2422,2013,-6.2519,10.9563
3449,114.967,1403,430,2423,2013,-6.5689,9.5236
3450,115.000,1401,430,2422,2012,-6.4980,11.4502
3451,115.033,1401,431,2422,2013,-6.3859,12.2686
3452,115.067,1401,430,2422,2014,-7.1979,10.8552
3453,115.100,1401,431,2422,2014,-6.6581,13.7326
3454,115.133,1401,430,2423,2015,-6.3383,12.5605
3455,115.167,1402,429,2423,2016,-6.8659,11.2621
3456,115.200,1402,430,2423,2015,-7.6139,10.7163
3457,115.233,1402,430,2423,2015,-7.5781,10.5545
3458,115.267,1402,430,2423,2015,-4.4253,10.2209
3459,115.300,1402,431,2423,2016,-3.2009,10.8540
3460,115.333,1402,431,2423,2017,-1.0364,11.0713
3461,115.367,1402,431,2423,2017,-0.7372,11.2120
3462,115.400,1400,429,2424,2017,6.5095,11.6743
3463,115.433,1400,429,2425,2017,6.1693,10.1800
3464,115.467,1400,429,2425,2017,6.1765,10.2029
3465,115.500,1400,429,2425,2017,6.1794,10.2043
3466,115.533,1401,430,2425,2016,5.2973,8.7038
3467,115.567,1402,431,2424,2016,7.2875,9.7326
3468,115.600,1402,433,2423,2014,9.3725,10.5622
3469,115.633,1402,434,2424,2014,9.0075,11.4218
3470,115.667,1404,435,2423,2013,9.6237,10.0974
3471,115.700,1403,438,2423,2013,9.3560,10.2021
3472,115.733,1403,438,2423,2013,9.4183,10.3954
3473,115.767,1403,439,2424,2014,9.6518,9.8409
3474,115.800,1404,440,2423,2014,10.3972,11.9303
3475,115.833,1403,439,2423,2014,9.6270,11.2134
3476,115.867,1403,439,2423,2014,9.6481,11.1980
3477,115.900,1402,438,2423,2015,9.9077,10.9546
3478,115.933,1402,438,2424,2015,9.3525,11.4922
3479,115.967,1402,438,2424,2015,9.7368,12.0958
3480,116.000,1400,438,2423,2015,11.2407,12.2434
3481,116.033,1400,436,2422,2015,7.9831,13.2281
3482,116.067,1400,436,2422,2015,7.9831,13.2281
3483,116.100,1400,436,2422,2015,7.9831,13.2281
3484,116.133,1400,436,2422,2015,8.2543,13.2819
3485,116.167,1400,436,2422,2015,8.2094,13.4774
3486,116.200,1400,436,2423,2015,7.1471,13.1851
3487,116.233,1400,436,2423,2015,7.1515,13.0508
3488,116.267,1401,436,2422,2015,7.5493,13.4468
3489,116.300,1401,437,2423,2015,6.8179,13.2297
3490,116.333,1401,437,2423,2014,7.9135,11.0783
3491,116.367,1401,437,2423,2013,7.0853,13.2154
3492,116.400,1402,438,2422,2013,6.9833,10.9777
3493,116.433,1401,439,2421,2015,7.2235,14.0644
3494,116.467,1400,438,2421,2014,6.2117,14.5116
3495,116.500,1400,438,2421,2015,6.3572,13.0917
3496,116.533,1399,438,2420,2015,5.2969,14.7511
3497,116.567,1400,437,2422,2014,6.3774,14.3447
3498,116.600,1400,438,2422,2014,5.2666,14.5038
3499,116.633,1400,438,2421,2014,5.8557,14.3436
3500,116.667,1399,438,2421,2015,5.6929,12.5197
3501,116.700,1400,439,2421,2015,5.4078,14.5828
3502,116.733,1401,440,2420,2021,19.0677,8.3486
3503,116.767,1401,441,2420,2022,18.6734,8.2411
3504,116.800,1401,440,2420,2022,19.3532,8.7918
3505,116.833,1401,440,2420,2022,18.8002,8.9249
3506,116.867,1400,440,2419,2023,19.0784,7.9532
3507,116.900,1400,441,2419,2022,19.7943,7.6419
3508,116.933,1400,442,2418,2022,20.8299,8.1410
3509,116.967,1398,441,2418,2021,18.6162,10.1283
3510,117.000,1396,440,2420,2021,21.0495,6.8755
3511,117.033,1397,440,2420,2019,21.4236,6.6728
3512,117.067,1397,440,2420,2019,21.7064,6.7969
3513,117.100,1397,440,2420,2018,20.5324,7.5649
3514,117.133,1397,441,2421,2018,21.6010,5.1043
3515,117.167,1397,439,2421,2021,19.0594,7.7210
3516,117.200,1397,440,2421,2022,20.4340,5.6327
3517,117.233,1396,440,2421,2024,19.3028,6.6988
3518,117.267,1396,440,2420,2023,20.0036,5.9480
3519,117.300,1395,441,2422,2022,20.7798,2.8749
3520,117.333,1395,441,2422,2021,20.2674,2.7943
3521,117.367,1395,442,2422,2023,20.5147,5.6429
3522,117.400,1393,440,2422,2022,19.7015,2.6541
3523,117.433,1393,440,2422,2022,19.5268,2.9550
3524,117.467,1393,440,2422,2022,19.5268,2.9550
3525,117.500,1393,440,2422,2022,19.5268,2.9550
3526,117.533,1393,440,2422,2023,19.7459,3.0985
3527,117.567,1393,441,2422,2023,20.0460,3.6837
3528,117.600,1393,441,2422,2023,19.9956,3.7729
3529,117.633,1393,441,2422,2023,19.9304,3.6953
3530,117.667,1393,440,2422,2023,19.6191,3.3908
3531,117.700,1395,439,2422,2023,19.5335,4.0753
3532,117.733,1394,439,2423,2024,20.5386,1.7876
3533,117.767,1395,440,2422,2023,20.1348,3.9573
3534,117.800,1395,439,2423,2023,10.2438,8.8938
3535,117.833,1395,438,2424,2023,10.5303,9.3752
3536,117.867,1395,438,2424,2023,10.4989,9.3608
3537,117.900,1395,438,2424,2023,10.5017,9.2082
3538,117.933,1395,438,2424,2023,11.2922,8.3858
3539,117.967,1395,438,2424,2023,11.5481,8.4872
3540,118.000,1399,443,2424,2021,8.5960,10.2486
3541,118.033,1399,442,2424,2022,7.8825,10.4693
3542,118.067,1399,442,2424,2021,8.6188,8.7263
3543,118.100,1399,442,2423,2021,7.2636,7.1303
3544,118.133,1398,437,2424,2022,4.0051,8.1294
3545,118.167,1397,436,2423,2022,4.6764,9.0702
3546,118.200,1396,436,2423,2022,5.2603,7.8710
3547,118.233,1396,435,2422,2021,5.9653,9.0271
3548,118.267,1395,435,2422,2020,7.0008,9.2234
3549,118.300,1395,435,2422,2020,7.2506,8.6633
3550,118.333,1396,434,2421,2018,1.9642,8.0138
3551,118.367,1396,434,2421,2018,1.9642,8.0138
3552,118.400,1436,282,2394,1760,3.5144,13.9849
3553,118.433,1435,283,2394,1760,3.2119,14.9895
3554,118.467,1435,283,2394,1760,3.2088,14.9929
3555,118.500,1435,283,2394,1760,3.2426,14.9866
3556,118.533,1436,283,2394,1760,3.8097,14.3872
3557,118.567,1437,283,2393,1760,4.0637,14.0195
3558,118.600,1438,282,2393,1755,4.9410,15.1143
3559,118.633,1439,281,2396,1753,3.8233,15.6868
3560,118.667,1439,280,2396,1752,5.2782,16.8551
3561,118.700,1439,282,2396,1751,5.4363,15.6414
3562,118.733,1439,281,2396,1752,5.1277,14.8377
3563,118.767,1440,281,2396,1752,5.6573,18.2545
3564,118.800,1440,281,2396,1752,6.1712,17.8428
3565,118.833,1439,281,2397,1753,6.5902,14.8465
3566,118.867,1439,281,2397,1753,6.5902,14.8465
3567,118.900,1439,281,2397,1753,6.5902,14.8465
3568,118.933,1442,288,2394,1745,3.3291,-0.2733
3569,118.967,1441,290,2398,1748,2.4188,3.7131
3570,119.000,1437,282,2393,1753,7.0526,6.4953
3571,119.033,1436,287,2394,1752,6.5436,7.9475
3572,119.067,1435,283,2392,1753,5.9832,7.1456
3573,119.100,1435,286,2390,1752,4.3069,11.1625
3574,119.133,1434,286,2390,1752,3.2547,10.7627
3575,119.167,1435,287,2389,1751,2.3607,11.4424
3576,119.200,1438,288,2393,1753,1.5532,6.8013
3577,119.233,1438,289,2394,1753,1.7991,7.7790
3578,119.267,1437,290,2394,1755,2.8066,5.8851
3579,119.300,1437,290,2393,1757,1.5003,5.7531
3580,119.333,1437,290,2394,1764,4.1504,5.8232
3581,119.367,1435,288,2393,1769,1.6867,3.8817
3582,119.400,1438,281,2395,1776,1.7566,9.0658
3583,119.433,1441,275,2396,1767,0.0987,9.6498
3584,119.467,1439,275,2396,1777,-0.5088,9.2171
3585,119.500,1439,275,2398,1785,-0.5268,9.7119
3586,119.533,1439,274,2398,1787,0.5708,13.0801
3587,119.567,1433,269,2398,1772,-1.7307,10.0831
3588,119.600,1433,269,2398,1772,-1.7307,10.0831
3589,119.633,1433,269,2398,1772,-1.7307,10.0831
3590,119.667,1433,268,2399,1773,-1.4779,11.0511
3591,119.700,1434,268,2399,1772,-0.4240,11.6234
3592,119.733,1427,262,2390,1760,1.7523,14.7470
3593,119.767,1426,259,2387,1758,2.1699,14.4501
3594,119.800,1427,261,2388,1759,5.5392,14.3187
3595,119.833,1427,266,2389,1762,5.1823,15.3407
3596,119.867,1427,266,2391,1761,4.4985,14.2123
3597,119.900,1429,266,2390,1756,5.6258,14.0139
3598,119.933,1428,268,2393,1760,5.2907,14.4324
3599,119.967,1426,271,2393,1757,4.3746,15.9838
3600,120.000,1427,277,2393,1757,1.7210,14.4094
3601,120.033,1427,277,2393,1757,1.7441,14.6381
3602,120.067,1427,277,2393,1757,1.7441,14.6381
3603,120.100,1427,277,2393,1757,1.7441,14.6381
3604,120.133,1427,277,2393,1757,1.7953,14.7716
3605,120.167,1428,276,2394,1756,3.4796,13.8729
3606,120.200,1431,271,2394,1757,-0.7136,13.8023
3607,120.233,1431,271,2394,1757,-0.7136,13.8023
3608,120.267,1431,270,2394,1757,-0.8525,14.4572
3609,120.300,1430,269,2393,1756,-2.6385,12.0689
3610,120.333,1430,270,2394,1756,-2.3989,15.7230
3611,120.367,1429,267,2392,1746,-2.2209,12.2527
3612,120.400,1428,257,2391,1751,0.2752,16.3345
3613,120.433,1428,258,2392,1752,1.8506,12.0437
3614,120.467,1428,258,2393,1760,-1.8268,12.6748
3615,120.500,1428,258,2393,1761,-1.5312,13.2423
3616,120.533,1428,257,2393,1761,-2.5262,12.3713
3617,120.567,1428,257,2393,1761,-2.6990,12.0492
3618,120.600,1428,257,2393,1761,-2.6990,12.0492
3619,120.633,1428,257,2393,1761,-2.6990,12.0492
3620,120.667,1427,257,2393,1761,-3.2802,13.1687
3621,120.700,1428,263,2394,1759,-3.3638,11.1822
3622,120.733,1430,269,2394,1758,-3.8105,16.2307
3623,120.767,1429,264,2390,1757,-7.1475,13.1696
3624,120.800,1422,256,2381,1759,-15.9346,22.3357
3625,120.833,1422,254,2379,1761,-15.3039,17.6854
3626,120.867,1423,253,2380,1761,-15.5254,20.1685
3627,120.900,1421,254,2381,1763,-14.9705,21.9365
3628,120.933,1422,254,2382,1765,-16.2053,19.5820
3629,120.967,1425,254,2387,1766,-15.4841,25.5391
3630,121.000,1426,259,2391,1767,-13.4929,21.0235
3631,121.033,1426,258,2391,1766,-13.9263,20.7059
3632,121.067,1426,258,2391,1766,-13.8979,20.7166
3633,121.100,1426,258,2391,1766,-13.8979,20.7166
3634,121.133,1426,258,2391,1766,-13.9658,20.8242
3635,121.167,1426,258,2391,1767,-13.6430,21.1852
3636,121.200,1426,258,2391,1767,-13.6503,21.1769
3637,121.233,1426,258,2392,1767,-13.3661,21.6741
3638,121.267,1426,258,2392,1767,-13.4629,21.6734
3639,121.300,1429,261,2392,1769,-15.6118,22.7853
3640,121.333,1444,264,2394,1759,-16.9101,23.1324
3641,121.367,1443,263,2395,1761,-15.5101,23.5590
3642,121.400,1444,263,2394,1761,-14.5288,22.7999
3643,121.433,1444,266,2394,1760,-14.5366,23.5235
3644,121.467,1445,265,2393,1760,-13.8155,23.4969
3645,121.500,1445,265,2393,1759,-14.0943,24.3966
3646,121.533,1445,265,2393,1759,-13.8877,23.9046
3647,121.567,1445,265,2393,1759,-13.6705,24.3122
3648,121.600,1445,265,2393,1759,-13.7414,24.4707
3649,121.633,1445,265,2393,1759,-13.7414,24.4707
3650,121.667,1444,266,2393,1759,-16.1607,21.8128
3651,121.700,1443,266,2393,1759,-15.5850,22.5370
3652,121.733,1443,266,2393,1759,-15.5850,22.5370
3653,121.767,1445,265,2393,1760,-14.1525,23.8172
3654,121.800,1446,264,2391,1759,-12.7136,24.3987
3655,121.833,1447,264,2391,1757,-12.5660,26.4593
3656,121.867,1446,264,2390,1756,-14.0066,25.7781
3657,121.900,1446,265,2391,1756,-14.3168,23.0575
3658,121.933,1447,264,2390,1758,-12.8942,24.0206
3659,121.967,1447,263,2389,1757,-13.9666,24.1169
3660,122.000,1447,259,2389,1756,-13.0019,21.1303
3661,122.033,1447,259,2389,1757,-12.7281,21.7278
3662,122.067,1447,259,2389,1757,-12.7174,21.6892
3663,122.100,1447,259,2389,1757,-12.7033,21.7377
3664,122.133,1447,259,2389,1757,-12.5432,21.4917
3665,122.167,1447,257,2389,1757,-16.0306,20.5161
3666,122.200,1446,258,2389,1758,-13.7827,20.3193
3667,122.233,1446,258,2389,1759,-15.6141,21.0961
3668,122.267,1446,258,2390,1759,-14.1189,21.1344
3669,122.300,1447,259,2389,1759,-15.3243,20.2238
3670,122.333,1448,258,2389,1760,-14.7635,22.1927
3671,122.367,1448,259,2388,1760,-14.2006,21.1205
3672,122.400,1447,260,2389,1760,-15.3265,22.2648
3673,122.433,1448,254,2388,1760,-15.6696,19.0596
3674,122.467,1448,255,2388,1760,-15.5726,18.8430
3675,122.500,1448,254,2388,1760,-15.4008,18.5134
3676,122.533,1448,254,2388,1761,-16.6469,19.6139
3677,122.567,1448,255,2389,1762,-15.0123,18.0072
3678,122.600,1449,256,2389,1763,-15.0543,18.4823
3679,122.633,1448,257,2390,1763,-14.7442,19.4982
3680,122.667,1449,259,2391,1765,-14.3260,20.8154
3681,122.700,1449,259,2390,1765,-14.7297,22.3575
3682,122.733,1449,259,2390,1765,-14.7297,22.3575
3683,122.767,1449,259,2390,1764,-13.9489,20.4498
3684,122.800,1448,257,2390,1764,-15.5177,22.4673
3685,122.833,1448,257,2390,1764,-15.3716,22.2855
3686,122.867,1448,257,2390,1764,-15.3161,22.3499
3687,122.900,1448,257,2390,1764,-15.3401,22.2667
3688,122.933,1448,257,2390,1764,-15.1310,22.0511
3689,122.967,1448,258,2390,1763,-14.3984,19.4875
3690,123.000,1447,258,2389,1764,-17.2093,17.6630
3691,123.033,1448,258,2389,1764,-16.3263,19.8875
3692,123.067,1448,258,2389,1764,-16.5460,21.1313
3693,123.100,1447,258,2389,1764,-16.8298,19.3346
3694,123.133,1447,258,2390,1764,-15.5771,19.0531
3695,123.167,1447,261,2390,1762,-16.4045,21.0451
3696,123.200,1447,261,2391,1760,-16.4993,20.3885
3697,123.233,1447,262,2391,1759,-15.3510,22.0167
3698,123.267,1447,262,2391,1758,-15.5924,22.1778
3699,123.300,1447,261,2391,1759,-14.6550,22.5612
3700,123.333,1447,261,2391,1759,-14.7501,22.6901
3701,123.367,1447,262,2392,1760,-15.0738,21.3362
3702,123.400,1446,261,2393,1761,-14.4683,23.0941
3703,123.433,1446,261,2394,1761,-15.3766,22.4542
3704,123.467,1447,261,2394,1762,-14.7014,22.2699
3705,123.500,1447,261,2394,1762,-14.8772,22.3295
3706,123.533,1446,260,2394,1762,-14.4544,23.3283
3707,123.567,1446,260,2394,1762,-14.3378,23.0133
3708,123.600,1446,260,2394,1762,-14.2764,22.9423
3709,123.633,1446,260,2395,1761,-14.3524,21.9602
3710,123.667,1446,261,2397,1762,-11.4119,21.0452
3711,123.700,1444,261,2398,1762,-14.4011,18.6065
3712,123.733,1444,260,2398,1762,-12.4283,19.3276
3713,123.767,1444,261,2399,1762,-14.8644,18.3675
3714,123.800,1444,262,2398,1761,-14.4126,19.2736
3715,123.833,1444,264,2399,1762,-14.7709,17.6433
3716,123.867,1445,264,2399,1761,-14.7219,18.9161
3717,123.900,1445,265,2399,1761,-14.4351,17.9865
3718,123.933,1445,265,2399,1761,-14.8799,18.2914
3719,123.967,1445,266,2399,1761,-14.5069,16.0358
3720,124.000,1443,266,2400,1759,-14.3747,15.1028
3721,124.033,1444,266,2399,1760,-15.8204,17.2778
3722,124.067,1444,266,2399,1760,-15.6439,17.5434
3723,124.100,1444,266,2399,1760,-15.5847,17.4191
3724,124.133,1444,265,2400,1760,-16.2772,18.5546
3725,124.167,1443,267,2399,1760,-15.7508,17.2254
3726,124.200,1443,267,2400,1760,-15.3925,17.3327
3727,124.233,1443,267,2400,1760,-15.3967,17.3759
3728,124.267,1443,268,2400,1760,-14.7621,16.2726
3729,124.300,1444,268,2400,1760,-15.2162,17.6329
3730,124.333,1444,267,2401,1760,-15.8864,17.5467
3731,124.367,1444,268,2401,1761,-14.6559,19.0748
3732,124.400,1443,267,2402,1761,-15.0890,20.6843
3733,124.433,1444,267,2403,1761,-14.7428,18.9891
3734,124.467,1444,268,2403,1760,-16.2909,17.6061
3735,124.500,1443,268,2403,1760,-16.0549,18.2580
3736,124.533,1444,270,2403,1760,-17.0105,16.4444
3737,124.567,1446,270,2403,1756,-13.5407,19.9994
3738,124.600,1446,269,2403,1757,-14.0353,20.2084
3739,124.633,1446,269,2403,1757,-14.0631,20.3474
3740,124.667,1446,267,2402,1758,-12.7173,18.3863
3741,124.700,1447,267,2402,1758,-13.8147,18.2817
3742,124.733,1447,267,2402,1759,-13.5347,18.4439
3743,124.767,1447,267,2402,1759,-13.5331,18.5180
3744,124.800,1447,267,2402,1760,-14.9321,18.2957
3745,124.833,1447,267,2402,1760,-15.4198,18.5394
3746,124.867,1446,268,2402,1760,-14.2004,19.9600
3747,124.900,1446,268,2402,1760,-14.4450,19.9921
3748,124.933,1445,268,2402,1760,-16.0558,22.0354
3749,124.967,1445,268,2402,1760,-15.9715,22.1190
3750,125.000,1446,266,2402,1760,-16.9099,19.6675
3751,125.033,1445,266,2402,1760,-16.7418,19.7715
3752,125.067,1445,266,2402,1760,-16.7418,19.7715
3753,125.100,1446,266,2402,1760,-16.8532,19.7585
3754,125.133,1446,266,2402,1759,-16.9198,20.2717
3755,125.167,1448,273,2401,1759,-14.4125,18.2809
3756,125.200,1447,271,2401,1758,-15.3685,17.1718
3757,125.233,1447,271,2401,1758,-15.6208,15.6103
3758,125.267,1448,271,2401,1759,-16.0138,17.6976
3759,125.300,1449,268,2401,1758,-14.7327,19.6929
3760,125.333,1449,267,2401,1759,-15.0692,19.5397
3761,125.367,1448,267,2402,1759,-13.1095,18.5385
3762,125.400,1449,267,2402,1759,-14.2509,19.0138
3763,125.433,1448,268,2403,1760,-15.6305,18.4692
3764,125.467,1448,268,2403,1760,-16.1315,18.1698
3765,125.500,1448,268,2403,1760,-16.1473,18.1799
3766,125.533,1448,268,2403,1760,-16.5060,18.5973
3767,125.567,1448,268,2403,1760,-16.5081,18.5122
3768,125.600,1448,268,2403,1760,-16.6027,18.3734
3769,125.633,1448,268,2403,1760,-16.6301,18.3058
3770,125.667,1448,268,2403,1760,-16.5732,18.5702
3771,125.700,1447,269,2403,1760,-15.9413,17.7008
3772,125.733,1449,268,2403,1759,-15.0011,16.7846
3773,125.767,1452,266,2391,1762,-15.8074,10.8251
3774,125.800,1452,268,2391,1763,-15.7597,12.4806
3775,125.833,1451,268,2391,1763,-15.6989,15.2190
3776,125.867,1451,268,2391,1763,-15.6925,15.2249
3777,125.900,1451,268,2391,1763,-15.6278,14.9411
3778,125.933,1451,269,2391,1761,-14.4798,14.4694
3779,125.967,1451,269,2391,1761,-14.6305,14.6562
3780,126.000,1453,270,2392,1764,-15.3427,9.8337
3781,126.033,1452,271,2393,1765,-15.4458,11.9728
3782,126.067,1452,271,2393,1765,-15.2123,11.2714
3783,126.100,1451,271,2392,1769,-16.0019,8.4030
3784,126.133,1452,271,2392,1769,-16.1396,7.6658
3785,126.167,1451,272,2393,1769,-13.6321,9.3340
3786,126.200,1448,272,2404,1763,-16.0218,15.3011
3787,126.233,1448,272,2404,1763,-16.6767,14.9465
3788,126.267,1449,271,2392,1768,-15.0307,8.7063
3789,126.300,1450,271,2392,1767,-16.4281,9.4301
3790,126.333,1450,271,2392,1767,-16.4281,9.4301
3791,126.367,1450,271,2392,1767,-16.4281,9.4301
3792,126.400,1449,271,2392,1767,-15.1543,8.6861
3793,126.433,1449,271,2392,1767,-15.0672,8.8543
3794,126.467,1449,271,2392,1767,-15.1085,8.9398
3795,126.500,1449,271,2392,1767,-15.2317,8.9222
3796,126.533,1449,271,2392,1767,-15.2759,8.9098
3797,126.567,1449,270,2392,1768,-15.2353,9.9312
3798,126.600,1449,270,2392,1768,-15.2597,9.9940
3799,126.633,1449,270,2393,1768,-15.0321,9.7975
3800,126.667,1449,269,2393,1768,-15.8717,11.1582
3801,126.700,1449,269,2394,1768,-15.6018,7.0495
3802,126.733,1450,269,2394,1768,-15.8676,9.7480
3803,126.767,1450,270,2395,1767,-17.5466,9.4051
3804,126.800,1449,269,2396,1768,-17.7291,9.6436
3805,126.833,1449,269,2397,1768,-16.0321,9.9352
3806,126.867,1449,269,2396,1767,-16.3682,10.9702
3807,126.900,1448,270,2396,1766,-16.2567,11.5446
3808,126.933,1446,276,2397,1765,-14.3396,7.3194
3809,126.967,1445,277,2400,1766,-15.0547,5.1037
3810,127.000,1445,273,2398,1765,-13.0714,7.2592
3811,127.033,1446,273,2398,1765,-14.2918,4.3524
3812,127.067,1446,273,2397,1764,-13.1396,6.9309
3813,127.100,1446,273,2397,1764,-13.4149,5.5163
3814,127.133,1447,273,2397,1764,-13.5172,3.0345
3815,127.167,1447,273,2398,1764,-14.0617,2.8727
3816,127.200,1447,274,2397,1764,-14.8798,1.9046
3817,127.233,1447,274,2397,1764,-14.9402,2.1768
3818,127.267,1447,274,2397,1762,-14.4395,3.3733
3819,127.300,1447,274,2395,1762,-13.1763,1.5270
3820,127.333,1447,275,2395,1761,-14.1084,2.8993
3821,127.367,1447,275,2395,1761,-14.0305,2.7693
3822,127.400,1446,276,2395,1761,-14.6342,5.8910
3823,127.433,1446,275,2395,1762,-14.4563,5.3140
3824,127.467,1445,274,2394,1761,-13.7977,5.1783
3825,127.500,1445,274,2395,1762,-14.2973,6.3048
3826,127.533,1445,273,2394,1761,-14.0767,4.3981
3827,127.567,1445,274,2395,1763,-13.7592,7.6393
3828,127.600,1445,275,2395,1764,-14.0617,8.2005
3829,127.633,1445,275,2394,1764,-14.7102,7.4919
3830,127.667,1445,276,2395,1765,-15.8947,8.5089
3831,127.700,1445,277,2394,1765,-15.2457,9.3478
3832,127.733,1445,277,2394,1765,-15.4864,9.4035
3833,127.767,1445,278,2394,1766,-14.5876,8.9119
3834,127.800,1445,279,2394,1765,-12.7330,8.2848
3835,127.833,1444,279,2394,1765,-13.5979,8.2673
3836,127.867,1444,278,2394,1764,-13.9247,9.4553
3837,127.900,1444,278,2394,1764,-14.0214,9.5145
3838,127.933,1445,278,2394,1764,-14.6100,9.0605
3839,127.967,1445,280,2395,1765,-13.8138,10.5603
3840,128.000,1443,280,2396,1767,-14.9464,9.3784
3841,128.033,1443,278,2397,1766,-15.0610,9.5345
3842,128.067,1444,278,2397,1766,-14.5338,9.3799
3843,128.100,1444,279,2398,1764,-15.8423,9.0313
3844,128.133,1444,277,2398,1765,-15.7246,8.5392
3845,128.167,1444,278,2399,1765,-15.0712,7.8808
3846,128.200,1444,278,2399,1765,-15.1646,7.9331
3847,128.233,1444,277,2400,1767,-15.5415,8.8099
3848,128.267,1444,277,2400,1767,-14.8268,10.0880
3849,128.300,1445,277,2399,1768,-16.7346,10.0787
3850,128.333,1445,278,2399,1768,-13.8982,11.2306
3851,128.367,1444,275,2398,1770,-16.1377,9.1552
3852,128.400,1445,276,2398,1772,-16.1415,9.4884
3853,128.433,1445,275,2398,1771,-15.7125,9.2705
3854,128.467,1445,275,2398,1771,-15.6916,9.2795
3855,128.500,1445,275,2398,1771,-15.7116,9.2110
3856,128.533,1445,275,2397,1770,-14.7379,9.4960
3857,128.567,1446,276,2397,1770,-14.4690,8.0819
3858,128.600,1446,276,2397,1770,-14.6709,8.6562
3859,128.633,1445,276,2397,1770,-14.6019,8.9423
3860,128.667,1446,278,2397,1770,-16.2888,8.1059
3861,128.700,1446,279,2398,1770,-16.6910,10.1154
3862,128.733,1446,280,2398,1770,-15.9639,9.5396
3863,128.767,1446,279,2399,1771,-14.2607,9.8213
3864,128.800,1448,277,2398,1770,-15.1920,8.0457
3865,128.833,1447,277,2398,1770,-16.2555,8.8951
3866,128.867,1447,277,2398,1770,-16.2426,8.8990
3867,128.900,1447,277,2398,1770,-16.1682,8.8572
3868,128.933,1447,275,2397,1769,-15.6589,8.6668
3869,128.967,1451,286,2393,1765,-12.9319,1.2360
3870,129.000,1449,283,2394,1766,-12.4003,4.0948
3871,129.033,1448,282,2395,1767,-13.8669,4.9575
3872,129.067,1448,280,2394,1767,-13.2202,6.4118
3873,129.100,1446,277,2396,1769,-13.3724,8.5548
3874,129.133,1446,275,2397,1769,-13.0802,7.5393
3875,129.167,1445,274,2398,1769,-13.6556,7.5042
3876,129.200,1445,274,2398,1769,-13.6895,7.4886
3877,129.233,1445,274,2397,1768,-14.8016,8.2686
3878,129.267,1445,274,2397,1768,-15.0752,7.6692
3879,129.300,1445,274,2397,1768,-14.8317,7.8461
3880,129.333,1445,274,2397,1767,-14.0369,7.7825
3881,129.367,1446,275,2397,1767,-14.5881,7.4202
3882,129.400,1446,275,2396,1767,-14.6068,7.3463
3883,129.433,1445,276,2397,1767,-14.8187,6.2661
3884,129.467,1445,277,2397,1767,-13.7010,6.5081
3885,129.500,1445,277,2397,1768,-14.2096,7.0395
3886,129.533,1446,279,2396,1769,-15.9121,8.1755
3887,129.567,1446,279,2395,1770,-16.0376,9.8237
3888,129.600,1446,279,2395,1770,-15.9724,9.8947
3889,129.633,1446,279,2395,1770,-15.8996,9.9228
3890,129.667,1446,278,2396,1770,-15.6872,7.9937
3891,129.700,1446,277,2396,1771,-16.3568,8.9514
3892,129.733,1446,278,2395,1770,-15.5528,8.7392
3893,129.767,1446,278,2396,1770,-14.7230,7.7436
3894,129.800,1446,277,2395,1768,-15.6431,9.8495
3895,129.833,1446,277,2396,1769,-15.0019,9.0686
3896,129.867,1446,277,2396,1769,-14.9164,9.6837
3897,129.900,1447,277,2396,1769,-16.3727,10.3391
3898,129.933,1448,278,2395,1769,-17.0712,8.6109
3899,129.967,1448,278,2395,1769,-16.7147,8.9515
3900,130.000,1448,277,2396,1769,-16.5383,8.4682
3901,130.033,1448,277,2396,1769,-16.4780,8.0613
3902,130.067,1448,278,2396,1769,-14.9063,6.1888
3903,130.100,1448,277,2397,1769,-15.1069,6.7328
3904,130.133,1449,279,2396,1769,-14.7223,7.4624
3905,130.167,1449,282,2396,1770,-14.0132,11.2408
3906,130.200,1448,279,2394,1768,-0.7492,7.5384
3907,130.233,1449,279,2394,1769,-2.1866,6.8183
3908,130.267,1449,279,2393,1769,-1.2215,6.2091
3909,130.300,1451,277,2393,1771,1.4606,5.8545
3910,130.333,1450,278,2392,1771,3.2867,2.9628
3911,130.367,1451,277,2391,1771,2.6221,-0.2312
3912,130.400,1451,277,2391,1771,2.6049,0.1075
3913,130.433,1452,278,2392,1770,4.0047,0.5180
3914,130.467,1452,278,2391,1770,3.5526,1.5808
3915,130.500,1448,279,2404,1767,-0.2218,7.5133
3916,130.533,1448,280,2404,1767,1.8987,6.5610
3917,130.567,1453,280,2392,1770,4.4436,3.6994
3918,130.600,1453,280,2392,1770,4.3431,3.7564
3919,130.633,1453,280,2392,1770,4.3783,3.1261
3920,130.667,1453,281,2392,1770,2.9907,4.1649
3921,130.700,1454,281,2392,1770,5.3493,3.6055
3922,130.733,1450,291,2391,1768,0.8423,8.4593
3923,130.767,1449,288,2390,1765,3.5445,8.3599
3924,130.800,1449,287,2390,1765,3.3600,7.4408
3925,130.833,1450,286,2391,1764,4.4565,5.8210
3926,130.867,1449,286,2390,1763,5.7017,4.6411
3927,130.900,1449,286,2390,1763,5.6550,4.7478
3928,130.933,1449,287,2390,1763,4.1913,5.2116
3929,130.967,1449,287,2390,1763,4.0231,4.6647
3930,131.000,1448,289,2391,1765,4.7844,6.4665
3931,131.033,1448,290,2390,1767,4.6101,4.0324
3932,131.067,1448,291,2390,1766,5.2455,4.3177
3933,131.100,1448,291,2390,1766,5.6650,4.7455
3934,131.133,1448,292,2390,1768,4.0115,5.1158
3935,131.167,1448,291,2389,1769,3.6711,4.3864
3936,131.200,1448,291,2389,1769,4.8919,4.4276
3937,131.233,1449,290,2389,1768,4.3141,3.7653
3938,131.267,1449,289,2389,1768,4.1090,4.5413
3939,131.300,1447,288,2386,1767,6.5114,5.4810
3940,131.333,1448,289,2383,1767,5.7512,2.9066
3941,131.367,1448,289,2383,1767,5.7491,2.6331
3942,131.400,1448,288,2383,1767,4.2797,2.4444
3943,131.433,1448,289,2398,1766,4.8592,4.6432
3944,131.467,1448,289,2398,1766,4.8592,4.6432
3945,131.500,1448,292,2398,1766,4.1631,2.3414
3946,131.533,1448,293,2398,1766,5.5755,2.9422
3947,131.567,1447,292,2398,1767,5.3057,4.9217
3948,131.600,1447,292,2398,1767,5.3527,4.8766
3949,131.633,1447,292,2398,1767,5.3473,4.8824
3950,131.667,1447,292,2398,1767,5.3177,5.6535
3951,131.700,1447,290,2398,1767,4.5080,5.7657
3952,131.733,1446,291,2399,1768,5.9126,4.8373
3953,131.767,1446,291,2399,1767,6.9716,5.0101
3954,131.800,1446,292,2399,1767,6.7828,3.8232
3955,131.833,1450,290,2385,1769,3.6356,2.1510
3956,131.867,1450,290,2385,1769,3.5477,1.9784
3957,131.900,1450,290,2385,1769,3.4092,2.0142
3958,131.933,1450,290,2386,1768,2.2623,2.9304
3959,131.967,1450,292,2385,1767,4.2951,-0.1539
3960,132.000,1451,289,2384,1765,3.9208,6.6069
3961,132.033,1451,289,2385,1766,3.2011,5.0825
3962,132.067,1450,289,2385,1765,2.2747,6.6907
3963,132.100,1450,289,2385,1765,2.2271,6.7215
3964,132.133,1450,288,2385,1765,3.4481,6.5870
3965,132.167,1450,287,2385,1764,3.5781,5.9974
3966,132.200,1450,287,2385,1765,5.1413,5.7339
3967,132.233,1450,288,2385,1765,3.3990,6.6715
3968,132.267,1451,287,2384,1764,4.5363,3.9681
3969,132.300,1451,287,2384,1766,4.7432,2.8477
3970,132.333,1452,288,2383,1765,5.1017,5.3647
3971,132.367,1451,288,2383,1765,3.9049,4.3797
3972,132.400,1449,288,2396,1765,2.3256,4.8801
3973,132.433,1448,288,2396,1764,2.0800,5.8698
3974,132.467,1448,287,2396,1765,1.8460,5.2494
3975,132.500,1448,287,2396,1765,2.1076,5.3285
3976,132.533,1447,287,2396,1765,2.5309,6.5099
3977,132.567,1447,286,2397,1764,2.6533,5.8656
3978,132.600,1446,285,2397,1764,4.7999,5.9448
3979,132.633,1446,285,2397,1764,4.6396,6.0015
3980,132.667,1447,284,2397,1765,2.5923,6.9444
3981,132.700,1447,284,2397,1765,2.7335,6.8284
3982,132.733,1447,284,2397,1765,2.9126,6.9254
3983,132.767,1447,284,2397,1765,2.9763,7.0871
3984,132.800,1446,284,2397,1765,3.6151,7.8694
3985,132.833,1447,284,2398,1766,3.8481,6.5676
3986,132.867,1447,283,2398,1766,3.7153,7.4098
3987,132.900,1447,284,2398,1766,3.3172,6.2622
3988,132.933,1448,283,2397,1766,2.8145,7.4630
3989,132.967,1448,283,2397,1765,2.9361,6.5546
3990,133.000,1447,285,2399,1765,6.3231,4.2524
3991,133.033,1449,286,2384,1766,7.6840,4.3338
3992,133.067,1449,286,2384,1766,7.5705,4.3950
3993,133.100,1449,285,2384,1765,7.4481,4.3993
3994,133.133,1448,285,2384,1767,6.2337,4.5453
3995,133.167,1448,285,2384,1767,6.2164,4.6654
3996,133.200,1448,285,2384,1767,6.2451,4.6434
3997,133.233,1448,285,2384,1767,6.2457,4.6557
3998,133.267,1448,284,2384,1767,5.5417,4.7605
3999,133.300,1448,284,2384,1767,5.1724,4.6532
4000,133.333,1448,284,2384,1767,5.0449,4.6694
4001,133.367,1448,284,2384,1767,5.0995,4.6351
4002,133.400,1448,284,2385,1768,5.9898,5.1176
4003,133.433,1449,285,2385,1769,5.8711,3.3782
4004,133.467,1450,285,2385,1768,6.9934,2.2309
4005,133.500,1450,285,2385,1769,8.2333,2.6552
4006,133.533,1452,286,2386,1767,5.6200,2.9608
4007,133.567,1452,286,2386,1767,5.5284,3.5991
4008,133.600,1452,286,2386,1767,5.5317,3.5934
4009,133.633,1451,286,2386,1767,5.3589,3.2235
4010,133.667,1452,285,2385,1767,6.1037,4.4815
4011,133.700,1451,286,2385,1767,5.8907,3.5724
4012,133.733,1451,286,2385,1766,3.9198,3.5381
4013,133.767,1451,286,2385,1767,6.2137,3.7507
4014,133.800,1451,283,2386,1767,3.7923,3.2102
4015,133.833,1451,287,2384,1769,16.2481,0.5962
4016,133.867,1452,287,2386,1769,20.0879,-0.5490
4017,133.900,1452,287,2386,1769,19.8997,-0.8804
4018,133.933,1451,285,2386,1770,21.6650,-1.7621
4019,133.967,1451,285,2386,1769,22.8864,-1.2867
4020,134.000,1450,282,2384,1768,21.8611,-0.9352
4021,134.033,1450,282,2384,1769,21.2881,-0.0497
4022,134.067,1450,282,2384,1769,21.2881,-0.0497
4023,134.100,1450,283,2383,1769,22.8967,-1.1679
4024,134.133,1450,285,2383,1770,22.4193,-2.6518
4025,134.167,1451,287,2384,1767,23.5305,-3.4806
4026,134.200,1453,288,2384,1765,23.2559,-2.8567
4027,134.233,1453,289,2384,1766,24.1149,2.6861
4028,134.267,1452,287,2384,1766,26.0032,-1.3972
4029,134.300,1452,286,2385,1765,23.8044,-0.7778
4030,134.333,1450,287,2386,1764,23.7120,0.8564
4031,134.367,1450,287,2386,1764,23.7120,0.8564
4032,134.400,1451,286,2385,1765,23.0337,0.6798
4033,134.433,1450,287,2386,1765,23.4740,2.2494
4034,134.467,1450,287,2386,1765,23.6443,2.0869
4035,134.500,1450,287,2385,1765,23.9825,2.1711
4036,134.533,1449,286,2385,1766,19.8257,2.2293
4037,134.567,1448,286,2384,1764,21.5643,3.0465
4038,134.600,1447,285,2384,1763,21.7807,1.1831
4039,134.633,1448,286,2384,1763,22.1175,2.3518
4040,134.667,1447,285,2384,1764,21.7174,3.0398
4041,134.700,1447,286,2384,1765,21.8799,3.6461
4042,134.733,1447,284,2383,1764,19.1864,0.8379
4043,134.767,1448,284,2383,1767,20.7216,-0.4142
4044,134.800,1448,285,2383,1770,20.7693,0.1594
4045,134.833,1448,286,2385,1770,23.2186,0.5009
4046,134.867,1448,285,2385,1771,21.2855,-1.2805
4047,134.900,1447,286,2385,1770,21.8058,3.8632
4048,134.933,1447,284,2387,1769,18.9333,0.6964
4049,134.967,1448,284,2387,1769,22.8482,1.0085
4050,135.000,1450,284,2386,1766,22.3139,-0.5182
4051,135.033,1450,284,2386,1766,22.1457,-0.3761
4052,135.067,1450,284,2386,1766,22.1457,-0.3761
4053,135.100,1450,284,2386,1766,22.2220,-0.3743
4054,135.133,1450,284,2386,1766,22.5183,-0.2554
4055,135.167,1450,284,2385,1767,22.4685,1.0821
4056,135.200,1450,284,2385,1767,22.5522,1.1479
4057,135.233,1450,283,2385,1767,21.5224,0.1345
4058,135.267,1449,283,2384,1766,20.8191,1.6115
4059,135.300,1449,282,2383,1764,21.8631,2.7567
4060,135.333,1449,283,2384,1763,21.3752,1.2188
4061,135.367,1449,282,2384,1764,22.2851,1.0001
4062,135.400,1449,282,2383,1762,21.8653,1.5108
4063,135.433,1443,288,2394,1764,22.4191,4.3485
4064,135.467,1442,285,2393,1761,22.4944,4.2714
4065,135.500,1443,286,2393,1762,23.1268,2.3071
4066,135.533,1442,288,2393,1762,22.5141,2.2328
4067,135.567,1443,288,2393,1763,23.7279,1.7865
4068,135.600,1443,288,2393,1764,25.4616,0.0857
4069,135.633,1443,287,2393,1764,25.9107,0.4764
4070,135.667,1443,287,2393,1764,25.6000,-0.4867
4071,135.700,1443,287,2393,1764,25.4661,-0.5903
4072,135.733,1443,287,2393,1764,25.5667,-0.5975
4073,135.767,1443,287,2393,1764,25.5172,-0.6651
4074,135.800,1443,287,2393,1764,25.6414,-0.7173
4075,135.833,1443,287,2393,1764,25.1613,-0.6365
4076,135.867,1443,287,2393,1764,25.1333,-0.6249
4077,135.900,1443,287,2393,1764,25.3806,-0.6056
4078,135.933,1443,288,2394,1765,23.5574,2.1537
4079,135.967,1443,289,2394,1766,24.5155,1.3203
4080,136.000,1443,289,2394,1766,20.6027,-0.2200
4081,136.033,1442,290,2395,1768,22.1908,-0.9216
4082,136.067,1442,289,2395,1768,20.9279,0.2629
4083,136.100,1442,290,2395,1768,22.2217,-0.6581
4084,136.133,1442,291,2396,1768,20.4109,2.8029
4085,136.167,1442,290,2396,1769,22.5945,2.1130
4086,136.200,1442,291,2396,1769,21.5843,4.4260
4087,136.233,1442,292,2396,1769,21.8355,2.6748
4088,136.267,1448,285,2384,1768,20.7419,1.2152
4089,136.300,1449,285,2383,1768,22.4149,0.2310
4090,136.333,1442,292,2395,1768,22.7234,4.5934
4091,136.367,1449,285,2383,1768,22.2349,0.2129
4092,136.400,1449,285,2383,1767,21.9297,-0.8233
4093,136.433,1442,291,2395,1767,23.6577,4.9798
4094,136.467,1442,291,2396,1769,22.8831,4.5332
4095,136.500,1442,290,2395,1768,21.0760,2.9044
4096,136.533,1441,290,2395,1769,22.6160,2.0270
4097,136.567,1441,290,2395,1768,22.6120,3.8861
4098,136.600,1440,290,2395,1768,22.9377,5.8174
4099,136.633,1440,290,2395,1767,23.2289,6.6206
4100,136.667,1440,291,2395,1767,23.5799,6.9518
4101,136.700,1439,291,2395,1769,24.7466,4.0786
4102,136.733,1439,291,2395,1768,23.1387,4.3244
4103,136.767,1440,291,2395,1768,21.5251,4.6603
4104,136.800,1438,292,2393,1766,22.2202,2.3696
4105,136.833,1439,293,2393,1765,21.8959,2.6368
4106,136.867,1439,293,2393,1765,21.6512,2.9158
4107,136.900,1439,292,2393,1765,21.8362,3.6855
4108,136.933,1439,293,2394,1764,22.9193,3.3188
4109,136.967,1439,292,2394,1765,22.4961,3.1233
4110,137.000,1439,283,2396,1767,22.0552,1.0606
4111,137.033,1439,283,2396,1767,22.1669,0.7746
4112,137.067,1439,283,2396,1767,22.2382,0.8497
4113,137.100,1439,283,2396,1767,22.3020,0.7788
4114,137.133,1439,283,2396,1767,23.2068,0.4571
4115,137.167,1441,282,2396,1766,22.2852,5.3087
4116,137.200,1441,283,2396,1765,21.7479,7.1453
4117,137.233,1441,281,2396,1764,22.7269,7.1382
4118,137.267,1442,281,2396,1764,22.4051,7.7071
4119,137.300,1442,281,2396,1764,21.9082,7.6018
4120,137.333,1442,281,2396,1764,21.9082,7.6018
4121,137.367,1442,281,2396,1764,21.9082,7.6018
4122,137.400,1442,280,2396,1764,21.4546,6.5213
4123,137.433,1441,280,2397,1764,23.1206,7.5870
4124,137.467,1442,280,2396,1764,23.3809,7.8736
4125,137.500,1442,280,2397,1764,22.7027,7.8297
4126,137.533,1443,279,2396,1762,21.9479,6.0771
4127,137.567,1442,278,2396,1763,20.4933,7.9187
4128,137.600,1442,278,2397,1762,23.0661,8.0785
4129,137.633,1442,277,2397,1763,21.6583,8.4483
4130,137.667,1441,278,2397,1763,19.4155,8.3565
4131,137.700,1442,277,2398,1765,21.9407,8.9410
4132,137.733,1442,277,2398,1765,21.8949,8.2139
4133,137.767,1441,278,2399,1765,20.0782,10.3852
4134,137.800,1442,277,2399,1766,19.0507,9.6594
4135,137.833,1442,278,2400,1765,20.9696,9.6211
4136,137.867,1442,278,2400,1765,21.1689,9.6967
4137,137.900,1442,278,2400,1765,21.3665,9.6606
4138,137.933,1442,278,2400,1766,19.8214,10.2285
4139,137.967,1442,278,2399,1766,20.5158,9.2414
4140,138.000,1441,277,2398,1766,21.5192,8.0411
4141,138.033,1440,277,2398,1765,22.0785,9.0580
4142,138.067,1441,277,2398,1764,20.9274,7.2889
4143,138.100,1441,277,2398,1765,21.9643,7.7339
4144,138.133,1441,277,2397,1764,21.4371,9.1609
4145,138.167,1441,275,2398,1765,18.7114,8.4863
4146,138.200,1440,275,2397,1765,18.6085,9.2452
4147,138.233,1440,274,2397,1766,18.6674,6.7997
4148,138.267,1441,275,2397,1765,19.0821,6.8531
4149,138.300,1441,274,2398,1765,19.9156,8.9262
4150,138.333,1441,275,2397,1764,19.7462,9.4116
4151,138.367,1441,276,2398,1764,20.0812,8.7596
4152,138.400,1441,276,2398,1764,20.3917,10.4506
4153,138.433,1441,277,2398,1763,22.0936,11.9986
4154,138.467,1441,277,2399,1764,19.6528,10.6488
4155,138.500,1441,277,2399,1764,20.3475,11.0293
4156,138.533,1441,276,2399,1762,20.9820,11.2328
4157,138.567,1441,275,2399,1762,22.7542,8.2003
4158,138.600,1441,275,2400,1761,21.2737,8.6506
4159,138.633,1441,275,2399,1761,20.9967,8.4335
4160,138.667,1441,274,2399,1761,22.3231,9.2741
4161,138.700,1442,275,2399,1761,22.1997,8.8472
4162,138.733,1442,276,2399,1763,20.6130,9.7759
4163,138.767,1441,275,2398,1761,22.5088,10.9601
4164,138.800,1441,276,2398,1760,21.5459,11.0555
4165,138.833,1442,276,2398,1762,20.1994,8.7298
4166,138.867,1441,277,2398,1763,23.9734,10.1586
4167,138.900,1441,277,2398,1763,23.9734,10.1586
4168,138.933,1441,277,2398,1763,23.4058,9.9770
4169,138.967,1441,277,2398,1763,23.2482,10.2191
4170,139.000,1441,276,2396,1763,19.8553,8.7725
4171,139.033,1440,274,2396,1765,20.6447,10.3312
4172,139.067,1440,274,2394,1765,23.4515,10.1177
4173,139.100,1441,274,2394,1765,22.1897,10.2509
4174,139.133,1441,274,2393,1764,19.3501,10.0957
4175,139.167,1441,275,2394,1763,21.7384,10.7910
4176,139.200,1440,274,2394,1763,23.9164,9.7646
4177,139.233,1440,274,2394,1763,23.8384,9.3291
4178,139.267,1441,275,2393,1762,20.5998,9.8537
4179,139.300,1440,275,2393,1763,22.6828,10.7542
4180,139.333,1440,276,2393,1763,21.8655,11.1267
4181,139.367,1440,275,2394,1763,21.8209,11.1674
4182,139.400,1440,274,2393,1762,19.5219,8.1547
4183,139.433,1440,273,2394,1764,20.4354,8.6250
4184,139.467,1441,273,2395,1763,20.7791,9.4298
4185,139.500,1440,274,2394,1763,21.8147,9.9966
4186,139.533,1440,273,2395,1763,20.1474,9.7837
4187,139.567,1440,273,2394,1763,18.9489,9.6714
4188,139.600,1441,273,2394,1763,20.9097,7.8908
4189,139.633,1440,272,2394,1764,20.8365,7.8131
4190,139.667,1440,273,2393,1764,19.0811,8.2375
4191,139.700,1440,271,2391,1763,18.1545,8.2684
4192,139.733,1441,272,2390,1763,19.7583,10.7797
4193,139.767,1441,273,2390,1763,19.6544,8.4915
4194,139.800,1440,274,2389,1763,21.3315,8.0573
4195,139.833,1439,276,2390,1763,19.1692,10.7191
4196,139.867,1438,277,2391,1762,19.3521,11.3556
4197,139.900,1438,277,2391,1762,19.2021,11.5172
4198,139.933,1438,278,2391,1762,20.8206,10.3079
4199,139.967,1438,278,2391,1762,20.7032,10.4092
4200,140.000,1438,277,2392,1762,20.1778,11.4440
4201,140.033,1439,278,2392,1762,21.3624,10.3534
4202,140.067,1439,279,2391,1762,20.6884,11.4835
4203,140.100,1439,278,2392,1762,21.3896,10.5653
4204,140.133,1439,277,2391,1763,19.9826,11.0916
4205,140.167,1439,278,2391,1763,22.0747,11.3947
4206,140.200,1439,278,2391,1763,22.1882,11.5014
4207,140.233,1439,278,2391,1763,22.0799,11.4805
4208,140.267,1439,278,2391,1764,20.6989,12.6189
4209,140.300,1440,279,2392,1764,19.2632,9.5110
4210,140.333,1440,279,2392,1764,19.6622,9.4743
4211,140.367,1440,279,2392,1764,19.4744,9.5740
4212,140.400,1440,279,2393,1764,19.1084,8.8928
4213,140.433,1441,278,2393,1765,19.3640,10.7396
4214,140.467,1441,278,2393,1764,21.5725,11.3220
4215,140.500,1441,277,2393,1764,20.6807,11.6354
4216,140.533,1441,277,2393,1765,20.4593,10.2141
4217,140.567,1441,277,2393,1765,20.5008,11.5049
4218,140.600,1443,276,2391,1763,17.2206,12.6347
4219,140.633,1443,275,2392,1764,18.0697,13.1033
4220,140.667,1443,273,2393,1764,17.8759,14.2839
4221,140.700,1444,273,2392,1764,19.5527,13.9205
4222,140.733,1444,273,2392,1764,19.7364,13.9708
4223,140.767,1444,272,2392,1764,21.0204,14.0281
4224,140.800,1444,272,2392,1764,20.3478,13.5235
4225,140.833,1444,272,2392,1764,19.9143,13.5401
4226,140.867,1445,273,2392,1764,21.0504,11.8504
4227,140.900,1445,274,2392,1764,18.1855,13.3742
4228,140.933,1445,275,2393,1763,18.8952,13.1193
4229,140.967,1444,275,2393,1763,17.9865,13.9444
4230,141.000,1445,276,2393,1765,20.3330,15.4123
4231,141.033,1444,276,2393,1764,19.8069,14.2696
4232,141.067,1444,276,2393,1764,19.8452,14.2867
4233,141.100,1445,276,2393,1764,19.3366,15.7388
4234,141.133,1444,277,2393,1764,21.1034,13.5110
4235,141.167,1446,275,2392,1764,21.6620,13.0932
4236,141.200,1446,275,2392,1764,21.5468,12.8406
4237,141.233,1445,274,2392,1764,20.7475,12.4692
4238,141.267,1446,274,2391,1764,22.3857,11.1335
4239,141.300,1446,272,2391,1764,21.8520,14.2830
4240,141.333,1446,272,2391,1764,20.8097,14.6300
4241,141.367,1446,273,2391,1765,21.4823,12.2430
4242,141.400,1445,273,2391,1764,20.7359,11.4501
4243,141.433,1445,273,2391,1764,20.8412,11.1213
4244,141.467,1445,272,2391,1764,20.9297,12.4127
4245,141.500,1445,272,2391,1764,20.9460,12.4594
4246,141.533,1445,272,2391,1764,20.1863,11.1095
4247,141.567,1445,272,2391,1764,19.7800,11.0100
4248,141.600,1445,272,2391,1764,19.8895,11.1283
4249,141.633,1446,272,2391,1764,20.5713,12.7017
4250,141.667,1446,273,2391,1764,21.2677,9.5846
4251,141.700,1445,272,2392,1764,23.1196,12.7268
4252,141.733,1445,272,2391,1764,18.4434,10.7239
4253,141.767,1445,273,2391,1764,19.3568,12.4901
4254,141.800,1445,272,2391,1763,16.9403,9.1713
4255,141.833,1445,272,2391,1763,16.4611,10.8982
4256,141.867,1445,272,2391,1763,16.1291,10.9132
4257,141.900,1445,271,2391,1763,15.8305,10.3578
4258,141.933,1445,271,2391,1762,17.9909,11.6131
4259,141.967,1445,269,2391,1762,18.6402,16.9562
4260,142.000,1444,269,2392,1759,14.5368,14.1561
4261,142.033,1444,270,2392,1759,18.2243,16.3939
4262,142.067,1444,270,2392,1759,18.2757,16.3956
4263,142.100,1444,270,2392,1759,18.3089,16.3944
4264,142.133,1444,270,2392,1759,18.2192,16.1548
4265,142.167,1445,269,2391,1759,17.6363,16.2294
4266,142.200,1445,268,2390,1759,19.7297,16.6417
4267,142.233,1445,268,2390,1759,19.6401,16.8213
4268,142.267,1445,268,2390,1759,19.5861,16.9525
4269,142.300,1445,268,2390,1759,19.7817,16.9141
4270,142.333,1445,268,2390,1759,19.7817,16.9141
4271,142.367,1445,268,2390,1759,19.7824,16.9236
4272,142.400,1445,268,2390,1759,19.6453,17.1891
4273,142.433,1444,266,2391,1762,18.7559,15.8341
4274,142.467,1443,265,2392,1762,15.4838,15.2615
4275,142.500,1443,265,2392,1762,15.5111,15.0628
4276,142.533,1443,266,2392,1763,17.9765,14.0639
4277,142.567,1444,267,2392,1763,17.2885,14.4985
4278,142.600,1449,267,2388,1754,18.6660,9.4525
4279,142.633,1449,268,2389,1755,18.3752,12.7345
4280,142.667,1449,268,2389,1755,17.4574,12.6470
4281,142.700,1449,268,2388,1754,19.2405,12.6702
4282,142.733,1449,268,2389,1754,19.7579,12.2155
4283,142.767,1449,268,2389,1754,19.7816,12.2219
4284,142.800,1449,268,2388,1754,18.8731,11.3812
4285,142.833,1449,268,2388,1754,18.8289,11.5236
4286,142.867,1449,268,2388,1754,18.8274,11.5347
4287,142.900,1449,268,2388,1754,18.7683,11.4173
4288,142.933,1449,268,2388,1754,18.6418,11.3895
4289,142.967,1448,268,2388,1755,18.2120,11.0789
4290,143.000,1450,269,2388,1753,18.2250,8.7770
4291,143.033,1450,269,2388,1753,18.2981,8.5320
4292,143.067,1450,269,2388,1753,18.5311,9.0291
4293,143.100,1450,269,2388,1752,17.8715,8.8931
4294,143.133,1450,269,2388,1752,17.7574,8.7802
4295,143.167,1448,268,2387,1754,18.6320,8.6667
4296,143.200,1448,268,2387,1755,18.3614,9.3762
4297,143.233,1447,269,2388,1756,20.9579,10.3454
4298,143.267,1447,271,2387,1757,20.7821,9.8512
4299,143.300,1446,272,2387,1757,23.0173,12.8557
4300,143.333,1446,271,2387,1757,21.4018,10.4200
4301,143.367,1446,272,2387,1758,22.5811,11.4621
4302,143.400,1446,274,2388,1760,21.2018,11.2303
4303,143.433,1447,273,2388,1758,24.4433,12.6317
4304,143.467,1447,273,2388,1758,24.1064,12.8220
4305,143.500,1447,273,2388,1758,24.2822,13.0844
4306,143.533,1447,272,2388,1757,22.1156,14.1329
4307,143.567,1447,272,2388,1757,22.2134,13.7186
4308,143.600,1447,272,2388,1757,22.2134,13.7186
4309,143.633,1447,272,2388,1757,22.2134,13.7186
4310,143.667,1447,272,2388,1757,22.0404,13.5322
4311,143.700,1447,272,2388,1757,22.2209,13.7404
4312,143.733,1447,272,2388,1757,22.0886,13.8376
4313,143.767,1447,272,2388,1757,22.2507,14.0748
4314,143.800,1447,272,2388,1757,22.5008,14.4205
4315,143.833,1448,271,2388,1757,21.0559,12.6144
4316,143.867,1448,271,2388,1757,20.8725,12.5766
4317,143.900,1448,271,2388,1757,20.9266,12.5596
4318,143.933,1448,271,2388,1757,21.4702,11.6291
4319,143.967,1448,271,2388,1757,21.2188,11.3162
4320,144.000,1446,270,2388,1758,20.0462,13.0298
4321,144.033,1446,270,2387,1758,17.4479,12.3948
4322,144.067,1446,270,2388,1759,18.5072,13.3038
4323,144.100,1446,268,2388,1758,18.3596,13.1648
4324,144.133,1445,266,2387,1758,17.2147,8.0624
4325,144.167,1445,267,2387,1757,16.2674,13.3605
4326,144.200,1444,264,2390,1757,2.1488,17.9954
4327,144.233,1444,264,2391,1757,0.2469,19.1006
4328,144.267,1444,262,2391,1757,0.0607,16.7124
4329,144.300,1445,262,2391,1757,0.8296,18.3584
4330,144.333,1445,262,2391,1757,0.8296,18.3584
4331,144.367,1445,262,2391,1757,0.8296,18.3584
4332,144.400,1445,262,2391,1757,0.7458,18.8969
4333,144.433,1445,262,2391,1757,0.7941,18.9322
4334,144.467,1445,262,2391,1757,0.7941,18.9322
4335,144.500,1445,262,2391,1757,0.7941,18.9322
4336,144.533,1445,262,2391,1757,0.7802,18.9489
4337,144.567,1445,262,2391,1757,1.2723,18.7502
4338,144.600,1444,261,2391,1757,0.8580,18.5773
4339,144.633,1445,261,2391,1757,2.3435,17.2979
4340,144.667,1445,261,2391,1757,2.5377,16.9719
4341,144.700,1445,261,2391,1757,2.6923,16.8864
4342,144.733,1445,261,2391,1757,2.9986,17.2928
4343,144.767,1446,262,2391,1757,2.2812,17.6123
4344,144.800,1446,262,2391,1757,2.5038,16.8818
4345,144.833,1446,262,2392,1757,2.6585,18.1170
4346,144.867,1447,262,2392,1757,2.6270,17.6837
4347,144.900,1447,259,2392,1756,3.6776,15.1882
4348,144.933,1446,262,2392,1760,7.6476,17.0954
4349,144.967,1446,262,2392,1760,8.2214,17.3372
4350,145.000,1445,262,2391,1759,8.3714,17.2926
4351,145.033,1445,262,2392,1760,6.5438,17.5194
4352,145.067,1445,262,2392,1760,6.5401,17.5590
4353,145.100,1445,263,2391,1760,7.5634,16.6924
4354,145.133,1445,258,2393,1758,6.2212,17.5899
4355,145.167,1444,260,2394,1758,5.5567,19.8577
4356,145.200,1444,259,2393,1757,4.9602,15.7426
4357,145.233,1444,259,2393,1758,6.4020,17.5218
4358,145.267,1444,259,2393,1757,4.9539,16.7223
4359,145.300,1444,258,2393,1757,4.7910,18.0015
4360,145.333,1444,259,2393,1756,5.0708,16.0794
4361,145.367,1444,259,2393,1756,5.1837,15.7289
4362,145.400,1444,258,2392,1756,4.8330,17.7914
4363,145.433,1444,257,2392,1756,4.6437,16.5435
4364,145.467,1445,258,2392,1756,5.3405,16.2557
4365,145.500,1445,257,2392,1756,5.2532,16.9189
4366,145.533,1444,257,2391,1756,4.4021,17.0509
4367,145.567,1445,257,2391,1756,5.0950,17.9660
4368,145.600,1445,258,2391,1755,5.0518,17.3822
4369,145.633,1445,257,2391,1755,4.6446,17.4064
4370,145.667,1445,258,2391,1755,5.1613,17.2181
4371,145.700,1445,256,2391,1755,4.0384,16.2462
4372,145.733,1446,256,2391,1755,4.3026,16.3189
4373,145.767,1446,257,2391,1755,4.1810,17.2676
4374,145.800,1446,257,2391,1755,3.5186,17.1474
4375,145.833,1446,256,2390,1756,4.0542,15.6040
4376,145.867,1446,257,2390,1756,5.2672,14.7344
4377,145.900,1445,257,2390,1755,4.6445,14.9200
4378,145.933,1445,258,2389,1756,5.0486,16.6510
4379,145.967,1445,256,2390,1756,5.0714,17.9434
4380,146.000,1444,261,2389,1757,6.3293,15.1003
4381,146.033,1445,263,2390,1757,5.2908,16.1216
4382,146.067,1445,263,2390,1757,5.3882,16.0789
4383,146.100,1445,263,2389,1757,6.1281,16.0856
4384,146.133,1445,263,2389,1757,6.0201,18.0851
4385,146.167,1445,263,2389,1757,6.3633,17.8723
4386,146.200,1445,263,2389,1757,6.4052,18.2182
4387,146.233,1445,263,2389,1757,6.8566,17.7162
4388,146.267,1445,262,2388,1758,3.6665,16.9645
4389,146.300,1448,278,2391,1755,7.1664,15.3876
4390,146.333,1448,277,2393,1755,6.2589,13.5905
4391,146.367,1446,269,2391,1757,7.2601,19.1384
4392,146.400,1447,264,2390,1758,7.0764,18.4612
4393,146.433,1448,260,2389,1758,4.0806,17.5626
4394,146.467,1447,260,2389,1759,3.5770,18.7521
4395,146.500,1447,260,2389,1759,3.4306,17.8912
4396,146.533,1448,261,2389,1758,3.1121,17.4541
4397,146.567,1447,260,2389,1759,4.9905,17.3421
4398,146.600,1446,261,2389,1758,4.9010,15.5702
4399,146.633,1446,260,2389,1758,5.9495,14.7250
4400,146.667,1446,259,2389,1759,4.8667,17.1333
4401,146.700,1446,260,2389,1760,4.7997,16.5413
4402,146.733,1446,259,2389,1759,4.8527,16.3511
4403,146.767,1446,260,2389,1760,5.0013,16.6188
4404,146.800,1446,261,2389,1759,6.2104,17.4822
4405,146.833,1447,259,2388,1759,3.5992,17.8913
4406,146.867,1445,261,2386,1757,4.5493,17.5882
4407,146.900,1446,261,2386,1757,4.7204,17.4118
4408,146.933,1446,261,2386,1756,5.6288,19.1197
4409,146.967,1446,259,2386,1755,4.5206,18.0278
4410,147.000,1446,262,2386,1754,4.4514,20.3770
4411,147.033,1446,261,2386,1755,2.8106,19.3291
4412,147.067,1445,261,2386,1755,4.6709,18.7210
4413,147.100,1448,263,2385,1756,2.8412,16.7302
4414,147.133,1449,275,2388,1753,10.1072,16.8013
4415,147.167,1449,275,2389,1754,7.2426,15.8307
4416,147.200,1449,275,2389,1753,7.7083,17.1816
4417,147.233,1448,260,2387,1756,2.4724,18.5785
4418,147.267,1447,261,2387,1756,2.4708,20.1294
4419,147.300,1448,262,2387,1755,2.0048,18.8955
4420,147.333,1448,262,2386,1755,4.2688,19.3969
4421,147.367,1448,263,2387,1755,4.2769,19.2984
4422,147.400,1448,263,2386,1754,4.4814,15.1404
4423,147.433,1448,261,2386,1756,4.1407,15.6142
4424,147.467,1448,261,2386,1756,4.4513,16.5809
4425,147.500,1448,261,2386,1756,4.3091,16.6882
4426,147.533,1447,259,2386,1757,0.9985,16.4404
4427,147.567,1447,261,2386,1757,4.4582,17.7200
4428,147.600,1448,261,2386,1757,3.6922,15.3643
4429,147.633,1448,261,2387,1757,4.7437,17.0598
4430,147.667,1449,260,2386,1756,-0.9993,18.9093
4431,147.700,1449,259,2386,1756,-1.6310,20.0710
4432,147.733,1449,259,2386,1756,-1.5945,19.9469
4433,147.767,1449,262,2387,1758,-10.4265,18.0385
4434,147.800,1450,262,2387,1758,-12.2180,19.4472
4435,147.833,1450,262,2388,1758,-10.3303,18.2684
4436,147.867,1450,262,2388,1758,-10.3089,18.5923
4437,147.900,1450,262,2388,1758,-10.3521,18.9017
4438,147.933,1450,262,2388,1759,-9.3727,18.9151
4439,147.967,1449,263,2388,1760,-11.6149,21.1785
4440,148.000,1448,263,2389,1761,-12.8580,19.8691
4441,148.033,1448,262,2389,1761,-14.0161,19.4303
4442,148.067,1448,261,2389,1761,-13.9694,21.4285
4443,148.100,1448,261,2389,1761,-14.6520,21.9962
4444,148.133,1448,261,2389,1761,-14.8791,20.6789
4445,148.167,1448,262,2390,1761,-11.9171,19.7489
4446,148.200,1447,263,2390,1761,-9.6813,22.7659
4447,148.233,1447,262,2389,1761,-12.5849,19.4732
4448,148.267,1447,264,2390,1761,-9.3219,22.4194
4449,148.300,1447,263,2391,1761,-11.0715,20.7845
4450,148.333,1446,263,2390,1760,-11.1386,23.0097
4451,148.367,1446,263,2390,1761,-12.6014,21.4673
4452,148.400,1446,263,2391,1762,-12.8472,20.2331
4453,148.433,1446,263,2390,1761,-13.4093,20.2793
4454,148.467,1447,263,2390,1760,-13.0837,20.1145
4455,148.500,1450,273,2391,1755,-16.3120,22.7568
4456,148.533,1450,274,2391,1755,-17.0780,22.2271
4457,148.567,1449,272,2391,1755,-16.0341,23.4908
4458,148.600,1450,273,2391,1755,-16.3330,23.1683
4459,148.633,1449,273,2391,1755,-15.5410,24.4654
4460,148.667,1449,273,2391,1756,-16.9080,22.8694
4461,148.700,1449,272,2391,1756,-15.9993,20.5460
4462,148.733,1449,272,2391,1756,-15.9924,20.1700
4463,148.767,1449,272,2391,1755,-15.5247,22.4233
4464,148.800,1449,272,2391,1755,-15.3039,21.7162
4465,148.833,1449,270,2390,1756,-15.1781,22.3585
4466,148.867,1449,270,2390,1755,-15.2273,23.0431
4467,148.900,1449,269,2390,1756,-15.3455,21.0151
4468,148.933,1449,269,2389,1757,-14.0341,21.2542
4469,148.967,1449,269,2389,1757,-12.8877,22.1055
4470,149.000,1449,266,2389,1760,-15.0260,17.4455
4471,149.033,1450,266,2388,1760,-16.9432,16.1857
4472,149.067,1450,266,2388,1759,-17.2857,18.9169
4473,149.100,1450,266,2388,1759,-17.2730,18.8569
4474,149.133,1449,266,2388,1760,-14.4301,16.3887
4475,149.167,1449,266,2388,1760,-14.5665,16.2341
4476,149.200,1449,266,2388,1760,-14.6305,16.0179
4477,149.233,1449,266,2388,1760,-14.6305,16.0179
4478,149.267,1449,266,2388,1760,-14.5226,14.8944
4479,149.300,1449,267,2388,1760,-14.2328,15.2828
4480,149.333,1449,266,2388,1761,-16.9560,17.5400
4481,149.367,1449,266,2388,1762,-16.7564,16.4733
4482,149.400,1448,266,2389,1762,-14.5907,14.9248
4483,149.433,1447,270,2390,1763,-14.1928,18.9219
4484,149.467,1446,269,2390,1763,-15.6066,20.4675
4485,149.500,1446,268,2391,1764,-14.7762,20.5814
4486,149.533,1446,268,2391,1763,-14.0562,21.3134
4487,149.567,1446,268,2391,1763,-14.2912,21.9264
4488,149.600,1446,267,2391,1764,-14.7580,22.0947
4489,149.633,1447,267,2391,1764,-14.0378,20.8806
4490,149.667,1447,267,2392,1763,-14.8653,20.3862
4491,149.700,1447,267,2392,1761,-15.0908,21.0549
4492,149.733,1447,266,2392,1762,-15.3788,18.9835
4493,149.767,1447,267,2392,1762,-14.9399,21.2065
4494,149.800,1447,268,2392,1762,-15.9780,19.8888
4495,149.833,1447,268,2392,1761,-16.0324,20.9610
4496,149.867,1448,266,2392,1761,-14.7033,18.3060
4497,149.900,1448,266,2392,1761,-14.6294,18.4307
4498,149.933,1448,266,2392,1759,-14.9373,19.1800
4499,149.967,1449,265,2391,1757,-14.9136,18.2155
4500,150.000,1449,266,2392,1755,-15.1770,20.7242
4501,150.033,1449,266,2392,1758,-15.0198,21.5014
4502,150.067,1449,266,2392,1758,-14.8917,21.5041
4503,150.100,1449,267,2392,1757,-15.9655,20.9953
4504,150.133,1449,266,2392,1758,-15.1677,21.6008
4505,150.167,1449,265,2391,1758,-14.3156,21.7150
4506,150.200,1448,265,2391,1758,-14.8104,21.5435
4507,150.233,1448,265,2391,1759,-15.6581,20.0239
4508,150.267,1448,263,2391,1759,-16.2190,20.1975
4509,150.300,1448,262,2392,1759,-15.7147,21.3951
4510,150.333,1448,263,2392,1759,-15.0432,16.8866
4511,150.367,1449,263,2393,1757,-15.2952,18.8223
4512,150.400,1448,263,2393,1757,-14.8661,19.5637
4513,150.433,1448,263,2393,1756,-15.4651,17.2649
4514,150.467,1448,262,2393,1756,-16.2366,20.0466
4515,150.500,1447,261,2393,1756,-16.2481,18.8681
4516,150.533,1447,262,2394,1756,-15.2020,18.8468
4517,150.567,1446,262,2394,1757,-15.0893,20.6309
4518,150.600,1446,262,2394,1757,-15.1547,21.0422
4519,150.633,1445,262,2394,1757,-14.2162,18.8604
4520,150.667,1446,263,2394,1757,-14.5922,18.8844
4521,150.700,1446,263,2394,1758,-15.0665,19.8849
4522,150.733,1446,263,2394,1758,-15.0378,19.8136
4523,150.767,1446,263,2394,1758,-15.3281,18.7208
4524,150.800,1446,263,2394,1758,-15.2618,19.5687
4525,150.833,1446,263,2393,1758,-14.9603,20.4272
4526,150.867,1446,262,2393,1758,-14.4315,18.5467
4527,150.900,1445,263,2393,1759,-13.6928,19.8280
4528,150.933,1446,263,2393,1757,-15.1428,20.6482
4529,150.967,1445,262,2393,1759,-15.8726,19.9504
4530,151.000,1448,262,2393,1756,-15.2513,23.2425
4531,151.033,1448,262,2392,1756,-15.6973,17.6763
4532,151.067,1448,263,2393,1755,-15.6402,20.2738
4533,151.100,1448,263,2393,1755,-15.5606,19.6468
4534,151.133,1447,265,2393,1755,-15.9265,19.9974
4535,151.167,1443,275,2396,1757,2.9176,11.4427
4536,151.200,1442,271,2394,1757,3.8305,14.5899
4537,151.233,1441,270,2394,1756,3.2692,14.7717
4538,151.267,1442,270,2394,1756,4.6802,17.7637
4539,151.300,1441,270,2395,1756,4.8887,14.6568
4540,151.333,1441,270,2395,1756,4.8887,14.6568
4541,151.367,1441,270,2395,1756,4.8226,14.5120
4542,151.400,1441,271,2395,1756,4.2764,13.1109
4543,151.433,1441,271,2395,1756,4.2837,12.9583
4544,151.467,1443,273,2394,1756,3.1300,13.1882
4545,151.500,1442,270,2394,1756,5.3173,17.2334
4546,151.533,1443,269,2392,1755,2.7801,18.0613
4547,151.567,1442,267,2392,1754,2.1361,18.9250
4548,151.600,1443,267,2392,1754,2.8525,17.3141
4549,151.633,1442,267,2392,1753,3.8248,18.8172
4550,151.667,1442,269,2391,1752,3.2554,18.2214
4551,151.700,1443,267,2390,1753,4.3529,18.0845
4552,151.733,1443,266,2390,1754,3.7189,18.2020
4553,151.767,1443,266,2390,1753,3.9676,18.4286
4554,151.800,1444,267,2391,1755,2.3108,16.6991
4555,151.833,1444,267,2391,1756,3.2437,17.5488
4556,151.867,1443,267,2390,1756,2.8997,18.7590
4557,151.900,1443,267,2390,1756,2.7660,18.7164
4558,151.933,1443,267,2390,1756,2.7272,18.2958
4559,151.967,1443,268,2390,1756,2.0904,15.5426
4560,152.000,1444,264,2389,1754,3.8412,16.2079
4561,152.033,1444,264,2389,1755,3.5161,16.5743
4562,152.067,1444,264,2389,1755,3.6904,16.5105
4563,152.100,1444,264,2389,1755,3.8097,16.3560
4564,152.133,1445,264,2389,1754,4.6219,16.2630
4565,152.167,1445,266,2388,1756,2.9921,16.1193
4566,152.200,1445,264,2387,1756,5.3885,16.4645
4567,152.233,1445,264,2385,1757,6.4558,18.1557
4568,152.267,1443,267,2385,1756,4.6912,15.4530
4569,152.300,1442,267,2383,1753,4.7213,16.3169
4570,152.333,1443,267,2383,1754,3.6316,14.4347
4571,152.367,1443,267,2383,1753,3.4024,14.0073
4572,152.400,1443,265,2383,1752,3.1941,16.8684
4573,152.433,1443,266,2384,1753,4.7600,15.8563
4574,152.467,1443,265,2384,1754,2.5819,15.8678
4575,152.500,1443,265,2384,1754,2.6076,17.1562
4576,152.533,1443,263,2384,1755,5.6642,15.2877
4577,152.567,1444,263,2384,1754,3.4852,16.6056
4578,152.600,1443,263,2384,1754,6.1308,15.9825
4579,152.633,1443,263,2384,1754,5.9827,16.9357
4580,152.667,1443,263,2385,1754,5.3902,16.8684
4581,152.700,1443,263,2385,1755,3.6233,18.1208
4582,152.733,1444,264,2388,1757,3.3679,17.3522
4583,152.767,1443,264,2389,1756,3.0076,16.2471
4584,152.800,1443,265,2391,1756,3.2996,18.8934
4585,152.833,1443,264,2392,1756,3.3348,19.4986
4586,152.867,1442,264,2391,1757,2.6946,19.1287
4587,152.900,1442,264,2391,1757,2.8356,19.3326
4588,152.933,1441,262,2391,1759,3.4169,17.7661
4589,152.967,1441,261,2392,1759,2.9824,17.1488
4590,153.000,1442,262,2392,1759,2.6193,17.0128
4591,153.033,1442,261,2391,1759,2.0090,16.8307
4592,153.067,1442,261,2391,1760,2.8804,16.8399
4593,153.100,1441,262,2391,1760,4.9090,16.0087
4594,153.133,1442,261,2390,1760,3.0245,15.2641
4595,153.167,1441,260,2390,1759,3.5499,15.5924
4596,153.200,1442,260,2390,1759,5.1427,15.1425
4597,153.233,1442,261,2390,1758,4.1073,13.6306
4598,153.267,1442,260,2390,1757,4.4918,13.9318
4599,153.300,1441,260,2390,1757,3.4493,15.5874
4600,153.333,1441,261,2390,1757,2.8849,17.2394
4601,153.367,1441,261,2390,1757,2.7055,17.3015
4602,153.400,1441,261,2390,1757,2.8100,17.2396
4603,153.433,1441,260,2390,1757,3.4053,15.6292
4604,153.467,1441,260,2391,1758,3.3761,17.1344
4605,153.500,1441,260,2390,1758,3.7505,14.7562
4606,153.533,1441,260,2390,1758,3.7781,15.2888
4607,153.567,1441,260,2391,1757,2.3129,16.6137
4608,153.600,1441,260,2391,1757,2.2116,16.8288
4609,153.633,1441,261,2391,1756,2.4087,16.3722
4610,153.667,1441,261,2392,1756,4.7915,17.1082
4611,153.700,1442,258,2391,1755,4.6046,14.4350
4612,153.733,1442,259,2392,1754,1.1318,16.2076
4613,153.767,1442,259,2392,1754,0.8148,17.4759
4614,153.800,1443,258,2391,1754,2.7162,18.5348
4615,153.833,1443,259,2391,1754,1.7841,18.2072
4616,153.867,1443,259,2391,1754,1.3179,18.5402
4617,153.900,1443,260,2391,1753,0.1396,17.2806
4618,153.933,1442,259,2392,1754,0.6763,17.4679
4619,153.967,1443,259,2392,1755,1.5018,18.2786
4620,154.000,1443,261,2393,1756,3.3904,18.1966
4621,154.033,1443,261,2393,1757,3.0536,17.0676
4622,154.067,1443,260,2393,1756,2.9747,17.4083
4623,154.100,1443,261,2393,1756,3.6369,17.6445
4624,154.133,1443,261,2393,1757,2.9424,16.6137
4625,154.167,1443,261,2393,1757,3.0335,16.8612
4626,154.200,1443,260,2393,1756,2.6311,17.2756
4627,154.233,1443,260,2393,1757,2.9913,16.4443
4628,154.267,1443,260,2393,1757,3.1617,16.6089
4629,154.300,1443,261,2393,1757,2.4964,17.6665
4630,154.333,1442,268,2391,1752,4.5410,14.8005
4631,154.367,1442,268,2392,1753,4.9143,14.6389
4632,154.400,1442,269,2392,1753,5.5069,14.8466
4633,154.433,1442,270,2390,1755,5.3081,9.9580
4634,154.467,1442,273,2391,1754,4.3233,12.7906
4635,154.500,1446,277,2394,1747,8.1331,1.4998
4636,154.533,1446,274,2393,1749,7.5962,3.7124
4637,154.567,1446,273,2393,1748,7.1775,0.2044
4638,154.600,1446,273,2392,1747,7.2422,1.5039
4639,154.633,1441,267,2391,1754,5.3431,10.2905
4640,154.667,1440,266,2392,1752,7.2750,11.9838
4641,154.700,1441,267,2392,1752,5.0341,12.6588
4642,154.733,1441,264,2391,1751,6.2058,10.2198
4643,154.767,1442,263,2391,1751,5.8813,11.4749
4644,154.800,1442,264,2391,1751,5.0266,12.7513
4645,154.833,1441,262,2391,1752,3.6221,12.1096
4646,154.867,1441,261,2391,1752,4.0050,14.1520
4647,154.900,1441,261,2390,1751,6.2701,12.5572
4648,154.933,1440,261,2391,1751,5.7582,13.0455
4649,154.967,1441,264,2391,1752,5.6854,13.6464
4650,155.000,1441,264,2390,1752,2.0703,14.0825
4651,155.033,1441,263,2389,1752,2.9253,14.8770
4652,155.067,1440,262,2386,1753,4.1611,15.7488
4653,155.100,1442,261,2382,1754,5.6161,16.5912
4654,155.133,1442,259,2384,1759,-5.8977,18.8609
4655,155.167,1442,259,2385,1762,-3.5242,19.5682
4656,155.200,1442,259,2384,1761,-3.0784,21.1583
4657,155.233,1442,260,2385,1762,-2.7726,19.2492
4658,155.267,1442,260,2384,1763,-3.3223,18.1526
4659,155.300,1442,260,2384,1763,-3.4345,18.5172
4660,155.333,1442,260,2384,1763,-3.4345,18.5172
4661,155.367,1442,260,2384,1763,-3.4345,18.5172
4662,155.400,1442,260,2384,1763,-3.3434,18.4708
4663,155.433,1443,261,2384,1763,-2.5179,18.4546
4664,155.467,1443,261,2385,1766,-1.9577,19.3224
4665,155.500,1441,262,2384,1766,5.6454,14.0332
4666,155.533,1440,262,2384,1768,5.4161,17.5330
4667,155.567,1441,260,2383,1766,4.8836,15.6101
4668,155.600,1441,261,2384,1765,4.9235,16.9479
4669,155.633,1441,261,2383,1765,5.3454,16.7789
4670,155.667,1442,262,2383,1763,2.6304,13.8687
4671,155.700,1441,263,2384,1763,7.2727,13.1082
4672,155.733,1442,264,2384,1763,7.2764,14.4052
4673,155.767,1442,264,2384,1762,8.2421,14.8384
4674,155.800,1442,264,2384,1762,8.7345,14.5741
4675,155.833,1443,261,2385,1761,6.2270,16.7610
4676,155.867,1443,258,2386,1762,7.5687,15.6575
4677,155.900,1441,259,2385,1762,6.0497,13.8865
4678,155.933,1441,260,2387,1762,5.8881,16.5790
4679,155.967,1441,260,2387,1762,7.9465,16.5265
4680,156.000,1442,261,2388,1761,11.7935,14.0112
4681,156.033,1442,262,2388,1761,9.5739,13.3890
4682,156.067,1442,262,2388,1760,9.3322,13.9821
4683,156.100,1442,261,2388,1760,9.6490,13.1305
4684,156.133,1443,261,2388,1760,10.7440,12.2676
4685,156.167,1443,262,2388,1760,11.1059,13.4205
4686,156.200,1443,264,2389,1761,10.3591,14.3021
4687,156.233,1443,264,2389,1760,8.4800,15.8086
4688,156.267,1442,263,2390,1761,7.9417,17.8633
4689,156.300,1442,261,2389,1761,9.3868,13.6105
4690,156.333,1441,261,2390,1761,9.4160,16.8573
4691,156.367,1441,261,2390,1761,9.7353,16.3430
4692,156.400,1441,261,2389,1761,9.6350,17.6957
4693,156.433,1441,261,2389,1759,9.5520,18.5122
4694,156.467,1441,262,2389,1758,8.7345,17.4253
4695,156.500,1442,262,2389,1758,9.4730,17.5996
4696,156.533,1441,261,2390,1757,8.0207,16.3574
4697,156.567,1441,260,2389,1758,9.1315,16.5930
4698,156.600,1441,261,2390,1759,8.3616,16.5602
4699,156.633,1441,261,2390,1759,8.8761,16.9179
4700,156.667,1440,261,2390,1759,10.6498,18.4554
4701,156.700,1440,261,2389,1759,8.8153,17.9072
4702,156.733,1439,261,2388,1759,8.3072,17.3600
4703,156.767,1440,261,2388,1758,8.4915,16.8600
4704,156.800,1439,262,2388,1759,8.1129,19.4635
4705,156.833,1439,263,2387,1760,8.1660,19.5246
4706,156.867,1439,263,2388,1759,5.7863,18.3671
4707,156.900,1439,264,2388,1759,8.1586,20.1639
4708,156.933,1438,264,2387,1760,9.3784,19.2285
4709,156.967,1438,265,2387,1759,8.9879,18.6364
4710,157.000,1437,266,2386,1759,10.2796,18.0951
4711,157.033,1439,266,2385,1759,7.2957,18.9975
4712,157.067,1440,266,2384,1761,6.4387,17.8410
4713,157.100,1439,268,2384,1756,6.5980,17.8200
4714,157.133,1439,265,2383,1751,4.9595,17.7748
4715,157.167,1439,265,2383,1751,4.5662,17.5429
4716,157.200,1439,265,2383,1751,4.5662,17.5429
4717,157.233,1439,265,2383,1751,4.5662,17.5429
4718,157.267,1439,266,2383,1750,3.4615,19.0514
4719,157.300,1439,266,2383,1749,2.8666,19.6357
4720,157.333,1438,264,2386,1748,-10.4641,22.9019
4721,157.367,1440,262,2385,1748,-8.7659,23.1250
4722,157.400,1425,264,2367,1746,-6.5882,21.0294
4723,157.433,1424,268,2368,1747,-7.3566,21.5627
4724,157.467,1439,263,2386,1749,-9.4157,19.5996
4725,157.500,1425,271,2367,1746,-6.8114,19.9605
4726,157.533,1440,265,2385,1748,-11.2065,20.4318
4727,157.567,1440,265,2385,1747,-9.4642,21.1703
4728,157.600,1441,265,2385,1747,-10.8616,20.3447
4729,157.633,1441,265,2385,1747,-10.9433,20.2862
4730,157.667,1440,266,2384,1747,-10.2646,21.2547
4731,157.700,1441,267,2385,1747,-8.6160,19.9449
4732,157.733,1440,267,2384,1747,-7.3430,20.6210
4733,157.767,1441,268,2384,1747,-5.6058,19.0654
4734,157.800,1441,270,2384,1746,-2.9122,19.1084
4735,157.833,1439,274,2385,1747,-2.0901,17.9948
4736,157.867,1439,276,2387,1748,-2.4030,16.1541
4737,157.900,1438,279,2387,1749,-3.7546,13.3887
4738,157.933,1436,279,2386,1749,-4.1777,16.8814
4739,157.967,1436,279,2386,1749,-4.0462,16.5416
4740,158.000,1438,281,2389,1750,-2.8625,12.7468
4741,158.033,1438,283,2389,1749,-2.7248,14.1876
4742,158.067,1438,283,2389,1749,-2.7310,14.1852
4743,158.100,1437,283,2391,1752,-4.0869,10.6139
4744,158.133,1440,285,2390,1749,-2.2659,5.7017
4745,158.167,1442,287,2390,1748,-4.0492,6.8405
4746,158.200,1442,287,2391,1749,-6.9682,10.7592
4747,158.233,1440,282,2388,1749,-13.6655,11.6730
4748,158.267,1440,281,2389,1749,-12.2545,12.8164
4749,158.300,1440,280,2389,1749,-11.9733,12.6804
4750,158.333,1440,280,2389,1749,-11.9733,12.6804
4751,158.367,1440,280,2389,1749,-11.9733,12.6804
4752,158.400,1440,280,2389,1749,-11.8709,13.1646
4753,158.433,1439,281,2390,1750,-10.8826,13.3533
4754,158.467,1439,281,2392,1750,-11.8605,13.2778
4755,158.500,1439,278,2395,1751,-11.0074,13.7627
4756,158.533,1438,279,2393,1750,-12.2459,15.5647
4757,158.567,1439,278,2392,1750,-11.8156,15.4042
4758,158.600,1440,278,2391,1749,-8.9158,15.1711
4759,158.633,1440,277,2391,1749,-9.2237,15.8241
4760,158.667,1440,276,2391,1749,-8.5903,15.9947
4761,158.700,1440,276,2391,1749,-8.5891,16.1901
4762,158.733,1440,276,2391,1749,-8.6390,16.0369
4763,158.767,1440,276,2391,1749,-8.6390,16.0369
4764,158.800,1440,276,2391,1749,-8.8351,16.2277
4765,158.833,1441,278,2391,1752,-9.6481,16.9434
4766,158.867,1441,278,2391,1752,-9.9226,17.2988
4767,158.900,1440,278,2392,1754,-9.6682,17.8620
4768,158.933,1440,278,2392,1754,-9.7139,17.9033
4769,158.967,1440,279,2392,1756,-11.5764,16.3400
4770,159.000,1436,282,2393,1753,-11.2941,13.4055
4771,159.033,1436,282,2393,1754,-12.0443,13.6444
4772,159.067,1436,282,2393,1755,-13.0960,14.0674
4773,159.100,1436,282,2393,1755,-13.3698,14.4247
4774,159.133,1436,283,2393,1754,-11.6493,13.6278
4775,159.167,1436,282,2393,1754,-12.8886,13.5546
4776,159.200,1435,282,2393,1754,-9.7478,12.6581
4777,159.233,1435,281,2392,1754,-10.2056,11.2399
4778,159.267,1436,281,2390,1753,-6.0177,7.7422
4779,159.300,1441,287,2392,1748,-0.9218,8.2321
4780,159.333,1440,286,2392,1748,0.1044,8.9005
4781,159.367,1438,284,2390,1751,-0.0121,11.8748
4782,159.400,1435,280,2389,1754,-0.9263,16.5715
4783,159.433,1435,280,2389,1753,-1.2118,17.5098
4784,159.467,1435,279,2389,1753,0.1008,18.1923
4785,159.500,1434,279,2390,1752,-0.1822,18.1326
4786,159.533,1434,276,2390,1751,-2.6617,18.7352
4787,159.567,1433,276,2389,1751,-2.1474,21.5841
4788,159.600,1433,274,2389,1750,-1.2603,19.6566
4789,159.633,1433,274,2390,1751,-3.7782,20.0912
4790,159.667,1434,273,2390,1750,-2.1616,21.0220
4791,159.700,1434,274,2390,1748,-1.3532,19.7132
4792,159.733,1434,273,2390,1747,-1.1105,18.0080
4793,159.767,1434,273,2389,1748,-2.2972,18.9275
4794,159.800,1434,273,2390,1747,-2.6521,18.7603
4795,159.833,1434,272,2390,1746,-1.6325,24.5425
4796,159.867,1434,270,2390,1745,-1.5410,20.9555
4797,159.900,1434,270,2390,1745,-1.5410,20.9555
4798,159.933,1434,270,2389,1746,-1.8975,23.9866
4799,159.967,1434,270,2389,1746,-1.4818,24.2800
4800,160.000,1433,265,2386,1744,-4.1149,24.2346
4801,160.033,1434,264,2387,1743,-5.3818,24.3373
4802,160.067,1436,263,2388,1743,-3.9220,23.7378
4803,160.100,1439,253,2384,1740,-4.6693,24.0019
4804,160.133,1439,254,2384,1741,-4.6933,23.0439
4805,160.167,1417,262,2366,1733,-2.2818,23.1561
4806,160.200,1417,262,2367,1733,-0.6926,24.1522
4807,160.233,1417,262,2367,1734,-2.0259,24.3091
4808,160.267,1417,262,2367,1734,-1.9620,24.2395
4809,160.300,1417,262,2367,1734,-2.2469,24.3073
4810,160.333,1417,262,2367,1734,-2.2419,24.2960
4811,160.367,1417,262,2367,1734,-2.2594,24.2364
4812,160.400,1417,262,2367,1735,-1.7145,24.5672
4813,160.433,1438,253,2384,1742,-5.9270,22.3718
4814,160.467,1438,253,2384,1741,-6.1101,22.8987
4815,160.500,1438,253,2384,1741,-6.1101,22.8987
4816,160.533,1436,259,2385,1740,-10.0939,27.8400
4817,160.567,1441,265,2387,1740,-7.6406,31.8512
4818,160.600,1441,266,2387,1739,-8.6987,31.9232
4819,160.633,1444,262,2384,1738,-9.5650,28.5311
4820,160.667,1444,261,2384,1738,-9.1014,27.8519
4821,160.700,1444,261,2384,1738,-9.1100,28.0365
4822,160.733,1444,261,2384,1738,-9.0711,28.0087
4823,160.767,1443,261,2384,1737,-8.8547,27.7369
4824,160.800,1444,261,2384,1737,-9.3585,27.2413
4825,160.833,1444,262,2384,1737,-7.7466,28.6405
4826,160.867,1444,262,2384,1737,-7.7466,28.6405
4827,160.900,1444,262,2384,1738,-9.7688,29.1718
4828,160.933,1445,261,2384,1737,-9.4687,28.0920
4829,160.967,1444,261,2384,1738,-8.1504,28.6508
4830,161.000,1442,258,2383,1740,-9.9342,25.9509
4831,161.033,1442,258,2383,1741,-8.6349,27.1679
4832,161.067,1441,261,2384,1742,-8.8273,28.5620
4833,161.100,1441,260,2384,1743,-9.2367,28.7543
4834,161.133,1440,258,2384,1743,-8.7098,25.9385
4835,161.167,1441,258,2385,1742,-10.0372,26.4927
4836,161.200,1441,258,2385,1742,-9.8191,26.6349
4837,161.233,1441,258,2385,1742,-9.8062,26.6263
4838,161.267,1440,258,2384,1740,-9.3902,24.5859
4839,161.300,1441,259,2385,1740,-9.5244,27.9513
4840,161.333,1439,263,2385,1740,-9.4949,29.0361
4841,161.367,1439,264,2385,1740,-8.4886,29.8662
4842,161.400,1439,259,2385,1739,-8.5867,30.2205
4843,161.433,1439,259,2384,1738,-6.4304,28.6226
4844,161.467,1439,261,2385,1738,-7.7266,28.4987
4845,161.500,1439,262,2385,1738,-7.0497,29.3743
4846,161.533,1438,264,2384,1737,-9.6225,29.0177
4847,161.567,1438,265,2385,1737,-6.1205,29.1945
4848,161.600,1439,267,2384,1736,-5.3889,28.1114
4849,161.633,1439,267,2384,1737,-7.2980,28.4839
4850,161.667,1438,268,2384,1737,-7.8889,27.1926
4851,161.700,1438,269,2384,1738,-6.3273,27.5129
4852,161.733,1438,269,2384,1738,-6.3273,27.5129
4853,161.767,1438,269,2384,1738,-6.3273,27.5129
4854,161.800,1438,270,2384,1739,-7.1922,25.8997
4855,161.833,1438,270,2385,1739,-5.6913,25.0223
4856,161.867,1436,271,2386,1740,-4.0962,25.2014
4857,161.900,1433,273,2384,1736,-0.4119,16.7806
4858,161.933,1432,272,2385,1740,3.0887,19.5883
4859,161.967,1432,272,2385,1740,0.8959,19.2621
4860,162.000,1430,277,2389,1742,-6.0453,23.1964
4861,162.033,1432,274,2389,1744,-7.1559,23.7429
4862,162.067,1432,274,2389,1744,-6.9954,23.5954
4863,162.100,1432,274,2389,1744,-6.8742,23.6692
4864,162.133,1432,273,2388,1744,-10.0717,25.8314
4865,162.167,1432,274,2389,1744,-7.2805,22.7421
4866,162.200,1432,274,2389,1744,-7.2805,22.7421
4867,162.233,1432,274,2389,1744,-7.2805,22.7421
4868,162.267,1433,274,2389,1744,-6.9821,23.1371
4869,162.300,1433,276,2389,1745,-9.5759,22.8869
4870,162.333,1434,285,2392,1747,-10.6823,17.2588
4871,162.367,1434,286,2394,1748,-10.3482,15.1466
4872,162.400,1435,284,2393,1748,-12.9796,13.3488
4873,162.433,1434,284,2393,1746,-11.5306,15.3379
4874,162.467,1434,284,2393,1747,-12.3300,15.1858
4875,162.500,1434,284,2393,1747,-12.7235,13.9795
4876,162.533,1434,280,2393,1746,-12.9035,13.5523
4877,162.567,1434,280,2392,1745,-13.2959,13.7230
4878,162.600,1434,280,2392,1745,-13.2970,13.7591
4879,162.633,1434,280,2392,1745,-13.1852,13.7857
4880,162.667,1434,280,2392,1746,-12.2693,10.5294
4881,162.700,1433,280,2393,1747,-12.2998,13.9620
4882,162.733,1433,280,2393,1747,-12.3000,13.9661
4883,162.767,1433,280,2393,1747,-12.3241,13.9279
4884,162.800,1433,280,2393,1748,-13.2212,13.0905
4885,162.833,1434,279,2392,1749,-12.7558,14.7945
4886,162.867,1434,280,2392,1749,-11.6813,12.4906
4887,162.900,1434,279,2392,1751,-12.5302,14.5972
4888,162.933,1435,279,2391,1750,-13.7932,16.6431
4889,162.967,1435,279,2391,1750,-12.5207,16.0471
4890,163.000,1435,275,2392,1751,-10.3318,15.7151
4891,163.033,1435,276,2391,1751,-8.8359,16.0653
4892,163.067,1435,276,2391,1751,-9.2145,16.0284
4893,163.100,1435,276,2391,1751,-9.1898,16.0232
4894,163.133,1434,275,2391,1749,-7.9776,15.2058
4895,163.167,1434,277,2391,1748,-8.5468,16.0371
4896,163.200,1434,277,2391,1748,-8.5395,16.0298
4897,163.233,1434,277,2391,1748,-8.5825,16.0564
4898,163.267,1435,277,2391,1747,-9.7780,16.4855
4899,163.300,1435,277,2391,1747,-10.0000,15.9941
4900,163.333,1435,277,2391,1747,-10.0000,15.9941
4901,163.367,1435,276,2391,1747,-10.8096,15.0968
4902,163.400,1435,276,2391,1747,-10.5079,14.9665
4903,163.433,1435,276,2390,1747,-7.9886,14.7977
4904,163.467,1435,276,2390,1747,-7.6804,15.2464
4905,163.500,1435,276,2389,1747,-7.8286,15.0336
4906,163.533,1434,275,2389,1747,-9.2452,16.6140
4907,163.567,1433,275,2388,1748,-8.1411,16.8867
4908,163.600,1434,276,2388,1749,-9.4854,16.5200
4909,163.633,1434,275,2389,1748,-7.7354,16.7518
4910,163.667,1433,276,2388,1749,-9.6132,20.2223
4911,163.700,1433,277,2389,1749,-10.9528,16.1385
4912,163.733,1433,277,2389,1749,-10.9452,15.9102
4913,163.767,1433,277,2389,1749,-10.9443,15.9230
4914,163.800,1434,278,2388,1749,-8.4617,15.2425
4915,163.833,1434,278,2389,1749,-8.3505,15.1297
4916,163.867,1434,278,2389,1749,-8.3505,15.1297
4917,163.900,1434,278,2389,1749,-8.3505,15.1297
4918,163.933,1434,277,2388,1750,-9.8428,14.6647
4919,163.967,1434,277,2389,1750,-9.0146,15.6069
4920,164.000,1435,279,2390,1749,-11.3929,16.2891
4921,164.033,1435,279,2390,1749,-11.3929,16.2891
4922,164.067,1431,277,2395,1753,-0.5273,16.6186
4922,164.067,3344,1145,3564,1457,-3.9585,-7.2979
4923,164.100,1432,277,2394,1754,-2.5417,16.8868
4923,164.100,3342,1131,3581,1488,-6.9936,-8.5549
4924,164.133,1433,278,2392,1754,-2.8648,16.7702
4924,164.133,3361,1137,3587,1480,9.8724,-9.6031
4925,164.167,1433,278,2392,1754,-2.9675,16.4836
4925,164.167,3362,1138,3588,1478,8.2374,-5.3775
4926,164.200,1432,279,2391,1755,-1.6776,17.7103
4926,164.200,3367,1136,3599,1483,7.0065,-6.5786
4927,164.233,1433,278,2390,1756,-2.3500,16.1215
4927,164.233,3367,1136,3599,1483,3.8908,-6.5036
4928,164.267,1433,278,2390,1756,-1.7966,16.2982
4928,164.267,3368,1136,3599,1483,0.1151,-9.8773
4929,164.300,1433,278,2390,1756,-1.7966,16.2982
4929,164.300,3368,1136,3599,1483,0.1151,-9.8773
4930,164.333,1433,278,2390,1756,-1.7781,16.4600
4930,164.333,3368,1136,3599,1483,0.3375,-9.7893
4931,164.367,1433,278,2390,1756,-1.5816,16.7209
4931,164.367,3368,1136,3599,1482,1.2081,-8.9794
4932,164.400,1433,278,2390,1756,-1.4730,16.8743
4932,164.400,3368,1136,3599,1483,0.0203,-9.5834
4933,164.433,1433,278,2390,1756,-1.4730,16.8743
4933,164.433,3368,1136,3599,1483,0.0203,-9.5834
4934,164.467,1433,278,2390,1756,-1.4730,16.8743
4934,164.467,3368,1136,3599,1483,0.0203,-9.5834
4935,164.500,1432,278,2391,1757,0.2988,16.4519
4935,164.500,3368,1136,3599,1482,0.5482,-9.1728
4936,164.533,1433,277,2389,1756,-0.5364,15.4037
4936,164.533,3369,1136,3600,1482,0.1154,-8.7747
4937,164.567,1433,275,2389,1756,-0.0882,17.5174
4937,164.567,3369,1136,3636,1525,-4.3114,8.1226
4938,164.600,1432,274,2388,1754,1.3650,19.8212
4938,164.600,3369,1139,3635,1525,-11.3661,9.8887
4939,164.633,1431,271,2386,1754,0.6113,21.8705
4939,164.633,3369,1140,3636,1523,-7.9339,11.6750
4940,164.667,1431,273,2387,1757,-0.2536,24.4184
4940,164.667,3371,1141,3637,1522,-5.0454,10.8000
4941,164.700,1431,273,2387,1756,1.5133,20.9888
4941,164.700,3368,1140,3634,1521,-13.2315,8.6398
4942,164.733,1430,274,2386,1755,-1.3213,22.6862
4942,164.733,3369,1138,3632,1513,-1.2208,11.7639
4943,164.767,1430,273,2386,1756,-0.3991,21.7011
4943,164.767,3369,1138,3632,1513,-2.5694,11.7126
4944,164.800,1430,273,2386,1757,-1.1364,22.8270
4944,164.800,3369,1138,3632,1513,-5.2158,12.2683
4945,164.833,1430,273,2386,1757,-1.1336,22.8292
4945,164.833,3369,1138,3632,1513,-5.2158,12.2683
4946,164.867,1430,273,2386,1756,-0.3818,21.8545
4946,164.867,3369,1138,3632,1514,-2.0657,13.2964
4947,164.900,1430,273,2387,1756,0.6174,21.7485
4947,164.900,3368,1138,3632,1514,-6.2220,12.2682
4948,164.933,1430,273,2387,1755,0.7141,20.2232
4948,164.933,3368,1138,3632,1514,-5.3352,12.1846
4949,164.967,1430,273,2387,1755,0.6769,20.2849
4949,164.967,3369,1139,3632,1514,-7.3508,13.8107
4950,165.000,1429,272,2386,1753,-1.9044,20.4424
4950,165.000,3369,1139,3633,1513,-3.7589,14.8242
4951,165.033,1429,272,2386,1753,-2.0549,20.3454
4951,165.033,3369,1139,3633,1514,-3.0453,14.5605
4952,165.067,1429,272,2386,1753,-2.0549,20.3454
4952,165.067,3369,1139,3633,1514,-3.0453,14.5605
4953,165.100,1429,272,2386,1753,-2.0549,20.3454
4953,165.100,3369,1139,3633,1513,-3.0524,14.9825
4954,165.133,1429,272,2386,1754,-2.0079,19.5238
4954,165.133,3369,1139,3633,1514,-3.2440,14.5208
4955,165.167,1429,272,2386,1754,-2.2662,19.9433
4955,165.167,3369,1139,3633,1513,-3.6533,14.9343
4956,165.200,1429,272,2386,1754,-2.2662,19.9433
4956,165.200,3369,1139,3633,1513,-3.6533,14.9343
4957,165.233,1431,272,2386,1754,-1.5129,20.2349
4957,165.233,3369,1138,3634,1514,-2.0493,10.9231
4958,165.267,1432,267,2387,1754,-4.1700,22.8468
4959,165.300,1431,265,2388,1753,-4.7185,22.5129
4960,165.333,1431,266,2388,1753,-3.5237,23.7007
4961,165.367,1431,266,2388,1753,-3.5676,23.5402
4962,165.400,1431,266,2387,1753,-4.5538,23.6403
4963,165.433,1432,268,2387,1753,-1.9000,24.1696
4964,165.467,1432,269,2387,1753,-2.2839,24.7468
4965,165.500,1432,268,2387,1753,-1.7114,24.1233
4966,165.533,1432,269,2387,1753,-1.8403,25.0260
4967,165.567,1432,269,2387,1752,-0.0012,24.8313
4968,165.600,1432,269,2387,1752,-0.0012,24.8313
4969,165.633,1432,269,2387,1752,-0.0012,24.8313
4970,165.667,1432,269,2387,1753,-1.6367,25.2979
4971,165.700,1432,269,2387,1753,-1.7302,25.3831
4972,165.733,1432,269,2387,1753,-1.6956,25.3805
4973,165.767,1432,269,2387,1753,-1.7496,25.3599
4974,165.800,1432,269,2387,1753,-1.5403,25.5481
4975,165.833,1433,269,2386,1752,-3.0115,23.7883
4976,165.867,1433,269,2386,1752,-2.9359,23.6842
4977,165.900,1433,269,2386,1752,-2.8221,23.3896
4978,165.933,1434,270,2386,1754,-2.1860,23.2569
4979,165.967,1432,270,2387,1754,-2.6664,22.1191
4980,166.000,1433,274,2389,1751,-4.0815,14.3956
4981,166.033,1433,274,2389,1750,-4.4793,17.3290
4982,166.067,1433,274,2389,1750,-4.4391,17.1126
4983,166.100,1433,274,2389,1750,-4.4990,17.1465
4984,166.133,1433,275,2389,1750,-4.1664,20.0186
4985,166.167,1433,275,2389,1750,-4.1024,20.3157
4986,166.200,1433,275,2389,1750,-4.0893,20.3408
4987,166.233,1433,275,2389,1750,-4.0891,20.3438
4988,166.267,1433,275,2389,1750,-4.2697,20.4718
4989,166.300,1433,274,2389,1749,-6.0683,17.2903
4990,166.333,1433,274,2389,1749,-6.0454,17.2864
4991,166.367,1433,274,2389,1749,-6.0454,17.2864
4992,166.400,1433,274,2389,1749,-6.2322,17.3281
4993,166.433,1433,274,2389,1749,-6.2892,17.3557
4994,166.467,1433,274,2389,1749,-6.3047,17.4137
4995,166.500,1433,274,2389,1749,-6.2492,17.2875
4996,166.533,1433,274,2389,1749,-6.2207,17.1673
4997,166.567,1435,277,2384,1746,2.6580,17.6083
4998,166.600,1435,272,2380,1750,6.1418,16.6257
4999,166.633,1436,272,2379,1748,4.5433,17.8376
5000,166.667,1436,273,2379,1748,3.0419,20.2530
5001,166.700,1436,273,2379,1747,1.7156,19.8778
5002,166.733,1435,272,2379,1748,3.8894,17.7638
5003,166.767,1435,271,2380,1748,4.8077,17.8833
5004,166.800,1435,271,2380,1748,4.8077,17.8833
5005,166.833,1435,271,2380,1748,4.7691,17.8916
5006,166.867,1435,271,2380,1749,3.5589,19.3586
5007,166.900,1434,271,2380,1749,4.8519,19.6429
5008,166.933,1434,271,2380,1749,4.8519,19.6429
5009,166.967,1434,271,2380,1749,4.8820,19.7285
5010,167.000,1434,267,2379,1750,4.5543,20.7797
5011,167.033,1433,271,2380,1749,10.8728,15.5121
5012,167.067,1432,271,2379,1752,16.1645,12.6562
5013,167.100,1431,271,2379,1752,15.7173,10.9718
5014,167.133,1431,270,2379,1751,13.7405,12.2603
5015,167.167,1428,271,2376,1751,15.1309,12.4661
5016,167.200,1429,271,2376,1750,15.0171,13.5391
5017,167.233,1428,271,2376,1750,15.8563,12.1445
5018,167.267,1427,271,2375,1749,15.4460,12.4732
5019,167.300,1427,270,2375,1750,15.5577,11.8585
5020,167.333,1427,270,2375,1750,15.5440,11.7982
5021,167.367,1427,270,2375,1750,15.5301,11.8463
5022,167.400,1427,272,2375,1750,15.7472,12.9229
5023,167.433,1426,271,2375,1751,16.0761,12.1515
5024,167.467,1426,271,2376,1751,16.4896,12.3497
5025,167.500,1426,271,2376,1751,16.4303,12.3275
5026,167.533,1426,271,2375,1751,16.0355,12.0988
5027,167.567,1429,273,2376,1751,15.2272,12.4584
5028,167.600,1429,274,2377,1753,13.4931,13.9708
5029,167.633,1429,274,2378,1753,13.8126,13.7382
5030,167.667,1429,273,2379,1754,14.7183,13.6588
5031,167.700,1430,275,2380,1753,13.0143,11.6942
5032,167.733,1430,274,2378,1741,13.1201,12.9084
5033,167.767,1430,278,2380,1746,12.9793,11.9384
5034,167.800,1433,276,2380,1741,5.4304,19.9308
5035,167.833,1436,270,2381,1744,-2.3310,22.0739
5036,167.867,1436,269,2381,1744,-3.1344,23.1624
5037,167.900,1437,270,2382,1744,-1.6351,22.7348
5038,167.933,1437,269,2382,1747,-0.2114,22.9714
5039,167.967,1437,269,2382,1748,-0.9214,22.9519
5040,168.000,1437,268,2383,1748,-1.2883,21.2480
5041,168.033,1437,268,2383,1747,-0.9237,22.6393
5042,168.067,1437,268,2383,1747,-0.9237,22.6393
5043,168.100,1437,268,2383,1747,-0.9237,22.6393
5044,168.133,1437,268,2383,1747,-0.8250,22.7597
5045,168.167,1437,268,2383,1747,-0.8211,22.7131
5046,168.200,1436,260,2381,1749,-6.3255,20.7505
5047,168.233,1436,260,2381,1749,-6.3634,20.5175
5048,168.267,1436,260,2381,1751,-5.4787,18.5144
5049,168.300,1436,260,2381,1753,-6.7397,20.9985
5050,168.333,1436,259,2381,1753,-5.9027,19.2367
5051,168.367,1438,257,2385,1764,-3.9871,19.5153
5052,168.400,1441,258,2389,1761,-2.4082,18.7185
5052,168.400,3393,1109,3519,1289,11.0933,-11.1057
5053,168.433,1441,258,2390,1759,-6.0675,20.7321
5053,168.433,3393,1109,3519,1289,8.9938,-10.9885
5054,168.467,1441,260,2389,1757,-6.5467,22.7945
5054,168.467,3393,1109,3519,1289,8.9938,-10.9885
5055,168.500,1441,260,2389,1757,-6.5679,22.7089
5055,168.500,3393,1109,3519,1289,8.9938,-10.9885
5056,168.533,1441,261,2390,1757,-5.9679,19.2727
5057,168.567,1441,261,2390,1758,-5.6638,20.3696
5057,168.567,3394,1109,3519,1288,15.9496,-11.7078
5058,168.600,1441,261,2390,1758,-5.6926,20.3473
5058,168.600,3394,1109,3519,1288,15.9496,-11.7078
5059,168.633,1441,261,2390,1758,-5.6926,20.3473
5059,168.633,3394,1109,3519,1288,15.9496,-11.7078
5060,168.667,1441,261,2390,1757,-6.2759,19.1752
5061,168.700,1441,263,2390,1758,-7.7091,21.7847
5061,168.700,3394,1109,3519,1288,15.3100,-11.5500
5062,168.733,1441,263,2390,1758,-7.7091,21.7847
5062,168.733,3394,1109,3519,1288,15.3100,-11.5500
5063,168.767,1444,262,2391,1759,-6.2060,18.7441
5063,168.767,3394,1109,3519,1288,15.3100,-11.5500
5064,168.800,1447,270,2401,1757,-3.4160,16.6398
5064,168.800,3343,1070,3562,1393,3.6086,-11.3652
5065,168.833,1449,272,2403,1756,-3.9383,17.3965
5065,168.833,3342,1070,3564,1394,22.4786,-10.8609
5066,168.867,1450,270,2403,1753,-6.5485,20.0977
5066,168.867,3343,1071,3564,1394,34.3078,-7.7489
5067,168.900,1450,270,2404,1755,-5.7283,18.2017
5067,168.900,3337,1081,3564,1396,24.1632,-11.9794
5068,168.933,1450,272,2404,1754,-4.6946,16.9242
5068,168.933,3338,1082,3564,1396,30.8506,-11.5734
5069,168.967,1450,271,2402,1754,-5.8178,16.1631
5069,168.967,3339,1082,3565,1397,20.0005,-14.4767
5070,169.000,1449,274,2401,1749,-3.0748,14.4181
5070,169.000,3337,1079,3565,1399,9.5770,-15.1466
5071,169.033,1449,274,2400,1750,-3.9414,17.0610
5071,169.033,3337,1079,3565,1399,7.3865,-14.8027
5072,169.067,1449,274,2400,1750,-3.9061,17.0324
5072,169.067,3337,1079,3565,1399,7.3865,-14.8027
5073,169.100,1449,274,2400,1750,-3.9213,17.0532
5073,169.100,3337,1079,3565,1399,7.3865,-14.8027
5074,169.133,1449,274,2400,1750,-3.9479,16.4560
5074,169.133,3337,1079,3565,1399,7.8394,-14.7335
5075,169.167,1449,274,2400,1750,-3.9794,16.5694
5075,169.167,3337,1079,3565,1399,7.8394,-14.7335
5076,169.200,1449,274,2400,1750,-3.9794,16.5694
5076,169.200,3337,1079,3565,1399,7.8394,-14.7335
5077,169.233,1449,274,2400,1750,-3.9794,16.5694
5077,169.233,3337,1079,3565,1399,7.8394,-14.7335
5078,169.267,1449,274,2400,1750,-3.9451,16.5803
5078,169.267,3337,1079,3565,1399,7.8394,-14.7335
5079,169.300,1448,271,2400,1749,-2.5138,18.9128
5079,169.300,3335,1079,3564,1400,16.3427,-12.1765
5080,169.333,1445,274,2397,1755,0.1046,14.2137
5080,169.333,3346,1108,3551,1402,7.5685,-15.4404
5081,169.367,1440,274,2396,1755,-2.0151,16.2275
5081,169.367,3346,1108,3552,1403,14.9903,-11.6186
5082,169.400,1440,273,2394,1758,-2.8889,17.9501
5082,169.400,3346,1103,3551,1404,5.1598,-15.5031
5083,169.433,1440,273,2393,1760,-2.4452,15.7043
5083,169.433,3346,1107,3549,1398,-5.8568,-13.2595
5084,169.467,1441,272,2392,1760,-5.6905,16.7112
5084,169.467,3347,1112,3545,1394,-13.1585,-10.9146
5085,169.500,1440,273,2391,1761,-3.1401,15.3727
5085,169.500,3353,1107,3542,1394,-5.0627,-8.6388
5086,169.533,1439,269,2390,1763,-2.0381,14.5617
5086,169.533,3353,1109,3541,1392,17.2038,-12.6230
5087,169.567,1439,269,2390,1762,-2.0524,14.8262
5087,169.567,3354,1110,3541,1392,5.7970,-12.7550
5088,169.600,1439,269,2390,1762,-2.0524,14.8262
5088,169.600,3354,1110,3541,1392,5.7970,-12.7550
5089,169.633,1439,268,2390,1763,-2.0892,14.4450
5089,169.633,3354,1110,3541,1392,5.7970,-12.7550
5090,169.667,1439,268,2390,1763,-2.3237,14.3383
5090,169.667,3353,1109,3541,1392,10.4907,-12.1684
5091,169.700,1439,268,2390,1763,-2.3596,14.2314
5091,169.700,3353,1109,3541,1392,9.7789,-12.3549
5092,169.733,1439,268,2390,1763,-2.3596,14.2314
5092,169.733,3353,1109,3541,1392,9.7789,-12.3549
5093,169.767,1439,268,2390,1763,-2.3596,14.2314
5093,169.767,3353,1109,3541,1392,9.7789,-12.3549
5094,169.800,1439,268,2390,1763,-2.4455,14.2042
5094,169.800,3353,1109,3541,1392,9.6036,-12.2802
5095,169.833,1441,272,2390,1763,-3.3765,15.8855
5095,169.833,3352,1135,3526,1384,-11.0044,-9.4944
5096,169.867,1440,273,2389,1763,-4.4297,14.2899
5097,169.900,1440,272,2390,1764,-3.7662,14.8723
5098,169.933,1440,273,2389,1762,-2.5375,14.6163
5099,169.967,1439,274,2388,1765,-3.3676,15.6498
5100,170.000,1438,280,2388,1764,-0.9489,16.6081
5101,170.033,1437,279,2387,1764,-1.1161,15.3006
5102,170.067,1436,280,2387,1764,-1.6655,15.5424
5103,170.100,1436,280,2387,1764,-1.6472,15.4851
5104,170.133,1437,279,2387,1762,-2.8832,15.0585
5105,170.167,1437,279,2387,1762,-2.6177,14.8690
5106,170.200,1437,279,2387,1761,-1.8803,16.3266
5107,170.233,1437,279,2387,1761,-1.9669,16.2997
5108,170.267,1437,279,2387,1761,-1.8815,16.2011
5109,170.300,1436,279,2387,1761,-1.6216,15.9626
5110,170.333,1436,279,2387,1761,-1.6216,15.9626
5111,170.367,1438,279,2386,1760,-0.0472,15.9050
5112,170.400,1437,281,2385,1758,0.4355,16.0825
5113,170.433,1438,278,2385,1758,-0.4642,14.8160
5114,170.467,1438,276,2384,1758,2.5223,15.7036
5115,170.500,1439,276,2384,1757,1.7873,13.7373
5116,170.533,1438,274,2383,1757,1.7975,14.1283
5117,170.567,1438,273,2383,1756,2.0911,17.5713
5118,170.600,1438,272,2383,1756,1.0282,18.0103
5119,170.633,1438,272,2383,1756,1.0282,18.0103
5120,170.667,1437,272,2381,1755,1.6535,16.8437
5121,170.700,1436,271,2381,1755,1.1024,18.5747
5122,170.733,1436,271,2381,1755,1.1171,18.5904
5123,170.767,1436,272,2380,1756,2.8595,17.1987
5124,170.800,1434,274,2381,1755,-6.1592,14.8346
5125,170.833,1435,275,2381,1756,-7.4379,16.0713
5126,170.867,1436,275,2381,1753,-7.9991,17.8122
5127,170.900,1436,274,2382,1754,-6.8957,19.6891
5128,170.933,1435,274,2383,1755,-8.8572,21.0872
5129,170.967,1436,275,2383,1756,-6.9676,22.1849
5130,171.000,1437,274,2384,1753,-7.8577,15.4847
5131,171.033,1437,274,2384,1753,-7.7254,15.8921
5132,171.067,1437,274,2384,1753,-7.7254,15.8921
5133,171.100,1437,274,2384,1753,-7.7254,15.8921
5134,171.133,1437,274,2384,1754,-7.4934,18.0341
5135,171.167,1439,270,2382,1757,-9.4313,16.2806
5136,171.200,1440,266,2382,1754,2.1032,20.3987
5137,171.233,1441,272,2383,1752,1.1656,22.9002
5138,171.267,1442,270,2381,1754,-0.6548,24.6405
5139,171.300,1444,275,2381,1756,-0.5308,24.9125
5140,171.333,1446,271,2381,1756,0.7612,21.7661
5141,171.367,1446,271,2381,1756,0.7223,21.7851
5142,171.400,1445,270,2381,1756,0.0959,24.6671
5143,171.433,1445,270,2381,1756,-0.3186,24.1755
5144,171.467,1445,270,2381,1756,-0.3478,24.0029
5145,171.500,1445,270,2381,1756,-0.3478,24.0029
5146,171.533,1445,270,2381,1756,-0.5222,23.4582
5147,171.567,1445,271,2381,1756,1.9515,24.3032
5148,171.600,1445,271,2381,1756,1.9515,24.3032
5149,171.633,1444,277,2380,1755,6.1275,18.2450
5150,171.667,1444,278,2380,1755,6.3829,19.9080
5151,171.700,1443,277,2380,1756,3.1897,20.8073
5152,171.733,1442,269,2379,1755,3.9313,19.6669
5153,171.767,1442,270,2379,1754,2.5481,21.5761
5154,171.800,1442,270,2379,1754,2.5283,21.5563
5155,171.833,1442,270,2379,1754,2.4426,21.5840
5156,171.867,1441,270,2379,1754,3.6231,21.8557
5157,171.900,1441,270,2379,1754,4.0560,22.0543
5158,171.933,1441,270,2379,1754,4.0560,22.0543
5159,171.967,1441,270,2379,1754,4.2490,22.0033
5160,172.000,1443,266,2380,1753,0.0972,16.1316
5161,172.033,1443,269,2381,1751,3.1058,18.8156
5162,172.067,1444,270,2381,1750,1.2110,17.0347
5163,172.100,1444,265,2379,1748,-8.9195,18.0964
5164,172.133,1444,268,2380,1746,-9.4310,21.7753
5165,172.167,1444,268,2380,1749,-8.5354,19.8504
5166,172.200,1444,268,2380,1750,-11.7149,22.2807
5167,172.233,1445,269,2381,1752,-11.2856,19.3491
5168,172.267,1444,268,2381,1753,-9.3789,21.3631
5169,172.300,1444,268,2381,1752,-10.1813,19.9427
5170,172.333,1444,268,2381,1752,-10.1813,19.9427
5171,172.367,1444,268,2381,1752,-10.1813,19.9427
5172,172.400,1444,268,2381,1752,-10.5551,19.6660
5173,172.433,1444,269,2379,1753,-11.6899,22.1551
5174,172.467,1444,269,2379,1753,-11.6899,22.1551
5175,172.500,1444,269,2380,1754,-8.1747,22.0296
5176,172.533,1443,262,2377,1748,-4.8932,22.8213
5177,172.567,1444,261,2376,1749,-3.9495,24.2590
5178,172.600,1444,261,2377,1749,-3.6650,23.5984
5179,172.633,1444,261,2378,1749,-6.7645,22.8328
5180,172.667,1444,261,2378,1749,-7.1263,23.9807
5181,172.700,1445,260,2378,1751,-4.7580,23.6100
5182,172.733,1444,261,2378,1751,-5.5469,21.8974
5183,172.767,1444,261,2378,1751,-5.2683,22.5251
5184,172.800,1444,262,2379,1751,-5.7989,22.4524
5185,172.833,1444,261,2378,1751,-6.4703,23.2807
5186,172.867,1444,261,2378,1751,-6.4703,23.2807
5187,172.900,1444,261,2378,1751,-6.4857,23.2833
5188,172.933,1444,262,2378,1751,-6.5874,23.9045
5189,172.967,1442,262,2378,1751,-6.0663,22.9528
5190,173.000,1439,265,2379,1751,-2.6505,19.4157
5191,173.033,1439,265,2379,1753,-3.1817,20.3697
5192,173.067,1440,264,2379,1753,-3.7400,19.6268
5193,173.100,1439,265,2378,1752,-2.4739,18.2508
5194,173.133,1439,264,2379,1752,-2.1682,19.7406
5195,173.167,1439,264,2379,1753,-1.3387,18.5855
5196,173.200,1439,264,2379,1755,-1.0286,18.8774
5197,173.233,1439,265,2379,1755,-2.1230,16.6020
5198,173.267,1439,264,2379,1754,-1.6920,18.9369
5199,173.300,1439,267,2380,1753,-3.7139,17.0033
5200,173.333,1439,267,2380,1754,-2.1117,17.6610
5201,173.367,1440,266,2379,1753,-4.4041,21.1407
5202,173.400,1440,264,2378,1751,-9.9087,19.7343
5203,173.433,1440,262,2378,1751,-13.8061,19.9464
5204,173.467,1442,259,2377,1751,-7.9050,20.6248
5205,173.500,1441,260,2378,1750,-9.6527,20.9008
5206,173.533,1439,262,2378,1751,-9.2970,18.8628
5207,173.567,1440,263,2378,1753,-6.3598,20.1802
5208,173.600,1438,264,2380,1755,-4.5580,21.8796
5209,173.633,1438,264,2380,1755,-4.2656,21.5000
5210,173.667,1438,264,2381,1754,-4.0747,19.4247
5211,173.700,1437,264,2381,1756,-3.4436,17.5205
5212,173.733,1437,263,2381,1756,-2.8272,19.0441
5213,173.767,1437,263,2381,1755,-3.1297,20.8305
5214,173.800,1438,262,2381,1756,-4.9224,21.1064
5215,173.833,1438,259,2380,1757,-9.3303,22.5101
5216,173.867,1438,257,2380,1756,-7.9736,23.3825
5217,173.900,1438,257,2380,1756,-7.9609,23.4930
5218,173.933,1438,256,2380,1756,-10.4106,18.7554
5219,173.967,1439,256,2380,1755,-8.3869,18.7449
5220,174.000,1439,256,2380,1756,-8.6510,19.7648
5221,174.033,1440,258,2380,1757,-6.9423,21.4753
5222,174.067,1440,259,2379,1756,-7.9536,19.4695
5223,174.100,1439,261,2382,1755,-1.5280,21.7713
5224,174.133,1439,261,2382,1755,-3.4038,22.0635
5225,174.167,1440,260,2381,1757,-3.4990,21.2910
5226,174.200,1441,257,2380,1757,-2.4987,21.6647
5227,174.233,1441,257,2380,1756,-3.2258,19.1005
5228,174.267,1441,256,2380,1756,-4.6599,20.2367
5229,174.300,1443,260,2380,1756,-5.0844,20.2625
5230,174.333,1443,259,2379,1756,-3.3510,22.2881
5231,174.367,1442,264,2380,1755,5.1171,18.0423
5232,174.400,1443,265,2380,1754,2.2445,20.2307
5233,174.433,1443,265,2380,1754,2.5368,21.1272
5234,174.467,1443,265,2380,1754,2.3233,21.1287
5235,174.500,1443,266,2380,1754,1.1643,21.7417
5236,174.533,1442,265,2380,1753,4.4743,21.1578
5237,174.567,1443,266,2380,1755,1.1515,22.8566
5238,174.600,1443,265,2379,1756,3.9296,21.2483
5239,174.633,1443,265,2379,1757,7.0963,20.7444
5240,174.667,1443,264,2379,1757,5.4954,22.6987
5241,174.700,1444,265,2381,1757,6.7242,21.5873
5242,174.733,1446,266,2384,1756,7.0204,20.0307
5243,174.767,1448,274,2383,1750,0.1801,19.5057
5244,174.800,1449,273,2384,1748,0.7094,18.5039
5245,174.833,1449,274,2382,1748,0.9864,21.1998
5246,174.867,1449,273,2382,1750,-1.1228,21.2180
5247,174.900,1446,273,2385,1752,-10.5075,17.1435
5248,174.933,1444,268,2382,1752,-7.6842,18.8080
5249,174.967,1443,269,2381,1752,-8.9819,18.9499
5250,175.000,1442,268,2379,1753,-9.9211,19.1171
5251,175.033,1442,267,2378,1752,-10.8301,21.8229
5252,175.067,1443,267,2377,1752,-11.6604,21.1585
5253,175.100,1443,267,2377,1752,-11.6375,21.1456
5254,175.133,1443,268,2378,1752,-11.3370,21.4499
5255,175.167,1443,268,2378,1752,-10.6555,21.4963
5256,175.200,1443,268,2378,1752,-10.6513,21.5144
5257,175.233,1443,267,2377,1752,-11.9493,20.6135
5258,175.267,1443,266,2378,1752,-11.2949,19.2730
5259,175.300,1444,265,2377,1752,-11.5452,20.0673
5260,175.333,1444,265,2377,1752,-10.6902,18.8407
5261,175.367,1444,265,2378,1752,-12.0893,21.0375
5262,175.400,1444,266,2378,1752,-11.1475,20.3676
5263,175.433,1444,268,2379,1752,-9.3626,21.6305
5264,175.467,1444,268,2379,1751,-9.2161,19.2248
5265,175.500,1444,267,2379,1752,-10.1198,21.3671
5266,175.533,1445,270,2381,1751,-2.3299,21.8939
5267,175.567,1444,270,2382,1750,-4.1387,21.3195
5268,175.600,1444,271,2381,1750,-5.7293,18.2784
5269,175.633,1444,270,2381,1750,-4.1076,20.2920
5270,175.667,1443,271,2382,1748,-0.4093,21.3944
5271,175.700,1443,272,2382,1746,-1.8370,21.6375
5272,175.733,1443,272,2382,1746,-0.7586,21.1895
5273,175.767,1443,272,2382,1746,-0.7586,21.1895
5274,175.800,1443,272,2382,1746,-0.4333,21.3586
5275,175.833,1443,272,2383,1745,-0.7440,21.3060
5276,175.867,1443,272,2383,1745,-0.7440,21.3060
5277,175.900,1443,273,2383,1745,-0.9332,22.3300
5278,175.933,1442,272,2381,1744,-1.1089,25.8777
5279,175.967,1442,268,2380,1743,-3.2651,24.0688
5280,176.000,1442,271,2381,1741,-6.2726,23.1539
5281,176.033,1442,270,2381,1742,-5.8346,23.1558
5282,176.067,1441,270,2380,1743,-5.7381,24.8622
5283,176.100,1439,269,2378,1744,-6.3987,24.5118
5284,176.133,1439,270,2379,1746,-7.1340,24.0398
5285,176.167,1438,265,2380,1746,-7.3227,25.3150
5286,176.200,1438,265,2380,1746,-7.6272,25.2303
5287,176.233,1438,264,2380,1746,-7.6521,22.6481
5288,176.267,1438,261,2379,1745,-7.7852,21.6078
5289,176.300,1439,260,2378,1742,-11.4376,19.1909
5290,176.333,1439,260,2379,1743,-7.5591,18.2879
5291,176.367,1439,259,2379,1743,-11.8965,19.9464
5292,176.400,1438,259,2378,1742,-7.9705,16.9865
5293,176.433,1439,262,2379,1741,-4.0085,21.1024
5294,176.467,1439,262,2379,1741,-3.1272,21.0872
5295,176.500,1439,262,2379,1742,-5.5373,17.5702
5296,176.533,1438,261,2379,1741,-3.2778,20.8208
5297,176.567,1438,261,2380,1742,-2.5950,20.3779
5298,176.600,1438,261,2380,1743,-1.2767,19.8849
5299,176.633,1438,261,2380,1743,-1.7926,18.3289
5300,176.667,1437,260,2380,1745,-2.1326,17.6903
5301,176.700,1437,264,2379,1745,-0.6861,21.0865
5302,176.733,1438,265,2379,1744,-0.4039,22.2090
5303,176.767,1438,265,2379,1745,-0.7464,22.8596
5304,176.800,1438,268,2379,1744,0.6299,21.3162
5305,176.833,1437,268,2379,1744,0.1873,21.4376
5306,176.867,1437,268,2379,1744,0.1873,21.4376
5307,176.900,1437,268,2379,1744,0.1873,21.4376
5308,176.933,1437,268,2379,1744,0.1901,21.0780
5309,176.967,1438,267,2379,1744,-0.9967,23.1316
5310,177.000,1438,267,2377,1745,-0.3416,20.2736
5311,177.033,1438,266,2376,1744,0.1696,18.2729
5312,177.067,1438,267,2376,1744,-0.0651,18.6677
5313,177.100,1439,269,2376,1744,2.1411,18.4972
5314,177.133,1438,268,2377,1745,3.2659,18.9924
5315,177.167,1438,268,2377,1743,4.1827,18.5233
5316,177.200,1437,268,2377,1742,4.7222,20.8224
5317,177.233,1437,268,2377,1743,3.7869,22.0589
5318,177.267,1437,268,2378,1742,2.4637,19.7911
5319,177.300,1437,269,2378,1741,4.7971,18.4321
5320,177.333,1437,268,2378,1741,2.5575,20.2256
5321,177.367,1436,268,2379,1740,1.3031,18.4017
5322,177.400,1437,267,2378,1740,1.8905,20.7582
5323,177.433,1437,266,2378,1740,2.4595,20.5061
5324,177.467,1437,266,2378,1740,2.3740,20.3236
5325,177.500,1437,266,2378,1739,2.6311,20.7123
5326,177.533,1436,265,2378,1739,1.2800,21.7876
5327,177.567,1436,264,2379,1739,2.9855,22.1979
5328,177.600,1436,265,2379,1738,2.0454,23.9799
5329,177.633,1436,264,2379,1739,2.1468,22.3513
5330,177.667,1436,264,2379,1740,2.0621,21.2520
5331,177.700,1436,266,2380,1742,1.9717,22.9202
5332,177.733,1436,266,2380,1743,3.2244,22.4331
5333,177.767,1436,267,2379,1743,1.7050,22.8897
5334,177.800,1437,266,2379,1744,2.1886,22.8694
5335,177.833,1440,265,2380,1747,2.8833,21.9581
5336,177.867,1440,265,2380,1747,3.2978,21.9685
5337,177.900,1440,265,2380,1746,2.1571,21.4043
5338,177.933,1442,264,2380,1748,4.6351,21.3449
5339,177.967,1442,264,2380,1749,2.0752,20.5716
5340,178.000,1443,262,2379,1752,-0.5556,20.5433
5341,178.033,1443,262,2380,1753,2.9330,21.0278
5342,178.067,1445,270,2381,1750,2.8494,21.2507
5343,178.100,1446,271,2382,1752,1.9833,22.5036
5344,178.133,1447,271,2382,1752,2.8202,23.3024
5345,178.167,1447,271,2383,1755,3.4048,23.9084
5346,178.200,1447,271,2385,1755,2.4150,21.7966
5347,178.233,1447,271,2385,1755,2.4208,21.7653
5348,178.267,1446,271,2385,1755,2.4973,21.4618
5349,178.300,1447,272,2385,1754,1.9824,20.2151
5350,178.333,1447,272,2385,1755,3.0764,21.3721
5351,178.367,1448,274,2388,1753,-0.1810,21.8801
5352,178.400,1447,279,2389,1752,-1.3405,21.3456
5353,178.433,1447,280,2389,1753,-2.4782,20.6491
5354,178.467,1447,280,2388,1753,-0.9168,24.0208
5355,178.500,1447,281,2388,1753,-1.8176,22.2303
5356,178.533,1446,282,2388,1752,-3.5009,22.8626
5357,178.567,1447,282,2388,1752,-3.7515,22.9940
5358,178.600,1447,282,2388,1752,-3.7515,22.9940
5359,178.633,1447,282,2388,1752,-3.7515,22.9940
5360,178.667,1446,282,2388,1752,-3.9088,22.7311
5361,178.700,1446,282,2388,1753,-4.7627,21.8853
5362,178.733,1446,281,2387,1753,-2.5323,23.1295
5363,178.767,1446,281,2387,1753,-2.6212,23.5366
5364,178.800,1445,281,2388,1753,-6.0432,24.2367
5365,178.833,1446,281,2388,1753,-2.4865,23.2130
5366,178.867,1445,281,2389,1753,-3.5012,22.0373
5367,178.900,1446,281,2389,1753,-4.8876,23.5231
5368,178.933,1446,281,2390,1753,-3.3750,22.0417
5369,178.967,1448,281,2389,1753,-2.6000,21.8177
5370,179.000,1447,282,2390,1754,-2.7625,21.1729
5371,179.033,1448,281,2390,1754,-1.8188,23.3466
5372,179.067,1447,283,2389,1753,-1.8081,22.3389
5373,179.100,1447,281,2389,1753,-2.5390,21.4857
5374,179.133,1446,282,2387,1755,-1.5586,22.1926
5375,179.167,1446,280,2386,1754,-1.3200,23.6188
5376,179.200,1446,280,2386,1752,-0.8248,22.7039
5377,179.233,1446,281,2386,1752,0.7901,20.3107
5378,179.267,1446,279,2386,1751,0.5981,20.8719
5379,179.300,1444,280,2386,1751,1.8965,21.7951
5380,179.333,1443,280,2386,1751,0.5154,21.7522
5381,179.367,1444,281,2384,1750,2.5374,20.5919
5382,179.400,1443,282,2384,1748,-2.1542,20.5738
5383,179.433,1443,281,2384,1749,1.7923,18.6588
5384,179.467,1442,281,2384,1748,0.3509,21.5635
5385,179.500,1443,281,2383,1750,1.9837,20.4070
5386,179.533,1443,285,2385,1742,1.6809,14.5336
5387,179.567,1442,288,2383,1743,3.5249,12.9417
5388,179.600,1443,285,2384,1743,1.6011,10.2499
5389,179.633,1440,285,2380,1746,2.0657,18.1030
5390,179.667,1440,286,2381,1745,0.3068,16.6509
5391,179.700,1439,286,2381,1745,-1.4015,17.7410
5392,179.733,1440,285,2381,1746,-2.2373,16.4295
5393,179.767,1440,285,2381,1746,-2.2367,16.4035
5394,179.800,1441,280,2382,1746,-2.9005,17.9404
5395,179.833,1441,281,2382,1745,-0.9567,19.5849
5396,179.867,1441,280,2382,1747,-0.5707,22.1655
5397,179.900,1441,280,2382,1747,-0.9092,21.6146
5398,179.933,1441,281,2382,1746,-0.8520,19.4767
5399,179.967,1440,280,2381,1747,-1.0400,19.5860
5400,180.000,1441,279,2382,1744,-0.3640,18.8260
5401,180.033,1441,278,2381,1744,3.0692,20.7554
5402,180.067,1441,277,2381,1745,1.8960,21.2000
5403,180.100,1441,277,2381,1745,1.9154,21.2285
5404,180.133,1441,276,2381,1744,2.5290,21.2613
5405,180.167,1441,277,2381,1745,0.4799,22.8577
5406,180.200,1441,277,2381,1745,0.4752,22.8718
5407,180.233,1441,277,2381,1745,0.3453,22.6311
5408,180.267,1441,278,2382,1744,1.7482,19.2467
5409,180.300,1441,277,2382,1745,0.1975,21.1833
5410,180.333,1441,276,2382,1745,0.4330,21.4572
5411,180.367,1440,276,2382,1743,-1.0144,20.0635
5412,180.400,1438,278,2382,1742,2.2328,18.5363
5413,180.433,1438,276,2381,1742,-0.4224,20.1148
5414,180.467,1436,274,2381,1742,0.4393,19.2088
5415,180.500,1437,274,2381,1742,0.6530,19.8027
5416,180.533,1436,276,2381,1742,3.5976,19.3914
5417,180.567,1437,274,2380,1741,-0.9088,21.6010
5418,180.600,1437,274,2380,1742,-2.2438,20.3578
5419,180.633,1437,273,2381,1742,-1.2572,19.9876
5420,180.667,1437,273,2381,1742,-1.2098,19.9058
5421,180.700,1438,274,2381,1742,-2.9676,22.7223
5422,180.733,1438,274,2381,1742,-2.4487,22.4370
5423,180.767,1438,274,2381,1743,-1.1418,22.2245
5424,180.800,1438,272,2381,1742,0.9179,20.6415
5425,180.833,1438,273,2382,1743,-0.5218,21.5669
5426,180.867,1437,272,2382,1745,1.8922,21.7805
5427,180.900,1437,272,2382,1745,1.9289,21.7910
5428,180.933,1438,273,2383,1744,0.4414,21.0249
5429,180.967,1437,273,2383,1745,0.4202,21.9958
5430,181.000,1436,271,2383,1747,1.5279,18.5518
5431,181.033,1437,270,2384,1745,1.8717,18.1206
5432,181.067,1437,271,2384,1745,0.7827,19.2523
5433,181.100,1437,270,2384,1745,0.4032,18.7650
5434,181.133,1437,271,2385,1744,-1.5331,21.7441
5435,181.167,1440,276,2384,1745,-1.6983,25.4893
5436,181.200,1440,276,2386,1745,-4.0116,22.3607
5437,181.233,1439,275,2387,1745,-4.2687,22.6992
5438,181.267,1439,276,2388,1746,-4.3705,18.6922
5439,181.300,1438,276,2386,1746,-3.4945,18.6066
5440,181.333,1438,276,2386,1746,-3.4945,18.6066
5441,181.367,1438,276,2386,1746,-3.5016,18.5998
5442,181.400,1438,275,2386,1747,-3.9631,21.3481
5443,181.433,1438,275,2386,1746,-5.4940,22.1703
5444,181.467,1438,275,2386,1746,-5.4984,22.1731
5445,181.500,1438,275,2386,1746,-5.4984,22.1731
5446,181.533,1438,275,2386,1746,-5.5263,22.2251
5447,181.567,1440,277,2387,1746,-0.2913,18.8781
5448,181.600,1440,277,2387,1746,0.1747,19.3323
5449,181.633,1440,277,2388,1746,-1.3313,19.3369
5450,181.667,1440,278,2388,1746,-2.1146,21.4041
5451,181.700,1441,278,2390,1746,-4.7433,22.4899
5452,181.733,1443,278,2389,1749,-0.4817,22.3942
5453,181.767,1441,277,2390,1747,-2.1197,21.3623
5454,181.800,1442,277,2390,1749,-4.5520,18.7168
5455,181.833,1442,279,2392,1749,-5.4530,19.6216
5456,181.867,1442,279,2392,1749,-5.9266,18.8642
5457,181.900,1440,279,2392,1751,-6.5322,16.7827
5458,181.933,1441,279,2393,1749,-8.9772,16.8581
5459,181.967,1441,278,2393,1750,-5.1646,18.0910
5460,182.000,1440,279,2392,1752,-6.8519,20.7516
5461,182.033,1441,280,2393,1752,-5.7237,19.3282
5462,182.067,1441,280,2393,1752,-5.7237,19.3282
5463,182.100,1440,278,2392,1752,-6.4584,20.8899
5464,182.133,1441,277,2392,1752,-5.5590,21.3020
5465,182.167,1441,277,2390,1753,-5.5810,21.3650
5466,182.200,1441,276,2389,1753,-5.7637,21.2589
5467,182.233,1441,275,2389,1753,-5.2168,20.3036
5468,182.267,1440,273,2388,1753,-5.1519,22.9801
5469,182.300,1439,273,2386,1753,-3.9686,24.5012
5470,182.333,1439,274,2386,1754,-3.4108,22.5652
5471,182.367,1438,276,2386,1753,-4.1392,19.5845
5472,182.400,1438,275,2384,1753,-4.3639,20.0873
5473,182.433,1439,276,2384,1753,-3.8248,23.9078
5474,182.467,1439,276,2384,1753,-4.2927,23.1539
5475,182.500,1439,276,2384,1753,-3.9840,23.9164
5476,182.533,1438,277,2384,1752,-5.6513,21.1309
5477,182.567,1438,277,2384,1752,-6.2486,21.9856
5478,182.600,1438,278,2384,1751,-2.8172,21.8421
5479,182.633,1438,279,2383,1751,-1.3441,21.7068
5480,182.667,1438,278,2383,1751,-1.2381,20.3995
5481,182.700,1438,278,2383,1751,-0.3843,21.2653
5482,182.733,1438,278,2382,1751,-1.1831,19.5544
5483,182.767,1438,279,2383,1752,0.5664,22.6653
5484,182.800,1438,280,2382,1751,0.7899,21.5534
5485,182.833,1437,280,2382,1751,-0.3741,20.2394
5486,182.867,1437,280,2381,1750,0.7350,19.9415
5487,182.900,1437,280,2381,1750,0.7618,20.0246
5488,182.933,1437,279,2381,1751,3.2815,20.2168
5489,182.967,1438,279,2381,1750,2.0958,21.1677
5490,183.000,1437,285,2380,1749,-0.5653,15.4637
5491,183.033,1437,285,2380,1749,-0.7430,15.2896
5492,183.067,1437,285,2380,1749,-0.7430,15.2896
5493,183.100,1437,285,2380,1749,-0.7430,15.2896
5494,183.133,1437,285,2380,1749,-0.8802,15.1980
5495,183.167,1440,281,2383,1748,-1.2345,21.8630
5496,183.200,1438,279,2382,1746,-3.0764,18.1890
5497,183.233,1438,281,2382,1745,-2.6344,19.5525
5498,183.267,1437,281,2383,1745,-1.3682,19.0807
5499,183.300,1436,283,2383,1742,-2.7086,16.3773
5500,183.333,1435,282,2383,1742,-4.1465,18.4028
5501,183.367,1436,282,2384,1742,-5.1100,18.2056
5502,183.400,1435,280,2383,1741,-3.1557,18.6733
5503,183.433,1435,281,2383,1741,-4.2701,17.2496
5504,183.467,1435,281,2383,1741,-4.2701,17.2496
5505,183.500,1435,281,2383,1741,-4.2701,17.2496
5506,183.533,1435,280,2383,1741,-3.0241,17.1429
5507,183.567,1435,280,2383,1741,-2.9484,17.2145
5508,183.600,1435,280,2383,1741,-3.1665,17.1088
5509,183.633,1435,280,2383,1741,-3.1362,17.1549
5510,183.667,1435,280,2383,1741,-3.1653,17.4300
5511,183.700,1435,279,2383,1741,-2.4394,16.2980
5512,183.733,1435,279,2383,1741,-2.5844,16.9889
5513,183.767,1435,279,2384,1742,-3.7003,14.6712
5514,183.800,1435,279,2385,1742,-3.3860,16.6926
5515,183.833,1435,278,2385,1743,-1.7072,17.3572
5516,183.867,1438,279,2385,1741,-4.4097,19.5498
5517,183.900,1437,281,2387,1741,-3.8783,19.9672
5518,183.933,1439,282,2388,1741,-4.7182,17.4111
5519,183.967,1440,280,2388,1742,-3.5198,20.1072
5520,184.000,1439,278,2387,1742,-5.5734,18.3702
5521,184.033,1439,278,2387,1741,-4.2946,18.4973
5522,184.067,1439,278,2387,1741,-4.2946,18.4973
5523,184.100,1439,278,2387,1741,-4.3379,18.5554
5524,184.133,1439,279,2387,1741,-4.3040,18.5363
5525,184.167,1439,279,2386,1740,-4.7667,19.6094
5526,184.200,1439,279,2386,1740,-4.7862,19.6410
5527,184.233,1439,279,2386,1740,-4.9906,19.6894
5528,184.267,1438,278,2386,1740,-3.5177,20.7974
5529,184.300,1439,277,2387,1742,-3.6656,20.0836
5530,184.333,1439,273,2383,1743,-4.9845,19.9079
5531,184.367,1439,273,2383,1743,-4.9845,19.9079
5532,184.400,1439,272,2383,1742,-5.9686,19.2627
5533,184.433,1440,273,2384,1742,-6.3010,19.2216
5534,184.467,1440,273,2384,1742,-6.4554,19.1255
5535,184.500,1440,273,2385,1741,-5.9064,18.6711
5536,184.533,1440,272,2385,1741,-5.0500,19.9274
5537,184.567,1440,272,2385,1741,-5.3385,19.8815
5538,184.600,1440,272,2385,1741,-5.3284,19.8912
5539,184.633,1440,272,2385,1741,-5.6413,19.7689
5540,184.667,1440,272,2385,1741,-5.3363,19.9284
5541,184.700,1440,272,2385,1740,-4.4175,18.7004
5542,184.733,1440,272,2385,1740,-4.4175,18.7004
5543,184.767,1440,272,2385,1740,-4.4175,18.7004
5544,184.800,1440,273,2384,1739,-3.4151,19.7602
5545,184.833,1441,273,2384,1737,-3.7399,20.8515
5546,184.867,1441,274,2385,1738,-0.1059,20.0578
5547,184.900,1441,276,2386,1738,-1.0572,20.1276
5548,184.933,1440,275,2386,1740,0.1149,17.9423
5549,184.967,1440,277,2386,1740,-0.1074,19.3606
5550,185.000,1441,277,2386,1741,-1.3468,21.0652
5551,185.033,1440,277,2386,1741,-1.5201,21.3622
5552,185.067,1440,278,2386,1741,-2.4568,19.6367
5553,185.100,1440,278,2386,1741,-2.5035,19.6676
5554,185.133,1440,278,2386,1740,-1.9809,20.5988
5555,185.167,1441,278,2385,1739,-1.5116,22.5014
5556,185.200,1440,276,2384,1743,-1.7144,21.4305
5557,185.233,1440,277,2382,1742,-3.4766,24.4955
5558,185.267,1440,274,2381,1744,-5.5295,23.3817
5559,185.300,1439,274,2381,1744,-5.6527,23.4364
5560,185.333,1439,274,2381,1744,-5.7042,23.5348
5561,185.367,1440,275,2381,1744,-5.5165,24.7254
5562,185.400,1439,275,2381,1744,-3.8901,24.2839
5563,185.433,1439,275,2381,1743,-4.1771,23.1793
5564,185.467,1439,275,2381,1743,-4.1771,23.1793
5565,185.500,1439,275,2381,1743,-4.1771,23.1793
5566,185.533,1439,275,2381,1743,-3.9513,23.5506
5567,185.567,1439,275,2381,1742,-5.0576,23.5514
5568,185.600,1438,274,2381,1745,-4.0643,23.7446
5569,185.633,1439,274,2382,1744,-4.5763,22.3326
5570,185.667,1439,274,2382,1743,-5.9680,23.3680
5571,185.700,1440,274,2381,1743,-5.7361,23.5169
5572,185.733,1442,275,2383,1743,-5.3651,23.8463
5573,185.767,1443,275,2383,1742,-5.7587,22.8806
5574,185.800,1443,275,2382,1742,-5.0251,21.9083
5575,185.833,1444,277,2383,1743,-3.4595,23.7057
5576,185.867,1442,276,2384,1744,-3.0446,23.2089
5577,185.900,1442,277,2383,1743,-2.4736,23.1201
5578,185.933,1440,275,2381,1741,-2.0251,22.4825
5579,185.967,1434,280,2378,1750,13.6561,11.4095
5580,186.000,1434,284,2378,1746,14.8324,11.8722
5581,186.033,1433,281,2377,1747,13.2415,12.8609
5582,186.067,1432,281,2375,1746,11.6295,13.6443
5583,186.100,1430,281,2372,1746,13.4642,14.3624
5584,186.133,1429,281,2373,1746,10.9707,13.1170
5585,186.167,1430,281,2371,1745,11.5922,15.7972
5586,186.200,1430,281,2371,1744,13.9254,15.0104
5587,186.233,1430,281,2371,1742,12.5567,14.8314
5588,186.267,1430,280,2371,1742,13.6184,12.7692
5589,186.300,1430,280,2371,1742,14.2575,12.6538
5590,186.333,1430,280,2371,1742,14.2575,12.6538
5591,186.367,1430,280,2371,1742,14.2575,12.6538
5592,186.400,1429,280,2371,1741,10.9957,14.2607
5593,186.433,1430,279,2371,1742,14.4228,14.1394
5594,186.467,1430,279,2371,1742,14.3830,14.0399
5595,186.500,1431,279,2371,1742,12.3175,13.7792
5596,186.533,1431,280,2374,1743,9.6856,15.2346
5597,186.567,1435,277,2377,1744,9.4624,16.7398
5598,186.600,1435,278,2378,1744,8.8569,17.9131
5599,186.633,1438,279,2383,1743,1.8587,19.8510
5600,186.667,1438,279,2383,1743,1.9761,19.9598
5601,186.700,1438,279,2382,1744,3.0111,18.2490
5602,186.733,1438,280,2382,1744,2.6221,21.9900
5603,186.767,1438,280,2382,1744,2.6261,21.9850
5604,186.800,1436,281,2380,1744,1.3252,21.0259
5605,186.833,1432,275,2377,1740,5.7003,20.1653
5606,186.867,1431,276,2377,1739,5.8295,22.4743
5607,186.900,1429,274,2374,1737,4.0580,20.8222
5608,186.933,1430,274,2374,1736,4.9948,18.7882
5609,186.967,1430,273,2372,1737,6.4028,21.1627
5610,187.000,1430,278,2372,1738,2.9821,22.2498
5611,187.033,1430,278,2372,1737,0.8798,21.7028
5612,187.067,1430,278,2372,1737,0.8798,21.7028
5613,187.100,1430,278,2372,1737,0.8798,21.7028
5614,187.133,1430,277,2371,1737,3.7264,19.8647
5615,187.167,1431,278,2372,1737,2.9331,20.4998
5616,187.200,1431,278,2373,1738,4.0754,22.6243
5617,187.233,1433,277,2373,1738,5.5901,19.9825
5618,187.267,1433,279,2376,1738,4.0511,21.2306
5619,187.300,1434,283,2377,1736,3.7648,20.9071
5620,187.333,1434,280,2378,1739,3.0041,21.6020
5621,187.367,1435,280,2379,1740,2.4163,21.8239
5622,187.400,1433,278,2382,1742,-0.2612,21.6746
5623,187.433,1432,277,2385,1743,-3.0016,18.8446
5624,187.467,1434,277,2383,1745,-3.0761,19.4931
5625,187.500,1432,274,2383,1742,-2.2149,19.2704
5626,187.533,1433,273,2381,1742,-0.8315,20.1732
5627,187.567,1431,274,2379,1743,-1.6006,23.0476
5628,187.600,1431,274,2379,1742,-1.8014,24.0583
5629,187.633,1432,272,2379,1745,-2.4697,22.2535
5630,187.667,1433,272,2380,1743,-3.8500,22.9993
5631,187.700,1433,273,2379,1742,-5.9140,23.5778
5632,187.733,1433,271,2378,1741,-3.6821,23.0434
5633,187.767,1434,269,2378,1740,-5.7102,25.7285
5634,187.800,1435,268,2378,1741,-4.7720,25.0248
5635,187.833,1434,266,2377,1741,-4.8651,26.2353
5636,187.867,1434,266,2377,1741,-4.8812,26.3705
5637,187.900,1435,265,2376,1740,-3.7983,26.2238
5638,187.933,1435,265,2376,1740,-4.0317,26.3054
5639,187.967,1434,265,2376,1740,-3.5070,26.2858
5640,188.000,1436,268,2376,1738,-4.4376,25.2244
5641,188.033,1437,267,2378,1738,-2.2866,23.1464
5642,188.067,1437,268,2377,1740,-6.2906,24.9176
5643,188.100,1435,269,2381,1745,-9.1150,24.7752
5644,188.133,1435,265,2379,1748,-7.6480,22.1397
5645,188.167,1435,265,2382,1747,-8.5722,24.1492
5646,188.200,1435,265,2381,1744,-6.7245,23.6843
5647,188.233,1421,268,2358,1736,-6.9919,21.9999
5648,188.267,1439,264,2379,1741,-10.1023,20.3697
5649,188.300,1439,264,2379,1741,-10.0502,20.0084
5650,188.333,1439,264,2380,1741,-9.6888,20.1543
5651,188.367,1427,249,2384,1732,-8.7980,22.1746
5652,188.400,1429,249,2384,1732,-11.8186,24.2346
5653,188.433,1429,246,2384,1726,-12.0184,25.1520
5654,188.467,1429,247,2385,1723,-12.2880,23.4525
5655,188.500,1431,250,2383,1720,-9.6224,25.9597
5656,188.533,1431,250,2383,1720,-9.4535,25.3441
5657,188.567,1431,250,2383,1720,-9.4521,25.3443
5658,188.600,1431,250,2383,1720,-9.4503,25.3331
5659,188.633,1431,250,2383,1719,-10.2068,22.6623
5660,188.667,1430,248,2383,1719,-10.3266,22.8702
5661,188.700,1430,248,2383,1719,-10.3266,22.8702
5662,188.733,1430,248,2383,1719,-10.3266,22.8702
5663,188.767,1430,248,2383,1719,-9.6221,22.9143
5664,188.800,1429,248,2381,1720,-10.3943,25.3411
5665,188.833,1433,249,2380,1716,-10.7495,25.0538
5666,188.867,1431,248,2381,1721,-7.9875,23.9292
5667,188.900,1433,250,2381,1716,-3.1503,25.7040
5668,188.933,1433,249,2382,1715,-2.8230,25.6334
5669,188.967,1432,248,2382,1716,-5.1308,24.8655
5670,189.000,1433,256,2382,1713,-6.5194,21.5343
5671,189.033,1433,257,2381,1712,-6.9409,20.8755
5672,189.067,1433,257,2381,1712,-6.9090,20.8295
5673,189.100,1433,256,2381,1712,-4.2376,19.6524
5674,189.133,1433,257,2381,1711,-6.9277,20.6516
5675,189.167,1433,258,2381,1711,-5.3865,23.1076
5676,189.200,1433,255,2379,1710,-6.5144,24.0032
5677,189.233,1432,255,2379,1710,-5.8215,22.5629
5678,189.267,1432,259,2379,1712,-10.6069,21.3114
5679,189.300,1433,261,2378,1711,-9.9674,20.7628
5680,189.333,1432,260,2377,1709,-9.9217,20.3756
5681,189.367,1432,260,2378,1709,-9.2531,19.9403
5682,189.400,1433,260,2377,1707,-8.6009,21.9537
5683,189.433,1433,260,2377,1709,-10.3601,22.9268
5684,189.467,1433,260,2377,1710,-9.6393,19.2529
5685,189.500,1433,261,2377,1710,-9.7679,23.9660
5686,189.533,1433,261,2378,1711,-10.2919,19.2304
5687,189.567,1433,261,2377,1711,-8.9191,22.7391
5688,189.600,1433,261,2378,1710,-8.6561,19.6692
5689,189.633,1433,261,2378,1711,-9.6157,20.8333
5690,189.667,1433,262,2378,1708,-8.8031,19.6525
5691,189.700,1433,261,2379,1710,-7.4706,20.9533
5692,189.733,1433,260,2379,1710,-6.6837,22.4253
5693,189.767,1433,259,2379,1711,-6.4668,23.1141
5694,189.800,1424,265,2382,1734,-5.4183,22.6776
5695,189.833,1431,257,2381,1714,-4.3912,21.7611
5696,189.867,1431,260,2379,1715,-7.2582,19.9245
5697,189.900,1432,261,2378,1713,-6.6533,22.8121
5698,189.933,1432,260,2379,1726,-7.5826,20.7712
5699,189.967,1432,261,2378,1726,-6.9561,23.1412
5700,190.000,1424,267,2380,1752,-4.2876,19.1544
5701,190.033,1425,267,2380,1751,-4.3709,18.7855
5702,190.067,1425,267,2380,1751,-4.1699,18.8215
5703,190.100,1425,267,2380,1751,-4.2844,18.8418
5704,190.133,1431,260,2380,1728,-8.5233,23.1485
5705,190.167,1429,254,2382,1730,-2.0604,22.1168
5706,190.200,1429,254,2381,1733,-1.0941,19.5291
5707,190.233,1430,253,2381,1730,-0.3582,20.4264
5708,190.267,1430,252,2380,1729,0.7272,21.2593
5709,190.300,1431,252,2378,1726,-2.3083,21.6785
5710,190.333,1431,253,2377,1725,0.4508,21.4375
5711,190.367,1431,255,2376,1726,1.4642,20.0188
5712,190.400,1431,254,2376,1725,0.3719,19.9721
5713,190.433,1431,253,2377,1725,2.0109,20.2495
5714,190.467,1431,253,2377,1725,2.0789,20.2741
5715,190.500,1431,253,2377,1725,2.0789,20.2741
5716,190.533,1431,253,2377,1725,3.7213,19.4545
5717,190.567,1431,254,2376,1725,5.5569,20.8708
5718,190.600,1431,255,2376,1724,5.2998,19.4282
5719,190.633,1431,257,2376,1725,5.8020,18.6281
5720,190.667,1431,256,2375,1720,8.4104,18.9736
5721,190.700,1431,260,2376,1723,8.3209,19.3861
5722,190.733,1431,258,2375,1722,7.6466,20.2142
5723,190.767,1431,258,2374,1720,8.5660,20.9896
5724,190.800,1431,259,2374,1720,7.5748,19.4511
5725,190.833,1430,258,2373,1719,9.1597,20.4608
5726,190.867,1430,258,2373,1719,9.0733,20.4865
5727,190.900,1430,258,2373,1719,9.0574,20.4761
5728,190.933,1431,260,2372,1718,9.0957,20.2895
5729,190.967,1431,259,2372,1718,9.3544,20.4298
5730,191.000,1430,260,2372,1716,6.1247,19.3889
5731,191.033,1430,262,2371,1716,9.0416,19.0350
5732,191.067,1430,262,2371,1716,9.1659,19.1198
5733,191.100,1430,262,2372,1716,5.1367,17.4967
5734,191.133,1429,263,2373,1718,-9.2905,21.0518
5735,191.167,1429,259,2372,1717,-6.2921,21.2477
5736,191.200,1429,260,2372,1718,-6.7767,21.0485
5737,191.233,1428,259,2371,1717,-4.8927,21.5294
5738,191.267,1428,258,2370,1716,-7.8818,20.5668
5739,191.300,1428,256,2372,1719,-6.9566,20.0840
5740,191.333,1428,261,2371,1718,-5.5894,22.3954
5741,191.367,1428,261,2371,1718,-5.2312,21.7478
5742,191.400,1429,262,2370,1717,-4.2144,22.8722
5743,191.433,1429,262,2371,1718,-3.7498,22.2215
5744,191.467,1429,262,2371,1718,-3.7818,22.2115
5745,191.500,1429,262,2371,1718,-3.7853,22.2079
5746,191.533,1429,262,2372,1718,-4.7588,22.6655
5747,191.567,1429,262,2371,1718,-4.2493,22.7703
5748,191.600,1429,262,2371,1718,-4.2493,22.7703
5749,191.633,1429,262,2371,1718,-4.2493,22.7703
5750,191.667,1429,262,2372,1718,-4.6850,22.4875
5751,191.700,1429,262,2372,1718,-4.7160,21.4882
5752,191.733,1432,262,2373,1719,-7.8743,23.4813
5753,191.767,1431,260,2372,1720,-6.7936,22.5783
5754,191.800,1431,259,2374,1719,-8.3979,22.6958
5755,191.833,1432,259,2373,1718,-6.8915,20.5626
5756,191.867,1431,261,2372,1718,-10.1043,22.1416
5757,191.900,1431,261,2372,1719,-6.0060,21.4758
5758,191.933,1430,259,2372,1722,-3.0127,24.6723
5759,191.967,1429,253,2375,1727,-1.2569,23.9054
5760,192.000,1429,252,2374,1723,-2.3227,22.6586
5761,192.033,1429,254,2373,1723,-2.1996,21.1778
5762,192.067,1429,254,2373,1723,-2.1356,21.2234
5763,192.100,1429,254,2373,1722,0.5110,21.1976
5764,192.133,1430,255,2373,1724,-3.3121,21.9952
5765,192.167,1432,260,2373,1726,-7.7238,22.5508
5766,192.200,1431,262,2371,1725,-5.0770,22.7366
5767,192.233,1430,264,2370,1723,-3.9917,21.1870
5768,192.267,1430,264,2370,1725,-3.7998,22.8991
5769,192.300,1430,267,2370,1724,-8.0320,22.6938
5770,192.333,1430,267,2369,1725,-7.7891,22.2417
5771,192.367,1429,267,2369,1725,-12.7597,21.8792
5772,192.400,1429,267,2369,1725,-13.1980,21.3028
5773,192.433,1430,269,2369,1726,-14.4890,21.0511
5774,192.467,1430,269,2369,1725,-11.9934,21.6555
5775,192.500,1424,273,2371,1742,-9.8025,16.0909
5776,192.533,1431,270,2369,1725,-12.5397,19.6520
5777,192.567,1430,270,2369,1726,-10.8804,19.8666
5778,192.600,1430,270,2369,1726,-11.0350,19.9336
5779,192.633,1430,270,2369,1726,-10.6954,19.8530
5780,192.667,1424,273,2372,1743,-9.4733,16.9967
5781,192.700,1423,273,2372,1747,-10.7438,17.4650
5782,192.733,1425,274,2372,1747,-8.8486,17.1656
5783,192.767,1426,276,2373,1747,-10.9550,15.6232
5784,192.800,1425,274,2374,1747,-9.9582,21.5737
5785,192.833,1424,274,2375,1747,-7.0819,21.3930
5786,192.867,1424,275,2376,1748,-6.8194,20.9851
5787,192.900,1420,276,2376,1749,-5.5453,19.4615
5788,192.933,1420,275,2376,1749,-5.1756,18.6415
5789,192.967,1420,275,2376,1749,-5.8783,17.8968
5790,193.000,1415,284,2391,1737,-6.9327,20.5644
5791,193.033,1415,284,2391,1737,-7.0415,20.7950
5792,193.067,1415,284,2391,1737,-7.0264,20.8056
5793,193.100,1415,284,2391,1737,-7.0264,20.8056
5794,193.133,1415,284,2391,1737,-7.0094,20.9355
5795,193.167,1415,284,2391,1737,-7.0275,20.9009
5796,193.200,1416,284,2390,1737,-5.7284,17.6691
5797,193.233,1414,270,2380,1756,-5.0872,16.1581
5798,193.267,1414,269,2380,1758,-2.9587,16.3936
5799,193.300,1423,261,2377,1744,-6.7499,20.5523
5800,193.333,1423,262,2377,1745,-8.8493,19.4204
5801,193.367,1423,260,2378,1747,-6.5287,19.9812
5802,193.400,1423,260,2378,1747,-6.3774,19.8951
5803,193.433,1423,260,2378,1747,-6.0748,19.6081
5804,193.467,1423,260,2378,1746,-5.3744,19.7447
5805,193.500,1423,260,2378,1746,-5.4145,19.9103
5806,193.533,1423,260,2379,1747,-6.6571,21.2994
5807,193.567,1423,259,2379,1746,-7.0424,20.0773
5808,193.600,1423,259,2379,1746,-7.0424,20.0773
5809,193.633,1423,259,2379,1746,-7.0303,20.0650
5810,193.667,1422,260,2378,1747,-7.2404,18.3398
5811,193.700,1422,262,2376,1745,-5.9919,18.7406
5812,193.733,1421,261,2376,1742,0.4107,21.8466
5813,193.767,1421,264,2374,1742,-0.4092,20.5541
5814,193.800,1420,262,2376,1745,-1.5544,18.3427
5815,193.833,1420,261,2377,1745,0.5536,18.0491
5816,193.867,1421,265,2376,1747,1.0684,16.8246
5817,193.900,1422,260,2377,1746,-1.7960,17.7732
5818,193.933,1421,261,2377,1745,1.5725,18.4392
5819,193.967,1421,261,2377,1746,1.1850,17.2774
5820,194.000,1423,267,2376,1745,-0.7391,13.5805
5821,194.033,1423,267,2376,1745,-0.6866,13.4700
5822,194.067,1423,267,2376,1746,-1.1598,16.4832
5823,194.100,1423,267,2376,1746,-1.1622,16.5022
5824,194.133,1423,267,2376,1746,-0.8613,16.2090
5825,194.167,1422,267,2376,1746,-0.1460,13.7318
5826,194.200,1422,267,2376,1746,-0.2320,13.6760
5827,194.233,1422,267,2376,1746,-0.2315,13.7148
5828,194.267,1422,268,2376,1746,0.7961,16.7088
5829,194.300,1422,266,2376,1747,-0.5678,15.9637
5830,194.333,1422,266,2376,1747,-0.5678,15.9637
5831,194.367,1420,261,2370,1742,9.3211,12.9888
5832,194.400,1421,255,2369,1742,11.0327,17.0386
5833,194.433,1421,259,2371,1746,6.1641,19.9842
5834,194.467,1421,259,2371,1747,6.0286,20.9709
5835,194.500,1422,260,2371,1747,5.1802,18.8981
5836,194.533,1422,256,2371,1747,5.8336,21.3216
5837,194.567,1422,255,2371,1746,4.9303,20.0718
5838,194.600,1422,255,2371,1746,4.7749,20.2777
5839,194.633,1422,255,2371,1746,4.7306,20.0336
5840,194.667,1422,256,2371,1747,5.9131,20.5863
5841,194.700,1422,256,2371,1747,6.4097,20.7957
5842,194.733,1422,256,2371,1747,6.4845,20.5231
5843,194.767,1422,256,2371,1747,6.4845,20.5231
5844,194.800,1423,256,2371,1746,3.3150,21.4230
5845,194.833,1422,256,2371,1746,5.2442,20.8805
5846,194.867,1423,255,2371,1745,1.4390,21.3447
5847,194.900,1423,255,2370,1745,1.1010,21.6083
5848,194.933,1423,256,2370,1746,1.6152,23.3959
5849,194.967,1424,258,2371,1745,1.9224,21.9691
5850,195.000,1421,256,2372,1752,0.3672,23.2630
5851,195.033,1420,258,2373,1757,-2.1250,17.6691
5852,195.067,1420,258,2373,1757,-1.9581,18.1372
5853,195.100,1420,258,2374,1758,-2.6542,17.9455
5854,195.133,1420,258,2374,1759,-2.7337,17.9141
5855,195.167,1419,257,2374,1758,-2.2533,17.2625
5856,195.200,1419,257,2374,1758,-2.2070,17.3120
5857,195.233,1420,258,2374,1758,-2.2590,18.4315
5858,195.267,1420,259,2374,1758,-5.2616,16.2582
5859,195.300,1420,259,2374,1757,-3.1073,17.7000
5860,195.333,1420,259,2374,1757,-3.1073,17.7000
5861,195.367,1420,259,2374,1757,-3.1073,17.7000
5862,195.400,1420,259,2373,1758,-2.7873,17.3088
5863,195.433,1421,261,2370,1752,-5.1215,14.2459
5864,195.467,1421,262,2370,1751,-4.6366,18.2695
5865,195.500,1421,265,2369,1749,-5.3367,15.7571
5866,195.533,1421,265,2369,1748,-5.6827,16.2139
5867,195.567,1421,265,2369,1748,-5.6670,16.0530
5868,195.600,1421,266,2369,1748,-4.8789,16.1572
5869,195.633,1421,265,2369,1748,-5.8471,16.2790
5870,195.667,1421,265,2370,1748,-5.9873,14.9757
5871,195.700,1422,266,2369,1748,-5.6492,17.0856
5872,195.733,1422,266,2369,1748,-5.6470,17.0851
5873,195.767,1422,266,2369,1748,-5.6470,17.0851
5874,195.800,1421,265,2369,1749,-5.4467,16.0673
5875,195.833,1415,275,2375,1764,-2.8934,16.3007
5876,195.867,1414,274,2376,1764,-1.7126,15.3044
5877,195.900,1413,276,2375,1763,-2.7948,15.5001
5878,195.933,1413,276,2376,1764,-3.0265,14.9203
5879,195.967,1420,269,2366,1747,7.4252,7.3720
5880,196.000,1413,282,2371,1758,5.3288,8.3006
5881,196.033,1413,282,2370,1757,7.9513,8.8890
5882,196.067,1417,289,2380,1742,6.0914,0.5144
5883,196.100,1415,281,2369,1756,12.2019,9.5437
5884,196.133,1423,273,2365,1744,12.2416,15.7157
5885,196.167,1416,281,2369,1754,10.6475,9.5406
5886,196.200,1416,286,2387,1744,9.2844,14.4862
5887,196.233,1416,286,2384,1744,10.2757,11.9300
5888,196.267,1416,288,2383,1742,3.6263,12.8907
5889,196.300,1415,291,2385,1742,3.3182,20.2264
5890,196.333,1416,291,2386,1743,1.6843,19.6869
5891,196.367,1415,290,2387,1744,1.0189,18.1219
5892,196.400,1415,290,2386,1743,1.8900,19.0769
5893,196.433,1415,292,2383,1745,1.1324,19.6426
5894,196.467,1414,292,2384,1745,-0.3381,20.2767
5895,196.500,1414,294,2382,1746,-0.5680,17.5387
5896,196.533,1413,293,2382,1746,-0.5106,18.5667
5897,196.567,1414,293,2381,1744,-1.5918,20.4308
5898,196.600,1414,293,2382,1744,-1.5713,16.7373
5899,196.633,1413,291,2382,1744,-3.1790,18.1924
5900,196.667,1413,292,2381,1744,-1.7466,17.4626
5901,196.700,1414,292,2379,1744,-4.1272,10.3293
5902,196.733,1414,292,2379,1744,-3.5006,10.4937
5903,196.767,1413,294,2379,1745,0.7484,15.7375
5904,196.800,1413,292,2378,1745,-2.9610,10.0022
5905,196.833,1412,293,2378,1744,0.4392,14.4976
5906,196.867,1412,293,2378,1744,0.7687,14.4281
5907,196.900,1411,292,2378,1743,-0.1167,15.4526
5908,196.933,1410,292,2379,1743,-0.5522,17.8188
5909,196.967,1410,290,2379,1742,-2.4384,15.1387
5910,197.000,1410,292,2379,1743,-0.4090,16.2452
5911,197.033,1410,292,2379,1743,-1.2733,16.4150
5912,197.067,1410,292,2379,1743,-1.2221,16.0912
5913,197.100,1410,292,2379,1742,-1.0943,15.4324
5914,197.133,1409,293,2379,1742,-0.5910,16.0697
5915,197.167,1410,292,2379,1741,-1.5540,16.2513
5916,197.200,1410,292,2379,1741,-1.4089,15.9973
5917,197.233,1410,291,2379,1741,-0.9352,15.5992
5918,197.267,1410,291,2379,1742,-0.3732,16.2348
5919,197.300,1410,291,2379,1741,-0.6774,14.3172
5920,197.333,1410,291,2380,1740,-0.1095,15.0357
5921,197.367,1411,292,2381,1740,2.3656,18.7308
5922,197.400,1411,293,2383,1742,-1.5925,17.1753
5923,197.433,1411,293,2383,1741,-0.6812,15.0209
5924,197.467,1412,291,2382,1740,2.9848,17.3343
5925,197.500,1412,291,2383,1740,1.4122,16.9919
5926,197.533,1413,289,2382,1739,3.5974,16.8102
5927,197.567,1413,287,2383,1738,5.2657,15.5477
5928,197.600,1412,286,2383,1740,5.6570,15.5774
5929,197.633,1411,289,2383,1741,5.9080,14.8533
5930,197.667,1411,286,2380,1741,7.3478,15.7070
5931,197.700,1411,286,2380,1742,8.2986,12.1771
5932,197.733,1410,287,2380,1742,6.6202,18.0338
5933,197.767,1410,286,2379,1742,8.1107,11.8216
5934,197.800,1408,284,2380,1742,8.9252,15.3302
5935,197.833,1408,286,2379,1741,7.8988,15.8364
5936,197.867,1408,286,2379,1741,7.5589,15.8759
5937,197.900,1408,286,2379,1741,7.3612,15.2781
5938,197.933,1409,284,2380,1741,6.5313,14.1967
5939,197.967,1409,288,2378,1741,-6.0447,12.6975
5940,198.000,1409,290,2378,1741,-4.3558,22.5678
5941,198.033,1409,290,2378,1740,-3.1129,19.9376
5942,198.067,1409,290,2378,1740,-3.1323,19.9311
5943,198.100,1409,291,2376,1740,-3.8312,18.4704
5944,198.133,1409,289,2376,1740,-3.8959,15.4211
5945,198.167,1409,290,2377,1740,-3.4929,16.5112
5946,198.200,1409,290,2377,1740,-3.4929,16.5112
5947,198.233,1409,290,2376,1740,-3.6654,17.4959
5948,198.267,1409,290,2376,1740,-3.7065,17.5152
5949,198.300,1409,290,2376,1740,-3.4965,17.5275
5950,198.333,1408,290,2376,1741,-2.8390,18.8600
5951,198.367,1413,291,2379,1741,-0.3083,16.9652
5952,198.400,1413,288,2381,1741,-2.2072,17.4739
5953,198.433,1414,288,2382,1741,-2.3637,18.0965
5954,198.467,1414,288,2381,1741,-4.2430,13.2708
5955,198.500,1414,284,2382,1741,-4.2856,14.8621
5956,198.533,1414,285,2382,1741,-3.0738,12.5068
5957,198.567,1414,285,2381,1741,-3.7567,14.4179
5958,198.600,1414,285,2381,1741,-3.7567,14.4179
5959,198.633,1414,285,2381,1741,-3.7582,14.4199
5960,198.667,1414,285,2381,1740,-3.5219,13.2021
5961,198.700,1414,290,2380,1740,-4.4660,16.1900
5962,198.733,1413,290,2379,1740,0.4470,16.6017
5963,198.767,1412,289,2378,1740,1.0154,17.6943
5964,198.800,1412,288,2379,1740,1.8736,17.4054
5965,198.833,1413,287,2379,1739,0.9776,15.1841
5966,198.867,1414,286,2378,1739,5.3950,16.5500
5967,198.900,1414,286,2378,1739,7.9154,15.3797
5968,198.933,1413,286,2378,1739,6.7985,15.1710
5969,198.967,1413,286,2379,1739,7.5785,13.2662
5970,199.000,1414,286,2380,1739,6.7967,14.9362
5971,199.033,1414,287,2379,1739,8.6364,15.1974
5972,199.067,1414,287,2378,1739,8.7196,16.1396
5973,199.100,1414,287,2378,1739,9.2003,16.1115
5974,199.133,1414,287,2378,1739,9.2906,16.2942
5975,199.167,1415,288,2377,1739,8.5185,17.3264
5976,199.200,1415,294,2376,1738,-5.5018,14.6546
5977,199.233,1415,292,2377,1738,-6.2227,16.2398
5978,199.267,1416,293,2379,1741,-5.1343,15.0063
5979,199.300,1417,289,2381,1743,-6.5899,16.6737
5980,199.333,1417,289,2381,1743,-6.7699,16.6711
5981,199.367,1417,289,2381,1743,-6.7847,16.6695
5982,199.400,1416,290,2381,1744,-6.8626,16.9246
5983,199.433,1416,290,2381,1744,-7.6023,17.6666
5984,199.467,1417,291,2381,1745,-7.5450,17.2162
5985,199.500,1417,292,2381,1745,-5.4389,17.8060
5986,199.533,1417,291,2381,1745,-8.1872,15.6150
5987,199.567,1416,291,2381,1744,-3.8454,17.0273
5988,199.600,1416,291,2380,1742,-5.2605,18.4869
5989,199.633,1416,291,2379,1742,-5.3713,17.5278
5990,199.667,1416,291,2378,1740,-6.3977,17.0779
5991,199.700,1416,292,2378,1739,-6.9849,19.2191
5992,199.733,1416,292,2379,1739,-6.5082,18.9866
5993,199.767,1416,290,2379,1739,-4.8305,17.7498
5994,199.800,1415,289,2381,1738,-2.0551,21.4121
5995,199.833,1415,289,2381,1738,-2.6418,20.9429
5996,199.867,1415,289,2382,1738,-4.1989,19.7659
5997,199.900,1415,289,2382,1738,-3.6621,19.6696
5998,199.933,1415,288,2382,1739,-2.5403,21.2217
5999,199.967,1414,288,2382,1739,-1.1533,19.5655
6000,200.000,1417,290,2382,1739,2.3324,17.5960
6001,200.033,1416,289,2380,1739,2.1536,15.4795
6002,200.067,1416,290,2380,1739,1.6935,16.9245
6003,200.100,1416,288,2378,1738,2.2587,19.1401
6004,200.133,1415,288,2378,1739,3.3518,18.9375
6005,200.167,1415,286,2377,1739,4.4898,17.2941
6006,200.200,1415,286,2376,1739,6.7152,15.8205
6007,200.233,1415,285,2377,1738,7.0567,12.7632
6008,200.267,1415,284,2377,1738,4.3084,16.3804
6009,200.300,1413,283,2376,1738,6.4510,14.7415
6010,200.333,1414,286,2375,1737,-0.6589,19.0693
6011,200.367,1414,287,2374,1737,-1.1008,16.9662
6012,200.400,1415,287,2374,1738,-4.1534,18.1787
6013,200.433,1414,288,2370,1736,-3.9637,15.5629
6014,200.467,1414,287,2370,1736,-5.8978,17.2950
6015,200.500,1414,286,2370,1737,-6.3690,15.8391
6016,200.533,1414,285,2370,1737,-6.1931,16.1781
6017,200.567,1414,284,2369,1737,-6.4067,14.8423
6018,200.600,1414,284,2368,1737,-5.0618,13.9218
6019,200.633,1414,281,2369,1737,-2.9480,17.6680
6020,200.667,1413,281,2369,1737,-1.4438,17.3936
6021,200.700,1414,281,2368,1738,-1.1406,16.1410
6022,200.733,1414,281,2368,1738,-1.1090,16.2057
6023,200.767,1414,281,2369,1738,-1.2972,15.3659
6024,200.800,1413,281,2371,1736,-1.5933,15.7018
6025,200.833,1412,281,2370,1734,-0.4054,16.4471
6026,200.867,1412,281,2370,1734,-0.3096,16.4726
6027,200.900,1412,281,2370,1734,-0.3602,16.3483
6028,200.933,1412,281,2371,1734,-0.7497,14.6112
6029,200.967,1412,281,2371,1735,-1.2263,13.9623
6030,201.000,1411,285,2374,1735,-0.0642,13.2519
6031,201.033,1412,284,2375,1734,2.4507,11.1469
6032,201.067,1413,283,2375,1732,3.7272,14.4541
6033,201.100,1413,284,2373,1732,2.7083,13.8227
6034,201.133,1413,284,2373,1731,3.0574,12.2510
6035,201.167,1413,283,2375,1731,3.3345,12.9162
6036,201.200,1413,283,2375,1732,3.3989,11.8847
6037,201.233,1415,285,2373,1731,-0.2849,9.3035
6038,201.267,1414,285,2373,1731,-0.7512,9.4900
6039,201.300,1414,285,2373,1731,-0.5186,9.1048
6040,201.333,1414,285,2373,1731,-0.5186,9.1048
6041,201.367,1414,285,2373,1731,-0.5186,9.1048
6042,201.400,1414,285,2373,1731,-0.4860,9.5164
6043,201.433,1413,285,2373,1731,-0.2829,10.2393
6044,201.467,1421,291,2380,1739,-0.5434,11.0386
6045,201.500,1417,293,2371,1737,6.2984,6.8110
6046,201.533,1414,292,2370,1738,14.9884,7.4311
6047,201.567,1414,291,2366,1736,14.0435,8.1863
6048,201.600,1410,284,2366,1735,20.2608,10.3043
6049,201.633,1410,285,2367,1735,18.8496,9.8983
6050,201.667,1410,285,2366,1735,18.4168,10.2097
6051,201.700,1410,284,2367,1731,17.8256,10.5251
6052,201.733,1419,288,2373,1741,16.1264,13.7584
6053,201.767,1417,289,2374,1736,15.1641,12.8528
6054,201.800,1417,290,2373,1733,16.2105,11.0793
6055,201.833,1413,284,2369,1729,18.2600,16.8489
6056,201.867,1411,280,2366,1732,13.2780,14.1592
6057,201.900,1407,282,2364,1733,14.3779,13.9565
6058,201.933,1409,278,2362,1729,14.5141,15.3746
6059,201.967,1409,283,2368,1734,13.4577,13.5560
6060,202.000,1415,286,2371,1738,15.8130,16.9314
6061,202.033,1416,287,2370,1737,15.8938,16.6293
6062,202.067,1415,285,2372,1738,17.6358,15.8364
6063,202.100,1415,283,2369,1737,15.2355,14.7106
6064,202.133,1415,283,2366,1735,15.7981,16.0309
6065,202.167,1415,283,2366,1735,15.9566,16.2352
6066,202.200,1415,283,2366,1735,15.9629,16.2372
6067,202.233,1415,283,2366,1735,15.9509,16.2005
6068,202.267,1415,283,2367,1736,14.8863,16.3566
6069,202.300,1415,283,2367,1736,15.0803,16.5091
6070,202.333,1415,283,2367,1736,15.0829,16.5067
6071,202.367,1415,283,2367,1736,15.1552,16.5833
6072,202.400,1415,282,2367,1736,17.0000,16.4931
6073,202.433,1416,282,2367,1735,17.0874,16.8712
6074,202.467,1413,282,2366,1733,5.8703,17.9021
6075,202.500,1412,278,2370,1733,5.7861,18.2574
6076,202.533,1411,277,2368,1732,4.0451,17.4698
6077,202.567,1411,282,2371,1735,0.8585,20.2990
6078,202.600,1413,283,2371,1737,0.9583,20.4294
6079,202.633,1413,284,2373,1734,1.3060,18.1784
6080,202.667,1417,293,2379,1744,0.4445,16.9120
6081,202.700,1417,293,2379,1744,0.2462,17.1971
6082,202.733,1417,293,2379,1744,0.2462,17.1971
6083,202.767,1417,293,2379,1744,0.2384,17.1917
6084,202.800,1417,293,2379,1744,0.1529,17.4064
6085,202.833,1416,294,2378,1742,-0.1104,15.8008
6086,202.867,1416,294,2377,1741,0.9894,16.6840
6087,202.900,1416,293,2378,1741,2.0365,16.8821
6088,202.933,1415,292,2377,1741,2.1047,18.7511
6089,202.967,1416,291,2377,1741,-0.4667,20.8863
6090,203.000,1417,290,2377,1740,3.8555,21.6295
6091,203.033,1417,291,2377,1740,3.5225,21.7146
6092,203.067,1418,290,2377,1739,3.4379,20.6384
6093,203.100,1414,287,2371,1739,4.2250,22.5804
6094,203.133,1414,285,2370,1739,2.7715,18.2328
6095,203.167,1414,287,2369,1739,3.5511,17.3707
6096,203.200,1413,288,2369,1741,6.5266,20.5256
6097,203.233,1413,288,2369,1741,7.2944,19.7120
6098,203.267,1413,287,2369,1741,4.8775,18.4498
6099,203.300,1413,289,2369,1741,5.9608,19.6110
6100,203.333,1413,289,2369,1741,6.2226,20.4473
6101,203.367,1412,291,2371,1742,5.7891,20.1043
6102,203.400,1412,290,2373,1742,7.6978,18.5132
6103,203.433,1413,289,2373,1742,7.5199,19.1337
6104,203.467,1414,289,2372,1741,7.2686,18.2116
6105,203.500,1415,286,2373,1741,8.5054,16.5710
6106,203.533,1416,286,2371,1741,9.4999,15.4523
6107,203.567,1417,286,2372,1741,11.1481,15.0643
6108,203.600,1417,288,2373,1741,11.7208,12.9718
6109,203.633,1417,287,2371,1740,12.7811,14.6936
6110,203.667,1415,286,2373,1742,15.5280,15.2513
6111,203.700,1415,286,2371,1741,14.0042,14.7371
6112,203.733,1414,285,2371,1739,14.2602,14.6725
6113,203.767,1414,285,2370,1739,14.3194,14.7677
6114,203.800,1414,284,2369,1738,13.3566,13.4467
6115,203.833,1414,286,2367,1737,14.3896,12.4945
6116,203.867,1413,283,2365,1736,13.8372,12.7936
6117,203.900,1413,283,2366,1737,13.9898,12.3373
6118,203.933,1413,283,2365,1736,13.7687,13.5912
6119,203.967,1413,282,2366,1736,14.4416,13.9476
6120,204.000,1412,281,2366,1738,12.4904,13.6343
6121,204.033,1412,281,2366,1738,12.4325,11.3917
6122,204.067,1412,282,2366,1738,12.9962,14.0538
6123,204.100,1413,283,2366,1738,14.6147,12.0577
6124,204.133,1412,282,2367,1736,12.8710,11.1162
6125,204.167,1412,281,2367,1736,13.8997,12.1447
6126,204.200,1412,281,2367,1736,13.9201,12.1763
6127,204.233,1412,281,2366,1736,13.2671,10.3340
6128,204.267,1412,281,2366,1736,13.3292,10.2482
6129,204.300,1412,278,2366,1734,13.3697,9.4611
6130,204.333,1413,278,2364,1734,10.2283,12.4337
6131,204.367,1413,277,2364,1734,8.6325,10.2870
6132,204.400,1413,273,2365,1734,10.4999,16.8941
6133,204.433,1414,276,2363,1735,10.0485,12.4242
6134,204.467,1419,278,2377,1738,10.0963,12.3979
6135,204.500,1419,278,2377,1738,9.6452,12.0224
6136,204.533,1418,277,2378,1740,9.7509,14.2709
6137,204.567,1418,278,2377,1742,8.6023,14.8227
6138,204.600,1416,277,2370,1742,6.4321,17.6781
6139,204.633,1415,279,2369,1740,5.9094,17.0075
6140,204.667,1413,279,2367,1740,6.6838,18.6873
6141,204.700,1413,279,2367,1741,5.7639,16.5263
6142,204.733,1413,279,2367,1741,5.7639,16.5263
6143,204.767,1413,279,2367,1741,5.7639,16.5263
6144,204.800,1413,279,2367,1741,6.0829,16.6967
6145,204.833,1414,281,2368,1741,4.7356,19.1685
6146,204.867,1415,280,2368,1740,5.3690,17.3313
6147,204.900,1415,280,2368,1739,4.9690,20.0148
6148,204.933,1415,280,2370,1738,-5.5009,15.3986
6149,204.967,1415,281,2371,1737,-5.6797,12.6140
6150,205.000,1416,282,2372,1736,-8.5360,14.4630
6151,205.033,1416,283,2372,1735,-7.0502,17.3796
6152,205.067,1416,284,2373,1736,-6.6645,14.0121
6153,205.100,1416,283,2372,1734,-8.4372,17.3219
6154,205.133,1415,281,2371,1734,-6.5144,14.0603
6155,205.167,1416,284,2370,1738,-7.0836,12.6685
6156,205.200,1414,282,2365,1735,-9.5883,16.7299
6157,205.233,1414,283,2366,1736,-11.0147,16.0754
6158,205.267,1414,282,2367,1737,-11.0497,15.7448
6159,205.300,1414,282,2366,1738,-11.0497,14.6962
6160,205.333,1415,279,2370,1739,-8.4996,17.4580
6161,205.367,1415,279,2370,1739,-8.4996,17.4580
6162,205.400,1416,279,2369,1738,-9.4247,15.4502
6163,205.433,1416,278,2370,1739,-8.9390,15.0300
6164,205.467,1416,278,2370,1739,-8.9390,15.0300
6165,205.500,1416,276,2371,1740,-8.4202,17.5868
6166,205.533,1416,276,2373,1741,-9.0838,16.5951
6167,205.567,1418,278,2374,1739,-7.7396,14.6158
6168,205.600,1417,279,2376,1740,-8.0280,14.3016
6169,205.633,1417,279,2376,1740,-8.0280,14.3016
6170,205.667,1417,279,2376,1740,-8.0395,14.2511
6171,205.700,1418,280,2376,1739,-8.5354,15.5065
6172,205.733,1418,280,2376,1739,-8.5335,15.5091
6173,205.767,1418,280,2376,1739,-8.0417,14.6709
6174,205.800,1413,281,2372,1736,-3.1767,16.5851
6175,205.833,1413,282,2372,1734,-0.5621,16.4157
6176,205.867,1413,282,2372,1734,-0.4714,16.3063
6177,205.900,1413,282,2371,1733,-0.6060,16.2962
6178,205.933,1412,284,2373,1733,-4.3716,16.3462
6179,205.967,1412,284,2372,1733,-2.7065,14.7919
6180,206.000,1411,282,2373,1735,-0.8026,12.3209
6181,206.033,1411,282,2373,1735,-0.6803,12.4778
6182,206.067,1412,282,2373,1735,-2.2643,15.1216
6183,206.100,1412,282,2373,1735,-1.5685,15.5503
6184,206.133,1412,282,2373,1736,-0.3872,16.6772
6185,206.167,1412,281,2373,1736,0.8750,13.6141
6186,206.200,1412,281,2372,1736,0.8710,16.8861
6187,206.233,1412,281,2372,1736,0.9484,16.8720
6188,206.267,1412,281,2373,1736,0.5197,14.3094
6189,206.300,1412,281,2372,1736,0.5099,16.6058
6190,206.333,1412,281,2372,1736,0.4012,16.5985
6191,206.367,1412,281,2373,1737,-0.3754,15.4272
6192,206.400,1411,282,2374,1737,-2.0756,12.9898
6193,206.433,1411,285,2374,1736,-1.7179,17.8707
6194,206.467,1411,286,2374,1735,-1.2789,16.1838
6195,206.500,1411,285,2374,1736,-1.8864,16.0329
6196,206.533,1411,285,2374,1735,-1.7870,16.8801
6197,206.567,1412,286,2375,1735,-1.0188,15.3043
6198,206.600,1413,286,2375,1735,-1.5687,15.2988
6199,206.633,1413,286,2375,1735,-1.6690,15.3220
6200,206.667,1413,286,2375,1735,-2.0183,13.3959
6201,206.700,1412,286,2375,1735,-2.1487,13.5788
6202,206.733,1413,286,2374,1735,-3.5947,15.4209
6203,206.767,1413,286,2374,1735,-3.6107,15.3925
6204,206.800,1413,286,2374,1735,-3.0571,15.7144
6205,206.833,1412,286,2374,1735,-1.7932,14.9749
6206,206.867,1412,286,2374,1735,-1.7637,14.9048
6207,206.900,1412,286,2374,1735,-1.7637,14.9048
6208,206.933,1412,286,2374,1735,-1.8208,14.8137
6209,206.967,1412,286,2374,1735,-1.8146,14.8176
6210,207.000,1411,273,2358,1734,3.6731,18.1178
6211,207.033,1411,272,2358,1734,5.1465,18.9210
6212,207.067,1411,272,2358,1734,5.2260,18.7845
6213,207.100,1411,273,2358,1734,4.1457,18.2367
6214,207.133,1411,273,2359,1735,4.1614,18.2289
6215,207.167,1411,272,2359,1735,3.8264,18.1031
6216,207.200,1412,273,2361,1735,2.7480,15.7264
6217,207.233,1413,272,2363,1735,1.9179,14.9506
6218,207.267,1413,272,2365,1736,2.9007,15.2584
6219,207.300,1413,273,2365,1735,2.8338,13.8704
6220,207.333,1413,274,2365,1735,2.3165,15.8133
6221,207.367,1413,274,2365,1735,2.3004,15.8682
6222,207.400,1413,275,2364,1735,3.5570,15.7675
6223,207.433,1413,275,2364,1735,3.1069,14.9856
6224,207.467,1413,274,2364,1735,4.2448,14.4630
6225,207.500,1412,273,2362,1735,4.0364,12.5978
6226,207.533,1411,271,2360,1737,4.5461,16.5360
6227,207.567,1412,272,2361,1735,3.7541,13.7922
6228,207.600,1412,272,2361,1735,3.8105,15.0169
6229,207.633,1412,271,2361,1735,4.7522,17.6958
6230,207.667,1412,270,2361,1733,3.5785,18.1997
6231,207.700,1413,270,2361,1733,4.1951,17.5122
6232,207.733,1413,270,2361,1733,4.1951,17.5122
6233,207.767,1413,270,2361,1733,4.2645,17.5893
6234,207.800,1413,270,2361,1733,3.8272,18.1029
6235,207.833,1413,270,2361,1733,3.8653,18.2258
6236,207.867,1413,270,2361,1733,3.8359,18.2495
6237,207.900,1413,269,2361,1733,4.8173,16.9931
6238,207.933,1413,269,2360,1733,4.8349,17.8422
6239,207.967,1413,269,2360,1733,4.8197,17.6740
6240,208.000,1413,272,2360,1732,4.3069,15.9827
6241,208.033,1413,272,2360,1732,4.3026,15.9756
6242,208.067,1413,272,2360,1732,4.3394,15.9817
6243,208.100,1414,272,2362,1731,5.8138,15.4337
6244,208.133,1418,272,2374,1729,0.1324,13.5730
6245,208.167,1418,271,2373,1727,0.1862,14.7622
6246,208.200,1419,267,2356,1723,-0.5079,18.5566
6247,208.233,1419,271,2374,1728,-9.4835,14.2480
6248,208.267,1419,272,2374,1728,-9.7193,14.7011
6249,208.300,1419,273,2374,1728,-8.6642,13.8436
6250,208.333,1418,274,2373,1728,-8.9422,12.5297
6251,208.367,1418,272,2372,1728,-10.0772,15.6519
6252,208.400,1418,272,2372,1728,-10.3009,15.6065
6253,208.433,1418,272,2372,1728,-10.3009,15.6065
6254,208.467,1418,272,2372,1728,-10.3009,15.6065
6255,208.500,1418,272,2372,1728,-10.2413,15.3712
6256,208.533,1418,272,2372,1728,-10.2580,15.4628
6257,208.567,1418,272,2372,1728,-10.3289,14.9986
6258,208.600,1418,272,2371,1728,-10.2308,13.5724
6259,208.633,1418,272,2372,1729,-9.7683,13.3426
6260,208.667,1418,273,2372,1730,-7.3369,14.4746
6261,208.700,1418,274,2372,1730,-8.7400,12.1761
6262,208.733,1418,274,2371,1730,-7.8850,14.1220
6263,208.767,1418,275,2370,1729,-8.1135,13.4723
6264,208.800,1417,275,2368,1728,-8.4811,13.9839
6265,208.833,1416,275,2367,1728,-9.1210,12.1604
6266,208.867,1415,273,2366,1727,-9.0442,14.9790
6267,208.900,1415,272,2366,1726,-9.8805,14.7083
6268,208.933,1414,273,2368,1727,-10.4690,13.9011
6269,208.967,1414,272,2368,1727,-11.6296,16.0908
6270,209.000,1417,274,2367,1725,-11.6180,14.2932
6271,209.033,1417,277,2368,1725,-10.3287,13.6284
6272,209.067,1418,276,2368,1725,-10.9840,14.5918
6273,209.100,1418,276,2369,1725,-10.1950,14.7784
6274,209.133,1418,276,2369,1726,-11.1343,14.2326
6275,209.167,1418,275,2368,1725,-11.4294,15.3153
6276,209.200,1418,275,2368,1725,-11.4803,15.1658
6277,209.233,1418,275,2368,1724,-10.8722,15.9211
6278,209.267,1419,275,2368,1725,-8.8280,16.2660
6279,209.300,1419,277,2366,1727,-9.4683,13.2774
6280,209.333,1417,277,2365,1728,-11.4595,17.8647
6281,209.367,1417,277,2364,1728,-9.7338,14.4007
6282,209.400,1416,277,2364,1728,-9.1228,14.6668
6283,209.433,1417,277,2363,1729,-10.4708,14.8530
6284,209.467,1416,276,2363,1729,-9.3813,17.4883
6285,209.500,1416,277,2362,1729,-9.4931,16.1827
6286,209.533,1416,277,2363,1731,-9.6062,14.6849
6287,209.567,1416,277,2362,1731,-9.5645,16.5934
6288,209.600,1416,277,2362,1731,-8.8306,16.6113
6289,209.633,1416,277,2362,1731,-8.4538,16.8766
6290,209.667,1417,276,2362,1731,-9.9394,19.0173
6291,209.700,1417,281,2362,1731,-9.3744,16.5451
6292,209.733,1417,281,2362,1731,-9.3202,16.5659
6293,209.767,1417,281,2362,1730,-8.1246,13.9957
6294,209.800,1417,280,2362,1728,-9.1435,11.6094
6295,209.833,1417,281,2361,1731,-9.7289,15.5023
6296,209.867,1417,280,2362,1731,-9.9995,17.7945
6297,209.900,1417,280,2361,1730,-9.0155,14.7896
6298,209.933,1417,277,2363,1729,-10.0386,17.5243
6299,209.967,1417,277,2363,1730,-9.4682,16.8736
6300,210.000,1418,279,2363,1729,-9.8226,15.5004
6301,210.033,1418,279,2362,1729,-8.8304,17.0823
6302,210.067,1418,279,2362,1729,-8.9781,16.8526
6303,210.100,1418,279,2362,1729,-8.8707,16.8170
6304,210.133,1418,279,2362,1729,-9.4091,17.5796
6305,210.167,1418,279,2362,1729,-8.3433,16.6393
6306,210.200,1418,279,2361,1728,-9.3152,17.0003
6307,210.233,1418,279,2361,1728,-9.3152,17.0003
6308,210.267,1419,279,2361,1727,-10.1499,17.8157
6309,210.300,1418,279,2361,1727,-9.8784,15.2641
6310,210.333,1418,279,2361,1727,-9.8784,15.2641
6311,210.367,1417,278,2359,1727,-11.7266,17.4770
6312,210.400,1416,279,2358,1727,-8.7854,18.1378
6313,210.433,1415,281,2358,1729,-10.1364,15.6551
6314,210.467,1415,280,2357,1729,-10.7840,15.7928
6315,210.500,1415,280,2357,1730,-10.4868,16.5398
6316,210.533,1414,280,2357,1730,-9.8193,13.8834
6317,210.567,1415,281,2358,1730,-9.9415,16.8546
6318,210.600,1415,283,2359,1730,-10.9384,16.2537
6319,210.633,1415,283,2359,1730,-10.9427,16.2488
6320,210.667,1416,283,2359,1729,-12.1060,16.0927
6321,210.700,1416,283,2360,1729,-10.7174,16.1342
6322,210.733,1416,283,2360,1729,-10.8723,16.3872
6323,210.767,1416,282,2360,1729,-10.7764,15.9453
6324,210.800,1416,281,2360,1728,-11.4176,12.5936
6325,210.833,1417,280,2360,1726,-9.0103,17.0394
6326,210.867,1417,280,2360,1727,-9.9035,16.5656
6327,210.900,1417,279,2359,1727,-7.7928,16.1141
6328,210.933,1418,275,2358,1726,-8.9021,17.8579
6329,210.967,1417,274,2357,1726,-7.8540,16.3957
6330,211.000,1415,272,2358,1726,-8.9617,14.9980
6331,211.033,1415,272,2358,1726,-9.2065,14.7395
6332,211.067,1415,272,2358,1726,-9.2065,14.7395
6333,211.100,1415,272,2358,1726,-9.2065,14.7395
6334,211.133,1415,272,2358,1726,-9.3529,14.3683
6335,211.167,1415,272,2358,1726,-9.3529,14.3683
6336,211.200,1417,277,2363,1724,-10.3565,14.6450
6337,211.233,1417,275,2363,1725,-8.1029,15.7467
6338,211.267,1416,272,2362,1725,-6.5948,17.9983
6339,211.300,1416,271,2362,1727,-8.1078,15.7062
6340,211.333,1416,271,2361,1728,-9.7434,16.6732
6341,211.367,1416,271,2361,1728,-9.7342,16.6862
6342,211.400,1415,270,2361,1728,-9.7486,13.5489
6343,211.433,1416,271,2361,1728,-8.3179,17.1910
6344,211.467,1416,271,2361,1728,-8.3135,17.2235
6345,211.500,1416,273,2361,1728,-9.8326,17.8966
6346,211.533,1416,274,2361,1728,-9.6667,14.4111
6347,211.567,1416,271,2361,1726,-8.9103,15.1579
6348,211.600,1415,273,2361,1728,-8.0726,17.8203
6349,211.633,1415,272,2360,1725,-5.9185,17.0549
6350,211.667,1415,270,2361,1725,-9.2294,16.3851
6351,211.700,1415,271,2359,1725,-9.2534,16.0296
6352,211.733,1415,273,2359,1725,-7.2590,16.6930
6353,211.767,1415,273,2359,1725,-7.2483,16.6839
6354,211.800,1414,271,2359,1725,-7.4857,15.5765
6355,211.833,1415,270,2359,1725,-8.1495,15.9677
6356,211.867,1415,270,2359,1725,-8.1337,15.9924
6357,211.900,1415,270,2359,1724,-7.0195,16.4348
6358,211.933,1415,270,2360,1724,-8.5782,16.1850
6359,211.967,1415,269,2361,1725,-8.7651,16.2205
6360,212.000,1415,272,2363,1724,-7.0258,18.7513
6361,212.033,1415,272,2363,1725,-7.0529,18.2848
6362,212.067,1416,272,2363,1725,-6.9680,20.3032
6363,212.100,1416,273,2363,1725,-6.4574,19.0466
6364,212.133,1416,273,2364,1725,-6.7222,18.7357
6365,212.167,1416,270,2365,1726,2.8962,22.4626
6366,212.200,1416,269,2365,1726,2.7545,20.3436
6367,212.233,1416,269,2365,1725,3.0614,23.0690
6368,212.267,1416,269,2366,1725,3.7325,20.9986
6369,212.300,1416,269,2365,1725,2.4850,22.8132
6370,212.333,1416,269,2365,1725,2.4850,22.8132
6371,212.367,1416,269,2365,1725,2.4850,22.8132
6372,212.400,1416,269,2366,1725,3.7534,20.8009
6373,212.433,1415,271,2363,1727,4.1999,19.3091
6374,212.467,1414,269,2362,1729,1.8040,20.8029
6375,212.500,1415,267,2361,1728,2.1969,19.4370
6376,212.533,1413,260,2362,1738,3.7264,19.3728
6377,212.567,1409,273,2355,1738,5.6693,12.5628
6378,212.600,1408,263,2356,1740,5.9712,8.7788
6379,212.633,1408,261,2356,1742,8.4949,11.6074
6380,212.667,1407,262,2357,1743,10.2363,10.8971
6381,212.700,1408,258,2357,1742,9.1385,13.3590
6382,212.733,1407,258,2358,1741,8.7200,13.2288
6383,212.767,1408,259,2358,1742,9.0702,11.3651
6384,212.800,1408,258,2358,1742,8.6572,11.4862
6385,212.833,1408,258,2358,1742,8.8003,11.1838
6386,212.867,1407,260,2360,1743,10.8725,9.8026
6387,212.900,1407,261,2359,1746,12.3965,10.4367
6388,212.933,1409,260,2361,1744,9.9796,11.1471
6389,212.967,1410,257,2360,1744,7.7117,15.3224
6390,213.000,1409,261,2358,1746,9.1751,15.2871
6391,213.033,1408,263,2356,1747,9.2102,16.6839
6392,213.067,1408,264,2354,1748,10.4612,16.2262
6393,213.100,1407,267,2352,1745,9.1955,13.9931
6394,213.133,1408,265,2353,1744,9.8229,11.4923
6395,213.167,1408,277,2351,1744,11.7963,8.9633
6396,213.200,1407,278,2350,1744,11.3153,7.9879
6397,213.233,1407,277,2351,1745,11.8807,8.6862
6398,213.267,1407,275,2351,1746,11.0634,7.2544
6399,213.300,1407,275,2351,1745,11.2332,7.7710
6400,213.333,1407,275,2351,1745,11.2020,7.7454
6401,213.367,1407,275,2351,1745,11.0797,7.4255
6402,213.400,1407,275,2351,1745,10.7533,7.0177
6403,213.433,1407,275,2350,1745,11.6166,6.4516
6404,213.467,1407,275,2350,1745,11.6166,6.4516
6405,213.500,1407,275,2350,1745,11.6166,6.4516
6406,213.533,1407,274,2351,1745,11.4291,6.4022
6407,213.567,1407,275,2351,1745,10.4456,8.5134
6408,213.600,1407,275,2351,1745,10.4220,8.4673
6409,213.633,1407,275,2351,1746,10.3769,8.3654
6410,213.667,1407,276,2352,1745,11.9971,10.1718
6411,213.700,1406,266,2356,1749,8.8133,14.2988
6412,213.733,1406,267,2356,1749,10.6186,12.7131
6413,213.767,1406,267,2355,1747,9.8363,13.0109
6414,213.800,1407,266,2355,1747,8.3873,13.3581
6415,213.833,1408,266,2354,1746,7.0944,12.1891
6416,213.867,1408,266,2354,1745,7.4588,11.5820
6417,213.900,1408,264,2354,1744,8.0935,12.0228
6418,213.933,1409,264,2353,1744,9.0851,11.1985
6419,213.967,1408,264,2354,1743,8.5182,11.3813
6420,214.000,1408,260,2352,1741,8.0750,11.9993
6421,214.033,1409,260,2352,1741,7.3914,10.9210
6422,214.067,1409,260,2352,1741,7.3914,10.9210
6423,214.100,1409,260,2352,1741,7.3914,10.9210
6424,214.133,1409,260,2352,1741,7.4746,11.0602
6425,214.167,1408,260,2352,1741,7.8788,11.9804
6426,214.200,1409,259,2353,1741,6.3706,9.7637
6427,214.233,1409,259,2353,1741,5.8906,10.5331
6428,214.267,1408,259,2354,1740,5.4816,12.9899
6429,214.300,1409,259,2355,1740,3.0482,13.7105
6430,214.333,1409,259,2355,1740,2.9856,14.5787
6431,214.367,1409,260,2355,1740,4.1402,15.2898
6432,214.400,1410,260,2355,1741,3.5826,14.9240
6433,214.433,1410,260,2357,1741,5.5724,14.9183
6434,214.467,1410,260,2358,1741,5.1677,11.4482
6435,214.500,1410,261,2358,1741,4.5980,11.1160
6436,214.533,1410,260,2358,1740,5.3049,12.2061
6437,214.567,1410,260,2358,1740,5.4449,11.3509
6438,214.600,1410,260,2358,1740,5.3803,11.3287
6439,214.633,1409,260,2358,1740,5.0913,12.6566
6440,214.667,1410,260,2358,1740,5.8396,12.1830
6441,214.700,1410,260,2357,1739,6.6312,14.6248
6442,214.733,1410,260,2357,1739,6.5253,14.1888
6443,214.767,1409,261,2358,1740,7.0342,12.2493
6444,214.800,1409,261,2359,1739,4.6827,11.1399
6445,214.833,1408,277,2351,1741,9.5164,4.8390
6446,214.867,1408,276,2351,1741,9.1109,2.1253
6447,214.900,1409,276,2350,1740,7.4843,2.8942
6448,214.933,1404,274,2351,1743,3.2318,10.7239
6449,214.967,1406,273,2349,1739,5.6272,13.1061
6450,215.000,1406,274,2350,1741,6.1276,9.9231
6451,215.033,1406,274,2350,1741,6.2581,10.0139
6452,215.067,1406,274,2350,1741,6.2581,10.0139
6453,215.100,1406,274,2350,1741,6.2581,10.0139
6454,215.133,1406,274,2350,1741,6.4710,10.0013
6455,215.167,1406,274,2350,1741,6.3467,10.1126
6456,215.200,1406,274,2350,1741,6.3467,10.1126
6457,215.233,1406,274,2350,1741,6.3467,10.1126
6458,215.267,1410,269,2355,1740,2.7434,12.9457
6459,215.300,1412,271,2354,1742,-6.5733,15.3587
6460,215.333,1413,270,2355,1740,-4.0042,12.9284
6461,215.367,1412,271,2355,1739,-7.3924,16.5257
6462,215.400,1412,270,2354,1738,-7.9993,15.3985
6463,215.433,1411,269,2353,1737,-8.5852,15.0535
6464,215.467,1411,269,2354,1737,-9.7061,14.9651
6465,215.500,1411,269,2354,1737,-9.9484,14.6557
6466,215.533,1412,270,2354,1738,-7.7513,16.1529
6467,215.567,1411,269,2354,1738,-8.5391,14.2442
6468,215.600,1414,264,2357,1740,-6.0093,14.4271
6469,215.633,1414,263,2357,1739,-8.4661,15.0303
6470,215.667,1416,259,2360,1739,-9.0997,17.4679
6471,215.700,1417,258,2359,1739,-8.4048,18.5013
6472,215.733,1417,258,2359,1737,-9.4404,19.9024
6473,215.767,1418,260,2358,1738,-8.7832,20.4917
6474,215.800,1418,259,2357,1735,-9.4660,21.8286
6475,215.833,1419,260,2356,1734,-9.7283,20.2310
6476,215.867,1419,259,2355,1735,-11.3280,17.7206
6477,215.900,1419,259,2354,1736,-10.4981,19.6708
6478,215.933,1420,261,2356,1737,-8.9124,14.6820
6479,215.967,1419,261,2355,1735,-10.6721,18.4339
6480,216.000,1417,256,2355,1731,-6.7478,16.9222
6481,216.033,1418,254,2355,1732,-8.7354,11.0225
6482,216.067,1418,253,2355,1731,-7.4988,12.4746
6483,216.100,1417,252,2355,1732,-8.2950,16.3890
6484,216.133,1419,250,2355,1732,-8.5444,18.0612
6485,216.167,1418,253,2354,1731,-9.9897,14.7575
6486,216.200,1417,255,2353,1732,-9.9310,10.5681
6487,216.233,1416,257,2353,1731,-5.8797,11.0161
6488,216.267,1416,257,2352,1732,-8.9089,12.8339
6489,216.300,1416,256,2353,1735,-10.3156,18.6427
6490,216.333,1415,258,2354,1737,-8.2891,14.2171
6491,216.367,1414,259,2355,1740,-9.3905,11.7675
6492,216.400,1413,260,2354,1742,-8.1476,12.6119
6493,216.433,1413,260,2355,1743,-8.5740,13.2854
6494,216.467,1412,258,2355,1743,-7.1911,13.4158
6495,216.500,1412,258,2355,1743,-7.1998,13.5197
6496,216.533,1412,261,2353,1743,-6.6580,16.8091
6497,216.567,1411,261,2352,1744,-8.6669,11.7945
6498,216.600,1412,262,2352,1744,-8.0300,15.1609
6499,216.633,1412,262,2352,1744,-8.1300,14.5629
6500,216.667,1411,264,2351,1744,-8.5988,17.7382
6501,216.700,1411,263,2351,1744,-9.3923,14.6112
6502,216.733,1411,264,2352,1743,-7.0507,13.6292
6503,216.767,1411,263,2353,1743,-6.5798,15.1260
6504,216.800,1410,263,2353,1742,-6.3422,15.8611
6505,216.833,1410,261,2352,1742,-10.4602,15.8900
6506,216.867,1410,261,2352,1742,-10.4602,15.8900
6507,216.900,1410,261,2352,1742,-10.4602,15.8900
6508,216.933,1410,261,2352,1742,-10.3229,15.6736
6509,216.967,1410,261,2352,1742,-10.3086,15.7937
6510,217.000,1411,260,2351,1743,-8.6060,13.6876
6511,217.033,1411,261,2351,1742,-11.5945,13.9690
6512,217.067,1412,269,2350,1746,-12.6352,15.9854
6513,217.100,1412,269,2349,1746,-11.7342,16.9600
6514,217.133,1412,271,2351,1746,-10.5927,20.0167
6515,217.167,1411,272,2352,1746,-9.8426,19.8820
6516,217.200,1409,271,2352,1746,-2.0367,22.0241
6517,217.233,1409,271,2353,1747,-1.9097,20.7329
6518,217.267,1408,271,2353,1746,-1.2188,24.3167
6519,217.300,1407,271,2352,1746,-0.6539,19.6059
6520,217.333,1407,272,2353,1745,-0.7589,21.8080
6521,217.367,1407,272,2353,1745,-0.7288,21.8468
6522,217.400,1407,272,2353,1744,1.3634,22.3544
6523,217.433,1407,272,2353,1744,1.1552,22.4292
6524,217.467,1407,272,2352,1744,0.4455,22.4258
6525,217.500,1407,272,2352,1744,0.4253,22.6507
6526,217.533,1407,272,2353,1744,1.2270,23.0760
6527,217.567,1407,272,2353,1744,1.3632,22.7567
6528,217.600,1407,272,2353,1744,1.4222,22.6162
6529,217.633,1407,271,2353,1744,0.1799,22.7718
6530,217.667,1408,271,2353,1744,-0.2419,20.3267
6531,217.700,1408,270,2353,1744,-0.1215,20.6445
6532,217.733,1408,269,2353,1744,0.6133,20.8656
6533,217.767,1409,268,2353,1744,0.9556,19.6791
6534,217.800,1408,267,2354,1745,-0.2624,19.2230
6535,217.833,1410,268,2350,1745,-5.6311,22.5993
6536,217.867,1409,268,2351,1747,-11.0667,18.3371
6537,217.900,1409,266,2352,1748,-9.4260,19.3037
6538,217.933,1409,266,2352,1748,-9.2707,19.2198
6539,217.967,1409,266,2352,1748,-9.2138,19.1651
6540,218.000,1407,270,2352,1748,-11.2195,18.8978
6541,218.033,1408,270,2351,1747,-11.3120,20.1193
6542,218.067,1409,269,2351,1747,-9.3995,17.0678
6543,218.100,1408,270,2351,1746,-10.3374,17.7296
6544,218.133,1408,267,2353,1743,-10.6762,18.2952
6545,218.167,1408,268,2352,1743,-8.7625,17.2700
6546,218.200,1408,268,2352,1744,-8.7982,18.3842
6547,218.233,1408,268,2351,1744,-9.3787,15.5557
6548,218.267,1408,268,2351,1744,-9.9874,15.5654
6549,218.300,1408,267,2351,1744,-11.2590,15.4423
6550,218.333,1408,266,2352,1746,-8.6846,15.3843
6551,218.367,1408,266,2351,1745,-9.7640,17.8521
6552,218.400,1408,265,2352,1747,-11.3026,20.9838
6553,218.433,1409,265,2352,1747,-11.0930,22.3061
6554,218.467,1409,265,2352,1747,-11.0930,22.3061
6555,218.500,1409,265,2352,1747,-11.0930,22.3061
6556,218.533,1408,265,2352,1747,-11.0428,20.0847
6557,218.567,1409,267,2354,1748,-9.6819,18.6887
6558,218.600,1408,269,2355,1748,-9.3031,16.0020
6559,218.633,1406,274,2354,1748,0.7132,16.3353
6560,218.667,1406,274,2355,1746,-0.0712,15.5009
6561,218.700,1405,274,2354,1745,-1.0175,12.7233
6562,218.733,1405,273,2355,1746,0.9767,11.9140
6563,218.767,1404,273,2355,1746,0.4572,14.5611
6564,218.800,1405,271,2356,1746,3.2533,11.7982
6565,218.833,1404,271,2355,1747,1.1686,14.7031
6566,218.867,1404,270,2355,1747,1.8110,14.6701
6567,218.900,1404,269,2356,1745,1.6466,14.2638
6568,218.933,1406,271,2353,1744,-10.6409,11.4285
6569,218.967,1406,269,2355,1744,-9.1719,12.1328
6570,219.000,1406,266,2356,1746,-8.6502,11.4543
6571,219.033,1407,267,2356,1747,-8.0679,9.6299
6572,219.067,1406,266,2356,1747,-9.5055,8.0943
6573,219.100,1406,267,2355,1747,-10.0281,10.4454
6574,219.133,1406,267,2355,1747,-10.8176,10.5669
6575,219.167,1407,267,2355,1746,-11.0950,12.0441
6576,219.200,1406,269,2356,1747,-10.0145,10.4072
6577,219.233,1406,269,2356,1746,-11.2077,10.2952
6578,219.267,1406,269,2355,1743,-9.2496,12.5178
6579,219.300,1406,268,2355,1741,-10.8308,11.2745
6580,219.333,1405,268,2354,1741,-10.0580,13.4387
6581,219.367,1406,268,2354,1742,-10.9589,12.5671
6582,219.400,1406,269,2355,1744,-10.6854,12.4385
6583,219.433,1407,270,2355,1745,-10.5291,12.2941
6584,219.467,1407,269,2355,1745,-11.6257,12.5902
6585,219.500,1405,272,2356,1748,-9.4998,14.3776
6586,219.533,1406,270,2357,1749,-9.7417,13.6167
6587,219.567,1406,273,2359,1750,-12.5387,13.4238
6588,219.600,1405,273,2360,1752,-11.5187,17.4156
6589,219.633,1405,273,2360,1752,-11.7936,16.5471
6590,219.667,1406,273,2361,1752,-12.2857,16.6176
6591,219.700,1406,272,2361,1751,-13.9082,12.0024
6592,219.733,1406,273,2361,1750,-11.8964,16.7038
6593,219.767,1406,274,2361,1751,-12.0555,14.5408
6594,219.800,1406,274,2360,1751,-11.9078,14.3765
6595,219.833,1405,273,2359,1752,-11.4786,12.1154
6596,219.867,1405,272,2356,1752,-9.8701,17.4471
6597,219.900,1406,273,2357,1753,-9.9875,14.1932
6598,219.933,1406,275,2355,1754,-10.3668,13.6983
6599,219.967,1406,275,2355,1754,-10.5824,12.8629
6600,220.000,1406,277,2352,1751,-9.8515,15.0160
6601,220.033,1407,278,2354,1752,-10.3449,14.8502
6602,220.067,1407,278,2355,1752,-9.2525,16.1567
6603,220.100,1407,279,2356,1751,-13.3046,14.3124
6604,220.133,1408,278,2359,1751,-13.8118,15.6407
6605,220.167,1408,278,2359,1752,-12.3527,15.8802
6606,220.200,1409,278,2358,1751,-10.1174,16.8887
6607,220.233,1408,279,2358,1750,-11.9560,15.0668
6608,220.267,1408,279,2357,1751,-11.7544,13.8658
6609,220.300,1408,279,2357,1751,-11.8598,13.7955
6610,220.333,1408,279,2357,1751,-11.8676,13.7649
6611,220.367,1408,279,2357,1751,-11.8626,13.8182
6612,220.400,1408,278,2357,1751,-10.8676,14.6011
6613,220.433,1407,281,2358,1750,-14.0288,16.2605
6614,220.467,1407,282,2358,1750,-14.4542,13.3966
6615,220.500,1408,282,2359,1751,-14.1314,14.2273
6616,220.533,1407,280,2358,1751,-13.0871,17.1498
6617,220.567,1408,279,2359,1753,-13.3700,14.9904
6618,220.600,1408,278,2359,1753,-12.6562,13.1047
6619,220.633,1408,278,2359,1753,-12.4409,12.7903
6620,220.667,1408,276,2358,1752,-12.6373,10.7682
6621,220.700,1408,279,2358,1752,-12.7581,11.6158
6622,220.733,1409,278,2358,1751,-11.7695,14.0419
6623,220.767,1409,278,2358,1751,-11.7270,14.2867
6624,220.800,1408,278,2357,1751,-12.1534,11.3801
6625,220.833,1408,278,2357,1752,-11.7181,11.0647
6626,220.867,1408,279,2357,1752,-12.8849,14.0184
6627,220.900,1408,278,2358,1752,-11.3801,15.4064
6628,220.933,1408,278,2358,1751,-12.2711,14.0638
6629,220.967,1408,277,2358,1751,-10.8242,12.5662
6630,221.000,1409,278,2361,1749,-10.8044,15.2871
6631,221.033,1410,279,2361,1749,-10.6030,15.4695
6632,221.067,1410,278,2361,1748,-11.5838,15.6967
6633,221.100,1409,278,2361,1748,-12.8518,15.2606
6634,221.133,1410,276,2361,1748,-12.0540,14.9096
6635,221.167,1410,275,2360,1748,-11.5807,11.8404
6636,221.200,1409,275,2360,1749,-10.2967,12.9064
6637,221.233,1409,275,2360,1748,-11.1058,11.9671
6638,221.267,1409,273,2359,1748,-11.8519,15.4167
6639,221.300,1410,273,2359,1747,-10.2410,13.1214
6640,221.333,1410,273,2359,1748,-10.9766,11.7124
6641,221.367,1410,273,2359,1748,-10.9038,11.7989
6642,221.400,1409,272,2359,1747,-10.6426,12.7666
6643,221.433,1409,272,2359,1747,-10.7363,12.3712
6644,221.467,1409,271,2359,1747,-10.9592,14.9286
6645,221.500,1409,271,2359,1747,-10.9520,15.0870
6646,221.533,1409,272,2359,1747,-10.7903,13.3587
6647,221.567,1409,271,2359,1747,-11.7941,13.4733
6648,221.600,1409,271,2359,1747,-11.7234,13.6311
6649,221.633,1408,272,2358,1748,-10.8685,11.3611
6650,221.667,1408,272,2358,1747,-10.3659,14.3436
6651,221.700,1408,272,2356,1748,-10.3768,14.4892
6652,221.733,1408,273,2357,1747,-10.9929,15.2139
6653,221.767,1408,273,2357,1747,-10.9768,15.2202
6654,221.800,1408,272,2357,1747,-11.4737,14.0074
6655,221.833,1408,273,2357,1748,-11.0069,13.9947
6656,221.867,1408,273,2357,1748,-11.0476,14.4382
6657,221.900,1408,275,2358,1748,-11.4223,12.6739
6658,221.933,1408,276,2358,1750,-11.5433,12.7569
6659,221.967,1407,277,2360,1751,-9.5830,13.4083
6660,222.000,1406,273,2361,1751,-12.3729,11.5400
6661,222.033,1406,273,2361,1750,-12.7186,10.5708
6662,222.067,1406,273,2361,1750,-12.7186,10.5708
6663,222.100,1406,273,2361,1750,-12.7177,10.5931
6664,222.133,1405,273,2361,1750,-12.1942,11.5101
6665,222.167,1409,287,2364,1753,-8.9547,8.9472
6666,222.200,1409,287,2364,1753,-8.9547,8.9472
6667,222.233,1409,287,2364,1753,-8.9547,8.9472
6668,222.267,1410,288,2363,1753,-9.6836,6.4513
6669,222.300,1410,287,2363,1752,-11.6308,7.3081
6670,222.333,1411,287,2363,1753,-11.9560,7.6578
6671,222.367,1410,286,2362,1753,-11.9050,7.6991
6672,222.400,1410,286,2363,1754,-12.0586,4.9164
6673,222.433,1411,286,2363,1755,-12.2113,6.7846
6674,222.467,1411,287,2363,1754,-13.9355,7.9395
6675,222.500,1411,287,2363,1755,-13.4176,8.2009
6676,222.533,1411,288,2362,1755,-13.5672,8.8976
6677,222.567,1410,287,2362,1755,-12.7794,7.6819
6678,222.600,1410,287,2361,1754,-13.6923,7.2304
6679,222.633,1410,285,2360,1755,-12.7963,7.9980
6680,222.667,1409,284,2360,1755,-11.8578,5.4999
6681,222.700,1409,284,2360,1754,-11.9670,4.9042
6682,222.733,1409,284,2361,1753,-12.9841,6.0360
6683,222.767,1409,284,2360,1754,-11.7311,4.5769
6684,222.800,1409,284,2361,1753,-12.5899,6.1892
6685,222.833,1409,286,2360,1751,-11.6433,2.0064
6686,222.867,1409,287,2360,1751,-13.3100,5.4495
6687,222.900,1409,287,2360,1751,-13.1532,5.1936
6688,222.933,1409,287,2361,1750,-12.0016,5.8776
6689,222.967,1409,289,2361,1750,-10.5686,8.1397
6690,223.000,1408,285,2360,1747,-10.8692,10.4589
6691,223.033,1408,286,2360,1748,-10.6425,9.2406
6692,223.067,1408,286,2360,1748,-10.6425,9.2406
6693,223.100,1408,286,2360,1748,-10.6546,9.2042
6694,223.133,1408,286,2360,1748,-10.5715,9.4661
6695,223.167,1409,286,2360,1747,-11.7827,6.0345
6696,223.200,1409,285,2361,1748,-11.8737,7.0761
6697,223.233,1409,286,2361,1748,-10.6387,5.7302
6698,223.267,1409,285,2361,1748,-11.5821,5.1832
6699,223.300,1409,285,2363,1748,-11.2922,7.5732
6700,223.333,1409,286,2363,1749,-9.6391,7.7526
6701,223.367,1409,285,2366,1750,-9.5497,9.4572
6702,223.400,1408,282,2366,1750,-10.3507,6.3142
6703,223.433,1408,283,2365,1750,-10.7843,6.9915
6704,223.467,1408,283,2365,1750,-10.7843,6.9915
6705,223.500,1408,283,2365,1750,-10.7843,6.9915
6706,223.533,1409,282,2365,1751,-12.9546,6.6829
6707,223.567,1409,283,2364,1750,-12.3607,6.7392
6708,223.600,1409,283,2364,1750,-12.1943,6.7145
6709,223.633,1409,283,2364,1750,-12.3382,6.7306
6710,223.667,1409,284,2364,1750,-10.7992,8.0442
6711,223.700,1410,285,2363,1749,-11.1190,5.7434
6712,223.733,1410,285,2363,1749,-11.0074,6.3298
6713,223.767,1409,285,2362,1750,-12.0073,7.4721
6714,223.800,1409,285,2362,1751,-12.8844,7.8626
6715,223.833,1409,286,2362,1752,-12.8387,9.0294
6716,223.867,1409,286,2362,1752,-12.8618,8.9776
6717,223.900,1409,286,2362,1752,-12.8573,8.9759
6718,223.933,1409,286,2362,1751,-11.2421,6.7339
6719,223.967,1408,286,2362,1750,-11.5005,8.9136
6720,224.000,1409,288,2360,1753,-12.5295,9.7462
6721,224.033,1408,288,2360,1753,-12.6374,10.4890
6722,224.067,1409,288,2360,1753,-12.3762,11.2821
6723,224.100,1408,287,2360,1753,-12.8803,11.7628
6724,224.133,1408,289,2360,1752,-10.3673,8.3864
6725,224.167,1408,289,2360,1753,-11.4959,8.3860
6726,224.200,1407,289,2359,1752,-10.8378,7.5440
6727,224.233,1407,289,2358,1752,-13.3941,11.4852
6728,224.267,1405,287,2358,1751,-12.0693,10.1783
6729,224.300,1403,288,2358,1752,-9.6639,8.5014
6730,224.333,1403,287,2359,1752,-9.8888,7.4562
6731,224.367,1404,287,2359,1752,-10.8577,9.1733
6732,224.400,1404,287,2359,1751,-11.7333,8.5791
6733,224.433,1405,287,2358,1752,-11.9591,9.8133
6734,224.467,1407,285,2358,1751,-12.1951,9.3730
6735,224.500,1408,284,2359,1751,-13.4447,12.0186
6736,224.533,1409,282,2360,1750,-13.1938,9.6058
6737,224.567,1409,282,2361,1750,-12.6561,10.6189
6738,224.600,1410,283,2361,1751,-13.2270,9.6537
6739,224.633,1410,283,2361,1750,-12.3724,11.3413
6740,224.667,1409,284,2361,1751,-13.4451,9.7534
6741,224.700,1410,285,2362,1752,-11.9864,9.4682
6742,224.733,1410,284,2362,1749,-12.8904,10.0615
6743,224.767,1410,284,2362,1750,-12.7834,9.5078
6744,224.800,1411,284,2363,1748,-11.6243,10.3846
6745,224.833,1411,283,2363,1747,-11.5620,13.1500
6746,224.867,1410,283,2362,1749,-12.7356,12.1287
6747,224.900,1409,283,2362,1749,-0.4969,11.3428
6748,224.933,1408,282,2361,1749,1.5223,14.2077
6749,224.967,1407,281,2361,1750,2.3270,11.5217
6750,225.000,1406,282,2360,1752,1.8312,11.4055
6751,225.033,1406,281,2360,1751,1.3984,12.4816
6752,225.067,1406,281,2360,1751,1.2315,12.2800
6753,225.100,1406,281,2360,1751,1.3464,12.3801
6754,225.133,1406,281,2360,1751,1.9860,12.1730
6755,225.167,1406,280,2359,1750,1.8952,10.4795
6756,225.200,1406,280,2359,1750,1.6154,10.7300
6757,225.233,1406,281,2358,1750,1.9627,11.3475
6758,225.267,1406,282,2359,1751,3.9617,12.5887
6759,225.300,1407,283,2359,1751,5.9679,11.7373
6760,225.333,1408,282,2358,1752,6.3270,10.8695
6761,225.367,1407,283,2358,1752,7.6174,11.5391
6762,225.400,1407,284,2359,1752,5.9361,9.9569
6763,225.433,1406,284,2360,1751,6.7454,7.7715
6764,225.467,1408,284,2360,1752,6.2359,8.4793
6765,225.500,1408,284,2360,1751,5.9202,10.9450
6766,225.533,1406,282,2360,1752,6.2727,11.7793
6767,225.567,1404,285,2360,1751,6.3221,8.1225
6768,225.600,1404,284,2359,1752,6.9548,10.0956
6769,225.633,1404,284,2360,1752,7.1662,9.0825
6770,225.667,1404,283,2360,1754,6.2722,9.5801
6771,225.700,1404,283,2361,1755,5.5746,9.4821
6772,225.733,1405,283,2361,1754,7.3242,10.7429
6773,225.767,1404,283,2361,1754,6.7646,9.2745
6774,225.800,1405,282,2361,1753,8.6710,8.8625
6775,225.833,1406,282,2361,1752,6.6413,9.7203
6776,225.867,1407,282,2362,1754,6.6530,10.3969
6777,225.900,1407,282,2362,1754,6.5793,10.2554
6778,225.933,1407,283,2363,1755,5.6877,9.5005
6779,225.967,1408,283,2364,1754,6.0329,9.0400
6780,226.000,1408,283,2362,1754,5.3687,9.1485
6781,226.033,1408,284,2361,1755,6.1010,10.0112
6782,226.067,1408,285,2362,1755,5.4537,7.8987
6783,226.100,1407,284,2360,1756,5.8791,9.6570
6784,226.133,1407,285,2361,1756,5.5047,9.5054
6785,226.167,1408,287,2361,1756,6.2404,10.6428
6786,226.200,1408,287,2361,1757,5.9367,10.4244
6787,226.233,1408,286,2361,1757,5.2011,9.2901
6788,226.267,1409,287,2361,1757,6.6764,9.6396
6789,226.300,1409,287,2361,1758,6.1290,7.8326
6790,226.333,1410,286,2361,1758,7.5346,8.4823
6791,226.367,1410,285,2361,1759,7.1318,9.4951
6792,226.400,1410,286,2362,1758,6.0759,8.5152
6793,226.433,1410,287,2363,1759,6.0427,9.0692
6794,226.467,1410,287,2364,1758,5.3355,6.7784
6795,226.500,1411,288,2365,1757,4.3732,7.7726
6796,226.533,1411,287,2361,1752,5.6194,10.7422
6797,226.567,1411,288,2360,1753,4.9132,12.6389
6798,226.600,1411,289,2360,1752,4.6941,12.1108
6799,226.633,1411,288,2360,1753,4.7820,12.8513
6800,226.667,1412,289,2361,1751,5.0877,13.3729
6801,226.700,1411,291,2361,1755,5.3920,12.5860
6802,226.733,1411,292,2361,1755,3.9462,12.3840
6803,226.767,1412,292,2361,1755,4.8076,13.0867
6804,226.800,1410,291,2361,1757,6.5979,12.2297
6805,226.833,1410,289,2361,1758,5.5458,14.0030
6806,226.867,1410,289,2361,1758,5.6186,14.1280
6807,226.900,1411,289,2361,1758,6.1731,12.7214
6808,226.933,1411,287,2360,1754,5.7544,13.0713
6809,226.967,1411,287,2360,1755,8.1708,11.9043
6810,227.000,1410,289,2359,1752,5.7138,10.3379
6811,227.033,1410,289,2358,1751,7.0661,8.9768
6812,227.067,1411,289,2358,1751,6.3420,10.2890
6813,227.100,1410,290,2358,1752,7.0709,10.1714
6814,227.133,1409,289,2357,1751,7.1068,10.4238
6815,227.167,1408,291,2357,1751,7.2986,9.8138
6816,227.200,1408,290,2355,1750,6.9056,9.2652
6817,227.233,1407,291,2356,1749,5.8202,9.3350
6818,227.267,1407,292,2356,1749,8.2497,10.4419
6819,227.300,1407,292,2355,1749,6.5371,10.1390
6820,227.333,1407,292,2355,1749,6.5371,10.1390
6821,227.367,1407,293,2356,1750,7.6496,11.0652
6822,227.400,1408,294,2356,1750,7.4846,12.0636
6823,227.433,1408,290,2357,1749,7.4154,10.8523
6824,227.467,1409,291,2357,1750,6.2102,9.7068
6825,227.500,1409,292,2357,1749,7.7458,11.8991
6826,227.533,1409,289,2357,1749,7.0020,8.1121
6827,227.567,1409,288,2357,1750,6.8042,9.3804
6828,227.600,1409,288,2356,1751,5.9466,10.0024
6829,227.633,1409,288,2356,1751,5.9492,9.9948
6830,227.667,1409,287,2357,1753,7.0429,8.7361
6831,227.700,1409,287,2357,1753,6.9530,8.7268
6832,227.733,1409,287,2357,1753,6.9697,8.7157
6833,227.767,1409,287,2357,1753,6.9581,8.7339
6834,227.800,1408,287,2357,1753,7.5013,9.3931
6835,227.833,1408,287,2357,1753,7.3589,9.5963
6836,227.867,1408,287,2357,1753,7.2845,9.6725
6837,227.900,1408,287,2357,1753,7.4601,9.6014
6838,227.933,1408,287,2357,1753,7.3001,9.7359
6839,227.967,1408,287,2357,1753,7.3331,10.1135
6840,228.000,1407,282,2357,1752,7.1556,8.8461
6841,228.033,1407,282,2357,1751,6.8713,7.6691
6842,228.067,1407,281,2357,1751,5.6733,9.4264
6843,228.100,1407,281,2357,1751,5.5072,9.0889
6844,228.133,1407,280,2356,1750,7.3150,7.2413
6845,228.167,1407,281,2356,1751,6.5529,8.4595
6846,228.200,1407,281,2356,1751,6.5160,8.3156
6847,228.233,1408,282,2356,1752,6.7272,7.8347
6848,228.267,1408,283,2356,1755,8.7338,7.2535
6849,228.300,1408,283,2356,1754,8.6878,7.1842
6850,228.333,1408,283,2356,1754,8.6878,7.1842
6851,228.367,1408,283,2356,1754,8.6878,7.1842
6852,228.400,1408,282,2356,1753,6.0982,8.1294
6853,228.433,1408,284,2356,1753,8.1571,7.3832
6854,228.467,1408,285,2356,1753,5.7202,8.0704
6855,228.500,1408,285,2356,1753,5.8806,8.1009
6856,228.533,1408,285,2357,1753,6.2702,6.4796
6857,228.567,1408,285,2357,1753,6.3188,6.8168
6858,228.600,1408,285,2357,1753,6.3188,6.8168
6859,228.633,1408,285,2357,1753,6.3241,6.8217
6860,228.667,1408,286,2357,1753,5.5446,9.5630
6861,228.700,1406,291,2354,1751,21.3189,7.0564
6862,228.733,1405,291,2354,1753,21.7228,3.2599
6863,228.767,1406,290,2353,1754,22.5603,5.1270
6864,228.800,1405,290,2354,1754,22.6657,5.8803
6865,228.833,1405,290,2354,1754,22.5403,6.8039
6866,228.867,1405,290,2354,1754,22.5218,6.7190
6867,228.900,1405,290,2354,1754,22.9790,7.0006
6868,228.933,1405,290,2354,1754,22.8451,6.8210
6869,228.967,1405,290,2354,1753,23.2285,6.9148
6870,229.000,1406,291,2355,1752,20.8522,2.6216
6871,229.033,1406,291,2355,1753,21.6872,3.4616
6872,229.067,1405,291,2355,1754,23.0092,2.3663
6873,229.100,1406,290,2355,1754,22.4618,3.0233
6874,229.133,1406,291,2355,1754,22.7456,2.3259
6875,229.167,1406,291,2354,1754,20.7749,4.0253
6876,229.200,1406,291,2354,1754,20.9336,3.7714
6877,229.233,1406,291,2355,1754,22.6889,2.4075
6878,229.267,1407,291,2354,1753,22.1372,3.6567
6879,229.300,1407,291,2355,1754,21.3929,5.5729
6880,229.333,1407,291,2355,1753,21.5478,2.4965
6881,229.367,1407,290,2355,1753,22.1991,1.9443
6882,229.400,1407,290,2356,1754,22.8722,4.4550
6883,229.433,1406,290,2356,1754,21.8440,3.9501
6884,229.467,1406,290,2356,1754,22.5782,4.5553
6885,229.500,1406,291,2356,1754,23.0984,0.7341
6886,229.533,1406,292,2357,1753,20.4848,2.2131
6887,229.567,1406,293,2356,1753,20.6777,3.1113
6888,229.600,1407,293,2355,1753,22.3973,2.9894
6889,229.633,1407,293,2355,1753,22.4072,3.0069
6890,229.667,1407,293,2356,1753,22.2173,1.7866
6891,229.700,1406,294,2355,1754,20.9835,1.8477
6892,229.733,1406,294,2355,1754,20.9534,1.7413
6893,229.767,1407,294,2356,1754,22.6340,3.3547
6894,229.800,1406,295,2356,1753,25.0526,3.2092
6895,229.833,1406,295,2356,1753,25.5641,1.6107
6896,229.867,1406,295,2356,1753,25.4449,1.8148
6897,229.900,1406,295,2356,1753,25.6073,1.6417
6898,229.933,1405,296,2355,1752,24.2034,1.0871
6899,229.967,1405,296,2355,1752,24.1614,1.1474
6900,230.000,1405,297,2355,1752,25.6588,2.2419
6901,230.033,1405,297,2355,1752,25.6372,2.5765
6902,230.067,1405,297,2355,1751,23.1976,2.4932
6903,230.100,1405,297,2354,1752,25.0548,0.2975
6904,230.133,1405,296,2354,1752,25.5558,3.3704
6905,230.167,1405,297,2354,1752,25.2164,0.7954
6906,230.200,1405,297,2354,1751,25.2743,2.0742
6907,230.233,1405,297,2353,1751,26.9335,2.6895
6908,230.267,1405,296,2353,1751,26.5654,3.7792
6909,230.300,1405,296,2354,1751,24.4329,1.9118
6910,230.333,1405,296,2354,1752,25.0713,3.5451
6911,230.367,1404,296,2354,1752,25.8480,2.1965
6912,230.400,1405,295,2354,1751,24.3999,3.8825
6913,230.433,1405,295,2354,1751,24.2284,3.4834
6914,230.467,1405,294,2354,1751,23.3936,4.0547
6915,230.500,1405,294,2354,1751,23.3676,3.8153
6916,230.533,1405,293,2354,1750,23.2370,3.5900
6917,230.567,1405,293,2354,1751,23.2018,2.5090
6918,230.600,1405,294,2354,1751,23.6563,3.9371
6919,230.633,1405,294,2354,1751,23.8244,3.9827
6920,230.667,1405,294,2354,1751,23.5256,3.6373
6921,230.700,1406,292,2354,1750,22.3986,3.7941
6922,230.733,1405,292,2354,1750,22.7869,2.5929
6923,230.767,1405,292,2355,1750,23.4789,3.4615
6924,230.800,1405,293,2354,1748,21.9664,4.3178
6925,230.833,1405,294,2354,1748,21.3640,3.7702
6926,230.867,1406,294,2354,1747,21.4822,5.2866
6927,230.900,1406,295,2354,1747,22.5540,3.2833
6928,230.933,1406,295,2354,1746,24.8498,3.9670
6929,230.967,1406,295,2354,1747,23.2974,4.7487
6930,231.000,1404,293,2353,1745,23.8448,3.9505
6931,231.033,1405,294,2352,1746,22.8293,4.6826
6932,231.067,1405,294,2351,1748,24.1378,4.7420
6933,231.100,1405,295,2351,1747,23.6797,5.3696
6934,231.133,1406,294,2350,1747,24.7861,5.9608
6935,231.167,1405,294,2350,1747,25.4868,4.5773
6936,231.200,1405,294,2350,1747,25.4723,4.3929
6937,231.233,1405,294,2350,1747,25.4965,4.3638
6938,231.267,1406,294,2350,1747,25.6836,5.9238
6939,231.300,1405,295,2352,1749,26.0748,2.8461
6940,231.333,1405,295,2352,1750,25.5170,3.3016
6941,231.367,1405,295,2352,1749,25.8832,2.7016
6942,231.400,1405,294,2353,1750,26.8804,4.2368
6943,231.433,1405,294,2354,1750,25.8101,4.1912
6944,231.467,1405,294,2354,1750,25.7275,4.3429
6945,231.500,1405,294,2354,1750,25.8549,4.4293
6946,231.533,1404,293,2355,1750,26.1348,4.2612
6947,231.567,1405,291,2354,1749,24.8200,4.6721
6948,231.600,1404,291,2355,1749,25.5258,4.0013
6949,231.633,1405,291,2355,1748,25.7970,2.0184
6950,231.667,1405,290,2354,1748,24.2250,5.6119
6951,231.700,1404,290,2354,1748,26.6765,2.9023
6952,231.733,1404,290,2354,1748,26.6765,2.9023
6953,231.767,1404,290,2354,1748,26.6765,2.9023
6954,231.800,1402,295,2352,1748,25.5594,5.5742
6955,231.833,1403,293,2353,1748,24.0558,6.3152
6956,231.867,1403,293,2353,1748,22.9608,2.9720
6957,231.900,1404,292,2352,1747,23.8515,3.9677
6958,231.933,1403,291,2353,1748,23.8011,5.5551
6959,231.967,1403,290,2353,1749,23.8789,5.0143
6960,232.000,1403,292,2350,1748,23.7832,5.9432
6961,232.033,1404,291,2350,1750,20.5315,9.0812
6962,232.067,1404,292,2350,1750,22.1981,6.4851
6963,232.100,1405,290,2350,1748,23.2620,6.0557
6964,232.133,1406,289,2350,1749,21.4399,6.1946
6965,232.167,1406,289,2348,1751,24.3182,6.2646
6966,232.200,1406,284,2348,1750,23.7618,9.4429
6967,232.233,1405,284,2348,1750,23.0869,9.6046
6968,232.267,1405,285,2348,1750,23.3838,9.9405
6969,232.300,1405,285,2347,1750,22.6254,9.5127
6970,232.333,1405,286,2347,1751,21.4978,8.5746
6971,232.367,1405,286,2347,1751,21.6442,9.3233
6972,232.400,1405,286,2347,1751,21.4104,9.7608
6973,232.433,1406,286,2346,1751,20.5751,10.3004
6974,232.467,1406,285,2346,1751,21.8547,9.8378
6975,232.500,1406,285,2348,1751,24.1745,9.2545
6976,232.533,1406,285,2349,1748,24.1487,10.2916
6977,232.567,1406,283,2350,1747,22.0448,9.4138
6978,232.600,1406,282,2350,1745,22.6794,9.4167
6979,232.633,1406,282,2350,1745,23.4320,10.3243
6980,232.667,1405,282,2350,1746,21.6859,8.7950
6981,232.700,1405,282,2351,1747,20.5121,10.6824
6982,232.733,1406,282,2350,1748,20.2856,9.4810
6983,232.767,1405,281,2350,1747,20.7917,9.9000
6984,232.800,1405,282,2350,1747,20.1191,10.4171
6985,232.833,1405,282,2349,1747,20.2202,10.7815
6986,232.867,1405,281,2349,1747,21.5699,10.5466
6987,232.900,1405,281,2349,1747,22.0203,10.1430
6988,232.933,1405,282,2348,1748,20.5280,10.8525
6989,232.967,1406,281,2347,1747,22.3727,8.4208
6990,233.000,1407,280,2349,1749,23.8336,11.2461
6991,233.033,1407,280,2349,1749,24.1483,11.4046
6992,233.067,1407,280,2349,1749,24.1483,11.4046
6993,233.100,1407,280,2349,1749,24.1483,11.4046
6994,233.133,1407,280,2349,1749,24.2344,11.5371
6995,233.167,1407,281,2349,1749,22.4064,10.1014
6996,233.200,1407,281,2349,1749,22.0397,9.6154
6997,233.233,1406,281,2349,1749,24.0441,9.6376
6998,233.267,1406,281,2350,1747,23.5708,8.9967
6999,233.300,1406,281,2350,1748,23.3431,10.9581
7000,233.333,1406,282,2351,1748,21.1040,12.1266
7001,233.367,1406,282,2351,1748,21.3830,12.2865
7002,233.400,1405,283,2351,1748,22.5626,10.8259
7003,233.433,1405,282,2350,1747,20.8188,9.8169
7004,233.467,1405,282,2350,1748,21.7242,10.6564
7005,233.500,1405,281,2350,1748,20.9266,10.1884
7006,233.533,1406,281,2349,1747,21.0632,12.0983
7007,233.567,1406,280,2350,1747,20.6471,12.0845
7008,233.600,1406,280,2349,1747,20.3348,12.4234
7009,233.633,1406,280,2349,1747,20.3663,12.3382
7010,233.667,1406,281,2349,1747,21.3341,12.5271
7011,233.700,1406,281,2350,1747,22.4986,10.4720
7012,233.733,1405,281,2350,1747,20.8559,10.5227
7013,233.767,1405,281,2350,1746,20.7721,10.4886
7014,233.800,1405,281,2349,1745,21.6375,11.4113
7015,233.833,1405,281,2350,1747,20.7202,11.0082
7016,233.867,1405,281,2350,1747,20.6125,11.5970
7017,233.900,1406,282,2350,1747,21.5331,11.3982
7018,233.933,1406,281,2350,1748,21.9416,12.5746
7019,233.967,1406,279,2349,1749,20.4753,12.4874
7020,234.000,1407,281,2350,1753,23.9548,9.0571
7021,234.033,1407,283,2350,1752,22.6939,7.9158
7022,234.067,1407,283,2350,1752,21.5696,8.5724
7023,234.100,1406,282,2349,1750,20.8700,11.7275
7024,234.133,1405,280,2348,1746,22.4382,10.3918
7025,234.167,1405,279,2346,1746,22.5918,12.2383
7026,234.200,1405,279,2347,1746,22.9110,11.1628
7027,234.233,1405,279,2347,1746,22.8213,10.8412
7028,234.267,1405,280,2346,1746,23.0774,11.2359
7029,234.300,1406,279,2346,1745,21.6938,11.1189
7030,234.333,1406,279,2346,1745,21.6000,11.7192
7031,234.367,1405,279,2346,1744,23.0499,11.0641
7032,234.400,1405,278,2346,1745,23.2153,11.1823
7033,234.433,1406,277,2345,1744,23.3288,12.6609
7034,234.467,1407,276,2345,1744,22.9843,9.9355
7035,234.500,1407,275,2345,1744,23.7343,9.0538
7036,234.533,1407,276,2345,1744,23.3715,10.4724
7037,234.567,1407,276,2345,1744,23.5517,11.1684
7038,234.600,1407,276,2345,1744,23.3668,11.2688
7039,234.633,1407,276,2345,1744,23.2922,11.4227
7040,234.667,1407,277,2346,1744,24.5750,8.7024
7041,234.700,1407,277,2346,1745,23.6237,10.5530
7042,234.733,1407,277,2346,1746,23.3566,8.5103
7043,234.767,1407,276,2347,1745,23.8515,9.9874
7044,234.800,1406,278,2349,1747,22.6198,10.5277
7045,234.833,1406,278,2350,1747,23.4048,9.9460
7046,234.867,1406,280,2351,1748,22.7710,8.2057
7047,234.900,1406,280,2352,1747,24.6689,6.9055
7048,234.933,1405,279,2352,1748,22.9016,7.6396
7049,234.967,1405,279,2352,1748,23.8951,7.9674
7050,235.000,1405,281,2353,1748,20.4245,10.4705
7051,235.033,1406,281,2352,1748,21.1834,10.5441
7052,235.067,1406,282,2353,1748,21.2540,9.7468
7053,235.100,1406,282,2352,1748,22.4549,10.4173
7054,235.133,1407,279,2352,1749,21.5811,10.2768
7055,235.167,1407,279,2352,1749,21.7199,10.0196
7056,235.200,1407,279,2352,1749,21.7247,10.0189
7057,235.233,1407,279,2352,1749,21.7263,9.9834
7058,235.267,1407,279,2352,1750,22.9655,12.9585
7059,235.300,1407,281,2351,1750,21.8581,9.8103
7060,235.333,1407,282,2351,1750,22.4669,8.4371
7061,235.367,1407,281,2351,1749,22.4133,6.9200
7062,235.400,1406,283,2352,1750,22.1056,8.8126
7063,235.433,1407,277,2351,1748,23.4172,13.3338
7064,235.467,1407,275,2350,1749,22.5158,10.7249
7065,235.500,1407,274,2349,1748,23.0990,13.5226
7066,235.533,1408,274,2348,1748,22.3230,13.7248
7067,235.567,1408,273,2348,1747,21.3527,13.6974
7068,235.600,1409,273,2348,1747,22.4329,14.0494
7069,235.633,1409,273,2348,1747,22.8345,14.0877
7070,235.667,1410,273,2348,1747,22.1036,11.1980
7071,235.700,1410,273,2348,1746,23.6991,13.3484
7072,235.733,1410,273,2348,1746,23.7211,13.8726
7073,235.767,1410,272,2348,1746,23.3651,13.8304
7074,235.800,1410,273,2348,1745,22.6119,12.0484
7075,235.833,1410,272,2348,1746,23.1957,15.2801
7076,235.867,1410,272,2347,1745,23.1399,13.6469
7077,235.900,1410,270,2347,1744,21.6650,13.8130
7078,235.933,1409,268,2347,1744,22.5264,14.0633
7079,235.967,1410,265,2346,1743,23.5319,14.8340
7080,236.000,1407,265,2344,1745,21.2461,11.8699
7081,236.033,1408,265,2343,1746,25.0218,12.5609
7082,236.067,1408,265,2342,1746,23.2844,12.8607
7083,236.100,1408,267,2341,1745,22.9184,10.7445
7084,236.133,1408,266,2342,1743,24.4049,9.4874
7085,236.167,1408,266,2341,1743,24.0965,12.6217
7086,236.200,1408,265,2341,1743,23.3936,11.4581
7087,236.233,1408,265,2341,1743,23.0926,12.7278
7088,236.267,1408,266,2341,1742,24.1970,7.3490
7089,236.300,1408,266,2343,1742,23.6255,8.7349
7090,236.333,1408,267,2343,1742,21.7292,9.7496
7091,236.367,1408,267,2343,1742,21.5262,9.6186
7092,236.400,1409,267,2343,1742,22.2682,11.0662
7093,236.433,1408,267,2344,1743,21.0140,11.4050
7094,236.467,1408,267,2344,1743,21.0140,11.4050
7095,236.500,1408,264,2345,1740,23.2836,13.8734
7096,236.533,1407,264,2345,1740,20.7814,15.6579
7097,236.567,1406,266,2346,1740,21.9990,15.9896
7098,236.600,1406,266,2346,1740,21.7007,15.2977
7099,236.633,1406,267,2347,1739,20.7947,15.1554
7100,236.667,1406,267,2347,1740,20.2423,16.5257
7101,236.700,1406,267,2347,1742,20.3728,14.9279
7102,236.733,1406,267,2347,1742,20.3227,14.8591
7103,236.767,1407,268,2347,1744,20.9080,15.7942
7104,236.800,1406,265,2347,1744,21.9014,14.8988
7105,236.833,1407,265,2347,1745,21.0204,13.8874
7106,236.867,1407,266,2347,1745,21.3710,14.7126
7107,236.900,1407,267,2346,1745,22.0149,10.0570
7108,236.933,1408,267,2345,1745,21.5808,10.9718
7109,236.967,1408,268,2345,1746,20.7382,8.3731
7110,237.000,1409,271,2345,1747,18.9993,8.8733
7111,237.033,1410,273,2345,1746,19.9210,10.9345
7112,237.067,1411,269,2344,1745,19.0659,13.0431
7113,237.100,1410,267,2343,1745,22.1786,12.2860
7114,237.133,1411,266,2343,1741,24.3389,9.9842
7115,237.167,1411,268,2343,1742,21.0918,9.7566
7116,237.200,1411,267,2343,1742,22.7822,9.6928
7117,237.233,1411,267,2343,1742,22.7836,9.0097
7118,237.267,1411,269,2344,1742,21.3942,11.9161
7119,237.300,1411,270,2344,1740,22.2387,10.9326
7120,237.333,1411,268,2344,1739,21.0460,11.5698
7121,237.367,1411,268,2345,1739,22.4955,10.4088
7122,237.400,1411,265,2346,1739,22.1585,11.5107
7123,237.433,1411,265,2345,1737,23.3925,7.4842
7124,237.467,1411,265,2345,1737,23.3323,7.2726
7125,237.500,1411,265,2345,1737,23.3277,7.3032
7126,237.533,1411,265,2345,1737,22.4732,7.2318
7127,237.567,1411,265,2345,1737,22.5158,7.5389
7128,237.600,1411,265,2345,1737,22.5947,8.4689
7129,237.633,1411,265,2345,1737,22.7167,7.9886
7130,237.667,1412,264,2346,1737,24.1424,8.1182
7131,237.700,1413,263,2345,1735,22.8932,14.7598
7132,237.733,1413,261,2345,1735,22.0853,13.5367
7133,237.767,1413,261,2345,1735,21.8801,13.3734
7134,237.800,1411,261,2346,1734,22.1034,8.7536
7135,237.833,1410,263,2345,1735,23.4421,11.7232
7136,237.867,1410,263,2345,1735,23.6735,12.0054
7137,237.900,1410,263,2345,1734,22.9216,9.4512
7138,237.933,1411,263,2346,1735,23.8039,11.9274
7139,237.967,1411,263,2346,1735,23.9155,11.3052
7140,238.000,1411,265,2344,1737,23.4868,8.8454
7141,238.033,1410,262,2342,1738,22.8172,10.3568
7142,238.067,1410,263,2343,1738,19.6820,11.0949
7143,238.100,1410,263,2343,1737,22.3376,8.7590
7144,238.133,1410,264,2343,1737,23.9485,6.6547
7145,238.167,1410,263,2343,1737,23.7660,9.0542
7146,238.200,1410,263,2343,1737,23.7635,9.2581
7147,238.233,1410,263,2343,1737,23.7147,9.2169
7148,238.267,1410,262,2343,1737,19.9277,11.7112
7149,238.300,1411,262,2344,1736,21.1283,10.6547
7150,238.333,1411,261,2344,1736,21.7628,8.9245
7151,238.367,1411,261,2344,1736,21.9623,8.8153
7152,238.400,1411,261,2344,1736,21.5188,10.1668
7153,238.433,1410,261,2344,1736,20.6005,8.6681
7154,238.467,1410,261,2344,1736,20.6638,8.7313
7155,238.500,1410,260,2344,1736,21.5067,9.7912
7156,238.533,1411,261,2344,1736,21.3317,9.9344
7157,238.567,1410,261,2344,1735,21.5605,11.3539
7158,238.600,1410,262,2345,1735,23.5529,8.4297
7159,238.633,1410,261,2345,1735,21.1107,9.8729
7160,238.667,1410,262,2346,1735,23.1736,8.4438
7161,238.700,1410,262,2345,1736,20.6428,8.9823
7162,238.733,1410,263,2344,1735,22.4041,10.0094
7163,238.767,1408,265,2346,1736,22.0670,13.0314
7164,238.800,1408,264,2346,1736,23.6788,12.0733
7165,238.833,1409,265,2346,1736,23.6254,10.6635
7166,238.867,1409,265,2346,1736,23.5896,10.5827
7167,238.900,1409,265,2346,1736,23.1598,10.9473
7168,238.933,1409,264,2346,1736,22.7870,11.0477
7169,238.967,1412,261,2348,1738,11.8825,16.6534
7170,239.000,1413,261,2347,1735,11.4340,16.8594
7171,239.033,1413,261,2346,1736,10.6438,17.7532
7172,239.067,1412,260,2347,1736,9.3184,18.3736
7173,239.100,1411,258,2349,1739,8.2342,17.4948
7174,239.133,1411,259,2349,1738,8.1384,13.2448
7175,239.167,1412,259,2349,1738,7.6638,17.6106
7176,239.200,1412,258,2350,1738,7.3541,15.9682
7177,239.233,1412,258,2349,1739,7.1474,15.7231
7178,239.267,1412,258,2349,1739,6.8102,15.4704
7179,239.300,1413,256,2348,1739,7.1077,18.9292
7180,239.333,1414,256,2349,1739,7.1818,17.6895
7181,239.367,1413,254,2347,1740,4.8810,18.3934
7182,239.400,1413,254,2347,1739,4.8837,17.1267
7183,239.433,1413,255,2349,1740,5.7298,19.8282
7184,239.467,1413,255,2349,1740,5.9833,19.4206
7185,239.500,1412,255,2350,1739,4.8301,16.2740
7186,239.533,1412,255,2350,1738,5.6573,16.8719
7187,239.567,1412,256,2350,1738,8.0962,14.7310
7188,239.600,1411,256,2350,1739,8.8426,14.1446
7189,239.633,1412,256,2349,1738,7.7401,18.0437
7190,239.667,1412,257,2349,1740,8.7238,17.6672
7191,239.700,1413,260,2348,1742,5.9265,18.2925
7192,239.733,1412,260,2348,1742,6.4803,18.4693
7193,239.767,1412,260,2348,1744,5.9396,17.2668
7194,239.800,1412,260,2348,1745,5.1454,12.9353
7195,239.833,1412,261,2348,1744,6.8689,15.0562
7196,239.867,1412,261,2348,1744,6.8891,15.1331
7197,239.900,1412,261,2348,1744,6.9416,15.3936
7198,239.933,1412,260,2347,1744,7.4969,19.5672
7199,239.967,1412,260,2347,1744,6.7258,18.8297
7200,240.000,1410,262,2347,1742,5.0423,16.4256
7201,240.033,1410,262,2347,1742,6.4771,15.6331
7202,240.067,1411,263,2346,1742,4.9980,16.1491
7203,240.100,1411,264,2345,1742,5.5239,15.2457
7204,240.133,1411,264,2346,1743,5.9608,16.1167
7205,240.167,1411,264,2346,1744,5.9415,17.8361
7206,240.200,1411,263,2347,1745,4.6791,19.2167
7207,240.233,1411,263,2347,1745,4.8892,18.9999
7208,240.267,1411,264,2347,1745,6.2749,14.4174
7209,240.300,1411,263,2347,1745,6.2962,16.6465
7210,240.333,1411,263,2347,1745,6.2200,16.5030
7211,240.367,1411,263,2347,1745,6.2414,16.4165
7212,240.400,1411,264,2347,1746,6.4321,15.9662
7213,240.433,1411,263,2347,1745,7.2012,16.2484
7214,240.467,1411,263,2347,1746,6.3807,14.0940
7215,240.500,1411,263,2347,1746,6.4628,14.0108
7216,240.533,1411,264,2349,1745,6.5435,15.8865
7217,240.567,1411,264,2349,1743,5.4046,18.4232
7218,240.600,1410,264,2349,1743,5.4477,20.6161
7219,240.633,1410,264,2350,1743,6.3952,22.2170
7220,240.667,1409,265,2351,1742,3.2676,17.2736
7221,240.700,1410,266,2351,1742,4.7508,16.6820
7222,240.733,1410,266,2351,1742,4.4397,17.3967
7223,240.767,1410,266,2351,1742,4.3108,17.0620
7224,240.800,1410,264,2352,1742,5.8551,17.5620
7225,240.833,1410,263,2352,1742,4.7203,21.4172
7226,240.867,1410,263,2352,1743,5.9603,21.9361
7227,240.900,1410,263,2352,1743,5.5444,22.0588
7228,240.933,1410,261,2350,1742,5.9143,15.1710
7229,240.967,1410,261,2349,1743,6.1345,16.4443
7230,241.000,1411,260,2348,1746,6.9783,16.5281
7231,241.033,1412,260,2348,1746,9.6307,17.1664
7232,241.067,1412,260,2348,1746,9.7907,17.6849
7233,241.100,1413,259,2346,1747,5.5365,20.9028
7234,241.133,1413,260,2347,1746,8.3255,16.6633
7235,241.167,1413,260,2347,1746,8.3561,16.3912
7236,241.200,1413,260,2347,1746,8.3561,16.3912
7237,241.233,1413,260,2347,1746,8.3656,16.4034
7238,241.267,1413,261,2347,1745,9.2827,16.4001
7239,241.300,1413,259,2352,1751,4.3099,13.9603
7240,241.333,1412,257,2351,1751,5.0231,15.3892
7241,241.367,1413,256,2350,1751,6.1820,15.0321
7242,241.400,1412,256,2351,1750,4.4116,12.3778
7243,241.433,1413,256,2352,1750,4.5083,14.9172
7244,241.467,1413,256,2352,1750,4.5196,14.9097
7245,241.500,1413,256,2352,1750,4.5152,14.9111
7246,241.533,1412,254,2352,1750,6.1061,15.5910
7247,241.567,1412,255,2352,1750,5.3814,17.4951
7248,241.600,1412,255,2352,1750,5.3814,17.4951
7249,241.633,1412,255,2352,1750,5.3814,17.4951
7250,241.667,1412,254,2352,1750,6.0011,15.7488
7251,241.700,1412,255,2352,1749,5.3491,13.2090
7252,241.733,1413,257,2351,1749,3.9167,14.2893
7253,241.767,1413,257,2351,1749,4.2066,13.8541
7254,241.800,1413,256,2352,1748,3.9873,12.8621
7255,241.833,1414,254,2352,1748,4.6803,12.4957
7256,241.867,1413,256,2352,1748,4.7982,13.8114
7257,241.900,1414,252,2352,1748,5.1650,13.0574
7258,241.933,1414,252,2352,1749,4.5630,10.7069
7259,241.967,1414,251,2352,1748,3.6018,15.8771
7260,242.000,1416,254,2354,1749,5.1511,14.5429
7261,242.033,1416,254,2354,1750,5.5122,13.5483
7262,242.067,1416,254,2354,1751,4.4634,13.1896
7263,242.100,1416,253,2354,1751,4.9087,13.9237
7264,242.133,1415,253,2354,1751,3.8145,12.7742
7265,242.167,1415,253,2354,1751,3.7144,13.5117
7266,242.200,1415,253,2354,1751,3.7144,13.5117
7267,242.233,1415,253,2354,1750,5.1575,13.8383
7268,242.267,1415,253,2354,1750,5.0077,13.9028
7269,242.300,1416,253,2354,1750,5.9825,14.1624
7270,242.333,1417,261,2353,1749,-1.1648,12.2379
7271,242.367,1417,261,2353,1748,-3.7805,12.7915
7272,242.400,1418,262,2353,1749,-6.8807,11.4443
7273,242.433,1418,261,2354,1751,-8.4480,14.6041
7274,242.467,1418,261,2354,1751,-8.4480,14.6041
7275,242.500,1418,261,2354,1751,-8.4480,14.6041
7276,242.533,1418,261,2354,1751,-8.4149,15.1262
7277,242.567,1417,265,2355,1750,-5.8023,11.4160
7278,242.600,1418,266,2355,1750,-7.6228,13.0744
7279,242.633,1418,266,2355,1750,-6.9970,12.9706
7280,242.667,1418,268,2355,1748,-7.5622,20.4191
7281,242.700,1419,270,2355,1747,-7.0739,16.1209
7282,242.733,1419,268,2356,1748,-8.5913,16.5646
7283,242.767,1419,268,2355,1748,-6.6597,13.6643
7284,242.800,1419,268,2355,1747,-9.4422,16.0420
7285,242.833,1419,268,2355,1746,-8.4996,14.3818
7286,242.867,1419,269,2355,1746,-8.2354,16.8597
7287,242.900,1419,269,2355,1746,-8.2386,16.7872
7288,242.933,1419,269,2356,1746,-8.7072,15.7569
7289,242.967,1419,269,2356,1747,-7.1062,16.6015
7290,243.000,1421,267,2356,1745,-7.9581,11.3108
7291,243.033,1420,267,2356,1745,-9.9174,12.8656
7292,243.067,1420,266,2356,1745,-10.1601,12.4782
7293,243.100,1420,266,2356,1745,-10.2201,12.4744
7294,243.133,1421,267,2356,1744,-8.4639,13.3828
7295,243.167,1421,267,2356,1744,-8.5592,13.1751
7296,243.200,1421,267,2356,1744,-8.5022,13.0404
7297,243.233,1422,267,2356,1743,-9.2270,11.4002
7298,243.267,1422,267,2355,1743,-9.2682,13.7911
7299,243.300,1422,266,2355,1743,-8.0622,14.0617
7300,243.333,1422,266,2355,1743,-8.1268,14.1253
7301,243.367,1422,266,2355,1743,-8.2253,13.8801
7302,243.400,1421,266,2354,1743,-9.2938,12.1489
7303,243.433,1420,267,2354,1741,-10.5321,14.1590
7304,243.467,1420,268,2354,1741,-9.4728,11.0745
7305,243.500,1419,266,2354,1743,-9.9747,11.7046
7306,243.533,1419,266,2354,1743,-10.6971,12.1663
7307,243.567,1419,270,2356,1743,-9.8998,12.8167
7308,243.600,1419,270,2356,1743,-9.5337,12.3516
7309,243.633,1419,269,2355,1743,-10.5558,12.0518
7310,243.667,1419,270,2355,1743,-10.0073,12.0240
7311,243.700,1419,270,2355,1743,-10.1136,11.8326
7312,243.733,1419,270,2355,1743,-10.0864,11.8114
7313,243.767,1419,270,2355,1743,-10.1534,12.0246
7314,243.800,1419,270,2355,1743,-9.8144,11.9011
7315,243.833,1419,270,2355,1743,-9.9387,12.0803
7316,243.867,1419,270,2355,1743,-9.9387,12.0803
7317,243.900,1419,270,2355,1743,-9.9387,12.0803
7318,243.933,1419,270,2355,1743,-10.1489,11.8223
7319,243.967,1419,269,2355,1743,-9.4925,14.1430
7320,244.000,1420,268,2354,1742,-8.1970,14.6386
7321,244.033,1420,269,2354,1743,-8.6423,15.8457
7322,244.067,1420,269,2354,1742,-7.9792,15.9948
7323,244.100,1420,270,2354,1742,-7.3322,16.3893
7324,244.133,1420,270,2354,1740,-8.4549,17.7805
7325,244.167,1420,269,2355,1738,-6.2014,19.7957
7326,244.200,1420,268,2355,1737,-7.9986,19.1752
7327,244.233,1420,268,2355,1737,-8.1550,19.3380
7328,244.267,1419,268,2355,1736,-6.5438,19.7109
7329,244.300,1418,269,2354,1736,-7.4578,20.6683
7330,244.333,1417,269,2355,1737,-8.7088,20.9979
7331,244.367,1417,269,2356,1736,-6.7363,18.9090
7332,244.400,1417,268,2356,1737,-8.2833,19.1693
7333,244.433,1417,267,2356,1738,-7.5255,20.8788
7334,244.467,1418,268,2357,1739,-7.8721,19.9158
7335,244.500,1418,267,2357,1738,-8.6385,20.5537
7336,244.533,1418,268,2358,1741,-8.6416,19.4517
7337,244.567,1418,268,2358,1741,-9.1010,17.8051
7338,244.600,1418,268,2357,1741,-8.3174,18.3109
7339,244.633,1418,269,2357,1741,-8.5753,18.5810
7340,244.667,1418,268,2358,1741,-8.8383,18.2805
7341,244.700,1418,268,2358,1741,-8.9120,17.4259
7342,244.733,1419,269,2359,1741,-8.7918,20.2683
7343,244.767,1419,269,2359,1741,-8.8661,20.4442
7344,244.800,1418,268,2359,1741,-9.1643,20.0312
7345,244.833,1418,268,2359,1741,-9.1533,20.2424
7346,244.867,1418,268,2359,1741,-9.0118,20.2209
7347,244.900,1418,268,2359,1741,-9.0672,20.1305
7348,244.933,1418,268,2358,1741,-8.8429,18.3282
7349,244.967,1418,268,2358,1740,-7.2263,18.7016
7350,245.000,1418,266,2359,1743,-8.6535,15.3721
7351,245.033,1418,266,2359,1742,-9.5457,14.4451
7352,245.067,1417,265,2359,1743,-8.3532,17.2525
7353,245.100,1417,266,2359,1742,-6.9202,20.0860
7354,245.133,1417,265,2359,1742,-8.2946,17.5043
7355,245.167,1418,266,2359,1742,-9.8553,16.5245
7356,245.200,1418,266,2358,1743,-8.0854,18.4760
7357,245.233,1418,266,2360,1745,-8.6108,18.4173
7358,245.267,1417,267,2359,1745,-8.8047,16.9084
7359,245.300,1417,267,2359,1745,-8.9770,17.0272
7360,245.333,1418,267,2359,1745,-7.7526,18.4511
7361,245.367,1417,267,2359,1745,-9.4764,17.1061
7362,245.400,1417,268,2359,1745,-10.0005,18.4360
7363,245.433,1417,267,2358,1743,-9.4229,16.7132
7364,245.467,1417,266,2358,1743,-6.8173,18.6585
7365,245.500,1417,265,2358,1744,-8.7190,17.8808
7366,245.533,1417,265,2359,1744,-8.9497,17.7901
7367,245.567,1417,265,2358,1744,-7.7945,19.2902
7368,245.600,1417,265,2357,1744,-7.3825,18.3461
7369,245.633,1417,265,2357,1744,-7.1430,18.4001
7370,245.667,1417,265,2356,1744,-8.3595,18.3495
7371,245.700,1417,266,2356,1742,-8.8234,17.4729
7372,245.733,1417,267,2357,1742,-10.9322,16.9520
7373,245.767,1417,269,2357,1741,-10.0181,20.8577
7374,245.800,1417,270,2356,1742,-10.2877,19.3884
7375,245.833,1417,271,2356,1742,-10.3972,18.5113
7376,245.867,1417,270,2356,1741,-11.5737,19.8103
7377,245.900,1412,284,2355,1744,13.0573,4.3011
7378,245.933,1413,283,2353,1743,13.2167,4.8888
7379,245.967,1412,280,2357,1748,12.3542,12.4163
7380,246.000,1414,279,2356,1749,13.8884,13.1479
7381,246.033,1413,276,2356,1749,15.2551,12.4528
7382,246.067,1413,276,2356,1749,15.2551,12.4528
7383,246.100,1413,276,2356,1749,15.2551,12.4528
7384,246.133,1413,277,2356,1749,13.9913,12.5284
7385,246.167,1413,276,2356,1749,14.3230,12.3036
7386,246.200,1417,271,2357,1750,11.1551,13.7177
7387,246.233,1416,270,2357,1751,11.0843,11.5141
7388,246.267,1416,272,2356,1751,10.2345,12.9880
7389,246.300,1416,273,2355,1752,9.7506,13.0052
7390,246.333,1416,268,2354,1751,8.0029,14.4627
7391,246.367,1416,264,2353,1751,7.3533,10.0673
7392,246.400,1416,266,2353,1752,7.5654,11.2247
7393,246.433,1417,268,2351,1753,8.6323,12.4313
7394,246.467,1414,263,2357,1753,8.1873,14.0373
7395,246.500,1413,266,2359,1752,9.4648,15.2391
7396,246.533,1411,266,2360,1750,8.9501,15.1652
7397,246.567,1411,265,2360,1750,8.1958,14.6382
7398,246.600,1412,266,2360,1749,9.0310,11.3830
7399,246.633,1412,266,2360,1749,9.1092,11.5867
7400,246.667,1412,263,2358,1746,9.3318,16.1533
7401,246.700,1413,265,2358,1746,8.6282,15.5893
7402,246.733,1413,263,2359,1744,7.8256,19.0182
7403,246.767,1413,263,2359,1743,7.5712,18.8871
7404,246.800,1413,262,2359,1742,6.5912,16.0331
7405,246.833,1413,261,2359,1742,5.4024,17.2002
7406,246.867,1413,261,2359,1742,5.4289,17.2697
7407,246.900,1413,261,2359,1742,5.4289,17.2697
7408,246.933,1413,261,2359,1743,6.5220,17.1203
7409,246.967,1413,261,2359,1743,6.6328,17.1675
7410,247.000,1412,262,2356,1743,6.2416,15.8577
7411,247.033,1411,262,2352,1743,7.6897,15.4926
7412,247.067,1411,262,2351,1743,7.7925,14.6246
7413,247.100,1411,262,2351,1743,7.8964,14.9015
7414,247.133,1411,262,2350,1744,9.6870,14.0215
7415,247.167,1411,263,2351,1745,8.2415,14.4306
7416,247.200,1411,263,2351,1745,8.0431,14.4381
7417,247.233,1411,263,2351,1745,8.0630,14.6332
7418,247.267,1411,262,2351,1745,8.4758,14.9398
7419,247.300,1411,262,2351,1745,8.5036,14.5655
7420,247.333,1411,262,2351,1745,7.9609,15.6376
7421,247.367,1411,262,2352,1745,7.8725,14.1131
7422,247.400,1411,263,2352,1745,8.5112,13.4946
7423,247.433,1410,262,2353,1745,8.4297,15.7031
7424,247.467,1412,262,2354,1744,8.3524,16.0576
7425,247.500,1412,261,2354,1744,7.6419,13.6878
7426,247.533,1413,262,2355,1744,6.4781,15.8106
7427,247.567,1414,262,2356,1745,7.1697,15.1374
7428,247.600,1413,262,2356,1745,6.7975,15.1156
7429,247.633,1413,262,2356,1745,6.6790,15.2424
7430,247.667,1413,261,2355,1745,5.7004,14.4772
7431,247.700,1412,260,2355,1744,5.5092,11.6610
7432,247.733,1412,260,2355,1744,5.5455,11.5954
7433,247.767,1412,261,2355,1744,7.2916,16.4993
7434,247.800,1412,262,2354,1744,7.7715,16.4505
7435,247.833,1411,262,2355,1743,7.8892,14.1214
7436,247.867,1412,261,2356,1743,7.6939,17.1490
7437,247.900,1412,262,2356,1743,7.9600,15.3020
7438,247.933,1412,260,2357,1743,6.8943,17.0265
7439,247.967,1413,259,2358,1742,6.8244,16.0826
7440,248.000,1412,262,2361,1741,7.2416,17.5769
7441,248.033,1413,261,2361,1741,6.2613,15.7166
7442,248.067,1413,262,2361,1741,7.1396,17.2388
7443,248.100,1414,262,2361,1739,7.6643,17.4805
7444,248.133,1414,263,2360,1739,7.5864,17.9806
7445,248.167,1413,263,2360,1739,8.4225,16.7218
7446,248.200,1413,263,2360,1739,8.4794,16.6681
7447,248.233,1413,262,2360,1739,7.1345,16.7992
7448,248.267,1413,262,2360,1739,7.1126,16.3035
7449,248.300,1413,262,2360,1739,7.2553,16.1704
7450,248.333,1413,262,2360,1739,7.2283,16.2090
7451,248.367,1413,262,2360,1739,7.3388,16.3060
7452,248.400,1413,263,2360,1739,8.5255,16.1067
7453,248.433,1413,263,2360,1740,9.1615,16.1213
7454,248.467,1413,263,2360,1740,9.1917,16.0198
7455,248.500,1413,263,2360,1740,9.3511,16.1917
7456,248.533,1413,264,2360,1740,8.9566,17.2410
7457,248.567,1413,263,2360,1741,7.9562,16.9186
7458,248.600,1413,264,2360,1741,8.4923,17.2231
7459,248.633,1412,264,2361,1742,7.2693,17.7536
7460,248.667,1413,263,2360,1741,7.4193,16.9779
7461,248.700,1413,264,2359,1742,7.4322,16.1781
7462,248.733,1413,264,2358,1742,7.3109,16.8378
7463,248.767,1414,264,2358,1742,5.9724,18.3059
7464,248.800,1412,261,2354,1745,5.3589,11.2083
7465,248.833,1410,264,2354,1747,7.9344,13.2024
7466,248.867,1410,264,2353,1748,7.1591,13.5770
7467,248.900,1408,265,2352,1748,7.9008,15.3420
7468,248.933,1409,264,2352,1749,7.5041,11.8188
7469,248.967,1409,263,2352,1749,6.7148,14.2344
7470,249.000,1411,259,2351,1750,3.3795,12.4149
7471,249.033,1412,258,2351,1750,6.8759,13.4243
7472,249.067,1411,268,2357,1751,6.3511,10.8076
7473,249.100,1408,265,2356,1750,7.7314,8.4579
7474,249.133,1408,273,2361,1748,7.4458,10.8415
7475,249.167,1409,270,2360,1745,7.1687,10.9085
7476,249.200,1409,272,2359,1746,7.1641,11.6779
7477,249.233,1409,273,2360,1747,8.4514,13.6051
7478,249.267,1408,273,2359,1748,9.7667,9.2787
7479,249.300,1408,272,2358,1747,8.0908,14.6253
7480,249.333,1409,273,2357,1747,5.5468,12.0029
7481,249.367,1414,282,2354,1740,7.4440,2.5193
7482,249.400,1407,284,2352,1735,7.7258,-0.0667
7483,249.433,1406,286,2353,1736,7.6334,-1.8685
7484,249.467,1408,285,2352,1737,6.0166,-0.3384
7485,249.500,1407,277,2356,1747,7.5398,12.4927
7486,249.533,1408,277,2358,1749,6.8437,17.3542
7487,249.567,1409,273,2360,1749,6.0442,16.4313
7488,249.600,1409,273,2360,1749,6.0369,16.4726
7489,249.633,1409,273,2360,1749,5.9879,16.3253
7490,249.667,1409,274,2360,1748,5.9306,16.5181
7491,249.700,1409,274,2360,1748,6.0238,16.3799
7492,249.733,1409,274,2360,1748,6.2270,16.7513
7493,249.767,1409,273,2362,1747,4.3236,16.4131
7494,249.800,1413,263,2363,1746,5.4295,12.2892
7495,249.833,1414,262,2361,1747,3.3521,13.4203
7496,249.867,1414,263,2361,1746,3.2827,16.0278
7497,249.900,1414,262,2362,1747,1.8831,16.5992
7498,249.933,1414,261,2361,1749,2.0427,12.5946
7499,249.967,1413,263,2360,1749,3.8000,14.0733
7500,250.000,1414,268,2358,1746,3.6462,15.5206
7501,250.033,1412,267,2358,1745,4.4941,14.3601
7502,250.067,1412,268,2357,1746,3.8806,14.3720
7503,250.100,1412,267,2357,1746,3.7818,16.1225
7504,250.133,1412,266,2356,1745,2.2211,15.9193
7505,250.167,1412,267,2356,1746,3.2405,17.1370
7506,250.200,1412,267,2356,1747,3.3740,17.0750
7507,250.233,1412,267,2356,1747,3.3421,17.1734
7508,250.267,1412,267,2356,1746,3.4250,18.7813
7509,250.300,1412,265,2357,1746,3.1980,17.1272
7510,250.333,1411,265,2357,1746,4.1240,18.0888
7511,250.367,1412,265,2357,1746,2.7648,17.1805
7512,250.400,1413,265,2358,1746,2.6268,16.5480
7513,250.433,1415,265,2358,1745,1.6267,18.7295
7514,250.467,1416,264,2358,1744,1.4921,19.1403
7515,250.500,1416,264,2358,1744,1.5602,19.1174
7516,250.533,1416,265,2359,1744,2.2903,16.0678
7517,250.567,1416,265,2359,1743,1.9053,18.4702
7518,250.600,1417,267,2358,1744,3.2970,14.8819
7519,250.633,1417,266,2358,1744,2.1637,16.3118
7520,250.667,1417,266,2359,1744,3.0847,17.5243
7521,250.700,1417,265,2360,1745,3.5412,18.6297
7522,250.733,1417,265,2360,1745,3.6433,18.5664
7523,250.767,1417,265,2361,1745,3.4053,15.8629
7524,250.800,1416,265,2362,1746,3.5508,16.1404
7525,250.833,1416,265,2362,1747,3.4427,16.0851
7526,250.867,1416,263,2360,1746,0.4964,16.8972
7527,250.900,1416,264,2362,1747,2.4579,15.3868
7528,250.933,1416,263,2363,1747,1.1917,14.3048
7529,250.967,1415,263,2364,1749,2.8078,14.8278
7530,251.000,1411,264,2366,1748,3.7474,15.9058
7531,251.033,1411,265,2365,1748,4.3141,13.9270
7532,251.067,1410,265,2363,1747,3.9554,14.0474
7533,251.100,1411,265,2363,1747,3.5650,15.1813
7534,251.133,1411,265,2363,1746,4.4577,15.8013
7535,251.167,1411,265,2363,1746,4.5243,15.7581
7536,251.200,1411,265,2363,1746,4.5243,15.7581
7537,251.233,1411,265,2363,1746,4.5243,15.7581
7538,251.267,1411,265,2363,1746,4.7263,16.2313
7539,251.300,1411,266,2363,1746,4.9262,15.2130
7540,251.333,1411,266,2363,1746,5.0543,15.4409
7541,251.367,1411,266,2363,1746,5.0648,15.5105
7542,251.400,1411,266,2363,1747,4.4466,13.3240
7543,251.433,1412,265,2363,1746,3.4493,15.8556
7544,251.467,1412,265,2363,1746,3.4860,15.9935
7545,251.500,1412,265,2363,1746,3.5972,15.7487
7546,251.533,1412,264,2363,1745,3.4941,15.6090
7547,251.567,1412,263,2363,1745,4.5357,16.1090
7548,251.600,1412,263,2363,1745,4.5357,16.1090
7549,251.633,1412,263,2363,1745,4.5357,16.1090
7550,251.667,1412,263,2363,1746,4.4022,17.1243
7551,251.700,1412,264,2361,1748,3.3427,18.2400
7552,251.733,1411,264,2361,1748,4.7060,17.0196
7553,251.767,1411,264,2360,1749,3.5049,18.5327
7554,251.800,1411,265,2360,1752,5.1182,12.1371
7555,251.833,1415,263,2361,1742,1.1992,18.9167
7556,251.867,1414,264,2361,1740,1.2686,20.2744
7557,251.900,1417,261,2357,1735,-0.8052,19.1233
7558,251.933,1418,258,2356,1729,-2.1436,21.1138
7559,251.967,1418,258,2355,1728,-2.2290,21.7927
7560,252.000,1418,258,2356,1729,-0.0541,20.8256
7561,252.033,1419,257,2356,1727,-0.7213,21.5853
7562,252.067,1419,257,2356,1727,-0.7213,21.5853
7563,252.100,1417,260,2351,1729,-0.0388,21.9687
7564,252.133,1416,262,2345,1729,-0.4931,21.5232
7565,252.167,1415,261,2344,1729,-1.4318,23.6470
7566,252.200,1414,255,2343,1730,-2.9728,22.8534
7567,252.233,1412,254,2343,1730,0.4173,23.2542
7568,252.267,1410,256,2345,1730,-0.4842,21.6043
7569,252.300,1410,264,2346,1729,-0.9370,19.8075
7570,252.333,1409,267,2346,1727,-1.2638,20.4828
7571,252.367,1410,267,2347,1727,-0.4812,21.4119
7572,252.400,1412,270,2347,1725,-0.5023,19.2089
7573,252.433,1411,268,2351,1727,-1.8343,19.3585
7574,252.467,1412,266,2351,1727,-1.8659,19.2517
7575,252.500,1412,266,2352,1726,-2.3903,19.3939
7576,252.533,1411,264,2351,1726,0.2586,20.2572
7577,252.567,1412,262,2352,1727,-4.8752,20.3397
7578,252.600,1413,263,2352,1725,-4.7415,20.8139
7579,252.633,1412,263,2354,1725,-2.1302,18.6685
7580,252.667,1413,261,2351,1725,-0.5696,18.7867
7581,252.700,1413,261,2351,1724,-0.3313,19.4742
7582,252.733,1414,263,2350,1725,-1.1973,19.7488
7583,252.767,1414,258,2351,1727,-0.9269,19.7014
7584,252.800,1412,257,2350,1729,-2.4450,21.9841
7585,252.833,1413,257,2349,1729,-1.5296,22.3578
7586,252.867,1412,253,2349,1731,-2.3283,21.1794
7587,252.900,1413,254,2351,1733,-3.6757,17.6042
7588,252.933,1413,256,2352,1734,-3.0332,16.4335
7589,252.967,1412,255,2353,1735,1.8157,16.5134
7590,253.000,1410,260,2354,1732,-1.1250,16.8908
7591,253.033,1412,258,2351,1729,-0.9538,16.2784
7592,253.067,1412,259,2352,1730,-0.1460,14.5193
7593,253.100,1413,257,2349,1729,0.1662,17.9126
7594,253.133,1414,258,2349,1727,-0.9094,20.8649
7595,253.167,1414,259,2347,1726,1.4190,18.5206
7596,253.200,1414,259,2347,1726,1.5222,18.7441
7597,253.233,1414,259,2347,1726,1.2688,19.4876
7598,253.267,1414,258,2347,1725,-0.1644,18.6322
7599,253.300,1414,258,2349,1723,-1.3990,17.4049
7600,253.333,1414,258,2349,1724,-0.8419,17.9216
7601,253.367,1414,257,2349,1724,0.6864,15.7311
7602,253.400,1414,256,2349,1724,0.0460,18.0797
7603,253.433,1414,256,2349,1724,0.2870,18.0939
7604,253.467,1414,256,2349,1724,0.3637,18.0689
7605,253.500,1414,256,2349,1724,0.3637,18.0689
7606,253.533,1414,256,2349,1724,0.3207,18.8381
7607,253.567,1414,259,2348,1722,-0.4607,21.5623
7608,253.600,1413,259,2347,1724,0.1197,20.8778
7609,253.633,1413,260,2348,1724,-1.5703,21.5804
7610,253.667,1413,261,2348,1723,-1.5384,18.0158
7611,253.700,1413,262,2348,1724,0.2541,19.9168
7612,253.733,1413,261,2349,1723,-0.0881,18.8218
7613,253.767,1413,261,2349,1723,-0.2328,19.5625
7614,253.800,1412,262,2350,1724,1.6753,19.2185
7615,253.833,1413,261,2350,1724,0.6797,19.9820
7616,253.867,1413,261,2350,1723,0.6090,18.0860
7617,253.900,1413,261,2350,1723,0.7041,18.1776
7618,253.933,1413,261,2350,1723,0.9610,18.3171
7619,253.967,1413,261,2350,1723,1.1805,16.5990
7620,254.000,1412,258,2350,1725,1.4384,16.9645
7621,254.033,1412,259,2350,1725,0.6500,16.0258
7622,254.067,1412,259,2350,1725,0.6500,16.0258
7623,254.100,1412,259,2350,1725,0.6031,15.8437
7624,254.133,1412,258,2350,1725,1.5174,16.1581
7625,254.167,1412,260,2351,1727,-2.1252,15.6253
7626,254.200,1412,260,2351,1726,-0.2706,14.7051
7627,254.233,1412,260,2351,1726,-0.5188,14.3647
7628,254.267,1411,260,2352,1725,-0.2624,17.6775
7629,254.300,1411,260,2352,1725,-0.4624,17.4903
7630,254.333,1411,260,2352,1725,-0.4624,17.4903
7631,254.367,1411,260,2352,1725,-0.4467,17.4712
7632,254.400,1411,259,2352,1725,-0.1856,15.8254
7633,254.433,1412,260,2351,1725,-0.3499,16.4801
7634,254.467,1413,264,2351,1725,-0.6310,18.5173
7635,254.500,1413,264,2351,1725,-0.6235,18.6427
7636,254.533,1415,266,2360,1730,0.0137,24.1031
7637,254.567,1415,268,2361,1731,-2.0331,19.6088
7638,254.600,1415,267,2361,1731,-1.3608,21.5131
7639,254.633,1414,268,2361,1731,-2.0609,20.6689
7640,254.667,1414,267,2360,1731,-0.8040,20.7802
7641,254.700,1414,268,2360,1731,-1.1188,21.9337
7642,254.733,1414,267,2360,1730,-0.7751,22.1197
7643,254.767,1414,267,2360,1730,-0.8895,21.8719
7644,254.800,1414,268,2360,1730,-0.4045,22.1720
7645,254.833,1413,269,2359,1730,-2.5742,23.6496
7646,254.867,1413,269,2356,1728,-0.6530,23.1043
7647,254.900,1413,268,2357,1727,0.4388,22.5882
7648,254.933,1413,269,2358,1728,-1.3283,21.7495
7649,254.967,1413,272,2357,1728,0.1658,23.0202
7650,255.000,1412,271,2359,1731,-1.3264,20.7899
7651,255.033,1412,271,2359,1731,-1.2630,20.3743
7652,255.067,1412,271,2359,1731,-1.2630,20.3743
7653,255.100,1412,271,2358,1731,1.1116,20.2970
7654,255.133,1412,271,2358,1730,0.6362,20.6436
7655,255.167,1412,273,2358,1729,-2.9859,20.0814
7656,255.200,1412,273,2358,1729,-3.0653,20.0945
7657,255.233,1411,271,2357,1729,1.9882,21.5545
7658,255.267,1411,270,2358,1728,-0.3306,19.5477
7659,255.300,1412,271,2357,1728,1.7297,21.6800
7660,255.333,1411,270,2358,1729,0.7666,22.2027
7661,255.367,1412,270,2359,1729,0.4185,23.0633
7662,255.400,1412,270,2359,1729,0.3677,23.1889
7663,255.433,1412,270,2359,1729,0.1669,23.1832
7664,255.467,1412,270,2359,1728,-0.1545,21.0776
7665,255.500,1412,270,2359,1728,-0.1545,21.0776
7666,255.533,1412,270,2359,1728,-0.4017,20.7832
7667,255.567,1413,269,2358,1729,0.2149,20.2882
7668,255.600,1413,269,2356,1728,-0.9294,21.5974
7669,255.633,1413,268,2358,1728,0.5694,21.6682
7670,255.667,1413,268,2358,1728,0.2983,22.3330
7671,255.700,1413,270,2359,1729,0.0327,22.1637
7672,255.733,1412,270,2360,1729,-2.7516,18.7685
7673,255.767,1413,271,2360,1729,-3.0265,21.8477
7674,255.800,1412,272,2360,1728,-0.0988,18.3441
7675,255.833,1413,272,2360,1729,-2.6402,19.7532
7676,255.867,1412,272,2360,1728,0.2663,18.6052
7677,255.900,1413,272,2360,1729,-2.6251,19.7005
7678,255.933,1413,273,2360,1729,-1.9935,20.6558
7679,255.967,1412,273,2360,1730,-2.2305,18.2065
7680,256.000,1413,274,2361,1727,2.0669,18.9576
7681,256.033,1413,274,2361,1727,2.1542,19.3277
7682,256.067,1413,274,2361,1727,2.2545,19.2350
7683,256.100,1414,274,2361,1727,0.5174,20.9008
7684,256.133,1413,274,2361,1727,2.5065,19.5748
7685,256.167,1413,273,2359,1727,2.5451,19.7212
7686,256.200,1414,273,2360,1727,2.6150,21.6077
7687,256.233,1414,274,2359,1728,-0.9520,22.5323
7688,256.267,1413,271,2357,1729,2.4710,21.9253
7689,256.300,1413,271,2357,1729,2.5408,22.0114
7690,256.333,1413,271,2357,1729,2.4746,22.0435
7691,256.367,1413,271,2357,1729,2.5408,22.0114
7692,256.400,1413,271,2357,1729,2.4035,22.1911
7693,256.433,1414,269,2358,1726,3.4932,20.6728
7694,256.467,1413,268,2358,1726,2.3564,20.6323
7695,256.500,1413,268,2358,1726,2.3564,20.6323
7696,256.533,1413,265,2357,1724,0.6665,21.3229
7697,256.567,1413,264,2354,1722,2.4771,20.6016
7698,256.600,1413,264,2354,1722,2.1699,21.0786
7699,256.633,1413,263,2354,1722,1.0733,20.5711
7700,256.667,1413,260,2352,1721,-0.2293,18.7156
7701,256.700,1413,259,2351,1723,-0.5241,19.9719
7702,256.733,1412,260,2351,1723,-0.2817,19.8913
7703,256.767,1412,259,2351,1723,0.8123,19.7603
7704,256.800,1412,259,2352,1722,-0.4281,19.3795
7705,256.833,1413,259,2352,1723,-0.5259,19.5757
7706,256.867,1413,259,2352,1723,-0.5259,19.5757
7707,256.900,1413,259,2352,1723,-0.5259,19.5757
7708,256.933,1413,260,2352,1722,-0.6874,22.3938
7709,256.967,1412,260,2351,1723,-0.2963,19.3475
7710,257.000,1410,262,2351,1723,2.2664,23.0376
7711,257.033,1410,264,2350,1721,1.8361,20.5884
7712,257.067,1410,265,2350,1720,0.1221,22.2115
7713,257.100,1410,264,2350,1719,0.1781,21.4964
7714,257.133,1411,264,2349,1719,1.6597,17.5933
7715,257.167,1411,263,2349,1720,2.2950,19.6550
7716,257.200,1411,262,2348,1720,-2.6255,18.6573
7717,257.233,1410,262,2348,1721,0.8219,21.1452
7718,257.267,1410,262,2348,1722,-0.6664,19.8925
7719,257.300,1410,261,2347,1724,-1.0035,18.1915
7720,257.333,1410,260,2348,1726,0.0247,18.1959
7721,257.367,1410,261,2348,1726,-1.4232,18.6758
7722,257.400,1410,261,2349,1726,-1.2467,19.8972
7723,257.433,1411,260,2351,1726,-0.7920,18.4290
7724,257.467,1411,261,2352,1726,-0.7681,18.5535
7725,257.500,1411,262,2352,1726,-0.6061,18.2747
7726,257.533,1411,262,2353,1727,0.4173,18.3112
7727,257.567,1411,262,2351,1726,-0.1802,18.2646
7728,257.600,1411,262,2350,1726,1.3385,18.2863
7729,257.633,1411,262,2349,1726,-1.9503,20.5330
7730,257.667,1411,261,2349,1724,-1.0164,17.0922
7731,257.700,1410,262,2349,1722,0.9523,19.7217
7732,257.733,1411,262,2348,1722,-2.4223,15.9542
7733,257.767,1411,263,2349,1723,1.5170,18.4383
7734,257.800,1411,264,2349,1723,0.9553,18.4608
7735,257.833,1411,264,2348,1724,1.5719,18.4555
7736,257.867,1411,267,2347,1727,15.0606,12.2951
7737,257.900,1412,267,2348,1726,16.4480,15.5950
7738,257.933,1411,267,2349,1727,15.6621,17.5132
7739,257.967,1411,267,2350,1727,16.4317,18.2221
7740,258.000,1410,266,2353,1727,16.2847,18.4819
7741,258.033,1411,269,2353,1726,14.1771,18.7623
7742,258.067,1412,270,2353,1726,15.1340,18.3468
7743,258.100,1412,271,2353,1726,13.5823,18.5089
7744,258.133,1412,275,2353,1727,15.6836,18.5664
7745,258.167,1411,273,2351,1726,14.9147,16.6402
7746,258.200,1411,274,2350,1728,15.4149,16.2433
7747,258.233,1409,272,2351,1727,17.4255,14.2188
7748,258.267,1410,269,2349,1729,14.2408,18.2553
7749,258.300,1410,269,2350,1729,15.2387,18.1221
7750,258.333,1410,269,2350,1729,15.3628,18.1898
7751,258.367,1410,269,2350,1729,15.3443,18.1559
7752,258.400,1410,268,2350,1729,15.1462,16.7152
7753,258.433,1410,271,2351,1729,16.1111,17.9750
7754,258.467,1410,271,2352,1729,16.0103,13.5152
7755,258.500,1409,273,2350,1727,16.8246,13.2451
7756,258.533,1408,275,2349,1727,16.6146,14.4190
7757,258.567,1408,276,2349,1728,17.2655,13.7346
7758,258.600,1410,278,2347,1724,18.0065,8.8453
7759,258.633,1409,281,2347,1726,17.9044,8.2250
7760,258.667,1408,279,2347,1729,18.7265,7.1647
7761,258.700,1409,279,2347,1728,20.0228,10.0883
7762,258.733,1409,279,2347,1728,19.9831,10.0555
7763,258.767,1409,279,2347,1728,19.9764,10.0509
7764,258.800,1409,279,2348,1728,18.4831,10.2290
7765,258.833,1411,280,2346,1725,20.7240,11.2214
7766,258.867,1411,283,2349,1733,12.6201,16.6660
7767,258.900,1411,283,2348,1732,14.4865,14.6270
7768,258.933,1413,280,2349,1728,17.6356,14.3737
7769,258.967,1414,275,2353,1725,5.8126,13.0787
7770,259.000,1412,270,2358,1726,-3.1881,12.5985
7771,259.033,1412,270,2358,1725,-4.2177,11.1399
7772,259.067,1412,270,2358,1725,-4.2177,11.1399
7773,259.100,1412,270,2358,1725,-4.1956,11.0465
7774,259.133,1412,270,2358,1725,-4.3150,11.4992
7775,259.167,1412,270,2358,1725,-4.3223,11.4804
7776,259.200,1412,270,2358,1725,-4.3223,11.4804
7777,259.233,1412,270,2358,1725,-4.3223,11.4804
7778,259.267,1412,270,2358,1725,-4.3648,11.3903
7779,259.300,1412,270,2358,1725,-4.3648,11.3903
7780,259.333,1412,270,2358,1725,-4.3648,11.3903
7781,259.367,1411,279,2352,1733,-9.9763,13.2331
7782,259.400,1412,279,2355,1732,-8.1367,12.0012
7783,259.433,1412,279,2355,1733,-8.1492,13.2972
7784,259.467,1412,279,2355,1733,-8.7308,13.3326
7785,259.500,1412,279,2356,1732,-10.5652,12.6296
7786,259.533,1413,279,2357,1732,-10.5744,12.6516
7787,259.567,1413,279,2357,1732,-10.5964,12.5864
7788,259.600,1413,279,2357,1732,-10.5007,12.6262
7789,259.633,1413,279,2357,1731,-11.8978,12.0682
7790,259.667,1412,278,2357,1731,-9.2318,10.7382
7791,259.700,1412,278,2357,1731,-9.2318,10.7382
7792,259.733,1412,278,2357,1731,-9.2189,10.7470
7793,259.767,1413,277,2357,1730,-10.3648,12.0241
7794,259.800,1412,281,2356,1732,-7.9548,10.4320
7795,259.833,1411,280,2352,1737,-11.1931,12.1797
7796,259.867,1413,277,2349,1729,2.2691,15.7368
7797,259.900,1413,277,2352,1730,1.7407,14.5099
7798,259.933,1415,279,2352,1731,2.8348,17.0077
7799,259.967,1414,275,2350,1728,-6.2410,16.8011
7800,260.000,1414,273,2347,1722,-3.8698,14.2865
7801,260.033,1414,272,2347,1722,-4.3458,14.5372
7802,260.067,1414,272,2347,1722,-4.3458,14.5372
7803,260.100,1414,272,2347,1722,-4.3768,14.6373
7804,260.133,1414,273,2347,1722,-4.2219,14.0651
7805,260.167,1413,272,2347,1723,-3.2624,14.3494
7806,260.200,1413,272,2347,1723,-3.2553,14.3306
7807,260.233,1413,272,2348,1722,-3.2816,15.2369
7808,260.267,1413,273,2347,1722,-4.4913,15.6713
7809,260.300,1414,271,2346,1723,-6.4523,15.3728
7810,260.333,1414,271,2346,1723,-6.4057,15.4247
7811,260.367,1413,271,2346,1724,-5.9660,15.8618
7812,260.400,1413,272,2346,1723,-5.0859,15.4424
7813,260.433,1414,273,2348,1726,-2.6936,16.0548
7814,260.467,1415,273,2347,1726,0.3068,15.6077
7815,260.500,1415,273,2350,1727,-0.1162,18.5119
7816,260.533,1414,272,2347,1728,-0.2036,19.3586
7817,260.567,1414,272,2347,1731,0.9607,21.5327
7818,260.600,1414,272,2347,1731,1.2949,21.3212
7819,260.633,1414,273,2347,1732,3.0873,21.7317
7820,260.667,1413,271,2346,1733,1.4202,15.4239
7821,260.700,1413,271,2346,1734,1.8509,17.9237
7822,260.733,1413,271,2346,1734,1.8901,17.9665
7823,260.767,1413,271,2346,1734,1.5805,18.0098
7824,260.800,1413,271,2346,1734,1.5746,17.9382
7825,260.833,1412,270,2346,1734,2.7311,16.1026
7826,260.867,1412,270,2346,1734,2.7311,16.1026
7827,260.900,1412,270,2346,1734,2.7311,16.1026
7828,260.933,1411,263,2346,1731,0.4525,20.8105
7829,260.967,1410,266,2349,1733,1.0552,21.8965
7830,261.000,1410,269,2351,1730,-0.0328,21.8122
7831,261.033,1410,262,2351,1731,-0.0523,20.4061
7832,261.067,1412,265,2351,1731,0.0244,20.7522
7833,261.100,1411,264,2351,1731,-0.0863,21.0531
7834,261.133,1412,264,2350,1731,-0.0601,21.7261
7835,261.167,1412,266,2350,1731,-2.4146,19.4497
7836,261.200,1412,266,2350,1731,-2.3748,19.6386
7837,261.233,1412,266,2350,1731,-2.3308,19.9695
7838,261.267,1413,264,2350,1730,1.1860,22.0002
7839,261.300,1413,265,2349,1729,0.8427,22.6449
7840,261.333,1413,269,2350,1729,1.3496,18.4439
7841,261.367,1413,269,2350,1726,1.3712,20.1963
7842,261.400,1412,268,2349,1727,-0.3524,20.6224
7843,261.433,1415,261,2347,1716,2.3132,28.9609
7844,261.467,1417,258,2347,1713,0.3589,26.4780
7845,261.500,1417,262,2349,1715,2.7834,25.6974
7846,261.533,1417,266,2351,1717,2.1653,26.5280
7847,261.567,1417,266,2351,1717,0.0508,25.0680
7848,261.600,1417,265,2350,1717,-0.4097,22.9898
7849,261.633,1417,266,2350,1719,-2.7067,24.9420
7850,261.667,1417,266,2349,1718,-1.2288,23.7776
7851,261.700,1417,266,2348,1717,0.7692,23.4599
7852,261.733,1418,266,2347,1716,-0.6949,23.3448
7853,261.767,1417,267,2349,1718,-3.4777,22.8606
7854,261.800,1417,267,2349,1718,-3.4777,22.8606
7855,261.833,1417,267,2349,1718,-3.4777,22.8606
7856,261.867,1416,267,2350,1718,-0.2543,23.2914
7857,261.900,1416,266,2351,1717,-1.6169,22.6333
7858,261.933,1417,265,2351,1716,-0.7624,23.1449
7859,261.967,1418,265,2351,1715,-0.8171,24.1901
7860,262.000,1417,264,2350,1714,-2.1848,25.4026
7861,262.033,1418,261,2349,1717,-1.7144,26.5294
7862,262.067,1418,262,2350,1716,-2.4063,24.5420
7863,262.100,1418,260,2349,1716,-2.7036,24.7165
7864,262.133,1418,259,2350,1718,-4.0388,22.3019
7865,262.167,1418,259,2349,1719,-1.8196,25.2093
7866,262.200,1417,258,2349,1719,-1.0539,24.3395
7867,262.233,1417,259,2349,1719,-3.7358,24.9760
7868,262.267,1418,258,2350,1719,-1.0173,26.0568
7869,262.300,1418,259,2349,1716,-2.6169,24.6333
7870,262.333,1419,260,2350,1716,-2.1555,25.2155
7871,262.367,1419,259,2349,1715,-0.9079,25.6499
7872,262.400,1420,258,2348,1713,-2.5629,24.0481
7873,262.433,1422,258,2345,1712,-3.4003,21.9633
7874,262.467,1421,259,2346,1712,-5.1200,23.9543
7875,262.500,1421,258,2344,1712,-5.0564,21.5063
7876,262.533,1421,255,2345,1711,-5.4940,18.9319
7877,262.567,1420,256,2346,1713,-5.2175,21.6265
7878,262.600,1420,256,2346,1713,-4.9828,21.3360
7879,262.633,1420,255,2345,1713,-5.7033,17.1870
7880,262.667,1419,256,2345,1712,-5.3031,22.6030
7881,262.700,1419,255,2345,1712,-6.9827,22.4810
7882,262.733,1419,255,2345,1712,-6.9827,22.4810
7883,262.767,1419,255,2345,1712,-6.9827,22.4810
7884,262.800,1420,252,2344,1711,-3.6268,19.6923
7885,262.833,1420,252,2345,1710,-3.4799,20.4106
7886,262.867,1420,252,2344,1709,-2.7196,20.3654
7887,262.900,1420,251,2344,1711,-2.6408,20.0806
7888,262.933,1419,250,2343,1709,-2.5708,20.7934
7889,262.967,1418,250,2343,1708,-2.2161,21.1016
7890,263.000,1415,259,2346,1711,-4.2533,20.3480
7891,263.033,1416,258,2347,1713,-1.3994,22.0079
7892,263.067,1416,267,2348,1712,-5.2364,21.6834
7893,263.100,1415,266,2349,1712,-3.6799,22.0027
7894,263.133,1415,266,2349,1714,-4.0340,23.5576
7895,263.167,1415,266,2349,1715,-4.4761,22.0933
7896,263.200,1415,266,2350,1715,-5.0418,23.1713
7897,263.233,1415,266,2350,1715,-5.0418,23.1713
7898,263.267,1415,266,2350,1715,-5.0967,23.0623
7899,263.300,1415,267,2350,1715,-4.6967,21.9831
7900,263.333,1416,266,2348,1713,-2.7226,21.6787
7901,263.367,1416,267,2349,1712,-3.1219,21.8223
7902,263.400,1416,265,2348,1711,-2.1829,21.6655
7903,263.433,1415,264,2347,1710,-2.8720,25.0359
7904,263.467,1416,264,2347,1709,-3.9082,24.5610
7905,263.500,1416,264,2347,1709,-3.5781,25.1183
7906,263.533,1416,264,2347,1709,-3.1478,25.5427
7907,263.567,1416,263,2347,1710,-3.8349,27.0132
7908,263.600,1415,263,2349,1711,-2.4589,23.6746
7909,263.633,1416,262,2349,1711,-3.0530,24.2692
7910,263.667,1416,259,2350,1711,-4.7866,24.8454
7911,263.700,1416,259,2351,1711,-7.6300,24.3521
7912,263.733,1416,259,2351,1710,-7.3153,23.7809
7913,263.767,1417,260,2352,1710,-3.8947,23.9148
7914,263.800,1417,260,2354,1710,-3.4754,26.8208
7915,263.833,1417,261,2355,1711,-2.0117,27.0876
7916,263.867,1417,261,2355,1711,-2.0083,27.0634
7917,263.900,1417,261,2355,1711,-2.0006,27.0470
7918,263.933,1417,259,2354,1712,-3.7593,26.1399
7919,263.967,1416,259,2354,1712,-4.0856,24.8250
7920,264.000,1417,261,2353,1708,-3.2754,23.9752
7921,264.033,1417,261,2354,1706,-2.7946,23.8039
7922,264.067,1417,261,2354,1705,-2.5920,21.7897
7923,264.100,1419,268,2352,1702,-3.3056,20.1600
7924,264.133,1419,267,2350,1701,-3.9382,20.6455
7925,264.167,1418,264,2350,1701,-5.8837,20.1563
7926,264.200,1419,264,2349,1700,-6.2941,20.8726
7927,264.233,1413,267,2349,1697,1.6544,15.0981
7928,264.267,1413,269,2348,1695,2.0762,16.7007
7929,264.300,1414,268,2347,1694,1.6552,17.4807
7930,264.333,1415,268,2348,1694,2.5400,18.4639
7931,264.367,1434,266,2354,1718,0.5623,23.6383
7932,264.400,1434,265,2354,1718,2.7719,26.2260
7933,264.433,1433,264,2353,1718,3.1949,22.8197
7934,264.467,1434,264,2353,1718,3.0485,24.4652
7935,264.500,1433,264,2353,1718,3.0914,22.7557
7936,264.533,1417,259,2343,1703,4.9095,24.6322
7937,264.567,1417,260,2342,1704,5.5905,24.8686
7938,264.600,1417,260,2342,1705,3.9138,25.7277
7939,264.633,1417,258,2342,1704,5.2255,23.9258
7940,264.667,1417,259,2342,1706,4.2304,24.0045
7941,264.700,1416,259,2341,1706,5.8440,24.9059
7942,264.733,1416,259,2341,1706,5.4586,24.8441
7943,264.767,1416,258,2341,1707,3.9592,24.3927
7944,264.800,1416,256,2341,1707,6.7261,23.9492
7945,264.833,1416,256,2339,1706,5.9850,23.9684
7946,264.867,1416,257,2340,1706,5.8697,25.0785
7947,264.900,1417,257,2341,1706,8.0406,23.0832
7948,264.933,1417,256,2340,1705,4.4828,23.1544
7949,264.967,1416,255,2342,1705,-2.0550,22.5339
7950,265.000,1416,254,2345,1706,-3.3275,23.4463
7951,265.033,1416,256,2343,1707,-0.3115,22.6252
7952,265.067,1416,256,2344,1709,-0.9428,24.1566
7953,265.100,1416,254,2345,1709,-1.8645,21.7241
7954,265.133,1416,255,2345,1710,-2.8796,21.7726
7955,265.167,1416,257,2343,1710,-0.8339,24.5435
7956,265.200,1416,257,2344,1710,-1.5636,23.5802
7957,265.233,1416,257,2343,1710,-0.2125,23.6349
7958,265.267,1417,259,2344,1710,-1.5598,22.6842
7959,265.300,1416,261,2344,1710,-3.0045,22.0351
7960,265.333,1415,261,2345,1711,-1.7468,22.0330
7961,265.367,1416,262,2345,1710,-2.7510,23.0960
7962,265.400,1416,262,2346,1712,-3.4352,23.4768
7963,265.433,1417,262,2347,1716,-3.9420,23.9492
7964,265.467,1417,264,2347,1715,-3.0575,26.4539
7965,265.500,1417,265,2349,1718,-3.3772,22.9441
7966,265.533,1416,261,2347,1715,-0.5007,23.9997
7967,265.567,1416,263,2344,1715,0.3701,23.6833
7968,265.600,1416,263,2344,1715,0.3680,23.6817
7969,265.633,1416,263,2344,1715,0.3680,23.6817
7970,265.667,1416,261,2343,1715,1.7550,24.1165
7971,265.700,1415,263,2343,1715,0.9814,24.6396
7972,265.733,1415,265,2343,1714,1.7769,23.6438
7973,265.767,1414,270,2345,1712,0.2059,18.5356
7974,265.800,1414,269,2345,1712,0.5093,20.3987
7975,265.833,1415,267,2345,1714,-1.3028,19.6282
7976,265.867,1415,267,2345,1714,-1.5874,19.8981
7977,265.900,1415,266,2345,1713,-1.3741,21.4343
7978,265.933,1415,266,2346,1713,0.2983,19.7216
7979,265.967,1415,266,2346,1712,-0.3833,19.1702
7980,266.000,1414,265,2345,1713,1.2709,21.8884
7981,266.033,1414,265,2346,1713,2.2657,22.9187
7982,266.067,1415,265,2346,1712,0.5827,23.6227
7983,266.100,1415,265,2346,1712,0.7188,23.0401
7984,266.133,1416,267,2347,1712,0.9023,21.8813
7985,266.167,1416,265,2349,1711,-1.1703,22.7907
7986,266.200,1416,265,2349,1711,-1.1703,22.7907
7987,266.233,1416,265,2349,1711,-1.1703,22.7907
7988,266.267,1417,264,2350,1710,-2.0865,21.4174
7989,266.300,1416,263,2350,1710,-1.3462,21.8817
7990,266.333,1417,264,2348,1710,-0.7790,23.9733
7991,266.367,1417,265,2347,1710,-0.3055,22.5042
7992,266.400,1417,264,2346,1709,2.7706,25.5824
7993,266.433,1417,262,2345,1710,-0.5066,22.0731
7994,266.467,1416,263,2344,1709,3.6625,23.7805
7995,266.500,1416,263,2344,1709,3.7446,23.5437
7996,266.533,1416,262,2344,1708,1.4002,21.9797
7997,266.567,1416,264,2344,1707,3.7249,24.6693
7998,266.600,1417,264,2344,1707,4.1780,23.8620
7999,266.633,1417,265,2345,1707,6.4716,26.4595
8000,266.667,1417,266,2345,1705,6.3984,25.3358
8001,266.700,1417,266,2345,1706,5.2429,24.2785
8002,266.733,1417,265,2345,1705,8.0732,25.8554
8003,266.767,1417,265,2345,1705,8.0816,25.9273
8004,266.800,1417,265,2346,1705,4.8043,25.1268
8005,266.833,1417,265,2346,1705,4.6745,25.1206
8006,266.867,1417,265,2346,1705,4.7922,25.1644
8007,266.900,1417,265,2346,1705,4.7247,25.2112
8008,266.933,1416,266,2346,1706,6.2967,23.6380
8009,266.967,1416,265,2347,1706,4.6886,23.4350
8010,267.000,1420,268,2350,1705,11.0330,21.9080
8011,267.033,1421,265,2351,1705,9.1089,25.2107
8012,267.067,1421,266,2350,1704,9.7609,25.7639
8013,267.100,1420,265,2351,1705,10.8114,22.3002
8014,267.133,1418,266,2349,1704,11.0163,23.2047
8015,267.167,1416,267,2349,1704,11.0244,22.0180
8016,267.200,1427,271,2356,1723,12.2229,21.2846
8017,267.233,1415,267,2349,1704,8.5127,23.8793
8018,267.267,1427,268,2354,1724,10.7704,22.4628
8019,267.300,1426,267,2353,1722,10.8493,20.4374
8020,267.333,1426,267,2353,1722,10.8493,20.4374
8021,267.367,1426,267,2353,1722,10.8493,20.4374
8022,267.400,1426,266,2353,1722,11.6687,20.9409
8023,267.433,1426,266,2353,1722,11.6775,21.3965
8024,267.467,1426,266,2353,1722,11.6775,21.3965
8025,267.500,1426,266,2353,1722,11.7336,21.6454
8026,267.533,1426,265,2353,1723,12.4458,24.4230
8027,267.567,1426,265,2353,1723,12.4918,23.4312
8028,267.600,1428,265,2355,1722,12.3136,24.6239
8029,267.633,1416,258,2347,1704,6.1226,24.2793
8030,267.667,1416,257,2347,1704,5.1822,23.7816
8031,267.700,1415,260,2345,1704,6.7511,23.5760
8032,267.733,1415,260,2345,1704,5.9641,23.2420
8033,267.767,1415,260,2345,1702,6.9345,24.7780
8034,267.800,1414,260,2343,1704,7.6229,25.1371
8035,267.833,1414,264,2341,1706,9.2762,24.4168
8036,267.867,1414,265,2341,1705,8.1827,24.6138
8037,267.900,1413,266,2340,1706,10.5833,23.8216
8038,267.933,1413,268,2339,1707,9.4697,22.6230
8039,267.967,1413,268,2339,1706,9.4781,22.6651
8040,268.000,1414,267,2340,1704,11.0122,22.5733
8041,268.033,1414,267,2340,1703,10.2992,22.5393
8042,268.067,1414,266,2338,1701,8.0596,23.4276
8043,268.100,1414,266,2338,1701,7.8234,23.4312
8044,268.133,1412,262,2336,1699,5.9476,22.9846
8045,268.167,1413,261,2336,1698,5.3629,23.2202
8046,268.200,1413,263,2337,1697,1.9698,24.0290
8047,268.233,1412,261,2337,1698,-0.9153,23.6161
8048,268.267,1412,257,2337,1698,-2.2411,20.5028
8049,268.300,1412,259,2336,1697,-0.9968,19.6086
8050,268.333,1412,259,2337,1698,-3.4038,21.8542
8051,268.367,1412,259,2337,1698,-3.5147,21.6282
8052,268.400,1412,261,2337,1697,-1.1115,20.2725
8053,268.433,1412,259,2337,1698,-3.2675,21.9476
8054,268.467,1412,259,2337,1698,-3.2675,21.9476
8055,268.500,1412,259,2337,1698,-3.2675,21.9476
8056,268.533,1412,259,2337,1699,-2.6971,20.3774
8057,268.567,1412,260,2339,1699,-1.9662,21.9895
8058,268.600,1413,261,2339,1699,-0.5350,22.5352
8059,268.633,1413,259,2339,1698,1.8478,20.3155
8060,268.667,1414,263,2340,1698,-3.7957,23.0870
8061,268.700,1414,265,2341,1697,0.6466,21.9868
8062,268.733,1414,264,2341,1698,-1.9429,21.2484
8063,268.767,1414,262,2341,1698,-3.3923,22.2379
8064,268.800,1413,263,2343,1700,1.7252,20.6935
8065,268.833,1413,261,2342,1701,-0.3873,23.0165
8066,268.867,1413,262,2342,1701,-1.1449,22.3555
8067,268.900,1413,262,2342,1700,-1.5734,21.6268
8068,268.933,1413,259,2340,1699,-0.7389,21.8931
8069,268.967,1413,259,2341,1700,0.7303,20.0187
8070,269.000,1415,261,2344,1699,-4.7350,21.7758
8071,269.033,1414,262,2344,1700,0.2179,21.6116
8072,269.067,1414,262,2344,1700,0.2179,21.6116
8073,269.100,1414,262,2344,1700,0.2179,21.6116
8074,269.133,1414,261,2343,1700,-3.8762,20.5843
8075,269.167,1414,262,2343,1703,-0.4705,20.0491
8076,269.200,1414,262,2343,1702,-1.9655,19.5601
8077,269.233,1414,263,2343,1701,0.5755,20.6393
8078,269.267,1414,262,2343,1704,-2.4130,19.5789
8079,269.300,1414,266,2343,1704,0.9501,21.9799
8080,269.333,1414,266,2343,1703,1.5063,21.6174
8081,269.367,1414,267,2344,1703,-0.9916,19.7233
8082,269.400,1415,269,2346,1702,-0.7993,19.3997
8083,269.433,1416,268,2347,1703,-1.4699,21.1972
8084,269.467,1416,268,2347,1704,0.0000,20.4376
8085,269.500,1417,269,2348,1705,-1.3818,21.1119
8086,269.533,1416,266,2350,1706,-0.9936,23.2605
8087,269.567,1417,265,2349,1705,-1.5291,20.7218
8088,269.600,1417,265,2349,1705,-2.2437,20.8882
8089,269.633,1417,265,2349,1705,-3.0943,20.5233
8090,269.667,1417,264,2349,1704,-2.3310,22.1194
8091,269.700,1415,264,2350,1705,-1.1828,22.7431
8092,269.733,1415,263,2350,1705,-1.8253,20.5261
8093,269.767,1415,263,2349,1704,-1.5919,22.7810
8094,269.800,1415,263,2350,1704,-0.8882,21.5707
8095,269.833,1415,264,2349,1704,-0.9958,22.6253
8096,269.867,1415,264,2349,1704,-0.7837,22.6791
8097,269.900,1417,263,2351,1702,-1.5815,21.9886
8098,269.933,1417,263,2351,1702,-2.0874,21.6459
8099,269.967,1417,262,2351,1702,-0.9637,23.2420
8100,270.000,1417,261,2353,1702,0.1732,22.3804
8101,270.033,1417,262,2352,1702,-1.6040,23.6228
8102,270.067,1414,264,2344,1700,1.9332,24.2279
8103,270.100,1414,261,2344,1701,-4.2244,23.7166
8104,270.133,1412,261,2344,1702,-0.0999,22.9191
8105,270.167,1411,262,2344,1707,1.5597,23.5254
8106,270.200,1411,262,2343,1707,0.6148,25.7166
8107,270.233,1411,260,2344,1708,-0.9735,24.7804
8108,270.267,1411,259,2345,1710,0.8793,22.9632
8109,270.300,1411,257,2347,1712,-0.6984,23.0063
8110,270.333,1411,257,2347,1712,-0.6984,23.0063
8111,270.367,1411,257,2347,1712,-0.9483,22.8275
8112,270.400,1411,256,2347,1713,-1.0536,23.0686
8113,270.433,1411,256,2345,1712,-0.4754,24.5104
8114,270.467,1411,256,2345,1712,-0.4754,24.5104
8115,270.500,1411,256,2345,1712,-0.4754,24.5104
8116,270.533,1414,251,2344,1703,0.7432,21.6289
8117,270.567,1415,251,2344,1700,0.9922,20.9295
8118,270.600,1415,253,2346,1702,-0.9236,22.1519
8119,270.633,1415,255,2346,1704,-0.3573,23.1635
8120,270.667,1416,256,2346,1703,-1.5310,22.8902
8121,270.700,1415,256,2346,1703,-0.0513,21.0479
8122,270.733,1415,256,2346,1703,-0.0462,21.0753
8123,270.767,1415,256,2346,1703,-0.0462,21.0753
8124,270.800,1416,256,2346,1702,-0.5335,24.1209
8125,270.833,1416,258,2345,1704,0.1340,23.0076
8126,270.867,1416,256,2345,1704,3.0659,24.4471
8127,270.900,1415,255,2343,1703,4.1420,24.7122
8128,270.933,1412,256,2342,1702,-1.2339,24.9416
8129,270.967,1413,255,2342,1704,0.7522,22.9144
8130,271.000,1414,260,2345,1704,1.6514,20.8627
8131,271.033,1414,261,2345,1703,1.7515,24.3531
8132,271.067,1414,261,2345,1704,2.1573,23.0391
8133,271.100,1414,261,2345,1704,2.1573,23.0391
8134,271.133,1415,262,2345,1703,1.7634,23.8467
8135,271.167,1415,262,2345,1703,1.6527,24.0325
8136,271.200,1415,262,2345,1703,1.6404,24.0695
8137,271.233,1415,262,2345,1703,1.6404,24.0695
8138,271.267,1414,262,2345,1703,2.0427,24.6249
8139,271.300,1415,263,2345,1703,4.3580,23.1794
8140,271.333,1414,263,2346,1704,5.0499,22.5155
8141,271.367,1414,260,2346,1707,-1.2091,23.1064
8142,271.400,1413,260,2346,1708,-1.7491,23.7782
8143,271.433,1413,260,2345,1707,-0.9634,23.1075
8144,271.467,1411,263,2345,1707,2.9370,24.3283
8145,271.500,1414,262,2345,1707,0.2709,22.9101
8146,271.533,1415,264,2345,1708,-2.3778,19.7444
8147,271.567,1414,264,2346,1708,-0.2392,23.9414
8148,271.600,1415,264,2345,1708,1.8420,20.7691
8149,271.633,1415,264,2346,1707,1.0605,23.0441
8150,271.667,1413,263,2346,1708,2.3526,22.9117
8151,271.700,1413,262,2347,1707,2.4572,22.8781
8152,271.733,1413,263,2346,1707,2.2619,25.0381
8153,271.767,1413,262,2345,1709,1.7114,23.8743
8154,271.800,1412,263,2344,1710,4.0866,24.2991
8155,271.833,1413,263,2344,1710,4.6236,23.1342
8156,271.867,1412,264,2347,1716,0.4834,22.0017
8157,271.900,1412,263,2348,1716,-0.6187,23.2151
8158,271.933,1413,259,2347,1714,-1.2433,22.2458
8159,271.967,1413,269,2350,1709,4.4002,19.4037
8160,272.000,1413,264,2346,1710,-2.4893,20.3016
8161,272.033,1414,269,2347,1712,1.1565,16.7675
8162,272.067,1413,265,2350,1711,1.9138,21.8206
8163,272.100,1415,265,2349,1711,-0.4909,22.8724
8164,272.133,1415,263,2346,1710,-4.8662,22.4378
8165,272.167,1415,263,2346,1710,-4.3320,22.4940
8166,272.200,1415,263,2346,1710,-4.3309,22.4888
8167,272.233,1415,263,2346,1710,-4.3649,22.4531
8168,272.267,1415,264,2346,1711,-5.6083,22.2174
8169,272.300,1416,267,2348,1709,-3.6594,21.9239
8170,272.333,1417,268,2350,1710,-2.6736,22.3953
8171,272.367,1418,264,2349,1707,-3.6634,22.8350
8172,272.400,1420,264,2351,1705,-5.0873,20.0704
8173,272.433,1418,268,2350,1704,-2.5546,22.8071
8174,272.467,1417,267,2349,1704,-3.7737,23.5985
8175,272.500,1415,266,2348,1705,-6.9997,21.1687
8176,272.533,1415,266,2348,1705,-6.8617,21.1690
8177,272.567,1415,267,2349,1705,-4.7377,23.7854
8178,272.600,1415,267,2349,1705,-4.7796,23.8153
8179,272.633,1415,267,2349,1705,-4.9185,23.7817
8180,272.667,1415,268,2348,1705,-4.3118,23.3990
8181,272.700,1415,270,2348,1705,-4.2063,21.0733
8182,272.733,1415,270,2348,1705,-4.2063,21.0733
8183,272.767,1415,270,2348,1705,-4.2063,21.0733
8184,272.800,1415,269,2349,1704,-3.2098,20.7770
8185,272.833,1415,266,2350,1705,-2.0357,23.8496
8186,272.867,1417,266,2351,1705,-2.1156,24.4521
8187,272.900,1416,264,2351,1704,-0.4353,23.7878
8188,272.933,1416,266,2351,1704,-0.5263,20.6567
8189,272.967,1415,269,2350,1701,-0.0997,21.1783
8190,273.000,1413,269,2348,1707,-0.4143,24.2096
8191,273.033,1412,266,2348,1709,0.9943,25.9167
8192,273.067,1413,267,2348,1708,1.3830,25.2734
8193,273.100,1412,269,2348,1708,0.8748,25.6959
8194,273.133,1413,265,2348,1711,-0.2959,24.2827
8195,273.167,1413,266,2350,1711,2.8112,25.8226
8196,273.200,1413,266,2350,1711,2.8112,25.8226
8197,273.233,1413,266,2350,1711,2.8112,25.8226
8198,273.267,1412,265,2350,1711,0.7200,26.3852
8199,273.300,1412,265,2350,1711,1.6411,26.5421
8200,273.333,1412,265,2350,1712,-1.0304,26.1215
8201,273.367,1412,266,2350,1713,-0.8728,24.6684
8202,273.400,1413,264,2351,1714,0.4503,25.5399
8203,273.433,1411,264,2352,1715,0.7383,23.0614
8204,273.467,1411,264,2352,1716,0.2937,23.0961
8205,273.500,1411,264,2352,1715,0.4536,23.0561
8206,273.533,1412,263,2351,1717,2.1260,25.5986
8207,273.567,1412,263,2354,1718,-1.2382,21.7278
8208,273.600,1412,262,2353,1716,1.7136,25.3051
8209,273.633,1412,262,2353,1716,1.5764,25.2995
8210,273.667,1412,259,2354,1714,-2.2220,21.7209
8211,273.700,1413,263,2352,1712,-0.5108,23.9975
8212,273.733,1413,263,2352,1715,1.2667,23.1952
8213,273.767,1412,264,2352,1715,-0.8124,22.7438
8214,273.800,1412,265,2349,1712,0.0365,22.4322
8215,273.833,1409,271,2345,1709,15.3670,14.7690
8216,273.867,1409,271,2345,1709,14.3804,14.7282
8217,273.900,1408,271,2345,1709,15.0172,17.2002
8218,273.933,1409,270,2346,1709,11.7083,11.8413
8219,273.967,1409,270,2346,1710,15.1187,13.6481
8220,274.000,1408,266,2346,1713,16.0312,18.7182
8221,274.033,1409,261,2347,1712,15.6169,18.5901
8222,274.067,1408,261,2348,1714,17.7606,17.9517
8223,274.100,1409,261,2348,1714,14.6039,16.3719
8224,274.133,1409,262,2347,1714,15.1921,16.5943
8225,274.167,1409,261,2346,1714,15.6625,17.9965
8226,274.200,1409,261,2346,1714,15.6488,18.0455
8227,274.233,1409,261,2346,1714,15.6391,17.5031
8228,274.267,1409,262,2346,1713,14.5784,16.9763
8229,274.300,1409,262,2346,1713,17.8338,16.5860
8230,274.333,1409,263,2346,1710,18.2713,18.2833
8231,274.367,1410,262,2346,1710,17.4730,14.9199
8232,274.400,1410,262,2346,1710,17.3513,16.0091
8233,274.433,1411,263,2344,1709,14.3626,19.2464
8234,274.467,1411,262,2344,1709,13.2197,18.8405
8235,274.500,1411,260,2343,1708,15.2038,16.3975
8236,274.533,1411,262,2343,1710,15.3134,19.7298
8237,274.567,1410,263,2342,1710,14.3045,15.8878
8238,274.600,1413,262,2343,1714,4.7522,21.5029
8239,274.633,1412,261,2343,1715,3.3346,22.3363
8240,274.667,1413,261,2343,1715,2.6319,21.5578
8241,274.700,1412,259,2343,1715,2.3022,20.7052
8242,274.733,1412,259,2343,1715,2.3022,20.7052
8243,274.767,1412,259,2343,1715,2.3022,20.7052
8244,274.800,1412,260,2343,1715,1.6315,20.8775
8245,274.833,1412,257,2344,1714,3.3124,22.2210
8246,274.867,1412,257,2344,1715,-2.7796,21.4229
8247,274.900,1412,256,2344,1715,-5.0839,20.5704
8248,274.933,1412,257,2344,1715,-3.3501,20.0605
8249,274.967,1413,257,2344,1713,-3.2404,20.9982
8250,275.000,1411,262,2347,1712,-0.7008,21.5987
8251,275.033,1412,262,2347,1711,-0.3992,22.4384
8252,275.067,1412,262,2347,1711,-0.3752,22.3600
8253,275.100,1412,262,2347,1711,-0.3752,22.3600
8254,275.133,1413,262,2347,1710,-0.6192,21.1899
8255,275.167,1412,261,2347,1710,-0.2174,21.8165
8256,275.200,1413,261,2347,1710,-0.8299,19.7492
8257,275.233,1413,261,2347,1710,-0.2508,19.5165
8258,275.267,1413,259,2346,1712,-1.5285,21.0755
8259,275.300,1413,260,2344,1711,-0.3207,21.4507
8260,275.333,1413,260,2345,1711,-1.6376,21.7062
8261,275.367,1413,260,2346,1711,-1.6691,21.7346
8262,275.400,1413,261,2346,1712,-3.8390,24.0035
8263,275.433,1413,258,2348,1710,-2.2635,23.8024
8264,275.467,1413,258,2349,1711,-1.5905,22.4487
8265,275.500,1413,258,2349,1711,-1.8111,22.5504
8266,275.533,1412,258,2349,1711,-0.3234,24.3918
8267,275.567,1412,259,2349,1713,-0.1614,24.5140
8268,275.600,1412,259,2349,1713,-0.1614,24.5140
8269,275.633,1412,259,2349,1713,-0.1614,24.5140
8270,275.667,1412,259,2349,1712,-0.7553,23.9775
8271,275.700,1416,262,2339,1702,-7.3242,25.7366
8272,275.733,1416,262,2339,1701,-8.2685,24.0983
8273,275.767,1415,262,2338,1701,-6.0986,24.1083
8274,275.800,1415,262,2337,1701,-4.6082,25.9650
8275,275.833,1416,263,2337,1701,-5.5262,25.7370
8276,275.867,1416,262,2339,1703,-6.0291,23.5470
8277,275.900,1416,262,2339,1704,-5.7455,23.9238
8278,275.933,1414,261,2342,1707,-6.7115,24.8855
8279,275.967,1415,263,2343,1708,-6.2946,25.0223
8280,276.000,1413,260,2344,1704,-7.4531,24.2435
8281,276.033,1414,260,2344,1705,-9.0274,25.4855
8282,276.067,1414,260,2344,1705,-9.0274,25.4855
8283,276.100,1413,260,2344,1705,-10.4260,23.9288
8284,276.133,1414,260,2344,1705,-9.0766,25.6915
8285,276.167,1413,260,2344,1710,-8.4575,28.6929
8286,276.200,1414,261,2343,1709,-4.1078,27.1526
8287,276.233,1414,259,2342,1711,-4.5765,26.7254
8288,276.267,1414,257,2343,1711,-6.7301,25.5874
8289,276.300,1414,258,2343,1713,-4.2895,24.9799
8290,276.333,1414,258,2343,1713,-4.2895,24.9799
8291,276.367,1414,258,2342,1712,-4.7589,25.6359
8292,276.400,1414,260,2345,1713,-6.9236,21.8932
8293,276.433,1413,264,2344,1713,-2.8574,24.9756
8294,276.467,1414,262,2344,1713,-5.0963,23.6496
8295,276.500,1415,261,2345,1714,-3.8973,21.7903
8296,276.533,1415,260,2344,1713,-6.2011,21.4435
8297,276.567,1414,262,2345,1713,-4.7412,22.7573
8298,276.600,1414,263,2346,1715,-3.0800,23.0911
8299,276.633,1414,262,2347,1713,-2.3771,23.8619
8300,276.667,1414,262,2347,1713,-2.4019,23.8728
8301,276.700,1413,264,2347,1714,-2.3485,22.2282
8302,276.733,1413,264,2347,1714,-2.3485,22.2282
8303,276.767,1413,264,2347,1714,-2.3485,22.2282
8304,276.800,1413,265,2346,1713,-1.2466,23.0452
8305,276.833,1413,261,2345,1713,1.7194,22.3074
8306,276.867,1413,260,2345,1714,0.3209,23.0446
8307,276.900,1412,260,2346,1712,0.4404,22.6162
8308,276.933,1413,259,2345,1712,-1.6612,22.9644
8309,276.967,1413,259,2345,1712,-0.9087,23.2714
8310,277.000,1413,262,2342,1713,-0.0430,23.9592
8311,277.033,1413,263,2343,1713,2.2468,23.1249
8312,277.067,1413,264,2342,1712,2.6598,23.1152
8313,277.100,1413,264,2342,1712,2.5746,23.2164
8314,277.133,1413,264,2341,1711,1.2143,23.8738
8315,277.167,1413,264,2341,1713,0.4438,23.3329
8316,277.200,1413,266,2338,1711,5.5966,23.2301
8317,277.233,1412,267,2336,1709,3.2821,21.4939
8318,277.267,1413,266,2336,1708,2.6229,21.2249
8319,277.300,1413,264,2336,1708,3.3375,23.0534
8320,277.333,1413,264,2336,1708,3.5390,23.1680
8321,277.367,1414,262,2336,1708,2.1484,21.9435
8322,277.400,1414,263,2337,1709,3.0910,22.3844
8323,277.433,1412,264,2337,1714,2.2998,21.9997
8324,277.467,1413,263,2337,1713,2.6689,23.5025
8325,277.500,1414,262,2337,1714,2.3846,23.0383
8326,277.533,1413,261,2338,1714,2.0175,23.3642
8327,277.567,1414,263,2339,1713,3.1354,22.6497
8328,277.600,1413,262,2337,1712,0.4663,24.2614
8329,277.633,1413,262,2337,1712,1.4922,24.3096
8330,277.667,1413,261,2337,1711,-0.0774,23.3508
8331,277.700,1413,261,2339,1711,2.9368,23.1112
8332,277.733,1413,262,2340,1710,5.1959,22.8863
8333,277.767,1414,261,2340,1708,4.3816,24.2588
8334,277.800,1414,261,2341,1708,3.0370,22.8881
8335,277.833,1413,262,2341,1709,4.5782,22.5263
8336,277.867,1413,262,2341,1709,4.5349,22.5407
8337,277.900,1414,262,2341,1709,3.7868,21.2349
8338,277.933,1414,262,2341,1709,3.5581,21.4212
8339,277.967,1414,260,2342,1706,2.5161,22.9046
8340,278.000,1412,258,2341,1711,-5.6287,23.4143
8341,278.033,1411,258,2342,1712,-7.2388,23.0988
8342,278.067,1413,260,2343,1711,-6.6653,25.0069
8343,278.100,1413,259,2344,1711,-4.8988,23.4415
8344,278.133,1414,259,2342,1709,-8.3203,25.1681
8345,278.167,1426,267,2354,1724,-3.5898,24.5036
8346,278.200,1426,267,2354,1724,-3.5898,24.5036
8347,278.233,1425,266,2354,1724,-1.0585,24.2892
8348,278.267,1425,268,2354,1726,-3.9968,24.9959
8349,278.300,1426,268,2354,1725,-5.7795,24.1956
8350,278.333,1426,267,2354,1725,-2.6939,24.2519
8351,278.367,1426,267,2354,1725,-2.3821,24.4913
8352,278.400,1425,266,2355,1724,-4.0652,24.8598
8353,278.433,1426,262,2355,1724,0.1548,24.6035
8354,278.467,1427,263,2355,1724,-0.5985,25.1343
8355,278.500,1426,263,2355,1724,0.5098,26.0742
8356,278.533,1426,264,2355,1723,-0.0072,23.4014
8357,278.567,1426,265,2355,1720,-0.3999,23.8860
8358,278.600,1426,264,2354,1722,0.0217,26.3304
8359,278.633,1425,264,2354,1722,0.4731,26.7431
8360,278.667,1425,263,2353,1722,1.2016,28.1040
8361,278.700,1425,264,2354,1721,1.6841,27.2868
8362,278.733,1426,265,2354,1721,2.0995,25.7829
8363,278.767,1426,265,2354,1721,2.0995,25.7829
8364,278.800,1426,265,2353,1722,1.5474,26.1193
8365,278.833,1425,264,2353,1722,1.1723,27.1569
8366,278.867,1425,266,2352,1724,3.0940,27.8938
8367,278.900,1424,262,2352,1722,4.2477,26.0141
8368,278.933,1413,256,2340,1703,1.7875,26.7503
8369,278.967,1412,255,2339,1702,1.7779,26.3541
8370,279.000,1414,258,2338,1700,3.1355,25.4590
8371,279.033,1414,258,2337,1700,2.6037,25.4732
8372,279.067,1414,258,2337,1700,2.6037,25.4732
8373,279.100,1414,258,2337,1700,2.6037,25.4732
8374,279.133,1414,258,2337,1699,1.9710,24.1862
8375,279.167,1414,258,2336,1700,2.8736,24.8720
8376,279.200,1414,254,2337,1698,7.1643,24.6293
8377,279.233,1415,257,2337,1699,6.0106,25.7813
8378,279.267,1416,254,2338,1700,5.8204,23.4497
8379,279.300,1416,252,2337,1700,5.6204,23.2533
8380,279.333,1416,252,2337,1700,5.6204,23.2533
8381,279.367,1416,252,2337,1700,5.6199,23.2542
8382,279.400,1416,254,2336,1700,6.0929,23.3847
8383,279.433,1416,255,2337,1699,6.2354,23.5400
8384,279.467,1415,254,2336,1701,4.3626,23.3048
8385,279.500,1415,254,2336,1701,3.8740,22.4742
8386,279.533,1414,257,2337,1704,3.1515,26.1425
8387,279.567,1413,258,2337,1707,1.2281,27.5161
8388,279.600,1414,256,2337,1705,3.1049,24.3022
8389,279.633,1413,259,2338,1706,2.6700,27.3101
8390,279.667,1414,256,2337,1707,2.3261,23.7795
8391,279.700,1414,258,2337,1707,2.4774,22.6518
8392,279.733,1415,259,2337,1707,2.4837,23.3340
8393,279.767,1415,259,2338,1707,1.7997,24.9414
8394,279.800,1415,256,2338,1707,4.1389,22.0391
8395,279.833,1415,256,2339,1707,6.2026,23.7454
8396,279.867,1415,256,2338,1706,4.1818,21.6047
8397,279.900,1415,256,2338,1707,4.2593,23.4173
8398,279.933,1415,255,2338,1707,4.2161,23.8881
8399,279.967,1414,255,2337,1707,2.3490,23.4893
8400,280.000,1414,258,2338,1708,-1.5776,21.9546
8401,280.033,1414,256,2338,1709,-0.1320,24.1801
8402,280.067,1414,256,2338,1709,-0.2877,23.8879
8403,280.100,1414,256,2338,1710,-3.4282,22.7095
8404,280.133,1414,257,2338,1709,-1.8287,23.3041
8405,280.167,1415,262,2338,1709,-2.4981,24.0406
8406,280.200,1415,261,2338,1709,0.4478,22.6810
8407,280.233,1416,262,2338,1709,1.1393,23.3119
8408,280.267,1416,264,2339,1709,3.1940,21.5612
8409,280.300,1416,264,2339,1710,3.3002,21.6403
8410,280.333,1416,264,2339,1710,3.2126,21.6915
8411,280.367,1416,264,2339,1710,3.3480,21.8645
8412,280.400,1416,263,2339,1710,2.0053,22.8538
8413,280.433,1416,263,2341,1709,4.7204,23.8196
8414,280.467,1429,265,2348,1724,-2.1107,23.4581
8415,280.500,1429,268,2354,1727,-3.0190,23.8995
8416,280.533,1429,267,2353,1726,-4.8164,20.9720
8417,280.567,1429,264,2353,1725,-4.3978,22.5497
8418,280.600,1429,264,2354,1726,-6.4537,23.1302
8419,280.633,1428,265,2353,1726,-4.7954,21.5477
8420,280.667,1428,263,2353,1726,-7.0092,22.4958
8421,280.700,1414,256,2345,1708,-10.5919,23.2280
8422,280.733,1414,257,2345,1708,-11.0154,22.3434
8423,280.767,1428,266,2354,1728,-5.4945,22.8974
8424,280.800,1427,266,2354,1727,-5.2462,23.1407
8425,280.833,1413,257,2345,1710,-9.9388,22.6723
8426,280.867,1414,258,2344,1710,-9.0512,22.2469
8427,280.900,1414,258,2343,1710,-8.0396,22.8582
8428,280.933,1415,259,2344,1710,-9.9089,23.2711
8429,280.967,1415,260,2345,1711,-9.1549,21.2162
8430,281.000,1416,258,2344,1708,-8.6333,19.2208
8431,281.033,1427,268,2353,1727,-4.7702,21.3625
8432,281.067,1427,265,2352,1724,-5.5638,22.1102
8433,281.100,1427,265,2353,1725,-6.0354,20.2228
8434,281.133,1427,265,2352,1723,-7.0532,22.0424
8435,281.167,1427,266,2352,1722,-6.7709,23.4604
8436,281.200,1427,266,2354,1722,-4.0213,21.8275
8437,281.233,1427,265,2354,1722,-6.8611,22.9315
8438,281.267,1427,263,2355,1720,-7.0257,22.4758
8439,281.300,1427,261,2356,1720,-6.8066,23.1197
8440,281.333,1427,262,2356,1721,-7.0491,22.0290
8441,281.367,1427,263,2356,1720,-6.1999,24.1669
8442,281.400,1427,263,2357,1722,-0.8269,25.1239
8443,281.433,1426,262,2357,1721,-1.6879,24.0528
8444,281.467,1426,262,2357,1721,-1.7104,24.1996
8445,281.500,1426,262,2357,1721,-1.6711,24.1682
8446,281.533,1426,263,2358,1720,-0.9547,26.6188
8447,281.567,1427,263,2359,1720,0.5565,24.7728
8448,281.600,1426,264,2358,1721,1.1292,23.8152
8449,281.633,1425,262,2357,1720,1.3258,26.5070
8450,281.667,1425,261,2357,1720,0.2251,23.6992
8451,281.700,1425,263,2357,1720,0.8500,25.4325
8452,281.733,1424,263,2357,1720,1.3295,22.2512
8453,281.767,1424,263,2357,1720,1.3295,22.2512
8454,281.800,1425,264,2356,1719,1.2403,24.4427
8455,281.833,1426,270,2357,1719,0.8279,21.4097
8456,281.867,1426,270,2357,1719,0.6959,21.3377
8457,281.900,1429,267,2357,1721,3.8324,24.7564
8458,281.933,1430,264,2358,1720,2.5731,23.1955
8459,281.967,1430,267,2357,1719,2.2539,22.7161
8460,282.000,1429,262,2357,1721,1.3643,22.5116
8461,282.033,1429,262,2356,1720,0.6981,22.4079
8462,282.067,1429,262,2356,1720,0.7131,22.4176
8463,282.100,1429,262,2356,1720,0.7131,22.4176
8464,282.133,1429,263,2355,1720,2.4166,21.9798
8465,282.167,1429,263,2355,1720,2.4948,22.0137
8466,282.200,1429,263,2355,1720,2.5078,22.0064
8467,282.233,1429,263,2355,1720,2.5078,22.0064
8468,282.267,1429,263,2355,1720,2.5137,21.9851
8469,282.300,1429,263,2355,1720,2.7970,22.7007
8470,282.333,1429,263,2355,1720,2.7970,22.7007
8471,282.367,1429,263,2355,1720,2.5538,22.3966
8472,282.400,1427,262,2349,1715,4.7415,21.8743
8473,282.433,1424,267,2350,1722,5.1600,18.8350
8474,282.467,1424,267,2350,1722,5.1146,18.8921
8475,282.500,1424,267,2350,1722,5.0856,18.8902
8476,282.533,1424,264,2349,1723,7.0941,19.7923
8477,282.567,1425,265,2349,1723,5.2969,21.3009
8478,282.600,1425,266,2350,1723,3.3232,22.7664
8479,282.633,1425,266,2350,1723,3.3451,22.7449
8480,282.667,1425,266,2350,1722,4.0435,22.8096
8481,282.700,1425,266,2349,1719,2.8270,23.0563
8482,282.733,1425,266,2349,1722,5.4025,22.5358
8483,282.767,1425,266,2349,1722,5.5720,22.6495
8484,282.800,1426,268,2349,1724,4.8183,20.7786
8485,282.833,1425,265,2348,1725,3.8951,21.7121
8486,282.867,1425,265,2348,1725,3.9822,21.5804
8487,282.900,1425,265,2348,1725,4.0061,21.6101
8488,282.933,1425,266,2349,1725,3.3938,21.8321
8489,282.967,1425,266,2349,1725,3.5990,22.0420
8490,283.000,1415,268,2342,1705,5.7767,25.5773
8491,283.033,1415,268,2342,1705,5.6013,26.0249
8492,283.067,1415,268,2342,1705,5.6013,26.0249
8493,283.100,1415,268,2342,1705,5.5633,26.0393
8494,283.133,1414,269,2342,1705,4.2963,22.6741
8495,283.167,1415,270,2342,1703,5.3730,23.3587
8496,283.200,1415,270,2342,1704,5.0926,22.0758
8497,283.233,1414,270,2342,1704,4.4076,22.2690
8498,283.267,1415,265,2342,1704,2.6931,23.6295
8499,283.300,1425,272,2351,1721,8.2895,23.5363
8500,283.333,1425,272,2351,1721,8.5901,23.2091
8501,283.367,1426,273,2350,1722,8.0461,22.1484
8502,283.400,1425,270,2350,1721,6.7173,22.1454
8503,283.433,1426,270,2349,1720,7.1789,20.7632
8504,283.467,1426,270,2349,1721,6.9237,21.4105
8505,283.500,1426,271,2349,1720,8.5562,22.6271
8506,283.533,1426,270,2349,1720,8.0347,21.2285
8507,283.567,1426,272,2349,1721,8.8347,19.7278
8508,283.600,1426,273,2349,1721,9.4158,23.9668
8509,283.633,1426,273,2350,1722,8.2136,25.4119
8510,283.667,1426,272,2351,1722,9.5508,24.0033
8511,283.700,1426,273,2350,1723,9.7085,22.8708
8512,283.733,1426,273,2350,1723,9.6975,22.8638
8513,283.767,1426,272,2350,1723,9.9913,22.0119
8514,283.800,1426,273,2350,1723,10.4160,23.4984
8515,283.833,1425,272,2350,1724,10.5527,21.9272
8516,283.867,1425,272,2350,1724,10.5527,21.9272
8517,283.900,1425,272,2350,1724,10.5527,21.9272
8518,283.933,1423,271,2353,1724,-2.2941,22.3362
8519,283.967,1423,270,2353,1723,-1.9247,22.7422
8520,284.000,1424,270,2353,1724,-1.6094,20.6834
8521,284.033,1425,271,2354,1722,-1.2009,19.6158
8522,284.067,1423,272,2354,1723,-2.7966,21.3493
8523,284.100,1424,272,2354,1723,-2.0576,21.5662
8524,284.133,1423,270,2354,1722,-3.1612,21.6895
8525,284.167,1424,271,2353,1723,-2.0507,23.6536
8526,284.200,1424,272,2353,1723,-1.6731,23.5307
8527,284.233,1424,272,2353,1723,-1.6949,23.5234
8528,284.267,1425,271,2353,1721,-1.1264,23.3617
8529,284.300,1425,271,2352,1721,-0.0166,23.3794
8530,284.333,1425,271,2352,1721,-0.0495,23.4881
8531,284.367,1425,271,2352,1721,-0.0448,23.4815
8532,284.400,1425,271,2352,1720,-0.5064,23.9283
8533,284.433,1425,271,2352,1721,-1.1900,22.9816
8534,284.467,1425,276,2357,1719,-3.5183,18.9089
8535,284.500,1423,279,2356,1718,-0.7055,23.3566
8536,284.533,1424,275,2359,1718,-4.5564,20.8766
8537,284.567,1424,274,2359,1720,-5.5417,23.0443
8538,284.600,1424,274,2359,1720,-3.3168,23.3159
8539,284.633,1424,274,2360,1719,-2.0156,23.8380
8540,284.667,1424,274,2360,1720,-2.3837,23.4886
8541,284.700,1424,274,2360,1719,-3.3557,23.8534
8542,284.733,1424,274,2360,1719,-3.3557,23.8534
8543,284.767,1424,274,2360,1719,-3.3557,23.8534
8544,284.800,1424,274,2360,1718,-3.5407,22.4457
8545,284.833,1424,275,2360,1718,-2.5036,22.6189
8546,284.867,1425,275,2360,1717,-1.4555,24.8622
8547,284.900,1426,274,2360,1717,0.3546,24.6877
8548,284.933,1427,273,2360,1718,-0.3376,26.4351
8549,284.967,1427,271,2359,1718,-1.6248,22.7875
8550,285.000,1426,271,2361,1720,-0.6195,23.1027
8551,285.033,1426,271,2360,1720,0.7738,24.2318
8552,285.067,1426,271,2360,1721,-0.7336,22.6951
8553,285.100,1427,271,2360,1720,2.0503,19.7605
8554,285.133,1427,272,2360,1721,0.9500,20.3841
8555,285.167,1427,271,2361,1722,2.9381,19.8544
8556,285.200,1427,270,2361,1722,5.3118,19.1791
8557,285.233,1426,270,2361,1722,3.3285,20.9581
8558,285.267,1424,273,2360,1722,2.0961,20.6490
8559,285.300,1424,274,2358,1727,2.7543,22.0983
8560,285.333,1423,278,2358,1728,5.4990,20.3753
8561,285.367,1422,278,2358,1729,4.6116,18.3069
8562,285.400,1423,277,2356,1728,6.9028,19.7903
8563,285.433,1422,278,2354,1727,6.7862,21.2104
8564,285.467,1422,278,2354,1727,6.7862,21.2104
8565,285.500,1422,278,2354,1727,6.7862,21.2104
8566,285.533,1423,277,2354,1727,4.0256,20.4539
8567,285.567,1423,276,2354,1727,5.2602,20.1633
8568,285.600,1422,277,2355,1729,3.8489,20.1798
8569,285.633,1412,267,2348,1714,5.8653,23.3285
8570,285.667,1414,265,2349,1712,7.9987,23.2048
8571,285.700,1415,264,2349,1710,8.4165,19.0247
8572,285.733,1414,263,2350,1712,9.4328,18.3473
8573,285.767,1414,264,2350,1711,8.8683,20.4961
8574,285.800,1413,262,2351,1711,11.0435,20.1613
8575,285.833,1413,261,2351,1709,9.1264,21.1027
8576,285.867,1413,261,2351,1709,9.2030,21.0828
8577,285.900,1424,268,2357,1728,7.4244,21.2658
8578,285.933,1424,269,2357,1727,10.5475,21.5313
8579,285.967,1424,269,2357,1727,10.4423,21.4583
8580,286.000,1414,266,2350,1708,7.4079,17.0805
8581,286.033,1414,272,2348,1710,7.3195,16.7122
8582,286.067,1414,269,2349,1710,10.9386,14.8656
8583,286.100,1414,271,2348,1711,10.7694,15.2395
8584,286.133,1414,271,2349,1712,12.0839,15.6186
8585,286.167,1414,271,2347,1711,9.9112,15.2740
8586,286.200,1414,271,2347,1711,9.8392,15.3610
8587,286.233,1414,270,2346,1710,9.0978,18.2363
8588,286.267,1414,272,2346,1709,7.9142,16.2838
8589,286.300,1414,272,2346,1709,8.0105,16.3380
8590,286.333,1414,272,2346,1709,8.0061,16.3435
8591,286.367,1414,272,2346,1709,8.2621,16.2848
8592,286.400,1414,271,2346,1709,8.7661,17.3463
8593,286.433,1414,271,2345,1708,8.5905,16.7667
8594,286.467,1414,270,2345,1708,7.6329,19.9236
8595,286.500,1415,270,2346,1708,8.9742,19.3365
8596,286.533,1414,270,2345,1709,8.6127,20.4271
8597,286.567,1412,268,2346,1707,12.0453,20.1252
8598,286.600,1412,268,2346,1707,11.8409,20.1365
8599,286.633,1411,268,2347,1705,11.7557,17.2274
8600,286.667,1410,268,2346,1704,10.9563,18.0311
8601,286.700,1411,270,2346,1704,7.6429,15.3145
8602,286.733,1411,270,2346,1703,9.3822,17.7282
8603,286.767,1411,268,2347,1703,-1.0458,19.1546
8604,286.800,1411,268,2349,1704,-2.7175,16.6933
8605,286.833,1411,267,2347,1704,-3.8654,17.4494
8606,286.867,1411,268,2347,1704,-3.5647,18.6010
8607,286.900,1411,268,2348,1706,-2.8999,19.7042
8608,286.933,1411,268,2349,1709,-1.2074,18.1984
8609,286.967,1411,268,2349,1712,-2.0906,18.1639
8610,287.000,1413,264,2348,1711,0.2153,22.4417
8611,287.033,1413,263,2350,1713,-4.7640,20.1618
8612,287.067,1414,262,2350,1713,-3.4016,21.6595
8613,287.100,1414,262,2350,1712,-3.6574,20.5346
8614,287.133,1414,263,2349,1715,-3.3687,20.7867
8615,287.167,1415,264,2349,1714,-3.8549,20.7380
8616,287.200,1415,264,2349,1714,-4.2001,20.5335
8617,287.233,1415,264,2349,1715,-4.4577,20.1246
8618,287.267,1415,264,2350,1714,-2.9363,18.4507
8619,287.300,1415,265,2350,1712,0.6199,18.0610
8620,287.333,1414,265,2351,1712,0.1577,19.0172
8621,287.367,1414,265,2351,1712,0.7151,18.5707
8622,287.400,1413,266,2351,1710,-1.7505,18.4082
8623,287.433,1413,265,2352,1710,-2.0439,18.3968
8624,287.467,1413,265,2352,1710,-2.0383,18.4040
8625,287.500,1413,265,2352,1710,-2.0167,18.4113
8626,287.533,1413,264,2352,1710,-0.0539,18.3156
8627,287.567,1413,264,2352,1710,-0.3189,18.4229
8628,287.600,1413,264,2353,1709,-0.4007,19.0986
8629,287.633,1413,264,2353,1710,-0.0289,18.1563
8630,287.667,1414,262,2352,1708,1.7267,19.6343
8631,287.700,1413,259,2352,1709,-5.5852,22.6238
8632,287.733,1414,259,2352,1710,-3.7924,24.2031
8633,287.767,1414,260,2352,1711,-6.1893,21.8632
8634,287.800,1414,257,2350,1710,-8.7908,21.7817
8635,287.833,1415,256,2352,1709,-5.2262,21.6521
8636,287.867,1415,256,2352,1709,-5.2262,21.6521
8637,287.900,1415,256,2351,1709,-7.7328,21.2215
8638,287.933,1415,256,2351,1710,-7.3249,22.0870
8639,287.967,1416,255,2351,1710,-7.0452,23.7581
8640,288.000,1415,252,2348,1708,-7.4518,21.4960
8641,288.033,1414,253,2348,1709,-7.5451,22.6154
8642,288.067,1425,263,2353,1715,-2.3724,25.8499
8643,288.100,1425,264,2353,1716,-2.4705,24.3569
8644,288.133,1426,262,2353,1717,-2.3865,22.2376
8645,288.167,1427,260,2353,1718,-1.8802,23.8706
8646,288.200,1427,261,2353,1718,-1.8862,24.8921
8647,288.233,1427,261,2353,1718,-1.9480,25.0543
8648,288.267,1428,260,2353,1715,0.9842,26.8847
8649,288.300,1427,256,2353,1714,-3.7035,23.6931
8650,288.333,1427,256,2352,1714,-1.5996,22.9001
8651,288.367,1427,258,2353,1716,-2.1237,24.5675
8652,288.400,1427,255,2352,1715,-3.3492,22.6596
8653,288.433,1426,254,2352,1718,-0.2244,24.5204
8654,288.467,1425,253,2353,1720,-0.0615,26.0340
8655,288.500,1425,253,2353,1720,-0.1730,26.1546
8656,288.533,1426,256,2353,1723,3.4084,26.0029
8657,288.567,1426,255,2352,1723,1.9984,24.4932
8658,288.600,1426,255,2352,1723,2.1428,24.4666
8659,288.633,1426,255,2353,1725,2.0623,24.3742
8660,288.667,1426,253,2353,1726,4.0520,26.6588
8661,288.700,1429,255,2356,1727,-1.1144,22.4792
8662,288.733,1413,249,2350,1714,-2.0498,19.3957
8663,288.767,1415,276,2342,1719,-1.2202,18.3202
8664,288.800,1416,275,2343,1719,1.8331,17.6349
8665,288.833,1416,275,2343,1719,1.8331,17.6349
8666,288.867,1416,275,2343,1719,1.8331,17.6349
8667,288.900,1416,276,2342,1718,1.1560,17.5357
8668,288.933,1415,276,2342,1719,-1.4510,17.5739
8669,288.967,1415,276,2342,1719,-1.5048,17.5626
8670,289.000,1415,271,2344,1724,0.9907,17.4332
8671,289.033,1413,268,2346,1721,-2.1093,18.9443
8672,289.067,1413,269,2346,1719,-0.4239,20.2496
8673,289.100,1413,273,2347,1721,-1.6758,20.0078
8674,289.133,1413,273,2348,1723,-1.5936,20.0928
8675,289.167,1413,276,2348,1723,0.2162,20.0673
8676,289.200,1413,276,2348,1725,1.4876,20.4962
8677,289.233,1413,276,2348,1724,0.2840,20.0445
8678,289.267,1413,276,2348,1724,0.1895,20.0585
8679,289.300,1413,276,2348,1724,0.1951,19.9415
8680,289.333,1413,277,2348,1724,-0.1437,19.6158
8681,289.367,1413,277,2348,1724,0.0888,19.6376
8682,289.400,1413,277,2348,1724,0.1064,19.6368
8683,289.433,1413,277,2348,1724,0.0981,19.6506
8684,289.467,1413,277,2348,1725,-0.9474,18.8832
8685,289.500,1413,278,2348,1725,-0.0806,17.3264
8686,289.533,1410,270,2341,1699,9.2373,17.8529
8687,289.567,1411,270,2341,1700,9.9533,17.2422
8688,289.600,1412,269,2342,1701,10.1757,17.2348
8689,289.633,1411,268,2341,1701,11.6503,18.8930
8690,289.667,1412,266,2341,1703,12.2385,15.5659
8691,289.700,1412,267,2343,1704,13.1014,15.9373
8692,289.733,1412,267,2344,1705,14.4888,18.0840
8693,289.767,1412,267,2344,1705,14.4888,18.0840
8694,289.800,1412,267,2344,1705,12.1626,16.9077
8695,289.833,1411,267,2343,1706,10.7943,16.4672
8696,289.867,1411,267,2343,1706,10.7943,16.4672
8697,289.900,1411,268,2344,1707,10.1051,17.6325
8698,289.933,1411,268,2344,1706,11.0503,18.1302
8699,289.967,1412,268,2346,1706,2.4925,19.7653
8700,290.000,1413,268,2343,1711,1.1320,16.3134
8701,290.033,1413,268,2344,1712,3.3320,20.4445
8702,290.067,1413,268,2344,1712,3.3361,20.4835
8703,290.100,1413,268,2344,1712,3.2702,20.5520
8704,290.133,1413,269,2345,1712,1.0239,20.3542
8705,290.167,1414,269,2344,1708,1.9710,18.4106
8706,290.200,1414,270,2344,1708,4.2332,19.8571
8707,290.233,1415,270,2345,1707,4.1019,19.6575
8708,290.267,1414,268,2347,1706,4.9724,19.2786
8709,290.300,1414,268,2347,1706,4.7962,19.1841
8710,290.333,1414,268,2347,1706,4.7931,19.1822
8711,290.367,1414,268,2347,1706,4.7073,19.3162
8712,290.400,1414,268,2347,1706,4.3398,19.2479
8713,290.433,1414,268,2347,1707,3.6927,19.2993
8714,290.467,1414,268,2347,1707,3.6927,19.2993
8715,290.500,1414,268,2347,1707,3.6642,19.2910
8716,290.533,1414,268,2347,1706,4.2224,18.7341
8717,290.567,1415,271,2349,1710,1.9745,19.9142
8718,290.600,1414,271,2348,1710,2.2923,19.2738
8719,290.633,1415,271,2350,1710,2.6257,18.3018
8720,290.667,1414,268,2349,1710,0.0716,17.8678
8721,290.700,1414,266,2350,1711,2.4570,16.8799
8722,290.733,1414,268,2348,1711,1.9694,17.3618
8723,290.767,1415,268,2348,1711,2.3701,17.9767
8724,290.800,1414,267,2350,1712,0.7564,17.8869
8725,290.833,1414,267,2350,1712,0.8318,18.0805
8726,290.867,1415,268,2349,1712,2.9185,18.8434
8727,290.900,1414,268,2352,1713,-5.7313,21.8475
8728,290.933,1414,268,2353,1713,-4.7605,20.9557
8729,290.967,1414,268,2353,1713,-3.8218,21.1638
8730,291.000,1426,281,2359,1725,-6.7239,22.4011
8731,291.033,1415,272,2354,1714,-4.2327,20.4561
8732,291.067,1415,272,2354,1714,-4.5291,20.5461
8733,291.100,1415,272,2354,1714,-4.5125,20.5460
8734,291.133,1415,272,2355,1715,-4.9791,21.4703
8735,291.167,1415,272,2355,1715,-5.0537,21.2190
8736,291.200,1415,272,2355,1715,-5.1477,21.1320
8737,291.233,1414,272,2355,1715,-4.1141,20.4572
8738,291.267,1414,272,2355,1715,-4.2041,20.3074
8739,291.300,1425,277,2359,1726,-4.5057,21.4147
8740,291.333,1425,277,2359,1726,-4.5072,21.4187
8741,291.367,1425,277,2359,1726,-5.1451,20.9004
8742,291.400,1424,274,2359,1727,-3.0749,21.4818
8743,291.433,1424,274,2358,1728,2.0155,19.1257
8744,291.467,1423,271,2357,1729,0.3719,21.3112
8745,291.500,1423,272,2357,1728,0.4302,22.0038
8746,291.533,1422,273,2357,1728,-0.9526,19.8097
8747,291.567,1422,269,2357,1726,1.5939,19.0150
8748,291.600,1422,269,2358,1725,0.1119,18.8403
8749,291.633,1422,269,2358,1725,0.0590,19.7121
8750,291.667,1422,270,2358,1725,-0.6838,18.9592
8751,291.700,1422,271,2358,1726,0.1670,18.5879
8752,291.733,1422,271,2358,1725,-1.5733,19.1584
8753,291.767,1422,271,2358,1725,-1.5733,19.1584
8754,291.800,1421,271,2357,1725,-2.2301,19.4599
8755,291.833,1421,271,2357,1726,0.2992,19.6003
8756,291.867,1421,271,2357,1726,0.2992,19.6003
8757,291.900,1422,271,2357,1725,0.0470,19.4743
8758,291.933,1422,271,2356,1724,0.3303,19.0049
8759,291.967,1422,270,2356,1724,-1.2686,21.4082
8760,292.000,1422,265,2355,1723,6.0383,20.6365
8761,292.033,1422,266,2354,1722,4.4269,20.2652
8762,292.067,1423,264,2354,1722,0.3127,18.4474
8763,292.100,1422,264,2355,1723,2.5518,19.1916
8764,292.133,1422,263,2357,1725,-0.2917,19.3300
8765,292.167,1421,264,2357,1723,1.6524,20.1180
8766,292.200,1421,264,2357,1723,0.5627,19.5589
8767,292.233,1421,264,2357,1723,0.4394,19.7665
8768,292.267,1421,263,2357,1723,-1.2142,19.4494
8769,292.300,1422,264,2357,1723,-1.9521,20.7899
8770,292.333,1422,264,2357,1723,-1.9516,20.7901
8771,292.367,1422,264,2357,1723,-1.9527,20.7831
8772,292.400,1422,263,2357,1723,-0.8478,20.1302
8773,292.433,1422,263,2357,1724,-0.0798,20.2209
8774,292.467,1422,263,2357,1724,-0.0798,20.2209
8775,292.500,1422,263,2357,1724,-0.0798,20.2209
8776,292.533,1422,263,2357,1724,-0.0716,20.1212
8777,292.567,1423,263,2355,1720,-1.5401,22.6785
8778,292.600,1421,263,2355,1720,1.3661,21.5128
8779,292.633,1422,259,2355,1718,-0.1485,20.4502
8780,292.667,1422,262,2355,1719,0.9588,19.9962
8781,292.700,1422,264,2357,1721,-0.0845,20.1511
8782,292.733,1422,264,2357,1724,0.0288,20.5674
8783,292.767,1422,265,2358,1725,2.6025,22.4328
8784,292.800,1421,267,2359,1728,-0.7879,18.5239
8785,292.833,1421,267,2359,1728,-0.6909,18.3703
8786,292.867,1421,267,2359,1728,-0.6909,18.3703
8787,292.900,1421,267,2359,1728,-0.6908,18.4187
8788,292.933,1421,267,2359,1728,-1.7807,18.0331
8789,292.967,1421,267,2359,1728,-1.7957,18.2324
8790,293.000,1423,270,2358,1728,-0.9758,18.5346
8791,293.033,1423,270,2357,1728,-2.2135,17.8919
8792,293.067,1423,270,2357,1728,-2.1901,17.8970
8793,293.100,1423,270,2357,1726,-0.7147,19.7002
8794,293.133,1423,270,2356,1724,-1.3087,18.7343
8795,293.167,1422,271,2356,1720,-2.3851,20.1194
8796,293.200,1420,270,2355,1721,-0.6269,18.8379
8797,293.233,1421,271,2355,1722,-0.7582,18.6754
8798,293.267,1422,273,2354,1720,-2.0660,19.3724
8799,293.300,1412,266,2350,1704,-2.2582,19.6129
8800,293.333,1413,265,2349,1704,-0.2377,18.7365
8801,293.367,1423,272,2355,1720,0.7243,18.9773
8802,293.400,1423,272,2355,1720,1.4585,17.4992
8803,293.433,1413,265,2349,1705,-1.3167,19.2118
8804,293.467,1413,265,2349,1705,-1.2887,19.3028
8805,293.500,1413,265,2349,1705,-1.2887,19.3028
8806,293.533,1413,265,2350,1705,1.3469,18.8883
8807,293.567,1412,266,2350,1706,-2.5861,18.6040
8808,293.600,1412,266,2350,1706,-2.5861,18.6040
8809,293.633,1412,266,2349,1706,-1.0081,18.6973
8810,293.667,1411,264,2350,1706,-0.3846,18.4049
8811,293.700,1412,266,2349,1705,0.3396,18.1291
8812,293.733,1412,265,2350,1706,1.1239,19.8956
8813,293.767,1412,265,2350,1706,1.5520,19.8924
8814,293.800,1411,265,2350,1707,-1.3511,18.3879
8815,293.833,1412,268,2350,1708,-0.8584,18.3709
8816,293.867,1412,269,2349,1709,0.9772,17.1205
8817,293.900,1412,269,2349,1709,0.9767,17.1177
8818,293.933,1413,269,2349,1707,0.2814,19.4819
8819,293.967,1413,269,2349,1707,0.1333,20.1015
8820,294.000,1421,278,2356,1721,-3.6847,18.1901
8821,294.033,1422,276,2355,1720,-1.9102,20.2541
8822,294.067,1422,276,2355,1720,-2.5362,20.4821
8823,294.100,1423,276,2357,1720,-5.1151,21.5894
8824,294.133,1422,273,2356,1719,-4.4250,20.8986
8825,294.167,1422,274,2355,1720,-1.4298,22.0952
8826,294.200,1422,274,2356,1720,-3.9077,20.2781
8827,294.233,1422,274,2355,1720,-1.4493,21.9312
8828,294.267,1421,275,2356,1717,-4.2042,20.6976
8829,294.300,1421,275,2356,1717,-3.7426,20.5334
8830,294.333,1421,275,2356,1717,-3.7426,20.5334
8831,294.367,1421,275,2356,1717,-3.7745,20.4707
8832,294.400,1421,275,2356,1717,-3.8749,20.4286
8833,294.433,1421,276,2356,1717,-4.4902,19.6628
8834,294.467,1421,276,2356,1717,-4.4938,19.7061
8835,294.500,1421,276,2356,1717,-4.5252,19.7357
8836,294.533,1421,277,2356,1717,-5.0286,19.0984
8837,294.567,1422,279,2353,1722,-1.0052,19.9088
8838,294.600,1422,281,2354,1723,-2.6271,19.1730
8839,294.633,1422,281,2354,1724,-3.2870,19.6037
8840,294.667,1423,281,2353,1728,-4.1906,19.9274
8841,294.700,1422,279,2354,1729,-4.0606,22.4549
8842,294.733,1422,279,2354,1729,-4.1448,22.6040
8843,294.767,1422,280,2354,1729,-2.9928,21.4785
8844,294.800,1422,276,2353,1728,-4.4344,22.5931
8845,294.833,1422,276,2353,1728,-4.4973,22.3031
8846,294.867,1422,276,2353,1728,-4.4973,22.3031
8847,294.900,1422,276,2353,1728,-4.4973,22.3031
8848,294.933,1422,275,2353,1728,-4.7910,21.0060
8849,294.967,1422,275,2354,1728,-2.2448,23.3604
8850,295.000,1422,275,2355,1726,-2.3404,21.6240
8851,295.033,1422,274,2354,1725,-3.0835,21.8607
8852,295.067,1423,274,2355,1725,-2.4071,20.4953
8853,295.100,1423,274,2355,1724,-0.7169,20.0325
8854,295.133,1424,273,2355,1724,0.2736,20.2688
8855,295.167,1424,269,2356,1724,-0.0506,20.1367
8856,295.200,1423,268,2355,1724,0.4591,19.3671
8857,295.233,1423,268,2355,1724,0.4738,19.3636
8858,295.267,1424,267,2355,1724,0.4804,21.1395
8859,295.300,1425,265,2356,1724,3.2794,22.4854
8860,295.333,1425,265,2356,1724,3.2761,22.6140
8861,295.367,1425,265,2355,1723,2.4691,23.2467
8862,295.400,1423,261,2353,1726,0.9547,21.7121
8863,295.433,1424,261,2353,1725,2.2145,23.3910
8864,295.467,1424,261,2353,1726,2.6832,21.6592
8865,295.500,1424,261,2353,1725,2.2108,23.4102
8866,295.533,1424,260,2353,1725,0.6512,19.8034
8867,295.567,1424,261,2353,1725,0.2992,24.1141
8868,295.600,1424,260,2353,1726,5.3361,23.5424
8869,295.633,1424,260,2353,1726,5.3411,23.1651
8870,295.667,1424,261,2352,1726,3.7976,20.5202
8871,295.700,1425,259,2351,1725,0.5598,21.5275
8872,295.733,1425,259,2351,1726,0.9511,21.5953
8873,295.767,1425,259,2351,1725,0.8899,19.8264
8874,295.800,1424,258,2350,1725,1.5845,18.5168
8875,295.833,1424,258,2350,1724,2.1077,18.3875
8876,295.867,1424,258,2350,1724,2.1077,18.3875
8877,295.900,1424,258,2350,1724,2.1238,18.3124
8878,295.933,1424,258,2350,1724,2.1084,18.3239
8879,295.967,1424,259,2350,1724,3.1958,21.1723
8880,296.000,1422,254,2351,1727,4.5768,18.6284
8881,296.033,1423,255,2351,1726,5.9719,18.5679
8882,296.067,1423,256,2351,1726,2.6473,17.4390
8883,296.100,1423,256,2351,1726,2.5928,17.6543
8884,296.133,1424,257,2351,1726,1.2913,18.0448
8885,296.167,1423,256,2352,1726,3.2819,17.7479
8886,296.200,1423,256,2352,1725,0.3253,18.8652
8887,296.233,1423,256,2352,1725,0.2952,18.8659
8888,296.267,1423,256,2352,1726,-0.1054,20.4078
8889,296.300,1422,261,2353,1726,4.4478,22.2715
8890,296.333,1422,261,2352,1727,2.1590,21.2112
8891,296.367,1423,260,2353,1727,2.8316,21.2819
8892,296.400,1424,260,2354,1723,1.6113,21.5310
8893,296.433,1426,263,2353,1719,1.6797,21.4854
8894,296.467,1425,264,2354,1716,3.7740,20.0709
8895,296.500,1426,269,2354,1717,3.6073,20.5813
8896,296.533,1425,269,2355,1717,1.8385,22.1848
8897,296.567,1426,269,2355,1717,1.6923,23.4175
8898,296.600,1413,263,2346,1700,2.0302,23.0587
8899,296.633,1413,264,2346,1700,3.5934,21.3766
8900,296.667,1413,264,2346,1700,3.5306,21.3754
8901,296.700,1413,264,2346,1700,3.5306,21.3754
8902,296.733,1413,263,2346,1700,2.0957,22.1128
8903,296.767,1413,266,2347,1702,-0.3887,20.2895
8904,296.800,1413,266,2348,1702,-0.5867,20.7210
8905,296.833,1413,268,2348,1702,-3.1222,20.3681
8906,296.867,1414,266,2348,1702,-0.1938,21.8951
8907,296.900,1414,267,2348,1703,-0.6074,20.1081
8908,296.933,1414,267,2349,1703,0.1604,19.7978
8909,296.967,1414,267,2349,1704,1.0386,19.4917
8910,297.000,1424,272,2355,1709,-2.9639,21.3032
8911,297.033,1414,265,2347,1699,2.4238,20.0255
8912,297.067,1415,268,2345,1698,1.0253,22.3543
8913,297.100,1414,270,2344,1698,-2.1054,19.6032
8914,297.133,1413,270,2342,1699,-3.1135,20.3235
8915,297.167,1414,270,2343,1701,-0.2441,21.5082
8916,297.200,1414,271,2343,1699,-0.1985,23.0645
8917,297.233,1414,271,2343,1696,-1.6205,23.7458
8918,297.267,1414,267,2342,1699,-1.3691,22.0143
8919,297.300,1414,267,2343,1700,-2.2916,23.7328
8920,297.333,1414,267,2342,1700,-1.1132,22.4626
8921,297.367,1414,267,2342,1700,-1.1150,22.4645
8922,297.400,1414,267,2342,1701,-0.1957,22.4473
8923,297.433,1416,267,2341,1699,-2.9577,23.7522
8924,297.467,1422,279,2351,1716,2.4787,16.1351
8925,297.500,1416,268,2343,1700,-2.9110,20.4481
8926,297.533,1426,276,2345,1718,1.9068,23.8968
8927,297.567,1426,275,2346,1718,2.0734,22.6588
8928,297.600,1426,275,2346,1718,2.0734,22.6588
8929,297.633,1426,275,2346,1718,2.0551,22.6422
8930,297.667,1426,275,2346,1717,0.0197,21.9056
8931,297.700,1426,274,2346,1718,1.6002,22.7101
8932,297.733,1419,265,2343,1707,-3.1625,25.3019
8933,297.767,1427,273,2348,1721,1.6019,24.3449
8934,297.800,1428,267,2349,1719,3.3369,23.5104
8935,297.833,1426,271,2350,1721,0.0262,25.2691
8936,297.867,1426,271,2350,1720,2.2482,25.0496
8937,297.900,1426,270,2350,1721,1.7281,25.3771
8938,297.933,1425,271,2348,1723,1.1001,24.4262
8939,297.967,1425,271,2349,1724,0.1174,24.1545
8940,298.000,1425,268,2350,1722,-1.0983,25.5933
8941,298.033,1425,268,2349,1723,-3.4359,25.7388
8942,298.067,1425,268,2349,1722,-3.7480,26.4354
8943,298.100,1426,268,2347,1721,2.2550,24.4570
8944,298.133,1426,267,2348,1721,2.0614,24.8565
8945,298.167,1427,267,2348,1721,2.8869,24.4714
8946,298.200,1427,267,2347,1721,5.1379,22.3292
8947,298.233,1427,266,2347,1720,5.7549,24.2496
8948,298.267,1426,264,2347,1719,3.7080,22.9443
8949,298.300,1427,267,2346,1716,5.7747,25.1913
8950,298.333,1427,265,2349,1716,6.8626,24.3764
8951,298.367,1428,265,2348,1714,2.9665,24.2174
8952,298.400,1426,266,2349,1714,1.3837,25.1797
8953,298.433,1428,267,2348,1712,5.5116,25.8698
8954,298.467,1428,267,2348,1713,6.8011,26.8688
8955,298.500,1427,268,2348,1711,1.4924,23.1880
8956,298.533,1426,270,2346,1713,3.6933,24.4159
8957,298.567,1426,268,2345,1712,3.6029,23.7865
8958,298.600,1425,267,2344,1711,2.3211,25.4786
8959,298.633,1425,267,2344,1712,0.1164,25.3771
8960,298.667,1425,268,2344,1712,3.3335,25.4740
8961,298.700,1425,268,2345,1712,2.7521,26.9244
8962,298.733,1425,268,2345,1712,3.4218,27.3347
8963,298.767,1426,267,2345,1713,5.8137,26.7649
8964,298.800,1426,268,2345,1712,3.9653,26.5860
8965,298.833,1427,268,2347,1711,-0.3963,28.5590
8966,298.867,1426,267,2348,1712,-2.7888,24.8788
8967,298.900,1426,266,2350,1710,-1.4293,25.8200
8968,298.933,1427,264,2350,1707,-1.5913,25.9267
8969,298.967,1428,265,2351,1707,-5.6953,23.8341
8970,299.000,1413,259,2344,1692,-8.9508,25.1374
8971,299.033,1425,269,2350,1709,-5.6971,25.4569
8972,299.067,1425,269,2350,1709,-5.6168,25.4709
8973,299.100,1425,268,2349,1707,-5.6082,25.1398
8974,299.133,1426,268,2349,1706,-3.9677,25.7482
8975,299.167,1426,268,2349,1707,-2.3573,25.7981
8976,299.200,1426,268,2349,1707,-2.3205,25.7708
8977,299.233,1426,268,2349,1707,-2.0442,25.5172
8978,299.267,1426,267,2350,1706,-2.0872,25.1965
8979,299.300,1426,265,2351,1707,-1.8722,24.9789
8980,299.333,1426,265,2351,1707,-1.4352,25.3263
8981,299.367,1427,262,2351,1709,0.9611,26.3656
8982,299.400,1425,264,2352,1710,-0.8741,24.8147
8983,299.433,1424,266,2354,1711,-2.2223,26.5042
8984,299.467,1424,265,2354,1712,-1.9227,23.9494
8985,299.500,1424,264,2354,1711,-0.5963,23.0862
8986,299.533,1424,266,2355,1711,-1.3267,24.6812
8987,299.567,1424,269,2355,1713,-2.6283,23.4255
8988,299.600,1424,269,2355,1712,-1.5386,23.4265
8989,299.633,1424,268,2354,1711,-1.9001,24.5398
8990,299.667,1424,268,2355,1711,-2.9879,24.4823
8991,299.700,1424,267,2355,1712,-3.9356,22.7190
8992,299.733,1424,267,2355,1712,-3.9356,22.7190
8993,299.767,1424,267,2355,1712,-3.9356,22.7190
8994,299.800,1424,268,2354,1712,-3.8069,23.4283
8995,299.833,1413,263,2348,1693,-5.0915,21.5028
8996,299.867,1413,263,2348,1693,-5.4170,21.1430
8997,299.900,1413,263,2348,1693,-6.8198,20.1056
8998,299.933,1413,262,2348,1695,-5.9853,20.4943
8999,299.967,1413,261,2348,1696,-7.4633,18.6657
9000,300.000,1425,269,2355,1715,-5.3459,23.1243
9001,300.033,1425,268,2355,1717,-5.2451,22.2899
9002,300.067,1414,262,2347,1700,-6.0496,24.3209
9003,300.100,1425,269,2355,1715,-3.7323,23.5795
9004,300.133,1415,262,2346,1696,-5.9122,21.4569
9005,300.167,1427,269,2353,1712,-3.8819,22.8943
9006,300.200,1427,269,2353,1712,-3.9032,22.8999
9007,300.233,1427,269,2353,1712,-3.8981,22.9023
9008,300.267,1426,269,2354,1712,-3.2868,25.0786
9009,300.300,1426,268,2354,1712,-4.0066,23.6300
9010,300.333,1426,271,2352,1710,-0.6718,24.2353
9011,300.367,1426,272,2352,1709,-6.1159,24.4390
9012,300.400,1415,263,2339,1697,2.2710,24.2226
9013,300.433,1414,267,2343,1701,-0.3499,22.0475
9014,300.467,1414,266,2342,1698,-1.0218,23.0897
9015,300.500,1415,266,2342,1698,-1.0753,25.4105
9016,300.533,1415,268,2343,1698,-0.5772,23.6347
9017,300.567,1416,268,2342,1698,-0.5096,22.6427
9018,300.600,1415,271,2343,1702,-2.4921,22.1496
9019,300.633,1415,269,2342,1700,-4.8084,22.1469
9020,300.667,1415,270,2343,1700,-3.8718,21.3010
9021,300.700,1415,270,2343,1700,-4.2944,21.3842
9022,300.733,1415,270,2343,1700,-4.2944,21.3842
9023,300.767,1415,270,2343,1700,-4.4842,21.3094
9024,300.800,1415,270,2342,1699,-4.6507,20.7631
9025,300.833,1415,271,2342,1699,-5.7197,20.8142
9026,300.867,1415,271,2342,1699,-5.7197,20.8142
9027,300.900,1415,271,2342,1699,-5.7197,20.8142
9028,300.933,1415,268,2344,1697,-5.6028,24.0052
9029,300.967,1415,268,2344,1695,-3.9445,24.8383
9030,301.000,1425,275,2350,1705,-2.5131,23.5391
9031,301.033,1424,276,2350,1705,-5.2468,23.1117
9032,301.067,1425,276,2351,1705,-6.1324,23.8107
9033,301.100,1425,276,2351,1706,-5.1707,22.1271
9034,301.133,1425,276,2351,1705,-5.3429,23.3814
9035,301.167,1425,277,2351,1706,-4.4974,21.8797
9036,301.200,1425,279,2351,1707,-1.3792,23.4520
9037,301.233,1425,279,2351,1707,-1.3792,23.4520
9038,301.267,1425,279,2351,1708,-1.8574,22.5873
9039,301.300,1415,269,2345,1696,-5.3780,22.3431
9040,301.333,1415,269,2345,1696,-5.4332,22.3303
9041,301.367,1415,269,2345,1696,-5.2674,22.0982
9042,301.400,1415,269,2345,1696,-5.4017,22.4091
9043,301.433,1414,269,2346,1698,-5.6186,19.1971
9044,301.467,1415,269,2346,1698,-6.7233,18.8870
9045,301.500,1415,268,2346,1698,-5.3303,23.3860
9046,301.533,1416,268,2346,1696,-4.6861,23.0338
9047,301.567,1422,273,2353,1709,-1.6649,24.2979
9048,301.600,1423,271,2353,1707,-4.0763,21.4622
9049,301.633,1423,272,2353,1708,-2.5443,21.6574
9050,301.667,1423,270,2353,1709,-4.4527,22.0539
9051,301.700,1422,271,2354,1713,-4.3450,22.4089
9052,301.733,1422,270,2354,1715,-4.3964,22.5838
9053,301.767,1421,267,2354,1713,-4.1478,23.9731
9054,301.800,1421,268,2354,1714,-4.2382,23.1503
9055,301.833,1421,268,2354,1714,-4.2088,23.2291
9056,301.867,1421,267,2354,1715,-4.6353,23.0219
9057,301.900,1421,267,2354,1715,-4.6657,23.0460
9058,301.933,1421,268,2354,1715,-4.0526,23.4524
9059,301.967,1421,268,2354,1715,-4.1518,23.6008
