frame_idx,time_sec,xmin,ymin,xmax,ymax,pitch_deg,yaw_deg,x_norm,y_norm,x_norm_smooth,y_norm_smooth
18401,613.367,661,661,1549,1962,0.6819,16.3503,0.3167180949899169,0.37155492166591214,0.3167180949899169,0.37155492166591214
18402,613.4,662,661,1550,1963,0.7059,18.6043,0.36937936587600523,0.0,0.3325164762557434,0.2600884451661385
18403,613.433,662,662,1551,1963,1.4058,17.1331,0.35026417591204434,0.20703943830329136,0.33784078615263363,0.24417374310728432
18404,613.467,663,663,1551,1962,-2.1288,18.5461,0.30052071093456184,0.0,0.32664476358721206,0.17092162017509901
18405,613.5,663,664,1550,1961,-5.4247,19.903,0.2598491074786919,0.0,0.306606066754656,0.1196451341225693
18406,613.533,661,668,1551,1962,-2.3605,17.1171,0.2609295285341574,0.18927780801657337,0.2929031052885064,0.14053493629077052
18407,613.567,661,669,1551,1962,-4.2286,18.8936,0.25984900667157923,0.0,0.28298687570342823,0.09837445540353935
18408,613.6,661,673,1553,1959,-6.7736,17.9488,0.1757313824287018,0.0,0.2508102277210103,0.06886211878247754
18409,613.633,661,675,1553,1957,0.4676,15.7049,0.2994687362720027,0.496780813788027,0.265407780286308,0.19723772728414235
18410,613.667,661,675,1552,1957,-2.6407,15.9271,0.23046225811409124,0.4311116331813317,0.25492412363464295,0.26739989905329914
18411,613.7,661,675,1552,1957,-2.7318,15.9034,0.2278895255651901,0.4347507124388214,0.24681374421380708,0.3176051430689558
18412,613.733,662,676,1552,1954,-2.9606,15.3297,0.212534980370017,0.5371402027947544,0.23653011506067004,0.3834656609866953
18413,613.767,662,674,1551,1954,-2.2059,16.8081,0.2579775700510827,0.2573923178897799,0.24296435155779383,0.34564365805762065
18414,613.8,662,674,1553,1961,-0.4641,18.8636,0.34847660215323323,0.0,0.27461802673642566,0.24195056064033443
18415,613.833,665,676,1549,1958,3.4436,21.7846,0.5338103844378133,0.0,0.35237573404684197,0.1693653924482341
18416,613.867,664,676,1550,1958,3.9996,19.2367,0.4652234574658625,0.0,0.3862300510725481,0.11855577471376386
18417,613.9,665,679,1550,1959,-0.4453,21.6048,0.43384011505699727,0.0,0.4005130702678828,0.08298904229963469
18418,613.933,664,680,1551,1961,8.4619,22.7153,0.6899906316655864,0.0,0.48735633868719386,0.05809232960974428
18419,613.967,663,681,1551,1960,7.5405,20.702,0.5952261009531896,0.0,0.5197172673669925,0.04066463072682099
18420,614.0,661,666,1552,1963,-1.3137,20.6868,0.3821906178244925,0.0,0.4784592725042425,0.02846524150877469
18421,614.033,660,667,1551,1966,-1.3139,22.9718,0.46332656927274785,0.0,0.4739194615347941,0.019925669056142282
18422,614.067,660,668,1551,1966,3.39,19.7909,0.466872620363584,0.0,0.47180540918343106,0.013947968339299597
18423,614.1,660,667,1551,1966,-2.1588,22.1243,0.4111413369870829,0.0,0.4536061875245266,0.009763577837509717
18424,614.133,661,668,1551,1965,1.1996,22.0731,0.4901426470801597,0.0,0.46456712539121653,0.006834504486256801
18425,614.167,661,668,1551,1965,1.4248,21.542,0.476612333261376,0.0,0.4681806877522643,0.004784153140379761
18426,614.2,661,668,1551,1965,1.3816,21.6478,0.479284321807223,0.0,0.4715117779687519,0.0033489071982658325
18427,614.233,661,668,1551,1965,1.4219,21.5711,0.47756020463014276,0.0,0.47332630596716907,0.0023442350387860825
18428,614.267,663,671,1553,1965,-3.498,18.2678,0.2609694131600785,0.0,0.40961923812504186,0.0016409645271502577
18429,614.3,661,671,1553,1965,-3.3426,21.0321,0.3448855576489768,0.0,0.39019913398222233,0.0011486751690051803
18430,614.333,661,670,1554,1966,-5.7869,18.6348,0.21609669394230258,0.0,0.3379684019702464,0.0008040726183036261
18431,614.367,661,670,1554,1966,-7.5493,17.8817,0.15583912953094275,0.0,0.2833296202384553,0.0005628508328125383
18432,614.4,662,670,1554,1966,-6.2529,17.6631,0.18133110174236727,0.02694895362269999,0.2527300646896289,0.008478681669778774
18433,614.433,663,672,1552,1960,-5.3165,18.123,0.21435609011373533,0.0,0.24121787231686082,0.005935077168845141
18434,614.467,663,672,1552,1960,-4.8608,18.2589,0.22848481441983437,0.0,0.23739795494775287,0.004154554018191599
18435,614.5,664,672,1550,1957,-5.9527,17.4016,0.1824855753656983,0.08998487366371231,0.22092424107313646,0.029903649911847813
18436,614.533,664,672,1550,1959,-5.0322,17.5836,0.20830667595990932,0.05930383712577299,0.2171389715391683,0.03872370607602536
18437,614.567,664,674,1552,1961,-6.6104,17.7179,0.17416325060793733,0.00985654400416365,0.204246255259799,0.030063557454466847
18438,614.6,664,673,1552,1960,-4.1347,19.368,0.2751009573629796,0.0,0.22550266589075318,0.021044490218126793
18439,614.633,665,671,1550,1953,-5.6208,18.7702,0.22356188384513045,0.0,0.22492043127706635,0.014731143152688754
18440,614.667,664,672,1550,1953,-2.4513,18.5577,0.2931692790283488,0.0,0.24539508560245105,0.010311800206882127
18441,614.7,663,671,1549,1955,-4.6136,21.0736,0.3158407038476614,0.0,0.26652877107601414,0.0072182601448174885
18442,614.733,663,670,1547,1954,-3.2063,20.653,0.33583312570476126,0.0,0.2873200774646383,0.005052782101372242
18443,614.767,664,670,1548,1957,-2.9051,21.3993,0.3676947250470048,0.0,0.31143247173934824,0.003536947470960569
18444,614.8,663,672,1548,1957,-4.2023,19.7725,0.28510986845467534,0.0,0.3035356907539464,0.0024758632296723983
18445,614.833,663,673,1547,1957,-2.6229,18.5501,0.2889010194811592,0.0,0.2991452893721102,0.0017331042607706788
18446,614.867,663,673,1547,1957,-3.055,18.6111,0.28023518821662025,0.0,0.2934722590254632,0.0012131729825394751
18447,614.9,664,674,1546,1955,-2.3258,19.3011,0.31624483212456844,0.0,0.30030403095519476,0.0008492210877776325
18448,614.933,663,674,1546,1955,-2.9684,17.5008,0.2551411190833941,0.09809949715251744,0.28675515739365454,0.03002430390719957
18449,614.967,663,674,1546,1954,-3.8308,18.1382,0.24987421554361172,0.0,0.2756908748386417,0.021017012735039697
18450,615.0,651,735,1555,1951,0.1623,18.9057,0.364520224202024,0.0,0.3023396796476564,0.014711908914527788
18451,615.033,652,735,1555,1950,-0.0549,18.0775,0.3378387845064653,0.0,0.31298941110529904,0.01029833624016945
18452,615.067,651,733,1554,1949,0.3683,19.2042,0.37767414546158695,0.0,0.3323948314121854,0.007208835368118615
18453,615.1,651,733,1553,1949,1.1743,18.8402,0.3868300335051949,0.0,0.34872539204008823,0.0050461847576830305
18454,615.133,663,675,1545,1957,-0.56,18.4111,0.33427191406551654,0.0,0.3443893486477167,0.003532329330378121
18455,615.167,663,674,1543,1955,-1.1292,19.1271,0.3398636345314303,0.0,0.34303163441283074,0.0024726305312646846
18456,615.2,652,733,1551,1948,2.7686,20.2667,0.46660327338352714,0.0,0.3801031261040396,0.001730841371885279
18457,615.233,652,733,1551,1947,2.2902,19.3048,0.42635279908786317,0.0,0.39397802799918663,0.0012115889603196953
18458,615.267,652,730,1552,1948,2.58,19.6398,0.44300149891146584,0.0,0.4086850692728704,0.0008481122722237866
18459,615.3,652,729,1552,1950,5.2435,18.856,0.4842632817667626,0.0,0.431358533021038,0.0005936785905566506
18460,615.333,652,728,1552,1950,8.0664,19.6169,0.5736688343034562,0.0,0.47405162340576346,0.0004155750133896554
18461,615.367,652,728,1552,1950,8.0132,19.8209,0.5785654107034418,0.0,0.505405759595067,0.00029090250937275876
18462,615.4,654,727,1552,1949,4.9594,20.425,0.5241642694510161,0.0,0.5110333125518517,0.00020363175656093113
18463,615.433,654,728,1552,1948,5.0542,21.5666,0.5648883848382733,0.0,0.5271898342377781,0.00014254222959265178
18464,615.467,654,728,1552,1948,4.9485,21.9634,0.5765821786370313,0.0,0.542007537557554,9.977956071485624e-05
18465,615.5,654,728,1552,1948,3.7605,21.3009,0.524452515677462,0.0,0.5367410309935264,6.984569250039937e-05
18466,615.533,654,728,1551,1948,5.9441,21.3285,0.5780031265135152,0.0,0.549119659649523,4.8891984750279553e-05
18467,615.567,655,728,1552,1949,6.2941,20.1415,0.5472247168163693,0.0,0.5485511767995769,3.422438932519569e-05
18468,615.6,655,728,1552,1949,6.2454,20.481,0.5568547921886092,0.0,0.5510422614162865,2.395707252763698e-05
18469,615.633,655,729,1552,1950,7.7569,19.3504,0.5583715019889417,0.0,0.5532410335880831,1.6769950769345884e-05
18470,615.667,656,730,1552,1950,3.6025,19.8992,0.47523021675910404,0.0,0.5298377885393893,1.1738965538542118e-05
18471,615.7,658,719,1551,1942,5.2615,20.4254,0.5314304922042891,0.0,0.5303155996388592,8.217275876979482e-06
18472,615.733,657,720,1549,1942,3.4105,20.9702,0.504807299275916,0.0,0.5226631095299763,5.752093113885637e-06
18473,615.767,656,719,1550,1942,1.2885,19.5125,0.40842515330592827,0.0,0.4883917226627619,4.026465179719945e-06
18474,615.8,657,720,1549,1942,6.2021,19.2598,0.518530954304438,0.0,0.49743349215526467,2.8185256258039616e-06
18475,615.833,658,718,1548,1941,4.6155,19.0297,0.474088524704633,0.0,0.49043000192007513,1.972967938062773e-06
18476,615.867,658,718,1548,1941,4.8113,18.8685,0.47429194813157893,0.0,0.48558858578352626,1.381077556643941e-06
18477,615.9,658,718,1548,1941,4.741,19.4241,0.48834003393221553,0.0,0.48641402022813307,9.667542896507586e-07
18478,615.933,659,717,1547,1941,4.0456,17.2543,0.4155000478367386,0.18394414976416354,0.4651398285107147,0.05518392165725181
18479,615.967,658,672,1549,1947,8.5506,15.8494,0.49273428627377663,0.47516006572685765,0.47341816583963325,0.18117676487813356
18480,616.0,666,666,1541,1946,3.7655,15.966,0.38195629138958115,0.4586110574937541,0.44597960350461757,0.2644070526628197
18481,616.033,666,665,1542,1946,5.0202,14.5173,0.38687187380330973,0.7208631195949228,0.42824728459422523,0.40134387274245065
18482,616.067,666,665,1542,1946,5.0199,14.7963,0.3911476547040562,0.6745930287285539,0.4171173956271745,0.4833186195382816
18483,616.1,666,664,1542,1946,4.7964,14.8601,0.38690609177447927,0.6634869456509243,0.40805400447136586,0.5373691173720744
18484,616.133,666,665,1542,1946,5.485,14.7536,0.40140597245663023,0.6821766457158024,0.40605959486694515,0.5808113758751927
18485,616.167,666,668,1541,1946,4.456,16.9601,0.4186450471695966,0.25039104734841583,0.4098352305577405,0.4816852773171596
18486,616.2,667,668,1540,1945,6.6237,16.309,0.45621072606216895,0.3879208504080653,0.42374787920906903,0.4535559492444313
18487,616.233,667,669,1540,1944,8.8836,16.872,0.521702864853845,0.25713722073580964,0.45313437490250175,0.39463033069184483
18488,616.267,667,670,1540,1943,3.0751,17.6408,0.4014835194539559,0.09316484082857839,0.43763911826793794,0.3041906837328649
18489,616.3,656,722,1547,1936,2.6615,16.7755,0.3721918991565422,0.28921310907448916,0.4180049525345192,0.29969741133535216
18490,616.333,656,722,1548,1936,4.9103,14.9233,0.390595245496371,0.6527800874884974,0.40978204042307476,0.4056222141812957
18491,616.367,656,722,1547,1936,2.985,17.0224,0.3851855096580991,0.23559465589320003,0.40240308119358204,0.35461394669486695
18492,616.4,656,727,1548,1935,11.4871,15.688,0.5591444279127239,0.4895754854044471,0.44942548520932457,0.39510240830774096
18493,616.433,652,730,1552,1940,6.4438,19.9771,0.5457054611693699,0.0,0.47830947799733814,0.27657168581541863
18494,616.467,651,729,1552,1940,1.5695,18.5933,0.389629116209112,0.0,0.45170536946087025,0.19360018007079302
18495,616.5,662,672,1543,1950,0.4255,16.3404,0.3104782770043751,0.3722606669144937,0.4093372417239217,0.24719832612390322
18496,616.533,662,672,1546,1954,4.5887,17.3607,0.430821389795059,0.15914258207888893,0.4157824861452629,0.22078160291039894
18497,616.567,662,672,1546,1954,1.7376,18.3394,0.3870104529430803,0.0,0.4071508761846081,0.15454712203727924
18498,616.6,662,671,1546,1953,-1.157,18.3133,0.31760678995147323,0.0,0.3802876503146676,0.10818298542609546
18499,616.633,649,729,1555,1945,4.2071,15.7065,0.38752358517635255,0.5096104830331556,0.38245843077317304,0.22861123470821348
18500,616.667,650,729,1555,1944,2.8619,15.772,0.3570315598228261,0.49437018261124227,0.37483036948806897,0.3083389190791221
18501,616.7,661,674,1548,1954,2.3229,14.9243,0.3298392287490644,0.6457214059817245,0.36133302726636757,0.40955366514990277
18502,616.733,661,672,1549,1956,0.8775,14.5683,0.2905109764039151,0.6967675823925801,0.3400864120076318,0.49571784032270594
18503,616.767,659,669,1549,1956,-4.9477,16.8802,0.19490385035590044,0.21542424249551442,0.29653164351211236,0.41162976097454845
18504,616.8,660,670,1548,1954,-2.8818,15.2404,0.2129120724507116,0.5535066081059573,0.27144577219369215,0.454192815113971
18505,616.833,661,671,1551,1950,-5.2171,15.1709,0.15715099283211648,0.5378070820280578,0.23715733838521943,0.47927709518819706
18506,616.867,661,672,1551,1951,-3.7171,15.8377,0.203573932409839,0.43708956046687536,0.2270823165926053,0.4666208347718005
18507,616.9,661,673,1549,1947,-3.9667,16.1799,0.20402977826697924,0.36893439474140727,0.22016655509491748,0.4373149027626825
18508,616.933,660,675,1548,1948,-2.4509,14.0294,0.20531358339836558,0.7496860281336594,0.2157106635859519,0.5310262403739755
18509,616.967,661,675,1548,1949,-3.7663,13.1547,0.16462131622242435,0.8490648787849202,0.20038385937689362,0.6264378318972589
18510,617.0,659,667,1553,1956,-5.0825,14.4071,0.14898201840355121,0.6616491255035082,0.1849633070848909,0.6370012199791336
18511,617.033,658,672,1552,1956,-6.7163,13.5001,0.09980637224281771,0.7621827295236943,0.15941622663226895,0.6745556728425017
18512,617.067,658,670,1553,1959,-2.3005,17.0398,0.260669024885949,0.20670491746717545,0.18979206610837296,0.5342004462299038
18513,617.1,658,669,1552,1958,-1.8155,15.5273,0.24272088806546877,0.5128878539766105,0.2056707126955017,0.5278066685539158
18514,617.133,660,676,1552,1959,-2.46,15.833,0.23299287290055418,0.4506116364369069,0.21386736075701743,0.5046481589188131
18515,617.167,646,733,1563,1947,2.1862,17.4282,0.37542163446025095,0.141857830097608,0.26233364286798744,0.3958110602724515
18516,617.2,646,736,1562,1946,-2.656,19.3203,0.3089278891334879,0.0,0.27631191674763755,0.277067742190716
18517,617.233,646,733,1562,1946,2.6944,17.9952,0.4010561247362772,0.006902670688898569,0.31373517914422944,0.19601822074017078
18518,617.267,646,737,1561,1945,-0.027,19.0417,0.36373820337102614,0.0,0.3287360864122684,0.13721275451811954
18519,617.3,646,738,1560,1944,1.3846,19.0189,0.3967283785649063,0.0,0.3491337740580598,0.09604892816268368
18520,617.333,646,740,1560,1945,-0.2548,18.7108,0.3493580963236416,0.0,0.3492010707377343,0.06723424971387856
18521,617.367,646,739,1559,1945,-0.3783,20.0186,0.3836555884774038,0.0,0.3595374260596351,0.04706397479971499
18522,617.4,646,738,1561,1944,1.388,19.0856,0.39865880944138016,0.0,0.3712738410741586,0.032944782359800494
18523,617.433,646,732,1560,1943,2.9933,19.2594,0.441840902162617,0.0,0.39244395940069615,0.023061347651860343
18524,617.467,647,732,1560,1945,3.7671,17.5946,0.41680637336176346,0.10444818819111605,0.39975268358901633,0.04747739981363705
18525,617.5,646,734,1561,1945,0.8278,16.7574,0.3284843739635573,0.2871281635128403,0.3783721907013786,0.11937262892339803
18526,617.533,648,728,1560,1945,0.3343,17.8707,0.3420016559531125,0.031458053544611855,0.36746103027689875,0.09299825630976218
18527,617.567,647,725,1561,1945,0.6044,15.5284,0.2995568789546759,0.5303272171871586,0.3470897848802319,0.22419694457298112
18528,617.6,648,726,1559,1946,1.6674,16.8964,0.3512779857205325,0.2602664730590324,0.34834624513232204,0.2350178031187965
18529,617.633,648,725,1559,1946,1.8322,16.6697,0.3503658540473535,0.30969389507133166,0.3489521278068315,0.257420630704557
18530,617.667,649,726,1559,1944,1.2605,15.641,0.31696875150547504,0.5129900974774506,0.3393571149164245,0.3340914707364251
18531,617.7,649,728,1558,1944,2.7087,16.6161,0.3699547871020892,0.3234859438321842,0.34853641657212386,0.3309098126651528
18532,617.733,649,729,1559,1944,3.4409,18.0797,0.420902646180538,0.0,0.3702462854546481,0.23163686886560694
18533,617.767,649,731,1559,1945,1.2599,19.8086,0.41646984933933134,0.0,0.3841133546200531,0.16214580820592486
18534,617.8,649,730,1559,1944,0.9852,17.0539,0.3385715168176102,0.22316282972529025,0.37045080327932023,0.18045091466173446
18535,617.833,650,729,1559,1944,3.6523,17.1789,0.4044716594560548,0.20106106349564953,0.3806570601323406,0.186633959311909
18536,617.867,662,675,1549,1950,2.1041,15.8756,0.34109952203660676,0.4719830356994661,0.36878979870362044,0.2722386822281761
18537,617.9,663,675,1549,1950,0.3842,14.7125,0.28110859097587254,0.670244956786408,0.34248543638529605,0.39164056459564567
18538,617.933,649,731,1558,1943,3.3643,16.8864,0.3911936220700696,0.266189716499871,0.35709789209072806,0.3540053101669132
18539,617.967,649,729,1559,1944,4.5092,16.1523,0.4031067665681167,0.4220985238555821,0.37090055443394465,0.37443327427351386
18540,618.0,646,729,1561,1951,2.5335,18.1012,0.39987695377619203,0.0,0.3795934742366189,0.2621032919914597
18541,618.033,645,730,1562,1951,4.215,17.7604,0.4314185712011888,0.06450999237004387,0.39514100332598984,0.20282530210503497
18542,618.067,646,729,1561,1951,0.6488,18.4827,0.36483700108905265,0.0,0.3860498026549087,0.14197771147352448
18543,618.1,658,671,1552,1959,-4.1172,17.6615,0.23170527076415218,0.05069397364908368,0.3397464430876817,0.11459259012619223
18544,618.133,646,727,1560,1949,2.316,14.5108,0.3233587748516594,0.7138609907175217,0.334830142616875,0.29437311030359103
18545,618.167,659,671,1551,1957,-1.7485,16.784,0.26825646478159454,0.2660848873009789,0.31485803926629086,0.2858866434028074
18546,618.2,659,668,1552,1957,0.7944,17.3161,0.3399016091216071,0.1634523012255194,0.32237111022288567,0.24915634074962098
18547,618.233,659,668,1552,1958,-1.295,16.8787,0.2809444019946766,0.2491034450261031,0.3099430977544229,0.24914047203256562
18548,618.267,660,667,1553,1959,-0.0702,17.4976,0.3235937388845543,0.11794799562664826,0.3140382900934623,0.2097827291107904
18549,618.3,659,669,1551,1959,0.1366,13.4528,0.2586228577620156,0.8537795742284983,0.2974136603940283,0.40298178264610274
18550,618.333,659,669,1551,1958,0.11,15.7225,0.29137816707878605,0.4913236859715815,0.2956030123994556,0.4294843536437464
18551,618.367,660,673,1550,1957,1.0117,16.9717,0.3374062758116396,0.24140844862774302,0.3081439914231108,0.37306158213894536
18552,618.4,660,674,1549,1954,0.8323,16.0241,0.31393720737509445,0.4375317300136138,0.30988195620870584,0.39240262650134583
18553,618.433,660,675,1548,1956,3.334,15.6153,0.36530164915459895,0.5253404631052855,0.32650786409247373,0.4322839774825277
18554,618.467,660,675,1548,1956,3.2898,15.6631,0.3651229190052997,0.5162163126173546,0.3380923805663215,0.4574636780229757
18555,618.5,660,676,1547,1957,5.9907,15.0408,0.4179256348036489,0.6326822187987645,0.36204235683751973,0.5100292402557124
18556,618.533,660,677,1546,1957,8.5899,14.2625,0.46695786940796696,0.759131915778844,0.3935170106086539,0.5847600429126518
18557,618.567,660,679,1545,1956,9.0361,13.0661,0.4620768656530723,0.9310731785841815,0.4140849671219794,0.6886539836141107
18558,618.6,660,679,1545,1955,9.4796,13.7007,0.48011892870855016,0.8421746277071162,0.4338951555979506,0.7347101768420123
18559,618.633,646,732,1555,1949,6.3517,16.7928,0.45991038619158053,0.28489870863774214,0.4416997247760396,0.5997667363807313
18560,618.667,647,732,1556,1948,8.6522,13.6036,0.4594687510766549,0.8585792335031638,0.44703043266622416,0.677410485517461
18561,618.7,647,733,1556,1947,10.79,16.1665,0.5519973935234749,0.39763951564337835,0.47852052092339936,0.5934791945552361
18562,618.733,647,733,1556,1947,10.1215,15.9557,0.5319622218537551,0.44554845917904345,0.49455303120250604,0.5490999739423783
18563,618.767,647,732,1556,1947,7.6897,15.6599,0.4688266798615742,0.5154280708314328,0.4868351258002265,0.5389984030090946
18564,618.8,648,733,1557,1947,9.7812,16.9596,0.5449761510772729,0.23178380752065839,0.5042774333833404,0.4468340243625637
18565,618.833,648,735,1556,1946,8.1557,15.4439,0.4758970916508857,0.555139976150212,0.4957633308636039,0.47932580989885815
18566,618.867,648,735,1556,1945,8.2839,15.7136,0.483862008569883,0.5029759656013596,0.4921929341754876,0.48642085660960854
18567,618.9,648,736,1556,1945,9.6492,17.6705,0.5585140728180957,0.06476815724663261,0.51208927576827,0.35992504680071574
18568,618.933,648,738,1556,1946,8.9744,17.3269,0.5342175602931523,0.15190585671252954,0.5187277611257346,0.2975192897742599
18569,618.967,648,734,1556,1947,9.7479,16.7596,0.5397551247008247,0.2769992388425628,0.5250359701982616,0.29136327449475075
18570,619.0,652,733,1552,1946,12.8517,13.8209,0.5609493513740635,0.8055700901546455,0.5358099845510021,0.4456253191927192
18571,619.033,652,732,1552,1947,12.2172,13.6237,0.5434015186917672,0.8396159598230477,0.5380874447932317,0.5638225113818177
18572,619.067,652,733,1553,1947,14.2609,14.1729,0.5991451626311101,0.7379531513883403,0.5564047601445952,0.6160617033837745
18573,619.1,652,733,1552,1948,11.8911,13.0549,0.5288192213809404,0.9210430115689282,0.5481290985154987,0.7075560958393206
18574,619.133,651,734,1553,1949,11.7239,13.5881,0.5313512991923192,0.8479659195159325,0.5430957587185448,0.7496790429423041
18575,619.167,652,734,1552,1949,10.5,14.9651,0.5229251090084309,0.6321575552850421,0.5370445638055106,0.7144225966451255
18576,619.2,653,736,1553,1949,12.8993,12.5325,0.5468820213880032,0.9808352305779154,0.5399958010802584,0.7943463868249625
18577,619.233,653,735,1552,1948,6.8059,14.247,0.424831052744851,0.7646770796101185,0.5054463765796361,0.7854455946605092
18578,619.267,653,734,1553,1948,0.6728,14.7384,0.2882606766610133,0.6679280840967262,0.44029066660404925,0.7501903414913742
18579,619.3,652,734,1554,1948,1.9283,15.0104,0.32195462924408547,0.6292506315677323,0.40478985539606005,0.7139084285142816
18580,619.333,652,735,1554,1948,1.8797,14.9356,0.3196187367574248,0.6417991818739807,0.37923851980446943,0.6922756545221913
18581,619.367,652,736,1555,1949,-1.4561,15.3879,0.2487730855870299,0.5410231659901423,0.3400988895392375,0.6468999079625766
18582,619.4,652,736,1555,1948,-2.6118,14.1812,0.20354532854467644,0.7258845409626051,0.29913282124086915,0.6705952978625851
18583,619.433,651,735,1555,1947,-1.6772,18.0531,0.29877919309040535,0.0,0.29902673279573,0.4694167085038095
18584,619.467,651,734,1555,1947,-2.4081,16.3773,0.24447847438113107,0.3449576787967668,0.2826622552713503,0.43207899959169666
18585,619.5,651,735,1555,1946,-4.2735,17.7377,0.2297893116344121,0.03142592317474185,0.2668003721802688,0.3118830766666102
18586,619.533,651,735,1554,1944,-4.1755,15.5979,0.1886050119503704,0.4760582278107068,0.24334176411129926,0.3611356220098392
18587,619.567,650,734,1556,1947,-6.4324,18.4395,0.19582664121136195,0.0,0.22908722724131805,0.2527949354068874
18588,619.6,650,734,1556,1947,-7.3019,18.8318,0.18535884286505253,0.0,0.21596871192843836,0.17695645478482117
18589,619.633,649,729,1556,1949,-6.3332,17.2745,0.17071358578107798,0.11349971245999062,0.20239217408423021,0.157919432087372
18590,619.667,650,731,1555,1947,-9.1259,17.307,0.10570449205779456,0.06611589345403161,0.17338586947629953,0.1303783704973699
18591,619.7,650,729,1554,1947,-6.0322,16.6956,0.165601651129268,0.24087782272924368,0.17105060397219007,0.16352820616693203
18592,619.733,650,730,1555,1948,-5.7761,16.0272,0.15872285353951754,0.37664966989395804,0.16735227884238832,0.22746464528503982
18593,619.767,649,728,1554,1948,-6.0116,16.757,0.16733415617328162,0.22842633957453345,0.16734684204165629,0.2277531535718879
18594,619.8,650,727,1554,1948,-4.5884,20.4622,0.2967905462396773,0.0,0.2061799533010626,0.15942720750032152
18595,619.833,649,728,1554,1948,-5.1138,17.469,0.20377670125023747,0.08452426888639993,0.20545897768581503,0.13695632591614504
18596,619.867,649,728,1554,1948,-5.8242,17.3666,0.18473554894638458,0.09936026922974717,0.1992419490639859,0.12567750891022567
18597,619.9,649,727,1554,1948,-6.2885,17.8678,0.18526294138140736,0.0,0.19504824675921234,0.08797425623715796
18598,619.933,648,729,1554,1948,-5.7226,17.6922,0.1945143899945581,0.026552664428011206,0.19488808972981606,0.06954777869441393
18599,619.967,648,729,1554,1947,-6.7904,18.0,0.17655686774955268,0.0,0.18938872313573704,0.04868344508608975
18600,620.0,659,673,1548,1956,-6.6415,15.9581,0.13718343222456583,0.37779652001413727,0.17372713586238567,0.14741736756450402
18601,620.033,660,675,1548,1957,-1.2138,12.5898,0.21849148578901326,0.9445433541886694,0.18715644084037392,0.3865551635517536
18602,620.067,658,677,1548,1955,-0.32,12.9689,0.24281422424888519,0.9103431132881759,0.2038537758629273,0.5436915484726803
18603,620.1,659,677,1548,1955,-2.9793,12.4125,0.17606220441015377,0.9422558445928181,0.19551630442709522,0.6632608373087217
18604,620.133,649,734,1557,1944,-0.8113,17.0117,0.295208351554651,0.22338612030915156,0.22542391856536198,0.5312984222088506
18605,620.167,658,684,1549,1955,-5.4818,16.0009,0.1651420171689548,0.38546904624510675,0.20733934814643984,0.4875496094197274
18606,620.2,658,683,1549,1954,-2.4763,15.0542,0.2194140722540967,0.58946527799244,0.21096176537873687,0.5181243099915411
18607,620.233,658,684,1549,1954,-4.521,17.2428,0.21272080526061105,0.1415490835950045,0.2114894773432991,0.40515174207258015
18608,620.267,658,684,1549,1953,-6.548,16.7188,0.15394983404506257,0.22929037618554635,0.19422758435382811,0.35239333230647
18609,620.3,659,685,1549,1954,-2.8662,17.3126,0.2533051598785193,0.14165504539912724,0.21195085701123545,0.28917184623426717
18610,620.333,660,686,1549,1955,-2.9167,16.1078,0.22733540751181538,0.39370836333979714,0.21656622216140942,0.32053280136592616
18611,620.367,660,686,1549,1955,-3.0035,16.3919,0.23075832981532016,0.3366079940547045,0.22082385445758262,0.32535535917255964
18612,620.4,649,743,1558,1945,-2.905,19.0637,0.2958855125857773,0.0,0.24334235189604103,0.22774875142079173
18613,620.433,660,686,1548,1951,-5.1371,16.8448,0.18970982402338263,0.22072790291110764,0.22725259353424349,0.2256424968678865
18614,620.467,660,689,1547,1951,-4.2335,16.7824,0.20968362810022104,0.24390558476747926,0.22198190390403674,0.23112142323776433
18615,620.5,660,688,1548,1950,-4.1933,16.7685,0.21034301093114888,0.2472493135253977,0.21849023601217038,0.23595979032405434
18616,620.533,662,685,1545,1945,-0.2935,11.7186,0.23320155613364027,1.0,0.22290363204861133,0.465171853226838
18617,620.567,661,686,1546,1946,1.5065,15.0354,0.31245850682842563,0.6228852965280599,0.2497700944825556,0.5124858862172046
18618,620.6,661,686,1546,1946,1.6369,14.9282,0.31380525227475575,0.6418562169540277,0.26898064182021564,0.5512969854382515
18619,620.633,661,686,1546,1946,1.4495,14.6769,0.3055274532156171,0.68264009431332,0.2799446852388361,0.5906999181007719
18620,620.667,661,684,1546,1946,2.6429,13.3522,0.31591333168127983,0.8840301901277791,0.29073527917156916,0.678698999708874
18621,620.7,661,683,1546,1948,3.4537,14.9867,0.35738963498416376,0.639020608772824,0.31073158591534755,0.666795482428059
18622,620.733,661,682,1546,1947,2.2047,14.8139,0.3253311573954776,0.6638153648356482,0.31511145735938656,0.6659014471503357
18623,620.767,661,682,1546,1947,3.8827,14.8662,0.3655373989355205,0.660775667102586,0.3302392398322267,0.6643637131360107
18624,620.8,661,683,1546,1947,3.6501,13.5872,0.3421908648309635,0.8570099010349114,0.33382472733184776,0.7221575695056809
18625,620.833,649,735,1553,1942,1.7827,13.5021,0.2975743304364293,0.8591804647097431,0.3229496082632222,0.7632644380668995
18626,620.867,649,734,1553,1941,2.7507,12.7744,0.3123396732802224,0.956324645059559,0.31976662776832226,0.8211825001646973
18627,620.9,648,733,1553,1941,1.588,12.1378,0.27975925287942705,1.0,0.30776441530165366,0.8748277501152881
18628,620.933,660,674,1545,1949,2.497,17.6588,0.38819774881296154,0.08820213630447377,0.331894415355046,0.6388400659720438
18629,620.967,649,731,1554,1943,2.4695,13.9439,0.3190884406097054,0.8011900589340325,0.32805262293144377,0.6875450638606404
18630,621.0,647,728,1554,1945,3.5921,17.7706,0.4168718024851197,0.06223402919479759,0.35469837679754657,0.49995175346088755
18631,621.033,660,671,1545,1952,-1.3008,18.5627,0.32060690229369493,0.0,0.34447093444639104,0.3499662274226213
18632,621.067,648,727,1553,1945,4.7678,17.6512,0.44191598125698145,0.09030208208612206,0.3737044484895682,0.2720669838216715
18633,621.1,647,729,1553,1945,4.2929,17.0904,0.41766591144780996,0.22122255466163868,0.38689288737704075,0.2568136550736616
18634,621.133,647,727,1553,1946,4.7576,17.1289,0.4295415407381547,0.21229009762154946,0.39968748338537485,0.24345658783802795
18635,621.167,646,729,1554,1948,6.3281,14.5297,0.4177706359325234,0.7195000956563016,0.4051124291495194,0.38626964018351
18636,621.2,646,730,1555,1948,2.7794,15.2448,0.34580501483636916,0.5916360222036834,0.3873202048555743,0.447879554789562
18637,621.233,658,675,1547,1955,3.3013,16.9921,0.3920064351783747,0.2427556817126384,0.3887260739524143,0.3863423928664849
18638,621.267,659,678,1547,1956,1.595,16.6427,0.34420161793411935,0.31462423803191036,0.3753687371469258,0.3648269464161125
18639,621.3,660,677,1547,1956,1.0705,18.4134,0.37306213991722026,0.0,0.37467675797801414,0.2553788624912787
18640,621.333,660,678,1547,1955,1.1889,14.1973,0.2925307958060328,0.7563765333196915,0.35003296932641975,0.40567816373980253
18641,621.367,646,736,1557,1947,-0.5667,22.0659,0.4473356601090481,0.0,0.3792237765612082,0.2839747146178618
18642,621.4,660,679,1548,1955,-1.5774,15.5074,0.247964268037222,0.518547399837913,0.3398459240040123,0.35434652018387713
18643,621.433,647,733,1557,1948,0.6059,19.6402,0.3958605189380848,0.0,0.356650302484234,0.24804256412871398
18644,621.467,647,733,1557,1948,0.3894,19.2174,0.37854776808882357,0.0,0.36321954216561086,0.17362979489009978
18645,621.5,647,735,1558,1948,-1.1261,19.2354,0.34295594459293843,0.0,0.35714046289380913,0.12154085642306983
18646,621.533,647,734,1559,1949,0.7751,18.3767,0.3650963736860417,0.0,0.35952723613147886,0.08507859949614888
18647,621.567,647,733,1558,1948,0.8151,18.4639,0.3683007208245389,0.0,0.36215928153939686,0.05955501964730421
18648,621.6,647,734,1559,1948,-1.48,20.1007,0.35983875912161895,0.0,0.3614631248140635,0.041688513753112943
18649,621.633,646,732,1559,1948,-0.2138,20.0822,0.38952350117678114,0.0,0.3698812377228788,0.02918195962717906
18650,621.667,646,732,1559,1948,0.4325,20.1381,0.4066884367607401,0.0,0.3809233974342372,0.02042737173902534
18651,621.7,647,731,1559,1948,-3.3006,17.4304,0.24569537019526141,0.11130059893379059,0.3403549892625445,0.04768933989745491
18652,621.733,647,730,1559,1947,-2.0988,18.8521,0.3093078951888909,0.0,0.3310408610404484,0.033382537928218436
18653,621.767,648,729,1558,1946,-1.9943,15.462,0.23740739360252722,0.5230661535819126,0.30295082080907204,0.18028762262432668
18654,621.8,647,728,1558,1947,-1.9813,20.9633,0.3752126499515034,0.0,0.32462936955180144,0.12620133583702867
18655,621.833,647,731,1558,1951,-0.4935,21.794,0.43934329231140845,0.0,0.3590435463796835,0.08834093508592006
18656,621.867,647,731,1557,1951,-1.4471,23.183,0.4683698639520293,0.0,0.39184144165138723,0.061838654560144035
18657,621.9,646,734,1558,1952,-1.364,23.3806,0.47822340418922377,0.0,0.4177560304127382,0.043287058192100825
18658,621.933,646,735,1558,1952,-1.131,22.842,0.46272714475762705,0.0,0.4312473647162048,0.030300940734470577
18659,621.967,646,733,1558,1952,-0.3971,22.1692,0.45518164379919035,0.0,0.43842764844110044,0.021210658514129403
18660,622.0,645,737,1560,1954,-0.1057,20.2008,0.39575288130427017,0.0,0.4256252183000513,0.01484746095989058
18661,622.033,645,737,1560,1954,0.9219,21.7071,0.47031503023139914,0.0,0.4390321618794556,0.010393222671923405
18662,622.067,644,735,1560,1955,0.2808,23.039,0.5044736876292473,0.0,0.4586646196043931,0.007275255870346383
18663,622.1,644,735,1560,1955,-0.4033,23.3853,0.5016494742279848,0.0,0.4715600759914706,0.005092679109242468
18664,622.133,644,733,1559,1954,2.3139,22.9146,0.5487833465339295,0.0,0.4947270571542082,0.0035648753764697273
18665,622.167,645,732,1558,1953,2.4711,21.2551,0.49186106714459504,0.0,0.49386726015132426,0.002495412763528809
18666,622.2,644,728,1562,1955,12.0771,21.5671,0.7346192742681591,0.0,0.5660928643863747,0.0017467889344701662
18667,622.233,643,727,1562,1956,12.1893,21.1281,0.7218204947012892,0.0,0.612811153480849,0.0012227522541291163
18668,622.267,645,723,1567,1954,9.8257,18.5789,0.586168097274359,0.0,0.604818236618902,0.0008559265778903814
18669,622.3,646,720,1568,1955,15.6396,19.2607,0.7449774555411478,0.0,0.6468660022955757,0.0005991486045232669
18670,622.333,647,722,1568,1956,10.8256,16.3702,0.5570247929685422,0.3543477402710109,0.6199136394974656,0.10672372610446955
18671,622.367,647,721,1569,1955,13.4677,15.9781,0.611728008998383,0.41305148227953986,0.6174579503477408,0.19862205295699065
18672,622.4,648,718,1570,1955,17.4528,18.6867,0.7720094962657325,0.0,0.6638234141231383,0.13903543706989344
18673,622.433,647,722,1570,1956,11.7137,18.0111,0.6163096574396203,0.0,0.6495692871180828,0.0973248059489254
18674,622.467,646,722,1571,1957,16.9895,19.0834,0.7722444595619314,0.0,0.6863718388512374,0.06812736416424778
18675,622.5,646,721,1571,1958,10.4884,18.6442,0.6038000563617598,0.0,0.6616003041043941,0.04768915491497344
18676,622.533,647,716,1571,1958,13.8619,17.2499,0.6488246993448128,0.12570122033960116,0.6577676226765197,0.07109277454236175
18677,622.567,643,728,1571,1958,4.683,16.8399,0.4214010527006904,0.2769020846899661,0.5868576516837708,0.13283556758664306
18678,622.6,645,732,1569,1956,7.3209,16.5466,0.4776227132852397,0.3356468811964003,0.5540871701642114,0.19367896166957022
18679,622.633,645,731,1569,1956,6.7891,16.6385,0.4669658212677351,0.31745987072121307,0.5279507654952685,0.23081323438506307
18680,622.667,643,736,1570,1955,6.9516,19.2492,0.5361581339126452,0.0,0.5304129760204815,0.16156926406954414
18681,622.7,644,735,1570,1954,5.0747,20.6853,0.5353680321996148,0.0,0.5318994928742216,0.11309848484868089
18682,622.733,644,734,1570,1953,6.4637,19.1335,0.5211761305374163,0.0,0.52868248417318,0.07916893939407661
18683,622.767,644,734,1570,1953,6.3214,19.3741,0.5246927217023398,0.0,0.5274855554319279,0.05541825757585363
18684,622.8,644,734,1570,1950,4.5907,16.6135,0.41439435464731555,0.32603967889411445,0.49355819519654415,0.13660468397133188
18685,622.833,645,734,1570,1950,4.5362,17.0428,0.42237107192841694,0.2318696991340947,0.47220205821610595,0.1651841885201607
18686,622.867,644,733,1569,1950,4.3115,18.1555,0.44352109701076287,0.0,0.46359776985450296,0.11562893196411249
18687,622.9,645,734,1570,1950,4.3804,16.7903,0.4131688544855235,0.28782841007169585,0.4484690952438091,0.16728877539638748
18688,622.933,645,730,1568,1950,3.8109,15.5352,0.37509910159281595,0.5413549077276548,0.42645809714851113,0.2795086150957677
18689,622.967,644,729,1567,1951,4.0052,15.36,0.37660059547091934,0.5740281851377254,0.41150084664523356,0.367864486108355
18690,623.0,647,733,1566,1950,6.4162,15.6018,0.43770127045796203,0.5293927110003528,0.4193609737890521,0.4163229535759543
18691,623.033,647,732,1565,1951,5.5997,17.8183,0.46574188242399284,0.048238913989024544,0.4332752463795343,0.3058977416998753
18692,623.067,647,731,1565,1951,5.4989,19.8054,0.5178032932041932,0.0,0.45863366042693193,0.2141284191899127
18693,623.1,647,732,1564,1950,5.4819,16.9255,0.4421904783678455,0.2572111894483204,0.45370070580920596,0.227053250267435
18694,623.133,647,732,1564,1949,4.9677,17.0297,0.43230530191245015,0.23452045050050677,0.44728208464017916,0.2292934103373565
18695,623.167,647,731,1567,1949,5.9552,17.4715,0.46584796908358356,0.13086278887969094,0.45285184997320044,0.19976422390005683
18696,623.2,647,732,1567,1949,3.5402,15.9932,0.37716095801634364,0.4528697580620917,0.43014458238614334,0.27569588414866725
18697,623.233,647,734,1567,1949,4.7052,16.6286,0.41742015451857956,0.32278407282971994,0.4263272540258741,0.289822340752983
18698,623.267,646,732,1566,1949,5.3683,16.8637,0.4381481039531322,0.27107690559007,0.4298735090040515,0.2841987102041091
18699,623.3,647,735,1565,1948,6.9868,16.6637,0.47218648871912333,0.3114054333539407,0.44256740291857305,0.2923607271490586
18700,623.333,645,730,1566,1949,2.8801,16.7149,0.3760759674772614,0.3027248872783243,0.42261997228617953,0.2954699751878383
18701,623.367,644,734,1562,1947,0.1575,16.5468,0.3083058372683613,0.3283321914358387,0.38832573178083407,0.3053286400622384
18702,623.4,644,733,1561,1946,0.659,16.4223,0.31761497969481495,0.35669507674212,0.36711250615502833,0.32073857106620285
18703,623.433,643,737,1561,1945,0.4177,17.6052,0.33764932280981796,0.09502233056956315,0.3582735511514652,0.25302369891721094
18704,623.467,643,738,1561,1945,0.8904,17.9674,0.3575469874181919,0.009969491647989909,0.3580555820314832,0.18010743673644464
18705,623.5,643,734,1562,1945,0.7253,18.3999,0.3645105630026582,0.0,0.3599920763228357,0.12607520571551123
18706,623.533,643,734,1562,1945,1.0168,18.3893,0.3711638354188475,0.0,0.36334360405163924,0.08825264400085786
18707,623.567,643,736,1562,1945,1.1077,16.637,0.3325784342701844,0.31394953031840783,0.3541140531172028,0.15596170989612285
18708,623.6,643,736,1562,1945,1.1699,16.516,0.3315601190320315,0.33961686046781775,0.34734787289165137,0.21105825506763132
18709,623.633,656,673,1556,1968,4.9001,12.0257,0.35581080103780205,1.0,0.3498867513354965,0.4477407785473419
18710,623.667,641,728,1568,1951,8.5997,15.5676,0.48862109624361977,0.5299802793937003,0.39150705480793346,0.4724126288012494
18711,623.7,641,732,1570,1954,6.3656,16.5238,0.45452112390082333,0.3431920622604833,0.41041127553580037,0.4336464588390196
18712,623.733,641,731,1570,1953,5.1314,16.9176,0.4337123221106445,0.2594080231933474,0.41740158950825357,0.3813749281453179
18713,623.767,640,731,1572,1954,3.1673,17.1874,0.3931734087937065,0.19872631987174624,0.4101331352938894,0.3265803456632464
18714,623.8,642,731,1570,1954,5.2507,16.4423,0.4264528235352925,0.362101897985543,0.4150290417663103,0.33723681135993533
18715,623.833,655,671,1559,1973,5.6652,14.0891,0.39585383273206726,0.7889592977743508,0.40927647905603737,0.47275355728425994
18716,623.867,640,730,1570,1955,8.2057,17.3193,0.5157597903992643,0.15804348062297432,0.44122147245900545,0.3783405342858742
18717,623.9,656,672,1557,1971,5.4854,13.4155,0.38303176338045436,0.8856309600851033,0.4237645597354401,0.5305276620256429
18718,623.933,656,673,1558,1973,2.6809,12.948,0.31244164658766277,0.9352553807331684,0.39036768579110687,0.6519459776379005
18719,623.967,640,732,1568,1956,5.4505,18.3412,0.47541560512653047,0.0,0.4158820615917339,0.4563621843465303
18720,624.0,639,728,1567,1957,8.4237,16.4807,0.5023723916474567,0.34534688383254375,0.44182916060845073,0.4230575941923343
18721,624.033,654,672,1557,1973,3.207,15.8843,0.3672463819977542,0.4735598635151384,0.41945432702524177,0.4382082749891755
18722,624.067,654,672,1557,1975,4.3839,17.0145,0.41813581215963047,0.23826461959810125,0.41905877256555835,0.37822517837185315
18723,624.1,654,672,1557,1975,4.4375,16.9788,0.41861796019948033,0.24622930077740984,0.4189265288557349,0.33862641509352015
18724,624.133,654,672,1557,1974,1.5107,16.8273,0.34609498361722846,0.2747674133882143,0.39707706528418296,0.3194687145819284
18725,624.167,655,675,1557,1972,1.7684,14.1828,0.3058862782329881,0.7620215982522389,0.3697198291688245,0.4522345796830215
18726,624.2,655,676,1556,1971,-0.4954,15.6241,0.2753991437489243,0.5056307027781523,0.34142362354285444,0.46825341661156067
18727,624.233,639,735,1566,1955,5.6745,22.8056,0.6259101971492306,0.0,0.42676959562476724,0.32777739162809244
18728,624.267,655,678,1556,1969,2.2969,15.4221,0.33749059375118184,0.5579150496512238,0.3999858950626916,0.3968186890350318
18729,624.3,655,680,1555,1965,4.4637,19.8889,0.4955389427619034,0.0,0.4286518093724551,0.27777308232452225
18730,624.333,655,680,1555,1965,3.9726,19.9278,0.4849621791326721,0.0,0.4455449203005202,0.19444115762716557
18731,624.367,655,681,1555,1965,4.6745,17.9224,0.4463084476845402,0.0244266568172575,0.4457739785157262,0.14343680738419315
18732,624.4,655,681,1554,1963,6.0038,17.9621,0.4789172380596805,0.01161686726545077,0.45571695637891246,0.10389082534857043
18733,624.433,657,678,1554,1962,3.4163,14.0783,0.34302534991841277,0.7854155683662957,0.42190947444076254,0.30834824825388796
18734,624.467,656,679,1554,1963,7.0614,14.9855,0.44221602674071275,0.6413566094077646,0.4280014401307476,0.40825075660005095
18735,624.5,656,680,1554,1963,9.1995,15.8063,0.5072574587366437,0.4807120784331756,0.4517782457125164,0.4299891531499883
18736,624.533,658,680,1554,1961,10.4908,15.9416,0.540431902823766,0.44600888638794167,0.4783743428458912,0.43479507312137433
18737,624.567,657,679,1553,1963,11.3118,17.2395,0.58780229057,0.15492439379255146,0.5112027271631239,0.3508338693227275
18738,624.6,657,679,1553,1963,11.4719,17.2339,0.5914840674223919,0.1548013514223165,0.5352871292409043,0.2920241139526042
18739,624.633,657,679,1553,1963,11.3118,17.1941,0.5867434286960752,0.16560569621684088,0.5507240190774555,0.2540985886318752
18740,624.667,657,680,1554,1964,12.0512,14.0867,0.5458310673273666,0.7701502685012197,0.5492561335524289,0.4089140925926785
18741,624.7,657,678,1554,1963,9.9022,14.7946,0.5060198599849323,0.6654109702598301,0.5362852514821799,0.485863155892824
18742,624.733,641,733,1565,1952,15.5352,16.9103,0.6808426771622045,0.1838636820061178,0.5796524791861872,0.39526331372681206
18743,624.767,641,731,1566,1951,17.087,17.7452,0.7380454906254778,0.0,0.6271703826179743,0.27668431960876844
18744,624.8,640,728,1567,1954,17.8521,17.8647,0.7594327816688335,0.0,0.666849102333232,0.1936790237261379
18745,624.833,637,721,1567,1954,16.3958,14.262,0.6508662218629165,0.6996739272105867,0.6620542381921373,0.34547749477147255
18746,624.867,637,720,1567,1954,13.9612,16.6831,0.6382476476647454,0.25570713550385943,0.6549122610339196,0.3185463869911886
18747,624.9,651,663,1558,1969,11.2985,12.7615,0.511741820541477,0.9618544304760471,0.6119611288861868,0.5115388000366461
18748,624.933,651,662,1557,1965,10.5014,12.8371,0.49388122605891727,0.9558430616287515,0.5765371580380059,0.6448300785142778
18749,624.967,651,662,1557,1965,12.0404,14.3077,0.5488166633402256,0.7346682511902887,0.5682210096286717,0.671781530317081
18750,625.0,654,665,1555,1959,9.6214,10.9764,0.4587455956260978,1.0,0.5353783854278995,0.7702470712219567
18751,625.033,653,664,1554,1958,7.3513,13.0005,0.4219601420058025,0.9415450470338949,0.5013529124012703,0.8216364639655381
18752,625.067,653,665,1554,1959,8.1419,11.629,0.4282840255354618,1.0,0.47943224634152776,0.8751455247758766
18753,625.1,653,664,1553,1957,7.6941,12.6006,0.42588205307372856,0.9902766768182859,0.463367188361188,0.9096848703885994
18754,625.133,653,665,1552,1956,7.9288,13.0829,0.43636026030366465,0.9306747060825538,0.455265109943931,0.9159818210967856
18755,625.167,654,664,1551,1956,3.93,12.5412,0.33759446819194444,0.9890539844884852,0.419963917418335,0.9379034701142954
18756,625.2,654,664,1551,1956,3.6867,12.9765,0.3361728819583208,0.9368083036725839,0.3948266067803307,0.9375749201817819
18757,625.233,654,665,1552,1956,4.5027,12.6108,0.3515735222542538,0.9835049379531622,0.3818506814225076,0.951353925513196
18758,625.267,654,664,1552,1955,5.321,12.9693,0.3742158048885631,0.9432068780647405,0.37956021846232424,0.9489098112786594
18759,625.3,654,666,1553,1955,9.0555,12.0716,0.452902883096433,1.0,0.4015630178525569,0.9642368678950615
18760,625.333,654,665,1551,1953,4.395,11.406,0.339863421159862,1.0,0.3830531388447484,0.974965807526543
18761,625.367,651,663,1553,1953,17.806,8.5458,0.643556613485188,1.0,0.46120418123688023,0.98247606526858
18762,625.4,651,664,1552,1952,17.5713,8.2551,0.6385941887049127,1.0,0.5144211834772899,0.9877332456880059
18763,625.433,652,664,1552,1954,19.9259,9.4505,0.6929194153708513,1.0,0.5679706530453583,0.991413271981604
18764,625.467,652,663,1552,1953,18.3775,7.3013,0.6603834137403858,1.0,0.5956944812538665,0.9939892903871228
18765,625.5,652,665,1551,1950,18.2266,7.1645,0.6575821460970075,1.0,0.6142607807068088,0.995792503270986
18766,625.533,652,663,1552,1953,15.8675,6.9628,0.6044912029554883,1.0,0.6113299073814127,0.9970547522896902
18767,625.567,654,666,1552,1953,21.5376,8.185,0.7304246206455163,1.0,0.6470583213606438,0.997938326602783
18768,625.6,655,666,1552,1953,21.6075,7.793,0.7329904840793655,1.0,0.6728379701762603,0.9985568286219482
18769,625.633,656,665,1552,1954,17.9507,5.4259,0.6645316645530358,1.0,0.670346078489293,0.9989897800353638
18770,625.667,657,669,1553,1953,20.818,7.9342,0.7143466270713867,1.0,0.6835462430639211,0.9992928460247545
18771,625.7,659,669,1552,1952,2.4422,14.1832,0.32165709040924007,0.7654652463191735,0.5749794972675167,0.9291445661130802
18772,625.733,659,671,1552,1952,2.8995,13.7305,0.3264147435528801,0.8338414260953876,0.5004100711531256,0.9005536241077723
18773,625.767,645,730,1563,1941,2.8143,15.4904,0.3508508919802018,0.5471835022748649,0.4555423174012485,0.7945425875579001
18774,625.8,645,728,1563,1942,2.4457,13.148,0.30905646571786893,0.9092004568164145,0.4115965618962346,0.8289399483354545
18775,625.833,644,728,1563,1944,0.2227,14.2704,0.2709439831668374,0.7386727759088108,0.3694007882774154,0.8018597966074613
18776,625.867,643,728,1563,1944,0.5987,14.9062,0.2891135277783096,0.63961249219823,0.34531461012768366,0.7531856052846919
18777,625.9,643,728,1562,1944,2.0719,17.2952,0.3696675276626117,0.17224578070230687,0.35262048538816204,0.5789036579099764
18778,625.933,644,726,1563,1944,3.028,16.3339,0.3717357131726332,0.3831663454999522,0.35835505372350335,0.5201824641869691
18779,625.967,644,724,1563,1944,-2.9275,15.935,0.22387213855949706,0.4268568804995541,0.3180101791743014,0.4921847890807446
18780,626.0,643,724,1567,1949,1.559,17.1449,0.3541504196101896,0.2048894077131907,0.32885225130506784,0.40599617467047844
18781,626.033,644,723,1566,1947,0.0329,14.8954,0.2756846941397096,0.6376108614985234,0.31290198415546033,0.4754805807188919
18782,626.067,644,718,1567,1947,3.3783,13.8666,0.3393365345604083,0.8164618187641209,0.3208323492769447,0.5777749521324606
18783,626.1,644,718,1568,1947,2.5111,13.544,0.31506887481922674,0.8577175399083129,0.3191033069396293,0.6617577284652163
18784,626.133,645,715,1567,1946,0.6345,12.3339,0.25920071479131057,0.9897493427685853,0.3011325292951337,0.760155212756227
18785,626.167,658,658,1555,1960,-2.7508,17.2032,0.2536047667249662,0.1670506152658777,0.2868742005240834,0.5822238335091221
18786,626.2,658,658,1555,1960,-3.0244,16.9645,0.24198410741570112,0.21692765853511012,0.2734071725915687,0.4726349810169185
18787,626.233,658,659,1555,1960,-2.6293,16.3141,0.23803940086351413,0.3556873034634661,0.2627968410731523,0.43755067775088274
18788,626.267,658,655,1555,1961,-3.3295,16.8551,0.2324837224326281,0.23757155247044107,0.25370290548099506,0.3775569401667502
18789,626.3,659,656,1555,1961,-5.9271,17.3562,0.18207990887444822,0.10043762952150895,0.23221600649903099,0.2944211469731778
18790,626.333,659,656,1556,1962,-6.3019,17.217,0.17019688707115138,0.1265327539229339,0.2136102706706671,0.2440546290581046
18791,626.367,645,716,1566,1947,-0.3542,16.9496,0.3046622503768877,0.23965798869567814,0.2409258645825333,0.24273563694937667
18792,626.4,645,719,1567,1946,3.8744,14.6478,0.36194935225144265,0.6972888001720469,0.27723291088320606,0.3791015859161777
18793,626.433,645,720,1566,1946,2.5023,15.0701,0.3363979240904398,0.6213892919296886,0.29498241484537613,0.451787897720231
18794,626.467,645,722,1566,1946,4.4863,16.1265,0.4020606640323116,0.4273050258375281,0.32710588960145676,0.4444430361554201
18795,626.5,646,722,1566,1946,4.8905,15.9813,0.4087914185957415,0.45650575260891035,0.35161154829974217,0.4480618510914671
18796,626.533,646,721,1565,1945,5.5293,15.0858,0.4078143789016363,0.624779489277312,0.3684723974803104,0.5010771425472205
18797,626.567,646,722,1564,1945,4.8783,15.3758,0.3974279419513345,0.5722190869575271,0.37715906082161765,0.5224197258703125
18798,626.6,646,723,1564,1944,7.3749,17.0423,0.4896806931313945,0.2258413885797673,0.41091555051455064,0.43344622468314886
18799,626.633,646,723,1564,1944,8.1796,17.3021,0.514738355533962,0.1622154378648585,0.442062392020374,0.35207698863766174
18800,626.667,659,659,1552,1958,6.9635,12.5311,0.40817632274388516,0.99813586989811,0.4318965712374273,0.5458946530157962
18801,626.7,660,660,1553,1957,4.9394,14.54,0.38531527972650137,0.7170623985503095,0.4179221837841495,0.5972449766761502
18802,626.733,659,658,1552,1958,10.7197,14.6192,0.5224850508580875,0.6911931717449618,0.4492910439063309,0.6254294351967936
18803,626.767,659,657,1551,1955,8.6979,14.5034,0.4730839656061906,0.719690260722725,0.4564289204162888,0.653707682854573
18804,626.8,651,671,1555,1958,14.3681,10.4741,0.5667024084481347,1.0,0.4895109668258425,0.7575953779982011
18805,626.833,649,669,1557,1960,16.9809,14.3915,0.666693826020485,0.6703548344672751,0.5426658245842352,0.7314232149389233
18806,626.867,651,668,1558,1959,15.0015,12.1535,0.592501506107805,1.0,0.5576165290413061,0.8119962504572462
18807,626.9,659,656,1555,1961,11.3952,14.4832,0.5362829711845891,0.7100059007799292,0.551216461684291,0.781399145554051
18808,626.933,659,657,1555,1961,9.306,14.8576,0.49299225000910596,0.6571742344537628,0.5337491981817354,0.7441316722239645
18809,626.967,659,658,1555,1962,6.6348,13.1641,0.4070107210043386,0.9203651380536514,0.49572765502851635,0.7970017119728705
18810,627.0,658,664,1554,1960,14.3048,15.2385,0.6175874579854154,0.550388426656751,0.532285595915586,0.7230177263780346
18811,627.033,658,663,1554,1959,9.888,14.2628,0.4974834399341343,0.7543688047958924,0.5218449491211504,0.7324230499033919
18812,627.067,658,663,1554,1959,11.7751,14.0089,0.5382275982238688,0.7842243234363314,0.5267597438519659,0.7479634319632738
18813,627.1,656,662,1554,1960,8.3724,13.0545,0.4464212421505113,0.933815358337343,0.5026581933415295,0.8037190098754945
18814,627.133,656,659,1554,1959,10.6024,12.1875,0.48997086902293696,1.0,0.49885199604595176,0.862603306912846
18815,627.167,656,660,1554,1958,14.0983,13.3069,0.5835988979648956,0.8706474293104863,0.5242760666216348,0.8650165436321381
18816,627.2,656,660,1554,1958,12.6666,13.2867,0.549726836706172,0.8846802367957093,0.531911297646996,0.8709156515812094
18817,627.233,658,661,1554,1956,11.6996,14.3842,0.5419408192126859,0.7244544386412823,0.5349201541167029,0.8269772876992312
18818,627.267,650,672,1558,1955,16.7704,10.4602,0.622527873780108,1.0,0.5612024700157244,0.8788841013894617
18819,627.3,657,659,1554,1955,8.4501,13.0741,0.4484553908054184,0.9311619732893285,0.5273783462526326,0.8945674629594217
18820,627.333,657,659,1554,1955,7.3926,13.1729,0.4248263854760207,0.9192975491482922,0.496612758019649,0.9019864888160829
18821,627.367,656,658,1555,1959,6.0179,14.228,0.40606772128862556,0.7677629823863312,0.46944924700034196,0.8617194368871574
18822,627.4,657,657,1555,1956,15.1745,14.3893,0.6239802549713755,0.6926708752266909,0.515808549391652,0.8110048683890173
18823,627.433,656,659,1557,1953,3.6088,16.3753,0.38628256131080063,0.37561102015573866,0.4769507529673966,0.6803867139190337
18824,627.467,656,659,1556,1953,2.3806,14.9608,0.3317750693679999,0.6397409617023011,0.4333980478875776,0.6681929882540139
18825,627.5,656,660,1556,1953,2.7703,16.6854,0.37285938698000426,0.3088365851738324,0.4152364496153056,0.5603860673299593
18826,627.533,655,661,1556,1954,2.5378,13.4911,0.3150663152607141,0.8650124057781627,0.38518540930892814,0.6517739688644204
18827,627.567,655,661,1557,1952,4.7726,14.3458,0.37854360036035023,0.7479428381251154,0.38319286662435476,0.6806246296426288
18828,627.6,654,662,1557,1953,0.3884,15.815,0.29960158690592975,0.4755090961875215,0.3581154827088272,0.6190899696060965
18829,627.633,654,666,1556,1952,-1.3594,16.0489,0.26283337228128173,0.41866094369689966,0.32953084958056356,0.5589612618333375
18830,627.667,654,666,1556,1953,-0.9887,16.8821,0.2882433393332255,0.2504235372617494,0.3171445965063621,0.466399944461861
18831,627.7,654,670,1555,1954,0.3109,14.3829,0.2745773566314372,0.7220779098892476,0.30437442454388464,0.5431033340900769
18832,627.733,654,671,1555,1954,2.7288,15.5921,0.3506394031147164,0.5280249262890768,0.31825391811513415,0.5385798117497769
18833,627.767,654,677,1552,1954,1.4787,12.0899,0.2768553896036935,1.0,0.3058343595617019,0.6770058682248438
18834,627.8,654,676,1552,1955,1.4382,10.2814,0.2668906200327729,1.0,0.2941512377030232,0.7739041077573906
18835,627.833,653,675,1552,1956,1.9822,12.6146,0.29295150716930707,0.9698363338489956,0.29379131854290835,0.8326837755848719
18836,627.867,654,675,1552,1955,-0.0153,11.4238,0.2378781909021173,1.0,0.277017380250671,0.8828786429094102
18837,627.9,654,676,1552,1955,1.0207,11.8369,0.2644104260333437,1.0,0.2732352939854728,0.9180150500365871
18838,627.933,653,677,1552,1956,2.9396,13.0605,0.3196365616731782,0.9228508903048926,0.2871556742917844,0.9194658021170787
18839,627.967,653,676,1553,1956,-1.1561,13.3338,0.22718806896218885,0.857355923631527,0.26916539269290574,0.9008328385714133
18840,628.0,654,685,1555,1955,2.2202,15.6871,0.3403754879685714,0.5084408235347693,0.2905284212756054,0.78311523406042
18841,628.033,655,685,1555,1954,1.5573,17.0249,0.3514635482024786,0.23164403287054994,0.30880895935366737,0.617673873703459
18842,628.067,655,685,1555,1953,0.8676,17.7507,0.35175529651955006,0.06225203794961837,0.32169286050343215,0.4510473229773068
18843,628.1,655,684,1555,1953,1.1694,18.4222,0.3756403970423006,0.0,0.3378771214650927,0.31573312608411475
18844,628.133,655,681,1556,1953,-0.0032,15.8142,0.290377688087023,0.4732939732138228,0.3236272914516718,0.36300138022302714
18845,628.167,654,680,1556,1953,0.3933,17.4225,0.33283469391372494,0.137415355212288,0.3263895121902877,0.2953255727198054
18846,628.2,654,680,1555,1954,1.9916,18.0615,0.386012063979714,0.0,0.34427627772711555,0.20672790090386378
18847,628.233,654,678,1555,1953,0.7722,17.728,0.34895209893203344,0.06733401434825116,0.3456790240885909,0.16490973493717997
18848,628.267,655,676,1555,1953,3.0334,15.2814,0.3523949556669189,0.5859041830702606,0.3476938035620893,0.29120806937710414
18849,628.3,655,678,1554,1952,4.244,19.19,0.4697327274743341,0.0,0.3843054807357627,0.2038456485639729
18850,628.333,656,679,1554,1953,4.7545,18.7122,0.4686732272327892,0.0,0.4096158046848706,0.14269195399478102
18851,628.367,656,680,1554,1953,3.7187,17.956,0.4244208440280505,0.01693217382482389,0.4140573164878245,0.10496401994379388
18852,628.4,657,681,1554,1954,-1.5329,20.5975,0.37408116417111276,0.0,0.402064470792811,0.07347481396065571
18853,628.433,656,679,1555,1955,-1.1108,18.8276,0.33212998939704175,0.0,0.38108412637408023,0.05143236977245899
18854,628.467,655,677,1555,1956,2.7814,19.5117,0.4440534017070307,0.0,0.39997490897396537,0.03600265884072129
18855,628.5,655,677,1553,1956,3.5302,21.7036,0.5330062063323869,0.0,0.4398842981814918,0.0252018611885049
18856,628.533,655,676,1552,1957,4.8907,17.3057,0.43671744757692854,0.17162496551155298,0.43893424300012274,0.06912879248541932
18857,628.567,655,679,1550,1953,0.5149,19.4323,0.3876493906770701,0.0,0.4235487873032069,0.04839015473979352
18858,628.6,655,681,1550,1953,1.0548,19.4608,0.4013503838232284,0.0,0.4168892662592133,0.03387310831785546
18859,628.633,655,679,1550,1952,0.053,21.486,0.44168203458977134,0.0,0.4243270967583807,0.023711175822498824
18860,628.667,655,683,1550,1954,-1.1957,19.3448,0.3443818707537798,0.0,0.40034352895700037,0.016597823075749175
18861,628.7,656,683,1550,1953,-1.3593,21.7091,0.4155310622022421,0.0,0.4048997889305729,0.011618476153024422
18862,628.733,657,682,1550,1952,2.6024,19.2285,0.4316331001308461,0.0,0.41291978229065485,0.008132933307117096
18863,628.767,656,681,1551,1952,1.3268,19.0179,0.39532362896515816,0.0,0.4076409362930058,0.005693053314981967
18864,628.8,657,680,1551,1951,3.0922,20.5868,0.4845546752250995,0.0,0.4307150579726339,0.003985137320487377
18865,628.833,657,681,1552,1953,0.1449,20.347,0.40629904688060114,0.0,0.423390254645024,0.0027895961243411638
18866,628.867,658,680,1552,1952,1.1604,21.0263,0.45263667111265066,0.0,0.43216417958531195,0.0019527172870388145
18867,628.9,658,679,1552,1952,0.4534,20.718,0.42552458695443907,0.0,0.43017230179605004,0.00136690210092717
18868,628.933,658,677,1552,1952,2.3287,18.7393,0.4115928010188518,0.0,0.42459845156289056,0.0009568314706490189
18869,628.967,656,678,1553,1953,1.92,20.6879,0.45971033419763185,0.0,0.4351320163533129,0.0006697820294543132
18870,629.0,659,665,1552,1957,-1.2275,20.5698,0.3805046613281204,0.0,0.4187438098457551,0.0004688474206180192
18871,629.033,659,665,1551,1956,-2.6704,21.2924,0.36968928309503074,0.0,0.4040274518205378,0.0003281931944326134
18872,629.067,659,665,1552,1956,-2.0575,19.1649,0.31882481125419276,0.0,0.3784666596506343,0.00022973523610282938
18873,629.1,659,663,1552,1957,-2.0303,19.327,0.3240068915293571,0.0,0.3621287292142511,0.00016081466527198055
18874,629.133,660,664,1552,1958,-4.7245,20.3862,0.29117582215265037,0.0,0.3408428570957709,0.00011257026569038637
18875,629.167,658,667,1553,1963,3.2567,20.7045,0.49232761058687097,0.0,0.38628828314310093,7.879918598327045e-05
18876,629.2,658,669,1555,1966,-1.3933,17.3589,0.28913479661532215,0.14223732507629727,0.3571422371847673,0.042726356953077464
18877,629.233,644,718,1565,1952,-3.7334,19.8854,0.29960768657482084,0.0,0.3398818720017833,0.029908449867154224
18878,629.267,658,665,1554,1964,-5.0736,16.2831,0.17999981361742015,0.33601668445481264,0.2919172544864743,0.12174092024345175
18879,629.3,657,662,1555,1970,-2.1519,16.1318,0.24576455182006687,0.3959915675676953,0.27807144368655207,0.20401611444072482
18880,629.333,657,662,1555,1970,-1.4094,16.2512,0.2655182010922123,0.37841373408235496,0.2743054709082501,0.25633540033321384
18881,629.367,654,660,1555,1973,-1.4602,17.8291,0.29848733035047204,0.03229891453938175,0.2815600287409167,0.18912445459506422
18882,629.4,654,658,1554,1972,-2.8855,15.4985,0.21713378486008983,0.5079740325730037,0.2622321555766686,0.2847793279884461
18883,629.433,654,654,1553,1971,-4.5938,19.8908,0.2792716134304946,0.0,0.2673439929328164,0.19934552959191223
18884,629.467,654,656,1553,1970,-0.0409,19.8532,0.3867299051353311,0.0,0.3031597665935708,0.13954187071433855
18885,629.5,652,655,1554,1973,-5.3573,18.1158,0.21321562213667689,0.0,0.2761765232565026,0.09767930950003698
18886,629.533,653,656,1553,1971,-5.7072,19.1824,0.23258747127514698,0.0,0.2630998076620959,0.06837551665002588
18887,629.567,640,705,1563,1956,3.67,19.8113,0.4741866479239049,0.0,0.32642585974063854,0.04786286165501811
18888,629.6,640,705,1563,1956,2.4182,19.6209,0.4385771855189895,0.0,0.3600712574741438,0.03350400315851267
18889,629.633,640,708,1562,1956,-0.925,20.6447,0.39014123914321913,0.0,0.3690922519748664,0.02345280221095887
18890,629.667,641,710,1562,1957,1.0111,19.6629,0.4062021932113941,0.0,0.38022523434582467,0.016416961547671208
18891,629.7,641,708,1562,1956,3.2632,18.3401,0.42330912559338574,0.0,0.39315040172009297,0.011491873083369845
18892,629.733,641,708,1563,1956,1.7381,20.4422,0.4474525757163415,0.0,0.4094410539189675,0.008044311158358892
18893,629.767,643,706,1561,1955,3.6218,17.2653,0.40570509091461454,0.18131779449505006,0.4083202650176616,0.06002635615936624
18894,629.8,653,660,1551,1965,0.4366,18.2441,0.353674117763303,0.0,0.391926420841354,0.04201844931155636
18895,629.833,640,707,1563,1954,2.843,19.668,0.4501225499539941,0.0,0.409385259575146,0.02941291451808945
18896,629.867,640,705,1565,1953,2.1142,17.0726,0.36568469019201444,0.2226468042013552,0.3962750887602065,0.08738308142306916
18897,629.9,641,710,1563,1953,-0.3873,19.6806,0.37334409708483884,0.0,0.38939579125759616,0.06116815699614841
18898,629.933,642,709,1562,1953,2.3091,18.5376,0.4057578071037968,0.0,0.3943043960114563,0.042817709897303886
18899,629.967,656,659,1551,1964,-0.7437,18.64,0.3358647799873892,0.0,0.3767725112042361,0.029972396928112717
18900,630.0,641,709,1564,1956,3.8143,17.1761,0.4082470586871082,0.20176895144430926,0.3862148754490977,0.08151136328297168
18901,630.033,641,709,1566,1958,4.5667,16.2002,0.40540824953620047,0.41238863136212844,0.39197288767522853,0.1807745437067187
18902,630.067,641,709,1565,1958,5.7435,16.6286,0.4419933397516318,0.32186627799080075,0.4069790232981495,0.2231020639919433
18903,630.1,642,708,1565,1957,4.239,17.7959,0.43285144388977104,0.055877176201459766,0.4147407494756359,0.1729345976547982
18904,630.133,643,711,1563,1958,3.4836,16.5857,0.38763518767202326,0.3313023939573182,0.40660908093455206,0.2204449365455542
18905,630.167,641,712,1565,1956,3.7065,17.5359,0.41398057743945355,0.11835225229202265,0.40882052988602247,0.1898171312694947
18906,630.2,641,713,1565,1957,5.3443,18.8361,0.4861223267367993,0.0,0.43201106894125546,0.1328719918886463
18907,630.233,640,713,1565,1956,5.6346,17.8782,0.46804732485927675,0.03343361605674873,0.4428219457166618,0.10304047913907702
18908,630.267,654,669,1556,1971,5.801,19.7893,0.524554596606869,0.0,0.4673417409837239,0.0721283353973539
18909,630.3,653,667,1556,1971,-0.6387,17.404,0.30799730622358606,0.13654608230519358,0.41953841055568253,0.0914536594697058
18910,630.333,639,715,1564,1958,3.8719,20.9294,0.5145338391094223,0.0,0.4480370391218044,0.06401756162879406
18911,630.367,638,714,1566,1958,3.9883,21.2928,0.5296568050872638,0.0,0.4725229689114422,0.04481229314015584
18912,630.4,653,665,1556,1974,3.6474,19.5671,0.46637494346983144,0.0,0.4706785612789589,0.031368605198109085
18913,630.433,654,666,1555,1972,8.3316,20.8656,0.6197322639691366,0.0,0.5153946720860122,0.02195802363867636
18914,630.467,638,711,1566,1960,5.594,17.0662,0.447965652023337,0.22544998978938877,0.4951659660672096,0.08300561348389007
18915,630.5,638,711,1566,1960,5.024,17.4395,0.44298433040065605,0.14024585936613845,0.47951147536724353,0.10017768724856459
18916,630.533,637,706,1565,1960,9.4019,18.1442,0.5645334114828977,0.0,0.5050180562019397,0.07012438107399521
18917,630.567,653,661,1554,1969,7.7948,17.5343,0.5110684378669407,0.10906057201804299,0.50683317070144,0.08180523835720954
18918,630.6,653,662,1553,1969,8.4366,19.2443,0.5715702360283403,0.0,0.52625429029951,0.05726366685004668
18919,630.633,653,661,1553,1969,6.9864,16.083,0.46027750789065935,0.4335390501437907,0.5064612555768547,0.17014628183816988
18920,630.667,654,660,1553,1968,10.9012,14.323,0.5222165796365331,0.7394850536534034,0.5111878527947582,0.34094791338273994
18921,630.7,654,660,1552,1966,10.224,15.5105,0.5259596150741195,0.5327769010065216,0.5156193814785666,0.39849660966987444
18922,630.733,653,661,1552,1964,1.9534,15.6214,0.3329169357748118,0.5197560368751022,0.4608086477674401,0.43487443783144275
18923,630.767,653,662,1552,1964,6.0755,15.6215,0.4300232310561528,0.5260449184138315,0.45157302275405387,0.4622255820061594
18924,630.8,651,664,1552,1963,1.8341,17.3968,0.3663569542509216,0.14830484008397543,0.42600820220311414,0.3680493594295042
18925,630.833,653,666,1553,1964,4.3866,18.0911,0.4436776520397937,0.0,0.43130903715411795,0.2576345516006529
18926,630.867,653,667,1553,1964,1.8303,17.4738,0.36804512627902347,0.13043409269782003,0.4123298638915896,0.21947441392980302
18927,630.9,652,667,1553,1964,2.5133,18.0836,0.3989560381637305,0.0,0.4083177161732318,0.1536320897508621
18928,630.933,652,669,1554,1963,3.1847,19.2541,0.4462593610874428,0.0,0.4197002096474951,0.10754246282560347
18929,630.967,653,669,1553,1961,-0.4409,16.6402,0.2961067545227083,0.30535776352718186,0.382622173110059,0.16688705303607698
18930,631.0,652,672,1551,1965,2.1747,16.7665,0.3604941466643691,0.28997379997268163,0.375983765176352,0.20381307711705837
18931,631.033,651,672,1552,1964,4.7644,14.3191,0.37796708378382377,0.7521346610941247,0.37657876075859353,0.36830955231017826
18932,631.067,651,672,1551,1963,3.4418,14.552,0.3503580652421191,0.7116619397919901,0.36871255210365117,0.4713152685547218
18933,631.1,650,673,1551,1964,2.6485,14.5292,0.33142148657609016,0.7123871336880793,0.3575252324453828,0.543636828094729
18934,631.133,651,674,1551,1962,-2.478,16.076,0.237046546479924,0.4039867715619989,0.32138162665574516,0.50174181113491
18935,631.167,651,672,1551,1962,-0.6102,14.6866,0.25743980353074847,0.6670385833210462,0.3021990797182461,0.5513308427907508
18936,631.2,650,672,1552,1962,-1.7658,16.3266,0.2585988291467825,0.3605322325079424,0.28911900454680706,0.4940912597059083
18937,631.233,651,669,1552,1961,-2.8401,15.347,0.2156451712897969,0.5353433964891764,0.267076854569704,0.5064669007408887
18938,631.267,650,669,1552,1961,-1.2857,14.7047,0.24190433828248323,0.6583926305582612,0.25952509968353776,0.5520446196861004
18939,631.3,651,668,1553,1962,-2.6798,14.4241,0.20526922799999023,0.6887135856207679,0.2432483381784735,0.5930453094665007
18940,631.333,651,670,1553,1961,-1.9395,13.445,0.21019111379829378,0.8349291773759354,0.23333117086441957,0.665610469839331
18941,631.367,652,671,1554,1962,-1.3421,14.6955,0.24044788032191064,0.6593713246389828,0.2354661837016669,0.6637387262792265
18942,631.4,652,670,1556,1963,-1.1342,16.2718,0.2723952250465756,0.3763403429048361,0.24654489610513947,0.5775192112669093
18943,631.433,652,664,1556,1965,2.4475,18.7062,0.4135326862854473,0.0,0.2966412331592318,0.4042634478868365
18944,631.467,652,664,1556,1965,2.7631,18.7161,0.42131502204932303,0.0,0.33404336982625915,0.2829844135207855
18945,631.5,652,663,1556,1966,3.5907,16.9519,0.39797647171407574,0.2519619829667711,0.3532233003926041,0.2736776843545812
18946,631.533,653,663,1555,1967,1.938,15.8388,0.33650553997274846,0.47845757982800546,0.34820797226664735,0.33511165299660844
18947,631.567,652,661,1557,1968,5.3455,16.4929,0.4297380530905339,0.3513416551990594,0.3726669965138133,0.3399806536573437
18948,631.6,652,663,1556,1969,2.867,16.4273,0.36981611547640697,0.36350885800416766,0.3718117322025914,0.3470391149613909
18949,631.633,652,663,1556,1967,3.1772,16.802,0.38495152009972944,0.28439302900510044,0.3757536685717328,0.32824528917450374
18950,631.667,653,663,1556,1965,2.033,16.7626,0.3570628731771969,0.29041446966104306,0.370146429953372,0.3168960433204655
18951,631.7,653,663,1556,1965,1.8058,17.2412,0.3621460176562595,0.18387137078072147,0.3677463062642382,0.27698864155854225
18952,631.733,652,664,1556,1965,4.773,17.4143,0.4364386416078302,0.1464634552804604,0.3883540068673158,0.23783108567511768
18953,631.767,652,664,1556,1968,2.0461,19.444,0.424525244311871,0.0,0.39920537810068235,0.16648175997258235
18954,631.8,652,663,1556,1968,2.7217,16.449,0.36682563285286396,0.3586632167476862,0.38949145452633677,0.2241361970051135
18955,631.833,652,663,1556,1967,3.4432,17.3917,0.40437090234041445,0.15203722296651756,0.39395528887056,0.2025065047935347
18956,631.867,652,662,1555,1967,1.9819,16.3737,0.3478439608418069,0.3721459374452666,0.38012189046193406,0.25339833458905425
18957,631.9,651,660,1556,1968,5.9958,17.5954,0.4697556996662516,0.10123991430140038,0.4070120332232293,0.20775080850275807
18958,631.933,651,660,1557,1969,4.3409,17.7156,0.43332537026941514,0.07524623459622258,0.414906034337085,0.1679994363307974
18959,631.967,643,706,1572,1959,-1.6248,19.0697,0.3264876191931569,0.0,0.38838050979390654,0.11759960543155816
18960,632.0,645,720,1571,1960,-0.8816,15.5677,0.2653399955910452,0.5131734706699177,0.3514683555330481,0.23627176500306601
18961,632.033,644,720,1570,1958,0.5229,18.6987,0.3675288848874058,0.0,0.35628651433935543,0.1653902355021462
18962,632.067,644,720,1570,1958,0.5653,18.6081,0.36613647184684556,0.0,0.35924150159160245,0.11577316485150234
18963,632.1,644,720,1570,1958,0.1726,18.7838,0.361471944241354,0.0,0.35991063438652793,0.08104121539605164
18964,632.133,644,722,1570,1957,0.0443,16.6046,0.306818103645212,0.3156343239329432,0.3439828751641332,0.1514191479571191
18965,632.167,642,722,1572,1959,0.6625,15.7988,0.3057528742901788,0.48013856688809275,0.33251387490194684,0.2500349736364112
18966,632.2,642,722,1571,1957,0.6512,17.6314,0.3437958451659764,0.08978232588344567,0.3358984659811557,0.20195917931052154
18967,632.233,642,726,1572,1957,5.4258,16.4746,0.43125945476017447,0.35513754460466906,0.3645067626148613,0.24791268889876578
18968,632.267,642,723,1571,1954,-0.3121,16.9534,0.3057380277211885,0.23906736302167764,0.34687614214675944,0.24525909113563932
18969,632.3,640,722,1571,1954,3.0683,18.4172,0.42067162757199356,0.0,0.3690147877743296,0.1716813637949475
18970,632.333,640,723,1571,1954,3.7494,17.7668,0.4205151459653981,0.06314911870962196,0.38446489523165017,0.13912169026934984
18971,632.367,640,726,1569,1954,7.2311,21.7802,0.6250697406910978,0.0,0.4566463488694844,0.09738518318854489
18972,632.4,640,723,1569,1953,1.9037,18.9177,0.40631235264203336,0.0,0.4415461500012491,0.06816962823198142
18973,632.433,640,723,1569,1953,5.0063,20.0208,0.5125820263087261,0.0,0.4628569128934922,0.04771873976238699
18974,632.467,640,723,1569,1953,4.5736,20.2057,0.5079583555529431,0.0,0.47638734569132746,0.03340311783367089
18975,632.5,638,723,1569,1953,5.3056,18.9762,0.48907391279725576,0.0,0.48019331582310587,0.023382182483569623
18976,632.533,639,722,1569,1954,4.0946,18.3345,0.4429505270327187,0.0,0.4690204791859897,0.016367527738498734
18977,632.567,637,724,1571,1956,4.985,20.9054,0.5404961819439176,0.0,0.490463190013368,0.011457269416949113
18978,632.6,637,725,1571,1956,4.3088,20.3551,0.5063210315701285,0.0,0.49522054248039615,0.008020088591864379
18979,632.633,637,728,1571,1958,1.3594,16.6986,0.33980366359646746,0.3018715881155972,0.4485954788152175,0.09617553844898423
18980,632.667,637,730,1571,1958,0.5746,15.8958,0.3054689575293841,0.4610925932546574,0.4056575224294674,0.20565065489068618
18981,632.7,637,724,1572,1958,2.4051,20.3711,0.4611813716490916,0.0,0.42231467719535465,0.14395545842348031
18982,632.733,638,725,1572,1958,3.0529,21.4784,0.5135727866503143,0.0,0.4496921100318425,0.10076882089643621
18983,632.767,638,726,1572,1958,3.0816,18.7995,0.43115656460173485,0.0,0.4441314464028102,0.07053817462750535
18984,632.8,637,727,1572,1958,3.2897,18.1539,0.41917806879851494,0.0,0.4366454331215216,0.04937672223925374
18985,632.833,639,727,1568,1955,6.9121,20.9854,0.5895703289884833,0.0,0.48252290188161007,0.034563705567477614
18986,632.867,639,728,1568,1954,1.6232,19.6003,0.4189794407327905,0.0,0.4634598635369641,0.02419459389723433
18987,632.9,639,725,1567,1954,1.9259,15.7534,0.3346524288016177,0.49474810023414106,0.42481763311636017,0.16536064579830634
18988,632.933,639,729,1566,1953,0.0351,19.0893,0.3665324451452901,0.0,0.4073320767250391,0.11575245205881443
18989,632.967,638,728,1566,1953,-1.415,19.0673,0.3314120948192447,0.0,0.3845560821533008,0.0810267164411701
18990,633.0,639,722,1564,1952,3.0136,16.7103,0.3791348377079409,0.3039590125875941,0.3829297088196928,0.1479064052850973
18991,633.033,639,723,1564,1951,1.4754,17.204,0.35349095727625196,0.19131617884897056,0.3740980833566605,0.16092933735425927
18992,633.067,650,672,1554,1969,-0.2964,16.4755,0.29616074426557704,0.3405099142638402,0.35071688162933545,0.21480351042713353
18993,633.1,650,672,1553,1969,1.1513,15.5764,0.3132540283047967,0.5244597228131337,0.3394780256319738,0.30770037414293355
18994,633.133,652,672,1552,1969,2.5842,15.3427,0.34287870412817434,0.5733841970067978,0.34049822918083394,0.3874055210020928
18995,633.167,653,672,1551,1970,1.4312,16.2695,0.3327855314288093,0.39137210120133653,0.3381844198552265,0.38859549506186586
18996,633.2,654,670,1552,1970,-2.9858,17.5353,0.2555199594521369,0.0900332199034332,0.3133850817342996,0.29902681251433605
18997,633.233,652,668,1551,1969,-3.0073,17.161,0.24662703233781696,0.17419591764258582,0.2933576669153548,0.261577544052811
18998,633.267,653,666,1552,1971,-0.1331,18.9371,0.35834553595838614,0.0,0.3128540276282642,0.18310428083696767
18999,633.3,653,666,1551,1971,-3.5619,14.8758,0.191252970675405,0.6074016240980719,0.27637371054240645,0.3103934838152989
19000,633.333,651,667,1553,1975,-4.5924,15.4029,0.17553901479656048,0.5058116236484882,0.24612330181865263,0.3690189257652557
19001,633.367,637,710,1561,1962,3.6703,19.434,0.46303186597264795,0.0,0.3111958710648512,0.25831324803567896
19002,633.4,654,669,1554,1969,-3.667,13.2093,0.16748899158015268,0.8437691035656921,0.26808380721944164,0.4339500046946829
19003,633.433,655,663,1551,1966,-3.5656,15.0879,0.19445621767585805,0.5721492801831327,0.24599553035636657,0.47540978734121786
19004,633.467,640,708,1557,1961,7.4328,15.4125,0.4582793370838903,0.5631499359675054,0.3096806723746237,0.5017318319291041
19005,633.5,638,713,1555,1964,10.8656,17.39,0.5807246709476981,0.12307039990427468,0.390993871946546,0.3881334023216552
19006,633.533,638,706,1561,1975,9.256,17.6535,0.5487308783797835,0.07169038667142348,0.4383149738765172,0.2932004976265857
19007,633.567,636,710,1570,1978,3.9408,19.9556,0.48504940494874255,0.0,0.45233530319818477,0.20524034833860996
19008,633.6,653,662,1559,1987,-0.0045,15.2797,0.2810107508698888,0.5712777761222808,0.4009379374996959,0.3150515766737112
19009,633.633,636,705,1572,1980,7.4202,16.5058,0.47911959243585955,0.34405726710116274,0.424392433980545,0.3237532838019466
19010,633.667,639,703,1569,1980,6.5729,16.9782,0.46921957688181937,0.24305087847940718,0.43784057685092725,0.29954256220518477
19011,633.7,645,705,1575,1978,1.3708,16.2768,0.33150525508703355,0.3896425741515767,0.40593998032175915,0.3265725657891023
19012,633.733,644,713,1574,1979,4.9286,20.7704,0.5346561687854263,0.0,0.4445548368608593,0.2286007960523716
19013,633.767,648,713,1572,1980,6.192,15.0072,0.42210831270846877,0.638499876941874,0.43782087961514216,0.3515705203192223
19014,633.8,649,714,1572,1978,1.372,16.2325,0.33066356489461346,0.3986047259835816,0.4056736851989835,0.36568078201853005
19015,633.833,646,711,1574,1979,5.5879,16.9669,0.44561416311177987,0.2478047530822234,0.41765582857282235,0.33031797333763807
19016,633.867,646,710,1575,1974,4.0329,16.6716,0.402421656487396,0.31344984366072215,0.4130855769471944,0.3252575344345633
19017,633.9,660,671,1561,1982,-1.7242,14.7399,0.23217295141194924,0.6487030743641825,0.35881178928662083,0.42229119641344903
19018,633.933,645,713,1574,1973,4.9688,16.6815,0.4247745649588638,0.3112785636301516,0.3786006219882937,0.3889874065784598
19019,633.967,659,678,1562,1981,0.748,15.225,0.2977601939775956,0.5856980361102575,0.35434849358508425,0.4480005954379991
19020,634.0,660,670,1565,1976,1.7557,15.2865,0.3224527577026192,0.5800970236195488,0.3447797728203447,0.48762952389246395
19021,634.033,659,670,1567,1977,8.5468,13.49,0.45558219049837384,0.8748900825090944,0.37802049812375343,0.6038076914774531
19022,634.067,659,674,1565,1977,3.4168,12.964,0.329752454214727,0.9371143633325129,0.36354008495104545,0.7037996930339709
19023,634.1,661,669,1564,1974,3.8027,14.9042,0.36426274338521597,0.6541056280467425,0.3637568824812966,0.6888914735378023
19024,634.133,664,672,1566,1976,0.4329,11.338,0.24777109255330543,1.0,0.32896114550289923,0.7822240314764616
19025,634.167,666,677,1564,1970,-1.1606,11.9046,0.21436544758466655,1.0,0.2945824361274294,0.847556822033523
19026,634.2,666,677,1562,1971,0.22,13.6411,0.26277052384829236,0.8292664890168399,0.28503886244368826,0.842069722128518
19027,634.233,666,680,1562,1972,0.3162,12.4465,0.2527570744750566,0.975072370262893,0.27535432605309873,0.8819705165688305
19028,634.267,667,678,1562,1972,-1.4106,10.4668,0.2017771664034773,1.0,0.2532811781582123,0.9173793615981813
19029,634.3,666,675,1564,1975,2.0058,13.3959,0.30154948963610784,0.8746676995416219,0.26776167160158093,0.9045658629812134
19030,634.333,665,677,1564,1981,2.4901,13.2564,0.31127464758102397,0.8956487180967022,0.28081556439541383,0.90189071951586
19031,634.367,665,673,1565,1982,3.9378,11.8143,0.3318985827439216,1.0,0.2961404698999662,0.9313235036611018
19032,634.4,665,678,1566,1983,8.1499,12.2323,0.43314803743572355,1.0,0.3372427401606934,0.9519264525627713
19033,634.433,665,680,1565,1981,4.8085,12.1853,0.3549514968622155,1.0,0.34255536717115,0.9663485167939398
19034,634.467,666,683,1566,1981,10.1915,11.461,0.4748354779996311,1.0,0.3822394004196943,0.9764439617557579
19035,634.5,666,681,1564,1980,8.6021,14.815,0.47571707363749144,0.6672664529661102,0.4102827023850334,0.8836907091188635
19036,634.533,666,683,1564,1980,4.9696,13.423,0.371063261908932,0.883548212818034,0.39851687024220295,0.8836479602286146
19037,634.567,655,723,1577,1971,4.9859,20.7438,0.5351562595675957,0.0,0.43950868703982077,0.6185535721600302
19038,634.6,654,722,1579,1969,3.6449,17.9271,0.4219525971073411,0.024063591123219867,0.4342418600600768,0.44020657784898704
19039,634.633,658,719,1575,1967,6.2142,19.3546,0.5215603946491287,0.0,0.46043742043679237,0.30814460449429093
19040,634.667,669,682,1566,1980,6.8325,13.7111,0.4181908177810604,0.845402169781736,0.4477634396400727,0.46932187408052445
19041,634.7,657,723,1583,1968,5.668,15.5742,0.4195547980795415,0.5353296127624521,0.4393008471719133,0.4891241956851027
19042,634.733,658,716,1582,1969,5.8914,16.9675,0.45282196787639145,0.24711533928459145,0.4433571833832567,0.4165215387649493
19043,634.767,669,674,1573,1979,4.4395,15.4121,0.38772931885998396,0.5651297835980164,0.4266688240262749,0.4611040122148694
19044,634.8,670,674,1573,1981,1.6995,13.2097,0.2923325849889414,0.8968007515736564,0.3863679523150748,0.5918130340225054
19045,634.833,671,674,1572,1977,-0.5815,15.0733,0.2641002194196677,0.6029910474350507,0.3496876324464527,0.595166438046269
19046,634.867,671,672,1571,1975,1.0739,16.3575,0.32610318101715474,0.37192956189308646,0.34261229701766327,0.5281953752003142
19047,634.9,671,671,1572,1977,2.9163,15.4913,0.3532665460246769,0.547329668896862,0.3458085717197673,0.5339356633092786
19048,634.933,671,671,1572,1976,3.0481,13.9806,0.33310253638310694,0.7984763017496022,0.3419967611187692,0.6132978548413757
19049,634.967,673,665,1570,1977,5.1527,14.4296,0.3886812055577135,0.735181683950981,0.3560020944504525,0.6498630035742573
19050,635.0,662,718,1582,1965,1.8168,14.7244,0.3148566290857232,0.6768070356017414,0.3436584548410337,0.6579462131825025
19051,635.033,661,720,1582,1967,3.8787,17.6845,0.42160091607298505,0.08296277511649203,0.36704119321061907,0.4854511817626993
19052,635.067,660,721,1583,1966,6.7622,16.3917,0.46117508601482415,0.3702604419481411,0.39528136105188055,0.4508939598183318
19053,635.1,663,720,1581,1965,1.3217,11.8964,0.2717981675354857,1.0,0.3582364029969621,0.6156257718728322
19054,635.133,662,720,1579,1966,4.1168,9.7438,0.32765053700106356,1.0,0.34906064319819247,0.7309380403109824
19055,635.167,658,724,1580,1964,5.3179,14.929,0.4002700786488686,0.6521307611863734,0.3644234738333953,0.7072958565735996
19056,635.2,657,723,1582,1968,5.7464,17.5599,0.46298183157020506,0.11036909810837688,0.3939909811544382,0.5282178290340328
19057,635.233,659,723,1582,1967,5.0728,17.6266,0.4485714611912189,0.09576306919874063,0.4103651251654724,0.39848140108344515
19058,635.267,658,720,1581,1967,2.8071,17.129,0.3833354404466881,0.21143766524781016,0.40225621974983705,0.3423682803327547
19059,635.3,659,721,1580,1963,3.0873,16.4972,0.3764439922664267,0.349358400693633,0.3945125515048139,0.3444653164410182
19060,635.333,657,720,1582,1963,5.1182,17.7407,0.45240089623789065,0.06817146961068671,0.41187905492473686,0.26157716239191875
19061,635.367,659,718,1580,1960,3.1922,16.6203,0.38146815893557684,0.3235199341745239,0.4027557861279888,0.28015999392670027
19062,635.4,658,719,1581,1959,0.8807,17.6092,0.34871025054589416,0.09585587129282125,0.3865421254533604,0.22486875713653653
19063,635.433,658,719,1581,1960,3.7492,14.0143,0.34995655815627347,0.7961427769366832,0.37556645526423427,0.39625096307658053
19064,635.467,659,720,1580,1959,3.4552,16.0816,0.37685364764642426,0.4351485958394773,0.3759526129788912,0.40792025290544953
19065,635.5,660,719,1579,1958,4.7705,15.1208,0.3905449132094311,0.6181167660075927,0.38033030304805315,0.4709792068360924
19066,635.533,662,720,1576,1955,6.3155,15.4783,0.4331000116968215,0.5528676812470095,0.39616121564268364,0.49554574915936755
19067,635.567,659,720,1574,1957,6.5415,23.1563,0.6607986327546843,0.0,0.4755524407762838,0.34688202441155724
19068,635.6,657,726,1577,1958,11.4383,25.6756,0.891089639969523,0.0,0.6002136005342555,0.24281741708809004
19069,635.633,656,725,1576,1958,8.5754,24.1654,0.7522950153055015,0.0,0.6458380249656293,0.16997219196166302
19070,635.667,656,722,1577,1952,3.2023,20.4649,0.48327716736592585,0.0,0.5970697676857182,0.11898053437316411
19071,635.7,657,716,1578,1956,-0.8025,17.8983,0.31572898841479774,0.01950196189099455,0.512667533904442,0.08913696262851324
19072,635.733,656,716,1573,1957,7.8331,18.3317,0.5319762116815816,0.0,0.5184601372375838,0.062395873839959266
19073,635.767,657,718,1573,1953,6.8365,18.2996,0.5073664952217904,0.0,0.5151320446328458,0.04367711168797148
19074,635.8,655,710,1573,1951,7.3331,15.7743,0.46253704360342224,0.4941951745553207,0.4993535443240187,0.17883253054817624
19075,635.833,653,719,1576,1956,4.4333,15.4363,0.3880072261564361,0.5606604552923579,0.4659496488737439,0.2933809079714307
19076,635.867,654,718,1575,1956,7.0688,14.3675,0.4327533460692985,0.7453043725945772,0.4559907580324103,0.42895794735837456
19077,635.9,653,717,1576,1956,5.6776,13.287,0.3860301935873436,0.9031648504145703,0.43500258869889025,0.5712200182752332
19078,635.933,652,717,1578,1957,4.3248,14.7955,0.374805829797947,0.6736970481369472,0.4169435610286073,0.6019631272337473
19079,635.967,652,715,1578,1958,3.3017,15.9122,0.3700024700578017,0.46832654705056675,0.4028612337373656,0.5618721531787931
19080,636.0,650,714,1578,1961,2.9365,16.434,0.37159319345117664,0.3622648685165529,0.3934808216515089,0.501989967780121
19081,636.033,650,713,1578,1962,5.7684,18.7057,0.4926850737162662,0.0,0.42324209727093604,0.35139297744608466
19082,636.067,651,713,1578,1963,6.7068,17.9397,0.4950914931925062,0.014738621563894636,0.44479691604740706,0.2503966706814276
19083,636.1,648,713,1578,1962,2.116,15.9199,0.3422070543180225,0.4634317293581283,0.41401995752859166,0.3143071882844378
19084,636.133,648,716,1579,1962,3.8471,15.9725,0.38400459340792886,0.45744788353590055,0.40501534829239283,0.3572493968598766
19085,636.167,649,715,1574,1962,3.8962,18.5365,0.4435147838076062,0.0,0.41656517894695677,0.2500745778019136
19086,636.2,652,717,1575,1961,3.1364,17.8892,0.40894055954836306,0.03325922259376945,0.4142777931273786,0.18502997123947035
19087,636.233,650,710,1574,1958,1.6015,18.8935,0.39845198495022727,0.0,0.4095300506742332,0.12952097986762923
19088,636.267,650,713,1574,1958,1.3057,19.5332,0.40943767675564835,0.0,0.4095023384986577,0.09066468590734045
19089,636.3,651,713,1569,1955,3.5989,17.9915,0.4224547145669793,0.008186784748517618,0.4133880513191541,0.0659213155596936
19090,636.333,652,717,1570,1956,2.9215,15.3892,0.35160981801603775,0.5660682826675856,0.39485458132821916,0.21596540569206119
19091,636.367,650,717,1570,1962,2.5289,16.9048,0.37182885902750024,0.260757080840764,0.38794686463800343,0.229402908236672
19092,636.4,648,718,1569,1965,2.6771,18.3523,0.4096815915943072,0.0,0.3944672827248945,0.1605820357656704
19093,636.433,650,716,1568,1963,3.1986,16.933,0.3882841344559867,0.25572087826924617,0.39261233824422215,0.1891236885167431
19094,636.467,649,716,1571,1962,-0.4623,15.6246,0.27618547690577583,0.5057714811858497,0.35768427984268825,0.28411802631747507
19095,636.5,649,715,1569,1962,3.2096,16.0939,0.37129796223162803,0.432214482681639,0.36176838455937016,0.3285469632267242
19096,636.533,650,713,1566,1961,7.1755,16.0763,0.46461707867464225,0.43439730958725625,0.39262299279395174,0.36030206713488383
19097,636.567,650,716,1567,1963,6.7439,14.6162,0.42886059722461334,0.7049649738130724,0.4034942741231502,0.46370093913834043
19098,636.6,650,716,1568,1962,8.9441,14.0096,0.4716917623954262,0.7976334765006466,0.42395352060483293,0.5638807003470323
19099,636.633,650,715,1567,1961,8.3529,12.4375,0.4397152552253989,1.0,0.4286820409910027,0.6947164902429226
19100,636.667,650,717,1567,1961,8.5488,12.7126,0.44694205463222353,0.9762840943694686,0.4341600450833689,0.7791867714808863
19101,636.7,650,713,1566,1960,7.5286,11.8665,0.4157262688401042,1.0,0.4286299122103895,0.8454307400366203
19102,636.733,651,714,1565,1958,9.2676,13.1895,0.4688909079085209,0.9142540137665833,0.44070821091982887,0.8660777221556092
19103,636.767,650,717,1567,1961,7.7832,13.643,0.4395990187887581,0.8544955777042688,0.44037545328050764,0.862603078820207
19104,636.8,650,717,1565,1959,4.9343,13.6995,0.3736048361024745,0.8451591195155118,0.4203442681270977,0.8573698910287983
19105,636.833,649,713,1565,1960,8.2979,13.3031,0.44750676650922605,0.9010734433647969,0.42849301764173614,0.8704809567295979
19106,636.867,648,717,1565,1959,1.8095,15.4026,0.32569585894113606,0.5594482375788856,0.3976538700315561,0.7771711409843842
19107,636.9,647,720,1565,1960,-1.2522,15.8456,0.2615909108116185,0.45854372836225193,0.35683498226557486,0.6815829171977446
19108,636.933,648,718,1565,1958,0.6755,14.0297,0.27828346930639386,0.777834228914712,0.33326952837782053,0.7104583107128347
19109,636.967,647,720,1565,1960,-0.4366,16.5145,0.293642998680772,0.3315980855113126,0.32138156946870594,0.596800243152378
19110,637.0,644,725,1562,1969,1.3856,16.5127,0.3365827332376296,0.3411824710757398,0.32594191859938304,0.5201149115293865
19111,637.033,644,733,1564,1969,1.6136,17.2142,0.35698995455094884,0.18943855830624773,0.3352563293848528,0.4209120055624448
19112,637.067,642,731,1565,1969,-0.2625,16.326,0.2939828804472136,0.3712592842298367,0.322874294703561,0.4060161891626623
19113,637.1,642,732,1564,1970,-1.0387,15.757,0.26500367021785465,0.4768980675196771,0.3055131073578491,0.42728075266976673
19114,637.133,641,731,1565,1971,-2.4108,15.071,0.22121357603926475,0.5872786789535592,0.28022324796227377,0.4752801305549045
19115,637.167,642,731,1562,1970,-0.131,15.4451,0.2808414593092579,0.5408648027178778,0.280408711366369,0.4949555322037964
19116,637.2,642,732,1562,1970,-1.0013,15.2379,0.25693625436154865,0.5712347599977914,0.2733669742649229,0.5178393005419949
19117,637.233,642,733,1561,1969,-0.6005,14.8426,0.26003046434908544,0.6416359231104934,0.2693660212901716,0.5549782873125444
19118,637.267,641,731,1561,1971,0.6887,15.8136,0.3066397176760984,0.47746362419868205,0.28054813020594965,0.5317238883783857
19119,637.3,639,732,1564,1966,0.6165,17.3951,0.3374897283095957,0.1446551781687756,0.29763060963704346,0.4156032753155027
19120,637.333,638,732,1564,1967,0.1651,17.0493,0.31908766611853406,0.22054356593390892,0.3040677265814906,0.3570853625010245
19121,637.367,639,739,1566,1964,-0.9327,14.6748,0.24971769933427143,0.6662710773259399,0.28776271840732487,0.4498410769484991
19122,637.4,638,737,1567,1963,1.3086,13.6379,0.2881269973611715,0.8377031345028026,0.28787200209347885,0.5661996942147902
19123,637.433,638,730,1567,1961,5.5301,17.6544,0.46010408584883455,0.08820968190287086,0.3395416272200855,0.4228026905212144
19124,637.467,637,732,1568,1960,3.3045,17.0785,0.39398909726620684,0.22345949894297454,0.3558758682339219,0.36299973304774247
19125,637.5,637,732,1567,1961,3.9066,14.5919,0.36185850628204524,0.7065336889307285,0.35767065964835887,0.4660599198126383
19126,637.533,637,735,1566,1958,4.1463,15.1508,0.3763645081567465,0.6119055203390221,0.36327881420087516,0.5098135999705534
19127,637.567,653,678,1554,1974,4.2888,14.5979,0.3709173693689269,0.706460471537749,0.36557038075129067,0.568807661440712
19128,637.6,653,677,1555,1975,4.3232,16.0071,0.3958980677015973,0.451118764356307,0.37466868683638266,0.5335009923153905
19129,637.633,654,678,1554,1973,9.6572,13.4459,0.48106593148214444,0.8780334534657772,0.4065878602301112,0.6368607306605065
19130,637.667,653,676,1554,1974,7.2107,11.9346,0.40884619243139686,1.0,0.40726535989049684,0.7458025114623545
19131,637.7,654,679,1553,1974,4.7244,13.6848,0.3685100244015906,0.8467574444896266,0.39563875924382497,0.7760889913705362
19132,637.733,654,679,1553,1974,4.3424,13.6183,0.35875199374255745,0.8550596411197542,0.3845727295934447,0.7997801862953016
19133,637.767,654,678,1553,1973,4.1381,13.1519,0.34856826535387436,0.9166534506454806,0.3737713903215736,0.8348421656003553
19134,637.8,654,678,1553,1972,5.4791,13.805,0.3877013713732384,0.830991547494065,0.37795038463707303,0.8336869801684682
19135,637.833,653,669,1553,1972,6.2859,16.0763,0.44358761386626006,0.4363761725742158,0.3976415534058291,0.7144937378901924
19136,637.867,653,670,1552,1971,9.583,14.8584,0.4995340370512373,0.6558061913024508,0.4282092984994515,0.69688747391387
19137,637.9,655,671,1550,1968,7.0075,12.5267,0.40916117565662624,0.9986730884346385,0.4224948616466039,0.7874231582701005
19138,637.933,657,668,1550,1965,12.5735,16.8936,0.6099033782745082,0.22318091549683494,0.47871741663497513,0.6181504854381208
19139,637.967,657,668,1549,1963,12.3716,14.1765,0.5546757057319865,0.7535400695891932,0.5015049033640785,0.6587673606834424
19140,638.0,657,666,1547,1962,13.2569,13.8798,0.5712944065707485,0.7933302415270493,0.5224417543260794,0.6991362249365245
19141,638.033,657,663,1549,1962,13.6801,14.21,0.5860014500124626,0.7373693771711944,0.5415096630319943,0.7106061706069254
19142,638.067,656,662,1549,1962,11.6127,15.001,0.5497950250203261,0.6184491321278843,0.5439952716284938,0.6829590590632131
19143,638.1,656,662,1549,1962,11.2165,14.8471,0.5378719401819614,0.6486408563971908,0.542158272194534,0.6726635982634064
19144,638.133,656,661,1550,1962,11.8499,14.0139,0.54005800981786,0.7829532648494074,0.5415281934815318,0.7057504982392067
19145,638.167,655,660,1551,1963,11.5405,15.9211,0.5648984736269208,0.4424535692250176,0.5485392775251485,0.6267614195349499
19146,638.2,655,660,1551,1963,11.7943,15.6475,0.5656532693137648,0.49513713830387823,0.5536734750617334,0.5872741351656283
19147,638.233,655,660,1551,1962,12.7845,16.3551,0.6032166480572416,0.3405063294585226,0.5685364269603859,0.5132437934534966
19148,638.267,654,660,1552,1964,10.3515,13.9462,0.5038796323148419,0.8018992442882855,0.5491393885667226,0.5998404287039332
19149,638.3,655,662,1552,1966,9.6908,13.0224,0.4769147120252324,0.9350011563755307,0.5274719856042756,0.7003886470054124
19150,638.333,655,661,1552,1967,11.1466,13.9307,0.5223550188487108,0.8001501406775823,0.525936895577606,0.7303170951070632
19151,638.367,655,662,1552,1968,9.9142,14.3359,0.4991788172490255,0.7424489557134701,0.5179094720790318,0.7339566532889853
19152,638.4,655,665,1552,1968,10.8872,14.1903,0.5199327271330308,0.7609702615898506,0.5185164485952315,0.7420607357792448
19153,638.433,655,664,1553,1969,6.9499,13.5251,0.41861180877837434,0.8717493247692415,0.48854505665017434,0.7809673124762437
19154,638.467,655,663,1553,1968,8.5115,12.5627,0.444597082253036,0.994153017121021,0.4753606643310328,0.8449230238696768
19155,638.5,654,666,1552,1964,10.6132,12.9834,0.4980790837495403,0.9367369292517135,0.482176190156585,0.8724671954842877
19156,638.533,655,669,1551,1958,10.2184,9.8554,0.4686162621558894,1.0,0.47810821175637636,0.9107270368390015
19157,638.567,656,666,1554,1957,9.192,11.8581,0.4543881000114703,1.0,0.4709921782329045,0.937508925787301
19158,638.6,660,670,1556,1959,3.1546,15.022,0.35093552991398314,0.6320285875080766,0.43497518373722804,0.8458648243035337
19159,638.633,660,670,1556,1959,2.6686,15.6036,0.3494279824185638,0.5256826867524454,0.4093110233416288,0.7498101830382072
19160,638.667,661,668,1557,1958,0.8555,14.2219,0.28507153966603,0.7504918085486759,0.37203917823894916,0.7500146706913479
19161,638.7,660,670,1555,1959,1.5903,13.8898,0.2978394513690997,0.8041484138508982,0.34977926017799427,0.7662547936392129
19162,638.733,660,671,1555,1959,1.6393,14.2283,0.30349154890432234,0.7543928854281632,0.33589294679589266,0.7626962211758979
19163,638.767,659,672,1555,1957,1.5379,15.9296,0.32877346763358756,0.4592701265815735,0.3337571030472011,0.6716683927976005
19164,638.8,659,675,1554,1957,5.9477,13.0239,0.3894239701946768,0.9376030347353335,0.35045716319144377,0.7514487853789203
19165,638.833,657,673,1554,1960,5.9148,15.3556,0.42149011822392723,0.5760034334116305,0.3717670497011888,0.6988151797887333
19166,638.867,658,668,1552,1956,1.5747,14.9122,0.3120933905343295,0.644244708216092,0.353864951951131,0.6824440383169409
19167,638.9,656,667,1553,1958,6.3064,13.7012,0.40574261991864397,0.8467407527322973,0.3694282523413849,0.7317330526415478
19168,638.933,654,666,1554,1964,5.7212,14.4124,0.40177059336419935,0.7384460576741427,0.3791309546482292,0.7337469541513262
19169,638.967,654,664,1554,1965,-0.9376,15.2453,0.25855194139822524,0.5704504508188877,0.342957250673228,0.6847580031515945
19170,639.0,653,657,1555,1971,4.3228,19.4912,0.480297787818522,0.0,0.38415941181681623,0.4793306022061161
19171,639.033,654,655,1554,1968,3.0137,18.3704,0.4181568713362479,0.0,0.3943586496726457,0.3355314215442813
19172,639.067,655,656,1554,1966,2.7637,17.2911,0.3859595226002142,0.17453329969338607,0.39183891155091627,0.2872319849890127
19173,639.1,657,659,1552,1962,3.5289,19.6863,0.4670679669924923,0.0,0.41440762818338905,0.20106238949230887
19174,639.133,658,663,1552,1962,1.2148,19.7341,0.41317275687101157,0.0,0.4140371667896758,0.1407436726446162
19175,639.167,661,668,1553,1953,0.7795,17.2441,0.3379255054665675,0.17974740394559283,0.3912036683927433,0.15244479203490918
19176,639.2,665,670,1555,1957,0.4964,17.9755,0.3483998539869981,0.006635127149332908,0.3783625240710197,0.10870189256923629
19177,639.233,663,670,1552,1949,2.1809,18.0187,0.389443299846141,0.00045384346605827536,0.38168675680355607,0.07622747783828288
19178,639.267,663,667,1553,1954,2.4279,15.5569,0.3429329552036328,0.5335821179810607,0.3700606163235791,0.21343386988111623
19179,639.3,663,664,1554,1959,0.487,14.5837,0.2815953524231597,0.6917344123348784,0.3435210371534533,0.35692403261724487
19180,639.333,663,663,1556,1956,1.0059,17.405,0.34693369293197657,0.1438657467618581,0.34454483388701024,0.2930065468606288
19181,639.367,663,662,1553,1962,6.8382,19.5548,0.5423782984074691,0.0,0.4038948732431479,0.20510458280244018
19182,639.4,661,661,1554,1962,2.2074,15.7463,0.3411492508320953,0.49716984769418004,0.3850711865198321,0.2927241622699621
19183,639.433,660,658,1555,1959,5.8,17.7152,0.46798853269057716,0.07286704373139705,0.40994639037105557,0.2267670267083926
19184,639.467,659,658,1555,1959,6.8244,17.3404,0.48342503242461576,0.159093138895903,0.43198998298712366,0.2064648603646457
19185,639.5,658,658,1555,1959,4.4937,15.6762,0.39372440127810715,0.5156977675003062,0.42051030847441867,0.2992347325053438
19186,639.533,658,663,1555,1956,2.7498,17.0601,0.38044983343082067,0.22679961043845676,0.4084921659613393,0.2775041958852777
19187,639.567,659,657,1555,1955,6.0489,16.2809,0.4420470987353421,0.3948753277057509,0.4185586457935401,0.3127155354314196
19188,639.6,656,657,1559,1958,6.7428,15.4369,0.44243870873250873,0.5600141127265962,0.4257226646752307,0.38690510861997257
19189,639.633,655,655,1557,1956,3.9226,17.3157,0.4139872568842691,0.16980505986504396,0.4222020423379421,0.32177509399349397
19190,639.667,653,655,1557,1953,3.1232,18.0275,0.41204621954451004,0.0,0.41915529549991243,0.22524256579544577
19191,639.7,653,655,1556,1952,4.7018,17.804,0.44404595213858117,0.053424761157436086,0.4266224924915131,0.17369722440404284
19192,639.733,654,658,1555,1953,3.9197,16.7405,0.4012032106088874,0.2985149602918055,0.41899670792672533,0.21114254517037162
19193,639.767,654,657,1555,1952,3.9649,19.1114,0.4608469422261987,0.0,0.4315517782165673,0.14779978161926013
19194,639.8,654,658,1553,1952,2.2416,19.4025,0.42799461979393805,0.0,0.4304846306897785,0.1034598471334821
19195,639.833,656,664,1552,1951,1.6087,19.441,0.4139972583068269,0.0,0.425538418974893,0.07242189299343746
19196,639.867,656,662,1553,1956,2.2259,16.9536,0.3657205140238519,0.24931921993587455,0.40759304748958064,0.12549109107616857
19197,639.9,657,662,1553,1957,-0.0145,19.7249,0.38354598821107483,0.0,0.40037892970602884,0.087843763753318
19198,639.933,656,664,1552,1955,-2.1478,17.908,0.2841041524414603,0.008871597444970883,0.3654964965266583,0.06415211386081386
19199,639.967,656,663,1550,1954,-3.9631,16.9955,0.2205213870065154,0.20132480131013591,0.3220039636706154,0.10530392009561047
19200,640.0,655,661,1551,1957,-0.1647,17.6082,0.3239290290572897,0.09171267415858045,0.3225814832866177,0.10122654631450145
19201,640.033,655,662,1551,1956,-1.0299,18.9022,0.33606480706318737,0.0,0.3266264804195886,0.07085858242015101
19202,640.067,655,663,1552,1957,-2.8104,17.0367,0.24857526408307906,0.2031530987638437,0.3032111155186357,0.1105469373232588
19203,640.1,655,661,1552,1956,-2.6806,17.4919,0.2617369080290495,0.10249904897689667,0.29076885327175983,0.10813257081935017
19204,640.133,655,663,1550,1952,-3.7569,17.2174,0.23018095092003557,0.15485757037593365,0.2725924825662425,0.12215007068632522
19205,640.167,653,666,1548,1952,-2.4629,18.2667,0.28546561211177457,0.0,0.2764544214299021,0.08550504948042764
19206,640.2,652,665,1548,1953,-0.6425,19.3127,0.35664990516874556,0.0,0.30051306655155513,0.059853534636299346
19207,640.233,651,666,1550,1957,-0.0904,19.087,0.3634804261283709,0.0,0.31940327442459987,0.04189747424540954
19208,640.267,652,671,1549,1962,-4.1145,15.9077,0.1955144789410345,0.41955600940938675,0.28223663577953023,0.15519503479460267
19209,640.3,652,660,1560,1968,-5.4169,17.1409,0.18939078820113317,0.15397408303996762,0.25438288150601107,0.15482874926821216
19210,640.333,652,660,1560,1968,-4.2995,17.7109,0.22854871330290186,0.037429449425244156,0.2466326310450783,0.11960895931532176
19211,640.367,652,660,1560,1967,-2.1016,17.9339,0.28582304257519764,0.0029666452803688366,0.2583897545041141,0.08461626510483587
19212,640.4,652,662,1560,1968,-5.359,18.2327,0.21604839712770052,0.0,0.24568734729119002,0.05923138557338511
19213,640.433,652,662,1560,1968,-4.6308,17.2439,0.2101564064326371,0.14014363228706084,0.2350280650336241,0.08350505958748783
19214,640.467,651,661,1561,1953,-2.0297,14.7861,0.22572161550008105,0.6382937116268926,0.23223613017356118,0.24994165519930928
19215,640.5,650,664,1561,1953,-2.7859,18.0948,0.2735432486028765,0.0,0.24462826570235574,0.17495915863951647
19216,640.533,653,664,1556,1956,-4.2982,19.0378,0.262085141825022,0.0,0.2498653285391556,0.12247141104766152
19217,640.567,653,663,1559,1963,-4.6348,15.8171,0.18168282955899304,0.4304711065534411,0.22941057884510682,0.21487131969939538
19218,640.6,653,664,1558,1961,-4.989,16.7036,0.19029143078467936,0.25198326694649903,0.21767483442697858,0.22600490387352645
19219,640.633,655,660,1556,1963,-1.6146,15.6922,0.25032066442012746,0.4843817411531801,0.2274685834249232,0.3035179550574225
19220,640.667,654,658,1556,1964,-1.5715,15.8842,0.2547929428246533,0.4486676223767682,0.23566589124484222,0.3470628552532262
19221,640.7,653,660,1556,1966,-1.3994,17.6487,0.295655398358707,0.07534451857359516,0.25366274337900163,0.2655473542493369
19222,640.733,654,660,1555,1965,0.5299,15.3559,0.29483711931975815,0.5611522195554947,0.26601505616122856,0.3542288138411842
19223,640.767,654,659,1556,1966,1.3184,16.4591,0.3339087591951411,0.3520581305805682,0.2863831670714023,0.3535776088629994
19224,640.8,653,656,1555,1965,-2.2476,15.2639,0.22815288366712133,0.5557358093429562,0.268914082050118,0.4142250690069864
19225,640.833,653,660,1553,1961,-0.4475,16.9526,0.3025237779585108,0.2384701428193683,0.27899699082263585,0.36149859115070093
19226,640.867,652,665,1557,1957,-0.0752,15.9552,0.2912843933760888,0.44581364564398235,0.2826832115886717,0.38679310749868534
19227,640.9,649,664,1557,1960,3.1067,16.2684,0.37228818027364535,0.3967506975698997,0.30956470219416377,0.3897803845200496
19228,640.933,654,666,1558,1955,-1.348,16.1952,0.2658823120107045,0.39001725699739015,0.29645998513912597,0.38985144626325174
19229,640.967,654,665,1558,1953,0.7601,15.385,0.3007382036630087,0.5572853990661594,0.29774345069629077,0.440081632104124
19230,641.0,651,658,1559,1957,3.5281,15.9966,0.37694048012682096,0.45217598954451765,0.3215025595254498,0.4437099393362421
19231,641.033,650,656,1557,1954,13.6946,11.9594,0.5602499602738695,1.0,0.3931267797499757,0.6105969575353694
19232,641.067,649,650,1558,1958,15.8055,13.0376,0.6204953899232895,0.8913764727792635,0.4613373628019698,0.6948308121085376
19233,641.1,652,653,1558,1950,14.1378,12.2931,0.5735667416920163,1.0,0.4950061764689837,0.7863815684759763
19234,641.133,654,655,1557,1944,10.6654,13.006,0.4995513771760904,0.9335871329302908,0.4963697366811157,0.8305432378122706
19235,641.167,653,650,1558,1943,10.0044,15.5905,0.5222395124155597,0.518651241194055,0.5041306694014489,0.7369756388268058
19236,641.2,652,655,1558,1947,12.09,11.8486,0.5218795772327177,1.0,0.5094553417508295,0.8158829471787641
19237,641.233,651,654,1558,1948,9.4508,12.6699,0.46758976424835674,0.9797313669681257,0.49689566850008765,0.8650374731155726
19238,641.267,653,654,1557,1947,7.2291,11.6395,0.4071333673125626,1.0,0.46996697814383015,0.9055262311809007
19239,641.3,652,654,1557,1954,4.3749,12.8432,0.3508544102383469,0.955765113090447,0.43423320777218516,0.9205978957537645
19240,641.333,653,658,1557,1958,7.236,13.2508,0.4220505061164641,0.9090584958029898,0.43057839727546887,0.9171360757685321
19241,641.367,652,657,1556,1957,5.2802,12.7058,0.3705984173202961,0.9749566477278995,0.412584403288917,0.9344822473563423
19242,641.4,651,659,1555,1957,6.2583,13.0574,0.397038748492118,0.9337773274396183,0.4079207068498773,0.934270771381325
19243,641.433,649,657,1555,1961,5.5504,13.9626,0.39144550153426694,0.8079030199398402,0.4029781452551942,0.8963604459488794
19244,641.467,649,657,1556,1959,3.8056,14.9021,0.3642973604745235,0.6544715062516429,0.39137390982099296,0.8237937640397084
19245,641.5,649,652,1557,1955,-0.869,13.9418,0.24108673649422915,0.7780414367888555,0.3462877578229638,0.8100680658644525
19246,641.533,649,652,1554,1954,2.1196,15.2946,0.3311397669755433,0.5802449977206682,0.3417433605687376,0.7411211454213171
19247,641.567,650,656,1554,1952,0.509,13.46,0.2673840322088605,0.8558327943271676,0.31943556206077445,0.7755346400930723
19248,641.6,647,661,1557,1964,-0.6665,13.5323,0.24082586382429516,0.8362578239457291,0.2958526525898306,0.7937515952488692
19249,641.633,648,661,1555,1963,0.6414,13.7492,0.2739148015237064,0.8176278090636869,0.28927129726999334,0.8009144593933144
19250,641.667,647,661,1555,1964,-1.2179,14.3516,0.2384016117879016,0.7143909767578889,0.2740103916253658,0.7749574146026867
19251,641.7,647,660,1556,1967,-2.7467,14.591,0.20607955235265032,0.6621199725836686,0.2536311398435511,0.7411061819969813
19252,641.733,648,659,1556,1964,-1.9658,14.9441,0.2296365459891765,0.6129090786825322,0.2464327616872387,0.7026470510026466
19253,641.767,647,662,1559,1964,-1.4316,14.7143,0.23863451415226805,0.6555358975911381,0.2440932874267475,0.688513704979194
19254,641.8,648,664,1561,1963,-3.0662,15.9319,0.22055870677414446,0.42607998380944795,0.23703291323096656,0.6097835886282701
19255,641.833,648,661,1561,1964,-2.4527,13.8019,0.2024212381742191,0.7816370709085639,0.22664941071394232,0.6613396333123582
19256,641.867,648,660,1561,1965,-1.5954,14.7912,0.2359585697824137,0.6415688134203145,0.22944215843448373,0.655408387344745
19257,641.9,650,662,1560,1963,-3.1581,15.7632,0.2153560452840124,0.4568598431001717,0.2252163244893423,0.595843824071373
19258,641.933,651,662,1559,1961,-2.3177,13.5022,0.20203584987597398,0.8233217457501018,0.2182621821053318,0.6640872005749916
19259,641.967,651,659,1558,1962,-3.8526,16.307,0.20914142178120937,0.3451093222640722,0.21552595400809504,0.5683938370817158
19260,642.0,650,664,1557,1967,-0.3443,18.3332,0.33739878957617014,0.0,0.25208780467851755,0.397875685957201
19261,642.033,651,663,1557,1967,-1.2802,17.9695,0.30614005684391565,0.0,0.26830348032813695,0.27851298017004067
19262,642.067,651,663,1557,1967,-1.2945,17.8483,0.30287085364834704,0.028721436152528357,0.2786736923242,0.20357551696478696
19263,642.1,651,663,1556,1965,-0.9053,14.6856,0.2505194754519396,0.664764533850948,0.27022742726252186,0.3419322220306352
19264,642.133,652,664,1554,1963,-2.4239,17.7572,0.2739714961449126,0.042772504704009576,0.27135064792723906,0.25218430683264753
19265,642.167,652,664,1553,1962,0.3134,15.582,0.29365889035320525,0.5187330724972833,0.2780431206550289,0.33214893653203825
19266,642.2,651,663,1553,1966,3.3092,11.7575,0.31692006833496045,1.0,0.28970620495900834,0.5325042555724268
19267,642.233,652,662,1553,1966,1.3612,13.0016,0.2822578805911802,0.9202855076499493,0.28747170764865987,0.6488386311956835
19268,642.267,651,662,1551,1959,-2.0076,10.902,0.18944957913859678,1.0,0.2580650690956409,0.7541870418369785
19269,642.3,651,664,1552,1960,1.4738,12.8008,0.282880603540841,0.9449712496613318,0.2655097294292009,0.8114223041842845
19270,642.333,651,664,1552,1958,1.7422,11.8061,0.280919003483024,1.0,0.2701325116453478,0.8679956129289992
19271,642.367,652,667,1552,1957,0.9482,12.4628,0.26757108152097303,0.9787643035879433,0.26936408260803535,0.9012262201266823
19272,642.4,653,666,1552,1951,-3.2233,13.8488,0.18504710736022265,0.7662288712741607,0.24406899003369154,0.8607270154709257
19273,642.433,652,664,1553,1952,-2.0005,14.9762,0.22932481466599625,0.6072209886343126,0.23964573742338294,0.7846752074199418
19274,642.467,652,664,1553,1952,-2.1879,15.1293,0.22736360509531936,0.5795374153179884,0.23596109772496385,0.7231338697893558
19275,642.5,652,663,1554,1954,-2.3105,12.2618,0.19035276362784515,0.9660119093487239,0.22227859749582823,0.7959972816571661
19276,642.533,652,666,1555,1953,-1.335,13.5535,0.22550023244095907,0.8270258298770619,0.22324508797936748,0.8053058461231348
19277,642.567,652,669,1555,1953,-3.774,13.4147,0.16719467505272145,0.8168181279857318,0.20642996410137365,0.8087595306819139
19278,642.6,652,668,1555,1954,-5.4188,14.7643,0.14621483283595216,0.6017623204787177,0.1883654247217472,0.746660367620955
19279,642.633,652,669,1555,1953,-4.9616,13.6479,0.14221573378443986,0.77035647650567,0.174520517440555,0.7537692002863694
19280,642.667,654,669,1555,1951,-3.3085,13.6655,0.18086475214855188,0.790090134159193,0.17642378785295404,0.7646654804482165
19281,642.7,652,665,1557,1954,-0.5344,14.7998,0.26092260053462046,0.6492101559178508,0.20177343165745396,0.7300288830891067
19282,642.733,653,667,1556,1952,-0.4369,15.9095,0.2819286987725426,0.452272667793355,0.22582001179198055,0.6467020185003811
19283,642.767,654,664,1556,1952,0.2511,14.34,0.27257540763286675,0.7282550265699362,0.23984663054424643,0.6711679209212477
19284,642.8,655,664,1555,1952,0.6247,15.0945,0.29272533560576436,0.60770526485327,0.25571024206270176,0.6521291241008543
19285,642.833,654,663,1554,1951,4.8676,14.3363,0.3806346333675904,0.7496055551423063,0.2931875594541683,0.6813720534132899
19286,642.867,654,662,1554,1951,4.8209,12.2272,0.35558548386944433,1.0,0.3119069367787511,0.7769604373893029
19287,642.9,654,660,1555,1952,2.8105,13.0673,0.316699303416242,0.9213232651098517,0.31334464676999835,0.8202692857054674
19288,642.933,654,658,1555,1951,5.6125,11.7022,0.3700019746371332,1.0,0.33034184513013876,0.8741884999938272
19289,642.967,654,658,1555,1952,5.9149,13.1758,0.39031850375479576,0.918113140454022,0.34833484271753584,0.8873658921318857
19290,643.0,657,657,1554,1952,4.9957,17.9014,0.4534261506342618,0.029094359469154736,0.37986223509255357,0.6298844323330663
19291,643.033,649,663,1556,1951,5.5754,16.127,0.42779309385861286,0.4270037952020479,0.3942414927223713,0.5690202411937608
19292,643.067,649,664,1556,1950,8.0544,15.2878,0.4707469233799568,0.5845527509776253,0.4171931219196469,0.5736799941289201
19293,643.1,649,664,1556,1951,7.6606,16.0695,0.4759556357381228,0.43429242030063336,0.4348218760651896,0.5318637219804341
19294,643.133,649,663,1556,1949,5.4586,15.0227,0.40510712252513414,0.6358782746035703,0.425907450003173,0.5630680877673749
19295,643.167,650,664,1555,1947,6.0389,13.5868,0.39804734209130577,0.8627666393970025,0.4175494176296128,0.6529776532562632
19296,643.2,650,664,1555,1948,6.078,14.2428,0.40768831215338464,0.7654682160054552,0.4145910859867443,0.6867248220810208
19297,643.233,649,663,1555,1949,6.1525,14.0506,0.4067495971824077,0.7951232679963073,0.4122386393454433,0.7192443558556068
19298,643.267,649,664,1555,1948,5.8182,12.9095,0.3851947934766224,0.9516426248718604,0.404125485584797,0.7889638365604827
19299,643.3,649,662,1556,1951,5.6827,13.5454,0.38920480124590834,0.86812977278973,0.3996492802831304,0.8127136174292569
19300,643.333,657,653,1553,1952,9.6661,13.7229,0.48478487662442415,0.8382620218639774,0.4251899591855185,0.8203781387596729
19301,643.367,657,654,1552,1952,9.7492,14.6739,0.5004820432899817,0.6869276255664173,0.44777758441685744,0.7803429848016962
19302,643.4,656,655,1550,1950,10.2162,14.9176,0.5154388026122149,0.6422031610649896,0.46807594987546464,0.7389010376806842
19303,643.433,657,655,1550,1951,9.7623,15.3113,0.5114685185716511,0.5730528259776125,0.48109372048432053,0.6891465741697627
19304,643.467,656,655,1550,1955,11.7164,13.7899,0.5338310650746408,0.8181530113219081,0.4969149238614166,0.7278485053154062
19305,643.5,656,655,1550,1954,14.0036,14.9137,0.604811920031832,0.613511650768798,0.5292840227125413,0.6935474489514237
19306,643.533,656,653,1551,1953,9.2942,13.9928,0.4796821316294278,0.7990735510696464,0.5144034553876072,0.7252052795868904
19307,643.567,657,653,1551,1952,10.0479,14.0079,0.4975997384528373,0.793795643173797,0.5093623403071762,0.7457823886629623
19308,643.6,657,655,1551,1952,12.9158,15.1395,0.5829714606422417,0.5825875514993525,0.5314450764076959,0.6968239375138793
19309,643.633,657,654,1551,1953,9.6322,13.0246,0.47556743269878354,0.9348925177586445,0.5146817832950221,0.7682445115873088
19310,643.667,657,653,1551,1954,9.0015,14.0382,0.47343685864024,0.793058990808785,0.5023083058985874,0.7756888553537515
19311,643.7,657,656,1550,1954,8.2913,13.3215,0.4475686577282269,0.8985918391044727,0.48588641144747924,0.8125597504789678
19312,643.733,656,658,1550,1955,5.8839,12.8982,0.38661103435612193,0.9531499254746174,0.45610379832007203,0.8547368029776625
19313,643.767,657,656,1551,1955,10.2193,12.1825,0.48098542789415566,1.0,0.46356828719229715,0.8983157620843638
19314,643.8,656,655,1550,1956,11.1366,12.5724,0.506032358530662,0.9856862131686618,0.47630750859380655,0.9245268974096531
19315,643.833,655,657,1550,1954,7.5035,10.7427,0.40852823845910835,1.0,0.45597372755339705,0.9471688281867572
19316,643.867,655,654,1550,1955,10.6596,12.2832,0.49215435308146716,1.0,0.4668279152118181,0.96301817973073
19317,643.9,655,656,1550,1955,10.1621,11.3286,0.47330555948370084,1.0,0.4687712084933829,0.974112725811511
19318,643.933,655,658,1550,1954,8.0218,11.4813,0.4245078303225291,1.0,0.4554921950421267,0.9818789080680577
19319,643.967,656,656,1549,1954,8.9191,9.6154,0.4382260307739084,1.0,0.4503123457616611,0.9873152356476402
19320,644.0,657,653,1546,1952,11.4534,12.0885,0.5089855251445154,1.0,0.46791429957651737,0.9911206649533482
19321,644.033,647,663,1552,1950,6.4963,11.5813,0.38971580757340735,1.0,0.4444547519755843,0.9937844654673436
19322,644.067,648,663,1552,1949,10.2052,10.0001,0.4686221697346625,1.0,0.4517049773033077,0.9956491258271405
19323,644.1,647,663,1552,1949,11.7549,10.3874,0.5056847387729987,1.0,0.467898905744215,0.9969543880789984
19324,644.133,647,660,1552,1949,14.2261,7.7355,0.5630272931183825,1.0,0.49643742195646523,0.9978680716552988
19325,644.167,647,659,1553,1948,13.7649,9.2729,0.5499003912982084,1.0,0.5124763127589882,0.9985076501587091
19326,644.2,647,659,1552,1949,14.0091,9.5435,0.5558174556878043,1.0,0.525478655637633,0.9989553551110963
19327,644.233,646,658,1553,1949,14.0699,9.0172,0.5568937332259262,1.0,0.5349031789141209,0.9992687485777674
19328,644.267,646,655,1553,1947,11.4239,9.1432,0.49577793489261557,1.0,0.5231656057076692,0.9994881240044371
19329,644.3,647,659,1553,1949,13.5335,8.1645,0.5457045734670252,1.0,0.529927296035476,0.9996416868031059
19330,644.333,647,659,1553,1951,12.8027,9.2023,0.5276269500688233,1.0,0.5292371922454802,0.9997491807621741
19331,644.367,647,663,1553,1952,11.2561,11.6423,0.5008776928138237,1.0,0.5207293424159831,0.9998244265335219
19332,644.4,648,667,1551,1951,12.6829,11.9752,0.5367449329125366,1.0,0.5255340195649492,0.9998770985734653
19333,644.433,648,664,1552,1951,6.9648,13.1099,0.4141212541785518,0.9275274414101691,0.49211018994902994,0.9781722014244764
19334,644.467,648,664,1552,1951,6.3528,13.4764,0.4040452129942936,0.8783519553489402,0.465690696862609,0.9482261276018155
19335,644.5,648,665,1552,1951,6.6217,13.9624,0.41655140316541156,0.808485608022254,0.45094890875344973,0.906303971727947
19336,644.533,649,660,1552,1950,12.8051,9.3122,0.5277316783072746,1.0,0.47398373961959717,0.9344127802095628
19337,644.567,657,651,1549,1955,9.1554,17.1459,0.5343269342699644,0.19308815422411746,0.4920866980147073,0.7120153924139291
19338,644.6,658,650,1549,1954,11.3132,15.3795,0.5493333288072936,0.550573344534427,0.5092606872524831,0.6635827780500784
19339,644.633,658,650,1549,1952,11.5594,14.9112,0.5470268302840329,0.6349346001611937,0.520590530161948,0.654988324683413
19340,644.667,657,650,1549,1954,11.2489,15.9632,0.5588154425892914,0.4361618210305314,0.532058003890151,0.5893403735875484
19341,644.7,656,653,1549,1953,7.9582,14.3484,0.4533686884187849,0.7469496215590766,0.5084512092487412,0.6366231479790069
19342,644.733,655,654,1549,1953,8.1175,16.544,0.4964447756120165,0.33312324314474456,0.5048492791577238,0.5455731765287282
19343,644.767,656,653,1549,1953,7.8794,14.7056,0.4569588799386552,0.688086597843831,0.4904821593920032,0.588327202923259
19344,644.8,656,659,1548,1955,4.3734,19.8631,0.49259237734026445,0.0,0.49111522477648156,0.4118290420462813
19345,644.833,657,662,1548,1951,6.0055,18.5073,0.49301486919182436,0.0,0.4916851181010844,0.2882803294323969
19346,644.867,657,663,1548,1951,3.2862,16.9392,0.39049220243824334,0.2544625016664681,0.461327243402232,0.27813498110261825
19347,644.9,657,664,1548,1951,2.0523,16.3214,0.3484607041835392,0.3831057583337631,0.4274672816366241,0.3096262142719617
19348,644.933,658,668,1549,1951,-3.5606,19.9504,0.3056610893666948,0.0,0.39092542395564533,0.21673834999037317
19349,644.967,658,668,1548,1952,0.8264,20.9372,0.44165682425698605,0.0,0.40614484404604756,0.1517168449932612
19350,645.0,657,662,1550,1953,4.6088,19.8271,0.4971388703572756,0.0,0.43344305193941596,0.10620179149528285
19351,645.033,658,665,1548,1954,3.0154,19.372,0.4455929988720156,0.0,0.4370880360191959,0.07434125404669799
19352,645.067,658,665,1549,1955,2.2965,19.4639,0.4310804718755804,0.0,0.4352857667761112,0.05203887783268859
19353,645.1,658,666,1549,1955,0.7716,20.0979,0.4135621186027842,0.0,0.4287686723241131,0.03642721448288201
19354,645.133,658,666,1549,1954,2.7632,19.1529,0.4333346455366998,0.0,0.43013846428788904,0.025499050138017405
19355,645.167,661,671,1548,1954,4.163,21.4628,0.5397618220507786,0.0,0.4630254716167559,0.01784933509661218
19356,645.2,661,670,1548,1954,3.7009,20.0262,0.48146827584266627,0.0,0.468558312884529,0.012494534567628526
19357,645.233,661,669,1548,1953,4.6475,20.3991,0.5158493841749459,0.0,0.482745634271654,0.008746174197339968
19358,645.267,662,673,1548,1955,2.647,20.075,0.4577326151809213,0.0,0.47524172854443414,0.006122321938137977
19359,645.3,662,673,1547,1953,2.3968,19.7906,0.4431073081773341,0.0,0.46560140243430415,0.004285625356696583
19360,645.333,663,673,1548,1954,2.5366,20.8818,0.4808706431007985,0.0,0.4701821746342525,0.0029999377496876083
19361,645.367,662,672,1548,1954,2.5041,20.7621,0.47614673437770066,0.0,0.4719715425572869,0.0020999564247813256
19362,645.4,663,672,1549,1954,3.2584,20.5755,0.4881775460639361,0.0,0.47683334360928165,0.0014699694973469278
19363,645.433,663,671,1549,1956,3.0222,18.9711,0.43444167590093424,0.0,0.46411584329677735,0.0010289786481428493
19364,645.467,662,671,1549,1957,1.6341,18.8897,0.39912477545910746,0.0,0.4446185229454764,0.0007202850536999945
19365,645.5,662,672,1549,1957,3.0533,20.1914,0.47106994538384866,0.0,0.45255394967698803,0.0005041995375899962
19366,645.533,663,671,1549,1956,2.8723,17.8829,0.4025144533066945,0.03461765451400729,0.43754210076589994,0.010738236030515184
19367,645.567,662,671,1548,1957,5.8615,18.5439,0.4905547197540681,0.0,0.45344588646235034,0.0075167652213606285
19368,645.6,662,671,1549,1957,4.6516,17.7216,0.44085091964416956,0.0734883959061275,0.44966739641689607,0.02730825442679069
19369,645.633,662,671,1549,1956,5.6611,17.9529,0.47053244169756836,0.01488293503550228,0.45592691000109775,0.023580658609404163
19370,645.667,660,672,1550,1955,1.4893,20.3857,0.43970206723348576,0.0,0.45105945717081414,0.016506461026582913
19371,645.7,660,670,1550,1957,1.6918,19.0715,0.40550732206136486,0.0,0.4373938166379794,0.011554522718608039
19372,645.733,659,671,1550,1958,4.0459,19.5315,0.4748574194895034,0.0,0.44863289749343654,0.008088165903025626
19373,645.767,660,670,1551,1957,2.7449,17.7954,0.3973593408519436,0.05574831440641865,0.43325083050098867,0.022386210454043532
19374,645.8,660,668,1550,1956,3.7449,19.2306,0.4589667247710147,0.0,0.4409655987819965,0.01567034731783047
19375,645.833,660,667,1550,1958,1.8995,19.2041,0.41417390572163976,0.0,0.4329280908638894,0.010969243122481329
19376,645.867,660,665,1550,1959,1.023,16.2618,0.3230114157876023,0.3911507296087838,0.39995308834100324,0.12502368906837205
19377,645.9,661,665,1550,1959,2.3522,19.0717,0.4212571661564763,0.0,0.4063443116856451,0.08751658234786043
19378,645.933,662,666,1550,1959,3.6197,18.5328,0.43683129598460835,0.0,0.415490406975334,0.061261607643502296
19379,645.967,662,667,1550,1958,3.7886,18.9046,0.45088561415051975,0.0,0.42610896912788976,0.042883125350451606
19380,646.0,647,723,1560,1950,-0.1325,18.9926,0.35987699819750035,0.0,0.4062393778487729,0.030018187745316123
19381,646.033,646,721,1560,1950,-2.4934,18.9747,0.303240877673441,0.0,0.3753398277961733,0.021012731421721286
19382,646.067,646,720,1560,1950,-1.064,17.3231,0.29611056918822143,0.1524585864439528,0.3515710502137877,0.06044648792839073
19383,646.1,656,667,1551,1960,3.825,15.9848,0.38371781700462576,0.45498596591117657,0.3612150802510391,0.1788083313232265
19384,646.133,656,665,1552,1962,2.2631,17.4834,0.3785239098457347,0.1291620411149626,0.3664077291294478,0.16391444426074733
19385,646.167,654,665,1554,1964,4.6808,16.1717,0.40754055135771905,0.418217755816445,0.37874757579792917,0.24020543772745662
19386,646.2,655,666,1555,1964,5.858,15.3618,0.4202600766773541,0.5748919856911008,0.3912013260617566,0.34061140211654983
19387,646.233,654,667,1555,1965,1.0921,14.9406,0.30122328359509803,0.63680452727396,0.364207913321759,0.4294693396637729
19388,646.267,653,671,1556,1967,5.5736,16.638,0.43816972817484673,0.3200815520105624,0.3863964577776853,0.39665300336780973
19389,646.3,653,669,1557,1970,-4.7705,16.7323,0.19601693240134635,0.24851505086854042,0.32928260016478356,0.3522116176180289
19390,646.333,639,723,1571,1960,0.0511,17.9414,0.33700619158248357,0.013172062213262024,0.33159967759009357,0.2504997509965988
19391,646.367,639,721,1570,1966,0.6425,16.3723,0.3162266960707576,0.36686715716262946,0.3269877831342928,0.285409972846408
19392,646.4,649,670,1556,1978,-5.924,18.0957,0.19933077761163445,0.0,0.28869068147749527,0.1997869809924856
19393,646.433,649,666,1557,1980,-3.7105,15.3342,0.19504665228096757,0.5282373926109393,0.26059747271853695,0.29832210447802165
19394,646.467,649,666,1557,1980,-3.4437,16.3724,0.22002404129673653,0.3362526539903687,0.24842544329199678,0.30970126933172576
19395,646.5,648,665,1557,1980,-5.3926,15.66,0.16116651470090246,0.4498168558473961,0.22224776471466848,0.3517359452864268
19396,646.533,649,665,1557,1977,-6.4638,14.2561,0.11478003757689129,0.6636108603014953,0.19000744657333532,0.4452984197909473
19397,646.567,649,666,1555,1978,-7.9793,16.2744,0.11167221977066356,0.2974224242659925,0.1665068785325338,0.4009356211334608
19398,646.6,648,667,1556,1979,-5.7624,15.5621,0.15083019954239404,0.46249323972405143,0.16180387483549186,0.41940290671063796
19399,646.633,649,666,1555,1978,-7.1131,16.8188,0.14270901168845868,0.20075705512765538,0.1560754158913819,0.35380915123574314
19400,646.667,649,667,1555,1977,-8.877,14.1693,0.05754438377680754,0.6345805939665384,0.1265161062570096,0.4380405840549817
19401,646.7,650,669,1556,1979,-5.9499,13.9879,0.12330813173404624,0.7096952193487424,0.1255537139001206,0.5195369746431099
19402,646.733,650,668,1557,1980,-4.6945,14.0018,0.1526934782999397,0.7259476331756193,0.13369564322006633,0.5814601722028627
19403,646.767,649,668,1555,1978,-2.0575,11.3773,0.19045783202448702,1.0,0.15072429986139252,0.7070221205420039
19404,646.8,649,665,1556,1977,-3.0156,17.7644,0.2601478124304679,0.03644311371723727,0.18355135363211514,0.5058484184945738
19405,646.833,650,662,1556,1975,-0.257,13.8758,0.25452932552747165,0.7927629070507891,0.20484474520072207,0.5919227650614385
19406,646.867,650,662,1555,1974,-0.6736,14.3293,0.2508099045731318,0.7225821426865912,0.21863429301244497,0.6311205783489843
19407,646.9,651,664,1554,1973,0.5639,12.4065,0.258167455867216,0.981515562640842,0.23049424186887627,0.7362390736365416
19408,646.933,652,665,1553,1973,0.0707,13.3896,0.25637131852322176,0.8614823769919795,0.2382573648651799,0.773812064643173
19409,646.967,651,661,1553,1972,-0.5698,12.6768,0.23421970143111417,0.9416042893819462,0.23704606583496016,0.8241497320648049
19410,647.0,636,719,1564,1961,4.0905,14.5904,0.3661507868597667,0.7072382690480884,0.2757774821424021,0.7890762931597899
19411,647.033,635,716,1566,1962,5.2882,15.6265,0.41154787047518476,0.5255015055567664,0.3165085986422369,0.7100038568788828
19412,647.067,633,716,1566,1962,5.7342,17.3391,0.4575056143519214,0.16248760332601278,0.3588077033551422,0.5457489808130218
19413,647.1,633,714,1566,1963,4.5553,13.5786,0.3632436563071697,0.861187602466623,0.3601384892407504,0.6403805673091021
19414,647.133,646,666,1555,1975,-0.8463,13.7801,0.2395923633712015,0.800990569739429,0.3239746514798857,0.6885635680382001
19415,647.167,646,662,1556,1978,-0.591,12.2399,0.23002017457173093,0.9877172844291819,0.29578830840743925,0.7783096829554945
19416,647.2,645,663,1556,1979,2.469,11.4503,0.29550333123319455,1.0,0.29570281525516584,0.844816778068846
19417,647.233,646,662,1555,1979,-3.4341,10.9332,0.15671936842644346,1.0,0.2540077812065491,0.8913717446481921
19418,647.267,633,713,1567,1965,2.159,20.0536,0.44539368300959004,0.0,0.3114235517474614,0.6239602212537344
19419,647.3,645,661,1557,1979,-6.6436,13.8346,0.10531678770961568,0.7197401057708216,0.24959152253610767,0.6526941866088605
19420,647.333,644,661,1557,1978,-6.9622,16.0377,0.1311149374710427,0.3581709337598846,0.21404854701658815,0.5643372107541677
19421,647.367,644,664,1555,1985,-5.1877,16.115,0.17414677585276184,0.3673701398479392,0.20207801566744027,0.5052470894822991
19422,647.4,646,661,1553,1979,-7.8201,15.0674,0.09474469179565069,0.5162049244612428,0.1698780185059034,0.5085344399759822
19423,647.433,632,709,1559,1963,-1.3453,15.9434,0.2611979660489107,0.439159100314581,0.19727400276880558,0.48772183807756186
19424,647.467,642,659,1551,1974,-0.9967,14.2711,0.24245853436202916,0.7285920803711123,0.21082936224677262,0.5599829107656269
19425,647.5,643,657,1551,1973,-5.3119,12.7973,0.1253426238910031,0.8678877312307534,0.18518334074004175,0.6523543569051649
19426,647.533,644,651,1551,1972,0.6447,11.7254,0.25495990809653085,1.0,0.20611631094698846,0.7566480498336153
19427,647.567,642,654,1549,1970,4.3352,15.873,0.39363357616612205,0.4775600462424079,0.2623714905127285,0.672921648756253
19428,647.6,642,653,1550,1971,1.1942,13.6621,0.28575008153758785,0.833608319035532,0.2693850678201863,0.7211276498400367
