frame_idx,time_sec,xmin,ymin,xmax,ymax,pitch_deg,yaw_deg
0,0.000,1504,481,2351,1679,8.4942,6.3353
1,0.033,1504,480,2351,1679,10.0958,5.1936
2,0.067,1504,480,2352,1680,8.7739,4.7947
3,0.100,1504,479,2352,1679,9.3471,5.9488
4,0.133,1505,480,2352,1682,9.5164,4.7596
5,0.167,1505,481,2352,1680,8.6321,5.3251
6,0.200,1505,482,2352,1681,10.2941,6.3354
7,0.233,1505,481,2352,1679,9.0001,3.3488
8,0.267,1504,482,2351,1679,8.5813,6.8503
9,0.300,1504,481,2351,1678,10.3022,4.9463
10,0.333,1504,481,2351,1677,9.7490,4.9288
11,0.367,1504,481,2351,1677,9.5191,5.0787
12,0.400,1504,481,2351,1676,9.8725,6.3040
13,0.433,1504,482,2351,1676,9.8856,9.1101
14,0.467,1504,483,2351,1677,9.5971,7.9474
15,0.500,1504,481,2351,1677,8.9689,5.3838
16,0.533,1504,481,2351,1677,8.8644,5.8106
17,0.567,1504,481,2352,1676,8.9309,6.5439
18,0.600,1503,481,2351,1676,9.3506,6.9674
19,0.633,1503,481,2351,1676,9.5734,6.9628
20,0.667,1503,481,2352,1675,10.3638,5.9834
21,0.700,1503,479,2352,1675,9.6694,5.7988
22,0.733,1503,479,2352,1675,9.9766,6.1295
23,0.767,1503,479,2352,1675,9.9811,6.9753
24,0.800,1503,479,2352,1676,9.5611,6.4795
25,0.833,1504,471,2349,1670,16.5189,-5.2365
26,0.867,1505,473,2349,1671,15.7745,-3.9875
27,0.900,1502,461,2351,1667,7.1168,-1.6894
28,0.933,1503,467,2353,1671,14.4129,5.1429
29,0.967,1503,467,2354,1672,16.2667,3.0691
30,1.000,1503,473,2355,1677,12.6310,2.9330
31,1.033,1501,478,2353,1678,12.2349,5.2761
32,1.067,1500,477,2354,1678,12.6819,6.7209
33,1.100,1500,478,2353,1679,11.2137,7.2123
34,1.133,1500,481,2352,1680,10.5130,7.4972
35,1.167,1500,482,2352,1678,10.0715,10.6672
36,1.200,1500,481,2352,1679,9.6845,11.7493
37,1.233,1500,481,2352,1678,9.7326,9.4527
38,1.267,1499,481,2352,1679,9.8365,10.6907
39,1.300,1499,482,2353,1677,11.0162,10.1615
40,1.333,1499,483,2353,1677,12.7245,9.7500
41,1.367,1499,481,2353,1677,11.7619,8.4390
42,1.400,1499,483,2353,1678,11.2388,7.4884
43,1.433,1499,484,2354,1680,11.5993,9.5053
44,1.467,1499,484,2354,1680,11.8046,8.9708
45,1.500,1499,485,2355,1681,8.8468,9.1745
46,1.533,1499,485,2354,1682,8.1393,9.7119
47,1.567,1499,486,2353,1681,6.4355,9.5780
48,1.600,1500,486,2353,1681,7.5183,9.1987
49,1.633,1500,486,2353,1681,8.5475,8.5407
50,1.667,1500,486,2353,1682,7.1037,10.0539
51,1.700,1500,485,2352,1681,8.0058,10.2108
52,1.733,1500,484,2352,1684,7.4726,9.2850
53,1.767,1500,484,2352,1683,7.3498,10.6474
54,1.800,1500,486,2352,1680,9.1670,10.7675
55,1.833,1500,486,2352,1681,9.7109,11.8858
56,1.867,1500,485,2353,1681,8.8971,9.2076
57,1.900,1501,488,2352,1682,11.1216,11.6620
58,1.933,1501,486,2353,1681,9.0128,10.7312
59,1.967,1501,486,2353,1680,10.3648,8.8270
60,2.000,1500,499,2357,1689,5.3613,6.3579
61,2.033,1500,499,2356,1688,4.3655,5.3763
62,2.067,1500,499,2356,1688,4.2622,5.3807
63,2.100,1500,499,2356,1688,4.2152,5.2276
64,2.133,1500,498,2356,1688,4.7263,6.8303
65,2.167,1500,497,2356,1687,4.9465,7.5198
66,2.200,1500,497,2356,1686,-7.4427,10.2151
67,2.233,1500,497,2356,1685,-10.3779,12.4207
68,2.267,1500,498,2356,1686,-11.4652,12.1891
69,2.300,1499,499,2356,1687,-13.0064,12.7192
70,2.333,1499,500,2356,1686,-7.6718,13.6740
71,2.367,1499,501,2356,1686,-9.9051,14.9950
72,2.400,1499,502,2356,1686,-10.0361,12.6765
73,2.433,1499,501,2356,1685,-8.7840,13.5743
74,2.467,1498,502,2356,1685,-10.6876,13.6852
75,2.500,1499,501,2356,1685,-9.3569,13.6869
76,2.533,1498,500,2356,1686,-6.9778,15.4767
77,2.567,1498,501,2357,1685,-9.9036,12.1478
78,2.600,1499,496,2359,1686,-9.9116,10.8114
79,2.633,1499,496,2359,1685,-11.0916,11.2101
80,2.667,1499,496,2359,1684,-11.1270,11.0957
81,2.700,1499,497,2360,1687,-10.9197,12.8118
82,2.733,1499,496,2360,1687,-11.4421,13.3181
83,2.767,1498,498,2360,1688,-12.7214,12.4093
84,2.800,1497,499,2360,1688,-13.6438,12.9789
85,2.833,1497,499,2359,1688,-14.0262,13.9131
86,2.867,1498,498,2359,1688,-12.6809,15.4447
87,2.900,1498,499,2359,1688,-13.8117,13.7842
88,2.933,1497,499,2358,1690,-14.5669,15.0704
89,2.967,1497,499,2358,1689,-13.5181,14.0524
90,3.000,1498,502,2357,1686,-11.2321,14.3628
91,3.033,1498,500,2356,1687,-9.1410,14.2406
92,3.067,1498,499,2356,1687,-8.8624,13.1393
93,3.100,1498,499,2356,1687,-7.8860,13.4785
94,3.133,1498,498,2356,1688,-9.8154,16.0826
95,3.167,1499,495,2357,1688,-8.6394,13.5392
96,3.200,1498,494,2357,1687,-9.3368,14.4340
97,3.233,1499,495,2356,1685,-10.1024,15.1351
98,3.267,1499,496,2356,1686,-9.9919,13.5598
99,3.300,1499,497,2356,1684,-9.4845,12.9516
100,3.333,1499,496,2356,1684,-10.3584,13.6488
101,3.367,1500,495,2355,1684,-7.6497,12.9968
102,3.400,1500,496,2355,1686,-9.4309,15.2006
103,3.433,1500,497,2355,1684,-10.0820,13.0698
104,3.467,1499,498,2355,1683,-6.6146,12.3123
105,3.500,1499,498,2355,1682,-8.1857,13.7238
106,3.533,1499,496,2355,1682,-10.3588,11.7727
107,3.567,1499,496,2355,1682,-9.9017,11.6439
108,3.600,1499,496,2355,1684,-11.2139,11.4178
109,3.633,1499,496,2355,1683,-9.5242,12.2125
110,3.667,1499,496,2356,1683,-10.3950,11.3777
111,3.700,1500,496,2356,1683,-9.3150,12.6575
112,3.733,1500,496,2356,1683,-9.6832,12.3378
113,3.767,1500,496,2356,1681,-9.4390,12.0824
114,3.800,1500,497,2356,1681,-8.7411,9.3871
115,3.833,1500,497,2356,1680,-9.6323,12.3813
116,3.867,1500,497,2356,1681,-9.4941,11.4950
117,3.900,1500,496,2356,1681,-9.3377,13.0889
118,3.933,1500,495,2356,1681,-9.9174,11.8721
119,3.967,1499,494,2357,1680,-10.9259,13.8937
120,4.000,1499,493,2358,1680,-10.2683,13.5099
121,4.033,1501,487,2358,1680,-10.9254,15.3839
122,4.067,1500,486,2357,1682,-9.2563,15.4353
123,4.100,1501,484,2356,1674,-9.4437,16.9330
124,4.133,1502,484,2357,1679,-10.3917,16.2722
125,4.167,1502,483,2357,1681,-11.1805,13.7732
126,4.200,1503,484,2357,1678,-10.7180,16.7319
127,4.233,1504,490,2358,1669,-10.2435,12.2322
128,4.267,1503,499,2368,1684,-14.4878,12.2351
129,4.300,1505,493,2360,1657,-13.0673,12.4723
130,4.333,1505,499,2362,1657,-12.9425,19.0025
131,4.367,1505,497,2361,1654,-10.9058,15.9973
132,4.400,1503,501,2362,1655,-15.2017,19.7372
133,4.433,1503,505,2360,1649,-13.0948,15.9099
134,4.467,1504,504,2360,1651,-10.8024,16.5692
135,4.500,1505,507,2359,1650,-17.5489,19.0504
136,4.533,1506,511,2358,1643,-16.6867,17.5431
137,4.567,1507,510,2357,1638,-15.6909,16.8230
138,4.600,1507,511,2357,1637,-17.5097,16.4265
139,4.633,1508,511,2357,1637,-15.9502,18.1628
140,4.667,1509,514,2357,1637,-17.1021,16.7719
141,4.700,1509,515,2357,1634,-16.3649,17.1009
142,4.733,1509,517,2357,1631,-15.8294,20.0616
143,4.767,1509,518,2356,1631,-15.7424,17.8493
144,4.800,1510,521,2354,1632,-17.8384,17.3184
145,4.833,1509,515,2355,1631,-13.5957,15.9065
146,4.867,1508,515,2356,1632,-15.4989,15.5578
147,4.900,1508,515,2356,1629,-13.4791,15.7065
148,4.933,1507,520,2358,1631,-13.5860,18.5733
149,4.967,1507,519,2357,1629,-12.9571,15.6135
150,5.000,1507,520,2357,1628,-14.2901,19.1110
151,5.033,1507,521,2356,1628,-13.7977,16.4966
152,5.067,1507,521,2357,1629,-15.8886,18.7351
153,5.100,1506,523,2356,1630,-14.4149,17.6096
154,5.133,1506,525,2355,1632,-10.2504,17.9794
155,5.167,1506,526,2353,1634,-12.9454,16.6550
156,5.200,1505,526,2353,1634,-11.2717,17.5472
157,5.233,1505,527,2353,1635,-12.4523,15.7893
158,5.267,1505,529,2352,1633,-13.9731,16.5973
159,5.300,1505,527,2352,1632,-10.8506,18.8791
160,5.333,1505,527,2352,1631,-13.0268,17.3498
161,5.367,1505,529,2352,1631,-12.0147,18.1279
162,5.400,1505,529,2352,1630,-12.0014,19.6137
163,5.433,1505,529,2352,1632,-14.8144,17.9706
164,5.467,1505,528,2352,1632,-14.3672,16.1224
165,5.500,1504,527,2353,1635,-12.3196,16.9992
166,5.533,1504,527,2353,1637,-12.9714,14.6700
167,5.567,1504,527,2353,1638,-12.5545,13.1110
168,5.600,1504,527,2352,1639,-11.8481,15.4330
169,5.633,1504,528,2352,1639,-11.9156,13.4597
170,5.667,1504,527,2353,1639,-13.1478,13.8634
171,5.700,1504,527,2353,1640,-13.3161,14.8865
172,5.733,1504,528,2352,1639,-13.5128,11.6113
173,5.767,1504,528,2352,1638,-12.4964,13.3789
174,5.800,1503,529,2352,1639,-12.1010,13.7045
175,5.833,1503,528,2352,1639,-12.1779,10.3822
176,5.867,1503,529,2353,1641,-11.4582,12.0031
177,5.900,1503,528,2352,1640,-12.9348,12.8435
178,5.933,1503,528,2351,1641,-11.3397,13.4133
179,5.967,1503,524,2351,1641,-13.0513,14.5191
180,6.000,1503,521,2350,1643,-12.8919,15.7712
181,6.033,1503,519,2350,1644,-12.8344,16.8665
182,6.067,1503,519,2350,1644,-13.2270,16.8019
183,6.100,1503,519,2350,1644,-12.8761,16.8428
184,6.133,1504,517,2350,1643,-15.0728,19.3795
185,6.167,1503,517,2350,1644,-12.7982,18.2397
186,6.200,1503,516,2350,1645,-15.5951,20.9498
187,6.233,1503,517,2350,1645,-12.3176,17.4990
188,6.267,1503,517,2350,1645,-11.8118,17.8032
189,6.300,1503,518,2350,1646,-12.6844,18.4967
190,6.333,1503,518,2350,1646,-12.7529,18.9641
191,6.367,1503,519,2350,1647,-13.0272,18.8879
192,6.400,1503,518,2351,1648,-11.9306,16.8119
193,6.433,1503,518,2351,1648,-10.6619,14.7758
194,6.467,1503,518,2351,1648,-10.9749,14.3246
195,6.500,1503,518,2351,1649,-13.4163,16.5198
196,6.533,1503,518,2352,1650,-12.8186,16.8003
197,6.567,1503,518,2351,1650,-9.8063,15.8844
198,6.600,1504,517,2351,1651,-13.2832,17.7647
199,6.633,1504,517,2351,1650,-13.0697,18.7230
200,6.667,1504,517,2351,1649,-10.8085,16.3060
201,6.700,1504,513,2352,1652,-11.8564,16.8020
202,6.733,1504,514,2352,1653,-14.6434,18.4687
203,6.767,1504,514,2353,1655,-12.7944,16.0752
204,6.800,1504,513,2353,1656,-14.1024,17.0508
205,6.833,1504,512,2352,1655,-14.0264,17.9721
206,6.867,1504,513,2352,1653,-11.0016,15.2337
207,6.900,1504,512,2352,1654,-16.1323,18.3438
208,6.933,1505,512,2353,1655,-14.8571,17.2095
209,6.967,1504,512,2353,1656,-13.1993,16.9147
210,7.000,1503,513,2352,1656,-12.6331,19.4069
211,7.033,1503,512,2353,1656,-12.3962,15.8669
212,7.067,1503,512,2353,1656,-11.5822,15.3143
213,7.100,1503,512,2352,1656,-12.8142,19.2628
214,7.133,1503,513,2351,1655,-13.1056,19.9316
215,7.167,1503,514,2350,1655,-15.0379,21.4760
216,7.200,1503,515,2350,1654,-13.8631,19.2843
217,7.233,1503,515,2350,1654,-14.0274,18.2981
218,7.267,1503,513,2350,1654,-13.4301,17.6964
219,7.300,1503,513,2350,1654,-13.5628,18.6776
220,7.333,1503,513,2349,1653,-13.5170,20.0050
221,7.367,1503,512,2350,1654,-11.5649,19.2472
222,7.400,1503,510,2350,1655,-13.7406,19.6307
223,7.433,1504,511,2349,1655,-12.8775,18.2585
224,7.467,1504,511,2349,1654,-14.6320,20.9457
225,7.500,1504,511,2350,1655,-16.1665,20.4519
226,7.533,1503,509,2351,1655,-15.5167,19.2040
227,7.567,1502,510,2351,1656,-10.6827,16.6776
228,7.600,1501,507,2351,1660,-13.8698,18.6997
229,7.633,1502,505,2350,1661,-11.3758,12.3026
230,7.667,1502,503,2350,1660,-8.8153,13.1061
231,7.700,1503,500,2350,1660,-10.7069,14.1067
232,7.733,1503,500,2350,1657,-8.3273,15.4039
233,7.767,1503,502,2350,1657,-10.5151,13.4830
234,7.800,1504,502,2350,1656,-10.9875,14.1821
235,7.833,1506,500,2349,1656,-11.9964,9.9031
236,7.867,1506,497,2349,1655,-12.6198,4.8731
237,7.900,1504,485,2349,1650,-1.8178,1.9926
238,7.933,1508,496,2349,1652,-13.3496,6.9221
239,7.967,1508,493,2349,1652,-14.5982,7.2892
240,8.000,1508,501,2350,1653,-9.6777,9.9929
241,8.033,1506,499,2349,1655,-10.6225,14.3235
242,8.067,1505,498,2350,1657,-11.0507,13.4088
243,8.100,1504,498,2351,1658,-9.4619,15.7102
244,8.133,1504,499,2351,1661,-8.4435,13.9936
245,8.167,1503,498,2352,1661,-10.7242,14.7001
246,8.200,1503,498,2351,1661,-6.2172,14.7829
247,8.233,1503,498,2351,1661,-6.9626,13.8766
248,8.267,1503,499,2352,1663,-8.1675,15.4541
249,8.300,1502,497,2352,1664,-7.7808,10.9431
250,8.333,1502,498,2351,1666,-6.7953,13.6101
251,8.367,1502,497,2351,1665,-6.7378,13.3210
252,8.400,1502,498,2351,1665,-8.7113,12.1846
253,8.433,1501,498,2351,1665,-9.2490,13.1068
254,8.467,1501,498,2351,1665,-9.3652,13.3197
255,8.500,1501,498,2351,1665,-9.6642,13.1383
256,8.533,1501,499,2351,1664,-8.2104,16.1683
257,8.567,1501,498,2351,1665,-9.5650,13.5207
258,8.600,1502,498,2351,1665,-8.3671,11.2054
259,8.633,1501,498,2351,1665,-8.7580,13.4902
260,8.667,1501,498,2351,1665,-8.4123,13.3354
261,8.700,1502,494,2352,1665,-6.5694,8.2169
262,8.733,1501,494,2352,1665,-6.5561,7.6096
263,8.767,1502,494,2352,1666,-7.8540,9.5660
264,8.800,1502,494,2352,1664,-5.8190,9.2774
265,8.833,1502,496,2352,1663,-4.9388,5.1556
266,8.867,1502,496,2352,1663,-5.2020,5.2910
267,8.900,1502,497,2352,1664,-5.6080,4.9021
268,8.933,1503,498,2351,1661,-6.0337,11.0428
269,8.967,1503,497,2351,1659,-8.3011,11.2778
270,9.000,1503,495,2352,1659,-5.9052,9.4401
271,9.033,1504,491,2353,1661,-7.2518,10.3518
272,9.067,1507,484,2357,1660,-11.0770,9.1179
273,9.100,1507,485,2357,1659,-8.1163,9.3726
274,9.133,1507,484,2357,1659,-9.4676,10.7171
275,9.167,1507,484,2357,1659,-9.6615,9.2276
276,9.200,1507,484,2357,1660,-10.2459,7.9850
277,9.233,1507,483,2357,1659,-9.3854,9.7754
278,9.267,1507,484,2357,1659,-9.4780,9.1932
279,9.300,1507,484,2356,1658,-10.5035,8.3789
280,9.333,1507,484,2357,1657,-9.0768,8.3968
281,9.367,1507,483,2357,1657,-9.2735,9.5029
282,9.400,1507,485,2357,1657,-8.7066,7.7526
283,9.433,1507,484,2357,1656,-10.6217,9.6779
284,9.467,1507,485,2357,1657,-8.6483,10.6385
285,9.500,1506,485,2357,1656,-8.0776,12.7495
286,9.533,1506,485,2357,1655,-9.6343,9.5906
287,9.567,1505,485,2356,1654,-7.5982,10.0678
288,9.600,1505,485,2355,1651,-8.4471,11.1550
289,9.633,1505,486,2355,1651,-7.8141,12.3578
290,9.667,1505,484,2354,1653,-7.2770,8.2593
291,9.700,1505,485,2354,1654,-6.7828,10.6408
292,9.733,1505,483,2355,1656,-8.9991,6.5781
293,9.767,1505,484,2355,1657,-8.7218,8.0828
294,9.800,1505,484,2354,1659,-8.7977,8.9659
295,9.833,1505,485,2354,1658,-7.1462,9.7267
296,9.867,1505,484,2354,1658,-8.5384,11.1136
297,9.900,1505,484,2354,1658,-8.4021,10.3957
298,9.933,1505,484,2355,1660,-6.2074,8.0509
299,9.967,1505,485,2355,1660,-6.6879,8.9752
300,10.000,1505,486,2355,1658,-8.4435,3.2708
301,10.033,1506,487,2355,1657,-9.1625,4.5411
302,10.067,1506,488,2355,1656,-10.3403,6.9972
303,10.100,1506,487,2355,1657,-9.3008,4.0555
304,10.133,1506,487,2355,1657,-9.6415,4.6968
305,10.167,1505,491,2356,1658,-12.3625,8.8515
306,10.200,1505,491,2356,1659,-12.9301,7.2818
307,10.233,1506,491,2356,1659,-14.2441,9.8648
308,10.267,1505,487,2358,1661,-11.9653,7.4956
309,10.300,1505,488,2358,1661,-11.0000,6.7403
310,10.333,1505,487,2358,1661,-11.6797,7.0577
311,10.367,1505,488,2358,1662,-11.6023,8.2453
312,10.400,1505,488,2358,1664,-12.3179,7.8811
313,10.433,1505,487,2358,1670,-11.9327,7.1849
314,10.467,1505,488,2358,1669,-10.8096,5.2147
315,10.500,1505,489,2358,1669,-13.2869,5.7272
316,10.533,1505,489,2358,1671,-13.1032,7.1413
317,10.567,1505,488,2357,1669,-12.5862,7.5473
318,10.600,1505,489,2357,1668,-13.0711,7.4586
319,10.633,1505,489,2357,1667,-13.0804,8.6506
320,10.667,1505,489,2356,1666,-12.5024,10.2694
321,10.700,1505,489,2356,1666,-12.7930,10.3221
322,10.733,1505,488,2356,1666,-12.0990,7.1295
323,10.767,1505,488,2356,1666,-12.7489,6.8961
324,10.800,1505,489,2356,1665,-12.7717,7.6358
325,10.833,1506,489,2356,1664,-13.4814,7.7758
326,10.867,1506,489,2356,1665,-12.2797,9.6896
327,10.900,1506,490,2356,1666,-12.2044,11.6054
328,10.933,1506,489,2356,1664,-12.9379,9.5885
329,10.967,1505,487,2357,1668,-11.0300,8.5522
330,11.000,1507,492,2357,1671,-11.7026,12.3197
331,11.033,1507,494,2358,1676,-8.7966,6.9580
332,11.067,1507,494,2359,1682,-8.6836,6.5929
333,11.100,1507,493,2359,1674,-7.8864,8.9759
334,11.133,1504,492,2360,1682,-8.3301,8.1996
335,11.167,1503,492,2359,1684,-11.6299,6.2496
336,11.200,1502,496,2359,1687,-7.7436,4.1941
337,11.233,1502,496,2359,1683,-7.7111,2.7595
338,11.267,1501,494,2360,1681,-8.5636,2.9875
339,11.300,1502,493,2358,1680,-7.9153,4.8202
340,11.333,1502,491,2358,1682,-8.9015,6.7725
341,11.367,1502,491,2358,1682,-9.4426,7.0002
342,11.400,1502,491,2358,1683,-10.4911,6.5440
343,11.433,1502,491,2358,1682,-9.1593,7.1372
344,11.467,1502,492,2358,1683,-7.1702,7.1099
345,11.500,1503,491,2358,1679,-6.9006,6.0461
346,11.533,1502,487,2358,1678,-7.1705,6.7417
347,11.567,1503,488,2358,1678,-9.3277,8.2676
348,11.600,1502,490,2358,1680,-7.6408,5.3912
349,11.633,1502,488,2358,1679,-9.7794,10.1461
350,11.667,1502,486,2359,1679,-10.7096,6.5070
351,11.700,1503,485,2359,1677,-12.2000,8.3127
352,11.733,1503,485,2359,1679,-9.9479,8.1536
353,11.767,1503,485,2359,1678,-10.5824,9.7684
354,11.800,1502,484,2361,1677,-9.2979,7.9618
355,11.833,1502,483,2361,1677,-10.0240,9.2425
356,11.867,1502,483,2361,1676,-9.6636,8.4260
357,11.900,1502,485,2361,1679,-9.8774,8.8822
358,11.933,1502,485,2362,1681,-12.2417,11.7798
359,11.967,1502,485,2361,1679,-10.8386,10.0885
360,12.000,1502,488,2362,1675,-10.7588,4.3708
361,12.033,1502,487,2362,1674,-11.8251,6.9936
362,12.067,1502,486,2362,1674,-10.7101,7.2232
363,12.100,1502,486,2362,1674,-10.9956,6.7202
364,12.133,1502,486,2362,1676,-12.3916,7.9688
365,12.167,1502,485,2362,1676,-11.7398,6.6004
366,12.200,1502,484,2362,1677,-12.2464,6.4187
367,12.233,1502,485,2362,1676,-11.2318,5.9055
368,12.267,1502,485,2362,1676,-11.1735,5.9845
369,12.300,1503,465,2358,1672,-5.2775,-4.0942
370,12.333,1502,465,2358,1672,-7.4143,-5.2769
371,12.367,1503,478,2357,1674,-3.7729,-3.5396
372,12.400,1502,483,2360,1678,-9.5660,2.8039
373,12.433,1502,482,2360,1679,-11.3218,3.3998
374,12.467,1503,481,2360,1680,-11.1705,5.1579
375,12.500,1502,483,2361,1680,-10.2500,5.2193
376,12.533,1503,484,2361,1680,-11.2201,6.1052
377,12.567,1503,483,2361,1680,-10.8368,5.9229
378,12.600,1503,484,2361,1681,-10.7089,6.4862
379,12.633,1503,484,2361,1680,-11.3251,6.5742
380,12.667,1503,485,2361,1681,-11.6040,8.1965
381,12.700,1502,486,2361,1683,-10.1326,9.8419
382,12.733,1502,486,2361,1683,-11.1255,8.5620
383,12.767,1503,487,2361,1683,-11.4460,9.3805
384,12.800,1502,486,2360,1683,-10.8257,4.5096
385,12.833,1502,486,2360,1683,-10.7171,5.0501
386,12.867,1502,486,2360,1683,-10.6098,5.8187
387,12.900,1502,486,2360,1682,-9.9157,6.2910
388,12.933,1503,485,2360,1683,-11.6157,6.2329
389,12.967,1503,485,2360,1684,-11.0549,6.2238
390,13.000,1502,483,2360,1686,-9.0062,6.6145
391,13.033,1502,482,2359,1685,-8.5358,6.8070
392,13.067,1502,483,2359,1684,-8.5040,5.8423
393,13.100,1503,484,2359,1687,-8.9347,5.4524
394,13.133,1503,484,2359,1687,-8.6596,7.2415
395,13.167,1503,484,2359,1685,-8.6445,6.5212
396,13.200,1503,483,2359,1686,-7.9860,8.6344
397,13.233,1503,483,2359,1685,-10.3546,7.6223
398,13.267,1502,482,2359,1686,-11.0309,6.2014
399,13.300,1503,483,2359,1687,-9.0725,6.2068
400,13.333,1502,483,2359,1687,-10.1472,6.4565
401,13.367,1503,483,2359,1686,-9.0520,5.7621
402,13.400,1503,483,2358,1686,-10.1747,6.3182
403,13.433,1503,484,2359,1686,-10.4933,3.7511
404,13.467,1503,483,2361,1687,-12.1792,4.0701
405,13.500,1502,483,2360,1687,-11.3282,3.7930
406,13.533,1502,485,2360,1687,-10.3026,8.1113
407,13.567,1502,485,2359,1687,-11.7488,5.8316
408,13.600,1502,485,2360,1687,-10.8102,7.0285
409,13.633,1502,487,2360,1687,-13.2588,4.8946
410,13.667,1500,485,2360,1688,-13.2406,6.5362
411,13.700,1500,485,2361,1689,-12.8197,8.5680
412,13.733,1500,484,2361,1688,-10.7908,6.5265
413,13.767,1500,484,2361,1689,-11.5727,8.3297
414,13.800,1499,487,2359,1691,-11.5714,8.4015
415,13.833,1499,488,2358,1692,-11.3118,7.3551
416,13.867,1498,490,2358,1693,-9.2710,3.5971
417,13.900,1498,489,2358,1693,-12.8360,6.3729
418,13.933,1498,489,2358,1695,-13.7163,7.7663
419,13.967,1498,487,2359,1695,-12.9767,6.0406
420,14.000,1498,488,2360,1696,-11.1900,5.7746
421,14.033,1498,485,2361,1698,-11.4399,6.3022
422,14.067,1499,485,2360,1699,-13.0271,6.7577
423,14.100,1499,487,2359,1697,-10.9866,8.9064
424,14.133,1499,491,2358,1697,-10.7728,3.9114
425,14.167,1499,490,2358,1695,-11.5736,3.0620
426,14.200,1500,489,2357,1693,-9.9677,6.6156
427,14.233,1500,491,2357,1693,-10.2856,2.6916
428,14.267,1500,490,2357,1691,-10.2349,4.2339
429,14.300,1499,490,2356,1691,-9.8992,7.8628
430,14.333,1498,492,2356,1691,-10.0731,4.2072
431,14.367,1499,491,2357,1692,-9.7377,4.1490
432,14.400,1499,495,2357,1691,-9.2170,1.2982
433,14.433,1501,493,2356,1692,-10.1076,5.6693
434,14.467,1501,494,2357,1692,-9.8450,6.3851
435,14.500,1500,494,2357,1693,-9.0357,5.0273
436,14.533,1501,498,2356,1690,-8.7270,4.9259
437,14.567,1501,497,2356,1690,-8.2264,6.9956
438,14.600,1501,495,2356,1689,-10.1770,6.4978
439,14.633,1500,496,2356,1689,-8.1659,7.0189
440,14.667,1500,496,2355,1686,-9.9544,5.2220
441,14.700,1500,495,2355,1685,-10.1030,5.1462
442,14.733,1500,495,2355,1686,-10.0633,3.7651
443,14.767,1500,494,2355,1685,-7.8639,7.5386
444,14.800,1500,493,2355,1685,-8.9364,6.6858
445,14.833,1500,488,2354,1683,-8.9163,-2.3862
446,14.867,1500,489,2353,1682,-9.2519,-1.6255
447,14.900,1500,460,2351,1674,-3.9554,-6.6523
448,14.933,1499,464,2351,1675,-2.4040,-4.8673
449,14.967,1500,465,2350,1676,-1.8726,-3.5296
450,15.000,1498,472,2348,1681,-2.8281,-3.4371
451,15.033,1499,478,2348,1681,-3.7505,-3.4994
452,15.067,1498,479,2349,1682,-3.6645,-4.2170
453,15.100,1499,482,2351,1683,-5.9671,-5.1186
454,15.133,1498,484,2352,1683,-7.7432,-2.9511
455,15.167,1498,486,2352,1683,-7.9194,1.8502
456,15.200,1497,487,2352,1682,-8.9084,-0.4637
457,15.233,1497,487,2352,1682,-8.9048,0.0228
458,15.267,1497,488,2352,1682,-8.3658,-0.5162
459,15.300,1497,487,2352,1680,-9.7846,-1.8461
460,15.333,1497,487,2352,1680,-9.5636,-1.4260
461,15.367,1496,488,2352,1681,-8.8903,1.1945
462,15.400,1497,488,2353,1681,-9.6125,1.6237
463,15.433,1498,487,2355,1680,-10.7178,1.8751
464,15.467,1499,486,2356,1681,-10.9983,0.1600
465,15.500,1500,482,2357,1682,-9.7564,-4.1470
466,15.533,1501,480,2357,1681,-9.1895,-2.4878
467,15.567,1501,481,2359,1682,-10.1025,-2.4485
468,15.600,1501,484,2360,1683,-9.9592,-1.9342
469,15.633,1501,482,2361,1684,-10.8540,-0.0870
470,15.667,1501,485,2361,1683,-10.3701,-1.7148
471,15.700,1500,485,2361,1682,-9.1976,0.1523
472,15.733,1501,485,2361,1682,-11.1357,-0.0086
473,15.767,1500,486,2361,1682,-8.7936,2.1981
474,15.800,1500,488,2361,1682,-7.4315,-1.6585
475,15.833,1499,488,2360,1682,-8.1477,-3.7945
476,15.867,1500,483,2357,1677,-7.5896,0.4349
477,15.900,1499,482,2358,1678,-9.5396,-0.4753
478,15.933,1499,483,2358,1679,-9.7233,0.9307
479,15.967,1499,485,2358,1676,-9.6013,3.5219
480,16.000,1500,485,2358,1676,-10.7829,2.2706
481,16.033,1500,485,2358,1675,-10.7960,3.1465
482,16.067,1500,485,2358,1675,-11.1999,2.5309
483,16.100,1500,485,2358,1675,-11.0446,3.3572
484,16.133,1500,485,2358,1675,-11.4772,3.3326
485,16.167,1501,485,2358,1674,-10.8942,3.3819
486,16.200,1500,484,2358,1674,-10.1699,1.1720
487,16.233,1500,484,2358,1674,-9.9045,1.6117
488,16.267,1500,485,2358,1675,-10.7812,3.8168
489,16.300,1500,482,2358,1677,-10.8832,3.3451
490,16.333,1500,483,2358,1677,-10.5877,1.2696
491,16.367,1500,482,2358,1677,-10.4320,4.1626
492,16.400,1499,483,2358,1677,-9.1617,2.0847
493,16.433,1499,484,2359,1678,-8.3795,0.8544
494,16.467,1499,485,2359,1678,-9.1274,0.9443
495,16.500,1498,485,2359,1677,-9.4203,0.0184
496,16.533,1498,486,2360,1679,-8.1208,0.5471
497,16.567,1498,487,2360,1681,-8.3230,-2.0155
498,16.600,1497,487,2359,1679,-9.9215,-0.2070
499,16.633,1497,486,2359,1680,-10.3025,0.1837
500,16.667,1497,486,2359,1681,-9.9388,-1.1999
501,16.700,1498,486,2359,1681,-10.3746,0.8492
502,16.733,1498,486,2360,1681,-9.1449,1.2027
503,16.767,1498,485,2360,1682,-7.1564,-1.1159
504,16.800,1498,485,2360,1682,-7.2401,-1.0240
505,16.833,1498,486,2360,1682,-9.0117,-0.7698
506,16.867,1498,486,2360,1682,-9.2291,-0.4973
507,16.900,1498,486,2360,1683,-8.8587,-0.3440
508,16.933,1498,486,2359,1683,-10.3373,-0.7202
509,16.967,1498,484,2359,1683,-11.9512,-1.6540
510,17.000,1498,487,2359,1684,-9.3927,-1.9256
511,17.033,1498,486,2360,1685,-11.1013,-1.4594
512,17.067,1498,486,2360,1684,-8.4130,-1.2808
513,17.100,1498,486,2359,1684,-11.0204,-1.6927
514,17.133,1498,486,2360,1686,-7.6579,-1.3037
515,17.167,1497,487,2360,1684,-11.8530,-1.5382
516,17.200,1498,486,2360,1683,-8.8173,-0.9486
517,17.233,1498,484,2361,1684,-8.2154,-1.8170
518,17.267,1497,484,2360,1685,-8.7601,-2.2670
519,17.300,1497,484,2360,1684,-7.2130,-1.9290
520,17.333,1497,485,2360,1684,-7.9131,-2.2828
521,17.367,1497,485,2360,1684,-7.2064,-2.4972
522,17.400,1497,482,2360,1684,-12.1356,-1.2689
523,17.433,1497,482,2360,1685,-9.5189,-0.8329
524,17.467,1497,482,2360,1685,-9.8485,-0.9149
525,17.500,1497,482,2360,1684,-11.9102,-1.9890
526,17.533,1498,486,2358,1683,-11.0811,-4.3819
527,17.567,1497,486,2357,1684,-8.9830,-1.5216
528,17.600,1498,488,2356,1683,-10.3749,-6.5605
529,17.633,1497,488,2356,1685,-8.3691,-4.7409
530,17.667,1497,486,2357,1687,-7.8418,-2.2248
531,17.700,1496,486,2356,1690,-6.8625,-1.6794
532,17.733,1496,485,2355,1691,-7.3918,-3.1920
533,17.767,1496,486,2355,1690,-7.6185,-1.5981
534,17.800,1497,487,2355,1689,-7.8558,-0.9585
535,17.833,1497,487,2354,1688,-8.0604,-2.0915
536,17.867,1497,487,2354,1687,-8.2744,-1.8932
537,17.900,1497,486,2354,1687,-7.9084,-1.7947
538,17.933,1497,485,2354,1686,-8.2913,-0.0119
539,17.967,1497,486,2354,1686,-6.7767,-1.5211
540,18.000,1496,482,2353,1686,-6.8097,-1.3965
541,18.033,1496,484,2353,1686,-5.5191,-0.3773
542,18.067,1496,483,2353,1686,-7.2494,-0.0708
543,18.100,1496,483,2353,1687,-8.4277,-0.9169
544,18.133,1496,483,2354,1686,-7.4235,2.3761
545,18.167,1496,481,2353,1685,-7.8956,-0.9184
546,18.200,1496,481,2354,1685,-7.3620,-0.0144
547,18.233,1497,480,2353,1684,-6.7550,3.4684
548,18.267,1497,481,2353,1683,-6.5517,-1.3678
549,18.300,1496,484,2353,1687,-8.0481,2.1591
550,18.333,1496,486,2353,1686,-6.4997,0.6572
551,18.367,1497,487,2353,1687,-7.6092,1.3586
552,18.400,1497,491,2352,1686,-6.3052,1.4255
553,18.433,1497,491,2352,1686,-5.5674,0.3588
554,18.467,1497,491,2352,1686,-5.3290,0.2623
555,18.500,1497,491,2353,1686,-7.8655,0.5737
556,18.533,1497,492,2353,1686,-8.3357,3.1989
557,18.567,1497,492,2353,1686,-7.7101,2.5451
558,18.600,1497,493,2353,1686,-9.3438,1.6936
559,18.633,1497,492,2353,1686,-7.6958,2.6149
560,18.667,1497,491,2353,1686,-8.4273,0.9624
561,18.700,1497,492,2353,1683,-9.1681,1.1396
562,18.733,1497,492,2353,1682,-7.5098,0.7855
563,18.767,1497,493,2353,1681,-9.1080,0.2932
564,18.800,1497,492,2352,1680,-8.8123,0.6032
565,18.833,1497,492,2353,1678,-8.6890,1.3189
566,18.867,1497,491,2353,1678,-9.3886,-0.2947
567,18.900,1497,492,2352,1677,-8.4198,0.5079
568,18.933,1498,492,2352,1675,-7.2559,0.7575
569,18.967,1498,491,2352,1676,-7.4874,-0.1896
570,19.000,1497,490,2353,1675,-8.1101,-0.6227
571,19.033,1497,490,2353,1675,-8.0513,-0.4773
572,19.067,1497,491,2352,1675,-6.7472,0.4609
573,19.100,1497,491,2353,1675,-6.1753,-0.1118
574,19.133,1498,493,2353,1675,-7.1336,-0.2884
575,19.167,1497,493,2353,1676,-5.2137,-0.1774
576,19.200,1497,491,2353,1677,-6.5589,-0.9442
577,19.233,1497,491,2353,1676,-7.1528,-1.2200
578,19.267,1497,491,2353,1675,-7.2306,-0.9947
579,19.300,1497,493,2353,1675,-7.0543,0.8125
580,19.333,1497,493,2353,1674,-7.1396,0.4635
581,19.367,1497,493,2353,1675,-7.6082,1.5635
582,19.400,1497,493,2353,1675,-7.5406,0.4580
583,19.433,1498,494,2353,1675,-7.8790,0.5719
584,19.467,1498,493,2353,1675,-7.6269,-0.8327
585,19.500,1497,494,2353,1674,-6.3454,2.4995
586,19.533,1497,494,2353,1674,-6.0998,2.1905
587,19.567,1497,496,2353,1675,-7.3000,-1.1274
588,19.600,1497,493,2353,1675,-7.7506,-0.3597
589,19.633,1497,493,2353,1675,-8.1600,-0.8710
590,19.667,1497,492,2353,1676,-7.6699,0.1969
591,19.700,1497,492,2353,1676,-7.9255,0.1834
592,19.733,1498,492,2354,1676,-8.3471,1.8605
593,19.767,1497,492,2354,1675,-9.3302,-1.4915
594,19.800,1498,492,2354,1675,-7.7324,0.6449
595,19.833,1497,493,2353,1675,-8.2493,0.5611
596,19.867,1497,493,2353,1675,-7.4467,1.0227
597,19.900,1497,495,2353,1674,-6.6690,1.8587
598,19.933,1497,494,2354,1674,-7.9686,0.9255
599,19.967,1498,494,2353,1674,-7.4699,0.5821
600,20.000,1498,497,2353,1671,-8.1110,-1.0216
601,20.033,1498,496,2353,1671,-8.7235,-2.5715
602,20.067,1498,495,2352,1671,-9.2309,-0.4106
603,20.100,1498,492,2352,1670,-7.2644,-2.1894
604,20.133,1500,485,2349,1672,-4.4577,-6.0279
605,20.167,1503,471,2348,1663,5.0753,-5.5458
606,20.200,1503,470,2348,1664,4.0492,-6.3605
607,20.233,1503,476,2349,1667,7.0872,-1.2874
608,20.267,1500,483,2350,1672,-1.7532,-4.1797
609,20.300,1499,484,2350,1672,-2.5565,-3.7517
610,20.333,1498,492,2353,1673,-8.3310,0.4956
611,20.367,1498,494,2354,1674,-7.0337,-1.9219
612,20.400,1498,495,2353,1674,-7.7974,-0.8308
613,20.433,1498,496,2353,1675,-8.1902,2.4791
614,20.467,1498,495,2353,1675,-6.3960,-0.1777
615,20.500,1499,495,2353,1675,-5.4039,-0.5947
616,20.533,1499,492,2353,1675,2.0029,-0.5346
617,20.567,1500,491,2353,1674,7.2377,1.8751
618,20.600,1500,493,2353,1674,6.9607,-0.5494
619,20.633,1500,493,2354,1674,7.6079,-0.2656
620,20.667,1500,492,2354,1674,9.3971,0.5633
621,20.700,1500,493,2354,1674,9.1044,1.3995
622,20.733,1500,493,2354,1673,9.8550,0.8330
623,20.767,1500,493,2354,1674,8.7311,1.2491
624,20.800,1500,492,2354,1674,9.1447,1.9014
625,20.833,1499,493,2354,1676,10.0818,2.2418
626,20.867,1499,493,2354,1675,8.4228,-0.7174
627,20.900,1499,494,2354,1675,10.0217,0.8273
628,20.933,1499,495,2354,1676,9.7940,0.2834
629,20.967,1499,495,2353,1674,9.6954,-1.8542
630,21.000,1499,493,2352,1674,8.6914,0.4006
631,21.033,1498,493,2352,1674,10.2922,3.4214
632,21.067,1499,492,2352,1674,10.3097,0.2556
633,21.100,1498,493,2352,1674,10.3094,3.4811
634,21.133,1499,492,2353,1674,10.3216,-0.9263
635,21.167,1498,490,2353,1674,11.3065,0.1978
636,21.200,1498,489,2353,1675,10.1662,1.5675
637,21.233,1499,489,2353,1674,9.5585,1.1290
638,21.267,1498,489,2353,1674,9.3581,-1.1253
639,21.300,1498,489,2354,1673,11.0792,-1.5901
640,21.333,1499,488,2354,1672,8.8981,0.8253
641,21.367,1498,488,2354,1672,9.4914,0.0744
642,21.400,1498,488,2353,1673,8.3852,0.6052
643,21.433,1498,486,2353,1672,9.4213,-0.0070
644,21.467,1498,487,2353,1672,9.1338,0.7934
645,21.500,1498,486,2353,1671,8.7833,0.6189
646,21.533,1498,486,2353,1672,9.4558,1.6273
647,21.567,1498,485,2353,1673,9.5817,-0.3731
648,21.600,1498,485,2353,1672,9.5523,0.3336
649,21.633,1498,486,2353,1671,9.9338,1.6392
650,21.667,1498,487,2353,1671,9.9199,0.1410
651,21.700,1498,486,2353,1672,9.2030,1.4227
652,21.733,1498,487,2353,1672,9.3291,1.0223
653,21.767,1498,486,2353,1672,9.4735,1.5674
654,21.800,1497,487,2353,1673,8.0206,2.0799
655,21.833,1497,486,2353,1674,9.4253,0.6253
656,21.867,1497,486,2353,1674,9.4080,0.7849
657,21.900,1497,486,2353,1674,10.0969,1.3315
658,21.933,1497,488,2354,1675,8.0085,2.2437
659,21.967,1498,487,2354,1674,9.7765,1.6113
660,22.000,1497,482,2356,1678,9.4665,0.7736
661,22.033,1497,482,2355,1676,10.3977,2.9062
662,22.067,1497,483,2355,1676,10.5718,1.3400
663,22.100,1498,480,2353,1676,10.6431,-0.2680
664,22.133,1498,483,2353,1676,9.8576,-3.7638
665,22.167,1496,461,2352,1671,12.7622,-5.2692
666,22.200,1496,465,2353,1674,12.3840,-2.5506
667,22.233,1495,466,2352,1674,11.8794,-5.2594
668,22.267,1496,471,2353,1673,12.2889,-8.5581
669,22.300,1497,474,2352,1672,14.0205,-10.0540
670,22.333,1498,474,2352,1673,14.0604,-8.6652
671,22.367,1499,476,2352,1673,13.3470,-6.2530
672,22.400,1499,478,2352,1674,12.2327,-3.4098
673,22.433,1499,480,2352,1674,13.1716,-2.9841
674,22.467,1499,480,2352,1674,13.4503,-3.1142
675,22.500,1499,480,2352,1674,14.0025,-2.7583
676,22.533,1499,481,2352,1675,13.6750,-2.1151
677,22.567,1499,482,2352,1674,13.1879,-2.8313
678,22.600,1499,483,2352,1674,12.3180,0.3595
679,22.633,1499,483,2352,1674,11.7967,1.0922
680,22.667,1499,484,2352,1675,12.3364,-0.4231
681,22.700,1499,485,2352,1675,11.7077,-0.0027
682,22.733,1499,485,2353,1674,12.2612,-0.5063
683,22.767,1498,486,2353,1675,9.8715,-0.4336
684,22.800,1498,485,2353,1674,11.2057,-1.6049
685,22.833,1499,485,2353,1673,10.2757,-1.7998
686,22.867,1499,485,2353,1673,10.2819,-1.8234
687,22.900,1499,486,2353,1672,10.5960,0.7071
688,22.933,1498,484,2353,1672,10.3585,-0.6658
689,22.967,1499,484,2353,1673,11.0623,-0.9382
690,23.000,1499,485,2352,1673,10.0829,-1.4319
691,23.033,1500,488,2352,1674,10.5884,-0.6288
692,23.067,1500,488,2352,1674,10.8800,-0.7749
693,23.100,1500,495,2349,1667,10.2742,1.7695
694,23.133,1500,496,2349,1666,9.2403,3.9463
695,23.167,1501,496,2349,1667,8.2942,4.0186
696,23.200,1500,496,2349,1667,10.1712,4.1902
697,23.233,1500,497,2349,1667,11.2683,4.0994
698,23.267,1503,482,2347,1663,8.2522,-3.5380
699,23.300,1505,471,2347,1658,10.2413,-2.4194
700,23.333,1505,471,2346,1659,8.6804,-6.4225
701,23.367,1505,473,2348,1661,9.0847,-1.2380
702,23.400,1502,484,2349,1665,10.2385,3.5274
703,23.433,1502,484,2349,1666,9.7506,3.8882
704,23.467,1502,490,2349,1666,10.4617,-3.3262
705,23.500,1503,492,2347,1668,10.0623,-1.6419
706,23.533,1502,490,2349,1668,10.7169,-1.9412
707,23.567,1501,498,2349,1669,12.3591,2.9768
708,23.600,1501,497,2348,1669,10.6696,1.7975
709,23.633,1501,499,2348,1671,12.3217,3.0839
710,23.667,1501,499,2349,1671,11.6304,2.9413
711,23.700,1501,500,2348,1671,11.6711,2.1284
712,23.733,1501,499,2348,1671,12.5348,2.0060
713,23.767,1500,498,2348,1671,11.8856,4.3619
714,23.800,1500,497,2349,1671,12.0790,2.2551
715,23.833,1500,495,2350,1671,10.8293,2.0611
716,23.867,1501,494,2350,1671,9.7990,3.6109
717,23.900,1501,495,2349,1670,8.3081,4.6652
718,23.933,1500,496,2350,1671,9.5145,4.3727
719,23.967,1501,495,2350,1670,8.4217,3.1177
720,24.000,1501,491,2351,1668,6.4567,0.3476
721,24.033,1500,488,2352,1667,8.1128,0.3772
722,24.067,1500,489,2352,1665,8.3911,0.5734
723,24.100,1501,488,2352,1665,8.8043,0.7765
724,24.133,1501,485,2352,1665,9.3009,0.5601
725,24.167,1501,484,2353,1664,9.4672,1.2937
726,24.200,1501,484,2352,1664,10.7644,0.9939
727,24.233,1501,484,2352,1664,11.2616,1.0101
728,24.267,1501,484,2352,1665,10.3487,1.9221
729,24.300,1501,485,2352,1666,8.8901,2.3304
730,24.333,1502,485,2352,1665,9.8564,2.0704
731,24.367,1502,485,2352,1664,9.6604,1.8610
732,24.400,1502,484,2351,1664,9.3160,1.0694
733,24.433,1502,485,2351,1664,8.4820,1.3807
734,24.467,1502,486,2351,1664,9.6699,2.5029
735,24.500,1502,486,2351,1665,10.3097,2.4462
736,24.533,1501,487,2351,1665,10.1331,1.4294
737,24.567,1501,487,2352,1665,9.5057,0.9442
738,24.600,1501,487,2352,1666,9.2246,0.4505
739,24.633,1502,488,2352,1666,8.8965,-1.5715
740,24.667,1502,487,2352,1666,8.3407,0.1880
741,24.700,1502,487,2352,1666,7.9287,0.9052
742,24.733,1501,484,2352,1669,9.4147,2.0345
743,24.767,1501,484,2352,1668,10.0350,1.2825
744,24.800,1500,483,2352,1670,8.9801,1.9323
745,24.833,1500,484,2351,1671,9.3117,2.9560
746,24.867,1500,483,2351,1670,9.0413,0.6454
747,24.900,1502,477,2348,1669,11.4373,-4.0703
748,24.933,1500,457,2351,1664,10.9047,-3.1740
749,24.967,1500,458,2351,1664,11.3375,-3.3335
750,25.000,1499,467,2350,1666,13.7709,-0.1718
751,25.033,1500,474,2349,1669,12.2628,-4.3900
752,25.067,1499,474,2349,1669,12.5774,-5.4486
753,25.100,1500,476,2349,1669,11.8949,-4.1684
754,25.133,1501,478,2349,1670,10.9937,-3.0053
755,25.167,1501,476,2349,1669,13.3547,-0.1037
756,25.200,1501,478,2350,1670,11.6430,-2.4945
757,25.233,1501,479,2351,1670,10.8635,-0.0166
758,25.267,1501,479,2351,1670,10.4543,-1.6867
759,25.300,1501,479,2351,1670,10.9583,0.6490
760,25.333,1501,479,2351,1670,10.8198,0.8339
761,25.367,1501,480,2351,1670,10.1532,-0.4209
762,25.400,1501,480,2351,1671,10.4990,0.4625
763,25.433,1500,482,2351,1670,10.7561,0.8662
764,25.467,1501,483,2351,1670,11.4627,0.8128
765,25.500,1500,486,2351,1669,11.5410,2.0303
766,25.533,1500,485,2351,1670,11.9831,2.7214
767,25.567,1500,484,2351,1670,9.6310,4.0423
768,25.600,1500,484,2351,1670,9.1423,3.7955
769,25.633,1500,483,2351,1669,10.2556,2.2274
770,25.667,1500,484,2351,1669,9.3604,2.9509
771,25.700,1500,483,2352,1670,9.9635,2.7977
772,25.733,1500,484,2352,1670,10.7499,3.2998
773,25.767,1500,484,2352,1669,10.2124,3.0621
774,25.800,1500,483,2352,1671,9.9531,4.0085
775,25.833,1500,483,2351,1670,11.2314,1.6355
776,25.867,1500,483,2352,1671,10.4386,3.4711
777,25.900,1503,482,2350,1669,9.4868,-3.1298
778,25.933,1503,481,2349,1668,10.8371,-2.4071
779,25.967,1503,457,2352,1661,10.4417,-1.4770
780,26.000,1501,459,2352,1663,13.5394,0.2744
781,26.033,1500,460,2353,1664,8.1044,1.9172
782,26.067,1499,471,2351,1668,16.4777,4.1188
783,26.100,1499,477,2350,1669,14.3990,-1.4365
784,26.133,1499,477,2350,1669,13.7003,1.1204
785,26.167,1499,478,2350,1669,12.5898,0.4540
786,26.200,1500,479,2350,1670,12.0300,-0.1720
787,26.233,1500,479,2350,1669,12.5291,-0.4180
788,26.267,1500,481,2350,1670,14.8844,0.6213
789,26.300,1499,483,2351,1670,13.4828,2.2921
790,26.333,1499,482,2351,1670,13.0748,0.3265
791,26.367,1500,483,2351,1671,14.0838,2.0053
792,26.400,1500,481,2351,1671,14.0978,0.8172
793,26.433,1500,482,2352,1671,14.7168,0.3829
794,26.467,1500,482,2352,1671,14.2209,1.0025
795,26.500,1500,482,2352,1671,14.2196,1.7397
796,26.533,1499,482,2352,1671,13.9899,2.3315
797,26.567,1499,483,2352,1670,13.1060,3.2143
798,26.600,1500,483,2351,1670,12.1635,1.6169
799,26.633,1500,483,2351,1670,12.5286,1.4375
800,26.667,1501,483,2351,1669,12.9937,-0.3487
801,26.700,1500,483,2351,1670,12.2709,2.1975
802,26.733,1500,483,2351,1670,12.7353,2.0659
803,26.767,1500,483,2351,1670,12.2488,2.6315
804,26.800,1500,482,2351,1670,14.2204,2.4862
805,26.833,1501,482,2351,1670,14.0484,1.2059
806,26.867,1501,482,2351,1671,12.4068,0.1924
807,26.900,1501,483,2352,1672,13.8243,-1.0768
808,26.933,1501,483,2352,1671,13.3577,-0.2045
809,26.967,1500,482,2352,1671,14.6938,0.9817
810,27.000,1499,482,2353,1672,13.1538,1.3768
811,27.033,1499,482,2353,1671,13.7657,1.2910
812,27.067,1499,482,2352,1671,13.8819,0.8578
813,27.100,1499,481,2352,1671,14.3751,0.3931
814,27.133,1499,476,2352,1672,26.0426,-1.9491
815,27.167,1501,479,2351,1671,27.8104,-3.2782
816,27.200,1500,478,2352,1671,28.3881,-1.4945
817,27.233,1500,478,2352,1672,28.1480,-2.8241
818,27.267,1500,478,2352,1672,28.3294,-2.0941
819,27.300,1501,478,2352,1673,27.4770,-2.9673
820,27.333,1500,478,2352,1673,28.4847,-1.3521
821,27.367,1500,477,2352,1674,29.3418,-0.3388
822,27.400,1501,479,2351,1673,28.7286,-0.6989
823,27.433,1502,478,2351,1673,31.3052,1.0174
824,27.467,1502,478,2351,1673,31.5440,0.3291
825,27.500,1502,478,2351,1673,31.8369,-0.0684
826,27.533,1502,478,2351,1675,32.0754,1.3835
827,27.567,1501,477,2352,1675,30.6238,1.2565
828,27.600,1502,478,2352,1675,31.2233,-0.6955
829,27.633,1502,477,2351,1672,32.1565,1.1892
830,27.667,1502,478,2351,1673,31.3930,3.1618
831,27.700,1502,478,2351,1673,31.2959,3.8844
832,27.733,1502,478,2351,1673,31.4744,3.7371
833,27.767,1502,478,2351,1673,31.6929,3.4986
834,27.800,1502,478,2351,1674,30.7839,3.4593
835,27.833,1502,478,2351,1673,30.9362,3.4050
836,27.867,1502,478,2351,1674,30.8239,3.5124
837,27.900,1502,479,2352,1674,30.5489,-0.3551
838,27.933,1502,479,2351,1674,31.4391,-0.4659
839,27.967,1502,479,2351,1673,30.9770,1.9214
840,28.000,1501,479,2350,1670,30.8565,4.4771
841,28.033,1501,479,2349,1668,29.9619,5.0001
842,28.067,1502,479,2349,1669,30.4063,5.3518
843,28.100,1502,479,2350,1670,31.8906,5.7857
844,28.133,1502,480,2350,1668,30.3068,3.9350
845,28.167,1502,478,2350,1669,30.8639,3.8045
846,28.200,1502,478,2350,1668,29.9986,4.5459
847,28.233,1502,478,2351,1668,32.1569,3.6995
848,28.267,1502,479,2351,1668,31.6714,3.2920
849,28.300,1502,479,2351,1669,30.3036,2.5771
850,28.333,1502,479,2351,1668,31.1493,2.9229
851,28.367,1502,479,2350,1667,31.0219,4.4314
852,28.400,1502,479,2350,1668,31.3523,4.8989
853,28.433,1502,478,2351,1668,31.6088,3.0975
854,28.467,1502,479,2351,1669,30.5685,3.3262
855,28.500,1502,479,2351,1669,30.6977,3.2213
856,28.533,1502,480,2351,1670,30.6782,0.4815
857,28.567,1502,479,2351,1669,30.6869,3.0338
858,28.600,1502,479,2350,1669,31.6310,4.3072
859,28.633,1501,479,2351,1670,31.4592,1.9521
860,28.667,1501,480,2350,1670,31.0894,2.0625
861,28.700,1501,480,2350,1669,31.3104,2.0543
862,28.733,1501,480,2350,1668,31.6522,2.3892
863,28.767,1501,480,2350,1668,31.5117,2.1503
864,28.800,1501,482,2350,1669,32.5040,2.3670
865,28.833,1501,483,2350,1669,28.5056,1.1164
866,28.867,1501,483,2350,1668,29.5592,1.8535
867,28.900,1502,482,2349,1668,30.6045,4.0213
868,28.933,1501,483,2350,1668,29.6049,1.6377
869,28.967,1501,483,2350,1668,29.6702,2.5888
870,29.000,1501,486,2350,1664,27.8183,2.8261
871,29.033,1502,485,2350,1662,29.0569,3.1300
872,29.067,1502,485,2350,1662,29.0442,2.7528
873,29.100,1502,487,2350,1660,28.0950,2.9154
874,29.133,1501,487,2350,1660,27.9281,2.8022
875,29.167,1501,488,2350,1660,28.8873,-0.1723
876,29.200,1501,487,2350,1660,27.8801,1.7306
877,29.233,1501,488,2350,1660,28.2613,-0.3602
878,29.267,1501,488,2351,1660,29.1581,1.4011
879,29.300,1501,488,2350,1659,30.0641,1.7318
880,29.333,1501,488,2350,1659,29.8663,2.8296
881,29.367,1501,488,2350,1660,28.3224,1.1151
882,29.400,1501,487,2350,1659,28.2479,1.1004
883,29.433,1501,487,2351,1662,28.3773,2.1974
884,29.467,1501,486,2351,1662,28.0351,2.7018
885,29.500,1501,486,2352,1663,27.8798,3.0105
886,29.533,1501,485,2352,1664,27.6436,2.1621
887,29.567,1501,484,2353,1664,28.8269,0.2056
888,29.600,1501,484,2352,1664,27.1609,2.3669
889,29.633,1501,485,2352,1664,27.9104,0.5762
890,29.667,1501,484,2352,1665,26.8290,2.1234
891,29.700,1501,483,2352,1665,27.5165,0.0413
892,29.733,1501,483,2352,1665,27.2943,0.3459
893,29.767,1501,483,2352,1665,27.4277,0.3771
894,29.800,1500,484,2352,1665,28.9899,2.8327
895,29.833,1501,483,2352,1665,27.4803,0.9941
896,29.867,1501,481,2352,1664,30.0449,4.3225
897,29.900,1502,473,2349,1664,18.6004,-4.8527
898,29.933,1502,472,2349,1664,19.9277,-1.4879
899,29.967,1510,461,2349,1654,9.0042,-8.0681
900,30.000,1508,462,2350,1657,13.5894,-7.4902
901,30.033,1509,462,2352,1658,9.9880,-6.9944
902,30.067,1501,467,2351,1661,20.6498,-5.6019
903,30.100,1502,461,2352,1661,18.7936,-4.5002
904,30.133,1502,475,2350,1665,26.9705,-1.7406
905,30.167,1502,479,2353,1668,30.3988,-2.3890
906,30.200,1503,472,2353,1667,28.3944,4.4055
907,30.233,1503,472,2353,1667,28.8508,5.3186
908,30.267,1503,472,2353,1667,29.2867,6.0217
909,30.300,1503,473,2353,1666,30.4292,1.2959
910,30.333,1502,473,2353,1666,29.8533,2.9171
911,30.367,1502,473,2353,1666,29.7858,3.0136
912,30.400,1502,472,2353,1666,29.9104,2.7214
913,30.433,1502,471,2353,1667,28.7539,4.5816
914,30.467,1502,471,2353,1667,29.1491,4.8795
915,30.500,1502,470,2353,1667,28.7601,3.4481
916,30.533,1502,471,2353,1668,28.7142,4.8286
917,30.567,1502,470,2353,1667,29.2849,4.1615
918,30.600,1502,471,2353,1665,29.4510,4.7028
919,30.633,1502,470,2353,1665,28.7867,5.0507
920,30.667,1502,470,2353,1665,29.8364,4.4177
921,30.700,1503,471,2353,1666,29.1421,-0.3316
922,30.733,1503,472,2353,1666,30.0112,2.0411
923,30.767,1503,472,2353,1667,30.6672,2.0991
924,30.800,1502,473,2352,1666,30.3085,0.9288
925,30.833,1502,470,2352,1666,29.6056,0.5427
926,30.867,1502,471,2352,1666,29.1442,1.2115
927,30.900,1502,471,2351,1667,29.7164,1.4485
928,30.933,1502,472,2351,1667,28.2549,0.3829
929,30.967,1501,471,2352,1668,27.7089,2.0459
930,31.000,1502,470,2352,1668,28.5640,0.0597
931,31.033,1502,470,2352,1669,28.4832,0.1174
932,31.067,1502,471,2352,1670,29.5715,0.1892
933,31.100,1502,469,2352,1668,30.0518,0.0383
934,31.133,1502,471,2352,1667,27.8728,0.7191
935,31.167,1502,471,2352,1667,28.0400,0.9442
936,31.200,1502,471,2352,1667,27.8034,0.7003
937,31.233,1502,471,2352,1667,28.0488,0.5899
938,31.267,1502,470,2353,1666,28.2136,0.5138
939,31.300,1502,469,2352,1667,29.9317,0.2218
940,31.333,1502,470,2353,1666,28.1607,0.2112
941,31.367,1502,469,2353,1667,28.3966,0.3527
942,31.400,1502,469,2353,1667,28.3980,0.7258
943,31.433,1502,471,2352,1669,27.2494,0.5468
944,31.467,1502,471,2353,1669,28.7691,-1.2645
945,31.500,1502,472,2353,1669,28.8843,0.2545
946,31.533,1502,472,2353,1670,28.4018,-0.4807
947,31.567,1502,473,2353,1671,28.3693,0.8789
948,31.600,1502,474,2352,1670,28.3154,-0.0374
949,31.633,1504,472,2352,1671,25.8350,-0.9603
950,31.667,1503,473,2352,1672,26.2584,-2.2585
951,31.700,1504,450,2350,1664,19.1373,-6.7993
952,31.733,1504,452,2351,1665,15.2834,-2.4159
953,31.767,1504,452,2351,1667,14.4077,-3.4259
954,31.800,1501,460,2351,1668,23.5714,-5.9121
955,31.833,1500,462,2351,1669,24.9890,-6.2201
956,31.867,1501,466,2352,1670,28.1009,-4.6378
957,31.900,1501,471,2353,1671,28.6547,-1.5516
958,31.933,1501,474,2353,1672,27.6211,-0.1069
959,31.967,1500,475,2354,1673,28.3884,2.9697
960,32.000,1501,473,2355,1675,29.4781,-0.4359
961,32.033,1502,474,2355,1675,29.2170,0.3606
962,32.067,1502,477,2355,1676,28.4013,0.6509
963,32.100,1502,475,2355,1676,29.9830,1.9848
964,32.133,1502,476,2356,1677,27.8205,-1.8257
965,32.167,1502,476,2356,1675,28.0237,-1.4367
966,32.200,1502,474,2357,1674,28.8881,-0.5262
967,32.233,1502,473,2358,1674,28.5805,0.3727
968,32.267,1503,472,2357,1674,29.2619,1.3048
969,32.300,1502,469,2358,1673,29.4375,1.4115
970,32.333,1502,469,2358,1674,28.6077,0.2222
971,32.367,1505,456,2361,1673,27.9623,2.8927
972,32.400,1505,456,2362,1674,27.3040,2.8161
973,32.433,1506,463,2363,1671,27.2555,2.6204
974,32.467,1505,469,2363,1670,27.8814,-0.1613
975,32.500,1505,467,2365,1672,28.3333,0.5607
976,32.533,1504,471,2367,1676,27.3142,3.6425
977,32.567,1505,473,2367,1675,29.0671,4.4467
978,32.600,1505,479,2367,1674,29.2562,7.8929
979,32.633,1505,478,2368,1673,28.6215,6.7482
980,32.667,1505,479,2367,1671,29.2613,8.4314
981,32.700,1505,478,2366,1670,29.9076,7.3899
982,32.733,1505,477,2365,1670,29.7134,6.0838
983,32.767,1505,475,2366,1672,28.2534,5.3385
984,32.800,1502,472,2363,1672,26.6291,5.8327
985,32.833,1502,471,2362,1670,26.7538,3.1907
986,32.867,1502,474,2359,1667,27.2617,5.4430
987,32.900,1502,474,2361,1671,28.1681,3.5304
988,32.933,1503,477,2360,1673,29.4386,2.9573
989,32.967,1503,479,2359,1673,29.8630,4.7645
990,33.000,1504,482,2357,1673,30.0837,6.2655
991,33.033,1504,482,2357,1671,27.9104,3.6603
992,33.067,1504,481,2357,1670,27.6916,1.0668
993,33.100,1504,481,2358,1670,26.9028,3.3282
994,33.133,1504,482,2357,1669,28.0213,2.6582
995,33.167,1504,483,2357,1671,28.7064,5.6244
996,33.200,1504,488,2357,1671,29.9608,7.7050
997,33.233,1504,487,2357,1671,28.6784,8.0745
998,33.267,1503,487,2357,1672,27.4876,9.3538
999,33.300,1503,489,2357,1673,27.0890,11.6740
1000,33.333,1503,490,2357,1673,26.3965,7.3802
1001,33.367,1504,490,2358,1673,26.7114,9.3545
1002,33.400,1504,493,2358,1673,27.7201,8.5449
1003,33.433,1504,490,2358,1674,25.2623,9.9521
1004,33.467,1504,491,2358,1673,27.0182,8.2447
1005,33.500,1504,493,2358,1674,28.0181,6.9379
1006,33.533,1504,492,2357,1675,27.6852,7.2483
1007,33.567,1503,485,2358,1677,26.2742,7.0220
1008,33.600,1503,484,2358,1677,27.3501,9.4704
1009,33.633,1504,482,2359,1676,29.4695,9.3820
1010,33.667,1504,483,2358,1677,28.9784,10.1003
1011,33.700,1504,484,2359,1677,28.4776,10.0133
1012,33.733,1505,484,2359,1677,28.8725,10.7376
1013,33.767,1505,484,2359,1677,29.0598,9.6083
1014,33.800,1505,484,2360,1676,28.3596,9.1567
1015,33.833,1505,483,2360,1676,30.4362,11.0362
1016,33.867,1507,482,2360,1676,28.7597,10.1547
1017,33.900,1506,481,2360,1675,29.3135,9.2126
1018,33.933,1504,490,2363,1688,29.8978,7.4068
1019,33.967,1504,490,2362,1688,30.0687,6.3935
1020,34.000,1504,487,2361,1690,29.1109,4.8031
1021,34.033,1504,487,2361,1691,29.0157,5.8669
1022,34.067,1504,487,2361,1691,29.3348,5.7610
1023,34.100,1504,486,2360,1691,27.6241,6.1183
1024,34.133,1504,486,2360,1690,27.8051,5.4398
1025,34.167,1503,486,2361,1692,28.5264,4.6867
1026,34.200,1503,488,2361,1691,29.0845,3.6853
1027,34.233,1504,488,2361,1690,29.4165,4.5300
1028,34.267,1505,488,2361,1690,28.1481,7.0807
1029,34.300,1505,489,2361,1688,29.1450,6.2078
1030,34.333,1506,489,2361,1689,29.5269,5.8427
1031,34.367,1506,490,2361,1690,28.6971,4.5300
1032,34.400,1507,491,2361,1690,29.1570,4.8496
1033,34.433,1506,490,2361,1690,28.7013,4.1144
1034,34.467,1508,483,2356,1679,30.0428,7.3204
1035,34.500,1508,483,2356,1678,28.5258,6.8947
1036,34.533,1506,488,2361,1689,27.2678,6.2834
1037,34.567,1507,480,2356,1678,29.1635,7.6020
1038,34.600,1508,481,2354,1677,28.2050,8.4505
1039,34.633,1508,480,2356,1679,29.2011,6.7700
1040,34.667,1506,487,2361,1690,27.6903,6.1090
1041,34.700,1505,488,2361,1692,27.8528,8.5662
1042,34.733,1505,488,2361,1690,27.6604,8.1848
1043,34.767,1505,488,2362,1689,26.7301,5.7754
1044,34.800,1506,490,2363,1689,28.8526,4.5157
1045,34.833,1506,490,2364,1690,28.0117,5.6112
1046,34.867,1507,491,2365,1690,28.6833,6.0353
1047,34.900,1508,491,2364,1690,27.7038,7.2616
1048,34.933,1507,492,2364,1686,26.9720,5.7744
1049,34.967,1507,492,2364,1688,27.6712,7.3896
1050,35.000,1508,494,2365,1692,27.7460,6.5788
1051,35.033,1507,493,2364,1692,29.2786,5.7706
1052,35.067,1507,494,2363,1692,29.2804,6.5840
1053,35.100,1507,493,2363,1692,29.8631,6.8806
1054,35.133,1506,492,2363,1693,28.6961,7.3639
1055,35.167,1506,493,2364,1694,29.8503,5.3812
1056,35.200,1506,494,2364,1695,30.5010,5.0750
1057,35.233,1506,494,2364,1695,30.4881,5.0316
1058,35.267,1506,493,2363,1695,28.0429,5.8438
1059,35.300,1506,492,2363,1694,27.0621,6.6562
1060,35.333,1506,493,2363,1694,28.3120,6.3199
1061,35.367,1506,493,2364,1694,28.5555,6.5530
1062,35.400,1506,492,2364,1694,29.0521,4.0858
1063,35.433,1506,493,2363,1694,30.1091,4.5085
1064,35.467,1505,493,2363,1693,29.6629,5.9004
1065,35.500,1505,493,2363,1694,29.3972,5.2382
1066,35.533,1505,493,2363,1693,28.9212,5.1738
1067,35.567,1505,493,2364,1693,28.6326,3.5700
1068,35.600,1505,494,2364,1694,29.7032,3.4356
1069,35.633,1506,494,2364,1692,28.4041,3.2486
1070,35.667,1506,494,2364,1693,28.1493,3.3677
1071,35.700,1506,493,2364,1693,29.3759,4.7776
1072,35.733,1506,494,2364,1693,28.5096,4.0983
1073,35.767,1506,494,2364,1692,28.9647,5.3255
1074,35.800,1506,493,2364,1692,28.6193,2.7149
1075,35.833,1506,492,2364,1690,28.3283,4.0896
1076,35.867,1506,493,2363,1690,28.3865,3.6013
1077,35.900,1505,493,2363,1690,29.6497,3.8115
1078,35.933,1505,493,2364,1689,30.0163,2.9994
1079,35.967,1506,492,2364,1688,27.8974,4.8978
1080,36.000,1506,494,2363,1691,27.7194,7.5524
1081,36.033,1509,485,2359,1683,30.1999,12.2803
1082,36.067,1508,471,2359,1676,24.8883,-2.4223
1083,36.100,1507,471,2359,1675,18.9935,0.2341
1084,36.133,1507,469,2359,1676,19.6059,1.5979
1085,36.167,1508,474,2356,1673,28.8066,-3.1090
1086,36.200,1509,478,2356,1675,27.3248,2.7756
1087,36.233,1510,479,2356,1675,28.8331,0.3563
1088,36.267,1510,483,2358,1678,32.8133,4.9170
1089,36.300,1511,482,2359,1679,30.9494,8.3974
1090,36.333,1511,484,2359,1679,29.7854,9.2255
1091,36.367,1510,482,2360,1679,31.0255,9.1549
1092,36.400,1510,483,2360,1680,29.7308,11.5733
1093,36.433,1509,483,2361,1681,28.2603,10.0110
1094,36.467,1509,483,2361,1682,29.0118,9.7178
1095,36.500,1509,482,2362,1682,28.4256,9.9135
1096,36.533,1509,481,2362,1683,29.4912,11.0303
1097,36.567,1509,480,2361,1683,29.5609,11.0621
1098,36.600,1509,481,2360,1684,29.9895,11.7146
1099,36.633,1506,491,2364,1691,27.9527,4.4448
1100,36.667,1506,492,2363,1691,27.3782,3.9946
1101,36.700,1505,493,2362,1692,28.6934,7.6746
1102,36.733,1504,497,2362,1695,27.7601,6.5090
1103,36.767,1504,496,2361,1695,26.9989,6.2808
1104,36.800,1508,492,2359,1685,28.4008,7.0377
1105,36.833,1508,493,2359,1685,27.1313,9.5157
1106,36.867,1507,493,2359,1685,27.3530,7.2212
1107,36.900,1508,494,2359,1686,27.1779,9.7167
1108,36.933,1508,495,2359,1685,29.1958,6.4231
1109,36.967,1508,497,2359,1685,28.5675,9.2922
1110,37.000,1508,499,2360,1683,29.6964,5.1113
1111,37.033,1508,497,2359,1683,28.8819,5.4066
1112,37.067,1508,495,2359,1680,29.2594,5.1120
1113,37.100,1507,496,2360,1677,28.6682,4.4470
1114,37.133,1508,495,2359,1676,26.6348,5.4167
1115,37.167,1508,494,2360,1676,28.6385,5.0526
1116,37.200,1508,494,2360,1675,27.7272,4.6641
1117,37.233,1508,494,2360,1675,27.5522,5.0170
1118,37.267,1508,495,2360,1674,28.6035,4.7246
1119,37.300,1508,495,2360,1674,28.5583,5.0518
1120,37.333,1508,495,2360,1674,28.4991,4.8118
1121,37.367,1508,495,2360,1674,28.4137,4.9336
1122,37.400,1507,495,2360,1673,29.5090,2.1024
1123,37.433,1507,482,2361,1661,27.8261,7.2281
1124,37.467,1507,483,2361,1661,28.9193,7.6660
1125,37.500,1507,484,2361,1662,28.0176,6.3102
1126,37.533,1507,484,2361,1662,27.7164,6.7530
1127,37.567,1507,484,2361,1661,27.6672,7.8055
1128,37.600,1507,485,2361,1661,28.4083,8.5980
1129,37.633,1507,485,2361,1661,28.2239,8.1965
1130,37.667,1507,486,2361,1662,28.4364,7.9288
1131,37.700,1507,486,2360,1662,29.6393,9.6484
1132,37.733,1507,486,2360,1662,29.1156,9.8678
1133,37.767,1507,487,2360,1663,30.0134,7.6435
1134,37.800,1507,487,2360,1663,28.8084,6.7467
1135,37.833,1507,487,2360,1665,27.2369,4.1810
1136,37.867,1507,487,2360,1665,27.8461,4.1655
1137,37.900,1507,488,2360,1665,27.3888,4.3130
1138,37.933,1507,488,2360,1666,27.5773,4.7485
1139,37.967,1507,488,2360,1666,28.3282,4.4696
1140,38.000,1506,497,2364,1674,29.1091,3.6987
1141,38.033,1506,495,2365,1673,28.6693,5.8128
1142,38.067,1506,494,2365,1672,26.3782,3.5689
1143,38.100,1511,483,2362,1663,26.7394,9.8505
1144,38.133,1506,492,2365,1671,28.1305,3.3746
1145,38.167,1507,497,2365,1673,28.0301,8.8199
1146,38.200,1507,497,2365,1674,27.9896,8.2398
1147,38.233,1507,504,2366,1681,29.1377,8.0089
1148,38.267,1506,505,2367,1679,28.2212,6.7847
1149,38.300,1506,503,2367,1681,30.7970,8.4840
1150,38.333,1506,505,2367,1681,29.7666,10.4855
1151,38.367,1506,504,2367,1681,29.4488,10.7031
1152,38.400,1505,505,2367,1679,30.5656,11.3837
1153,38.433,1504,503,2367,1679,29.3405,11.2044
1154,38.467,1504,503,2367,1680,29.9895,11.4162
1155,38.500,1504,504,2367,1680,31.0913,12.5196
1156,38.533,1505,504,2367,1680,30.5878,11.9391
1157,38.567,1504,506,2367,1680,28.9236,12.0147
1158,38.600,1504,506,2367,1681,29.1571,12.2406
1159,38.633,1504,506,2367,1681,29.5912,12.4207
1160,38.667,1503,509,2367,1681,32.0127,14.9052
1161,38.700,1503,510,2366,1682,30.4475,14.2495
1162,38.733,1503,510,2366,1682,30.3744,14.5103
1163,38.767,1503,511,2366,1683,29.4537,13.4469
1164,38.800,1504,511,2365,1683,30.5804,11.6900
1165,38.833,1504,509,2364,1682,29.9635,12.5543
1166,38.867,1504,509,2364,1682,30.0506,12.6132
1167,38.900,1505,510,2364,1681,28.8421,12.8946
1168,38.933,1505,508,2364,1681,30.3662,12.4674
1169,38.967,1505,508,2365,1682,29.6167,11.8972
1170,39.000,1504,508,2364,1680,29.7402,12.3106
1171,39.033,1504,507,2365,1680,29.6894,14.5338
1172,39.067,1504,508,2364,1680,29.3192,12.8539
1173,39.100,1504,507,2364,1680,30.6614,14.4952
1174,39.133,1504,507,2363,1680,30.8582,15.7569
1175,39.167,1504,508,2363,1680,30.6267,15.7852
1176,39.200,1504,507,2363,1681,30.3052,15.6303
1177,39.233,1504,507,2364,1681,30.9913,15.2693
1178,39.267,1504,507,2364,1682,30.3369,16.2135
1179,39.300,1507,502,2360,1677,27.2986,11.7932
1180,39.333,1504,505,2364,1684,29.8520,13.6551
1181,39.367,1504,505,2364,1685,29.7822,14.0766
1182,39.400,1507,500,2360,1677,26.9222,9.2427
1183,39.433,1507,500,2360,1676,27.5454,8.4709
1184,39.467,1507,500,2359,1676,26.1679,11.2382
1185,39.500,1507,500,2360,1676,27.5557,9.7550
1186,39.533,1506,500,2359,1676,28.4903,6.7471
1187,39.567,1506,501,2359,1675,27.2771,11.1194
1188,39.600,1506,499,2359,1675,25.5868,10.4423
1189,39.633,1506,499,2358,1674,27.6853,9.7169
1190,39.667,1502,500,2362,1682,27.4577,8.9800
1191,39.700,1502,503,2361,1681,28.8595,12.2442
1192,39.733,1502,503,2362,1680,30.0467,13.6012
1193,39.767,1502,502,2362,1681,27.8975,11.8895
1194,39.800,1501,503,2362,1680,28.2997,11.9874
1195,39.833,1501,502,2362,1680,27.9832,10.2714
1196,39.867,1502,502,2363,1681,28.6026,11.2899
1197,39.900,1502,502,2363,1680,27.9713,11.3304
1198,39.933,1503,502,2363,1680,27.4417,12.3824
1199,39.967,1503,502,2363,1680,27.1787,12.4071
1200,40.000,1503,501,2364,1677,27.2636,7.9404
1201,40.033,1503,501,2364,1677,27.4052,8.6743
1202,40.067,1503,502,2364,1677,27.5095,6.9864
1203,40.100,1503,501,2364,1677,27.1500,7.9622
1204,40.133,1503,501,2363,1678,27.8744,9.7397
1205,40.167,1502,503,2363,1679,27.8647,8.7776
1206,40.200,1502,503,2363,1679,28.1210,9.3165
1207,40.233,1502,503,2363,1680,27.6307,8.9386
1208,40.267,1502,503,2363,1680,27.5583,9.1010
1209,40.300,1502,504,2363,1678,26.1882,8.5161
1210,40.333,1501,504,2363,1679,27.1777,7.9737
1211,40.367,1501,504,2363,1679,27.3056,7.2821
1212,40.400,1501,505,2362,1678,27.1414,10.1623
1213,40.433,1502,505,2362,1677,27.9614,9.0511
1214,40.467,1501,504,2362,1678,27.1971,9.1350
1215,40.500,1505,502,2357,1671,26.9191,11.4063
1216,40.533,1505,502,2357,1671,27.2194,11.8730
1217,40.567,1505,501,2357,1672,27.9242,10.3517
1218,40.600,1501,504,2362,1681,27.3531,9.5443
1219,40.633,1501,504,2362,1680,28.1169,8.7861
1220,40.667,1505,501,2357,1672,28.3121,9.9816
1221,40.700,1501,503,2362,1680,26.3377,10.1304
1222,40.733,1501,503,2362,1679,28.0297,9.5921
1223,40.767,1501,503,2362,1678,27.4684,10.6598
1224,40.800,1501,504,2362,1679,28.5271,10.9561
1225,40.833,1501,503,2362,1679,28.7809,10.4479
1226,40.867,1501,504,2362,1679,29.1081,11.1230
1227,40.900,1505,501,2358,1671,28.7460,10.2387
1228,40.933,1501,503,2362,1679,29.1744,10.4686
1229,40.967,1501,504,2362,1680,29.6202,9.9548
1230,41.000,1502,504,2362,1682,28.0430,11.7063
1231,41.033,1502,505,2363,1682,29.8564,10.8892
1232,41.067,1502,504,2363,1682,28.4507,10.6478
1233,41.100,1502,504,2363,1683,29.4483,12.8335
1234,41.133,1502,503,2363,1683,29.1729,11.1346
1235,41.167,1502,503,2363,1684,28.0148,10.9488
1236,41.200,1502,503,2363,1684,28.2579,10.7015
1237,41.233,1502,504,2363,1684,30.9006,12.6227
1238,41.267,1502,502,2363,1684,28.0909,10.3117
1239,41.300,1502,501,2363,1683,29.4601,11.2460
1240,41.333,1502,503,2363,1683,31.0979,12.2284
1241,41.367,1502,503,2363,1683,30.9598,12.0810
1242,41.400,1504,500,2359,1673,28.5325,10.7124
1243,41.433,1504,499,2359,1673,29.1275,11.9550
1244,41.467,1504,499,2359,1673,28.5094,11.6119
1245,41.500,1504,499,2359,1673,28.5468,12.1381
1246,41.533,1505,497,2357,1670,27.5826,11.0258
1247,41.567,1506,497,2358,1671,27.8010,9.6733
1248,41.600,1505,468,2357,1665,17.1784,7.5203
1249,41.633,1505,473,2355,1665,17.5738,2.6086
1250,41.667,1504,475,2355,1665,16.5465,3.1337
1251,41.700,1506,493,2357,1668,25.1427,7.5220
1252,41.733,1506,492,2357,1668,27.8586,8.5129
1253,41.767,1506,495,2359,1670,27.6609,10.3090
1254,41.800,1506,498,2359,1672,28.2902,9.8988
1255,41.833,1506,498,2359,1671,28.5017,10.2709
1256,41.867,1505,499,2359,1671,28.3251,11.1827
1257,41.900,1505,500,2358,1672,28.0531,11.3689
1258,41.933,1505,501,2358,1672,27.2426,11.4421
1259,41.967,1505,502,2359,1672,28.2084,11.2181
1260,42.000,1504,500,2359,1671,27.9127,10.4473
1261,42.033,1502,507,2363,1681,28.0907,14.2677
1262,42.067,1504,502,2359,1674,25.0798,10.0756
1263,42.100,1504,502,2359,1675,25.8505,10.5108
1264,42.133,1504,503,2358,1673,27.2592,9.0947
1265,42.167,1504,503,2358,1673,27.6782,9.6655
1266,42.200,1504,503,2358,1673,27.3528,9.9530
1267,42.233,1504,503,2358,1673,27.2826,10.2411
1268,42.267,1504,502,2358,1674,26.8750,11.8738
1269,42.300,1505,502,2357,1673,27.2585,9.3203
1270,42.333,1505,501,2357,1674,27.0489,11.0150
1271,42.367,1505,501,2357,1673,26.1318,10.3269
1272,42.400,1505,501,2357,1673,25.8849,9.8267
1273,42.433,1505,501,2356,1673,26.8571,9.9915
1274,42.467,1505,500,2356,1672,25.6635,8.4189
1275,42.500,1504,502,2355,1672,27.3548,10.4577
1276,42.533,1504,503,2355,1672,27.6412,12.7030
1277,42.567,1504,502,2355,1672,26.6770,10.7021
1278,42.600,1504,502,2355,1671,27.6547,11.4089
1279,42.633,1504,502,2355,1671,28.1969,12.4839
1280,42.667,1504,503,2355,1671,26.8578,12.9683
1281,42.700,1503,502,2355,1671,27.3312,13.0704
1282,42.733,1503,502,2355,1671,27.3905,13.2665
1283,42.767,1503,502,2356,1670,27.9817,11.7999
1284,42.800,1503,505,2355,1670,25.5732,12.5778
1285,42.833,1503,505,2355,1669,26.4530,12.9207
1286,42.867,1503,506,2355,1669,27.5479,14.9308
1287,42.900,1503,509,2355,1669,28.0994,16.0499
1288,42.933,1503,508,2355,1670,27.4809,13.6631
1289,42.967,1503,508,2355,1669,27.4143,14.4477
1290,43.000,1503,506,2354,1666,26.8372,11.9560
1291,43.033,1503,506,2354,1665,26.2706,11.0426
1292,43.067,1504,506,2355,1666,26.3893,9.9011
1293,43.100,1504,505,2355,1667,26.8225,9.7975
1294,43.133,1504,503,2355,1666,27.1494,11.9021
1295,43.167,1504,502,2356,1667,27.3669,11.7928
1296,43.200,1505,502,2357,1667,28.0076,10.3542
1297,43.233,1504,501,2357,1668,27.4827,10.5106
1298,43.267,1504,502,2357,1669,27.6475,10.9172
1299,43.300,1505,502,2358,1668,26.9730,9.3035
1300,43.333,1505,501,2358,1668,26.6447,10.0092
1301,43.367,1505,501,2358,1667,26.5862,11.0326
1302,43.400,1505,501,2358,1669,27.0496,12.7622
1303,43.433,1505,499,2358,1669,26.9211,12.1618
1304,43.467,1505,500,2358,1669,26.2794,13.0156
1305,43.500,1505,500,2357,1668,27.3792,11.5697
1306,43.533,1505,499,2358,1669,26.8999,11.3719
1307,43.567,1505,498,2358,1669,27.3891,11.1887
1308,43.600,1504,499,2358,1670,26.6588,12.1879
1309,43.633,1505,500,2358,1670,26.6020,13.4060
1310,43.667,1505,499,2358,1668,27.6773,11.0069
1311,43.700,1505,500,2357,1668,25.7539,11.0497
1312,43.733,1505,498,2357,1670,27.2588,11.4718
1313,43.767,1505,498,2357,1670,27.4422,12.1312
1314,43.800,1505,497,2355,1670,26.0329,8.4897
1315,43.833,1505,498,2355,1670,27.0425,9.6070
1316,43.867,1505,497,2355,1670,25.2304,8.7788
1317,43.900,1505,497,2355,1670,25.2515,9.0312
1318,43.933,1505,497,2356,1671,24.8335,10.1575
1319,43.967,1505,496,2356,1671,25.4952,8.7958
1320,44.000,1505,497,2357,1673,24.5895,8.4799
1321,44.033,1506,498,2357,1672,25.2653,9.2458
1322,44.067,1506,498,2357,1672,25.4194,9.5762
1323,44.100,1506,498,2357,1672,25.4665,9.4409
1324,44.133,1506,497,2357,1671,24.9621,9.5563
1325,44.167,1503,500,2360,1680,26.1364,12.0195
1326,44.200,1503,500,2360,1680,26.2794,11.5229
1327,44.233,1502,499,2364,1685,26.5801,12.3726
1328,44.267,1502,498,2364,1685,26.8755,11.8147
1329,44.300,1502,498,2364,1685,26.9926,12.4345
1330,44.333,1502,498,2364,1685,27.0705,12.0997
1331,44.367,1505,495,2361,1678,26.0986,7.6523
1332,44.400,1501,499,2364,1686,25.6869,11.2513
1333,44.433,1502,501,2364,1685,24.0225,12.1220
1334,44.467,1502,501,2364,1685,23.4681,12.1016
1335,44.500,1501,501,2364,1686,21.9509,11.0418
1336,44.533,1505,497,2362,1677,22.0548,12.3042
1337,44.567,1506,499,2361,1678,20.6051,10.7397
1338,44.600,1502,503,2364,1686,21.8524,9.8917
1339,44.633,1502,505,2364,1685,22.8286,11.8704
1340,44.667,1506,500,2361,1677,21.5313,14.9538
1341,44.700,1506,499,2361,1677,21.4713,12.5622
1342,44.733,1506,499,2361,1677,21.1447,12.6088
1343,44.767,1506,499,2361,1677,21.0274,11.8972
1344,44.800,1506,500,2361,1678,21.0695,11.7867
1345,44.833,1502,502,2364,1687,21.2685,9.5866
1346,44.867,1502,501,2364,1686,21.4589,12.0830
1347,44.900,1502,501,2364,1686,21.4312,12.2115
1348,44.933,1502,501,2365,1686,20.8743,11.3767
1349,44.967,1501,500,2365,1685,20.4255,9.9367
1350,45.000,1502,493,2364,1686,12.3609,11.3436
1351,45.033,1502,492,2364,1687,10.7705,13.5791
1352,45.067,1502,493,2364,1687,12.6241,9.9904
1353,45.100,1502,494,2364,1687,13.3335,12.1111
1354,45.133,1502,492,2364,1687,9.8493,12.5565
1355,45.167,1502,485,2363,1686,10.9258,7.6440
1356,45.200,1505,457,2357,1672,6.0324,1.6825
1357,45.233,1505,457,2356,1672,3.1448,2.0026
1358,45.267,1506,462,2355,1670,8.9130,9.5362
1359,45.300,1505,476,2359,1673,11.0641,13.6920
1360,45.333,1505,476,2359,1673,10.6473,13.9217
1361,45.367,1504,479,2360,1674,10.1584,8.9187
1362,45.400,1503,476,2361,1675,11.6449,12.7972
1363,45.433,1503,476,2360,1675,11.1342,13.5073
1364,45.467,1504,477,2361,1674,9.7073,16.3108
1365,45.500,1504,478,2361,1673,9.3634,12.7787
1366,45.533,1504,477,2361,1672,9.4286,15.4137
1367,45.567,1502,486,2364,1682,7.8322,17.3598
1368,45.600,1503,488,2363,1683,9.0589,14.9920
1369,45.633,1503,488,2363,1683,8.6946,16.6703
1370,45.667,1504,491,2363,1684,10.9247,13.8775
1371,45.700,1504,493,2363,1684,8.8723,13.4752
1372,45.733,1504,492,2363,1684,7.8353,12.0498
1373,45.767,1504,491,2362,1684,10.0346,13.5926
1374,45.800,1504,489,2362,1684,8.5807,13.0032
1375,45.833,1503,488,2362,1684,8.5014,13.7627
1376,45.867,1504,488,2362,1684,10.1283,15.1561
1377,45.900,1504,487,2362,1684,12.3849,13.6251
1378,45.933,1503,488,2362,1684,8.5720,14.6306
1379,45.967,1503,488,2361,1684,9.9697,17.1173
1380,46.000,1503,491,2361,1687,10.9917,16.3560
1381,46.033,1502,492,2362,1686,11.2527,14.8913
1382,46.067,1502,491,2363,1687,9.8588,13.0739
1383,46.100,1502,491,2362,1686,9.9803,14.6709
1384,46.133,1502,491,2363,1685,10.2070,12.8821
1385,46.167,1502,492,2363,1685,10.4904,11.1652
1386,46.200,1502,492,2363,1685,10.0816,11.5927
1387,46.233,1502,492,2363,1685,10.0099,12.1789
1388,46.267,1502,492,2363,1685,9.6709,11.8319
1389,46.300,1502,492,2363,1685,9.7663,12.0515
1390,46.333,1502,493,2363,1686,11.6258,14.9898
1391,46.367,1502,492,2363,1686,10.6494,12.7310
1392,46.400,1502,492,2363,1686,10.3682,13.0421
1393,46.433,1502,492,2363,1685,8.4846,13.1780
1394,46.467,1502,492,2363,1685,7.9867,12.7119
1395,46.500,1502,492,2362,1685,9.2333,14.5615
1396,46.533,1502,492,2363,1685,9.3902,12.0455
1397,46.567,1501,491,2362,1686,10.7197,15.0264
1398,46.600,1501,491,2362,1686,11.0225,15.2755
1399,46.633,1500,492,2363,1685,11.7304,14.8012
1400,46.667,1501,493,2362,1685,10.2661,11.8560
1401,46.700,1501,493,2363,1684,11.8622,14.1675
1402,46.733,1501,494,2363,1685,10.7982,14.3569
1403,46.767,1501,493,2363,1686,11.3642,13.9839
1404,46.800,1501,491,2362,1686,10.9933,16.2446
1405,46.833,1501,490,2362,1685,9.8309,15.0422
1406,46.867,1501,490,2362,1685,9.7435,15.2448
1407,46.900,1501,489,2362,1685,11.6275,16.5966
1408,46.933,1501,491,2362,1685,9.7979,14.8023
1409,46.967,1501,491,2363,1685,11.2696,12.8186
1410,47.000,1500,495,2364,1683,12.3804,13.3015
1411,47.033,1500,494,2364,1684,12.0065,12.9220
1412,47.067,1500,494,2364,1684,11.0417,13.4962
1413,47.100,1500,495,2364,1684,11.8332,13.5045
1414,47.133,1504,479,2359,1673,9.5135,9.1077
1415,47.167,1503,481,2358,1674,5.2885,9.0231
1416,47.200,1505,467,2356,1672,14.0016,7.3413
1417,47.233,1504,486,2359,1675,9.1899,7.1165
1418,47.267,1505,486,2359,1675,9.5880,5.6816
1419,47.300,1503,487,2360,1677,8.8993,4.8751
1420,47.333,1502,488,2361,1679,9.7559,11.2690
1421,47.367,1503,488,2361,1678,9.7735,12.6142
1422,47.400,1502,488,2362,1681,12.0305,14.1416
1423,47.433,1502,488,2362,1680,10.4094,12.7093
1424,47.467,1502,485,2362,1680,11.4967,12.6790
1425,47.500,1502,485,2362,1679,11.2754,14.0666
1426,47.533,1502,484,2362,1679,9.6427,11.9666
1427,47.567,1503,483,2362,1679,10.0297,12.1962
1428,47.600,1503,484,2362,1679,9.8781,11.7075
1429,47.633,1503,483,2362,1680,11.3349,11.3178
1430,47.667,1503,484,2362,1680,9.9111,12.4839
1431,47.700,1503,484,2362,1679,9.7457,12.3370
1432,47.733,1503,483,2362,1679,10.4726,13.1137
1433,47.767,1503,482,2362,1680,12.6977,12.9809
1434,47.800,1501,492,2365,1687,13.6633,10.3048
1435,47.833,1500,493,2366,1688,11.4597,12.7389
1436,47.867,1500,493,2366,1690,12.4335,13.5665
1437,47.900,1500,493,2366,1691,12.3890,13.7516
1438,47.933,1500,493,2365,1692,12.7673,11.4979
1439,47.967,1500,494,2366,1693,11.6143,14.0394
1440,48.000,1501,491,2364,1691,11.2103,10.8417
1441,48.033,1501,492,2365,1690,12.2202,12.3570
1442,48.067,1501,492,2365,1690,12.0008,12.3747
1443,48.100,1501,492,2364,1690,12.1304,13.2621
1444,48.133,1502,492,2365,1689,11.7875,11.1892
1445,48.167,1503,494,2365,1687,13.1928,11.9368
1446,48.200,1503,494,2365,1686,13.9059,11.2277
1447,48.233,1504,495,2366,1686,13.3227,14.3463
1448,48.267,1504,495,2365,1686,13.1215,11.7372
1449,48.300,1504,495,2366,1686,11.5045,14.7886
1450,48.333,1504,495,2366,1686,11.7888,14.5375
1451,48.367,1504,496,2366,1686,11.9275,13.6892
1452,48.400,1505,497,2365,1685,11.7645,12.3283
1453,48.433,1505,497,2366,1683,11.5322,11.6692
1454,48.467,1504,497,2366,1684,12.3796,10.7344
1455,48.500,1504,499,2366,1684,10.5739,12.9368
1456,48.533,1504,499,2366,1684,10.1165,12.8558
1457,48.567,1504,498,2366,1683,11.6996,10.3229
1458,48.600,1504,497,2366,1683,10.5454,10.6536
1459,48.633,1504,497,2366,1683,10.4839,11.5273
1460,48.667,1504,497,2366,1683,10.9692,10.8776
1461,48.700,1504,497,2366,1682,12.2502,10.6553
1462,48.733,1504,497,2366,1682,12.2997,10.8263
1463,48.767,1504,497,2366,1682,12.0943,11.0421
1464,48.800,1504,496,2365,1683,11.1782,12.3130
1465,48.833,1504,496,2364,1682,11.3274,13.2454
1466,48.867,1504,495,2364,1683,11.7042,13.7996
1467,48.900,1504,496,2364,1684,11.3811,12.4279
1468,48.933,1504,495,2364,1683,11.9562,13.2625
1469,48.967,1504,496,2364,1684,10.1357,11.5511
1470,49.000,1503,496,2363,1683,11.0915,10.9680
1471,49.033,1503,497,2363,1683,12.6017,10.7667
1472,49.067,1503,497,2363,1683,12.6237,10.6144
1473,49.100,1503,497,2363,1684,12.1840,11.1617
1474,49.133,1503,497,2363,1684,11.8764,11.4662
1475,49.167,1503,497,2363,1684,11.6230,10.5473
1476,49.200,1503,497,2363,1684,12.0360,10.4910
1477,49.233,1503,497,2363,1684,11.8522,11.0418
1478,49.267,1504,498,2363,1684,11.8291,10.9513
1479,49.300,1503,498,2363,1683,11.2151,9.4686
1480,49.333,1503,498,2363,1683,11.1538,9.7638
1481,49.367,1503,499,2363,1683,10.4899,11.4216
1482,49.400,1504,498,2363,1682,12.0806,10.8099
1483,49.433,1504,498,2363,1683,9.8521,9.3011
1484,49.467,1504,498,2363,1683,10.0021,8.9605
1485,49.500,1504,498,2363,1683,10.0918,8.8129
1486,49.533,1504,498,2363,1683,10.0187,9.2201
1487,49.567,1504,497,2363,1684,12.4997,6.5261
1488,49.600,1504,499,2363,1683,12.0395,10.4651
1489,49.633,1504,499,2363,1683,12.1212,9.9791
1490,49.667,1504,499,2364,1683,11.4807,9.1472
1491,49.700,1504,499,2364,1682,11.6598,10.0286
1492,49.733,1504,500,2364,1683,12.2599,10.5172
1493,49.767,1504,500,2364,1683,12.3439,10.9266
1494,49.800,1504,500,2364,1684,11.8535,12.0724
1495,49.833,1503,501,2365,1685,10.2013,14.3253
1496,49.867,1503,501,2365,1685,10.3031,15.0488
1497,49.900,1503,501,2365,1684,8.6999,14.6909
1498,49.933,1503,501,2365,1685,10.3355,15.4389
1499,49.967,1503,501,2365,1685,10.6017,15.6383
1500,50.000,1503,500,2366,1681,10.9447,15.4821
1501,50.033,1503,501,2366,1681,9.0854,14.5851
1502,50.067,1503,501,2366,1681,9.3923,14.1068
1503,50.100,1503,500,2366,1682,10.4580,13.9532
1504,50.133,1503,501,2366,1681,9.2248,13.5224
1505,50.167,1503,499,2366,1680,10.5720,11.9022
1506,50.200,1503,499,2366,1680,10.2948,11.4829
1507,50.233,1503,499,2366,1679,10.8675,12.7200
1508,50.267,1503,501,2367,1679,12.8699,12.1889
1509,50.300,1505,495,2365,1678,6.2155,7.7762
1510,50.333,1510,466,2359,1664,-0.1072,5.9608
1511,50.367,1509,467,2358,1664,-0.5479,7.0878
1512,50.400,1509,475,2357,1665,-0.8457,4.7418
1513,50.433,1509,477,2357,1666,0.1461,5.7634
1514,50.467,1503,498,2365,1679,-7.9516,7.7037
1515,50.500,1504,502,2367,1681,-7.7822,13.1690
1516,50.533,1505,502,2367,1682,-10.2334,12.7206
1517,50.567,1504,503,2368,1683,-9.0920,12.1433
1518,50.600,1504,504,2367,1683,-6.1134,13.7990
1519,50.633,1503,506,2368,1681,-10.1158,11.3206
1520,50.667,1503,507,2368,1681,-10.2166,12.0269
1521,50.700,1502,506,2368,1682,-8.6841,11.2661
1522,50.733,1503,506,2368,1682,-11.1869,10.2954
1523,50.767,1503,506,2367,1682,-10.4587,10.5004
1524,50.800,1503,505,2367,1682,-9.8495,12.3142
1525,50.833,1503,506,2366,1682,-11.2517,11.1356
1526,50.867,1503,505,2366,1682,-10.3906,14.8281
1527,50.900,1503,506,2366,1682,-11.0811,11.5799
1528,50.933,1503,504,2367,1681,-10.4205,15.0073
1529,50.967,1502,504,2366,1681,-9.3537,13.2870
1530,51.000,1504,505,2365,1681,-8.9746,13.1378
1531,51.033,1504,504,2365,1679,-8.9020,11.9176
1532,51.067,1504,505,2365,1681,-8.3533,12.7638
1533,51.100,1504,504,2365,1681,-9.1904,12.4475
1534,51.133,1504,503,2365,1680,-7.1594,10.3620
1535,51.167,1504,503,2365,1680,-6.5339,10.7943
1536,51.200,1504,503,2365,1680,-6.7939,10.2240
1537,51.233,1503,503,2365,1679,-7.0529,12.6028
1538,51.267,1503,503,2365,1679,-7.2266,12.5022
1539,51.300,1503,505,2365,1678,-8.2937,14.1552
1540,51.333,1503,516,2367,1682,-10.2297,16.4809
1541,51.367,1503,516,2367,1683,-10.7042,15.8737
1542,51.400,1503,516,2367,1683,-10.6488,15.8063
1543,51.433,1503,516,2367,1682,-10.0909,16.8370
1544,51.467,1503,516,2368,1682,-12.1752,17.9995
1545,51.500,1503,516,2367,1682,-10.8035,16.1848
1546,51.533,1502,515,2368,1682,-12.9657,18.8994
1547,51.567,1503,516,2368,1682,-12.4071,17.3170
1548,51.600,1503,516,2368,1681,-11.9776,18.8165
1549,51.633,1503,516,2368,1681,-12.1071,19.1518
1550,51.667,1503,517,2368,1682,-11.2211,16.1714
1551,51.700,1503,517,2368,1681,-9.2954,15.4230
1552,51.733,1503,517,2368,1681,-8.9572,14.8829
1553,51.767,1504,501,2367,1680,-11.1528,1.5816
1554,51.800,1510,482,2359,1668,-8.5601,5.6533
1555,51.833,1510,483,2359,1665,-5.7209,4.6542
1556,51.867,1507,493,2360,1668,-11.6445,7.7072
1557,51.900,1503,510,2366,1678,-10.9687,17.1472
1558,51.933,1503,509,2367,1679,-10.3777,16.0543
1559,51.967,1504,508,2367,1680,-8.6581,16.1693
1560,52.000,1501,509,2366,1680,-11.1621,16.9080
1561,52.033,1502,507,2367,1681,-8.0884,17.3028
1562,52.067,1502,509,2367,1681,-12.7735,18.3484
1563,52.100,1502,507,2367,1681,-8.6822,17.5540
1564,52.133,1501,509,2367,1681,-11.0955,15.9300
1565,52.167,1501,509,2367,1682,-10.2707,15.0548
1566,52.200,1501,510,2367,1681,-12.5565,17.1749
1567,52.233,1501,510,2367,1682,-11.6190,15.5760
1568,52.267,1501,512,2368,1682,-11.7223,13.8908
1569,52.300,1501,511,2367,1681,-11.4980,16.6256
1570,52.333,1501,511,2367,1682,-11.3146,16.5888
1571,52.367,1500,511,2367,1682,-12.6486,16.3203
1572,52.400,1500,511,2366,1682,-12.1256,17.1081
1573,52.433,1501,511,2366,1681,-10.3078,16.4426
1574,52.467,1500,512,2366,1681,-9.9522,15.7329
1575,52.500,1501,511,2366,1681,-11.4073,16.4070
1576,52.533,1501,511,2366,1681,-11.7634,17.4719
1577,52.567,1501,510,2366,1681,-9.2723,16.8543
1578,52.600,1501,511,2366,1681,-11.7038,17.1461
1579,52.633,1501,511,2366,1681,-11.8793,17.3865
1580,52.667,1501,511,2366,1681,-11.6910,17.7210
1581,52.700,1501,509,2366,1681,-13.0777,19.2597
1582,52.733,1501,509,2366,1682,-13.3771,19.4566
1583,52.767,1501,509,2366,1682,-13.1503,19.0567
1584,52.800,1501,509,2366,1681,-13.7392,19.2482
1585,52.833,1501,509,2366,1681,-12.8029,20.5544
1586,52.867,1501,508,2366,1682,-10.0231,17.2292
1587,52.900,1501,508,2366,1682,-9.6761,17.0826
1588,52.933,1500,508,2366,1682,-12.5049,17.3314
1589,52.967,1500,509,2366,1681,-10.5539,16.1127
1590,53.000,1500,511,2367,1683,-14.3575,15.4462
1591,53.033,1500,511,2367,1682,-14.1850,18.5431
1592,53.067,1500,510,2368,1682,-12.6529,15.3730
1593,53.100,1501,511,2368,1682,-14.5528,18.6197
1594,53.133,1501,511,2367,1682,-13.6741,17.1608
1595,53.167,1501,510,2367,1683,-11.5825,17.1620
1596,53.200,1501,510,2366,1683,-13.0145,18.0711
1597,53.233,1501,509,2366,1683,-10.8078,15.2855
1598,53.267,1500,507,2366,1683,-9.8721,16.1427
1599,53.300,1501,507,2366,1683,-11.7740,15.5542
1600,53.333,1500,507,2366,1683,-10.7979,16.8052
1601,53.367,1501,507,2366,1683,-11.3067,15.4188
1602,53.400,1501,505,2366,1683,-11.4189,12.7421
1603,53.433,1501,504,2366,1683,-10.4244,14.1359
1604,53.467,1501,503,2366,1683,-11.9039,11.9873
1605,53.500,1501,503,2366,1683,-12.2044,12.9044
1606,53.533,1501,502,2366,1683,-12.4836,14.1732
1607,53.567,1501,503,2366,1684,-12.3846,10.7371
1608,53.600,1501,503,2367,1683,-11.6456,11.8723
1609,53.633,1502,503,2366,1683,-11.5831,12.9361
1610,53.667,1502,502,2366,1683,-13.0877,11.6081
1611,53.700,1503,504,2366,1684,-11.2015,13.1620
1612,53.733,1503,504,2366,1683,-10.4700,13.0919
1613,53.767,1503,504,2366,1681,-11.6018,12.8875
1614,53.800,1502,503,2367,1682,-11.3415,12.4856
1615,53.833,1503,503,2367,1682,-10.5581,12.4253
1616,53.867,1503,504,2367,1682,-10.3244,13.1906
1617,53.900,1504,505,2366,1682,-9.4729,12.8805
1618,53.933,1504,486,2363,1682,-8.7715,-2.7026
1619,53.967,1504,484,2362,1681,-6.5423,1.0116
1620,54.000,1512,474,2359,1673,5.8659,5.2535
1621,54.033,1510,481,2356,1673,-6.1403,9.8207
1622,54.067,1507,487,2357,1674,-3.6868,6.3219
1623,54.100,1506,491,2362,1677,-7.4350,4.2405
1624,54.133,1502,504,2367,1683,-9.6841,10.7889
1625,54.167,1502,503,2367,1682,-8.2075,10.5623
1626,54.200,1502,507,2367,1683,-8.7936,15.5390
1627,54.233,1502,509,2368,1683,-10.7141,19.6264
1628,54.267,1503,507,2368,1683,-8.8431,14.4271
1629,54.300,1503,507,2368,1683,-7.9881,13.7475
1630,54.333,1503,507,2368,1682,-7.8717,17.3223
1631,54.367,1503,510,2367,1682,-10.6351,17.2534
1632,54.400,1503,512,2368,1682,-12.3291,16.9014
1633,54.433,1503,511,2367,1681,-9.0008,16.8671
1634,54.467,1503,510,2367,1681,-10.9848,17.3735
1635,54.500,1503,510,2366,1680,-12.1398,19.4207
1636,54.533,1503,511,2366,1682,-12.8547,18.5054
1637,54.567,1502,509,2366,1682,-10.7087,17.2333
1638,54.600,1502,509,2365,1683,-12.4022,16.3745
1639,54.633,1502,508,2365,1683,-11.5487,16.5997
1640,54.667,1503,507,2366,1683,-9.4141,12.2059
1641,54.700,1503,508,2366,1683,-10.8939,15.7711
1642,54.733,1502,507,2366,1682,-10.8083,15.2825
1643,54.767,1502,507,2366,1682,-11.4865,15.4966
1644,54.800,1503,506,2366,1682,-10.3622,11.9581
1645,54.833,1502,507,2366,1682,-11.1020,15.9586
1646,54.867,1502,507,2366,1681,-9.5551,18.3250
1647,54.900,1502,508,2366,1681,-9.4962,18.8184
1648,54.933,1502,508,2366,1682,-9.2829,16.1132
1649,54.967,1502,508,2366,1681,-9.6086,18.9412
1650,55.000,1504,507,2364,1681,-11.5299,15.6694
1651,55.033,1503,506,2364,1681,-9.5917,13.9126
1652,55.067,1503,507,2364,1681,-11.7341,14.7087
1653,55.100,1503,506,2364,1681,-9.7210,13.9254
1654,55.133,1503,507,2365,1681,-11.7316,14.2608
1655,55.167,1503,507,2364,1681,-11.8139,13.6142
1656,55.200,1503,507,2365,1681,-11.7262,14.6044
1657,55.233,1503,507,2365,1681,-11.4382,14.7395
1658,55.267,1503,509,2365,1681,-12.2151,16.8548
1659,55.300,1502,509,2365,1681,-11.8208,19.2834
1660,55.333,1502,509,2365,1681,-12.1363,19.0331
1661,55.367,1502,509,2365,1680,-13.9362,20.0974
1662,55.400,1502,510,2365,1680,-12.6058,19.8643
1663,55.433,1502,510,2364,1681,-12.0231,20.3287
1664,55.467,1502,510,2365,1682,-10.6303,18.7569
1665,55.500,1502,509,2365,1681,-11.9505,19.9854
1666,55.533,1502,510,2365,1681,-13.6648,20.3573
1667,55.567,1502,510,2365,1681,-13.7422,20.0996
1668,55.600,1502,510,2365,1681,-13.2661,20.0899
1669,55.633,1502,510,2364,1681,-12.4767,20.7288
1670,55.667,1502,509,2365,1680,-14.3837,20.2542
1671,55.700,1502,509,2365,1680,-14.1882,20.6004
1672,55.733,1502,509,2365,1680,-14.4452,20.6841
1673,55.767,1502,509,2365,1680,-14.3515,20.4257
1674,55.800,1502,509,2365,1680,-14.7473,20.4106
1675,55.833,1502,509,2365,1680,-14.8562,19.9410
1676,55.867,1502,509,2365,1680,-14.5641,20.0574
1677,55.900,1502,509,2365,1679,-14.1187,18.8154
1678,55.933,1502,509,2365,1678,-11.9581,17.9716
1679,55.967,1502,508,2365,1678,-12.1584,19.6844
1680,56.000,1502,509,2366,1676,-12.0417,17.2112
1681,56.033,1502,510,2366,1675,-9.2766,15.4790
1682,56.067,1502,510,2366,1676,-9.7746,17.4172
1683,56.100,1502,511,2366,1676,-10.7676,17.9536
1684,56.133,1501,510,2366,1676,-12.4482,18.1794
1685,56.167,1501,510,2366,1676,-12.2812,18.1156
1686,56.200,1501,509,2366,1676,-9.8286,17.9425
1687,56.233,1501,509,2366,1676,-9.6285,17.9880
1688,56.267,1501,509,2366,1676,-9.6766,17.6398
1689,56.300,1501,508,2366,1676,-10.3179,19.0799
1690,56.333,1501,508,2366,1676,-10.4126,18.9432
1691,56.367,1502,508,2366,1676,-11.4936,16.8708
1692,56.400,1501,508,2366,1676,-9.7311,19.6011
1693,56.433,1501,509,2366,1677,-8.8031,18.7122
1694,56.467,1501,508,2366,1677,-11.5114,18.6963
1695,56.500,1501,508,2367,1677,-9.8212,19.1640
1696,56.533,1501,508,2366,1677,-11.1287,18.1269
1697,56.567,1501,507,2367,1678,-10.4620,19.7940
1698,56.600,1501,503,2365,1678,-2.5577,12.2632
1699,56.633,1502,504,2365,1677,-0.9043,13.0995
1700,56.667,1502,504,2365,1677,1.2288,13.2298
1701,56.700,1502,504,2365,1676,1.5498,14.6624
1702,56.733,1502,504,2365,1676,1.4558,14.2444
1703,56.767,1502,504,2365,1676,1.4355,14.8175
1704,56.800,1502,505,2364,1677,0.7733,12.8961
1705,56.833,1502,502,2364,1678,1.9741,8.4921
1706,56.867,1502,503,2364,1679,1.1999,7.1237
1707,56.900,1502,501,2364,1677,1.4284,9.5045
1708,56.933,1502,500,2364,1678,2.3034,6.9861
1709,56.967,1501,499,2364,1679,1.1708,6.8114
1710,57.000,1501,498,2365,1681,9.1030,6.9180
1711,57.033,1501,497,2366,1682,9.2276,7.1977
1712,57.067,1501,498,2367,1682,8.2625,3.2659
1713,57.100,1501,502,2367,1682,7.3365,4.1824
1714,57.133,1502,502,2367,1682,8.5832,8.2586
1715,57.167,1502,503,2366,1682,7.7847,6.3424
1716,57.200,1502,502,2367,1683,8.0338,8.1006
1717,57.233,1501,502,2366,1682,10.7483,9.4057
1718,57.267,1505,494,2364,1675,12.3152,9.0872
1719,57.300,1505,494,2364,1676,11.8168,9.5588
1720,57.333,1505,495,2364,1676,10.6893,8.2869
1721,57.367,1505,495,2364,1676,10.8798,8.1702
1722,57.400,1504,496,2364,1676,10.6323,10.0280
1723,57.433,1504,495,2364,1676,12.2317,7.9560
1724,57.467,1504,495,2364,1676,12.1931,8.0570
1725,57.500,1504,495,2364,1676,12.2746,8.0563
1726,57.533,1504,495,2364,1676,11.7708,8.4622
1727,57.567,1504,496,2364,1678,10.5813,10.7143
1728,57.600,1504,496,2365,1678,10.8786,10.6141
1729,57.633,1503,497,2364,1677,11.4371,11.2508
1730,57.667,1503,496,2364,1678,11.5129,9.3926
1731,57.700,1503,496,2365,1678,11.3300,8.9695
1732,57.733,1503,496,2365,1678,11.2988,8.9504
1733,57.767,1503,496,2365,1678,11.0066,9.2135
1734,57.800,1504,494,2364,1678,11.9509,10.5585
1735,57.833,1506,481,2361,1676,9.4638,3.9971
1736,57.867,1503,492,2363,1684,10.6855,2.2294
1737,57.900,1506,467,2360,1674,7.3089,6.1977
1738,57.933,1507,478,2361,1676,7.7384,2.5506
1739,57.967,1507,477,2361,1676,10.4344,1.6123
1740,58.000,1502,495,2368,1679,10.5659,3.4030
1741,58.033,1502,501,2367,1679,9.9948,3.7133
1742,58.067,1503,502,2368,1679,9.6662,3.2458
1743,58.100,1502,501,2368,1679,11.0487,3.7721
1744,58.133,1502,501,2367,1679,8.3276,5.6814
1745,58.167,1502,503,2368,1679,9.8340,7.8876
1746,58.200,1502,504,2368,1678,9.4777,10.1225
1747,58.233,1502,504,2368,1678,9.4464,10.8422
1748,58.267,1502,504,2367,1678,9.4444,7.4837
1749,58.300,1502,504,2368,1678,10.1937,9.9874
1750,58.333,1502,504,2368,1678,10.5355,9.7058
1751,58.367,1502,504,2368,1678,10.7394,10.7626
1752,58.400,1502,504,2368,1679,10.2610,10.1156
1753,58.433,1502,503,2368,1679,10.7388,7.8285
1754,58.467,1502,506,2368,1679,10.8905,7.6449
1755,58.500,1503,507,2368,1678,11.0398,8.2528
1756,58.533,1502,505,2368,1679,9.9692,9.0222
1757,58.567,1502,503,2368,1680,9.1887,8.2157
1758,58.600,1502,504,2368,1679,10.0948,7.6599
1759,58.633,1501,505,2368,1679,9.8593,5.6205
1760,58.667,1501,505,2369,1680,10.1935,7.1898
1761,58.700,1501,505,2369,1681,10.7100,6.6570
1762,58.733,1501,506,2369,1682,10.5785,6.6935
1763,58.767,1501,506,2369,1681,10.3235,6.3638
1764,58.800,1501,504,2369,1680,11.7036,6.3941
1765,58.833,1501,504,2369,1679,11.3253,7.4578
1766,58.867,1501,504,2369,1680,11.5498,6.6116
1767,58.900,1501,504,2369,1680,11.3904,6.2836
1768,58.933,1501,504,2369,1679,11.2897,7.5825
1769,58.967,1501,503,2369,1679,10.0252,7.6944
1770,59.000,1500,502,2370,1679,9.9199,5.7043
1771,59.033,1505,495,2366,1672,9.0444,8.4937
1772,59.067,1505,495,2366,1671,9.4395,8.1133
1773,59.100,1505,495,2366,1671,10.3105,7.2623
1774,59.133,1505,496,2365,1673,9.9081,9.6995
1775,59.167,1505,497,2365,1674,10.5311,8.1586
1776,59.200,1505,497,2365,1675,10.8242,8.5602
1777,59.233,1505,497,2365,1675,10.5173,7.9277
1778,59.267,1505,497,2365,1676,10.2837,8.3129
1779,59.300,1504,498,2365,1675,10.2121,9.4390
1780,59.333,1504,498,2365,1676,9.8451,7.8550
1781,59.367,1504,498,2365,1675,9.8103,9.4902
1782,59.400,1504,498,2365,1675,9.4815,10.3526
1783,59.433,1505,498,2364,1675,8.9850,11.2482
1784,59.467,1506,490,2363,1673,8.7285,4.1776
1785,59.500,1506,468,2363,1669,7.8372,4.2261
1786,59.533,1506,466,2363,1669,3.1217,1.1725
1787,59.567,1506,478,2361,1673,12.9107,4.6878
1788,59.600,1506,489,2362,1674,10.0505,8.5555
1789,59.633,1506,489,2363,1674,11.4778,8.8266
1790,59.667,1506,494,2364,1674,11.1416,9.9216
1791,59.700,1505,498,2364,1674,12.0021,11.7622
1792,59.733,1505,499,2364,1674,12.8433,10.2041
1793,59.767,1505,500,2365,1674,14.4476,11.1655
1794,59.800,1505,499,2364,1675,13.3353,11.9311
1795,59.833,1504,499,2365,1675,12.0888,8.2952
1796,59.867,1504,499,2365,1675,12.2000,9.1901
1797,59.900,1503,499,2365,1674,10.8362,9.9888
1798,59.933,1504,500,2365,1675,11.4381,10.8588
1799,59.967,1504,499,2365,1675,10.8091,7.6212
1800,60.000,1504,493,2366,1674,10.0354,9.6382
1801,60.033,1504,490,2367,1674,11.9037,8.7481
1802,60.067,1504,491,2367,1675,11.1407,9.3404
1803,60.100,1504,491,2367,1675,10.5587,8.3215
1804,60.133,1504,492,2366,1674,10.2008,7.7297
1805,60.167,1504,492,2366,1675,11.1792,7.8912
1806,60.200,1504,492,2366,1675,11.2355,8.2713
1807,60.233,1504,492,2366,1673,10.9000,7.3802
1808,60.267,1504,492,2366,1673,10.4585,8.5040
1809,60.300,1504,490,2366,1675,12.0727,9.2523
1810,60.333,1504,490,2367,1674,10.8330,9.3017
1811,60.367,1504,490,2367,1674,10.0697,9.5863
1812,60.400,1504,492,2367,1674,9.4201,9.7618
1813,60.433,1503,493,2367,1675,8.4863,12.2817
1814,60.467,1503,494,2367,1676,9.1272,11.6983
1815,60.500,1503,493,2367,1676,7.9918,11.5098
1816,60.533,1504,494,2367,1676,9.8509,11.9788
1817,60.567,1504,494,2367,1675,8.7212,11.0944
1818,60.600,1504,494,2367,1675,8.6355,11.4457
1819,60.633,1504,494,2367,1676,9.4695,12.0858
1820,60.667,1504,493,2367,1676,8.9736,11.1831
1821,60.700,1504,492,2367,1675,9.5657,10.7099
1822,60.733,1504,494,2367,1676,9.7409,12.4615
1823,60.767,1504,494,2367,1676,9.2230,11.7515
1824,60.800,1504,495,2366,1675,9.0203,10.0929
1825,60.833,1504,495,2367,1675,10.2332,9.0792
1826,60.867,1504,495,2367,1674,9.6192,8.6436
1827,60.900,1504,495,2367,1674,10.0350,8.8635
1828,60.933,1504,496,2367,1674,9.8751,10.2350
1829,60.967,1504,497,2367,1675,10.5583,9.0857
1830,61.000,1504,499,2366,1676,9.9863,7.6803
1831,61.033,1504,498,2366,1676,10.1776,7.3141
1832,61.067,1504,499,2366,1676,10.0643,7.7699
1833,61.100,1504,499,2366,1676,10.3165,7.6269
1834,61.133,1504,499,2366,1676,9.5581,7.3820
1835,61.167,1504,499,2366,1675,8.5260,7.5934
1836,61.200,1504,499,2366,1675,8.4081,7.7300
1837,61.233,1505,498,2367,1676,9.7901,7.9216
1838,61.267,1505,499,2367,1676,9.7264,8.4318
1839,61.300,1500,508,2369,1682,9.0955,7.3722
1840,61.333,1500,509,2369,1683,8.1661,8.5702
1841,61.367,1500,510,2369,1682,9.6304,10.9816
1842,61.400,1500,510,2369,1682,9.4829,10.4005
1843,61.433,1504,501,2367,1675,12.0120,6.0350
1844,61.467,1504,501,2367,1675,12.1341,5.8687
1845,61.500,1504,502,2367,1675,10.0876,8.1908
1846,61.533,1504,502,2367,1675,10.0298,8.3513
1847,61.567,1504,500,2367,1675,12.2313,7.4591
1848,61.600,1504,499,2367,1675,10.6822,6.1203
1849,61.633,1504,498,2367,1675,10.6528,7.8385
1850,61.667,1505,498,2366,1675,9.8855,9.2148
1851,61.700,1505,497,2366,1676,11.0917,10.1955
1852,61.733,1505,497,2366,1675,10.1243,8.7258
1853,61.767,1505,497,2366,1675,10.0650,9.1819
1854,61.800,1505,497,2366,1678,11.3365,10.8514
1855,61.833,1506,497,2366,1679,11.0015,7.4290
1856,61.867,1506,498,2366,1679,11.6622,7.1855
1857,61.900,1506,496,2365,1678,12.2456,5.2666
1858,61.933,1506,496,2365,1678,11.7930,5.6855
1859,61.967,1506,496,2365,1679,11.4874,7.2703
1860,62.000,1506,496,2365,1676,10.7637,8.4655
1861,62.033,1506,497,2365,1676,12.9874,8.6416
1862,62.067,1506,497,2365,1676,12.6147,8.9247
1863,62.100,1506,497,2365,1676,12.4605,8.7806
1864,62.133,1505,497,2365,1677,11.1522,6.7479
1865,62.167,1505,495,2366,1678,11.2369,9.0677
1866,62.200,1500,507,2369,1682,9.7036,11.9094
1867,62.233,1500,510,2368,1681,10.3186,9.2598
1868,62.267,1500,514,2368,1682,12.2926,10.1233
1869,62.300,1499,519,2368,1680,11.0874,9.3477
1870,62.333,1499,518,2368,1680,10.9713,10.4810
1871,62.367,1500,518,2368,1681,12.3406,10.5405
1872,62.400,1500,517,2367,1682,10.4348,10.7826
1873,62.433,1500,516,2366,1683,11.7170,8.5216
1874,62.467,1500,514,2367,1683,9.5066,7.5716
1875,62.500,1501,492,2363,1684,10.7403,-3.5042
1876,62.533,1500,494,2363,1682,9.9547,-4.2508
1877,62.567,1509,481,2359,1673,11.2635,2.5842
1878,62.600,1508,488,2359,1674,13.2416,1.2422
1879,62.633,1508,486,2358,1674,12.7477,0.5679
1880,62.667,1500,494,2364,1684,13.7054,1.2825
1881,62.700,1500,503,2366,1684,13.0046,-0.7926
1882,62.733,1499,503,2366,1685,12.3691,0.0000
1883,62.767,1500,502,2365,1685,11.3567,3.8795
1884,62.800,1500,505,2365,1685,13.1798,4.7616
1885,62.833,1499,505,2365,1684,11.2488,6.7710
1886,62.867,1499,504,2366,1684,13.1051,5.9834
1887,62.900,1499,505,2366,1685,13.4848,7.4285
1888,62.933,1499,506,2366,1684,12.5653,5.5904
1889,62.967,1499,507,2366,1684,11.5254,4.7936
1890,63.000,1498,509,2367,1685,9.9466,5.8938
1891,63.033,1499,509,2367,1686,11.9785,5.5715
1892,63.067,1499,509,2367,1686,11.7519,6.2726
1893,63.100,1499,505,2367,1685,13.3179,6.5064
1894,63.133,1499,502,2366,1686,10.8468,3.6157
1895,63.167,1499,500,2367,1687,10.5565,5.7237
1896,63.200,1499,502,2367,1686,11.1698,4.7091
1897,63.233,1499,502,2367,1685,10.8785,6.0530
1898,63.267,1499,503,2368,1686,13.0367,6.6084
1899,63.300,1504,491,2366,1678,12.9036,5.7746
1900,63.333,1504,494,2366,1678,10.6823,9.5254
1901,63.367,1503,495,2365,1677,8.8791,8.6691
1902,63.400,1503,493,2366,1678,8.4930,7.2921
1903,63.433,1504,500,2365,1677,7.0500,3.6194
1904,63.467,1504,501,2366,1677,9.2656,8.9502
1905,63.500,1504,502,2365,1677,10.8273,8.0194
1906,63.533,1505,494,2366,1677,10.0793,7.0105
1907,63.567,1505,495,2365,1677,11.4779,7.4484
1908,63.600,1499,509,2369,1682,7.7838,6.7836
1909,63.633,1498,506,2369,1682,9.9770,7.1040
1910,63.667,1498,507,2369,1682,8.5948,6.0579
1911,63.700,1499,508,2369,1683,8.9770,7.2917
1912,63.733,1498,509,2368,1683,8.6517,5.6036
1913,63.767,1499,510,2368,1683,8.9473,6.9109
1914,63.800,1499,510,2368,1683,8.7193,7.9454
1915,63.833,1499,510,2368,1683,8.2313,8.2297
1916,63.867,1499,510,2367,1684,7.4667,9.2044
1917,63.900,1500,494,2363,1684,11.5090,-0.9971
1918,63.933,1507,486,2363,1675,9.0882,5.9211
1919,63.967,1507,484,2363,1676,8.1180,7.8848
1920,64.000,1507,486,2362,1675,8.1830,5.2031
1921,64.033,1499,503,2367,1683,4.8740,6.5518
1922,64.067,1500,505,2368,1683,4.9318,8.0646
1923,64.100,1499,507,2368,1683,6.5269,8.7398
1924,64.133,1499,507,2368,1683,5.4835,8.5428
1925,64.167,1499,507,2368,1683,6.2217,8.3129
1926,64.200,1498,506,2368,1682,4.6664,11.3173
1927,64.233,1498,506,2368,1682,3.4164,10.6358
1928,64.267,1498,507,2368,1682,3.6127,9.5596
1929,64.300,1499,506,2367,1683,3.4657,10.1659
1930,64.333,1504,498,2363,1677,4.6916,12.2576
1931,64.367,1504,498,2364,1677,3.8200,12.4040
1932,64.400,1504,496,2363,1677,3.5290,11.5499
1933,64.433,1504,495,2363,1676,2.9993,12.0262
1934,64.467,1504,494,2363,1677,4.6634,11.3947
1935,64.500,1504,493,2363,1677,5.0723,11.2174
1936,64.533,1504,492,2363,1678,4.3880,11.0346
1937,64.567,1504,492,2363,1679,4.7581,12.2058
1938,64.600,1505,492,2363,1678,5.2666,9.7600
1939,64.633,1505,492,2364,1681,10.9187,8.1014
1940,64.667,1504,493,2364,1682,11.1629,7.2147
1941,64.700,1504,493,2364,1682,10.9055,7.3987
1942,64.733,1504,493,2364,1682,11.0155,7.4691
1943,64.767,1505,493,2364,1681,10.2249,9.0813
1944,64.800,1504,493,2364,1681,10.2571,7.1749
1945,64.833,1504,492,2364,1681,10.1111,8.7506
1946,64.867,1504,492,2364,1681,10.0164,8.7471
1947,64.900,1504,492,2364,1681,10.0139,8.2970
1948,64.933,1504,492,2364,1680,9.6282,8.7157
1949,64.967,1504,493,2364,1680,9.0433,9.3087
1950,65.000,1506,494,2364,1678,9.5100,9.2792
1951,65.033,1506,494,2365,1678,10.9431,10.3322
1952,65.067,1506,493,2364,1678,9.3863,10.2370
1953,65.100,1505,491,2364,1678,9.3266,11.2454
1954,65.133,1506,495,2364,1678,8.1926,10.7698
1955,65.167,1506,496,2364,1677,-1.9324,10.7457
1956,65.200,1507,491,2364,1676,-1.1103,11.9354
1957,65.233,1507,491,2364,1677,0.5528,11.5543
1958,65.267,1507,490,2364,1676,-1.1669,9.4855
1959,65.300,1506,490,2364,1674,-2.1096,11.1161
1960,65.333,1506,490,2364,1675,-0.7354,11.2412
1961,65.367,1506,489,2364,1674,-1.7158,11.3942
1962,65.400,1505,490,2364,1675,-1.1033,11.0374
1963,65.433,1505,490,2364,1675,-1.3647,10.9666
1964,65.467,1505,489,2364,1675,-0.8254,10.0217
1965,65.500,1505,489,2364,1674,1.0672,9.9344
1966,65.533,1505,489,2364,1674,1.9473,10.6964
1967,65.567,1505,489,2365,1677,3.7694,11.4279
1968,65.600,1505,489,2365,1676,4.6096,10.4412
1969,65.633,1505,490,2364,1677,6.7614,11.2287
1970,65.667,1505,478,2361,1677,7.3884,2.3695
1971,65.700,1506,471,2362,1674,-0.8217,2.2440
1972,65.733,1505,474,2363,1675,6.4767,6.5680
1973,65.767,1505,476,2361,1675,12.9549,8.5966
1974,65.800,1506,485,2360,1677,16.8934,8.2510
1975,65.833,1507,485,2360,1678,18.2228,8.3674
1976,65.867,1507,486,2361,1675,16.7972,6.6914
1977,65.900,1505,487,2360,1676,16.7933,9.4510
1978,65.933,1506,491,2361,1676,18.1532,7.6102
1979,65.967,1505,497,2367,1679,15.2955,10.5422
1980,66.000,1507,501,2362,1675,16.0575,6.0548
1981,66.033,1508,501,2362,1670,16.9261,4.2590
1982,66.067,1502,515,2370,1673,15.9675,12.6634
1983,66.100,1503,516,2370,1676,17.4557,12.1545
1984,66.133,1503,518,2371,1674,19.1649,10.3466
1985,66.167,1506,516,2363,1666,20.2234,11.3567
1986,66.200,1506,516,2364,1666,21.3590,8.8728
1987,66.233,1504,520,2362,1664,16.0463,10.0840
1988,66.267,1505,520,2361,1663,15.2211,12.3525
1989,66.300,1505,526,2361,1663,6.2074,12.5107
1990,66.333,1505,525,2361,1663,4.4566,14.4836
1991,66.367,1503,529,2367,1671,3.6600,12.2219
1992,66.400,1505,528,2361,1661,4.2197,13.1671
1993,66.433,1505,530,2361,1662,6.1993,11.1343
1994,66.467,1505,529,2361,1663,4.5514,11.8073
1995,66.500,1505,530,2360,1660,4.9937,10.6912
1996,66.533,1505,530,2361,1660,5.9145,13.5908
1997,66.567,1505,531,2361,1661,5.2970,13.7891
1998,66.600,1505,531,2361,1660,3.6684,13.9981
1999,66.633,1505,531,2360,1662,6.6781,14.0340
2000,66.667,1505,531,2361,1662,3.3394,15.8075
2001,66.700,1503,537,2367,1673,8.2976,13.3831
2002,66.733,1506,533,2363,1665,8.1494,13.7868
2003,66.767,1507,532,2363,1665,7.9762,15.0489
2004,66.800,1506,528,2363,1665,7.8954,12.8961
2005,66.833,1507,525,2363,1665,8.9594,16.1824
2006,66.867,1507,521,2363,1665,7.3103,13.7641
2007,66.900,1507,521,2363,1665,7.3363,13.6598
2008,66.933,1507,521,2363,1663,7.4298,12.6782
2009,66.967,1507,520,2363,1664,7.7292,12.1723
2010,67.000,1507,521,2364,1666,8.7158,11.6517
2011,67.033,1507,521,2365,1667,9.5699,11.7442
2012,67.067,1504,528,2369,1675,10.5117,16.7208
2013,67.100,1507,523,2365,1666,9.2399,13.1936
2014,67.133,1504,525,2369,1675,4.6650,16.2979
2015,67.167,1504,526,2369,1675,4.0904,16.4747
2016,67.200,1504,527,2369,1675,3.9996,18.0701
2017,67.233,1504,526,2369,1675,3.8290,17.2387
2018,67.267,1503,527,2368,1674,2.7656,18.7730
2019,67.300,1502,527,2369,1675,2.8658,20.4740
2020,67.333,1502,526,2369,1675,0.7530,20.9948
2021,67.367,1502,526,2369,1675,0.3016,20.8300
2022,67.400,1502,526,2368,1675,1.8401,19.1974
2023,67.433,1502,529,2369,1675,-0.4367,17.8757
2024,67.467,1502,530,2369,1675,0.4185,15.1792
2025,67.500,1502,529,2369,1675,0.1102,18.0810
2026,67.533,1502,530,2370,1675,0.5605,16.4325
2027,67.567,1503,531,2370,1676,1.4109,15.7806
2028,67.600,1502,531,2370,1677,0.2455,15.1213
2029,67.633,1502,531,2370,1676,0.8550,14.5991
2030,67.667,1503,532,2369,1673,1.1446,16.6373
2031,67.700,1503,532,2369,1673,1.1332,16.7430
2032,67.733,1503,532,2369,1673,0.6860,17.1363
2033,67.767,1504,532,2369,1672,1.4933,16.6118
2034,67.800,1504,531,2369,1673,0.7111,17.3399
2035,67.833,1504,533,2369,1675,-0.8933,16.2771
2036,67.867,1504,532,2369,1675,-0.3537,16.9005
2037,67.900,1504,530,2369,1677,4.7312,18.1525
2038,67.933,1506,522,2368,1678,20.7077,13.2354
2039,67.967,1506,522,2367,1678,21.6927,11.1664
2040,68.000,1506,518,2369,1682,18.3040,9.3586
2041,68.033,1506,514,2369,1681,20.9956,12.4730
2042,68.067,1506,516,2370,1680,19.7925,11.1432
2043,68.100,1506,516,2369,1680,19.7138,10.4540
2044,68.133,1509,507,2364,1671,19.7485,11.7907
2045,68.167,1506,520,2370,1681,19.8314,9.3998
2046,68.200,1506,519,2370,1680,16.9271,11.2366
2047,68.233,1506,521,2370,1680,19.5791,10.6100
2048,68.267,1506,517,2369,1681,18.4339,10.5029
2049,68.300,1506,515,2369,1682,17.7145,11.9382
2050,68.333,1506,514,2370,1681,19.6700,12.7993
2051,68.367,1506,514,2369,1681,13.1790,13.0549
2052,68.400,1506,513,2369,1681,11.0278,8.2417
2053,68.433,1505,515,2369,1679,11.4357,12.4570
2054,68.467,1505,515,2369,1680,11.1345,11.9045
2055,68.500,1505,517,2369,1679,10.2517,10.7062
2056,68.533,1504,517,2369,1680,13.0346,12.1179
2057,68.567,1504,512,2369,1679,13.9048,13.7438
2058,68.600,1506,502,2363,1673,10.2772,7.1658
2059,68.633,1505,500,2362,1674,12.8582,7.2192
2060,68.667,1507,492,2360,1674,10.8311,7.0478
2061,68.700,1506,506,2361,1673,20.2616,6.6098
2062,68.733,1506,506,2361,1673,19.0162,7.0599
2063,68.767,1507,514,2362,1673,22.9019,5.3681
2064,68.800,1507,506,2362,1674,22.6859,9.9848
2065,68.833,1507,507,2362,1675,22.0262,8.3542
2066,68.867,1507,507,2362,1675,21.3813,8.9789
2067,68.900,1507,506,2362,1674,21.4190,11.0845
2068,68.933,1507,506,2361,1675,22.5162,10.7637
2069,68.967,1507,506,2362,1673,21.3599,10.4160
2070,69.000,1504,513,2368,1679,23.9836,11.6007
2071,69.033,1504,513,2369,1680,24.1050,10.6425
2072,69.067,1504,513,2369,1680,23.6462,10.5621
2073,69.100,1504,513,2369,1680,24.0122,11.0234
2074,69.133,1504,512,2369,1681,22.3450,13.5919
2075,69.167,1507,506,2364,1677,21.5131,8.6359
2076,69.200,1508,506,2364,1677,21.5459,8.6778
2077,69.233,1508,506,2364,1677,21.7870,8.3662
2078,69.267,1507,505,2364,1677,22.7535,7.0047
2079,69.300,1504,514,2370,1682,24.4524,10.9633
2080,69.333,1504,514,2370,1683,24.0826,10.6318
2081,69.367,1504,514,2370,1682,24.4857,11.2739
2082,69.400,1504,514,2369,1684,24.5035,11.9221
2083,69.433,1499,520,2371,1682,20.3867,11.1787
2084,69.467,1500,521,2371,1681,20.5565,12.2987
2085,69.500,1499,520,2371,1682,20.9553,11.2216
2086,69.533,1499,520,2371,1683,20.3947,11.3018
2087,69.567,1506,508,2365,1683,21.6919,7.9075
2088,69.600,1506,507,2365,1683,23.8656,8.7451
2089,69.633,1506,508,2365,1683,21.3246,8.5379
2090,69.667,1505,508,2365,1684,18.8276,6.8260
2091,69.700,1505,510,2366,1685,21.6541,9.2721
2092,69.733,1505,509,2366,1685,22.7832,6.3638
2093,69.767,1505,509,2366,1686,20.5741,6.3439
2094,69.800,1505,510,2367,1686,23.3348,6.9781
2095,69.833,1505,509,2367,1684,22.3149,8.2280
2096,69.867,1505,509,2367,1684,22.1349,7.5028
2097,69.900,1505,509,2368,1683,22.2629,7.0780
2098,69.933,1505,507,2368,1682,23.4020,4.7802
2099,69.967,1506,505,2368,1682,28.8946,8.4410
2100,70.000,1507,507,2367,1678,26.0459,7.2997
2101,70.033,1507,507,2367,1678,26.2609,6.3437
2102,70.067,1507,508,2366,1678,25.5967,7.9791
2103,70.100,1507,507,2367,1678,25.7205,6.1542
2104,70.133,1507,506,2366,1678,25.4529,7.7688
2105,70.167,1507,507,2367,1680,24.7248,7.4990
2106,70.200,1507,506,2368,1679,25.0534,7.3895
2107,70.233,1507,506,2367,1679,25.5332,6.4689
2108,70.267,1506,505,2367,1679,24.9667,7.6438
2109,70.300,1507,505,2367,1677,26.8998,10.2927
2110,70.333,1507,506,2367,1678,25.7929,5.8114
2111,70.367,1507,507,2367,1677,26.7486,9.8017
2112,70.400,1507,507,2367,1677,25.2280,10.7274
2113,70.433,1504,515,2372,1681,19.3348,13.2876
2114,70.467,1505,517,2372,1680,17.2044,15.3008
2115,70.500,1503,521,2371,1680,15.8442,15.5984
2116,70.533,1506,514,2366,1674,13.7451,15.4088
2117,70.567,1505,506,2365,1674,13.8454,11.7894
2118,70.600,1503,516,2364,1674,15.7132,9.6830
2119,70.633,1503,512,2365,1676,16.6752,8.4559
2120,70.667,1505,502,2364,1676,16.2604,7.8330
2121,70.700,1506,512,2364,1675,16.6452,12.1482
2122,70.733,1500,528,2370,1680,16.2665,15.4571
2123,70.767,1507,521,2365,1675,16.4804,11.1824
2124,70.800,1506,519,2366,1675,17.6923,11.9890
2125,70.833,1506,519,2366,1676,18.7554,13.0116
2126,70.867,1505,516,2366,1675,17.5791,12.0029
2127,70.900,1505,517,2366,1675,17.5134,7.8962
2128,70.933,1506,517,2363,1676,15.3865,4.8004
2129,70.967,1506,513,2363,1675,13.3176,2.9221
2130,71.000,1506,497,2363,1667,7.7518,2.2119
2131,71.033,1505,498,2362,1670,6.4600,4.8126
2132,71.067,1505,499,2362,1669,3.4932,4.5519
2133,71.100,1506,504,2362,1670,7.3529,8.3834
2134,71.133,1504,512,2364,1670,8.4417,11.8479
2135,71.167,1503,512,2365,1672,8.1915,11.5218
2136,71.200,1504,512,2365,1672,7.1993,13.7286
2137,71.233,1503,510,2366,1672,5.8486,11.3632
2138,71.267,1503,507,2365,1673,4.4511,14.0753
2139,71.300,1504,505,2366,1673,5.6760,15.7817
2140,71.333,1504,507,2365,1673,6.4082,14.4412
2141,71.367,1504,504,2365,1673,6.7725,12.4443
2142,71.400,1504,504,2366,1673,6.0205,14.7705
2143,71.433,1505,502,2367,1674,7.4124,13.5383
2144,71.467,1506,502,2367,1674,7.2708,12.9853
2145,71.500,1506,502,2367,1674,8.0910,13.1583
2146,71.533,1505,507,2366,1675,8.4481,16.3464
2147,71.567,1507,509,2367,1676,7.7444,16.9981
2148,71.600,1506,511,2367,1677,9.1662,17.1769
2149,71.633,1507,511,2367,1678,7.2525,17.7089
2150,71.667,1507,510,2367,1677,6.3000,15.7079
2151,71.700,1507,502,2367,1678,4.2107,9.5421
2152,71.733,1507,503,2367,1677,5.4371,12.4134
2153,71.767,1502,509,2372,1685,6.1919,11.5895
2154,71.800,1502,512,2372,1685,6.6651,16.3289
2155,71.833,1502,511,2372,1684,6.2876,13.1313
2156,71.867,1503,506,2370,1688,6.6450,8.6324
2157,71.900,1504,519,2368,1697,5.0747,8.8961
2158,71.933,1503,519,2368,1696,5.8992,11.7581
2159,71.967,1503,520,2369,1696,4.9083,10.8668
2160,72.000,1503,519,2369,1692,5.3463,11.9655
2161,72.033,1503,518,2369,1692,4.8382,14.2182
2162,72.067,1504,521,2369,1692,5.6096,14.1721
2163,72.100,1503,516,2369,1691,3.6958,15.9168
2164,72.133,1503,516,2370,1692,4.9787,15.2916
2165,72.167,1503,516,2369,1692,4.4121,13.1408
2166,72.200,1501,521,2372,1690,6.3714,16.4752
2167,72.233,1500,518,2373,1690,6.3462,16.4045
2168,72.267,1500,515,2372,1691,6.3963,15.1545
2169,72.300,1500,520,2373,1691,4.9276,18.9147
2170,72.333,1500,523,2373,1695,6.2427,16.9897
2171,72.367,1500,524,2372,1695,5.7266,17.5117
2172,72.400,1500,524,2373,1695,5.5227,19.5411
2173,72.433,1500,525,2372,1695,5.3565,18.8772
2174,72.467,1501,526,2371,1695,4.9979,19.9242
2175,72.500,1501,527,2373,1696,5.8230,19.3754
2176,72.533,1501,527,2372,1696,6.0342,21.4428
2177,72.567,1501,524,2372,1697,5.0512,18.6336
2178,72.600,1500,526,2372,1698,6.1187,18.8876
2179,72.633,1500,524,2373,1695,7.6544,19.4276
2180,72.667,1500,523,2373,1695,6.7411,17.0595
2181,72.700,1500,525,2374,1695,7.3822,20.2519
2182,72.733,1499,524,2373,1694,6.9031,18.2267
2183,72.767,1500,527,2373,1694,6.4797,16.7822
2184,72.800,1500,527,2374,1693,6.2949,18.6906
2185,72.833,1500,527,2374,1693,6.4479,17.4199
2186,72.867,1500,529,2374,1694,6.5547,17.3180
2187,72.900,1500,527,2373,1692,6.7432,17.5158
2188,72.933,1500,526,2373,1691,7.4342,20.0829
2189,72.967,1501,526,2373,1690,7.9501,20.6935
2190,73.000,1503,523,2372,1691,7.3598,17.8539
2191,73.033,1503,525,2373,1692,5.9894,16.9733
2192,73.067,1503,527,2374,1692,5.7467,16.1874
2193,73.100,1503,528,2374,1691,3.0947,17.3280
2194,73.133,1502,527,2374,1693,1.3997,16.6657
2195,73.167,1503,525,2372,1690,2.2291,18.0331
2196,73.200,1502,523,2371,1690,1.0501,18.9956
2197,73.233,1502,523,2371,1690,0.6794,18.2679
2198,73.267,1502,525,2371,1687,0.7262,17.0856
2199,73.300,1506,519,2368,1692,1.4995,14.0829
2200,73.333,1506,518,2367,1693,-0.3866,13.8065
2201,73.367,1503,526,2370,1690,1.5344,15.5764
2202,73.400,1507,516,2367,1690,2.6272,15.1031
2203,73.433,1508,513,2369,1690,4.3665,12.5859
2204,73.467,1508,513,2369,1691,3.4285,13.4312
2205,73.500,1508,515,2370,1691,3.8786,13.3771
2206,73.533,1508,513,2370,1689,5.1129,13.9454
2207,73.567,1508,511,2371,1689,4.3363,12.7216
2208,73.600,1508,510,2370,1688,4.6091,14.1270
2209,73.633,1507,511,2371,1688,3.0583,13.0683
2210,73.667,1507,512,2371,1686,3.1451,15.7888
2211,73.700,1506,512,2371,1685,2.6397,17.5547
2212,73.733,1506,513,2371,1685,1.5919,16.6101
2213,73.767,1505,512,2370,1683,3.4298,13.4511
2214,73.800,1505,510,2371,1683,2.5327,11.9067
2215,73.833,1504,512,2370,1685,2.8848,16.3718
2216,73.867,1504,510,2370,1685,1.9250,13.8651
2217,73.900,1504,510,2370,1686,2.1019,14.8959
2218,73.933,1504,510,2368,1686,5.9799,12.5955
2219,73.967,1503,508,2368,1686,5.4053,10.0811
2220,74.000,1503,509,2367,1684,10.7786,12.8029
2221,74.033,1502,510,2366,1683,10.5001,14.8684
2222,74.067,1502,511,2367,1684,11.5917,14.8677
2223,74.100,1502,511,2367,1684,11.9960,15.5275
2224,74.133,1499,516,2370,1682,10.4844,14.4903
2225,74.167,1498,514,2370,1682,9.3264,12.2211
2226,74.200,1498,514,2369,1681,9.0756,14.5370
2227,74.233,1499,513,2369,1681,9.4852,16.7505
2228,74.267,1498,515,2369,1681,11.0949,13.4507
2229,74.300,1499,515,2369,1684,12.8929,15.1518
2230,74.333,1500,516,2368,1679,11.2994,14.3396
2231,74.367,1500,517,2368,1680,12.7209,16.6758
2232,74.400,1503,513,2366,1684,12.1382,13.7009
2233,74.433,1502,515,2366,1684,13.4005,13.7834
2234,74.467,1502,516,2366,1684,15.0729,13.9671
2235,74.500,1501,516,2367,1684,14.4738,13.7951
2236,74.533,1501,517,2367,1683,12.8376,15.3859
2237,74.567,1500,517,2367,1683,12.1904,14.7745
2238,74.600,1506,508,2363,1676,12.7371,15.7707
2239,74.633,1501,513,2368,1682,13.1635,13.5175
2240,74.667,1501,514,2368,1681,13.8196,12.7730
2241,74.700,1501,515,2368,1682,13.6954,12.2206
2242,74.733,1508,491,2360,1674,11.6983,2.9055
2243,74.767,1507,490,2360,1674,12.6238,1.8079
2244,74.800,1508,482,2358,1673,7.4213,8.6227
2245,74.833,1507,492,2356,1672,7.1686,11.3543
2246,74.867,1507,493,2357,1674,7.2924,10.7562
2247,74.900,1502,513,2366,1679,7.7104,11.0244
2248,74.933,1501,517,2367,1679,5.6883,15.5607
2249,74.967,1501,520,2367,1679,7.3018,15.6157
2250,75.000,1500,519,2367,1683,7.1883,15.4527
2251,75.033,1500,518,2367,1683,7.9109,13.5411
2252,75.067,1500,518,2367,1683,5.9847,15.6581
2253,75.100,1499,520,2367,1683,5.7587,17.1421
2254,75.133,1499,521,2367,1682,6.8753,17.8927
2255,75.167,1500,522,2366,1682,7.7401,16.1974
2256,75.200,1500,518,2366,1682,14.2843,14.3790
2257,75.233,1504,512,2360,1677,17.1365,15.0076
2258,75.267,1505,511,2360,1678,20.0129,13.3781
2259,75.300,1500,520,2366,1683,16.8888,12.5643
2260,75.333,1500,520,2366,1683,17.1176,13.2128
2261,75.367,1500,519,2366,1683,18.9418,14.5784
2262,75.400,1500,519,2366,1683,18.9296,13.1417
2263,75.433,1501,517,2366,1683,19.1869,13.4983
2264,75.467,1501,518,2366,1684,19.4538,12.7803
2265,75.500,1501,517,2367,1686,19.4769,13.3768
2266,75.533,1501,518,2366,1686,19.6793,12.3952
2267,75.567,1501,517,2367,1684,19.5195,13.7091
2268,75.600,1501,517,2367,1684,19.7050,13.7970
2269,75.633,1501,518,2367,1685,20.4110,14.0706
2270,75.667,1501,516,2368,1685,19.3475,10.8255
2271,75.700,1501,516,2368,1684,15.6492,14.1670
2272,75.733,1501,519,2368,1684,15.3546,14.6702
2273,75.767,1502,522,2369,1684,10.7314,16.2735
2274,75.800,1502,522,2369,1684,10.9750,16.3607
2275,75.833,1502,518,2369,1683,10.3614,12.6649
2276,75.867,1502,518,2369,1684,10.4307,11.1674
2277,75.900,1502,519,2369,1684,11.2049,13.8504
2278,75.933,1502,519,2369,1684,11.3298,15.3310
2279,75.967,1502,519,2369,1683,10.6476,14.0927
2280,76.000,1499,525,2372,1683,10.2078,14.6461
2281,76.033,1499,525,2372,1683,9.8968,14.4983
2282,76.067,1502,518,2369,1686,9.9959,13.3832
2283,76.100,1499,524,2372,1683,10.1922,13.7053
2284,76.133,1502,520,2369,1686,10.0725,11.7218
2285,76.167,1499,526,2372,1683,11.6535,13.0922
2286,76.200,1499,528,2372,1684,10.7655,13.2211
2287,76.233,1500,529,2372,1683,9.3798,13.7284
2288,76.267,1500,528,2372,1685,10.8864,12.1433
2289,76.300,1500,528,2373,1685,9.8264,13.3223
2290,76.333,1500,528,2373,1685,9.9231,12.8543
2291,76.367,1500,528,2373,1685,10.0145,13.0736
2292,76.400,1500,529,2373,1685,10.3443,12.5705
2293,76.433,1501,529,2372,1686,10.5351,13.5355
2294,76.467,1501,525,2372,1686,10.8066,13.5270
2295,76.500,1502,527,2372,1686,9.4596,14.9298
2296,76.533,1502,524,2372,1687,1.5246,15.0641
2297,76.567,1502,524,2372,1686,-0.4032,15.8734
2298,76.600,1502,524,2373,1686,0.2974,16.4757
2299,76.633,1502,524,2373,1686,0.0083,16.5700
2300,76.667,1502,523,2373,1687,-0.0115,15.2561
2301,76.700,1504,517,2371,1690,1.3547,15.1239
2302,76.733,1502,523,2374,1689,-0.3766,15.9829
2303,76.767,1502,523,2374,1688,-0.0079,13.7013
2304,76.800,1502,524,2374,1688,-1.1341,14.4994
2305,76.833,1502,523,2373,1687,-2.1654,15.0266
2306,76.867,1503,524,2373,1689,-0.9080,14.5059
2307,76.900,1503,525,2374,1690,-1.3667,14.6695
2308,76.933,1503,525,2373,1690,-0.5659,14.8380
2309,76.967,1503,526,2373,1691,-1.0384,13.6049
2310,77.000,1504,526,2374,1694,-0.1196,11.9418
2311,77.033,1504,526,2373,1698,0.2710,13.4731
2312,77.067,1505,528,2374,1699,0.7489,14.5482
2313,77.100,1505,528,2374,1701,0.7957,12.2752
2314,77.133,1505,529,2375,1714,0.6316,12.3469
2315,77.167,1507,527,2374,1719,-0.4864,10.8157
2316,77.200,1510,520,2371,1711,-4.6089,14.3919
2317,77.233,1508,533,2372,1737,-3.5073,14.2581
2318,77.267,1509,533,2372,1738,-6.9182,14.9926
2319,77.300,1507,535,2369,1742,-6.2029,11.3646
2320,77.333,1507,534,2368,1743,-5.9879,12.3157
2321,77.367,1506,534,2368,1746,-5.3448,13.5905
2322,77.400,1506,533,2368,1741,-6.7900,12.9663
2323,77.433,1505,535,2368,1748,-5.4572,14.0276
2324,77.467,1505,535,2367,1746,-4.5933,11.8432
2325,77.500,1505,534,2368,1751,-6.0991,11.9859
2326,77.533,1504,537,2368,1751,-3.9681,12.3304
2327,77.567,1504,539,2370,1750,-5.4745,11.3911
2328,77.600,1504,539,2370,1746,-4.9233,12.5764
2329,77.633,1503,537,2370,1750,-4.3811,11.3681
2330,77.667,1503,539,2370,1747,-4.8200,11.8111
2331,77.700,1504,539,2372,1746,-4.4701,10.5819
2332,77.733,1506,535,2370,1752,-5.2263,12.6003
2333,77.767,1505,538,2373,1743,-3.1369,8.3222
2334,77.800,1508,529,2370,1736,-4.6306,13.0836
2335,77.833,1508,526,2372,1734,-4.6568,8.9375
2336,77.867,1508,525,2372,1731,-5.8940,7.8455
2337,77.900,1507,524,2373,1731,-5.3574,8.7918
2338,77.933,1506,526,2374,1722,-6.0005,10.4692
2339,77.967,1506,527,2373,1717,-4.3325,9.8683
2340,78.000,1507,531,2371,1712,-3.8611,11.2603
2341,78.033,1507,531,2371,1711,-4.7483,11.7034
2342,78.067,1507,530,2370,1712,-4.8193,11.1864
2343,78.100,1505,537,2372,1711,-4.0267,12.1746
2344,78.133,1507,530,2370,1716,-6.2132,10.5620
2345,78.167,1507,528,2370,1712,-5.6565,11.9382
2346,78.200,1508,527,2369,1706,-4.7175,12.4562
2347,78.233,1507,526,2369,1706,-5.1170,14.8720
2348,78.267,1508,527,2370,1705,-4.0419,11.9915
2349,78.300,1508,528,2371,1702,-3.3832,13.0113
2350,78.333,1507,525,2371,1706,-6.2767,10.2953
2351,78.367,1507,527,2371,1707,-5.9895,13.0825
2352,78.400,1509,527,2367,1709,-5.2151,14.8280
2353,78.433,1509,528,2369,1706,-5.5724,17.3826
2354,78.467,1506,530,2367,1713,-9.7701,15.2628
2355,78.500,1507,522,2374,1733,-5.4375,18.2299
2356,78.533,1505,522,2374,1733,-3.4850,15.6942
2357,78.567,1504,523,2372,1737,-3.9910,15.4060
2358,78.600,1507,524,2368,1725,-7.5260,12.9010
2359,78.633,1506,526,2365,1731,-5.2547,13.6112
2360,78.667,1506,523,2366,1728,-6.1296,13.0132
2361,78.700,1499,529,2371,1722,-4.3246,11.2188
2362,78.733,1499,530,2372,1722,-5.9546,12.5425
2363,78.767,1500,530,2371,1716,-4.2062,12.0064
2364,78.800,1503,531,2367,1723,-5.2829,14.2689
2365,78.833,1504,536,2367,1720,-5.6965,15.8703
2366,78.867,1504,533,2367,1719,-7.4544,13.9044
2367,78.900,1503,535,2367,1713,-8.4192,10.3146
2368,78.933,1504,532,2366,1713,-8.5047,11.4890
2369,78.967,1504,528,2365,1712,-9.3118,17.9653
2370,79.000,1504,525,2363,1716,-6.0760,13.8925
2371,79.033,1505,523,2362,1718,-6.9355,13.9067
2372,79.067,1504,517,2364,1719,-5.2581,17.5802
2373,79.100,1505,514,2363,1717,-5.3403,15.2125
2374,79.133,1505,516,2363,1717,-6.2157,14.2219
2375,79.167,1506,515,2362,1721,-8.8937,15.1076
2376,79.200,1506,512,2363,1718,-7.6312,10.7193
2377,79.233,1506,511,2363,1715,-7.0591,13.8865
2378,79.267,1505,507,2364,1703,-6.4821,12.0749
2379,79.300,1504,503,2365,1693,-6.0352,8.6464
2380,79.333,1501,500,2357,1689,-6.3459,10.9488
2381,79.367,1500,501,2358,1687,-7.2668,10.2060
2382,79.400,1501,499,2359,1687,-7.3347,10.6353
2383,79.433,1501,494,2357,1679,-7.9129,11.9240
2384,79.467,1501,491,2358,1678,-7.0053,8.9105
2385,79.500,1497,494,2357,1679,-8.1220,11.6006
2386,79.533,1497,492,2357,1677,-9.1732,10.9334
2387,79.567,1498,493,2356,1678,-9.4938,11.7984
2388,79.600,1497,491,2355,1680,5.2998,8.1187
2389,79.633,1496,488,2355,1680,6.6546,8.2197
2390,79.667,1497,493,2355,1678,11.5775,11.4583
2391,79.700,1501,493,2354,1676,12.8271,14.8365
2392,79.733,1500,492,2355,1677,11.8484,12.4813
2393,79.767,1501,492,2357,1681,12.3034,12.9567
2394,79.800,1502,490,2357,1680,12.3935,15.0869
2395,79.833,1503,489,2356,1677,16.5585,16.0274
2396,79.867,1502,490,2356,1676,17.5140,14.7590
2397,79.900,1503,491,2354,1663,21.5609,14.2287
2398,79.933,1503,492,2354,1662,20.5008,13.3152
2399,79.967,1503,498,2355,1666,21.2329,15.4181
2400,80.000,1504,493,2357,1665,21.7457,13.6020
2401,80.033,1505,506,2354,1674,22.9306,14.7485
2402,80.067,1504,506,2354,1676,23.1492,15.9273
2403,80.100,1504,505,2354,1677,23.6335,11.0336
2404,80.133,1505,505,2354,1677,22.3526,11.3614
2405,80.167,1505,505,2353,1676,22.1002,11.5880
2406,80.200,1505,506,2353,1678,22.9035,12.0770
2407,80.233,1506,509,2350,1673,19.0600,11.2541
2408,80.267,1508,517,2363,1686,24.0615,9.1377
2409,80.300,1510,517,2363,1690,25.2037,8.1274
2410,80.333,1505,517,2362,1679,21.4175,14.1090
2411,80.367,1504,516,2362,1678,22.1167,12.3422
2412,80.400,1504,514,2362,1678,22.6835,11.2251
2413,80.433,1503,516,2362,1678,23.5928,11.5438
2414,80.467,1508,509,2349,1677,23.4512,12.2979
2415,80.500,1507,509,2349,1676,24.4601,10.0205
2416,80.533,1507,512,2347,1677,21.9553,13.5143
2417,80.567,1508,511,2346,1675,22.3087,14.8401
2418,80.600,1508,509,2346,1678,21.5847,13.4971
2419,80.633,1508,509,2347,1682,23.0375,15.3801
2420,80.667,1504,515,2359,1683,25.8963,11.6938
2421,80.700,1504,518,2359,1683,21.8421,10.1182
2422,80.733,1503,513,2360,1689,24.0999,12.4163
2423,80.767,1507,502,2350,1689,23.9430,7.8950
2424,80.800,1506,499,2351,1690,22.9670,8.5432
2425,80.833,1505,495,2350,1689,24.5466,9.0225
2426,80.867,1505,494,2351,1688,24.3540,8.7842
2427,80.900,1505,493,2351,1687,22.5271,8.9852
2428,80.933,1505,496,2352,1684,20.3492,8.1572
2429,80.967,1504,498,2351,1683,24.0978,7.6367
2430,81.000,1504,498,2350,1678,21.5840,9.6129
2431,81.033,1504,498,2350,1678,22.6641,10.1162
2432,81.067,1503,499,2351,1678,24.2426,9.7534
2433,81.100,1503,500,2350,1678,23.4945,8.9427
2434,81.133,1503,501,2351,1677,23.8904,7.6242
2435,81.167,1504,500,2352,1675,21.8175,7.2504
2436,81.200,1503,498,2352,1677,18.4372,8.2466
2437,81.233,1503,499,2352,1675,21.1211,6.8506
2438,81.267,1504,498,2352,1676,17.2367,8.6729
2439,81.300,1504,498,2352,1678,18.5014,9.7366
2440,81.333,1504,498,2352,1677,16.6262,9.4834
2441,81.367,1503,498,2354,1679,19.2706,9.1962
2442,81.400,1503,498,2353,1678,19.2896,9.3890
2443,81.433,1503,499,2354,1677,20.7119,6.9436
2444,81.467,1503,497,2354,1676,18.1207,9.4231
2445,81.500,1503,499,2354,1675,20.0854,6.5058
2446,81.533,1503,497,2354,1673,19.6331,8.2761
2447,81.567,1503,498,2353,1672,17.9974,8.8681
2448,81.600,1503,498,2353,1672,18.3387,9.1477
2449,81.633,1503,498,2353,1671,18.1593,9.0432
2450,81.667,1504,497,2353,1670,14.0548,10.8905
2451,81.700,1504,500,2352,1669,14.3339,12.9886
2452,81.733,1504,499,2353,1670,14.3096,11.9859
2453,81.767,1503,500,2353,1670,13.5902,14.1590
2454,81.800,1503,499,2353,1670,12.7893,12.1672
2455,81.833,1504,496,2354,1673,12.3160,13.1829
2456,81.867,1504,497,2353,1674,11.6380,14.5885
2457,81.900,1504,496,2354,1675,11.7407,12.7552
2458,81.933,1504,497,2354,1677,11.1714,13.8857
2459,81.967,1504,497,2354,1676,11.6978,13.8135
2460,82.000,1504,499,2355,1674,12.6439,11.4724
2461,82.033,1504,498,2355,1673,11.6768,12.9045
2462,82.067,1504,497,2355,1673,9.2153,11.8620
2463,82.100,1504,498,2355,1673,11.5471,12.7132
2464,82.133,1504,499,2354,1673,13.0339,11.5047
2465,82.167,1504,500,2354,1672,13.3996,10.4318
2466,82.200,1504,500,2354,1673,12.2831,9.8775
2467,82.233,1504,499,2354,1672,13.2635,11.5635
2468,82.267,1504,500,2355,1673,13.4741,11.7229
2469,82.300,1504,501,2355,1672,13.2789,12.5782
2470,82.333,1504,501,2355,1673,14.1028,13.6756
2471,82.367,1503,500,2355,1673,14.6574,12.5509
2472,82.400,1503,501,2355,1675,21.0578,8.5761
2473,82.433,1503,503,2354,1676,23.1648,10.2953
2474,82.467,1503,502,2354,1676,21.9566,10.3710
2475,82.500,1503,504,2354,1676,21.9812,10.8819
2476,82.533,1503,501,2354,1676,22.1834,9.8058
2477,82.567,1503,502,2355,1677,23.0045,9.5453
2478,82.600,1502,501,2355,1678,20.5161,11.1393
2479,82.633,1502,501,2355,1677,21.9795,9.5281
2480,82.667,1502,502,2356,1678,22.1139,11.7736
2481,82.700,1502,502,2355,1680,21.1534,10.3110
2482,82.733,1501,503,2355,1678,21.0658,10.8021
2483,82.767,1501,503,2355,1678,21.0008,10.8001
2484,82.800,1501,502,2356,1676,20.8939,9.8289
2485,82.833,1502,502,2356,1675,21.0372,9.2791
2486,82.867,1502,503,2356,1675,21.6827,10.9174
2487,82.900,1502,502,2356,1675,21.2089,9.3064
2488,82.933,1502,502,2355,1673,21.2555,12.0121
2489,82.967,1502,501,2355,1674,21.7590,11.1722
2490,83.000,1502,504,2356,1673,22.7985,11.7445
2491,83.033,1502,504,2356,1672,22.8454,9.9233
2492,83.067,1502,503,2356,1671,22.5587,10.6703
2493,83.100,1502,505,2356,1671,23.1833,8.8796
2494,83.133,1502,506,2357,1671,22.9225,8.0379
2495,83.167,1503,504,2357,1672,22.4227,9.4616
2496,83.200,1499,514,2366,1677,21.4377,15.1389
2497,83.233,1503,505,2358,1672,21.2811,7.9520
2498,83.267,1503,506,2357,1672,22.7930,7.1451
2499,83.300,1503,504,2357,1671,22.4832,8.2354
2500,83.333,1503,505,2357,1671,22.2771,8.1967
2501,83.367,1503,505,2357,1671,22.1482,8.4138
2502,83.400,1503,504,2357,1671,22.5952,8.6501
2503,83.433,1504,504,2357,1671,21.8951,9.1763
2504,83.467,1504,504,2357,1671,22.0289,9.6071
2505,83.500,1504,504,2357,1671,22.1887,9.9378
2506,83.533,1504,504,2357,1671,22.1588,9.9262
2507,83.567,1504,503,2357,1671,19.9099,14.4917
2508,83.600,1504,503,2357,1671,20.1888,14.4542
2509,83.633,1503,504,2357,1671,22.0806,7.6548
2510,83.667,1503,502,2358,1671,20.6852,7.8815
2511,83.700,1503,501,2358,1673,20.6606,10.0200
2512,83.733,1503,501,2358,1673,20.7472,9.8401
2513,83.767,1503,499,2358,1673,19.5697,8.7192
2514,83.800,1503,500,2359,1674,20.5529,9.4457
2515,83.833,1504,501,2359,1673,20.5438,10.5748
2516,83.867,1504,500,2359,1673,20.4587,10.1332
2517,83.900,1503,499,2359,1673,19.7361,8.1258
2518,83.933,1504,500,2359,1672,20.3421,6.9488
2519,83.967,1505,498,2358,1674,18.7822,7.4286
2520,84.000,1510,481,2358,1671,17.4576,6.0485
2521,84.033,1510,477,2360,1673,9.7442,10.3994
2522,84.067,1511,477,2359,1674,9.7763,11.6348
2523,84.100,1510,483,2359,1675,7.7599,10.9347
2524,84.133,1508,507,2367,1684,7.4868,10.3667
2525,84.167,1507,504,2367,1684,8.9374,9.6367
2526,84.200,1508,507,2368,1684,7.4223,11.2141
2527,84.233,1507,508,2367,1683,6.6788,16.4183
2528,84.267,1507,508,2367,1683,7.6975,17.9505
2529,84.300,1507,506,2367,1683,6.8436,17.1643
2530,84.333,1506,507,2366,1682,6.0650,15.2002
2531,84.367,1506,510,2366,1682,5.5264,17.6484
2532,84.400,1505,511,2367,1682,6.9158,16.4047
2533,84.433,1505,513,2366,1683,6.3672,19.3407
2534,84.467,1505,512,2366,1683,9.1061,16.7867
2535,84.500,1505,512,2366,1683,8.8814,16.6489
2536,84.533,1505,514,2367,1685,8.2422,16.6315
2537,84.567,1505,513,2366,1685,9.2723,18.2607
2538,84.600,1505,513,2367,1685,9.2364,16.8878
2539,84.633,1505,513,2367,1685,9.3906,16.9368
2540,84.667,1505,512,2367,1686,9.1262,15.4679
2541,84.700,1505,513,2367,1685,9.4054,16.6249
2542,84.733,1505,513,2367,1685,10.2272,17.2742
2543,84.767,1505,513,2367,1685,10.0690,17.3312
2544,84.800,1505,511,2367,1686,10.1258,18.5856
2545,84.833,1504,513,2367,1687,13.9036,13.7310
2546,84.867,1504,512,2367,1687,15.6185,14.0824
2547,84.900,1504,512,2368,1687,14.9535,14.8066
2548,84.933,1504,511,2367,1688,15.9360,14.3296
2549,84.967,1504,512,2367,1688,12.9826,13.7062
2550,85.000,1506,508,2366,1690,15.9731,14.4409
2551,85.033,1506,508,2366,1688,16.1851,14.6324
2552,85.067,1506,508,2366,1688,16.2873,15.1746
2553,85.100,1502,513,2369,1683,14.6810,11.1841
2554,85.133,1502,514,2368,1684,13.9085,13.4082
2555,85.167,1502,514,2369,1682,14.0448,14.3039
2556,85.200,1502,515,2369,1682,13.5476,14.8696
2557,85.233,1505,509,2366,1685,16.3246,10.4413
2558,85.267,1506,506,2359,1671,22.3804,7.5760
2559,85.300,1507,501,2359,1667,22.0658,10.5530
2560,85.333,1506,504,2358,1667,23.3383,11.3257
2561,85.367,1506,509,2360,1663,20.9999,17.7994
2562,85.400,1505,505,2359,1663,20.3121,12.1382
2563,85.433,1504,509,2361,1661,21.9456,12.2872
2564,85.467,1504,509,2360,1661,22.4345,13.7865
2565,85.500,1504,506,2361,1663,21.5853,14.4446
2566,85.533,1504,507,2362,1663,21.6182,13.4313
2567,85.567,1504,506,2361,1661,21.7963,13.3975
2568,85.600,1504,506,2361,1661,21.3738,13.3755
2569,85.633,1504,502,2361,1659,20.6293,12.7950
2570,85.667,1503,502,2361,1659,19.9996,12.7804
2571,85.700,1504,503,2360,1660,20.1913,12.7232
2572,85.733,1503,504,2360,1659,19.2252,16.5843
2573,85.767,1503,504,2360,1659,19.4429,16.9872
2574,85.800,1505,500,2359,1656,16.8053,9.7777
2575,85.833,1504,502,2359,1657,16.7875,10.7713
2576,85.867,1504,485,2360,1657,6.6341,8.7865
2577,85.900,1504,495,2359,1660,9.1844,7.1586
2578,85.933,1505,496,2358,1661,13.8298,6.2480
2579,85.967,1505,504,2359,1662,4.9547,10.1795
2580,86.000,1504,510,2360,1660,6.2021,15.0547
2581,86.033,1504,509,2359,1660,6.9021,15.2306
2582,86.067,1504,517,2367,1671,6.7691,14.1292
2583,86.100,1504,518,2367,1672,7.1915,16.1664
2584,86.133,1504,517,2367,1672,6.9892,15.2634
2585,86.167,1504,515,2367,1673,8.2777,17.8973
2586,86.200,1504,512,2359,1663,10.5323,19.9161
2587,86.233,1505,513,2359,1663,9.2976,18.6118
2588,86.267,1505,511,2358,1663,8.6215,18.8471
2589,86.300,1504,511,2358,1665,9.4023,20.2537
2590,86.333,1504,510,2358,1664,8.7999,20.3024
2591,86.367,1504,509,2358,1665,9.2739,19.5661
2592,86.400,1504,511,2358,1667,17.8796,14.7614
2593,86.433,1504,512,2357,1665,19.2553,14.9607
2594,86.467,1503,513,2357,1667,18.8926,17.1484
2595,86.500,1503,513,2357,1667,20.0104,16.3921
2596,86.533,1503,513,2357,1668,20.2141,13.6856
2597,86.567,1503,511,2358,1668,19.3183,12.3465
2598,86.600,1503,512,2358,1668,19.9487,16.3106
2599,86.633,1503,511,2358,1668,19.1344,12.3179
2600,86.667,1502,514,2364,1679,19.5225,13.7270
2601,86.700,1503,510,2359,1671,19.6378,14.4457
2602,86.733,1502,516,2365,1679,19.5312,11.0794
2603,86.767,1502,516,2365,1679,19.4969,10.6329
2604,86.800,1501,517,2365,1680,20.4989,12.4161
2605,86.833,1503,510,2359,1671,20.0448,14.5032
2606,86.867,1502,510,2359,1671,18.7224,13.1453
2607,86.900,1503,510,2359,1671,19.9552,14.4692
2608,86.933,1502,512,2359,1672,20.3504,13.7510
2609,86.967,1502,514,2359,1672,20.5843,17.1835
2610,87.000,1504,511,2361,1674,21.4521,14.6122
2611,87.033,1504,507,2361,1674,27.4174,10.7744
2612,87.067,1504,508,2360,1674,29.0428,7.1716
2613,87.100,1504,508,2359,1673,30.2466,6.7648
2614,87.133,1504,508,2358,1674,30.5772,8.1034
2615,87.167,1503,509,2359,1672,29.4029,8.5396
2616,87.200,1503,510,2359,1672,29.8062,9.2039
2617,87.233,1503,506,2360,1671,29.8461,9.5254
2618,87.267,1504,507,2359,1671,31.1210,7.0634
2619,87.300,1503,507,2359,1671,30.4978,6.4522
2620,87.333,1503,506,2359,1671,30.1475,7.1450
2621,87.367,1502,506,2359,1670,26.9077,7.2000
2622,87.400,1503,504,2360,1670,30.0190,8.9029
2623,87.433,1503,504,2359,1671,27.4227,8.7687
2624,87.467,1503,504,2360,1670,29.3491,8.9005
2625,87.500,1503,506,2359,1669,20.7433,10.3151
2626,87.533,1503,505,2360,1671,23.4592,10.0380
2627,87.567,1502,507,2359,1678,22.4846,8.4180
2628,87.600,1504,511,2360,1671,21.7126,11.6705
2629,87.633,1502,511,2361,1678,21.9702,13.3343
2630,87.667,1502,515,2361,1676,21.4445,12.7821
2631,87.700,1501,522,2360,1675,22.2493,14.1228
2632,87.733,1501,523,2361,1676,26.1002,14.4343
2633,87.767,1500,525,2359,1678,23.6554,14.3635
2634,87.800,1503,523,2357,1657,20.8892,1.1441
2635,87.833,1507,507,2352,1634,9.3977,8.1989
2636,87.867,1504,518,2354,1635,10.0567,9.1578
2637,87.900,1502,529,2355,1633,11.3821,12.5555
2638,87.933,1503,527,2355,1626,9.8595,14.4373
2639,87.967,1503,521,2355,1626,10.3871,15.3958
2640,88.000,1505,506,2355,1622,9.6172,16.1291
2641,88.033,1505,503,2355,1628,13.4023,17.8869
2642,88.067,1504,502,2355,1626,12.9945,18.3087
2643,88.100,1504,501,2356,1625,11.4914,17.1647
2644,88.133,1504,503,2356,1628,10.8977,19.7485
2645,88.167,1503,506,2357,1629,11.2042,19.7238
2646,88.200,1505,506,2358,1625,10.9548,18.7888
2647,88.233,1503,510,2359,1629,10.7859,18.6928
2648,88.267,1504,508,2358,1627,12.7751,19.4777
2649,88.300,1503,508,2357,1625,10.5333,21.7947
2650,88.333,1503,508,2357,1625,10.5333,21.7947
2651,88.367,1505,505,2361,1635,9.5102,19.5912
2652,88.400,1496,508,2371,1647,9.8673,16.5362
2653,88.433,1502,506,2362,1640,12.8940,18.0606
2654,88.467,1502,503,2362,1643,15.5306,16.5504
2655,88.500,1500,504,2363,1652,16.6971,15.4166
2656,88.533,1500,505,2363,1651,15.3304,13.9457
2657,88.567,1500,505,2362,1649,16.5144,15.2072
2658,88.600,1500,505,2362,1648,16.9808,15.8798
2659,88.633,1500,505,2361,1647,16.9170,14.6020
2660,88.667,1500,506,2360,1650,17.8076,13.5480
2661,88.700,1499,505,2362,1654,20.2732,15.6120
2662,88.733,1500,504,2362,1652,19.7328,15.8063
2663,88.767,1500,505,2363,1655,21.4553,15.2523
2664,88.800,1500,505,2362,1651,21.0254,13.8942
2665,88.833,1501,503,2361,1654,21.3941,13.7762
2666,88.867,1500,503,2361,1655,21.2769,14.6701
2667,88.900,1500,505,2361,1661,22.5664,15.5337
2668,88.933,1500,504,2361,1662,20.8163,13.2148
2669,88.967,1500,503,2361,1662,21.9725,13.3698
2670,89.000,1501,497,2362,1664,18.9316,13.2619
2671,89.033,1501,498,2362,1664,19.0473,12.2058
2672,89.067,1501,499,2363,1666,19.4815,11.9396
2673,89.100,1500,498,2362,1668,18.4945,12.0937
2674,89.133,1501,500,2362,1668,19.5795,13.4339
2675,89.167,1500,500,2362,1669,20.3905,15.0486
2676,89.200,1500,500,2361,1667,19.9063,14.7548
2677,89.233,1500,500,2362,1667,19.5577,12.5893
2678,89.267,1500,498,2362,1668,20.2858,12.0070
2679,89.300,1500,495,2362,1670,19.7915,11.9829
2680,89.333,1500,495,2362,1670,19.9078,12.1876
2681,89.367,1500,495,2362,1670,20.0002,11.8839
2682,89.400,1500,496,2362,1671,20.1645,12.1987
2683,89.433,1500,495,2362,1671,20.2517,11.4179
2684,89.467,1500,496,2362,1671,20.1439,12.4054
2685,89.500,1500,496,2362,1671,20.1678,12.0772
2686,89.533,1499,498,2362,1673,22.9601,10.6435
2687,89.567,1499,499,2362,1673,22.1595,11.5514
2688,89.600,1499,498,2362,1673,21.9978,9.7064
2689,89.633,1499,499,2362,1672,18.4260,13.5538
2690,89.667,1499,500,2362,1675,19.7487,12.6265
2691,89.700,1500,502,2362,1677,10.4865,13.0781
2692,89.733,1499,504,2362,1677,9.8246,15.0465
2693,89.767,1499,510,2361,1677,10.1811,13.8787
2694,89.800,1499,504,2362,1677,11.0872,16.1511
2695,89.833,1500,499,2361,1677,11.4042,15.1506
2696,89.867,1501,497,2361,1676,9.6778,14.9273
2697,89.900,1501,497,2362,1678,8.9393,15.4985
2698,89.933,1502,495,2363,1678,10.2234,14.0085
2699,89.967,1501,503,2364,1681,13.0256,13.3708
2700,90.000,1502,503,2364,1684,11.8335,13.5773
2701,90.033,1504,502,2364,1688,10.9599,12.9938
2702,90.067,1504,501,2364,1693,10.9543,12.6317
2703,90.100,1504,502,2364,1697,9.6285,12.3426
2704,90.133,1502,517,2369,1701,9.2008,11.3533
2705,90.167,1500,523,2367,1706,11.9807,12.6446
2706,90.200,1507,523,2366,1699,11.4491,13.5616
2707,90.233,1503,518,2367,1713,10.6647,12.4131
2708,90.267,1502,518,2366,1711,10.2371,12.2884
2709,90.300,1501,513,2367,1716,7.5991,13.4108
2710,90.333,1501,511,2366,1715,9.0365,13.5903
2711,90.367,1500,511,2366,1720,8.7655,12.7850
2712,90.400,1505,518,2363,1720,12.5663,13.3801
2713,90.433,1507,518,2364,1721,12.0417,13.5583
2714,90.467,1508,514,2365,1726,11.0374,14.4152
2715,90.500,1509,513,2368,1726,11.6590,12.7287
2716,90.533,1509,518,2370,1725,11.7574,11.3631
2717,90.567,1510,515,2371,1724,10.7693,15.4567
2718,90.600,1509,523,2370,1693,9.3580,14.4528
2719,90.633,1506,527,2372,1688,13.5337,12.8897
2720,90.667,1506,527,2372,1689,12.2771,12.5448
2721,90.700,1503,530,2374,1688,11.7322,11.1399
2722,90.733,1502,530,2373,1686,10.7382,10.0170
2723,90.767,1502,535,2374,1686,12.4354,10.8397
2724,90.800,1501,537,2374,1684,10.7136,10.3629
2725,90.833,1501,539,2374,1686,11.0298,11.5811
2726,90.867,1500,541,2374,1686,10.0702,12.2883
2727,90.900,1501,540,2374,1687,11.0897,11.6723
2728,90.933,1500,543,2373,1687,11.3391,12.0725
2729,90.967,1500,545,2372,1687,10.3461,12.2258
2730,91.000,1501,544,2372,1681,20.7672,8.0681
2731,91.033,1502,542,2372,1682,24.5152,10.1517
2732,91.067,1502,541,2372,1681,24.3229,10.6778
2733,91.100,1502,541,2372,1681,24.1501,10.9373
2734,91.133,1502,539,2372,1681,23.5830,12.0164
2735,91.167,1502,539,2371,1681,23.9452,11.2704
2736,91.200,1503,539,2371,1680,23.4050,11.4496
2737,91.233,1503,538,2371,1682,25.7083,13.5921
2738,91.267,1502,539,2370,1682,23.7558,13.5566
2739,91.300,1502,538,2370,1683,23.2781,11.8197
2740,91.333,1501,543,2373,1681,8.4625,15.2996
2741,91.367,1501,543,2373,1683,8.5389,13.3496
2742,91.400,1502,538,2374,1679,5.1492,15.0363
2743,91.433,1503,538,2374,1688,4.3521,16.5701
2744,91.467,1504,536,2373,1690,3.8623,16.6388
2745,91.500,1505,535,2373,1692,3.0513,15.7309
2746,91.533,1506,536,2373,1699,3.5588,16.2804
2747,91.567,1507,534,2372,1702,2.1759,14.9618
2748,91.600,1508,530,2372,1699,4.2455,13.3656
2749,91.633,1508,533,2372,1698,4.4603,13.6699
2750,91.667,1507,529,2372,1695,-0.0798,16.9229
2751,91.700,1507,532,2372,1693,-1.7892,16.3470
2752,91.733,1508,532,2372,1689,-1.0117,17.6738
2753,91.767,1508,533,2372,1687,-2.2594,18.5363
2754,91.800,1506,533,2372,1690,-2.2780,17.3802
2755,91.833,1506,538,2370,1683,-2.6404,17.5606
2756,91.867,1508,526,2375,1677,-3.1000,16.7482
2757,91.900,1507,526,2375,1682,-2.9993,18.1030
2758,91.933,1507,522,2374,1679,-2.7827,18.4595
2759,91.967,1506,513,2368,1683,-0.1376,16.2862
2760,92.000,1507,518,2374,1683,-1.5876,17.3217
2761,92.033,1509,518,2373,1683,0.1201,13.5310
2762,92.067,1508,518,2373,1682,-0.5742,13.3921
2763,92.100,1508,516,2371,1679,-0.2478,14.0803
2764,92.133,1508,515,2371,1678,0.3341,14.8817
2765,92.167,1506,516,2371,1679,-0.6329,13.4474
2766,92.200,1507,516,2370,1679,-0.7945,13.9133
2767,92.233,1506,516,2370,1680,-1.0795,12.4368
2768,92.267,1506,518,2370,1681,-0.9681,13.2920
2769,92.300,1506,518,2370,1682,-0.3943,12.4299
2770,92.333,1506,518,2370,1681,-0.9964,13.6944
2771,92.367,1507,519,2370,1682,-0.4098,12.8488
2772,92.400,1508,519,2370,1682,3.9575,11.1710
2773,92.433,1507,517,2368,1680,4.6184,13.3765
2774,92.467,1508,517,2368,1680,5.8606,13.3938
2775,92.500,1507,515,2368,1679,7.2048,12.5773
2776,92.533,1507,515,2368,1680,6.8459,10.4457
2777,92.567,1507,514,2368,1680,7.6127,11.2766
2778,92.600,1506,513,2368,1681,6.4273,10.0902
2779,92.633,1506,513,2368,1681,6.4273,10.0902
2780,92.667,1504,513,2368,1681,6.1011,11.5847
2781,92.700,1506,509,2362,1677,7.6980,8.9655
2782,92.733,1504,514,2367,1679,7.1602,9.8481
2783,92.767,1504,514,2367,1679,6.9737,9.7565
2784,92.800,1503,513,2367,1676,6.1696,8.9482
2785,92.833,1504,513,2368,1676,6.6013,11.4296
2786,92.867,1503,510,2368,1679,11.1245,14.4114
2787,92.900,1503,508,2368,1679,9.9819,11.6012
2788,92.933,1503,511,2368,1679,8.8755,10.9309
2789,92.967,1503,517,2370,1679,9.4143,11.8957
2790,93.000,1502,517,2369,1677,8.2325,9.4210
2791,93.033,1502,520,2369,1676,10.2399,10.8609
2792,93.067,1501,519,2369,1676,9.7229,9.2040
2793,93.100,1501,519,2369,1678,10.0179,9.8517
2794,93.133,1502,518,2368,1677,10.8518,12.8886
2795,93.167,1501,516,2366,1679,10.5372,12.7701
2796,93.200,1502,514,2367,1680,10.0303,12.6777
2797,93.233,1501,515,2366,1679,10.0449,10.3241
2798,93.267,1501,507,2358,1674,11.9843,12.3760
2799,93.300,1501,506,2357,1676,12.1893,13.8781
2800,93.333,1500,507,2357,1676,12.2900,13.0981
2801,93.367,1501,503,2357,1675,11.5979,14.9407
2802,93.400,1500,505,2357,1676,12.7409,11.8524
2803,93.433,1504,499,2355,1676,11.1667,5.9479
2804,93.467,1505,498,2354,1675,10.1268,6.4810
2805,93.500,1505,482,2354,1671,11.8036,8.2479
2806,93.533,1504,497,2354,1672,11.9874,5.5091
2807,93.567,1505,495,2355,1673,9.5135,6.8874
2808,93.600,1502,509,2365,1681,9.9671,8.1211
2809,93.633,1502,509,2367,1681,10.4767,12.7159
2810,93.667,1502,509,2367,1683,10.7912,12.1408
2811,93.700,1502,510,2367,1684,9.0946,10.8333
2812,93.733,1502,511,2367,1683,10.0610,11.0018
2813,93.767,1505,505,2358,1680,9.8944,7.6056
2814,93.800,1502,511,2367,1684,7.7834,12.0430
2815,93.833,1505,505,2358,1679,9.5127,9.4526
2816,93.867,1505,505,2358,1679,9.7736,9.4541
2817,93.900,1502,512,2366,1684,6.8881,12.6152
2818,93.933,1503,511,2367,1683,7.4751,10.6022
2819,93.967,1503,514,2367,1685,8.1000,10.6610
2820,94.000,1508,490,2359,1682,8.8157,1.4926
2821,94.033,1506,483,2360,1681,-0.1058,0.8781
2822,94.067,1505,483,2361,1680,0.2483,-1.8232
2823,94.100,1501,510,2367,1685,-0.6824,7.2877
2824,94.133,1502,512,2368,1685,-1.8996,11.2768
2825,94.167,1502,510,2368,1685,-0.5571,11.1596
2826,94.200,1501,512,2367,1686,-0.9189,13.2512
2827,94.233,1501,511,2367,1686,-0.1844,16.1521
2828,94.267,1500,513,2367,1689,-2.3194,12.6642
2829,94.300,1504,504,2360,1686,1.0637,12.3051
2830,94.333,1503,505,2361,1689,1.2258,11.5949
2831,94.367,1500,511,2368,1692,-1.1164,13.5547
2832,94.400,1503,505,2362,1693,1.8808,11.3986
2833,94.433,1502,503,2363,1694,1.7466,12.3158
2834,94.467,1502,503,2363,1694,2.3016,11.8892
2835,94.500,1502,503,2363,1695,0.5908,11.3183
2836,94.533,1502,505,2363,1695,1.7801,12.7814
2837,94.567,1502,505,2362,1694,1.3652,13.1148
2838,94.600,1502,505,2362,1694,1.6231,13.0872
2839,94.633,1501,504,2362,1694,1.0593,11.7955
2840,94.667,1501,506,2362,1696,0.1447,14.1647
2841,94.700,1501,506,2363,1695,0.9898,11.8784
2842,94.733,1501,506,2362,1694,-0.3911,13.8275
2843,94.767,1501,505,2362,1694,0.3088,13.8963
2844,94.800,1501,504,2362,1693,2.2904,13.5028
2845,94.833,1501,506,2363,1695,3.1056,11.2236
2846,94.867,1502,507,2363,1695,2.8199,14.3532
2847,94.900,1502,506,2363,1695,4.5115,11.9408
2848,94.933,1500,513,2370,1695,3.5463,12.8839
2849,94.967,1500,513,2370,1694,3.7355,13.2253
2850,95.000,1500,510,2371,1693,3.6017,10.2543
2851,95.033,1500,510,2372,1693,3.1935,12.3105
2852,95.067,1500,510,2371,1693,3.3151,10.2446
2853,95.100,1500,511,2372,1693,2.7585,12.5787
2854,95.133,1500,510,2372,1693,2.8578,13.0614
2855,95.167,1500,513,2373,1692,2.8342,11.9189
2856,95.200,1499,511,2372,1692,1.0773,12.7746
2857,95.233,1499,511,2372,1692,0.5520,12.9557
2858,95.267,1500,509,2372,1692,-7.2478,12.6817
2859,95.300,1502,507,2372,1689,-5.4132,14.4717
2860,95.333,1502,508,2372,1690,-5.6917,13.5838
2861,95.367,1502,507,2372,1691,-4.8916,14.7916
2862,95.400,1503,507,2372,1692,-3.6819,14.8445
2863,95.433,1503,512,2372,1690,-4.5753,17.1265
2864,95.467,1503,513,2372,1689,-4.1735,16.3831
2865,95.500,1502,514,2371,1689,-3.8493,18.0408
2866,95.533,1502,514,2372,1690,-4.5358,17.5119
2867,95.567,1503,515,2372,1688,-2.0190,16.1442
2868,95.600,1503,515,2372,1688,-1.8253,16.1987
2869,95.633,1503,515,2372,1686,-3.1311,16.8575
2870,95.667,1503,514,2373,1687,-2.9723,16.6075
2871,95.700,1504,513,2373,1687,-3.5749,16.9420
2872,95.733,1504,512,2373,1686,-3.9146,15.4227
2873,95.767,1504,511,2373,1686,-3.1628,13.2887
2874,95.800,1504,509,2373,1687,-6.8461,8.3351
2875,95.833,1503,513,2372,1686,-5.0519,10.6314
2876,95.867,1503,513,2372,1687,-7.6607,11.5457
2877,95.900,1502,516,2372,1689,-5.9283,9.0741
2878,95.933,1502,515,2372,1690,-6.9452,10.8570
2879,95.967,1502,516,2373,1692,-5.8737,10.3743
2880,96.000,1503,522,2372,1692,-5.5526,8.0746
2881,96.033,1504,527,2372,1691,-6.0729,8.6460
2882,96.067,1507,524,2371,1692,-5.7508,9.2232
2883,96.100,1507,523,2371,1704,-6.2345,6.3777
2884,96.133,1505,529,2376,1706,-4.3730,9.6309
2885,96.167,1509,521,2375,1722,2.3537,12.2391
2886,96.200,1509,523,2375,1722,4.1497,12.4466
2887,96.233,1508,516,2373,1732,0.9873,11.6026
2888,96.267,1511,526,2374,1716,3.5588,9.0934
2889,96.300,1510,519,2372,1710,4.3906,10.3104
2890,96.333,1509,519,2373,1710,3.6493,9.8838
2891,96.367,1509,519,2373,1708,3.9752,10.2233
2892,96.400,1509,515,2372,1704,6.2285,8.6630
2893,96.433,1509,519,2374,1708,20.2422,9.3955
2894,96.467,1511,515,2372,1725,19.9359,8.8686
2895,96.500,1510,520,2372,1726,22.5687,9.8081
2896,96.533,1510,523,2370,1711,22.5019,14.0263
2897,96.567,1507,528,2370,1748,20.3607,12.4787
2898,96.600,1507,527,2370,1745,20.2400,11.0778
2899,96.633,1508,526,2369,1736,20.5606,12.7464
2900,96.667,1506,526,2368,1741,21.1343,12.7149
2901,96.700,1504,521,2370,1731,18.6060,11.2403
2902,96.733,1506,518,2372,1743,23.3989,8.9430
2903,96.767,1506,515,2370,1736,20.9567,9.3288
2904,96.800,1505,509,2370,1722,22.9574,12.4070
2905,96.833,1503,512,2372,1720,21.8393,11.8157
2906,96.867,1506,515,2371,1714,21.8350,9.5879
2907,96.900,1510,518,2369,1704,23.1683,9.7991
2908,96.933,1512,525,2369,1705,16.6303,11.7316
2909,96.967,1510,527,2370,1717,14.8857,15.1301
2910,97.000,1506,522,2368,1730,6.3061,11.3944
2911,97.033,1505,515,2368,1734,5.1220,16.0508
2912,97.067,1504,514,2366,1738,6.7173,15.4171
2913,97.100,1502,514,2369,1729,6.7254,15.9484
2914,97.133,1501,510,2367,1733,6.8176,13.3261
2915,97.167,1500,508,2369,1720,3.6752,13.9486
2916,97.200,1501,514,2367,1732,3.0983,13.7971
2917,97.233,1501,514,2367,1732,5.2646,14.1794
2918,97.267,1501,511,2368,1732,4.7588,12.9603
2919,97.300,1501,505,2367,1728,6.7726,15.3721
2920,97.333,1500,505,2372,1721,3.2066,15.5688
2921,97.367,1500,503,2372,1723,3.1742,14.0562
2922,97.400,1500,502,2371,1714,3.1432,16.3669
2923,97.433,1500,503,2370,1725,4.6895,15.9499
2924,97.467,1501,502,2369,1721,2.3997,16.3446
2925,97.500,1501,508,2369,1716,2.8287,15.8956
2926,97.533,1501,507,2370,1715,2.5637,14.2099
2927,97.567,1502,513,2371,1718,0.4321,13.0446
2928,97.600,1506,519,2366,1705,3.3849,11.7152
2929,97.633,1504,540,2370,1714,3.8649,17.8043
2930,97.667,1502,542,2371,1722,1.1977,19.6056
2931,97.700,1506,546,2370,1761,4.6733,14.0775
2932,97.733,1506,544,2368,1726,4.5413,20.3008
2933,97.767,1506,545,2369,1726,5.7803,21.1515
2934,97.800,1504,534,2369,1720,3.0971,20.0961
2935,97.833,1501,539,2369,1725,2.2176,19.6203
2936,97.867,1500,544,2370,1723,2.0075,24.4674
2937,97.900,1501,548,2370,1723,2.9167,18.5948
2938,97.933,1502,541,2369,1714,0.3791,19.7282
2939,97.967,1502,541,2368,1712,0.0985,18.2431
2940,98.000,1501,535,2369,1719,-1.0877,17.0207
2941,98.033,1499,531,2371,1723,-2.1370,17.8342
2942,98.067,1500,528,2371,1731,-2.2706,16.7614
2943,98.100,1498,517,2374,1741,-0.5339,16.6737
2944,98.133,1499,515,2376,1747,-1.6989,18.8331
2945,98.167,1499,512,2375,1746,-3.3134,18.6909
2946,98.200,1503,511,2373,1728,-4.7470,18.8108
2947,98.233,1504,507,2373,1729,2.5687,15.0339
2948,98.267,1504,507,2374,1731,2.7347,13.7973
2949,98.300,1506,512,2374,1718,9.1865,15.3500
2950,98.333,1504,513,2374,1717,9.0782,14.0741
2951,98.367,1503,514,2374,1720,9.3336,11.1100
2952,98.400,1504,515,2373,1718,11.1388,9.7677
2953,98.433,1504,520,2372,1714,9.4501,12.3016
2954,98.467,1510,520,2372,1702,11.1870,12.3693
2955,98.500,1508,521,2374,1717,10.2868,12.4333
2956,98.533,1508,519,2374,1711,11.8915,12.6425
2957,98.567,1509,520,2373,1707,11.5973,15.8692
2958,98.600,1509,513,2375,1703,11.1100,15.3317
2959,98.633,1509,512,2375,1702,10.0820,16.9085
2960,98.667,1509,511,2375,1696,8.7008,13.2726
2961,98.700,1508,517,2376,1694,8.4387,17.5539
2962,98.733,1509,517,2377,1696,9.0825,19.2612
2963,98.767,1510,519,2377,1694,8.4370,15.7373
2964,98.800,1509,522,2376,1692,7.5451,14.3886
2965,98.833,1509,523,2376,1691,8.1523,15.8325
2966,98.867,1508,521,2376,1684,8.4507,17.3114
2967,98.900,1506,522,2376,1687,8.5223,15.4807
2968,98.933,1504,522,2376,1690,8.9311,17.5188
2969,98.967,1502,520,2377,1688,10.4708,15.0398
2970,99.000,1502,519,2376,1684,10.1516,13.0800
2971,99.033,1502,517,2376,1686,9.3671,13.9790
2972,99.067,1501,516,2377,1690,7.0008,15.9288
2973,99.100,1502,515,2377,1689,5.6678,12.8360
2974,99.133,1502,516,2377,1689,5.5500,14.0089
2975,99.167,1502,518,2378,1690,6.8036,16.6802
2976,99.200,1501,519,2379,1692,5.7369,12.8737
2977,99.233,1501,520,2379,1691,6.1553,14.8768
2978,99.267,1506,526,2380,1680,5.3466,15.5410
2979,99.300,1512,534,2377,1693,5.2671,13.9087
2980,99.333,1511,534,2376,1692,4.4472,15.4994
2981,99.367,1511,530,2375,1695,4.2743,11.9661
2982,99.400,1511,516,2372,1681,5.4665,9.3014
2983,99.433,1510,517,2371,1684,5.8143,5.9196
2984,99.467,1506,515,2373,1682,9.6433,11.1093
2985,99.500,1502,524,2376,1688,9.4901,8.8512
2986,99.533,1502,521,2376,1690,7.6604,9.9788
2987,99.567,1499,522,2376,1691,9.2081,13.1535
2988,99.600,1499,518,2376,1693,9.5738,13.5916
2989,99.633,1500,516,2375,1693,8.4374,13.3655
2990,99.667,1499,508,2371,1694,11.2100,8.2173
2991,99.700,1499,495,2362,1695,8.1396,7.4663
2992,99.733,1503,474,2360,1693,11.4473,6.3900
2993,99.767,1500,488,2362,1692,14.1842,6.5563
2994,99.800,1499,486,2363,1692,15.6898,6.7685
2995,99.833,1501,499,2364,1693,17.2487,10.0268
2996,99.867,1498,499,2364,1694,15.1440,11.5912
2997,99.900,1498,498,2365,1694,16.1487,10.8240
2998,99.933,1498,499,2365,1693,16.1739,8.0385
2999,99.967,1498,501,2365,1695,13.2346,13.1253
3000,100.000,1499,498,2364,1691,15.8515,10.5155
3001,100.033,1504,474,2360,1691,11.4299,6.2603
3002,100.067,1504,477,2360,1691,13.6391,5.9435
3003,100.100,1504,475,2361,1691,14.7847,6.2660
3004,100.133,1502,496,2360,1690,18.0659,7.3859
3005,100.167,1503,498,2361,1691,19.2154,6.4988
3006,100.200,1508,501,2371,1675,17.5055,5.4175
3007,100.233,1508,512,2370,1673,18.1450,8.8337
3008,100.267,1509,512,2370,1671,18.3633,8.6379
3009,100.300,1510,514,2370,1668,19.2172,6.8844
3010,100.333,1507,511,2369,1672,17.0237,9.9996
3011,100.367,1507,507,2368,1671,19.1409,8.3279
3012,100.400,1506,505,2366,1663,19.6058,8.8084
3013,100.433,1506,507,2367,1663,21.0884,10.4788
3014,100.467,1505,505,2366,1663,20.9999,7.2617
3015,100.500,1505,505,2365,1665,20.4956,7.1388
3016,100.533,1504,505,2364,1665,20.5070,6.3284
3017,100.567,1506,501,2355,1662,19.9170,8.2389
3018,100.600,1505,501,2355,1662,19.1049,8.3402
3019,100.633,1505,501,2355,1662,19.6481,8.4922
3020,100.667,1505,500,2355,1664,19.4392,10.6489
3021,100.700,1505,500,2355,1663,19.7996,9.2455
3022,100.733,1505,504,2356,1662,20.1264,8.5326
3023,100.767,1500,525,2366,1672,17.9186,11.8275
3024,100.800,1502,516,2366,1672,17.9071,10.2329
3025,100.833,1501,524,2365,1677,20.6881,11.1252
3026,100.867,1499,528,2366,1675,16.3225,9.5637
3027,100.900,1499,530,2365,1675,15.9914,8.9160
3028,100.933,1500,530,2366,1675,15.8150,8.1837
3029,100.967,1499,529,2366,1676,15.8209,9.2218
3030,101.000,1499,534,2368,1674,8.6953,12.1794
3031,101.033,1499,537,2369,1674,6.4611,13.9428
3032,101.067,1500,534,2369,1675,3.2838,14.1328
3033,101.100,1500,533,2369,1675,2.8747,12.4695
3034,101.133,1500,534,2370,1675,3.1258,13.2311
3035,101.167,1500,536,2370,1675,3.5903,14.1239
3036,101.200,1500,535,2370,1675,3.6215,15.0023
3037,101.233,1500,534,2370,1673,2.6844,13.0068
3038,101.267,1501,533,2369,1673,2.2657,15.2657
3039,101.300,1501,536,2369,1675,2.1138,16.1136
3040,101.333,1501,536,2369,1675,2.4545,15.9459
3041,101.367,1502,537,2369,1674,3.7236,15.0311
3042,101.400,1502,542,2368,1675,5.1446,15.4216
3043,101.433,1503,543,2368,1676,5.7869,14.0549
3044,101.467,1502,541,2369,1677,5.2743,14.7070
3045,101.500,1502,537,2370,1679,2.9163,15.4672
3046,101.533,1503,537,2370,1680,4.0923,14.7095
3047,101.567,1502,539,2370,1682,6.0959,14.8589
3048,101.600,1503,535,2370,1681,5.5935,15.9947
3049,101.633,1503,535,2371,1680,5.5323,15.8043
3050,101.667,1503,534,2371,1681,4.8636,14.4511
3051,101.700,1503,532,2371,1679,4.3842,15.3851
3052,101.733,1503,531,2371,1680,4.1346,15.4064
3053,101.767,1503,530,2371,1682,5.7199,14.5860
3054,101.800,1503,531,2371,1682,5.2485,14.8877
3055,101.833,1502,528,2373,1683,6.8929,15.5786
3056,101.867,1502,528,2372,1683,6.8225,15.6519
3057,101.900,1501,528,2373,1685,9.9752,13.6736
3058,101.933,1502,528,2372,1686,9.6693,13.5804
3059,101.967,1502,527,2372,1687,10.8484,15.4098
3060,102.000,1502,524,2372,1683,10.4048,16.9079
3061,102.033,1501,524,2372,1683,9.8685,17.4805
3062,102.067,1508,518,2370,1679,9.2485,14.3501
3063,102.100,1507,522,2372,1688,10.6136,14.1684
3064,102.133,1508,520,2371,1688,9.0426,13.6438
3065,102.167,1508,520,2371,1688,9.4478,13.6138
3066,102.200,1509,524,2372,1680,11.3069,17.8594
3067,102.233,1509,524,2373,1684,12.0651,16.7189
3068,102.267,1508,524,2373,1681,7.3884,18.3927
3069,102.300,1508,524,2374,1683,-4.8801,17.3423
3070,102.333,1508,525,2373,1684,-1.4483,18.7175
3071,102.367,1508,522,2373,1685,-3.1372,15.9459
3072,102.400,1508,522,2372,1683,-4.9455,14.3747
3073,102.433,1508,520,2373,1683,-3.3648,14.7107
3074,102.467,1508,521,2373,1680,-1.3722,18.1982
3075,102.500,1508,520,2373,1682,-2.4375,16.6834
3076,102.533,1507,521,2373,1681,-2.4948,18.4273
3077,102.567,1506,522,2373,1684,-2.3134,21.6946
3078,102.600,1506,523,2373,1682,-3.5546,20.8783
3079,102.633,1505,522,2373,1683,-4.3829,21.1101
3080,102.667,1505,514,2371,1681,0.4600,7.5887
3081,102.700,1505,514,2371,1683,8.9118,9.9831
3082,102.733,1504,511,2371,1683,10.6656,7.8278
3083,102.767,1506,515,2370,1684,22.1373,6.3353
3084,102.800,1505,512,2371,1683,23.2190,8.4599
3085,102.833,1503,515,2371,1686,21.1137,10.5471
3086,102.867,1504,513,2372,1683,23.1836,10.6506
3087,102.900,1503,514,2372,1683,21.2329,11.9388
3088,102.933,1503,515,2372,1683,20.5412,11.1336
3089,102.967,1501,518,2372,1682,22.0340,9.4657
3090,103.000,1502,515,2373,1678,23.1543,12.0593
3091,103.033,1502,515,2373,1677,22.2663,12.1594
3092,103.067,1502,515,2373,1678,23.2724,10.6114
3093,103.100,1502,516,2373,1678,21.7914,10.4945
3094,103.133,1501,516,2373,1677,23.1382,11.0772
3095,103.167,1502,516,2373,1678,20.6901,11.3874
3096,103.200,1502,516,2373,1678,21.4262,11.4719
3097,103.233,1502,515,2373,1679,22.4432,12.5403
3098,103.267,1502,516,2373,1679,21.9090,11.2792
3099,103.300,1501,517,2373,1679,23.6333,11.5359
3100,103.333,1501,518,2373,1680,24.4466,12.7242
3101,103.367,1501,518,2373,1680,25.0051,9.8647
3102,103.400,1500,518,2372,1680,24.1765,9.5562
3103,103.433,1499,523,2370,1678,23.2127,11.8178
3104,103.467,1501,523,2371,1677,25.0575,10.7368
3105,103.500,1500,526,2370,1675,24.5497,9.9406
3106,103.533,1498,523,2363,1666,23.4373,11.0091
3107,103.567,1496,523,2362,1665,21.1716,9.7307
3108,103.600,1496,524,2361,1658,23.2092,14.2244
3109,103.633,1495,528,2360,1659,22.2187,11.1422
3110,103.667,1495,528,2360,1659,22.5995,11.4548
3111,103.700,1495,526,2360,1663,20.8990,11.9848
3112,103.733,1496,527,2361,1659,12.8581,14.5942
3113,103.767,1497,519,2363,1652,13.2860,18.0443
3114,103.800,1497,527,2365,1648,8.9186,15.9489
3115,103.833,1496,529,2364,1645,8.7564,18.3085
3116,103.867,1493,528,2374,1662,7.8475,16.4007
3117,103.900,1495,515,2365,1633,8.2677,21.3284
3118,103.933,1493,516,2365,1637,6.8469,20.5121
3119,103.967,1492,512,2364,1637,7.0667,18.7630
3120,104.000,1490,518,2363,1635,7.8662,18.1413
3121,104.033,1490,517,2362,1633,8.6425,18.2020
3122,104.067,1490,518,2361,1630,8.5210,18.4126
3123,104.100,1490,512,2360,1631,8.4153,17.4221
3124,104.133,1489,508,2360,1633,8.6078,16.9808
3125,104.167,1488,515,2359,1632,8.9274,16.5874
3126,104.200,1488,514,2359,1632,8.3512,18.0293
3127,104.233,1491,515,2357,1629,5.3476,8.5729
3128,104.267,1490,518,2358,1633,6.2390,9.7639
3129,104.300,1493,507,2358,1633,-0.6909,10.5304
3130,104.333,1491,521,2360,1639,-2.5580,12.8132
3131,104.367,1492,519,2360,1641,-0.3780,8.5755
3132,104.400,1490,517,2359,1643,-0.4847,11.4102
3133,104.433,1490,515,2360,1645,-0.7907,14.1460
3134,104.467,1489,512,2359,1648,-0.9019,16.5808
3135,104.500,1494,500,2352,1638,1.3275,15.0315
3136,104.533,1491,491,2354,1658,-1.1197,11.0234
3137,104.567,1490,500,2354,1658,-0.6514,17.0820
3138,104.600,1491,508,2353,1658,-0.3949,19.4751
3139,104.633,1490,515,2352,1656,-0.1262,17.3479
3140,104.667,1490,516,2354,1659,2.2351,15.0727
3141,104.700,1488,515,2353,1660,0.4493,17.1402
3142,104.733,1487,518,2352,1660,0.4202,14.7252
3143,104.767,1487,519,2352,1658,-1.9293,15.0346
3144,104.800,1487,522,2352,1659,1.3908,12.1538
3145,104.833,1486,521,2353,1656,5.5980,12.3519
3146,104.867,1485,525,2352,1658,5.4249,16.0993
3147,104.900,1487,526,2351,1658,15.1964,9.8305
3148,104.933,1488,517,2351,1660,13.7025,14.0610
3149,104.967,1488,516,2352,1660,15.1870,13.7941
3150,105.000,1490,513,2353,1661,15.1429,15.2466
3151,105.033,1490,511,2352,1661,13.3804,17.0064
3152,105.067,1491,510,2354,1661,11.2651,16.5063
3153,105.100,1492,507,2356,1662,14.6417,13.8087
3154,105.133,1493,505,2356,1659,10.0795,11.1244
3155,105.167,1493,511,2356,1657,15.0116,15.2577
3156,105.200,1493,508,2355,1654,13.8650,14.1424
3157,105.233,1494,516,2355,1653,17.4171,14.5519
3158,105.267,1495,522,2353,1654,17.5302,10.6207
3159,105.300,1495,511,2353,1650,14.5045,13.6776
3160,105.333,1493,507,2353,1653,14.1971,13.8389
3161,105.367,1494,511,2354,1649,14.1761,14.7154
3162,105.400,1495,509,2355,1649,9.5434,13.1557
3163,105.433,1495,509,2354,1649,11.2106,13.9476
3164,105.467,1495,512,2354,1648,10.0990,14.4357
3165,105.500,1495,511,2353,1648,11.2550,14.7370
3166,105.533,1496,517,2352,1647,11.6931,15.0018
3167,105.567,1496,516,2351,1647,12.6731,15.3439
3168,105.600,1495,518,2351,1647,13.7135,16.3355
3169,105.633,1495,513,2352,1649,11.9602,14.3247
3170,105.667,1495,513,2353,1649,12.3587,15.1065
3171,105.700,1495,509,2353,1649,11.3061,16.3357
3172,105.733,1496,512,2352,1654,11.7667,15.5798
3173,105.767,1496,519,2353,1655,12.4020,15.3169
3174,105.800,1496,516,2353,1653,11.4141,15.2921
3175,105.833,1495,510,2354,1657,11.4348,16.2041
3176,105.867,1494,509,2354,1653,11.2192,14.2712
3177,105.900,1495,509,2355,1652,12.7066,15.3193
3178,105.933,1490,517,2369,1663,11.7997,10.7396
3179,105.967,1495,513,2355,1654,11.6550,13.1363
3180,106.000,1495,512,2357,1653,8.9145,12.9228
3181,106.033,1494,512,2357,1657,10.0674,14.7831
3182,106.067,1494,511,2357,1657,10.2516,13.4881
3183,106.100,1494,511,2356,1656,10.7516,14.3926
3184,106.133,1495,509,2355,1655,10.5128,14.3882
3185,106.167,1495,506,2356,1656,11.4462,14.5580
3186,106.200,1495,505,2356,1653,9.3936,16.8943
3187,106.233,1496,504,2356,1653,10.0993,17.6046
3188,106.267,1495,503,2356,1655,9.2167,17.2399
3189,106.300,1495,504,2356,1655,11.1353,15.8871
3190,106.333,1495,507,2356,1654,7.9484,15.7036
3191,106.367,1495,507,2356,1654,7.7380,15.7356
3192,106.400,1495,507,2357,1655,10.4161,16.5525
3193,106.433,1496,504,2358,1656,14.7340,16.8819
3194,106.467,1495,501,2358,1660,23.7964,12.9958
3195,106.500,1495,500,2358,1660,21.4203,10.6284
3196,106.533,1495,500,2358,1660,21.2465,8.7725
3197,106.567,1495,502,2358,1660,21.5586,12.1380
3198,106.600,1496,501,2358,1658,22.1532,10.6068
3199,106.633,1496,500,2359,1658,22.7676,14.4156
3200,106.667,1496,500,2359,1659,22.6864,12.4308
3201,106.700,1497,500,2358,1661,22.4996,12.3843
3202,106.733,1497,499,2358,1661,22.2843,13.0373
3203,106.767,1498,499,2358,1662,21.8130,13.8548
3204,106.800,1497,500,2358,1663,21.9523,13.5932
3205,106.833,1497,499,2358,1665,22.1743,11.9118
3206,106.867,1497,500,2358,1667,21.3928,12.4536
3207,106.900,1497,501,2357,1666,21.4177,11.9903
3208,106.933,1497,501,2358,1667,20.2934,10.2588
3209,106.967,1498,502,2358,1665,21.2221,11.2618
3210,107.000,1498,500,2356,1668,21.5403,9.4860
3211,107.033,1497,503,2356,1666,21.8491,14.2333
3212,107.067,1498,503,2357,1665,21.3002,11.8923
3213,107.100,1498,504,2357,1666,18.9512,13.9554
3214,107.133,1498,504,2357,1665,17.8654,15.8513
3215,107.167,1499,504,2356,1668,19.0835,16.8827
3216,107.200,1499,504,2356,1667,18.2189,16.6621
3217,107.233,1499,504,2356,1668,18.5615,16.5175
3218,107.267,1499,504,2356,1668,18.8951,15.8761
3219,107.300,1499,509,2356,1668,6.5357,19.5873
3220,107.333,1499,513,2356,1668,1.5514,19.6862
3221,107.367,1500,514,2355,1668,0.5070,19.8946
3222,107.400,1499,513,2355,1667,-0.3606,18.6347
3223,107.433,1499,516,2355,1664,1.0289,20.9642
3224,107.467,1499,514,2355,1665,1.6029,20.0415
3225,107.500,1498,516,2355,1666,1.1533,22.0588
3226,107.533,1498,515,2356,1668,0.6848,22.5621
3227,107.567,1498,517,2355,1667,0.0302,21.6375
3228,107.600,1498,517,2355,1667,-0.2075,21.7252
3229,107.633,1498,516,2355,1667,-0.7897,22.0860
3230,107.667,1498,517,2356,1666,0.0996,20.9490
3231,107.700,1498,517,2355,1665,4.0066,21.0039
3232,107.733,1499,511,2355,1667,9.8735,19.6132
3233,107.767,1499,513,2355,1666,9.9703,17.2075
3234,107.800,1498,514,2355,1666,10.2227,17.7996
3235,107.833,1499,512,2356,1667,10.0635,18.1205
3236,107.867,1498,512,2355,1668,10.7917,16.6823
3237,107.900,1499,513,2355,1666,10.4055,16.3836
3238,107.933,1499,510,2355,1667,8.8889,17.4995
3239,107.967,1499,510,2355,1666,10.5945,18.3106
3240,108.000,1497,510,2355,1667,16.1382,15.2836
3241,108.033,1497,511,2355,1666,18.2886,16.6589
3242,108.067,1497,511,2355,1664,18.7666,15.6620
3243,108.100,1497,507,2355,1664,20.0675,17.0426
3244,108.133,1497,506,2357,1666,18.4529,17.4146
3245,108.167,1498,506,2356,1665,19.0385,18.4793
3246,108.200,1499,506,2356,1666,17.2836,16.9547
3247,108.233,1499,505,2356,1665,19.0959,18.3068
3248,108.267,1499,505,2356,1666,16.8013,16.8277
3249,108.300,1499,506,2357,1666,19.0928,18.7729
3250,108.333,1498,505,2357,1667,17.6443,16.1104
3251,108.367,1500,502,2356,1662,20.7405,19.1255
3252,108.400,1500,498,2355,1657,22.6385,16.7217
3253,108.433,1501,499,2356,1650,24.1144,14.2508
3254,108.467,1498,503,2357,1657,25.9491,12.5051
3255,108.500,1501,505,2352,1622,24.7041,13.8941
3256,108.533,1497,507,2354,1625,24.6115,14.4002
3257,108.567,1500,504,2353,1622,25.5298,14.4722
3258,108.600,1499,503,2355,1628,26.8227,15.2194
3259,108.633,1500,504,2355,1622,25.6843,13.6029
3260,108.667,1501,500,2355,1620,24.8074,13.2819
3261,108.700,1502,498,2355,1624,26.3687,13.7886
3262,108.733,1502,495,2356,1630,24.8438,12.4003
3263,108.767,1503,497,2355,1626,24.2728,15.1854
3264,108.800,1502,497,2356,1637,26.5080,12.3973
3265,108.833,1502,498,2357,1640,24.9010,11.1857
3266,108.867,1502,498,2355,1634,26.4249,13.6632
3267,108.900,1502,496,2356,1638,23.7341,15.0266
3268,108.933,1501,494,2357,1644,25.2937,14.1216
3269,108.967,1501,495,2356,1646,26.7690,12.6561
3270,109.000,1500,490,2356,1654,14.1173,10.9146
3271,109.033,1499,496,2357,1656,13.5783,13.1557
3272,109.067,1499,497,2357,1656,13.5096,13.0790
3273,109.100,1499,497,2357,1656,13.2109,13.1969
3274,109.133,1498,500,2357,1657,11.5399,15.9368
3275,109.167,1498,501,2357,1658,11.1911,17.4046
3276,109.200,1499,501,2357,1659,11.9078,15.8332
3277,109.233,1499,502,2357,1658,12.5403,15.9043
3278,109.267,1498,502,2357,1659,12.2412,17.4376
3279,109.300,1498,503,2357,1659,11.3076,13.6685
3280,109.333,1498,502,2357,1660,12.6039,15.1354
3281,109.367,1498,504,2357,1659,11.3243,13.2148
3282,109.400,1497,506,2356,1657,13.0986,14.0040
3283,109.433,1499,497,2354,1657,10.3493,7.7535
3284,109.467,1500,487,2354,1654,10.9601,9.4985
3285,109.500,1500,487,2354,1652,9.8885,9.1912
3286,109.533,1497,504,2354,1657,8.9710,13.8122
3287,109.567,1497,502,2357,1661,6.4729,19.5777
3288,109.600,1498,502,2356,1663,7.7568,16.7968
3289,109.633,1497,500,2357,1662,7.3498,16.4644
3290,109.667,1497,507,2358,1659,6.2880,17.8346
3291,109.700,1497,510,2358,1662,7.1408,15.7657
3292,109.733,1496,512,2359,1663,8.8178,21.3630
3293,109.767,1496,514,2358,1661,6.8985,20.5173
3294,109.800,1496,514,2357,1662,9.4629,22.3492
3295,109.833,1496,513,2358,1663,9.6066,21.6628
3296,109.867,1496,511,2358,1665,7.1900,19.1177
3297,109.900,1496,509,2358,1666,7.1093,18.5209
3298,109.933,1497,509,2359,1665,7.2988,18.3624
3299,109.967,1497,510,2359,1666,7.4977,17.9774
3300,110.000,1498,510,2360,1667,8.8365,18.6455
3301,110.033,1498,512,2359,1668,7.2752,17.6128
3302,110.067,1498,512,2360,1668,8.0864,17.9246
3303,110.100,1496,514,2370,1676,5.6640,16.3295
3304,110.133,1496,514,2370,1676,5.7371,14.2383
3305,110.167,1500,514,2360,1667,8.6263,19.6713
3306,110.200,1499,515,2361,1670,7.5020,18.4064
3307,110.233,1499,513,2361,1674,6.3974,19.6134
3308,110.267,1499,512,2361,1678,4.3049,20.1963
3309,110.300,1500,514,2359,1677,-1.6749,19.5136
3310,110.333,1500,510,2359,1680,-1.1008,17.6542
3311,110.367,1500,513,2358,1681,-1.9877,18.8788
3312,110.400,1500,515,2358,1680,-0.6561,19.4799
3313,110.433,1501,515,2358,1679,0.0017,18.9736
3314,110.467,1501,515,2358,1679,0.4075,18.9848
3315,110.500,1501,515,2358,1680,-0.8401,18.1594
3316,110.533,1500,515,2357,1679,0.8166,17.5961
3317,110.567,1500,516,2358,1679,1.4546,18.2174
3318,110.600,1500,515,2358,1679,-0.1884,18.3624
3319,110.633,1500,516,2357,1680,-0.2072,18.6219
3320,110.667,1499,516,2358,1683,-0.2709,18.5854
3321,110.700,1498,518,2360,1685,-0.0450,16.4783
3322,110.733,1499,514,2362,1688,8.3343,16.1298
3323,110.767,1499,513,2362,1688,9.3747,15.0393
3324,110.800,1499,514,2361,1688,6.8118,15.5752
3325,110.833,1499,513,2361,1686,8.7395,15.7455
3326,110.867,1499,514,2361,1686,8.1942,15.0402
3327,110.900,1499,514,2361,1686,7.9238,14.9768
3328,110.933,1499,513,2360,1684,9.4676,18.1142
3329,110.967,1499,513,2360,1683,7.7497,16.3883
3330,111.000,1500,509,2362,1684,7.5406,14.7551
3331,111.033,1501,508,2363,1704,8.2062,16.0329
3332,111.067,1502,511,2362,1707,8.1801,16.5602
3333,111.100,1500,515,2371,1731,7.0618,13.3316
3334,111.133,1505,507,2369,1726,7.6954,16.5791
3335,111.167,1506,510,2367,1722,6.9293,14.7230
3336,111.200,1507,508,2366,1747,10.5101,13.5271
3337,111.233,1505,497,2366,1720,15.3991,13.2304
3338,111.267,1504,496,2366,1719,15.6326,12.6107
3339,111.300,1500,496,2363,1738,19.0398,12.4089
3340,111.333,1501,502,2358,1717,18.7967,15.1081
3341,111.367,1501,502,2358,1728,18.8882,15.5794
3342,111.400,1502,507,2363,1734,14.9457,13.5980
3343,111.433,1502,510,2363,1748,18.6126,14.9084
3344,111.467,1501,510,2363,1750,17.6784,13.8539
3345,111.500,1500,513,2364,1758,15.5480,15.0305
3346,111.533,1499,516,2366,1759,17.5885,13.8684
3347,111.567,1499,516,2366,1759,18.7972,13.0678
3348,111.600,1500,515,2365,1758,18.2885,14.3282
3349,111.633,1500,514,2366,1757,17.4214,14.1798
3350,111.667,1501,516,2366,1758,19.0048,10.9005
3351,111.700,1500,516,2366,1761,16.9599,10.5810
3352,111.733,1500,515,2367,1758,15.7459,10.3126
3353,111.767,1501,512,2365,1744,16.1256,14.7945
3354,111.800,1501,513,2365,1752,16.5390,13.3880
3355,111.833,1501,513,2365,1752,17.9641,14.5839
3356,111.867,1500,513,2366,1752,18.7130,15.3562
3357,111.900,1500,513,2366,1755,18.0392,15.2023
3358,111.933,1499,513,2366,1757,17.0357,14.7793
3359,111.967,1499,512,2366,1757,20.7640,14.8587
3360,112.000,1497,514,2364,1756,17.7253,13.2209
3361,112.033,1498,518,2364,1756,17.9612,14.2687
3362,112.067,1499,510,2363,1770,16.2658,15.0814
3363,112.100,1499,513,2363,1773,18.0840,11.6579
3364,112.133,1499,511,2363,1774,19.4673,12.3189
3365,112.167,1498,506,2363,1761,14.2186,11.1254
3366,112.200,1497,506,2364,1766,13.4090,9.3704
3367,112.233,1499,507,2365,1763,14.7104,10.3419
3368,112.267,1498,510,2365,1758,13.3653,11.8746
3369,112.300,1497,503,2367,1753,13.6339,7.7281
3370,112.333,1498,507,2367,1749,12.0632,11.3762
3371,112.367,1497,508,2368,1747,13.0605,11.1337
3372,112.400,1497,511,2368,1745,14.3478,10.8521
3373,112.433,1496,516,2365,1739,12.3136,10.3845
3374,112.467,1496,513,2367,1738,12.7390,10.0667
3375,112.500,1498,510,2366,1730,12.5049,10.9385
3376,112.533,1499,514,2366,1728,13.2307,11.5122
3377,112.567,1500,509,2367,1739,9.2132,14.0589
3378,112.600,1500,512,2368,1745,13.1345,13.1867
3379,112.633,1501,512,2367,1740,13.3183,11.3905
3380,112.667,1498,519,2361,1727,20.1272,12.8239
3381,112.700,1497,524,2359,1715,18.7274,14.1012
3382,112.733,1496,524,2359,1719,18.1983,13.1640
3383,112.767,1497,527,2361,1726,19.5875,12.0538
3384,112.800,1496,528,2361,1725,20.0898,11.3185
3385,112.833,1497,527,2361,1720,20.7482,9.1632
3386,112.867,1498,526,2361,1715,20.3347,9.7896
3387,112.900,1497,524,2363,1718,20.1226,11.3113
3388,112.933,1496,521,2363,1717,18.4738,10.9830
3389,112.967,1496,520,2363,1715,21.9905,11.5560
3390,113.000,1496,518,2362,1713,20.4451,8.4536
3391,113.033,1497,514,2361,1704,19.1011,10.0788
3392,113.067,1498,514,2361,1697,13.5313,9.9570
3393,113.100,1498,515,2361,1694,12.3457,10.0298
3394,113.133,1498,517,2362,1695,13.3681,11.5572
3395,113.167,1499,516,2361,1691,13.5055,11.8210
3396,113.200,1498,515,2361,1690,13.3883,11.3685
3397,113.233,1498,515,2361,1692,12.7272,10.3308
3398,113.267,1497,516,2360,1691,13.9746,12.3141
3399,113.300,1497,516,2360,1690,13.9685,12.6422
3400,113.333,1497,518,2361,1691,12.9508,14.0098
3401,113.367,1497,517,2360,1689,12.2471,13.4310
3402,113.400,1497,516,2359,1688,13.4467,12.8018
3403,113.433,1497,516,2359,1690,14.5154,14.0965
3404,113.467,1497,516,2359,1690,14.4982,13.7131
3405,113.500,1497,517,2359,1690,13.9750,11.9681
3406,113.533,1496,516,2359,1690,15.3954,13.5665
3407,113.567,1497,516,2359,1692,15.2668,13.2284
3408,113.600,1497,516,2359,1692,14.6114,12.9426
3409,113.633,1497,513,2358,1691,14.0215,13.2337
3410,113.667,1498,511,2358,1689,13.6513,10.6805
3411,113.700,1501,494,2355,1687,13.5755,5.8589
3412,113.733,1501,497,2353,1687,14.7420,5.7969
3413,113.767,1501,500,2353,1679,17.0179,9.8145
3414,113.800,1503,510,2355,1685,14.6588,10.1528
3415,113.833,1508,518,2365,1710,13.4346,12.6098
3416,113.867,1506,518,2365,1712,12.0956,12.8895
3417,113.900,1504,522,2367,1715,11.8716,12.3408
3418,113.933,1501,517,2367,1711,12.9991,11.4232
3419,113.967,1505,518,2367,1705,14.9304,10.8929
3420,114.000,1504,515,2367,1704,13.0730,11.5294
3421,114.033,1502,513,2368,1698,13.1874,12.8215
3422,114.067,1501,515,2368,1704,12.6534,11.1413
3423,114.100,1500,515,2367,1692,12.2647,13.8209
3424,114.133,1500,504,2364,1694,16.7899,1.2557
3425,114.167,1500,508,2363,1696,16.5619,2.0502
3426,114.200,1499,499,2355,1688,5.7173,8.3125
3427,114.233,1500,507,2354,1686,19.1501,8.4026
3428,114.267,1498,508,2354,1684,18.7365,8.2809
3429,114.300,1501,515,2356,1682,18.4476,9.1933
3430,114.333,1498,522,2366,1692,13.8653,11.7491
3431,114.367,1499,522,2367,1691,15.3737,9.3905
3432,114.400,1499,521,2368,1694,13.3508,14.5228
3433,114.433,1498,523,2369,1695,15.4776,12.8825
3434,114.467,1498,522,2369,1696,15.4202,12.5328
3435,114.500,1502,517,2360,1685,18.2497,13.4155
3436,114.533,1502,523,2368,1695,16.1126,12.9703
3437,114.567,1502,521,2369,1697,15.6079,14.7276
3438,114.600,1502,526,2369,1729,17.2807,11.6573
3439,114.633,1501,526,2369,1731,15.9981,10.7824
3440,114.667,1501,526,2369,1735,16.4860,11.3665
3441,114.700,1502,525,2369,1729,13.6039,9.7069
3442,114.733,1501,520,2370,1724,14.6967,13.9236
3443,114.767,1503,522,2370,1717,14.5706,12.8617
3444,114.800,1503,523,2370,1710,13.0865,13.9531
3445,114.833,1502,529,2371,1711,14.7746,11.3902
3446,114.867,1502,531,2371,1713,13.2928,11.3252
3447,114.900,1502,530,2371,1706,11.2166,12.2879
3448,114.933,1502,528,2370,1704,11.3023,11.4743
3449,114.967,1502,527,2369,1700,14.0944,10.5490
3450,115.000,1501,527,2370,1696,16.0378,10.6794
3451,115.033,1501,527,2370,1696,16.2904,10.5612
3452,115.067,1501,527,2370,1696,18.7742,10.4640
3453,115.100,1501,526,2370,1697,20.0258,10.2903
3454,115.133,1501,526,2370,1697,19.0240,10.3225
3455,115.167,1504,525,2370,1690,18.1226,10.4280
3456,115.200,1507,533,2370,1708,23.7677,10.9654
3457,115.233,1507,534,2370,1701,20.2717,11.2389
3458,115.267,1505,533,2370,1711,21.5317,10.3247
3459,115.300,1504,531,2369,1714,22.7372,11.0963
3460,115.333,1503,532,2369,1714,23.9522,10.4971
3461,115.367,1504,532,2368,1701,19.5435,9.8244
3462,115.400,1502,528,2368,1702,20.8382,10.6063
3463,115.433,1503,527,2368,1695,19.3630,12.0979
3464,115.467,1502,520,2359,1684,19.7030,11.6012
3465,115.500,1501,522,2359,1683,22.5034,11.4722
3466,115.533,1501,520,2359,1684,20.0772,13.2841
3467,115.567,1501,520,2368,1689,21.9099,11.6140
3468,115.600,1499,519,2368,1691,20.8417,12.2521
3469,115.633,1499,519,2369,1690,19.1942,12.2247
3470,115.667,1499,522,2369,1688,13.1667,12.7360
3471,115.700,1500,521,2370,1689,13.1707,13.2863
3472,115.733,1499,522,2370,1690,12.7254,13.1300
3473,115.767,1499,522,2370,1692,12.9998,11.1596
3474,115.800,1500,520,2369,1696,14.0136,11.5189
3475,115.833,1500,520,2369,1696,14.0296,11.6711
3476,115.867,1500,520,2369,1697,13.0124,12.3495
3477,115.900,1500,521,2369,1697,13.6201,11.8954
3478,115.933,1500,523,2370,1696,12.5395,10.2766
3479,115.967,1500,523,2370,1696,12.6181,10.4776
3480,116.000,1500,522,2370,1694,13.4819,12.0841
3481,116.033,1500,522,2370,1694,13.6333,13.0131
3482,116.067,1499,520,2370,1694,13.2876,13.3128
3483,116.100,1500,521,2370,1694,13.9939,15.7058
3484,116.133,1500,519,2370,1692,12.9865,11.8518
3485,116.167,1500,520,2370,1693,12.8763,14.0960
3486,116.200,1500,519,2370,1692,12.8974,12.2780
3487,116.233,1500,518,2370,1692,12.5114,12.8282
3488,116.267,1500,518,2370,1692,12.0990,12.8003
3489,116.300,1500,520,2370,1691,12.0147,14.6866
3490,116.333,1500,520,2370,1691,11.8530,14.5002
3491,116.367,1500,520,2370,1691,12.2860,14.5937
3492,116.400,1499,522,2370,1692,14.4569,14.4519
3493,116.433,1499,525,2370,1690,14.5681,14.2153
3494,116.467,1499,525,2370,1691,13.6763,13.2995
3495,116.500,1499,526,2370,1690,11.8155,14.7413
3496,116.533,1498,525,2370,1691,14.5127,14.6335
3497,116.567,1499,522,2370,1691,13.5412,13.5724
3498,116.600,1498,522,2370,1691,12.6869,14.8928
3499,116.633,1499,522,2370,1691,14.6267,14.9530
3500,116.667,1499,520,2370,1689,15.2365,14.9713
3501,116.700,1499,519,2370,1689,13.7713,15.7123
3502,116.733,1499,517,2370,1688,15.8607,13.7319
3503,116.767,1499,517,2370,1689,15.6137,14.9612
3504,116.800,1499,519,2370,1691,13.7620,15.6407
3505,116.833,1499,520,2371,1691,14.6736,12.6731
3506,116.867,1499,520,2371,1692,14.0047,13.2452
3507,116.900,1498,519,2370,1692,13.8603,14.9442
3508,116.933,1498,520,2369,1690,13.7016,14.3282
3509,116.967,1498,521,2368,1691,12.0799,12.4115
3510,117.000,1498,525,2369,1692,13.3183,12.4668
3511,117.033,1497,526,2371,1693,12.4939,14.8376
3512,117.067,1497,523,2371,1692,13.3362,16.4614
3513,117.100,1497,524,2371,1692,13.9610,15.0086
3514,117.133,1498,520,2371,1695,12.9138,14.7364
3515,117.167,1498,521,2370,1691,13.0733,17.0444
3516,117.200,1498,520,2370,1691,13.6747,16.7798
3517,117.233,1498,520,2370,1691,13.6127,17.2260
3518,117.267,1498,523,2369,1688,10.3329,16.6282
3519,117.300,1498,521,2369,1688,11.1079,16.6913
3520,117.333,1498,522,2369,1689,11.2392,18.4418
3521,117.367,1498,521,2369,1688,11.2355,16.9254
3522,117.400,1498,522,2369,1689,11.5459,17.7359
3523,117.433,1499,520,2369,1690,13.9137,18.7820
3524,117.467,1498,520,2369,1690,11.4709,19.2007
3525,117.500,1499,519,2369,1690,12.5847,17.6548
3526,117.533,1500,520,2369,1689,0.9492,17.6329
3527,117.567,1500,518,2369,1689,1.0281,20.5157
3528,117.600,1500,519,2369,1688,0.5074,18.6471
3529,117.633,1501,517,2369,1689,-0.2134,21.8221
3530,117.667,1501,518,2369,1689,-0.2812,21.3464
3531,117.700,1501,520,2369,1687,1.1563,18.4997
3532,117.733,1501,520,2369,1687,0.5098,17.8305
3533,117.767,1501,521,2369,1687,2.3227,19.3599
3534,117.800,1501,521,2369,1686,0.4360,18.5151
3535,117.833,1501,523,2369,1687,1.5241,18.5575
3536,117.867,1501,523,2369,1685,0.9285,17.7353
3537,117.900,1501,524,2369,1685,1.4777,18.1771
3538,117.933,1500,526,2369,1685,2.3306,18.0497
3539,117.967,1500,524,2369,1684,0.7555,17.8677
3540,118.000,1500,523,2370,1685,1.2578,17.9932
3541,118.033,1501,524,2369,1684,2.5123,18.1697
3542,118.067,1500,525,2368,1686,1.1972,18.5859
3543,118.100,1499,525,2368,1688,2.2196,18.0513
3544,118.133,1499,526,2367,1691,3.5761,18.0152
3545,118.167,1499,524,2367,1691,1.9707,16.9033
3546,118.200,1499,521,2367,1690,1.1693,15.5843
3547,118.233,1500,518,2368,1691,0.0658,16.3966
3548,118.267,1501,488,2358,1689,11.1190,9.7512
3549,118.300,1502,490,2358,1689,6.9591,8.5478
3550,118.333,1503,492,2357,1689,8.4668,8.1929
3551,118.367,1501,505,2358,1690,15.2392,15.9025
3552,118.400,1499,513,2366,1695,18.3250,14.0443
3553,118.433,1499,514,2366,1696,18.6808,13.4964
3554,118.467,1499,516,2367,1697,18.5103,14.0265
3555,118.500,1499,517,2367,1696,17.8446,17.8620
3556,118.533,1499,518,2366,1696,16.8610,15.7953
3557,118.567,1498,520,2366,1695,17.0906,16.0632
3558,118.600,1498,519,2366,1694,15.0586,15.4037
3559,118.633,1497,519,2366,1694,15.7637,15.1407
3560,118.667,1497,523,2366,1694,15.8564,17.3888
3561,118.700,1497,523,2365,1692,14.4291,16.8716
3562,118.733,1497,524,2365,1691,14.3663,18.3059
3563,118.767,1497,524,2365,1691,14.1718,18.6150
3564,118.800,1497,523,2365,1690,14.9975,16.5724
3565,118.833,1497,524,2365,1689,13.9110,17.4122
3566,118.867,1497,523,2365,1689,14.9698,17.3026
3567,118.900,1498,522,2365,1689,15.9494,17.6939
3568,118.933,1498,522,2365,1688,16.3443,15.5921
3569,118.967,1499,515,2365,1688,25.6551,10.6497
3570,119.000,1498,512,2355,1679,29.0972,9.8785
3571,119.033,1498,512,2356,1681,29.5963,9.4951
3572,119.067,1498,512,2356,1681,29.3108,9.3039
3573,119.100,1498,512,2356,1682,28.9040,9.5114
3574,119.133,1498,513,2357,1682,30.3411,9.5361
3575,119.167,1498,513,2357,1683,29.4549,8.6317
3576,119.200,1499,513,2357,1682,29.8794,7.9278
3577,119.233,1498,513,2357,1682,29.9540,9.3423
3578,119.267,1498,513,2357,1681,28.8892,7.8808
3579,119.300,1499,512,2357,1679,28.9733,8.4195
3580,119.333,1497,520,2366,1683,12.6403,13.8662
3581,119.367,1497,523,2366,1682,11.1148,15.7484
3582,119.400,1497,521,2366,1679,6.6653,14.1161
3583,119.433,1496,522,2366,1678,7.3668,16.4988
3584,119.467,1497,528,2370,1677,8.2277,19.6056
3585,119.500,1497,528,2370,1677,8.7351,19.6967
3586,119.533,1497,528,2370,1677,7.8146,18.3549
3587,119.567,1497,528,2370,1676,9.1565,18.6171
3588,119.600,1497,528,2370,1676,8.8854,18.5413
3589,119.633,1497,528,2370,1674,8.1832,17.8796
3590,119.667,1497,528,2369,1675,10.6929,19.2565
3591,119.700,1497,530,2370,1675,9.5410,21.0257
3592,119.733,1496,532,2370,1676,6.3524,16.5206
3593,119.767,1497,531,2370,1677,9.7668,18.0252
3594,119.800,1497,530,2370,1678,8.3443,18.1349
3595,119.833,1497,528,2370,1677,6.6427,19.2211
3596,119.867,1497,529,2370,1678,7.2721,17.0348
3597,119.900,1497,527,2369,1678,8.1130,16.9112
3598,119.933,1498,526,2369,1678,6.5869,18.8478
3599,119.967,1498,525,2368,1678,3.5005,18.7591
3600,120.000,1498,533,2369,1679,3.6830,17.3424
3601,120.033,1498,534,2369,1680,2.2558,21.1992
3602,120.067,1498,533,2368,1679,3.3494,17.0781
3603,120.100,1498,534,2369,1680,1.8091,20.5477
3604,120.133,1498,534,2369,1678,2.1304,20.0031
3605,120.167,1500,533,2368,1676,2.8381,18.3319
3606,120.200,1501,533,2368,1677,4.0035,17.1897
3607,120.233,1503,533,2369,1679,-0.8342,17.9848
3608,120.267,1503,532,2368,1681,-0.0115,16.4860
3609,120.300,1503,535,2369,1687,0.1656,18.2080
3610,120.333,1503,536,2370,1691,-1.3400,17.8677
3611,120.367,1504,535,2370,1688,-2.0201,17.4479
3612,120.400,1504,536,2372,1686,-3.4732,17.2379
3613,120.433,1504,530,2370,1689,1.0425,14.6751
3614,120.467,1504,530,2369,1689,2.2088,15.3481
3615,120.500,1502,528,2368,1689,0.2825,15.1037
3616,120.533,1501,526,2366,1685,-0.8962,15.6102
3617,120.567,1501,524,2366,1685,1.2231,18.1401
3618,120.600,1501,524,2366,1685,0.6092,17.9924
3619,120.633,1500,524,2366,1685,-0.0981,15.8125
3620,120.667,1501,521,2365,1684,-0.7524,18.8972
3621,120.700,1501,519,2365,1684,-2.0905,16.3375
3622,120.733,1502,519,2365,1682,-1.2156,15.4494
3623,120.767,1502,519,2365,1683,-1.3685,15.7869
3624,120.800,1502,519,2365,1682,-1.0029,15.3171
3625,120.833,1504,520,2364,1678,-0.9191,15.6649
3626,120.867,1504,520,2364,1676,-0.9406,14.6843
3627,120.900,1504,520,2364,1676,-0.8781,14.5974
3628,120.933,1505,521,2365,1676,-0.7754,15.4401
3629,120.967,1505,520,2364,1675,-0.7530,16.5331
3630,121.000,1503,523,2366,1675,-2.0404,15.9075
3631,121.033,1504,523,2366,1674,-1.5936,16.1208
3632,121.067,1504,523,2366,1674,-1.5016,15.9488
3633,121.100,1503,524,2366,1674,1.3319,14.8797
3634,121.133,1503,524,2365,1674,-0.3861,17.0976
3635,121.167,1503,523,2365,1673,-1.6380,16.8109
3636,121.200,1503,523,2365,1673,-1.9347,17.0506
3637,121.233,1503,523,2365,1674,-0.9846,16.4473
3638,121.267,1503,521,2366,1676,-2.4292,16.6095
3639,121.300,1503,523,2366,1677,-1.2962,15.4645
3640,121.333,1502,523,2366,1678,1.8025,13.6785
3641,121.367,1502,521,2366,1679,-1.8442,15.0113
3642,121.400,1501,515,2365,1679,0.9334,17.9604
3643,121.433,1502,510,2365,1681,-0.7592,20.6580
3644,121.467,1501,508,2366,1681,-0.8150,18.4042
3645,121.500,1501,505,2367,1680,5.2284,14.2982
3646,121.533,1500,510,2367,1682,15.5109,16.3097
3647,121.567,1500,503,2365,1682,15.7171,13.1838
3648,121.600,1502,499,2363,1681,19.7570,12.3241
3649,121.633,1501,497,2363,1680,19.3167,13.4572
3650,121.667,1502,499,2364,1680,21.2451,14.2614
3651,121.700,1502,498,2364,1680,19.2831,12.9349
3652,121.733,1502,500,2364,1680,20.1664,13.6871
3653,121.767,1502,500,2364,1679,20.0185,12.9070
3654,121.800,1502,496,2363,1680,18.8171,12.0590
3655,121.833,1501,500,2363,1679,19.2424,12.0101
3656,121.867,1502,502,2365,1678,17.9210,13.2182
3657,121.900,1501,501,2364,1678,17.9422,13.3902
3658,121.933,1502,500,2366,1678,19.6162,11.9240
3659,121.967,1501,498,2365,1679,17.5697,11.8430
3660,122.000,1501,498,2362,1679,21.9304,12.7085
3661,122.033,1501,497,2362,1677,20.3344,11.6925
3662,122.067,1501,498,2362,1677,19.7989,14.5517
3663,122.100,1502,498,2362,1677,20.4330,12.9271
3664,122.133,1502,499,2363,1677,19.2545,14.0787
3665,122.167,1502,498,2358,1671,16.0420,13.9879
3666,122.200,1501,501,2357,1673,12.6697,14.9342
3667,122.233,1502,501,2358,1673,12.7863,16.0986
3668,122.267,1499,511,2366,1681,9.0699,14.2889
3669,122.300,1499,511,2366,1679,10.0199,15.2635
3670,122.333,1500,510,2367,1679,10.6134,13.4190
3671,122.367,1499,508,2367,1679,9.8613,14.1906
3672,122.400,1501,510,2367,1679,10.8970,12.7934
3673,122.433,1501,514,2368,1678,10.3623,14.3295
3674,122.467,1502,513,2368,1677,2.9993,17.3206
3675,122.500,1502,515,2368,1677,0.1507,16.4314
3676,122.533,1503,515,2368,1677,-0.3372,17.3353
3677,122.567,1501,521,2369,1676,2.5134,15.9218
3678,122.600,1501,520,2369,1676,1.4352,16.4250
3679,122.633,1501,520,2369,1676,1.1485,15.8230
3680,122.667,1501,524,2368,1675,1.9298,16.9140
3681,122.700,1500,524,2368,1676,1.5954,17.5398
3682,122.733,1500,524,2368,1676,1.2122,17.8625
3683,122.767,1500,526,2368,1677,1.9998,19.2313
3684,122.800,1499,525,2367,1677,1.4777,16.6891
3685,122.833,1499,524,2368,1677,1.8421,17.5840
3686,122.867,1500,525,2368,1677,2.4181,17.2391
3687,122.900,1499,524,2368,1676,2.2915,17.1568
3688,122.933,1499,525,2368,1677,1.3958,17.2360
3689,122.967,1500,521,2368,1676,2.6212,14.4328
3690,123.000,1499,522,2369,1677,2.6242,13.2715
3691,123.033,1499,523,2370,1676,3.0592,11.9418
3692,123.067,1500,522,2370,1675,2.3016,11.3660
3693,123.100,1500,523,2370,1676,1.8687,11.5223
3694,123.133,1499,524,2371,1676,1.8413,10.7913
3695,123.167,1499,526,2371,1675,2.1372,12.4197
3696,123.200,1499,525,2371,1676,1.7541,9.9885
3697,123.233,1500,524,2371,1675,2.7886,13.5908
3698,123.267,1499,525,2371,1675,2.1944,10.6861
3699,123.300,1500,524,2371,1676,2.2288,14.0296
3700,123.333,1500,524,2371,1675,2.4486,13.8816
3701,123.367,1500,525,2371,1675,1.5800,12.4044
3702,123.400,1500,524,2371,1675,2.7405,13.6787
3703,123.433,1500,524,2371,1674,2.2018,12.9924
3704,123.467,1500,522,2371,1675,3.3146,12.2496
3705,123.500,1500,522,2371,1674,2.8959,14.6787
3706,123.533,1500,521,2371,1674,3.5405,12.7773
3707,123.567,1500,516,2370,1675,8.8195,13.0371
3708,123.600,1500,514,2369,1676,14.4820,13.9105
3709,123.633,1500,515,2369,1676,14.1851,12.3721
3710,123.667,1500,514,2369,1676,14.1783,13.9688
3711,123.700,1502,511,2361,1669,14.3505,12.9318
3712,123.733,1502,509,2361,1669,13.9661,11.9759
3713,123.767,1501,510,2361,1670,15.3616,12.8713
3714,123.800,1500,515,2369,1676,14.4144,12.6021
3715,123.833,1502,509,2361,1670,13.6827,13.8654
3716,123.867,1502,508,2362,1670,13.9028,11.9791
3717,123.900,1502,507,2362,1671,13.7344,10.4231
3718,123.933,1503,506,2361,1672,13.5930,11.2536
3719,123.967,1501,509,2369,1679,10.9434,9.9337
3720,124.000,1501,510,2369,1678,11.8353,10.4674
3721,124.033,1500,513,2369,1679,11.6112,14.4417
3722,124.067,1500,513,2369,1678,11.0664,14.8748
3723,124.100,1500,512,2369,1680,11.2337,12.9628
3724,124.133,1500,514,2368,1680,3.9984,18.5875
3725,124.167,1500,514,2368,1679,3.2867,18.7681
3726,124.200,1499,514,2368,1680,3.5668,20.9123
3727,124.233,1499,515,2368,1681,3.2078,20.8079
3728,124.267,1499,514,2368,1681,2.1891,22.5826
3729,124.300,1499,514,2367,1682,1.8922,21.2838
3730,124.333,1499,514,2367,1683,1.6455,22.2341
3731,124.367,1499,514,2367,1683,1.3420,21.6302
3732,124.400,1499,512,2367,1682,0.8822,19.3192
3733,124.433,1500,510,2367,1681,2.4305,17.7508
3734,124.467,1500,511,2367,1681,3.3723,18.7173
3735,124.500,1500,510,2367,1681,2.3346,18.3797
3736,124.533,1500,512,2367,1681,3.1127,18.9772
3737,124.567,1500,511,2367,1680,3.3658,18.9321
3738,124.600,1500,512,2367,1680,2.2058,20.6871
3739,124.633,1500,512,2367,1680,2.2006,20.3652
3740,124.667,1501,510,2367,1680,1.9790,19.7343
3741,124.700,1502,510,2367,1680,2.6169,19.8249
3742,124.733,1501,509,2367,1681,3.7030,19.2016
3743,124.767,1501,510,2367,1681,2.3776,19.3685
3744,124.800,1502,510,2367,1683,4.6254,18.7647
3745,124.833,1501,510,2368,1684,4.3165,17.8037
3746,124.867,1501,510,2368,1684,3.7189,17.9737
3747,124.900,1501,511,2368,1684,3.9286,17.9608
3748,124.933,1501,511,2368,1684,3.9640,17.8878
3749,124.967,1500,511,2368,1685,3.4279,20.2620
3750,125.000,1499,508,2368,1682,1.5092,20.0190
3751,125.033,1499,512,2369,1683,5.5932,20.4363
3752,125.067,1499,514,2370,1685,5.0142,22.7503
3753,125.100,1499,514,2369,1685,4.8825,23.6005
3754,125.133,1499,515,2368,1683,4.2471,21.4096
3755,125.167,1500,514,2367,1682,4.6731,21.0280
3756,125.200,1499,514,2366,1681,3.9365,19.4207
3757,125.233,1499,513,2366,1681,5.4647,20.1583
3758,125.267,1499,511,2366,1681,5.1114,21.5927
3759,125.300,1507,493,2356,1675,5.4126,8.2238
3760,125.333,1507,492,2356,1674,5.6371,8.5719
3761,125.367,1505,493,2354,1672,0.4324,7.9743
3762,125.400,1503,505,2365,1679,3.1257,7.4772
3763,125.433,1503,504,2365,1678,5.4864,8.9899
3764,125.467,1504,506,2365,1677,2.5626,13.0150
3765,125.500,1503,509,2366,1677,-1.2643,13.1097
3766,125.533,1503,507,2366,1677,-0.3714,16.0467
3767,125.567,1501,509,2366,1677,1.6128,16.1143
3768,125.600,1501,509,2366,1676,1.1423,16.4313
3769,125.633,1501,510,2367,1676,-1.1601,17.8612
3770,125.667,1501,510,2367,1675,-0.1656,17.8427
3771,125.700,1500,508,2367,1675,-1.9727,16.1867
3772,125.733,1500,507,2366,1676,-0.7827,14.8009
3773,125.767,1500,505,2366,1675,-0.9120,12.2049
3774,125.800,1500,501,2366,1676,-3.2689,9.8470
3775,125.833,1500,503,2367,1675,-1.8569,8.2384
3776,125.867,1500,503,2367,1676,-1.5120,7.7926
3777,125.900,1499,504,2367,1677,-1.7752,8.0834
3778,125.933,1499,505,2367,1678,-1.0122,7.2270
3779,125.967,1499,503,2367,1678,-1.5887,7.7657
3780,126.000,1500,503,2367,1680,-2.1926,7.7829
3781,126.033,1499,508,2367,1681,-3.5394,2.9878
3782,126.067,1499,511,2367,1681,-2.3825,11.6161
3783,126.100,1499,512,2367,1681,-2.9824,10.0635
3784,126.133,1502,509,2359,1677,0.6274,9.5627
3785,126.167,1502,512,2358,1676,1.8201,12.2745
3786,126.200,1502,512,2358,1677,0.2598,13.9988
3787,126.233,1502,510,2358,1677,2.3138,12.0567
3788,126.267,1501,509,2358,1676,2.2399,11.4115
3789,126.300,1501,510,2358,1676,1.9006,10.4795
3790,126.333,1501,511,2358,1676,2.7835,12.3154
3791,126.367,1500,511,2358,1676,2.3567,14.7590
3792,126.400,1500,511,2359,1676,-0.0008,14.1487
3793,126.433,1500,507,2359,1677,4.2076,11.0999
3794,126.467,1500,500,2358,1679,18.9175,13.5427
3795,126.500,1500,499,2358,1678,21.0610,12.5652
3796,126.533,1500,499,2357,1677,22.1130,10.2833
3797,126.567,1500,501,2357,1678,21.1550,8.6829
3798,126.600,1500,500,2357,1678,20.7673,10.2263
3799,126.633,1499,501,2357,1678,19.7165,12.2582
3800,126.667,1499,501,2357,1678,20.5206,10.8444
3801,126.700,1499,501,2358,1679,21.2853,10.4025
3802,126.733,1499,502,2358,1679,21.1563,11.4327
3803,126.767,1499,502,2357,1679,20.4482,10.8248
3804,126.800,1499,502,2357,1679,21.0691,10.9575
3805,126.833,1500,502,2357,1679,21.6302,10.9735
3806,126.867,1500,503,2357,1679,20.3451,11.4696
3807,126.900,1500,505,2357,1678,20.6509,13.0643
3808,126.933,1500,503,2357,1677,21.9562,11.4509
3809,126.967,1499,501,2358,1676,20.1495,10.6213
3810,127.000,1500,500,2358,1674,19.8446,11.2129
3811,127.033,1500,500,2358,1674,19.9257,10.7478
3812,127.067,1500,499,2358,1673,19.5512,9.4802
3813,127.100,1500,498,2358,1672,19.5099,10.7372
3814,127.133,1500,498,2358,1672,18.7530,10.6884
3815,127.167,1500,497,2358,1672,19.5389,12.1480
3816,127.200,1500,498,2358,1672,18.7728,10.5069
3817,127.233,1505,497,2360,1680,18.6554,9.5493
3818,127.267,1505,496,2361,1680,18.3507,10.3240
3819,127.300,1505,495,2361,1680,17.9536,9.5227
3820,127.333,1505,496,2361,1680,14.5510,11.8069
3821,127.367,1505,497,2361,1679,13.9881,11.4942
3822,127.400,1505,503,2362,1678,6.2841,13.8650
3823,127.433,1505,505,2362,1677,8.0686,13.6876
3824,127.467,1505,505,2362,1678,9.2039,13.9486
3825,127.500,1506,505,2362,1679,7.6290,13.7996
