frame_idx,time_sec,xmin,ymin,xmax,ymax,pitch_deg,yaw_deg,x_norm,y_norm,x_norm_smooth,y_norm_smooth
9346,311.533,1241,609,2129,1918,2.8014,9.4252,0.4180985504297439,0.2642585116679888,0.4180985504297439,0.2642585116679888
9347,311.567,1240,610,2127,1918,4.8185,9.2584,0.4862097705653643,0.29553524093872285,0.43853191647043,0.273641530449209
9348,311.6,1240,609,2128,1918,4.9452,9.0924,0.4897804520899844,0.321846933470536,0.4539064771562963,0.2881031513556071
9349,311.633,1239,609,2127,1919,3.546,8.7989,0.4395150435815258,0.3636936757089468,0.44958904708386516,0.310780308661609
9350,311.667,1239,610,2125,1917,3.9073,7.5861,0.4394044918936431,0.5354030235301847,0.44653368052679854,0.3781671231221817
9351,311.7,1239,612,2125,1917,1.4744,7.1986,0.34595981303292755,0.5875087956220675,0.4163615202786372,0.4409696248721474
9352,311.733,1240,611,2125,1915,2.7155,10.2141,0.4180533416572661,0.13068379149981646,0.41686906669222584,0.3478838748604481
9353,311.767,1239,612,2125,1917,2.0161,6.1657,0.3453324530032503,0.7087234391127468,0.39540808258553317,0.45613574413613767
9354,311.8,1239,610,2125,1916,4.3763,10.4295,0.4733505707719616,0.09782019313290677,0.41879082904146164,0.34864107883516837
9355,311.833,1239,610,2124,1916,2.5939,10.248,0.4140648618109448,0.1244459116543892,0.41737303887230653,0.2813825286809346
9356,311.867,1240,608,2124,1917,0.24,9.8788,0.3341589519188189,0.18659388124955453,0.3924088127862602,0.2529459344515206
9357,311.9,1240,610,2123,1916,-0.5696,10.2166,0.30897531549432505,0.12745294798708504,0.3673787635986796,0.21529803851218993
9358,311.933,1240,606,2123,1915,-2.2959,10.4372,0.25318795348690165,0.08936895111750204,0.3331215205651462,0.17751931229378354
9359,311.967,1240,607,2123,1917,-2.3636,9.2725,0.2413523527249269,0.29363652047442346,0.3055907702130804,0.2123544747479755
9360,312.0,1240,601,2123,1915,-2.7487,7.9848,0.20954204796061512,0.4951909551706587,0.2767761535373408,0.29720541887478047
9361,312.033,1240,600,2123,1915,-2.4315,9.0253,0.23614715723369697,0.3343290281935438,0.26458745464624767,0.30834250167040944
9362,312.067,1240,600,2123,1914,-3.3454,8.9256,0.2036318158265911,0.35401275914203206,0.2463007630003507,0.3220435789118962
9363,312.1,1241,600,2123,1913,-0.8845,10.1605,0.29825531836177605,0.13772635235578207,0.2618871296087783,0.26674841094506196
9364,312.133,1242,602,2123,1910,-1.6632,9.6583,0.2687740676141502,0.226784164190439,0.2639532110103898,0.254759136918675
9365,312.167,1243,602,2123,1907,-0.5786,10.2728,0.3089405411521088,0.11735675215898088,0.2774494100529055,0.21353842149076677
9366,312.2,1245,604,2115,1906,2.1033,4.0662,0.29178213073057324,0.9026431376301258,0.2817492262562058,0.4202698363325745
9367,312.233,1244,606,2111,1904,-1.0798,6.3922,0.23636610817171919,0.6953173427798758,0.2681342908308598,0.5027840882667649
9368,312.267,1245,607,2110,1901,0.1271,3.6314,0.19948755308167326,0.9462228020753036,0.24754026950610386,0.6358157024093265
9369,312.3,1244,607,2113,1901,-2.8312,5.1096,0.13550858129219115,0.8446212745435424,0.21393076304193004,0.6984573740495912
9370,312.333,1243,605,2117,1903,-3.073,9.0763,0.21491356833302178,0.3284369707544277,0.21422560462925755,0.5874512530610421
9371,312.367,1242,605,2119,1904,-0.7925,10.5398,0.30296467486199014,0.06872518886714508,0.2408473256990773,0.431833433802873
9372,312.4,1242,604,2118,1901,-3.0043,10.0811,0.2274989758567187,0.15591121039911512,0.2368428207463697,0.3490567667817456
9373,312.433,1244,604,2118,1896,-0.3455,10.6034,0.3178151212630996,0.05686991561446478,0.2611345109013886,0.26140071143156135
9374,312.467,1245,603,2117,1893,-0.8283,9.1239,0.2919890005219555,0.3140067874227633,0.27039085778755867,0.2771825342289219
9375,312.5,1244,604,2117,1893,-1.3926,13.5924,0.27295196119574633,0.0,0.27115918881001494,0.19402777396024534
9376,312.533,1245,605,2117,1889,-2.7364,13.3255,0.2351941165850019,0.0,0.260369667142511,0.13581944177217173
9377,312.567,1245,605,2117,1889,-2.2072,11.6927,0.2589068115827906,0.0,0.2599308104745949,0.0950736092405202
9378,312.6,1245,604,2117,1890,-1.0401,12.56,0.2923925904633224,0.0,0.2696693444712131,0.06655152646836414
9379,312.633,1245,605,2117,1890,-1.7796,12.8061,0.2680852764722904,0.0,0.2691941240715363,0.04658606852785489
9380,312.667,1244,607,2117,1889,-4.2607,11.6772,0.19402889285322264,0.0,0.24664455470604219,0.03261024796949842
9381,312.7,1244,606,2118,1891,-2.7606,10.3383,0.23734647797169575,0.10855516971884385,0.24385513168573825,0.05539372449430205
9382,312.733,1243,605,2118,1893,-0.932,10.2743,0.2972666334861909,0.11732322330730474,0.259878582225874,0.07397257413820285
9383,312.767,1244,606,2118,1893,-3.4406,9.841,0.21095557158090492,0.20001174881618736,0.24520167903238327,0.1117843265415982
9384,312.8,1244,606,2118,1894,-2.1233,9.9835,0.2559928030447001,0.1711221076209379,0.24843901623607834,0.1295856608654001
9385,312.833,1244,606,2118,1894,-2.7188,9.8484,0.23508042845905602,0.19643617417572873,0.24443143990297164,0.14964081485849867
9386,312.867,1244,606,2119,1894,-3.819,8.8088,0.1857660227607602,0.3749455150079857,0.2268318147603082,0.21723222490334476
9387,312.9,1244,606,2119,1894,-3.4318,9.1484,0.20362574057762045,0.31808059822508455,0.21986999250550188,0.24748673689986667
9388,312.933,1244,607,2119,1894,-3.4073,11.5113,0.22083622762377045,0.0,0.22015986304098245,0.17324071582990666
9389,312.967,1244,606,2119,1894,-1.3959,11.4707,0.2848238519292952,0.0,0.23955905970747626,0.12126850108093465
9390,313.0,1244,609,2120,1891,-2.2904,11.0773,0.25580565021323276,0.0,0.2444330368592032,0.08488795075665424
9391,313.033,1244,608,2120,1891,-3.0502,9.9779,0.22514809678109543,0.17450382743297174,0.23864755483577088,0.11177271375954949
9392,313.067,1244,609,2120,1890,-3.5398,9.5573,0.20478106338790242,0.2497225074856298,0.22848760740141033,0.15315765187737357
9393,313.1,1244,609,2120,1891,-2.2368,10.6317,0.2560684960511105,0.05302489187003457,0.23676187399632037,0.12311782387517187
9394,313.133,1244,608,2120,1891,-3.2898,9.6949,0.21458528188698875,0.22504504063460307,0.2301088963635209,0.15369598890300123
9395,313.167,1245,608,2121,1894,-2.2772,12.4977,0.2545216783492827,0.0,0.23743273095924944,0.10758719223210086
9396,313.2,1246,608,2121,1895,-1.0836,12.211,0.29287326458452767,0.0,0.2540648910468329,0.0753110345624706
9397,313.233,1246,609,2122,1895,-0.3667,8.8502,0.3048515935355539,0.356652922475241,0.2693009017934492,0.15971360093630171
9398,313.267,1246,609,2122,1896,0.1183,10.0273,0.3308935550080359,0.16076305687631778,0.28777869775782516,0.16002843771830652
9399,313.3,1247,609,2122,1895,-1.2704,10.2347,0.2858786142083348,0.1248052340875683,0.287208672692978,0.14946147662908504
9400,313.333,1247,609,2122,1895,-1.6377,10.5955,0.27548985612846627,0.05901177686263361,0.2836930277236245,0.1223265666991496
9401,313.367,1247,609,2122,1895,-1.5224,10.7986,0.27994680558674745,0.020667696027750197,0.28256916108256136,0.09182890549772978
9402,313.4,1247,608,2122,1894,-0.1615,9.4008,0.3172673168824396,0.26770335922162825,0.29297860782252483,0.1445912416148993
9403,313.433,1247,608,2123,1896,-0.5739,11.8356,0.3102722874628935,0.0,0.29816671171463544,0.10121386913042951
9404,313.467,1247,609,2122,1894,-0.3104,12.4381,0.3157386633603949,0.0,0.30343829720836324,0.07084970839130066
9405,313.5,1247,609,2122,1895,1.222,11.3828,0.3687419793422629,0.0,0.3230294018485331,0.049594795873910455
9406,313.533,1247,608,2122,1892,-0.5057,10.2943,0.3114461946944813,0.11344480417631525,0.31955443970231756,0.06874979836463188
9407,313.567,1246,606,2122,1896,0.666,9.3518,0.3449641770111264,0.2751239918730268,0.3271773608949602,0.13066205641715034
9408,313.6,1246,606,2123,1897,0.8885,9.3258,0.3523295220602379,0.2792907578073246,0.33472300924454346,0.1752506668342026
9409,313.633,1246,606,2123,1897,0.394,9.417,0.33623707268373887,0.26454951464395327,0.3351772282763021,0.20204032117712778
9410,313.667,1245,606,2123,1900,0.4955,5.8514,0.2814187352706341,0.7481332747176374,0.3190496803746017,0.3658682072392806
9411,313.7,1244,608,2124,1902,1.6614,10.4884,0.38355132467399733,0.07965930415741487,0.3384001736644204,0.28000553631472086
9412,313.733,1244,608,2123,1902,2.6322,10.805,0.4155047086931913,0.023783586286644547,0.3615315341730516,0.20313895130629794
9413,313.767,1244,607,2123,1903,0.971,12.1427,0.3575381795427113,0.0,0.3603335277839495,0.14219726591440854
9414,313.8,1243,607,2123,1904,1.7981,11.4457,0.3870504509241549,0.0,0.3683486047260111,0.09953808614008597
9415,313.833,1242,608,2124,1906,4.0911,9.3374,0.4616544300141057,0.28097968572657456,0.39634035231243947,0.15397056601603254
9416,313.867,1242,607,2125,1907,4.9236,8.7234,0.48682324574225666,0.377782455553194,0.4234852203413846,0.22111413287718096
9417,313.9,1242,607,2125,1907,5.4596,8.7167,0.5054498810244805,0.38026902238371985,0.44807461854631336,0.2688605997291426
9418,313.933,1241,607,2126,1909,3.4713,10.3368,0.44332308663559383,0.11107141215179885,0.4466491589730975,0.22152384345593945
9419,313.967,1241,607,2126,1912,3.5147,10.7717,0.44447512996185873,0.03276227311680596,0.44599695026972586,0.1648953723541994
9420,314.0,1241,608,2126,1914,4.4871,9.8841,0.47683804071353764,0.19249303157000938,0.45524927740286936,0.1731746701189424
9421,314.033,1241,609,2126,1916,3.3379,7.5891,0.4190524536251629,0.5348993368691651,0.44439023026955743,0.2816920701440092
9422,314.067,1240,609,2126,1917,3.2867,6.0779,0.3906226314447884,0.7153886522884438,0.4282599506221267,0.4118010447873396
9423,314.1,1240,609,2125,1916,4.3025,7.1,0.446680026404593,0.5972341320346303,0.4337859733568666,0.46743097096152675
9424,314.133,1240,609,2125,1916,6.0584,7.2938,0.5130836914410624,0.5752875085555678,0.4575752887821253,0.499787932239739
9425,314.167,1241,607,2125,1917,5.774,10.5719,0.5194226063617015,0.07896630967007122,0.4761294840559981,0.37354144546883866
9426,314.2,1241,607,2126,1918,6.5026,8.9615,0.5430159274387502,0.3474294293804659,0.4961954170708237,0.3657078406423268
9427,314.233,1241,607,2125,1917,5.7265,10.3199,0.5184088459892479,0.12311185827843298,0.5028594457463509,0.29292904593315866
9428,314.267,1241,607,2125,1917,5.1726,10.3555,0.49989786010435694,0.11425010739407514,0.5019709700537527,0.2393253643714336
9429,314.3,1241,606,2125,1917,3.805,10.5163,0.4543546533814968,0.08019718559086558,0.48768607505207584,0.19158691073726317
9430,314.333,1241,606,2124,1918,3.0541,9.2762,0.42586752046883275,0.2886619188743568,0.4691405086771029,0.22070941317839127
9431,314.367,1241,607,2123,1918,4.1975,9.4893,0.46593509182213033,0.25681586789301825,0.4681788836206111,0.23154134959277936
9432,314.4,1241,606,2123,1918,3.4786,9.5521,0.44174030222069816,0.24479158589096264,0.46024730920063717,0.23551642048223434
9433,314.433,1242,605,2123,1918,4.8297,9.9303,0.48844456060577907,0.18594816921604218,0.4687064846221797,0.22064594510237667
9434,314.467,1241,606,2123,1918,3.8914,9.1609,0.4538894026787203,0.30847154142707195,0.4642613600391418,0.24699362399978525
9435,314.5,1241,606,2122,1918,6.1357,8.6662,0.5287273265121029,0.38992123868461753,0.4836011499810301,0.2898719084052349
9436,314.533,1241,606,2121,1917,5.9466,9.8921,0.5260854452082123,0.19710612462264104,0.4963464385491847,0.26204217327045676
9437,314.567,1240,606,2119,1914,4.6513,10.3635,0.48254193458274913,0.11058826372926514,0.49220508735925395,0.21660600040809927
9438,314.6,1239,607,2120,1913,6.322,11.1037,0.535092998003951,0.0,0.505071460552663,0.15162420028566947
9439,314.633,1238,608,2119,1912,8.0218,9.5488,0.5965820339122185,0.2642827693974624,0.5325246325605297,0.18542177101920734
9440,314.667,1237,610,2119,1910,5.7043,6.4053,0.4867123123248949,0.6786493031608984,0.5187809364898393,0.3333900306617147
9441,314.7,1237,610,2121,1908,-0.0306,11.6317,0.3280681168057724,0.0,0.46156709058461914,0.23337302146320027
9442,314.733,1237,609,2121,1904,-1.097,9.9858,0.2901626719040187,0.16894481779733336,0.410145764980439,0.21404456036344016
9443,314.767,1237,609,2120,1900,-0.5707,10.3269,0.30944030179947063,0.1075801564265378,0.37993412602614846,0.18210523918236945
9444,314.8,1237,609,2120,1901,-0.1206,8.7001,0.31161344895388327,0.37949179702904046,0.35943792290446885,0.24132120653637074
9445,314.833,1237,609,2120,1901,-1.3692,9.6042,0.27819505400295536,0.2354209260524397,0.33506506223401483,0.23955112239119142
9446,314.867,1238,609,2119,1899,-0.8087,11.4099,0.3036153357523741,0.0,0.3256301442895226,0.167685785673834
9447,314.9,1237,609,2119,1899,-0.6827,9.9672,0.3038525243559095,0.17175193971449734,0.3190968583094386,0.168905631886033
9448,314.933,1237,609,2118,1897,-1.6515,9.032,0.2628677724022262,0.3307980689155794,0.3022281325372749,0.2174733629948969
9449,314.967,1239,610,2118,1894,-2.9001,7.5713,0.1964405483269289,0.5545371908995097,0.2704918572741711,0.31859251136628075
9450,315.0,1241,612,2116,1893,-4.9906,7.8581,0.12844405312328974,0.5268730236395225,0.22787751602890666,0.3810766650482532
9451,315.033,1242,611,2114,1892,-3.9733,9.0229,0.18354626967666365,0.3411190789202314,0.21457814212323376,0.36908938920984663
9452,315.067,1243,612,2114,1890,-4.071,8.4755,0.17188545522959114,0.42860503838453057,0.20177033605514094,0.3869440839622518
9453,315.1,1243,613,2113,1889,-4.5044,8.5364,0.1579337847960494,0.4216049883246163,0.18861937067741347,0.3973423552709611
9454,315.133,1244,611,2113,1887,-5.0965,9.4508,0.1512435644586689,0.27515292934797286,0.1774066288117901,0.36068552749406463
9455,315.167,1244,611,2113,1888,-5.6983,8.9697,0.12405263951821051,0.35948782885025676,0.1614004320237162,0.36032621790092223
9456,315.2,1245,611,2112,1888,-5.3741,9.6719,0.14468609155267595,0.2382532861444381,0.15638612988240413,0.323704338373977
9457,315.233,1245,611,2113,1888,-4.1626,9.8439,0.18694506932012345,0.20222712048565253,0.1655538117137199,0.28726117300747966
9458,315.267,1244,612,2113,1889,-2.4452,8.1969,0.22377905332040565,0.462704540722533,0.1830213841957256,0.3398941833219956
9459,315.3,1243,611,2115,1894,-2.1301,9.8387,0.25464274287083705,0.19661370070982293,0.204507791798259,0.2969100385383438
9460,315.333,1243,610,2116,1893,-2.0942,9.1285,0.24887973846307726,0.31646592537862284,0.21781937579770447,0.3027768045904275
9461,315.367,1244,609,2117,1893,-3.5915,10.1964,0.20899042757072106,0.13681909698225841,0.21517069132960945,0.2529894923079768
9462,315.4,1244,609,2118,1895,-3.4792,8.208,0.1878981603453851,0.4660563651721427,0.20698893203434213,0.31690955416722655
9463,315.433,1244,609,2119,1895,-4.3454,9.5704,0.1779002661182893,0.25085294193595337,0.19826233225952625,0.2970925704978446
9464,315.467,1244,609,2119,1895,-4.409,9.6194,0.17632896379293167,0.24265556004950395,0.19168232171954785,0.2807614673633424
9465,315.5,1244,609,2119,1896,-3.2788,8.1964,0.19468417522382536,0.4667451338654947,0.19258287777083108,0.3365565673139881
9466,315.533,1245,610,2118,1893,-3.2881,8.3456,0.19686767395685373,0.4443775448236553,0.19386831662663784,0.36890286056688826
9467,315.567,1244,611,2118,1895,-1.144,6.4435,0.23523107805602178,0.6896278724699425,0.20627714505545303,0.4651203641378045
9468,315.6,1244,610,2119,1895,-2.1143,6.9571,0.2116904270430225,0.6318245838486123,0.20790112965172386,0.5151316300510468
9469,315.633,1244,611,2119,1896,-1.826,7.8823,0.24020012490626008,0.5057137742360104,0.21759082822808473,0.5123062733065358
9470,315.667,1244,611,2119,1896,-2.0298,7.9917,0.23490516201307676,0.4909035426557818,0.22278512836358233,0.5058854541113096
9471,315.7,1244,609,2119,1895,-2.2098,9.4572,0.24850500483511037,0.2623077324509529,0.23050109130504073,0.4328121376132026
9472,315.733,1245,608,2119,1894,-1.9071,8.195,0.2425443743498436,0.460744112611201,0.23411407621848157,0.44119173011260204
9473,315.767,1245,608,2119,1895,-2.5105,8.2743,0.22275688448980235,0.45147587830414526,0.2307069186998778,0.444276974570065
9474,315.8,1245,609,2120,1894,-0.6633,9.6753,0.30250905659449495,0.22219421549560933,0.25224756006826293,0.37765214684772824
9475,315.833,1245,606,2121,1896,-2.0544,7.0014,0.21482367389789067,0.6258441134865013,0.24102039421715124,0.4521097368393602
9476,315.867,1245,607,2121,1896,-2.0621,9.2223,0.2510299118375419,0.30100571494982586,0.24402324950326842,0.4067785302724999
9477,315.9,1245,606,2122,1894,-3.581,10.4609,0.21121475234918394,0.0880136413781154,0.23418070035704305,0.3111490636041845
9478,315.933,1246,604,2122,1893,-3.3579,7.8654,0.18595525862016765,0.5155992174691849,0.21971306783598044,0.3724841097636846
9479,315.967,1246,604,2123,1894,-3.4653,9.2535,0.20379774457001473,0.3008048903372215,0.21493847085619072,0.35098034393574573
9480,316.0,1247,604,2124,1894,-2.0596,6.9604,0.21373776188649388,0.631106977538784,0.21457825816528164,0.4350183340166572
9481,316.033,1248,605,2124,1894,-0.9243,9.1625,0.2891124002594214,0.3079482092742167,0.23693850079352358,0.39689729659392503
9482,316.067,1248,606,2124,1895,-1.5816,6.8342,0.22823915658115113,0.6444938295429996,0.23432869752981184,0.47117625647864736
9483,316.1,1248,605,2125,1895,-2.5224,8.8867,0.23127515941128468,0.35691747945134444,0.23341263609425367,0.4368986233704565
9484,316.133,1248,605,2124,1895,-0.0479,7.7702,0.3011682070560196,0.5152333283168625,0.25373930738278344,0.4603990348543783
9485,316.167,1248,605,2124,1895,-0.1239,7.189,0.2882033092475587,0.5931968252983513,0.264078507942216,0.5002383719875702
9486,316.2,1248,605,2124,1894,-1.5481,9.9597,0.2749636349394495,0.1742124909342704,0.267344046041386,0.4024306076715802
9487,316.233,1247,604,2124,1896,-2.6286,7.4038,0.20272679755332695,0.5759694889595227,0.24795887149496826,0.45449227205796294
9488,316.267,1247,605,2124,1898,-1.5451,9.3495,0.2699034459991189,0.27860606019086015,0.25454224384621343,0.4017264084978321
9489,316.3,1248,605,2125,1897,-2.5193,9.4797,0.23829551194923984,0.2594173688843614,0.24966822427712132,0.35903369661379086
9490,316.333,1247,605,2125,1898,-2.9989,9.1081,0.2178362800087961,0.32294735379911604,0.24011864099662375,0.3482077937693884
9491,316.367,1247,605,2126,1901,-3.6509,10.5757,0.20964449132491186,0.06668434574150041,0.23097639609511017,0.26375075936102194
9492,316.4,1246,604,2127,1904,-1.9738,8.5171,0.24509656408748204,0.41262818060645495,0.23521244649282172,0.30841398573465184
9493,316.433,1245,601,2128,1909,-3.112,7.7639,0.1926930522437807,0.5287288369479647,0.2224566282181094,0.3745084410986457
9494,316.467,1245,601,2129,1911,0.1069,8.1826,0.31286036673328155,0.45637867211702393,0.24957774977266106,0.39906951040415917
9495,316.5,1245,601,2129,1909,0.3637,8.6317,0.3275767744348531,0.3891521933597015,0.27297745717131866,0.39609431529082184
9496,316.533,1245,599,2129,1911,0.8474,7.4058,0.3270085919018223,0.5620963569476716,0.2891867975904697,0.44589492778787676
9497,316.567,1245,599,2129,1911,1.8233,8.2984,0.3745336201533161,0.43717811139502555,0.31479084435932364,0.44327988287002135
9498,316.6,1244,598,2129,1912,1.4297,8.0829,0.35799220617697797,0.4684609776546332,0.3277512529046199,0.45083421130540485
9499,316.633,1244,599,2129,1913,2.6798,8.0809,0.40205214274168183,0.467960188097883,0.3500415198557385,0.4559720043431482
9500,316.667,1244,599,2128,1911,4.4362,8.5641,0.46862755970944464,0.4002075712961834,0.3856173318118503,0.43924267442905873
9501,316.7,1244,599,2128,1912,4.1464,7.9142,0.4520234805239895,0.4917082604062511,0.4055391764254921,0.45498235022221645
9502,316.733,1244,600,2128,1912,2.1589,9.5309,0.39685358355099504,0.24613336703626806,0.402933498563143,0.39232765526643193
9503,316.767,1244,600,2128,1912,2.4887,10.5787,0.41089120985155136,0.06496751560081555,0.40532081194966546,0.294119613366747
9504,316.8,1245,600,2128,1911,3.6468,7.9254,0.43441079410387407,0.48978272566559333,0.414047806595928,0.3528185470564009
9505,316.833,1244,600,2128,1910,3.3971,8.9504,0.4355033981600534,0.34032709588485105,0.4204844840651656,0.34907111170493593
9506,316.867,1244,599,2129,1909,3.1161,7.8593,0.41474499242996077,0.4986539763272381,0.4187626365746041,0.39394597109162655
9507,316.9,1244,599,2129,1909,3.2351,7.6261,0.41588673720562686,0.5300172895591359,0.4178998667639109,0.4347673666318793
9508,316.933,1244,598,2128,1908,4.2363,6.2737,0.4298835329795321,0.6930582883611829,0.4214949666285972,0.5122546431506704
9509,316.967,1244,598,2128,1908,4.371,7.0654,0.4486355340816056,0.6014864759584838,0.4296371368644997,0.5390241929930144
9510,317.0,1244,599,2128,1910,3.499,8.9671,0.43913976663832716,0.3379083047008466,0.4324879257966479,0.47868942650536406
9511,317.033,1245,598,2128,1909,0.5783,8.0092,0.3269649572952234,0.4802572895374404,0.40083103524622055,0.47915978541498694
9512,317.067,1245,599,2128,1909,3.3951,8.3866,0.4305884092976412,0.4246062820838342,0.4097582474616467,0.4627937344156411
9513,317.1,1245,598,2128,1910,1.7847,7.2337,0.3577554824787817,0.5824310358383378,0.39415741796678716,0.4986849248424501
9514,317.133,1244,597,2128,1912,0.5917,7.9349,0.3263518244529609,0.4907139037058875,0.3738157399126393,0.49629361850148124
9515,317.167,1244,599,2127,1913,-0.6028,8.4539,0.29180055287366696,0.41798436730319594,0.3492111838009476,0.4728008431419956
9516,317.2,1243,601,2128,1918,-2.0398,11.0236,0.26376490063452895,0.0,0.323577298851022,0.3309605901993969
9517,317.233,1242,601,2128,1920,-1.9787,9.7837,0.25925255669862596,0.20584764933151162,0.30427987620530317,0.2934267079390313
9518,317.267,1242,602,2127,1920,-1.7274,9.2826,0.26304101987743383,0.29013768072714263,0.29190821930694233,0.2924399997754647
9519,317.3,1242,602,2127,1920,-2.6672,10.0518,0.23844425823973142,0.16025441255987158,0.27586903098677906,0.25278432361078673
9520,317.333,1242,602,2127,1920,-2.6997,9.5841,0.23327443300682268,0.24220160800603976,0.2630906515927921,0.24960950892936262
9521,317.367,1242,603,2127,1919,-2.7839,10.7833,0.23890529084649736,0.02524294809947521,0.25583504336890367,0.1822995406803964
9522,317.4,1242,603,2127,1918,-2.8531,12.0195,0.23815648153153116,0.0,0.2505314748176919,0.12760967847627747
9523,317.433,1242,602,2127,1918,-4.2,10.4831,0.19112360222524616,0.08582175895231735,0.23270911303995814,0.11507330261908942
9524,317.467,1242,601,2127,1919,-5.2256,8.5352,0.1330566537083903,0.42620807403647815,0.2028133752404878,0.20841373404430602
9525,317.5,1242,601,2127,1919,-4.9417,8.2867,0.13844377641158323,0.4627693942489257,0.18350249559181642,0.2847204321056919
9526,317.533,1241,601,2127,1917,-2.1661,9.0112,0.24503790751972093,0.3357096654010776,0.20196311917018778,0.3000172020943076
9527,317.567,1241,602,2127,1917,-3.1225,11.8725,0.22989976255053918,0.0,0.2103441121842932,0.21001204146601532
9528,317.6,1239,599,2123,1916,-1.0007,7.6058,0.2645457447199685,0.540994261784009,0.22660460194499576,0.30930670756141343
9529,317.633,1239,599,2124,1916,-0.7662,8.1547,0.28184830809497063,0.4627001872500399,0.2431777137899882,0.35532475146800135
9530,317.667,1239,599,2124,1916,-0.7903,8.38,0.28426544178231683,0.42955109546270204,0.2555040321876868,0.37759265466641156
9531,317.7,1240,598,2124,1915,-3.0254,6.4442,0.16642146141655476,0.7008243374477592,0.22877926095634715,0.4745621595008158
9532,317.733,1240,598,2124,1915,-2.9693,6.5234,0.17046518651043954,0.6909001675842248,0.21128503862257486,0.5394635619258384
9533,317.767,1240,598,2124,1915,-3.2687,6.7581,0.16534835998704356,0.6639738372539389,0.19750403503191546,0.5768166445242686
9534,317.8,1239,598,2124,1914,-1.1071,8.8105,0.2789092109266599,0.36452150916863824,0.22192558780033877,0.5131281039175795
9535,317.833,1239,597,2124,1915,-2.993,8.7159,0.2127734020644744,0.3858551007588678,0.21917993207957945,0.4749462029699659
9536,317.867,1239,597,2124,1916,-2.7115,9.42,0.23118885420351826,0.2701109929323225,0.2227826087167611,0.4134956399586729
9537,317.9,1239,598,2124,1916,-1.3671,10.5783,0.2842764437065266,0.06195326677570417,0.24123075921369072,0.30803292800378224
9538,317.933,1239,598,2124,1916,-1.7282,9.6741,0.2667267448970327,0.22421489283624382,0.2488795549186933,0.2828875174535207
9539,317.967,1239,599,2124,1916,-1.9975,8.1901,0.2393072308845865,0.46182615494163476,0.24600785770846123,0.3365691086999549
9540,318.0,1240,597,2125,1914,-4.0234,7.7238,0.15975138830830038,0.5397609485438258,0.22013091688841296,0.39752666065311615
9541,318.033,1240,596,2124,1914,-4.7901,7.4745,0.12736708511331535,0.5799369730179029,0.19230176735588367,0.45224975436255216
9542,318.067,1240,598,2124,1913,-4.4276,7.2502,0.13522844817065294,0.6080036486750607,0.17517977160031442,0.49897592265630475
9543,318.1,1240,596,2124,1913,-4.5389,5.938,0.09698057605466533,0.771547842415821,0.15172001293661969,0.5807474985841595
9544,318.133,1239,595,2124,1914,-4.7552,7.603,0.13139859796957182,0.5617222566449739,0.14562358844650533,0.5750399260024037
9545,318.167,1239,595,2123,1913,-3.1016,8.702,0.2088365116521338,0.3885133556864618,0.16458746540819386,0.5190819549076211
9546,318.2,1239,595,2123,1913,-3.095,9.3626,0.21760717238140384,0.2811070591777541,0.18049337750015682,0.44768948618866095
9547,318.233,1239,595,2122,1913,-2.5705,10.6449,0.245242045932029,0.051108034850807255,0.19991797802971845,0.32871505078730484
9548,318.267,1238,596,2122,1912,-2.8654,6.1179,0.163762091676096,0.7379399013018892,0.1890712121236317,0.45148250594168016
9549,318.3,1243,597,2114,1907,1.7893,0.9426,0.1545450002963682,1.0,0.17871334857545265,0.616037754159176
9550,318.333,1244,597,2108,1904,3.0672,1.0093,0.21129878173993494,1.0,0.18848897852479735,0.7312264279114232
9551,318.367,1244,597,2110,1904,0.4863,0.4301,0.07425646216082232,1.0,0.15421922361560483,0.8118584995379963
9552,318.4,1242,596,2110,1907,4.0767,4.819,0.3903593489158578,0.8348765734084082,0.2250612612056807,0.8187639216991198
9553,318.433,1242,601,2111,1902,1.8109,5.4487,0.32054345049293587,0.7839906707708295,0.25370591799185727,0.8083319464206327
9554,318.467,1242,602,2111,1900,0.8964,8.6919,0.3467072135646138,0.379323971306062,0.2816063066636842,0.6796295538862613
9555,318.5,1240,603,2115,1898,3.0063,10.0547,0.4274434304634174,0.1591188881771236,0.3253574438036041,0.52347635417352
9556,318.533,1240,606,2116,1899,2.0641,9.1,0.3907488423377175,0.3156627032589913,0.3449748633638381,0.4611322588991614
9557,318.567,1240,605,2116,1900,1.3251,9.8343,0.37030499669020306,0.19446579843171846,0.35257390336174754,0.3811323207589285
9558,318.6,1240,606,2116,1900,-0.4073,9.6225,0.3107262406986499,0.2308674180603171,0.3400196045628182,0.33605284994934503
9559,318.633,1241,606,2116,1899,-1.7596,8.9961,0.25875166367027785,0.3368781228979438,0.3156392222950561,0.33630043183392466
9560,318.667,1241,607,2115,1900,-1.1383,10.5434,0.29163897027736124,0.06825289355988398,0.3084391466897476,0.2558861703517124
9561,318.7,1240,608,2115,1900,2.0609,11.2961,0.39597307437024754,0.0,0.33469932499389754,0.17912031924619867
9562,318.733,1242,610,2112,1896,10.2967,8.5822,0.6743671078027919,0.4240221439085739,0.4365996598365658,0.25259086664491126
9563,318.767,1242,610,2112,1896,11.741,9.4353,0.724548148156731,0.3105692234804616,0.5229842063326153,0.2699843736955764
9564,318.8,1243,609,2112,1896,11.9578,10.2451,0.7278685965251411,0.18348843816004487,0.584449523390373,0.24403559303491693
9565,318.833,1243,608,2113,1897,12.2139,13.6217,0.6840522501801226,0.0,0.6143303414272979,0.17082491512444184
9566,318.867,1243,607,2114,1901,12.9601,14.1442,0.6934762489701904,0.0,0.6380741136901656,0.11957744058710928
9567,318.9,1243,608,2115,1902,13.5454,10.7658,0.776406455728867,0.11312951104951448,0.679573816301776,0.11764306172583083
9568,318.933,1243,606,2116,1904,13.5447,13.6058,0.7252236474817935,0.0,0.6932687656557812,0.08235014320808158
9569,318.967,1243,606,2116,1903,13.1734,13.5591,0.7149735026514206,0.0,0.699780186754473,0.057645100245657103
9570,319.0,1243,603,2119,1905,12.8626,11.5886,0.7433725114530013,0.0,0.7128578841640314,0.04035157017195997
9571,319.033,1243,602,2122,1906,13.4039,10.9621,0.7694352230304368,0.07711475959436362,0.729831085823953,0.051380526998681064
9572,319.067,1243,602,2124,1905,12.2536,13.4455,0.6893795682596698,0.0,0.717695630554668,0.03596636889907674
9573,319.1,1244,602,2126,1907,11.8333,16.0031,0.602995337012965,0.0,0.6832855424921571,0.02517645822935372
9574,319.133,1242,599,2128,1910,2.7443,12.6163,0.4091175927051258,0.0,0.6010351575560476,0.0176235207605476
9575,319.167,1242,598,2129,1912,1.8365,15.7504,0.3286372640020865,0.0,0.5193157894898592,0.01233646453238332
9576,319.2,1242,597,2129,1912,0.8427,13.0574,0.34612127814141697,0.0,0.46735743608532654,0.008635525172668324
9577,319.233,1243,598,2129,1910,0.7727,13.8963,0.33369369279390676,0.0,0.4272583130979006,0.0060448676208678265
9578,319.267,1243,597,2129,1910,0.7262,14.5614,0.3217547210855799,0.0,0.3956072354942044,0.004231407334607478
9579,319.3,1243,597,2129,1910,0.6261,15.1177,0.30841634198618323,0.0,0.36944996744179803,0.0029619851342252345
9580,319.333,1243,597,2129,1910,0.6914,15.0792,0.3110544865650751,0.0,0.3519313231787812,0.002073389593957664
9581,319.367,1243,597,2129,1910,0.6433,14.8982,0.31320434465876706,0.0,0.34031322962277694,0.0014513727157703647
9582,319.4,1243,596,2129,1910,3.3189,13.3443,0.41804132736043775,0.0,0.3636316589440752,0.0010159609010392551
9583,319.433,1244,595,2129,1910,2.1876,12.9061,0.38891222366950146,0.0,0.371215828361703,0.0007111726307274785
9584,319.467,1243,595,2129,1911,0.9511,14.855,0.32289586693327293,0.0,0.356719839933174,0.000497820841509235
9585,319.5,1243,595,2129,1912,3.4091,12.7862,0.4278978851056134,0.0,0.37807325348490584,0.00034847458905646445
9586,319.533,1243,596,2129,1912,1.2422,12.9998,0.3589256610556769,0.0,0.3723289757561371,0.0002439322123395251
9587,319.567,1243,594,2128,1914,2.255,12.4931,0.3950687058795606,0.0,0.37915089479316416,0.00017075254863766756
9588,319.6,1242,595,2127,1915,3.3145,12.0233,0.43218772455769366,0.0,0.395061943722523,0.00011952678404636728
9589,319.633,1242,596,2128,1915,1.7293,11.0758,0.3857362796000088,0.0,0.3922642444857687,8.366874883245709e-05
9590,319.667,1242,595,2127,1915,2.8912,10.0736,0.4236357846246952,0.15558497574934615,0.4016757065274466,0.04673406084898657
9591,319.7,1241,597,2127,1915,2.1629,11.6347,0.3979701251880734,0.0,0.40056403212563463,0.032713842594290596
9592,319.733,1241,597,2127,1914,1.9919,12.2361,0.3889412974919756,0.0,0.3970772117355369,0.022899689816003415
9593,319.767,1241,596,2127,1915,1.6464,11.2888,0.3826310370328124,0.0,0.3927433593247195,0.01602978287120239
9594,319.8,1240,597,2127,1915,3.265,10.9293,0.43598842523422415,0.002661311561657128,0.4057168790975708,0.012019241478338811
9595,319.833,1240,596,2127,1916,1.277,10.2315,0.3702657392943905,0.12522945558808798,0.3950815371566167,0.04598230571126356
9596,319.867,1241,596,2126,1916,3.4124,10.494,0.4413827048693779,0.08288020370104864,0.4089718874704451,0.057051675108199085
9597,319.9,1240,597,2126,1915,0.5519,10.1918,0.3460548723419428,0.13176617024066903,0.3900967829318944,0.07946602364794006
9598,319.933,1241,597,2126,1913,0.6714,8.9717,0.3418168332489058,0.3361538836593539,0.3756127980269978,0.1564723816513642
9599,319.967,1241,596,2124,1913,2.4686,5.1691,0.33816488904549047,0.8083720186540698,0.3643784253325456,0.35204227275217587
9600,320.0,1243,598,2123,1910,2.5277,7.0658,0.38173714622025345,0.6024085375461341,0.36958604159885794,0.4271521521903633
9601,320.033,1247,593,2116,1907,7.1285,5.2353,0.5174008907013182,0.7958748437444673,0.413930496329596,0.5377689596565944
9602,320.067,1247,594,2115,1905,4.4185,3.0166,0.3482014333880051,0.9607165204864518,0.3942117774471187,0.6646532279055517
9603,320.1,1246,597,2116,1906,5.6108,3.0352,0.3967480061074904,0.9554330459755003,0.3949726460452302,0.7518871733265362
9604,320.133,1243,597,2118,1906,3.7278,7.7751,0.43544483590872524,0.5102240003434975,0.4071143030042787,0.6793882214316245
9605,320.167,1241,597,2121,1908,3.489,9.649,0.44247961588682505,0.2288537898270405,0.41772389686904254,0.5442278919502492
9606,320.2,1242,598,2121,1908,3.7033,12.6411,0.4386379346541881,0.0,0.42399810820458617,0.38095952436517444
9607,320.233,1241,597,2122,1910,5.4829,10.8706,0.5087884819910786,0.023402276744308812,0.44943522034053385,0.2736923500789147
9608,320.267,1241,599,2122,1907,3.1121,9.1109,0.42680730679600754,0.31494151519317387,0.442646846277176,0.28606709961319243
9609,320.3,1241,598,2122,1908,3.6868,9.087,0.44641095319432156,0.31962923740390253,0.4437760783523197,0.29613574095040546
9610,320.333,1241,597,2123,1909,1.7695,11.5458,0.3857730669013584,0.0,0.42637517491703125,0.2072950186652838
9611,320.367,1240,597,2122,1909,2.7403,9.8707,0.4180050948046725,0.19007853533675304,0.42386415088332363,0.20213007366672459
9612,320.4,1241,598,2123,1908,-0.8922,10.8638,0.3005895208469135,0.007988770743418245,0.38688176187240053,0.14388768278973266
9613,320.433,1241,599,2123,1908,-1.5719,9.675,0.2719810644891927,0.22373255905478595,0.3524115526574382,0.16784114566924863
9614,320.467,1240,599,2123,1909,-0.4116,9.3186,0.3080640488230071,0.28157089577803446,0.3391073015071088,0.20196007070188438
9615,320.5,1241,599,2123,1909,-1.5404,10.0083,0.27555318625661707,0.1656214860958605,0.32004106693196127,0.19105849532007718
9616,320.533,1240,600,2123,1910,2.0108,7.3553,0.3679215005546363,0.5664357732710213,0.33440519701876376,0.3036716787053604
9617,320.567,1240,600,2122,1913,-0.2529,9.0242,0.3106336968236558,0.32897217887990493,0.32727374696023137,0.31126182875772374
9618,320.6,1240,599,2122,1914,0.3233,9.5626,0.334930885648985,0.24037522076447665,0.32957088856685746,0.2899958463597496
9619,320.633,1239,600,2122,1915,-0.4733,9.0111,0.302947140284951,0.33143404399720705,0.3215837640822855,0.30242730565098686
9620,320.667,1239,600,2120,1912,1.8573,9.7542,0.38781616806457353,0.20852629008462897,0.3414534852769719,0.27425700098107947
9621,320.7,1239,599,2120,1913,1.1603,6.4046,0.318949625445979,0.6844609005170247,0.334702327327674,0.397318170841863
9622,320.733,1238,599,2120,1913,0.0919,9.2578,0.3246459480817241,0.2908960873274567,0.33168541355388903,0.36539154578754107
9623,320.767,1239,600,2120,1913,-0.3907,10.644,0.3164425624507198,0.049326676203343744,0.3271125582229382,0.27057208491228185
9624,320.8,1238,598,2120,1912,0.1915,10.0138,0.33326543681301724,0.1631173812052479,0.32895842179996193,0.23833567380017168
9625,320.833,1238,600,2121,1911,-0.0431,9.7546,0.3239063143540039,0.2080734117263471,0.3274427895661745,0.22925699517802428
9626,320.867,1238,599,2121,1910,-0.7327,12.2032,0.3038660106723718,0.0,0.3203697558980337,0.16047989662461698
9627,320.9,1238,601,2121,1910,-0.8531,9.3266,0.29314704007061065,0.28096055783549095,0.31220294114980673,0.19662409498787917
9628,320.933,1237,600,2121,1909,-0.4222,7.5021,0.28329526838144947,0.552979058424321,0.3035306393192996,0.3035305840188117
9629,320.967,1238,600,2121,1908,-0.3993,9.2482,0.3078356135320282,0.2930806075321782,0.30482213158311816,0.30039559107282165
9630,321.0,1238,601,2121,1909,1.0176,10.2426,0.36169065983954934,0.12301370213829975,0.3218826900600475,0.2471810243924651
9631,321.033,1239,600,2120,1909,-0.3096,12.9661,0.31180828960021295,0.0,0.3188603699220971,0.17302671707472556
9632,321.067,1238,600,2120,1909,1.2703,12.258,0.3661808444843902,0.0,0.333056512290785,0.12111870195230788
9633,321.1,1238,600,2119,1910,0.669,12.4089,0.34637284253264256,0.0,0.3370514113633422,0.0847830913666155
9634,321.133,1238,603,2118,1911,2.0039,8.7194,0.38535973037373455,0.37461706036756487,0.3515439070664599,0.1717332820669003
9635,321.167,1238,603,2116,1912,1.3717,11.7877,0.37207120554248085,0.0,0.35770209660926616,0.12021329744683021
9636,321.2,1238,605,2114,1910,1.138,9.4611,0.36179662185115996,0.2570759667913992,0.3589304541818343,0.1612720982502009
9637,321.233,1238,606,2115,1911,2.2879,5.8226,0.34765079953438055,0.7446232339716463,0.35554655778759814,0.33627743896663453
9638,321.267,1236,606,2115,1910,2.9039,5.7906,0.3699668434951164,0.7463038597503278,0.3598726434998536,0.45928536520174246
9639,321.3,1236,606,2115,1909,2.6593,8.0711,0.4012093180796463,0.46933951621240294,0.3722736458737914,0.46230161050494056
9640,321.333,1236,608,2115,1910,0.2896,6.7469,0.29435030008139396,0.6470517699423531,0.34889664213607213,0.5177266583361643
9641,321.367,1236,608,2115,1909,0.6821,6.8255,0.3102454451683895,0.6361523456450844,0.33730128304576734,0.5532543645288402
9642,321.4,1236,606,2114,1907,2.0244,8.0681,0.37876464496416434,0.4700104638310764,0.3497402916212864,0.528281194319511
9643,321.433,1237,605,2114,1907,0.8528,7.4468,0.32789962375853976,0.5566782225336678,0.3431880912624624,0.536800302783758
9644,321.467,1237,604,2115,1907,0.4219,8.0179,0.32157859673228256,0.47934313907555454,0.3367052429034084,0.5195631536712969
9645,321.5,1237,604,2114,1908,0.7393,8.1438,0.33452124550531936,0.4607485730829975,0.33605004368398167,0.501918779494807
9646,321.533,1237,603,2115,1907,-1.0573,8.8315,0.28087577696688193,0.3611007643247295,0.31949776366885174,0.4596733749437837
9647,321.567,1237,603,2116,1907,-1.2142,7.8011,0.2603969161594933,0.5147463318543968,0.3017675094160442,0.4761952620169676
9648,321.6,1237,602,2117,1908,-0.5061,8.4405,0.29498458044228093,0.41975591080854524,0.2997326307239152,0.45926345665444085
9649,321.633,1239,601,2116,1906,-2.0535,9.5198,0.25438934792663204,0.25130370578235645,0.2861296458847302,0.3968755313928155
9650,321.667,1240,601,2116,1906,-0.6693,11.0101,0.3080395090936658,0.0,0.29270260484741084,0.27781287197497084
9651,321.7,1241,601,2117,1907,-1.9925,8.9484,0.2502065314858942,0.3452335492270373,0.27995378283895583,0.29803907515059075
9652,321.733,1240,602,2118,1908,-1.9599,8.509,0.24546153556097103,0.41381509890727297,0.26960610865556034,0.3327718822775954
9653,321.767,1240,602,2118,1909,-0.8375,8.8853,0.2890636166016464,0.35211262393560844,0.27544336103938616,0.3385741047749993
9654,321.8,1240,602,2118,1906,-1.1362,9.8561,0.28797782380643616,0.19169623385176174,0.27920369986950117,0.29451074349802797
9655,321.833,1240,599,2119,1907,-0.7641,8.8965,0.2917133404512882,0.3501834332079011,0.2829565920440372,0.3112125504109899
9656,321.867,1240,599,2119,1906,-0.9037,7.653,0.2688286501151693,0.5341601447978803,0.27871820946537684,0.37809682872705697
9657,321.9,1243,601,2116,1901,1.3521,4.4787,0.27560319367078356,0.8738512723556986,0.2777837047269988,0.5268231618156494
9658,321.933,1242,602,2108,1899,6.0826,-0.4756,0.2685641153137379,1.0,0.27501782790302054,0.6687762132709545
9659,321.967,1242,604,2106,1896,1.2899,0.1793,0.0954982010014905,1.0,0.22116193983256152,0.7681433492896681
9660,322.0,1244,608,2102,1892,5.8917,2.3141,0.38256820157470983,0.9893699206337434,0.269583818355206,0.8345113206928907
9661,322.033,1244,605,2106,1896,5.2057,0.6279,0.28402182519794456,1.0,0.27391522040802757,0.8841579244850235
9662,322.067,1244,606,2105,1895,4.4798,1.8448,0.3063232980929973,1.0,0.28363764371351846,0.9189105471395165
9663,322.1,1242,606,2113,1898,-1.3467,9.5368,0.2783672916595455,0.24680130972988834,0.28205653809732656,0.717277775916628
9664,322.133,1242,608,2112,1896,-0.1118,10.5839,0.325424003655908,0.06051059840959117,0.295066777764901,0.5202476226645169
9665,322.167,1240,608,2112,1897,1.8515,10.3535,0.38961371420667873,0.10427027717968664,0.32343085869743426,0.39545441901906775
9666,322.2,1240,607,2113,1896,3.2854,9.4484,0.4346967564876153,0.2613139513281553,0.3568106280344886,0.355212278711794
9667,322.233,1240,607,2113,1895,2.2956,10.1295,0.40387950121180044,0.14464692060998988,0.3709312899876821,0.2920426712812528
9668,322.267,1240,606,2113,1895,3.1521,8.6361,0.42446430414562236,0.3877025482595428,0.3869911942350642,0.32074063437473976
9669,322.3,1240,603,2114,1897,1.4154,10.1425,0.3745864726396648,0.1411010505315835,0.38326977775644433,0.26684875922179285
9670,322.333,1240,604,2115,1896,-0.0198,10.7976,0.3288677951453287,0.020687136177867382,0.36694918297310963,0.1930002723086152
9671,322.367,1239,604,2115,1898,-0.8421,8.8653,0.288674062632468,0.3552731639842214,0.3434666468709171,0.24168213981129705
9672,322.4,1239,605,2115,1898,-0.23,8.9986,0.3111534374035504,0.33300824424655245,0.3337726840307071,0.26907997114187365
9673,322.433,1237,606,2115,1903,0.4626,8.8134,0.333019791140683,0.36110450382174597,0.33354681616369986,0.2966873309458353
9674,322.467,1238,606,2115,1903,-1.4173,8.0221,0.256928954603659,0.4840829088233996,0.3105614576956876,0.35290600430910457
9675,322.5,1238,606,2116,1903,-0.2791,7.8295,0.2939391932465426,0.5076456361815342,0.3055747783609441,0.39932789387083345
9676,322.533,1238,606,2115,1902,-1.1245,9.7224,0.2873785022570442,0.21478865778365436,0.30011589552977413,0.3439661230446797
9677,322.567,1238,605,2116,1906,-0.0307,10.3328,0.32729728659857943,0.10639660167814143,0.30827031285041573,0.2726952666347182
9678,322.6,1238,605,2116,1906,-0.0064,9.8593,0.3257952230406843,0.19005146390363298,0.3135277859074963,0.24790212581539264
9679,322.633,1238,605,2117,1907,-0.7317,8.0465,0.2814093910330299,0.4782484831818357,0.3038922674451564,0.31700603302532554
9680,322.667,1238,605,2118,1909,-0.6015,9.0488,0.29895564181365497,0.32564820670412414,0.302411279755706,0.3195986851289651
9681,322.7,1238,603,2119,1915,0.4824,10.6949,0.34511755559468765,0.04025355211265887,0.31522316250740046,0.23579514522407322
9682,322.733,1238,603,2118,1915,1.7387,10.4791,0.3860884252288339,0.0814745087585675,0.3364827413238305,0.18949895428442148
9683,322.767,1236,603,2121,1916,-0.2611,9.4095,0.31396416115368586,0.2663773891016796,0.32972716727278706,0.21256248472959888
9684,322.8,1237,603,2121,1916,0.0653,9.228,0.3234737348805485,0.29576858260585376,0.32785113755511547,0.23752431409247532
9685,322.833,1238,602,2120,1913,0.9141,10.4486,0.3588320766898624,0.08589930563949753,0.33714541929553954,0.19203681155658198
9686,322.867,1238,602,2119,1913,0.4324,9.7861,0.3400695657993,0.20249515107725807,0.33802266324666763,0.1951743134127848
9687,322.9,1239,602,2119,1911,0.0867,10.6295,0.3320400638976012,0.05213767735831189,0.33622788344194765,0.15226332259644293
9688,322.933,1239,601,2119,1910,-1.9887,12.3001,0.2643102282044594,0.0,0.31465258687070113,0.10658432581751004
9689,322.967,1239,601,2119,1910,-3.0929,12.4886,0.22938620495999026,0.0,0.28907267229748784,0.07460902807225703
9690,323.0,1239,597,2120,1908,-2.2476,13.3607,0.2495929336249733,0.0,0.2772287506957335,0.05222631965057992
9691,323.033,1239,597,2120,1906,-2.4729,13.2879,0.24343660270334047,0.0,0.2670911062980156,0.03655842375540594
9692,323.067,1239,595,2121,1908,-1.4832,13.1852,0.2742010030986391,0.0,0.26922407533820264,0.025590896628784155
9693,323.1,1239,595,2121,1908,-1.5839,12.7701,0.2743195028574354,0.0,0.27075270359397247,0.017913627640148908
9694,323.133,1239,593,2122,1908,-1.8796,12.9391,0.26411394352096906,0.0,0.26876107557207146,0.012539539348104235
9695,323.167,1239,593,2123,1908,-0.684,13.0676,0.29949635274660197,0.0,0.2779816587244306,0.008777677543672964
9696,323.2,1239,592,2123,1910,-0.6648,12.7157,0.3029227480166959,0.0,0.28546398551211016,0.006144374280571074
9697,323.233,1239,592,2123,1910,0.2449,12.3634,0.3334737104931874,0.0,0.2998669030064333,0.004301061996399752
9698,323.267,1239,594,2121,1907,5.9242,12.1625,0.5134609657201713,0.0,0.3639451218205547,0.003010743397479826
9699,323.3,1238,594,2122,1908,2.8263,10.0679,0.42145253398866933,0.1564266656112329,0.3811973454709891,0.04903552006160575
9700,323.333,1237,593,2120,1910,4.4486,12.1018,0.46739488989553135,0.0,0.4070566087983517,0.03432486404312402
9701,323.367,1237,593,2120,1909,4.4549,11.4644,0.4723825392598318,0.0,0.42665438793679566,0.024027404830186814
9702,323.4,1237,593,2119,1910,5.3047,10.1576,0.5044758143138781,0.1491989631288509,0.45000081584992035,0.06157887231978603
9703,323.433,1236,593,2117,1908,3.8153,9.4527,0.45276464917458176,0.26176097032545953,0.4508299658473187,0.12163350172148807
9704,323.467,1235,597,2116,1909,4.9945,8.634,0.48866236654436823,0.3911893770100541,0.46217968605643356,0.20250026430805784
9705,323.5,1235,596,2116,1908,5.8586,9.7381,0.5230034270134515,0.2222061683338196,0.4804268083435389,0.20841203551578635
9706,323.533,1233,598,2115,1910,6.6691,10.7001,0.5485772661920741,0.06120817765238545,0.5008719456980995,0.1642508781567661
9707,323.567,1233,600,2116,1908,7.3669,7.3317,0.5609601442118787,0.5739633830047941,0.5188984052522332,0.2871646296111745
9708,323.6,1234,600,2116,1909,5.2792,8.544,0.4979530889907968,0.4050934878219115,0.5126148103738022,0.3225432870743956
9709,323.633,1234,600,2116,1909,5.6109,8.1959,0.506796220840356,0.45551388768161644,0.5108692335137683,0.3624344672565618
9710,323.667,1234,600,2117,1907,1.5457,8.7614,0.3699020779685967,0.3682840436542232,0.4685790868502168,0.36418934017586024
9711,323.7,1235,600,2117,1906,1.9774,8.9557,0.38659341953782317,0.33827038134368137,0.4439833866564987,0.3564136525262066
9712,323.733,1235,599,2117,1907,4.1851,9.3403,0.46488229656438895,0.28075593885012085,0.45025305962886575,0.3337163384233809
9713,323.767,1235,599,2118,1907,1.2799,7.9519,0.3509148834176655,0.48712793360589235,0.42045160676550564,0.3797398169781343
9714,323.8,1235,599,2117,1909,3.1203,8.3635,0.4207209837299355,0.42774971454931954,0.4205324198548346,0.39414278624948984
9715,323.833,1234,599,2117,1908,0.674,9.1006,0.3431139750537404,0.31572091833153554,0.3973068864145063,0.37061622587410353
9716,323.867,1235,598,2117,1909,0.8518,9.2505,0.35047962688711504,0.29153420202844466,0.3832587085562889,0.34689161872040586
9717,323.9,1235,598,2117,1908,-1.1243,10.3181,0.29113019729185385,0.1095617467165999,0.35562015517695833,0.27569265711926405
9718,323.933,1236,598,2117,1906,0.1518,9.9022,0.3313401655071521,0.1825673761298399,0.34833615827601644,0.2477550728224368
9719,323.967,1236,600,2118,1906,1.6622,8.2463,0.3682550197364157,0.44483195724639235,0.3543118167141362,0.30687813814962345
9720,324.0,1234,604,2116,1910,2.0663,4.6377,0.30793245499924327,0.8571335747423283,0.3403980081996683,0.4719547691274349
9721,324.033,1233,605,2115,1912,5.0764,7.4389,0.4794738512386889,0.5554421447447007,0.3821207611113745,0.49700098181261465
9722,324.067,1234,606,2114,1910,13.9091,3.5317,0.7445479424752682,0.9353806186606664,0.4908489155205426,0.6285148728670301
9723,324.1,1234,605,2113,1908,16.4046,1.0142,0.7760356622113755,1.0,0.5764049395277924,0.7399604110069211
9724,324.133,1234,605,2114,1912,14.8258,2.2331,0.747748310189761,0.9944202946342233,0.627807950726383,0.8162983760951117
9725,324.167,1234,604,2114,1916,13.8348,1.0383,0.6673864396427832,1.0,0.639681497401303,0.8714088632665782
9726,324.2,1234,603,2114,1917,14.7417,1.3799,0.7176273277485558,1.0,0.6630652465054788,0.9099862042866047
9727,324.233,1233,603,2114,1919,13.6801,4.194,0.7500764725824222,0.8950882862153414,0.6891686143285618,0.9055168288652258
9728,324.267,1234,603,2114,1919,13.5502,2.3312,0.697860061705846,0.9866750706574109,0.691776048541747,0.9298643014028812
9729,324.3,1234,606,2115,1919,12.222,1.9807,0.6318848480700732,0.9948645855124959,0.6738086884002448,0.9493643866357655
9730,324.333,1235,605,2115,1920,11.7601,1.7598,0.6052513898620223,1.0,0.653241498838778,0.9645550706450359
9731,324.367,1236,605,2115,1918,12.5959,3.1276,0.6813819215002329,0.9508642921726111,0.6616836256372144,0.9604478371033084
9732,324.4,1236,607,2116,1919,14.851,3.5985,0.7839286947176148,0.9366238858743726,0.6983571463613345,0.9533006517346276
9733,324.433,1236,605,2117,1922,11.5418,0.9698,0.5674102051615186,1.0,0.6590730640013898,0.9673104562142394
9734,324.467,1236,605,2116,1922,12.4328,2.5288,0.6577533442638269,0.9764774427944792,0.6586771480801208,0.9700605521883113
9735,324.5,1236,605,2116,1922,12.4918,2.5178,0.6598467682564224,0.9770387238210877,0.6590280341330113,0.9721540036781442
9736,324.533,1237,605,2117,1921,12.1332,0.6083,0.5785767123741994,1.0,0.6348926376053676,0.9805078025747009
9737,324.567,1236,606,2116,1921,10.5103,2.1186,0.5655326718612282,0.9889849936108824,0.6140846478821258,0.9830509598855552
9738,324.6,1237,606,2116,1920,11.6608,2.5048,0.6253454631764012,0.9758989868750371,0.6174628924704084,0.9809053679823998
9739,324.633,1238,606,2116,1918,12.8668,1.8143,0.6532733037360612,1.0,0.6282060158501043,0.9866337575876798
9740,324.667,1238,608,2116,1917,12.9341,3.9889,0.7161111303538795,0.9045404890687607,0.6545775502012368,0.962005777032004
9741,324.7,1237,611,2117,1920,12.6369,2.8032,0.6740970392829586,0.9657954244903271,0.6604333969257533,0.9631426712695008
9742,324.733,1236,610,2117,1921,13.0463,1.53,0.6512530617490271,1.0,0.6576792963727354,0.9741998698886505
9743,324.767,1236,610,2118,1924,13.5474,2.3401,0.6980094268562524,0.9863613781452263,0.6697783355177904,0.9778483223656231
9744,324.8,1237,612,2118,1924,15.1293,2.3225,0.7628857798586584,0.9928650358464203,0.6977105688200508,0.9823533364098622
9745,324.833,1237,613,2119,1921,14.5136,1.928,0.7256248604721873,1.0,0.7060848563156916,0.9876473354869035
9746,324.867,1237,611,2119,1921,12.73,1.7344,0.6449056323899556,1.0,0.6877310891379708,0.9913531348408324
9747,324.9,1237,610,2120,1919,12.1405,1.3572,0.6070932283666142,1.0,0.6635397309065638,0.9939471943885827
9748,324.933,1238,608,2121,1920,11.9576,2.2946,0.6310174788465737,0.9842075996537587,0.6537830552885667,0.9910253159681355
9749,324.967,1239,610,2122,1918,10.6993,2.554,0.587472839606915,0.9727535593427897,0.6338899905840711,0.9855437889805317
9750,325.0,1241,617,2120,1916,14.6921,5.0559,0.805287347066896,0.8398721278383824,0.6853091975289185,0.9418422906378869
9751,325.033,1241,616,2121,1917,12.2145,3.9148,0.6858385554913847,0.906265554106315,0.6854680049176584,0.9311692696784153
9752,325.067,1241,617,2121,1917,12.3977,4.8949,0.71351949973605,0.8387642763909174,0.6938834533631758,0.9034477716921658
9753,325.1,1241,617,2121,1915,12.1359,5.3083,0.7106677913650352,0.8039105542449363,0.6989187547637337,0.8735866064579969
9754,325.133,1240,617,2121,1915,12.0766,4.5549,0.6944053162612602,0.8628106820627838,0.6975647232129916,0.8703538291394329
9755,325.167,1240,617,2121,1917,12.9131,3.6899,0.7083782434069826,0.9223013521310751,0.7008087792711888,0.8859380860369255
9756,325.2,1240,617,2121,1918,15.319,3.3022,0.7960087482881072,0.9543410126894627,0.7293687699762643,0.9064589640326866
9757,325.233,1241,615,2122,1919,5.5619,10.1614,0.5130883136884983,0.1497196068306139,0.6644846330899344,0.6794371568720647
9758,325.267,1241,615,2121,1919,4.2134,7.938,0.45467647915040327,0.4885312279288328,0.601542186908075,0.6221653781890951
9759,325.3,1241,615,2121,1918,0.4685,9.4281,0.33884964516678795,0.26267414277374224,0.522734424385689,0.5143180075644893
9760,325.333,1242,616,2121,1917,1.3741,8.4213,0.36026881751321765,0.41951182162522926,0.47399474232394756,0.48587615178271126
9761,325.367,1242,617,2121,1918,2.6456,9.7711,0.41445209324238697,0.2067589357724714,0.45613194759947934,0.4021409869796393
9762,325.4,1242,614,2122,1917,1.1801,10.0794,0.3665218578494549,0.15195616208528717,0.42924892067447196,0.3270855395113336
9763,325.433,1244,612,2122,1915,1.225,11.4944,0.36852541746747064,0.0,0.41103186971237154,0.22895987765793352
9764,325.467,1244,615,2121,1916,0.4302,8.8956,0.33276380551568735,0.3483390327680824,0.38755145045336625,0.26477362419097816
9765,325.5,1244,615,2127,1912,1.0921,8.5426,0.35184151583859025,0.40171942672609573,0.37683847006893345,0.30585736495151344
9766,325.533,1246,607,2129,1916,-2.7491,5.0435,0.13650993956787713,0.8503790069198369,0.3047399109186165,0.4692138575420105
9767,325.567,1246,608,2129,1917,-2.3217,6.2743,0.18786500254474864,0.7162518455418402,0.26967743840645614,0.5433252539419594
9768,325.6,1246,608,2129,1916,-2.5163,7.9776,0.2175743481660986,0.4951190313465791,0.25404651133434886,0.5288633871633452
9769,325.633,1246,608,2129,1917,-2.4042,6.1919,0.18270378678139299,0.7263202529739353,0.23264369396846207,0.5881004469065223
9770,325.667,1245,608,2129,1917,-1.8438,6.95,0.2213019714200667,0.6312805615656701,0.22924117720394344,0.6010544813042666
9771,325.7,1245,609,2129,1918,0.1501,8.4657,0.31814537915248675,0.41456577954142276,0.2559124377885064,0.5451078707754135
9772,325.733,1246,608,2129,1917,-0.0729,5.8145,0.259292980146184,0.7547132515226628,0.2569266004958097,0.6079894849995882
9773,325.767,1246,609,2129,1918,1.425,6.9913,0.3404298546333031,0.613683272910312,0.2819775767370577,0.6096976213728054
9774,325.8,1246,609,2129,1917,0.7047,6.4189,0.3025073001914388,0.6843729123143445,0.288136493773372,0.6321002086552671
9775,325.833,1246,608,2129,1918,0.1191,6.5523,0.2839622769200083,0.671004521071951,0.2868842287173629,0.6437715023802721
9776,325.867,1246,609,2129,1918,1.6386,7.0159,0.34862637476604097,0.6101478222017308,0.3054068725319663,0.6336843983267098
9777,325.9,1246,609,2129,1919,1.5052,6.1924,0.3270022644522004,0.7072872675900641,0.3118854901080365,0.655765259105716
9778,325.933,1246,608,2129,1919,-0.8663,6.1187,0.23755096941932627,0.7255334311697729,0.28958513390142343,0.6766957107249331
9779,325.967,1246,609,2130,1919,-0.3281,7.5711,0.2878662969529025,0.5433522742762024,0.2890694828168672,0.6366926797903139
9780,326.0,1245,618,2128,1919,0.619,9.1352,0.3415435106491945,0.3102286627458435,0.30481169116656537,0.5387534746769727
9781,326.033,1245,617,2128,1919,0.451,8.5125,0.3291922687862507,0.4070379232178691,0.3121258644524709,0.4992388092392416
9782,326.067,1245,616,2127,1917,-1.1366,9.7265,0.2870042399038917,0.21410362362232022,0.30458937708789713,0.4136982535541651
9783,326.1,1245,617,2127,1918,0.5359,8.8504,0.3359363529966035,0.3552724766055373,0.313993469860509,0.39617052046957674
9784,326.133,1245,615,2127,1918,-1.7949,10.3848,0.2693725185902841,0.09819379036416175,0.3006071844794415,0.30677750143795224
9785,326.167,1244,618,2124,1920,-0.4043,11.666,0.3161039914192489,0.0,0.3052562265613837,0.21474425100656655
9786,326.2,1243,620,2122,1919,1.2691,8.513,0.35766468570538723,0.4059884101636806,0.3209787643045847,0.2721174987537007
9787,326.233,1242,620,2122,1919,3.0543,7.0224,0.40010300627174555,0.6071756822814903,0.34471603689473296,0.3726349538120376
9788,326.267,1241,618,2122,1921,-1.393,8.6099,0.26648680573041134,0.3964635067553024,0.3212472675454364,0.379783519695017
9789,326.3,1241,617,2121,1921,0.2653,9.0561,0.3287024332554074,0.32318811752062926,0.3234838172584277,0.36280489904270063
9790,326.333,1240,615,2121,1921,0.4254,11.1198,0.34347568189565186,0.0,0.3294813766495949,0.2539634293298904
9791,326.367,1240,616,2121,1921,-1.6424,11.6868,0.27679372431458166,0.0,0.3136750809490909,0.17777440053092328
9792,326.4,1240,617,2121,1919,0.7885,10.3289,0.35436719941435335,0.10740498788674538,0.3258827164886696,0.1566635767376699
9793,326.433,1240,616,2120,1915,-1.5729,9.7805,0.2728049604192591,0.20555456926348245,0.3099593896678464,0.17133087449541365
9794,326.467,1240,617,2120,1913,1.37,11.0084,0.37415523830799424,0.0,0.32921814425989077,0.11993161214678955
9795,326.5,1240,617,2120,1913,1.9751,10.7467,0.3940227109222394,0.032929538107036735,0.3486595142585953,0.09383098993486369
9796,326.533,1241,615,2119,1911,0.0062,11.4506,0.3296292734336012,0.0,0.34295044201109703,0.06568169295440458
9797,326.567,1241,616,2120,1912,-1.0172,11.738,0.29650470544139124,0.0,0.32901672104018526,0.0459771850680832
9798,326.6,1240,614,2120,1915,0.9153,11.3488,0.3589677799928836,0.0,0.33800203872599477,0.03218402954765824
9799,326.633,1239,617,2119,1915,3.191,13.0911,0.4175190899479941,0.0,0.36185715409259456,0.02252882068336077
9800,326.667,1237,618,2119,1918,2.7933,13.2892,0.4028162155746585,0.0,0.37414487253721374,0.015770174478352536
9801,326.7,1237,618,2117,1918,2.9185,12.0103,0.4197612666735515,0.0,0.3878297907781151,0.011039122134846775
9802,326.733,1234,620,2116,1920,3.04,11.0204,0.42843689672800167,0.0,0.40001192256308105,0.007727385494392742
9803,326.767,1234,619,2117,1920,2.1846,12.3585,0.39402095421338607,0.0,0.39821463205817254,0.005409169846074919
9804,326.8,1235,617,2117,1916,1.0468,11.2999,0.36329541655251085,0.0,0.387738867406474,0.0037864188922524427
9805,326.833,1236,614,2118,1917,2.2511,13.1088,0.38855728349040014,0.0,0.3879843922316518,0.0026504932245767095
9806,326.867,1236,614,2120,1918,0.6479,12.1774,0.34719945137229796,0.0,0.37574890997384564,0.0018553452572036965
9807,326.9,1236,614,2121,1919,0.6914,10.7316,0.35200263045640506,0.03362372603234837,0.3686250261186134,0.011385859489747097
9808,326.933,1236,613,2119,1918,-1.5633,13.3185,0.2705791433149206,0.0,0.33921126127750556,0.007970101642822967
9809,326.967,1236,613,2120,1918,0.2323,13.0684,0.3273937741889019,0.0,0.3356660151509244,0.005579071149976076
9810,327.0,1236,613,2121,1920,2.3182,11.5684,0.40323603412090353,0.0,0.35593702084191814,0.003905349804983253
9811,327.033,1237,613,2121,1915,3.0506,12.4311,0.42043947648127045,0.0,0.3752877575337238,0.002733744863488277
9812,327.067,1237,614,2121,1916,5.137,15.2609,0.43431742292858344,0.0,0.3929966571521817,0.001913621404441794
9813,327.1,1238,613,2123,1918,3.8591,12.429,0.44572719496367197,0.0,0.40881581849562876,0.0013395349831092558
9814,327.133,1239,612,2122,1914,1.659,11.8352,0.3809549560721643,0.0,0.4004575597685894,0.0009376744881764789
9815,327.167,1240,615,2123,1913,3.1598,15.4882,0.37232377478912615,0.0,0.3920174242747504,0.0006563721417235353
9816,327.2,1241,615,2123,1913,3.6394,12.8215,0.4346060364919431,0.0,0.4047940079399082,0.00045946049920647463
9817,327.233,1241,615,2123,1913,2.8989,12.6605,0.41346602111779623,0.0,0.40739561189327456,0.0003216223494445322
9818,327.267,1242,616,2123,1910,2.9115,12.254,0.41765013116957317,0.0,0.4104719676761641,0.00022513564461117252
9819,327.3,1243,619,2124,1912,2.8328,15.6135,0.36001210798371747,0.0,0.3953340097684301,0.00015759495122782076
9820,327.333,1243,618,2125,1912,3.7685,14.4557,0.41266115712893725,0.0,0.4005321539765822,0.00011031646585947452
9821,327.367,1242,616,2125,1912,2.9445,14.7163,0.3833518825418929,0.0,0.39537807254617535,7.722152610163216e-05
9822,327.4,1243,617,2126,1914,3.9729,12.4714,0.448850080988898,0.0,0.41141967507899213,5.4055068271142507e-05
9823,327.433,1243,615,2126,1916,1.3452,8.469,0.35981357736153535,0.4124746216622007,0.39593784576375507,0.12378022504645
9824,327.467,1245,614,2127,1917,-1.2118,7.8995,0.26214442027267165,0.5008574744134779,0.35579981811643,0.2369033998565584
9825,327.5,1245,611,2127,1918,0.5014,11.4173,0.34554595670937716,0.0,0.3527236596943142,0.16583237989959088
9826,327.533,1245,613,2127,1919,-1.3392,10.2604,0.28374250273733764,0.12024520860137435,0.3320293126072212,0.1521562285101259
9827,327.567,1246,616,2127,1916,1.4213,9.6863,0.37277266290604144,0.21963247942544012,0.34425231769686726,0.17239910378472015
9828,327.6,1249,617,2129,1911,-0.216,13.1485,0.31297082366165896,0.0,0.33486786948630476,0.12067937264930409
9829,327.633,1248,618,2130,1913,1.8569,12.0349,0.38607275402293023,0.0,0.35022933484729235,0.08447556085451285
9830,327.667,1249,595,2132,1926,0.193,5.8087,0.2690607156376061,0.754045204982283,0.3258787490843864,0.28534645409284387
9831,327.7,1251,621,2132,1915,0.0751,9.9951,0.3292861450105579,0.16641281061491506,0.3269009678622378,0.2496663610494652
9832,327.733,1252,620,2134,1916,0.8608,4.5724,0.25954978862632133,0.8686094398944738,0.30669561409146284,0.43534928470296774
9833,327.767,1251,619,2133,1915,1.2265,6.58,0.32510273110593735,0.6638910228423136,0.3122177491958052,0.5039118061447715
9834,327.8,1255,616,2124,1915,1.5934,1.6226,0.17768915477763583,1.0,0.2718591708703544,0.65273826430134
9835,327.833,1256,623,2120,1912,2.4664,2.1867,0.23763006614422724,1.0,0.26159043945251625,0.756916785010938
9836,327.867,1254,620,2116,1909,-0.3158,2.3946,0.13318361391372788,1.0,0.22306839179087973,0.8298417495076564
9837,327.9,1252,625,2108,1903,10.7321,-3.073,0.3355343985632299,0.9428280805965936,0.25680819382258474,0.8637376488343376
9838,327.933,1243,615,2104,1899,1.5578,2.0899,0.19648697005325413,1.0,0.23871182669178553,0.9046163541840362
9839,327.967,1243,611,2104,1897,0.6604,5.5148,0.2789326382985315,0.7822147320405164,0.2507780701738093,0.8678958675409801
9840,328.0,1243,605,2100,1904,5.2695,9.6091,0.502782290695687,0.24087514048785644,0.32637933633037264,0.679789649425043
9841,328.033,1237,605,2099,1910,6.3815,7.0576,0.5217123489185511,0.6047149146068391,0.38497924010682616,0.6572672289795819
9842,328.067,1236,605,2097,1909,4.5262,7.7211,0.46327241540199715,0.5180775604609406,0.40846719269537746,0.6155103284239895
9843,328.1,1235,603,2093,1910,1.6017,9.7489,0.379182098758555,0.20918965490752772,0.3996816645143307,0.4936141263690509
9844,328.133,1233,604,2092,1906,4.5107,8.4023,0.46986434390424814,0.42385367369421356,0.42073646833130596,0.47268599056659966
9845,328.167,1233,603,2091,1901,3.4842,8.7589,0.4370534139250687,0.36965429692536866,0.42563155200943475,0.4417764824742303
9846,328.2,1234,603,2092,1901,4.4557,12.3742,0.4649715419971082,0.0,0.4374335490057367,0.30924353773196117
9847,328.233,1233,602,2092,1902,3.5987,11.1411,0.446235675175486,0.0,0.44007418685666144,0.2164704764123728
9848,328.267,1232,601,2091,1899,4.5756,10.6279,0.4796594604308266,0.06315040117423,0.4519497689289109,0.17047445384092996
9849,328.3,1234,603,2095,1895,5.848,7.0137,0.5016438093019122,0.6090361163063448,0.46685798104081133,0.3020429525805544
9850,328.333,1238,607,2102,1895,3.694,9.1407,0.4469891304042561,0.3112394409971524,0.4608973258498448,0.3048018991055338
9851,328.367,1239,608,2102,1897,3.5394,12.3565,0.43642805781077093,0.0,0.4535565454381226,0.21336132937387364
9852,328.4,1244,625,2114,1886,6.2512,10.6819,0.5348405567832529,0.06195325094088625,0.47794174884166163,0.16793890584397742
9853,328.433,1244,627,2115,1892,7.8117,8.6127,0.5871103627531249,0.40478979598823245,0.5106923330151005,0.23899417288725391
9854,328.467,1246,626,2117,1894,6.3216,7.3922,0.5238270316660661,0.5635876562015315,0.5146327426103902,0.33637221788153715
9855,328.5,1246,625,2120,1901,8.1351,10.1803,0.5994066625608162,0.16142263982650382,0.540064918595518,0.2838873444650271
9856,328.533,1247,625,2121,1901,6.2268,9.2431,0.5345316714712012,0.3030727983486308,0.5384049444582228,0.28964298063010824
9857,328.567,1248,626,2118,1895,4.2588,11.5376,0.46563017090811076,0.0,0.5165725123931892,0.20275008644107576
9858,328.6,1249,624,2117,1893,6.9734,10.3403,0.5599880395122553,0.1264806348866608,0.5295971705289091,0.17986925097475126
9859,328.633,1249,626,2116,1894,5.977,10.6197,0.5259957974268477,0.07153536493739898,0.5285167585982906,0.14736908516354558
9860,328.667,1246,599,2119,1908,2.4262,9.4905,0.4057002743750312,0.2530845437083981,0.49167181333131277,0.17908372272700135
9861,328.7,1247,604,2116,1901,3.0764,7.7427,0.4118065263088065,0.5144602869413906,0.46771222722456085,0.2796966919913181
9862,328.733,1251,623,2115,1897,2.754,12.1936,0.4131934236707887,0.0,0.45135658615842916,0.19578768439392263
9863,328.767,1250,623,2113,1895,2.357,13.9503,0.38000078703773904,0.0,0.4299498464222221,0.13705137907574583
9864,328.8,1248,623,2106,1900,2.5094,3.3232,0.2827078209149747,0.9517164381056434,0.3857772387700479,0.3814508967847151
9865,328.833,1249,620,2107,1900,-0.7804,1.0373,0.05160022769479264,1.0,0.2855241354474713,0.5670156277493006
9866,328.867,1249,619,2109,1902,-2.6613,3.519,0.08559915022052893,0.9776434047589223,0.22554663987938856,0.690203960852187
9867,328.9,1244,613,2120,1903,1.9172,6.9223,0.3570201305764333,0.6211100395822768,0.26498868708850193,0.6694757844712139
9868,328.933,1243,608,2127,1901,1.0636,10.4603,0.3637877946785691,0.08393089190899453,0.29462841936552203,0.49381231670254805
9869,328.967,1241,612,2131,1904,6.0658,12.6119,0.5125672378316488,0.0,0.36001006490536,0.34566862169178364
9870,329.0,1242,615,2135,1913,5.5722,8.6199,0.5087406225341374,0.39485433411708243,0.40462923219399327,0.36042433541937324
9871,329.033,1239,615,2134,1913,6.8484,9.8705,0.5565753607340632,0.20528885901517724,0.45021307075601424,0.31388369249811443
9872,329.067,1239,619,2132,1903,7.4526,9.582,0.5771340356343283,0.25562353524030523,0.4882893602195084,0.2964056453207716
9873,329.1,1239,620,2129,1901,7.6143,10.9659,0.578280857976889,0.019502247584020162,0.5152868095467226,0.21333462599974617
9874,329.133,1235,618,2125,1901,9.9128,12.5541,0.6340313160411046,0.0,0.5509101614950371,0.1493342381998223
9875,329.167,1232,619,2119,1903,10.3028,9.0813,0.6752346170209779,0.35187239868288334,0.5882074981528194,0.21009568634474063
9876,329.2,1231,623,2117,1905,12.7275,13.6731,0.6985263982544615,0.0,0.621303168183312,0.14706698044131844
9877,329.233,1230,627,2111,1909,10.4801,11.7404,0.6640613224361159,0.0,0.6341306144591532,0.1029468863089229
9878,329.267,1226,620,2109,1905,10.3635,9.7028,0.676432879114128,0.25675273236493174,0.6468212938556456,0.14908864012572554
9879,329.3,1225,620,2107,1907,8.3556,12.9103,0.5794479553486702,0.0,0.6266092923035529,0.10436204808800786
9880,329.333,1226,618,2106,1910,6.0591,16.5148,0.42450397499581743,0.0,0.5659776971112322,0.0730534336616055
9881,329.367,1233,599,2106,1922,1.8041,16.1526,0.317575721569277,0.0,0.49145710444864565,0.051137403563123844
9882,329.4,1234,600,2106,1920,1.2267,14.5815,0.33596455029684386,0.0,0.4448093382031051,0.03579618249418669
9883,329.433,1235,603,2106,1919,-1.5822,12.7056,0.2747887917572017,0.0,0.39380317426933403,0.02505732774593068
9884,329.467,1231,607,2109,1926,-1.0587,13.6583,0.2821954560808133,0.0,0.36032085881277776,0.017540129422151475
9885,329.5,1228,626,2110,1918,2.258,12.0268,0.39878066742986384,0.0,0.37185880139790356,0.012278090595506032
9886,329.533,1231,626,2114,1923,-0.8469,13.5109,0.29018052457318505,0.0,0.34735531835048794,0.008594663416854222
9887,329.567,1235,627,2118,1923,-1.3501,15.8943,0.2364346630800324,0.0,0.31407912176935127,0.006016264391797955
9888,329.6,1235,625,2121,1925,-2.3271,15.5573,0.21619160906082532,0.0,0.28471286795679346,0.004211385074258568
9889,329.633,1236,626,2121,1925,-2.2987,15.4345,0.21934153303022877,0.0,0.265101467478824,0.0029479695519809973
9890,329.667,1235,625,2121,1927,-2.3917,12.8697,0.24896123858907204,0.0,0.2602593988118984,0.002063578686386698
9891,329.7,1235,626,2119,1926,1.4748,8.9368,0.3691197713575515,0.34120095636093334,0.29291751057559434,0.10380479198875069
9892,329.733,1234,626,2120,1929,1.8988,11.0167,0.39132503360480403,0.0,0.3224397674843572,0.07266335439212547
9893,329.767,1233,628,2119,1927,3.2761,9.2287,0.43318140187173354,0.2965881791178265,0.3556622578005701,0.13984080180983577
9894,329.8,1233,631,2116,1927,2.5843,13.3571,0.3955640029915129,0.0,0.36763278135785293,0.09788856126688503
9895,329.833,1232,630,2114,1927,3.0732,10.3686,0.4301250321957879,0.10427735055063887,0.38638045660923337,0.09980519805201117
9896,329.867,1230,629,2113,1925,0.1425,9.0446,0.324383865136955,0.32516356264026136,0.36778147916754983,0.16741270742848624
9897,329.9,1230,628,2113,1926,5.2024,8.1244,0.49169091515071606,0.4644837233531169,0.4049543099624997,0.2565340122058754
9898,329.933,1231,629,2113,1925,3.6464,5.8317,0.39871339091050484,0.7405673688848804,0.40308203424690126,0.4017440192095769
9899,329.967,1230,629,2113,1927,3.5433,6.3732,0.4061711282016943,0.6827361935144797,0.4040087624333391,0.4860416715010477
9900,330.0,1230,624,2112,1927,3.6477,6.0554,0.40358915111918314,0.7172100569716108,0.40388287903909226,0.5553921871422166
9901,330.033,1230,627,2113,1927,6.0345,10.4572,0.5283794578491399,0.10067658984790814,0.4412318526821065,0.4189775079539241
9902,330.067,1235,623,2113,1927,6.3071,8.6436,0.5345822731618332,0.3938429106484944,0.46923697882602444,0.41143712876229516
9903,330.1,1234,624,2115,1928,3.9165,7.5744,0.4395775428148334,0.5369400764170736,0.46033914802266707,0.4490880130587287
9904,330.133,1235,618,2118,1930,4.7542,7.2412,0.46514602867913785,0.5800142847729883,0.46178121221960833,0.48836589457300655
9905,330.167,1236,619,2118,1929,4.6261,8.7689,0.47678890322301953,0.3702615215914442,0.4662835195206317,0.4529345826785378
9906,330.2,1238,618,2119,1925,4.9329,8.6287,0.48647349515074345,0.3918159633867906,0.47234051220966516,0.4345989968910136
9907,330.233,1238,618,2121,1924,5.0405,11.4149,0.49157296269815176,0.0,0.4781102473562111,0.3042192978237095
9908,330.267,1240,617,2124,1923,1.7612,9.0507,0.3799570705903309,0.32334115897554855,0.448664294326447,0.3099558561692612
9909,330.3,1240,615,2122,1921,3.158,8.8933,0.42681761935294027,0.34878600981202335,0.442110291834395,0.3216049022620898
9910,330.333,1239,613,2122,1921,5.949,8.1445,0.5183084724651154,0.46355387183669006,0.4649697460236111,0.36418959313446986
9911,330.367,1237,613,2121,1920,4.6915,7.3107,0.463858498955092,0.571266411437708,0.46463637190305535,0.42631263862544133
9912,330.4,1237,613,2118,1918,2.0976,4.8178,0.31434879841890956,0.8414906487759277,0.4195500998578116,0.5508660416705873
9913,330.433,1229,622,2113,1922,6.3877,6.9259,0.5201056578399533,0.6203541771768408,0.44971676725245413,0.5717124823224633
9914,330.467,1223,616,2106,1920,3.6927,9.7267,0.4496416985409523,0.21645231339917395,0.4496942466390036,0.46513443164547646
9915,330.5,1224,612,2103,1918,3.952,8.2017,0.44828851083383026,0.45161279215017786,0.4492725258974516,0.4610779397968868
9916,330.533,1223,611,2098,1916,5.1133,8.0343,0.48765103978106544,0.47672344863895366,0.46078608006253574,0.46577159244950683
9917,330.567,1223,611,2098,1916,6.7441,5.6236,0.5109315205537206,0.7597368782111561,0.47582971220989123,0.5539611781780016
9918,330.6,1227,584,2100,1936,5.4915,7.28,0.49237403871040236,0.5760218052611645,0.48079301016004455,0.5605793663029505
9919,330.633,1223,611,2098,1916,6.9046,4.6991,0.4963777360355704,0.8412170440421661,0.4854684279227023,0.6447706696247151
9920,330.667,1224,610,2099,1913,5.4827,7.6771,0.49698160364445576,0.52532055368909,0.4889223806392283,0.6089356348440276
9921,330.7,1223,613,2099,1914,5.9636,7.6599,0.5140291253541852,0.5285744815492041,0.4964544040537153,0.5848272888555806
9922,330.733,1227,622,2101,1912,10.5468,10.3203,0.6798316951604436,0.15715972992339547,0.5514675913857338,0.45652702117592503
9923,330.767,1231,609,2108,1914,5.6715,7.924,0.5063807480571534,0.4929222428720725,0.5379415383871596,0.4674455876847692
9924,330.8,1234,617,2106,1912,1.8239,11.657,0.3870513075413949,0.0,0.49267446913343016,0.3272119113793384
9925,330.833,1236,616,2111,1914,3.097,8.0007,0.4158279661804459,0.4791866441123732,0.4696205182475348,0.37280433119924883
9926,330.867,1241,600,2115,1922,7.2534,11.6057,0.5614811959738684,0.0,0.49717872156543486,0.26096303183947417
9927,330.9,1242,620,2116,1916,6.6423,9.4067,0.5492144238521721,0.2792701915404692,0.512789432251456,0.2664551797497727
9928,330.933,1247,614,2121,1908,3.5361,9.1319,0.4415101552894385,0.31232475915084235,0.49140564916285073,0.28021605357009355
9929,330.967,1249,612,2122,1908,2.3183,6.7483,0.3683845146961515,0.6413436057721937,0.45449930882284095,0.3885543192307236
9930,331.0,1249,622,2123,1911,3.316,10.5727,0.4381652102310686,0.0683928650064629,0.4495990792453092,0.2925058829634453
9931,331.033,1249,621,2123,1911,4.3171,11.4691,0.4679164705310803,0.0,0.4550942966310405,0.2047541180744117
9932,331.067,1250,621,2125,1912,3.6103,11.7553,0.44348394731495017,0.0,0.45161119183621334,0.14332788265208818
9933,331.1,1248,622,2122,1913,3.912,11.6632,0.45372100019583556,0.0,0.45224413434409994,0.10032951785646171
9934,331.133,1245,623,2121,1916,4.0308,11.4283,0.4589232365638601,0.0,0.4542478650100279,0.0702306624995232
9935,331.167,1241,626,2119,1919,5.7629,8.7141,0.5160069956179307,0.38160657148159,0.4727756041923987,0.16364343519414323
9936,331.2,1239,626,2115,1919,3.9239,5.6725,0.40557082783419823,0.7562005922160814,0.4526141712849385,0.3414105823007247
9937,331.233,1239,626,2112,1914,8.2858,8.3924,0.6026884570249275,0.4383842131854628,0.4976364570069352,0.37050267156614614
9938,331.267,1239,626,2111,1911,8.375,11.0889,0.6023612685447608,0.0028371403306725377,0.5290539004682828,0.26020301219550407
9939,331.3,1237,626,2109,1911,8.9032,7.8985,0.6215583019724332,0.5083215096097926,0.5568052209195279,0.33463856141979065
9940,331.333,1234,625,2106,1914,7.3841,6.3764,0.5485465575977181,0.6841681029863931,0.5543276219229849,0.4394974238897713
9941,331.367,1234,624,2106,1913,6.5064,10.0169,0.5449288544072861,0.17900904342626248,0.5515079916682752,0.3613509097507186
9942,331.4,1235,624,2106,1912,7.6965,6.4767,0.5617042226759942,0.6740494519713683,0.5545668609705909,0.4551604724169135
9943,331.433,1236,624,2107,1910,8.7554,7.369,0.6117262297620694,0.5746283883708176,0.5717146716080345,0.4910008472030847
9944,331.467,1235,625,2108,1912,8.461,9.3814,0.6116167867170416,0.2933551599124467,0.5836853061407365,0.4317071410158933
9945,331.5,1235,622,2110,1914,9.7041,5.4366,0.6197984609269751,0.7827785427494324,0.5945192525766081,0.537028561535955
9946,331.533,1235,623,2113,1914,8.6491,7.1953,0.6060650508819311,0.5951776066102308,0.5979829920682049,0.5544732750582377
9947,331.567,1236,622,2114,1915,9.5322,4.5244,0.5943404691865761,0.8571969859649129,0.5968902352037162,0.6452903883302403
9948,331.6,1236,623,2116,1915,6.9622,8.3314,0.5555899604709439,0.4409584512408331,0.5845001527838845,0.5839908072034181
9949,331.633,1236,625,2116,1916,6.106,6.5949,0.5047360818330372,0.6579803443164952,0.5605709314986302,0.6061876683373413
9950,331.667,1237,625,2116,1915,6.3635,5.9552,0.503093912252035,0.7267144272017876,0.5433278257246517,0.6423456959966751
9951,331.7,1237,626,2116,1916,4.2947,6.7199,0.44020834246087903,0.6426885817871916,0.5123919807455198,0.64244856173383
9952,331.733,1237,627,2116,1916,3.1963,3.4218,0.31343436823988746,0.9420243273309833,0.4527046969938301,0.732321291412976
9953,331.767,1237,627,2117,1919,3.406,6.0994,0.39551660166036473,0.7128850935451181,0.43554826839379046,0.7264904320526185
9954,331.8,1238,628,2116,1918,3.039,5.1971,0.36058766525643127,0.8039573512181861,0.41306008745258266,0.7497305078022888
9955,331.833,1238,628,2117,1919,2.4596,7.0231,0.37852786351473355,0.6077871050871527,0.40270042027122793,0.7071474869877479
9956,331.867,1239,628,2118,1920,1.8701,7.0995,0.358510421411412,0.5992518123270915,0.38944342061328313,0.674778784589551
9957,331.9,1240,626,2119,1921,3.4893,7.4416,0.4223929451882994,0.5541387587906748,0.39932827798578796,0.6385867768498881
9958,331.933,1241,625,2119,1921,1.1716,8.3852,0.3527685009674281,0.4250274730203825,0.38536034488028,0.5745189857010364
9959,331.967,1242,625,2120,1920,-0.528,6.5595,0.2604522550176931,0.672897357120826,0.34788791792150386,0.6040324971269733
9960,332.0,1242,623,2121,1922,-1.4406,4.1082,0.1552371433744443,0.9223249150667543,0.290092685557386,0.6995202225089076
9961,332.033,1242,622,2122,1923,-0.3096,4.0411,0.1968639868700232,0.9190823026924909,0.26212407595117715,0.7653888465639824
9962,332.067,1241,622,2122,1924,-0.0317,3.1026,0.1733894721533502,0.9822921903762176,0.23550369481182906,0.830459849707653
9963,332.1,1241,622,2123,1923,0.0612,8.1627,0.3109766112831936,0.45936513963404024,0.25814556975323844,0.7191314366855691
9964,332.133,1242,623,2125,1922,0.6626,5.5007,0.27864172279860555,0.7836214588091023,0.2642944156668485,0.738478443322629
9965,332.167,1242,622,2124,1924,-0.6443,6.7521,0.2604686859719788,0.6501642102670157,0.2631466967583876,0.711984173405945
9966,332.2,1242,621,2124,1924,-0.4411,7.0329,0.2737062969735309,0.6143357792455394,0.2663145768229306,0.6826896551578233
9967,332.233,1242,621,2125,1925,-0.0046,4.9176,0.23689267290407343,0.8430698882924653,0.2574880056472734,0.7308037250982159
9968,332.267,1241,622,2126,1926,2.8433,4.7287,0.34045587523544163,0.8463048076601256,0.2823783665237239,0.7654540498667888
9969,332.3,1241,624,2124,1925,0.7653,2.192,0.16847536042078154,1.0,0.24820746469284116,0.835817834906752
9970,332.333,1242,623,2124,1925,2.2321,8.3385,0.38932293790854916,0.43119429085887573,0.29054210665755353,0.7144307716923891
9971,332.367,1242,624,2123,1922,3.2439,6.3866,0.39537585338066933,0.6816332699683965,0.32199223067448823,0.7045915211751913
9972,332.4,1241,624,2122,1920,2.7792,5.2026,0.3508519935493905,0.804232625710637,0.33065015953695887,0.7344838525358249
9973,332.433,1241,624,2122,1920,2.9156,5.3351,0.35942140116647275,0.7913436396534863,0.339281532025813,0.7515417886711233
9974,332.467,1241,624,2122,1921,2.5514,6.605,0.3741717796168698,0.6577952561798276,0.34974860630313004,0.7234178289237345
9975,332.5,1241,624,2122,1921,3.3416,5.8752,0.38826608534661294,0.7366344455527535,0.3613038500161749,0.7273828139124401
9976,332.533,1240,623,2122,1922,3.0576,3.7682,0.31954119294396155,0.919676942639111,0.3487750528945109,0.7850710525304414
9977,332.567,1242,623,2122,1920,2.1644,11.119,0.3997650283079952,0.0,0.36407204551855615,0.5495497367713089
9978,332.6,1244,623,2123,1921,-0.6586,11.1443,0.3084825474599631,0.0,0.34739519610097824,0.3846848157399162
9979,332.633,1245,621,2122,1918,0.4901,5.8893,0.28216124001733395,0.7441153887830575,0.3278250092758849,0.4925139876528586
9980,332.667,1247,621,2122,1919,0.5097,5.5421,0.27399090664137715,0.7801652874055864,0.3116747784855326,0.5788093775786769
9981,332.7,1247,619,2122,1918,1.4917,8.7541,0.3679611579830191,0.3694200842632739,0.3285606923347785,0.515992589584056
9982,332.733,1247,619,2122,1918,0.931,8.2906,0.34318122682177976,0.4391891700676897,0.33294685268087887,0.49295156372914606
9983,332.767,1248,619,2123,1919,-0.3814,9.9673,0.31390243669899076,0.17148995262751016,0.32723352788631244,0.3965130803986553
9984,332.8,1247,619,2122,1918,-1.9165,8.6169,0.2484868958356053,0.3970908613141479,0.30360953827110027,0.39668641467330307
9985,332.833,1248,618,2122,1917,-1.1193,9.108,0.28188973180836535,0.31719374645911613,0.2970935963322798,0.37283861420904696
9986,332.867,1247,617,2123,1916,0.121,7.3649,0.3002593286105704,0.5694714630379537,0.29804331601576695,0.431828468857719
9987,332.9,1248,616,2122,1916,1.1404,8.1057,0.3481100086777766,0.4655856315446802,0.31306332381436985,0.4419556176638073
9988,332.933,1248,616,2123,1917,1.3229,8.0067,0.3531958458008532,0.479372153948224,0.3251030804103148,0.4531805785491323
9989,332.967,1248,616,2123,1918,2.8931,6.9654,0.3932696945333117,0.6143170070238447,0.34555306464721386,0.501521507091546
9990,333.0,1248,616,2122,1913,2.3233,8.1944,0.390853356522149,0.4519372708345111,0.3591431522096944,0.4866462362144355
9991,333.033,1247,615,2123,1914,2.1692,9.2042,0.3951262238482475,0.29917441605749706,0.3699380737012603,0.4304046901673539
9992,333.067,1246,620,2124,1922,6.8384,10.2536,0.5556991360274603,0.14062315143664836,0.4256663923991203,0.3434702285481422
9993,333.1,1245,621,2123,1920,4.8717,6.7046,0.46111863631035965,0.6445039035518624,0.43630206557249207,0.4337803310492582
9994,333.133,1243,622,2122,1921,4.0951,6.4318,0.4276790304690426,0.6756739804095604,0.4337151550414572,0.5063484258573488
9995,333.167,1243,622,2122,1923,3.9102,6.6796,0.4254021022093866,0.6475157362245718,0.43122123919183597,0.5486986189675157
9996,333.2,1241,622,2121,1923,5.1451,7.9295,0.4877017537205206,0.4910698550410586,0.44816539355044127,0.5314099897895785
9997,333.233,1241,624,2120,1922,4.8614,9.6122,0.4889185331066707,0.23888150649543033,0.4603913354173101,0.44365144480133406
9998,333.267,1241,621,2121,1922,5.588,8.6669,0.50960560171734,0.3880076350138703,0.47515561530731903,0.42695830186509487
9999,333.3,1242,622,2121,1922,6.9729,8.6663,0.5579950589491931,0.3931762705911951,0.5000074483998812,0.4168236924829249
10000,333.333,1242,622,2121,1922,6.6179,8.1565,0.5421074959509686,0.4639795295483653,0.5126374626652075,0.430970443602557
10001,333.367,1241,621,2121,1923,5.4018,7.1414,0.48721665495002475,0.5929865119802767,0.5050112203506527,0.4795752641158729
10002,333.4,1242,622,2121,1922,5.8473,9.2236,0.5214121928150492,0.3045661051709428,0.5099315120899717,0.42707251643239386
10003,333.433,1242,622,2121,1922,4.3343,8.7804,0.4667315848870163,0.367885782490785,0.49697153392908505,0.4093164962499112
10004,333.467,1241,624,2121,1922,2.9531,6.9255,0.39475834002278376,0.6191047976210784,0.4663075757571946,0.4722529866612613
10005,333.5,1241,624,2120,1921,3.322,7.2268,0.4131285891050095,0.5815790094732332,0.450353879761539,0.5050507935048528
10006,333.533,1241,624,2121,1921,3.9886,7.0948,0.43520357640520185,0.5978382136876895,0.44580878875463786,0.5328870195597037
10007,333.567,1241,624,2122,1921,4.0531,7.5563,0.44423295136404334,0.5393715930395355,0.44533603753745954,0.5348323916036533
10008,333.6,1241,624,2122,1921,3.9198,6.8739,0.42911176452106836,0.6246202776402353,0.4404687556325422,0.5617687574146278
10009,333.633,1241,624,2123,1923,4.2107,6.2432,0.4283388259198634,0.6964002532158451,0.4368297767187385,0.6021582061549929
10010,333.667,1241,623,2124,1923,5.3052,6.9697,0.481196378390494,0.613625912203216,0.4501397572202651,0.6055985179694598
10011,333.7,1242,623,2124,1921,4.6921,6.8986,0.4577139928014902,0.6216911288110377,0.45241202789463264,0.6104263012219332
10012,333.733,1242,623,2124,1921,4.7697,7.2858,0.4663368728959339,0.5744567432538121,0.456589481395023,0.5996354338314969
10013,333.767,1243,623,2125,1923,4.3314,8.1459,0.461103736219362,0.4599406575104684,0.45794375784232466,0.5577270009351883
10014,333.8,1243,624,2125,1922,0.6668,7.7641,0.32641994321598955,0.5143024281810333,0.4184866134544241,0.5446996291089418
10015,333.833,1243,623,2125,1923,3.0084,4.044,0.32644735195009167,0.90015136273216,0.39087483500312437,0.6513351491959072
10016,333.867,1243,625,2126,1921,3.3786,8.3448,0.429588738741532,0.43063338664507905,0.40248900612464666,0.5851246204306587
10017,333.9,1243,624,2125,1918,2.5919,9.1219,0.4090221809023089,0.31259008282085754,0.4044489585579453,0.5033642591477183
10018,333.933,1243,623,2124,1918,4.0622,6.8178,0.43336709417202546,0.6312463753087526,0.4131243992421693,0.5417288939960286
10019,333.967,1243,623,2124,1918,4.088,6.7994,0.43399822234951146,0.6334137338326329,0.41938654617437193,0.56923434594701
10020,334.0,1243,623,2123,1916,2.2728,8.0467,0.3872590933188504,0.47288143982978154,0.40974831031771547,0.5403284741118414
10021,334.033,1243,620,2124,1917,0.6183,6.9847,0.3110710384540576,0.6166932960354311,0.38014512875861806,0.5632379206889183
10022,334.067,1243,620,2115,1917,2.7121,6.9019,0.3855682698267709,0.6222617554110061,0.38177207107906386,0.5809450711055446
10023,334.1,1244,622,2113,1916,2.216,6.3045,0.3557284689071474,0.6928180681664114,0.37395899042748887,0.6145069702238046
10024,334.133,1243,621,2114,1918,3.1317,4.9067,0.3564498857418785,0.8299145942482483,0.36870625902180576,0.6791292574311377
10025,334.167,1243,619,2116,1919,-1.6115,7.7315,0.24512472616381323,0.5260611649188707,0.331631799164408,0.6332088296774576
10026,334.2,1244,618,2117,1918,-1.2578,7.5781,0.2549040378760138,0.5457883820908669,0.3086134707778897,0.6069826954014803
10027,334.233,1243,622,2119,1917,-1.3573,8.9556,0.27204608650235257,0.3422372253201608,0.2976432554952285,0.5275590543770844
10028,334.267,1243,625,2119,1915,-3.4896,13.6145,0.21017841903955034,0.0,0.2714038045585251,0.36929133806395903
10029,334.3,1243,626,2120,1915,-1.2504,11.2411,0.2894820292482438,0.0,0.27682727196544066,0.2585039366447713
10030,334.333,1243,626,2120,1914,-3.6444,11.0913,0.21228538263334037,0.0,0.25746470516581055,0.1809527556513399
10031,334.367,1246,600,2120,1925,-1.1584,7.4923,0.256862424526022,0.5570436990496869,0.257284020973874,0.293780038670844
10032,334.4,1246,600,2121,1926,-3.1457,8.732,0.20775463982132458,0.38398643117563214,0.24242520662810912,0.3208419564222804
10033,334.433,1245,600,2119,1926,-1.1182,9.0285,0.2810607424458,0.3299893160792966,0.25401586737341636,0.32358616431938525
10034,334.467,1242,624,2118,1916,-1.1948,12.2414,0.28927042278986964,0.0,0.26459223399835236,0.22651031502356966
10035,334.5,1240,625,2117,1915,0.2395,12.9666,0.32858413541988024,0.0,0.2837898044248107,0.15855722051649876
10036,334.533,1239,626,2114,1917,-1.9063,10.4361,0.2659717425295033,0.08892593748483045,0.27844438585621845,0.13766783560699827
10037,334.567,1238,626,2113,1918,-0.0937,11.8186,0.3255085775096592,0.0,0.29256364335225066,0.09636748492489879
10038,334.6,1238,627,2112,1917,-0.689,12.119,0.30561093150235324,0.0,0.29647782979728143,0.06745723944742915
10039,334.633,1237,629,2112,1918,2.1243,9.0628,0.39252464454741,0.32155894023654985,0.32529187422232,0.14368774968416537
10040,334.667,1236,628,2111,1919,3.7545,9.1434,0.4490839870652277,0.31093518839664785,0.36242950807519225,0.1938619812979101
10041,334.7,1237,626,2113,1917,3.3466,7.8016,0.4222033624942767,0.506521804437582,0.38036166440091757,0.2876599282398117
10042,334.733,1237,625,2114,1918,3.4155,9.3431,0.43859518759398547,0.2785703110038594,0.39783172135883793,0.284933043069026
10043,334.767,1236,624,2116,1917,3.0375,9.0242,0.42363809148265513,0.3284021953363702,0.4055736323959831,0.29797378874922925
10044,334.8,1236,624,2116,1919,2.0139,9.2749,0.39031671288492087,0.28773760104649704,0.4009965565426644,0.2949029324384096
10045,334.833,1236,624,2118,1920,2.3464,8.5441,0.39552419190134774,0.4009759852544845,0.39935484715026937,0.32672484828323206
10046,334.867,1237,621,2120,1922,3.1628,10.7601,0.43294675576729286,0.033697196890572156,0.40943241973537636,0.23881655286543407
10047,334.9,1238,624,2122,1922,1.3189,12.5922,0.36513579334923474,0.0,0.3961434318195339,0.16717158700580384
10048,334.933,1239,622,2123,1920,1.9092,10.5779,0.3918103866689979,0.06382750022984499,0.3948435182743731,0.13616836097301618
10049,334.967,1238,622,2124,1922,1.023,9.3627,0.3571859284396369,0.27323923770119,0.3835462413239522,0.17728962399146833
10050,335.0,1237,622,2125,1922,4.4115,8.0705,0.4631526998183643,0.4705499544082991,0.4074281788722758,0.26526772311651753
10051,335.033,1237,622,2124,1923,4.1443,10.3917,0.46567479619960367,0.10363178540298784,0.4249021640704741,0.2167769418024586
10052,335.067,1237,621,2124,1920,5.3875,8.1205,0.498206921734678,0.46543503610087267,0.4468935913697352,0.2913743700919828
10053,335.1,1237,621,2122,1921,2.6233,11.2171,0.4143708557634736,0.0,0.4371367706878567,0.20396205906438794
10054,335.133,1238,618,2121,1920,-0.6561,8.3299,0.2882426696464943,0.43664014918322197,0.392468540375448,0.27376548610003815
10055,335.167,1237,620,2120,1924,-3.0853,10.9182,0.22967622248798322,0.0,0.34363084500920854,0.1916358402700267
10056,335.2,1236,620,2119,1924,-1.894,9.6639,0.2610736192732262,0.22633738294814382,0.3188636772884138,0.20204630307346183
10057,335.233,1236,621,2118,1924,-2.5225,8.8351,0.23058925585828424,0.36512753554312755,0.2923813508593749,0.25097067281436153
10058,335.267,1235,622,2118,1923,-1.0855,9.6756,0.28832159929564627,0.22274496879833394,0.2911634253902563,0.24250296160955326
10059,335.3,1235,622,2118,1922,-2.2898,9.3573,0.2447711439212406,0.27930262290421365,0.27724574094955157,0.25354285999795134
10060,335.333,1235,621,2116,1921,-2.5075,7.5268,0.20950243617449238,0.5585747267074384,0.2569227495170338,0.3450524200107974
10061,335.367,1235,620,2117,1922,-1.7966,7.5492,0.23520733916366704,0.552051308657407,0.2504081264110237,0.40715208660478025
10062,335.4,1235,619,2117,1922,-2.4776,7.7338,0.21453015234352815,0.5296851054223696,0.23964473419077503,0.44391199225005706
10063,335.433,1234,620,2117,1923,-3.2832,9.6334,0.214188386478399,0.23567012901663187,0.2320078298770622,0.3814394332800295
10064,335.467,1235,620,2117,1923,-2.4645,8.558,0.22870850964361525,0.40823128585817203,0.2310180338070281,0.3894769890534722
10065,335.5,1234,621,2117,1922,0.2046,8.3958,0.3191510205189049,0.4248849143906259,0.2574579298205911,0.4000993666546183
10066,335.533,1234,623,2116,1924,-0.6267,9.4394,0.3018371629269364,0.2618958837780423,0.2707716997524947,0.35863832179164545
10067,335.567,1234,624,2116,1925,-0.4877,8.9193,0.30146179854130445,0.3460195743438335,0.2799787293891376,0.35485269755730187
10068,335.6,1234,626,2115,1923,-0.4406,8.5792,0.2990626434451338,0.3986449904353816,0.28570390360593645,0.36799038542072576
10069,335.633,1234,626,2115,1923,-0.3092,8.5813,0.3036441384451558,0.3980381211481779,0.29108597405770226,0.3770047061389614
10070,335.667,1234,627,2115,1924,0.3853,8.5347,0.3271769762542183,0.4038027629674069,0.3019132747166571,0.38504412318749504
10071,335.7,1234,626,2115,1925,0.692,8.5957,0.3385471758318346,0.3941644364230059,0.3129034450512103,0.38778021715814825
10072,335.733,1234,625,2115,1925,-0.4157,8.5109,0.2990530690338745,0.40894448747701373,0.30874833224600956,0.3941294982538079
10073,335.767,1234,626,2115,1925,0.4484,8.8298,0.33270423498556445,0.35857615950933436,0.31593510306787603,0.3834634966304658
10074,335.8,1234,625,2116,1925,0.6229,10.1518,0.3482559010371054,0.13888400888171426,0.32563134245864483,0.31008965030584035
10075,335.833,1236,622,2117,1924,0.5165,8.0322,0.32511858118214976,0.4771161602982006,0.3254775140756963,0.36019760330354844
10076,335.867,1232,618,2106,1926,2.9728,-2.1096,0.03979489074540879,1.0,0.23977272707661001,0.5521383223124838
10077,335.9,1231,618,2105,1925,1.8383,-2.6921,0.0,1.0,0.167840908953627,0.6864968256187387
10078,335.933,1231,618,2106,1925,0.7827,-0.5487,0.034554834916585356,1.0,0.1278550867425145,0.780547777933117
10079,335.967,1234,617,2110,1927,2.4315,-1.6275,0.044725967159205786,1.0,0.10291635086752188,0.8463834445531819
10080,336.0,1233,618,2111,1926,4.5799,-1.3344,0.1568991529697007,1.0,0.1191111914981755,0.8924684111872272
10081,336.033,1235,621,2116,1925,3.2439,4.1157,0.33788286792142674,0.893866025828812,0.18474269442515084,0.8928876955797027
10082,336.067,1237,620,2118,1925,1.6951,5.4995,0.3174800115884628,0.7794061612140603,0.22456388957414442,0.8588432352700099
10083,336.1,1238,622,2118,1924,5.7588,7.0804,0.4993402709032084,0.6008857405003042,0.3069968039728636,0.7814559868390982
10084,336.133,1240,625,2117,1919,4.294,8.5669,0.46368268872973106,0.3995264605353498,0.3540025693999238,0.6668771289479737
10085,336.167,1240,626,2119,1922,5.0609,8.9647,0.49309460946410294,0.3418112174379215,0.3957301814191775,0.569357355494958
10086,336.2,1240,624,2121,1924,4.4877,8.8264,0.4723780303009119,0.36129554614498466,0.4187245360836978,0.506938812689966
10087,336.233,1239,624,2123,1924,5.2862,6.1506,0.46654082969497657,0.7059673796442364,0.4330694241670814,0.566647382776247
10088,336.267,1239,621,2125,1922,5.9908,6.444,0.497985583585082,0.6746392095604258,0.45254427199248154,0.5990449308115007
10089,336.3,1240,620,2125,1923,4.1781,7.5085,0.4480776662949857,0.5456564474551135,0.4512042902832327,0.5830283858045845
10090,336.333,1239,620,2125,1924,4.0542,8.1252,0.45109428824726766,0.46248010724711375,0.45117128967244313,0.5468639022373432
10091,336.367,1240,620,2124,1923,4.3134,7.5979,0.45411296700617515,0.5341085016326775,0.4520537928725627,0.5430372820559435
10092,336.4,1240,621,2124,1924,3.2645,7.2636,0.41162569355279993,0.5769618493245118,0.4399253630766338,0.553214652236514
10093,336.433,1240,620,2123,1924,7.879,4.3558,0.5257196883893476,0.8677804784310003,0.46566366067044795,0.6475844000948598
10094,336.467,1240,620,2123,1924,9.7621,4.2344,0.5965201002181855,0.8785580249765582,0.5049205925347692,0.7168764875593694
10095,336.5,1240,620,2122,1923,8.8389,5.3811,0.5857275275133936,0.7854020137880896,0.5291626730283565,0.7374341454279854
10096,336.533,1239,623,2121,1922,8.7419,5.9301,0.5920087640020768,0.7335125852072572,0.5480165003204726,0.7362576773617668
10097,336.567,1238,625,2118,1925,7.5472,8.2474,0.5756983814969127,0.455037709073849,0.5563210646734045,0.6518916868753915
10098,336.6,1237,622,2119,1925,9.2815,8.7122,0.6390313816567664,0.3987532540177901,0.581134159768413,0.575950157018111
10099,336.633,1235,619,2116,1925,9.8294,1.9146,0.5303016970227554,0.9958036169789813,0.5658844209447157,0.7019061950063721
10100,336.667,1233,622,2115,1922,9.7943,6.6648,0.6420061338848819,0.6608973426988237,0.5887209348267656,0.6896035393141076
10101,336.7,1232,623,2114,1925,10.1628,3.9115,0.6043515470244649,0.9008563734296123,0.5934101184860754,0.7529793895487589
10102,336.733,1231,623,2114,1925,8.2001,4.5616,0.5433144451915429,0.852498891397606,0.5783814164977156,0.7828352401034129
10103,336.767,1230,625,2114,1925,10.9394,4.5617,0.65009636632145,0.8580869240301368,0.5998959014448358,0.8054107452814301
10104,336.8,1230,626,2114,1925,9.6625,3.6972,0.5788981280182843,0.9134706863710035,0.5935965694168703,0.8378287276083021
10105,336.833,1230,626,2114,1925,9.3333,5.111,0.5993074603339628,0.8100742120992381,0.595309836691998,0.8295023729555828
10106,336.867,1229,626,2113,1925,8.1642,4.0092,0.5279000288893759,0.8923597403564414,0.5750868943512113,0.8483595831758404
10107,336.9,1229,626,2113,1924,6.4504,5.5449,0.49819525489108124,0.7670639993322224,0.5520194025131722,0.8239709080227549
10108,336.933,1229,627,2112,1923,4.116,5.5099,0.40908591651070314,0.7718535238324787,0.5091393567124314,0.808335692765672
10109,336.967,1230,627,2112,1923,5.9908,7.7203,0.5156633192428812,0.5207507821536256,0.5110965454715664,0.722060219582058
10110,337.0,1229,627,2111,1923,6.0849,10.3336,0.530340974636782,0.12257478970279637,0.5168698742211311,0.5422145906182795
10111,337.033,1229,628,2111,1924,5.1432,7.7063,0.4851615119403243,0.5208850504186444,0.507357365536889,0.5358157285583889
10112,337.067,1229,627,2111,1925,4.9471,10.9154,0.4910432500981009,0.012383632047091664,0.5024631309052526,0.37878609960499965
10113,337.1,1229,628,2111,1926,4.5667,8.3312,0.47119295816493434,0.4341436643779846,0.4930820790831571,0.39539336903689515
10114,337.133,1229,627,2111,1926,3.186,10.1501,0.43363240229066635,0.14302208898952323,0.4752471760454099,0.3196819850226835
10115,337.167,1230,627,2111,1924,3.4969,11.661,0.44045659182406954,0.0,0.46481000077900775,0.22377738951587844
10116,337.2,1229,628,2111,1925,5.3928,11.1747,0.5044001245692986,0.0,0.476687037916095,0.1566441726611149
10117,337.233,1230,628,2114,1927,6.5191,11.7172,0.5368395343206093,0.0,0.49473278683744926,0.10965092086278043
10118,337.267,1234,625,2116,1924,3.1216,10.3276,0.43170168377526125,0.1116850392861549,0.4758234559187928,0.11026115638979277
10119,337.3,1235,623,2116,1922,4.7802,8.949,0.48329274406399414,0.34341839951177694,0.4780642423623532,0.180208329326388
10120,337.333,1237,619,2119,1924,-4.926,8.6449,0.1452223857278749,0.40706664123336095,0.37821168537200966,0.24826582289847987
10121,337.367,1236,619,2120,1927,-0.2773,9.3304,0.31273127231467995,0.2794503035313191,0.3585675614548107,0.2576211670883316
10122,337.4,1236,618,2121,1928,-2.784,8.2162,0.212274280084647,0.46137541668573545,0.3146795770437616,0.3187474419675528
10123,337.433,1237,619,2120,1926,-3.1473,10.0984,0.22290021645745284,0.15321055541512207,0.2871457688678689,0.26908637600182356
10124,337.467,1239,620,2120,1924,-2.2055,9.4103,0.24817411328181285,0.2701831261145634,0.2754542721920521,0.2694154010356455
10125,337.5,1238,619,2120,1925,-1.8304,11.3244,0.2709322147080988,0.0,0.2740976549468661,0.18859078072495183
10126,337.533,1237,619,2120,1925,-1.9217,11.2397,0.2679327254756326,0.0,0.272248176105496,0.13201354650746627
10127,337.567,1238,619,2119,1925,-0.2161,6.5481,0.2716036191487133,0.6728817581985922,0.2720548090184612,0.294274010014804
10128,337.6,1237,618,2120,1925,0.272,6.5951,0.29048753120409243,0.6653382805286175,0.27758462567415054,0.40559329116894804
10129,337.633,1235,621,2118,1924,0.512,9.6655,0.3419974499127658,0.22298825406284234,0.2969084729457351,0.3508117800371163
10130,337.667,1235,623,2117,1924,0.0702,11.6541,0.33121466088107837,0.0,0.30720032932633806,0.2455682460259814
10131,337.7,1233,625,2113,1922,-0.3043,9.5289,0.3134778483640313,0.2465268031140906,0.309083585037646,0.24585581315241414
10132,337.733,1233,625,2112,1921,-2.011,12.9337,0.26014649901556264,0.0,0.294402459231021,0.17209906920668988
10133,337.767,1232,626,2111,1920,-1.9142,12.4112,0.2661480525686635,0.0,0.28592613723231375,0.1204693484446829
10134,337.8,1232,626,2111,1920,-1.7543,12.3368,0.271440347270359,0.0,0.2815804002437273,0.08432854391127803
10135,337.833,1232,625,2111,1921,-1.283,12.2307,0.2865668115222351,0.0,0.28307632362727964,0.059029980737894616
10136,337.867,1231,625,2111,1921,-1.2092,10.3253,0.2883647346807694,0.10833662954060932,0.28466284694332655,0.07382197537870902
10137,337.9,1231,624,2110,1923,-0.3303,9.4902,0.3122893579907834,0.25303309548894315,0.2929508002575636,0.12758531141177926
10138,337.933,1231,624,2110,1924,1.4868,8.0724,0.35986478393178967,0.46988522643751585,0.3130249953598314,0.23027528591950022
10139,337.967,1232,623,2110,1924,1.657,9.6433,0.38049056055174935,0.2270056808670846,0.33326466491740675,0.22929440440377552
10140,338.0,1230,622,2108,1922,8.2207,4.7096,0.5476122595855103,0.8409858450213632,0.39756894331783776,0.4128018365890518
10141,338.033,1230,624,2108,1921,6.8992,6.2248,0.5279906485619767,0.6994183872449601,0.4366954548910794,0.49878680178582424
10142,338.067,1230,624,2108,1921,6.98,6.2779,0.5319025837950254,0.6939261415448793,0.46525759356226315,0.5573286037135408
10143,338.1,1230,624,2109,1922,8.1871,6.6363,0.582189595676556,0.6579020985475649,0.500337194196551,0.5875006521637479
10144,338.133,1230,624,2109,1920,7.3972,7.0715,0.5589497017144525,0.6055449821816676,0.5179209464519214,0.5929139511691238
10145,338.167,1231,622,2109,1921,7.7492,4.4242,0.5223748531525381,0.8626537023520227,0.5192571184621064,0.6738358765239933
10146,338.2,1232,620,2110,1922,7.8445,3.3663,0.49692714434242796,0.9326643785943501,0.5125581262262029,0.7514844271451003
10147,338.233,1233,621,2110,1919,8.0912,3.0747,0.4978734506758532,0.9484792102038114,0.508152723561098,0.8105828620627136
10148,338.267,1235,618,2112,1918,8.401,5.045,0.5620763997812219,0.8137880527264556,0.5243298264271351,0.8115444192618361
10149,338.3,1234,620,2112,1917,9.3712,3.4395,0.560163690760988,0.928395327549797,0.535079985727291,0.8465996917482242
10150,338.333,1235,619,2113,1919,7.39,5.1928,0.5264781848579859,0.799831917028933,0.5324994454664994,0.8325693593324368
10151,338.367,1235,619,2113,1917,7.0649,2.4444,0.43523060931872404,0.9802717147616387,0.5033187946221668,0.8768800659611973
10152,338.4,1236,618,2114,1918,6.8242,8.062,0.5486562260553901,0.47760491792317705,0.5169200240521338,0.7570975215497912
10153,338.433,1235,617,2116,1920,9.3205,2.2771,0.5218530640788446,0.9835612711197529,0.518399936060147,0.8250366464207796
10154,338.467,1235,617,2116,1918,8.6159,6.2222,0.5920158309744995,0.7036127619174403,0.5404847045344527,0.7886094810697778
10155,338.5,1236,616,2118,1919,7.1823,4.4233,0.500244660836697,0.8626811944838465,0.528412691425126,0.8108309950939984
10156,338.533,1236,615,2120,1922,3.5997,8.1073,0.43484287823467427,0.4645554978505175,0.5003417474679904,0.706948345920954
10157,338.567,1236,615,2120,1924,3.7799,9.0012,0.44906452927988144,0.3331283256094307,0.4849585820115577,0.594802339827497
10158,338.6,1236,613,2121,1924,2.9565,12.0012,0.4210281583012554,0.0,0.465779454898467,0.41636163787924785
10159,338.633,1237,613,2122,1925,1.4277,8.4582,0.3625664309750536,0.41401124685114443,0.43481554772144293,0.4156565205708168
10160,338.667,1238,613,2123,1923,0.6452,8.4706,0.3354419634491776,0.41302131278804627,0.4050034724397633,0.41486595823598565
10161,338.7,1238,614,2124,1922,1.1822,7.7522,0.3445387888695127,0.5149261171548664,0.3868640673686881,0.44488400591164984
10162,338.733,1239,615,2124,1922,2.3649,5.7092,0.3478494504965792,0.756070125852911,0.37515968230705543,0.5382398418940282
10163,338.767,1239,615,2124,1921,2.8101,9.0766,0.4161916989540903,0.3199443601214432,0.3874692873011658,0.4727511973622527
10164,338.8,1239,616,2124,1921,-0.2782,7.5588,0.28942960971510684,0.5448561146062606,0.3580573840253481,0.494382672535455
10165,338.833,1239,616,2124,1921,-0.4041,6.2802,0.2585366459966915,0.7049246352463248,0.3282011626167511,0.557545261348716
10166,338.867,1239,616,2124,1922,0.4892,5.7524,0.2786855566945775,0.7586071882388197,0.313346480840099,0.6178638394157471
10167,338.9,1239,616,2124,1922,0.7365,6.5095,0.305650336480524,0.6737365058945284,0.31103763753222646,0.6346256393593814
10168,338.933,1240,616,2124,1921,1.9343,6.1647,0.3422785802927023,0.7090610719261404,0.3204099203603692,0.6569562691294091
10169,338.967,1238,615,2123,1922,3.2336,8.8395,0.4290117189759151,0.3571072493019523,0.352990459945033,0.567001563181172
10170,339.0,1237,616,2123,1923,2.0945,7.7071,0.37632560407191573,0.5198073478467831,0.3599910031830978,0.5528432985808553
10171,339.033,1236,619,2121,1923,1.8671,9.6448,0.3875959844879307,0.22692749666085368,0.3682724975745476,0.4550685580048548
10172,339.067,1235,620,2119,1919,3.4389,10.5992,0.44220038719243415,0.06399439654599415,0.3904508644599135,0.3377463095671966
10173,339.1,1234,620,2118,1920,1.6614,12.6379,0.3753434221687289,0.0,0.3859186317725581,0.2364224166970376
10174,339.133,1233,621,2118,1921,4.5457,11.0,0.4775950134292572,0.0,0.41342154626956784,0.1654956916879263
10175,339.167,1231,617,2116,1925,10.9474,6.8852,0.6870778680462084,0.6424246977835001,0.49551844280255997,0.30857439351659843
10176,339.2,1229,617,2116,1925,9.7384,9.9657,0.6542764738492071,0.2091898918442574,0.5431458521165541,0.2787590430148961
10177,339.233,1229,619,2116,1927,10.0085,8.088,0.6622397118828334,0.48963154822423793,0.5788740100464378,0.34202079457769863
10178,339.267,1229,616,2115,1926,11.0448,7.7015,0.6972596987743563,0.5462271320006555,0.6143897166648133,0.4032826958045857
10179,339.3,1228,619,2114,1925,9.5564,8.5275,0.648110988477382,0.42674510172786373,0.6245060982085839,0.41032141758156904
10180,339.333,1228,619,2113,1927,12.2708,8.5446,0.7440090246229316,0.4448257258238823,0.6603569761328882,0.420672710054263
10181,339.367,1228,619,2112,1925,12.5405,9.1178,0.7530980068946452,0.36570141573786524,0.6881792853614153,0.4041813217593436
10182,339.4,1228,621,2111,1924,11.2527,9.2058,0.7081502512753992,0.34096701770642557,0.6941705751356104,0.3852170305434682
10183,339.433,1228,623,2110,1922,7.0614,7.443,0.5511508415372891,0.5591914678139046,0.651264655056114,0.4374093617245991
10184,339.467,1229,623,2110,1921,4.849,10.0199,0.4891741656259386,0.17084401045375103,0.6026375082270613,0.35743975634334463
10185,339.5,1229,623,2110,1921,4.5972,9.7771,0.480353489714993,0.2107773443305552,0.5659523026734408,0.31344103273950774
10186,339.533,1229,622,2109,1920,5.0497,8.1198,0.48624213911955566,0.46480436321410384,0.5420392536072752,0.3588500318818866
10187,339.567,1229,622,2109,1921,5.4246,7.9093,0.4974386598511992,0.4943560220962894,0.5286590754804524,0.39950182894620745
10188,339.6,1229,623,2108,1920,3.8394,7.8162,0.43993319205148596,0.5047495963410594,0.5020413104517625,0.431076159164663
10189,339.633,1229,623,2108,1920,4.309,7.8341,0.45687398584946004,0.5027305234376468,0.48849111307107174,0.4525724684465581
10190,339.667,1229,624,2108,1919,2.7649,9.8731,0.4188402083822547,0.18971802002812507,0.46759584166442664,0.37371613392102815
10191,339.7,1230,626,2107,1917,5.1301,9.1387,0.4963770490437337,0.31523796080476724,0.4762302038782187,0.3561726819861499
10192,339.733,1230,625,2107,1918,4.0598,10.2643,0.4628794359375324,0.1257516398653875,0.4722249734960128,0.28704636934992117
10193,339.767,1230,624,2108,1918,3.4829,10.3535,0.4437147708053383,0.10815160907913779,0.46367191268881036,0.23337794126868616
10194,339.8,1231,622,2110,1918,4.0652,9.4609,0.4613146954263987,0.2610594783907464,0.46296474751008687,0.2416824024053042
10195,339.833,1231,620,2112,1921,3.6841,9.6946,0.44924608313374553,0.22176874425328508,0.4588491481971845,0.23570830495969844
10196,339.867,1231,623,2113,1921,2.5192,10.8317,0.41177888660050355,0.018507306091234507,0.44472806971818013,0.17054800529915926
10197,339.9,1231,622,2113,1922,2.3565,10.9483,0.40631789792120293,0.0,0.4332050181790869,0.11938360370941146
10198,339.933,1231,621,2113,1922,1.362,10.47,0.3736474524687716,0.08254172314089442,0.4153377484659923,0.10833103953885634
10199,339.967,1231,621,2113,1922,1.3119,10.1189,0.37105924841412574,0.14514440340290982,0.40205419845043233,0.11937504869807239
10200,340.0,1231,618,2113,1921,5.3073,7.5177,0.488785919425089,0.545689462683725,0.4280737147428293,0.24726937289376816
10201,340.033,1230,619,2113,1922,4.7593,9.8994,0.4860347444053026,0.19089009621904887,0.4454620236415713,0.23035558989135235
10202,340.067,1230,620,2112,1924,4.7898,8.9013,0.4833368425503549,0.35070360737931056,0.4568244693142064,0.26645999513773977
10203,340.1,1230,621,2112,1923,2.4043,9.5867,0.40546692267666307,0.2371965891160661,0.4414172053229434,0.25768097333123763
10204,340.133,1229,623,2111,1924,3.3118,7.5837,0.41804295746993964,0.5356126546757134,0.4344049309670422,0.34106047773458037
10205,340.167,1229,624,2110,1926,3.5775,10.6351,0.44673394727881593,0.057952230399125323,0.4381036358605743,0.2561280035339438
10206,340.2,1229,624,2110,1927,1.8867,9.6138,0.38809227972360033,0.2321205094762831,0.4231002290194821,0.24892575531664557
10207,340.233,1228,623,2108,1928,3.0248,11.3034,0.42704952286431974,0.0,0.4242850171729333,0.17424802872165188
10208,340.267,1228,624,2108,1926,2.5208,9.9854,0.4110059776493201,0.17004729675504732,0.4203013053158493,0.1729878091316705
10209,340.3,1229,624,2109,1925,3.2695,10.2171,0.43651123597360253,0.1315484836264044,0.42516428451317523,0.16055601148009066
10210,340.333,1229,624,2109,1925,2.8987,10.4625,0.42439268882902836,0.08702561975670031,0.42493280580793114,0.13849689396307355
10211,340.367,1229,624,2110,1924,1.4347,12.0915,0.3724210093107729,0.0,0.40917926685878364,0.09694782577415148
10212,340.4,1229,623,2110,1925,0.9763,11.4778,0.3606122376400325,0.0,0.3946091580931583,0.06786347804190603
10213,340.433,1232,622,2111,1922,1.4651,9.8563,0.3751098941835429,0.19080470267302826,0.3887593789202736,0.10474584543124268
10214,340.467,1240,630,2117,1920,2.4365,11.5787,0.406974785048071,0.0,0.3942240007586128,0.07332209180186987
10215,340.5,1241,630,2119,1920,3.8071,10.641,0.454291952733724,0.05770226828598956,0.41224438635114613,0.06863614474710578
10216,340.533,1242,628,2120,1920,1.9891,9.9953,0.3932360129048605,0.1674750463993911,0.4065418743172604,0.09828781524279137
10217,340.567,1244,630,2122,1920,1.5838,11.3163,0.38054544710688415,0.0,0.3987429461541475,0.06880147066995396
10218,340.6,1246,628,2122,1923,2.6148,9.5365,0.4123468002808637,0.24577708852466365,0.4028241023921624,0.12189415602636686
10219,340.633,1246,628,2123,1923,0.8793,10.5797,0.35794749229401196,0.06192974263139519,0.3893611193627172,0.10390483200787536
10220,340.667,1246,628,2125,1925,-0.5875,9.485,0.3035510233990054,0.25422917324575517,0.36361809057360367,0.14900213437923931
10221,340.7,1246,627,2125,1925,1.0437,9.4282,0.35836665064528,0.26249443908639714,0.36204265859510654,0.18304982579138665
10222,340.733,1245,626,2125,1926,2.2039,8.6427,0.3915529622378877,0.38622042728712835,0.37089574968794087,0.24400100624010915
10223,340.767,1245,626,2125,1926,4.132,9.3098,0.46292265397229226,0.2854839153187633,0.3985038209732462,0.2564458789637054
10224,340.8,1245,628,2125,1926,3.4338,8.8889,0.4363189323331573,0.34982706938961317,0.4098483543812195,0.2844602360914777
10225,340.833,1245,625,2125,1924,2.284,8.7396,0.39525976598427837,0.37159335101861185,0.4054717778621372,0.3106001705696179
10226,340.867,1246,623,2125,1923,4.6997,7.5896,0.4678584225852625,0.5355648629818195,0.4241877712790747,0.3780895782932784
10227,340.9,1246,623,2124,1922,3.0884,6.7495,0.3965569322373304,0.6400322690988186,0.4158985195665514,0.45667238553494044
10228,340.933,1247,623,2124,1921,2.1411,6.7873,0.36265243123632296,0.6370209515940725,0.39992469306748285,0.51077695535268
10229,340.967,1246,624,2124,1921,2.5269,7.1719,0.38350442122409384,0.5891521510734854,0.39499861151446614,0.5342895140689216
10230,341.0,1245,622,2125,1924,-0.2221,6.8947,0.2788163628536266,0.6308258273619152,0.36014393691621427,0.5632504080568196
10231,341.033,1245,623,2125,1922,0.9405,6.961,0.322290473136529,0.6186958281070073,0.3487878977823087,0.5798840340718758
10232,341.067,1245,624,2124,1922,-0.1822,7.4735,0.2913534881091092,0.5560189068621939,0.3315575748803488,0.5727244959089712
10233,341.1,1246,628,2125,1921,2.1585,7.1595,0.36998025761235387,0.5912204738090143,0.3430843796999503,0.5782732892789841
10234,341.133,1245,628,2124,1921,1.8676,8.4036,0.37730373036897685,0.4218006247558332,0.3533501849006583,0.5313314899220388
10235,341.167,1244,628,2124,1922,3.5042,8.1526,0.43197268112368303,0.45812362043133403,0.37693693376756565,0.5093691290748273
10236,341.2,1244,628,2124,1922,3.455,8.0703,0.429311942476707,0.4696336798434943,0.392649436380308,0.4974484943054274
10237,341.233,1244,628,2124,1922,3.8038,7.74,0.4377106128638668,0.5149691817645448,0.40616778932537567,0.5027047005431626
10238,341.267,1244,628,2124,1923,2.9338,7.0081,0.3954835516490922,0.6090484615389956,0.4029625180224906,0.5346078288419125
10239,341.3,1243,629,2125,1923,3.9078,7.9645,0.4441321886894286,0.4846058966344975,0.415313419222572,0.5196072491796879
10240,341.333,1242,629,2124,1923,3.7777,9.5133,0.45174319759642645,0.25182619483736446,0.4262423527347283,0.4392729328769908
10241,341.367,1240,630,2123,1924,2.9979,9.2914,0.42403672499242595,0.2861441187052302,0.42558066441203757,0.3933342886254626
