frame_idx,time_sec,xmin,ymin,xmax,ymax,pitch_deg,yaw_deg,x_norm,y_norm,x_norm_smooth,y_norm_smooth
5674,189.133,1212,589,2071,1850,-4.9744,10.8751,0.1618100479432612,0.0,0.1618100479432612,0.0
5675,189.167,1213,589,2070,1850,-5.1741,10.0133,0.14874530797312333,0.06896130290494942,0.15789062595221984,0.020688390871484826
5676,189.2,1213,591,2071,1850,-0.0533,9.1332,0.35639938787619047,0.08296368883521406,0.21744325452941102,0.039370980260603594
5677,189.233,1213,590,2071,1850,-1.4746,8.0753,0.2849882616266643,0.3229410776603858,0.23770675665858698,0.12444200948053827
5678,189.267,1213,587,2072,1850,-1.7719,9.3576,0.2881984117255169,0.08587456056404445,0.25285425317866594,0.11287177480559012
5679,189.3,1212,587,2073,1849,-0.5237,8.9456,0.33577556589315083,0.13073610672280284,0.2777306469930114,0.11823107438075392
5680,189.333,1212,589,2073,1849,0.8078,9.3114,0.39167578057349745,0.02885623951478341,0.31191418706715723,0.09141862392096275
5681,189.367,1212,588,2073,1848,-0.961,8.2732,0.3097030479932047,0.27050717749697145,0.31125084534497144,0.14514518999376536
5682,189.4,1211,589,2073,1847,-3.2058,8.3185,0.21410652638957312,0.33197717563385853,0.28210754965835194,0.2011947856857933
5683,189.433,1212,589,2073,1848,-2.4086,10.6608,0.268007841415481,0.0,0.27787763718549063,0.1408363499800553
5684,189.467,1212,587,2072,1848,-1.9061,9.5208,0.2839315181071638,0.05806608017889138,0.2796938014619926,0.11600526903970611
5685,189.5,1212,589,2073,1850,-2.1117,10.1342,0.27890686257645325,0.0,0.2794577197963308,0.08120368832779427
5686,189.533,1212,588,2074,1849,-1.7345,12.5048,0.28404966950656435,0.0,0.2808353047094008,0.056842581829455986
5687,189.567,1213,588,2074,1847,-2.5957,12.2413,0.25387090445023974,0.0,0.27274598463165245,0.03978980728061919
5688,189.6,1213,588,2074,1848,-3.1915,12.8999,0.22358698538067914,0.0,0.25799828485636045,0.02785286509643343
5689,189.633,1213,589,2074,1847,-2.3639,10.2637,0.26905405083748485,0.0,0.26131501465069773,0.0194970055675034
5690,189.667,1212,593,2074,1846,-0.8324,12.0617,0.3228063166882543,0.0,0.27976240526196466,0.01364790389725238
5691,189.7,1212,593,2074,1849,-1.1222,11.1216,0.31826652623694657,0.0,0.2913136415544592,0.009553532728076665
5692,189.733,1212,594,2074,1850,0.4993,10.7755,0.38147164154764507,0.0,0.31836104155241496,0.006687472909653665
5693,189.767,1212,594,2074,1848,1.5518,11.5303,0.4153229226769322,0.0,0.34744960588977014,0.004681231036757565
5694,189.8,1212,593,2074,1850,-1.671,12.0023,0.2916431406901981,0.0,0.3307076663298985,0.003276861725730295
5695,189.833,1212,593,2074,1852,0.6545,10.2745,0.388293172800101,0.0,0.34798331827095924,0.0022938032080112064
5696,189.867,1212,594,2074,1852,1.2959,10.0396,0.412634191782622,0.0,0.367378580324458,0.0016056622456078445
5697,189.9,1212,592,2073,1851,-0.6677,9.6516,0.33513355519857535,0.0,0.3577050727866932,0.001123963571925491
5698,189.933,1212,593,2074,1852,2.1693,11.1678,0.4405420704511205,0.0,0.38255617208602133,0.0007867745003478437
5699,189.967,1212,591,2074,1854,0.1663,10.8661,0.36857555424859195,0.0,0.3783619867347925,0.0005507421502434906
5700,190.0,1212,593,2074,1856,-0.8995,10.11,0.32763865109407375,0.0,0.36314498604257683,0.0003855195051704434
5701,190.033,1212,594,2075,1856,-1.973,10.6431,0.2855438528331003,0.0,0.3398646460797339,0.0002698636536193104
5702,190.067,1212,593,2075,1856,-1.8983,10.2994,0.28808108198583027,0.0,0.3243295768515628,0.00018890455753351726
5703,190.1,1212,593,2075,1857,-1.3868,9.8824,0.3073139193393356,0.0,0.3192248795978946,0.00013223319027346207
5704,190.133,1211,593,2075,1856,-2.4228,11.6575,0.26496632211773474,0.0,0.30294731235384664,9.256323319142345e-05
5705,190.167,1212,593,2074,1855,0.3388,11.8719,0.36805085109272717,0.0,0.3224783739755108,6.479426323399641e-05
5706,190.2,1212,593,2074,1855,0.5609,11.9599,0.3752012363387737,0.0,0.3382952326844897,4.535598426379749e-05
5707,190.233,1212,594,2074,1855,1.8109,12.1372,0.4174926935107446,0.0,0.3620544709323661,3.174918898465824e-05
5708,190.267,1212,593,2074,1856,0.598,12.5327,0.3691454518843863,0.0,0.3641817652179722,2.2224432289260767e-05
5709,190.3,1212,593,2074,1855,4.114,12.8726,0.48176836149222235,0.0,0.39945774410024726,1.5557102602482537e-05
5710,190.333,1212,594,2074,1856,1.9891,11.2756,0.43323537838667997,0.0,0.40959103438617706,1.0889971821737775e-05
5711,190.367,1211,594,2074,1856,1.8075,10.7112,0.4302824560806911,0.0,0.4157984608945312,7.622980275216442e-06
5712,190.4,1212,595,2074,1857,-0.5488,10.7502,0.3415326697985288,0.0,0.3935187235657305,5.336086192651509e-06
5713,190.433,1205,573,2071,1871,1.5658,9.661,0.4223101676374978,0.0,0.40215615678726063,3.7352603348560563e-06
5714,190.467,1205,572,2071,1871,1.3703,6.7375,0.37950182825724216,0.49413044160764436,0.39535985822825503,0.1482417471645277
5715,190.5,1205,573,2071,1870,0.3471,9.7497,0.37565613918382856,0.0,0.38944874251492706,0.10376922301516939
5716,190.533,1205,578,2073,1870,0.4288,9.8202,0.3790531919557981,0.0,0.3863300773471883,0.07263845611061856
5717,190.567,1210,590,2068,1857,-0.8454,9.6826,0.3281668595031377,0.0,0.3688811119939731,0.05084691927743299
5718,190.6,1210,590,2068,1856,-0.8538,10.7223,0.32974151578780675,0.0,0.3571392331321232,0.035592843494203094
5719,190.633,1210,590,2068,1857,-0.8601,9.6869,0.3275984927759742,0.0,0.34827701102527847,0.024914990445942163
5720,190.667,1210,591,2068,1857,1.9431,8.4014,0.4288826916371589,0.17586019252322305,0.37245871520884255,0.07019855106912642
5721,190.7,1210,589,2069,1859,-1.4656,11.8162,0.30103909453598227,0.0,0.3510328290069844,0.04913898574838849
5722,190.733,1210,588,2069,1859,0.4065,11.5378,0.37360840758385677,0.0,0.35780550258004606,0.03439729002387194
5723,190.767,1209,588,2069,1860,-1.0567,12.3131,0.31171894986270837,0.0,0.3439795367648448,0.02407810301671036
5724,190.8,1210,586,2069,1860,-1.3122,11.5774,0.30861816734206743,0.0,0.33337112593801155,0.01685467211169725
5725,190.833,1210,585,2070,1863,-3.083,12.9019,0.22774377868376502,0.0,0.3016829217617376,0.011798270478188074
5726,190.867,1210,586,2070,1862,1.0784,13.4632,0.3691089771743396,0.0,0.3219107383855182,0.008258789334731651
5727,190.9,1210,586,2070,1861,-2.0082,12.9107,0.2684680924048119,0.0,0.3058779445913063,0.005781152534312156
5728,190.933,1210,586,2070,1863,-1.9732,11.2172,0.2846587486815537,0.0,0.2995121858183805,0.004046806774018509
5729,190.967,1210,584,2070,1864,-4.8217,10.3533,0.16632571145441505,0.0,0.2595562435091909,0.0028327647418129563
5730,191.0,1210,579,2071,1866,-1.9704,12.2451,0.2779248490701179,0.0,0.26506682517746893,0.0019829353192690694
5731,191.033,1210,579,2071,1866,-1.9821,12.0445,0.279341566879356,0.0,0.26934924768803503,0.0013880547234883486
5732,191.067,1210,579,2071,1866,-2.024,12.0647,0.27755335804646203,0.0,0.27181048079556314,0.0009716383064418439
5733,191.1,1210,578,2071,1867,-1.4648,13.3815,0.28103960358969193,0.0,0.2745792176338018,0.0006801468145092907
5734,191.133,1210,578,2071,1867,-1.5938,13.266,0.2783247146092789,0.0,0.2757028667264449,0.00047610277015650346
5735,191.167,1210,579,2071,1868,-2.9629,12.6858,0.23502218515833986,0.0,0.26349866225601337,0.0003332719391095524
5736,191.2,1210,579,2071,1869,-3.3263,12.4471,0.22341377175483657,0.0,0.2514731951056603,0.00023329035737668666
5737,191.233,1210,578,2071,1869,-2.6316,13.2745,0.23959462151896538,0.0,0.2479096230296518,0.00016330325016368066
5738,191.267,1210,579,2071,1868,-2.2202,13.0543,0.2584314557288456,0.0,0.25106617283940996,0.00011431227511457645
5739,191.3,1210,577,2071,1869,-0.9127,13.6819,0.2952037522860492,0.0,0.2643074466734017,8.001859258020351e-05
5740,191.333,1210,577,2071,1869,0.0508,13.9928,0.32210761869519905,0.0,0.2816474982799409,5.601301480614246e-05
5741,191.367,1210,576,2071,1868,2.024,13.6134,0.3974669540553802,0.0,0.31639333501257266,3.920911036429972e-05
5742,191.4,1210,576,2071,1869,2.2114,12.5517,0.42501350713100716,0.0,0.348979386648103,2.74463772550098e-05
5743,191.433,1210,575,2071,1867,3.6821,12.5316,0.47449464031836436,0.0,0.3866339627491814,1.921246407850686e-05
5744,191.467,1210,575,2071,1867,3.5672,12.1874,0.476601564559634,0.0,0.4136242432923172,1.34487248549548e-05
5745,191.5,1209,574,2071,1867,4.3209,10.5064,0.5206599916329298,0.0,0.44573496779450095,9.41410739846836e-06
5746,191.533,1210,575,2071,1866,3.6974,13.4876,0.45455490528641407,0.0,0.4483809490420748,6.5898751789278515e-06
5747,191.567,1209,575,2071,1867,3.7523,15.071,0.40946463273237244,0.0,0.4367060541491641,4.612912625249496e-06
5748,191.6,1209,575,2071,1867,4.18,15.1347,0.4198546975227799,0.0,0.4316506471612488,3.229038837674647e-06
5749,191.633,1209,575,2071,1867,3.6714,15.1272,0.4051030978869188,0.0,0.42368638237894973,2.2603271863722527e-06
5750,191.667,1209,575,2070,1867,4.9268,12.7131,0.5108567898758387,0.0,0.4498375046280164,1.5822290304605768e-06
5751,191.7,1210,574,2070,1867,3.4796,8.9279,0.4913983686310794,0.05058150046234726,0.4623057638289353,0.0151755576990255
5752,191.733,1210,575,2070,1867,4.8859,11.836,0.5254010458965963,0.0,0.4812343484492336,0.01062289038931785
5753,191.767,1209,574,2070,1866,7.183,9.2902,0.622328659477207,0.0,0.5235626417576256,0.007436023272522494
5754,191.8,1210,573,2069,1867,8.713,10.3009,0.6655251585656894,0.0,0.5661513968000447,0.005205216290765745
5755,191.833,1209,573,2070,1868,7.3189,10.6171,0.618886295474869,0.0,0.5819718664024919,0.0036436514035360214
5756,191.867,1209,572,2070,1869,7.9786,11.1193,0.6332212958841001,0.0,0.5973466952469744,0.002550555982475215
5757,191.9,1209,572,2070,1869,7.9169,10.2238,0.6414444114106427,0.0,0.6105760100960749,0.0017853891877326502
5758,191.933,1209,573,2070,1869,8.8401,8.7108,0.6771914846207994,0.044311308100604824,0.6305606524534921,0.014543164861594302
5759,191.967,1208,572,2070,1868,7.6779,9.0137,0.6390444426654138,0.0,0.6331057895170686,0.01018021540311601
5760,192.0,1209,574,2072,1870,7.5927,10.6796,0.6268404825097085,0.0,0.6312261974148605,0.0071261507821812065
5761,192.033,1209,574,2072,1870,7.3582,11.3447,0.6109476061330246,0.0,0.6251426200303096,0.004988305547526844
5762,192.067,1208,574,2072,1870,7.1203,10.8602,0.6099622840660179,0.0,0.6205885192410221,0.003491813883268791
5763,192.1,1208,574,2072,1870,6.8793,10.9688,0.601072056093035,0.0,0.614733580296626,0.0024442697182881536
5764,192.133,1208,573,2073,1869,4.6202,9.3468,0.5340875057808648,0.0,0.5905397579418976,0.0017109888028017074
5765,192.167,1208,574,2072,1868,6.1579,11.3708,0.573015905241283,0.0,0.5852826021317132,0.001197692161961195
5766,192.2,1209,574,2072,1868,7.4781,10.8559,0.6212378883609712,0.0,0.5960691880004906,0.0008383845133728365
5767,192.233,1209,578,2072,1866,3.3523,11.3236,0.48062640339750146,0.0,0.5614363526195938,0.0005868691593609855
5768,192.267,1209,578,2072,1865,3.5565,10.0102,0.4958123497737455,0.0,0.5417491517658393,0.00041080841155268985
5769,192.3,1211,576,2068,1858,0.303,6.4566,0.3280198083410095,0.5726681958424262,0.4776303487383903,0.17208802464081474
5770,192.333,1213,574,2068,1859,-0.7162,8.5446,0.32350456159278185,0.21223675957514151,0.43139261259470774,0.18413264512111277
5771,192.367,1217,600,2071,1846,-1.0366,3.1318,0.1478898354844471,1.0,0.34634177946162953,0.4288928515847789
5772,192.4,1213,574,2069,1859,0.4107,5.4087,0.30358799879096016,0.7585624313619342,0.3335156452604287,0.5277937255179255
5773,192.433,1212,575,2070,1863,1.4253,6.9714,0.386613283325928,0.4503072906471509,0.3494449366800785,0.5045477950566931
5774,192.467,1213,575,2071,1863,2.0579,7.4997,0.42173762233768164,0.3396956379908656,0.3711327423773594,0.4550921479369448
5775,192.5,1210,577,2072,1865,-1.7646,11.5157,0.2915017323440136,0.0,0.3472434393673557,0.31856450355586136
5776,192.533,1209,577,2072,1865,-0.6136,12.6618,0.32361228626629396,0.0,0.3401540934370371,0.22299515248910293
5777,192.567,1209,577,2072,1865,-2.3433,12.5028,0.2609368646604305,0.0,0.3163889248040551,0.15609660674237205
5778,192.6,1209,575,2072,1865,-0.1393,11.8223,0.3509390903371989,0.0,0.32675397446399823,0.10926762471966044
5779,192.633,1209,573,2073,1865,0.8355,12.0314,0.3842939326597151,0.0,0.3440159619227133,0.0764873373037623
5780,192.667,1209,574,2072,1865,0.4467,11.2892,0.3769334408082434,0.0,0.3538912055883723,0.05354113611263361
5781,192.7,1209,573,2073,1866,-1.2951,11.0018,0.3119289379782173,0.0,0.3413025253053258,0.03747879527884352
5782,192.733,1209,573,2073,1866,-1.1414,11.1951,0.3172319756534376,0.0,0.33408136040975933,0.026235156695190463
5783,192.767,1213,600,2075,1854,-4.3405,11.5218,0.18827448135434433,0.0,0.2903392966931348,0.018364609686633324
5784,192.8,1209,574,2072,1866,0.2173,12.5542,0.3552320928390332,0.0,0.3098071355369043,0.012855226780643325
5785,192.833,1209,574,2073,1867,-2.5821,12.2877,0.25396405938079236,0.0,0.2930542126900707,0.008998658746450327
5786,192.867,1209,575,2072,1866,-1.4859,11.5541,0.30207650869982117,0.0,0.29576090149299583,0.006299061122515228
5787,192.9,1209,575,2072,1866,-0.9553,11.4004,0.3233789923012836,0.0,0.30404632873548215,0.004409342785760659
5788,192.933,1208,574,2073,1866,-1.2887,11.3465,0.31084164155578276,0.0,0.3060849225815723,0.0030865399500324612
5789,192.967,1207,574,2073,1866,-0.4739,10.6604,0.34458935637907995,0.0,0.31763625272082463,0.0021605779650227227
5790,193.0,1211,601,2075,1854,-0.7046,7.5466,0.30854142061390094,0.39988631455778434,0.3149078030887475,0.1214782989428512
5791,193.033,1211,601,2075,1853,0.1909,8.9287,0.36449589228723106,0.11591501634141711,0.32978422984829253,0.11980931416242097
5792,193.067,1211,601,2075,1853,0.0537,8.7262,0.3570440919147102,0.157699632041677,0.3379621884682178,0.13117640952619777
5793,193.1,1211,599,2074,1853,0.8739,10.3965,0.3965107695056747,0.0,0.35552676277945483,0.09182348666833844
5794,193.133,1211,598,2074,1851,1.1439,9.8786,0.40670227622452554,0.0,0.37087941681297604,0.0642764406678369
5795,193.167,1211,600,2073,1852,2.786,9.3567,0.467352603592867,0.0,0.3998213728469433,0.04499350846748583
5796,193.2,1211,599,2073,1852,1.6561,8.8751,0.4218664856757611,0.09324076124773543,0.4064349066955886,0.059467684301560714
5797,193.233,1209,599,2073,1856,1.1291,9.5031,0.40507664553046974,0.0,0.40602742834605293,0.041627379011092494
5798,193.267,1210,599,2073,1856,3.4932,8.7437,0.4908762448506341,0.08446200187293618,0.43148207329742727,0.054477765869645596
5799,193.3,1209,596,2074,1856,2.3709,7.078,0.4271516615467262,0.409819135924795,0.43018294977221694,0.16108017688619042
5800,193.333,1209,596,2074,1856,2.7731,7.4008,0.44862584621844415,0.34313775508221145,0.43571581870608506,0.2156974503449967
5801,193.367,1209,595,2073,1856,0.6294,10.1061,0.38730157857521297,0.0,0.4211915466668234,0.1509882152414977
5802,193.4,1209,593,2074,1856,0.7625,6.3848,0.3458721247027904,0.5733813107785821,0.39859572007761346,0.277706143902623
5803,193.433,1209,593,2074,1856,0.8707,7.5842,0.374992075763593,0.3512301560568841,0.3915146267834073,0.2997633475489013
5804,193.467,1209,592,2074,1857,0.366,8.9403,0.3716008961617707,0.10950074601104032,0.38554050759691627,0.24268456708754302
5805,193.5,1209,593,2074,1856,0.6057,7.7043,0.36607491588518454,0.3355162585423411,0.3797008300833967,0.2705340745239824
5806,193.533,1209,594,2074,1858,-0.6291,9.7043,0.3369386438441222,0.0,0.36687217421161433,0.18937385216678768
5807,193.567,1209,593,2073,1859,-0.9792,6.3099,0.26846176535697774,0.6368927779541524,0.3373490515552233,0.3236295299029971
5808,193.6,1209,594,2073,1859,-2.3012,6.939,0.22587356927255037,0.5631570430147614,0.3039064068704214,0.3954877838365264
5809,193.633,1209,593,2074,1859,-3.407,7.2656,0.1839719510093258,0.5402726639223124,0.26792607011209274,0.4389232478622621
5810,193.667,1209,594,2073,1859,-1.6411,7.5151,0.26771167327011625,0.4337459175150731,0.2678617510594998,0.43737004875810537
5811,193.7,1209,594,2074,1860,-0.4619,10.2703,0.34516915333523246,0.0,0.2910539717422196,0.30615903413067375
5812,193.733,1209,594,2073,1860,-2.0875,8.2353,0.2613282274630676,0.31128461432798354,0.28213624845847396,0.30769670818986666
5813,193.767,1209,595,2073,1860,-0.2643,9.8454,0.3519994143501596,0.0,0.30309519822597963,0.21538769573290664
5814,193.8,1209,594,2074,1860,0.4217,10.4298,0.3793036458516269,0.0,0.32595773251367377,0.15077138701303464
5815,193.833,1209,594,2074,1860,0.2908,10.1024,0.3742658961798232,0.0,0.3404501816135186,0.10553997090912424
5816,193.867,1209,596,2074,1857,2.2603,8.5556,0.4426700727949386,0.14091493985718995,0.37111614896794454,0.11615246159354395
5817,193.9,1209,596,2074,1858,2.7174,8.1715,0.4565875336293774,0.20330547427305426,0.3967575643663744,0.14229836539739704
5818,193.933,1210,599,2073,1854,0.6961,7.3815,0.36427674300507634,0.3929492206701425,0.387013317957985,0.21749362197922067
5819,193.967,1209,602,2073,1856,0.8522,3.6373,0.2587301631934076,1.0,0.3485283715286117,0.4522455353854544
5820,194.0,1209,603,2073,1854,0.5085,4.1155,0.2624993796117089,0.9838990932665859,0.32271967395354084,0.6117416027497938
5821,194.033,1210,604,2073,1854,2.5752,5.3285,0.39426811218366614,0.7171409639435133,0.34418420542257844,0.6433614111079097
5822,194.067,1210,603,2073,1855,2.0065,2.6751,0.2687524082273577,1.0,0.3215546662640122,0.7503529877755367
5823,194.1,1204,578,2071,1868,-0.0531,10.323,0.3611092698652337,0.0,0.3334210473443786,0.5252470914428756
5824,194.133,1210,603,2073,1857,1.9984,2.5928,0.2645147400131664,1.0,0.31274915514501495,0.667672964010013
5825,194.167,1210,603,2073,1856,2.1831,3.4338,0.31025253409609715,1.0,0.3120001688303396,0.7673710748070091
5826,194.2,1210,603,2073,1857,2.6174,3.6852,0.33968687039182494,0.9999952656703389,0.3203061792987852,0.837158332066008
5827,194.233,1210,603,2073,1857,2.8469,4.9672,0.3948515458117824,0.7740416715870084,0.3426697892526843,0.8182233339223081
5828,194.267,1211,603,2073,1857,1.6704,5.1446,0.35018395445587963,0.7713365622018117,0.34492403881364286,0.8041573024061591
5829,194.3,1210,600,2073,1858,1.6893,8.152,0.4161286701647978,0.22744627245467522,0.36628542821898935,0.6311439934207139
5830,194.333,1210,598,2073,1858,4.0477,4.4535,0.428808934315057,0.8368399827159204,0.3850424800478096,0.6928527902092758
5831,194.367,1210,598,2074,1861,2.8902,6.3369,0.43317999725196205,0.532097669798745,0.39948373520905534,0.6446262540861165
5832,194.4,1211,598,2073,1861,4.4705,6.2945,0.4953514605515851,0.5102713366286239,0.4282440528118142,0.6043197788488687
5833,194.433,1211,598,2073,1861,4.2284,6.4594,0.4892038747860009,0.48525580614254554,0.4465319994040702,0.5686005870369717
5834,194.467,1205,574,2072,1877,3.4029,9.7678,0.49056573708694606,0.0,0.45974212070893294,0.39802041092588014
5835,194.5,1205,573,2072,1879,2.158,6.7323,0.4118336515751494,0.4768743948263436,0.44536957996879784,0.42167660609601915
5836,194.533,1206,572,2072,1879,4.423,7.6198,0.515388903563955,0.2752596461306697,0.46637537704734494,0.3777515181064143
5837,194.567,1206,573,2073,1880,3.7108,5.5671,0.44789424796046506,0.6513482624220616,0.4608310383212809,0.45983054140110846
5838,194.6,1206,573,2073,1882,4.5029,7.6066,0.518239549066234,0.2764604731811397,0.4780535915447668,0.4048195209351178
5839,194.633,1206,575,2073,1882,4.4989,7.367,0.5149626283532622,0.3195212921853999,0.4891263025873154,0.37923005231020246
5840,194.667,1206,575,2073,1882,4.2617,7.2327,0.5039836247994693,0.34720763294345514,0.49358349925096157,0.36962332650017826
5841,194.7,1206,575,2073,1882,3.9388,8.1088,0.5025250017107483,0.1940185718205429,0.4962659499888975,0.31694190009628764
5842,194.733,1206,576,2073,1881,4.0613,8.5812,0.5109327442496147,0.10581270171966903,0.5006659882671126,0.253603140583302
5843,194.767,1206,576,2074,1880,4.5022,8.5902,0.5271921480660612,0.09805776758831823,0.5086238362067972,0.20693952868480686
5844,194.8,1206,575,2073,1880,3.3951,9.2216,0.48948179510840994,0.0,0.502881223877281,0.1448576700793648
5845,194.833,1206,576,2074,1879,4.5826,10.6224,0.5288739029645635,0.0,0.5106790276034657,0.10140036905555534
5846,194.867,1206,576,2074,1878,4.5297,9.5773,0.5309500908473617,0.0,0.5167603465766345,0.07098025833888874
5847,194.9,1206,576,2074,1877,3.3353,10.5436,0.4860267645121074,0.0,0.5075402719572764,0.049686180837222114
5848,194.933,1206,578,2074,1878,0.9373,10.0099,0.3989935013238462,0.0,0.4749762407672473,0.034780326586055475
5849,194.967,1205,578,2075,1880,-0.7218,8.8932,0.32717152328402327,0.1459896819653049,0.4306348255222801,0.0681431331998303
5850,195.0,1206,574,2074,1880,-0.7573,8.8718,0.32549889502385354,0.15103045177251936,0.39909404637275214,0.093009328771637
5851,195.033,1207,575,2074,1879,0.3643,8.3131,0.3649344115698081,0.227894693373279,0.38884615593186894,0.1334749381521296
5852,195.067,1208,575,2074,1877,0.0831,8.8233,0.359193953477667,0.13856215087295543,0.37995049519560836,0.13500110196837734
5853,195.1,1207,575,2073,1878,2.1407,8.0021,0.4321219212624282,0.2457390967608247,0.39560192301565433,0.16822250040611153
5854,195.133,1209,576,2076,1873,0.7879,9.3368,0.39103921769324324,0.02446336566668195,0.394233111418931,0.12509475998428266
5855,195.167,1211,573,2077,1871,2.9871,7.7782,0.46239113090754946,0.27039077462238786,0.4146805172655166,0.1686835643757142
5856,195.2,1211,574,2077,1869,1.9779,8.3194,0.4293929320624748,0.19037798162307748,0.4190942417046041,0.17519188954992318
5857,195.233,1211,574,2077,1869,2.5378,8.4501,0.45242594493490595,0.1552191834777405,0.42909375267369465,0.16920007772826837
5858,195.267,1211,573,2078,1871,1.306,6.0707,0.36105095395072706,0.6160123628243046,0.4086809130568044,0.30324376325707925
5859,195.3,1211,573,2078,1870,2.6529,7.7885,0.4494885615254006,0.27480809580979415,0.4209232075973832,0.2947130630228937
5860,195.333,1210,573,2078,1871,3.0182,10.4907,0.475015220379363,0.0,0.43715081143197715,0.20629914411602557
5861,195.367,1210,574,2078,1872,4.2382,10.1227,0.5196276769398142,0.0,0.4618938710843282,0.1444094008812179
5862,195.4,1209,571,2078,1871,2.657,8.3234,0.4558160966685616,0.17642627390896956,0.46007053875959825,0.1540144627895434
5863,195.433,1209,572,2077,1869,4.4178,8.3481,0.5224455879943637,0.14340907994713686,0.47878305353002787,0.15083284793682145
5864,195.467,1209,572,2076,1870,4.0987,8.748,0.5133100269657964,0.07463095810175226,0.48914114556075844,0.12797228098630067
5865,195.5,1208,570,2076,1866,3.1182,9.657,0.480182172020025,0.0,0.4864534534985384,0.08958059669041046
5866,195.533,1207,569,2074,1868,4.0579,9.2855,0.5138330566694557,0.0,0.49466733444981353,0.06270641768328732
5867,195.567,1207,570,2073,1866,4.1823,7.1134,0.4990976472645794,0.36981263331511455,0.4959964282942433,0.15483828237283548
5868,195.6,1207,570,2073,1866,4.1032,8.7587,0.5135330436004886,0.0725988199613408,0.5012574128861168,0.13016644364938706
5869,195.633,1207,569,2074,1867,5.7675,8.3859,0.5716421859656441,0.12037764579863042,0.5223728448099749,0.12722980429416006
5870,195.667,1206,569,2075,1870,4.6344,8.712,0.5326775609426763,0.07404694806276049,0.5254642596497853,0.11127494742474019
5871,195.7,1206,569,2076,1874,3.7804,8.9929,0.502801860484782,0.034003208892858586,0.5186655399002843,0.08809342586517571
5872,195.733,1206,570,2076,1870,2.8433,10.5944,0.46827887522000233,0.0,0.5035495404961997,0.06166539810562299
5873,195.767,1206,570,2077,1870,0.931,10.1747,0.3988330029054296,0.0,0.4721345792189686,0.04316577867393609
5874,195.8,1205,571,2078,1871,4.0981,8.2805,0.5100468708216715,0.16030565615665457,0.4835082666997795,0.07830774191875163
5875,195.833,1206,571,2078,1872,4.9118,8.0205,0.5379070235913882,0.19623967088812014,0.49982789376726205,0.11368732060956217
5876,195.867,1205,572,2078,1872,4.7702,8.4877,0.5363380371886074,0.11329766690111698,0.5107809367936657,0.11357042449702862
5877,195.9,1205,572,2078,1873,4.5246,9.2888,0.5306083148752775,0.0,0.5167291502181491,0.07949929714792002
5878,195.933,1205,573,2078,1872,5.5899,8.9623,0.5677153119157332,0.017489093983623548,0.5320249987274244,0.060896236198631076
5879,195.967,1206,571,2077,1871,5.2952,8.1814,0.5532781613575108,0.1624626798185974,0.5384009475164503,0.09136616928462098
5880,196.0,1212,593,2078,1858,3.835,6.4109,0.47269509406267657,0.5006992033567434,0.5186891914803182,0.2141660795062577
5881,196.033,1211,591,2078,1858,2.5293,5.8898,0.40768199176764397,0.61924381099932,0.48538703156651597,0.3356893989541764
5882,196.067,1211,592,2078,1858,3.3828,6.2551,0.4512801212837506,0.5367555925014995,0.4751549584816863,0.3960092570183733
5883,196.1,1211,593,2078,1857,-0.9943,9.1539,0.3184637520871676,0.10338508439854913,0.4281475965633307,0.30822200523242604
5884,196.133,1211,594,2078,1856,1.0585,7.5375,0.3819071204274593,0.3553211195691371,0.41427545372256924,0.3223517395334393
5885,196.167,1211,594,2078,1856,1.7003,8.0369,0.41513872067519486,0.24852873195828573,0.41453443380835686,0.3002048372608932
5886,196.2,1208,570,2078,1873,1.2572,7.2454,0.3849345970260908,0.4042598750097878,0.405654482773677,0.33142134858556155
5887,196.233,1209,569,2079,1872,4.5543,8.1007,0.5254298788080302,0.18650416299298062,0.44158710158398295,0.2879461929077872
5888,196.267,1210,568,2079,1872,2.9516,10.6924,0.4716181869910881,0.0,0.4505964272061145,0.20156233503545104
5889,196.3,1212,568,2078,1870,0.0659,7.8395,0.34595174466179135,0.32412342193605764,0.41920302244281754,0.238330661105633
5890,196.333,1210,564,2079,1879,-0.9679,7.4946,0.2963235500529662,0.4172313459802965,0.3823391807258621,0.29200086656803204
5891,196.367,1209,568,2079,1882,1.8024,8.9761,0.42823698635823276,0.07132082733918058,0.39610852241557326,0.22579685479937658
5892,196.4,1210,566,2079,1884,2.7939,8.1363,0.4591638872593109,0.2083642260653708,0.4150251318686945,0.22056706617917482
5893,196.433,1210,570,2080,1888,3.6623,8.5672,0.49601569783277066,0.11436457964727444,0.4393223016579173,0.1887063202196047
5894,196.467,1209,572,2081,1885,3.8331,5.7807,0.4583015208460972,0.6116661203325113,0.4450160674143713,0.3155942602534767
5895,196.5,1209,570,2082,1889,4.3444,8.7614,0.5223754473472204,0.0687822772005033,0.468223881394226,0.24155066533758465
5896,196.533,1210,578,2085,1899,3.5014,7.5714,0.4795707228316047,0.29879540405536725,0.47162793382543955,0.25872408695291943
5897,196.567,1211,577,2085,1899,2.2516,12.7231,0.4234116961372493,0.0,0.4571630625189825,0.18110686086704358
5898,196.6,1211,575,2087,1900,5.2179,11.1861,0.5449249774564975,0.0,0.483491637000237,0.1267748026069305
5899,196.633,1212,573,2086,1901,7.2746,10.5356,0.6182935649546721,0.0,0.5239322153865675,0.08874236182485135
5900,196.667,1212,572,2085,1902,7.427,11.4519,0.6114138929704065,0.0,0.5501767186617192,0.062119653277395936
5901,196.7,1213,570,2085,1901,6.2309,10.2967,0.5864812450351441,0.0,0.5610680765737467,0.04348375729417715
5902,196.733,1214,566,2085,1900,5.6475,8.5654,0.568328735171081,0.089125401203294,0.5632462741529469,0.0571762504669122
5903,196.767,1214,564,2084,1901,6.256,7.7039,0.5838558711894617,0.23769161519478343,0.5694291532639013,0.11133085988527355
5904,196.8,1213,566,2083,1903,6.5483,7.1858,0.5886550769310717,0.3264121460852781,0.5751969303640524,0.1758552457452749
5905,196.833,1211,567,2083,1902,4.5939,9.4309,0.5332159912166227,0.0,0.5626026486198235,0.12309867202169242
5906,196.867,1208,567,2082,1903,7.6682,8.5941,0.6383200556822496,0.06877787256386321,0.5853178707385512,0.10680243218434365
5907,196.9,1209,567,2081,1899,8.026,8.8175,0.6505630801742849,0.027361716402183697,0.6048914335692713,0.08297021744969565
5908,196.933,1209,566,2080,1898,4.7758,8.5532,0.5369422482372268,0.10128369907190186,0.5845066779696579,0.08846426193635751
5909,196.967,1207,568,2080,1894,7.1861,9.2016,0.6225482113867331,0.0,0.5959191379947805,0.06192498335545025
5910,197.0,1207,568,2078,1888,5.545,7.7092,0.5581098426773504,0.24437566210472436,0.5845763493995514,0.11666018698023248
5911,197.033,1209,566,2080,1892,3.2908,7.2863,0.4671913923286282,0.3540897894451819,0.5493608622782744,0.1878890677197173
5912,197.067,1210,569,2081,1899,8.5207,2.5094,0.5401433081153404,1.0,0.5465955960293941,0.43152234740380213
5913,197.1,1212,569,2081,1899,8.5278,0.2733,0.4343931514529069,1.0,0.5129348626564479,0.6020656431826614
5914,197.133,1211,601,2081,1886,6.446,0.2473,0.342533103483948,1.0,0.4618143349046979,0.721445950227863
5915,197.167,1205,580,2080,1895,-0.422,-0.9099,0.0,1.0,0.3232700344332885,0.8050121651595041
5916,197.2,1205,584,2079,1897,-0.0948,5.8296,0.2940087085931678,0.6976020259790957,0.31449163668125224,0.7727891234053815
5917,197.233,1214,569,2080,1891,9.0573,1.7716,0.5304193332689052,1.0,0.3792699456575481,0.8409523863837671
5918,197.267,1220,562,2081,1885,2.3337,8.3741,0.44381794391230117,0.17317495429704655,0.398634345133974,0.6406191567577509
5919,197.3,1219,562,2082,1885,4.2363,8.6861,0.518016490012097,0.08408431028759854,0.4344489885974109,0.4736587028167052
5920,197.333,1219,562,2083,1888,4.1042,9.5636,0.5158112125999815,0.0,0.45885765579818205,0.3315610919716936
5921,197.367,1219,561,2083,1889,5.0658,8.7687,0.5484923969594904,0.058446551365519885,0.4857480781465745,0.24962672978984146
5922,197.4,1218,562,2084,1890,4.7901,8.4684,0.5369396832794152,0.11656202764527031,0.5011055596864267,0.2097073191464701
5923,197.433,1217,566,2083,1890,7.3326,9.2827,0.6273112851240985,0.0,0.5389672773177282,0.14679512340252907
5924,197.467,1216,562,2084,1889,7.3141,9.8988,0.6244374671566626,0.0,0.5646083342694085,0.10275658638177033
5925,197.5,1213,562,2084,1894,8.4186,9.6243,0.6613953691784651,0.0,0.5936444447421254,0.07192961046723922
5926,197.533,1212,560,2081,1893,6.514,7.9048,0.5948500282047563,0.19955313424744342,0.5940061197809147,0.11021666760130047
5927,197.567,1210,563,2081,1894,8.7517,9.7983,0.6708671986884881,0.0,0.6170644434531867,0.07715166732091032
5928,197.6,1211,565,2081,1895,11.9016,8.1797,0.7730981669994161,0.1437417641094932,0.6638745605170555,0.09712869635748517
5929,197.633,1210,563,2081,1895,6.8708,11.3422,0.5958841069800704,0.0,0.64347742445596,0.06799008745023961
5930,197.667,1209,563,2081,1894,4.0139,8.781,0.5103711788056214,0.06976086182114101,0.6035455507608585,0.06852131976151003
5931,197.7,1209,563,2081,1894,4.3581,10.2334,0.5233748149873357,0.0,0.5794943300288016,0.04796492383305702
5932,197.733,1210,563,2082,1892,4.3062,12.4044,0.49712107013428497,0.0,0.5547823520604466,0.03357544668313991
5933,197.767,1210,564,2082,1894,3.1994,10.1169,0.4827732152896313,0.0,0.533179611029202,0.023502812678197933
5934,197.8,1210,565,2082,1894,2.9781,10.0145,0.47496501240703215,0.0,0.515715231442551,0.016451968874738553
5935,197.833,1214,566,2083,1887,4.6456,10.5746,0.5313585441754196,0.0,0.5204082252624116,0.011516378212316986
5936,197.867,1215,565,2083,1894,3.261,6.4317,0.45021872770524496,0.507780999768231,0.4993513759952616,0.16039576467909117
5937,197.9,1215,564,2081,1897,1.8357,7.4403,0.4118556071779638,0.35536197107205686,0.4731026453500722,0.21888562659698085
5938,197.933,1215,563,2082,1897,4.2915,6.9386,0.5004625327354711,0.39923697099054095,0.4813106115656918,0.27299102991504887
5939,197.967,1217,562,2081,1893,6.0124,5.0539,0.5263249538070001,0.7010814067858596,0.4948149142380842,0.4014181429762921
5940,198.0,1219,569,2083,1891,3.7569,6.5128,0.47167967420838275,0.4840496312013677,0.4878743422291738,0.42620758944381476
5941,198.033,1219,567,2084,1893,5.1537,8.6308,0.5510133320733497,0.08259587409464922,0.5068160391824266,0.3231240748390651
5942,198.067,1220,566,2084,1893,4.131,10.7132,0.5127440689142315,0.0,0.508594448101968,0.22618685238734554
5943,198.1,1220,566,2084,1893,3.8969,9.3843,0.5081904295634867,0.0,0.5084732425404235,0.15833079667114186
5944,198.133,1220,566,2084,1894,4.1175,8.7706,0.5141211117861033,0.07020800400620714,0.5101676033141274,0.13189395887166144
5945,198.167,1220,566,2084,1894,3.3889,8.4659,0.4849899316799477,0.1373712001528376,0.5026143018238735,0.13353713125601427
5946,198.2,1220,566,2084,1894,3.3127,8.5556,0.48281943487231416,0.12209607759781167,0.4966758417384056,0.1301048151585535
5947,198.233,1220,565,2084,1894,1.2039,10.5145,0.4086719481023389,0.0,0.4702746736475856,0.09107337061098744
5948,198.267,1219,565,2084,1894,3.3998,8.1253,0.4822883829266717,0.19969717643206045,0.47387878643131137,0.12366051235730935
5949,198.3,1219,563,2085,1895,2.6904,10.5825,0.46285878000200253,0.0,0.4705727845025187,0.08656235865011654
5950,198.333,1218,563,2086,1895,2.8442,10.5422,0.4685600040397946,0.0,0.46996895036370145,0.06059365105508157
5951,198.367,1218,562,2085,1896,4.2663,11.8409,0.5050495753700184,0.0,0.48049313786559655,0.0424155557385571
5952,198.4,1219,563,2085,1895,2.1562,9.6887,0.4446285133589866,0.0,0.46973375051361355,0.029690889016989967
5953,198.433,1219,566,2085,1894,1.7867,7.4704,0.41037252351190234,0.35092960337750634,0.45192538241310015,0.12606250332514488
5954,198.467,1219,567,2085,1892,3.0015,10.7504,0.47304622007738945,0.0,0.45826163371238693,0.08824375232760141
5955,198.5,1219,567,2085,1892,2.8233,11.1233,0.46407032044987573,0.0,0.4600042397336336,0.061770626629320986
5956,198.533,1219,568,2086,1889,3.3584,9.9976,0.4887306677965876,0.0,0.4686221681525198,0.04323943864052469
5957,198.567,1219,564,2086,1889,1.9619,9.5714,0.43707634083095925,0.0,0.45915841995605156,0.030267607048367277
5958,198.6,1220,565,2086,1887,-0.0172,6.0556,0.30377498749396736,0.6544726011531177,0.41254339021742625,0.21752910527979238
5959,198.633,1219,565,2086,1888,1.3906,10.023,0.4162039857459205,0.0,0.4136415688759745,0.15227037369585467
5960,198.667,1219,564,2086,1888,0.2696,9.538,0.37175889227596526,0.0,0.40107676589597163,0.10658926158709826
5961,198.7,1219,560,2086,1889,1.1893,12.5434,0.38984729747602825,0.0,0.3977079253699886,0.07461248311096878
5962,198.733,1224,580,2086,1875,-4.139,11.4332,0.19678969959522022,0.0,0.3374324576375581,0.05222873817767815
5963,198.767,1224,580,2086,1875,-4.3896,11.2385,0.18670772647250294,0.0,0.2922150382880415,0.0365601167243747
5964,198.8,1224,580,2086,1875,-3.1046,11.7602,0.23740446905442542,0.0,0.2757718675179567,0.02559208170706229
5965,198.833,1224,581,2085,1875,-2.9906,11.3357,0.24376863779134453,0.0,0.266170898599973,0.0179144571949436
5966,198.867,1224,580,2085,1875,-3.6556,12.2119,0.21245100596970357,0.0,0.25005493081089214,0.01254012003646052
5967,198.9,1224,580,2085,1875,-2.5182,12.0406,0.2586122471973203,0.0,0.2526221257268206,0.008778084025522364
5968,198.933,1218,557,2086,1889,1.7437,8.8896,0.42536884284590265,0.08873803657983277,0.3044461408625452,0.03276606979181548
5969,198.967,1219,557,2085,1888,2.2682,11.2419,0.44346225323834265,0.0,0.34615097457528443,0.022936248854270837
5970,199.0,1219,561,2084,1889,1.0338,9.4338,0.40109454538399064,0.0006518109098720179,0.36263404581789627,0.016250917470951188
5971,199.033,1219,562,2083,1887,2.1873,9.1711,0.44409616854729356,0.02726225226140062,0.38707268263671546,0.019554317908086018
5972,199.067,1219,562,2083,1887,3.4294,9.4059,0.4912210714074242,0.0,0.4183171992679281,0.013688022535660212
5973,199.1,1218,562,2083,1887,4.6263,9.6432,0.5343178480305799,0.0,0.4531173938967236,0.009581615774962148
5974,199.133,1219,563,2082,1885,5.1816,9.0627,0.5535497548930588,0.0033243573540397047,0.48324710219562417,0.007704438248685415
5975,199.167,1219,564,2081,1883,4.4742,9.8512,0.5286611767596341,0.0,0.49687132456482713,0.005393106774079791
5976,199.2,1219,563,2081,1883,4.5677,7.3821,0.5177786199561046,0.3157966816557618,0.5031435131822104,0.09851417923858438
5977,199.233,1220,564,2080,1882,4.7126,8.7537,0.5357132130926172,0.06542448455436758,0.5129144231553324,0.08858727083331934
5978,199.267,1219,565,2081,1881,3.7694,9.169,0.5030465133848424,0.0015033174361421305,0.5099540502241854,0.06246208481416617
5979,199.3,1219,562,2079,1882,4.7743,7.1211,0.5218691283524226,0.3593627080636435,0.5135285736626565,0.15153227178900938
5980,199.333,1218,559,2079,1883,4.6868,9.514,0.5365190015847513,0.0,0.5204257020392848,0.10607259025230656
5981,199.367,1217,558,2079,1885,6.2158,10.3498,0.5856064009603102,0.0,0.5399799117155925,0.07425081317661458
5982,199.4,1217,557,2080,1887,5.9841,9.8144,0.580774417985354,0.0,0.5522182635965209,0.051975569223630204
5983,199.433,1216,559,2079,1884,5.8077,10.8939,0.5674423969440626,0.0,0.5567855036007834,0.03638289845654114
5984,199.467,1215,559,2080,1886,5.9244,9.6659,0.5792049857161925,0.0,0.563511348235406,0.0254680289195788
5985,199.5,1216,561,2080,1887,5.7057,8.7405,0.571128517629674,0.05675742222214746,0.5657964990536863,0.0348548469103494
5986,199.533,1214,562,2081,1885,4.6907,6.787,0.513265323445521,0.4199048419968086,0.5500371463712367,0.15036984543628715
5987,199.567,1214,561,2081,1887,2.7589,6.4051,0.42935321971486223,0.5226664917440702,0.5138319683743243,0.26205883932862206
5988,199.6,1213,562,2081,1891,4.1572,8.0359,0.5100113173642473,0.20396685881010085,0.5126857730713013,0.2446312451730657
5989,199.633,1213,564,2080,1889,3.6727,8.5909,0.4965700630858684,0.10984176970526932,0.5078510600756714,0.20419440253272678
5990,199.667,1213,566,2081,1891,3.3443,5.5018,0.43114148164928845,0.6700980205570819,0.48483818654775646,0.3439654879400333
5991,199.7,1213,566,2081,1891,3.2757,5.7944,0.43599011016530775,0.6201970303197657,0.47018376363302183,0.426834950653953
5992,199.733,1213,567,2081,1891,2.7989,4.8075,0.3877688557102694,0.8028636344678359,0.4454592912561961,0.5396435557981178
5993,199.767,1213,566,2082,1891,3.4921,4.7988,0.41671182149964797,0.7890797430273315,0.43683505032923164,0.6144744119668819
5994,199.8,1212,566,2082,1892,2.5734,5.1639,0.3893182453322764,0.7460016274469775,0.422580008830145,0.6539325766109105
5995,199.833,1213,570,2081,1893,4.9169,6.283,0.5125359696553441,0.5051957492523756,0.4495667970777047,0.60931152840335
5996,199.867,1214,572,2082,1896,6.2513,5.3638,0.543610157919552,0.6451340946857669,0.4777798053302589,0.620058298288075
5997,199.9,1212,573,2083,1899,5.2716,7.9841,0.5507757270678609,0.19830999071420377,0.49967858185153946,0.49353380601591357
5998,199.933,1211,570,2084,1899,4.9748,6.7697,0.5238578758199394,0.41874476857069354,0.5069323700420594,0.4710970947823475
5999,199.967,1211,569,2084,1900,5.1208,8.0858,0.5461522360301704,0.18181344105909378,0.5186983298384926,0.38431199866537136
6000,200.0,1210,571,2083,1900,5.5354,8.0377,0.5608386044918494,0.18559766712292733,0.5313404122344997,0.32469769920263813
6001,200.033,1211,572,2083,1899,6.0258,9.0812,0.5831112387839921,0.0,0.5468716601993473,0.22728838944184668
6002,200.067,1211,573,2084,1898,8.2572,7.5792,0.6530355639335372,0.24525741928023162,0.5787208313196043,0.23267909839336215
6003,200.1,1211,571,2083,1899,3.3212,7.5784,0.472691154524584,0.30069012278369983,0.5469119282810981,0.2530824057104635
6004,200.133,1211,570,2084,1899,2.0265,8.6317,0.4342840035034304,0.13131779675051283,0.5131235508477978,0.21655302302247828
6005,200.167,1213,572,2083,1896,0.577,7.7633,0.3658377543246022,0.32527991908728415,0.4689378118908391,0.24917109184192002
6006,200.2,1213,571,2084,1896,2.0374,8.761,0.4357594972353232,0.10697058307581939,0.45898431749418434,0.20651093921208982
6007,200.233,1213,572,2084,1895,0.6064,8.4125,0.3759330743866652,0.20335613164505045,0.43406894456192857,0.20556449694197798
6008,200.267,1213,569,2084,1895,3.6137,7.0782,0.47645320664878144,0.3857314142961195,0.4467842231879844,0.2596145721482204
6009,200.3,1214,569,2084,1894,2.5294,6.0591,0.4119188073676917,0.5892026541098762,0.4363245984418965,0.35849099673671714
6010,200.333,1214,570,2084,1895,2.8768,7.4444,0.45338493754235937,0.33321721452239755,0.44144270017203535,0.3509088620724212
6011,200.367,1215,569,2084,1895,2.8092,7.1196,0.4454259549580468,0.3933543293793771,0.4426376766078388,0.36364250226450795
6012,200.4,1216,569,2084,1895,2.5414,7.3925,0.4393185479319972,0.349236327565149,0.44164193800508633,0.35932064985470025
6013,200.433,1218,570,2082,1894,2.5625,7.8163,0.44631367349237483,0.27147206094761756,0.4430434586512728,0.33296607318257543
6014,200.467,1216,568,2081,1893,5.0465,1.7201,0.35910742286176695,1.0,0.417862647914421,0.5330762512278028
6015,200.5,1215,570,2081,1894,5.7286,1.2221,0.36391985882197253,1.0,0.40167981118668644,0.6731533758594619
6016,200.533,1216,569,2082,1893,4.0235,-2.1613,0.06937262609666121,1.0,0.30198765565967883,0.7712073631016233
6017,200.567,1215,571,2082,1894,6.062,1.3872,0.3869035009936602,1.0,0.32746240925987324,0.8398451541711363
6018,200.6,1216,570,2082,1894,3.4903,3.4982,0.370359790380429,1.0,0.34033162359603997,0.8878916079197954
6019,200.633,1217,570,2084,1891,6.3579,4.3431,0.5193923723195708,0.815938083779327,0.3940498482130992,0.8663055506776548
6020,200.667,1219,570,2084,1891,4.8457,5.5768,0.49379931724000203,0.6292578723867972,0.42397468892117,0.7951912471903975
6021,200.7,1220,569,2083,1890,1.9031,6.8072,0.4029423301350978,0.4690421003820178,0.41766498128534835,0.6973465031478835
6022,200.733,1221,569,2084,1888,2.8467,9.3047,0.46944675957279475,0.0,0.43319951477158225,0.48814255220351843
6023,200.767,1221,571,2083,1889,3.3997,8.4391,0.485179088263025,0.14212560395616455,0.44879338681901504,0.3843374677293122
6024,200.8,1222,571,2083,1889,2.1131,9.0254,0.4404758841960027,0.05601331526722471,0.4462981360321113,0.2858402219906859
6025,200.833,1222,567,2082,1889,3.801,7.6956,0.49270800756513644,0.271259885506018,0.4602210974920188,0.2814661210452855
6026,200.867,1220,568,2083,1891,4.8214,8.515,0.5383701231788556,0.10767756744648452,0.4836658051980698,0.2293295549656452
6027,200.9,1221,569,2082,1889,2.6497,10.0752,0.4629249420849381,0.0,0.47744354626413027,0.16053068847595162
6028,200.933,1222,566,2082,1886,4.415,11.4035,0.5157775007667267,0.0,0.48894373261490914,0.11237148193316612
6029,200.967,1222,565,2082,1884,4.944,9.544,0.5455540915314375,0.0,0.5059268402898677,0.07866003735321628
6030,201.0,1222,569,2083,1886,1.347,11.0147,0.4118551977831501,0.0,0.4777053475378524,0.05506202614725139
6031,201.033,1222,569,2083,1886,1.3131,10.3397,0.4131104637843357,0.0,0.4583268824117973,0.03854341830307597
6032,201.067,1222,567,2083,1885,0.6148,7.8962,0.36942781983759043,0.2996409646428831,0.4316571636395352,0.11687268220501809
6033,201.1,1222,569,2083,1886,0.1679,10.7865,0.36890147907175674,0.0,0.4128304582692016,0.08181087754351266
6034,201.133,1222,570,2083,1884,1.7409,11.9893,0.41697930283719836,0.0,0.41407511163960065,0.05726761428045885
6035,201.167,1221,571,2084,1885,0.97,12.0126,0.3893411567450158,0.0,0.40665492517122515,0.0400873299963212
6036,201.2,1220,572,2084,1886,1.2768,9.9304,0.41182764486479356,0.0,0.40820674107929567,0.028061130997424837
6037,201.233,1218,574,2084,1888,3.9582,9.5853,0.5105837093602461,0.0,0.4389198315635808,0.019642791698197385
6038,201.267,1218,573,2085,1889,2.1451,6.8967,0.41460588918095387,0.4474704487902305,0.4316256488487927,0.14799108882580733
6039,201.3,1218,571,2084,1888,2.0833,8.049,0.43044097074621845,0.23826081196813712,0.4312702454180204,0.17507200576850626
6040,201.333,1218,570,2085,1888,1.2401,9.243,0.40812142610653734,0.032503236726140194,0.42432559962457544,0.13230137505579642
6041,201.367,1218,570,2084,1888,0.5544,9.478,0.38263935435501706,0.0027546455906107908,0.41181972604370787,0.09343735621624072
6042,201.4,1218,569,2085,1888,-0.7214,8.6072,0.3240468350573271,0.20048281091923467,0.3854878587477936,0.1255509926271389
6043,201.433,1218,568,2084,1886,-1.6637,10.1618,0.2971809939067711,0.0,0.35899579929548686,0.08788569483899722
6044,201.467,1218,569,2084,1886,-0.5211,9.6702,0.341085247694896,0.0,0.35362263381530956,0.061519986387298047
6045,201.5,1218,568,2084,1886,-0.7307,9.166,0.3293180093376358,0.09399760719686161,0.3463312464720074,0.0712632726301671
6046,201.533,1217,569,2083,1886,0.11,9.2899,0.36403979370081524,0.04905899710946107,0.35164381064064976,0.06460198997395529
6047,201.567,1216,569,2084,1885,2.475,4.9561,0.3787309767669419,0.7845765194046208,0.3597699604785374,0.2805943488031549
6048,201.6,1216,568,2084,1886,3.0444,5.6762,0.4234421857875408,0.6457762061644645,0.3788716280712384,0.3901489060115478
6049,201.633,1216,568,2083,1886,2.2254,7.908,0.4342614821565959,0.2613432262357863,0.39548858429684564,0.35150720207881936
6050,201.667,1215,565,2084,1889,2.2633,7.1646,0.42437303519298814,0.3963873005690242,0.40415391956568836,0.3649712316258808
6051,201.7,1215,566,2084,1887,1.5059,8.6387,0.41404758357959237,0.14068077224550143,0.40712201876985954,0.29768409381176697
6052,201.733,1215,567,2083,1887,0.9137,7.7986,0.38015854291883544,0.310518505524949,0.39903297601455223,0.30153441732572156
6053,201.767,1214,567,2084,1887,3.647,7.7243,0.48717360441491464,0.26860490736053905,0.42547516453466094,0.2916555643361668
6054,201.8,1214,565,2085,1887,3.5198,8.2979,0.4884983609998444,0.16609584374378616,0.4443821234742159,0.2539876481584526
6055,201.833,1213,568,2085,1891,3.4161,8.5711,0.4868243821665424,0.11754950729024859,0.4571148010819138,0.2130562058979914
6056,201.867,1212,568,2084,1892,4.9108,9.0259,0.5438402198522647,0.01310893950633295,0.48313242671301904,0.15307202598049385
6057,201.9,1212,568,2085,1894,4.1598,8.6777,0.5151595123505874,0.08669329138993508,0.4927405524042895,0.1331584056033262
6058,201.933,1211,568,2085,1895,3.2078,8.6176,0.47932766566406654,0.11238859502240563,0.48871668638222254,0.12692746242905
6059,201.967,1210,570,2085,1897,4.8694,7.3087,0.5281718897477572,0.3245775448939107,0.5005532473918829,0.1862224871685082
6060,202.0,1210,568,2085,1898,2.0344,8.0313,0.428295770902833,0.242531161029559,0.47887600444516787,0.20311508932682343
6061,202.033,1210,567,2085,1896,2.0533,8.5045,0.43418426048920966,0.15447360654610034,0.46546848125838036,0.1885226444926065
6062,202.067,1210,566,2085,1897,4.0876,7.9678,0.5067029194638731,0.21738318523968514,0.47783881272002815,0.19718080671673008
6063,202.1,1209,566,2085,1898,3.827,8.6671,0.502810750715272,0.0934680923551788,0.4853303941186013,0.16606699240826467
6064,202.133,1208,567,2085,1898,3.1449,8.0431,0.47166387194465276,0.21913360188227746,0.4812304374664167,0.1819869752504685
6065,202.167,1209,567,2085,1897,2.537,7.1645,0.43534884826450077,0.3907082539500353,0.4674659607058419,0.24460335886033852
6066,202.2,1209,568,2085,1897,2.3159,8.2238,0.4415694389656984,0.20132596164191918,0.45969700418379883,0.2316201396948127
6067,202.233,1210,567,2085,1894,0.9923,7.7949,0.3833015210633871,0.309332296110758,0.4367783592476753,0.2549337866195963
6068,202.267,1210,565,2084,1892,2.9319,6.8313,0.4450743177753312,0.4428455296792521,0.439267146805972,0.311307309537493
6069,202.3,1212,567,2084,1887,3.1403,9.4183,0.4806354182976348,0.0,0.4516776282534708,0.2179151166762451
6070,202.333,1212,569,2082,1886,1.5411,8.7202,0.41614697377478177,0.12467516725878969,0.44101843190986406,0.18994313185100847
6071,202.367,1213,568,2082,1886,1.2861,10.4383,0.411919474712049,0.0,0.43228874475051954,0.1329601922957059
6072,202.4,1213,570,2082,1887,1.526,6.6356,0.38375768018429357,0.5088501679290698,0.4177294253806517,0.24572718498571505
6073,202.433,1212,570,2082,1888,2.6859,8.8062,0.4609069927738436,0.08641279170248056,0.4306826955986093,0.1979328670007447
6074,202.467,1212,569,2082,1889,2.4745,8.0684,0.44600278183168957,0.2268940163904486,0.43527872146853336,0.20662121181765586
6075,202.5,1212,569,2082,1888,3.2481,8.1432,0.4766853336227646,0.19900190900919562,0.4477007051148027,0.20433542097511778
6076,202.533,1211,568,2083,1888,2.2365,8.3646,0.4399497924517526,0.17682798269120062,0.44537543131588764,0.1960831894899426
6077,202.567,1212,569,2082,1887,4.1345,9.3077,0.5166410327189611,0.0,0.4667551117368096,0.1372582326429598
6078,202.6,1212,569,2082,1887,3.7068,8.8961,0.49964727430314687,0.053007489081009294,0.4766227605067108,0.11198300957437465
6079,202.633,1212,568,2083,1890,3.8747,9.2859,0.5071965036724557,0.0,0.4857948834564343,0.07838810670206225
6080,202.667,1212,568,2083,1890,4.0151,9.182,0.5120343677427268,0.0,0.493666728742322,0.05487167469144357
6081,202.7,1213,569,2083,1890,3.5159,9.9828,0.4944110020084964,0.0,0.4938900107221743,0.038410172284010495
6082,202.733,1212,568,2083,1891,5.4509,9.8837,0.56241455876492,0.0,0.5144473751349979,0.026887120598807344
6083,202.767,1212,569,2083,1891,4.9988,10.4946,0.5439169559082757,0.0,0.5232882493669813,0.01882098441916514
6084,202.8,1211,570,2082,1891,5.2598,11.8321,0.5375306548485007,0.0,0.5275609710114371,0.013174689093415596
6085,202.833,1211,568,2083,1891,5.632,12.3678,0.5398888966684119,0.0,0.5312593487085295,0.009222282365390917
6086,202.867,1209,572,2082,1891,4.3741,12.3976,0.49943783132591507,0.0,0.5217128934937452,0.0064555976557736415
6087,202.9,1207,572,2082,1892,5.2303,12.5061,0.5246062989398061,0.0,0.5225809151275634,0.0045189183590415485
6088,202.933,1205,581,2081,1892,-1.8346,10.5836,0.29106316345080924,0.0,0.4531255896245372,0.0031632428513290838
6089,202.967,1205,580,2081,1891,0.3041,11.3224,0.3714111304098976,0.0,0.42861125186014526,0.0022142699959303586
6090,203.0,1204,580,2083,1894,1.8596,10.7679,0.43191769382777645,0.0,0.42960318445043455,0.0015499889971512509
6091,203.033,1204,580,2083,1893,1.8009,8.7959,0.4268810764697907,0.1051471225868191,0.4287865520562414,0.032629129074051605
6092,203.067,1204,581,2083,1892,3.3914,8.8487,0.4876996610335494,0.0666431910296782,0.44646048474943373,0.04283334766073958
6093,203.1,1205,580,2082,1892,3.7606,8.7147,0.5006419138536613,0.08569607150720254,0.462714913480702,0.055692164814678466
6094,203.133,1204,580,2082,1891,2.1264,6.0063,0.3938897918459673,0.6076852296322415,0.44206737699028154,0.22129008425994737
6095,203.167,1205,580,2082,1892,3.3987,8.3918,0.48474535628366955,0.15084000960419425,0.4548707707782979,0.20015506186322143
6096,203.2,1205,580,2082,1893,3.8177,5.8898,0.4603419840803589,0.5928393689673489,0.45651213476891617,0.31796035399445965
6097,203.233,1205,580,2082,1893,3.449,6.1244,0.45099448717019935,0.5585887470479171,0.4548568404893011,0.39014887191049685
6098,203.267,1205,580,2081,1893,2.687,6.4239,0.42684129478309013,0.5208182686034449,0.44645217677743776,0.42934969091838127
6099,203.3,1205,578,2081,1894,4.4571,6.2168,0.4931959123585989,0.5241423562512,0.46047529745178606,0.45778749051822687
6100,203.333,1204,579,2081,1896,4.184,4.4592,0.43467540803291055,0.8331505081748115,0.45273533062612337,0.5703963958152022
6101,203.367,1204,579,2081,1895,5.3149,3.6615,0.45398284516861837,0.946232907825127,0.4531095849888719,0.6831473494181796
6102,203.4,1202,580,2080,1899,10.8629,2.5996,0.6344278147373582,1.0,0.5075050539134177,0.7782031445927257
6103,203.433,1202,578,2080,1900,11.4182,3.3313,0.6800749210921423,0.9391785472761947,0.5592760140670351,0.8264957653977663
6104,203.467,1203,578,2080,1897,9.2269,2.334,0.5610659992014627,1.0,0.5598130096073634,0.8785470357784364
6105,203.5,1204,579,2080,1898,11.3519,0.0884,0.541069752044426,1.0,0.5541900323384821,0.9149829250449055
6106,203.533,1204,578,2080,1897,11.536,3.025,0.6743861338152002,0.9868543554448241,0.5902488627814975,0.936544354164881
6107,203.567,1204,578,2080,1897,8.7104,3.4949,0.5840555598586098,0.9280012138588075,0.5883908719046311,0.933981412073059
6108,203.6,1204,578,2080,1896,8.8032,2.8361,0.5640835018150383,1.0,0.5810986608777533,0.9537869884511412
6109,203.633,1204,578,2079,1895,8.2726,4.4738,0.5975363420735204,0.7722970813176044,0.5860299652364834,0.8993400163110801
6110,203.667,1205,579,2079,1895,10.7394,2.6012,0.6298310513655998,1.0,0.5991702910752184,0.929538011417756
6111,203.7,1206,581,2078,1894,11.4577,3.3471,0.6820066224616612,0.9366222981814121,0.6240211904911512,0.9316632974468528
6112,203.733,1206,581,2078,1893,11.0237,1.8189,0.6097850531389247,1.0,0.6197503492854832,0.9521643082127969
6113,203.767,1206,582,2080,1891,5.5584,4.6826,0.4977994930636687,0.7707939169819378,0.5831650924189389,0.8977531908435391
6114,203.8,1207,581,2080,1887,4.2506,7.1935,0.5029667384388077,0.35439779494193324,0.5591055862248995,0.7347465720730574
6115,203.833,1208,580,2082,1888,1.4359,10.425,0.41753422882116054,0.0,0.5166341790037778,0.5143226004511401
6116,203.867,1209,578,2082,1885,-0.8664,9.0057,0.32234932133439514,0.1283588693066803,0.458348721702963,0.3985334811078021
6117,203.9,1210,576,2082,1890,0.2881,8.6431,0.3656495902311137,0.16763088876782423,0.4305389822614082,0.32926270340580877
6118,203.933,1210,573,2082,1893,2.8682,10.3476,0.47019884937095374,0.0,0.44243694239427184,0.2304838923840661
6119,203.967,1210,574,2082,1894,1.9666,11.205,0.43299992014812994,0.0,0.43960583572042927,0.16133872466884627
6120,204.0,1211,578,2081,1894,-1.3322,10.3403,0.31088197832459685,0.0,0.4009886785016795,0.11293710726819238
6121,204.033,1211,580,2081,1893,-0.6988,4.6957,0.22957187777303506,0.9194516107518274,0.3495636382830862,0.35489145831328284
6122,204.067,1211,581,2081,1894,-2.248,6.576,0.21899175788614253,0.6290385229555745,0.31039207416400305,0.43713557770597034
6123,204.1,1211,580,2081,1894,-2.0926,4.9782,0.175493424568034,0.9163910618710481,0.26992247928521235,0.5809122229554936
6124,204.133,1211,581,2081,1893,-2.31,7.3449,0.23486111226375825,0.48726364866426675,0.2594040691787761,0.5528176506681255
6125,204.167,1212,576,2081,1893,1.0771,4.7635,0.31179325439709277,0.8541078255678194,0.27512082474427113,0.6432047031380337
6126,204.2,1212,577,2082,1893,-1.1901,7.1382,0.27941194627561217,0.49036747963478744,0.2764081612036734,0.5973535360870598
6127,204.233,1212,576,2082,1893,1.2144,4.4174,0.30559350969792565,0.9108693396786114,0.28516376575194907,0.6914082771645252
6128,204.267,1213,574,2081,1893,0.8629,4.5967,0.2964560515163677,0.8893865499323494,0.28855145148127465,0.7508017589948724
6129,204.3,1213,574,2081,1891,-0.1197,4.9777,0.2658998531455013,0.8510475701420915,0.2817559719805426,0.7808755023390381
6130,204.333,1212,574,2081,1892,1.0605,4.7119,0.3092752803350159,0.8636259467479733,0.29001176448688454,0.8057006356617187
6131,204.367,1213,574,2081,1892,-0.6389,4.1344,0.2106249814849405,1.0,0.26619572958630133,0.863990444963203
6132,204.4,1213,574,2081,1893,-0.1659,5.8332,0.29098769295240445,0.6990417045152169,0.27363331859613227,0.8145058228288071
6133,204.433,1213,574,2082,1892,-1.3233,5.7352,0.23645957042146798,0.7528033279603038,0.26248119414373294,0.7959950743682561
6134,204.467,1213,573,2082,1892,-0.4585,3.7532,0.20317732784460965,1.0,0.24469003425399594,0.8571965520577793
6135,204.5,1213,574,2082,1891,-3.4524,4.7906,0.10380646920482511,1.0,0.20242496473924468,0.9000375864404455
6136,204.533,1213,574,2081,1891,-1.9781,5.6674,0.20452821939826707,0.7871839199440087,0.20305594113695138,0.8661814864915144
6137,204.567,1212,572,2082,1892,-0.2912,5.0116,0.25935097560585485,0.8502816536350459,0.21994445147762243,0.8614115366345738
6138,204.6,1213,572,2082,1892,-2.5484,5.3684,0.16813972163678637,0.8620224931342246,0.2044030325253716,0.861594823584469
6139,204.633,1213,572,2082,1891,0.3285,5.6069,0.3060226931158931,0.7254430538538085,0.23488893070252803,0.8207492926652709
6140,204.667,1212,572,2082,1892,3.4026,6.6761,0.46085473700565727,0.461527956410438,0.3026786725934668,0.7129828917888209
6141,204.7,1212,573,2081,1893,3.3116,7.1882,0.4664345415416753,0.3713994658588018,0.35180543327792935,0.6105078640098152
6142,204.733,1212,573,2082,1893,3.1914,7.2356,0.46248366987919504,0.3650733299807156,0.385008904258309,0.5368775038010852
6143,204.767,1212,573,2082,1892,2.1539,7.3102,0.4224921802131465,0.3722356624261172,0.3962538870447602,0.4874849513885948
6144,204.8,1212,573,2081,1893,3.0359,7.6664,0.4628077210940619,0.28986713253007074,0.4162200372595507,0.4281996057310376
6145,204.833,1212,573,2081,1893,1.9695,7.9396,0.4245627043710132,0.2607925316885305,0.41872283739298943,0.3779774835182855
6146,204.867,1212,572,2081,1893,2.5381,7.9809,0.4474428206618096,0.2417529905453652,0.42733883237363546,0.3371101356264094
6147,204.9,1212,573,2081,1893,1.4948,8.2551,0.409635180245427,0.21249282100046027,0.4220277367351729,0.29972494123862464
6148,204.933,1212,573,2081,1892,2.3581,6.926,0.42380621262329193,0.43758269680913664,0.4225612795016086,0.34108226790977825
6149,204.967,1211,572,2080,1888,3.0177,7.2425,0.4557556572292345,0.3670984489451173,0.4325195928198963,0.34888712222037993
6150,205.0,1211,574,2081,1890,2.1183,8.4186,0.43588874096530816,0.16914411701473714,0.43353033726351986,0.2949642206586871
6151,205.033,1214,598,2078,1868,3.7682,0.1138,0.2122838191561642,1.0,0.3671563818313131,0.5064749544610809
6152,205.067,1212,599,2077,1869,2.56,4.5548,0.3691974153193828,0.8522303058310889,0.367768691877734,0.6102015598720834
6153,205.1,1212,598,2078,1870,5.0316,4.7993,0.4800571589686389,0.759620397782373,0.40145523200500544,0.6550272112451703
6154,205.133,1212,600,2078,1869,2.8604,4.3462,0.37489474229934566,0.8810754266814474,0.39348708509330743,0.7228416758760534
6155,205.167,1213,599,2076,1867,-0.2206,0.6692,0.053069015863410035,1.0,0.2913616643243382,0.8059891731132374
6156,205.2,1213,599,2077,1867,-3.1559,2.3413,0.002992102240619028,1.0,0.20485079569922243,0.8641924211792662
6157,205.233,1209,573,2078,1882,-0.407,3.7948,0.20734577979171542,1.0,0.20559929092697032,0.9049346948254864
6158,205.267,1209,574,2078,1881,0.6513,4.9745,0.30016394609214153,0.8288662011784352,0.23396868747652166,0.8821141467313709
6159,205.3,1210,576,2080,1883,2.2035,5.9492,0.3956538902909083,0.6160671395538787,0.2824742483208377,0.8023000445781232
6160,205.333,1209,575,2080,1884,2.6224,5.0443,0.3877441544401673,0.7657527689377461,0.31405522015663656,0.79133586188601
6161,205.367,1209,575,2080,1884,2.6639,4.1487,0.3593490914035531,0.9196704504539814,0.3276433815307115,0.8298362384564014
6162,205.4,1209,576,2081,1885,3.6283,8.3015,0.49262373592156244,0.16368597870497445,0.37713748784796675,0.6299911605309734
6163,205.433,1209,577,2080,1885,2.0849,7.9574,0.42935650263221853,0.2551186611384548,0.39280319228324223,0.5175294107132178
6164,205.467,1209,576,2080,1884,3.6065,9.7639,0.4979168390533952,0.0,0.4243372863142881,0.36227058749925245
6165,205.5,1209,577,2081,1884,-0.0163,9.473,0.3601344919366538,0.0170348835183981,0.40507644800099774,0.25869987630499613
6166,205.533,1208,578,2081,1883,0.8136,9.6789,0.3935352998840755,0.0,0.4016141035659211,0.18108991341349728
6167,205.567,1208,576,2081,1884,1.6657,9.7255,0.4262421764861986,0.0,0.4090025254420043,0.1267629393894481
6168,205.6,1208,575,2081,1884,0.9511,9.9254,0.3994135885113565,0.0,0.40612584436280996,0.08873405757261367
6169,205.633,1209,576,2081,1884,1.2244,7.7025,0.3913158839444747,0.3209737940184907,0.40168285623730937,0.15840597850637678
6170,205.667,1210,574,2081,1887,-0.3407,10.5684,0.34986394017730543,0.0,0.3861371814193082,0.11088418495446374
6171,205.7,1209,574,2082,1895,-0.7382,9.1218,0.3286381443606816,0.10267482045397774,0.3688874703017202,0.10842137560431793
6172,205.733,1210,575,2082,1896,-1.8948,9.1699,0.28140637100283505,0.1258269591824659,0.34264314051205463,0.11364305067776231
6173,205.767,1210,576,2082,1897,-1.4634,9.7966,0.30379673021744397,0.0,0.33098921742367143,0.07955013547443361
6174,205.8,1210,576,2083,1899,-1.3864,7.4689,0.27781969485235325,0.4345693803239792,0.315038360652276,0.18605590892929727
6175,205.833,1209,576,2083,1900,-2.2408,7.7405,0.24601381954171556,0.41026074804570467,0.2943309983191078,0.2533173606642195
6176,205.867,1207,575,2084,1902,0.0428,7.3305,0.336055689202089,0.4193389391794219,0.30684840558400217,0.3031238342187802
6177,205.9,1207,574,2084,1903,-1.1174,8.2457,0.3027379228724285,0.28017500118751687,0.30561526077053003,0.2962391843094012
6178,205.933,1206,574,2083,1905,0.3423,9.0087,0.37122367264434614,0.09708220648869031,0.32529778433267487,0.23649209096318793
6179,205.967,1206,576,2083,1904,1.2386,9.3585,0.4086635478140233,0.010633988387693881,0.3503075133770794,0.1687346601905397
6180,206.0,1206,575,2083,1900,1.0527,8.73,0.3970318006852909,0.13339788149418874,0.36432479956954283,0.1581336265816344
6181,206.033,1206,575,2083,1898,0.6601,9.8107,0.38798911815280857,0.0,0.3714240951445225,0.11069353860714408
6182,206.067,1206,575,2083,1899,1.1527,7.9955,0.39268003531837437,0.268385816967013,0.37780087719667804,0.15800122211510476
6183,206.1,1206,576,2083,1897,1.287,9.1503,0.4094003373477561,0.04905917820706959,0.38728071524200147,0.1253186089426942
6184,206.133,1206,576,2083,1898,-0.4506,12.136,0.3362231880999642,0.0,0.37196345709939027,0.08772302625988593
6185,206.167,1207,576,2081,1897,-0.1995,10.2741,0.355410176528906,0.0,0.36699747292824497,0.061406118381920144
6186,206.2,1206,577,2081,1897,-1.5756,10.8427,0.3012458209851265,0.0,0.3472719773453094,0.0429842828673441
6187,206.233,1207,577,2081,1897,-1.3077,9.511,0.30842922784434623,0.04303585476707083,0.33561915249502045,0.04299975443726212
6188,206.267,1207,578,2080,1896,-1.3561,8.6194,0.29780678181300013,0.21593886415689184,0.32427544129041436,0.09488148735315104
6189,206.3,1206,577,2080,1897,-1.2812,8.1975,0.2951104527471525,0.29405907188897756,0.3155259447274358,0.15463476271389898
6190,206.333,1205,575,2080,1900,-0.0488,9.037,0.3558040712045751,0.10119826814927974,0.32760938267057754,0.1386038143445132
6191,206.367,1203,572,2082,1901,-2.1142,10.493,0.27973116819441635,0.0,0.31324591832772913,0.09702267004115922
6192,206.4,1201,569,2082,1905,0.0677,9.5681,0.3639509318381102,0.0,0.3284574223808434,0.06791586902881144
6193,206.433,1201,570,2083,1908,-3.2687,12.5798,0.22432333295474702,0.0,0.29721719555301446,0.04754110832016801
6194,206.467,1201,572,2083,1905,0.6755,8.8823,0.3834278036841404,0.11322875948726384,0.32308037799235223,0.06724740367029675
6195,206.5,1201,569,2082,1904,-2.1908,9.1583,0.26890175519976206,0.13693651284106387,0.3068267911545752,0.08815413642152688
6196,206.533,1200,571,2083,1906,0.6213,8.4361,0.37680541021522657,0.19857026377210965,0.32782037687277055,0.1212789746267017
6197,206.567,1201,574,2082,1905,0.0961,6.1742,0.31189990735859524,0.62973832494462,0.32304423601851795,0.2738167797220772
6198,206.6,1202,574,2082,1904,0.7299,7.9142,0.3743936465901882,0.2934824232894431,0.338449059190019,0.27971647279228695
6199,206.633,1202,573,2082,1903,2.1367,6.0511,0.3954439791502118,0.5994665857375179,0.3555475351780768,0.37564150667585616
6200,206.667,1202,578,2080,1902,4.937,6.3247,0.5141549797932466,0.49758412207981245,0.4031297685626277,0.4122242912970431
6201,206.7,1203,578,2080,1899,2.8472,6.2387,0.42921057854321654,0.5504650005819174,0.41095401155680433,0.4536965040825054
6202,206.733,1203,579,2080,1899,2.6346,5.244,0.3942906568616432,0.7305863468350808,0.40595500514825594,0.536763456908278
6203,206.767,1203,578,2080,1898,3.582,6.4853,0.46417424636768556,0.49213841389914587,0.4234207775140848,0.5233759440055383
6204,206.8,1204,581,2080,1900,7.2771,9.4546,0.6250906437820098,0.0,0.4839217373944623,0.3663631608038768
6205,206.833,1203,578,2079,1901,13.6468,7.5257,0.8244161133376341,0.2681165428267316,0.5860700501774138,0.33688917541073327
6206,206.867,1203,579,2079,1901,13.4955,7.7515,0.8203375391365509,0.22882383765380512,0.6563502968651549,0.3044695740836548
6207,206.9,1203,579,2078,1901,14.7182,9.4889,0.8450556646527267,0.0,0.7129619072014264,0.21312870185855837
6208,206.933,1202,577,2079,1904,15.2178,9.395,0.8591304469920067,0.0,0.7568124691386005,0.14919009130099084
6209,206.967,1203,575,2078,1903,16.5086,10.4546,0.8743151928558619,0.0,0.7920632862537789,0.10443306391069358
6210,207.0,1203,578,2078,1903,14.2649,12.6865,0.7650820603039807,0.0,0.7839689184688393,0.0731031447374855
6211,207.033,1203,577,2077,1903,13.7042,12.2669,0.7644825195256629,0.0,0.7781229987858863,0.05117220131623985
6212,207.067,1203,577,2077,1903,13.1329,12.1463,0.7539526049892056,0.0,0.770871880646882,0.03582054092136789
6213,207.1,1203,577,2077,1904,13.6289,13.2624,0.731549725814511,0.0,0.7590752341971706,0.025074378644957523
6214,207.133,1203,578,2077,1902,13.8504,13.0205,0.744791212324792,0.0,0.754790027635457,0.017552065051470264
6215,207.167,1203,576,2077,1902,13.9609,12.2811,0.770181901624423,0.0,0.7594075898321467,0.012286445536029185
6216,207.2,1202,576,2077,1901,14.6261,12.2339,0.7870863640405373,0.0,0.7677112220946638,0.008600511875220429
6217,207.233,1202,577,2077,1901,12.0921,10.738,0.7575181915036182,0.0,0.7646533129173501,0.0060203583126543
6218,207.267,1201,575,2079,1901,5.2624,10.7637,0.550680328894936,0.0,0.7004614177106259,0.004214250818858009
6219,207.3,1202,575,2079,1901,5.1248,10.9329,0.5445284672538868,0.0,0.6536815325736042,0.0029499755732006064
6220,207.333,1202,573,2079,1901,2.3407,11.0212,0.4477555117814906,0.0,0.5919037263359701,0.0020649829012404242
6221,207.367,1202,574,2079,1900,2.312,10.0959,0.45051732132785616,0.0,0.5494878048335359,0.0014454880308682968
6222,207.4,1202,573,2078,1898,1.7597,8.4693,0.42238488750903347,0.16699368350252472,0.5113569296361852,0.05110994667236522
6223,207.433,1203,575,2078,1897,0.1105,9.9724,0.3670515302408556,0.0,0.46806530981758626,0.03577696267065565
6224,207.467,1202,577,2078,1898,1.4138,9.2063,0.41464072997933243,0.03582504501858121,0.4520379358661101,0.03579138737503332
6225,207.5,1202,578,2078,1897,1.6556,9.2677,0.4242750228690356,0.01931304578225905,0.44370906196698773,0.030847884897201038
6226,207.533,1205,578,2077,1892,1.4739,4.7248,0.32789543368206114,0.8501273376610595,0.40896497348150973,0.27663172072635855
6227,207.567,1204,574,2073,1892,5.1576,6.1416,0.5189639406681648,0.5262757185724631,0.4419646636375062,0.35152492008018993
6228,207.6,1203,576,2074,1891,1.5815,8.2137,0.41259033145591145,0.21831033538018094,0.4331523639830277,0.31156054467018723
6229,207.633,1203,582,2076,1889,4.1659,5.7703,0.47144105501662154,0.607345456653471,0.4446389712931058,0.40029601826517236
6230,207.667,1205,579,2076,1891,0.5441,8.4354,0.37368610141230063,0.20054905174842064,0.42335311032886425,0.3403719283101468
6231,207.7,1206,579,2076,1889,1.1001,10.0995,0.40524161634314343,0.0,0.41791966213314796,0.23826034981710273
6232,207.733,1205,579,2077,1892,4.7649,11.2597,0.529107409686858,0.0,0.4512759863992609,0.1667822448719719
6233,207.767,1206,578,2077,1891,3.8983,11.4313,0.49809204567263904,0.0,0.4653208041812743,0.11674757141038032
6234,207.8,1205,577,2076,1891,3.54,10.4329,0.49380499428966507,0.0,0.4738660612137915,0.08172329998726623
6235,207.833,1204,580,2077,1891,3.1708,9.1731,0.4810226840537754,0.009847946528384832,0.4760130480657866,0.06016069394960181
6236,207.867,1205,581,2077,1890,4.0384,8.5128,0.5096216225021183,0.1186906025664111,0.4860956203966861,0.0777196665346446
6237,207.9,1204,580,2077,1890,3.695,9.0424,0.4998677895577318,0.026086486350035725,0.49022727114499975,0.06222971247926193
6238,207.933,1204,580,2077,1892,3.5547,8.1408,0.48833203766366146,0.19428850307625697,0.4896587011005982,0.10184734965836043
6239,207.967,1205,580,2078,1890,2.6368,10.9922,0.4585028061573957,0.0,0.4803119326176374,0.07129314476085229
6240,208.0,1203,582,2078,1890,3.3024,11.7596,0.4738803144187902,0.0,0.47838244715798317,0.0499052013325966
6241,208.033,1203,581,2077,1889,3.8598,11.5709,0.4951264601245977,0.0,0.4834056510479675,0.03493364093281762
6242,208.067,1204,576,2077,1889,1.7583,8.7115,0.4245449093742576,0.12180849595098121,0.4657474285458545,0.0609960974382667
6243,208.1,1203,577,2078,1892,4.5759,10.6681,0.5283134708601831,0.0,0.48451724124015305,0.04269726820678669
6244,208.133,1202,576,2077,1892,4.2923,10.5863,0.5191696406884936,0.0,0.4949129610746552,0.02988808774475068
6245,208.167,1204,572,2075,1890,1.2913,7.1666,0.3848727599857718,0.4178703344941212,0.4619009007479902,0.14628276176956184
6245,208.167,2756,1634,3106,2058,18.9628,-13.8468,0.0,1.0,0.3233306305235931,0.4023979332386933
6246,208.2,1210,598,2076,1876,1.1712,8.0923,0.3947146514565996,0.24997789003003665,0.344745836803495,0.3566719202760963
6246,208.2,2753,1629,3105,2057,10.3586,-17.0754,0.0,1.0,0.2413220857624465,0.5496703441932673
6247,208.233,1209,595,2076,1877,2.129,7.1123,0.41801950026266965,0.4087549287286305,0.29433131011251346,0.5073957195538762
6247,208.233,2744,1642,3096,2040,27.8446,-16.4991,0.0,1.0,0.2060319170787594,0.6551770036877134
6248,208.267,1208,595,2075,1879,4.0698,7.7458,0.5035521241560689,0.25788565400528296,0.2952879792019522,0.5359895987829842
6248,208.267,2740,1621,3093,2063,13.4189,-19.686,0.0,1.0,0.20670158544136655,0.6751927191480889
6249,208.3,1208,598,2075,1878,3.6932,9.0598,0.4998705854706216,0.02288577805805012,0.29465228545014305,0.4795006368210772
6249,208.3,2734,1615,3092,2063,34.726,-18.3698,0.0,1.0,0.2062565998151001,0.635650445774754
6250,208.333,1209,599,2076,1878,-0.7081,7.6091,0.30954716262248205,0.38830628584616567,0.23724376865731467,0.5614471977961775
6250,208.333,2719,1600,3098,2065,25.6081,-19.1762,0.0,1.0,0.16607063806012026,0.6930130384573242
6251,208.367,1201,572,2076,1895,1.5157,13.037,0.39260714994830886,0.0,0.23403159162657683,0.4851091269201269
6251,208.367,2706,1595,3105,2067,9.1181,-23.1525,0.0,1.0,0.16382211413860376,0.6395763888440889
6252,208.4,1202,572,2077,1895,1.7365,12.1303,0.41498615711504555,0.0,0.23917132703153626,0.44770347219086215
6252,208.4,2708,1606,3101,2068,39.8672,-22.8695,0.0,1.0,0.16741992892207538,0.6133924305336035
6253,208.433,1202,571,2079,1896,2.7051,11.0459,0.46052123671403783,0.0,0.2553503212596641,0.4293747013735224
6253,208.433,2712,1632,3092,2071,7.6979,-20.2019,0.0,1.0,0.17874522488176486,0.6005622909614656
6254,208.467,1202,569,2079,1894,2.1724,10.9496,0.44220926437006125,0.0,0.2577844367282538,0.4203936036730259
6254,208.467,2711,1624,3099,2072,33.2442,-21.5831,0.0,1.0,0.18044910570977765,0.594275522571118
6255,208.5,1209,597,2080,1878,1.3734,9.4881,0.4144153460896723,0.0,0.250638977823746,0.4159928657997826
6255,208.5,2716,1619,3104,2073,12.2687,-21.9114,0.0,1.0,0.1754472844766222,0.5911950060598479
6256,208.533,1208,596,2080,1878,0.2615,11.1307,0.37097533727595366,0.0,0.23410570031642164,0.4138365042418935
6256,208.533,2731,1647,3110,2077,22.0042,-21.8468,0.0,1.0,0.16387399022149512,0.5896855529693255
6257,208.567,1203,571,2079,1893,-1.6429,12.3554,0.2892209719980003,0.0,0.20147808475444667,0.4127798870785278
6257,208.567,2728,1644,3111,2076,25.5576,-20.7953,0.0,1.0,0.14103465932811265,0.5889459209549694
6258,208.6,1203,570,2079,1893,-2.6555,11.8703,0.2544962946361509,0.0,0.17507314992052414,0.4122621446684786
6259,208.633,1209,596,2079,1876,-3.0208,11.0846,0.24308380341974775,0.0,0.1954763459702912,0.288583501267935
6260,208.667,1210,595,2078,1875,-2.4121,11.5616,0.26590212659615337,0.0,0.21660408015804986,0.2020084508875545
6261,208.7,1204,571,2077,1888,-3.39,12.6798,0.21850397993955203,0.0,0.21717405009250051,0.14140591562128815
6262,208.733,1205,573,2077,1888,-1.7427,9.4433,0.2900920373745992,0.06840383768830392,0.2390494462771301,0.11950529224139288
6263,208.767,1205,573,2076,1887,-3.5095,7.5911,0.18670058806424414,0.4820708853326043,0.2233447888132643,0.2282749701687563
6264,208.8,1210,596,2075,1870,-1.1124,6.0022,0.25394088162853407,0.6973490952509257,0.2325236166578452,0.3689972076934071
6265,208.833,1210,595,2074,1869,-0.4705,6.4203,0.29368434687203787,0.6012892822139168,0.250871835722103,0.43868483004956
6266,208.867,1210,594,2073,1870,1.1991,4.0774,0.29213363292023103,0.9703988919744695,0.26325037488154135,0.5981990486270328
6267,208.9,1209,599,2077,1869,-0.6383,5.4861,0.2594601776447086,0.7760160841519788,0.2621133157104915,0.6515441592845166
6268,208.933,1210,598,2077,1872,-0.739,10.1251,0.33403648538380865,0.0,0.28369026661248664,0.4560809114991616
6269,208.967,1210,598,2077,1872,-1.734,10.0244,0.293852910925182,0.0,0.2867390599062952,0.31925663804941307
6270,209.0,1210,598,2079,1874,-1.5841,10.6993,0.3010474353038266,0.0,0.2910315725255546,0.22347964663458914
6271,209.033,1204,571,2077,1889,-3.3925,11.2759,0.22766799465318208,0.0,0.2720224991638428,0.1564357526442124
6272,209.067,1204,572,2077,1889,-1.0239,11.6988,0.31878448546260363,0.0,0.28605109505347104,0.10950502685094866
6273,209.1,1204,571,2076,1888,-3.6252,11.2357,0.21825137246825355,0.0,0.2657111782779058,0.07665351879566407
6274,209.133,1205,574,2076,1886,-1.9384,9.7067,0.28387139179248866,0.022767189069629285,0.27115924233228067,0.06048761987785363
6275,209.167,1206,574,2076,1886,0.0238,10.5522,0.36392740185802885,0.0,0.2989896901900051,0.042341333914497535
6276,209.2,1206,574,2076,1885,-0.7157,9.8645,0.3341738264578993,0.0,0.30954493107037334,0.029638933740148272
6277,209.233,1207,574,2076,1886,0.0918,11.193,0.36426488486565156,0.0,0.3259609172089568,0.02074725361810379
6278,209.267,1207,574,2076,1886,0.7212,9.2269,0.38778085218041897,0.04685689605080751,0.34450689770039544,0.028580146347914906
6279,209.3,1206,573,2077,1889,-1.1326,9.6191,0.31623175058821446,0.017322863742333116,0.33602435356674115,0.025202961566240367
6280,209.333,1206,574,2077,1886,-0.3588,11.4839,0.3454971676324457,0.0,0.3388661977864525,0.017642073096368255
6281,209.367,1205,572,2077,1888,0.5673,9.9977,0.38479332607710326,0.0,0.35264433627364766,0.012349451167457778
6282,209.4,1205,573,2078,1889,0.2137,10.3849,0.37138075315959324,0.0,0.3582652613394313,0.008644615817220444
6283,209.433,1204,574,2078,1891,-3.5841,10.7349,0.21994333454144996,0.0,0.3167686833000369,0.00605123107205431
6284,209.467,1204,573,2079,1891,1.3829,9.3614,0.414242951669545,0.007093706434156458,0.34601096381088925,0.006363973680684955
6285,209.5,1203,573,2081,1895,-0.97,7.9281,0.30400184826863347,0.33594337694732435,0.3334082291482125,0.10523779466067677
6286,209.533,1206,580,2075,1888,-1.0087,10.1095,0.3232940939653904,0.0,0.33037398859336586,0.07366645626247374
6287,209.567,1204,578,2076,1889,2.2416,7.1152,0.422616862666669,0.4058124419580364,0.3580468508153568,0.17331025197114253
6288,209.6,1211,601,2074,1878,2.6057,8.549,0.45590318549172254,0.13563624966977586,0.38740375121826653,0.1620080512807325
6289,209.633,1211,601,2074,1878,0.2453,9.2651,0.3692482887116846,0.05056751590133442,0.38195711246629194,0.12857589066691308
6290,209.667,1210,601,2073,1879,0.6123,8.8093,0.3802721073639417,0.1284927151611914,0.3814516109355868,0.12855093801519657
6291,209.7,1204,578,2075,1889,-1.5432,5.4106,0.2160324082171799,0.8190539669332695,0.33182585012006477,0.3357018466906184
6292,209.733,1207,580,2077,1892,-1.2422,10.9118,0.31422247360708394,0.0,0.3265448371661705,0.23499129268343288
6293,209.767,1207,580,2077,1892,-0.9437,8.4709,0.31312833082157393,0.23251636020755878,0.3225198852627915,0.23424881294067063
6294,209.8,1207,580,2078,1893,-3.2753,7.4574,0.19430608195581164,0.49914377002568616,0.2840557442706975,0.31371730006617526
6295,209.833,1207,580,2079,1893,-3.5934,9.3224,0.2109240648102597,0.14995527458597857,0.26211624043256615,0.26458869242211625
6296,209.867,1207,579,2079,1894,0.2165,9.1156,0.367046984671149,0.07975615441944409,0.29359546370414097,0.2091389310213146
6297,209.9,1207,579,2079,1894,0.3105,8.366,0.3634036030699968,0.21928773870099266,0.3145379055138977,0.212183573325218
6298,209.933,1207,580,2079,1892,0.1198,6.7231,0.3265099345303002,0.5290522584983507,0.3181295142188184,0.3072441788771578
6299,209.967,1206,580,2079,1893,-0.4383,7.8551,0.3251872807983882,0.3347117496299201,0.32024684419268934,0.31548445010298654
6300,210.0,1206,583,2080,1893,2.021,11.562,0.4317218353283244,0.0,0.35368934153337983,0.22083911507209056
6301,210.033,1206,585,2080,1892,-3.0501,13.6644,0.21730709603271228,0.0,0.31277466788317954,0.1545873805504634
6302,210.067,1206,587,2079,1889,-2.2086,11.2408,0.27527759202614877,0.0,0.30152554512607027,0.10821116638532437
6303,210.1,1206,587,2079,1890,-3.2121,12.2136,0.2300053405485,0.0,0.28006948375279916,0.07574781646972706
6304,210.133,1206,586,2080,1890,-2.2694,11.9993,0.2686179495818939,0.0,0.27663402350152755,0.05302347152880894
6305,210.167,1207,586,2080,1890,-2.1843,12.379,0.26836833455385695,0.0,0.27415431681722635,0.037116430070166254
6306,210.2,1207,586,2080,1889,-2.2818,13.1973,0.2539402408482807,0.0,0.26809009402654266,0.025981501049116375
6307,210.233,1207,586,2080,1889,-2.8566,13.3543,0.22984069126737036,0.0,0.25661527319879096,0.01818705073438146
6308,210.267,1207,585,2080,1890,-1.8799,13.5241,0.2632881281728752,0.0,0.25861712969101625,0.012730935514067022
6309,210.3,1206,585,2080,1890,-4.1264,13.4922,0.17907766698545793,0.0,0.23475529087934874,0.008911654859846916
6310,210.333,1206,586,2080,1890,-4.0003,12.712,0.19417398561774532,0.0,0.22258089930086772,0.006238158401892841
6311,210.367,1207,588,2080,1889,-4.6658,12.2233,0.1716871567753656,0.0,0.20731277654321706,0.004366710881324988
6312,210.4,1207,587,2081,1890,-2.775,12.0222,0.24871426878142022,0.0,0.219733224214678,0.0030566976169274914
6313,210.433,1208,590,2080,1889,-4.2543,11.8685,0.19051068815665081,0.0,0.21096646339726982,0.0021396883318492437
6314,210.467,1208,590,2079,1888,-4.2989,13.8444,0.16661006143545407,0.0,0.19765954280872508,0.0014977818322944704
6315,210.5,1208,590,2080,1888,-3.7534,11.7604,0.2113672229108384,0.0,0.20177184683935906,0.0010484472826061291
6316,210.533,1209,588,2079,1887,-7.2357,13.6234,0.052508653000212686,0.0,0.15699288868761513,0.0007339130978242903
6317,210.567,1209,589,2080,1887,-4.3838,12.3853,0.18191337338166327,0.0,0.16446903409582955,0.0005137391684770032
6318,210.6,1208,588,2080,1888,-4.3488,13.1709,0.174982330880479,0.0,0.16762302313122437,0.00035961741793390223
6319,210.633,1208,587,2080,1888,0.4056,14.1118,0.33135996405925494,0.0,0.21674410540963351,0.00025173219255373154
6320,210.667,1208,589,2080,1889,0.5476,9.4218,0.3820900566244821,0.013644135553663065,0.26634789077408805,0.004269453200886532
6321,210.7,1208,587,2080,1888,-0.0922,12.5681,0.3438858526988257,0.0,0.2896092793515093,0.002988617240620572
6322,210.733,1208,587,2080,1887,2.0108,12.1696,0.42400066232151473,0.0,0.3299266942425109,0.0020920320684344003
6323,210.767,1207,586,2081,1889,1.1841,11.4568,0.4027256990508482,0.0,0.3517663956850121,0.00146442244790408
6324,210.8,1207,586,2080,1888,0.3054,11.7115,0.3683805919962593,0.0,0.35675065457838623,0.001025095713532856
6325,210.833,1207,581,2079,1888,2.1076,12.165,0.42741941642651726,0.0,0.37795128313282556,0.0007175669994729991
6326,210.867,1207,582,2079,1887,3.2587,11.5651,0.47477721778675314,0.0,0.40699906352900383,0.0005022968996310994
6327,210.9,1207,581,2078,1887,2.9696,9.6287,0.47470821097115967,0.0,0.42731180776165056,0.0003516078297417695
6328,210.933,1207,580,2079,1889,2.8394,11.5809,0.46016031382855016,0.0,0.43716635958172045,0.0002461254808192387
6329,210.967,1207,581,2079,1888,2.3572,10.5582,0.45094889342141015,0.0,0.44130111973362735,0.00017228783657346707
6330,211.0,1207,578,2078,1886,2.5135,10.5732,0.45653522506168,0.0,0.44587135133204314,0.00012060148560142694
6331,211.033,1208,579,2078,1886,2.1965,10.7,0.44448910983972595,0.0,0.445456678884348,8.442103992099885e-05
6332,211.067,1208,580,2078,1888,0.8992,9.9121,0.39740566252162146,0.0,0.43104137397553,5.909472794469919e-05
6333,211.1,1208,580,2078,1888,0.7953,10.1838,0.39367188848572676,0.0,0.41983052832858897,4.136630956128943e-05
6334,211.133,1208,580,2078,1889,1.0719,8.3469,0.3938564808987194,0.20478560064345486,0.4120383140996281,0.06146463660972936
6335,211.167,1206,580,2079,1889,3.3796,10.7157,0.4865974247111118,0.0,0.4344060472830732,0.04302524562681055
6336,211.2,1206,582,2079,1888,6.1972,10.2271,0.5858334430801767,0.0,0.4798342660222042,0.030117671938767385
6337,211.233,1207,582,2078,1884,6.7871,11.396,0.5924919312478445,0.0,0.5136315655898963,0.02108237035713717
6338,211.267,1207,582,2078,1886,8.4782,9.7274,0.6627145752523285,0.0,0.558356468488626,0.014757659249996018
6339,211.3,1207,581,2078,1884,6.9899,9.887,0.6139258790769541,0.0,0.5750272916651243,0.010330361474997211
6340,211.333,1206,581,2078,1886,10.6577,9.0142,0.7337808776742762,0.0,0.6226533674678698,0.007231253032498048
6341,211.367,1205,578,2078,1886,9.6591,8.3455,0.703299018032568,0.10814785189461024,0.6468470626372792,0.0375062326911317
6342,211.4,1205,578,2078,1886,9.9131,7.9137,0.7102669873381434,0.18344976024573673,0.6658730400475384,0.08128929095751321
6343,211.433,1205,581,2079,1887,9.5865,9.4354,0.698995155157768,0.0,0.6758096745806073,0.056902503670259244
6344,211.467,1205,579,2079,1887,8.4103,9.699,0.6607291994524152,0.0,0.6712855320421496,0.03983175256918147
6345,211.5,1205,581,2079,1888,10.5931,9.2899,0.73053289338813,0.0,0.6890597404459436,0.02788222679842703
6346,211.533,1206,582,2079,1887,9.9714,10.6392,0.6992824535192208,0.0,0.6921265543679267,0.01951755875889892
6347,211.567,1205,580,2078,1886,10.1487,10.6805,0.7038732361147377,0.0,0.6956505588919699,0.013662291131229243
6348,211.6,1205,581,2079,1888,12.051,12.4477,0.7188745559443885,0.0,0.7026177580076954,0.00956360379186047
6349,211.633,1204,579,2079,1888,12.1059,11.2235,0.7491074698768462,0.0,0.7165646715684406,0.006694522654302329
6350,211.667,1205,576,2079,1888,4.7596,10.0202,0.5381504451386471,0.0,0.6630404036395026,0.00468616585801163
6351,211.7,1203,575,2079,1887,5.4603,10.2675,0.5609574949456478,0.0,0.6324155310313461,0.0032803161006081404
6352,211.733,1203,574,2079,1887,4.2266,12.2573,0.49714122780740194,0.0,0.5918332400641628,0.002296221270425698
6353,211.767,1203,574,2079,1887,3.6676,11.0417,0.4941608433714368,0.0,0.562531521056345,0.0016073548892979886
6354,211.8,1202,572,2080,1889,2.123,10.2736,0.4432812127269411,0.0,0.5267564285575237,0.001125148422508592
6355,211.833,1203,576,2080,1892,3.3318,10.3887,0.4866276290162804,0.0,0.5147177886951506,0.0007876038957560144
6356,211.867,1204,577,2080,1894,5.5805,10.7852,0.5610412514043216,0.0,0.5286148275079019,0.0005513227270292101
6357,211.9,1203,577,2079,1898,3.2833,9.8652,0.48618589970617704,0.0,0.5158861491673844,0.00038592590892044706
6358,211.933,1202,578,2079,1900,5.8333,6.8618,0.5577818794768038,0.39112777047728975,0.5284548682602102,0.11760847927943124
6359,211.967,1203,578,2079,1899,7.0706,9.3465,0.6184888446533329,0.0,0.5554650611781469,0.08232593549560187
6360,212.0,1200,578,2079,1901,8.8781,10.8504,0.6641133518950385,0.0,0.5880595483932143,0.057628154846921305
6361,212.033,1200,578,2079,1900,7.1873,12.6087,0.5819200891058037,0.0,0.586217710606991,0.04033970839284491
6362,212.067,1199,578,2079,1901,8.4004,10.6064,0.6526851154591248,0.0,0.6061579320626311,0.028237795874991437
6363,212.1,1200,578,2079,1902,7.9384,11.8681,0.6195885299938152,0.0,0.6101871114419863,0.019766457112494005
6364,212.133,1199,577,2079,1902,6.2536,10.0371,0.5888222016266316,0.0,0.6037776384973799,0.013836519978745802
6365,212.167,1200,578,2080,1902,8.06,11.3378,0.63241651253225,0.0,0.6123693007078409,0.00968556398512206
6366,212.2,1199,578,2080,1903,9.0614,9.4291,0.6826601540721581,0.0,0.633456556717136,0.006779894789585441
6367,212.233,1200,577,2080,1904,8.1435,10.4919,0.6460113056898297,0.0,0.6372229814089441,0.0047459263527098085
6368,212.267,1199,575,2080,1907,10.0294,11.3435,0.6898688525349498,0.0,0.6530167427467457,0.003322148446896866
6369,212.3,1198,573,2081,1904,8.8543,10.2844,0.6700213094112413,0.0,0.6581181127460943,0.002325503912827806
6370,212.333,1198,573,2080,1903,11.2141,10.2693,0.7399104773305101,0.0,0.682655822121419,0.0016278527389794642
6371,212.367,1198,573,2080,1902,10.4989,8.8553,0.7294362502989807,0.020145927992281185,0.6966899505746874,0.00718327531496998
6372,212.4,1198,573,2080,1902,10.9554,8.5408,0.7440610363844931,0.07670924134382263,0.7109012763176291,0.028041065123625777
6373,212.433,1198,573,2081,1903,10.3189,8.8386,0.7239242012438744,0.022563584412674226,0.7148081537955027,0.026397820910340312
6374,212.467,1198,573,2081,1903,10.6874,8.5282,0.7358089756753665,0.07795446960016347,0.7211084003594618,0.04186481551728726
6375,212.5,1198,574,2081,1904,9.1268,9.0373,0.6860724843739832,0.0,0.7105976255638182,0.029305370862101082
6376,212.533,1207,600,2083,1889,0.5365,11.1648,0.38105098972946444,0.0,0.6117336348135121,0.020513759603470755
6377,212.567,1200,573,2081,1902,-1.7786,13.7461,0.2627660863560497,0.0,0.5070433702762733,0.014359631722429527
6378,212.6,1201,574,2081,1901,-5.7345,13.5006,0.11543850796228637,0.0,0.38956191158207726,0.010051742205700669
6379,212.633,1200,574,2081,1901,-4.1648,13.5478,0.17672214241359302,0.0,0.32570998083153196,0.007036219543990468
6380,212.667,1201,575,2081,1899,-5.6147,11.8697,0.13421334722106548,0.0,0.268260990748392,0.0049253536807933275
6381,212.7,1201,573,2080,1901,-5.3976,13.842,0.12377597573254223,0.0,0.22491548624363705,0.003447747576555329
6382,212.733,1200,572,2081,1902,-0.7714,11.5667,0.32933051963707666,0.0,0.25623999626166893,0.00241342330358873
6383,212.767,1200,572,2081,1902,-0.6448,11.8876,0.33150534408956767,0.0,0.2788196006100385,0.001689396312512111
6384,212.8,1200,572,2080,1904,-2.0222,12.4091,0.2742350372539736,0.0,0.277444231603219,0.0011825774187584775
6385,212.833,1201,572,2080,1905,-0.7762,12.7582,0.31628358978857113,0.0,0.28909603905882464,0.0008278041931309342
6386,212.867,1201,571,2081,1905,-1.9347,13.8741,0.254522614749511,0.0,0.2787240117660305,0.0005794629351916539
6387,212.9,1201,571,2081,1905,-1.7442,13.5979,0.2668820768840461,0.0,0.2751714313014352,0.0004056240546341577
6388,212.933,1201,571,2081,1907,-2.9181,14.5002,0.2050299153753919,0.0,0.2541289765236222,0.00028393683824391036
6389,212.967,1201,571,2081,1908,-2.388,14.376,0.22717068806358742,0.0,0.24604148998561176,0.00019875578677073724
6390,213.0,1201,569,2080,1906,-4.4707,12.253,0.17940679203655824,0.0,0.22605108060089568,0.00013912905073951607
6391,213.033,1203,571,2079,1906,-5.1931,15.7486,0.08883597596554536,0.0,0.18488654921029057,9.739033551766124e-05
6392,213.067,1202,571,2079,1907,-4.8215,14.7937,0.12743021177887004,0.0,0.1676496479808644,6.817323486236286e-05
6393,213.1,1203,572,2079,1904,-7.2223,15.3946,0.020506797375314155,0.0,0.12350679279919932,4.7721264403654e-05
6394,213.133,1203,573,2079,1905,-7.4479,13.6879,0.04287441579556111,0.0,0.09931707969810785,3.3404885082557796e-05
6395,213.167,1203,575,2079,1905,-6.9656,13.7949,0.06134779129093326,0.0,0.08792629317595548,2.3383419557790456e-05
6396,213.2,1203,575,2079,1904,-7.5687,13.6278,0.038598562045995495,0.0,0.07312797383696748,1.6368393690453318e-05
6397,213.233,1203,576,2079,1904,-9.9531,13.7967,0.0,0.0,0.051189581685877235,1.1457875583317322e-05
6398,213.267,1203,575,2080,1904,-9.6477,13.561,0.0,0.0,0.03583270718011406,8.020512908322125e-06
6399,213.3,1202,575,2079,1905,-9.0823,11.6858,0.0,0.0,0.02508289502607984,5.6143590358254875e-06
6400,213.333,1203,576,2079,1904,-9.598,12.9854,0.0,0.0,0.017558026518255887,3.930051325077841e-06
6401,213.367,1202,575,2079,1905,-8.8456,11.7982,0.0,0.0,0.01229061856277912,2.7510359275544885e-06
6402,213.4,1202,575,2080,1905,-8.7459,11.0946,0.0,0.0,0.008603432993945384,1.9257251492881417e-06
6403,213.433,1202,575,2080,1906,-8.9865,13.0586,0.0,0.0,0.006022403095761768,1.348007604501699e-06
6404,213.467,1202,575,2080,1906,-9.0329,13.0509,0.0,0.0,0.004215682167033237,9.436053231511892e-07
6405,213.5,1202,575,2080,1906,-9.1237,13.0412,0.0,0.0,0.002950977516923266,6.605237262058325e-07
6406,213.533,1202,573,2080,1906,-6.6223,14.5919,0.06178199043801421,0.0,0.020600281393250548,4.623666083440827e-07
6407,213.567,1202,573,2080,1905,-3.9657,15.3385,0.1455282073913343,0.0,0.05807865919267567,3.236566258408579e-07
6408,213.6,1202,573,2080,1906,-3.7705,13.6902,0.18955282812701463,0.0,0.09752090987297735,2.265596380886005e-07
6409,213.633,1202,573,2080,1905,-3.9893,14.7289,0.16019341991949712,0.0,0.11632266288693327,1.5859174666202033e-07
6410,213.667,1202,573,2081,1904,-6.3027,14.5572,0.07513808306531893,0.0,0.10396728894044896,1.1101422266341422e-07
6411,213.7,1201,575,2082,1907,-7.711,13.3199,0.03609320018964364,0.0,0.08360506231520737,7.770995586438994e-08
6412,213.733,1202,577,2082,1903,-5.0611,14.1522,0.13156589568165802,0.0,0.09799331232514255,5.4396969105072955e-08
6413,213.767,1203,579,2081,1894,-2.2743,12.8192,0.2596969734234107,0.0,0.146504410654623,3.8077878373551065e-08
6414,213.8,1204,580,2081,1894,-4.1169,13.2559,0.18291928988342393,0.0,0.15742887442326325,2.6654514861485745e-08
6415,213.833,1203,578,2082,1895,-6.0219,11.8537,0.11708040602634055,0.0,0.14532433390418642,1.865816040304002e-08
6416,213.867,1203,578,2082,1896,-5.0396,12.0806,0.15722952053961994,0.0,0.14889588989481647,1.3060712282128013e-08
6417,213.9,1203,578,2082,1896,-5.4024,11.8703,0.14310718067155942,0.0,0.14715927712783936,9.142498597489608e-09
6418,213.933,1203,578,2081,1894,-6.2452,10.9579,0.10727293185154697,0.0,0.13519337354495164,6.399749018242725e-09
6419,213.967,1203,579,2081,1894,8.8258,7.3015,0.6700600353248538,0.29122340949062253,0.2956533720789223,0.08736702732701107
6420,214.0,1204,577,2079,1893,8.1919,7.8452,0.6527486380100582,0.19897912526162467,0.40278195185826304,0.12085065670739514
6421,214.033,1204,576,2079,1893,12.4436,8.2043,0.7893487538173103,0.14315013196447726,0.5187519924459771,0.12754049928451977
6422,214.067,1203,573,2080,1896,10.2117,7.5835,0.718316894361589,0.24060247494295825,0.5786214630206606,0.1614590919820513
6423,214.1,1203,573,2080,1897,10.0115,8.3307,0.7145415613871411,0.11096056586910612,0.6193974925306047,0.14630953414816772
6424,214.133,1203,571,2081,1899,13.1056,8.0,0.8090012552428809,0.18330270801262388,0.6762786213442875,0.15740748630750456
6425,214.167,1203,571,2081,1898,13.034,8.5173,0.8059959697649225,0.09461535810174748,0.715193825870478,0.13856984784577742
6426,214.2,1203,572,2081,1897,12.4737,8.6235,0.7893681803426764,0.07149196616726587,0.7374461322121374,0.11844648334222395
6427,214.233,1203,572,2081,1896,11.4192,9.6718,0.7522061656538707,0.0,0.7418741422446573,0.08291253833955677
6428,214.267,1203,573,2081,1896,10.5165,7.0698,0.7245146795665693,0.32862477396951983,0.7366663034412309,0.15662620902854568
6429,214.3,1203,572,2080,1897,12.6762,9.0596,0.7930611634039167,0.0,0.7535847614300366,0.10963834631998197
6430,214.333,1202,572,2081,1897,11.0908,7.1674,0.7439648638825537,0.3129555932631014,0.7506987921657916,0.1706335204029178
6431,214.367,1202,573,2081,1896,11.9724,7.2098,0.7722371877639166,0.30896262488024534,0.757160310845229,0.21213225174611605
6432,214.4,1201,573,2081,1897,10.186,6.0347,0.7007165313107008,0.5032264504967332,0.7402271769848704,0.2994605113713012
6433,214.433,1201,576,2081,1897,10.2012,9.7219,0.7158487938283623,0.0,0.732913662037918,0.20962235795991083
6434,214.467,1200,574,2081,1898,10.6284,8.3998,0.7340162998813393,0.1001335459140811,0.7332444533909444,0.1767757143461619
6435,214.5,1200,574,2081,1897,10.1274,8.9809,0.7176180677367526,0.0,0.7285565376946869,0.12374300004231333
6436,214.533,1200,575,2081,1898,10.7063,7.2904,0.7324560740990771,0.2913021421948782,0.7297263986160039,0.17401074268808278
6437,214.567,1199,575,2081,1901,11.5346,7.3753,0.7594625290360753,0.2791063693164038,0.7386472377420252,0.2055394306765791
6438,214.6,1200,575,2081,1900,11.6593,7.6834,0.7647770494222021,0.22728738621784497,0.7464861812460782,0.21206381733895885
6439,214.633,1199,575,2081,1900,11.6542,7.5421,0.7640554216012987,0.2512970708253257,0.7517569533526443,0.22383379338486892
6440,214.667,1199,574,2081,1900,10.6869,8.702,0.7355650692621045,0.04761616325517102,0.7468993881254823,0.17096850434595953
6441,214.7,1199,574,2081,1901,10.2921,7.3463,0.7193833775756593,0.2813366139193179,0.7386445849605354,0.20407893721796705
6442,214.733,1199,575,2081,1900,11.5758,7.5724,0.7617392203936671,0.24580827219948745,0.745572975590475,0.21659773771242316
6443,214.767,1199,575,2081,1900,11.5357,7.7774,0.7612487118617852,0.21069967601649112,0.750275696471868,0.21482831920364354
6444,214.8,1199,576,2081,1901,9.6247,7.7436,0.7000488211938529,0.21300290744493072,0.7352076338884634,0.2142806956760297
6445,214.833,1200,576,2081,1901,10.6165,9.1214,0.7320834551459209,0.0,0.7342703802657007,0.14999648697322077
6446,214.867,1199,575,2082,1902,13.0118,10.8098,0.7808072573107668,0.0,0.7482314433792205,0.10499754088125453
6447,214.9,1199,576,2081,1902,9.8887,6.742,0.7002824795909314,0.38451674786355416,0.7338467542427337,0.1888533029759444
6448,214.933,1199,575,2081,1905,12.8514,6.5699,0.7947805350743761,0.4205550434315627,0.7521268884922264,0.2583638251126299
6449,214.967,1199,576,2080,1903,9.7385,5.3591,0.6728037118572853,0.616822901461353,0.7283299355017441,0.36590154801724684
6450,215.0,1200,580,2081,1905,9.7457,5.0275,0.6658714686296929,0.6715484637657005,0.7095923954401288,0.4575956227417829
6451,215.033,1199,578,2081,1906,11.0064,8.1642,0.7456265890603719,0.14217288372790926,0.7204026535262017,0.36296880103762075
6452,215.067,1200,578,2081,1905,10.8558,6.2362,0.7263804859044891,0.46921071956151417,0.7221960032396879,0.39484137659478874
6453,215.1,1199,578,2081,1905,11.6008,7.1134,0.7598695419006382,0.3236300150115424,0.733498064837973,0.3734779681198148
6454,215.133,1199,578,2081,1905,11.2075,7.7986,0.7510782039884145,0.20576528729266902,0.7387721065831054,0.3231641638716711
6455,215.167,1198,577,2081,1906,9.795,6.4014,0.6927574382373147,0.4423460127198825,0.7249677060793682,0.3589187185261345
6456,215.2,1198,577,2082,1905,8.8132,6.6149,0.6617662791900495,0.4093077065299538,0.7060072780125726,0.3740354149272802
6457,215.233,1197,580,2082,1907,8.691,10.3306,0.6645550376930659,0.0,0.6935716059167205,0.2618247904490961
6458,215.267,1197,579,2082,1906,9.3428,8.8969,0.6932039573229155,0.010954401266235371,0.693461311338579,0.1865636736942379
6459,215.3,1196,579,2082,1908,8.5645,9.2393,0.6675974455368899,0.0,0.6857021515980722,0.13059457158596652
6460,215.333,1197,579,2082,1908,8.678,9.6672,0.6693666533216035,0.0,0.6808015021151316,0.09141620011017655
6461,215.367,1196,581,2082,1908,9.0991,6.8642,0.6748247185420527,0.36555414247304036,0.6790084670432079,0.17365758281903568
6462,215.4,1197,580,2084,1908,9.2622,10.8165,0.6760158178023897,0.0,0.6781106722709624,0.12156030797332497
6463,215.433,1206,606,2085,1892,5.3461,9.9867,0.5584558878299712,0.0,0.6422142369386651,0.08509221558132747
6464,215.467,1206,607,2084,1893,4.839,6.266,0.5091615518899205,0.5093744876393569,0.6022984314240417,0.2123768971987363
6465,215.5,1207,608,2084,1892,-0.0873,7.9405,0.34118068762010895,0.30926890054965583,0.5239631082828619,0.24144449820401215
6466,215.533,1200,580,2084,1908,-2.4358,7.0676,0.22295860359060937,0.5436086096255992,0.43366175687518604,0.3320937316304883
6467,215.567,1198,576,2084,1910,-1.2671,5.7848,0.24052138910510945,0.741944526639997,0.37571964654416307,0.4550489701333409
6468,215.6,1198,576,2085,1914,-1.7257,4.7844,0.18542584291130726,0.9382858581643969,0.3186315054543063,0.6000200365426577
6469,215.633,1198,576,2085,1916,-2.0163,7.8895,0.25854850755739683,0.37482772505041523,0.30060660608523343,0.5324623430949849
6470,215.667,1199,576,2085,1916,-0.8171,6.6699,0.2848138523845238,0.5657981256159862,0.2958687799750205,0.5424630778512852
6471,215.7,1197,575,2085,1917,-0.0879,4.729,0.2585746923838534,0.8942213179493109,0.2846805536976703,0.6479905498806928
6472,215.733,1197,575,2086,1919,-0.2137,3.6635,0.21074333936066725,1.0,0.26249938939656936,0.7535933849164849
6473,215.767,1196,576,2086,1920,-1.3717,5.2639,0.21893592185934474,0.8398253039862276,0.24943034913540196,0.7794629606374075
6474,215.8,1196,575,2085,1919,0.6159,1.9606,0.16822732807439836,1.0,0.22506944281710087,0.8456240724461852
6475,215.833,1196,575,2084,1920,3.1749,3.6348,0.3620632086828717,0.9950089308748975,0.2661675725768321,0.8904395299747989
6476,215.867,1196,575,2085,1920,0.265,5.2269,0.29139035111291234,0.7951929048386888,0.27373440613765615,0.8618655424339658
6477,215.9,1195,576,2084,1921,1.6585,5.2267,0.3522205726742146,0.7571786329722234,0.29728025609862363,0.830459469595443
6478,215.933,1196,577,2084,1921,1.3975,5.7636,0.35673243482148437,0.6686238028369696,0.31511590971548187,0.7819087695679009
6479,215.967,1196,578,2084,1919,2.1771,4.903,0.36429929807824674,0.8010092592336961,0.3298709262243113,0.7876389164676394
6480,216.0,1196,574,2084,1920,1.1599,3.0597,0.24765283210559538,1.0,0.3052054979886965,0.8513472415273475
6481,216.033,1197,573,2084,1920,3.8115,8.4034,0.5003560925006973,0.14214210983546485,0.36375067634229674,0.6385857020197826
6482,216.067,1196,574,2085,1920,2.2546,8.4309,0.4413033487874839,0.16418149629838757,0.38701647807585293,0.49626444030336403
6483,216.1,1196,575,2085,1919,5.5232,8.6609,0.5643504168530443,0.07307446725264609,0.44021665970901036,0.3693074483881486
6484,216.133,1197,576,2084,1917,5.0668,10.6008,0.5454547283483223,0.0,0.4717880803008039,0.258515213871704
6485,216.167,1196,576,2083,1917,4.8308,9.4056,0.5415902621279698,0.0,0.49272873484895363,0.1809606497101928
6486,216.2,1196,576,2083,1917,4.7978,9.5855,0.540396702781961,0.0,0.5070291252288558,0.12667245479713496
6487,216.233,1196,575,2083,1917,5.5893,8.2551,0.5644355721230079,0.1458518811298387,0.5242510592971014,0.13242628269694606
6488,216.267,1196,576,2083,1917,5.9768,9.0202,0.5813342478635384,0.003333583443599281,0.5413760158670324,0.09369847292094202
6489,216.3,1196,577,2083,1916,4.2315,8.7516,0.5181986718834208,0.07211826210063627,0.5344228126719489,0.08722440967485029
6490,216.333,1197,575,2083,1916,4.7752,8.7256,0.5378428825521192,0.06979212153604723,0.5354488336359999,0.08199472323320937
6491,216.367,1196,575,2083,1917,5.3418,8.625,0.5577225757487347,0.08154258946624925,0.5421309562698203,0.08185908310312133
6492,216.4,1196,575,2082,1917,4.9187,8.5553,0.5421373940714209,0.09913135279134742,0.5421328876103004,0.08704076400958916
6493,216.433,1197,575,2082,1916,5.2072,8.2005,0.5502285473863954,0.16005065431004992,0.544561585543129,0.10894373109972738
6494,216.467,1197,574,2082,1915,5.1922,13.0247,0.5122387260081792,0.0,0.5348647276826439,0.07626061176980917
6495,216.5,1197,573,2082,1915,6.0256,11.768,0.562900014750459,0.0,0.5432753138029884,0.053382428238866415
6496,216.533,1198,573,2083,1913,2.4727,11.448,0.44878862931116986,0.0,0.5149293084554428,0.03736769976720649
6497,216.567,1197,572,2083,1913,2.6925,9.0323,0.4625054621665327,0.04414251639114626,0.49920215456876976,0.03940014475438842
6498,216.6,1198,571,2083,1913,4.9898,9.0276,0.5466595624770397,0.011891255140165025,0.5134393769412507,0.0311474778701214
6499,216.633,1198,572,2083,1913,2.7037,9.1555,0.46352267311640755,0.02091265408156416,0.49846436579379777,0.028077030733554224
6500,216.667,1198,573,2083,1912,1.7248,9.1748,0.42644947246245246,0.03547106427234902,0.4768598977943942,0.030295240795192663
6501,216.7,1198,572,2082,1912,4.6748,9.0182,0.5353740240649179,0.017330401464776463,0.49441413567555126,0.0264057889960678
6502,216.733,1198,573,2083,1913,1.0353,10.4183,0.40255945540553867,0.0,0.46685773159454746,0.01848405229724746
6503,216.767,1198,572,2082,1913,3.2991,9.0213,0.48514754367279084,0.03607509738847452,0.4723446752180205,0.023761365824615577
6504,216.8,1199,573,2082,1915,1.7588,10.5305,0.42919734264612686,0.0,0.45940047544645235,0.016632956077230903
6505,216.833,1198,572,2082,1917,2.3764,8.4014,0.4457383303684032,0.1672956266777281,0.4553018319230376,0.06183175725738006
6506,216.867,1199,572,2082,1917,2.2522,5.9793,0.3984472220043474,0.6095989964736013,0.4382454489474305,0.2261619290222464
6507,216.9,1199,572,2082,1916,0.4664,7.8674,0.362912079196878,0.3086815633476975,0.4156454380222647,0.2509178193198817
6508,216.933,1199,573,2082,1916,-1.489,7.3094,0.2700983308118113,0.467597122843736,0.3719813058591287,0.315921610377038
6509,216.967,1199,574,2082,1915,1.9626,5.4217,0.37107546492845067,0.7152114628014304,0.3717095535799253,0.4357085661043557
6510,217.0,1198,575,2083,1916,1.0598,7.6337,0.3835363254181947,0.3375423127868992,0.3752575851314061,0.40625869010911875
6511,217.033,1199,576,2083,1915,0.5826,7.5167,0.3619778957402099,0.37083843945379197,0.37127367831404723,0.39563261491252066
6512,217.067,1199,576,2083,1915,-5.3855,7.1167,0.08864499497491322,0.6456788684781578,0.286485073312307,0.4706464909822118
6513,217.1,1199,575,2083,1914,-5.1869,8.6797,0.13175872865840899,0.3342199046283809,0.24006716991613758,0.4297185150760625
6514,217.133,1199,575,2084,1913,-4.5833,7.9552,0.14573701077739062,0.4520805241730186,0.21176812217451346,0.4364271178051493
6515,217.167,1200,573,2083,1911,-2.3207,8.271,0.25185400971759137,0.31183781850857467,0.2237938884374368,0.3990503280161769
6516,217.2,1201,573,2082,1910,-3.5824,10.0912,0.21767140477073488,0.0,0.22195714333742622,0.2793352296113238
6517,217.233,1201,573,2081,1908,-3.1887,8.7531,0.22146372739007486,0.2473954068111671,0.22180911855322083,0.26975328277127675
6518,217.267,1201,573,2081,1907,-3.4616,8.4334,0.20474828135493042,0.3186211108126471,0.2166908673937337,0.28441363118368784
6519,217.3,1202,576,2080,1907,-3.6314,10.0997,0.21565141856755934,0.0,0.21637903274588138,0.1990895418285815
6520,217.333,1201,582,2080,1907,-3.7316,7.3156,0.1704109400121231,0.542651621907918,0.20258860492575387,0.3021581658523824
6521,217.367,1203,585,2082,1901,-1.2424,10.6591,0.3145797036998515,0.0,0.23618593455798315,0.2115107160966677
6522,217.4,1204,581,2082,1900,-2.5511,8.7207,0.24851002294411292,0.23279231369356382,0.23988316107382207,0.2178951953757365
6523,217.433,1205,578,2082,1897,-5.1182,11.4524,0.15602955126587134,0.0,0.21472707813143682,0.15252663676301556
6524,217.467,1206,586,2080,1893,-4.5611,11.4627,0.17928176567025025,0.0,0.20409348439308084,0.10676864573411089
6525,217.5,1207,591,2079,1890,-4.922,12.3437,0.16040597530646422,0.0,0.19098723166709586,0.07473805201387762
6526,217.533,1207,593,2079,1893,-5.4664,10.659,0.139992351880402,0.0,0.17568876773108766,0.05231663640971433
6527,217.567,1207,589,2079,1895,-3.3254,10.9858,0.23075725269042094,0.0,0.19220931321888762,0.03662164548680003
6528,217.6,1206,590,2080,1896,-4.0981,9.7202,0.19301399654527335,0.08877928392792615,0.19245071821680335,0.052268937019137866
6529,217.633,1207,590,2079,1896,-3.2937,9.0936,0.22127654067705255,0.18466179657582021,0.2010984649548781,0.09198679488614256
6530,217.667,1207,588,2080,1896,-0.9238,10.3752,0.32711408152298793,0.0,0.23890314992531103,0.06439075642029979
6531,217.7,1207,588,2080,1896,-0.318,11.3253,0.34805916687142,0.0,0.2716499550091437,0.04507352949420985
6532,217.733,1207,588,2080,1896,0.1613,11.2122,0.3667635987369375,0.0,0.3001840481274818,0.03155147064594689
6533,217.767,1207,586,2080,1898,-0.1514,8.6172,0.3475484902032755,0.18353250246440714,0.3143933807502199,0.07714578019148496
6534,217.8,1207,586,2080,1898,0.4245,8.4914,0.3694990748515985,0.19290843611769906,0.33092508898063344,0.11187457696934919
6535,217.833,1207,586,2080,1897,1.1672,9.3786,0.40599988254137553,0.008316664991391817,0.35344752704885607,0.08080720337596198
6536,217.867,1207,586,2081,1898,2.7564,9.6329,0.4668590179364861,0.0,0.3874709743151451,0.05656504236317338
6537,217.9,1206,586,2081,1898,3.3881,8.8779,0.48773781300571095,0.061284575076385434,0.41755102592231486,0.057980902177137
6538,217.933,1206,585,2081,1899,3.6555,8.8067,0.4972797318792411,0.07030891665898682,0.44146963770939274,0.06167930652169194
6539,217.967,1206,584,2081,1899,4.8599,7.2893,0.5275454612658628,0.3281717538810255,0.4672923847763337,0.141627040729492
6540,218.0,1206,589,2081,1901,2.3381,8.0094,0.43996667637979886,0.24042788591063016,0.4590946722573732,0.17126729428383344
6541,218.033,1206,589,2080,1900,3.254,9.6641,0.485144895916169,0.0,0.4669097393550119,0.11988710599868341
6542,218.067,1206,589,2080,1900,3.1634,10.0108,0.481680114463621,0.0,0.47134085188759456,0.08392097419907837
6543,218.1,1206,589,2080,1900,3.8388,9.2513,0.505809099943112,0.0,0.48168132630424976,0.05874468193935486
6544,218.133,1206,589,2080,1900,5.6801,9.2986,0.571270645825946,0.0,0.5085581221607586,0.0411212773575484
6545,218.167,1205,588,2081,1901,4.8907,7.9819,0.5367706968141235,0.20348259704619662,0.5170218945567681,0.08982967326414286
6546,218.2,1205,589,2081,1903,5.2405,8.2119,0.5515249547743772,0.1575955354729855,0.5273728126220507,0.11015943192679564
6547,218.233,1205,590,2080,1899,6.2719,7.1092,0.5775791538739019,0.34267930518099293,0.5424347149976061,0.17991539390305483
6548,218.267,1204,588,2080,1901,5.1657,6.0251,0.5168008811781717,0.5464458959155541,0.5347445648517758,0.2898745445068046
6549,218.3,1205,585,2081,1904,4.9308,8.1463,0.5397048250604989,0.17325536754345244,0.5362326429143927,0.25488879141779897
6550,218.333,1205,584,2081,1905,6.0301,7.3846,0.5722236707255609,0.296665540393747,0.5470299512577431,0.26742181611058335
6551,218.367,1205,582,2081,1906,8.1303,6.9246,0.641895287135932,0.3596167604196832,0.5754895520211998,0.2950802994033133
6552,218.4,1205,585,2080,1906,6.8804,8.0095,0.6085578756544103,0.17789595795170013,0.5854100491111629,0.25992499696782934
6553,218.433,1205,586,2081,1905,6.35,8.9903,0.5941852266512206,0.005694506132458594,0.5880426023731802,0.1836558497172181
6554,218.467,1205,585,2081,1905,7.2805,7.3493,0.6168234113819785,0.2914063234824984,0.5966768450758196,0.2159809918468022
6555,218.5,1205,585,2081,1906,7.4314,8.5655,0.6302504848872501,0.07510488805917054,0.6067489370192487,0.1737181607105127
6556,218.533,1206,585,2081,1906,6.0676,7.1647,0.5708234119352911,0.33511037717766784,0.5959712794940614,0.22213582565065923
6557,218.567,1206,586,2082,1905,4.1596,9.0567,0.516896524754993,0.016859630317961564,0.5722488530723409,0.1605529670508499
6558,218.6,1207,586,2082,1906,3.4627,9.9221,0.4925966655524301,0.0,0.5483531968163676,0.11238707693559492
6559,218.633,1207,587,2081,1905,0.6571,8.9927,0.3836016944833039,0.0927577783278965,0.49892774611644847,0.1064982873532854
6560,218.667,1207,586,2081,1906,-0.2061,8.3557,0.3421593737681245,0.23437348068046085,0.45189723441195123,0.144860845351438
6561,218.7,1207,585,2081,1906,1.45,8.161,0.40673242723074693,0.23096315398060654,0.4383477922575899,0.17069153794018857
6562,218.733,1207,585,2081,1905,-0.11,8.4139,0.34684050494752744,0.22089728721974589,0.41089560606457115,0.18575326272405576
6563,218.767,1207,584,2081,1904,1.5087,8.7489,0.4151239629297482,0.11997585641695238,0.41216411312412427,0.16602004083192473
6564,218.8,1207,585,2081,1903,0.6711,8.2859,0.37702698692835795,0.22554193687601695,0.40162297526539437,0.1838766096451524
6565,218.833,1206,586,2081,1904,8.9158,8.4404,0.6793792411587447,0.09202435674512961,0.4849498550333995,0.15632093377514555
6566,218.867,1206,587,2082,1905,7.8319,7.9257,0.6409729413842644,0.18656286545983966,0.531756780938659,0.1653935132805538
6567,218.9,1206,587,2081,1903,8.276,7.6982,0.654598256775,0.22437154052598912,0.5686092236895612,0.18308692145418437
6568,218.933,1206,588,2081,1904,9.237,7.3649,0.6845400249669586,0.27908310720884805,0.6033884640727805,0.21188577718058343
6569,218.967,1205,589,2082,1904,10.0686,6.5941,0.7045858781962513,0.40934643216795275,0.6337476883098216,0.2711239736767942
6570,219.0,1205,588,2082,1905,7.306,8.8689,0.6265790639955922,0.02135351711173177,0.6315971010155528,0.19619283670727544
6571,219.033,1205,589,2081,1905,2.9143,7.1138,0.44950242862650597,0.39233648518479564,0.5769686992988388,0.2550359312505315
6572,219.067,1205,589,2081,1906,3.5141,6.8312,0.4682096689014175,0.43175828868323446,0.5443409901796123,0.30805263848034237
6573,219.1,1205,589,2081,1906,2.3926,7.1309,0.4289727821829692,0.3997805497858654,0.5097305277806194,0.3355710118719992
6574,219.133,1206,587,2081,1905,2.3844,7.43,0.43367077817794614,0.3455992159644824,0.4869126028998174,0.3385794730997442
6575,219.167,1206,588,2081,1906,1.2959,7.8017,0.39570610590223154,0.3009995386621143,0.4595506538005416,0.3273054927684552
6576,219.2,1206,588,2081,1906,1.3493,7.5258,0.3935713172248948,0.3506395147671398,0.43975685282784754,0.3343056993680606
6577,219.233,1206,587,2081,1906,3.0947,6.9586,0.4539248153703648,0.41679344761059195,0.4440072415906027,0.35905202384082
6578,219.267,1205,586,2081,1907,1.3164,6.3705,0.3689340049159806,0.5618280116003711,0.42148527058821605,0.41988482016868534
6579,219.3,1206,586,2081,1907,4.0,7.2256,0.49381316643359546,0.3526948883642784,0.44318363934182986,0.3997278406273632
6580,219.333,1206,586,2081,1907,5.002,7.33,0.5334494688276893,0.31894411993931143,0.4702633881875876,0.3754927244209476
6581,219.367,1206,586,2081,1907,5.7072,7.4421,0.5610747932690332,0.2900881224718193,0.49750680971202127,0.3498713438362091
6582,219.4,1206,585,2080,1906,6.6235,5.2301,0.5546482320999068,0.6631717536178746,0.5146492364283869,0.4438614667707087
6583,219.433,1206,585,2080,1907,6.6083,5.2449,0.5544333796599089,0.6608480427648765,0.5265844793978435,0.508957439568959
6584,219.467,1206,586,2081,1907,6.4469,6.8015,0.5796064001029968,0.394765756916567,0.5424910556093894,0.47469993477324135
6585,219.5,1206,586,2081,1907,6.531,6.5946,0.579441505272695,0.42993871728758787,0.553576190508381,0.4612715695275452
6586,219.533,1206,586,2080,1906,4.9862,6.3752,0.5170588885684182,0.4879899477131681,0.5426209999263921,0.4692870829832321
6587,219.567,1206,587,2080,1906,5.7876,6.1797,0.543971537150435,0.5108356468738302,0.5430261610936049,0.4817516521504115
6588,219.6,1206,588,2080,1907,8.3723,6.4308,0.6435813731644195,0.4430380001967506,0.5731927247148493,0.4701375565643132
6589,219.633,1206,589,2080,1907,11.1823,6.9508,0.7451553555279913,0.34979006884745756,0.6247815139587918,0.4340333102492565
6590,219.667,1206,590,2080,1908,12.2543,3.4957,0.7150618753255956,0.9127902408649317,0.6518656223688329,0.577660389433959
6591,219.7,1205,589,2080,1909,12.3622,4.3897,0.7427064029622363,0.7719461456404563,0.6791178565468539,0.6359461162959081
6592,219.733,1205,589,2080,1908,12.4504,4.9381,0.757754541000432,0.6845205667405948,0.7027088618829272,0.6505184514293141
6593,219.767,1205,590,2080,1908,12.619,4.1384,0.7453526356031658,0.8123182736107427,0.7155019939989988,0.6990583980837426
6594,219.8,1205,589,2080,1907,12.5303,1.5386,0.6551192601637674,1.0,0.6973871738484294,0.7893408786586198
6595,219.833,1205,588,2080,1906,10.8239,1.3628,0.5822576172498727,1.0,0.6628483068688623,0.8525386150610339
6596,219.867,1205,588,2080,1906,11.8053,1.1878,0.612431688864176,1.0,0.6477233214674564,0.8967770305427236
6597,219.9,1204,589,2080,1906,13.0386,5.3362,0.7845596442496491,0.6228600559227301,0.6887742183021142,0.8146019381567255
6598,219.933,1205,586,2081,1905,12.4796,2.9597,0.7063289966110091,0.9961615317789744,0.6940406517947826,0.8690698162434002
6599,219.967,1205,586,2080,1904,11.9088,3.3801,0.6992808990095344,0.9308950826616779,0.6956127259592081,0.8876173961688834
6600,220.0,1205,583,2080,1901,12.3478,8.4432,0.7861697032535817,0.10151244358923005,0.7227798191475201,0.6517859103949873
6601,220.033,1205,582,2080,1901,9.9794,7.3162,0.7088840617160803,0.28647221980831034,0.7186110919180881,0.5421918032189842
6602,220.067,1206,582,2080,1901,8.9749,5.6776,0.6519625984852646,0.5671724074020275,0.6986165438882411,0.5496859844738972
6603,220.1,1206,581,2080,1901,9.3745,4.792,0.6468625937469871,0.7120594539352051,0.6830903588458649,0.5983980253122896
6604,220.133,1206,579,2080,1901,6.2891,7.8149,0.5860711109855058,0.21762431631643514,0.6539845844877571,0.48416591261353326
6605,220.167,1205,579,2080,1900,4.4685,8.1049,0.5222851096151881,0.1869346209686039,0.6144747420259864,0.3949965251200544
6606,220.2,1205,580,2080,1900,5.4964,6.7589,0.5434866063962671,0.41345328971820366,0.5931783013370706,0.4005335544994991
6607,220.233,1205,579,2079,1899,3.4603,6.867,0.46674072393559196,0.4263420086734472,0.5552470281166271,0.4082760907516835
6608,220.267,1205,580,2080,1898,4.7014,8.8353,0.535670671051991,0.050607315968287735,0.5493741209972363,0.3009754583166647
6609,220.3,1207,580,2079,1897,2.2982,9.0264,0.4475411068622618,0.052347960910273876,0.5188242167567438,0.22638720909474744
6610,220.333,1207,580,2080,1897,2.0827,9.5566,0.4415900744537093,0.0,0.49565397406583345,0.1584710463663232
6611,220.367,1207,578,2080,1898,2.387,9.3908,0.45254263628882235,0.0,0.48272057273273006,0.11092973245642623
6612,220.4,1208,578,2080,1898,2.712,8.0349,0.4548538637243811,0.22851991070473754,0.4743605600302253,0.14620678593091962
6613,220.433,1208,578,2080,1899,3.3592,8.6836,0.48548029130698706,0.09770605810908109,0.4776964794132538,0.13165656758436806
6614,220.467,1208,578,2080,1899,3.157,8.6839,0.4778853363243536,0.10097628962618187,0.4777531364865837,0.1224524841969122
6615,220.5,1207,578,2080,1899,2.8519,8.8225,0.46729974277002195,0.0804635196022192,0.47461711837161513,0.10985579481850428
6616,220.533,1208,578,2080,1898,3.7583,8.8749,0.5014423782316879,0.056159890275918396,0.48266469632963693,0.09374702345572851
6617,220.567,1208,577,2080,1898,3.6088,10.5997,0.49534407771768474,0.0,0.48646851074605124,0.06562291641900996
6618,220.6,1208,577,2080,1898,3.2857,10.077,0.48596441588667466,0.0,0.48631728228823823,0.04593604149330697
6619,220.633,1208,577,2080,1898,3.2245,10.3352,0.4830171720926206,0.0,0.4853272492295529,0.03215522904531488
6620,220.667,1208,577,2080,1898,3.2122,9.5374,0.48349404491173076,0.0,0.48477728793420627,0.02250866033172041
6621,220.7,1207,576,2081,1900,2.383,10.1636,0.4530314855185536,0.0,0.4752535472095104,0.01575606223220429
6622,220.733,1207,576,2081,1900,1.9284,10.1522,0.43628219224838655,0.0,0.46356214072117324,0.011029243562543001
6623,220.767,1207,576,2082,1899,3.1666,10.2349,0.48128258342636354,0.0,0.46887827353273026,0.0077204704937801
6624,220.8,1207,576,2082,1900,2.8109,10.3933,0.46797575778352096,0.0,0.46860751880796747,0.00540432934564607
6625,220.833,1207,575,2083,1900,5.4001,10.9767,0.5532071976279295,0.0,0.4939874224539561,0.003783030541952249
6626,220.867,1207,576,2083,1900,4.3981,11.134,0.5181901708460618,0.0,0.5012482469715878,0.002648121379366574
6627,220.9,1207,576,2083,1901,4.7994,11.0319,0.5326955187977153,0.0,0.510682428519426,0.0018536849655566017
6628,220.933,1207,576,2082,1900,4.5925,9.8688,0.5327691455961943,0.0,0.5173084436424564,0.001297579475889621
6629,220.967,1207,576,2082,1900,4.7318,9.8965,0.5375629453849904,0.0,0.5233847941652165,0.0009083056331227347
6630,221.0,1208,578,2081,1893,4.5012,7.8709,0.5211970012010045,0.2288420105632759,0.5227284562759529,0.06928841711216868
6631,221.033,1208,578,2082,1893,4.2041,7.5267,0.5059118983631286,0.29533366199326977,0.5176834889021056,0.13710199057649902
6632,221.067,1208,579,2082,1893,2.5411,9.2414,0.4577812136358718,0.007650451681754235,0.4997128063222354,0.09826652890807558
6633,221.1,1208,579,2082,1892,4.3885,9.5809,0.5259446247752785,0.0,0.5075823518581484,0.0687865702356529
6634,221.133,1207,581,2081,1892,4.0218,9.8382,0.5127015368721367,0.0,0.5091181073623449,0.04815059916495703
6635,221.167,1207,579,2082,1893,4.1778,10.0095,0.5178611586702462,0.0,0.5117410227547152,0.033705419415469916
6636,221.2,1207,579,2082,1893,3.9074,9.9402,0.5084613508786647,0.0,0.5107571211919,0.02359379359082894
6637,221.233,1207,579,2082,1893,3.9796,9.9275,0.5110497983476943,0.0,0.5108449243386383,0.016515655513580255
6638,221.267,1207,578,2082,1892,4.1086,7.554,0.5026337989249589,0.29190765746007435,0.5083815867145344,0.09913325609752849
6639,221.3,1207,578,2081,1891,5.2736,7.5489,0.5463386803479467,0.276314202886485,0.519768714804558,0.15228754013421542
6640,221.333,1207,578,2082,1891,4.1037,8.0739,0.5083788112004488,0.19786134807503983,0.5163517437233253,0.16595968251646273
6641,221.367,1207,578,2081,1891,5.2239,7.4434,0.5432146933100304,0.2957778536790636,0.5244106285993367,0.204905133865243
6642,221.4,1207,578,2081,1890,3.5511,9.012,0.4944386052149274,0.033884721680221004,0.5154190215840139,0.1535990102097364
6643,221.433,1208,578,2081,1889,3.3328,9.1848,0.48706043453446796,0.0051085513890428,0.5069114454691501,0.10905187256352832
6644,221.467,1208,578,2081,1890,2.2997,9.5723,0.4497719388056836,0.0,0.4897695934701102,0.07633631079446981
6645,221.5,1208,578,2081,1890,2.2033,9.5049,0.44598756741889334,0.0,0.47663498565474516,0.053435417556128864
6646,221.533,1208,577,2081,1891,2.4933,9.6736,0.45717060979317314,0.0,0.47079567289627355,0.0374047922892902
6647,221.567,1207,577,2082,1890,1.3245,8.0439,0.40023180594660956,0.2554946612476278,0.44962651281137433,0.10283175297679148
6648,221.6,1208,579,2082,1889,1.7692,9.7043,0.4301110927681376,0.0,0.4437718867984033,0.07198222708375403
6649,221.633,1208,579,2082,1889,1.8959,9.781,0.43501070643420015,0.0,0.4411435326891423,0.050387558958627815
6650,221.667,1208,579,2082,1888,0.6524,7.7818,0.36922240823568103,0.31997860268332756,0.4195671953531039,0.13126487207603774
6651,221.7,1208,581,2083,1889,-0.0715,7.2272,0.3292111469432069,0.44154709774826584,0.39246038083013474,0.22434953977770616
6652,221.733,1209,581,2082,1886,0.4771,9.4107,0.37926524900614034,0.017369650872398366,0.38850184128293636,0.1622555731061138
6653,221.767,1209,581,2082,1887,1.3382,9.3313,0.41237678320633137,0.013721631390332282,0.3956643238599548,0.11769539059137935
6654,221.8,1210,582,2081,1888,1.2161,8.9018,0.4049097962042381,0.09747365375169863,0.3984379655632398,0.11162886953947512
