frame_idx,time_sec,xmin,ymin,xmax,ymax,pitch_deg,yaw_deg
0,0.000,1201,576,2080,1894,3.3914,10.0244
1,0.033,1200,575,2081,1895,5.5887,6.2480
2,0.067,1198,579,2079,1899,6.7174,-8.5923
3,0.100,1207,590,2079,1891,0.1642,1.2008
4,0.133,1207,589,2080,1892,4.9443,1.8144
5,0.167,1206,590,2080,1892,7.8031,2.4597
6,0.200,1198,571,2077,1899,6.5576,-3.2581
7,0.233,1197,572,2075,1902,8.1571,-1.5547
8,0.267,1210,586,2080,1892,6.0528,1.9879
9,0.300,1203,570,2081,1897,8.7619,4.9892
10,0.333,1202,568,2082,1896,7.1294,7.8768
11,0.367,1204,567,2080,1898,6.9203,6.1382
12,0.400,1204,569,2082,1897,7.3454,9.5146
13,0.433,1206,564,2082,1893,8.5388,4.8192
14,0.467,1205,562,2085,1896,8.3973,3.4237
15,0.500,1207,560,2085,1902,8.3994,4.9823
16,0.533,1207,561,2086,1904,7.8134,3.6832
17,0.567,1209,559,2088,1899,7.2638,5.5466
18,0.600,1209,559,2088,1898,7.7269,2.5111
19,0.633,1212,557,2089,1897,11.3027,9.0539
20,0.667,1212,555,2089,1895,7.8503,5.5376
21,0.700,1212,553,2090,1892,9.0677,7.5610
22,0.733,1213,553,2090,1891,9.6017,4.4519
23,0.767,1214,553,2091,1890,8.6917,6.2911
24,0.800,1215,552,2091,1888,7.7086,2.5569
25,0.833,1215,553,2091,1891,6.5152,11.1581
26,0.867,1216,553,2093,1892,8.3782,9.9285
27,0.900,1219,553,2090,1891,8.5692,6.8329
28,0.933,1219,557,2092,1890,7.9476,8.8088
29,0.967,1219,573,2086,1885,10.2830,10.2896
30,1.000,1219,578,2087,1889,10.7910,7.6528
31,1.033,1220,578,2087,1888,10.1711,8.3221
32,1.067,1223,576,2086,1881,7.1975,11.6924
33,1.100,1223,575,2085,1886,8.2062,11.4830
34,1.133,1223,569,2088,1884,7.7001,10.1856
35,1.167,1224,568,2088,1879,6.3553,8.9596
36,1.200,1224,567,2087,1878,8.1836,7.9035
37,1.233,1224,569,2086,1877,6.9530,8.5301
38,1.267,1224,567,2088,1876,8.4246,9.7112
39,1.300,1224,568,2088,1876,6.6429,8.3804
40,1.333,1224,566,2088,1877,8.8892,9.5815
41,1.367,1224,567,2088,1875,7.5078,9.1211
42,1.400,1225,566,2088,1872,10.5962,10.1604
43,1.433,1223,567,2087,1875,7.6069,8.4248
44,1.467,1224,565,2087,1871,8.3467,10.4204
45,1.500,1224,566,2086,1870,8.9545,14.9115
46,1.533,1223,568,2088,1870,8.7247,11.3214
47,1.567,1222,566,2089,1874,6.8306,10.2462
48,1.600,1222,566,2088,1875,7.6358,12.3827
49,1.633,1222,566,2088,1875,7.8221,12.4152
50,1.667,1221,567,2088,1874,7.4260,11.4864
51,1.700,1221,567,2088,1874,8.6585,11.5461
52,1.733,1221,567,2089,1876,7.9816,9.0506
53,1.767,1222,566,2089,1875,9.0665,9.8402
54,1.800,1220,564,2088,1877,9.7681,10.5138
55,1.833,1220,566,2089,1875,8.1011,9.6356
56,1.867,1221,566,2088,1875,7.1841,9.5221
57,1.900,1221,566,2088,1874,6.9916,8.0332
58,1.933,1222,567,2089,1874,5.4274,6.8710
59,1.967,1221,566,2089,1876,6.8674,9.4782
60,2.000,1221,569,2088,1875,8.6495,10.7667
61,2.033,1220,568,2087,1874,10.0736,11.0394
62,2.067,1220,569,2088,1874,6.1332,8.4689
63,2.100,1220,568,2087,1874,9.6058,10.0591
64,2.133,1220,568,2087,1876,8.4547,10.6350
65,2.167,1220,571,2087,1874,5.4763,11.8721
66,2.200,1222,552,2093,1884,6.8382,6.9576
67,2.233,1221,553,2092,1884,6.6441,7.8278
68,2.267,1222,552,2093,1882,6.9002,7.5652
69,2.300,1220,556,2091,1883,2.1578,8.1136
70,2.333,1222,555,2092,1883,-3.2595,10.2822
71,2.367,1221,557,2091,1884,-6.9371,9.6692
72,2.400,1222,558,2090,1884,-4.8794,8.8978
73,2.433,1222,556,2090,1882,-6.4397,8.8350
74,2.467,1222,557,2090,1882,-6.2559,6.9364
75,2.500,1222,556,2090,1882,-5.8056,9.9623
76,2.533,1222,556,2090,1881,-5.2662,6.6855
77,2.567,1222,555,2091,1881,-6.2209,7.6376
78,2.600,1222,555,2091,1881,-6.3322,6.7249
79,2.633,1222,555,2091,1881,-6.3303,6.2842
80,2.667,1221,555,2092,1882,-5.4019,6.2734
81,2.700,1221,556,2091,1883,-5.5380,7.3305
82,2.733,1222,556,2091,1883,-5.9054,8.1203
83,2.767,1221,556,2091,1886,-4.4299,6.9933
84,2.800,1222,557,2090,1886,-6.1244,10.2033
85,2.833,1222,556,2088,1887,-6.4346,13.0670
86,2.867,1223,556,2088,1886,-3.4207,11.9392
87,2.900,1223,555,2087,1885,-5.3285,13.8372
88,2.933,1222,557,2086,1884,-5.5840,14.0116
89,2.967,1222,556,2086,1884,-6.9386,11.0535
90,3.000,1221,556,2088,1887,-4.9745,9.2350
91,3.033,1221,555,2088,1887,-4.4100,8.9759
92,3.067,1221,555,2088,1887,-4.4846,9.8709
93,3.100,1221,555,2088,1888,-5.1118,9.0781
94,3.133,1222,555,2088,1887,-3.7626,15.4319
95,3.167,1223,556,2088,1884,-2.4998,11.5197
96,3.200,1222,554,2089,1886,-1.5204,11.9086
97,3.233,1222,553,2090,1886,-2.4403,11.4419
98,3.267,1223,552,2090,1884,-5.0793,8.3763
99,3.300,1223,552,2090,1883,-5.3622,8.5771
100,3.333,1220,568,2084,1873,-8.1468,8.4991
101,3.367,1220,568,2084,1874,-7.4928,9.3314
102,3.400,1219,566,2083,1872,-5.0663,9.2061
103,3.433,1219,566,2084,1872,-5.3255,8.5018
104,3.467,1219,566,2084,1872,-5.1889,8.4572
105,3.500,1219,565,2084,1872,-5.5705,9.5768
106,3.533,1219,566,2084,1872,-4.7132,8.5632
107,3.567,1219,564,2084,1873,-5.2852,10.1671
108,3.600,1219,565,2084,1873,-4.9412,10.7055
109,3.633,1219,565,2083,1871,-5.6635,7.6040
110,3.667,1219,564,2084,1873,-5.3298,9.7489
111,3.700,1219,565,2083,1874,-6.5124,10.0342
112,3.733,1219,565,2083,1875,-6.0112,7.2979
113,3.767,1225,569,2092,1877,-6.6708,11.6256
114,3.800,1225,569,2092,1880,-7.4865,9.9878
115,3.833,1221,551,2089,1888,-6.4728,11.1608
116,3.867,1225,570,2092,1879,-5.8803,8.9612
117,3.900,1225,570,2092,1880,-6.1178,11.3132
118,3.933,1225,570,2092,1878,-4.8187,10.5453
119,3.967,1225,569,2092,1879,-7.5650,9.9390
120,4.000,1219,566,2083,1875,-8.2331,9.2772
121,4.033,1219,563,2083,1878,-9.8808,9.6538
122,4.067,1218,562,2084,1877,-7.4881,9.8564
123,4.100,1216,560,2086,1885,-6.9897,10.8296
124,4.133,1217,561,2086,1884,-6.5617,7.5402
125,4.167,1217,560,2085,1885,-8.5419,7.8500
126,4.200,1217,560,2085,1885,-8.3752,7.5778
127,4.233,1217,559,2085,1885,-7.4124,10.1304
128,4.267,1217,559,2085,1885,-8.3602,10.5545
129,4.300,1217,558,2086,1886,-7.5425,8.5688
130,4.333,1217,558,2086,1885,-8.5704,8.2287
131,4.367,1217,559,2085,1885,-8.2797,11.2636
132,4.400,1217,558,2085,1885,-8.4143,8.9917
133,4.433,1217,559,2086,1884,-9.2101,11.6879
134,4.467,1216,559,2086,1885,-5.6941,11.5826
135,4.500,1216,560,2085,1882,-8.9356,11.1448
136,4.533,1216,560,2085,1883,-6.8044,10.5141
137,4.567,1215,560,2084,1882,-8.2303,11.6904
138,4.600,1215,560,2084,1882,-8.2128,11.1219
139,4.633,1215,560,2084,1881,-7.4770,9.5398
140,4.667,1215,560,2084,1882,-8.8629,11.6544
141,4.700,1215,560,2085,1882,-7.4821,13.1173
142,4.733,1215,561,2084,1882,-8.3783,14.6462
143,4.767,1215,559,2084,1882,-7.0202,11.8611
144,4.800,1215,558,2085,1884,-8.3337,9.4871
145,4.833,1215,559,2085,1885,-7.0617,13.0024
146,4.867,1215,558,2085,1885,-7.6694,11.2255
147,4.900,1215,559,2085,1886,-6.6930,10.3469
148,4.933,1215,559,2084,1885,-7.0991,11.9497
149,4.967,1222,562,2094,1888,-7.3837,11.0219
150,5.000,1222,564,2094,1891,-8.9601,11.1790
151,5.033,1222,566,2094,1891,-6.3561,10.5179
152,5.067,1222,565,2094,1891,-9.1026,11.6786
153,5.100,1222,565,2094,1891,-9.0702,12.2007
154,5.133,1216,562,2083,1886,-6.3062,11.6721
155,5.167,1217,562,2083,1886,-6.9501,10.9790
156,5.200,1216,562,2083,1887,-6.9413,8.0764
157,5.233,1216,563,2083,1887,-6.6264,9.3091
158,5.267,1219,548,2090,1898,-4.8822,11.4151
159,5.300,1216,564,2083,1887,-6.3998,11.0274
160,5.333,1216,563,2083,1887,-5.6856,7.4550
161,5.367,1216,564,2083,1887,-6.1147,10.3762
162,5.400,1216,564,2083,1888,-6.0589,9.3027
163,5.433,1223,566,2093,1890,-4.8947,10.5124
164,5.467,1218,548,2091,1899,-5.8242,12.2815
165,5.500,1218,548,2091,1898,-6.1699,14.2670
166,5.533,1217,549,2092,1899,-5.3103,10.8857
167,5.567,1216,550,2093,1901,-4.0327,8.9551
168,5.600,1216,550,2093,1900,-6.8125,10.6229
169,5.633,1216,551,2093,1900,-7.4081,11.9784
170,5.667,1216,551,2094,1902,-9.2630,11.6986
171,5.700,1216,552,2094,1900,-4.7691,11.2254
172,5.733,1216,551,2094,1901,-6.6671,9.1968
173,5.767,1218,568,2085,1887,-8.1045,10.6497
174,5.800,1218,568,2085,1887,-8.3773,10.6026
175,5.833,1218,568,2086,1888,-5.6164,11.2695
176,5.867,1218,568,2085,1888,-8.2159,11.5803
177,5.900,1218,569,2086,1888,-4.8855,11.7397
178,5.933,1218,569,2086,1888,-4.6803,12.1292
179,5.967,1218,568,2085,1888,-7.1992,11.9387
180,6.000,1218,565,2086,1892,-9.5610,10.0305
181,6.033,1218,564,2085,1892,-6.8774,10.9580
182,6.067,1218,564,2085,1893,-10.3336,11.0957
183,6.100,1217,563,2086,1893,-9.9506,11.2806
184,6.133,1218,563,2085,1891,-5.3742,12.8238
185,6.167,1219,562,2085,1891,-8.6073,10.4245
186,6.200,1219,561,2086,1892,-9.0790,8.7172
187,6.233,1219,561,2085,1892,-7.6575,12.0124
188,6.267,1220,561,2086,1890,-8.4449,7.8781
189,6.300,1220,560,2086,1891,-8.7735,10.7232
190,6.333,1219,561,2086,1891,-8.8512,10.3139
191,6.367,1219,561,2087,1892,-8.2899,12.0596
192,6.400,1220,562,2086,1886,-9.0267,9.5813
193,6.433,1220,562,2086,1885,-9.2717,11.7308
194,6.467,1220,562,2086,1885,-9.0586,11.6342
195,6.500,1219,562,2086,1887,-8.3284,11.6956
196,6.533,1220,562,2086,1886,-8.7377,10.2136
197,6.567,1220,561,2087,1885,-8.9731,11.7952
198,6.600,1222,560,2086,1881,-8.4595,10.0250
199,6.633,1222,559,2086,1880,-7.3933,11.5019
200,6.667,1224,559,2085,1878,-5.9122,8.5280
201,6.700,1224,561,2086,1880,-7.8385,11.4041
202,6.733,1224,561,2086,1879,-6.7286,11.9959
203,6.767,1224,561,2086,1879,-6.2654,12.7969
204,6.800,1223,561,2086,1881,-7.4536,11.8127
205,6.833,1224,561,2085,1881,-6.7088,10.6724
206,6.867,1223,561,2086,1883,-6.9424,12.6447
207,6.900,1223,561,2086,1883,-7.3829,13.3180
208,6.933,1223,561,2086,1886,-7.9576,11.5282
209,6.967,1224,561,2086,1886,-6.9911,10.7207
210,7.000,1223,562,2087,1884,-6.4621,7.4522
211,7.033,1222,562,2088,1887,-6.9036,8.4957
212,7.067,1223,563,2087,1885,-7.3118,9.3368
213,7.100,1221,563,2088,1889,-9.1953,8.7119
214,7.133,1221,563,2087,1889,-10.2993,9.0999
215,7.167,1221,564,2088,1889,-8.1197,12.0866
216,7.200,1221,564,2088,1889,-7.9993,11.7231
217,7.233,1221,564,2088,1890,-9.1786,9.2993
218,7.267,1220,563,2088,1892,-9.5325,11.6785
219,7.300,1220,563,2088,1893,-8.5069,9.3274
220,7.333,1220,563,2088,1893,-8.2458,9.2022
221,7.367,1220,563,2087,1893,-9.4270,9.4184
222,7.400,1220,564,2087,1893,-7.8318,12.4469
223,7.433,1219,563,2087,1895,-8.1395,11.9145
224,7.467,1219,563,2087,1895,-8.3198,11.7161
225,7.500,1219,561,2087,1897,-8.8905,12.4074
226,7.533,1219,563,2086,1895,-7.3284,12.3398
227,7.567,1219,562,2086,1895,-7.0748,12.7318
228,7.600,1219,562,2086,1894,-6.9109,12.8246
229,7.633,1219,562,2085,1895,-8.1681,12.8804
230,7.667,1219,561,2085,1894,-5.8137,13.3713
231,7.700,1218,562,2086,1895,-6.7145,10.6394
232,7.733,1218,563,2086,1895,-7.0771,13.1775
233,7.767,1218,563,2086,1895,-6.3513,13.0607
234,7.800,1218,563,2087,1895,-7.1716,13.8143
235,7.833,1218,563,2087,1895,-6.6239,12.3469
236,7.867,1218,563,2087,1896,-6.6892,14.4315
237,7.900,1218,563,2087,1895,-6.3502,13.1858
238,7.933,1218,563,2087,1895,-6.8098,12.0290
239,7.967,1218,563,2087,1895,-7.7569,12.5869
240,8.000,1218,558,2088,1895,-8.0727,11.4702
241,8.033,1217,557,2088,1896,-9.0936,13.0258
242,8.067,1217,558,2087,1895,-8.1621,10.4020
243,8.100,1217,558,2088,1896,-7.2299,13.3354
244,8.133,1218,558,2087,1894,-7.0340,9.0784
245,8.167,1218,558,2086,1894,-8.7773,8.0114
246,8.200,1218,558,2086,1894,-8.8203,7.8770
247,8.233,1218,558,2086,1895,-6.8352,7.6421
248,8.267,1218,557,2086,1894,-7.9570,10.7220
249,8.300,1218,557,2086,1894,-7.1736,10.8824
250,8.333,1218,557,2086,1894,-7.5639,11.0948
251,8.367,1218,557,2086,1894,-7.4234,10.8539
252,8.400,1218,557,2086,1895,-5.3667,9.2841
253,8.433,1218,556,2086,1895,-7.5010,11.9308
254,8.467,1218,557,2086,1895,-5.3890,9.4010
255,8.500,1218,556,2086,1895,-7.4649,11.4695
256,8.533,1218,557,2086,1895,-5.4294,8.8345
257,8.567,1218,556,2086,1896,-7.1907,11.2999
258,8.600,1217,555,2086,1897,-6.8932,10.3866
259,8.633,1217,555,2086,1897,-7.0182,10.6132
260,8.667,1217,554,2086,1897,-5.9459,10.7827
261,8.700,1217,555,2086,1898,-6.8013,9.7793
262,8.733,1217,555,2086,1898,-7.2416,9.7320
263,8.767,1217,555,2086,1898,-6.7796,9.8359
264,8.800,1217,555,2086,1897,-8.4949,10.5825
265,8.833,1217,554,2086,1896,-8.7727,10.2215
266,8.867,1217,554,2087,1897,-8.5093,10.9949
267,8.900,1217,554,2087,1898,-8.5791,10.4345
268,8.933,1217,554,2087,1897,-10.3024,10.5532
269,8.967,1217,553,2087,1897,-8.2835,10.7303
270,9.000,1217,553,2086,1893,-7.5837,10.6419
271,9.033,1217,552,2086,1893,-8.1313,10.6494
272,9.067,1217,552,2086,1893,-8.4933,10.6040
273,9.100,1217,552,2087,1893,-7.7337,9.2789
274,9.133,1217,552,2087,1892,-8.1343,8.4183
275,9.167,1218,551,2086,1892,-8.4827,8.2397
276,9.200,1218,552,2087,1891,-7.2107,9.6162
277,9.233,1218,552,2086,1891,-6.8695,10.8170
278,9.267,1218,551,2087,1891,-7.7448,9.1502
279,9.300,1218,552,2087,1891,-5.8889,8.7631
280,9.333,1218,552,2087,1891,-6.2453,8.4497
281,9.367,1218,552,2088,1892,-7.2569,8.6390
282,9.400,1219,552,2088,1891,-6.1268,9.7753
283,9.433,1219,554,2089,1891,-5.7173,8.2318
284,9.467,1219,554,2089,1892,-7.0591,9.2531
285,9.500,1219,555,2090,1894,-6.6760,9.9311
286,9.533,1219,555,2090,1893,-7.1717,8.7825
287,9.567,1218,555,2090,1895,-6.9183,8.7098
288,9.600,1218,555,2090,1895,-6.9924,8.2836
289,9.633,1218,555,2090,1897,-9.4150,10.2058
290,9.667,1217,555,2090,1897,-6.2097,12.0188
291,9.700,1218,554,2090,1896,-7.0299,8.7399
292,9.733,1218,554,2090,1896,-7.0457,8.5882
293,9.767,1218,553,2089,1895,-8.1284,9.7395
294,9.800,1218,554,2089,1895,-8.2659,10.8326
295,9.833,1218,552,2089,1896,-7.4651,9.2646
296,9.867,1219,553,2089,1895,-7.3123,9.3025
297,9.900,1219,552,2089,1896,-6.0762,7.6792
298,9.933,1219,551,2089,1897,-7.0580,6.9335
299,9.967,1219,551,2089,1898,-6.8881,6.7224
300,10.000,1218,553,2090,1899,-8.3154,8.3592
301,10.033,1218,553,2089,1899,-6.8553,8.3367
302,10.067,1218,554,2089,1898,-7.0167,7.0284
303,10.100,1219,554,2089,1898,-4.4540,6.9794
304,10.133,1218,554,2089,1898,-7.2391,7.5550
305,10.167,1218,553,2089,1899,-8.3076,8.8115
306,10.200,1218,553,2089,1899,-8.1539,8.0787
307,10.233,1218,553,2090,1899,-8.8692,7.3690
308,10.267,1218,553,2090,1898,-8.1827,7.8106
309,10.300,1218,554,2090,1898,-6.8766,7.8817
310,10.333,1218,553,2090,1898,-8.5737,7.2710
311,10.367,1218,554,2090,1898,-6.2230,7.6968
312,10.400,1218,552,2090,1899,-6.8059,7.3521
313,10.433,1218,552,2090,1899,-7.5844,7.3477
314,10.467,1218,552,2090,1899,-7.6368,7.2407
315,10.500,1218,553,2090,1899,-10.0604,7.0580
316,10.533,1218,552,2090,1899,-8.1896,7.4248
317,10.567,1217,552,2090,1900,-8.6765,7.7138
318,10.600,1217,552,2091,1900,-4.8131,8.3235
319,10.633,1217,552,2091,1901,-7.5957,7.6742
320,10.667,1218,553,2090,1900,-8.2309,9.1680
321,10.700,1218,553,2091,1901,-6.6137,7.5559
322,10.733,1218,552,2090,1900,-7.5342,8.8576
323,10.767,1218,552,2090,1900,-6.9276,8.7934
324,10.800,1218,552,2089,1897,-7.1431,7.8263
325,10.833,1217,553,2089,1898,-8.8577,7.6974
326,10.867,1217,553,2089,1898,-8.0867,8.0288
327,10.900,1217,553,2089,1898,-7.8558,8.4677
328,10.933,1217,554,2089,1898,-5.9364,8.4134
329,10.967,1217,554,2089,1896,-7.1603,8.7281
330,11.000,1217,556,2089,1898,-7.3809,8.7451
331,11.033,1217,557,2088,1897,-6.4279,6.8807
332,11.067,1217,557,2088,1898,-5.8519,6.7584
333,11.100,1217,557,2088,1898,-7.0110,6.9665
334,11.133,1217,556,2088,1899,-3.8026,8.4124
335,11.167,1218,556,2087,1899,-6.3876,8.4542
336,11.200,1218,557,2088,1899,-5.1404,9.9613
337,11.233,1217,558,2087,1897,-6.5321,8.0078
338,11.267,1213,558,2088,1903,-5.5586,6.4537
339,11.300,1212,558,2088,1903,-8.0491,7.8154
340,11.333,1212,558,2088,1903,-8.1570,7.7336
341,11.367,1212,558,2088,1903,-7.9941,7.7104
342,11.400,1212,558,2088,1903,-7.7401,7.2411
343,11.433,1212,558,2088,1903,-7.6848,7.8050
344,11.467,1212,558,2088,1903,-7.3779,7.5858
345,11.500,1212,558,2088,1903,-7.5707,7.6275
346,11.533,1212,558,2088,1903,-7.6092,7.5428
347,11.567,1211,560,2087,1904,-4.9900,7.2299
348,11.600,1211,560,2088,1905,-5.2063,7.0443
349,11.633,1211,561,2087,1905,-6.3607,6.0046
350,11.667,1212,562,2087,1903,-5.4115,6.3118
351,11.700,1212,562,2087,1903,-5.6534,7.2351
352,11.733,1212,561,2087,1903,-7.0995,7.2635
353,11.767,1212,561,2088,1904,-6.0557,6.5598
354,11.800,1212,562,2088,1905,-4.4976,7.8232
355,11.833,1212,562,2087,1904,-5.1685,7.3503
356,11.867,1212,563,2087,1903,-4.4020,7.6612
357,11.900,1212,562,2087,1904,-5.7584,7.4011
358,11.933,1212,562,2087,1903,-4.1687,8.4216
359,11.967,1213,565,2086,1902,-6.4034,7.6198
360,12.000,1212,563,2086,1900,-7.8046,6.6744
361,12.033,1212,563,2086,1902,-6.1037,7.7419
362,12.067,1212,564,2086,1901,-6.4931,6.4357
363,12.100,1212,563,2086,1902,-4.9072,7.5251
364,12.133,1211,564,2087,1903,-8.0302,6.8446
365,12.167,1212,564,2087,1904,-6.0298,6.3857
366,12.200,1212,565,2087,1904,-6.6864,6.4165
367,12.233,1212,565,2087,1903,-5.7464,6.3284
368,12.267,1212,565,2087,1903,-5.6802,6.4418
369,12.300,1212,565,2087,1902,-5.3776,6.0983
370,12.333,1211,565,2087,1903,-7.1702,6.8035
371,12.367,1211,565,2087,1903,-6.9675,6.4368
372,12.400,1211,564,2087,1904,-5.6358,5.5893
373,12.433,1211,565,2087,1903,-6.1196,7.2034
374,12.467,1211,565,2087,1904,-5.7247,6.0630
375,12.500,1211,565,2087,1903,-5.5697,6.6138
376,12.533,1211,565,2087,1901,-5.0409,5.9045
377,12.567,1211,565,2087,1900,-6.2633,5.9522
378,12.600,1211,564,2087,1900,-6.4352,3.7874
379,12.633,1211,565,2087,1900,-6.9728,6.1628
380,12.667,1211,563,2087,1898,-7.2554,6.0447
381,12.700,1211,562,2087,1899,-7.4946,6.0531
382,12.733,1211,563,2087,1899,-7.6407,5.6586
383,12.767,1212,562,2087,1898,-7.3445,4.4841
384,12.800,1212,562,2087,1897,-7.6315,6.0784
385,12.833,1213,562,2087,1897,-4.7845,5.4858
386,12.867,1213,562,2087,1897,-4.0961,5.7142
387,12.900,1214,563,2087,1895,-6.2049,4.3082
388,12.933,1215,564,2087,1892,-4.6022,8.0663
389,12.967,1215,565,2088,1893,-5.3945,7.8193
390,13.000,1215,567,2089,1893,-5.0760,7.3473
391,13.033,1216,565,2088,1890,-5.3395,8.8329
392,13.067,1216,566,2088,1890,-5.9575,7.6151
393,13.100,1216,566,2088,1890,-6.3422,7.7423
394,13.133,1217,565,2086,1888,-6.1082,6.8380
395,13.167,1216,564,2086,1888,-6.5069,7.0850
396,13.200,1216,563,2087,1889,-5.2839,7.9229
397,13.233,1216,564,2086,1888,-6.4270,7.2290
398,13.267,1216,563,2086,1887,-5.6576,7.7409
399,13.300,1216,565,2086,1888,-6.0327,8.3175
400,13.333,1216,565,2086,1888,-6.1111,8.7214
401,13.367,1216,565,2086,1888,-6.1422,8.3799
402,13.400,1216,565,2087,1889,-5.7856,8.0465
403,13.433,1216,564,2087,1891,-5.5081,6.9907
404,13.467,1215,564,2087,1891,-4.7536,9.2138
405,13.500,1215,564,2088,1891,-3.3283,9.5070
406,13.533,1216,563,2088,1890,-7.4314,7.7388
407,13.567,1216,563,2088,1890,-7.4615,7.7404
408,13.600,1216,563,2088,1890,-7.2912,7.7964
409,13.633,1216,564,2088,1889,-4.2041,8.2489
410,13.667,1215,565,2088,1891,-4.1897,8.0078
411,13.700,1216,565,2088,1891,-4.7986,7.5630
412,13.733,1216,564,2088,1891,-6.3275,7.3050
413,13.767,1216,563,2088,1892,-5.0810,7.0406
414,13.800,1217,565,2088,1890,-7.1795,7.2280
415,13.833,1218,565,2088,1889,-7.7254,7.0229
416,13.867,1218,564,2088,1889,-4.9458,6.6497
417,13.900,1218,565,2088,1889,-7.5352,6.7344
418,13.933,1218,563,2088,1887,-5.1063,6.0239
419,13.967,1218,563,2088,1887,-5.4317,5.1561
420,14.000,1218,563,2088,1887,-6.8073,3.9116
421,14.033,1218,563,2088,1887,-6.9012,4.1576
422,14.067,1217,563,2088,1887,-6.2158,5.0603
423,14.100,1217,564,2088,1886,-4.7729,4.4994
424,14.133,1218,563,2088,1887,-7.6103,4.1551
425,14.167,1217,563,2088,1888,-7.6962,5.9532
426,14.200,1217,563,2088,1888,-8.2852,5.6240
427,14.233,1217,563,2088,1888,-7.8175,5.3877
428,14.267,1217,563,2088,1888,-7.6287,4.8043
429,14.300,1217,562,2088,1889,-5.8359,3.3278
430,14.333,1217,563,2088,1890,-6.6013,4.2096
431,14.367,1217,563,2088,1889,-6.0001,3.7288
432,14.400,1217,561,2088,1890,-5.5838,3.1721
433,14.433,1217,563,2088,1890,-6.0140,4.4816
434,14.467,1217,563,2089,1891,-4.2836,3.9349
435,14.500,1217,563,2089,1891,-4.3289,3.8743
436,14.533,1216,565,2089,1891,-4.5825,4.7979
437,14.567,1216,565,2089,1891,-4.5099,4.7869
438,14.600,1216,565,2089,1890,-4.3709,5.1478
439,14.633,1216,565,2089,1891,-4.0588,4.7956
440,14.667,1216,565,2089,1890,-4.4603,5.2553
441,14.700,1216,565,2089,1890,-3.9783,4.4402
442,14.733,1215,565,2089,1889,-4.2042,2.2135
443,14.767,1215,565,2089,1889,-3.9835,2.6382
444,14.800,1215,565,2090,1890,-4.5341,4.4162
445,14.833,1214,563,2089,1892,-5.3299,2.6690
446,14.867,1215,562,2089,1892,-6.0352,4.7631
447,14.900,1215,562,2089,1892,-6.2687,4.6283
448,14.933,1215,561,2089,1894,-6.9597,-0.3210
449,14.967,1216,561,2089,1894,-7.4403,2.9082
450,15.000,1217,559,2089,1892,-6.8785,5.3458
451,15.033,1217,559,2088,1891,-5.8057,5.0743
452,15.067,1216,560,2089,1892,-5.6082,4.2519
453,15.100,1216,559,2088,1891,-5.2124,6.1165
454,15.133,1217,559,2088,1891,-5.9126,4.0689
455,15.167,1217,559,2088,1891,-5.7421,4.0247
456,15.200,1217,559,2088,1891,-5.5488,3.3189
457,15.233,1217,559,2088,1890,-5.9139,5.0107
458,15.267,1217,559,2088,1891,-5.5186,4.5117
459,15.300,1217,559,2088,1890,-6.7239,5.4892
460,15.333,1217,559,2088,1890,-6.5803,5.5273
461,15.367,1217,559,2088,1890,-6.7575,5.4863
462,15.400,1217,559,2089,1890,-7.0993,3.9071
463,15.433,1217,559,2089,1890,-7.0927,3.2672
464,15.467,1217,559,2089,1891,-8.0370,5.0043
465,15.500,1217,559,2089,1890,-6.9112,3.1914
466,15.533,1217,559,2089,1890,-6.3638,3.4109
467,15.567,1216,560,2089,1892,-5.5631,3.7121
468,15.600,1216,560,2089,1891,-4.7903,3.2480
469,15.633,1215,560,2089,1891,-4.8327,4.2752
470,15.667,1215,558,2088,1893,-3.6388,5.2023
471,15.700,1215,559,2088,1893,-5.8559,5.2658
472,15.733,1216,558,2088,1893,-3.5387,4.1352
473,15.767,1216,559,2088,1893,-5.0287,4.8598
474,15.800,1215,559,2088,1894,-4.2198,4.8819
475,15.833,1215,559,2088,1894,-3.8301,4.7521
476,15.867,1215,558,2088,1895,-3.5668,5.9617
477,15.900,1215,558,2088,1895,-3.0109,5.6631
478,15.933,1215,558,2088,1895,-3.4965,5.3989
479,15.967,1215,559,2088,1895,-5.2517,6.1145
480,16.000,1214,559,2089,1900,-4.9577,6.1200
481,16.033,1214,558,2089,1899,-5.9648,4.3718
482,16.067,1214,558,2089,1899,-7.0250,3.8529
483,16.100,1214,561,2089,1898,-7.1907,4.9057
484,16.133,1215,562,2089,1898,-6.6534,5.4537
485,16.167,1214,563,2089,1899,-4.1144,5.3097
486,16.200,1214,562,2089,1898,-5.8412,6.2623
487,16.233,1214,563,2089,1899,-4.9661,5.4335
488,16.267,1213,563,2090,1900,-9.7166,4.1777
489,16.300,1213,564,2090,1901,-8.7112,3.7760
490,16.333,1213,563,2090,1901,-10.5833,4.6339
491,16.367,1213,563,2090,1902,-9.8450,4.7817
492,16.400,1213,563,2090,1902,-9.6415,4.7055
493,16.433,1213,564,2090,1901,-8.1462,4.2200
494,16.467,1213,564,2090,1901,-8.2389,4.2283
495,16.500,1213,564,2090,1901,-8.2035,3.8530
496,16.533,1213,566,2090,1901,-9.3090,3.4340
497,16.567,1213,566,2090,1898,-8.2786,3.9080
498,16.600,1214,567,2090,1897,-6.9372,3.9835
499,16.633,1214,566,2090,1896,-5.3866,3.6619
500,16.667,1214,567,2091,1895,-7.5216,4.7257
501,16.700,1213,566,2091,1895,-5.4406,4.9460
502,16.733,1213,566,2091,1895,-5.8871,4.8973
503,16.767,1213,565,2091,1894,-5.2496,4.5832
504,16.800,1213,566,2091,1895,-6.1651,4.3431
505,16.833,1214,565,2089,1893,-7.3307,4.1919
506,16.867,1214,565,2090,1893,-6.6939,4.1866
507,16.900,1214,564,2089,1892,-7.5738,4.5458
508,16.933,1214,564,2088,1891,-5.7429,3.1822
509,16.967,1214,564,2088,1888,-8.1370,4.3559
510,17.000,1215,562,2086,1886,-7.6690,5.0694
511,17.033,1214,563,2087,1887,-6.4969,5.2662
512,17.067,1214,562,2087,1888,-4.7066,3.9478
513,17.100,1214,562,2087,1888,-4.8224,4.2307
514,17.133,1213,561,2087,1888,-4.8093,4.4361
515,17.167,1213,561,2087,1888,-4.5815,4.8497
516,17.200,1213,561,2087,1888,-4.5144,4.6547
517,17.233,1213,561,2087,1888,-4.7296,4.6774
518,17.267,1213,561,2087,1888,-4.2947,4.7369
519,17.300,1213,560,2087,1886,-3.9056,5.4544
520,17.333,1213,559,2087,1886,-2.5671,5.0045
521,17.367,1213,560,2087,1886,-3.8241,4.2663
522,17.400,1214,560,2086,1884,-3.7478,6.2501
523,17.433,1214,559,2086,1885,-7.6910,5.7709
524,17.467,1214,559,2086,1885,-7.7592,6.0226
525,17.500,1214,558,2086,1885,-6.3964,5.4060
526,17.533,1214,558,2087,1886,-6.6534,6.3937
527,17.567,1218,576,2090,1874,-8.1953,6.1686
528,17.600,1214,556,2087,1884,-5.6059,6.2420
529,17.633,1215,557,2087,1882,-2.7646,5.4270
530,17.667,1215,557,2087,1882,-2.8316,5.4790
531,17.700,1216,555,2085,1875,-3.4978,7.1721
532,17.733,1216,556,2086,1876,-3.7209,5.5322
533,17.767,1215,555,2086,1878,-4.5185,6.3336
534,17.800,1216,556,2085,1876,-3.8568,5.0099
535,17.833,1216,555,2086,1878,-4.8986,6.4491
536,17.867,1216,555,2086,1877,-3.7984,5.7868
537,17.900,1216,555,2086,1878,-5.4142,6.0515
538,17.933,1215,555,2086,1882,-4.1833,6.5532
539,17.967,1215,555,2086,1882,-3.6391,7.0961
540,18.000,1214,553,2086,1883,-4.6257,5.8242
541,18.033,1214,553,2086,1885,-5.9162,5.8524
542,18.067,1214,552,2086,1886,-5.9622,3.0281
543,18.100,1214,552,2086,1885,-5.3003,4.4219
544,18.133,1214,553,2086,1885,-5.1165,5.0406
545,18.167,1215,559,2086,1877,-2.5570,2.7772
546,18.200,1214,558,2086,1877,-3.3557,3.5126
547,18.233,1214,558,2086,1877,-2.9831,3.5718
548,18.267,1214,558,2086,1877,-2.7995,3.4979
549,18.300,1213,558,2086,1877,-3.5502,1.4210
550,18.333,1214,558,2086,1878,-2.5819,4.0788
551,18.367,1213,558,2086,1878,-3.6325,3.4145
552,18.400,1214,558,2087,1878,-3.1905,5.3542
553,18.433,1214,558,2086,1876,-4.1275,4.7290
554,18.467,1214,559,2084,1876,-5.3947,1.6728
555,18.500,1214,559,2084,1876,-6.2867,1.8123
556,18.533,1214,559,2082,1878,-3.1046,2.9194
557,18.567,1214,560,2081,1880,-2.8080,1.6218
558,18.600,1213,559,2081,1881,-2.6644,2.1736
559,18.633,1213,560,2081,1880,-3.9341,4.1738
560,18.667,1214,560,2080,1878,-3.3559,2.7732
561,18.700,1214,561,2080,1879,-3.8881,2.4069
562,18.733,1214,562,2081,1879,-1.4156,3.6891
563,18.767,1214,563,2081,1881,-4.6185,3.5348
564,18.800,1214,562,2082,1879,-4.3767,5.0532
565,18.833,1214,562,2082,1879,-2.3607,4.4083
566,18.867,1215,564,2082,1879,-4.9849,3.9905
567,18.900,1215,565,2082,1879,-4.1687,2.5805
568,18.933,1215,566,2082,1879,-3.9809,1.3584
569,18.967,1216,564,2082,1877,-3.9558,2.0681
570,19.000,1215,562,2082,1879,-4.0687,1.7800
571,19.033,1215,562,2082,1878,-2.8759,2.7854
572,19.067,1215,562,2082,1879,-3.7929,3.0732
573,19.100,1215,562,2082,1879,-3.8383,2.7236
574,19.133,1215,563,2082,1878,-1.9934,3.1033
575,19.167,1215,562,2083,1879,-3.6777,2.4660
576,19.200,1215,563,2082,1879,-2.6922,2.8688
577,19.233,1215,563,2082,1879,-2.7277,2.3978
578,19.267,1215,562,2082,1879,-3.4684,1.8623
579,19.300,1214,562,2083,1879,-2.7232,3.0311
580,19.333,1214,562,2082,1879,-4.7881,2.4089
581,19.367,1213,562,2082,1878,-2.1455,3.0182
582,19.400,1213,562,2082,1879,-1.4095,2.7344
583,19.433,1214,562,2082,1879,-2.1124,1.4861
584,19.467,1214,561,2082,1879,0.1255,2.7454
585,19.500,1218,582,2086,1872,-4.1938,6.2188
586,19.533,1218,581,2086,1872,-2.6452,3.5895
587,19.567,1214,560,2083,1882,-2.1585,3.7178
588,19.600,1213,559,2083,1882,9.0395,5.1841
589,19.633,1212,559,2083,1883,7.1590,5.1422
590,19.667,1212,559,2084,1884,7.7188,3.5573
591,19.700,1213,559,2084,1883,8.6092,3.5067
592,19.733,1213,559,2084,1882,8.6599,3.7120
593,19.767,1213,559,2084,1882,8.8806,4.0334
594,19.800,1213,559,2083,1882,8.7245,4.4165
595,19.833,1213,559,2084,1883,6.5221,3.5099
596,19.867,1212,559,2084,1883,8.4676,2.9092
597,19.900,1212,556,2085,1886,7.1924,4.7605
598,19.933,1213,556,2086,1887,9.7587,4.6293
599,19.967,1216,556,2087,1882,7.8134,4.8644
600,20.000,1216,559,2088,1887,7.7040,4.6191
601,20.033,1216,558,2088,1882,7.1830,4.2414
602,20.067,1216,558,2088,1883,6.0112,4.2633
603,20.100,1216,559,2088,1882,6.4750,3.7966
604,20.133,1216,558,2088,1883,6.4064,3.8138
605,20.167,1216,558,2088,1881,7.6464,3.2654
606,20.200,1216,557,2089,1881,8.0900,3.5640
607,20.233,1216,557,2089,1881,8.5556,3.6933
608,20.267,1216,556,2089,1880,7.9292,2.2940
609,20.300,1216,554,2089,1877,8.5443,2.1672
610,20.333,1216,554,2089,1878,9.9918,1.6491
611,20.367,1216,554,2088,1877,8.6820,2.4885
612,20.400,1216,553,2088,1879,9.3722,1.0737
613,20.433,1216,553,2088,1878,9.1026,1.2352
614,20.467,1216,553,2088,1879,8.9148,1.5240
615,20.500,1216,553,2088,1879,8.7480,1.5326
616,20.533,1216,553,2088,1879,8.8850,1.8199
617,20.567,1216,552,2088,1880,9.8610,0.6352
618,20.600,1216,552,2088,1880,9.7970,0.7573
619,20.633,1216,552,2088,1880,9.8928,0.6689
620,20.667,1216,552,2089,1882,10.2558,-0.3510
621,20.700,1216,552,2088,1882,9.1025,1.6436
622,20.733,1216,551,2088,1882,9.0404,1.5213
623,20.767,1216,551,2088,1882,9.2287,1.5092
624,20.800,1216,551,2088,1883,8.0986,1.8278
625,20.833,1216,552,2088,1882,7.5939,2.3141
626,20.867,1216,553,2088,1882,9.0851,1.3618
627,20.900,1216,553,2088,1882,8.9600,2.0443
628,20.933,1216,554,2088,1882,7.8045,2.2865
629,20.967,1216,554,2088,1882,7.4343,1.7074
630,21.000,1214,554,2087,1879,8.9085,1.3779
631,21.033,1214,554,2088,1880,8.7299,2.5223
632,21.067,1214,553,2088,1881,9.5656,2.3596
633,21.100,1214,553,2088,1881,9.5565,2.1902
634,21.133,1214,553,2088,1882,8.1508,2.9841
635,21.167,1214,553,2088,1883,9.1240,2.6810
636,21.200,1214,553,2088,1883,9.1116,2.9220
637,21.233,1214,553,2088,1882,9.1963,2.7100
638,21.267,1214,553,2089,1884,8.4505,3.3745
639,21.300,1213,553,2089,1888,8.5112,3.1629
640,21.333,1213,553,2089,1888,8.3519,3.3311
641,21.367,1213,553,2089,1888,8.6391,3.7254
642,21.400,1213,553,2088,1889,8.8185,2.7687
643,21.433,1214,553,2088,1887,8.9791,2.5964
644,21.467,1214,553,2088,1887,8.9686,2.7290
645,21.500,1213,553,2088,1887,7.8396,3.4969
646,21.533,1213,553,2088,1887,7.5039,3.0268
647,21.567,1213,552,2088,1886,8.2884,2.9766
648,21.600,1213,552,2087,1886,6.7518,3.1411
649,21.633,1213,552,2087,1886,6.5336,3.1312
650,21.667,1213,553,2087,1886,8.2055,2.6598
651,21.700,1213,553,2087,1885,8.4667,3.8576
652,21.733,1214,553,2087,1885,9.2534,2.9827
653,21.767,1214,553,2087,1885,11.0312,2.7406
654,21.800,1214,554,2087,1886,10.5563,1.4147
655,21.833,1214,554,2087,1885,12.4662,2.4586
656,21.867,1214,554,2087,1885,12.3352,2.1256
657,21.900,1214,553,2087,1885,11.7715,3.1878
658,21.933,1214,553,2087,1884,12.5470,2.9420
659,21.967,1214,554,2087,1884,10.5423,2.2143
660,22.000,1214,556,2087,1883,7.5404,3.2319
661,22.033,1214,557,2087,1884,8.6429,1.7642
662,22.067,1215,557,2087,1884,7.3405,3.2527
663,22.100,1215,557,2087,1884,7.3235,3.1748
664,22.133,1215,557,2087,1884,6.0825,3.4901
665,22.167,1215,558,2086,1883,7.8759,2.7660
666,22.200,1215,558,2086,1883,7.3153,2.4515
667,22.233,1215,558,2087,1883,7.7591,2.2004
668,22.267,1215,558,2086,1883,8.1182,2.1045
669,22.300,1215,558,2087,1882,7.6932,2.1283
670,22.333,1215,558,2087,1882,7.6190,1.8760
671,22.367,1215,558,2087,1882,7.0795,1.8699
672,22.400,1215,558,2087,1881,8.1104,1.7019
673,22.433,1216,559,2086,1879,10.8182,2.1836
674,22.467,1217,561,2086,1874,5.8279,2.9932
675,22.500,1217,561,2086,1873,7.2572,3.0061
676,22.533,1218,560,2085,1870,7.3884,2.3609
677,22.567,1218,558,2085,1871,9.4172,4.2488
678,22.600,1218,558,2085,1871,9.5436,4.3648
679,22.633,1218,558,2085,1870,8.4315,4.2496
680,22.667,1219,558,2085,1871,8.1906,3.6604
681,22.700,1219,558,2085,1870,9.3594,4.1609
682,22.733,1219,557,2085,1871,7.9464,2.8428
683,22.767,1219,558,2085,1871,8.7209,3.4033
684,22.800,1219,556,2086,1871,7.9746,2.6643
685,22.833,1219,557,2086,1869,10.1518,5.3076
686,22.867,1219,557,2086,1865,9.1880,3.7933
687,22.900,1220,556,2087,1864,8.2103,3.6239
688,22.933,1220,557,2087,1864,10.8471,4.1111
689,22.967,1220,555,2087,1868,10.9383,2.8900
690,23.000,1219,557,2088,1870,8.5085,0.5559
691,23.033,1223,579,2092,1864,8.1975,2.4529
692,23.067,1219,556,2089,1872,9.7923,2.4624
693,23.100,1223,577,2092,1864,6.1442,2.2993
694,23.133,1220,555,2090,1871,7.3910,2.5055
695,23.167,1220,555,2089,1871,7.9056,3.0077
696,23.200,1220,555,2089,1871,7.7722,3.0938
697,23.233,1220,555,2089,1872,7.8796,1.6382
698,23.267,1220,555,2089,1871,6.7815,2.7610
699,23.300,1220,556,2089,1870,9.2999,2.5860
700,23.333,1219,555,2089,1870,8.0420,3.1726
701,23.367,1219,555,2089,1870,8.6099,3.2522
702,23.400,1219,555,2090,1872,6.5048,2.4617
703,23.433,1219,554,2090,1873,6.5401,2.5361
704,23.467,1219,555,2090,1872,6.6742,1.9308
705,23.500,1219,556,2090,1875,5.8806,1.4057
706,23.533,1220,556,2091,1876,6.9178,1.9604
707,23.567,1219,554,2092,1878,9.9736,2.0506
708,23.600,1219,554,2092,1878,9.6261,2.0504
709,23.633,1219,554,2092,1879,8.8192,2.9152
710,23.667,1219,554,2092,1879,9.4123,3.3596
711,23.700,1219,553,2092,1879,7.8460,2.4698
712,23.733,1219,553,2092,1877,7.9701,2.3400
713,23.767,1219,553,2092,1878,9.6726,2.2383
714,23.800,1223,585,2090,1853,11.0569,2.0193
715,23.833,1223,584,2090,1853,13.6354,2.0478
716,23.867,1223,584,2091,1854,11.3032,2.1152
717,23.900,1223,584,2091,1854,11.1730,1.3215
718,23.933,1222,582,2091,1855,11.9104,3.1266
719,23.967,1223,582,2091,1857,11.9960,3.8730
720,24.000,1222,582,2090,1856,9.8378,2.5843
721,24.033,1222,582,2090,1858,11.5050,1.0417
722,24.067,1221,581,2091,1858,11.8032,1.6290
723,24.100,1220,581,2091,1861,11.6331,3.1760
724,24.133,1220,581,2092,1860,12.1199,2.5531
725,24.167,1219,582,2092,1860,11.8530,2.1595
726,24.200,1219,584,2091,1859,12.1131,3.0124
727,24.233,1219,583,2091,1860,10.3919,1.3896
728,24.267,1219,583,2091,1860,9.6854,2.2552
729,24.300,1220,582,2091,1861,10.8419,3.5340
730,24.333,1220,581,2091,1860,10.7468,3.3561
731,24.367,1220,580,2091,1860,10.9519,2.2895
732,24.400,1220,579,2091,1860,9.7015,2.9330
733,24.433,1220,580,2091,1861,8.9792,3.6499
734,24.467,1220,580,2091,1860,9.8021,1.3185
735,24.500,1220,580,2091,1860,9.8312,1.5126
736,24.533,1219,580,2092,1861,10.2233,4.0311
737,24.567,1219,580,2092,1863,10.0795,3.7799
738,24.600,1219,580,2092,1863,9.8443,3.7346
739,24.633,1219,578,2093,1864,10.0329,1.3022
740,24.667,1219,577,2093,1866,9.8294,2.3819
741,24.700,1219,578,2092,1865,9.0887,2.1724
742,24.733,1219,579,2092,1865,8.0406,3.2897
743,24.767,1219,580,2093,1867,11.6142,1.3024
744,24.800,1218,580,2092,1869,10.7147,2.8726
745,24.833,1218,580,2092,1871,9.8458,4.2844
746,24.867,1218,578,2093,1872,6.9772,2.8335
747,24.900,1218,579,2092,1872,8.7790,3.1951
748,24.933,1219,579,2092,1871,6.4644,2.8252
749,24.967,1219,579,2091,1869,7.8835,2.6837
750,25.000,1219,581,2091,1869,6.2313,5.7012
751,25.033,1219,581,2090,1869,7.0626,5.2359
752,25.067,1217,558,2088,1878,9.2192,4.9225
753,25.100,1217,558,2088,1878,9.1694,4.4010
754,25.133,1217,558,2087,1877,7.5114,3.8638
755,25.167,1217,558,2086,1873,8.3410,4.1355
756,25.200,1218,580,2090,1865,7.4599,6.2378
757,25.233,1218,581,2090,1865,8.7723,6.0337
758,25.267,1217,581,2089,1865,8.9525,6.2736
759,25.300,1217,580,2089,1864,8.6439,7.1228
760,25.333,1217,580,2089,1865,8.6998,7.5468
761,25.367,1217,580,2089,1865,9.2068,7.8765
762,25.400,1216,580,2089,1866,11.1695,5.5941
763,25.433,1216,580,2089,1867,10.0302,6.9386
764,25.467,1216,580,2089,1867,10.1055,7.8805
765,25.500,1216,580,2089,1866,11.1514,5.7000
766,25.533,1216,581,2089,1866,9.9622,7.0386
767,25.567,1214,560,2085,1876,16.9450,7.1043
768,25.600,1216,582,2089,1868,18.3009,6.8003
769,25.633,1216,582,2089,1870,18.6667,6.6423
770,25.667,1216,581,2089,1868,16.4087,7.1841
771,25.700,1216,580,2088,1868,17.6861,7.4254
772,25.733,1217,580,2088,1868,16.8241,7.6250
773,25.767,1216,580,2088,1869,18.1700,7.8476
774,25.800,1216,580,2088,1870,17.7407,5.6112
775,25.833,1216,580,2088,1872,18.0115,5.7477
776,25.867,1216,580,2088,1872,18.4771,6.1594
777,25.900,1215,580,2088,1872,18.7009,5.6308
778,25.933,1215,580,2089,1871,17.1005,5.6078
779,25.967,1216,579,2089,1872,17.1579,5.8812
780,26.000,1218,580,2090,1873,16.0605,3.9655
781,26.033,1219,580,2090,1873,18.8164,4.1800
782,26.067,1219,579,2090,1875,18.2195,3.6455
783,26.100,1219,578,2090,1875,21.2663,4.3879
784,26.133,1219,579,2089,1873,19.4903,4.3473
785,26.167,1219,579,2090,1872,20.3452,4.8117
786,26.200,1219,579,2089,1872,20.2586,4.1951
787,26.233,1219,579,2089,1872,20.1906,4.2865
788,26.267,1220,579,2089,1872,20.6415,2.4213
789,26.300,1219,579,2089,1872,20.0860,3.8987
790,26.333,1219,579,2089,1872,20.0648,4.0383
791,26.367,1219,579,2089,1872,19.9836,4.1496
792,26.400,1219,578,2089,1872,20.2783,3.4533
793,26.433,1220,579,2089,1871,19.5195,1.2816
794,26.467,1220,579,2089,1871,19.5045,1.5574
795,26.500,1220,580,2089,1872,19.2755,3.1902
796,26.533,1220,578,2089,1871,20.1215,1.8385
797,26.567,1220,579,2089,1869,19.9429,2.8740
798,26.600,1221,578,2089,1867,19.8177,2.8723
799,26.633,1221,578,2089,1867,19.5934,2.8116
800,26.667,1221,576,2089,1866,17.5778,2.6388
801,26.700,1221,577,2089,1864,19.5309,1.6311
802,26.733,1221,577,2089,1864,19.2191,1.7793
803,26.767,1221,578,2089,1864,20.1635,1.3648
804,26.800,1221,578,2089,1864,21.2607,2.4949
805,26.833,1221,577,2090,1865,19.4037,3.0621
806,26.867,1221,578,2090,1866,19.6027,1.7985
807,26.900,1221,578,2090,1866,19.6909,1.4955
808,26.933,1221,578,2090,1866,20.1485,1.2711
809,26.967,1220,579,2091,1866,21.9256,3.4380
810,27.000,1220,579,2091,1867,20.3181,5.0971
811,27.033,1220,579,2091,1867,20.2499,5.3624
812,27.067,1220,578,2091,1867,20.7635,4.9653
813,27.100,1220,579,2091,1867,20.0001,5.3418
814,27.133,1220,579,2091,1866,19.3757,5.1631
815,27.167,1220,578,2091,1866,20.3180,3.6354
816,27.200,1220,579,2091,1866,19.8302,4.9813
817,27.233,1220,579,2091,1867,19.9740,4.3754
818,27.267,1220,579,2092,1867,19.1057,5.2454
819,27.300,1220,578,2092,1867,22.2902,3.5099
820,27.333,1220,577,2092,1867,21.4178,2.6623
821,27.367,1220,577,2092,1867,21.1398,2.4785
822,27.400,1220,577,2092,1866,20.6111,1.3583
823,27.433,1220,576,2092,1866,19.7645,2.2109
824,27.467,1220,576,2092,1866,19.8777,2.2428
825,27.500,1220,577,2092,1866,20.3169,1.8808
826,27.533,1221,577,2091,1865,19.8468,2.8197
827,27.567,1220,577,2091,1865,19.8605,2.3180
828,27.600,1220,577,2091,1865,19.7606,2.5881
829,27.633,1220,577,2091,1865,19.8712,2.4309
830,27.667,1220,577,2091,1864,20.1213,1.9747
831,27.700,1221,578,2091,1863,20.7511,1.9445
832,27.733,1221,577,2091,1864,19.3619,2.8957
833,27.767,1220,577,2091,1864,18.8104,2.3269
834,27.800,1220,577,2091,1863,18.1705,2.6001
835,27.833,1220,576,2091,1864,17.3148,4.3456
836,27.867,1220,576,2091,1864,17.7125,4.7398
837,27.900,1220,576,2091,1864,17.2747,4.5513
838,27.933,1220,576,2091,1864,17.6644,4.4373
839,27.967,1220,577,2091,1864,19.1586,1.5914
840,28.000,1219,576,2091,1865,19.0332,1.7180
841,28.033,1219,576,2092,1865,20.3357,2.5561
842,28.067,1219,576,2092,1865,19.6689,2.7731
843,28.100,1219,576,2092,1865,19.7148,2.5811
844,28.133,1219,576,2092,1865,20.9571,2.3979
845,28.167,1219,576,2092,1865,20.7458,2.8141
846,28.200,1219,576,2092,1865,20.3665,2.8798
847,28.233,1219,576,2092,1865,20.3146,2.9123
848,28.267,1219,575,2092,1866,18.9686,1.9528
849,28.300,1219,576,2092,1866,20.1455,2.0496
850,28.333,1219,576,2092,1866,20.1553,2.1924
851,28.367,1219,575,2092,1866,18.8678,2.0722
852,28.400,1218,576,2092,1865,18.7057,2.1458
853,28.433,1218,577,2091,1863,18.6627,2.9227
854,28.467,1218,578,2091,1863,18.6038,3.2415
855,28.500,1218,578,2091,1862,18.3106,3.7812
856,28.533,1219,578,2091,1861,19.9988,2.6083
857,28.567,1219,577,2091,1861,19.0632,2.6826
858,28.600,1219,577,2091,1861,18.9966,2.5407
859,28.633,1219,577,2091,1861,18.6666,2.2112
860,28.667,1219,577,2091,1861,19.1762,2.4916
861,28.700,1219,578,2091,1862,21.0860,1.2627
862,28.733,1219,578,2091,1861,19.7487,1.7990
863,28.767,1218,578,2091,1863,19.1509,3.6398
864,28.800,1218,577,2091,1863,18.6010,2.0738
865,28.833,1218,579,2091,1862,16.2360,3.0199
866,28.867,1218,579,2091,1862,16.4682,3.2310
867,28.900,1218,579,2091,1862,17.0276,2.8703
868,28.933,1219,581,2090,1860,17.8741,1.1574
869,28.967,1219,581,2090,1859,16.7829,0.9891
870,29.000,1219,578,2091,1859,19.2736,-0.8891
871,29.033,1219,578,2091,1859,19.2265,-0.7503
872,29.067,1219,578,2091,1860,16.5397,-0.9084
873,29.100,1219,578,2091,1860,16.9546,-1.1228
874,29.133,1219,578,2091,1859,19.2372,-0.1979
875,29.167,1219,579,2091,1858,19.0333,1.7274
876,29.200,1219,580,2091,1859,16.1262,1.4768
877,29.233,1220,579,2091,1863,18.6682,1.5952
878,29.267,1218,581,2092,1863,17.8185,1.6936
879,29.300,1218,580,2092,1863,17.8272,2.4424
880,29.333,1218,580,2092,1863,18.0843,2.3443
881,29.367,1218,581,2092,1863,17.4701,2.3381
882,29.400,1218,580,2091,1864,17.4608,1.4939
883,29.433,1218,580,2092,1867,19.5250,3.6523
884,29.467,1218,580,2091,1867,19.3320,1.6829
885,29.500,1218,581,2091,1867,18.4451,3.6057
886,29.533,1217,580,2091,1868,19.1105,2.5899
887,29.567,1218,581,2091,1868,20.0815,4.5896
888,29.600,1217,581,2091,1867,19.7417,3.7883
889,29.633,1217,580,2091,1867,19.3428,4.0302
890,29.667,1217,580,2091,1868,20.0867,3.4198
891,29.700,1218,580,2091,1865,18.8200,2.5975
892,29.733,1217,576,2092,1867,18.2860,3.5554
893,29.767,1217,578,2092,1868,19.3746,3.4633
894,29.800,1217,579,2092,1867,20.4221,3.3578
895,29.833,1217,580,2091,1866,20.2519,4.9456
896,29.867,1217,580,2091,1864,20.3385,3.0603
897,29.900,1218,580,2090,1864,22.1996,5.3256
898,29.933,1218,580,2089,1861,21.7828,6.0049
899,29.967,1218,582,2089,1860,19.7088,4.4590
900,30.000,1219,581,2088,1860,20.6866,5.4220
901,30.033,1220,579,2087,1859,20.9747,2.0351
902,30.067,1220,579,2088,1859,19.3990,3.1383
903,30.100,1220,578,2088,1861,18.6792,1.7357
904,30.133,1221,578,2088,1860,18.4391,0.0415
905,30.167,1221,577,2088,1861,19.6023,1.7122
906,30.200,1218,555,2084,1867,22.6918,2.8736
907,30.233,1218,555,2084,1867,23.2043,2.6409
908,30.267,1222,577,2087,1857,22.0243,-0.6602
909,30.300,1222,577,2087,1856,21.6968,-0.5412
910,30.333,1221,577,2087,1857,21.5781,-0.5460
911,30.367,1221,577,2088,1857,18.7027,1.4301
912,30.400,1221,576,2088,1858,20.1793,-0.0222
913,30.433,1221,576,2088,1859,20.6567,1.8604
914,30.467,1221,576,2088,1859,20.6414,2.1528
915,30.500,1221,576,2089,1859,20.6701,3.1987
916,30.533,1221,573,2089,1861,21.3518,0.8242
917,30.567,1221,573,2089,1863,21.4175,1.6398
918,30.600,1220,572,2090,1863,20.3696,2.0983
919,30.633,1221,572,2090,1862,20.7189,4.1989
920,30.667,1221,571,2089,1863,18.3740,4.9458
921,30.700,1221,573,2090,1864,20.8569,3.9466
922,30.733,1221,573,2090,1863,21.2492,2.0827
923,30.767,1221,572,2090,1863,21.1050,3.7863
924,30.800,1221,573,2090,1863,21.2259,3.2121
925,30.833,1221,572,2090,1865,20.0598,5.4231
926,30.867,1217,549,2087,1874,20.2713,5.3437
927,30.900,1217,548,2087,1873,20.4854,5.3009
928,30.933,1221,568,2091,1865,19.6428,5.0114
929,30.967,1221,568,2091,1866,19.3639,3.6152
930,31.000,1216,545,2091,1880,22.4864,5.1309
931,31.033,1217,544,2091,1880,21.9747,5.8063
932,31.067,1217,544,2091,1880,22.2069,6.2995
933,31.100,1222,566,2094,1869,18.9142,1.2268
934,31.133,1223,564,2094,1869,18.8201,4.9399
935,31.167,1218,544,2092,1880,21.2583,6.8444
936,31.200,1223,567,2094,1870,19.3070,3.1202
937,31.233,1218,544,2091,1882,20.6906,6.0260
938,31.267,1218,544,2091,1883,21.8264,4.8986
939,31.300,1218,546,2091,1883,23.5606,6.0991
940,31.333,1218,546,2091,1883,23.7928,5.8543
941,31.367,1219,547,2091,1883,25.5106,6.8279
942,31.400,1219,548,2090,1884,25.1341,7.2963
943,31.433,1219,550,2090,1883,22.2460,9.3144
944,31.467,1219,551,2091,1883,23.9184,7.4622
945,31.500,1219,552,2091,1884,23.3935,8.4590
946,31.533,1219,552,2091,1883,22.5864,7.1952
947,31.567,1219,550,2092,1882,24.6047,7.0973
948,31.600,1220,550,2092,1881,22.6062,7.1610
949,31.633,1221,551,2092,1882,21.3845,8.9815
950,31.667,1222,551,2091,1879,23.2250,9.0925
951,31.700,1221,552,2092,1881,24.6310,10.3710
952,31.733,1221,552,2091,1881,23.4719,9.2457
953,31.767,1221,552,2092,1882,22.9720,9.7338
954,31.800,1222,552,2092,1881,21.6382,9.0303
955,31.833,1221,552,2093,1882,23.0530,9.8462
956,31.867,1221,552,2093,1883,23.8855,9.4877
957,31.900,1221,552,2093,1883,24.1272,9.2678
958,31.933,1221,553,2093,1882,23.5411,10.2442
959,31.967,1221,552,2093,1881,24.2083,10.1557
960,32.000,1222,552,2093,1880,19.7503,5.7552
961,32.033,1222,550,2093,1879,21.6626,7.5981
962,32.067,1222,549,2092,1879,19.6584,9.1076
963,32.100,1222,550,2092,1879,21.0108,8.1374
964,32.133,1222,549,2092,1877,21.8937,8.7991
965,32.167,1222,549,2091,1877,21.0668,6.7028
966,32.200,1222,549,2091,1877,20.9229,6.8364
967,32.233,1222,549,2092,1877,21.2606,8.3256
968,32.267,1222,549,2092,1876,22.1768,6.5549
969,32.300,1222,549,2092,1876,21.8721,6.3011
970,32.333,1222,550,2091,1877,20.7619,7.8127
971,32.367,1222,550,2092,1877,22.5026,6.9808
972,32.400,1222,549,2092,1876,21.5581,7.7351
973,32.433,1221,549,2092,1879,22.2291,7.0692
974,32.467,1222,549,2091,1878,22.6503,7.8867
975,32.500,1222,549,2091,1879,22.2969,6.3549
976,32.533,1222,551,2091,1880,20.7872,8.7379
977,32.567,1222,552,2092,1880,21.5165,6.8063
978,32.600,1223,553,2091,1876,20.9532,5.6040
979,32.633,1223,550,2093,1882,19.6427,6.4539
980,32.667,1223,551,2092,1879,19.1139,5.4967
981,32.700,1224,550,2093,1880,20.2007,6.6930
982,32.733,1224,549,2093,1880,19.9233,5.4151
983,32.767,1224,547,2093,1881,19.4144,8.8488
984,32.800,1224,547,2094,1881,20.7630,7.3795
985,32.833,1224,547,2094,1881,21.3809,7.8344
986,32.867,1224,547,2094,1881,21.5148,7.6706
987,32.900,1224,546,2094,1881,20.1020,7.7216
988,32.933,1224,546,2094,1881,19.8080,8.1239
989,32.967,1224,547,2094,1882,20.1331,7.9799
990,33.000,1223,543,2092,1881,20.6105,5.7905
991,33.033,1223,544,2093,1883,18.9373,5.5598
992,33.067,1223,544,2093,1883,18.6800,5.4602
993,33.100,1223,545,2093,1883,19.3489,6.6896
994,33.133,1223,545,2093,1885,19.9971,6.5135
995,33.167,1223,545,2092,1885,19.7818,6.5560
996,33.200,1223,545,2092,1885,19.5832,6.3728
997,33.233,1223,545,2092,1886,18.8990,5.7760
998,33.267,1223,544,2092,1886,20.7191,5.5114
999,33.300,1222,547,2092,1886,20.3731,7.6361
1000,33.333,1222,546,2093,1887,22.0944,8.7632
1001,33.367,1222,547,2094,1887,20.3198,7.2938
1002,33.400,1222,544,2095,1887,18.1050,7.5970
1003,33.433,1222,545,2095,1886,20.9941,8.6453
1004,33.467,1222,545,2095,1886,21.4226,8.5480
1005,33.500,1222,544,2095,1886,19.1449,7.2092
1006,33.533,1222,545,2094,1884,22.5539,7.8920
1007,33.567,1222,545,2094,1884,23.0193,7.7104
1008,33.600,1222,545,2094,1884,22.4982,7.8064
1009,33.633,1222,545,2094,1884,22.5062,7.7072
1010,33.667,1222,544,2094,1884,21.5887,6.6344
1011,33.700,1222,544,2094,1884,20.1620,5.9026
1012,33.733,1223,544,2094,1884,19.8258,6.3273
1013,33.767,1223,546,2094,1885,22.1776,7.4826
1014,33.800,1222,554,2089,1875,20.2405,6.5937
1015,33.833,1225,548,2094,1882,20.0576,7.6373
1016,33.867,1225,548,2094,1882,20.3257,7.5473
1017,33.900,1225,547,2093,1881,19.2678,6.6198
1018,33.933,1225,546,2094,1881,18.2850,4.7490
1019,33.967,1225,547,2093,1879,21.2936,6.1752
1020,34.000,1222,554,2089,1875,21.1300,7.0601
1021,34.033,1222,555,2089,1875,21.4258,8.4269
1022,34.067,1222,556,2089,1875,22.2286,7.1313
1023,34.100,1222,556,2089,1874,22.6809,7.7033
1024,34.133,1223,555,2089,1874,21.2485,8.0474
1025,34.167,1223,555,2090,1872,21.3934,9.3133
1026,34.200,1223,555,2090,1872,21.5681,9.5699
1027,34.233,1223,554,2090,1872,21.5503,6.4678
1028,34.267,1223,556,2090,1870,23.0049,6.9061
1029,34.300,1224,557,2090,1869,23.6217,7.0170
1030,34.333,1224,557,2090,1868,24.0847,6.7894
1031,34.367,1225,555,2090,1866,23.0371,7.7348
1032,34.400,1225,557,2090,1867,23.4718,4.7981
1033,34.433,1225,556,2090,1868,25.0132,5.7626
1034,34.467,1225,556,2090,1868,24.6372,6.5190
1035,34.500,1225,556,2090,1868,24.5908,6.3385
1036,34.533,1224,556,2090,1869,23.5522,6.1489
1037,34.567,1224,555,2090,1869,23.3380,5.8357
1038,34.600,1224,555,2090,1871,21.9322,6.0138
1039,34.633,1224,555,2090,1870,22.2781,8.5755
1040,34.667,1224,555,2090,1870,22.6599,8.5609
1041,34.700,1224,558,2090,1869,23.6131,8.3148
1042,34.733,1224,558,2090,1869,23.6229,8.0075
1043,34.767,1225,558,2090,1871,22.4685,8.0883
1044,34.800,1225,558,2090,1874,22.6585,7.9498
1045,34.833,1225,559,2089,1874,23.0374,6.6858
1046,34.867,1226,558,2090,1876,20.8849,6.6116
1047,34.900,1226,558,2089,1873,22.9026,7.7387
1048,34.933,1226,560,2089,1876,21.7571,6.5087
1049,34.967,1226,561,2089,1874,20.8319,8.1010
1050,35.000,1226,557,2089,1873,23.7666,5.2100
1051,35.033,1226,557,2089,1873,24.0213,5.4747
1052,35.067,1229,556,2094,1881,23.5082,7.1353
1053,35.100,1229,556,2094,1880,23.1827,7.2495
1054,35.133,1229,557,2094,1879,21.6588,6.6729
1055,35.167,1229,557,2094,1880,22.4044,5.4789
1056,35.200,1229,557,2094,1879,21.9091,5.8808
1057,35.233,1229,557,2094,1879,21.8921,5.7329
1058,35.267,1229,557,2094,1879,20.9591,5.1521
1059,35.300,1229,557,2094,1878,22.6815,5.3008
1060,35.333,1229,558,2094,1878,21.7339,5.5964
1061,35.367,1229,558,2094,1878,21.6662,5.5383
1062,35.400,1229,558,2094,1877,20.4151,4.6927
1063,35.433,1230,559,2094,1878,22.6633,8.2161
1064,35.467,1230,558,2094,1878,21.2644,8.7376
1065,35.500,1230,559,2094,1879,20.2373,9.3575
1066,35.533,1230,559,2094,1879,21.0491,8.2437
1067,35.567,1230,560,2094,1879,23.9528,9.2921
1068,35.600,1231,560,2094,1878,21.0274,7.4549
1069,35.633,1230,559,2094,1880,21.9716,9.8387
1070,35.667,1231,557,2094,1879,21.6256,6.0510
1071,35.700,1231,557,2094,1878,21.4983,7.1242
1072,35.733,1230,557,2095,1879,21.1420,5.7905
1073,35.767,1230,558,2095,1880,21.5838,8.8757
1074,35.800,1230,559,2095,1879,23.7544,8.0385
1075,35.833,1231,559,2094,1877,20.5192,8.7219
1076,35.867,1231,559,2094,1876,20.4755,8.1699
1077,35.900,1231,558,2094,1877,21.7090,6.2968
1078,35.933,1231,558,2094,1876,24.4627,6.9853
1079,35.967,1235,566,2092,1867,21.5181,7.7021
1080,36.000,1232,558,2092,1866,21.2977,5.0352
1081,36.033,1233,560,2092,1865,22.7849,8.2519
1082,36.067,1233,560,2091,1865,22.1511,6.7073
1083,36.100,1232,561,2091,1864,21.3664,8.9246
1084,36.133,1232,564,2091,1864,22.3440,8.2478
1085,36.167,1232,563,2091,1864,19.8142,8.6556
1086,36.200,1232,564,2091,1863,22.4934,7.3533
1087,36.233,1232,564,2091,1864,21.7425,8.5314
1088,36.267,1232,563,2091,1865,19.6920,7.2491
1089,36.300,1233,563,2091,1865,19.7995,5.5662
1090,36.333,1232,563,2091,1865,19.7032,6.1242
1091,36.367,1232,563,2091,1865,19.4988,6.5407
1092,36.400,1233,561,2091,1864,21.5811,7.8420
1093,36.433,1233,561,2091,1866,22.1262,7.5297
1094,36.467,1233,562,2091,1865,22.6668,7.4491
1095,36.500,1233,561,2091,1866,22.4379,7.8084
1096,36.533,1234,563,2091,1865,22.8914,8.1891
1097,36.567,1234,563,2092,1867,22.9906,6.9870
1098,36.600,1235,564,2091,1862,24.1780,6.5363
1099,36.633,1235,563,2092,1864,23.2408,7.4890
1100,36.667,1235,561,2091,1865,22.7544,7.3028
1101,36.700,1236,565,2092,1867,22.5366,9.7502
1102,36.733,1236,568,2093,1866,19.9221,8.3126
1103,36.767,1236,569,2094,1868,22.3333,7.0528
1104,36.800,1236,567,2094,1870,18.3426,5.9968
1105,36.833,1235,570,2094,1872,24.9991,6.6734
1106,36.867,1235,569,2094,1872,25.1976,5.9734
1107,36.900,1235,570,2094,1873,25.1593,6.2198
1108,36.933,1236,571,2094,1871,23.0155,7.2319
1109,36.967,1236,571,2093,1871,25.0121,7.0597
1110,37.000,1235,572,2094,1877,24.2204,6.8713
1111,37.033,1235,571,2094,1881,22.5127,5.1271
1112,37.067,1235,571,2094,1882,22.7891,5.9751
1113,37.100,1234,571,2095,1881,22.4095,7.2487
1114,37.133,1234,570,2095,1881,22.6659,6.2893
1115,37.167,1234,570,2095,1881,21.6357,7.0485
1116,37.200,1234,570,2095,1879,20.5007,6.5107
1117,37.233,1234,571,2095,1879,21.4840,7.4578
1118,37.267,1235,571,2095,1877,21.6090,6.6994
1119,37.300,1235,570,2096,1879,21.5490,5.5052
1120,37.333,1235,571,2095,1878,21.7895,7.8051
1121,37.367,1235,570,2096,1878,22.3199,7.2288
1122,37.400,1235,570,2096,1878,21.8234,6.6364
1123,37.433,1235,570,2096,1878,21.5759,7.7855
1124,37.467,1235,570,2096,1878,21.3496,8.0505
1125,37.500,1235,570,2096,1878,21.5398,7.9144
1126,37.533,1235,571,2096,1877,20.9480,8.0650
1127,37.567,1235,571,2096,1876,21.3954,6.9877
1128,37.600,1235,570,2096,1877,20.8956,6.8788
1129,37.633,1235,570,2096,1877,21.2655,6.9743
1130,37.667,1236,571,2095,1876,22.5887,7.7883
1131,37.700,1236,573,2095,1874,23.0907,9.0074
1132,37.733,1235,573,2095,1874,20.7245,9.0160
1133,37.767,1236,573,2095,1874,22.1925,9.5606
1134,37.800,1236,574,2096,1875,20.1728,8.8832
1135,37.833,1236,572,2096,1875,20.7009,11.2247
1136,37.867,1235,572,2096,1875,20.3664,9.8980
1137,37.900,1236,571,2096,1875,22.3240,10.3864
1138,37.933,1236,570,2096,1874,21.9081,9.1385
1139,37.967,1236,570,2096,1874,21.6754,9.6469
1140,38.000,1235,571,2097,1876,20.9210,10.8821
1141,38.033,1235,571,2097,1876,21.2028,11.0823
1142,38.067,1235,571,2097,1876,21.1129,11.0440
1143,38.100,1235,571,2097,1876,21.2522,11.0463
1144,38.133,1235,571,2097,1876,21.0750,11.0008
1145,38.167,1235,571,2097,1876,19.7056,10.4520
1146,38.200,1235,571,2097,1877,19.8151,10.4860
1147,38.233,1235,572,2097,1878,23.0565,9.3082
1148,38.267,1235,571,2097,1880,20.8657,9.9699
1149,38.300,1236,572,2097,1878,23.5400,10.3470
1150,38.333,1236,572,2097,1877,23.9928,10.8811
1151,38.367,1236,572,2096,1877,23.9352,10.7544
1152,38.400,1236,572,2096,1876,24.7012,10.1584
1153,38.433,1236,574,2096,1875,23.8566,8.8323
1154,38.467,1236,574,2095,1874,24.3684,9.1805
1155,38.500,1236,574,2096,1874,22.5363,8.0307
1156,38.533,1236,574,2096,1873,22.2296,8.8405
1157,38.567,1236,575,2095,1876,21.0627,9.2120
1158,38.600,1235,575,2095,1878,22.0703,11.5854
1159,38.633,1234,574,2096,1880,20.3480,10.0379
1160,38.667,1234,571,2095,1878,20.1594,9.7872
1161,38.700,1233,570,2095,1880,20.7469,11.1362
1162,38.733,1233,571,2095,1880,20.3780,10.6374
1163,38.767,1233,571,2095,1879,22.0345,9.4408
1164,38.800,1233,571,2094,1879,20.2357,11.4198
1165,38.833,1233,571,2095,1879,22.2253,8.5613
1166,38.867,1232,572,2095,1879,19.8908,9.9208
1167,38.900,1233,571,2095,1879,22.3686,8.9294
1168,38.933,1233,571,2095,1879,22.5797,8.9547
1169,38.967,1232,571,2095,1880,21.6895,10.4250
1170,39.000,1232,571,2095,1882,19.0638,10.7255
1171,39.033,1232,570,2095,1882,18.5724,10.0770
1172,39.067,1232,569,2095,1882,17.5093,9.9237
1173,39.100,1232,569,2095,1882,17.2671,9.8083
1174,39.133,1231,570,2094,1881,18.1824,11.3472
1175,39.167,1232,571,2094,1881,18.2586,10.0126
1176,39.200,1232,571,2094,1880,18.3512,9.8654
1177,39.233,1232,572,2093,1879,19.9209,11.0324
1178,39.267,1231,573,2093,1878,19.5813,9.0617
1179,39.300,1231,573,2093,1877,20.2056,11.1038
1180,39.333,1231,573,2093,1876,19.2475,10.5596
1181,39.367,1231,574,2093,1876,18.7143,9.5948
1182,39.400,1231,572,2093,1876,18.7616,11.3958
1183,39.433,1231,572,2092,1876,19.3862,13.4386
1184,39.467,1231,572,2092,1876,19.1400,13.5093
1185,39.500,1232,573,2092,1876,19.4636,11.6652
1186,39.533,1232,573,2092,1876,18.8224,12.0525
1187,39.567,1232,573,2092,1876,18.6779,11.0206
1188,39.600,1231,573,2093,1877,19.9545,10.3552
1189,39.633,1231,573,2093,1877,19.6324,10.5671
1190,39.667,1232,572,2093,1876,18.6298,10.6537
1191,39.700,1232,573,2093,1875,18.9945,11.2288
1192,39.733,1232,573,2093,1875,18.8551,10.9785
1193,39.767,1232,573,2093,1875,18.8780,11.0684
1194,39.800,1232,573,2093,1874,18.8891,10.5782
1195,39.833,1231,572,2093,1876,19.5927,10.9719
1196,39.867,1231,572,2093,1876,19.4005,10.5254
1197,39.900,1232,572,2093,1876,19.6089,12.8034
1198,39.933,1232,571,2094,1877,19.1862,11.9940
1199,39.967,1232,569,2094,1877,19.9599,10.2182
1200,40.000,1234,569,2094,1878,19.4574,12.9081
1201,40.033,1234,569,2094,1877,20.8362,12.2206
1202,40.067,1234,569,2094,1877,20.7185,11.8024
1203,40.100,1234,569,2094,1877,21.0823,11.8091
1204,40.133,1234,569,2094,1876,19.3636,10.6722
1205,40.167,1234,569,2093,1875,19.3321,12.4896
1206,40.200,1234,568,2093,1875,19.3942,10.3002
1207,40.233,1234,569,2093,1875,19.6511,12.4203
1208,40.267,1234,569,2093,1875,18.9712,12.0452
1209,40.300,1234,569,2093,1874,20.5779,12.3035
1210,40.333,1234,570,2093,1874,20.2158,12.2162
1211,40.367,1235,569,2093,1874,19.2654,10.9998
1212,40.400,1234,570,2094,1874,20.2289,11.3085
1213,40.433,1234,569,2093,1872,22.9798,11.3365
1214,40.467,1234,568,2094,1872,20.6559,10.9408
1215,40.500,1234,568,2094,1872,20.9133,10.9881
1216,40.533,1235,567,2094,1871,20.9531,9.6755
1217,40.567,1235,568,2094,1870,19.5296,7.7325
1218,40.600,1235,568,2094,1871,19.6157,8.9496
1219,40.633,1235,568,2094,1871,19.4185,8.7272
1220,40.667,1235,568,2094,1873,20.3892,10.2683
1221,40.700,1234,565,2095,1875,17.3019,10.9717
1222,40.733,1234,564,2096,1873,17.9032,10.3132
1223,40.767,1234,563,2096,1874,19.0899,11.1987
1224,40.800,1233,559,2097,1876,20.6479,9.5592
1225,40.833,1232,559,2098,1878,20.4263,9.8961
1226,40.867,1234,564,2096,1871,23.0765,6.0698
1227,40.900,1234,566,2095,1870,22.0209,5.7886
1228,40.933,1235,565,2095,1869,22.9552,3.6469
1229,40.967,1235,563,2095,1866,22.1550,6.5549
1230,41.000,1238,561,2094,1865,24.9273,5.5558
1231,41.033,1239,561,2094,1865,24.8956,5.8350
1232,41.067,1239,561,2094,1864,25.0000,6.6032
1233,41.100,1239,561,2094,1864,24.9570,5.8206
1234,41.133,1239,562,2094,1863,24.7892,4.7603
1235,41.167,1239,563,2094,1862,24.4449,6.9312
1236,41.200,1239,563,2094,1862,24.6585,7.5718
1237,41.233,1239,563,2094,1863,22.9839,7.4958
1238,41.267,1240,565,2094,1861,23.6683,4.1245
1239,41.300,1240,565,2094,1860,22.9663,4.0379
1240,41.333,1240,565,2094,1860,22.5697,3.0643
1241,41.367,1240,565,2094,1860,22.8845,4.0245
1242,41.400,1239,566,2093,1858,25.5239,5.7818
1243,41.433,1239,566,2093,1858,26.0556,5.5451
1244,41.467,1239,566,2094,1859,26.2414,6.1897
1245,41.500,1239,565,2094,1858,25.4064,3.4402
1246,41.533,1239,564,2094,1860,23.0457,6.5795
1247,41.567,1237,564,2095,1867,22.9376,7.0577
1248,41.600,1237,565,2094,1867,24.6424,8.8282
1249,41.633,1237,564,2094,1869,22.4668,8.4092
1250,41.667,1235,564,2094,1872,23.3652,9.5839
1251,41.700,1236,563,2094,1873,21.7646,9.9446
1252,41.733,1236,563,2095,1872,22.4856,11.1284
1253,41.767,1236,563,2095,1873,22.6966,9.6280
1254,41.800,1236,564,2095,1872,22.6479,10.1884
1255,41.833,1236,564,2094,1872,24.2744,9.1697
1256,41.867,1236,564,2094,1872,24.1717,7.9193
1257,41.900,1237,564,2094,1872,23.7152,9.1904
1258,41.933,1237,564,2094,1871,24.2865,8.7734
1259,41.967,1236,566,2094,1872,22.6037,10.1972
1260,42.000,1237,566,2095,1866,27.4594,7.0345
1261,42.033,1235,566,2094,1866,25.5412,8.1002
1262,42.067,1234,567,2094,1867,24.7115,8.2090
1263,42.100,1234,567,2093,1866,26.4181,6.8940
1264,42.133,1234,568,2092,1864,24.7905,6.9297
1265,42.167,1229,556,2095,1875,22.8766,6.9118
1266,42.200,1233,568,2090,1865,21.7786,8.4628
1267,42.233,1229,557,2094,1874,22.8500,8.8808
1268,42.267,1233,568,2090,1864,21.2952,7.5803
1269,42.300,1233,568,2091,1865,21.0462,6.6517
1270,42.333,1233,567,2091,1866,21.1634,6.7281
1271,42.367,1228,555,2094,1876,23.3067,7.4050
1272,42.400,1228,556,2094,1876,25.7025,6.9546
1273,42.433,1229,557,2093,1875,23.1425,6.2186
1274,42.467,1228,558,2094,1877,21.6327,11.0386
1275,42.500,1228,558,2094,1878,20.7060,10.7533
1276,42.533,1228,558,2094,1880,22.3625,8.1835
1277,42.567,1228,560,2093,1881,19.5177,9.5455
1278,42.600,1228,559,2094,1881,19.9812,8.4895
1279,42.633,1228,561,2094,1879,18.2122,11.4952
1280,42.667,1228,564,2093,1879,19.8843,10.6484
1281,42.700,1228,564,2093,1878,19.8978,10.1936
1282,42.733,1228,563,2093,1878,18.7228,11.0752
1283,42.767,1228,564,2093,1878,20.2914,10.6945
1284,42.800,1228,563,2093,1877,21.6054,10.2986
1285,42.833,1228,565,2093,1877,20.6032,10.1416
1286,42.867,1228,565,2093,1877,20.5463,10.4714
1287,42.900,1228,566,2093,1877,21.5319,9.7453
1288,42.933,1228,567,2093,1877,21.2475,9.2133
1289,42.967,1228,567,2093,1876,22.1698,9.5298
1290,43.000,1229,561,2092,1876,18.9508,11.0287
1291,43.033,1229,561,2092,1876,19.2776,11.6805
1292,43.067,1229,561,2092,1875,19.3332,12.0221
1293,43.100,1229,561,2092,1875,19.5331,12.1846
1294,43.133,1229,562,2092,1875,19.2063,9.7280
1295,43.167,1229,563,2092,1875,18.9389,8.9117
1296,43.200,1229,562,2092,1875,17.8531,9.7602
1297,43.233,1229,562,2093,1875,18.9261,10.8648
1298,43.267,1228,562,2093,1875,17.6529,9.4984
1299,43.300,1228,564,2093,1875,20.4031,9.8665
1300,43.333,1228,566,2094,1874,19.7621,8.4134
1301,43.367,1228,566,2094,1874,19.6958,7.5735
1302,43.400,1228,560,2096,1878,19.7792,9.0274
1303,43.433,1229,560,2095,1877,18.4486,9.5485
1304,43.467,1229,559,2095,1876,17.6624,9.6261
1305,43.500,1229,559,2096,1877,18.1900,10.7576
1306,43.533,1230,559,2096,1877,16.7987,10.7971
1307,43.567,1230,559,2096,1876,15.2129,11.0301
1308,43.600,1229,560,2096,1875,9.3610,10.7694
1309,43.633,1229,559,2096,1875,7.7043,12.9128
1310,43.667,1233,569,2094,1865,7.3494,10.8323
1311,43.700,1229,560,2096,1874,5.9865,10.4312
1312,43.733,1229,560,2096,1875,5.5808,10.2690
1313,43.767,1229,559,2096,1877,5.7874,11.7327
1314,43.800,1229,557,2095,1875,7.0162,12.4855
1315,43.833,1229,558,2096,1877,6.0000,11.8169
1316,43.867,1229,558,2096,1876,5.7723,12.1929
1317,43.900,1229,558,2096,1877,5.6918,11.4570
1318,43.933,1229,556,2096,1879,5.9056,12.7408
1319,43.967,1230,557,2096,1878,6.0134,12.3397
1320,44.000,1230,559,2096,1875,5.9411,10.7337
1321,44.033,1229,559,2096,1875,5.2619,10.8046
1322,44.067,1229,559,2096,1875,5.1618,10.5669
1323,44.100,1229,560,2096,1875,4.3226,9.8177
1324,44.133,1229,560,2096,1875,3.3976,9.9207
1325,44.167,1230,558,2096,1875,6.7254,10.7549
1326,44.200,1230,559,2096,1875,6.0884,10.4513
1327,44.233,1230,559,2096,1875,6.6371,10.9164
1328,44.267,1231,559,2096,1876,4.5218,8.0392
1329,44.300,1231,559,2096,1877,5.6228,8.7066
1330,44.333,1231,558,2096,1878,4.5843,7.9992
1331,44.367,1231,558,2096,1877,4.6075,8.1066
1332,44.400,1231,558,2096,1877,3.9941,9.0336
1333,44.433,1230,557,2096,1878,3.9833,8.9827
1334,44.467,1230,558,2096,1878,5.7018,11.1815
1335,44.500,1230,558,2095,1878,3.4794,9.3602
1336,44.533,1230,559,2095,1877,4.7354,11.3689
1337,44.567,1230,559,2096,1877,3.5364,10.1739
1338,44.600,1230,558,2096,1876,5.6638,11.2009
1339,44.633,1233,564,2093,1867,5.7550,9.6944
1340,44.667,1232,563,2094,1866,6.1607,9.3574
1341,44.700,1232,564,2094,1865,5.7671,9.2985
1342,44.733,1233,564,2093,1864,4.8096,8.6313
1343,44.767,1232,564,2093,1865,4.6302,9.9221
1344,44.800,1232,564,2094,1865,5.9076,8.3223
1345,44.833,1232,564,2094,1867,5.4503,10.1961
1346,44.867,1232,565,2094,1867,4.3471,8.5428
1347,44.900,1232,565,2094,1867,4.9589,8.7885
1348,44.933,1232,566,2095,1871,3.9202,9.5796
1349,44.967,1231,565,2095,1874,3.5331,7.0358
1350,45.000,1230,568,2097,1876,6.0129,13.3937
1351,45.033,1230,567,2097,1877,5.0295,13.3293
1352,45.067,1229,566,2097,1878,5.1850,12.1780
1353,45.100,1229,566,2096,1879,5.0254,11.7469
1354,45.133,1228,566,2097,1879,4.3830,13.7618
1355,45.167,1228,566,2096,1880,5.3885,12.0810
1356,45.200,1229,566,2096,1881,6.3842,8.2330
1357,45.233,1228,566,2096,1882,5.5969,10.7509
1358,45.267,1229,564,2095,1879,5.8965,11.5439
1359,45.300,1229,565,2094,1878,4.5260,10.7405
1360,45.333,1229,565,2094,1878,4.6551,10.6927
1361,45.367,1229,565,2095,1878,6.7990,11.7498
1362,45.400,1229,566,2095,1878,5.9495,10.2072
1363,45.433,1229,564,2093,1879,4.9777,7.8295
1364,45.467,1228,567,2093,1879,5.9362,7.7934
1365,45.500,1227,568,2092,1881,4.9021,8.3493
1366,45.533,1226,569,2091,1880,6.3309,10.5988
1367,45.567,1225,569,2091,1883,7.2529,11.3359
1368,45.600,1223,572,2091,1886,7.7397,10.9337
1369,45.633,1222,573,2092,1888,6.9890,8.9783
1370,45.667,1221,573,2090,1887,9.2822,9.3987
1371,45.700,1221,573,2091,1886,8.3252,9.4671
1372,45.733,1221,572,2091,1887,7.3262,10.0594
1373,45.767,1221,572,2092,1887,7.7317,9.3665
1374,45.800,1225,568,2089,1882,5.6786,6.8926
1375,45.833,1226,568,2090,1883,5.3727,7.6845
1376,45.867,1226,568,2090,1884,4.9225,6.0914
1377,45.900,1226,566,2091,1884,6.7115,7.2820
1378,45.933,1228,567,2091,1883,5.8815,8.4071
1379,45.967,1227,567,2092,1886,4.2919,5.3520
1380,46.000,1229,563,2092,1888,0.8727,7.8596
1381,46.033,1229,563,2091,1885,2.4395,5.4095
1382,46.067,1230,563,2091,1884,2.2100,8.5312
1383,46.100,1230,564,2091,1886,1.7777,7.6900
1384,46.133,1231,566,2091,1884,5.4234,6.0076
1385,46.167,1231,565,2091,1883,1.4623,9.4351
1386,46.200,1231,564,2092,1883,1.2550,9.9052
1387,46.233,1231,564,2092,1882,0.0411,9.2948
1388,46.267,1231,564,2093,1883,1.2412,11.8782
1389,46.300,1231,564,2093,1883,1.1744,11.7208
1390,46.333,1231,564,2092,1884,1.2484,9.6794
1391,46.367,1231,565,2092,1884,2.1557,11.0326
1392,46.400,1231,565,2092,1883,1.8629,11.5729
1393,46.433,1229,557,2095,1890,2.7779,9.0564
1394,46.467,1229,555,2095,1889,3.5394,9.5316
1395,46.500,1229,557,2095,1889,1.8640,8.9859
1396,46.533,1229,558,2095,1887,2.5894,9.2496
1397,46.567,1230,558,2095,1882,3.5083,8.1367
1398,46.600,1229,557,2094,1879,5.1976,8.1756
1399,46.633,1229,557,2094,1880,2.6519,8.3056
1400,46.667,1229,556,2094,1880,2.3857,8.3207
1401,46.700,1229,556,2094,1880,2.6059,7.8578
1402,46.733,1229,557,2094,1879,4.8510,5.5715
1403,46.767,1229,557,2094,1879,4.3553,6.1504
1404,46.800,1228,557,2094,1880,5.0979,6.8161
1405,46.833,1229,557,2094,1880,3.9263,7.2529
1406,46.867,1229,557,2094,1879,5.0957,7.3339
1407,46.900,1229,557,2093,1879,4.9835,7.5630
1408,46.933,1229,557,2093,1880,3.5976,6.4667
1409,46.967,1229,555,2093,1879,3.9377,5.7080
1410,47.000,1229,555,2093,1879,5.4083,7.9941
1411,47.033,1229,556,2093,1879,7.0040,7.2184
1412,47.067,1229,556,2093,1879,7.2395,7.4528
1413,47.100,1229,556,2093,1879,6.8295,7.1791
1414,47.133,1229,556,2093,1878,5.8160,9.2886
1415,47.167,1229,556,2093,1879,6.6625,8.6849
1416,47.200,1229,555,2093,1879,4.9782,9.1385
1417,47.233,1229,556,2093,1879,6.5103,8.7037
1418,47.267,1229,557,2093,1879,4.5844,8.2974
1419,47.300,1228,557,2093,1881,4.0174,7.0751
1420,47.333,1228,557,2093,1880,3.7415,7.3874
1421,47.367,1228,557,2093,1880,3.9293,6.9853
1422,47.400,1228,557,2094,1880,5.6563,6.8701
1423,47.433,1231,567,2091,1871,5.8969,5.3076
1424,47.467,1231,567,2091,1871,6.0113,5.1421
1425,47.500,1231,567,2091,1871,5.9824,5.6294
1426,47.533,1232,568,2091,1869,6.4800,7.4487
1427,47.567,1228,558,2094,1877,2.8078,7.0717
1428,47.600,1229,558,2094,1878,2.8319,6.4658
1429,47.633,1228,558,2094,1878,2.4339,7.3588
1430,47.667,1232,567,2090,1870,4.9166,8.2003
1431,47.700,1228,558,2093,1877,3.5397,4.2601
1432,47.733,1228,558,2093,1877,3.9713,3.6150
1433,47.767,1228,558,2093,1877,3.9019,3.7590
1434,47.800,1228,559,2094,1878,2.1859,6.8235
1435,47.833,1228,559,2094,1879,3.1714,4.8296
1436,47.867,1229,559,2094,1879,4.3561,4.4840
1437,47.900,1228,559,2094,1879,3.2264,4.5531
1438,47.933,1229,559,2094,1879,4.6808,5.0065
1439,47.967,1229,558,2094,1880,4.8366,6.0554
1440,48.000,1227,554,2094,1886,3.7211,9.3897
1441,48.033,1227,555,2094,1887,6.1812,9.1360
1442,48.067,1227,556,2094,1887,5.6207,8.7941
1443,48.100,1227,555,2094,1889,5.6241,9.3397
1444,48.133,1227,556,2094,1888,6.6438,10.4860
1445,48.167,1227,555,2095,1889,6.2997,9.8564
1446,48.200,1227,555,2095,1889,6.5040,10.3117
1447,48.233,1227,555,2095,1888,6.4210,10.2672
1448,48.267,1228,554,2095,1887,6.6893,10.5067
1449,48.300,1231,562,2092,1877,2.6971,10.8170
1450,48.333,1231,561,2092,1877,4.7324,10.2380
1451,48.367,1229,562,2091,1881,4.0377,10.5804
1452,48.400,1228,561,2090,1883,5.0492,8.5180
1453,48.433,1227,559,2090,1885,4.2409,9.4402
1454,48.467,1227,558,2091,1885,6.2713,10.5375
1455,48.500,1227,558,2091,1884,7.8304,8.9985
1456,48.533,1226,559,2091,1885,4.5487,7.4487
1457,48.567,1225,559,2091,1885,4.7273,10.2861
1458,48.600,1225,558,2092,1884,5.0258,6.1348
1459,48.633,1225,559,2091,1885,6.0862,9.6911
1460,48.667,1225,559,2092,1886,5.4746,10.1106
1461,48.700,1225,559,2091,1885,5.3440,9.7982
1462,48.733,1225,560,2091,1885,7.5116,10.9289
1463,48.767,1225,560,2091,1885,7.8112,10.6429
1464,48.800,1225,560,2091,1885,7.5724,10.7345
1465,48.833,1225,561,2090,1885,7.2219,10.8198
1466,48.867,1225,562,2090,1884,6.3127,9.9438
1467,48.900,1225,562,2090,1885,6.1911,9.4200
1468,48.933,1226,565,2090,1884,5.3259,9.6291
1469,48.967,1226,565,2090,1884,5.3215,9.7823
1470,49.000,1226,561,2091,1888,5.5620,7.8819
1471,49.033,1227,559,2091,1888,1.6695,10.0871
1472,49.067,1226,557,2091,1888,6.2416,10.5562
1473,49.100,1226,556,2091,1889,6.5163,11.0207
1474,49.133,1226,556,2091,1888,4.6558,11.7145
1475,49.167,1226,556,2091,1888,4.5340,11.8087
1476,49.200,1226,556,2091,1888,4.1970,11.0608
1477,49.233,1226,556,2091,1888,3.6622,11.4386
1478,49.267,1226,557,2091,1888,5.7027,10.7200
1479,49.300,1225,560,2090,1886,2.4240,9.0055
1480,49.333,1227,560,2091,1884,1.4815,7.3410
1481,49.367,1227,561,2090,1882,2.2889,8.1557
1482,49.400,1228,564,2090,1882,3.8148,8.6662
1483,49.433,1228,564,2090,1881,4.7914,10.0562
1484,49.467,1228,565,2090,1881,3.9275,7.0338
1485,49.500,1228,563,2090,1881,4.6711,8.6679
1486,49.533,1228,564,2090,1880,7.1016,7.3623
1487,49.567,1228,567,2090,1880,6.0357,9.4743
1488,49.600,1229,567,2089,1879,6.9165,6.0621
1489,49.633,1228,567,2090,1880,6.2802,9.9374
1490,49.667,1228,567,2090,1880,6.2554,8.2346
1491,49.700,1227,566,2089,1880,5.4389,6.8360
1492,49.733,1227,567,2089,1880,5.9189,6.8949
1493,49.767,1227,567,2089,1880,6.4192,6.7220
1494,49.800,1226,564,2089,1880,5.3256,6.3036
1495,49.833,1226,565,2089,1879,4.2939,7.0151
1496,49.867,1226,565,2089,1879,4.3707,7.1168
1497,49.900,1226,565,2089,1879,4.1129,6.7624
1498,49.933,1227,563,2089,1878,4.3119,5.9118
1499,49.967,1227,562,2090,1878,4.6961,5.6203
1500,50.000,1227,560,2090,1881,3.5248,8.1067
1501,50.033,1226,561,2090,1880,4.3635,7.3151
1502,50.067,1227,561,2089,1880,4.3099,7.0530
1503,50.100,1226,562,2090,1880,0.5765,9.3784
1504,50.133,1226,563,2090,1878,-1.5135,9.9310
1505,50.167,1227,563,2090,1877,-1.4888,11.9887
1506,50.200,1226,563,2090,1877,-6.6584,12.6212
1507,50.233,1227,562,2089,1876,-4.1548,10.3155
1508,50.267,1227,563,2090,1877,-4.9100,12.7986
1509,50.300,1227,563,2090,1877,-4.0032,12.7232
1510,50.333,1227,563,2090,1877,-4.0599,12.7946
1511,50.367,1227,563,2090,1877,-3.5699,13.0851
1512,50.400,1227,563,2089,1876,-3.8425,10.8705
1513,50.433,1227,563,2090,1877,-4.8096,12.3577
1514,50.467,1227,562,2090,1877,-4.2196,11.6474
1515,50.500,1227,563,2090,1877,-5.0481,11.8729
1516,50.533,1227,563,2090,1878,-5.0526,12.2700
1517,50.567,1227,563,2090,1878,-4.1928,12.1333
1518,50.600,1227,562,2090,1878,-6.1990,9.3570
1519,50.633,1227,562,2090,1878,-6.0190,9.2782
1520,50.667,1227,562,2090,1877,-6.2318,11.5140
1521,50.700,1228,564,2090,1876,-7.8567,12.3087
1522,50.733,1227,564,2090,1877,-5.2193,11.2140
1523,50.767,1227,564,2090,1877,-5.2266,11.4354
1524,50.800,1227,564,2090,1877,-4.8359,10.6873
1525,50.833,1227,566,2090,1877,-5.7631,10.3112
1526,50.867,1227,566,2090,1877,-5.3083,10.2265
1527,50.900,1227,566,2089,1876,-5.7512,9.6573
1528,50.933,1227,567,2090,1877,-6.9907,10.1867
1529,50.967,1227,567,2089,1874,-5.1320,9.9073
1530,51.000,1227,568,2090,1877,-4.8648,10.8384
1531,51.033,1227,567,2089,1876,-5.3130,10.3754
1532,51.067,1227,567,2089,1875,-5.7539,9.8177
1533,51.100,1227,567,2089,1875,-6.1677,9.8209
1534,51.133,1226,566,2089,1875,-6.3625,10.7049
1535,51.167,1226,566,2088,1875,-4.5872,10.8395
1536,51.200,1226,567,2088,1876,-3.7565,11.2816
1537,51.233,1226,567,2088,1876,-3.4076,11.1137
1538,51.267,1227,566,2087,1876,-5.3412,10.5657
1539,51.300,1227,566,2087,1876,-5.9496,10.2662
1540,51.333,1227,565,2087,1876,-6.9537,10.2068
1541,51.367,1227,566,2087,1876,-5.9316,10.3225
1542,51.400,1227,566,2087,1875,-8.4248,10.9533
1543,51.433,1227,566,2087,1875,-8.9776,10.9579
1544,51.467,1227,565,2088,1878,-6.9459,8.9666
1545,51.500,1227,565,2088,1878,-6.8364,8.9327
1546,51.533,1227,565,2088,1877,-5.2250,8.2294
1547,51.567,1228,565,2088,1877,-6.8387,7.9598
1548,51.600,1228,565,2088,1877,-6.6181,7.8913
1549,51.633,1228,565,2088,1877,-6.3068,8.0995
1550,51.667,1228,565,2088,1877,-7.1304,9.2021
1551,51.700,1228,566,2089,1877,-5.4226,9.8394
1552,51.733,1228,565,2089,1878,-5.3356,10.5573
1553,51.767,1228,563,2089,1878,-6.7324,11.3065
1554,51.800,1229,561,2091,1878,-7.8412,10.2066
1555,51.833,1230,562,2090,1876,-9.5006,8.1253
1556,51.867,1230,561,2091,1876,-8.6131,10.5192
1557,51.900,1230,562,2091,1877,-7.7043,9.0289
1558,51.933,1230,563,2090,1877,-9.2014,12.8918
1559,51.967,1230,561,2090,1877,-11.0395,9.5496
1560,52.000,1230,563,2090,1878,-7.8436,12.3379
1561,52.033,1229,563,2090,1878,-8.3960,12.8381
1562,52.067,1228,563,2090,1879,-9.1135,12.0959
1563,52.100,1228,563,2090,1878,-9.3499,13.0010
1564,52.133,1227,562,2090,1880,-8.9850,14.4337
1565,52.167,1227,562,2089,1879,-8.3243,14.1098
1566,52.200,1227,563,2089,1880,-9.3092,13.2544
1567,52.233,1227,563,2089,1879,-8.9743,11.9691
1568,52.267,1226,564,2088,1878,-10.0828,14.2099
1569,52.300,1227,564,2088,1878,-9.5839,10.6944
1570,52.333,1227,565,2089,1877,-8.8343,13.4981
1571,52.367,1226,564,2089,1878,-9.9745,13.6450
1572,52.400,1226,564,2089,1878,-10.1200,13.4978
1573,52.433,1226,563,2089,1877,-9.0379,11.7980
1574,52.467,1226,563,2089,1876,-8.0032,10.6090
1575,52.500,1227,563,2089,1875,-7.7435,11.8760
1576,52.533,1227,563,2089,1872,-8.5984,11.9582
1577,52.567,1228,561,2087,1871,-11.3405,11.3127
1578,52.600,1228,561,2087,1870,-10.9337,12.1816
1579,52.633,1229,560,2086,1868,-10.8368,7.5371
1580,52.667,1229,560,2085,1867,-11.9882,11.9997
1581,52.700,1229,561,2086,1869,-11.3608,10.9130
1582,52.733,1228,560,2086,1870,-11.2704,11.7864
1583,52.767,1229,560,2085,1869,-10.6057,11.3179
1584,52.800,1229,561,2086,1870,-10.1851,11.0413
1585,52.833,1229,560,2086,1870,-10.0804,9.6990
1586,52.867,1229,560,2086,1869,-11.1852,11.2480
1587,52.900,1229,561,2087,1870,-9.3886,8.8728
1588,52.933,1229,561,2087,1869,-9.8404,9.1293
1589,52.967,1229,561,2086,1870,-10.1407,11.4106
1590,53.000,1229,562,2087,1872,-11.0208,13.3987
1591,53.033,1229,562,2087,1872,-11.0834,13.0219
1592,53.067,1229,562,2087,1872,-10.9040,13.0440
1593,53.100,1229,562,2087,1873,-11.0594,12.8523
1594,53.133,1229,562,2087,1873,-11.7354,12.4844
1595,53.167,1229,561,2086,1872,-10.8040,12.5286
1596,53.200,1228,561,2087,1873,-12.1421,11.5258
1597,53.233,1228,561,2087,1873,-12.2662,11.6098
1598,53.267,1228,561,2086,1873,-13.3404,12.1259
1599,53.300,1227,559,2087,1875,-12.3121,11.0739
1600,53.333,1228,560,2087,1875,-12.2038,11.1646
1601,53.367,1227,560,2087,1875,-12.4074,10.7077
1602,53.400,1227,560,2087,1875,-12.7633,11.3278
1603,53.433,1227,559,2087,1874,-10.9954,12.0749
1604,53.467,1227,559,2087,1875,-11.6026,11.6165
1605,53.500,1227,559,2087,1875,-11.3775,11.7925
1606,53.533,1227,559,2088,1876,-11.2020,11.0552
1607,53.567,1226,558,2088,1877,-8.2773,12.5841
1608,53.600,1226,558,2088,1877,-8.6878,12.5292
1609,53.633,1226,557,2088,1877,-10.8573,12.4214
1610,53.667,1226,557,2088,1877,-9.9898,12.5058
1611,53.700,1226,558,2088,1878,-9.7995,13.2399
1612,53.733,1226,558,2087,1876,-9.3621,13.2655
1613,53.767,1226,558,2088,1877,-9.7010,12.5223
1614,53.800,1226,557,2087,1877,-11.0617,12.6254
1615,53.833,1226,558,2087,1877,-10.2654,12.6511
1616,53.867,1226,558,2087,1876,-10.0717,13.3589
1617,53.900,1226,558,2087,1876,-10.1553,13.3919
1618,53.933,1226,558,2088,1876,-9.2555,13.6505
1619,53.967,1227,558,2088,1874,-10.5466,13.0130
1620,54.000,1227,558,2086,1872,-8.8834,15.1365
1621,54.033,1226,559,2086,1873,-7.6254,12.4324
1622,54.067,1226,559,2086,1873,-7.9557,12.3733
1623,54.100,1227,559,2086,1872,-7.7833,13.2596
1624,54.133,1226,558,2086,1873,-11.1050,13.9688
1625,54.167,1226,558,2087,1874,-6.9931,14.1941
1626,54.200,1226,558,2086,1874,-10.9036,13.5840
1627,54.233,1226,557,2086,1874,-10.5733,15.8680
1628,54.267,1226,557,2087,1876,-10.3953,14.2823
1629,54.300,1226,557,2087,1877,-9.9827,14.3962
1630,54.333,1226,557,2087,1876,-11.1521,14.8600
1631,54.367,1226,558,2087,1875,-8.7364,15.4396
1632,54.400,1226,557,2087,1875,-9.9134,13.9405
1633,54.433,1226,558,2087,1876,-8.5441,14.9865
1634,54.467,1226,558,2087,1876,-8.7291,15.2041
1635,54.500,1226,558,2087,1875,-9.5653,15.1726
1636,54.533,1226,558,2087,1876,-8.8196,14.4812
1637,54.567,1227,558,2087,1875,-9.7987,15.0640
1638,54.600,1227,558,2087,1875,-9.6917,14.7166
1639,54.633,1227,559,2087,1874,-11.0695,14.0032
1640,54.667,1227,559,2087,1874,-11.0537,14.0590
1641,54.700,1227,561,2087,1874,-8.7818,11.7970
1642,54.733,1227,561,2087,1874,-9.0033,11.8668
1643,54.767,1227,563,2087,1873,-6.2691,9.7639
1644,54.800,1227,563,2086,1873,-6.2997,11.3083
1645,54.833,1226,561,2087,1876,-6.9028,12.4629
1646,54.867,1226,561,2087,1876,-6.9985,12.1573
1647,54.900,1226,559,2087,1878,-8.7115,13.0010
1648,54.933,1225,559,2087,1879,-9.6795,12.3009
1649,54.967,1226,559,2086,1877,-7.8282,11.3112
1650,55.000,1226,560,2087,1876,-8.7614,12.2840
1651,55.033,1226,560,2087,1876,-9.5288,12.0084
1652,55.067,1226,560,2087,1877,-10.8702,11.6573
1653,55.100,1226,560,2087,1877,-11.1678,11.7239
1654,55.133,1225,559,2087,1877,-10.7464,11.7018
1655,55.167,1225,559,2087,1877,-10.2119,11.0277
1656,55.200,1225,558,2087,1877,-11.7810,12.7691
1657,55.233,1225,558,2087,1877,-11.8177,12.4520
1658,55.267,1225,556,2086,1877,-9.1494,12.0434
1659,55.300,1225,555,2086,1877,-10.0345,10.9482
1660,55.333,1225,555,2086,1877,-10.3677,10.9106
1661,55.367,1225,555,2086,1877,-10.3543,11.2798
1662,55.400,1225,555,2086,1877,-9.9063,11.7569
1663,55.433,1225,555,2086,1876,-9.2868,12.0442
1664,55.467,1226,555,2086,1877,-8.2828,13.4421
1665,55.500,1225,554,2086,1877,-8.5684,11.7952
1666,55.533,1226,555,2086,1877,-8.6375,13.5817
1667,55.567,1226,556,2086,1877,-8.6506,13.0363
1668,55.600,1226,556,2086,1876,-10.2091,10.8964
1669,55.633,1226,555,2087,1877,-9.9109,11.2767
1670,55.667,1226,556,2087,1876,-10.3671,11.7503
1671,55.700,1226,556,2086,1876,-9.5273,12.1773
1672,55.733,1226,556,2087,1876,-8.3275,12.7820
1673,55.767,1225,554,2086,1875,0.1756,11.7882
1674,55.800,1225,557,2086,1875,1.0963,10.6174
1675,55.833,1224,554,2088,1876,5.4889,10.1347
1676,55.867,1226,562,2087,1874,7.0183,10.0558
1677,55.900,1226,565,2087,1869,7.0069,9.9001
1678,55.933,1228,574,2087,1870,12.2861,9.2026
1679,55.967,1225,562,2091,1879,10.8823,7.7705
1680,56.000,1227,575,2087,1870,10.7108,3.5347
1681,56.033,1227,574,2087,1870,9.8425,5.1855
1682,56.067,1227,574,2088,1871,10.8320,3.2294
1683,56.100,1227,574,2088,1871,10.8343,3.3966
1684,56.133,1227,573,2088,1870,9.4334,4.0344
1685,56.167,1227,573,2088,1870,10.0024,4.4769
1686,56.200,1227,573,2089,1870,10.3122,5.2484
1687,56.233,1227,573,2088,1870,9.8193,4.4294
1688,56.267,1227,573,2088,1870,8.9097,4.7048
1689,56.300,1227,572,2089,1871,8.6718,5.6303
1690,56.333,1228,572,2088,1871,9.9643,5.5986
1691,56.367,1229,570,2089,1870,7.1517,5.8043
1692,56.400,1229,567,2089,1870,8.0439,7.1013
1693,56.433,1230,564,2090,1870,7.6073,3.6505
1694,56.467,1230,564,2092,1870,6.4978,6.6689
1695,56.500,1231,564,2092,1871,6.8505,4.6504
1696,56.533,1230,564,2093,1872,8.4912,6.2120
1697,56.567,1229,563,2095,1873,7.5404,6.8640
1698,56.600,1229,565,2096,1874,3.4614,5.9407
1699,56.633,1229,564,2096,1875,6.7993,6.0299
1700,56.667,1229,566,2097,1876,5.8103,7.1677
1701,56.700,1229,566,2097,1877,5.6893,7.7757
1702,56.733,1229,567,2098,1877,8.3391,7.3374
1703,56.767,1229,566,2098,1877,7.2061,7.8993
1704,56.800,1230,565,2098,1877,3.8049,6.9918
1705,56.833,1230,565,2098,1878,5.2861,7.1489
1706,56.867,1230,565,2098,1878,4.8663,7.0714
1707,56.900,1229,565,2098,1878,6.1762,9.2988
1708,56.933,1230,564,2098,1879,3.5484,6.9901
1709,56.967,1230,564,2098,1878,3.7768,7.7980
1710,57.000,1229,562,2097,1881,7.2827,5.2808
1711,57.033,1229,565,2096,1881,6.2306,7.5146
1712,57.067,1229,565,2097,1881,6.1692,7.2356
1713,57.100,1228,565,2097,1882,5.2601,8.7959
1714,57.133,1228,568,2096,1880,6.5716,7.6869
1715,57.167,1228,569,2096,1880,8.0322,7.3306
1716,57.200,1227,568,2096,1880,7.8664,7.6997
1717,57.233,1227,568,2095,1881,9.1989,7.6070
1718,57.267,1227,569,2095,1880,6.5501,6.4564
1719,57.300,1228,570,2095,1877,6.8570,6.8224
1720,57.333,1228,570,2094,1877,5.8135,6.9319
1721,57.367,1229,571,2094,1877,6.4364,6.3632
1722,57.400,1230,572,2094,1875,5.6140,7.7130
1723,57.433,1229,571,2094,1875,6.1327,7.3795
1724,57.467,1229,570,2094,1874,5.6597,7.9455
1725,57.500,1229,571,2094,1875,5.8857,7.4794
1726,57.533,1229,569,2094,1874,4.5647,7.8355
1727,57.567,1229,569,2094,1874,5.4113,8.2429
1728,57.600,1229,570,2094,1873,4.2038,8.7856
1729,57.633,1229,569,2094,1873,6.1297,8.1841
1730,57.667,1229,570,2094,1874,4.5983,8.0937
1731,57.700,1229,570,2094,1874,4.1626,8.3475
1732,57.733,1229,571,2095,1874,4.4190,7.6095
1733,57.767,1229,570,2094,1874,4.2941,8.2711
1734,57.800,1229,572,2094,1874,4.4183,7.4283
1735,57.833,1229,571,2094,1874,4.5005,7.6517
1736,57.867,1228,571,2094,1874,4.4788,7.2528
1737,57.900,1229,571,2094,1874,4.3994,7.9828
1738,57.933,1229,570,2094,1873,4.1764,9.1801
1739,57.967,1229,570,2094,1871,5.6207,7.9960
1740,58.000,1228,569,2094,1874,6.1722,7.9442
1741,58.033,1228,570,2093,1872,6.4627,8.1560
1742,58.067,1228,570,2092,1872,6.1660,8.4286
1743,58.100,1228,570,2092,1873,5.6273,7.4513
1744,58.133,1228,568,2092,1872,6.2870,6.5654
1745,58.167,1228,569,2091,1873,4.4610,8.5564
1746,58.200,1228,569,2091,1873,5.0439,8.8233
1747,58.233,1228,568,2091,1873,7.4827,7.4803
1748,58.267,1228,568,2091,1873,6.0237,6.8029
1749,58.300,1228,566,2091,1873,7.2533,7.9197
1750,58.333,1226,567,2091,1876,7.0712,7.3599
1751,58.367,1226,566,2090,1876,7.8031,7.4055
1752,58.400,1226,565,2090,1877,5.1765,6.5700
1753,58.433,1226,562,2090,1879,3.8573,3.8376
1754,58.467,1225,558,2090,1881,5.8407,5.0712
1755,58.500,1225,558,2090,1880,6.2482,6.7588
1756,58.533,1225,558,2091,1881,3.1834,6.6424
1757,58.567,1225,559,2091,1882,3.3808,6.9904
1758,58.600,1225,558,2091,1882,2.4040,4.7297
1759,58.633,1225,558,2091,1882,2.8902,5.5825
1760,58.667,1224,558,2091,1883,4.0333,6.5969
1761,58.700,1223,555,2091,1884,4.2853,4.5883
1762,58.733,1223,554,2091,1885,6.1558,2.8246
1763,58.767,1222,555,2091,1884,3.9161,5.7394
1764,58.800,1222,554,2091,1884,2.5225,3.2581
1765,58.833,1222,554,2091,1884,4.6603,3.6519
1766,58.867,1221,553,2091,1884,3.0098,4.2214
1767,58.900,1221,553,2091,1885,2.6825,3.5341
1768,58.933,1221,553,2091,1884,4.0364,5.4755
1769,58.967,1221,553,2092,1886,3.8571,4.9672
1770,59.000,1221,549,2092,1886,8.0058,4.8381
1771,59.033,1221,550,2091,1885,5.1666,6.1548
1772,59.067,1221,549,2091,1885,6.9075,6.2092
1773,59.100,1221,550,2091,1885,5.4221,6.6512
1774,59.133,1221,552,2090,1883,8.2319,5.5870
1775,59.167,1222,553,2090,1883,6.3773,5.2564
1776,59.200,1222,554,2089,1882,6.3841,5.2791
1777,59.233,1222,553,2090,1883,6.5661,5.2766
1778,59.267,1223,553,2090,1882,7.5687,4.0944
1779,59.300,1224,557,2090,1878,7.2816,5.6718
1780,59.333,1224,558,2090,1877,8.0851,5.9404
1781,59.367,1224,560,2090,1875,10.1158,5.8967
1782,59.400,1225,561,2091,1875,9.9066,7.2021
1783,59.433,1225,559,2091,1874,8.9104,6.5785
1784,59.467,1225,559,2091,1873,10.1101,6.3341
1785,59.500,1225,558,2091,1874,7.6575,7.9521
1786,59.533,1225,558,2092,1874,7.4624,8.4191
1787,59.567,1225,558,2092,1874,7.4981,8.8563
1788,59.600,1225,558,2092,1874,7.6149,8.4192
1789,59.633,1225,559,2092,1874,10.3763,7.5375
1790,59.667,1225,559,2093,1873,8.3719,8.3930
1791,59.700,1224,559,2094,1876,6.8704,7.5142
1792,59.733,1224,559,2094,1876,7.5763,7.4490
1793,59.767,1224,559,2094,1877,7.6325,6.4128
1794,59.800,1224,558,2094,1878,9.2157,7.5996
1795,59.833,1224,559,2094,1878,7.5993,7.5377
1796,59.867,1224,558,2094,1878,8.6932,6.9382
1797,59.900,1224,559,2094,1878,7.7639,7.8258
1798,59.933,1224,558,2094,1877,9.6955,6.3842
1799,59.967,1224,558,2094,1878,9.1542,7.8827
1800,60.000,1225,557,2096,1880,8.5089,7.4170
1801,60.033,1225,556,2096,1879,7.6180,7.2267
1802,60.067,1225,557,2097,1879,9.2976,8.1004
1803,60.100,1226,555,2096,1878,5.9158,9.3460
1804,60.133,1226,554,2097,1876,6.8196,8.6426
1805,60.167,1227,555,2096,1875,5.4721,8.6568
1806,60.200,1228,559,2096,1874,5.2113,8.6889
1807,60.233,1228,559,2096,1873,4.5720,10.1750
1808,60.267,1228,559,2097,1873,5.6100,10.5032
1809,60.300,1228,559,2097,1872,5.0695,7.2831
1810,60.333,1229,559,2097,1872,5.3555,5.8506
1811,60.367,1229,561,2094,1871,8.2090,-3.0980
1812,60.400,1230,562,2091,1870,6.3548,-1.4819
1813,60.433,1229,563,2090,1870,7.4867,-3.3421
1814,60.467,1228,562,2090,1873,9.4273,-2.6712
1815,60.500,1229,558,2095,1872,7.8542,3.5722
1816,60.533,1230,557,2097,1871,7.9738,4.4399
1817,60.567,1231,559,2096,1868,6.3224,4.0243
1818,60.600,1232,558,2095,1864,4.5934,8.1186
1819,60.633,1232,559,2095,1865,5.9796,7.8654
1820,60.667,1233,561,2094,1864,7.0602,7.6222
1821,60.700,1233,562,2094,1863,6.2592,10.8235
1822,60.733,1233,561,2094,1862,5.7547,7.2682
1823,60.767,1233,561,2093,1862,6.3873,5.6652
1824,60.800,1233,561,2093,1862,6.7941,5.3268
1825,60.833,1233,562,2093,1862,7.4534,7.1436
1826,60.867,1233,562,2093,1861,6.4120,6.5844
1827,60.900,1233,562,2093,1862,7.0692,6.7437
1828,60.933,1232,561,2093,1862,5.0945,4.9277
1829,60.967,1232,561,2093,1863,5.1221,6.1773
1830,61.000,1232,560,2093,1861,4.8483,5.9070
1831,61.033,1232,560,2093,1860,2.8741,5.8260
1832,61.067,1232,560,2093,1861,3.5299,6.5560
1833,61.100,1232,560,2093,1861,3.6132,6.6049
1834,61.133,1232,559,2093,1861,2.5974,6.4797
1835,61.167,1232,561,2093,1863,4.6174,3.4179
1836,61.200,1232,562,2094,1863,5.1958,7.4510
1837,61.233,1232,561,2094,1863,6.2755,4.6950
1838,61.267,1232,559,2094,1865,2.9997,5.7741
1839,61.300,1232,559,2094,1866,3.6823,4.5629
1840,61.333,1232,560,2094,1866,3.0143,5.0651
1841,61.367,1232,560,2094,1867,3.1008,4.5645
1842,61.400,1232,560,2095,1867,4.3512,5.9765
1843,61.433,1232,560,2095,1866,5.1754,8.0038
1844,61.467,1232,561,2095,1865,5.3895,6.6156
1845,61.500,1232,561,2095,1865,4.6941,6.1714
1846,61.533,1232,561,2095,1864,3.0147,7.3729
1847,61.567,1231,558,2096,1869,4.1566,6.3525
1848,61.600,1231,558,2096,1869,3.7322,5.9810
1849,61.633,1231,557,2096,1869,2.8386,7.4189
1850,61.667,1231,555,2096,1869,1.8498,9.2055
1851,61.700,1231,555,2096,1872,1.9843,10.8138
1852,61.733,1231,554,2096,1873,1.5934,8.9031
1853,61.767,1226,564,2093,1877,4.6575,6.8098
1854,61.800,1226,565,2093,1877,3.5752,8.3201
1855,61.833,1226,566,2093,1878,4.6941,7.5220
1856,61.867,1226,566,2093,1878,4.6797,7.6283
1857,61.900,1226,566,2093,1878,4.5822,7.5877
1858,61.933,1226,565,2093,1879,3.0765,8.3140
1859,61.967,1225,565,2093,1880,3.5112,8.5686
1860,62.000,1227,558,2095,1878,5.5428,7.7147
1861,62.033,1226,558,2095,1878,7.7631,7.9004
1862,62.067,1226,558,2094,1878,4.9370,8.0622
1863,62.100,1226,559,2094,1878,7.4626,7.9441
1864,62.133,1226,558,2094,1878,5.5921,8.7261
1865,62.167,1226,557,2095,1878,5.8349,8.9241
1866,62.200,1227,557,2094,1878,7.3857,9.2692
1867,62.233,1227,556,2095,1878,5.4841,8.1165
1868,62.267,1227,556,2094,1878,3.7795,7.2834
1869,62.300,1227,556,2093,1877,5.0431,7.2688
1870,62.333,1227,560,2093,1879,7.0653,10.4828
1871,62.367,1227,560,2093,1879,8.3373,10.2496
1872,62.400,1227,562,2091,1878,8.6057,11.1623
1873,62.433,1227,562,2091,1878,9.3800,11.2651
1874,62.467,1227,562,2091,1879,9.3368,10.0422
1875,62.500,1227,561,2091,1879,7.0532,9.7632
1876,62.533,1227,559,2092,1878,5.1096,7.6983
1877,62.567,1227,558,2092,1878,6.7912,8.7921
1878,62.600,1227,558,2092,1878,6.6467,8.8155
1879,62.633,1227,559,2092,1877,5.3106,8.8564
1880,62.667,1227,557,2092,1877,6.2197,8.5078
1881,62.700,1227,557,2092,1877,5.8364,8.6915
1882,62.733,1227,558,2092,1877,5.1198,8.3748
1883,62.767,1227,557,2092,1876,5.2264,8.2318
1884,62.800,1228,558,2092,1876,4.3305,8.1937
1885,62.833,1228,559,2092,1876,5.1518,10.0821
1886,62.867,1228,559,2092,1876,5.6699,11.1852
1887,62.900,1228,559,2092,1876,6.2078,10.6198
1888,62.933,1228,560,2091,1877,5.4242,8.8101
1889,62.967,1228,560,2091,1877,6.3845,9.5930
1890,63.000,1227,563,2089,1875,5.8780,11.6028
1891,63.033,1228,565,2089,1874,2.6939,11.3017
1892,63.067,1228,565,2089,1874,2.4975,11.4632
1893,63.100,1228,564,2089,1872,4.5107,12.1181
1894,63.133,1228,564,2089,1872,4.2510,11.2921
1895,63.167,1229,564,2089,1872,2.3129,12.3083
1896,63.200,1229,565,2089,1872,4.0715,10.2944
1897,63.233,1229,565,2089,1870,6.2036,9.5075
1898,63.267,1229,563,2090,1870,6.2596,12.9456
1899,63.300,1229,563,2090,1869,6.9425,11.5028
1900,63.333,1229,563,2090,1869,6.8445,11.3097
1901,63.367,1229,563,2090,1869,6.9293,11.2150
1902,63.400,1229,563,2090,1869,8.7904,12.1936
1903,63.433,1228,563,2090,1870,6.7000,11.1631
1904,63.467,1228,564,2090,1870,6.2129,10.3755
1905,63.500,1228,565,2090,1871,6.9714,10.7458
1906,63.533,1228,565,2090,1869,8.6393,9.9319
1907,63.567,1228,565,2090,1870,8.5516,10.0241
1908,63.600,1228,564,2090,1870,8.2938,10.2462
1909,63.633,1228,565,2091,1869,7.6197,11.1998
1910,63.667,1228,565,2090,1870,7.5006,9.9867
1911,63.700,1228,564,2089,1868,7.0304,9.3069
1912,63.733,1228,565,2089,1869,7.0729,11.0925
1913,63.767,1227,564,2089,1868,7.5764,11.0591
1914,63.800,1227,564,2089,1867,7.1145,10.5963
1915,63.833,1228,562,2088,1866,6.4690,10.2440
1916,63.867,1228,562,2088,1866,6.9076,9.6443
1917,63.900,1230,562,2087,1862,10.5653,9.4391
1918,63.933,1230,560,2088,1863,7.5904,10.4870
1919,63.967,1230,560,2088,1863,7.6849,10.0203
1920,64.000,1229,563,2086,1860,9.8359,9.6430
1921,64.033,1229,564,2086,1859,8.0609,10.6846
1922,64.067,1229,563,2086,1859,9.5429,9.5216
1923,64.100,1229,563,2086,1859,9.4254,9.0947
1924,64.133,1229,563,2086,1859,8.1064,10.2340
1925,64.167,1228,562,2086,1861,6.9811,10.8134
1926,64.200,1228,561,2087,1861,3.9240,11.3094
1927,64.233,1228,561,2087,1861,3.6986,11.0762
1928,64.267,1229,561,2088,1862,4.2993,10.5187
1929,64.300,1229,562,2088,1862,3.0348,11.3119
1930,64.333,1229,562,2088,1862,3.7945,11.2280
1931,64.367,1229,562,2088,1862,4.6664,11.0090
1932,64.400,1229,562,2088,1863,6.7626,10.4929
1933,64.433,1229,561,2089,1861,8.4104,8.9405
1934,64.467,1229,561,2089,1862,8.7645,8.5080
1935,64.500,1229,561,2088,1862,7.6855,9.8279
1936,64.533,1229,562,2089,1861,5.6276,10.9373
1937,64.567,1229,562,2089,1863,6.7523,9.7851
1938,64.600,1229,563,2089,1863,5.8028,9.1683
1939,64.633,1229,563,2089,1863,6.0422,9.1530
1940,64.667,1229,563,2089,1864,4.9902,10.4185
1941,64.700,1229,563,2089,1864,5.1556,10.6253
1942,64.733,1228,563,2089,1864,5.8076,10.8243
1943,64.767,1228,563,2089,1864,3.8302,10.7893
1944,64.800,1227,563,2089,1866,4.3812,9.7976
1945,64.833,1228,564,2089,1865,3.4662,11.2821
1946,64.867,1226,564,2089,1873,3.9366,9.6975
1947,64.900,1226,563,2089,1873,5.9709,11.0384
1948,64.933,1225,562,2090,1875,5.4148,10.3687
1949,64.967,1225,560,2089,1875,4.4560,9.9638
1950,65.000,1223,561,2088,1878,4.9193,9.7271
1951,65.033,1222,560,2088,1880,5.2677,10.2748
1952,65.067,1223,560,2088,1880,3.7754,8.0354
1953,65.100,1222,558,2088,1880,4.6690,6.9994
1954,65.133,1222,559,2088,1880,4.1515,7.7141
1955,65.167,1223,558,2089,1879,2.7514,7.9819
1956,65.200,1222,558,2088,1880,4.0994,6.6212
1957,65.233,1222,558,2088,1880,3.8813,6.6192
1958,65.267,1222,557,2089,1881,4.2320,9.1664
1959,65.300,1222,557,2089,1883,4.2841,8.1438
1960,65.333,1222,558,2089,1884,3.6685,7.5012
1961,65.367,1222,556,2090,1885,3.3246,8.9409
1962,65.400,1222,556,2090,1885,3.7064,8.5097
1963,65.433,1223,556,2090,1885,4.9154,9.3054
1964,65.467,1222,556,2090,1885,4.4274,8.7515
1965,65.500,1223,557,2089,1884,5.5248,8.5235
1966,65.533,1223,558,2089,1885,3.5086,8.1384
1967,65.567,1223,558,2089,1885,3.6749,8.5774
1968,65.600,1227,558,2087,1866,-2.4354,7.7328
1969,65.633,1228,558,2087,1864,-2.1139,7.8156
1970,65.667,1227,558,2088,1863,-0.4836,9.0671
1971,65.700,1227,559,2087,1864,0.5306,8.2480
1972,65.733,1227,557,2090,1866,1.5018,8.5471
1973,65.767,1227,554,2090,1866,0.0838,7.8143
1974,65.800,1226,553,2090,1867,1.5649,7.3931
1975,65.833,1227,554,2090,1866,0.1010,8.3067
1976,65.867,1227,552,2090,1864,-1.0981,6.2432
1977,65.900,1226,552,2090,1862,0.9196,8.6153
1978,65.933,1226,552,2090,1864,1.4183,8.2608
1979,65.967,1226,552,2090,1864,0.1913,8.5697
1980,66.000,1224,546,2091,1867,-0.2379,6.6465
1981,66.033,1224,545,2092,1867,1.0008,7.3594
1982,66.067,1224,546,2091,1867,1.5819,6.3096
1983,66.100,1224,545,2092,1868,0.0298,5.1079
1984,66.133,1225,544,2091,1867,-3.0742,5.5450
1985,66.167,1225,548,2091,1864,1.0874,7.7045
1986,66.200,1225,550,2091,1863,-2.2508,7.9611
1987,66.233,1224,550,2091,1863,-0.7303,6.8607
1988,66.267,1225,555,2091,1862,-0.3951,10.5883
1989,66.300,1225,555,2090,1864,0.6631,12.7037
1990,66.333,1225,553,2091,1866,0.6144,12.4180
1991,66.367,1226,554,2090,1864,-0.2524,10.7639
1992,66.400,1226,550,2091,1864,-0.8997,7.9315
1993,66.433,1226,550,2090,1864,-0.8333,9.8687
1994,66.467,1226,550,2090,1864,-0.7554,9.1747
1995,66.500,1226,551,2090,1863,1.5290,8.9590
1996,66.533,1226,549,2091,1862,2.9526,10.3636
1997,66.567,1227,549,2091,1861,2.9575,10.3286
1998,66.600,1227,549,2090,1861,1.3372,10.0618
1999,66.633,1227,549,2091,1861,2.9461,10.4353
2000,66.667,1227,549,2090,1861,1.4575,10.4288
2001,66.700,1226,548,2090,1858,2.9989,11.0425
2002,66.733,1226,547,2090,1859,4.3988,11.5813
2003,66.767,1226,547,2090,1858,5.0562,10.7875
2004,66.800,1225,548,2090,1858,6.1972,10.3967
2005,66.833,1226,545,2091,1859,6.2792,9.5975
2006,66.867,1226,545,2091,1859,6.2861,9.2190
2007,66.900,1226,546,2091,1859,5.2376,9.9219
2008,66.933,1226,544,2092,1859,7.1482,8.3263
2009,66.967,1225,543,2092,1861,6.4664,9.3277
2010,67.000,1224,545,2093,1864,5.8538,10.0911
2011,67.033,1225,547,2093,1863,4.1331,11.8998
2012,67.067,1225,548,2093,1864,6.3370,8.9775
2013,67.100,1225,548,2093,1865,6.3077,9.6990
2014,67.133,1226,552,2092,1866,4.2886,7.8022
2015,67.167,1226,553,2093,1870,3.4469,6.2570
2016,67.200,1226,553,2093,1872,3.9202,6.3973
2017,67.233,1226,552,2093,1873,5.8262,6.3415
2018,67.267,1227,552,2094,1873,6.2934,7.5474
2019,67.300,1226,551,2094,1873,7.3721,5.5280
2020,67.333,1226,550,2094,1874,4.8172,6.1129
2021,67.367,1226,551,2094,1875,7.3714,4.9098
2022,67.400,1226,550,2095,1875,5.6457,3.8381
2023,67.433,1226,550,2095,1876,6.0872,4.3304
2024,67.467,1226,551,2095,1876,8.6098,6.2424
2025,67.500,1226,551,2095,1877,6.9894,5.1412
2026,67.533,1226,551,2095,1878,9.2634,5.5025
2027,67.567,1226,554,2095,1877,5.1142,4.7965
2028,67.600,1226,554,2094,1876,5.7653,5.7656
2029,67.633,1227,554,2093,1875,7.9689,3.0858
2030,67.667,1227,553,2093,1874,7.4261,5.2421
2031,67.700,1227,553,2093,1875,8.6523,4.7103
2032,67.733,1227,554,2093,1875,6.7525,3.1829
2033,67.767,1228,554,2093,1874,8.7460,2.8953
2034,67.800,1228,555,2092,1873,9.0087,5.7102
2035,67.833,1229,556,2093,1874,8.4011,5.1684
2036,67.867,1230,556,2093,1875,9.4687,3.5405
2037,67.900,1230,555,2093,1874,9.9291,4.5626
2038,67.933,1230,555,2092,1874,9.2385,5.2997
2039,67.967,1230,555,2092,1874,14.5262,8.4044
2040,68.000,1230,557,2092,1873,13.7334,8.3711
2041,68.033,1230,557,2092,1873,15.0304,8.5319
2042,68.067,1229,557,2092,1874,18.5319,7.3255
2043,68.100,1229,555,2092,1874,16.7824,11.0429
2044,68.133,1228,554,2092,1875,16.6435,9.7060
2045,68.167,1227,557,2091,1876,19.2233,9.0810
2046,68.200,1227,556,2091,1875,17.5185,8.5902
2047,68.233,1227,559,2092,1876,15.8674,10.6514
2048,68.267,1226,556,2092,1879,17.3198,7.2189
2049,68.300,1226,557,2092,1880,17.1088,9.4035
2050,68.333,1226,555,2092,1879,6.3549,11.1997
2051,68.367,1227,556,2092,1879,4.0638,12.8384
2052,68.400,1226,558,2093,1878,5.2998,9.5102
2053,68.433,1226,556,2093,1879,4.6734,9.2600
2054,68.467,1226,556,2092,1879,4.2203,11.5257
2055,68.500,1226,556,2092,1879,4.0986,11.6893
2056,68.533,1226,557,2092,1879,5.1530,11.8535
2057,68.567,1227,558,2091,1877,5.1793,10.9234
2058,68.600,1227,558,2091,1877,5.3797,11.2139
2059,68.633,1226,558,2091,1877,6.0237,9.8829
2060,68.667,1227,559,2092,1873,11.4585,9.4068
2061,68.700,1227,558,2092,1874,12.7888,6.7988
2062,68.733,1226,558,2091,1873,15.8228,3.8416
2063,68.767,1225,558,2092,1874,15.1194,4.5732
2064,68.800,1225,558,2091,1874,15.9199,4.6585
2065,68.833,1225,555,2090,1871,16.7046,4.4247
2066,68.867,1224,556,2089,1870,17.4561,3.3428
2067,68.900,1224,554,2090,1871,16.6808,2.8182
2068,68.933,1224,553,2089,1872,20.4916,1.4265
2069,68.967,1224,554,2089,1871,17.2499,-0.7969
2070,69.000,1225,553,2089,1873,18.2768,-0.0296
2071,69.033,1224,552,2089,1873,17.3249,0.2224
2072,69.067,1224,552,2089,1874,16.2379,-1.8292
2073,69.100,1224,551,2089,1874,17.4367,0.2590
2074,69.133,1225,550,2090,1873,16.4816,-0.8472
2075,69.167,1224,550,2089,1872,17.5162,0.6094
2076,69.200,1224,551,2090,1872,18.9915,-0.1267
2077,69.233,1224,551,2089,1872,18.4576,1.4161
2078,69.267,1224,554,2090,1870,20.3860,2.3958
2079,69.300,1224,556,2090,1869,17.4630,1.4943
2080,69.333,1224,557,2090,1871,18.3278,0.9974
2081,69.367,1224,557,2090,1871,17.8910,1.5368
2082,69.400,1224,557,2090,1870,17.1083,1.0099
2083,69.433,1225,558,2090,1870,16.7817,1.2057
2084,69.467,1224,557,2090,1870,17.2646,0.9101
2085,69.500,1224,557,2090,1870,17.6614,1.0735
2086,69.533,1225,559,2090,1869,19.8888,0.4806
2087,69.567,1224,558,2090,1868,20.1513,1.9697
2088,69.600,1225,557,2090,1868,18.3550,0.0702
2089,69.633,1225,557,2090,1867,17.0619,1.2597
2090,69.667,1226,558,2091,1868,15.2898,-1.0098
2091,69.700,1226,558,2091,1868,13.4106,1.8365
2092,69.733,1226,557,2091,1868,11.4367,2.1921
2093,69.767,1227,556,2091,1868,11.6984,5.4262
2094,69.800,1227,557,2091,1867,5.7321,7.5238
2095,69.833,1227,561,2091,1868,2.5847,8.0698
2096,69.867,1227,561,2091,1869,3.1107,5.1311
2097,69.900,1227,563,2091,1869,3.1945,8.2608
2098,69.933,1227,564,2091,1869,4.8058,8.7275
2099,69.967,1227,564,2092,1869,1.6395,7.9712
2100,70.000,1226,562,2093,1871,0.7993,10.5829
2101,70.033,1227,563,2093,1869,1.0414,8.0010
2102,70.067,1227,564,2092,1869,2.8491,9.9530
2103,70.100,1227,563,2093,1869,1.4485,8.3172
2104,70.133,1229,564,2092,1865,2.1284,8.0795
2105,70.167,1230,561,2093,1864,3.2598,7.1511
2106,70.200,1230,561,2093,1865,4.6682,6.8860
2107,70.233,1230,561,2093,1865,5.9743,8.2760
2108,70.267,1231,562,2093,1864,5.1730,6.1581
2109,70.300,1231,562,2092,1863,1.0647,5.7846
2110,70.333,1231,560,2092,1863,1.5608,6.3296
2111,70.367,1232,562,2092,1862,3.2308,6.0941
2112,70.400,1232,564,2090,1863,3.2096,4.4539
2113,70.433,1231,565,2091,1865,2.2534,8.6515
2114,70.467,1231,564,2091,1866,2.3602,5.2682
2115,70.500,1232,565,2091,1865,1.5871,9.7944
2116,70.533,1231,565,2091,1865,0.9744,10.4167
2117,70.567,1232,564,2091,1865,2.7086,9.2719
2118,70.600,1232,564,2091,1865,2.1745,8.5357
2119,70.633,1232,564,2091,1865,2.5363,10.2615
2120,70.667,1232,564,2091,1864,0.9709,8.5918
2121,70.700,1233,557,2091,1865,1.0961,10.8659
2122,70.733,1233,559,2091,1865,1.2292,8.5435
2123,70.767,1233,558,2091,1866,0.6334,11.6871
2124,70.800,1232,561,2091,1865,1.5036,8.5150
2125,70.833,1232,560,2090,1867,0.5522,13.4201
2126,70.867,1232,559,2090,1867,1.0128,12.0598
2127,70.900,1232,559,2090,1867,2.4606,11.1763
2128,70.933,1232,556,2091,1866,4.2826,8.5004
2129,70.967,1232,557,2090,1866,5.2212,8.2378
2130,71.000,1232,551,2092,1867,3.5368,13.0052
2131,71.033,1232,551,2091,1868,4.2192,10.1005
2132,71.067,1232,551,2092,1869,3.8242,11.8555
2133,71.100,1231,550,2092,1870,6.7066,10.6365
2134,71.133,1231,551,2092,1870,6.6691,12.6181
2135,71.167,1231,550,2093,1871,6.4881,10.3500
2136,71.200,1231,551,2093,1872,5.4503,10.9228
2137,71.233,1231,552,2093,1872,7.6488,11.3360
2138,71.267,1232,554,2094,1872,6.5414,7.9923
2139,71.300,1232,555,2093,1872,8.2067,9.0224
2140,71.333,1231,555,2093,1873,8.1357,6.3535
2141,71.367,1231,554,2094,1878,7.5642,7.6063
2142,71.400,1230,554,2095,1879,8.2152,5.4081
2143,71.433,1231,553,2094,1878,8.8860,5.9247
2144,71.467,1230,553,2094,1878,8.3233,6.6208
2145,71.500,1229,554,2094,1879,8.0074,5.4055
2146,71.533,1230,552,2093,1879,6.5998,6.3379
2147,71.567,1231,551,2094,1879,6.1400,7.3132
2148,71.600,1231,550,2094,1879,7.4612,8.3017
2149,71.633,1231,550,2093,1879,8.5236,8.5168
2150,71.667,1231,549,2094,1881,9.3398,8.3287
2151,71.700,1230,548,2093,1880,8.5928,7.1255
2152,71.733,1230,549,2093,1880,10.4769,6.4561
2153,71.767,1230,549,2093,1880,11.0902,5.5569
2154,71.800,1230,549,2093,1880,12.7162,6.5338
2155,71.833,1229,549,2092,1879,10.7989,7.3641
2156,71.867,1229,548,2091,1879,12.2734,6.2246
2157,71.900,1229,548,2091,1878,12.7678,5.2107
2158,71.933,1228,550,2091,1880,11.7761,5.7712
2159,71.967,1228,549,2091,1881,13.1045,5.6187
2160,72.000,1229,555,2092,1881,11.6310,7.3753
2161,72.033,1228,554,2092,1880,13.3244,5.5953
2162,72.067,1229,553,2091,1880,14.9759,6.4063
2163,72.100,1229,553,2091,1881,14.3194,3.4624
2164,72.133,1228,551,2091,1881,12.5193,3.7427
2165,72.167,1228,551,2091,1880,13.3564,4.1456
2166,72.200,1228,552,2091,1880,15.4305,4.9203
2167,72.233,1229,554,2091,1880,0.5876,12.3968
2168,72.267,1229,552,2091,1881,-1.3014,8.7123
2169,72.300,1230,551,2091,1879,-3.8909,10.4187
2170,72.333,1229,552,2091,1880,-3.5126,11.7007
2171,72.367,1230,552,2090,1879,-4.6612,11.1118
2172,72.400,1230,552,2090,1877,-4.2586,11.2604
2173,72.433,1230,553,2088,1878,-4.6772,9.9564
2174,72.467,1230,555,2088,1879,-2.8294,12.1291
2175,72.500,1230,554,2088,1879,-4.1594,10.8984
2176,72.533,1230,554,2088,1878,-6.4307,9.7382
2177,72.567,1230,554,2088,1877,-6.6945,10.1068
2178,72.600,1230,553,2088,1877,-6.2909,10.9805
2179,72.633,1230,554,2088,1877,-6.7920,10.1645
2180,72.667,1230,555,2088,1877,-7.2206,10.5114
2181,72.700,1229,556,2089,1877,-6.3373,8.8014
2182,72.733,1230,559,2089,1878,-6.4798,9.2151
2183,72.767,1229,558,2090,1879,-7.3835,9.4739
2184,72.800,1227,564,2090,1882,-4.9279,11.0221
2185,72.833,1227,564,2090,1881,-5.0237,8.7210
2186,72.867,1227,564,2090,1881,-5.1725,8.5674
2187,72.900,1227,564,2090,1881,-5.1582,8.6119
2188,72.933,1227,565,2090,1881,-3.8999,8.0802
2189,72.967,1227,565,2091,1881,-5.8642,9.5120
2190,73.000,1227,565,2090,1881,-4.5215,7.8092
2191,73.033,1227,564,2090,1881,-4.3006,8.7652
2192,73.067,1227,564,2090,1881,-4.4745,9.1320
2193,73.100,1226,564,2090,1880,-4.0679,10.4900
2194,73.133,1226,563,2091,1882,-4.4219,9.1996
2195,73.167,1225,562,2091,1883,-3.8636,10.7650
2196,73.200,1224,560,2091,1883,2.6279,11.8254
2197,73.233,1224,560,2091,1883,3.0735,11.5751
2198,73.267,1224,560,2091,1882,1.2770,10.0075
2199,73.300,1224,560,2091,1881,2.6725,12.2260
2200,73.333,1224,561,2091,1882,2.1608,11.4162
2201,73.367,1224,560,2091,1881,3.1527,12.5861
2202,73.400,1224,560,2091,1881,4.1189,11.6589
2203,73.433,1224,560,2090,1880,2.6703,9.1794
2204,73.467,1227,565,2091,1882,8.4163,0.7798
2205,73.500,1226,567,2086,1880,4.6372,-2.0014
2206,73.533,1227,569,2086,1879,-0.6850,-3.8080
2207,73.567,1226,564,2089,1880,8.7525,-2.2670
2208,73.600,1226,562,2092,1879,9.6732,5.1818
2209,73.633,1225,560,2093,1879,8.5600,4.2706
2210,73.667,1225,559,2093,1880,8.7549,8.3713
2211,73.700,1224,557,2093,1880,9.4097,8.7161
2212,73.733,1223,556,2093,1880,9.2275,8.3201
2213,73.767,1223,556,2093,1880,9.2605,8.2583
2214,73.800,1224,556,2093,1879,8.4192,5.8524
2215,73.833,1223,555,2092,1880,9.0920,8.1552
2216,73.867,1223,555,2092,1880,10.0100,8.0865
2217,73.900,1224,555,2093,1879,9.3991,7.6517
2218,73.933,1224,556,2092,1877,10.5661,7.6912
2219,73.967,1225,557,2092,1876,8.0894,5.6250
2220,74.000,1225,553,2092,1878,10.0068,-0.1915
2221,74.033,1225,553,2093,1879,10.0228,0.2341
2222,74.067,1224,552,2093,1879,9.7187,-2.9059
2223,74.100,1225,553,2093,1879,9.6460,0.4052
2224,74.133,1224,553,2093,1880,9.8767,0.0639
2225,74.167,1224,553,2093,1880,9.5994,-0.2666
2226,74.200,1224,553,2093,1880,9.3177,0.3455
2227,74.233,1224,553,2093,1880,9.5221,-0.1704
2228,74.267,1224,554,2093,1879,9.8774,2.6001
2229,74.300,1223,554,2093,1879,9.3782,4.0204
2230,74.333,1223,553,2093,1879,9.7587,2.9421
2231,74.367,1223,554,2093,1880,11.3324,5.2333
2232,74.400,1223,553,2093,1880,10.2669,4.1660
2233,74.433,1223,553,2093,1880,11.6686,3.4099
2234,74.467,1223,554,2093,1881,12.2448,3.0155
2235,74.500,1223,554,2093,1880,14.0202,2.5517
2236,74.533,1223,554,2093,1880,14.4055,2.0339
2237,74.567,1223,554,2093,1880,15.4618,3.4406
2238,74.600,1223,554,2093,1879,15.0038,3.0669
2239,74.633,1223,554,2093,1879,15.2158,4.1061
2240,74.667,1222,553,2093,1879,15.7246,2.9300
2241,74.700,1222,553,2092,1879,17.6535,3.5536
2242,74.733,1222,553,2092,1878,15.9440,5.0242
2243,74.767,1223,553,2091,1878,13.8878,3.8383
2244,74.800,1222,552,2091,1879,15.6194,4.2563
2245,74.833,1222,552,2091,1879,15.7079,4.5881
2246,74.867,1222,552,2092,1879,14.6236,4.3172
2247,74.900,1222,552,2092,1879,14.3735,4.2321
2248,74.933,1223,553,2092,1879,14.7509,2.8747
2249,74.967,1223,553,2092,1879,16.1078,4.4489
2250,75.000,1224,555,2090,1878,14.8654,4.1147
2251,75.033,1224,557,2091,1879,15.0104,5.6627
2252,75.067,1224,557,2091,1879,14.8173,6.2142
2253,75.100,1224,558,2091,1879,14.3787,6.1903
2254,75.133,1225,561,2091,1878,12.1257,7.7582
2255,75.167,1226,562,2092,1878,14.8440,5.8318
2256,75.200,1226,564,2092,1878,12.7354,8.5057
2257,75.233,1226,565,2092,1877,13.0891,6.6646
2258,75.267,1226,566,2092,1877,12.1273,6.7787
2259,75.300,1226,567,2091,1877,13.7460,7.7304
2260,75.333,1226,567,2091,1877,13.9232,7.6675
2261,75.367,1226,566,2092,1877,11.7823,6.1650
2262,75.400,1226,566,2092,1877,11.9490,6.0750
2263,75.433,1226,567,2091,1878,17.4828,6.5850
2264,75.467,1226,567,2091,1879,19.3587,6.8365
2265,75.500,1225,566,2091,1879,16.9151,7.9852
2266,75.533,1226,566,2092,1879,16.6147,8.7124
2267,75.567,1225,565,2091,1879,16.2281,7.4730
2268,75.600,1225,565,2091,1879,15.4337,6.6706
2269,75.633,1225,565,2092,1878,8.4856,7.0918
2270,75.667,1225,565,2091,1877,8.0950,9.2381
2271,75.700,1226,565,2091,1876,3.1178,10.0087
2272,75.733,1226,565,2091,1876,2.1835,8.1036
2273,75.767,1226,565,2091,1876,1.8523,9.2244
2274,75.800,1226,566,2091,1877,1.7099,10.7859
2275,75.833,1226,566,2091,1877,2.0520,10.4713
2276,75.867,1226,567,2091,1876,2.6896,11.1347
2277,75.900,1226,566,2091,1876,0.6464,11.3300
2278,75.933,1226,565,2091,1875,1.9941,10.5783
2279,75.967,1226,565,2091,1876,1.5902,11.8800
2280,76.000,1226,564,2091,1878,0.3292,11.8493
2281,76.033,1225,565,2091,1878,-3.9495,11.8463
2282,76.067,1226,565,2091,1878,-4.1239,12.3999
2283,76.100,1226,564,2091,1878,-4.4855,12.6296
2284,76.133,1226,565,2091,1878,-4.6155,11.9125
2285,76.167,1226,563,2091,1878,-5.2803,11.3024
2286,76.200,1226,565,2091,1877,-5.7462,11.2314
2287,76.233,1226,564,2091,1877,-5.4796,9.9781
2288,76.267,1226,563,2091,1877,-4.8427,10.7928
2289,76.300,1226,563,2091,1878,-4.3289,9.4584
2290,76.333,1225,563,2091,1878,-5.3127,9.8491
2291,76.367,1225,566,2090,1877,1.1216,11.8820
2292,76.400,1224,564,2091,1878,2.7802,10.7975
2293,76.433,1224,563,2091,1877,3.4547,10.2392
2294,76.467,1225,564,2092,1877,5.1350,9.9768
2295,76.500,1224,562,2092,1878,6.5877,8.6702
2296,76.533,1225,562,2092,1875,8.7405,8.5759
2297,76.567,1225,563,2092,1876,8.7908,8.7376
2298,76.600,1225,563,2092,1876,8.9536,8.8005
2299,76.633,1225,563,2092,1876,9.5112,8.7473
2300,76.667,1225,563,2092,1876,9.3359,8.7619
2301,76.700,1225,561,2093,1878,9.3230,9.3709
2302,76.733,1225,560,2093,1878,10.0234,8.4011
2303,76.767,1225,560,2094,1879,10.8397,8.3642
2304,76.800,1225,557,2095,1879,10.0702,9.4816
2305,76.833,1225,556,2094,1879,10.3103,7.8942
2306,76.867,1225,557,2094,1879,10.0457,8.7598
2307,76.900,1225,556,2094,1879,10.1479,7.9181
2308,76.933,1226,557,2095,1878,8.2315,8.0006
2309,76.967,1227,559,2094,1877,7.5195,13.2213
2310,77.000,1228,561,2092,1874,-2.2995,12.4207
2311,77.033,1229,563,2093,1874,-3.1557,10.9018
2312,77.067,1229,561,2093,1873,-4.2210,10.7444
2313,77.100,1229,562,2093,1874,-6.0650,10.4404
2314,77.133,1229,562,2093,1873,-4.2975,9.8783
2315,77.167,1230,563,2092,1873,-5.4127,10.7571
2316,77.200,1231,562,2092,1871,-5.2803,10.2319
2317,77.233,1231,562,2092,1871,-4.6724,10.8624
2318,77.267,1231,560,2093,1872,-4.7474,6.5514
2319,77.300,1230,560,2092,1873,-1.7180,8.1162
2320,77.333,1230,560,2092,1873,-2.5999,7.7700
2321,77.367,1230,560,2093,1873,-4.3708,8.2354
2322,77.400,1229,558,2093,1875,-2.1879,8.9715
2323,77.433,1230,558,2092,1874,-2.0929,8.3309
2324,77.467,1230,559,2092,1874,-2.5453,7.7479
2325,77.500,1230,559,2092,1873,-1.6557,9.7890
2326,77.533,1230,560,2092,1872,-2.5074,7.6112
2327,77.567,1229,560,2091,1873,-0.0460,11.7671
2328,77.600,1228,560,2091,1874,5.6661,8.0978
2329,77.633,1228,560,2091,1874,6.0626,8.2148
2330,77.667,1228,561,2091,1874,5.9084,10.1909
2331,77.700,1228,561,2091,1873,5.4136,10.2975
2332,77.733,1228,561,2090,1873,5.8676,10.0585
2333,77.767,1228,560,2090,1874,6.0215,9.4571
2334,77.800,1229,561,2090,1874,4.8612,9.8564
2335,77.833,1228,561,2089,1873,5.5763,10.2588
2336,77.867,1228,562,2089,1873,5.4228,10.4127
2337,77.900,1227,561,2089,1873,5.1037,9.4370
2338,77.933,1227,562,2090,1875,4.8686,9.0741
2339,77.967,1226,563,2089,1875,0.0977,10.7792
2340,78.000,1226,556,2092,1880,3.4762,10.1022
2341,78.033,1226,555,2092,1881,-1.9869,7.0537
2342,78.067,1226,555,2092,1881,-3.3634,5.3579
2343,78.100,1226,555,2093,1880,-4.6936,4.7831
2344,78.133,1225,558,2093,1881,-5.8224,5.5978
2345,78.167,1225,557,2093,1882,-4.3169,6.8737
2346,78.200,1225,557,2093,1882,-4.2733,7.5795
2347,78.233,1225,557,2093,1882,-3.1995,8.8180
2348,78.267,1225,556,2093,1884,0.1768,9.3660
2349,78.300,1225,556,2093,1883,0.3786,10.1412
2350,78.333,1225,555,2093,1883,1.1866,8.7411
2351,78.367,1226,555,2093,1884,0.5536,10.1398
2352,78.400,1226,555,2092,1883,2.1508,8.2389
2353,78.433,1225,557,2093,1883,-0.7130,9.8704
2354,78.467,1225,558,2093,1883,0.2959,7.9412
2355,78.500,1225,557,2093,1883,0.0054,9.5957
2356,78.533,1225,557,2094,1883,1.5238,8.0658
2357,78.567,1225,560,2094,1884,3.7120,8.8063
2358,78.600,1225,559,2094,1885,4.0275,8.9375
2359,78.633,1226,560,2094,1885,3.0671,9.0732
2360,78.667,1226,563,2094,1886,3.2805,10.0120
2361,78.700,1227,565,2094,1884,2.4304,7.9394
2362,78.733,1227,565,2094,1884,1.9528,7.8020
2363,78.767,1227,566,2094,1885,1.7325,8.6955
2364,78.800,1227,566,2093,1883,1.9707,7.6473
2365,78.833,1227,566,2093,1882,1.2270,7.7923
2366,78.867,1228,567,2093,1882,1.3023,7.1244
2367,78.900,1227,566,2093,1882,1.0135,7.7930
2368,78.933,1228,566,2094,1880,2.6646,7.4287
2369,78.967,1227,566,2094,1882,1.1359,8.1871
2370,79.000,1227,564,2094,1884,1.1218,8.1755
2371,79.033,1227,564,2094,1884,1.8337,7.8811
2372,79.067,1227,564,2094,1884,2.0564,7.5089
2373,79.100,1227,564,2094,1884,2.5150,6.9263
2374,79.133,1227,565,2094,1884,3.5022,9.3343
2375,79.167,1227,564,2094,1883,2.9874,8.0773
2376,79.200,1227,564,2094,1883,4.5820,7.3114
2377,79.233,1227,564,2094,1883,5.3409,8.0112
2378,79.267,1227,564,2094,1882,5.5808,6.2007
2379,79.300,1227,562,2094,1882,5.0887,8.2569
2380,79.333,1227,565,2095,1882,6.2879,8.7174
2381,79.367,1227,565,2095,1882,6.3099,8.7291
2382,79.400,1229,562,2093,1877,6.5647,8.8249
2383,79.433,1229,562,2093,1877,6.2595,10.0171
2384,79.467,1229,562,2093,1877,4.5036,10.3064
2385,79.500,1229,562,2093,1877,4.0620,10.6412
2386,79.533,1230,564,2093,1876,2.3077,10.6028
2387,79.567,1230,564,2093,1876,2.4699,10.4764
2388,79.600,1229,563,2093,1876,3.5325,12.2438
2389,79.633,1230,562,2093,1876,6.0807,11.4451
2390,79.667,1230,563,2094,1876,4.0406,12.2007
2391,79.700,1229,561,2094,1878,4.1904,12.5371
2392,79.733,1229,560,2094,1877,4.2491,13.0793
2393,79.767,1229,561,2095,1877,4.1246,12.7558
2394,79.800,1229,559,2096,1877,4.5905,12.6598
2395,79.833,1229,558,2097,1878,4.5102,11.7381
2396,79.867,1229,558,2097,1878,4.2998,11.9661
2397,79.900,1229,559,2097,1878,5.3246,8.4706
2398,79.933,1229,559,2098,1878,6.7924,11.3970
2399,79.967,1229,557,2099,1879,5.6228,10.7143
2400,80.000,1229,551,2101,1884,6.5148,10.7063
2401,80.033,1230,551,2102,1882,5.8313,10.1120
2402,80.067,1230,550,2103,1883,5.0778,9.4363
2403,80.100,1232,552,2104,1883,4.5247,10.8294
2404,80.133,1233,557,2104,1877,8.6204,11.3321
2405,80.167,1235,559,2101,1871,8.5043,13.0818
2406,80.200,1236,562,2099,1864,7.0532,10.3517
2407,80.233,1236,562,2100,1864,6.6539,10.6263
2408,80.267,1236,564,2100,1863,4.3542,10.4113
2409,80.300,1236,563,2100,1863,3.6682,9.5504
2410,80.333,1236,563,2100,1863,3.7686,10.0601
2411,80.367,1236,562,2100,1863,4.3488,10.2885
2412,80.400,1237,563,2100,1862,4.5877,9.5449
2413,80.433,1236,564,2100,1863,3.0945,10.9088
2414,80.467,1236,565,2100,1863,4.7921,10.9271
2415,80.500,1235,564,2100,1867,4.3610,10.0468
2416,80.533,1234,564,2100,1871,3.2435,9.7908
2417,80.567,1234,563,2101,1873,5.4063,9.0429
2418,80.600,1234,562,2102,1873,6.9715,9.1904
2419,80.633,1234,562,2102,1873,6.4502,9.2630
2420,80.667,1234,561,2102,1874,6.5081,8.6877
2421,80.700,1235,561,2102,1872,3.4539,9.9181
2422,80.733,1235,561,2102,1871,4.4581,10.7191
2423,80.767,1235,562,2102,1872,6.0229,9.9576
2424,80.800,1235,561,2102,1871,4.9156,10.2291
2425,80.833,1235,562,2102,1871,5.3826,11.1119
2426,80.867,1235,562,2102,1871,5.3220,11.1691
2427,80.900,1235,562,2102,1871,5.3707,11.3832
2428,80.933,1235,563,2102,1872,5.0434,9.8186
2429,80.967,1234,562,2102,1874,5.5181,10.7812
2430,81.000,1233,561,2101,1878,6.3573,12.2465
2431,81.033,1233,561,2101,1879,6.2233,12.5331
2432,81.067,1233,561,2101,1880,6.3771,12.4115
2433,81.100,1234,561,2101,1879,3.5448,11.4678
2434,81.133,1234,560,2101,1879,3.9692,11.4431
2435,81.167,1234,562,2101,1880,3.8284,12.1486
2436,81.200,1235,560,2101,1882,1.9927,11.4869
2437,81.233,1235,559,2101,1884,3.2130,12.0829
2438,81.267,1234,559,2102,1885,3.3338,12.0294
2439,81.300,1234,560,2101,1883,2.8887,10.2139
2440,81.333,1234,560,2101,1883,2.6416,10.1441
2441,81.367,1234,560,2101,1883,2.8891,10.3265
2442,81.400,1234,561,2101,1882,4.9022,10.9190
2443,81.433,1235,561,2101,1882,2.9777,10.6870
2444,81.467,1234,561,2101,1882,5.2790,11.1575
2445,81.500,1234,562,2101,1882,5.1524,11.4146
2446,81.533,1235,563,2101,1882,5.1124,11.0938
2447,81.567,1234,565,2101,1881,4.7959,10.2266
2448,81.600,1234,565,2101,1883,4.3101,10.0983
2449,81.633,1234,568,2101,1881,3.3963,10.0344
2450,81.667,1235,570,2101,1878,4.5734,10.2247
2451,81.700,1235,566,2100,1877,6.1173,5.9140
2452,81.733,1235,566,2099,1877,7.0517,7.2991
2453,81.767,1235,566,2099,1876,6.3196,8.6591
2454,81.800,1235,564,2099,1875,5.5535,8.2903
2455,81.833,1235,564,2098,1875,3.7199,6.8011
2456,81.867,1235,563,2098,1875,3.0424,7.0349
2457,81.900,1235,565,2098,1875,4.2076,8.9170
2458,81.933,1235,566,2098,1875,4.3422,9.3357
2459,81.967,1235,565,2098,1875,4.7034,8.8225
2460,82.000,1235,563,2097,1872,2.1029,8.2173
2461,82.033,1235,562,2097,1872,2.5528,9.2644
2462,82.067,1236,563,2097,1872,1.7651,10.6573
2463,82.100,1236,562,2097,1872,1.8908,9.9403
2464,82.133,1235,563,2097,1871,1.0300,10.3974
2465,82.167,1234,564,2096,1870,3.5690,8.9330
2466,82.200,1234,565,2097,1872,2.5043,10.0499
2467,82.233,1234,566,2097,1870,2.9551,9.4807
2468,82.267,1234,568,2097,1869,0.1163,8.0378
2469,82.300,1233,567,2096,1869,-1.1378,11.4596
2470,82.333,1233,569,2096,1868,-2.2280,12.3560
2471,82.367,1233,569,2095,1868,-2.3353,9.7183
2472,82.400,1233,570,2095,1868,-1.1175,12.8842
2473,82.433,1233,570,2095,1867,-1.8032,13.2411
2474,82.467,1233,570,2095,1867,-1.9031,13.3367
2475,82.500,1232,570,2095,1867,-1.4560,13.1277
2476,82.533,1232,569,2095,1868,-0.2438,11.2040
2477,82.567,1232,568,2095,1867,-0.8251,10.1649
2478,82.600,1233,569,2095,1866,-1.4819,10.6816
2479,82.633,1233,568,2095,1866,-1.0164,11.3948
2480,82.667,1233,567,2096,1865,0.2376,12.3147
2481,82.700,1233,568,2096,1865,1.3560,9.0120
2482,82.733,1233,569,2096,1864,1.7839,10.1538
2483,82.767,1233,568,2096,1864,1.9201,9.5672
2484,82.800,1234,568,2096,1862,1.9491,9.0145
2485,82.833,1234,567,2097,1862,2.1259,11.4643
2486,82.867,1234,567,2097,1863,1.0104,10.5622
2487,82.900,1233,566,2097,1863,3.6413,11.4599
2488,82.933,1233,563,2097,1863,3.2233,10.4861
2489,82.967,1233,564,2097,1862,3.8174,8.8455
2490,83.000,1235,563,2097,1864,4.4805,9.5018
2491,83.033,1235,562,2096,1864,3.7559,9.7210
2492,83.067,1235,562,2097,1864,5.2902,9.7061
2493,83.100,1234,562,2097,1865,5.7831,9.3835
2494,83.133,1234,559,2097,1866,6.2887,7.3060
2495,83.167,1234,560,2098,1866,4.9981,9.6982
2496,83.200,1234,560,2097,1866,5.0426,11.0178
2497,83.233,1234,560,2098,1866,5.0376,9.8244
2498,83.267,1233,560,2098,1869,6.0677,9.8110
2499,83.300,1232,559,2099,1872,7.9365,8.7432
2500,83.333,1232,559,2099,1872,7.5176,9.2020
2501,83.367,1232,559,2100,1873,6.9674,9.6507
2502,83.400,1233,559,2101,1873,7.1549,10.0670
2503,83.433,1232,557,2101,1874,5.0188,9.9605
2504,83.467,1232,557,2102,1874,1.6143,11.7686
2505,83.500,1232,556,2103,1874,-1.7322,12.2212
2506,83.533,1231,555,2104,1875,-1.6495,12.4974
2507,83.567,1232,555,2104,1873,-1.7784,11.2369
2508,83.600,1232,555,2104,1873,-1.9824,11.9328
2509,83.633,1232,555,2104,1873,-2.5572,11.9225
2510,83.667,1232,555,2104,1872,-4.1321,11.7112
2511,83.700,1232,556,2104,1869,-2.9768,11.7171
2512,83.733,1233,556,2104,1869,-3.0640,11.4319
2513,83.767,1233,557,2104,1868,-1.9667,11.0558
2514,83.800,1234,556,2104,1866,-3.5417,12.4122
2515,83.833,1234,557,2105,1867,-3.2814,13.0678
2516,83.867,1234,557,2105,1867,-2.9444,13.1541
2517,83.900,1235,557,2105,1867,-1.8018,10.7414
2518,83.933,1235,557,2104,1868,-2.8431,11.2370
2519,83.967,1235,558,2105,1868,0.9913,13.8980
2520,84.000,1235,559,2104,1870,-0.1069,12.3494
2521,84.033,1235,559,2104,1871,0.2752,11.0500
2522,84.067,1235,559,2104,1871,0.9871,11.1706
2523,84.100,1235,559,2105,1872,1.0585,13.1305
2524,84.133,1235,558,2105,1873,1.4589,11.6691
2525,84.167,1235,556,2104,1874,2.5824,10.6494
2526,84.200,1234,554,2103,1876,-0.6710,11.7770
2527,84.233,1234,555,2103,1876,-2.4032,11.5039
2528,84.267,1235,555,2104,1875,2.3501,11.9079
2529,84.300,1235,554,2104,1876,-0.2428,11.3223
2530,84.333,1234,554,2104,1876,0.9434,12.6198
2531,84.367,1235,555,2104,1875,2.1992,11.6722
2532,84.400,1235,555,2105,1876,2.4136,9.6128
2533,84.433,1235,556,2106,1877,4.9292,10.8252
2534,84.467,1235,556,2106,1880,2.2317,9.2894
2535,84.500,1235,555,2107,1880,2.5718,8.4427
2536,84.533,1235,558,2107,1879,2.2363,11.2254
2537,84.567,1236,558,2107,1879,2.2691,9.2710
2538,84.600,1236,558,2107,1880,1.5086,9.0756
2539,84.633,1235,558,2107,1880,3.3129,9.2667
2540,84.667,1235,559,2107,1881,3.0366,8.6338
2541,84.700,1235,558,2107,1880,4.1140,8.3254
2542,84.733,1236,558,2107,1880,2.9260,8.4691
2543,84.767,1235,557,2107,1881,4.1277,10.2978
2544,84.800,1236,559,2107,1880,4.3878,8.3440
2545,84.833,1235,558,2106,1879,6.9036,7.3580
2546,84.867,1235,559,2105,1879,6.3362,8.3568
2547,84.900,1235,560,2105,1879,5.5452,8.6304
2548,84.933,1235,556,2105,1880,4.8177,7.2469
2549,84.967,1235,557,2104,1879,3.0109,8.5683
2550,85.000,1236,555,2102,1879,4.4949,8.4053
2551,85.033,1235,554,2101,1879,7.2770,9.6853
2552,85.067,1235,555,2100,1879,8.7084,9.2104
2553,85.100,1235,556,2100,1879,10.6238,8.2096
2554,85.133,1234,559,2099,1878,15.5415,9.2574
2555,85.167,1233,559,2099,1879,15.3884,8.1845
2556,85.200,1232,560,2098,1881,14.7897,8.3561
2557,85.233,1232,562,2098,1881,12.6482,6.6415
2558,85.267,1231,561,2098,1884,13.2708,5.6665
2559,85.300,1231,559,2098,1882,15.6753,4.9175
2560,85.333,1231,558,2098,1882,12.0908,5.6368
2561,85.367,1231,558,2098,1883,12.9807,7.7660
2562,85.400,1231,557,2098,1880,14.5105,7.2038
2563,85.433,1232,558,2097,1878,13.5536,1.9754
2564,85.467,1232,557,2097,1876,13.2957,3.4855
2565,85.500,1232,558,2097,1877,15.9779,3.3816
2566,85.533,1232,559,2097,1877,14.2672,4.4979
2567,85.567,1232,560,2096,1875,13.9726,7.2653
2568,85.600,1232,561,2097,1875,8.4495,7.4666
2569,85.633,1232,562,2096,1875,7.0884,7.8554
2570,85.667,1232,563,2097,1874,7.8876,6.5115
2571,85.700,1231,563,2097,1874,7.4754,8.9193
2572,85.733,1231,563,2096,1872,-1.6235,11.7996
2573,85.767,1231,563,2096,1873,-0.0642,10.7441
2574,85.800,1231,564,2096,1874,-1.4390,12.0733
2575,85.833,1231,566,2095,1875,0.2107,9.6165
2576,85.867,1231,566,2095,1875,0.5627,9.5393
2577,85.900,1231,567,2095,1876,-0.3521,7.7020
2578,85.933,1231,567,2095,1876,-0.3465,6.7294
2579,85.967,1231,567,2095,1877,1.5977,6.2178
2580,86.000,1231,565,2096,1881,-0.0874,10.9769
2581,86.033,1231,565,2096,1880,-0.5213,10.7839
2582,86.067,1231,565,2096,1880,-0.5055,10.8396
2583,86.100,1231,563,2096,1880,-0.5066,12.9668
2584,86.133,1231,563,2097,1881,1.2435,9.1833
2585,86.167,1231,561,2097,1881,1.8431,11.5303
2586,86.200,1231,560,2098,1881,2.9104,10.8411
2587,86.233,1231,559,2098,1881,3.0367,9.9130
2588,86.267,1231,558,2098,1881,3.3457,8.8925
2589,86.300,1231,556,2099,1881,1.8083,11.2903
2590,86.333,1231,557,2100,1882,2.5144,9.0639
2591,86.367,1232,557,2099,1879,2.2076,8.7348
2592,86.400,1234,550,2102,1879,-0.9392,8.6494
2593,86.433,1234,550,2102,1879,-0.6308,8.7204
2594,86.467,1234,549,2102,1879,1.9565,9.1789
2595,86.500,1234,550,2102,1879,-0.5554,8.5912
2596,86.533,1234,550,2103,1880,-0.7085,7.6095
2597,86.567,1235,550,2103,1878,0.6058,8.9614
2598,86.600,1235,549,2104,1878,1.2581,8.5480
2599,86.633,1235,548,2104,1878,2.7923,8.9335
2600,86.667,1235,548,2105,1876,0.8483,9.2269
2601,86.700,1237,549,2106,1873,-0.0559,10.3488
2602,86.733,1238,550,2106,1871,-0.9585,10.9103
2603,86.767,1239,553,2106,1872,-0.9747,8.7285
2604,86.800,1240,554,2108,1871,0.3758,8.3031
2605,86.833,1239,555,2107,1872,-0.4911,10.9936
2606,86.867,1239,553,2107,1872,-5.1922,11.4139
2607,86.900,1239,554,2107,1872,-5.4501,11.1965
2608,86.933,1238,554,2107,1872,-4.5985,9.7902
2609,86.967,1238,554,2107,1872,-5.1796,9.6428
2610,87.000,1238,553,2107,1874,-7.2874,8.2129
2611,87.033,1238,553,2106,1875,-6.2327,5.7648
2612,87.067,1238,552,2106,1875,-5.6965,6.7703
2613,87.100,1238,552,2106,1874,-6.5221,8.8038
2614,87.133,1237,551,2105,1875,-4.2443,8.7945
2615,87.167,1237,553,2106,1875,-1.7103,10.0660
2616,87.200,1237,554,2106,1875,-0.9158,10.2884
2617,87.233,1237,554,2106,1874,0.1720,10.8425
2618,87.267,1237,556,2107,1875,-2.7210,10.3570
2619,87.300,1237,556,2107,1875,-3.0527,10.1629
2620,87.333,1236,555,2107,1876,-1.4217,10.7712
2621,87.367,1236,554,2107,1876,-0.1155,10.8008
2622,87.400,1236,556,2109,1876,-1.2155,8.4941
2623,87.433,1236,555,2109,1876,0.6329,9.0553
2624,87.467,1236,555,2109,1876,0.3389,9.1173
2625,87.500,1236,554,2109,1877,1.1174,8.9671
2626,87.533,1236,554,2109,1876,0.4915,9.5452
2627,87.567,1236,555,2110,1876,2.2740,9.8098
2628,87.600,1236,554,2110,1875,4.2788,10.3164
2629,87.633,1237,554,2109,1875,3.0420,9.3101
2630,87.667,1237,556,2110,1875,2.9439,6.3324
2631,87.700,1237,553,2110,1876,2.3397,8.2541
2632,87.733,1237,554,2110,1877,4.9358,7.3839
2633,87.767,1237,554,2111,1876,-0.0790,8.6988
2634,87.800,1236,554,2110,1876,0.6597,9.0408
2635,87.833,1237,557,2110,1877,-3.6414,8.7922
2636,87.867,1237,558,2110,1875,-0.8822,9.9053
2637,87.900,1237,560,2110,1874,0.1152,12.0291
2638,87.933,1236,558,2110,1877,-2.3838,10.1924
2639,87.967,1236,558,2110,1878,-1.9460,11.6568
2640,88.000,1235,555,2109,1882,-3.7754,10.9659
2641,88.033,1234,556,2109,1884,-3.1556,9.6743
2642,88.067,1234,556,2109,1884,-3.6278,10.5717
2643,88.100,1234,556,2109,1885,-3.1710,9.8958
2644,88.133,1234,558,2109,1885,-4.0165,10.5001
2645,88.167,1234,556,2108,1883,1.3822,10.4650
2646,88.200,1234,554,2109,1885,2.2749,8.8986
2647,88.233,1233,554,2108,1883,3.5988,11.7275
2648,88.267,1234,557,2108,1883,3.6242,8.8190
2649,88.300,1233,558,2109,1884,3.0440,10.8071
2650,88.333,1233,558,2109,1884,3.8376,10.5461
2651,88.367,1233,556,2109,1884,4.9300,7.9528
2652,88.400,1234,556,2109,1881,5.6588,5.6978
2653,88.433,1234,553,2108,1881,4.8748,5.4684
2654,88.467,1234,554,2109,1881,5.7270,5.6848
2655,88.500,1234,553,2109,1880,4.0067,7.4428
2656,88.533,1234,553,2109,1880,4.1482,6.7481
2657,88.567,1234,549,2108,1881,3.9220,4.6811
2658,88.600,1234,549,2108,1881,4.1774,4.4864
2659,88.633,1234,550,2108,1880,1.8783,6.4171
2660,88.667,1234,552,2108,1880,2.2788,4.8685
2661,88.700,1234,551,2107,1879,1.4154,4.8127
2662,88.733,1234,550,2107,1879,-0.3304,4.0359
2663,88.767,1234,551,2107,1878,2.0686,1.0756
2664,88.800,1234,551,2107,1878,2.2206,1.1729
2665,88.833,1235,550,2106,1878,1.0516,4.0241
2666,88.867,1234,552,2105,1881,-0.6596,1.2073
2667,88.900,1235,549,2105,1880,0.3413,4.6888
2668,88.933,1236,550,2104,1877,-1.5119,6.0893
2669,88.967,1236,553,2104,1877,1.5104,7.1667
2670,89.000,1237,556,2103,1873,-3.2332,8.6872
2671,89.033,1238,556,2103,1874,-3.3572,10.1504
2672,89.067,1238,556,2103,1874,-4.6801,8.7337
2673,89.100,1238,556,2104,1874,-7.1411,9.2373
2674,89.133,1238,557,2104,1875,-6.2380,8.5231
2675,89.167,1238,556,2104,1876,-5.1331,8.6185
2676,89.200,1238,557,2103,1876,-4.0529,8.4374
2677,89.233,1238,557,2103,1876,-4.3025,8.6581
2678,89.267,1238,557,2103,1877,-4.1692,8.6574
2679,89.300,1238,557,2104,1877,-0.4811,9.0901
2680,89.333,1238,557,2104,1878,-0.7390,8.8096
2681,89.367,1238,557,2104,1878,-0.5419,8.1589
2682,89.400,1238,557,2104,1878,0.1648,8.4586
2683,89.433,1237,555,2103,1878,1.5556,7.2220
2684,89.467,1238,556,2103,1877,2.0953,7.6821
2685,89.500,1237,555,2103,1877,1.0961,6.1770
2686,89.533,1236,554,2104,1877,2.0764,7.2463
2687,89.567,1236,552,2104,1876,1.9052,9.5747
2688,89.600,1236,551,2104,1876,5.8404,9.3871
2689,89.633,1236,552,2105,1877,4.6622,11.2083
2690,89.667,1236,552,2105,1877,4.1611,9.6080
2691,89.700,1236,551,2106,1877,3.8691,5.9819
2692,89.733,1237,553,2106,1877,4.4711,5.0308
2693,89.767,1237,553,2106,1876,4.2413,7.9391
2694,89.800,1237,551,2106,1876,5.5579,8.6487
2695,89.833,1237,551,2106,1877,5.4934,10.2738
2696,89.867,1237,550,2106,1878,6.4176,8.4393
2697,89.900,1237,550,2106,1877,6.1141,6.4865
2698,89.933,1237,549,2107,1878,6.5671,5.4319
2699,89.967,1237,551,2106,1879,5.6583,8.8060
2700,90.000,1237,550,2107,1879,6.9014,7.7745
2701,90.033,1237,550,2107,1879,6.8285,8.9433
2702,90.067,1237,551,2107,1880,6.6996,7.8568
2703,90.100,1237,551,2107,1880,6.3731,8.0191
2704,90.133,1237,551,2107,1881,5.8642,8.5778
2705,90.167,1236,551,2107,1881,5.3820,10.2532
2706,90.200,1237,553,2107,1881,2.3756,6.6558
2707,90.233,1237,553,2107,1880,3.6033,8.5556
2708,90.267,1237,554,2107,1880,2.4226,7.9930
2709,90.300,1237,556,2107,1879,1.7730,9.3144
2710,90.333,1237,556,2107,1879,2.2840,9.3406
2711,90.367,1237,555,2107,1879,0.4853,9.1652
2712,90.400,1237,558,2106,1879,-0.9009,8.7276
2713,90.433,1236,557,2106,1880,-1.3363,8.3382
2714,90.467,1236,557,2105,1879,0.2816,9.8592
2715,90.500,1236,557,2105,1880,0.6541,9.1154
2716,90.533,1236,556,2105,1880,1.3086,8.0098
2717,90.567,1235,554,2104,1881,4.4862,8.3568
2718,90.600,1234,553,2104,1881,4.1919,6.8154
2719,90.633,1234,552,2103,1881,3.0784,8.9134
2720,90.667,1233,553,2103,1881,3.9703,7.1560
2721,90.700,1234,552,2101,1879,3.0784,9.1928
2722,90.733,1235,552,2100,1877,4.9401,9.4841
2723,90.767,1234,552,2100,1876,6.8794,7.8497
2724,90.800,1234,554,2099,1876,9.6618,7.6780
2725,90.833,1234,553,2100,1876,9.0689,7.0245
2726,90.867,1234,553,2100,1875,6.9752,5.4705
2727,90.900,1234,552,2100,1875,9.0954,8.2042
2728,90.933,1234,551,2101,1875,11.5426,4.7502
2729,90.967,1234,549,2101,1874,9.2494,7.3524
2730,91.000,1233,555,2101,1877,2.3502,6.9882
2731,91.033,1233,555,2101,1879,1.1228,7.0273
2732,91.067,1233,556,2101,1879,2.1465,8.6102
2733,91.100,1233,556,2101,1879,1.9260,8.2527
2734,91.133,1233,555,2101,1880,0.5551,7.3821
2735,91.167,1233,556,2101,1880,2.0680,7.8940
2736,91.200,1233,555,2101,1880,0.9960,7.3504
2737,91.233,1233,555,2101,1881,1.1569,8.3145
2738,91.267,1232,555,2101,1881,2.0452,6.9647
2739,91.300,1232,553,2101,1881,4.2157,8.3789
2740,91.333,1232,553,2101,1881,4.3099,8.1408
2741,91.367,1232,552,2101,1881,2.3648,7.8631
2742,91.400,1232,553,2101,1881,3.6105,8.1343
2743,91.433,1233,553,2099,1880,2.3363,7.7669
2744,91.467,1233,554,2100,1880,1.6560,7.7746
2745,91.500,1233,554,2099,1880,1.3521,6.8764
2746,91.533,1234,554,2099,1880,2.1488,7.5920
2747,91.567,1234,555,2098,1879,3.4426,6.5339
2748,91.600,1234,555,2098,1879,3.1059,7.0158
2749,91.633,1234,554,2099,1879,4.2836,7.3794
2750,91.667,1233,553,2101,1882,3.7109,8.8547
2751,91.700,1233,553,2102,1883,4.7746,7.6732
2752,91.733,1232,553,2104,1884,4.6586,4.9546
2753,91.767,1232,550,2104,1887,10.7211,9.0894
2754,91.800,1233,551,2105,1888,12.7027,8.2011
2755,91.833,1233,547,2106,1890,13.7434,6.5998
2756,91.867,1233,548,2107,1891,15.0854,0.6419
2757,91.900,1233,546,2107,1892,15.4584,4.3075
2758,91.933,1232,546,2107,1893,14.8775,4.2492
2759,91.967,1232,546,2108,1893,14.1764,1.5860
2760,92.000,1234,548,2107,1888,18.3954,2.0503
2761,92.033,1235,546,2106,1888,15.0781,1.7717
2762,92.067,1235,547,2105,1887,15.9995,0.9140
2763,92.100,1235,546,2106,1888,14.8281,2.0374
2764,92.133,1235,547,2105,1887,15.4386,1.5269
2765,92.167,1236,547,2105,1885,13.0658,1.8560
2766,92.200,1235,549,2105,1886,16.3207,3.5240
2767,92.233,1236,549,2105,1885,13.6151,2.2036
2768,92.267,1236,549,2105,1884,14.3577,1.6162
2769,92.300,1235,548,2105,1884,13.7847,2.9036
2770,92.333,1235,548,2105,1884,13.7040,2.9881
2771,92.367,1235,548,2105,1885,13.6124,2.5351
2772,92.400,1234,550,2105,1886,15.4017,1.3588
2773,92.433,1234,551,2104,1885,15.1624,3.6724
2774,92.467,1234,551,2104,1884,13.9296,2.9965
2775,92.500,1234,551,2104,1884,14.1280,2.9178
2776,92.533,1234,553,2103,1879,16.3047,2.9610
2777,92.567,1234,554,2103,1880,16.5170,1.0058
2778,92.600,1234,554,2103,1880,15.0040,1.9504
2779,92.633,1234,554,2104,1878,11.7074,5.0406
2780,92.667,1235,555,2103,1877,14.0965,4.2686
2781,92.700,1237,556,2101,1879,3.6571,4.5420
2782,92.733,1238,555,2101,1878,-0.7172,7.2069
2783,92.767,1238,552,2101,1880,-1.8185,3.8616
2784,92.800,1238,557,2102,1877,2.0536,6.0347
2785,92.833,1238,557,2103,1878,3.9208,3.5995
2786,92.867,1237,558,2106,1878,5.9281,9.7419
2787,92.900,1236,556,2105,1877,2.1836,10.1092
2788,92.933,1236,557,2105,1878,0.1490,9.9622
2789,92.967,1235,557,2105,1878,1.7238,9.1099
2790,93.000,1236,557,2106,1876,1.1560,8.7410
2791,93.033,1236,556,2106,1876,1.0141,10.1765
2792,93.067,1236,558,2105,1875,1.7655,7.3725
2793,93.100,1236,558,2105,1876,0.8904,7.6909
2794,93.133,1236,555,2105,1876,-0.3030,9.2517
2795,93.167,1235,554,2106,1877,0.6671,11.0185
2796,93.200,1236,555,2105,1877,-1.2989,10.5950
2797,93.233,1236,554,2105,1877,-0.6121,9.4453
2798,93.267,1236,556,2105,1877,-1.4191,12.6210
2799,93.300,1237,558,2105,1876,1.4227,11.2672
2800,93.333,1237,559,2105,1876,0.6009,9.8573
2801,93.367,1237,559,2105,1877,0.2339,10.5546
2802,93.400,1237,559,2104,1876,1.5219,9.0555
2803,93.433,1237,559,2105,1877,1.3401,10.7142
2804,93.467,1237,559,2105,1876,0.7922,9.3615
2805,93.500,1237,560,2108,1877,-1.7898,9.1325
2806,93.533,1236,560,2108,1878,-1.4777,8.7644
2807,93.567,1236,560,2108,1878,-1.5139,8.8441
2808,93.600,1236,560,2108,1878,-1.4925,8.8646
2809,93.633,1236,561,2107,1878,-1.6599,7.9214
2810,93.667,1237,560,2107,1878,-1.9791,7.5851
2811,93.700,1237,560,2108,1878,-2.1407,9.0816
2812,93.733,1237,560,2107,1878,-1.8587,7.4891
2813,93.767,1237,560,2107,1878,-1.4912,7.4907
2814,93.800,1237,555,2108,1880,-3.2979,7.8586
2815,93.833,1237,554,2108,1880,1.1368,8.2250
2816,93.867,1237,555,2107,1880,-0.8475,6.8468
2817,93.900,1237,553,2108,1881,2.1627,6.5120
2818,93.933,1237,552,2108,1881,2.0390,5.9053
2819,93.967,1238,552,2108,1881,-1.6029,6.3024
2820,94.000,1239,548,2107,1879,-0.5453,4.6611
2821,94.033,1239,549,2107,1879,0.8305,3.5568
2822,94.067,1239,551,2107,1878,-0.3819,7.9761
2823,94.100,1239,551,2106,1879,2.2735,4.6825
2824,94.133,1239,553,2106,1879,-0.5304,9.6516
2825,94.167,1239,553,2107,1879,0.6461,7.3816
2826,94.200,1238,555,2107,1882,-0.1541,12.0482
2827,94.233,1239,554,2107,1882,0.6481,10.7208
2828,94.267,1238,558,2108,1883,1.0724,12.5574
2829,94.300,1238,558,2108,1885,1.7191,10.6274
2830,94.333,1237,553,2108,1888,0.8634,5.6179
2831,94.367,1237,552,2108,1888,2.1129,9.1878
2832,94.400,1237,551,2108,1889,2.4869,7.5101
2833,94.433,1237,549,2107,1887,2.5247,9.7956
2834,94.467,1236,547,2107,1889,4.1183,10.9414
2835,94.500,1236,547,2107,1889,4.1619,11.4109
2836,94.533,1235,546,2107,1891,3.0158,11.2093
2837,94.567,1235,548,2107,1890,1.9231,9.8626
2838,94.600,1235,549,2107,1889,2.0038,8.5656
2839,94.633,1235,549,2107,1889,1.8651,8.7053
2840,94.667,1236,549,2108,1889,2.1796,9.2911
2841,94.700,1236,548,2108,1889,2.4285,8.6119
2842,94.733,1235,547,2109,1889,1.4316,9.2338
2843,94.767,1235,549,2109,1889,0.0762,9.9677
2844,94.800,1235,548,2109,1888,-0.9584,11.3169
2845,94.833,1235,550,2109,1888,0.5522,7.5934
2846,94.867,1236,550,2108,1889,-1.2882,9.6386
2847,94.900,1236,550,2108,1890,-2.2561,10.6305
2848,94.933,1236,550,2109,1893,-4.0252,11.1111
2849,94.967,1236,550,2109,1893,-3.7152,9.7883
2850,95.000,1236,548,2108,1888,-1.8171,9.4397
2851,95.033,1236,548,2108,1887,-1.1879,9.4913
2852,95.067,1236,548,2107,1887,-0.2924,10.0450
2853,95.100,1236,549,2107,1886,-1.2640,8.9874
2854,95.133,1236,548,2107,1886,1.1314,11.3241
2855,95.167,1236,549,2107,1886,0.5713,9.9765
2856,95.200,1236,548,2107,1886,2.3165,10.9985
2857,95.233,1236,548,2107,1887,3.2008,9.9135
2858,95.267,1237,548,2108,1886,2.9834,11.6746
2859,95.300,1238,548,2108,1885,3.6656,11.6328
2860,95.333,1238,547,2108,1885,4.6230,11.0453
2861,95.367,1238,547,2108,1886,4.0072,10.2299
2862,95.400,1239,549,2109,1885,1.6023,8.5881
2863,95.433,1241,551,2110,1884,0.0425,10.6837
2864,95.467,1241,550,2110,1883,0.8414,9.1737
2865,95.500,1242,551,2111,1882,2.5499,11.1719
2866,95.533,1242,551,2110,1882,1.5779,11.6794
2867,95.567,1242,551,2110,1883,1.0825,10.6226
2868,95.600,1242,550,2110,1883,0.2718,10.6625
2869,95.633,1242,551,2110,1882,0.8158,11.1482
2870,95.667,1243,552,2111,1882,1.3983,10.4946
2871,95.700,1243,551,2110,1882,2.0305,9.1911
2872,95.733,1243,551,2110,1882,2.1258,9.3813
2873,95.767,1243,550,2110,1882,2.7025,9.8455
2874,95.800,1243,551,2110,1882,2.4260,9.3183
2875,95.833,1243,551,2110,1882,2.7970,9.7894
2876,95.867,1243,551,2110,1881,1.4186,7.5672
2877,95.900,1243,551,2110,1882,3.1440,8.9132
2878,95.933,1244,551,2110,1882,1.5908,8.9054
2879,95.967,1244,551,2111,1881,2.8718,5.8204
2880,96.000,1244,552,2111,1880,3.6486,5.7172
2881,96.033,1244,549,2111,1876,4.1507,7.8040
2882,96.067,1244,548,2112,1877,4.1677,4.9948
2883,96.100,1244,548,2111,1877,2.4100,9.0207
2884,96.133,1244,548,2112,1875,0.5684,9.8078
2885,96.167,1243,549,2113,1877,-1.7500,6.8496
2886,96.200,1244,547,2114,1878,-2.0150,8.3492
2887,96.233,1244,546,2115,1879,-1.9448,9.7214
2888,96.267,1244,547,2115,1879,-3.1564,7.8077
2889,96.300,1244,546,2116,1880,-3.9370,7.1445
2890,96.333,1244,546,2116,1880,-3.4586,6.5994
2891,96.367,1244,546,2116,1880,-3.6650,6.3682
2892,96.400,1245,546,2117,1879,-3.0102,5.9315
2893,96.433,1245,546,2117,1879,-2.3603,5.6882
2894,96.467,1245,546,2117,1879,-2.6209,5.5626
2895,96.500,1245,546,2117,1879,-2.3831,5.7577
2896,96.533,1245,546,2117,1879,-2.4421,5.5298
2897,96.567,1245,546,2116,1878,-4.4990,8.3679
2898,96.600,1245,546,2116,1880,-2.8914,7.8782
2899,96.633,1244,546,2116,1880,-3.7935,6.7740
2900,96.667,1245,547,2116,1879,-3.9785,6.5085
2901,96.700,1244,548,2117,1880,-2.3690,8.5834
2902,96.733,1244,549,2116,1880,-1.5504,8.7124
2903,96.767,1244,549,2116,1879,-1.6535,9.3238
2904,96.800,1244,551,2116,1880,-2.1787,8.5271
2905,96.833,1243,550,2116,1880,-3.8599,7.6129
2906,96.867,1243,549,2116,1882,-1.0829,7.5361
2907,96.900,1243,549,2116,1882,-0.7295,7.7544
2908,96.933,1243,548,2116,1882,-1.4600,8.6174
2909,96.967,1243,546,2115,1883,-2.1874,5.7234
2910,97.000,1242,545,2116,1885,-2.7399,7.8429
2911,97.033,1241,546,2117,1888,-2.6048,10.4061
2912,97.067,1242,545,2117,1888,-3.1277,10.5377
2913,97.100,1241,546,2116,1889,-2.7136,9.6720
2914,97.133,1241,546,2116,1889,-3.1068,9.5911
2915,97.167,1241,547,2116,1888,-3.3012,11.2633
2916,97.200,1241,547,2116,1888,-3.2013,11.3136
2917,97.233,1241,548,2116,1886,-4.6263,10.0225
2918,97.267,1241,548,2115,1887,-2.4339,10.2075
2919,97.300,1241,549,2115,1885,-1.6185,12.1862
2920,97.333,1241,549,2115,1885,-1.8437,12.8272
2921,97.367,1241,549,2115,1885,-1.2867,11.9996
2922,97.400,1241,550,2115,1885,-1.2496,11.6690
2923,97.433,1241,552,2115,1884,-3.2285,11.7616
2924,97.467,1241,551,2115,1885,-3.7386,11.5821
2925,97.500,1241,553,2114,1885,-1.0695,12.4635
2926,97.533,1241,551,2114,1885,-1.7404,13.7194
2927,97.567,1240,550,2114,1885,2.1913,10.4221
2928,97.600,1240,550,2114,1885,2.0063,10.1975
2929,97.633,1241,549,2114,1885,1.3199,9.8678
2930,97.667,1240,550,2114,1885,2.2836,9.5815
2931,97.700,1241,551,2114,1884,2.4943,11.3071
2932,97.733,1240,550,2114,1885,2.4757,8.5511
2933,97.767,1240,551,2115,1885,2.3729,8.7924
2934,97.800,1240,551,2115,1884,4.0998,11.6643
2935,97.833,1241,551,2115,1884,3.3339,9.7785
2936,97.867,1240,551,2115,1884,4.0489,11.7915
2937,97.900,1241,551,2115,1884,2.7563,9.6816
2938,97.933,1241,551,2115,1884,5.0634,10.0322
2939,97.967,1240,550,2115,1885,5.4397,9.1843
2940,98.000,1243,547,2115,1883,3.9675,8.3663
2941,98.033,1242,545,2115,1884,4.1695,8.0919
2942,98.067,1242,546,2115,1885,3.6065,8.7406
2943,98.100,1242,547,2115,1885,4.1170,10.3915
2944,98.133,1240,547,2116,1884,14.3377,7.0199
2945,98.167,1240,549,2115,1885,9.9644,6.3029
2946,98.200,1240,547,2115,1886,11.6281,8.0468
2947,98.233,1240,548,2115,1886,11.2501,6.9139
2948,98.267,1239,547,2115,1889,12.8934,8.0257
2949,98.300,1239,547,2115,1889,13.0110,7.9500
2950,98.333,1240,546,2116,1889,13.5214,9.5804
2951,98.367,1240,545,2116,1889,10.9225,8.4568
2952,98.400,1240,548,2115,1889,13.6046,7.7429
2953,98.433,1240,548,2114,1887,12.1906,4.0881
2954,98.467,1240,548,2114,1887,12.1945,4.0840
2955,98.500,1241,547,2114,1886,12.7315,7.1914
2956,98.533,1241,548,2113,1885,12.4886,5.1736
2957,98.567,1241,548,2112,1884,12.9719,7.0755
2958,98.600,1241,552,2112,1882,10.8880,4.6352
2959,98.633,1241,551,2112,1882,11.4638,5.9105
2960,98.667,1242,554,2112,1880,9.0469,3.8516
2961,98.700,1242,556,2112,1877,11.6376,5.5069
2962,98.733,1243,556,2112,1876,6.5898,9.3210
2963,98.767,1244,556,2111,1874,5.6099,9.9527
2964,98.800,1244,559,2111,1874,7.1890,8.1730
2965,98.833,1243,557,2111,1876,3.9017,8.2643
2966,98.867,1243,558,2111,1875,4.1956,7.2255
2967,98.900,1243,559,2112,1875,3.4475,9.6014
2968,98.933,1242,559,2112,1874,2.2183,10.0776
2969,98.967,1243,561,2112,1873,0.0402,9.7807
2970,99.000,1241,560,2114,1876,1.9866,7.2121
2971,99.033,1242,560,2114,1875,0.3099,7.7488
2972,99.067,1242,560,2114,1875,1.1606,8.1516
2973,99.100,1242,559,2114,1875,2.9408,10.5285
2974,99.133,1242,559,2113,1876,10.1563,8.4703
2975,99.167,1242,558,2113,1877,11.0812,8.4201
2976,99.200,1242,558,2112,1877,9.5950,10.0995
2977,99.233,1242,555,2112,1879,9.4697,11.2343
2978,99.267,1241,554,2112,1880,11.0020,8.6403
2979,99.300,1240,554,2113,1882,11.2143,7.0054
2980,99.333,1240,555,2112,1882,11.6620,7.5288
2981,99.367,1239,556,2112,1884,13.8592,8.0636
2982,99.400,1239,556,2112,1883,14.8131,8.4106
2983,99.433,1239,556,2111,1882,14.7114,9.4097
2984,99.467,1239,555,2111,1882,14.5068,8.8006
2985,99.500,1239,556,2111,1879,14.7933,10.4302
2986,99.533,1239,555,2110,1879,14.6802,8.7793
2987,99.567,1238,553,2110,1881,14.8448,6.9952
2988,99.600,1238,554,2110,1881,14.4140,7.6978
2989,99.633,1238,553,2110,1882,16.8777,7.6938
2990,99.667,1238,552,2110,1882,10.9580,4.7568
2991,99.700,1237,552,2110,1883,12.9939,4.7304
2992,99.733,1237,553,2110,1883,15.6959,5.7723
2993,99.767,1238,552,2110,1882,12.2629,4.4472
2994,99.800,1237,552,2110,1882,12.8725,4.7783
2995,99.833,1238,556,2109,1881,10.9556,7.2197
2996,99.867,1238,555,2109,1881,11.8284,9.1954
2997,99.900,1238,558,2109,1879,12.8721,11.6058
2998,99.933,1239,557,2109,1880,10.3707,7.9931
2999,99.967,1238,558,2108,1879,12.4633,8.6234
3000,100.000,1238,557,2109,1882,12.5822,10.6589
3001,100.033,1238,557,2109,1882,12.4318,9.8527
3002,100.067,1238,557,2108,1883,13.0077,7.9856
3003,100.100,1237,558,2107,1884,11.9289,11.2342
3004,100.133,1237,558,2106,1881,12.4693,10.8321
3005,100.167,1238,556,2105,1880,12.7031,6.7420
3006,100.200,1237,556,2105,1880,14.1474,5.9689
3007,100.233,1237,555,2106,1879,12.8538,8.8940
3008,100.267,1237,557,2104,1877,13.7734,6.8647
3009,100.300,1237,557,2104,1877,12.2865,5.9357
3010,100.333,1237,557,2104,1877,12.1322,6.8903
3011,100.367,1237,557,2104,1878,12.2216,5.2359
3012,100.400,1237,558,2103,1878,12.7183,6.8258
3013,100.433,1237,558,2103,1878,12.6652,7.6817
3014,100.467,1237,557,2102,1878,12.5761,8.0145
3015,100.500,1237,556,2102,1877,13.2423,5.9653
3016,100.533,1237,557,2102,1877,12.0474,7.4341
3017,100.567,1237,557,2101,1876,10.6378,4.1609
3018,100.600,1236,560,2100,1876,11.7427,4.8887
3019,100.633,1236,560,2100,1876,11.9862,5.1767
3020,100.667,1236,562,2100,1874,12.1095,6.3409
3021,100.700,1235,563,2100,1875,13.8756,5.2271
3022,100.733,1235,563,2100,1875,13.8829,5.4413
3023,100.767,1235,562,2100,1874,12.2294,6.2605
3024,100.800,1235,564,2100,1874,12.4465,7.7169
3025,100.833,1235,563,2100,1874,12.5421,6.4268
3026,100.867,1235,563,2100,1876,12.6321,3.0544
3027,100.900,1235,563,2100,1876,13.0539,2.8117
3028,100.933,1234,561,2100,1878,12.5088,5.6738
3029,100.967,1234,560,2100,1880,11.6069,7.2322
3030,101.000,1234,561,2099,1879,10.9266,9.5231
3031,101.033,1234,560,2099,1879,10.5758,5.2488
3032,101.067,1234,560,2099,1878,11.2710,6.0700
3033,101.100,1235,560,2098,1877,12.6897,5.5046
3034,101.133,1235,560,2099,1878,11.5473,4.1511
3035,101.167,1234,558,2099,1880,10.1419,5.9253
3036,101.200,1234,559,2099,1880,10.8631,7.3478
3037,101.233,1233,559,2100,1881,10.4308,8.1935
3038,101.267,1233,559,2100,1879,10.4175,7.9503
3039,101.300,1234,558,2102,1881,8.5694,7.2638
3040,101.333,1234,556,2101,1881,10.6092,5.1340
3041,101.367,1235,569,2108,1883,0.0665,8.8543
3042,101.400,1235,570,2108,1883,0.8608,8.0100
3043,101.433,1235,569,2108,1883,0.1925,8.4527
3044,101.467,1235,569,2108,1883,0.0909,8.6850
3045,101.500,1235,569,2108,1883,-0.2730,8.5368
3046,101.533,1235,568,2108,1883,-0.2384,9.3633
3047,101.567,1235,568,2109,1883,-1.1013,8.0544
3048,101.600,1235,568,2109,1883,-0.8752,7.9799
3049,101.633,1235,568,2109,1882,-1.5547,8.6039
3050,101.667,1236,568,2109,1881,-1.6046,10.7145
3051,101.700,1236,567,2110,1880,-0.2497,10.8377
3052,101.733,1238,567,2109,1880,4.1815,8.5689
3053,101.767,1240,563,2107,1881,5.3046,5.3280
3054,101.800,1239,563,2107,1882,5.6323,4.4939
3055,101.833,1242,561,2104,1880,7.8985,-1.1445
3056,101.867,1241,563,2103,1879,11.7938,-4.8697
3057,101.900,1239,565,2105,1880,13.3754,-0.0361
3058,101.933,1239,567,2107,1879,13.2738,2.0909
3059,101.967,1239,567,2107,1879,12.4541,2.8314
3060,102.000,1239,567,2107,1878,12.8373,-1.1860
3061,102.033,1238,566,2108,1878,14.3907,-0.3532
3062,102.067,1238,566,2107,1878,14.7916,0.4811
3063,102.100,1238,565,2107,1878,15.1297,0.5635
3064,102.133,1239,566,2106,1878,14.4692,3.5686
3065,102.167,1238,565,2106,1878,16.4629,2.6230
3066,102.200,1238,564,2105,1877,15.8556,2.0299
3067,102.233,1238,563,2106,1878,13.7764,2.4356
3068,102.267,1239,564,2105,1878,14.6841,2.8233
3069,102.300,1239,561,2106,1879,14.7942,2.9725
3070,102.333,1238,561,2105,1880,13.2587,2.6455
3071,102.367,1237,561,2106,1880,6.4259,5.7842
3072,102.400,1236,563,2107,1882,1.3729,6.3466
3073,102.433,1237,562,2107,1881,1.3670,7.9162
3074,102.467,1237,561,2107,1881,-0.3068,8.2855
3075,102.500,1237,562,2107,1881,0.2406,8.2899
3076,102.533,1237,561,2108,1880,0.2701,8.9195
3077,102.567,1237,561,2108,1880,0.1800,9.2876
3078,102.600,1238,558,2110,1882,2.6919,9.5171
3079,102.633,1238,556,2110,1881,0.9580,10.8434
3080,102.667,1239,554,2112,1881,1.4380,10.4372
3081,102.700,1240,555,2112,1879,1.6535,8.8992
3082,102.733,1240,556,2112,1878,1.8487,10.1331
3083,102.767,1240,556,2112,1878,1.9595,10.0158
3084,102.800,1240,556,2113,1875,2.9834,9.3231
3085,102.833,1240,557,2113,1875,3.9345,8.1729
3086,102.867,1240,557,2113,1875,3.7254,8.0797
3087,102.900,1240,558,2114,1877,-0.0750,5.7197
3088,102.933,1240,558,2114,1874,1.4378,6.3937
3089,102.967,1240,560,2114,1872,1.7093,5.3082
3090,103.000,1241,559,2112,1873,2.3207,8.2711
3091,103.033,1244,558,2112,1873,1.7540,8.9277
3092,103.067,1244,558,2112,1872,1.7252,6.0980
3093,103.100,1245,558,2112,1871,3.6938,7.8155
3094,103.133,1245,556,2113,1872,2.4153,6.7873
3095,103.167,1244,554,2112,1872,0.9755,6.8499
3096,103.200,1244,554,2112,1873,1.3568,7.7622
3097,103.233,1243,554,2112,1874,2.8848,7.2262
3098,103.267,1243,552,2113,1875,0.5626,6.4284
3099,103.300,1243,554,2112,1875,1.0225,8.2926
3100,103.333,1242,553,2112,1876,2.4638,8.4505
3101,103.367,1242,554,2112,1876,3.4183,9.1501
3102,103.400,1242,553,2112,1876,1.7774,9.1530
3103,103.433,1239,554,2111,1877,4.0829,8.6934
3104,103.467,1240,554,2111,1876,4.4312,8.3023
3105,103.500,1238,556,2110,1876,1.4346,8.8304
3106,103.533,1239,558,2110,1875,2.1116,8.3188
3107,103.567,1239,556,2110,1874,4.9435,9.1029
3108,103.600,1239,556,2110,1875,6.2030,7.0370
3109,103.633,1239,558,2109,1873,3.5409,8.3682
3110,103.667,1239,560,2108,1871,4.0051,6.6499
3111,103.700,1238,559,2108,1871,4.3911,4.7426
3112,103.733,1238,559,2107,1870,3.6563,5.2604
3113,103.767,1238,559,2107,1869,3.5784,4.9824
3114,103.800,1238,562,2106,1868,5.3396,3.7759
3115,103.833,1239,566,2104,1865,3.4435,7.0370
3116,103.867,1239,568,2104,1865,0.8699,7.5875
3117,103.900,1240,570,2103,1861,2.6418,9.6038
3118,103.933,1241,569,2104,1861,1.8620,6.9143
3119,103.967,1241,570,2104,1862,3.2545,8.9698
3120,104.000,1242,570,2106,1861,0.9319,7.6245
3121,104.033,1242,570,2107,1862,1.6100,8.0694
3122,104.067,1241,569,2107,1863,1.2737,8.6354
3123,104.100,1241,567,2106,1862,1.8303,8.8301
3124,104.133,1241,567,2107,1865,0.9852,11.2928
3125,104.167,1240,567,2107,1865,0.1862,9.7644
3126,104.200,1240,565,2107,1867,-1.6680,10.0454
3127,104.233,1239,564,2107,1867,-1.6908,8.7293
3128,104.267,1238,561,2108,1871,-1.2403,6.0713
3129,104.300,1237,558,2108,1874,-3.2270,6.9008
3130,104.333,1237,559,2108,1874,-4.3672,7.6475
3131,104.367,1237,558,2108,1874,-3.0095,7.4004
3132,104.400,1237,560,2108,1875,-3.7922,7.8575
3133,104.433,1237,561,2107,1875,-2.6154,5.9367
3134,104.467,1236,561,2107,1874,-4.8920,5.2379
3135,104.500,1236,561,2107,1874,-4.5422,4.8481
3136,104.533,1234,561,2106,1875,-4.2811,8.4007
3137,104.567,1234,561,2107,1876,0.3566,8.1132
3138,104.600,1234,562,2107,1876,1.6869,8.2628
3139,104.633,1234,562,2107,1876,5.9840,6.8394
3140,104.667,1234,561,2106,1875,3.7233,7.0171
3141,104.700,1234,561,2107,1875,5.0201,6.2261
3142,104.733,1234,562,2107,1875,3.5894,8.0912
3143,104.767,1234,561,2107,1876,4.8660,7.3860
3144,104.800,1234,560,2106,1875,2.7314,5.1678
3145,104.833,1235,560,2106,1875,4.8126,7.0093
3146,104.867,1236,562,2106,1875,10.7473,6.5353
3147,104.900,1237,562,2106,1874,10.9276,6.0102
3148,104.933,1239,561,2107,1873,10.7598,6.5466
3149,104.967,1239,559,2107,1871,10.9185,6.3440
3150,105.000,1241,561,2108,1875,14.4163,7.6811
3151,105.033,1242,561,2108,1875,13.6303,3.7516
3152,105.067,1243,560,2109,1874,14.0604,4.7686
3153,105.100,1243,561,2108,1874,13.1311,5.0830
3154,105.133,1244,562,2109,1873,12.8915,3.9651
3155,105.167,1244,561,2110,1873,13.2272,4.5812
3156,105.200,1244,561,2110,1873,12.8634,4.7907
3157,105.233,1244,560,2110,1873,11.2917,7.2518
3158,105.267,1244,562,2111,1872,10.9132,6.0121
3159,105.300,1245,562,2110,1870,0.8512,10.1275
3160,105.333,1245,563,2111,1870,-1.6580,7.4175
3161,105.367,1245,563,2110,1869,-1.8142,8.3727
3162,105.400,1245,563,2110,1870,-0.8542,8.7495
3163,105.433,1245,563,2110,1870,-0.7009,8.6163
3164,105.467,1244,563,2111,1871,-2.4010,10.5588
3165,105.500,1245,563,2110,1870,-1.6274,8.7814
3166,105.533,1245,563,2110,1871,-2.4050,9.8432
3167,105.567,1245,563,2110,1870,-2.7112,9.4564
3168,105.600,1245,564,2111,1871,-2.4602,9.8436
3169,105.633,1245,562,2110,1870,-1.0948,9.3375
3170,105.667,1244,562,2110,1869,-0.2065,6.1106
3171,105.700,1245,563,2109,1866,-2.2064,10.8643
3172,105.733,1245,564,2109,1865,-2.8765,10.8039
3173,105.767,1245,564,2109,1865,-2.8020,10.7655
3174,105.800,1245,562,2109,1866,-2.3438,8.5240
3175,105.833,1245,562,2109,1865,-3.6774,9.6173
3176,105.867,1246,562,2109,1864,-2.4379,7.3092
3177,105.900,1245,560,2110,1865,3.5094,8.4582
3178,105.933,1246,559,2111,1865,6.0079,4.8400
3179,105.967,1246,559,2111,1865,7.1191,5.3129
3180,106.000,1245,555,2114,1868,6.0245,4.1453
3181,106.033,1245,554,2115,1869,6.4825,6.8913
3182,106.067,1245,554,2115,1870,6.6277,5.2954
3183,106.100,1245,554,2115,1869,6.4754,6.8957
3184,106.133,1244,553,2116,1870,6.0545,3.3603
3185,106.167,1244,554,2116,1871,7.4495,3.6548
3186,106.200,1244,553,2116,1871,6.4098,4.8886
3187,106.233,1244,553,2116,1871,6.6400,4.6737
3188,106.267,1244,554,2116,1873,6.6627,4.7613
3189,106.300,1244,554,2116,1874,7.1791,7.2240
3190,106.333,1244,553,2116,1874,7.1606,4.0453
3191,106.367,1244,554,2116,1873,6.6389,5.5031
3192,106.400,1243,554,2116,1873,5.9427,6.3528
3193,106.433,1244,554,2117,1874,5.3428,5.3036
3194,106.467,1244,555,2117,1874,3.3808,6.1242
3195,106.500,1244,554,2117,1874,5.1712,5.1160
3196,106.533,1243,554,2117,1874,5.1365,5.6925
3197,106.567,1243,554,2117,1876,4.8170,6.2038
3198,106.600,1243,554,2117,1877,6.5246,5.6411
3199,106.633,1243,554,2117,1876,4.6798,5.9637
3200,106.667,1243,553,2117,1876,7.7959,4.6033
3201,106.700,1243,551,2116,1876,9.0338,3.8159
3202,106.733,1242,551,2116,1876,9.8846,4.1569
3203,106.767,1243,551,2116,1877,9.2454,2.1236
3204,106.800,1242,550,2116,1879,8.3913,3.8974
3205,106.833,1242,550,2116,1880,10.0104,1.4731
3206,106.867,1241,549,2115,1878,8.1171,2.5084
3207,106.900,1243,561,2117,1882,2.7923,8.8327
3208,106.933,1243,561,2116,1880,3.9485,8.4557
3209,106.967,1243,561,2116,1879,5.2907,8.3373
3210,107.000,1243,561,2116,1878,2.6963,6.8374
3211,107.033,1243,561,2116,1878,2.4027,7.0609
3212,107.067,1243,560,2116,1877,6.6909,6.6966
3213,107.100,1243,560,2116,1878,7.4934,6.4886
3214,107.133,1243,560,2116,1877,9.1786,6.7432
3215,107.167,1243,560,2117,1878,8.1003,6.9363
3216,107.200,1243,560,2116,1878,12.0555,5.9129
3217,107.233,1243,560,2117,1879,9.3679,7.1004
3218,107.267,1244,561,2116,1877,10.7233,6.2152
3219,107.300,1244,559,2117,1877,12.3852,4.5364
3220,107.333,1244,558,2116,1877,10.9272,3.3255
3221,107.367,1244,558,2116,1877,9.4808,3.7056
3222,107.400,1244,556,2116,1876,8.5497,6.2235
3223,107.433,1244,556,2116,1874,5.8860,7.6119
3224,107.467,1244,556,2116,1874,6.5054,7.4105
3225,107.500,1245,556,2116,1874,7.0954,7.3998
3226,107.533,1245,554,2117,1875,7.9975,6.5509
3227,107.567,1245,554,2117,1874,4.9025,7.4266
3228,107.600,1245,554,2117,1874,4.2290,7.5175
3229,107.633,1245,553,2118,1874,4.7385,6.9004
3230,107.667,1244,553,2118,1875,4.5072,6.2703
3231,107.700,1244,552,2117,1875,2.7708,5.4605
3232,107.733,1245,552,2117,1875,3.4599,6.3051
3233,107.767,1244,553,2117,1876,4.2834,6.2851
3234,107.800,1245,552,2117,1875,2.9141,5.6334
3235,107.833,1246,554,2117,1874,2.1026,6.4746
3236,107.867,1245,554,2118,1879,3.7635,7.8630
3237,107.900,1245,554,2118,1879,1.6694,8.2477
3238,107.933,1245,554,2119,1879,-1.6283,9.4868
3239,107.967,1244,556,2119,1880,-4.4067,7.7817
3240,108.000,1244,557,2117,1878,-6.3275,9.8210
3241,108.033,1244,559,2117,1878,-4.6928,9.3611
3242,108.067,1244,559,2117,1878,-4.6833,9.1122
3243,108.100,1244,560,2118,1878,-6.2203,6.2674
3244,108.133,1244,560,2117,1878,-3.9354,5.7074
3245,108.167,1244,560,2117,1878,-3.5352,6.3620
3246,108.200,1244,560,2117,1878,-3.8906,5.9357
3247,108.233,1244,559,2117,1878,-4.3476,8.3241
3248,108.267,1243,559,2117,1879,-5.5281,7.1529
3249,108.300,1243,558,2115,1878,-3.8825,9.2263
3250,108.333,1243,559,2115,1876,-4.2849,7.2549
3251,108.367,1242,558,2115,1876,-4.5747,8.6725
3252,108.400,1242,558,2115,1877,-3.9597,7.7377
3253,108.433,1242,558,2115,1877,-4.5525,8.2453
3254,108.467,1242,559,2115,1877,-5.0891,8.7815
3255,108.500,1242,559,2115,1877,-5.2315,8.6233
3256,108.533,1242,559,2115,1878,-3.8365,10.0259
3257,108.567,1242,559,2115,1877,-4.3132,9.4158
3258,108.600,1242,559,2115,1877,-4.2304,9.3438
3259,108.633,1242,559,2115,1876,-4.1723,9.9599
3260,108.667,1242,559,2115,1876,-3.4967,9.6671
3261,108.700,1241,559,2115,1877,-3.2412,8.5835
3262,108.733,1241,559,2115,1877,-3.5632,8.1009
3263,108.767,1241,559,2115,1877,-3.6008,8.1087
3264,108.800,1241,559,2115,1877,-4.0733,7.9617
3265,108.833,1240,559,2115,1877,-2.6501,8.3334
3266,108.867,1241,560,2115,1877,-4.3138,7.7155
3267,108.900,1240,560,2115,1877,-1.6231,7.4532
3268,108.933,1241,560,2115,1876,-2.7227,6.5475
3269,108.967,1241,560,2114,1876,-2.2536,8.1358
3270,109.000,1242,565,2113,1874,-1.6803,9.7385
3271,109.033,1242,567,2112,1876,0.6673,9.1936
3272,109.067,1242,567,2112,1876,1.1778,9.5995
3273,109.100,1242,568,2112,1876,-0.2948,11.1176
3274,109.133,1241,566,2113,1877,0.2447,10.0621
3275,109.167,1241,566,2112,1876,0.5397,10.1161
3276,109.200,1241,566,2112,1876,-0.0429,10.0896
3277,109.233,1241,565,2112,1876,1.4553,9.7147
3278,109.267,1241,567,2112,1875,-0.5858,10.2113
3279,109.300,1241,565,2112,1875,-2.2401,10.2824
3280,109.333,1241,565,2112,1876,-1.2077,10.0787
3281,109.367,1241,566,2111,1875,-1.6571,10.6690
3282,109.400,1241,565,2111,1876,-1.0668,9.6416
3283,109.433,1241,564,2111,1875,0.5674,10.8464
3284,109.467,1241,564,2111,1876,-0.3417,10.6859
3285,109.500,1241,562,2112,1876,6.8958,8.4246
3286,109.533,1242,562,2112,1875,4.6258,8.3986
3287,109.567,1241,562,2112,1876,7.2857,7.8863
3288,109.600,1242,562,2112,1876,5.4269,7.8142
3289,109.633,1242,562,2112,1875,4.2923,8.1395
3290,109.667,1242,562,2112,1875,4.6399,8.5187
3291,109.700,1243,559,2112,1875,6.2395,7.9291
3292,109.733,1243,559,2112,1875,6.0107,8.0101
3293,109.767,1243,559,2113,1875,4.1403,9.2971
3294,109.800,1244,557,2114,1874,4.1626,9.6994
3295,109.833,1244,557,2115,1874,4.6527,10.2942
3296,109.867,1245,558,2114,1874,0.8221,10.9717
3297,109.900,1245,558,2114,1874,-0.5341,10.9714
3298,109.933,1244,558,2115,1874,0.2190,10.9217
3299,109.967,1245,559,2115,1873,-0.5094,9.6414
3300,110.000,1244,553,2115,1875,0.6057,9.2084
3301,110.033,1244,553,2115,1875,2.1539,9.1541
3302,110.067,1244,553,2116,1876,7.1119,9.2578
3303,110.100,1243,552,2116,1876,9.9273,7.4915
3304,110.133,1244,553,2116,1876,8.6010,7.7035
3305,110.167,1244,555,2115,1874,8.1218,8.9791
3306,110.200,1244,555,2115,1874,9.3690,8.6338
3307,110.233,1244,555,2115,1874,9.5400,8.8248
3308,110.267,1244,556,2115,1874,9.3291,7.2699
3309,110.300,1244,556,2115,1875,7.5448,9.3405
3310,110.333,1244,556,2116,1875,5.7972,9.0192
3311,110.367,1244,557,2116,1875,4.2447,9.6768
3312,110.400,1243,557,2116,1876,5.7520,8.6997
3313,110.433,1243,557,2116,1876,5.7774,8.9849
3314,110.467,1243,557,2116,1876,5.3921,8.6728
3315,110.500,1243,558,2116,1876,4.5761,9.0396
3316,110.533,1243,558,2116,1876,5.5603,8.7466
3317,110.567,1243,559,2115,1875,5.8085,9.2076
3318,110.600,1243,558,2116,1875,3.2929,8.0530
3319,110.633,1242,558,2116,1875,4.0064,8.6007
3320,110.667,1242,557,2115,1876,6.1036,8.7941
3321,110.700,1242,557,2115,1875,5.9753,9.1729
3322,110.733,1242,557,2115,1875,5.6010,9.0533
3323,110.767,1242,557,2115,1875,5.6169,9.0344
3324,110.800,1242,557,2115,1875,5.4565,8.7115
3325,110.833,1243,557,2116,1875,5.6058,9.2095
3326,110.867,1243,556,2115,1874,4.8155,7.7467
3327,110.900,1243,557,2116,1876,5.4608,8.9365
3328,110.933,1242,557,2116,1876,5.8958,8.6437
3329,110.967,1242,556,2116,1876,5.7454,9.5312
3330,111.000,1242,559,2115,1877,3.7180,8.8830
3331,111.033,1242,559,2115,1877,3.7460,8.5054
3332,111.067,1242,559,2115,1878,5.8056,9.6076
3333,111.100,1242,559,2115,1877,3.7003,8.4677
3334,111.133,1242,559,2115,1877,4.0287,8.4671
3335,111.167,1242,558,2115,1876,3.3439,9.1669
3336,111.200,1242,557,2115,1877,2.6567,8.4786
3337,111.233,1242,558,2115,1877,2.8144,9.0439
3338,111.267,1242,557,2115,1877,2.4427,8.9357
3339,111.300,1242,556,2115,1876,2.2489,8.7296
3340,111.333,1242,556,2116,1877,1.3790,8.2098
3341,111.367,1242,556,2115,1876,2.2749,8.7987
3342,111.400,1242,557,2115,1876,3.5203,9.0053
3343,111.433,1242,557,2115,1875,3.1438,9.8512
3344,111.467,1242,557,2116,1875,1.4553,8.1177
3345,111.500,1242,557,2116,1877,1.6880,8.3734
3346,111.533,1242,558,2116,1876,2.1900,10.3048
3347,111.567,1242,557,2116,1876,2.2895,9.2657
3348,111.600,1242,557,2116,1877,1.0603,8.4848
3349,111.633,1242,557,2116,1878,2.1644,9.2174
3350,111.667,1242,555,2117,1878,2.7554,7.6672
3351,111.700,1241,556,2116,1879,1.6979,7.7261
3352,111.733,1241,556,2116,1880,3.7796,7.8244
3353,111.767,1241,556,2116,1880,3.8315,7.5983
3354,111.800,1240,557,2116,1880,3.3356,8.6420
3355,111.833,1240,563,2116,1880,3.7286,6.2330
3356,111.867,1240,563,2116,1880,3.5389,6.1917
3357,111.900,1240,563,2116,1880,3.1507,6.1245
3358,111.933,1241,562,2116,1880,1.5325,7.6203
3359,111.967,1240,563,2116,1880,3.5372,7.1937
3360,112.000,1239,563,2116,1879,3.1308,8.0657
3361,112.033,1239,562,2116,1880,3.0755,9.0114
3362,112.067,1239,562,2116,1879,3.5000,8.1594
3363,112.100,1239,562,2116,1879,3.5650,8.3810
3364,112.133,1239,562,2116,1879,3.2237,8.7224
3365,112.167,1239,561,2116,1879,1.7906,8.8689
3366,112.200,1239,562,2116,1879,2.2971,8.9538
3367,112.233,1240,562,2116,1878,-0.7229,8.2376
3368,112.267,1239,561,2116,1879,1.0652,8.8488
3369,112.300,1240,563,2116,1878,2.3963,8.6619
3370,112.333,1240,563,2116,1878,2.2464,8.6191
3371,112.367,1240,563,2115,1877,3.1499,10.1727
3372,112.400,1240,564,2115,1878,4.0763,9.6218
3373,112.433,1240,565,2115,1878,4.1240,9.2588
3374,112.467,1240,565,2115,1878,3.9330,9.4297
3375,112.500,1240,565,2115,1878,4.0136,9.3548
3376,112.533,1239,564,2115,1878,5.2696,9.3043
3377,112.567,1239,563,2116,1879,4.1834,9.0818
3378,112.600,1239,564,2116,1879,3.7027,9.5573
3379,112.633,1239,565,2116,1878,3.5739,9.2176
3380,112.667,1239,564,2116,1879,2.3870,9.4256
3381,112.700,1239,564,2116,1879,1.9292,9.9694
3382,112.733,1239,564,2116,1879,1.8925,10.0159
3383,112.767,1239,564,2115,1878,4.5687,9.6994
3384,112.800,1238,563,2115,1880,4.5466,10.0910
3385,112.833,1239,561,2115,1880,3.4287,9.4332
3386,112.867,1239,560,2115,1879,5.0754,9.6775
3387,112.900,1239,560,2115,1879,4.9127,8.7452
3388,112.933,1239,559,2115,1879,2.1363,6.5336
3389,112.967,1239,558,2116,1880,1.8943,6.9940
3390,113.000,1237,552,2118,1883,4.7147,7.9292
3391,113.033,1237,552,2118,1883,3.9181,7.7319
3392,113.067,1237,552,2119,1884,3.6212,8.1360
3393,113.100,1237,551,2119,1884,2.4690,7.6440
3394,113.133,1237,550,2119,1883,1.7534,8.3102
3395,113.167,1237,551,2119,1884,1.2235,7.3280
3396,113.200,1237,550,2119,1884,-0.9113,8.4175
3397,113.233,1237,551,2118,1884,-0.3649,9.6858
3398,113.267,1237,549,2119,1884,-1.7035,11.0835
3399,113.300,1206,616,2052,1848,11.5069,6.6284
3400,113.333,1207,616,2054,1839,10.2149,7.1385
3401,113.367,1207,618,2056,1840,12.7088,8.0160
3402,113.400,1200,600,2054,1843,10.3117,9.5400
3403,113.433,1198,602,2056,1843,11.4901,5.2921
3404,113.467,1198,608,2058,1845,12.5097,8.1120
3405,113.500,1195,611,2055,1840,9.7220,10.9258
3406,113.533,1195,608,2057,1832,7.5955,12.1664
3407,113.567,1194,608,2058,1832,8.4725,9.7919
3408,113.600,1194,608,2059,1833,8.6495,10.0568
3409,113.633,1195,609,2059,1832,4.3644,9.4743
3410,113.667,1195,613,2058,1828,9.1054,9.3974
3411,113.700,1196,614,2059,1827,7.2599,10.5732
3412,113.733,1196,611,2059,1826,10.0858,8.8959
3413,113.767,1194,613,2061,1828,7.0803,8.7266
3414,113.800,1195,611,2062,1829,7.2986,8.3554
3415,113.833,1193,611,2064,1831,2.4083,8.4329
3416,113.867,1194,610,2066,1830,3.4881,13.1351
3417,113.900,1196,614,2065,1830,4.0932,13.1525
3418,113.933,1197,615,2067,1833,5.3968,13.4909
3419,113.967,1200,607,2068,1829,7.7526,16.4093
3420,114.000,1205,608,2070,1826,9.0547,16.8120
3421,114.033,1207,611,2070,1822,9.7081,17.0448
3422,114.067,1208,616,2071,1831,8.0854,15.4246
3423,114.100,1212,611,2073,1824,8.9869,13.2392
3424,114.133,1214,608,2072,1830,8.1395,9.8948
3425,114.167,1220,620,2072,1830,7.5639,3.5117
3426,114.200,1219,602,2073,1837,9.4632,4.0517
3427,114.233,1218,602,2073,1837,6.8488,6.0574
3428,114.267,1217,602,2074,1838,8.2621,1.3513
3429,114.300,1221,615,2073,1834,5.1868,1.9292
3430,114.333,1220,615,2074,1835,5.0313,-0.2113
3431,114.367,1217,595,2074,1842,10.4301,5.3537
3432,114.400,1217,600,2073,1843,16.0857,7.6581
3433,114.433,1216,600,2073,1843,10.5660,6.8679
3434,114.467,1216,599,2071,1841,9.8682,7.8048
3435,114.500,1215,600,2071,1843,10.5407,9.2442
3436,114.533,1214,600,2070,1843,13.0346,9.1482
3437,114.567,1213,601,2070,1844,8.1200,8.7991
3438,114.600,1213,602,2070,1843,11.0217,6.5405
3439,114.633,1213,603,2070,1844,8.2788,6.5169
3440,114.667,1213,603,2070,1843,8.5726,8.4201
3441,114.700,1213,601,2070,1841,9.6526,8.9639
3442,114.733,1213,599,2070,1841,6.8211,9.8566
3443,114.767,1213,602,2071,1842,7.1892,9.1496
3444,114.800,1213,604,2071,1840,7.8119,11.8314
3445,114.833,1213,604,2071,1837,7.3689,10.1286
3446,114.867,1212,603,2071,1840,6.3013,10.7634
3447,114.900,1213,603,2072,1842,6.4344,9.6093
3448,114.933,1212,601,2073,1842,4.9441,9.1594
3449,114.967,1212,600,2071,1841,5.2596,6.9839
3450,115.000,1213,604,2071,1838,7.9845,9.1278
3451,115.033,1213,604,2071,1837,8.7815,8.3847
3452,115.067,1212,604,2072,1839,9.9705,10.0316
3453,115.100,1213,605,2071,1840,6.5451,9.7675
3454,115.133,1210,602,2067,1836,7.8396,8.0176
3455,115.167,1208,609,2064,1836,12.0712,12.2328
3456,115.200,1206,605,2063,1839,11.8737,10.5854
3457,115.233,1204,606,2060,1844,10.1445,9.1962
3458,115.267,1203,605,2059,1848,10.2363,8.9635
3459,115.300,1204,606,2057,1846,7.0921,7.5350
3460,115.333,1203,606,2057,1847,6.4109,6.3956
3461,115.367,1203,606,2056,1846,8.5695,6.5506
3462,115.400,1202,606,2057,1846,7.0242,8.6604
3463,115.433,1202,606,2057,1845,6.5917,9.5528
3464,115.467,1202,606,2057,1844,7.9217,8.4030
3465,115.500,1202,607,2057,1843,9.0302,8.1940
3466,115.533,1202,604,2058,1845,7.6812,9.2011
3467,115.567,1200,601,2060,1854,4.5623,8.9030
3468,115.600,1199,600,2060,1855,7.0738,9.5056
3469,115.633,1198,598,2061,1863,8.1156,9.7388
3470,115.667,1197,596,2062,1863,10.2498,10.8715
3471,115.700,1196,598,2063,1866,4.3883,9.7461
3472,115.733,1196,596,2063,1868,6.4409,10.8677
3473,115.767,1196,599,2062,1867,8.1183,6.1589
3474,115.800,1194,596,2062,1869,5.6727,9.8559
3475,115.833,1200,616,2063,1858,8.6617,8.3996
3476,115.867,1201,616,2062,1858,8.7543,8.9575
3477,115.900,1201,616,2061,1859,5.7307,10.4957
3478,115.933,1201,616,2061,1862,6.7214,11.5351
3479,115.967,1201,620,2062,1862,6.4853,8.7289
3480,116.000,1201,621,2061,1861,5.7105,10.3757
3481,116.033,1201,619,2061,1860,6.5456,5.0808
3482,116.067,1201,621,2062,1859,3.2125,7.6257
3483,116.100,1202,619,2060,1858,6.7124,0.7452
3484,116.133,1203,615,2056,1855,7.4489,2.9308
3485,116.167,1203,614,2055,1856,10.8877,-0.0801
3486,116.200,1201,619,2056,1857,7.3652,0.7272
3487,116.233,1201,620,2057,1859,8.2138,5.9494
3488,116.267,1200,620,2057,1859,9.1606,3.0992
3489,116.300,1198,620,2057,1861,10.4728,6.8554
3490,116.333,1197,620,2058,1861,8.7588,9.7943
3491,116.367,1197,617,2058,1861,11.2622,7.2426
3492,116.400,1197,616,2057,1860,9.2694,5.4266
3493,116.433,1196,615,2056,1857,9.1454,4.5135
3494,116.467,1196,616,2056,1858,10.4366,5.1169
3495,116.500,1195,615,2057,1861,9.9976,7.2271
3496,116.533,1196,614,2057,1860,8.3017,8.1281
3497,116.567,1195,613,2057,1858,9.2912,7.1308
3498,116.600,1196,613,2056,1858,7.6033,9.9721
3499,116.633,1197,614,2054,1856,8.3494,8.3801
3500,116.667,1197,612,2055,1856,5.9455,7.5610
3501,116.700,1197,612,2056,1856,8.4001,9.3055
3502,116.733,1197,612,2056,1857,7.6725,8.0421
3503,116.767,1197,612,2056,1857,6.3170,7.3756
3504,116.800,1197,612,2057,1857,7.2827,7.2485
3505,116.833,1197,612,2056,1856,6.7958,7.9983
3506,116.867,1197,612,2057,1856,6.5184,8.4353
3507,116.900,1197,612,2056,1855,8.5235,6.3893
3508,116.933,1198,613,2057,1855,7.7240,6.1214
3509,116.967,1198,613,2057,1856,6.1545,7.2043
3510,117.000,1198,613,2057,1858,6.2439,8.3742
3511,117.033,1198,613,2057,1859,6.1217,7.3808
3512,117.067,1198,612,2058,1859,6.9973,6.9981
3513,117.100,1198,612,2058,1860,7.4475,7.5179
3514,117.133,1198,611,2058,1861,7.3971,7.2121
3515,117.167,1199,611,2058,1859,7.6048,8.4984
3516,117.200,1199,612,2059,1860,6.7449,8.9597
3517,117.233,1199,611,2059,1861,4.7026,7.9482
3518,117.267,1200,613,2059,1863,5.8091,7.8112
3519,117.300,1200,614,2059,1862,6.4068,9.3235
3520,117.333,1200,614,2059,1863,6.8810,8.1048
3521,117.367,1200,614,2059,1862,5.9720,9.1529
3522,117.400,1195,597,2058,1875,8.5771,10.5522
3523,117.433,1194,596,2058,1875,6.4705,10.4056
3524,117.467,1195,596,2058,1872,8.2507,10.0267
3525,117.500,1195,596,2058,1873,7.2620,9.9423
3526,117.533,1195,595,2058,1871,3.9771,9.6149
3527,117.567,1201,618,2059,1855,6.6330,12.0224
3528,117.600,1201,619,2059,1855,5.5300,12.0421
3529,117.633,1201,619,2059,1854,5.5650,11.3732
3530,117.667,1201,618,2059,1855,6.6682,12.0459
3531,117.700,1201,617,2059,1855,7.5832,8.2231
3532,117.733,1201,618,2059,1855,6.7273,12.3617
3533,117.767,1201,618,2059,1855,6.5140,12.3681
3534,117.800,1201,618,2059,1856,7.2938,8.0825
3535,117.833,1201,618,2059,1856,6.6572,9.0496
3536,117.867,1197,602,2058,1868,-5.2015,14.1069
3537,117.900,1197,600,2058,1868,-4.5668,14.1980
3538,117.933,1197,602,2058,1870,-7.3777,13.2570
3539,117.967,1197,603,2058,1871,-6.5580,13.2436
3540,118.000,1198,600,2057,1865,-4.4672,10.0909
3541,118.033,1197,600,2057,1866,-5.9246,10.4031
3542,118.067,1197,600,2057,1866,-5.8183,10.9544
3543,118.100,1197,601,2057,1866,-6.3188,13.0083
3544,118.133,1197,602,2057,1866,-6.2090,12.8997
3545,118.167,1197,603,2057,1867,-5.3447,11.9284
3546,118.200,1196,603,2057,1866,-8.5343,11.3564
3547,118.233,1196,605,2057,1867,-7.9904,8.7347
3548,118.267,1196,605,2057,1868,-10.5034,9.7860
3549,118.300,1197,605,2056,1866,-10.2298,13.4433
3550,118.333,1196,606,2056,1866,-7.6211,10.2308
3551,118.367,1197,606,2056,1866,-10.7257,12.5043
3552,118.400,1197,606,2056,1865,-9.3386,12.1194
3553,118.433,1197,606,2056,1865,-10.1636,12.5810
3554,118.467,1197,606,2056,1864,-9.7374,11.8734
3555,118.500,1197,606,2056,1865,-9.7333,12.3506
3556,118.533,1197,606,2056,1864,-9.5584,12.8384
3557,118.567,1196,606,2055,1864,-8.8728,14.2612
3558,118.600,1196,606,2055,1863,-9.8992,12.7010
3559,118.633,1195,604,2055,1861,-10.3217,14.0843
3560,118.667,1195,605,2056,1863,-9.7111,12.8836
3561,118.700,1194,604,2056,1863,-9.6522,12.9683
3562,118.733,1194,604,2056,1863,-9.7200,13.0614
3563,118.767,1194,604,2056,1862,-11.0677,13.2236
3564,118.800,1194,603,2056,1864,-10.1262,11.8609
3565,118.833,1193,602,2056,1863,-10.4801,12.7999
3566,118.867,1193,603,2056,1863,-9.2980,12.4607
3567,118.900,1193,603,2056,1864,-9.7887,11.6209
3568,118.933,1193,603,2056,1865,-8.9111,13.7199
3569,118.967,1193,604,2056,1864,-10.1495,11.9490
3570,119.000,1193,604,2057,1861,-10.7887,11.4225
3571,119.033,1193,604,2058,1862,-10.0538,10.2015
3572,119.067,1193,604,2057,1861,-10.1731,10.3151
3573,119.100,1193,604,2057,1861,-10.1207,9.8841
3574,119.133,1193,604,2058,1860,-8.9436,11.3419
3575,119.167,1193,604,2058,1860,-9.3950,10.4245
3576,119.200,1193,603,2058,1861,-9.7802,7.4857
3577,119.233,1193,603,2058,1861,-9.9433,7.0770
3578,119.267,1194,603,2059,1862,-9.8180,10.6155
3579,119.300,1194,603,2058,1861,-8.4757,10.4316
3580,119.333,1194,605,2058,1863,-8.8151,8.5282
3581,119.367,1195,605,2058,1863,-9.9716,8.1996
3582,119.400,1195,606,2058,1864,-8.1538,8.3986
3583,119.433,1195,606,2058,1863,-7.0738,7.0012
3584,119.467,1195,605,2059,1863,-7.6676,8.1996
3585,119.500,1195,605,2059,1863,-7.8896,8.0890
3586,119.533,1195,604,2058,1866,-9.6102,12.4697
3587,119.567,1194,604,2058,1866,-7.1171,8.4743
3588,119.600,1194,604,2058,1865,-7.8651,9.4682
3589,119.633,1194,604,2058,1865,-7.3822,9.1922
3590,119.667,1194,605,2057,1863,-9.0777,10.1037
3591,119.700,1194,604,2058,1866,-7.8647,9.7896
3592,119.733,1193,602,2058,1866,-9.3365,14.3639
3593,119.767,1193,601,2058,1868,-9.0524,13.7295
3594,119.800,1200,619,2058,1857,-12.6991,7.0831
3595,119.833,1199,619,2058,1857,-10.0293,11.0124
3596,119.867,1200,619,2058,1856,-11.2651,9.4189
3597,119.900,1200,618,2057,1856,-9.4630,8.3995
3598,119.933,1199,618,2057,1857,-10.3642,3.6825
3599,119.967,1199,619,2057,1857,-11.1750,4.1736
3600,120.000,1200,618,2056,1858,-6.9200,9.9549
3601,120.033,1200,618,2055,1857,-7.3841,7.6121
3602,120.067,1200,617,2055,1859,-7.2990,5.8058
3603,120.100,1200,617,2055,1857,-8.7723,9.0859
3604,120.133,1199,618,2055,1858,-8.5010,8.2253
3605,120.167,1200,619,2053,1857,-7.2432,8.4947
3606,120.200,1200,620,2053,1858,-8.5379,9.5668
3607,120.233,1193,602,2053,1868,-8.2388,12.8982
3608,120.267,1193,604,2053,1868,-10.9749,11.9601
3609,120.300,1193,605,2053,1868,-9.1582,14.8893
3610,120.333,1193,604,2053,1868,-11.3069,12.8769
3611,120.367,1193,604,2053,1870,-10.6099,11.3348
3612,120.400,1193,604,2053,1869,-10.8053,13.2787
3613,120.433,1193,601,2053,1864,-10.8119,12.4135
3614,120.467,1194,602,2054,1864,-11.9026,11.7589
3615,120.500,1192,599,2054,1866,-10.4375,10.6290
3616,120.533,1192,600,2055,1866,-10.9555,12.7433
3617,120.567,1192,600,2055,1867,-10.6852,13.8996
3618,120.600,1192,600,2055,1867,-10.8246,13.7867
3619,120.633,1191,600,2055,1868,-11.6516,14.1582
3620,120.667,1191,600,2055,1868,-11.9704,13.8754
3621,120.700,1191,601,2055,1868,-8.4221,13.7348
3622,120.733,1191,601,2055,1868,-8.7990,13.6740
3623,120.767,1197,620,2054,1858,-8.1319,10.6597
3624,120.800,1197,619,2054,1858,-9.8157,10.3752
3625,120.833,1198,619,2054,1859,-9.3318,10.5641
3626,120.867,1198,619,2054,1859,-9.3567,10.5656
3627,120.900,1197,620,2055,1861,-10.6871,11.8305
3628,120.933,1197,620,2055,1862,-9.8181,11.0229
3629,120.967,1197,620,2055,1862,-10.0185,11.1408
3630,121.000,1196,620,2055,1864,-11.6442,12.4965
3631,121.033,1197,620,2055,1863,-11.4557,10.7799
3632,121.067,1197,619,2055,1861,-11.3012,12.0506
3633,121.100,1198,618,2054,1860,-9.3911,11.1416
3634,121.133,1198,619,2054,1858,-10.9031,10.1907
3635,121.167,1198,619,2055,1858,-10.9614,10.7345
3636,121.200,1198,619,2055,1858,-11.3965,10.8206
3637,121.233,1198,619,2055,1857,-10.6075,10.3990
3638,121.267,1197,620,2055,1859,-11.6966,12.7101
3639,121.300,1198,620,2056,1859,-12.8395,12.5527
3640,121.333,1198,621,2056,1859,-12.9232,12.9588
3641,121.367,1197,621,2056,1859,-13.0222,13.4513
3642,121.400,1190,603,2056,1872,-12.8137,11.6193
3643,121.433,1190,603,2056,1872,-12.4622,11.6372
3644,121.467,1191,603,2056,1872,-13.1782,13.2406
3645,121.500,1190,603,2056,1873,-11.6445,12.8863
3646,121.533,1190,604,2056,1872,-11.8648,13.6208
3647,121.567,1190,604,2056,1871,-12.3358,13.6662
3648,121.600,1190,604,2056,1873,-12.7080,13.9464
3649,121.633,1190,602,2056,1873,-13.7058,12.6889
3650,121.667,1189,603,2056,1872,-12.8668,13.2429
3651,121.700,1190,605,2055,1871,-11.5332,12.4829
3652,121.733,1189,602,2056,1874,-13.1804,13.4225
3653,121.767,1189,601,2056,1874,-13.3062,13.4420
3654,121.800,1190,599,2055,1874,-9.2607,13.2094
3655,121.833,1189,598,2056,1875,-10.0620,13.2420
3656,121.867,1189,598,2056,1875,-9.3223,13.4581
3657,121.900,1189,598,2056,1875,-9.7996,13.7501
3658,121.933,1189,598,2056,1874,-9.4554,12.5367
3659,121.967,1189,598,2055,1874,-8.9689,13.0969
3660,122.000,1190,602,2055,1872,-10.8940,13.5198
3661,122.033,1189,602,2055,1873,-11.5564,12.1311
3662,122.067,1190,602,2055,1872,-11.2442,13.5435
3663,122.100,1190,602,2055,1874,-9.7609,14.0924
3664,122.133,1190,602,2055,1873,-9.2672,12.5690
3665,122.167,1189,602,2054,1874,-7.9712,13.6402
3666,122.200,1189,602,2054,1873,-9.7547,12.8309
3667,122.233,1189,602,2054,1873,-10.2011,13.2693
3668,122.267,1189,602,2054,1872,-10.6622,12.8220
3669,122.300,1190,600,2054,1873,-10.6011,12.1177
3670,122.333,1190,600,2054,1873,-10.4722,12.2219
3671,122.367,1190,599,2054,1874,-8.8683,12.2617
3672,122.400,1190,599,2054,1873,-9.5925,13.7690
3673,122.433,1189,598,2054,1874,-11.6439,13.8684
3674,122.467,1189,598,2054,1874,-11.3007,13.8092
3675,122.500,1189,599,2054,1874,-12.2077,13.9545
3676,122.533,1196,617,2052,1861,-12.3787,9.4737
3677,122.567,1197,617,2051,1859,-9.7037,10.4998
3678,122.600,1197,617,2051,1860,-11.8880,10.3380
3679,122.633,1190,602,2052,1871,-10.8847,12.5659
3680,122.667,1197,618,2050,1856,-9.4958,9.8811
3681,122.700,1198,617,2050,1856,-6.9245,9.2414
3682,122.733,1198,617,2050,1856,-6.8752,9.7738
3683,122.767,1198,616,2050,1856,-6.8958,14.5668
3684,122.800,1198,616,2050,1855,-7.4671,13.2278
3685,122.833,1198,616,2050,1855,-6.5354,13.0277
3686,122.867,1198,616,2050,1855,-6.2772,12.7610
3687,122.900,1198,616,2050,1856,-8.8642,13.1127
3688,122.933,1197,616,2050,1856,-8.2076,9.4070
3689,122.967,1197,616,2051,1858,-10.3631,10.6422
3690,123.000,1197,614,2051,1861,-10.0173,12.1276
3691,123.033,1196,615,2052,1861,-10.8367,10.6687
3692,123.067,1197,617,2052,1860,-10.0153,9.5003
3693,123.100,1197,616,2052,1860,-10.3456,8.8913
3694,123.133,1196,617,2052,1861,-9.5031,8.3029
3695,123.167,1196,618,2052,1860,-10.9373,9.4071
3696,123.200,1196,618,2052,1860,-11.1789,8.9639
3697,123.233,1196,617,2052,1859,-9.1422,9.6470
3698,123.267,1196,617,2053,1860,-10.2300,10.0088
3699,123.300,1197,618,2053,1860,-11.1068,10.6178
3700,123.333,1197,615,2052,1860,-9.1798,9.6299
3701,123.367,1197,615,2052,1859,-9.7041,9.9108
3702,123.400,1197,612,2051,1858,-11.2852,12.0557
3703,123.433,1197,610,2051,1858,-8.0583,10.1687
3704,123.467,1197,609,2051,1858,-8.7764,12.5690
3705,123.500,1197,609,2051,1858,-8.3416,12.8125
3706,123.533,1198,609,2050,1858,-9.3936,11.8836
3707,123.567,1197,609,2050,1857,-8.1832,10.3458
3708,123.600,1198,607,2050,1858,-7.9365,9.6494
3709,123.633,1198,606,2050,1858,-10.8528,10.2036
3710,123.667,1197,607,2050,1859,-8.7416,9.5061
3711,123.700,1197,607,2050,1860,-8.4997,8.8090
3712,123.733,1197,607,2050,1860,-8.5196,9.0861
3713,123.767,1197,607,2050,1860,-8.4518,8.8551
3714,123.800,1197,608,2050,1861,-9.0912,10.1959
3715,123.833,1197,610,2050,1861,-9.7614,9.9235
3716,123.867,1197,610,2050,1861,-9.2732,10.0137
3717,123.900,1197,610,2050,1862,-10.4657,9.4295
3718,123.933,1197,610,2050,1862,-9.5433,8.3652
3719,123.967,1197,610,2051,1863,-11.1194,7.7894
3720,124.000,1196,609,2050,1864,-8.4893,8.5886
3721,124.033,1196,609,2050,1863,-7.6033,10.4916
3722,124.067,1196,609,2050,1863,-7.7296,10.4794
3723,124.100,1196,608,2049,1862,-8.0862,8.8736
3724,124.133,1196,608,2049,1862,-8.6063,8.3773
3725,124.167,1196,607,2048,1861,-9.1083,8.5018
3726,124.200,1197,612,2048,1860,-8.1158,6.0201
3727,124.233,1197,612,2048,1860,-8.0499,6.6452
3728,124.267,1197,611,2048,1860,-9.2595,7.7728
3729,124.300,1197,611,2048,1859,-8.2494,6.2883
3730,124.333,1197,611,2048,1859,-8.2060,6.6195
3731,124.367,1197,611,2048,1859,-8.0473,6.1006
3732,124.400,1197,611,2048,1859,-8.4164,6.5671
3733,124.433,1197,609,2048,1859,-9.9842,8.2418
3734,124.467,1197,609,2048,1859,-9.9641,8.4489
3735,124.500,1197,609,2048,1859,-9.7637,8.3581
3736,124.533,1196,609,2048,1859,-9.6552,7.3921
3737,124.567,1195,610,2048,1859,-9.1169,5.6819
3738,124.600,1195,608,2048,1859,-10.3429,7.6386
3739,124.633,1194,609,2048,1861,-9.6326,7.2415
3740,124.667,1194,610,2048,1862,-7.6970,7.7876
3741,124.700,1193,610,2047,1861,-8.6850,7.0590
3742,124.733,1192,610,2047,1861,-6.8864,6.3523
3743,124.767,1192,609,2047,1861,-9.4338,7.3241
3744,124.800,1193,609,2047,1859,-7.7182,7.8955
3745,124.833,1192,608,2047,1859,-8.2570,6.8875
3746,124.867,1192,608,2047,1860,-7.5435,5.3271
3747,124.900,1192,608,2047,1860,-8.1618,6.0258
3748,124.933,1192,606,2048,1861,-7.8487,5.9569
3749,124.967,1192,607,2048,1861,-8.1166,6.2098
3750,125.000,1192,608,2047,1860,-5.4485,6.1866
3751,125.033,1192,607,2048,1861,-8.0417,5.2613
3752,125.067,1192,608,2048,1861,-8.2601,5.9913
3753,125.100,1192,608,2049,1861,-8.6863,5.1909
3754,125.133,1193,607,2048,1857,-6.9787,5.6780
3755,125.167,1193,607,2048,1855,-7.7833,6.9975
3756,125.200,1193,607,2049,1856,-8.6967,5.3129
3757,125.233,1193,607,2048,1855,-7.8915,6.7594
3758,125.267,1193,607,2048,1853,-7.2144,7.8137
3759,125.300,1193,608,2048,1852,-7.2747,7.4501
3760,125.333,1193,607,2048,1852,-8.1187,8.0242
3761,125.367,1193,607,2048,1852,-7.9554,7.5325
3762,125.400,1193,608,2047,1852,-6.8711,8.7321
3763,125.433,1192,607,2047,1851,-8.1457,9.5071
3764,125.467,1192,606,2048,1852,-7.6292,9.0396
3765,125.500,1192,606,2048,1850,-8.2292,8.9818
3766,125.533,1191,607,2048,1849,-6.5525,9.2014
3767,125.567,1191,608,2048,1847,-10.4850,8.0789
3768,125.600,1190,608,2048,1847,-9.8086,9.1880
3769,125.633,1190,608,2048,1848,-9.5685,9.0905
3770,125.667,1190,608,2048,1847,-8.2976,9.1024
3771,125.700,1190,608,2048,1850,-8.8169,9.3641
3772,125.733,1190,608,2047,1850,-9.8425,10.0060
3773,125.767,1189,608,2048,1849,-8.6341,7.7852
3774,125.800,1189,607,2047,1850,-7.1402,9.7572
3775,125.833,1189,607,2047,1849,-6.1846,9.1015
3776,125.867,1189,608,2047,1849,-8.0740,9.0833
3777,125.900,1189,606,2047,1850,-7.4037,11.0013
3778,125.933,1190,607,2045,1848,-6.5013,10.1895
3779,125.967,1190,609,2045,1848,-7.0422,10.6621
3780,126.000,1191,610,2046,1848,-7.3304,7.7698
3781,126.033,1191,610,2046,1849,-9.6741,6.9977
3782,126.067,1191,611,2046,1849,-8.4747,7.7126
3783,126.100,1191,610,2046,1849,-10.0515,7.6820
3784,126.133,1191,610,2046,1849,-9.7239,8.3787
3785,126.167,1191,610,2047,1851,-10.2771,7.7580
3786,126.200,1191,610,2047,1852,-9.2931,7.8719
3787,126.233,1191,611,2047,1852,-8.6649,7.2742
3788,126.267,1191,610,2047,1852,-9.1584,8.0126
3789,126.300,1192,608,2047,1854,-10.4657,7.6209
3790,126.333,1192,608,2047,1855,-9.7380,7.2470
3791,126.367,1192,608,2047,1856,-10.5990,7.6379
3792,126.400,1191,609,2047,1856,-9.1333,7.5269
3793,126.433,1191,609,2048,1856,-8.6588,8.1665
3794,126.467,1191,609,2048,1857,-9.9012,8.2127
3795,126.500,1192,608,2047,1855,-9.7280,7.5635
3796,126.533,1193,609,2047,1855,-9.1419,8.3878
3797,126.567,1193,606,2046,1856,-6.2200,9.8681
3798,126.600,1193,607,2046,1857,-7.2860,10.1036
3799,126.633,1193,608,2046,1857,-7.1052,8.6194
3800,126.667,1194,608,2046,1856,-6.8883,9.7148
3801,126.700,1194,608,2046,1856,-6.7888,9.0495
3802,126.733,1194,608,2046,1855,-6.9374,9.9260
3803,126.767,1194,608,2046,1854,-6.1600,8.9855
3804,126.800,1194,608,2046,1854,-5.5695,9.6837
3805,126.833,1194,608,2045,1854,-6.1263,10.7589
3806,126.867,1194,608,2046,1856,-5.0602,8.6331
3807,126.900,1194,608,2045,1856,-4.5313,10.3594
3808,126.933,1194,608,2045,1856,-4.2838,10.4771
3809,126.967,1194,607,2046,1856,-6.8255,7.4977
3810,127.000,1193,603,2046,1857,-7.5105,7.3589
3811,127.033,1193,604,2045,1856,-8.2753,7.7971
3812,127.067,1194,604,2046,1856,-7.4834,7.6789
3813,127.100,1193,604,2045,1856,-8.3383,8.1441
3814,127.133,1193,605,2046,1856,-9.0766,7.4950
3815,127.167,1193,604,2046,1857,-8.6361,7.2047
3816,127.200,1193,604,2046,1857,-9.1369,7.4093
3817,127.233,1193,605,2046,1857,-8.3413,7.6009
3818,127.267,1192,604,2046,1857,-7.0442,8.0247
3819,127.300,1193,603,2045,1855,-7.8917,9.8631
3820,127.333,1192,604,2045,1856,-8.7898,7.2713
3821,127.367,1192,605,2046,1857,-5.8631,6.8102
3822,127.400,1192,603,2046,1855,-8.5678,7.3418
3823,127.433,1192,603,2046,1855,-8.3540,7.2951
3824,127.467,1192,603,2046,1855,-8.6225,7.1854
3825,127.500,1192,603,2046,1855,-8.4860,7.2585
3826,127.533,1192,603,2046,1854,-8.6103,8.8756
3827,127.567,1192,603,2046,1854,-8.6432,8.8499
3828,127.600,1192,603,2046,1854,-8.6702,8.3957
3829,127.633,1192,603,2046,1854,-8.5898,8.6761
3830,127.667,1192,602,2047,1854,-9.2658,8.7201
3831,127.700,1192,602,2046,1855,-10.1689,9.9487
3832,127.733,1192,602,2046,1855,-10.0675,9.9880
3833,127.767,1192,602,2046,1855,-9.7949,9.9017
3834,127.800,1192,602,2046,1855,-9.8202,9.3266
3835,127.833,1192,603,2046,1857,-10.5398,8.2234
3836,127.867,1192,603,2046,1857,-10.6526,8.1260
3837,127.900,1192,603,2046,1857,-10.6743,8.3118
3838,127.933,1192,604,2046,1858,-9.1530,8.9589
3839,127.967,1192,604,2046,1858,-9.1949,8.7363
3840,128.000,1191,607,2046,1857,-9.4751,8.5532
3841,128.033,1191,609,2046,1858,-10.6906,7.1223
3842,128.067,1191,609,2047,1858,-10.9747,8.8389
3843,128.100,1191,610,2047,1858,-10.0016,9.2435
3844,128.133,1191,610,2046,1858,-9.2935,8.8936
3845,128.167,1191,609,2047,1856,-10.6073,8.7115
3846,128.200,1191,609,2047,1855,-9.6703,6.9414
3847,128.233,1190,609,2047,1855,-10.6235,6.4173
3848,128.267,1191,608,2048,1855,-9.4223,6.2393
3849,128.300,1191,608,2048,1855,-9.7123,6.1561
3850,128.333,1191,607,2048,1855,-8.1555,7.8898
3851,128.367,1191,607,2048,1855,-8.2174,7.7885
3852,128.400,1191,607,2048,1855,-8.3240,6.6289
3853,128.433,1191,608,2048,1855,-9.0563,5.9724
3854,128.467,1191,608,2048,1855,-9.0939,6.0234
3855,128.500,1191,608,2048,1854,-9.4888,8.2388
3856,128.533,1191,608,2047,1854,-9.7484,8.7473
3857,128.567,1191,607,2048,1855,-7.7043,7.8068
3858,128.600,1191,607,2047,1855,-8.5070,9.1870
3859,128.633,1191,607,2047,1854,-7.3000,8.9185
3860,128.667,1190,605,2048,1854,-6.4345,7.9590
3861,128.700,1190,603,2048,1853,-8.7550,8.6674
3862,128.733,1190,604,2048,1854,-7.9543,8.7225
3863,128.767,1190,604,2048,1854,-7.8060,8.9365
3864,128.800,1189,606,2049,1855,-10.1435,7.3355
3865,128.833,1189,606,2048,1854,-9.7089,5.9449
3866,128.867,1189,606,2048,1855,-8.2449,5.7928
3867,128.900,1189,606,2048,1854,-9.4896,5.6029
3868,128.933,1189,606,2048,1854,-10.2548,5.8535
3869,128.967,1189,606,2048,1854,-9.6625,5.5912
3870,129.000,1190,606,2048,1855,-5.4754,6.7573
3871,129.033,1190,607,2048,1855,-7.2945,5.1577
3872,129.067,1190,607,2048,1855,-6.7971,5.9750
3873,129.100,1190,607,2048,1855,-7.2433,5.0098
3874,129.133,1190,606,2047,1855,-7.6008,5.6652
3875,129.167,1190,605,2047,1855,-7.6293,5.0037
3876,129.200,1190,605,2047,1855,-7.2027,5.1103
3877,129.233,1190,605,2047,1855,-7.5324,4.6367
3878,129.267,1190,604,2047,1855,-8.5807,3.7883
3879,129.300,1190,604,2047,1855,-8.5352,3.9518
3880,129.333,1190,604,2047,1855,-9.0849,4.0456
3881,129.367,1190,604,2047,1854,-9.2256,4.1146
3882,129.400,1190,604,2047,1854,-9.3333,4.0804
3883,129.433,1190,605,2047,1856,-6.8008,6.1383
3884,129.467,1190,606,2047,1856,-5.6688,5.9538
3885,129.500,1190,606,2047,1856,-5.3317,5.9130
3886,129.533,1189,608,2048,1857,-9.3516,4.8865
3887,129.567,1189,608,2048,1857,-9.9659,5.6997
3888,129.600,1189,608,2048,1857,-9.9498,5.7258
3889,129.633,1189,607,2048,1857,-10.0318,5.4562
3890,129.667,1189,608,2048,1856,-9.7632,7.1648
3891,129.700,1189,608,2048,1857,-9.5872,6.7955
3892,129.733,1190,607,2048,1858,-5.0350,6.3172
3893,129.767,1191,607,2048,1859,-6.0248,6.3267
3894,129.800,1191,607,2048,1860,-6.1929,6.2677
3895,129.833,1191,608,2047,1860,-6.1037,5.7795
3896,129.867,1191,611,2047,1860,-7.4427,5.9688
3897,129.900,1190,611,2048,1861,-6.3182,7.5424
3898,129.933,1190,612,2047,1860,-6.0925,6.9013
3899,129.967,1191,613,2047,1860,-6.3543,7.1895
3900,130.000,1192,610,2045,1858,-5.9794,4.9278
3901,130.033,1194,621,2044,1856,-5.5902,4.1316
3902,130.067,1194,622,2043,1855,-3.7953,3.6294
3903,130.100,1195,623,2043,1855,-7.2605,3.3361
3904,130.133,1195,623,2043,1855,-7.3457,3.7963
3905,130.167,1195,623,2043,1855,-8.6254,3.2433
3906,130.200,1195,622,2042,1852,-6.3770,3.8440
3907,130.233,1194,622,2041,1851,-6.1616,3.6933
3908,130.267,1194,619,2041,1851,-5.4619,2.1551
3909,130.300,1195,618,2040,1850,-5.5756,4.4757
3910,130.333,1195,618,2039,1850,-5.5230,4.4050
3911,130.367,1194,619,2039,1850,-4.4868,3.8219
3912,130.400,1194,616,2039,1850,-6.3872,4.0308
3913,130.433,1194,615,2040,1852,-7.3570,2.9261
3914,130.467,1194,614,2040,1851,-6.2798,2.9758
3915,130.500,1194,615,2039,1851,-6.7701,2.8120
3916,130.533,1193,613,2040,1851,-5.1654,3.2569
3917,130.567,1193,614,2040,1850,-5.8023,4.8990
3918,130.600,1193,611,2039,1847,-5.0932,2.6624
3919,130.633,1192,611,2038,1846,-7.0991,1.3891
3920,130.667,1192,613,2038,1845,-6.2734,2.7204
3921,130.700,1191,614,2039,1845,-3.5600,5.1420
3922,130.733,1191,614,2039,1847,-4.3128,4.5268
3923,130.767,1191,614,2038,1846,-2.6392,4.9655
3924,130.800,1190,613,2038,1849,-4.9934,5.1673
3925,130.833,1190,614,2039,1848,-3.8376,4.2735
3926,130.867,1190,611,2039,1847,-6.4153,3.0391
3927,130.900,1190,612,2039,1847,-4.5772,5.4245
3928,130.933,1191,609,2039,1847,-6.7648,3.4409
3929,130.967,1191,610,2040,1847,-5.8662,3.4557
3930,131.000,1191,609,2040,1844,-5.1995,3.2664
3931,131.033,1191,609,2040,1843,-6.4160,4.2609
3932,131.067,1191,608,2040,1844,-5.9678,3.3616
3933,131.100,1191,608,2040,1844,-5.6359,3.8086
3934,131.133,1191,609,2039,1844,-6.4765,3.0278
3935,131.167,1192,605,2039,1843,-6.1488,3.4878
3936,131.200,1191,605,2039,1844,-7.5811,4.4186
3937,131.233,1192,606,2039,1843,-7.4381,4.7016
3938,131.267,1192,606,2039,1842,-5.3172,2.8657
3939,131.300,1190,607,2038,1841,-4.6773,1.0055
3940,131.333,1190,608,2038,1842,-4.6210,2.5215
3941,131.367,1189,607,2039,1841,-4.4612,1.9890
3942,131.400,1188,608,2039,1841,-5.2608,3.3898
3943,131.433,1188,609,2039,1840,-3.5389,2.4365
3944,131.467,1188,609,2039,1840,-3.5963,2.5686
3945,131.500,1188,608,2039,1841,-5.4084,2.9045
3946,131.533,1188,608,2039,1841,-6.0598,3.3490
3947,131.567,1189,608,2039,1840,-5.2363,5.9134
3948,131.600,1189,609,2039,1840,-5.2440,4.3143
3949,131.633,1189,609,2039,1839,-6.6080,4.5924
3950,131.667,1189,610,2039,1839,-3.6220,5.9347
3951,131.700,1189,612,2038,1836,-5.0654,5.2893
3952,131.733,1189,612,2038,1837,-4.1527,6.3601
3953,131.767,1190,612,2037,1835,-4.5137,6.3498
3954,131.800,1190,612,2037,1832,-5.1550,6.9138
3955,131.833,1190,612,2038,1832,-4.5575,4.9517
3956,131.867,1190,612,2037,1829,-3.7715,5.4893
3957,131.900,1189,612,2039,1828,-5.4050,5.0548
3958,131.933,1189,611,2038,1826,-6.5249,6.2765
3959,131.967,1189,616,2038,1827,-2.4533,8.1362
3960,132.000,1189,615,2038,1828,-5.1609,5.0459
3961,132.033,1189,615,2039,1828,-3.6578,5.0222
3962,132.067,1190,616,2038,1826,-5.2845,5.6614
3963,132.100,1190,615,2038,1826,-5.7815,6.1634
3964,132.133,1191,615,2038,1825,-5.1808,6.0190
3965,132.167,1191,614,2038,1824,-5.0688,6.1949
3966,132.200,1190,615,2037,1825,-5.4734,6.1740
3967,132.233,1190,616,2038,1826,-4.0792,5.4452
3968,132.267,1189,615,2038,1826,-5.4514,6.0872
3969,132.300,1189,614,2038,1826,-5.2491,5.1892
3970,132.333,1188,613,2037,1826,-6.2065,6.1388
3971,132.367,1188,613,2037,1827,-6.2557,6.3898
3972,132.400,1187,610,2037,1831,-5.6222,4.9297
3973,132.433,1186,609,2037,1835,-6.7345,5.4981
3974,132.467,1186,609,2038,1836,-6.6006,4.5986
3975,132.500,1186,610,2038,1837,-7.1738,5.2217
3976,132.533,1187,609,2038,1836,-6.7119,6.3515
3977,132.567,1187,608,2037,1836,-1.9621,4.9429
3978,132.600,1187,609,2037,1835,-2.7322,6.1385
3979,132.633,1187,609,2037,1834,-5.0054,4.7004
3980,132.667,1188,608,2037,1834,-2.8529,4.6764
3981,132.700,1188,608,2037,1836,-2.7134,3.7009
3982,132.733,1189,607,2037,1835,-1.8115,2.8519
3983,132.767,1189,607,2037,1835,-2.1327,2.7452
3984,132.800,1190,605,2036,1835,-6.5284,2.4200
3985,132.833,1190,605,2036,1834,-6.9301,2.3275
3986,132.867,1190,605,2036,1836,-6.8415,2.8392
3987,132.900,1190,605,2036,1836,-6.7632,3.0605
3988,132.933,1190,606,2037,1837,-7.1043,1.9595
3989,132.967,1189,606,2037,1840,-5.8168,1.5735
3990,133.000,1189,605,2037,1841,-3.6125,2.4217
3991,133.033,1189,603,2037,1843,-5.7582,2.1917
3992,133.067,1189,603,2036,1843,-4.7322,2.6019
3993,133.100,1188,602,2037,1844,-4.4330,2.3092
3994,133.133,1189,602,2037,1843,-5.7707,2.3152
3995,133.167,1190,604,2037,1844,-8.5047,2.6073
3996,133.200,1190,604,2038,1845,-7.2119,2.2921
3997,133.233,1190,602,2039,1844,-5.6254,1.0277
3998,133.267,1190,602,2039,1845,-6.4020,1.5522
3999,133.300,1190,603,2039,1845,-5.3950,1.7600
4000,133.333,1190,603,2038,1845,-3.5164,1.3351
4001,133.367,1190,603,2038,1846,-3.0884,1.9399
4002,133.400,1190,604,2039,1847,-7.3037,2.3169
4003,133.433,1191,605,2039,1847,-8.6490,2.8531
4004,133.467,1190,604,2038,1847,-6.0604,2.9666
4005,133.500,1190,604,2039,1847,-8.3198,2.0896
4006,133.533,1191,604,2038,1846,-4.3097,2.1478
4007,133.567,1191,605,2038,1845,-8.5249,3.2208
4008,133.600,1191,605,2038,1845,-8.4946,3.1015
4009,133.633,1191,605,2038,1845,-8.2404,3.0513
4010,133.667,1191,605,2038,1845,-7.7431,2.9782
4011,133.700,1191,606,2037,1844,-4.9721,5.0074
4012,133.733,1191,605,2037,1843,-5.0882,4.8488
4013,133.767,1191,606,2037,1844,-5.6850,5.5856
4014,133.800,1191,607,2037,1843,-4.7902,4.0281
4015,133.833,1190,607,2037,1842,-7.1727,2.9070
4016,133.867,1191,608,2038,1842,-5.5963,4.6634
4017,133.900,1190,608,2037,1839,-8.3190,4.5409
4018,133.933,1190,609,2038,1841,-7.2231,2.1003
4019,133.967,1189,611,2038,1839,-6.9064,3.4001
4020,134.000,1188,614,2038,1840,-2.1879,3.4510
4021,134.033,1188,617,2039,1837,-2.6278,5.2206
4022,134.067,1189,616,2038,1836,-3.0916,5.4250
4023,134.100,1190,614,2038,1833,-6.7951,3.9494
4024,134.133,1190,612,2038,1833,-4.0694,4.9820
4025,134.167,1189,613,2039,1833,-4.2047,2.6254
4026,134.200,1189,613,2039,1833,-3.8928,2.8063
4027,134.233,1189,613,2039,1833,-3.7191,2.6694
4028,134.267,1189,615,2039,1834,-1.3677,3.4008
4029,134.300,1188,615,2039,1835,-2.9673,3.5679
4030,134.333,1189,615,2039,1835,-3.0161,5.0692
4031,134.367,1189,615,2039,1837,-3.5899,4.6149
4032,134.400,1189,616,2038,1836,-2.2218,5.3924
4033,134.433,1190,615,2039,1836,-2.8383,5.4047
4034,134.467,1189,615,2039,1837,-4.0258,5.9701
4035,134.500,1190,616,2039,1836,-3.8444,5.0698
4036,134.533,1189,615,2039,1838,-5.6718,6.3709
4037,134.567,1189,615,2039,1837,-5.1179,6.6534
4038,134.600,1189,613,2039,1837,-7.1038,4.4961
4039,134.633,1189,613,2039,1837,-7.0709,4.6965
4040,134.667,1190,612,2039,1836,-5.4853,5.8915
4041,134.700,1189,612,2040,1838,-4.3741,5.4169
4042,134.733,1189,613,2040,1837,-7.3197,6.0530
4043,134.767,1189,613,2040,1837,-7.5606,6.2527
4044,134.800,1189,613,2040,1838,-4.5644,5.1097
4045,134.833,1190,612,2040,1839,-4.0952,5.0481
4046,134.867,1190,613,2041,1839,-5.6742,6.1624
4047,134.900,1190,613,2041,1839,-4.4963,5.9547
4048,134.933,1190,613,2041,1836,7.3093,3.6376
4049,134.967,1189,614,2041,1835,8.0054,4.1921
4050,135.000,1189,615,2042,1835,7.8258,3.6641
4051,135.033,1188,614,2042,1835,7.9059,3.4308
4052,135.067,1188,614,2042,1835,8.2281,3.4659
4053,135.100,1188,615,2042,1834,6.6806,4.3722
4054,135.133,1189,615,2042,1834,7.5257,3.9314
4055,135.167,1189,614,2041,1835,9.4642,2.1589
4056,135.200,1189,614,2041,1835,10.0331,2.4813
4057,135.233,1189,614,2042,1836,7.6444,3.1293
4058,135.267,1189,614,2042,1836,7.2162,3.9040
4059,135.300,1189,614,2041,1835,9.2742,1.8951
4060,135.333,1189,614,2041,1835,8.9036,3.2809
4061,135.367,1190,613,2041,1835,8.7883,1.2887
4062,135.400,1190,614,2041,1834,7.4043,1.6120
4063,135.433,1190,615,2041,1835,8.3192,4.3445
4064,135.467,1190,615,2042,1834,7.6443,4.7766
4065,135.500,1190,615,2043,1837,5.8845,4.3389
4066,135.533,1189,614,2043,1837,8.2026,4.0578
4067,135.567,1188,613,2044,1836,6.2984,2.3772
4068,135.600,1188,613,2044,1837,6.7354,3.8153
4069,135.633,1179,602,2047,1840,9.0373,3.9095
4070,135.667,1179,601,2047,1842,8.2858,1.5046
4071,135.700,1189,613,2044,1835,8.7301,3.6933
4072,135.733,1189,613,2044,1835,8.7921,3.6378
4073,135.767,1189,613,2044,1835,8.2549,2.9405
4074,135.800,1190,613,2044,1835,9.2482,2.3853
4075,135.833,1189,613,2044,1836,8.0518,2.1752
4076,135.867,1189,613,2044,1835,7.1896,3.1242
4077,135.900,1179,603,2047,1842,9.8551,4.8564
4078,135.933,1180,601,2046,1843,8.5966,1.7858
4079,135.967,1191,612,2044,1839,9.7612,2.8188
4080,136.000,1182,597,2046,1848,7.9320,2.3302
4081,136.033,1182,597,2047,1848,9.6326,2.1232
4082,136.067,1182,598,2047,1847,6.7258,3.2904
4083,136.100,1182,598,2048,1847,9.0632,2.6025
4084,136.133,1182,601,2047,1846,8.0650,2.2844
4085,136.167,1182,601,2048,1846,7.9338,2.4212
4086,136.200,1182,601,2047,1847,7.7933,4.9736
4087,136.233,1182,601,2047,1846,6.8494,2.9754
4088,136.267,1182,601,2048,1846,7.9553,1.6636
4089,136.300,1183,599,2047,1847,9.8114,2.7425
4090,136.333,1183,601,2047,1846,7.1591,3.4262
4091,136.367,1183,602,2047,1846,7.2205,3.8826
4092,136.400,1182,604,2047,1848,8.9010,5.3582
4093,136.433,1182,604,2047,1849,7.6064,4.3268
4094,136.467,1181,604,2047,1849,8.2182,5.3144
4095,136.500,1182,605,2048,1849,7.7236,3.0798
4096,136.533,1181,604,2048,1851,7.5979,3.3042
4097,136.567,1181,604,2048,1851,7.4673,3.9377
4098,136.600,1181,605,2048,1847,7.5288,3.2267
4099,136.633,1181,606,2048,1847,6.3646,4.0894
4100,136.667,1181,606,2048,1843,8.3713,3.9839
4101,136.700,1181,603,2048,1846,7.5279,4.9005
4102,136.733,1182,605,2048,1844,8.0604,4.4607
4103,136.767,1181,605,2049,1844,9.2586,4.2320
4104,136.800,1182,605,2049,1843,8.6149,4.9369
4105,136.833,1182,607,2048,1842,8.1866,-0.1984
4106,136.867,1182,607,2048,1842,8.0177,-0.2555
4107,136.900,1182,607,2048,1843,10.0513,2.0628
4108,136.933,1182,604,2048,1842,7.2824,3.3626
4109,136.967,1181,605,2047,1841,7.8427,3.1340
4110,137.000,1182,604,2048,1842,7.7254,4.3450
4111,137.033,1182,604,2048,1843,8.6877,6.1327
4112,137.067,1182,601,2048,1844,7.6737,4.5918
4113,137.100,1182,603,2047,1845,7.5502,3.2302
4114,137.133,1182,602,2047,1845,9.8192,3.3117
4115,137.167,1182,602,2048,1844,7.7303,3.7539
4116,137.200,1182,601,2047,1844,7.4919,2.1893
4117,137.233,1182,601,2047,1844,7.3461,2.0782
4118,137.267,1182,600,2047,1845,7.4400,3.4789
4119,137.300,1182,600,2047,1844,7.7484,3.0668
4120,137.333,1181,601,2047,1844,6.6576,2.3922
4121,137.367,1181,600,2047,1844,7.5133,3.0014
4122,137.400,1181,601,2048,1844,7.4237,4.9605
4123,137.433,1181,600,2047,1843,8.3727,4.8781
4124,137.467,1182,600,2047,1843,8.9269,4.4769
4125,137.500,1182,601,2047,1842,7.0932,3.1062
4126,137.533,1182,600,2047,1843,9.0150,4.5215
4127,137.567,1182,600,2048,1843,8.0274,3.6375
4128,137.600,1182,599,2048,1843,6.6342,4.8995
4129,137.633,1182,600,2048,1843,8.6498,4.3110
4130,137.667,1181,601,2049,1843,7.0756,6.2001
4131,137.700,1182,603,2049,1844,5.5420,4.6439
4132,137.733,1182,603,2048,1844,5.3457,4.1660
4133,137.767,1182,605,2048,1843,7.3896,3.9586
4134,137.800,1183,603,2047,1844,11.5616,6.2627
4135,137.833,1183,601,2047,1843,10.1047,5.4305
4136,137.867,1183,599,2046,1842,6.2049,3.5566
4137,137.900,1183,598,2046,1842,5.6118,5.3939
4138,137.933,1193,610,2043,1833,7.2652,2.5933
4139,137.967,1193,607,2041,1831,9.3996,3.2674
4140,138.000,1192,607,2042,1833,6.1541,3.1719
4141,138.033,1192,606,2042,1831,4.6849,1.9409
4142,138.067,1192,606,2042,1834,5.0516,2.3780
4143,138.100,1191,607,2042,1833,4.3848,2.7717
4144,138.133,1192,607,2041,1831,6.8617,2.3532
4145,138.167,1191,607,2041,1831,8.3923,3.6432
4146,138.200,1192,607,2041,1831,7.8642,1.6290
4147,138.233,1192,608,2041,1831,6.0579,1.1786
4148,138.267,1192,609,2041,1829,9.0129,0.2221
4149,138.300,1193,609,2040,1828,4.5307,-0.1322
4150,138.333,1193,610,2040,1828,5.7174,0.3247
4151,138.367,1193,611,2040,1827,6.9502,1.9515
4152,138.400,1193,611,2040,1826,7.6445,0.7112
4153,138.433,1193,610,2041,1827,5.0887,0.4867
4154,138.467,1194,610,2040,1829,4.0098,1.9270
4155,138.500,1194,610,2040,1828,5.6005,1.0948
4156,138.533,1193,610,2040,1829,5.3403,1.7062
4157,138.567,1193,610,2040,1831,5.8433,2.5841
4158,138.600,1193,610,2040,1830,4.5348,2.3600
4159,138.633,1193,610,2040,1830,5.0955,2.6214
4160,138.667,1194,609,2040,1830,5.2479,1.8878
4161,138.700,1193,608,2041,1829,1.6769,3.7587
4162,138.733,1192,608,2042,1833,6.3238,2.5877
4163,138.767,1192,608,2042,1834,5.9614,2.8497
4164,138.800,1191,605,2043,1836,5.5656,1.1688
4165,138.833,1190,605,2043,1836,5.3864,2.6755
4166,138.867,1190,606,2043,1837,6.5355,2.9950
4167,138.900,1190,606,2043,1836,7.5735,3.3059
4168,138.933,1191,607,2043,1837,5.9785,2.2799
4169,138.967,1191,606,2043,1837,6.4345,2.7357
4170,139.000,1191,606,2043,1837,7.1748,2.8560
4171,139.033,1192,606,2043,1838,7.4368,2.9107
4172,139.067,1192,605,2043,1837,8.3127,3.4836
4173,139.100,1192,606,2042,1837,8.3839,2.7811
4174,139.133,1192,606,2042,1837,8.1744,3.2509
4175,139.167,1191,606,2043,1840,6.4125,1.2463
4176,139.200,1191,606,2043,1840,6.1959,1.1952
4177,139.233,1190,607,2044,1842,3.6144,2.2796
4178,139.267,1190,607,2044,1842,3.4861,2.7457
4179,139.300,1190,607,2044,1841,4.5897,2.1658
4180,139.333,1190,607,2044,1841,4.5757,1.9957
4181,139.367,1190,607,2044,1840,5.0067,1.8755
4182,139.400,1190,605,2044,1841,3.1979,0.9734
4183,139.433,1191,603,2044,1840,5.3706,1.6254
4184,139.467,1191,604,2045,1840,5.6387,1.9647
4185,139.500,1190,603,2046,1841,4.3610,2.6258
4186,139.533,1190,603,2046,1841,4.0666,2.5223
4187,139.567,1190,607,2046,1842,3.1491,-0.0543
4188,139.600,1190,607,2046,1842,2.6965,-0.1689
4189,139.633,1181,600,2047,1849,2.3447,1.8994
4190,139.667,1181,601,2047,1850,3.1880,2.0773
4191,139.700,1181,601,2047,1849,1.1223,3.9867
4192,139.733,1181,601,2047,1849,0.9961,4.1311
4193,139.767,1182,601,2047,1848,2.8612,3.7933
4194,139.800,1181,601,2047,1848,2.0765,2.9561
4195,139.833,1180,599,2047,1848,2.7040,2.6508
4196,139.867,1180,599,2047,1847,3.5178,0.9481
4197,139.900,1179,597,2048,1850,3.2842,1.8820
4198,139.933,1179,595,2048,1848,1.6560,2.0977
4199,139.967,1180,596,2048,1848,5.2480,2.5835
4200,140.000,1180,598,2048,1850,4.6284,1.0475
4201,140.033,1180,598,2048,1850,4.5319,0.4955
4202,140.067,1181,598,2047,1849,5.0021,1.8322
4203,140.100,1181,597,2047,1850,2.0231,1.2929
4204,140.133,1181,598,2047,1849,3.7134,1.2929
4205,140.167,1181,597,2047,1849,2.9853,-0.8510
4206,140.200,1181,597,2047,1849,3.1019,-0.3983
4207,140.233,1181,597,2047,1849,2.9499,-0.8488
4208,140.267,1181,597,2047,1848,2.1312,1.2408
4209,140.300,1181,596,2046,1849,5.8304,0.2429
4210,140.333,1182,596,2047,1849,3.7931,0.6165
4211,140.367,1181,596,2047,1850,3.2633,1.8256
4212,140.400,1182,597,2046,1851,5.1913,-1.1421
4213,140.433,1181,597,2047,1851,3.4054,0.6209
4214,140.467,1181,597,2047,1849,3.4526,0.7403
4215,140.500,1181,597,2047,1849,4.1319,1.1183
4216,140.533,1182,596,2047,1850,4.2115,1.9247
4217,140.567,1191,608,2046,1842,5.4883,0.4502
4218,140.600,1182,596,2046,1847,5.5063,2.2712
4219,140.633,1191,608,2045,1839,6.2630,1.8438
4220,140.667,1181,596,2047,1845,5.9192,1.9876
4221,140.700,1180,599,2047,1843,4.9413,2.9935
4222,140.733,1180,599,2047,1844,5.4616,3.9870
4223,140.767,1180,600,2047,1844,4.2638,2.2680
4224,140.800,1179,602,2048,1847,5.9302,5.1536
4225,140.833,1179,603,2048,1847,4.9693,5.3325
4226,140.867,1178,603,2048,1847,6.6712,3.7965
4227,140.900,1178,604,2048,1847,6.5545,4.5792
4228,140.933,1178,606,2048,1847,6.6580,3.5098
4229,140.967,1177,607,2046,1847,16.7999,6.2165
4230,141.000,1180,608,2046,1844,17.5393,4.1775
4231,141.033,1180,610,2045,1843,17.9026,4.1244
4232,141.067,1181,609,2045,1842,21.9916,3.8698
4233,141.100,1181,608,2045,1843,19.2578,4.2203
4234,141.133,1181,610,2044,1844,19.5561,3.9661
4235,141.167,1180,610,2045,1844,19.6408,4.5331
4236,141.200,1180,610,2045,1844,18.8626,4.3309
4237,141.233,1180,610,2045,1844,19.2018,4.3596
4238,141.267,1180,610,2046,1846,17.7488,5.1811
4239,141.300,1180,610,2046,1845,18.5962,4.4997
4240,141.333,1180,610,2046,1845,17.6365,4.4660
4241,141.367,1180,609,2047,1844,18.6171,3.6483
4242,141.400,1181,608,2047,1842,20.3092,3.4920
4243,141.433,1181,608,2048,1842,21.0188,4.1369
4244,141.467,1181,608,2048,1842,19.7158,4.8311
4245,141.500,1181,608,2048,1842,19.5796,4.7151
4246,141.533,1181,609,2048,1842,20.8641,3.3804
4247,141.567,1182,609,2048,1842,20.4416,3.9801
4248,141.600,1182,608,2048,1842,18.9620,3.9918
4249,141.633,1182,608,2048,1842,19.0192,3.8222
4250,141.667,1182,608,2048,1842,18.9371,4.6143
4251,141.700,1182,608,2048,1843,20.2117,4.7907
4252,141.733,1182,608,2048,1843,20.1489,5.0591
4253,141.767,1181,607,2049,1844,21.0721,5.4977
4254,141.800,1180,605,2049,1845,19.7197,4.6697
4255,141.833,1180,605,2049,1848,18.3574,5.8195
4256,141.867,1180,605,2049,1849,19.8562,5.0652
4257,141.900,1180,604,2050,1850,18.6133,5.8905
4258,141.933,1180,604,2050,1851,20.1706,4.4928
4259,141.967,1180,605,2050,1854,20.2421,4.9649
4260,142.000,1182,603,2051,1855,21.9552,2.8906
4261,142.033,1182,605,2050,1855,21.2767,3.0128
4262,142.067,1183,604,2050,1854,22.1741,3.9806
4263,142.100,1183,606,2050,1856,21.4531,4.0639
4264,142.133,1183,608,2050,1856,22.0636,1.8185
4265,142.167,1183,607,2050,1856,21.9253,2.9040
4266,142.200,1183,607,2050,1856,21.9639,2.5676
4267,142.233,1183,607,2049,1856,21.7587,3.8479
4268,142.267,1182,608,2049,1855,21.6132,2.2150
4269,142.300,1182,608,2049,1856,20.4259,1.9983
4270,142.333,1182,608,2049,1855,21.1454,2.2374
4271,142.367,1182,607,2049,1855,20.9220,1.7352
4272,142.400,1182,608,2050,1855,22.2561,1.6934
4273,142.433,1183,608,2050,1856,22.1147,2.8569
4274,142.467,1183,610,2050,1856,22.7691,0.4966
4275,142.500,1183,610,2051,1858,21.5305,-0.5409
4276,142.533,1185,611,2051,1857,20.6189,-0.2925
4277,142.567,1185,609,2050,1856,24.3750,1.0896
4278,142.600,1185,608,2050,1856,22.1451,2.5873
4279,142.633,1185,607,2050,1855,20.8681,3.5633
4280,142.667,1185,605,2050,1857,22.8548,3.2209
4281,142.700,1185,605,2050,1857,22.6203,3.9631
4282,142.733,1184,606,2050,1856,20.6008,2.5564
4283,142.767,1184,604,2050,1857,21.1924,4.4502
4284,142.800,1184,604,2051,1857,22.9324,4.1580
4285,142.833,1185,603,2051,1856,23.6253,4.9363
4286,142.867,1185,603,2052,1854,22.0671,2.7716
4287,142.900,1186,602,2052,1854,21.9570,2.8620
4288,142.933,1185,602,2053,1857,21.5318,3.1928
4289,142.967,1185,603,2053,1857,20.2442,2.1530
4290,143.000,1186,604,2053,1849,23.7263,3.3935
4291,143.033,1186,604,2053,1847,22.6711,2.8137
4292,143.067,1186,604,2053,1847,22.6904,2.7950
4293,143.100,1186,604,2053,1847,22.3549,2.3355
4294,143.133,1186,604,2053,1848,22.2959,2.4095
4295,143.167,1186,603,2053,1849,22.1680,3.6636
4296,143.200,1186,602,2053,1849,20.2453,3.4699
4297,143.233,1186,603,2053,1849,21.8923,3.2083
4298,143.267,1187,604,2052,1852,20.6450,3.9499
4299,143.300,1186,603,2052,1851,20.2956,4.9836
4300,143.333,1187,604,2052,1850,20.0498,4.0190
4301,143.367,1186,604,2052,1850,20.3341,3.6960
4302,143.400,1186,603,2052,1851,18.7927,4.4131
4303,143.433,1186,602,2052,1851,22.5275,4.4001
4304,143.467,1186,601,2052,1853,23.3310,2.9984
4305,143.500,1186,601,2052,1853,22.8432,2.9800
4306,143.533,1185,601,2052,1853,20.4501,4.2321
4307,143.567,1186,600,2052,1852,24.0186,3.1322
4308,143.600,1186,600,2052,1852,23.8999,3.5561
4309,143.633,1186,601,2052,1850,24.1732,4.0523
4310,143.667,1186,602,2053,1851,22.1141,5.4406
4311,143.700,1187,602,2053,1852,22.3903,5.1775
4312,143.733,1187,601,2053,1852,25.1275,2.9897
4313,143.767,1188,615,2050,1838,18.4689,5.3624
4314,143.800,1188,615,2050,1839,20.1067,4.3915
4315,143.833,1188,615,2050,1839,20.1960,4.8406
4316,143.867,1188,615,2050,1839,20.3802,4.7716
4317,143.900,1188,615,2050,1839,20.0713,4.7449
4318,143.933,1188,614,2050,1840,19.2362,3.9511
4319,143.967,1188,614,2050,1839,19.5474,4.0447
4320,144.000,1189,614,2050,1838,19.7570,2.9799
4321,144.033,1188,613,2049,1837,18.9317,2.4343
4322,144.067,1188,613,2049,1838,19.5535,1.8179
4323,144.100,1187,613,2049,1837,19.1513,3.4874
4324,144.133,1187,613,2049,1836,21.8142,1.6843
4325,144.167,1187,614,2049,1835,22.1998,2.2966
4326,144.200,1187,614,2049,1835,22.3062,2.2574
4327,144.233,1187,614,2049,1835,22.2731,2.2881
4328,144.267,1186,614,2049,1835,20.5192,2.8328
4329,144.300,1186,614,2049,1835,20.7774,2.8043
4330,144.333,1186,614,2049,1835,21.2883,2.7492
4331,144.367,1187,614,2049,1835,20.2992,2.6313
4332,144.400,1187,614,2049,1836,20.6402,2.8410
4333,144.433,1187,613,2049,1836,22.3890,2.6256
4334,144.467,1188,612,2049,1837,20.5663,3.4228
4335,144.500,1188,611,2049,1837,21.2956,3.4271
4336,144.533,1189,609,2049,1836,22.3757,3.2436
4337,144.567,1190,609,2050,1836,21.0405,3.3826
4338,144.600,1189,609,2050,1835,22.5832,2.4844
4339,144.633,1189,610,2050,1835,21.3852,1.3784
4340,144.667,1189,610,2050,1834,21.6154,1.9844
4341,144.700,1190,611,2050,1833,22.7875,2.3114
4342,144.733,1190,612,2050,1832,21.5691,3.7145
4343,144.767,1190,611,2050,1832,21.6532,1.4297
4344,144.800,1190,612,2050,1831,23.4982,3.0214
4345,144.833,1190,612,2050,1831,22.7921,2.6630
4346,144.867,1190,611,2050,1833,21.5662,2.7437
4347,144.900,1190,611,2050,1833,21.6165,2.7496
4348,144.933,1190,610,2050,1835,21.6365,2.0257
4349,144.967,1190,609,2050,1835,21.0960,2.6234
4350,145.000,1190,607,2050,1835,25.0747,3.3397
4351,145.033,1190,606,2050,1837,25.9478,3.0399
4352,145.067,1190,607,2050,1838,25.6831,2.6784
4353,145.100,1190,606,2050,1839,25.7547,3.4061
4354,145.133,1190,606,2051,1841,24.0221,2.1189
4355,145.167,1189,602,2051,1841,25.1144,-1.7325
4356,145.200,1190,602,2052,1842,23.2134,0.3374
4357,145.233,1190,600,2052,1841,21.5284,1.6503
4358,145.267,1190,600,2052,1842,24.1144,3.3555
4359,145.300,1190,601,2053,1844,24.8071,2.1158
4360,145.333,1190,601,2053,1843,25.1848,1.7304
4361,145.367,1189,601,2053,1845,24.2009,2.2372
4362,145.400,1190,601,2053,1844,24.6333,4.0902
4363,145.433,1189,601,2053,1843,23.7176,2.1156
4364,145.467,1189,600,2053,1843,23.3145,1.4716
4365,145.500,1189,600,2053,1843,23.3386,1.8693
4366,145.533,1189,599,2053,1842,23.4839,3.1126
4367,145.567,1188,598,2053,1843,21.8231,3.5029
4368,145.600,1188,598,2053,1842,23.3311,3.1726
4369,145.633,1188,599,2054,1846,24.6149,5.2550
4370,145.667,1188,600,2054,1845,22.8398,3.2561
4371,145.700,1188,602,2054,1841,22.3160,2.3361
4372,145.733,1189,602,2054,1840,23.6928,3.4966
4373,145.767,1189,603,2054,1836,22.7143,2.7735
4374,145.800,1188,606,2054,1837,24.0124,3.1226
4375,145.833,1188,608,2054,1839,22.9980,3.9142
4376,145.867,1189,608,2054,1838,21.7850,2.5026
4377,145.900,1189,610,2055,1841,24.0851,4.7690
4378,145.933,1188,610,2055,1841,22.4233,4.6241
4379,145.967,1188,612,2055,1838,21.2320,4.9983
4380,146.000,1189,611,2055,1840,21.8336,4.4255
4381,146.033,1188,610,2055,1837,21.0275,1.9613
4382,146.067,1188,609,2055,1838,23.4901,3.2223
4383,146.100,1188,609,2055,1838,23.5038,2.8756
4384,146.133,1189,607,2054,1837,19.2005,1.5770
4385,146.167,1189,606,2054,1836,21.0161,2.9618
4386,146.200,1189,606,2054,1836,21.0558,2.7089
4387,146.233,1189,607,2054,1835,19.4161,1.9819
4388,146.267,1189,607,2054,1834,20.4655,2.5010
4389,146.300,1188,608,2055,1835,21.9043,3.3563
4390,146.333,1188,608,2054,1835,21.5106,3.1564
4391,146.367,1189,608,2054,1836,19.8803,1.0080
4392,146.400,1189,607,2054,1837,19.1201,1.9420
4393,146.433,1189,608,2055,1837,22.2027,2.6160
4394,146.467,1188,608,2054,1840,20.6043,4.9111
4395,146.500,1188,608,2054,1840,21.5647,4.5046
4396,146.533,1188,608,2054,1843,17.9200,4.2704
4397,146.567,1189,608,2052,1841,18.6752,1.1071
4398,146.600,1188,610,2052,1843,20.4678,3.8985
4399,146.633,1187,611,2052,1843,19.1052,2.4328
4400,146.667,1187,611,2052,1843,19.3055,1.9354
4401,146.700,1188,612,2051,1841,19.2965,2.5406
4402,146.733,1188,612,2051,1841,19.1761,2.5732
4403,146.767,1188,612,2051,1840,19.3091,2.7803
4404,146.800,1188,610,2051,1840,20.2716,3.4007
4405,146.833,1188,611,2051,1839,20.9460,4.1686
4406,146.867,1189,611,2051,1840,21.6171,3.2476
4407,146.900,1189,611,2050,1839,20.8697,3.6431
4408,146.933,1189,610,2050,1838,20.1239,2.9820
4409,146.967,1190,611,2050,1836,21.4922,4.2072
4410,147.000,1191,613,2050,1837,22.0623,5.8990
4411,147.033,1191,614,2050,1838,21.1086,3.8039
4412,147.067,1191,615,2051,1839,22.4451,8.4482
4413,147.100,1191,616,2051,1839,21.0828,7.7445
4414,147.133,1191,616,2051,1839,21.2445,8.4046
4415,147.167,1191,615,2051,1840,23.4772,9.2238
4416,147.200,1191,615,2052,1838,24.1892,9.6837
4417,147.233,1191,612,2054,1839,21.3618,8.2345
4418,147.267,1192,612,2056,1840,22.6181,10.3492
4419,147.300,1193,610,2056,1837,21.7682,10.2969
4420,147.333,1193,610,2056,1838,22.3833,10.1656
4421,147.367,1194,609,2056,1837,23.7206,9.7842
4422,147.400,1194,607,2057,1838,23.4144,9.0896
4423,147.433,1193,607,2057,1837,21.8548,8.0726
4424,147.467,1194,608,2057,1837,21.8389,9.1455
4425,147.500,1193,608,2057,1837,21.5840,8.8841
4426,147.533,1194,608,2056,1836,21.5864,7.5557
4427,147.567,1194,608,2056,1837,21.9103,6.3171
4428,147.600,1194,608,2056,1836,20.9884,7.7852
4429,147.633,1194,608,2056,1836,20.9454,7.7873
4430,147.667,1193,609,2055,1836,21.3308,5.7029
4431,147.700,1193,609,2055,1836,20.8383,7.4505
4432,147.733,1193,608,2055,1835,21.3452,7.4186
4433,147.767,1193,607,2055,1836,19.7887,8.6183
4434,147.800,1193,607,2055,1836,20.5267,8.2512
4435,147.833,1193,607,2055,1837,21.8779,8.7094
4436,147.867,1193,608,2055,1838,22.0523,8.0523
4437,147.900,1193,608,2055,1838,22.4170,7.8500
4438,147.933,1193,609,2055,1841,19.9712,6.9016
4439,147.967,1193,609,2055,1841,18.7283,5.7093
4440,148.000,1192,612,2055,1845,20.2645,7.8953
4441,148.033,1192,611,2055,1845,18.5924,7.5948
4442,148.067,1192,612,2055,1845,20.2148,7.8071
4443,148.100,1192,612,2055,1845,20.0643,7.7186
4444,148.133,1192,612,2055,1845,20.7592,7.5305
4445,148.167,1192,613,2054,1845,21.4576,6.7972
4446,148.200,1192,612,2055,1845,21.0930,7.2363
4447,148.233,1192,613,2054,1845,20.9469,6.4872
4448,148.267,1192,612,2055,1845,20.6573,6.8837
4449,148.300,1191,613,2055,1845,20.8840,6.4823
4450,148.333,1191,613,2055,1845,20.5317,6.5507
4451,148.367,1191,612,2055,1844,21.1180,7.4155
4452,148.400,1190,612,2055,1843,21.1773,8.5354
4453,148.433,1190,613,2055,1843,20.6283,8.3087
4454,148.467,1190,613,2055,1843,20.5634,8.4308
4455,148.500,1190,612,2055,1843,20.5423,8.4585
4456,148.533,1190,613,2055,1843,19.8063,7.6619
4457,148.567,1189,614,2055,1844,19.2970,6.7303
4458,148.600,1189,614,2055,1843,18.8905,7.5997
4459,148.633,1189,613,2055,1844,19.0772,7.2865
4460,148.667,1189,613,2055,1844,18.8788,7.4355
4461,148.700,1189,613,2055,1843,19.2447,7.8735
4462,148.733,1189,613,2055,1843,19.3186,7.8831
4463,148.767,1189,613,2055,1841,19.7630,8.1112
4464,148.800,1189,613,2055,1842,20.4912,7.4802
4465,148.833,1189,613,2055,1842,21.0516,7.7741
4466,148.867,1189,612,2055,1842,20.7407,7.8968
4467,148.900,1189,612,2055,1841,21.7468,8.2820
4468,148.933,1189,611,2055,1841,21.4857,7.9565
4469,148.967,1189,609,2055,1843,21.0533,8.7332
4470,149.000,1189,613,2056,1840,22.4713,8.6850
4471,149.033,1189,613,2056,1842,22.9562,8.9077
4472,149.067,1189,613,2055,1842,22.9990,8.1532
4473,149.100,1189,613,2055,1842,23.0014,8.4064
4474,149.133,1189,613,2055,1842,23.6894,7.6808
4475,149.167,1189,612,2055,1842,23.0414,6.2667
4476,149.200,1189,612,2055,1841,24.7304,6.6853
4477,149.233,1189,613,2055,1841,23.0879,6.6590
4478,149.267,1189,614,2055,1840,22.4965,9.0317
4479,149.300,1189,615,2055,1841,23.9347,7.9785
4480,149.333,1189,614,2056,1841,23.2015,9.3571
4481,149.367,1189,614,2056,1841,23.2433,9.2080
4482,149.400,1190,615,2056,1841,25.2114,8.4471
4483,149.433,1190,614,2056,1841,24.2242,8.8714
4484,149.467,1190,615,2056,1841,25.8561,8.8786
4485,149.500,1190,615,2057,1841,25.7079,8.4946
4486,149.533,1190,615,2057,1840,24.9929,8.7640
4487,149.567,1190,614,2057,1840,23.4869,8.2006
4488,149.600,1190,614,2057,1840,23.4305,8.0733
4489,149.633,1190,614,2056,1840,22.9493,9.1877
4490,149.667,1190,613,2057,1841,23.6607,7.6492
4491,149.700,1190,612,2056,1842,24.1610,8.3874
4492,149.733,1191,615,2056,1843,22.8562,7.9138
4493,149.767,1191,615,2056,1843,22.3404,8.2456
4494,149.800,1191,614,2057,1842,23.5497,8.2615
4495,149.833,1191,614,2057,1843,24.3436,9.2171
4496,149.867,1191,614,2057,1843,24.3049,9.2167
4497,149.900,1191,614,2057,1843,23.8608,9.4064
4498,149.933,1191,615,2057,1843,24.0718,9.9504
4499,149.967,1191,616,2057,1842,22.5420,8.1878
4500,150.000,1191,616,2057,1844,22.5038,9.3382
4501,150.033,1192,616,2057,1844,20.7885,8.2096
4502,150.067,1192,616,2056,1844,20.7467,8.5179
4503,150.100,1192,616,2056,1843,20.1922,8.5587
4504,150.133,1192,616,2056,1843,20.0027,8.6799
4505,150.167,1191,615,2056,1844,20.8471,7.8018
4506,150.200,1191,615,2056,1844,21.0265,7.9852
4507,150.233,1190,613,2056,1845,19.2879,8.4090
4508,150.267,1190,613,2057,1845,20.0928,7.9023
4509,150.300,1190,612,2056,1845,22.9900,7.7688
4510,150.333,1190,611,2057,1845,24.8974,8.5263
4511,150.367,1189,611,2057,1848,22.9461,8.8466
4512,150.400,1190,611,2057,1846,22.4119,7.7899
4513,150.433,1190,610,2057,1848,22.0442,8.3975
4514,150.467,1190,610,2058,1848,20.2573,7.7893
4515,150.500,1191,612,2058,1851,19.5786,8.2121
4516,150.533,1190,613,2059,1852,19.7043,8.2035
4517,150.567,1190,615,2060,1856,20.8540,10.0979
4518,150.600,1190,615,2060,1857,18.7225,9.2048
4519,150.633,1190,618,2060,1858,19.4122,7.5564
4520,150.667,1189,618,2060,1858,19.0507,9.0003
4521,150.700,1189,618,2060,1857,18.9510,9.2956
4522,150.733,1189,618,2060,1858,19.9837,9.1723
4523,150.767,1189,618,2060,1857,18.9554,9.6208
4524,150.800,1189,618,2060,1857,19.7402,9.4524
4525,150.833,1190,616,2062,1860,20.1377,10.4019
4526,150.867,1189,610,2061,1850,19.4798,6.8908
4527,150.900,1189,610,2061,1851,20.2536,7.2226
4528,150.933,1189,610,2061,1850,19.2508,6.9038
4529,150.967,1190,608,2061,1851,20.2271,6.9170
4530,151.000,1191,605,2061,1851,22.7926,7.3473
4531,151.033,1191,605,2060,1850,21.4229,5.5907
4532,151.067,1191,605,2061,1851,24.4859,6.6617
4533,151.100,1191,605,2060,1851,22.4928,5.0970
4534,151.133,1192,606,2060,1850,21.6649,6.1728
4535,151.167,1192,612,2059,1848,19.6346,7.0825
4536,151.200,1192,613,2058,1842,19.6709,7.3315
4537,151.233,1192,614,2058,1844,18.5733,7.1763
4538,151.267,1193,616,2058,1841,19.9439,6.9085
4539,151.300,1193,616,2058,1842,19.8112,6.7127
4540,151.333,1193,616,2058,1842,19.8459,6.6925
4541,151.367,1193,616,2058,1842,19.7666,6.6128
4542,151.400,1192,615,2058,1843,17.6807,7.7303
4543,151.433,1192,614,2058,1843,17.3371,7.6733
4544,151.467,1192,613,2058,1842,17.2135,7.6808
4545,151.500,1192,613,2058,1843,18.5921,8.0422
4546,151.533,1191,611,2058,1843,19.1234,8.5386
4547,151.567,1191,614,2058,1841,17.6830,7.3834
4548,151.600,1191,612,2059,1842,18.3177,8.5064
4549,151.633,1191,613,2060,1845,16.9438,7.7367
4550,151.667,1191,615,2060,1845,17.1185,7.3553
4551,151.700,1190,615,2060,1844,18.5486,5.6214
4552,151.733,1190,615,2060,1845,19.1548,7.7193
4553,151.767,1190,614,2060,1845,19.4017,6.7516
4554,151.800,1190,614,2060,1845,18.5913,7.2753
4555,151.833,1190,613,2061,1846,18.6017,7.0246
4556,151.867,1191,612,2061,1847,18.3396,7.9984
4557,151.900,1190,611,2061,1847,20.5446,8.9957
4558,151.933,1191,611,2061,1847,18.9918,8.8727
4559,151.967,1190,611,2061,1847,19.3521,8.0424
4560,152.000,1189,610,2061,1848,17.6150,5.4056
4561,152.033,1188,609,2062,1848,17.4594,7.7298
4562,152.067,1189,610,2061,1846,17.7402,6.9393
4563,152.100,1189,610,2061,1846,17.7016,7.1348
4564,152.133,1188,611,2062,1847,17.1246,6.6572
4565,152.167,1189,611,2062,1848,18.7242,7.5538
4566,152.200,1189,611,2062,1847,18.2748,7.0807
4567,152.233,1189,610,2062,1847,17.9637,8.1802
4568,152.267,1190,611,2062,1847,19.7563,8.1549
4569,152.300,1190,609,2062,1846,20.0410,6.1908
4570,152.333,1191,611,2062,1845,20.2175,7.3521
4571,152.367,1191,611,2062,1845,20.0678,7.1413
4572,152.400,1191,609,2061,1845,20.6830,5.9534
4573,152.433,1192,609,2061,1844,20.7483,7.8777
4574,152.467,1192,610,2061,1844,21.7680,7.2022
4575,152.500,1192,610,2061,1844,21.7702,7.2837
4576,152.533,1192,609,2061,1842,21.9854,8.4857
4577,152.567,1192,609,2061,1842,21.9154,8.0863
4578,152.600,1192,608,2062,1842,20.5415,7.2887
4579,152.633,1192,608,2061,1842,20.2902,5.7602
4580,152.667,1193,609,2061,1842,20.2609,6.4950
4581,152.700,1193,609,2061,1842,20.8648,6.1758
4582,152.733,1193,610,2061,1842,22.6529,5.3100
4583,152.767,1193,610,2061,1843,22.2868,6.9516
4584,152.800,1192,610,2061,1845,21.3535,6.0605
4585,152.833,1193,609,2061,1844,20.9227,5.6484
4586,152.867,1193,609,2061,1843,20.8043,5.5357
4587,152.900,1193,609,2061,1842,20.7410,5.4559
4588,152.933,1193,608,2061,1844,19.9963,5.6666
4589,152.967,1193,609,2061,1844,20.3767,4.9748
4590,153.000,1193,606,2061,1841,20.9637,5.4344
4591,153.033,1194,607,2060,1843,20.5618,6.0891
4592,153.067,1193,607,2060,1844,19.7789,6.4940
4593,153.100,1194,606,2060,1843,20.6780,6.4184
4594,153.133,1193,606,2061,1846,19.3307,6.5930
4595,153.167,1193,605,2061,1846,17.5594,6.6474
4596,153.200,1193,605,2061,1846,17.6040,6.2374
4597,153.233,1193,605,2061,1846,17.6175,5.9178
4598,153.267,1192,605,2062,1847,19.1565,6.1010
4599,153.300,1192,606,2062,1848,21.8344,6.6570
4600,153.333,1192,606,2062,1848,21.5756,6.5677
4601,153.367,1192,606,2062,1848,21.5717,6.5204
4602,153.400,1192,606,2062,1848,22.1259,6.4605
4603,153.433,1192,607,2062,1849,20.1729,8.3249
4604,153.467,1191,607,2063,1849,18.7068,7.9967
4605,153.500,1192,608,2063,1849,19.1127,8.9351
4606,153.533,1192,609,2063,1850,19.2600,10.8191
4607,153.567,1191,609,2063,1850,19.8734,11.8032
4608,153.600,1192,610,2063,1850,19.5664,11.4932
4609,153.633,1191,610,2063,1850,19.7858,11.5685
4610,153.667,1191,610,2062,1850,19.6707,12.8282
4611,153.700,1191,608,2062,1850,19.8832,12.1273
4612,153.733,1191,609,2062,1850,20.8018,12.3323
4613,153.767,1191,608,2062,1850,19.6341,11.8767
4614,153.800,1192,608,2062,1849,23.0555,12.8676
4615,153.833,1192,608,2062,1848,21.1444,12.3615
4616,153.867,1192,607,2062,1848,22.3762,13.6818
4617,153.900,1192,608,2062,1848,21.1687,12.6252
4618,153.933,1192,608,2062,1848,21.1649,12.4194
4619,153.967,1192,608,2062,1848,20.8278,12.0163
4620,154.000,1194,601,2063,1851,20.3296,10.7215
4621,154.033,1193,603,2063,1851,20.3754,11.4912
4622,154.067,1194,603,2063,1852,22.0844,11.1775
4623,154.100,1193,603,2063,1851,20.3427,11.2515
4624,154.133,1193,604,2063,1851,19.0624,11.0068
4625,154.167,1191,607,2063,1851,21.4710,14.0179
4626,154.200,1191,608,2062,1851,21.1407,12.9016
4627,154.233,1191,608,2062,1852,21.2431,13.3269
4628,154.267,1190,610,2063,1853,19.9047,13.2183
4629,154.300,1190,611,2063,1855,19.0525,13.4729
4630,154.333,1190,611,2063,1856,18.5620,12.5447
4631,154.367,1190,611,2064,1856,19.2550,12.3634
4632,154.400,1190,610,2064,1858,19.4442,13.6206
4633,154.433,1190,607,2064,1860,22.4171,11.9835
4634,154.467,1190,607,2063,1860,21.0528,11.3153
4635,154.500,1191,605,2064,1860,22.6576,10.7933
4636,154.533,1191,605,2063,1860,23.1052,9.3476
4637,154.567,1190,605,2063,1861,22.7798,9.1679
4638,154.600,1191,605,2062,1864,22.2882,10.0687
4639,154.633,1191,607,2062,1863,21.5200,11.3690
4640,154.667,1190,607,2061,1864,22.4809,10.7201
4641,154.700,1191,607,2061,1862,21.3248,9.0586
4642,154.733,1191,606,2061,1862,21.2176,8.9194
4643,154.767,1190,605,2062,1864,21.6372,9.1132
4644,154.800,1192,604,2061,1864,18.8170,9.6028
4645,154.833,1192,604,2061,1863,18.5475,9.4665
4646,154.867,1193,604,2061,1861,18.7004,8.7444
4647,154.900,1193,603,2062,1863,20.2036,10.9668
4648,154.933,1194,603,2062,1862,21.2535,10.8491
4649,154.967,1195,603,2062,1863,21.2973,8.0149
4650,155.000,1197,602,2062,1862,20.5687,10.0418
4651,155.033,1197,604,2062,1861,24.5403,12.3134
4652,155.067,1197,605,2062,1861,22.7432,9.4964
4653,155.100,1197,605,2062,1861,23.4256,9.9909
4654,155.133,1197,607,2062,1861,23.6807,11.1422
4655,155.167,1196,604,2063,1861,22.4277,11.4232
4656,155.200,1195,605,2063,1860,22.7240,6.9912
4657,155.233,1195,605,2063,1860,23.0080,7.1487
4658,155.267,1194,602,2062,1857,23.8018,9.2920
4659,155.300,1194,602,2063,1857,21.6225,10.9789
4660,155.333,1194,603,2063,1858,21.8296,9.2148
4661,155.367,1194,602,2063,1858,22.3351,10.3859
4662,155.400,1194,602,2063,1858,22.6696,10.9148
4663,155.433,1194,602,2064,1859,22.6403,9.6631
4664,155.467,1194,601,2064,1859,23.9743,9.4274
4665,155.500,1194,601,2064,1860,21.5625,7.9806
4666,155.533,1193,600,2064,1860,21.6678,10.0632
4667,155.567,1193,598,2064,1860,20.0792,9.7026
4668,155.600,1193,598,2064,1860,20.3200,9.2318
4669,155.633,1193,599,2064,1860,20.6142,11.4155
4670,155.667,1192,600,2064,1860,22.8038,9.8129
4671,155.700,1192,601,2064,1860,21.3358,10.6521
4672,155.733,1192,603,2064,1860,20.3777,11.4981
4673,155.767,1191,603,2064,1860,20.8204,11.3890
4674,155.800,1191,604,2064,1860,20.4919,8.0027
4675,155.833,1191,603,2063,1858,20.0146,10.4519
4676,155.867,1192,604,2062,1857,20.5472,9.7504
4677,155.900,1192,603,2063,1858,20.1128,10.8585
4678,155.933,1193,604,2062,1861,20.2978,9.5787
4679,155.967,1193,602,2062,1861,19.6090,10.1111
4680,156.000,1191,600,2063,1861,21.4797,10.1111
4681,156.033,1191,600,2063,1862,21.4666,9.5432
4682,156.067,1191,599,2063,1862,21.2073,9.4507
4683,156.100,1191,599,2063,1862,20.8898,9.4200
4684,156.133,1191,599,2063,1860,22.4821,9.1726
4685,156.167,1191,599,2063,1861,20.8128,9.6699
4686,156.200,1191,599,2063,1860,22.6026,9.3480
4687,156.233,1191,598,2063,1860,20.9347,9.8791
4688,156.267,1191,597,2063,1860,20.6405,8.7175
4689,156.300,1191,597,2063,1862,20.6031,9.4677
4690,156.333,1191,597,2064,1862,20.5830,9.7811
4691,156.367,1191,597,2064,1862,20.3114,9.7940
4692,156.400,1191,596,2064,1862,18.8464,9.2898
4693,156.433,1191,597,2064,1862,20.0439,9.1264
4694,156.467,1191,598,2064,1862,20.9401,10.1457
4695,156.500,1192,597,2064,1862,20.6045,9.7916
4696,156.533,1192,597,2064,1861,20.0711,9.3981
4697,156.567,1192,598,2064,1862,20.5949,10.7457
4698,156.600,1192,598,2064,1862,21.1288,11.1301
4699,156.633,1192,599,2063,1861,20.7513,10.8976
4700,156.667,1192,600,2063,1858,22.9504,10.6262
4701,156.700,1192,601,2063,1857,21.9481,9.9667
4702,156.733,1191,601,2063,1857,20.9786,10.6455
4703,156.767,1191,600,2063,1857,20.8625,10.9716
4704,156.800,1192,600,2063,1856,21.3582,10.7341
4705,156.833,1192,601,2062,1855,20.7691,11.0786
4706,156.867,1192,601,2063,1855,21.5352,11.5194
4707,156.900,1192,603,2061,1854,20.9649,10.9546
4708,156.933,1193,604,2060,1852,22.9786,9.2148
4709,156.967,1192,605,2060,1855,22.0935,12.3262
4710,157.000,1190,611,2060,1856,22.4554,9.5349
4711,157.033,1189,611,2060,1858,21.0857,10.5767
4712,157.067,1188,609,2060,1858,21.8024,9.1581
4713,157.100,1187,610,2060,1859,20.0304,8.6401
4714,157.133,1186,609,2060,1859,19.9383,10.0623
4715,157.167,1189,602,2057,1853,19.5807,9.7233
4716,157.200,1189,602,2057,1854,20.0236,9.6970
4717,157.233,1189,601,2057,1854,21.2222,10.2982
4718,157.267,1189,602,2057,1855,19.6240,8.9416
4719,157.300,1189,603,2057,1855,20.8913,8.9554
4720,157.333,1189,602,2057,1854,19.9017,10.4507
4721,157.367,1189,602,2057,1854,19.6482,10.3806
4722,157.400,1189,602,2057,1852,20.1103,10.4688
4723,157.433,1190,600,2057,1852,17.5461,10.0888
4724,157.467,1191,599,2057,1852,19.2740,9.3873
4725,157.500,1191,598,2056,1851,18.5892,10.2885
4726,157.533,1191,598,2057,1851,18.4259,9.7969
4727,157.567,1191,598,2057,1851,17.6050,9.4056
4728,157.600,1192,595,2058,1851,16.5906,9.8968
4729,157.633,1191,595,2058,1851,16.5917,9.6858
4730,157.667,1192,595,2058,1852,18.9523,9.6521
4731,157.700,1192,594,2058,1851,19.3987,10.5479
4732,157.733,1193,595,2058,1851,19.5872,9.8815
4733,157.767,1193,595,2058,1852,18.0454,10.3540
4734,157.800,1193,594,2057,1852,16.0197,7.8311
4735,157.833,1193,594,2057,1851,18.1621,10.1470
4736,157.867,1193,595,2058,1851,20.7794,10.0918
4737,157.900,1193,595,2058,1852,19.9953,11.1592
4738,157.933,1193,597,2058,1852,17.6254,10.8131
4739,157.967,1193,599,2058,1852,18.8074,9.8019
4740,158.000,1193,598,2058,1850,20.6573,11.2464
4741,158.033,1193,599,2058,1849,21.8096,10.8278
4742,158.067,1193,599,2058,1850,23.0550,10.9178
4743,158.100,1193,600,2058,1850,21.1852,10.3190
4744,158.133,1193,601,2058,1851,22.6399,10.9021
4745,158.167,1193,601,2058,1852,21.8692,10.8518
4746,158.200,1193,602,2058,1852,22.7657,10.0503
4747,158.233,1193,602,2058,1852,22.3029,9.9518
4748,158.267,1193,602,2058,1851,23.1253,9.6198
4749,158.300,1192,604,2059,1852,20.4814,11.2210
4750,158.333,1192,604,2059,1851,21.4131,11.1078
4751,158.367,1193,605,2058,1851,22.7639,10.0045
4752,158.400,1192,606,2058,1850,22.5789,11.5426
4753,158.433,1192,606,2058,1851,21.6820,10.8040
4754,158.467,1192,606,2058,1852,21.1252,10.7670
4755,158.500,1192,606,2058,1852,21.7541,10.8341
4756,158.533,1192,607,2058,1852,22.3410,11.8779
4757,158.567,1192,607,2058,1852,23.7459,12.2630
4758,158.600,1192,606,2058,1852,22.4092,11.2970
4759,158.633,1193,605,2058,1854,19.4382,10.4242
4760,158.667,1193,605,2058,1854,19.8913,10.4274
4761,158.700,1193,605,2058,1855,22.4846,9.2624
4762,158.733,1193,605,2058,1855,22.6189,9.0503
4763,158.767,1193,604,2057,1854,21.1916,9.7979
4764,158.800,1193,603,2058,1854,23.3456,11.1732
4765,158.833,1192,602,2058,1854,23.6776,10.0496
4766,158.867,1192,602,2058,1855,22.1252,9.9243
4767,158.900,1192,602,2058,1855,21.8384,10.0307
4768,158.933,1193,601,2058,1855,15.7691,10.2814
4769,158.967,1192,602,2058,1856,17.0995,10.2310
4770,159.000,1192,602,2060,1859,14.4583,10.1496
4771,159.033,1193,603,2059,1859,15.1127,10.3085
4772,159.067,1193,602,2060,1858,14.9090,11.6370
4773,159.100,1194,603,2060,1858,12.3520,11.8833
4774,159.133,1194,604,2060,1860,9.5945,11.8452
4775,159.167,1194,603,2060,1860,9.0517,11.3161
4776,159.200,1194,603,2060,1860,9.2121,11.1618
4777,159.233,1194,604,2060,1860,8.2490,12.0175
4778,159.267,1194,602,2060,1860,8.9302,9.5102
4779,159.300,1194,602,2060,1861,11.1854,10.8799
4780,159.333,1194,602,2060,1861,10.9799,11.0148
4781,159.367,1194,602,2060,1861,10.6832,11.1903
4782,159.400,1194,604,2060,1861,10.0568,9.6067
4783,159.433,1194,606,2060,1861,10.2454,12.1599
4784,159.467,1194,606,2060,1860,9.1407,10.7883
4785,159.500,1193,606,2060,1861,9.0298,12.2556
4786,159.533,1193,606,2061,1860,10.4199,11.7978
4787,159.567,1194,606,2061,1859,10.4722,11.9929
4788,159.600,1193,607,2061,1859,7.9752,12.3427
4789,159.633,1193,607,2061,1859,7.3062,12.1467
4790,159.667,1194,607,2060,1858,8.2431,11.0755
4791,159.700,1194,607,2060,1856,7.1548,11.7880
4792,159.733,1194,606,2060,1860,7.9392,11.2567
4793,159.767,1194,606,2060,1859,7.2203,10.5906
4794,159.800,1195,604,2061,1861,6.6928,10.4719
4795,159.833,1195,603,2060,1859,6.5024,10.7546
4796,159.867,1195,603,2060,1859,5.5748,10.9635
4797,159.900,1195,603,2060,1860,6.2078,10.6212
4798,159.933,1195,601,2060,1859,4.6201,11.3857
4799,159.967,1195,600,2060,1859,4.1473,11.4544
4800,160.000,1196,600,2060,1861,3.9285,13.4638
4801,160.033,1196,599,2062,1864,3.8453,13.1149
4802,160.067,1195,598,2062,1864,6.0323,12.7041
4803,160.100,1195,598,2062,1866,6.3024,12.5360
4804,160.133,1197,597,2062,1864,5.2614,10.4204
4805,160.167,1197,594,2063,1866,3.7942,9.7141
4806,160.200,1197,594,2062,1865,5.1350,9.7035
4807,160.233,1198,595,2064,1865,1.4376,9.9824
4808,160.267,1198,595,2064,1866,0.8899,11.3304
4809,160.300,1197,594,2064,1863,3.1076,10.8185
4810,160.333,1198,593,2064,1864,2.2626,11.6580
4811,160.367,1197,593,2064,1864,1.1193,12.1300
4812,160.400,1197,592,2064,1862,1.8197,11.8421
4813,160.433,1197,593,2064,1861,1.7259,12.1869
4814,160.467,1197,594,2063,1861,4.0902,12.3015
4815,160.500,1197,596,2063,1858,3.4650,11.7962
4816,160.533,1197,597,2062,1856,4.1452,11.1187
4817,160.567,1196,597,2063,1859,3.1307,11.1365
4818,160.600,1197,598,2063,1859,6.0402,10.8369
4819,160.633,1196,600,2063,1858,5.2795,11.2695
4820,160.667,1196,602,2062,1858,5.8128,11.5010
4821,160.700,1196,603,2061,1860,5.0199,8.9542
4822,160.733,1196,603,2061,1859,5.3688,10.0823
4823,160.767,1195,604,2060,1859,4.4303,10.0442
4824,160.800,1195,603,2060,1861,5.9548,9.7371
4825,160.833,1194,603,2060,1862,6.4796,9.4140
4826,160.867,1194,603,2061,1862,5.7026,9.6140
4827,160.900,1194,603,2061,1863,6.9977,9.3891
4828,160.933,1194,604,2061,1862,4.6709,11.9036
4829,160.967,1195,605,2061,1859,7.4276,13.0803
4830,161.000,1194,605,2062,1855,6.3452,11.3793
4831,161.033,1195,606,2061,1853,5.1576,12.1355
4832,161.067,1196,604,2063,1855,3.6273,11.5052
4833,161.100,1196,602,2063,1855,2.7007,10.8948
4834,161.133,1196,601,2064,1857,2.1132,11.0032
4835,161.167,1197,598,2065,1858,4.2523,9.3173
4836,161.200,1197,598,2065,1859,2.7838,8.2531
4837,161.233,1197,599,2065,1859,3.5045,9.8223
4838,161.267,1196,598,2066,1861,3.3210,9.9432
4839,161.300,1196,598,2065,1862,3.8276,7.7150
4840,161.333,1196,598,2065,1862,3.4342,8.2999
4841,161.367,1196,598,2065,1862,3.7120,8.4087
4842,161.400,1196,596,2065,1860,3.8362,8.4281
4843,161.433,1196,596,2065,1861,3.3017,9.2712
4844,161.467,1196,596,2065,1861,3.6025,9.0224
4845,161.500,1196,596,2065,1861,3.4583,8.8758
4846,161.533,1197,595,2065,1860,4.6656,7.7698
4847,161.567,1197,595,2065,1860,4.5588,8.4386
4848,161.600,1197,594,2064,1860,3.1174,9.1422
4849,161.633,1197,594,2064,1860,2.2076,8.6392
4850,161.667,1197,594,2064,1860,2.0035,7.4211
4851,161.700,1197,594,2064,1859,2.2542,6.9280
4852,161.733,1198,595,2064,1859,1.9179,7.3004
4853,161.767,1198,596,2064,1859,3.5214,6.7272
4854,161.800,1199,596,2064,1860,1.7697,7.0144
4855,161.833,1199,596,2064,1859,1.9753,7.2345
4856,161.867,1200,596,2064,1857,1.8277,8.3348
4857,161.900,1200,596,2064,1857,1.1934,7.9132
4858,161.933,1200,596,2064,1857,0.6185,9.2227
4859,161.967,1200,597,2064,1858,3.3254,8.6514
4860,162.000,1200,597,2064,1862,4.7459,8.2350
4861,162.033,1200,597,2063,1862,3.4994,8.6462
4862,162.067,1200,597,2063,1862,3.4809,8.4169
4863,162.100,1200,597,2064,1863,2.4142,9.2004
4864,162.133,1199,597,2063,1863,4.3583,8.8649
4865,162.167,1197,595,2063,1861,2.2375,10.4522
4866,162.200,1197,596,2063,1860,2.9398,7.8885
4867,162.233,1197,596,2062,1856,2.1767,9.5123
4868,162.267,1197,596,2062,1857,3.5881,9.2065
4869,162.300,1197,596,2062,1857,3.3718,8.7041
4870,162.333,1197,596,2062,1857,2.9406,9.1824
4871,162.367,1197,596,2062,1857,3.4936,8.8456
4872,162.400,1197,596,2062,1857,3.1122,8.7683
4873,162.433,1197,595,2062,1858,3.6237,7.1658
4874,162.467,1197,595,2062,1858,3.3826,6.8597
4875,162.500,1197,595,2062,1858,3.5351,6.9481
4876,162.533,1197,595,2062,1861,3.4387,6.6260
4877,162.567,1196,596,2063,1863,2.1270,8.9838
4878,162.600,1196,595,2063,1862,2.6770,6.9813
4879,162.633,1194,597,2065,1866,3.8480,8.0017
4880,162.667,1195,596,2065,1868,1.4299,11.7090
4881,162.700,1195,596,2065,1867,3.5434,12.4476
4882,162.733,1195,596,2065,1867,3.4837,12.4267
4883,162.767,1195,597,2064,1866,2.3550,10.5448
4884,162.800,1195,597,2064,1866,2.8704,11.5695
4885,162.833,1195,596,2065,1867,2.6261,13.0673
4886,162.867,1195,597,2065,1868,4.2252,12.2106
4887,162.900,1195,597,2065,1867,2.2734,12.7929
4888,162.933,1195,596,2065,1867,2.4836,12.7762
4889,162.967,1195,596,2064,1867,0.3433,12.4399
4890,163.000,1198,597,2065,1867,3.5979,11.6719
4891,163.033,1198,597,2064,1865,2.0112,10.6713
4892,163.067,1198,596,2064,1866,1.6502,10.5621
4893,163.100,1197,596,2065,1866,1.4191,11.3562
4894,163.133,1197,595,2064,1868,2.2895,10.9214
4895,163.167,1197,596,2064,1867,1.7882,8.9341
4896,163.200,1197,596,2064,1867,1.4513,9.3481
4897,163.233,1197,596,2064,1867,1.3243,9.4378
4898,163.267,1197,596,2064,1868,0.3594,10.3697
4899,163.300,1198,598,2063,1867,1.8507,12.1169
4900,163.333,1198,596,2064,1868,1.5960,13.2185
4901,163.367,1198,596,2064,1868,2.1668,13.4689
4902,163.400,1198,596,2064,1867,2.0533,11.0596
4903,163.433,1198,597,2064,1865,1.6766,11.3804
4904,163.467,1198,596,2064,1866,2.3116,11.5912
4905,163.500,1198,596,2064,1866,2.3039,11.8587
4906,163.533,1197,596,2064,1866,1.9856,11.5840
4907,163.567,1198,596,2065,1866,2.2267,12.0801
4908,163.600,1198,599,2064,1865,4.0205,9.5221
4909,163.633,1197,601,2064,1867,4.2540,12.5211
4910,163.667,1198,603,2067,1862,5.8230,9.5304
4911,163.700,1198,603,2067,1861,6.4361,8.7769
4912,163.733,1198,603,2067,1861,6.4759,8.7945
4913,163.767,1198,603,2067,1861,6.5079,8.7592
4914,163.800,1198,603,2067,1861,6.4910,9.5156
4915,163.833,1198,604,2067,1861,4.6403,9.7065
4916,163.867,1198,604,2067,1861,4.9166,9.2513
4917,163.900,1198,604,2066,1861,2.8815,9.4438
4918,163.933,1198,604,2066,1861,2.7315,9.6015
4919,163.967,1198,600,2066,1862,6.4048,10.5201
4920,164.000,1198,598,2066,1864,2.8728,11.1775
4921,164.033,1198,595,2066,1863,6.3497,12.4513
4922,164.067,1197,595,2066,1863,5.9489,13.1024
4923,164.100,1197,595,2066,1863,6.4146,13.0375
4924,164.133,1196,591,2066,1865,3.6116,11.4641
4925,164.167,1196,592,2066,1864,6.6340,11.0637
4926,164.200,1196,592,2066,1865,7.4300,11.6113
4927,164.233,1196,590,2066,1865,2.9612,10.4753
4928,164.267,1196,590,2066,1866,2.5164,10.8403
4929,164.300,1196,590,2065,1864,1.8161,10.7191
4930,164.333,1195,589,2066,1864,0.3616,11.5621
4931,164.367,1195,590,2065,1864,2.1248,10.3853
4932,164.400,1196,590,2065,1864,1.4636,11.0769
4933,164.433,1196,591,2065,1864,1.5717,10.8664
4934,164.467,1197,591,2065,1863,0.8856,11.3998
4935,164.500,1196,591,2065,1863,3.4548,11.9747
4936,164.533,1196,592,2065,1865,4.0462,11.9011
4937,164.567,1196,592,2065,1866,4.7431,10.7474
4938,164.600,1196,592,2065,1866,4.6033,10.6774
4939,164.633,1196,592,2065,1865,4.4091,11.4966
4940,164.667,1196,592,2065,1866,4.2429,10.0716
4941,164.700,1196,591,2065,1866,2.3483,11.2859
4942,164.733,1196,591,2065,1866,1.9947,11.6489
4943,164.767,1196,592,2065,1865,4.8094,11.6732
4944,164.800,1197,591,2065,1864,3.1524,12.0433
4945,164.833,1197,591,2065,1865,2.4748,12.0197
4946,164.867,1197,592,2065,1866,6.4878,11.5753
4947,164.900,1198,592,2065,1866,8.7520,13.3427
4948,164.933,1198,592,2065,1865,7.5669,12.0076
4949,164.967,1198,591,2066,1867,6.4695,12.8295
4950,165.000,1199,587,2066,1868,3.5867,11.1565
4951,165.033,1198,586,2066,1867,4.4931,11.1098
4952,165.067,1198,587,2066,1868,3.8514,10.4736
4953,165.100,1198,587,2065,1867,4.9131,10.3299
4954,165.133,1198,587,2065,1867,4.9497,10.0100
4955,165.167,1198,587,2065,1867,5.7644,10.2971
4956,165.200,1198,587,2066,1867,4.0055,11.2332
4957,165.233,1198,587,2066,1867,4.1252,11.4390
4958,165.267,1198,588,2065,1866,3.8641,11.2350
4959,165.300,1197,587,2066,1868,3.3060,11.7918
4960,165.333,1197,587,2066,1868,3.1110,11.5020
4961,165.367,1197,587,2066,1869,4.0806,12.1070
4962,165.400,1197,587,2066,1869,3.9681,11.8693
4963,165.433,1196,587,2067,1871,2.2879,10.2703
4964,165.467,1196,589,2067,1871,2.2052,11.6917
4965,165.500,1196,589,2065,1869,-1.5715,9.4707
4966,165.533,1195,587,2067,1873,-8.9610,12.1881
4967,165.567,1195,588,2067,1873,-9.1716,12.2442
4968,165.600,1195,588,2067,1873,-9.1420,12.0726
4969,165.633,1195,588,2067,1873,-9.1422,12.2512
4970,165.667,1195,588,2067,1874,-7.0890,11.5994
4971,165.700,1195,588,2067,1873,-8.3940,12.8095
4972,165.733,1195,588,2067,1872,-7.9639,11.6751
4973,165.767,1195,588,2067,1872,-7.6851,11.7064
4974,165.800,1195,588,2067,1872,-7.7712,11.3874
4975,165.833,1196,589,2066,1872,-8.0710,11.7643
4976,165.867,1196,590,2065,1872,-7.4379,12.3871
4977,165.900,1196,591,2065,1873,-6.7896,11.6836
4978,165.933,1196,589,2065,1872,-9.8506,12.0537
4979,165.967,1196,589,2065,1871,-9.8333,12.6564
4980,166.000,1196,585,2066,1870,-6.6174,12.6419
4981,166.033,1196,585,2066,1869,-5.8468,13.0905
4982,166.067,1196,586,2066,1869,-8.8151,12.0773
4983,166.100,1196,586,2066,1868,-9.1447,13.1516
4984,166.133,1195,586,2066,1869,-7.2309,11.6163
4985,166.167,1195,586,2066,1868,-6.5540,11.8119
4986,166.200,1195,585,2066,1868,-8.0815,12.8097
4987,166.233,1195,587,2066,1867,-6.6825,12.9167
4988,166.267,1196,588,2066,1867,-6.7877,13.5233
4989,166.300,1195,589,2065,1866,-9.4801,13.3571
4990,166.333,1195,590,2065,1864,-8.3401,12.5442
4991,166.367,1195,590,2065,1864,-9.0253,12.2817
4992,166.400,1195,591,2064,1864,-7.9934,10.0662
4993,166.433,1195,590,2064,1865,-9.2091,12.2712
4994,166.467,1195,589,2064,1865,-10.1597,12.2676
4995,166.500,1195,590,2064,1863,-8.2285,11.0808
4996,166.533,1195,590,2064,1863,-8.6706,10.8077
4997,166.567,1196,590,2064,1861,-9.3956,10.2837
4998,166.600,1196,590,2064,1863,-9.4407,10.7188
4999,166.633,1196,587,2065,1864,-5.6329,12.6104
5000,166.667,1197,585,2066,1866,-7.1908,12.1813
5001,166.700,1197,583,2067,1869,-4.9163,13.9832
5002,166.733,1198,584,2068,1868,-5.6769,13.3521
5003,166.767,1199,583,2068,1868,-4.7515,13.0861
5004,166.800,1200,584,2067,1869,-3.4492,15.3331
5005,166.833,1199,585,2067,1869,-6.3283,14.3108
5006,166.867,1198,584,2067,1869,-5.0805,14.6453
5007,166.900,1198,584,2067,1870,-5.4188,12.7825
5008,166.933,1198,586,2067,1870,-9.4596,11.2906
5009,166.967,1198,586,2067,1870,-9.2632,12.0036
5010,167.000,1197,589,2067,1868,-7.3228,10.0629
5011,167.033,1197,589,2067,1868,-7.2700,9.3669
5012,167.067,1197,590,2067,1869,-9.0009,11.0530
5013,167.100,1197,589,2067,1868,-7.1619,9.8345
5014,167.133,1197,589,2067,1869,-9.2223,9.4222
5015,167.167,1198,587,2067,1868,-6.5760,12.3649
5016,167.200,1197,587,2067,1869,-8.3390,9.8942
5017,167.233,1197,587,2068,1869,-9.3001,10.0596
5018,167.267,1197,587,2067,1869,-8.9783,10.0090
5019,167.300,1197,589,2067,1869,-9.3867,8.9836
5020,167.333,1197,588,2067,1869,-9.6389,10.4544
5021,167.367,1197,588,2067,1869,-9.8162,10.5754
5022,167.400,1197,587,2067,1869,-6.8941,10.2559
5023,167.433,1197,588,2067,1869,-10.1098,10.1905
5024,167.467,1197,589,2067,1869,-8.9254,10.0759
5025,167.500,1197,589,2067,1869,-9.5385,9.8514
5026,167.533,1197,589,2067,1868,-7.9661,9.8615
5027,167.567,1196,588,2067,1870,-9.0025,9.0123
5028,167.600,1196,589,2068,1870,-7.8421,10.9013
5029,167.633,1196,588,2067,1871,-8.3369,8.7689
5030,167.667,1195,589,2067,1869,-9.1346,10.5466
5031,167.700,1195,588,2067,1870,-6.9785,10.5575
5032,167.733,1195,589,2067,1871,-8.7559,10.5316
5033,167.767,1195,589,2067,1871,-8.5540,10.7696
5034,167.800,1195,589,2066,1871,-7.2935,8.9405
5035,167.833,1194,589,2066,1871,-8.2796,9.7943
5036,167.867,1194,588,2066,1872,-8.0625,9.8436
5037,167.900,1194,589,2066,1872,-8.5216,8.7271
5038,167.933,1194,589,2067,1872,-6.0118,10.7687
5039,167.967,1194,589,2067,1875,-8.2543,10.6520
5040,168.000,1195,590,2067,1872,-9.5848,11.5273
5041,168.033,1196,589,2068,1872,-9.1248,10.3623
5042,168.067,1196,588,2069,1873,-8.8740,11.0134
5043,168.100,1196,587,2069,1873,-7.8622,11.1993
5044,168.133,1197,587,2069,1873,-6.9713,11.4216
5045,168.167,1197,586,2069,1873,-7.1718,11.3728
5046,168.200,1197,587,2069,1873,-8.8237,11.4655
5047,168.233,1197,587,2069,1873,-8.8875,11.4759
5048,168.267,1197,587,2068,1873,-7.4783,11.4216
5049,168.300,1197,586,2068,1873,-7.1893,10.9534
5050,168.333,1197,586,2068,1873,-7.2834,10.8470
5051,168.367,1197,587,2068,1873,-7.8694,11.4883
5052,168.400,1197,586,2068,1874,-8.0176,10.1910
5053,168.433,1197,586,2068,1874,-6.8122,10.9095
5054,168.467,1196,586,2068,1876,-7.0720,13.0212
5055,168.500,1197,586,2068,1876,-7.2157,10.8891
5056,168.533,1197,589,2068,1876,-8.2349,11.8141
5057,168.567,1197,589,2067,1876,-9.6529,12.1547
5058,168.600,1197,589,2067,1876,-9.0352,12.1541
5059,168.633,1197,589,2067,1875,-9.8705,12.3053
5060,168.667,1198,589,2067,1873,-9.4476,11.4784
5061,168.700,1198,589,2067,1874,-6.8096,11.5998
5062,168.733,1198,588,2067,1874,-6.4560,11.9041
5063,168.767,1198,588,2067,1874,-6.4077,11.7932
5064,168.800,1198,589,2066,1875,-7.5960,10.3862
5065,168.833,1198,589,2067,1875,-7.9203,11.7697
5066,168.867,1198,590,2066,1875,-7.4227,11.4259
5067,168.900,1198,590,2066,1875,-7.7735,11.4712
5068,168.933,1198,589,2066,1875,-8.8205,11.0871
5069,168.967,1198,590,2066,1874,-7.8765,10.9857
5070,169.000,1197,586,2067,1877,-4.0574,10.5795
5071,169.033,1197,589,2067,1876,-6.7023,14.8987
5072,169.067,1197,590,2067,1876,-8.0901,12.3096
5073,169.100,1197,591,2067,1875,-6.5877,13.7858
5074,169.133,1197,593,2067,1877,-10.5371,13.1110
5075,169.167,1196,592,2067,1878,-10.4024,14.1824
5076,169.200,1196,593,2067,1878,-9.6461,12.4818
5077,169.233,1196,592,2067,1878,-10.5055,14.2391
5078,169.267,1196,592,2068,1877,-10.0771,13.5018
5079,169.300,1196,592,2068,1877,-10.0060,13.1740
5080,169.333,1196,592,2068,1877,-10.3993,13.4444
5081,169.367,1196,592,2068,1877,-10.0613,13.3463
5082,169.400,1196,591,2068,1877,-9.5757,12.8968
5083,169.433,1197,593,2068,1879,-10.5486,12.6494
5084,169.467,1197,591,2068,1878,-9.9021,13.8226
5085,169.500,1198,589,2069,1877,-6.7610,11.7198
5086,169.533,1198,586,2070,1879,-7.7790,13.6937
5087,169.567,1199,588,2070,1879,-10.6159,14.3197
5088,169.600,1199,589,2070,1879,-7.4199,13.5732
5089,169.633,1199,588,2070,1878,-9.2153,14.8466
5090,169.667,1200,589,2071,1878,-8.6807,12.8667
5091,169.700,1199,589,2071,1877,-8.8714,13.2773
5092,169.733,1199,590,2071,1878,-7.6043,14.2409
5093,169.767,1199,590,2071,1877,-8.8392,13.1894
5094,169.800,1199,589,2070,1876,-7.2979,12.5588
5095,169.833,1200,590,2070,1874,-7.1453,13.2197
5096,169.867,1200,590,2069,1873,-9.4856,12.4137
5097,169.900,1200,590,2068,1873,-10.6743,13.0418
5098,169.933,1199,604,2068,1874,-7.7320,12.8119
5099,169.967,1199,604,2069,1873,-9.2406,13.5099
5100,170.000,1200,600,2069,1872,-8.5559,11.9581
5101,170.033,1199,601,2069,1873,-8.8818,11.9850
5102,170.067,1200,601,2069,1873,-9.5493,11.6023
5103,170.100,1199,601,2068,1873,-9.0766,11.1500
5104,170.133,1200,600,2069,1873,-8.8021,10.4344
5105,170.167,1200,599,2069,1874,-8.1756,11.0053
5106,170.200,1200,599,2068,1874,-6.6583,11.5303
5107,170.233,1200,600,2068,1874,-7.9268,11.0792
5108,170.267,1200,599,2068,1874,-6.5674,11.9368
5109,170.300,1200,597,2069,1875,-6.0579,12.2814
5110,170.333,1199,597,2068,1876,-6.2924,11.7168
5111,170.367,1199,598,2068,1874,-8.2187,11.5215
5112,170.400,1199,598,2068,1875,-6.6092,12.6912
5113,170.433,1200,597,2067,1875,-4.4249,10.7224
5114,170.467,1200,598,2067,1875,-8.4683,10.6492
5115,170.500,1200,598,2067,1875,-8.2099,10.5549
5116,170.533,1200,598,2067,1876,-8.2137,10.9441
5117,170.567,1200,596,2066,1874,-9.4596,10.9723
5118,170.600,1200,596,2066,1874,-9.1527,11.1489
5119,170.633,1200,596,2066,1874,-9.3797,10.4593
5120,170.667,1200,593,2066,1871,-8.4875,12.0981
5121,170.700,1200,592,2066,1867,-9.7751,11.1390
5122,170.733,1200,592,2066,1867,-9.0367,11.7566
5123,170.767,1200,595,2064,1864,-10.3110,13.5543
5124,170.800,1199,595,2064,1864,-11.2082,11.9288
5125,170.833,1200,595,2064,1864,-9.5056,13.0471
5126,170.867,1200,595,2064,1863,-9.5361,13.7877
5127,170.900,1201,595,2063,1863,-7.7766,12.7158
5128,170.933,1201,594,2063,1862,-5.7746,12.0954
5129,170.967,1201,594,2064,1862,-5.9625,12.6864
5130,171.000,1200,597,2064,1862,-8.0282,8.6263
5131,171.033,1200,598,2064,1862,-6.7322,7.1197
5132,171.067,1199,597,2064,1861,-0.3088,8.7322
5133,171.100,1199,598,2064,1861,2.6634,8.6809
5134,171.133,1199,598,2064,1861,3.7459,6.6030
5135,171.167,1198,599,2064,1862,6.1524,6.9043
5136,171.200,1198,600,2063,1862,3.6364,7.9268
5137,171.233,1198,600,2063,1863,5.4445,7.3966
5138,171.267,1197,600,2062,1863,5.0567,8.4658
5139,171.300,1197,601,2062,1862,4.3583,8.0420
5140,171.333,1197,601,2062,1863,4.4976,8.2640
5141,171.367,1197,601,2062,1862,6.9554,7.8493
5142,171.400,1196,602,2062,1863,9.0906,8.7335
5143,171.433,1196,603,2063,1866,5.8810,6.3931
5144,171.467,1196,604,2063,1866,6.3224,7.6444
5145,171.500,1195,604,2063,1866,9.5093,8.8555
5146,171.533,1195,605,2063,1866,8.9228,3.3805
5147,171.567,1195,605,2063,1869,7.9622,3.1973
5148,171.600,1195,605,2063,1869,8.0408,2.6262
5149,171.633,1194,605,2063,1869,8.9713,6.6808
5150,171.667,1194,605,2063,1869,8.1435,4.9800
5151,171.700,1195,604,2063,1868,6.0975,4.8365
5152,171.733,1195,603,2063,1868,7.7245,5.6024
5153,171.767,1194,602,2063,1868,7.5699,6.8811
5154,171.800,1195,602,2063,1868,6.5931,7.3186
5155,171.833,1195,602,2064,1868,8.0984,6.4395
5156,171.867,1195,602,2063,1867,7.0401,7.1765
5157,171.900,1195,602,2064,1868,8.7303,6.0990
5158,171.933,1194,601,2064,1867,8.7552,7.1836
5159,171.967,1195,601,2063,1865,5.8221,7.7117
5160,172.000,1194,600,2064,1868,9.0948,6.1894
5161,172.033,1195,600,2064,1868,7.0099,5.2154
5162,172.067,1195,600,2064,1868,7.7386,5.2350
5163,172.100,1195,600,2064,1868,7.5238,5.4403
5164,172.133,1194,600,2065,1868,8.5898,6.6176
5165,172.167,1195,601,2063,1864,9.2845,7.0275
5166,172.200,1195,601,2063,1864,9.6123,7.2788
5167,172.233,1196,600,2064,1864,6.3008,7.7822
5168,172.267,1196,599,2064,1864,7.5398,8.2055
5169,172.300,1196,599,2065,1864,5.3091,7.8314
5170,172.333,1196,598,2064,1864,4.2787,8.1196
5171,172.367,1196,598,2065,1865,4.3191,7.8343
5172,172.400,1196,598,2065,1864,5.1963,7.9757
5173,172.433,1196,596,2065,1862,6.5789,7.1506
5174,172.467,1196,597,2065,1862,5.8438,7.0307
5175,172.500,1196,596,2064,1861,6.9921,6.5899
5176,172.533,1197,597,2064,1861,8.1709,8.3165
5177,172.567,1197,595,2064,1860,9.5429,7.2776
5178,172.600,1197,595,2064,1860,8.9656,7.5056
5179,172.633,1196,593,2065,1860,6.6084,9.2095
5180,172.667,1196,594,2065,1861,9.4688,8.2323
5181,172.700,1196,594,2065,1862,10.0074,9.7911
5182,172.733,1196,594,2065,1862,10.1242,9.8685
5183,172.767,1197,595,2065,1862,9.5827,7.8502
5184,172.800,1196,594,2065,1863,6.7427,8.5392
5185,172.833,1197,596,2065,1863,6.0039,7.8722
5186,172.867,1197,596,2065,1863,6.1442,7.9179
5187,172.900,1197,596,2065,1862,6.3009,7.3867
5188,172.933,1197,595,2065,1863,9.9728,8.5960
5189,172.967,1197,597,2064,1863,7.2412,9.1514
5190,173.000,1198,601,2062,1860,4.1875,7.3827
5191,173.033,1198,601,2062,1860,4.2056,7.7587
5192,173.067,1198,601,2062,1859,5.5547,7.8073
5193,173.100,1198,601,2062,1860,4.3801,7.8491
5194,173.133,1198,603,2061,1859,2.3027,6.4549
5195,173.167,1199,603,2061,1859,1.7929,6.5524
5196,173.200,1198,602,2061,1859,1.3761,7.4974
5197,173.233,1199,602,2061,1859,4.6622,7.8154
5198,173.267,1199,601,2061,1859,5.3326,8.4143
5199,173.300,1199,601,2061,1858,4.4779,8.4008
5200,173.333,1198,601,2062,1860,3.7673,8.4407
5201,173.367,1198,601,2062,1860,3.8526,8.5350
5202,173.400,1198,601,2063,1860,2.0864,7.2890
5203,173.433,1197,600,2064,1862,1.7422,8.7853
5204,173.467,1197,599,2065,1865,4.0810,8.8869
5205,173.500,1196,599,2065,1864,2.0082,8.8620
5206,173.533,1196,600,2065,1866,3.9179,7.3781
5207,173.567,1196,598,2065,1868,2.4176,7.7746
5208,173.600,1196,599,2065,1867,1.2703,6.4902
5209,173.633,1196,599,2066,1867,1.7833,7.2536
5210,173.667,1196,600,2065,1868,3.1535,7.1031
5211,173.700,1196,600,2065,1867,1.1275,7.3069
5212,173.733,1196,599,2065,1866,2.2121,9.0503
5213,173.767,1196,599,2065,1867,0.9497,7.4413
5214,173.800,1196,599,2065,1867,1.5641,8.0284
5215,173.833,1197,598,2065,1867,4.5766,8.4723
5216,173.867,1197,598,2065,1867,3.8453,8.1427
5217,173.900,1197,598,2066,1867,3.4011,10.0274
5218,173.933,1197,598,2066,1869,3.2958,10.4314
5219,173.967,1196,596,2066,1869,2.0896,11.2896
5220,174.000,1195,599,2066,1871,4.2229,8.4088
5221,174.033,1196,599,2066,1871,7.5716,10.4317
5222,174.067,1196,599,2066,1871,7.5862,10.4581
5223,174.100,1196,598,2066,1871,6.1085,9.4518
5224,174.133,1196,598,2065,1870,6.2586,8.1005
5225,174.167,1197,596,2065,1869,8.9683,9.0053
5226,174.200,1197,596,2065,1869,8.8840,8.9603
5227,174.233,1197,595,2065,1869,8.5889,9.2417
5228,174.267,1197,594,2065,1868,7.5998,9.5425
5229,174.300,1197,589,2065,1867,6.1080,7.6371
5230,174.333,1197,589,2065,1867,6.4469,7.9735
5231,174.367,1197,587,2065,1865,4.3944,7.5372
5232,174.400,1197,586,2065,1865,5.8597,10.8989
5233,174.433,1197,586,2065,1865,5.3010,11.1186
5234,174.467,1197,586,2065,1865,5.5246,10.9882
5235,174.500,1197,587,2066,1867,8.3729,7.7135
5236,174.533,1198,587,2065,1866,6.0754,8.5928
5237,174.567,1197,588,2066,1867,8.2646,6.3962
5238,174.600,1197,588,2066,1867,8.0994,6.5475
5239,174.633,1197,588,2065,1866,5.5011,7.5694
5240,174.667,1197,589,2065,1866,6.0819,8.1682
5241,174.700,1197,590,2065,1864,5.7401,9.1349
5242,174.733,1197,590,2065,1864,5.8561,8.9844
5243,174.767,1197,589,2065,1861,6.3448,7.4653
5244,174.800,1196,589,2065,1861,7.5778,7.6985
5245,174.833,1196,590,2065,1861,6.1890,8.5492
5246,174.867,1196,590,2065,1861,6.1519,8.5787
5247,174.900,1196,589,2065,1863,6.6324,7.9335
5248,174.933,1197,589,2065,1864,7.1501,7.8280
5249,174.967,1197,588,2065,1864,5.6533,8.3130
5250,175.000,1198,589,2065,1863,7.3078,8.5192
5251,175.033,1197,590,2065,1863,3.2150,6.7761
5252,175.067,1199,591,2066,1863,5.0179,8.2700
5253,175.100,1199,591,2065,1862,6.0208,8.5311
5254,175.133,1200,592,2066,1862,8.2200,7.7162
5255,175.167,1200,593,2066,1863,5.2229,8.4874
5256,175.200,1200,593,2066,1863,5.2133,8.6516
5257,175.233,1200,593,2066,1863,5.0700,8.9140
5258,175.267,1200,593,2066,1863,5.9044,9.3480
5259,175.300,1200,592,2066,1863,7.8876,9.6245
5260,175.333,1200,592,2066,1863,6.7850,9.3297
5261,175.367,1200,592,2066,1863,7.2370,9.4066
5262,175.400,1200,591,2067,1863,5.2750,9.2564
5263,175.433,1200,590,2067,1864,6.4959,8.8233
5264,175.467,1200,590,2067,1863,4.3368,9.1960
5265,175.500,1200,590,2067,1864,6.8107,8.7967
5266,175.533,1200,591,2067,1862,8.2985,8.8820
5267,175.567,1200,591,2067,1862,8.2538,8.6804
5268,175.600,1200,591,2067,1862,8.3229,8.6819
5269,175.633,1200,591,2067,1863,5.4374,8.8577
5270,175.667,1200,591,2066,1862,6.3971,9.1171
5271,175.700,1200,589,2067,1863,5.9989,9.5627
5272,175.733,1200,589,2066,1862,5.6542,9.5119
5273,175.767,1200,589,2066,1862,5.7355,9.3208
5274,175.800,1200,589,2066,1864,5.9900,9.0218
5275,175.833,1200,588,2067,1864,6.3913,8.4470
5276,175.867,1200,588,2067,1864,6.7149,8.6427
5277,175.900,1200,587,2067,1864,8.1318,9.2286
5278,175.933,1200,589,2066,1863,5.0643,8.2733
5279,175.967,1200,589,2066,1863,4.8007,8.5292
5280,176.000,1200,588,2067,1864,5.1017,8.5201
5281,176.033,1200,588,2067,1864,5.1047,8.5186
5282,176.067,1200,588,2066,1865,6.2594,7.9492
5283,176.100,1200,588,2066,1865,6.2025,7.9974
5284,176.133,1200,588,2066,1865,5.7488,7.6857
5285,176.167,1200,588,2067,1865,5.9342,7.2921
5286,176.200,1200,588,2067,1865,6.2444,7.2668
5287,176.233,1200,588,2067,1865,5.9829,6.7055
5288,176.267,1200,588,2067,1865,4.7755,6.8047
5289,176.300,1200,587,2067,1866,6.2595,7.4278
5290,176.333,1200,588,2067,1866,5.0592,8.2926
5291,176.367,1200,588,2067,1866,5.1490,8.1603
5292,176.400,1199,587,2067,1866,7.2870,8.6747
5293,176.433,1199,588,2067,1866,6.3291,6.9377
5294,176.467,1199,588,2067,1866,6.4434,7.1473
5295,176.500,1199,588,2067,1866,6.3153,7.1622
5296,176.533,1199,587,2067,1866,7.4369,8.9848
5297,176.567,1199,588,2068,1867,4.2501,8.5232
5298,176.600,1199,588,2068,1867,4.3210,8.5895
5299,176.633,1199,588,2068,1867,4.6790,8.7463
5300,176.667,1199,587,2068,1867,4.1997,8.4843
5301,176.700,1198,587,2068,1869,5.2618,9.1065
5302,176.733,1198,587,2068,1869,5.3285,9.3722
5303,176.767,1198,586,2068,1869,7.2991,9.0846
5304,176.800,1198,585,2068,1870,5.5399,8.7007
5305,176.833,1198,587,2068,1870,8.6950,9.1501
5306,176.867,1198,586,2068,1870,5.9754,8.2491
5307,176.900,1198,584,2068,1871,6.9977,8.1863
5308,176.933,1198,586,2068,1870,7.7433,7.1045
5309,176.967,1203,594,2068,1869,7.5251,9.3152
5310,177.000,1202,595,2068,1867,5.2303,9.4868
5311,177.033,1202,595,2068,1867,5.1818,9.5091
5312,177.067,1202,595,2068,1867,5.2005,9.5226
5313,177.100,1202,595,2068,1867,5.2075,9.3906
5314,177.133,1202,595,2068,1867,5.1151,9.7474
5315,177.167,1202,594,2068,1867,6.0700,8.7359
5316,177.200,1202,594,2068,1867,5.9165,8.7585
5317,177.233,1202,594,2068,1867,5.6637,8.8259
5318,177.267,1202,595,2068,1868,4.6515,8.8292
5319,177.300,1201,595,2067,1869,6.0363,9.3993
5320,177.333,1201,595,2067,1869,6.1905,9.3793
5321,177.367,1200,597,2067,1871,7.6297,8.3560
5322,177.400,1199,598,2067,1870,7.4967,8.5066
5323,177.433,1200,599,2067,1871,8.5941,7.5046
5324,177.467,1200,598,2067,1871,8.4298,7.4718
5325,177.500,1200,599,2067,1871,8.7838,7.3869
5326,177.533,1200,598,2067,1872,8.3325,7.5763
5327,177.567,1199,594,2068,1873,6.6630,9.1214
5328,177.600,1200,595,2068,1873,6.7827,7.4556
5329,177.633,1199,593,2069,1874,7.8562,7.7865
5330,177.667,1200,592,2069,1873,6.3783,10.9173
5331,177.700,1200,591,2068,1873,8.7188,8.6021
5332,177.733,1200,592,2068,1873,8.4306,10.5287
5333,177.767,1200,592,2068,1871,7.4922,8.8225
5334,177.800,1200,590,2068,1872,4.6595,6.8322
5335,177.833,1199,590,2068,1873,5.3342,6.7254
5336,177.867,1199,590,2068,1872,7.4381,7.4040
5337,177.900,1200,591,2069,1872,6.7124,8.0374
5338,177.933,1200,590,2068,1872,4.6236,6.4393
5339,177.967,1200,590,2068,1871,6.3393,6.3805
5340,178.000,1201,595,2067,1869,5.6049,9.2251
5341,178.033,1201,596,2066,1869,3.6992,8.5533
5342,178.067,1201,596,2066,1868,6.2929,9.7965
5343,178.100,1201,595,2066,1868,5.0366,8.9585
5344,178.133,1201,595,2066,1868,4.3179,8.4709
5345,178.167,1200,595,2066,1868,6.7156,8.6120
5346,178.200,1200,595,2066,1869,5.1116,7.8275
5347,178.233,1200,595,2066,1869,5.3652,7.7592
5348,178.267,1200,594,2067,1870,6.2761,7.9245
5349,178.300,1200,595,2067,1870,7.8287,9.5301
5350,178.333,1200,594,2067,1871,3.7746,8.3625
5351,178.367,1200,594,2067,1871,4.5589,8.1958
5352,178.400,1200,595,2067,1871,4.8721,7.5975
5353,178.433,1201,596,2068,1871,8.2380,10.4741
5354,178.467,1202,596,2068,1870,6.9930,9.6753
5355,178.500,1202,596,2068,1871,8.2881,9.2286
5356,178.533,1203,598,2068,1871,6.9469,9.4357
5357,178.567,1203,600,2068,1869,5.2923,6.9511
5358,178.600,1204,601,2067,1868,6.4560,6.8598
5359,178.633,1204,602,2067,1867,6.7950,8.6987
5360,178.667,1203,601,2067,1866,5.6396,8.7453
5361,178.700,1203,601,2068,1866,3.1705,9.0775
5362,178.733,1202,603,2067,1867,4.1333,8.6656
5363,178.767,1201,602,2067,1869,5.1573,7.9636
5364,178.800,1201,591,2064,1865,2.4404,3.3696
5365,178.833,1199,595,2064,1864,4.2168,2.8489
5366,178.867,1198,596,2065,1863,5.9541,2.1131
5367,178.900,1199,595,2065,1864,3.6515,4.2522
5368,178.933,1199,593,2067,1867,2.3636,7.3746
5369,178.967,1199,594,2067,1866,2.9245,5.8692
5370,179.000,1199,599,2069,1867,6.4504,8.8399
5371,179.033,1200,598,2069,1866,9.5102,7.8950
5372,179.067,1200,598,2069,1867,8.9782,7.4695
5373,179.100,1200,597,2069,1867,8.3751,6.9431
5374,179.133,1201,596,2069,1866,10.2752,8.1672
5375,179.167,1201,599,2069,1864,8.8960,8.8567
5376,179.200,1201,598,2068,1864,10.4810,7.9790
5377,179.233,1201,599,2067,1864,12.5898,8.3999
5378,179.267,1199,598,2067,1865,12.4028,8.8568
5379,179.300,1198,595,2067,1870,9.8151,8.0710
5380,179.333,1197,596,2066,1867,13.5953,8.7039
5381,179.367,1195,595,2065,1868,10.8038,7.7641
5382,179.400,1194,593,2065,1867,11.7563,8.1220
5383,179.433,1192,591,2062,1869,11.2432,6.1750
5384,179.467,1192,591,2062,1869,8.7282,6.1780
5385,179.500,1192,590,2062,1870,10.1957,7.3107
5386,179.533,1192,589,2063,1870,10.4316,7.4767
5387,179.567,1191,587,2063,1869,10.2360,6.3913
5388,179.600,1196,592,2065,1864,11.1107,6.5662
5389,179.633,1198,591,2068,1863,10.0880,8.6820
5390,179.667,1200,585,2071,1867,9.8875,7.0766
5391,179.700,1202,586,2073,1874,9.9411,7.9492
5392,179.733,1202,583,2074,1874,10.7545,9.7713
5393,179.767,1203,581,2076,1873,11.7315,8.6423
5394,179.800,1204,581,2075,1872,11.7234,8.9281
5395,179.833,1206,583,2076,1872,11.8311,8.7263
5396,179.867,1206,582,2076,1872,10.6524,7.6197
5397,179.900,1205,582,2075,1872,11.3421,9.5521
5398,179.933,1204,583,2075,1874,10.4259,9.0613
5399,179.967,1203,582,2075,1876,7.8553,9.1472
5400,180.000,1202,583,2076,1878,7.2384,5.9493
5401,180.033,1200,586,2076,1882,8.7603,6.7715
5402,180.067,1200,585,2076,1883,9.2257,7.5790
5403,180.100,1199,587,2075,1883,9.4755,7.2736
5404,180.133,1199,585,2074,1885,9.5410,8.8999
5405,180.167,1200,585,2075,1885,8.4354,8.9595
5406,180.200,1200,583,2075,1885,6.0894,8.0321
5407,180.233,1200,580,2076,1889,6.9321,8.5854
5408,180.267,1200,581,2076,1888,8.1349,9.0878
5409,180.300,1200,582,2076,1884,6.2765,10.3120
5410,180.333,1200,582,2075,1884,7.1258,10.7911
5411,180.367,1200,581,2074,1881,8.4457,10.8817
5412,180.400,1200,582,2074,1882,7.7720,10.2400
5413,180.433,1200,583,2074,1881,9.2488,10.3980
5414,180.467,1200,583,2074,1881,8.9763,10.3711
5415,180.500,1200,582,2074,1882,8.7591,10.1710
5416,180.533,1200,583,2074,1880,9.2490,9.5232
5417,180.567,1200,583,2074,1881,9.1905,10.4673
5418,180.600,1200,583,2074,1881,8.9751,10.4889
5419,180.633,1200,582,2074,1881,9.3523,10.4367
5420,180.667,1200,582,2074,1880,8.4870,10.4989
5421,180.700,1201,582,2075,1879,9.1626,9.8181
5422,180.733,1200,582,2075,1880,8.8367,9.8083
5423,180.767,1201,580,2074,1878,10.5399,9.7756
5424,180.800,1202,582,2074,1878,8.4001,9.0823
5425,180.833,1204,580,2075,1878,7.8333,10.2700
5426,180.867,1205,578,2074,1873,6.9233,8.0119
5427,180.900,1205,578,2074,1873,7.5739,7.6505
5428,180.933,1204,578,2074,1875,7.5381,8.8182
5429,180.967,1204,578,2074,1874,6.8917,7.7476
5430,181.000,1204,578,2074,1880,6.4762,9.0918
5431,181.033,1203,584,2074,1876,5.4274,10.1283
5432,181.067,1203,580,2074,1874,6.8291,11.7588
5433,181.100,1206,572,2073,1872,4.9321,7.3114
5434,181.133,1206,575,2073,1868,4.8762,7.8815
5435,181.167,1208,574,2071,1864,3.8921,5.6300
5436,181.200,1208,575,2071,1861,2.8967,6.4812
5437,181.233,1208,576,2071,1861,1.6068,6.0747
5438,181.267,1209,578,2070,1858,3.4116,7.3139
5439,181.300,1208,578,2071,1857,6.2342,7.1915
5440,181.333,1208,577,2071,1856,8.0772,3.9818
5441,181.367,1208,577,2071,1856,7.7838,5.4084
5442,181.400,1207,577,2071,1856,6.6187,5.5234
5443,181.433,1206,575,2073,1860,5.3703,7.0299
5444,181.467,1206,573,2072,1859,3.1442,9.1083
5445,181.500,1206,574,2073,1858,4.1650,6.0843
5446,181.533,1206,573,2074,1860,4.3703,4.5399
5447,181.567,1206,572,2073,1861,7.4365,5.8001
5448,181.600,1207,573,2074,1860,6.6621,5.3978
5449,181.633,1207,571,2073,1860,6.0963,5.4293
5450,181.667,1207,571,2073,1858,5.0249,7.0671
5451,181.700,1207,571,2073,1858,4.6920,8.2695
5452,181.733,1207,571,2072,1858,3.6083,9.4526
5453,181.767,1207,571,2072,1858,3.9397,9.6425
5454,181.800,1206,571,2073,1860,4.4792,8.1990
5455,181.833,1207,576,2073,1862,1.4493,7.8135
5456,181.867,1208,577,2074,1861,1.7841,8.0953
5457,181.900,1208,576,2074,1861,2.3840,7.6798
5458,181.933,1208,578,2074,1861,1.4523,9.3880
5459,181.967,1208,577,2074,1863,0.8918,7.7028
5460,182.000,1208,572,2074,1862,0.1290,9.5971
5461,182.033,1208,572,2074,1862,0.3904,9.8206
5462,182.067,1208,572,2074,1862,0.8354,9.8286
5463,182.100,1208,573,2074,1862,2.8570,9.9536
5464,182.133,1209,574,2074,1862,2.5180,8.8494
5465,182.167,1209,573,2073,1861,2.5237,7.9192
5466,182.200,1208,572,2073,1860,2.9495,8.9243
5467,182.233,1209,571,2074,1860,1.3114,9.5028
5468,182.267,1208,571,2074,1860,2.6372,9.5340
5469,182.300,1207,569,2073,1860,2.8805,9.5228
5470,182.333,1208,570,2073,1859,0.7159,9.1556
5471,182.367,1207,570,2073,1860,0.4434,8.3942
5472,182.400,1207,570,2072,1859,1.7604,8.2569
5473,182.433,1208,570,2073,1860,2.5394,8.1399
5474,182.467,1208,571,2073,1859,0.7994,9.4321
5475,182.500,1208,571,2072,1858,1.2695,9.0706
5476,182.533,1208,572,2073,1859,0.6874,9.3892
5477,182.567,1208,573,2072,1860,2.5727,9.8095
5478,182.600,1208,574,2072,1860,1.8298,10.0696
5479,182.633,1208,573,2072,1860,3.4300,9.8772
5480,182.667,1209,575,2072,1859,4.8371,9.4277
5481,182.700,1209,576,2072,1859,3.7152,9.4828
5482,182.733,1208,577,2072,1858,1.9729,6.8185
5483,182.767,1208,577,2072,1858,2.0826,6.5973
5484,182.800,1208,578,2072,1858,0.9783,8.9988
5485,182.833,1208,578,2072,1859,2.0116,7.7293
5486,182.867,1209,578,2072,1859,2.6945,6.8459
5487,182.900,1209,578,2073,1860,0.8343,7.6063
5488,182.933,1208,578,2072,1859,2.2275,7.0828
5489,182.967,1208,578,2072,1858,1.7038,9.3035
5490,183.000,1210,579,2072,1851,4.0535,11.0001
5491,183.033,1210,578,2072,1852,4.1555,8.9716
5492,183.067,1210,578,2072,1852,4.3979,9.2350
5493,183.100,1210,578,2072,1851,5.3816,9.2390
5494,183.133,1210,577,2072,1851,3.7459,8.6572
5495,183.167,1209,576,2073,1853,1.7081,9.2296
5496,183.200,1209,577,2072,1852,4.7336,8.6121
5497,183.233,1214,577,2076,1857,3.0599,11.4807
5498,183.267,1214,580,2076,1856,3.4402,10.4683
5499,183.300,1215,579,2078,1858,5.5425,10.2790
5500,183.333,1214,577,2080,1862,3.1265,12.0968
5501,183.367,1216,575,2081,1861,1.4001,14.0120
5502,183.400,1215,576,2081,1861,3.1338,13.4257
5503,183.433,1215,574,2081,1862,4.8260,12.3700
5504,183.467,1214,575,2081,1862,4.8037,11.6575
5505,183.500,1213,575,2080,1863,6.5596,9.9777
5506,183.533,1213,575,2080,1862,5.7501,7.8759
5507,183.567,1212,573,2079,1862,5.0256,7.7371
5508,183.600,1212,574,2078,1861,5.2263,11.1125
5509,183.633,1211,575,2077,1859,7.1993,8.3525
5510,183.667,1211,576,2077,1861,4.3751,10.9859
5511,183.700,1211,575,2077,1860,3.2173,9.2708
5512,183.733,1211,576,2076,1861,2.7354,9.4613
5513,183.767,1211,578,2077,1861,2.6722,9.2505
5514,183.800,1212,577,2076,1859,4.4013,8.6943
5515,183.833,1212,575,2076,1859,0.7203,10.0869
5516,183.867,1212,575,2076,1858,2.0242,9.1560
5517,183.900,1213,575,2076,1858,2.1817,11.0412
5518,183.933,1213,574,2076,1858,2.3149,10.1059
5519,183.967,1213,573,2076,1861,-0.6482,10.1882
5520,184.000,1212,573,2077,1865,0.8720,8.9409
5521,184.033,1211,573,2077,1864,4.0118,8.7361
5522,184.067,1211,575,2077,1864,0.5421,10.6801
5523,184.100,1211,576,2076,1864,1.8815,9.2620
5524,184.133,1212,578,2077,1866,3.2670,8.8281
5525,184.167,1211,579,2076,1866,2.4392,8.5877
5526,184.200,1211,579,2076,1866,2.2605,8.8324
5527,184.233,1211,579,2076,1866,2.0923,8.6759
5528,184.267,1211,579,2076,1867,1.8805,9.7350
5529,184.300,1211,579,2076,1867,1.9240,10.0038
5530,184.333,1211,580,2076,1866,4.1133,8.3710
5531,184.367,1211,579,2076,1866,4.3601,8.9097
5532,184.400,1212,580,2076,1866,5.9897,7.4161
5533,184.433,1211,577,2076,1868,5.6383,9.4167
5534,184.467,1211,577,2076,1866,5.3877,9.5889
5535,184.500,1211,577,2076,1865,5.5294,8.9023
5536,184.533,1211,576,2076,1868,7.0617,9.7959
5537,184.567,1210,575,2076,1867,6.6236,10.1691
5538,184.600,1210,575,2075,1867,8.8762,9.4744
5539,184.633,1210,575,2075,1867,11.7280,9.5746
5540,184.667,1210,575,2075,1866,9.1419,8.5528
5541,184.700,1209,574,2075,1865,11.7534,8.8022
5542,184.733,1209,573,2075,1863,10.9358,4.9485
5543,184.767,1210,574,2075,1864,11.2671,4.8658
5544,184.800,1210,573,2075,1864,11.5385,3.9929
5545,184.833,1210,574,2075,1864,11.3665,4.7586
5546,184.867,1210,578,2075,1863,10.8334,6.9600
5547,184.900,1209,579,2074,1862,12.6328,4.3139
5548,184.933,1209,579,2074,1862,12.7433,4.5654
5549,184.967,1208,580,2074,1861,12.6693,1.5878
5550,185.000,1210,583,2073,1854,17.3671,4.2162
5551,185.033,1209,582,2073,1856,14.2707,3.6203
5552,185.067,1209,582,2073,1856,14.9753,3.8991
5553,185.100,1209,582,2073,1856,14.4222,3.4382
5554,185.133,1209,583,2072,1855,14.9024,2.1013
5555,185.167,1208,582,2072,1854,13.7966,3.2477
5556,185.200,1208,581,2073,1853,12.9054,4.5487
5557,185.233,1208,578,2072,1853,14.4582,2.3645
5558,185.267,1208,578,2072,1855,13.8609,2.7626
5559,185.300,1208,580,2073,1855,14.2306,3.6487
5560,185.333,1208,580,2073,1855,14.3785,3.1698
5561,185.367,1209,580,2073,1856,14.9216,4.3513
5562,185.400,1209,580,2073,1854,14.4483,2.7764
5563,185.433,1209,577,2073,1856,15.2740,1.5955
5564,185.467,1209,578,2073,1856,14.5174,1.1925
5565,185.500,1209,578,2073,1856,14.0953,1.5094
5566,185.533,1209,577,2073,1856,14.8691,1.0123
5567,185.567,1209,573,2075,1857,13.6567,2.1391
5568,185.600,1209,573,2075,1858,14.5701,1.9943
5569,185.633,1214,595,2079,1846,15.0247,2.3572
5570,185.667,1209,571,2076,1858,14.8303,2.1526
5571,185.700,1210,572,2075,1857,13.4631,2.8665
5572,185.733,1210,571,2075,1858,13.4189,4.1221
5573,185.767,1209,571,2075,1858,16.1697,2.1583
5574,185.800,1210,571,2076,1858,14.7802,1.4513
5575,185.833,1209,573,2075,1859,12.0551,1.8362
5576,185.867,1209,573,2075,1858,13.0209,1.8728
5577,185.900,1209,574,2075,1859,14.3703,2.5583
5578,185.933,1210,575,2074,1857,14.2946,2.1800
5579,185.967,1210,578,2073,1856,14.9263,1.9922
5580,186.000,1211,581,2073,1858,12.5993,5.6214
5581,186.033,1210,581,2074,1858,12.6587,6.5438
5582,186.067,1210,582,2073,1857,11.7760,6.0949
5583,186.100,1210,581,2073,1858,12.0029,6.8764
5584,186.133,1210,581,2074,1859,11.8306,5.3646
5585,186.167,1210,581,2074,1859,11.3239,4.9701
5586,186.200,1211,581,2074,1859,11.9794,6.8422
5587,186.233,1210,581,2074,1862,11.8682,5.7448
5588,186.267,1210,582,2073,1859,11.5201,6.2928
5589,186.300,1210,583,2073,1858,12.5624,7.9213
5590,186.333,1210,579,2074,1860,12.5438,7.5248
5591,186.367,1210,579,2074,1860,12.6709,7.0491
5592,186.400,1209,575,2073,1859,9.6465,9.2180
5593,186.433,1209,570,2074,1863,8.5055,8.5692
5594,186.467,1209,571,2074,1862,9.9562,8.3575
5595,186.500,1209,570,2074,1862,8.3056,7.4640
5596,186.533,1208,568,2074,1863,7.5215,7.8646
5597,186.567,1214,590,2078,1850,10.5902,5.7303
5598,186.600,1213,589,2078,1850,12.8535,3.8128
5599,186.633,1213,589,2078,1850,13.5019,3.5708
5600,186.667,1212,588,2078,1850,11.9884,6.6390
5601,186.700,1212,589,2077,1852,7.7184,3.9556
5602,186.733,1213,592,2077,1853,7.9251,6.9986
5603,186.767,1213,594,2076,1856,7.8166,6.9981
5604,186.800,1212,593,2074,1859,8.9070,3.4116
5605,186.833,1212,593,2074,1859,8.1584,3.9255
5606,186.867,1212,593,2074,1859,8.3359,3.9408
5607,186.900,1212,593,2074,1859,8.2156,4.0816
5608,186.933,1211,594,2074,1859,10.3566,7.8376
5609,186.967,1211,594,2074,1859,11.1185,7.3181
5610,187.000,1211,593,2075,1856,9.0985,7.4054
5611,187.033,1210,592,2074,1858,10.7450,5.0830
5612,187.067,1209,594,2074,1857,12.3961,8.1406
5613,187.100,1209,594,2074,1856,12.2740,8.4844
5614,187.133,1209,595,2074,1857,9.5181,10.0773
5615,187.167,1209,592,2073,1859,10.8692,4.7574
5616,187.200,1209,592,2073,1859,10.4545,5.5564
5617,187.233,1209,592,2073,1860,9.0927,6.1413
5618,187.267,1209,591,2073,1860,11.2250,7.1930
5619,187.300,1210,589,2073,1859,12.3230,7.6516
5620,187.333,1210,588,2073,1858,12.8599,8.9469
5621,187.367,1210,589,2073,1858,9.8267,8.2877
5622,187.400,1210,592,2072,1856,11.8195,4.6683
5623,187.433,1211,592,2072,1854,11.5212,6.3718
5624,187.467,1206,570,2069,1866,10.5835,7.5595
5625,187.500,1206,570,2069,1866,10.7751,7.7480
5626,187.533,1211,594,2073,1853,8.7333,7.9850
5627,187.567,1211,594,2073,1852,9.1080,8.8121
5628,187.600,1211,594,2073,1852,8.9804,8.5345
5629,187.633,1211,594,2073,1852,9.2601,8.6395
5630,187.667,1210,595,2074,1852,9.5749,9.1711
5631,187.700,1210,595,2074,1851,9.7463,10.6702
5632,187.733,1210,595,2074,1852,9.1035,10.2196
5633,187.767,1205,570,2070,1864,10.5282,7.4286
5634,187.800,1205,570,2070,1863,10.7658,8.6224
5635,187.833,1206,570,2069,1861,9.9643,7.9032
5636,187.867,1206,571,2069,1862,8.1830,6.8359
5637,187.900,1207,572,2069,1861,8.1678,6.1696
5638,187.933,1213,596,2074,1847,7.0565,4.9868
5639,187.967,1212,597,2073,1845,8.2928,7.5832
5640,188.000,1211,599,2073,1845,7.0722,5.2512
5641,188.033,1211,595,2074,1846,3.3544,6.2396
5642,188.067,1212,593,2074,1844,5.3771,1.3521
5643,188.100,1211,594,2075,1844,6.0029,5.2879
5644,188.133,1211,594,2075,1846,5.2578,6.4744
5645,188.167,1211,593,2074,1844,7.5966,7.4403
5646,188.200,1211,593,2075,1846,7.0035,8.7900
5647,188.233,1211,593,2075,1845,7.3737,6.9763
5648,188.267,1212,594,2075,1843,6.6594,7.7861
5649,188.300,1212,593,2075,1844,8.5057,7.3397
5650,188.333,1212,592,2075,1844,8.5046,5.9961
5651,188.367,1212,592,2075,1844,7.7305,6.2894
5652,188.400,1212,595,2075,1843,5.5175,5.9491
5653,188.433,1212,593,2075,1846,7.3611,7.5101
5654,188.467,1213,592,2075,1844,5.3983,4.8729
5655,188.500,1213,593,2074,1844,7.5377,7.3433
5656,188.533,1213,593,2073,1843,6.7544,6.1432
5657,188.567,1212,593,2074,1844,5.4452,8.8086
5658,188.600,1212,594,2074,1844,5.9489,8.6981
5659,188.633,1213,593,2074,1842,2.3524,9.6844
5660,188.667,1212,591,2075,1845,0.8470,10.8543
5661,188.700,1212,587,2074,1845,-0.1639,10.4301
5662,188.733,1212,586,2073,1848,-0.8550,10.8376
5663,188.767,1211,585,2073,1847,-1.3898,13.2660
5664,188.800,1211,586,2073,1848,-1.7076,12.3992
5665,188.833,1211,585,2073,1847,-2.1258,11.2257
5666,188.867,1211,587,2073,1847,-0.7569,11.4373
5667,188.900,1211,586,2073,1847,-2.3177,10.7406
5668,188.933,1211,585,2073,1846,-4.9989,10.8215
5669,188.967,1212,584,2072,1846,-5.1883,10.6709
5670,189.000,1211,586,2071,1850,-5.9053,11.4683
5671,189.033,1211,587,2071,1850,-4.3534,9.6858
5672,189.067,1211,588,2071,1852,-4.8438,10.5406
5673,189.100,1211,588,2071,1850,-4.9722,10.8501
5674,189.133,1212,589,2071,1850,-4.9744,10.8751
5675,189.167,1213,589,2070,1850,-5.1741,10.0133
5676,189.200,1213,591,2071,1850,-0.0533,9.1332
5677,189.233,1213,590,2071,1850,-1.4746,8.0753
5678,189.267,1213,587,2072,1850,-1.7719,9.3576
5679,189.300,1212,587,2073,1849,-0.5237,8.9456
5680,189.333,1212,589,2073,1849,0.8078,9.3114
5681,189.367,1212,588,2073,1848,-0.9610,8.2732
5682,189.400,1211,589,2073,1847,-3.2058,8.3185
5683,189.433,1212,589,2073,1848,-2.4086,10.6608
5684,189.467,1212,587,2072,1848,-1.9061,9.5208
5685,189.500,1212,589,2073,1850,-2.1117,10.1342
5686,189.533,1212,588,2074,1849,-1.7345,12.5048
5687,189.567,1213,588,2074,1847,-2.5957,12.2413
5688,189.600,1213,588,2074,1848,-3.1915,12.8999
5689,189.633,1213,589,2074,1847,-2.3639,10.2637
5690,189.667,1212,593,2074,1846,-0.8324,12.0617
5691,189.700,1212,593,2074,1849,-1.1222,11.1216
5692,189.733,1212,594,2074,1850,0.4993,10.7755
5693,189.767,1212,594,2074,1848,1.5518,11.5303
5694,189.800,1212,593,2074,1850,-1.6710,12.0023
5695,189.833,1212,593,2074,1852,0.6545,10.2745
5696,189.867,1212,594,2074,1852,1.2959,10.0396
5697,189.900,1212,592,2073,1851,-0.6677,9.6516
5698,189.933,1212,593,2074,1852,2.1693,11.1678
5699,189.967,1212,591,2074,1854,0.1663,10.8661
5700,190.000,1212,593,2074,1856,-0.8995,10.1100
5701,190.033,1212,594,2075,1856,-1.9730,10.6431
5702,190.067,1212,593,2075,1856,-1.8983,10.2994
5703,190.100,1212,593,2075,1857,-1.3868,9.8824
5704,190.133,1211,593,2075,1856,-2.4228,11.6575
5705,190.167,1212,593,2074,1855,0.3388,11.8719
5706,190.200,1212,593,2074,1855,0.5609,11.9599
5707,190.233,1212,594,2074,1855,1.8109,12.1372
5708,190.267,1212,593,2074,1856,0.5980,12.5327
5709,190.300,1212,593,2074,1855,4.1140,12.8726
5710,190.333,1212,594,2074,1856,1.9891,11.2756
5711,190.367,1211,594,2074,1856,1.8075,10.7112
5712,190.400,1212,595,2074,1857,-0.5488,10.7502
5713,190.433,1205,573,2071,1871,1.5658,9.6610
5714,190.467,1205,572,2071,1871,1.3703,6.7375
5715,190.500,1205,573,2071,1870,0.3471,9.7497
5716,190.533,1205,578,2073,1870,0.4288,9.8202
5717,190.567,1210,590,2068,1857,-0.8454,9.6826
5718,190.600,1210,590,2068,1856,-0.8538,10.7223
5719,190.633,1210,590,2068,1857,-0.8601,9.6869
5720,190.667,1210,591,2068,1857,1.9431,8.4014
5721,190.700,1210,589,2069,1859,-1.4656,11.8162
5722,190.733,1210,588,2069,1859,0.4065,11.5378
5723,190.767,1209,588,2069,1860,-1.0567,12.3131
5724,190.800,1210,586,2069,1860,-1.3122,11.5774
5725,190.833,1210,585,2070,1863,-3.0830,12.9019
5726,190.867,1210,586,2070,1862,1.0784,13.4632
5727,190.900,1210,586,2070,1861,-2.0082,12.9107
5728,190.933,1210,586,2070,1863,-1.9732,11.2172
5729,190.967,1210,584,2070,1864,-4.8217,10.3533
5730,191.000,1210,579,2071,1866,-1.9704,12.2451
5731,191.033,1210,579,2071,1866,-1.9821,12.0445
5732,191.067,1210,579,2071,1866,-2.0240,12.0647
5733,191.100,1210,578,2071,1867,-1.4648,13.3815
5734,191.133,1210,578,2071,1867,-1.5938,13.2660
5735,191.167,1210,579,2071,1868,-2.9629,12.6858
5736,191.200,1210,579,2071,1869,-3.3263,12.4471
5737,191.233,1210,578,2071,1869,-2.6316,13.2745
5738,191.267,1210,579,2071,1868,-2.2202,13.0543
5739,191.300,1210,577,2071,1869,-0.9127,13.6819
5740,191.333,1210,577,2071,1869,0.0508,13.9928
5741,191.367,1210,576,2071,1868,2.0240,13.6134
5742,191.400,1210,576,2071,1869,2.2114,12.5517
5743,191.433,1210,575,2071,1867,3.6821,12.5316
5744,191.467,1210,575,2071,1867,3.5672,12.1874
5745,191.500,1209,574,2071,1867,4.3209,10.5064
5746,191.533,1210,575,2071,1866,3.6974,13.4876
5747,191.567,1209,575,2071,1867,3.7523,15.0710
5748,191.600,1209,575,2071,1867,4.1800,15.1347
5749,191.633,1209,575,2071,1867,3.6714,15.1272
5750,191.667,1209,575,2070,1867,4.9268,12.7131
5751,191.700,1210,574,2070,1867,3.4796,8.9279
5752,191.733,1210,575,2070,1867,4.8859,11.8360
5753,191.767,1209,574,2070,1866,7.1830,9.2902
5754,191.800,1210,573,2069,1867,8.7130,10.3009
5755,191.833,1209,573,2070,1868,7.3189,10.6171
5756,191.867,1209,572,2070,1869,7.9786,11.1193
5757,191.900,1209,572,2070,1869,7.9169,10.2238
5758,191.933,1209,573,2070,1869,8.8401,8.7108
5759,191.967,1208,572,2070,1868,7.6779,9.0137
5760,192.000,1209,574,2072,1870,7.5927,10.6796
5761,192.033,1209,574,2072,1870,7.3582,11.3447
5762,192.067,1208,574,2072,1870,7.1203,10.8602
5763,192.100,1208,574,2072,1870,6.8793,10.9688
5764,192.133,1208,573,2073,1869,4.6202,9.3468
5765,192.167,1208,574,2072,1868,6.1579,11.3708
5766,192.200,1209,574,2072,1868,7.4781,10.8559
5767,192.233,1209,578,2072,1866,3.3523,11.3236
5768,192.267,1209,578,2072,1865,3.5565,10.0102
5769,192.300,1211,576,2068,1858,0.3030,6.4566
5770,192.333,1213,574,2068,1859,-0.7162,8.5446
5771,192.367,1217,600,2071,1846,-1.0366,3.1318
5772,192.400,1213,574,2069,1859,0.4107,5.4087
5773,192.433,1212,575,2070,1863,1.4253,6.9714
5774,192.467,1213,575,2071,1863,2.0579,7.4997
5775,192.500,1210,577,2072,1865,-1.7646,11.5157
5776,192.533,1209,577,2072,1865,-0.6136,12.6618
5777,192.567,1209,577,2072,1865,-2.3433,12.5028
5778,192.600,1209,575,2072,1865,-0.1393,11.8223
5779,192.633,1209,573,2073,1865,0.8355,12.0314
5780,192.667,1209,574,2072,1865,0.4467,11.2892
5781,192.700,1209,573,2073,1866,-1.2951,11.0018
5782,192.733,1209,573,2073,1866,-1.1414,11.1951
5783,192.767,1213,600,2075,1854,-4.3405,11.5218
5784,192.800,1209,574,2072,1866,0.2173,12.5542
5785,192.833,1209,574,2073,1867,-2.5821,12.2877
5786,192.867,1209,575,2072,1866,-1.4859,11.5541
5787,192.900,1209,575,2072,1866,-0.9553,11.4004
5788,192.933,1208,574,2073,1866,-1.2887,11.3465
5789,192.967,1207,574,2073,1866,-0.4739,10.6604
5790,193.000,1211,601,2075,1854,-0.7046,7.5466
5791,193.033,1211,601,2075,1853,0.1909,8.9287
5792,193.067,1211,601,2075,1853,0.0537,8.7262
5793,193.100,1211,599,2074,1853,0.8739,10.3965
5794,193.133,1211,598,2074,1851,1.1439,9.8786
5795,193.167,1211,600,2073,1852,2.7860,9.3567
5796,193.200,1211,599,2073,1852,1.6561,8.8751
5797,193.233,1209,599,2073,1856,1.1291,9.5031
5798,193.267,1210,599,2073,1856,3.4932,8.7437
5799,193.300,1209,596,2074,1856,2.3709,7.0780
5800,193.333,1209,596,2074,1856,2.7731,7.4008
5801,193.367,1209,595,2073,1856,0.6294,10.1061
5802,193.400,1209,593,2074,1856,0.7625,6.3848
5803,193.433,1209,593,2074,1856,0.8707,7.5842
5804,193.467,1209,592,2074,1857,0.3660,8.9403
5805,193.500,1209,593,2074,1856,0.6057,7.7043
5806,193.533,1209,594,2074,1858,-0.6291,9.7043
5807,193.567,1209,593,2073,1859,-0.9792,6.3099
5808,193.600,1209,594,2073,1859,-2.3012,6.9390
5809,193.633,1209,593,2074,1859,-3.4070,7.2656
5810,193.667,1209,594,2073,1859,-1.6411,7.5151
5811,193.700,1209,594,2074,1860,-0.4619,10.2703
5812,193.733,1209,594,2073,1860,-2.0875,8.2353
5813,193.767,1209,595,2073,1860,-0.2643,9.8454
5814,193.800,1209,594,2074,1860,0.4217,10.4298
5815,193.833,1209,594,2074,1860,0.2908,10.1024
5816,193.867,1209,596,2074,1857,2.2603,8.5556
5817,193.900,1209,596,2074,1858,2.7174,8.1715
5818,193.933,1210,599,2073,1854,0.6961,7.3815
5819,193.967,1209,602,2073,1856,0.8522,3.6373
5820,194.000,1209,603,2073,1854,0.5085,4.1155
5821,194.033,1210,604,2073,1854,2.5752,5.3285
5822,194.067,1210,603,2073,1855,2.0065,2.6751
5823,194.100,1204,578,2071,1868,-0.0531,10.3230
5824,194.133,1210,603,2073,1857,1.9984,2.5928
5825,194.167,1210,603,2073,1856,2.1831,3.4338
5826,194.200,1210,603,2073,1857,2.6174,3.6852
5827,194.233,1210,603,2073,1857,2.8469,4.9672
5828,194.267,1211,603,2073,1857,1.6704,5.1446
5829,194.300,1210,600,2073,1858,1.6893,8.1520
5830,194.333,1210,598,2073,1858,4.0477,4.4535
5831,194.367,1210,598,2074,1861,2.8902,6.3369
5832,194.400,1211,598,2073,1861,4.4705,6.2945
5833,194.433,1211,598,2073,1861,4.2284,6.4594
5834,194.467,1205,574,2072,1877,3.4029,9.7678
5835,194.500,1205,573,2072,1879,2.1580,6.7323
5836,194.533,1206,572,2072,1879,4.4230,7.6198
5837,194.567,1206,573,2073,1880,3.7108,5.5671
5838,194.600,1206,573,2073,1882,4.5029,7.6066
5839,194.633,1206,575,2073,1882,4.4989,7.3670
5840,194.667,1206,575,2073,1882,4.2617,7.2327
5841,194.700,1206,575,2073,1882,3.9388,8.1088
5842,194.733,1206,576,2073,1881,4.0613,8.5812
5843,194.767,1206,576,2074,1880,4.5022,8.5902
5844,194.800,1206,575,2073,1880,3.3951,9.2216
5845,194.833,1206,576,2074,1879,4.5826,10.6224
5846,194.867,1206,576,2074,1878,4.5297,9.5773
5847,194.900,1206,576,2074,1877,3.3353,10.5436
5848,194.933,1206,578,2074,1878,0.9373,10.0099
5849,194.967,1205,578,2075,1880,-0.7218,8.8932
5850,195.000,1206,574,2074,1880,-0.7573,8.8718
5851,195.033,1207,575,2074,1879,0.3643,8.3131
5852,195.067,1208,575,2074,1877,0.0831,8.8233
5853,195.100,1207,575,2073,1878,2.1407,8.0021
5854,195.133,1209,576,2076,1873,0.7879,9.3368
5855,195.167,1211,573,2077,1871,2.9871,7.7782
5856,195.200,1211,574,2077,1869,1.9779,8.3194
5857,195.233,1211,574,2077,1869,2.5378,8.4501
5858,195.267,1211,573,2078,1871,1.3060,6.0707
5859,195.300,1211,573,2078,1870,2.6529,7.7885
5860,195.333,1210,573,2078,1871,3.0182,10.4907
5861,195.367,1210,574,2078,1872,4.2382,10.1227
5862,195.400,1209,571,2078,1871,2.6570,8.3234
5863,195.433,1209,572,2077,1869,4.4178,8.3481
5864,195.467,1209,572,2076,1870,4.0987,8.7480
5865,195.500,1208,570,2076,1866,3.1182,9.6570
5866,195.533,1207,569,2074,1868,4.0579,9.2855
5867,195.567,1207,570,2073,1866,4.1823,7.1134
5868,195.600,1207,570,2073,1866,4.1032,8.7587
5869,195.633,1207,569,2074,1867,5.7675,8.3859
5870,195.667,1206,569,2075,1870,4.6344,8.7120
5871,195.700,1206,569,2076,1874,3.7804,8.9929
5872,195.733,1206,570,2076,1870,2.8433,10.5944
5873,195.767,1206,570,2077,1870,0.9310,10.1747
5874,195.800,1205,571,2078,1871,4.0981,8.2805
5875,195.833,1206,571,2078,1872,4.9118,8.0205
5876,195.867,1205,572,2078,1872,4.7702,8.4877
5877,195.900,1205,572,2078,1873,4.5246,9.2888
5878,195.933,1205,573,2078,1872,5.5899,8.9623
5879,195.967,1206,571,2077,1871,5.2952,8.1814
5880,196.000,1212,593,2078,1858,3.8350,6.4109
5881,196.033,1211,591,2078,1858,2.5293,5.8898
5882,196.067,1211,592,2078,1858,3.3828,6.2551
5883,196.100,1211,593,2078,1857,-0.9943,9.1539
5884,196.133,1211,594,2078,1856,1.0585,7.5375
5885,196.167,1211,594,2078,1856,1.7003,8.0369
5886,196.200,1208,570,2078,1873,1.2572,7.2454
5887,196.233,1209,569,2079,1872,4.5543,8.1007
5888,196.267,1210,568,2079,1872,2.9516,10.6924
5889,196.300,1212,568,2078,1870,0.0659,7.8395
5890,196.333,1210,564,2079,1879,-0.9679,7.4946
5891,196.367,1209,568,2079,1882,1.8024,8.9761
5892,196.400,1210,566,2079,1884,2.7939,8.1363
5893,196.433,1210,570,2080,1888,3.6623,8.5672
5894,196.467,1209,572,2081,1885,3.8331,5.7807
5895,196.500,1209,570,2082,1889,4.3444,8.7614
5896,196.533,1210,578,2085,1899,3.5014,7.5714
5897,196.567,1211,577,2085,1899,2.2516,12.7231
5898,196.600,1211,575,2087,1900,5.2179,11.1861
5899,196.633,1212,573,2086,1901,7.2746,10.5356
5900,196.667,1212,572,2085,1902,7.4270,11.4519
5901,196.700,1213,570,2085,1901,6.2309,10.2967
5902,196.733,1214,566,2085,1900,5.6475,8.5654
5903,196.767,1214,564,2084,1901,6.2560,7.7039
5904,196.800,1213,566,2083,1903,6.5483,7.1858
5905,196.833,1211,567,2083,1902,4.5939,9.4309
5906,196.867,1208,567,2082,1903,7.6682,8.5941
5907,196.900,1209,567,2081,1899,8.0260,8.8175
5908,196.933,1209,566,2080,1898,4.7758,8.5532
5909,196.967,1207,568,2080,1894,7.1861,9.2016
5910,197.000,1207,568,2078,1888,5.5450,7.7092
5911,197.033,1209,566,2080,1892,3.2908,7.2863
5912,197.067,1210,569,2081,1899,8.5207,2.5094
5913,197.100,1212,569,2081,1899,8.5278,0.2733
5914,197.133,1211,601,2081,1886,6.4460,0.2473
5915,197.167,1205,580,2080,1895,-0.4220,-0.9099
5916,197.200,1205,584,2079,1897,-0.0948,5.8296
5917,197.233,1214,569,2080,1891,9.0573,1.7716
5918,197.267,1220,562,2081,1885,2.3337,8.3741
5919,197.300,1219,562,2082,1885,4.2363,8.6861
5920,197.333,1219,562,2083,1888,4.1042,9.5636
5921,197.367,1219,561,2083,1889,5.0658,8.7687
5922,197.400,1218,562,2084,1890,4.7901,8.4684
5923,197.433,1217,566,2083,1890,7.3326,9.2827
5924,197.467,1216,562,2084,1889,7.3141,9.8988
5925,197.500,1213,562,2084,1894,8.4186,9.6243
5926,197.533,1212,560,2081,1893,6.5140,7.9048
5927,197.567,1210,563,2081,1894,8.7517,9.7983
5928,197.600,1211,565,2081,1895,11.9016,8.1797
5929,197.633,1210,563,2081,1895,6.8708,11.3422
5930,197.667,1209,563,2081,1894,4.0139,8.7810
5931,197.700,1209,563,2081,1894,4.3581,10.2334
5932,197.733,1210,563,2082,1892,4.3062,12.4044
5933,197.767,1210,564,2082,1894,3.1994,10.1169
5934,197.800,1210,565,2082,1894,2.9781,10.0145
5935,197.833,1214,566,2083,1887,4.6456,10.5746
5936,197.867,1215,565,2083,1894,3.2610,6.4317
5937,197.900,1215,564,2081,1897,1.8357,7.4403
5938,197.933,1215,563,2082,1897,4.2915,6.9386
5939,197.967,1217,562,2081,1893,6.0124,5.0539
5940,198.000,1219,569,2083,1891,3.7569,6.5128
5941,198.033,1219,567,2084,1893,5.1537,8.6308
5942,198.067,1220,566,2084,1893,4.1310,10.7132
5943,198.100,1220,566,2084,1893,3.8969,9.3843
5944,198.133,1220,566,2084,1894,4.1175,8.7706
5945,198.167,1220,566,2084,1894,3.3889,8.4659
5946,198.200,1220,566,2084,1894,3.3127,8.5556
5947,198.233,1220,565,2084,1894,1.2039,10.5145
5948,198.267,1219,565,2084,1894,3.3998,8.1253
5949,198.300,1219,563,2085,1895,2.6904,10.5825
5950,198.333,1218,563,2086,1895,2.8442,10.5422
5951,198.367,1218,562,2085,1896,4.2663,11.8409
5952,198.400,1219,563,2085,1895,2.1562,9.6887
5953,198.433,1219,566,2085,1894,1.7867,7.4704
5954,198.467,1219,567,2085,1892,3.0015,10.7504
5955,198.500,1219,567,2085,1892,2.8233,11.1233
5956,198.533,1219,568,2086,1889,3.3584,9.9976
5957,198.567,1219,564,2086,1889,1.9619,9.5714
5958,198.600,1220,565,2086,1887,-0.0172,6.0556
5959,198.633,1219,565,2086,1888,1.3906,10.0230
5960,198.667,1219,564,2086,1888,0.2696,9.5380
5961,198.700,1219,560,2086,1889,1.1893,12.5434
5962,198.733,1224,580,2086,1875,-4.1390,11.4332
5963,198.767,1224,580,2086,1875,-4.3896,11.2385
5964,198.800,1224,580,2086,1875,-3.1046,11.7602
5965,198.833,1224,581,2085,1875,-2.9906,11.3357
5966,198.867,1224,580,2085,1875,-3.6556,12.2119
5967,198.900,1224,580,2085,1875,-2.5182,12.0406
5968,198.933,1218,557,2086,1889,1.7437,8.8896
5969,198.967,1219,557,2085,1888,2.2682,11.2419
5970,199.000,1219,561,2084,1889,1.0338,9.4338
5971,199.033,1219,562,2083,1887,2.1873,9.1711
5972,199.067,1219,562,2083,1887,3.4294,9.4059
5973,199.100,1218,562,2083,1887,4.6263,9.6432
5974,199.133,1219,563,2082,1885,5.1816,9.0627
5975,199.167,1219,564,2081,1883,4.4742,9.8512
5976,199.200,1219,563,2081,1883,4.5677,7.3821
5977,199.233,1220,564,2080,1882,4.7126,8.7537
5978,199.267,1219,565,2081,1881,3.7694,9.1690
5979,199.300,1219,562,2079,1882,4.7743,7.1211
5980,199.333,1218,559,2079,1883,4.6868,9.5140
5981,199.367,1217,558,2079,1885,6.2158,10.3498
5982,199.400,1217,557,2080,1887,5.9841,9.8144
5983,199.433,1216,559,2079,1884,5.8077,10.8939
5984,199.467,1215,559,2080,1886,5.9244,9.6659
5985,199.500,1216,561,2080,1887,5.7057,8.7405
5986,199.533,1214,562,2081,1885,4.6907,6.7870
5987,199.567,1214,561,2081,1887,2.7589,6.4051
5988,199.600,1213,562,2081,1891,4.1572,8.0359
5989,199.633,1213,564,2080,1889,3.6727,8.5909
5990,199.667,1213,566,2081,1891,3.3443,5.5018
5991,199.700,1213,566,2081,1891,3.2757,5.7944
5992,199.733,1213,567,2081,1891,2.7989,4.8075
5993,199.767,1213,566,2082,1891,3.4921,4.7988
5994,199.800,1212,566,2082,1892,2.5734,5.1639
5995,199.833,1213,570,2081,1893,4.9169,6.2830
5996,199.867,1214,572,2082,1896,6.2513,5.3638
5997,199.900,1212,573,2083,1899,5.2716,7.9841
5998,199.933,1211,570,2084,1899,4.9748,6.7697
5999,199.967,1211,569,2084,1900,5.1208,8.0858
6000,200.000,1210,571,2083,1900,5.5354,8.0377
6001,200.033,1211,572,2083,1899,6.0258,9.0812
6002,200.067,1211,573,2084,1898,8.2572,7.5792
6003,200.100,1211,571,2083,1899,3.3212,7.5784
6004,200.133,1211,570,2084,1899,2.0265,8.6317
6005,200.167,1213,572,2083,1896,0.5770,7.7633
6006,200.200,1213,571,2084,1896,2.0374,8.7610
6007,200.233,1213,572,2084,1895,0.6064,8.4125
6008,200.267,1213,569,2084,1895,3.6137,7.0782
6009,200.300,1214,569,2084,1894,2.5294,6.0591
6010,200.333,1214,570,2084,1895,2.8768,7.4444
6011,200.367,1215,569,2084,1895,2.8092,7.1196
6012,200.400,1216,569,2084,1895,2.5414,7.3925
6013,200.433,1218,570,2082,1894,2.5625,7.8163
6014,200.467,1216,568,2081,1893,5.0465,1.7201
6015,200.500,1215,570,2081,1894,5.7286,1.2221
6016,200.533,1216,569,2082,1893,4.0235,-2.1613
6017,200.567,1215,571,2082,1894,6.0620,1.3872
6018,200.600,1216,570,2082,1894,3.4903,3.4982
6019,200.633,1217,570,2084,1891,6.3579,4.3431
6020,200.667,1219,570,2084,1891,4.8457,5.5768
6021,200.700,1220,569,2083,1890,1.9031,6.8072
6022,200.733,1221,569,2084,1888,2.8467,9.3047
6023,200.767,1221,571,2083,1889,3.3997,8.4391
6024,200.800,1222,571,2083,1889,2.1131,9.0254
6025,200.833,1222,567,2082,1889,3.8010,7.6956
6026,200.867,1220,568,2083,1891,4.8214,8.5150
6027,200.900,1221,569,2082,1889,2.6497,10.0752
6028,200.933,1222,566,2082,1886,4.4150,11.4035
6029,200.967,1222,565,2082,1884,4.9440,9.5440
6030,201.000,1222,569,2083,1886,1.3470,11.0147
6031,201.033,1222,569,2083,1886,1.3131,10.3397
6032,201.067,1222,567,2083,1885,0.6148,7.8962
6033,201.100,1222,569,2083,1886,0.1679,10.7865
6034,201.133,1222,570,2083,1884,1.7409,11.9893
6035,201.167,1221,571,2084,1885,0.9700,12.0126
6036,201.200,1220,572,2084,1886,1.2768,9.9304
6037,201.233,1218,574,2084,1888,3.9582,9.5853
6038,201.267,1218,573,2085,1889,2.1451,6.8967
6039,201.300,1218,571,2084,1888,2.0833,8.0490
6040,201.333,1218,570,2085,1888,1.2401,9.2430
6041,201.367,1218,570,2084,1888,0.5544,9.4780
6042,201.400,1218,569,2085,1888,-0.7214,8.6072
6043,201.433,1218,568,2084,1886,-1.6637,10.1618
6044,201.467,1218,569,2084,1886,-0.5211,9.6702
6045,201.500,1218,568,2084,1886,-0.7307,9.1660
6046,201.533,1217,569,2083,1886,0.1100,9.2899
6047,201.567,1216,569,2084,1885,2.4750,4.9561
6048,201.600,1216,568,2084,1886,3.0444,5.6762
6049,201.633,1216,568,2083,1886,2.2254,7.9080
6050,201.667,1215,565,2084,1889,2.2633,7.1646
6051,201.700,1215,566,2084,1887,1.5059,8.6387
6052,201.733,1215,567,2083,1887,0.9137,7.7986
6053,201.767,1214,567,2084,1887,3.6470,7.7243
6054,201.800,1214,565,2085,1887,3.5198,8.2979
6055,201.833,1213,568,2085,1891,3.4161,8.5711
6056,201.867,1212,568,2084,1892,4.9108,9.0259
6057,201.900,1212,568,2085,1894,4.1598,8.6777
6058,201.933,1211,568,2085,1895,3.2078,8.6176
6059,201.967,1210,570,2085,1897,4.8694,7.3087
6060,202.000,1210,568,2085,1898,2.0344,8.0313
6061,202.033,1210,567,2085,1896,2.0533,8.5045
6062,202.067,1210,566,2085,1897,4.0876,7.9678
6063,202.100,1209,566,2085,1898,3.8270,8.6671
6064,202.133,1208,567,2085,1898,3.1449,8.0431
6065,202.167,1209,567,2085,1897,2.5370,7.1645
6066,202.200,1209,568,2085,1897,2.3159,8.2238
6067,202.233,1210,567,2085,1894,0.9923,7.7949
6068,202.267,1210,565,2084,1892,2.9319,6.8313
6069,202.300,1212,567,2084,1887,3.1403,9.4183
6070,202.333,1212,569,2082,1886,1.5411,8.7202
6071,202.367,1213,568,2082,1886,1.2861,10.4383
6072,202.400,1213,570,2082,1887,1.5260,6.6356
6073,202.433,1212,570,2082,1888,2.6859,8.8062
6074,202.467,1212,569,2082,1889,2.4745,8.0684
6075,202.500,1212,569,2082,1888,3.2481,8.1432
6076,202.533,1211,568,2083,1888,2.2365,8.3646
6077,202.567,1212,569,2082,1887,4.1345,9.3077
6078,202.600,1212,569,2082,1887,3.7068,8.8961
6079,202.633,1212,568,2083,1890,3.8747,9.2859
6080,202.667,1212,568,2083,1890,4.0151,9.1820
6081,202.700,1213,569,2083,1890,3.5159,9.9828
6082,202.733,1212,568,2083,1891,5.4509,9.8837
6083,202.767,1212,569,2083,1891,4.9988,10.4946
6084,202.800,1211,570,2082,1891,5.2598,11.8321
6085,202.833,1211,568,2083,1891,5.6320,12.3678
6086,202.867,1209,572,2082,1891,4.3741,12.3976
6087,202.900,1207,572,2082,1892,5.2303,12.5061
6088,202.933,1205,581,2081,1892,-1.8346,10.5836
6089,202.967,1205,580,2081,1891,0.3041,11.3224
6090,203.000,1204,580,2083,1894,1.8596,10.7679
6091,203.033,1204,580,2083,1893,1.8009,8.7959
6092,203.067,1204,581,2083,1892,3.3914,8.8487
6093,203.100,1205,580,2082,1892,3.7606,8.7147
6094,203.133,1204,580,2082,1891,2.1264,6.0063
6095,203.167,1205,580,2082,1892,3.3987,8.3918
6096,203.200,1205,580,2082,1893,3.8177,5.8898
6097,203.233,1205,580,2082,1893,3.4490,6.1244
6098,203.267,1205,580,2081,1893,2.6870,6.4239
6099,203.300,1205,578,2081,1894,4.4571,6.2168
6100,203.333,1204,579,2081,1896,4.1840,4.4592
6101,203.367,1204,579,2081,1895,5.3149,3.6615
6102,203.400,1202,580,2080,1899,10.8629,2.5996
6103,203.433,1202,578,2080,1900,11.4182,3.3313
6104,203.467,1203,578,2080,1897,9.2269,2.3340
6105,203.500,1204,579,2080,1898,11.3519,0.0884
6106,203.533,1204,578,2080,1897,11.5360,3.0250
6107,203.567,1204,578,2080,1897,8.7104,3.4949
6108,203.600,1204,578,2080,1896,8.8032,2.8361
6109,203.633,1204,578,2079,1895,8.2726,4.4738
6110,203.667,1205,579,2079,1895,10.7394,2.6012
6111,203.700,1206,581,2078,1894,11.4577,3.3471
6112,203.733,1206,581,2078,1893,11.0237,1.8189
6113,203.767,1206,582,2080,1891,5.5584,4.6826
6114,203.800,1207,581,2080,1887,4.2506,7.1935
6115,203.833,1208,580,2082,1888,1.4359,10.4250
6116,203.867,1209,578,2082,1885,-0.8664,9.0057
6117,203.900,1210,576,2082,1890,0.2881,8.6431
6118,203.933,1210,573,2082,1893,2.8682,10.3476
6119,203.967,1210,574,2082,1894,1.9666,11.2050
6120,204.000,1211,578,2081,1894,-1.3322,10.3403
6121,204.033,1211,580,2081,1893,-0.6988,4.6957
6122,204.067,1211,581,2081,1894,-2.2480,6.5760
6123,204.100,1211,580,2081,1894,-2.0926,4.9782
6124,204.133,1211,581,2081,1893,-2.3100,7.3449
6125,204.167,1212,576,2081,1893,1.0771,4.7635
6126,204.200,1212,577,2082,1893,-1.1901,7.1382
6127,204.233,1212,576,2082,1893,1.2144,4.4174
6128,204.267,1213,574,2081,1893,0.8629,4.5967
6129,204.300,1213,574,2081,1891,-0.1197,4.9777
6130,204.333,1212,574,2081,1892,1.0605,4.7119
6131,204.367,1213,574,2081,1892,-0.6389,4.1344
6132,204.400,1213,574,2081,1893,-0.1659,5.8332
6133,204.433,1213,574,2082,1892,-1.3233,5.7352
6134,204.467,1213,573,2082,1892,-0.4585,3.7532
6135,204.500,1213,574,2082,1891,-3.4524,4.7906
6136,204.533,1213,574,2081,1891,-1.9781,5.6674
6137,204.567,1212,572,2082,1892,-0.2912,5.0116
6138,204.600,1213,572,2082,1892,-2.5484,5.3684
6139,204.633,1213,572,2082,1891,0.3285,5.6069
6140,204.667,1212,572,2082,1892,3.4026,6.6761
6141,204.700,1212,573,2081,1893,3.3116,7.1882
6142,204.733,1212,573,2082,1893,3.1914,7.2356
6143,204.767,1212,573,2082,1892,2.1539,7.3102
6144,204.800,1212,573,2081,1893,3.0359,7.6664
6145,204.833,1212,573,2081,1893,1.9695,7.9396
6146,204.867,1212,572,2081,1893,2.5381,7.9809
6147,204.900,1212,573,2081,1893,1.4948,8.2551
6148,204.933,1212,573,2081,1892,2.3581,6.9260
6149,204.967,1211,572,2080,1888,3.0177,7.2425
6150,205.000,1211,574,2081,1890,2.1183,8.4186
6151,205.033,1214,598,2078,1868,3.7682,0.1138
6152,205.067,1212,599,2077,1869,2.5600,4.5548
6153,205.100,1212,598,2078,1870,5.0316,4.7993
6154,205.133,1212,600,2078,1869,2.8604,4.3462
6155,205.167,1213,599,2076,1867,-0.2206,0.6692
6156,205.200,1213,599,2077,1867,-3.1559,2.3413
6157,205.233,1209,573,2078,1882,-0.4070,3.7948
6158,205.267,1209,574,2078,1881,0.6513,4.9745
6159,205.300,1210,576,2080,1883,2.2035,5.9492
6160,205.333,1209,575,2080,1884,2.6224,5.0443
6161,205.367,1209,575,2080,1884,2.6639,4.1487
6162,205.400,1209,576,2081,1885,3.6283,8.3015
6163,205.433,1209,577,2080,1885,2.0849,7.9574
6164,205.467,1209,576,2080,1884,3.6065,9.7639
6165,205.500,1209,577,2081,1884,-0.0163,9.4730
6166,205.533,1208,578,2081,1883,0.8136,9.6789
6167,205.567,1208,576,2081,1884,1.6657,9.7255
6168,205.600,1208,575,2081,1884,0.9511,9.9254
6169,205.633,1209,576,2081,1884,1.2244,7.7025
6170,205.667,1210,574,2081,1887,-0.3407,10.5684
6171,205.700,1209,574,2082,1895,-0.7382,9.1218
6172,205.733,1210,575,2082,1896,-1.8948,9.1699
6173,205.767,1210,576,2082,1897,-1.4634,9.7966
6174,205.800,1210,576,2083,1899,-1.3864,7.4689
6175,205.833,1209,576,2083,1900,-2.2408,7.7405
6176,205.867,1207,575,2084,1902,0.0428,7.3305
6177,205.900,1207,574,2084,1903,-1.1174,8.2457
6178,205.933,1206,574,2083,1905,0.3423,9.0087
6179,205.967,1206,576,2083,1904,1.2386,9.3585
6180,206.000,1206,575,2083,1900,1.0527,8.7300
6181,206.033,1206,575,2083,1898,0.6601,9.8107
6182,206.067,1206,575,2083,1899,1.1527,7.9955
6183,206.100,1206,576,2083,1897,1.2870,9.1503
6184,206.133,1206,576,2083,1898,-0.4506,12.1360
6185,206.167,1207,576,2081,1897,-0.1995,10.2741
6186,206.200,1206,577,2081,1897,-1.5756,10.8427
6187,206.233,1207,577,2081,1897,-1.3077,9.5110
6188,206.267,1207,578,2080,1896,-1.3561,8.6194
6189,206.300,1206,577,2080,1897,-1.2812,8.1975
6190,206.333,1205,575,2080,1900,-0.0488,9.0370
6191,206.367,1203,572,2082,1901,-2.1142,10.4930
6192,206.400,1201,569,2082,1905,0.0677,9.5681
6193,206.433,1201,570,2083,1908,-3.2687,12.5798
6194,206.467,1201,572,2083,1905,0.6755,8.8823
6195,206.500,1201,569,2082,1904,-2.1908,9.1583
6196,206.533,1200,571,2083,1906,0.6213,8.4361
6197,206.567,1201,574,2082,1905,0.0961,6.1742
6198,206.600,1202,574,2082,1904,0.7299,7.9142
6199,206.633,1202,573,2082,1903,2.1367,6.0511
6200,206.667,1202,578,2080,1902,4.9370,6.3247
6201,206.700,1203,578,2080,1899,2.8472,6.2387
6202,206.733,1203,579,2080,1899,2.6346,5.2440
6203,206.767,1203,578,2080,1898,3.5820,6.4853
6204,206.800,1204,581,2080,1900,7.2771,9.4546
6205,206.833,1203,578,2079,1901,13.6468,7.5257
6206,206.867,1203,579,2079,1901,13.4955,7.7515
6207,206.900,1203,579,2078,1901,14.7182,9.4889
6208,206.933,1202,577,2079,1904,15.2178,9.3950
6209,206.967,1203,575,2078,1903,16.5086,10.4546
6210,207.000,1203,578,2078,1903,14.2649,12.6865
6211,207.033,1203,577,2077,1903,13.7042,12.2669
6212,207.067,1203,577,2077,1903,13.1329,12.1463
6213,207.100,1203,577,2077,1904,13.6289,13.2624
6214,207.133,1203,578,2077,1902,13.8504,13.0205
6215,207.167,1203,576,2077,1902,13.9609,12.2811
6216,207.200,1202,576,2077,1901,14.6261,12.2339
6217,207.233,1202,577,2077,1901,12.0921,10.7380
6218,207.267,1201,575,2079,1901,5.2624,10.7637
6219,207.300,1202,575,2079,1901,5.1248,10.9329
6220,207.333,1202,573,2079,1901,2.3407,11.0212
6221,207.367,1202,574,2079,1900,2.3120,10.0959
6222,207.400,1202,573,2078,1898,1.7597,8.4693
6223,207.433,1203,575,2078,1897,0.1105,9.9724
6224,207.467,1202,577,2078,1898,1.4138,9.2063
6225,207.500,1202,578,2078,1897,1.6556,9.2677
6226,207.533,1205,578,2077,1892,1.4739,4.7248
6227,207.567,1204,574,2073,1892,5.1576,6.1416
6228,207.600,1203,576,2074,1891,1.5815,8.2137
6229,207.633,1203,582,2076,1889,4.1659,5.7703
6230,207.667,1205,579,2076,1891,0.5441,8.4354
6231,207.700,1206,579,2076,1889,1.1001,10.0995
6232,207.733,1205,579,2077,1892,4.7649,11.2597
6233,207.767,1206,578,2077,1891,3.8983,11.4313
6234,207.800,1205,577,2076,1891,3.5400,10.4329
6235,207.833,1204,580,2077,1891,3.1708,9.1731
6236,207.867,1205,581,2077,1890,4.0384,8.5128
6237,207.900,1204,580,2077,1890,3.6950,9.0424
6238,207.933,1204,580,2077,1892,3.5547,8.1408
6239,207.967,1205,580,2078,1890,2.6368,10.9922
6240,208.000,1203,582,2078,1890,3.3024,11.7596
6241,208.033,1203,581,2077,1889,3.8598,11.5709
6242,208.067,1204,576,2077,1889,1.7583,8.7115
6243,208.100,1203,577,2078,1892,4.5759,10.6681
6244,208.133,1202,576,2077,1892,4.2923,10.5863
6245,208.167,1204,572,2075,1890,1.2913,7.1666
6245,208.167,2756,1634,3106,2058,18.9628,-13.8468
6246,208.200,1210,598,2076,1876,1.1712,8.0923
6246,208.200,2753,1629,3105,2057,10.3586,-17.0754
6247,208.233,1209,595,2076,1877,2.1290,7.1123
6247,208.233,2744,1642,3096,2040,27.8446,-16.4991
6248,208.267,1208,595,2075,1879,4.0698,7.7458
6248,208.267,2740,1621,3093,2063,13.4189,-19.6860
6249,208.300,1208,598,2075,1878,3.6932,9.0598
6249,208.300,2734,1615,3092,2063,34.7260,-18.3698
6250,208.333,1209,599,2076,1878,-0.7081,7.6091
6250,208.333,2719,1600,3098,2065,25.6081,-19.1762
6251,208.367,1201,572,2076,1895,1.5157,13.0370
6251,208.367,2706,1595,3105,2067,9.1181,-23.1525
6252,208.400,1202,572,2077,1895,1.7365,12.1303
6252,208.400,2708,1606,3101,2068,39.8672,-22.8695
6253,208.433,1202,571,2079,1896,2.7051,11.0459
6253,208.433,2712,1632,3092,2071,7.6979,-20.2019
6254,208.467,1202,569,2079,1894,2.1724,10.9496
6254,208.467,2711,1624,3099,2072,33.2442,-21.5831
6255,208.500,1209,597,2080,1878,1.3734,9.4881
6255,208.500,2716,1619,3104,2073,12.2687,-21.9114
6256,208.533,1208,596,2080,1878,0.2615,11.1307
6256,208.533,2731,1647,3110,2077,22.0042,-21.8468
6257,208.567,1203,571,2079,1893,-1.6429,12.3554
6257,208.567,2728,1644,3111,2076,25.5576,-20.7953
6258,208.600,1203,570,2079,1893,-2.6555,11.8703
6259,208.633,1209,596,2079,1876,-3.0208,11.0846
6260,208.667,1210,595,2078,1875,-2.4121,11.5616
6261,208.700,1204,571,2077,1888,-3.3900,12.6798
6262,208.733,1205,573,2077,1888,-1.7427,9.4433
6263,208.767,1205,573,2076,1887,-3.5095,7.5911
6264,208.800,1210,596,2075,1870,-1.1124,6.0022
6265,208.833,1210,595,2074,1869,-0.4705,6.4203
6266,208.867,1210,594,2073,1870,1.1991,4.0774
6267,208.900,1209,599,2077,1869,-0.6383,5.4861
6268,208.933,1210,598,2077,1872,-0.7390,10.1251
6269,208.967,1210,598,2077,1872,-1.7340,10.0244
6270,209.000,1210,598,2079,1874,-1.5841,10.6993
6271,209.033,1204,571,2077,1889,-3.3925,11.2759
6272,209.067,1204,572,2077,1889,-1.0239,11.6988
6273,209.100,1204,571,2076,1888,-3.6252,11.2357
6274,209.133,1205,574,2076,1886,-1.9384,9.7067
6275,209.167,1206,574,2076,1886,0.0238,10.5522
6276,209.200,1206,574,2076,1885,-0.7157,9.8645
6277,209.233,1207,574,2076,1886,0.0918,11.1930
6278,209.267,1207,574,2076,1886,0.7212,9.2269
6279,209.300,1206,573,2077,1889,-1.1326,9.6191
6280,209.333,1206,574,2077,1886,-0.3588,11.4839
6281,209.367,1205,572,2077,1888,0.5673,9.9977
6282,209.400,1205,573,2078,1889,0.2137,10.3849
6283,209.433,1204,574,2078,1891,-3.5841,10.7349
6284,209.467,1204,573,2079,1891,1.3829,9.3614
6285,209.500,1203,573,2081,1895,-0.9700,7.9281
6286,209.533,1206,580,2075,1888,-1.0087,10.1095
6287,209.567,1204,578,2076,1889,2.2416,7.1152
6288,209.600,1211,601,2074,1878,2.6057,8.5490
6289,209.633,1211,601,2074,1878,0.2453,9.2651
6290,209.667,1210,601,2073,1879,0.6123,8.8093
6291,209.700,1204,578,2075,1889,-1.5432,5.4106
6292,209.733,1207,580,2077,1892,-1.2422,10.9118
6293,209.767,1207,580,2077,1892,-0.9437,8.4709
6294,209.800,1207,580,2078,1893,-3.2753,7.4574
6295,209.833,1207,580,2079,1893,-3.5934,9.3224
6296,209.867,1207,579,2079,1894,0.2165,9.1156
6297,209.900,1207,579,2079,1894,0.3105,8.3660
6298,209.933,1207,580,2079,1892,0.1198,6.7231
6299,209.967,1206,580,2079,1893,-0.4383,7.8551
6300,210.000,1206,583,2080,1893,2.0210,11.5620
6301,210.033,1206,585,2080,1892,-3.0501,13.6644
6302,210.067,1206,587,2079,1889,-2.2086,11.2408
6303,210.100,1206,587,2079,1890,-3.2121,12.2136
6304,210.133,1206,586,2080,1890,-2.2694,11.9993
6305,210.167,1207,586,2080,1890,-2.1843,12.3790
6306,210.200,1207,586,2080,1889,-2.2818,13.1973
6307,210.233,1207,586,2080,1889,-2.8566,13.3543
6308,210.267,1207,585,2080,1890,-1.8799,13.5241
6309,210.300,1206,585,2080,1890,-4.1264,13.4922
6310,210.333,1206,586,2080,1890,-4.0003,12.7120
6311,210.367,1207,588,2080,1889,-4.6658,12.2233
6312,210.400,1207,587,2081,1890,-2.7750,12.0222
6313,210.433,1208,590,2080,1889,-4.2543,11.8685
6314,210.467,1208,590,2079,1888,-4.2989,13.8444
6315,210.500,1208,590,2080,1888,-3.7534,11.7604
6316,210.533,1209,588,2079,1887,-7.2357,13.6234
6317,210.567,1209,589,2080,1887,-4.3838,12.3853
6318,210.600,1208,588,2080,1888,-4.3488,13.1709
6319,210.633,1208,587,2080,1888,0.4056,14.1118
6320,210.667,1208,589,2080,1889,0.5476,9.4218
6321,210.700,1208,587,2080,1888,-0.0922,12.5681
6322,210.733,1208,587,2080,1887,2.0108,12.1696
6323,210.767,1207,586,2081,1889,1.1841,11.4568
6324,210.800,1207,586,2080,1888,0.3054,11.7115
6325,210.833,1207,581,2079,1888,2.1076,12.1650
6326,210.867,1207,582,2079,1887,3.2587,11.5651
6327,210.900,1207,581,2078,1887,2.9696,9.6287
6328,210.933,1207,580,2079,1889,2.8394,11.5809
6329,210.967,1207,581,2079,1888,2.3572,10.5582
6330,211.000,1207,578,2078,1886,2.5135,10.5732
6331,211.033,1208,579,2078,1886,2.1965,10.7000
6332,211.067,1208,580,2078,1888,0.8992,9.9121
6333,211.100,1208,580,2078,1888,0.7953,10.1838
6334,211.133,1208,580,2078,1889,1.0719,8.3469
6335,211.167,1206,580,2079,1889,3.3796,10.7157
6336,211.200,1206,582,2079,1888,6.1972,10.2271
6337,211.233,1207,582,2078,1884,6.7871,11.3960
6338,211.267,1207,582,2078,1886,8.4782,9.7274
6339,211.300,1207,581,2078,1884,6.9899,9.8870
6340,211.333,1206,581,2078,1886,10.6577,9.0142
6341,211.367,1205,578,2078,1886,9.6591,8.3455
6342,211.400,1205,578,2078,1886,9.9131,7.9137
6343,211.433,1205,581,2079,1887,9.5865,9.4354
6344,211.467,1205,579,2079,1887,8.4103,9.6990
6345,211.500,1205,581,2079,1888,10.5931,9.2899
6346,211.533,1206,582,2079,1887,9.9714,10.6392
6347,211.567,1205,580,2078,1886,10.1487,10.6805
6348,211.600,1205,581,2079,1888,12.0510,12.4477
6349,211.633,1204,579,2079,1888,12.1059,11.2235
6350,211.667,1205,576,2079,1888,4.7596,10.0202
6351,211.700,1203,575,2079,1887,5.4603,10.2675
6352,211.733,1203,574,2079,1887,4.2266,12.2573
6353,211.767,1203,574,2079,1887,3.6676,11.0417
6354,211.800,1202,572,2080,1889,2.1230,10.2736
6355,211.833,1203,576,2080,1892,3.3318,10.3887
6356,211.867,1204,577,2080,1894,5.5805,10.7852
6357,211.900,1203,577,2079,1898,3.2833,9.8652
6358,211.933,1202,578,2079,1900,5.8333,6.8618
6359,211.967,1203,578,2079,1899,7.0706,9.3465
6360,212.000,1200,578,2079,1901,8.8781,10.8504
6361,212.033,1200,578,2079,1900,7.1873,12.6087
6362,212.067,1199,578,2079,1901,8.4004,10.6064
6363,212.100,1200,578,2079,1902,7.9384,11.8681
6364,212.133,1199,577,2079,1902,6.2536,10.0371
6365,212.167,1200,578,2080,1902,8.0600,11.3378
6366,212.200,1199,578,2080,1903,9.0614,9.4291
6367,212.233,1200,577,2080,1904,8.1435,10.4919
6368,212.267,1199,575,2080,1907,10.0294,11.3435
6369,212.300,1198,573,2081,1904,8.8543,10.2844
6370,212.333,1198,573,2080,1903,11.2141,10.2693
6371,212.367,1198,573,2080,1902,10.4989,8.8553
6372,212.400,1198,573,2080,1902,10.9554,8.5408
6373,212.433,1198,573,2081,1903,10.3189,8.8386
6374,212.467,1198,573,2081,1903,10.6874,8.5282
6375,212.500,1198,574,2081,1904,9.1268,9.0373
6376,212.533,1207,600,2083,1889,0.5365,11.1648
6377,212.567,1200,573,2081,1902,-1.7786,13.7461
6378,212.600,1201,574,2081,1901,-5.7345,13.5006
6379,212.633,1200,574,2081,1901,-4.1648,13.5478
6380,212.667,1201,575,2081,1899,-5.6147,11.8697
6381,212.700,1201,573,2080,1901,-5.3976,13.8420
6382,212.733,1200,572,2081,1902,-0.7714,11.5667
6383,212.767,1200,572,2081,1902,-0.6448,11.8876
6384,212.800,1200,572,2080,1904,-2.0222,12.4091
6385,212.833,1201,572,2080,1905,-0.7762,12.7582
6386,212.867,1201,571,2081,1905,-1.9347,13.8741
6387,212.900,1201,571,2081,1905,-1.7442,13.5979
6388,212.933,1201,571,2081,1907,-2.9181,14.5002
6389,212.967,1201,571,2081,1908,-2.3880,14.3760
6390,213.000,1201,569,2080,1906,-4.4707,12.2530
6391,213.033,1203,571,2079,1906,-5.1931,15.7486
6392,213.067,1202,571,2079,1907,-4.8215,14.7937
6393,213.100,1203,572,2079,1904,-7.2223,15.3946
6394,213.133,1203,573,2079,1905,-7.4479,13.6879
6395,213.167,1203,575,2079,1905,-6.9656,13.7949
6396,213.200,1203,575,2079,1904,-7.5687,13.6278
6397,213.233,1203,576,2079,1904,-9.9531,13.7967
6398,213.267,1203,575,2080,1904,-9.6477,13.5610
6399,213.300,1202,575,2079,1905,-9.0823,11.6858
6400,213.333,1203,576,2079,1904,-9.5980,12.9854
6401,213.367,1202,575,2079,1905,-8.8456,11.7982
6402,213.400,1202,575,2080,1905,-8.7459,11.0946
6403,213.433,1202,575,2080,1906,-8.9865,13.0586
6404,213.467,1202,575,2080,1906,-9.0329,13.0509
6405,213.500,1202,575,2080,1906,-9.1237,13.0412
6406,213.533,1202,573,2080,1906,-6.6223,14.5919
6407,213.567,1202,573,2080,1905,-3.9657,15.3385
6408,213.600,1202,573,2080,1906,-3.7705,13.6902
6409,213.633,1202,573,2080,1905,-3.9893,14.7289
6410,213.667,1202,573,2081,1904,-6.3027,14.5572
6411,213.700,1201,575,2082,1907,-7.7110,13.3199
6412,213.733,1202,577,2082,1903,-5.0611,14.1522
6413,213.767,1203,579,2081,1894,-2.2743,12.8192
6414,213.800,1204,580,2081,1894,-4.1169,13.2559
6415,213.833,1203,578,2082,1895,-6.0219,11.8537
6416,213.867,1203,578,2082,1896,-5.0396,12.0806
6417,213.900,1203,578,2082,1896,-5.4024,11.8703
6418,213.933,1203,578,2081,1894,-6.2452,10.9579
6419,213.967,1203,579,2081,1894,8.8258,7.3015
6420,214.000,1204,577,2079,1893,8.1919,7.8452
6421,214.033,1204,576,2079,1893,12.4436,8.2043
6422,214.067,1203,573,2080,1896,10.2117,7.5835
6423,214.100,1203,573,2080,1897,10.0115,8.3307
6424,214.133,1203,571,2081,1899,13.1056,8.0000
6425,214.167,1203,571,2081,1898,13.0340,8.5173
6426,214.200,1203,572,2081,1897,12.4737,8.6235
6427,214.233,1203,572,2081,1896,11.4192,9.6718
6428,214.267,1203,573,2081,1896,10.5165,7.0698
6429,214.300,1203,572,2080,1897,12.6762,9.0596
6430,214.333,1202,572,2081,1897,11.0908,7.1674
6431,214.367,1202,573,2081,1896,11.9724,7.2098
6432,214.400,1201,573,2081,1897,10.1860,6.0347
6433,214.433,1201,576,2081,1897,10.2012,9.7219
6434,214.467,1200,574,2081,1898,10.6284,8.3998
6435,214.500,1200,574,2081,1897,10.1274,8.9809
6436,214.533,1200,575,2081,1898,10.7063,7.2904
6437,214.567,1199,575,2081,1901,11.5346,7.3753
6438,214.600,1200,575,2081,1900,11.6593,7.6834
6439,214.633,1199,575,2081,1900,11.6542,7.5421
6440,214.667,1199,574,2081,1900,10.6869,8.7020
6441,214.700,1199,574,2081,1901,10.2921,7.3463
6442,214.733,1199,575,2081,1900,11.5758,7.5724
6443,214.767,1199,575,2081,1900,11.5357,7.7774
6444,214.800,1199,576,2081,1901,9.6247,7.7436
6445,214.833,1200,576,2081,1901,10.6165,9.1214
6446,214.867,1199,575,2082,1902,13.0118,10.8098
6447,214.900,1199,576,2081,1902,9.8887,6.7420
6448,214.933,1199,575,2081,1905,12.8514,6.5699
6449,214.967,1199,576,2080,1903,9.7385,5.3591
6450,215.000,1200,580,2081,1905,9.7457,5.0275
6451,215.033,1199,578,2081,1906,11.0064,8.1642
6452,215.067,1200,578,2081,1905,10.8558,6.2362
6453,215.100,1199,578,2081,1905,11.6008,7.1134
6454,215.133,1199,578,2081,1905,11.2075,7.7986
6455,215.167,1198,577,2081,1906,9.7950,6.4014
6456,215.200,1198,577,2082,1905,8.8132,6.6149
6457,215.233,1197,580,2082,1907,8.6910,10.3306
6458,215.267,1197,579,2082,1906,9.3428,8.8969
6459,215.300,1196,579,2082,1908,8.5645,9.2393
6460,215.333,1197,579,2082,1908,8.6780,9.6672
6461,215.367,1196,581,2082,1908,9.0991,6.8642
6462,215.400,1197,580,2084,1908,9.2622,10.8165
6463,215.433,1206,606,2085,1892,5.3461,9.9867
6464,215.467,1206,607,2084,1893,4.8390,6.2660
6465,215.500,1207,608,2084,1892,-0.0873,7.9405
6466,215.533,1200,580,2084,1908,-2.4358,7.0676
6467,215.567,1198,576,2084,1910,-1.2671,5.7848
6468,215.600,1198,576,2085,1914,-1.7257,4.7844
6469,215.633,1198,576,2085,1916,-2.0163,7.8895
6470,215.667,1199,576,2085,1916,-0.8171,6.6699
6471,215.700,1197,575,2085,1917,-0.0879,4.7290
6472,215.733,1197,575,2086,1919,-0.2137,3.6635
6473,215.767,1196,576,2086,1920,-1.3717,5.2639
6474,215.800,1196,575,2085,1919,0.6159,1.9606
6475,215.833,1196,575,2084,1920,3.1749,3.6348
6476,215.867,1196,575,2085,1920,0.2650,5.2269
6477,215.900,1195,576,2084,1921,1.6585,5.2267
6478,215.933,1196,577,2084,1921,1.3975,5.7636
6479,215.967,1196,578,2084,1919,2.1771,4.9030
6480,216.000,1196,574,2084,1920,1.1599,3.0597
6481,216.033,1197,573,2084,1920,3.8115,8.4034
6482,216.067,1196,574,2085,1920,2.2546,8.4309
6483,216.100,1196,575,2085,1919,5.5232,8.6609
6484,216.133,1197,576,2084,1917,5.0668,10.6008
6485,216.167,1196,576,2083,1917,4.8308,9.4056
6486,216.200,1196,576,2083,1917,4.7978,9.5855
6487,216.233,1196,575,2083,1917,5.5893,8.2551
6488,216.267,1196,576,2083,1917,5.9768,9.0202
6489,216.300,1196,577,2083,1916,4.2315,8.7516
6490,216.333,1197,575,2083,1916,4.7752,8.7256
6491,216.367,1196,575,2083,1917,5.3418,8.6250
6492,216.400,1196,575,2082,1917,4.9187,8.5553
6493,216.433,1197,575,2082,1916,5.2072,8.2005
6494,216.467,1197,574,2082,1915,5.1922,13.0247
6495,216.500,1197,573,2082,1915,6.0256,11.7680
6496,216.533,1198,573,2083,1913,2.4727,11.4480
6497,216.567,1197,572,2083,1913,2.6925,9.0323
6498,216.600,1198,571,2083,1913,4.9898,9.0276
6499,216.633,1198,572,2083,1913,2.7037,9.1555
6500,216.667,1198,573,2083,1912,1.7248,9.1748
6501,216.700,1198,572,2082,1912,4.6748,9.0182
6502,216.733,1198,573,2083,1913,1.0353,10.4183
6503,216.767,1198,572,2082,1913,3.2991,9.0213
6504,216.800,1199,573,2082,1915,1.7588,10.5305
6505,216.833,1198,572,2082,1917,2.3764,8.4014
6506,216.867,1199,572,2082,1917,2.2522,5.9793
6507,216.900,1199,572,2082,1916,0.4664,7.8674
6508,216.933,1199,573,2082,1916,-1.4890,7.3094
6509,216.967,1199,574,2082,1915,1.9626,5.4217
6510,217.000,1198,575,2083,1916,1.0598,7.6337
6511,217.033,1199,576,2083,1915,0.5826,7.5167
6512,217.067,1199,576,2083,1915,-5.3855,7.1167
6513,217.100,1199,575,2083,1914,-5.1869,8.6797
6514,217.133,1199,575,2084,1913,-4.5833,7.9552
6515,217.167,1200,573,2083,1911,-2.3207,8.2710
6516,217.200,1201,573,2082,1910,-3.5824,10.0912
6517,217.233,1201,573,2081,1908,-3.1887,8.7531
6518,217.267,1201,573,2081,1907,-3.4616,8.4334
6519,217.300,1202,576,2080,1907,-3.6314,10.0997
6520,217.333,1201,582,2080,1907,-3.7316,7.3156
6521,217.367,1203,585,2082,1901,-1.2424,10.6591
6522,217.400,1204,581,2082,1900,-2.5511,8.7207
6523,217.433,1205,578,2082,1897,-5.1182,11.4524
6524,217.467,1206,586,2080,1893,-4.5611,11.4627
6525,217.500,1207,591,2079,1890,-4.9220,12.3437
6526,217.533,1207,593,2079,1893,-5.4664,10.6590
6527,217.567,1207,589,2079,1895,-3.3254,10.9858
6528,217.600,1206,590,2080,1896,-4.0981,9.7202
6529,217.633,1207,590,2079,1896,-3.2937,9.0936
6530,217.667,1207,588,2080,1896,-0.9238,10.3752
6531,217.700,1207,588,2080,1896,-0.3180,11.3253
6532,217.733,1207,588,2080,1896,0.1613,11.2122
6533,217.767,1207,586,2080,1898,-0.1514,8.6172
6534,217.800,1207,586,2080,1898,0.4245,8.4914
6535,217.833,1207,586,2080,1897,1.1672,9.3786
6536,217.867,1207,586,2081,1898,2.7564,9.6329
6537,217.900,1206,586,2081,1898,3.3881,8.8779
6538,217.933,1206,585,2081,1899,3.6555,8.8067
6539,217.967,1206,584,2081,1899,4.8599,7.2893
6540,218.000,1206,589,2081,1901,2.3381,8.0094
6541,218.033,1206,589,2080,1900,3.2540,9.6641
6542,218.067,1206,589,2080,1900,3.1634,10.0108
6543,218.100,1206,589,2080,1900,3.8388,9.2513
6544,218.133,1206,589,2080,1900,5.6801,9.2986
6545,218.167,1205,588,2081,1901,4.8907,7.9819
6546,218.200,1205,589,2081,1903,5.2405,8.2119
6547,218.233,1205,590,2080,1899,6.2719,7.1092
6548,218.267,1204,588,2080,1901,5.1657,6.0251
6549,218.300,1205,585,2081,1904,4.9308,8.1463
6550,218.333,1205,584,2081,1905,6.0301,7.3846
6551,218.367,1205,582,2081,1906,8.1303,6.9246
6552,218.400,1205,585,2080,1906,6.8804,8.0095
6553,218.433,1205,586,2081,1905,6.3500,8.9903
6554,218.467,1205,585,2081,1905,7.2805,7.3493
6555,218.500,1205,585,2081,1906,7.4314,8.5655
6556,218.533,1206,585,2081,1906,6.0676,7.1647
6557,218.567,1206,586,2082,1905,4.1596,9.0567
6558,218.600,1207,586,2082,1906,3.4627,9.9221
6559,218.633,1207,587,2081,1905,0.6571,8.9927
6560,218.667,1207,586,2081,1906,-0.2061,8.3557
6561,218.700,1207,585,2081,1906,1.4500,8.1610
6562,218.733,1207,585,2081,1905,-0.1100,8.4139
6563,218.767,1207,584,2081,1904,1.5087,8.7489
6564,218.800,1207,585,2081,1903,0.6711,8.2859
6565,218.833,1206,586,2081,1904,8.9158,8.4404
6566,218.867,1206,587,2082,1905,7.8319,7.9257
6567,218.900,1206,587,2081,1903,8.2760,7.6982
6568,218.933,1206,588,2081,1904,9.2370,7.3649
6569,218.967,1205,589,2082,1904,10.0686,6.5941
6570,219.000,1205,588,2082,1905,7.3060,8.8689
6571,219.033,1205,589,2081,1905,2.9143,7.1138
6572,219.067,1205,589,2081,1906,3.5141,6.8312
6573,219.100,1205,589,2081,1906,2.3926,7.1309
6574,219.133,1206,587,2081,1905,2.3844,7.4300
6575,219.167,1206,588,2081,1906,1.2959,7.8017
6576,219.200,1206,588,2081,1906,1.3493,7.5258
6577,219.233,1206,587,2081,1906,3.0947,6.9586
6578,219.267,1205,586,2081,1907,1.3164,6.3705
6579,219.300,1206,586,2081,1907,4.0000,7.2256
6580,219.333,1206,586,2081,1907,5.0020,7.3300
6581,219.367,1206,586,2081,1907,5.7072,7.4421
6582,219.400,1206,585,2080,1906,6.6235,5.2301
6583,219.433,1206,585,2080,1907,6.6083,5.2449
6584,219.467,1206,586,2081,1907,6.4469,6.8015
6585,219.500,1206,586,2081,1907,6.5310,6.5946
6586,219.533,1206,586,2080,1906,4.9862,6.3752
6587,219.567,1206,587,2080,1906,5.7876,6.1797
6588,219.600,1206,588,2080,1907,8.3723,6.4308
6589,219.633,1206,589,2080,1907,11.1823,6.9508
6590,219.667,1206,590,2080,1908,12.2543,3.4957
6591,219.700,1205,589,2080,1909,12.3622,4.3897
6592,219.733,1205,589,2080,1908,12.4504,4.9381
6593,219.767,1205,590,2080,1908,12.6190,4.1384
6594,219.800,1205,589,2080,1907,12.5303,1.5386
6595,219.833,1205,588,2080,1906,10.8239,1.3628
6596,219.867,1205,588,2080,1906,11.8053,1.1878
6597,219.900,1204,589,2080,1906,13.0386,5.3362
6598,219.933,1205,586,2081,1905,12.4796,2.9597
6599,219.967,1205,586,2080,1904,11.9088,3.3801
6600,220.000,1205,583,2080,1901,12.3478,8.4432
6601,220.033,1205,582,2080,1901,9.9794,7.3162
6602,220.067,1206,582,2080,1901,8.9749,5.6776
6603,220.100,1206,581,2080,1901,9.3745,4.7920
6604,220.133,1206,579,2080,1901,6.2891,7.8149
6605,220.167,1205,579,2080,1900,4.4685,8.1049
6606,220.200,1205,580,2080,1900,5.4964,6.7589
6607,220.233,1205,579,2079,1899,3.4603,6.8670
6608,220.267,1205,580,2080,1898,4.7014,8.8353
6609,220.300,1207,580,2079,1897,2.2982,9.0264
6610,220.333,1207,580,2080,1897,2.0827,9.5566
6611,220.367,1207,578,2080,1898,2.3870,9.3908
6612,220.400,1208,578,2080,1898,2.7120,8.0349
6613,220.433,1208,578,2080,1899,3.3592,8.6836
6614,220.467,1208,578,2080,1899,3.1570,8.6839
6615,220.500,1207,578,2080,1899,2.8519,8.8225
6616,220.533,1208,578,2080,1898,3.7583,8.8749
6617,220.567,1208,577,2080,1898,3.6088,10.5997
6618,220.600,1208,577,2080,1898,3.2857,10.0770
6619,220.633,1208,577,2080,1898,3.2245,10.3352
6620,220.667,1208,577,2080,1898,3.2122,9.5374
6621,220.700,1207,576,2081,1900,2.3830,10.1636
6622,220.733,1207,576,2081,1900,1.9284,10.1522
6623,220.767,1207,576,2082,1899,3.1666,10.2349
6624,220.800,1207,576,2082,1900,2.8109,10.3933
6625,220.833,1207,575,2083,1900,5.4001,10.9767
6626,220.867,1207,576,2083,1900,4.3981,11.1340
6627,220.900,1207,576,2083,1901,4.7994,11.0319
6628,220.933,1207,576,2082,1900,4.5925,9.8688
6629,220.967,1207,576,2082,1900,4.7318,9.8965
6630,221.000,1208,578,2081,1893,4.5012,7.8709
6631,221.033,1208,578,2082,1893,4.2041,7.5267
6632,221.067,1208,579,2082,1893,2.5411,9.2414
6633,221.100,1208,579,2082,1892,4.3885,9.5809
6634,221.133,1207,581,2081,1892,4.0218,9.8382
6635,221.167,1207,579,2082,1893,4.1778,10.0095
6636,221.200,1207,579,2082,1893,3.9074,9.9402
6637,221.233,1207,579,2082,1893,3.9796,9.9275
6638,221.267,1207,578,2082,1892,4.1086,7.5540
6639,221.300,1207,578,2081,1891,5.2736,7.5489
6640,221.333,1207,578,2082,1891,4.1037,8.0739
6641,221.367,1207,578,2081,1891,5.2239,7.4434
6642,221.400,1207,578,2081,1890,3.5511,9.0120
6643,221.433,1208,578,2081,1889,3.3328,9.1848
6644,221.467,1208,578,2081,1890,2.2997,9.5723
6645,221.500,1208,578,2081,1890,2.2033,9.5049
6646,221.533,1208,577,2081,1891,2.4933,9.6736
6647,221.567,1207,577,2082,1890,1.3245,8.0439
6648,221.600,1208,579,2082,1889,1.7692,9.7043
6649,221.633,1208,579,2082,1889,1.8959,9.7810
6650,221.667,1208,579,2082,1888,0.6524,7.7818
6651,221.700,1208,581,2083,1889,-0.0715,7.2272
6652,221.733,1209,581,2082,1886,0.4771,9.4107
6653,221.767,1209,581,2082,1887,1.3382,9.3313
6654,221.800,1210,582,2081,1888,1.2161,8.9018
6655,221.833,1210,582,2081,1888,0.4685,8.7977
6656,221.867,1210,582,2081,1887,0.1678,10.4790
6657,221.900,1210,582,2081,1888,0.8041,8.9187
6658,221.933,1210,582,2081,1888,2.0688,8.5616
6659,221.967,1209,582,2081,1889,1.6427,8.9676
6660,222.000,1209,581,2082,1889,4.1213,9.6052
6661,222.033,1209,583,2083,1889,5.0726,10.2185
6662,222.067,1210,583,2082,1889,6.2641,9.2809
6663,222.100,1209,583,2082,1889,5.5653,9.9608
6664,222.133,1210,583,2082,1889,6.2642,10.2456
6665,222.167,1209,582,2083,1892,3.9029,9.8264
6666,222.200,1209,583,2083,1892,4.8124,9.9236
6667,222.233,1209,581,2083,1893,4.2054,8.8873
6668,222.267,1209,582,2083,1893,3.4504,7.5985
6669,222.300,1209,581,2083,1892,4.1693,9.0124
6670,222.333,1209,581,2083,1892,4.0322,9.0559
6671,222.367,1209,580,2083,1892,2.5213,9.3739
6672,222.400,1209,579,2083,1891,4.2215,9.0813
6673,222.433,1209,579,2083,1891,3.8324,9.3210
6674,222.467,1209,579,2083,1891,3.8379,9.6686
6675,222.500,1209,579,2083,1891,3.6365,9.5155
6676,222.533,1209,579,2082,1891,3.3665,10.7732
6677,222.567,1210,581,2081,1889,3.1503,9.2818
6678,222.600,1210,581,2081,1889,3.2616,10.2247
6679,222.633,1211,582,2080,1889,2.1285,7.2299
6680,222.667,1211,582,2080,1889,2.5190,7.5653
6681,222.700,1211,582,2080,1889,2.0249,8.2656
6682,222.733,1211,582,2080,1890,1.4263,7.7511
6683,222.767,1210,581,2080,1890,1.1216,9.3117
6684,222.800,1210,581,2080,1890,1.9693,9.6047
6685,222.833,1210,580,2081,1892,2.4921,9.4438
6686,222.867,1210,581,2081,1892,3.7750,8.9279
6687,222.900,1210,581,2081,1892,4.2142,8.7058
6688,222.933,1210,580,2081,1892,2.8552,8.8466
6689,222.967,1210,579,2082,1894,3.0816,9.6542
6690,223.000,1209,582,2082,1896,1.5603,6.9370
6691,223.033,1210,582,2082,1895,1.3180,7.4558
6692,223.067,1210,582,2082,1895,2.0400,7.0527
6693,223.100,1210,582,2082,1894,1.2052,8.9697
6694,223.133,1210,581,2082,1893,0.8879,9.3244
6695,223.167,1209,582,2082,1894,1.9642,7.4208
6696,223.200,1209,581,2083,1892,1.6650,12.3998
6697,223.233,1208,581,2083,1892,2.3282,11.6689
6698,223.267,1208,583,2083,1893,4.0495,12.4300
6699,223.300,1207,585,2083,1898,5.2117,11.3705
6700,223.333,1204,583,2083,1899,5.4895,10.5040
6701,223.367,1202,584,2083,1897,4.8885,11.8885
6702,223.400,1202,583,2082,1896,4.3148,11.4941
6703,223.433,1201,577,2082,1893,5.2918,10.5592
6704,223.467,1201,577,2081,1888,5.8596,8.9191
6705,223.500,1207,596,2083,1876,4.3268,10.6055
6706,223.533,1205,591,2082,1878,5.5639,8.3408
6707,223.567,1204,586,2082,1878,7.7567,12.1904
6708,223.600,1204,577,2083,1872,6.4186,9.1549
6709,223.633,1204,576,2082,1874,4.7139,9.3854
6710,223.667,1209,569,2079,1858,2.1109,7.3288
6711,223.700,1209,573,2079,1854,3.2494,8.1749
6712,223.733,1209,570,2081,1844,5.2805,6.0804
6713,223.767,1208,562,2080,1840,3.9019,7.3080
6714,223.800,1204,557,2082,1843,0.4654,8.4086
6715,223.833,1203,568,2084,1845,1.7914,7.5779
6716,223.867,1200,546,2082,1844,4.1461,8.7606
6717,223.900,1199,541,2087,1847,2.7500,9.3627
6718,223.933,1199,538,2088,1853,3.5629,7.9415
6719,223.967,1198,533,2093,1862,0.9485,9.3071
6720,224.000,1199,533,2093,1866,1.2122,6.8581
6721,224.033,1204,531,2090,1867,1.9451,7.7035
6722,224.067,1201,531,2092,1879,3.5607,8.7060
6723,224.100,1199,533,2091,1877,0.9352,6.0476
6724,224.133,1194,524,2092,1891,1.9144,5.8332
6725,224.167,1187,534,2090,1902,2.0448,4.5491
6726,224.200,1187,529,2088,1906,2.4520,3.5824
6727,224.233,1181,536,2082,1901,4.4267,3.4468
6728,224.267,1176,516,2072,1905,3.7373,2.9352
6729,224.300,1176,537,2072,1905,1.7672,1.9906
6730,224.333,1166,545,2074,1909,2.0550,9.5111
6731,224.367,1156,561,2066,1939,9.5445,-1.0282
6732,224.400,1154,565,2069,1943,6.2522,3.5078
6733,224.433,1153,564,2063,1924,3.5777,5.9804
6734,224.467,1154,580,2063,1915,2.6280,0.0062
6735,224.500,1155,581,2065,1923,3.7013,-0.5836
6736,224.533,1161,568,2069,1907,4.7456,-2.8352
6737,224.567,1172,554,2072,1909,2.1623,0.7472
6738,224.600,1176,553,2069,1894,5.1519,1.7972
6739,224.633,1187,544,2075,1909,4.3877,1.4447
6740,224.667,1195,555,2077,1913,3.0676,4.9846
6741,224.700,1195,574,2077,1909,3.9391,3.0025
6742,224.733,1196,576,2080,1911,2.9793,6.0258
6743,224.767,1197,581,2081,1908,6.2739,7.6916
6744,224.800,1197,577,2081,1910,5.0231,6.8953
6745,224.833,1199,581,2082,1900,3.1615,5.7180
6746,224.867,1198,575,2084,1898,5.0000,2.1624
6747,224.900,1198,576,2084,1895,5.5799,3.1903
6748,224.933,1198,578,2082,1893,6.4955,1.2385
6749,224.967,1198,575,2082,1891,4.5405,3.2174
6750,225.000,1199,566,2080,1893,6.3718,-0.1437
6751,225.033,1200,578,2081,1884,7.1703,3.7063
6752,225.067,1200,580,2082,1881,9.0624,1.1801
6753,225.100,1202,578,2081,1877,7.0265,-0.5670
6754,225.133,1206,573,2083,1877,8.1570,2.4621
6755,225.167,1210,578,2084,1860,3.6197,3.1387
6756,225.200,1210,580,2084,1865,7.3103,1.6618
6757,225.233,1214,577,2087,1860,5.0641,6.6150
6758,225.267,1215,577,2085,1867,4.3609,9.5561
6759,225.300,1217,566,2085,1862,2.0628,4.6209
6760,225.333,1222,568,2092,1864,2.8427,3.8035
6761,225.367,1221,567,2094,1867,0.9579,7.9669
6762,225.400,1215,566,2093,1859,-0.7251,10.3837
6763,225.433,1215,566,2095,1860,-6.7702,13.7404
6764,225.467,1215,560,2096,1866,-6.8630,15.8436
6765,225.500,1217,563,2094,1861,-9.0857,13.6908
6766,225.533,1216,565,2094,1867,-6.8520,13.1281
6767,225.567,1212,548,2094,1881,-5.9195,13.8842
6768,225.600,1211,552,2092,1884,-4.3384,16.7111
6769,225.633,1214,549,2089,1885,-3.6897,13.0040
6770,225.667,1214,550,2085,1880,-4.7229,13.2522
6771,225.700,1214,557,2086,1890,-4.4961,16.7446
6772,225.733,1213,558,2083,1896,-5.5748,13.5121
6773,225.767,1215,558,2083,1891,-5.3941,12.6860
6774,225.800,1215,558,2084,1893,-6.5099,11.0846
6775,225.833,1216,559,2084,1896,-6.3307,10.0294
6776,225.867,1217,560,2082,1892,-7.4435,12.8685
6777,225.900,1218,556,2079,1887,-7.4698,12.4966
6778,225.933,1222,563,2078,1876,-7.6108,13.3163
6779,225.967,1221,561,2077,1879,-8.3093,14.3457
6780,226.000,1217,560,2080,1884,-8.4661,16.0797
6781,226.033,1210,564,2082,1887,-8.8963,13.1566
6782,226.067,1212,559,2081,1886,-8.2769,16.5620
6783,226.100,1207,564,2076,1880,-7.7598,11.6200
6784,226.133,1190,559,2074,1910,-7.6720,12.7262
6785,226.167,1197,569,2071,1900,-5.8655,10.8342
6786,226.200,1182,558,2062,1908,-10.6437,15.8222
6787,226.233,1158,558,2056,1917,-6.8620,11.0388
6788,226.267,1159,549,2056,1921,-7.5207,11.3792
6789,226.300,1125,558,2054,1949,-4.4875,12.4091
6790,226.333,1124,566,2052,1962,-5.4710,8.1099
6791,226.367,1114,581,2044,1937,-4.5200,16.5216
6792,226.400,1111,580,2040,1946,-2.6156,8.8587
6793,226.433,1085,538,2023,1996,-1.0267,11.9291
6794,226.467,1082,556,2017,2000,-5.4422,3.6229
6795,226.500,1056,547,2016,1986,-2.0605,6.8980
6796,226.533,1042,551,1982,1951,9.0298,9.3533
6797,226.567,1006,516,1970,2010,9.2792,4.1517
6798,226.600,1000,515,1966,2027,6.5501,4.0812
6799,226.633,983,488,1936,2036,26.4921,2.1572
6800,226.667,957,484,1903,2026,30.0874,-5.6287
6801,226.700,924,492,1904,2023,23.1282,2.0905
6802,226.733,887,490,1878,1993,23.2899,4.1494
6803,226.767,864,512,1869,2030,21.7682,6.7146
6804,226.800,855,523,1869,2065,10.9221,2.7993
6805,226.833,863,508,1864,2051,21.5643,7.2029
6806,226.867,864,511,1865,2042,19.2940,5.3572
6807,226.900,846,527,1846,2019,17.5565,5.7984
6808,226.933,839,532,1848,2042,22.3085,4.9222
6809,226.967,832,519,1841,2012,21.9744,7.7966
6810,227.000,830,532,1835,2015,22.2026,5.6358
6811,227.033,830,508,1841,1992,26.9525,5.8921
6812,227.067,840,509,1845,1985,13.0583,7.4861
6813,227.100,844,490,1863,1980,16.4115,7.0609
6814,227.133,850,479,1870,1958,16.5081,8.2399
6815,227.167,873,479,1893,1960,15.1222,10.1804
6816,227.200,881,479,1895,1955,15.0750,8.1628
6817,227.233,923,497,1900,1921,19.1934,6.3882
6818,227.267,962,517,1924,1899,14.7404,9.1952
6819,227.300,965,504,1925,1908,15.8796,6.6024
6820,227.333,1004,534,1946,1912,11.3592,7.9529
6821,227.367,1031,517,1978,1888,12.4469,14.8733
6822,227.400,1023,524,1974,1894,6.3575,16.6933
6823,227.433,1063,501,2018,1902,2.2556,14.7867
6824,227.467,1085,528,2052,1931,5.1126,18.4725
6825,227.500,1096,519,2047,1919,2.1062,19.6766
6826,227.533,1110,517,2050,1917,7.0024,12.9594
6827,227.567,1148,535,2044,1922,5.7661,1.9119
6828,227.600,1123,532,2041,1909,8.7135,7.7615
6829,227.633,1138,546,2045,1908,6.6016,4.5991
6830,227.667,1164,563,2054,1889,2.9147,6.4202
6831,227.700,1155,559,2051,1899,3.0410,9.3997
6832,227.733,1176,583,2055,1865,2.7074,14.7463
6833,227.767,1183,579,2065,1875,7.9510,12.8801
6834,227.800,1186,577,2072,1851,7.1807,13.5316
6835,227.833,1197,587,2075,1844,7.1452,11.8824
6836,227.867,1209,583,2077,1845,4.7100,10.2835
6837,227.900,1209,575,2078,1854,6.0654,12.6973
6838,227.933,1214,570,2094,1854,6.8327,11.6928
6839,227.967,1216,577,2106,1869,5.7553,15.1603
6840,228.000,1217,590,2102,1848,6.2409,12.1163
6841,228.033,1219,590,2100,1856,5.5516,13.1979
6842,228.067,1232,586,2106,1852,4.3080,14.2666
6843,228.100,1232,588,2111,1861,5.4798,12.0734
6844,228.133,1239,588,2121,1852,4.0240,12.4753
6845,228.167,1242,593,2130,1875,7.9719,9.6852
6846,228.200,1243,589,2134,1856,3.2021,11.6051
6847,228.233,1244,585,2137,1850,4.5588,12.6705
6848,228.267,1250,585,2143,1849,4.6385,11.8060
6849,228.300,1251,587,2142,1856,5.7099,12.3108
6850,228.333,1255,585,2146,1858,-1.2986,12.4604
6851,228.367,1257,587,2148,1853,3.4943,14.1081
6852,228.400,1254,586,2148,1863,2.0812,11.5547
6853,228.433,1251,584,2148,1868,-1.1462,11.7057
6854,228.467,1249,578,2149,1871,2.9918,12.7028
6855,228.500,1248,577,2147,1872,-0.6716,9.4337
6856,228.533,1247,575,2147,1875,3.8177,11.0850
6857,228.567,1247,575,2146,1873,4.0545,11.2073
6858,228.600,1249,576,2145,1872,4.0831,9.5364
6859,228.633,1250,576,2144,1868,4.7965,7.4544
6860,228.667,1249,573,2144,1870,3.4377,10.7739
6861,228.700,1251,576,2144,1869,2.5173,8.8021
6862,228.733,1252,574,2138,1863,3.8717,10.3980
6863,228.767,1253,573,2136,1864,5.0057,11.8154
6864,228.800,1255,579,2132,1860,5.3951,14.0301
6865,228.833,1255,579,2131,1861,1.3955,12.2545
6866,228.867,1256,574,2130,1863,-0.5585,14.1729
6867,228.900,1257,576,2129,1862,-0.3690,12.1980
6868,228.933,1257,572,2128,1865,-0.9557,11.9724
6869,228.967,1258,573,2128,1865,0.2775,12.2979
6870,229.000,1259,573,2126,1862,-2.9053,8.7093
6871,229.033,1258,572,2126,1865,-2.4127,10.4964
6872,229.067,1258,573,2125,1864,-2.8674,8.5000
6873,229.100,1258,572,2124,1868,1.4314,10.1120
6874,229.133,1258,571,2126,1869,0.0826,8.6408
6875,229.167,1257,568,2130,1875,-1.0367,11.6805
6876,229.200,1258,570,2130,1875,-0.6460,8.9312
6877,229.233,1254,567,2136,1888,0.1259,12.3815
6878,229.267,1254,567,2137,1888,0.7254,10.6457
6879,229.300,1253,566,2136,1889,3.3030,10.3626
6880,229.333,1254,566,2136,1888,2.2666,10.4287
6881,229.367,1252,565,2137,1890,2.7186,10.9573
6882,229.400,1253,566,2136,1889,3.4965,10.3249
6883,229.433,1253,573,2132,1885,4.4385,10.2850
6884,229.467,1252,571,2132,1885,3.8268,9.2734
6885,229.500,1252,573,2128,1879,2.0521,7.9938
6886,229.533,1253,575,2128,1879,1.5057,9.0693
6887,229.567,1252,571,2127,1880,3.7798,9.5012
6888,229.600,1251,571,2127,1880,3.1432,10.9951
6889,229.633,1251,572,2128,1882,2.7371,10.1952
6890,229.667,1250,570,2128,1882,1.3723,10.6145
6891,229.700,1249,568,2128,1882,1.5833,10.9822
6892,229.733,1249,568,2128,1883,2.8384,10.0492
6893,229.767,1248,568,2128,1882,0.9602,11.0556
6894,229.800,1248,568,2129,1882,1.6095,10.4334
6895,229.833,1248,568,2128,1881,2.0691,11.5537
6896,229.867,1249,569,2128,1880,1.9948,9.9958
6897,229.900,1248,568,2128,1879,2.1393,12.4854
6898,229.933,1248,569,2128,1878,2.9391,11.3444
6899,229.967,1249,571,2127,1877,0.7982,11.1700
6900,230.000,1249,567,2129,1876,0.1211,12.1251
6901,230.033,1250,568,2129,1875,1.6452,12.1916
6902,230.067,1250,570,2128,1871,1.7909,12.0344
6903,230.100,1250,569,2128,1872,2.5040,13.2717
6904,230.133,1248,567,2127,1875,-1.5697,12.3513
6905,230.167,1249,572,2129,1877,-0.1528,10.6420
6906,230.200,1249,573,2129,1877,-0.1488,11.4115
6907,230.233,1249,573,2129,1876,-2.6836,10.7060
6908,230.267,1250,574,2128,1875,-1.0950,11.0577
6909,230.300,1249,574,2128,1877,-2.7335,10.6093
6910,230.333,1248,574,2124,1880,3.2882,11.3075
6911,230.367,1246,575,2121,1879,0.5763,13.5079
6912,230.400,1241,570,2118,1885,2.6994,11.4989
6913,230.433,1240,573,2114,1884,0.4275,10.7374
6914,230.467,1240,575,2111,1880,4.7268,11.1843
6915,230.500,1241,574,2110,1883,6.6328,9.0899
6916,230.533,1238,568,2108,1883,9.0956,9.1922
6917,230.567,1237,570,2103,1881,7.8472,5.8914
6918,230.600,1237,571,2102,1881,8.0051,6.5374
6919,230.633,1237,573,2101,1880,6.1794,8.4752
6920,230.667,1238,572,2100,1876,5.9107,8.5759
6921,230.700,1238,575,2100,1876,2.8012,9.6861
6922,230.733,1237,575,2099,1875,5.2506,9.3892
6923,230.767,1236,575,2098,1875,4.7772,9.0527
6924,230.800,1236,575,2098,1876,4.6688,8.4935
6925,230.833,1235,573,2098,1877,5.2940,7.2177
6926,230.867,1233,575,2096,1877,3.3887,10.1827
6927,230.900,1231,576,2093,1878,5.1791,11.4445
6928,230.933,1227,571,2090,1878,6.8190,8.6771
6929,230.967,1221,564,2093,1876,2.6974,9.9097
6930,231.000,1220,571,2095,1876,3.6156,11.0822
6931,231.033,1219,573,2095,1874,2.7772,8.3556
6932,231.067,1216,570,2092,1876,6.5433,11.0291
6933,231.100,1222,574,2095,1879,5.4741,10.9932
6934,231.133,1220,573,2096,1874,8.0397,11.6528
6935,231.167,1218,575,2093,1875,7.2156,9.4188
6936,231.200,1218,576,2093,1874,7.7706,9.9406
6937,231.233,1217,575,2093,1876,7.0455,11.1924
6938,231.267,1218,575,2092,1875,6.9766,10.8340
6939,231.300,1217,574,2093,1877,5.6415,11.1467
6940,231.333,1220,576,2093,1875,4.5544,10.9820
6941,231.367,1221,574,2094,1874,5.5479,10.4870
6942,231.400,1221,571,2093,1880,5.5881,10.0529
6943,231.433,1216,569,2086,1881,12.9746,9.5262
6944,231.467,1219,554,2090,1896,13.0905,12.3622
6945,231.500,1219,556,2090,1894,10.1812,10.2236
6946,231.533,1219,555,2090,1900,13.6251,10.2342
6947,231.567,1218,556,2092,1904,14.7590,10.5935
6948,231.600,1218,557,2093,1902,15.1394,12.9752
6949,231.633,1218,556,2094,1906,16.0219,10.4438
6950,231.667,1217,573,2085,1887,15.3912,2.3746
6951,231.700,1218,572,2085,1885,14.5548,5.2217
6952,231.733,1219,561,2086,1896,10.5424,5.1226
6953,231.767,1217,567,2084,1899,11.4837,1.5733
6954,231.800,1216,566,2085,1892,13.3029,3.7061
6955,231.833,1219,592,2087,1874,8.1994,6.9308
6956,231.867,1217,587,2088,1877,12.4520,3.5340
6957,231.900,1216,586,2090,1877,8.8987,7.6925
6958,231.933,1216,583,2091,1874,9.7665,8.9871
6959,231.967,1217,579,2090,1872,9.4651,10.8375
6960,232.000,1217,577,2090,1871,6.5558,9.9522
6961,232.033,1218,580,2089,1869,9.1723,9.0984
6962,232.067,1218,580,2090,1870,8.6075,12.9184
6963,232.100,1215,581,2093,1880,7.8627,10.0836
6964,232.133,1216,582,2092,1878,8.5500,10.7672
6965,232.167,1215,583,2090,1878,7.5013,12.5394
6966,232.200,1214,584,2090,1873,6.7135,10.4631
6967,232.233,1214,582,2086,1868,2.1287,14.1985
6968,232.267,1214,581,2086,1868,3.3918,13.0556
6969,232.300,1213,583,2087,1870,3.6940,13.6188
6970,232.333,1213,583,2087,1868,4.1864,11.3347
6971,232.367,1213,586,2088,1868,3.7352,11.0345
6972,232.400,1212,590,2087,1872,1.5356,8.1931
6973,232.433,1212,600,2088,1876,-2.4865,9.6158
6974,232.467,1212,596,2088,1874,-1.3049,10.3176
6975,232.500,1212,594,2089,1878,-1.3929,8.5357
6976,232.533,1213,592,2088,1875,0.0084,8.1563
6977,232.567,1213,590,2088,1876,-0.6804,9.0989
6978,232.600,1212,590,2088,1874,5.1461,6.4374
6979,232.633,1212,589,2089,1876,4.6324,6.4937
6980,232.667,1212,588,2089,1875,5.9040,7.5322
6981,232.700,1212,588,2089,1873,6.7879,5.3918
6982,232.733,1211,586,2089,1877,5.4284,7.9081
6983,232.767,1211,586,2089,1877,5.5393,7.1172
6984,232.800,1212,585,2089,1875,4.6156,9.1321
6985,232.833,1212,586,2087,1873,4.8810,7.5781
6986,232.867,1212,586,2088,1873,4.4255,5.4621
6987,232.900,1212,585,2088,1873,3.3702,8.1104
6988,232.933,1212,587,2087,1873,3.2825,7.8496
6989,232.967,1213,585,2087,1869,3.9592,9.7139
6990,233.000,1214,583,2087,1867,-7.2072,12.5122
6991,233.033,1215,583,2089,1869,-5.5208,12.8609
6992,233.067,1215,585,2089,1870,-5.5983,14.1413
6993,233.100,1216,585,2089,1871,-5.3578,12.8133
6994,233.133,1216,587,2090,1872,-5.8913,14.9448
6995,233.167,1216,586,2089,1874,-6.8199,13.9568
6996,233.200,1217,585,2088,1873,-3.3852,12.7537
6997,233.233,1217,585,2088,1873,-3.0384,11.6881
6998,233.267,1217,586,2088,1873,-6.8758,12.7807
6999,233.300,1217,586,2088,1875,-5.8515,12.3643
7000,233.333,1217,587,2088,1875,-7.2492,12.3877
7001,233.367,1217,586,2089,1876,-6.6851,12.2071
7002,233.400,1217,587,2089,1876,-4.9970,11.7456
7003,233.433,1217,589,2089,1874,-5.7674,14.8777
7004,233.467,1216,588,2089,1875,-5.8167,15.8193
7005,233.500,1216,588,2089,1874,-4.7930,15.3457
7006,233.533,1216,588,2089,1875,-5.0364,15.7901
7007,233.567,1216,589,2090,1877,-1.4965,16.7413
7008,233.600,1216,589,2089,1877,-0.4416,17.0735
7009,233.633,1216,591,2089,1876,2.4595,11.6021
7010,233.667,1214,566,2087,1890,2.5197,10.1443
7011,233.700,1214,564,2087,1891,2.6196,12.1968
7012,233.733,1214,564,2088,1890,3.4491,10.0391
7013,233.767,1218,586,2089,1874,1.5649,7.3562
7014,233.800,1219,585,2088,1873,3.6891,9.7205
7015,233.833,1215,561,2087,1891,2.8674,10.9215
7016,233.867,1216,560,2087,1890,3.7705,11.7833
7017,233.900,1218,559,2085,1890,2.6393,10.4017
7018,233.933,1217,556,2086,1891,2.9509,8.0101
7019,233.967,1221,579,2088,1878,-1.2417,11.8738
7020,234.000,1217,560,2087,1895,0.2980,11.6668
7021,234.033,1217,561,2087,1894,0.3380,10.7052
7022,234.067,1218,583,2091,1876,-2.6968,13.6606
7023,234.100,1218,586,2091,1877,-4.6297,13.4438
7024,234.133,1215,580,2093,1873,-2.2721,13.6028
7025,234.167,1213,584,2088,1871,-4.4278,13.2102
7026,234.200,1211,587,2089,1872,-2.9590,15.2301
7027,234.233,1208,594,2086,1873,4.3273,11.6383
7028,234.267,1206,595,2084,1878,6.1147,8.3144
7029,234.300,1208,592,2081,1877,5.3184,11.5503
7030,234.333,1206,598,2082,1873,7.3693,8.6094
7031,234.367,1205,592,2075,1872,9.8064,10.6589
7032,234.400,1204,590,2076,1871,10.5759,11.6736
7033,234.433,1204,593,2077,1875,9.4637,9.1073
7034,234.467,1203,592,2077,1875,11.1079,10.6321
7035,234.500,1202,590,2075,1875,9.7186,9.7449
7036,234.533,1202,590,2075,1876,10.0507,8.5746
7037,234.567,1202,590,2075,1878,9.0135,7.6212
7038,234.600,1202,590,2075,1878,8.8523,7.4267
7039,234.633,1202,590,2075,1878,8.9006,8.4401
7040,234.667,1202,589,2075,1878,8.5576,9.1157
7041,234.700,1201,591,2074,1878,6.9563,9.8694
7042,234.733,1201,591,2074,1878,6.5976,9.1152
7043,234.767,1201,589,2074,1878,7.7580,8.2516
7044,234.800,1200,590,2074,1878,5.2659,8.4036
7045,234.833,1199,591,2075,1880,8.2718,7.2544
7046,234.867,1198,591,2075,1881,5.0762,7.9222
7047,234.900,1198,589,2075,1879,6.2524,8.6467
7048,234.933,1196,587,2075,1877,8.2853,10.9168
7049,234.967,1194,590,2071,1872,5.9018,7.0169
7050,235.000,1194,589,2069,1875,1.0733,10.6046
7051,235.033,1193,587,2067,1874,-1.8923,10.4980
7052,235.067,1194,584,2068,1877,0.4633,9.6305
7053,235.100,1194,586,2068,1875,-3.2700,11.1409
7054,235.133,1194,588,2067,1876,-3.6261,14.7451
7055,235.167,1191,587,2067,1881,-3.9021,13.9957
7056,235.200,1189,586,2067,1881,-4.1792,15.6317
7057,235.233,1186,585,2067,1887,-4.2809,13.8916
7058,235.267,1185,584,2066,1884,-3.7389,12.1264
7059,235.300,1184,586,2065,1886,-2.9037,11.9523
7060,235.333,1229,611,2082,1878,10.0480,8.6313
7061,235.367,1229,610,2081,1876,11.3982,8.5832
7062,235.400,1227,611,2082,1876,9.4647,7.2602
7063,235.433,1226,611,2078,1872,7.8501,8.1856
7064,235.467,1226,612,2078,1873,10.1188,7.7333
7065,235.500,1224,614,2079,1875,11.6048,6.1683
7066,235.533,1223,615,2080,1874,8.6426,7.1236
7067,235.567,1222,615,2080,1873,9.5045,7.2923
7068,235.600,1220,618,2082,1874,10.1403,9.1404
7069,235.633,1219,619,2082,1874,7.8933,7.7758
7070,235.667,1220,616,2080,1873,6.9771,6.6281
7071,235.700,1219,619,2079,1872,7.0779,9.0676
7072,235.733,1219,617,2078,1868,9.5619,7.8721
7073,235.767,1219,619,2077,1866,8.0524,7.6271
7074,235.800,1219,619,2077,1867,7.9072,7.1174
7075,235.833,1219,619,2077,1867,9.0213,6.4064
7076,235.867,1219,618,2077,1868,8.7499,6.2493
7077,235.900,1219,618,2077,1869,9.2831,7.4406
7078,235.933,1218,616,2078,1868,11.2240,7.7719
7079,235.967,1218,614,2078,1869,10.4102,6.6139
7080,236.000,1217,613,2079,1874,8.1899,6.9475
7081,236.033,1216,610,2079,1874,7.1994,7.8079
7082,236.067,1216,607,2079,1876,8.4364,7.3685
7083,236.100,1216,608,2079,1876,7.7074,8.5788
7084,236.133,1215,605,2081,1879,9.9182,7.3177
7085,236.167,1215,606,2082,1879,8.5455,9.6245
7086,236.200,1214,606,2083,1883,7.2482,8.4431
7087,236.233,1215,608,2083,1885,6.7820,9.0353
7088,236.267,1214,607,2083,1888,6.2362,8.0159
7089,236.300,1215,607,2082,1888,7.6953,7.8279
7090,236.333,1215,608,2082,1887,5.8236,8.4116
7091,236.367,1215,609,2082,1887,5.7261,8.5605
7092,236.400,1215,608,2082,1886,6.3507,9.5722
7093,236.433,1215,609,2082,1886,7.9075,7.3387
7094,236.467,1217,607,2080,1883,7.5132,4.4114
7095,236.500,1218,607,2078,1882,7.9840,-2.3446
7096,236.533,1218,606,2077,1883,8.1833,-1.7332
7097,236.567,1216,606,2079,1886,7.7717,6.0551
7098,236.600,1217,606,2079,1886,7.3209,5.9956
7099,236.633,1216,607,2082,1889,9.1514,7.2222
7100,236.667,1216,606,2082,1889,7.1000,9.0009
7101,236.700,1216,606,2083,1892,6.9160,8.7610
7102,236.733,1216,607,2085,1892,8.7434,9.7008
7103,236.767,1216,609,2086,1893,6.6261,7.9428
7104,236.800,1215,609,2088,1891,8.5596,7.7981
7105,236.833,1214,606,2088,1890,5.3548,5.7811
7106,236.867,1213,605,2089,1893,7.4026,6.6515
7107,236.900,1212,601,2090,1895,4.8570,9.8238
7108,236.933,1212,601,2090,1897,6.2159,8.1793
7109,236.967,1212,601,2091,1897,6.3856,10.2581
7110,237.000,1212,602,2091,1898,7.6046,6.9087
7111,237.033,1212,601,2092,1898,7.2031,8.1204
7112,237.067,1213,601,2091,1897,7.7442,8.7664
7113,237.100,1213,600,2091,1897,8.1762,9.0540
7114,237.133,1214,601,2090,1897,9.3085,7.7372
7115,237.167,1214,599,2089,1896,8.0188,10.3201
7116,237.200,1214,600,2089,1894,7.5606,8.7171
7117,237.233,1213,602,2089,1897,8.4967,8.2672
7118,237.267,1214,602,2088,1894,10.0759,7.7494
7119,237.300,1213,603,2086,1890,5.8559,7.5646
7120,237.333,1213,605,2086,1892,6.1687,6.8172
7121,237.367,1213,606,2085,1892,4.8601,8.7762
7122,237.400,1212,606,2086,1890,1.1770,8.1127
7123,237.433,1213,608,2085,1887,1.4803,7.9729
7124,237.467,1213,607,2084,1885,5.2540,9.6720
7125,237.500,1213,606,2083,1885,5.5023,10.0285
7126,237.533,1213,607,2083,1883,5.6392,8.0015
7127,237.567,1213,608,2083,1883,6.3524,9.7794
7128,237.600,1213,607,2083,1882,7.5604,7.4816
7129,237.633,1212,606,2083,1884,8.2065,8.2249
7130,237.667,1214,630,2084,1870,6.1211,11.1990
7131,237.700,1211,607,2083,1884,7.8310,7.5393
7132,237.733,1211,608,2082,1884,8.2498,7.2202
7133,237.767,1210,607,2082,1883,7.5348,8.0917
7134,237.800,1210,606,2081,1882,9.2386,7.5924
7135,237.833,1210,606,2082,1883,7.7740,6.8423
7136,237.867,1210,606,2081,1883,7.6473,7.6582
7137,237.900,1210,606,2081,1882,8.7272,7.9718
7138,237.933,1210,606,2082,1882,7.3995,7.7732
7139,237.967,1210,606,2081,1882,8.2825,8.0812
7140,238.000,1211,605,2082,1882,9.4900,6.7722
7141,238.033,1213,629,2083,1868,3.7496,12.4160
7142,238.067,1213,628,2083,1868,4.0205,11.4223
7143,238.100,1213,629,2083,1868,3.0332,12.7495
7144,238.133,1213,627,2084,1869,5.0709,11.9531
7145,238.167,1213,628,2084,1868,5.9194,11.7606
7146,238.200,1213,628,2084,1869,5.8132,12.1960
7147,238.233,1213,628,2084,1868,5.9774,11.6511
7148,238.267,1212,626,2084,1868,5.7770,9.0930
7149,238.300,1212,626,2084,1867,4.5285,10.8159
7150,238.333,1213,627,2084,1868,6.3948,10.7693
7151,238.367,1213,626,2084,1868,6.5385,10.2732
7152,238.400,1213,627,2084,1868,6.5240,11.0948
7153,238.433,1210,604,2081,1884,6.2429,7.4851
7154,238.467,1210,606,2081,1884,6.9567,8.7405
7155,238.500,1210,607,2080,1885,8.6767,9.3284
7156,238.533,1211,608,2080,1883,9.4234,7.5125
7157,238.567,1214,631,2082,1871,6.7449,7.9968
7158,238.600,1214,630,2083,1873,6.8690,10.3366
7159,238.633,1215,630,2083,1873,10.0640,7.3023
7160,238.667,1214,629,2083,1875,10.4212,9.1602
7161,238.700,1215,628,2084,1874,7.7876,8.9665
7162,238.733,1216,628,2084,1875,7.8409,9.0403
7163,238.767,1216,625,2084,1876,7.1670,8.8776
7164,238.800,1217,625,2083,1875,4.1299,8.7165
7165,238.833,1216,624,2083,1876,7.6359,8.9973
7166,238.867,1216,624,2083,1877,5.8449,7.9379
7167,238.900,1215,623,2083,1879,6.2528,8.1535
7168,238.933,1215,624,2083,1879,7.2324,9.0414
7169,238.967,1215,624,2083,1879,7.6322,8.5567
7170,239.000,1214,626,2084,1881,7.3727,8.6801
7171,239.033,1214,626,2084,1882,7.5156,10.0976
7172,239.067,1214,626,2085,1882,7.6705,10.0155
7173,239.100,1215,626,2085,1881,6.3405,9.4294
7174,239.133,1215,625,2085,1881,3.0702,9.5298
7175,239.167,1215,624,2085,1881,2.7681,11.9433
7176,239.200,1215,621,2085,1882,-7.2810,15.3479
7177,239.233,1215,620,2085,1882,-6.7595,14.9582
7178,239.267,1216,620,2086,1882,-6.5545,14.6641
7179,239.300,1216,618,2086,1882,-6.4029,13.5336
7180,239.333,1217,618,2086,1883,-9.4566,12.6408
7181,239.367,1217,618,2086,1882,-8.3687,12.8008
7182,239.400,1217,619,2086,1882,-9.5330,14.2847
7183,239.433,1218,620,2086,1883,-8.3866,13.5548
7184,239.467,1219,620,2086,1883,-8.8576,13.2786
7185,239.500,1218,620,2086,1883,-8.4560,13.4974
7186,239.533,1218,621,2087,1883,-7.9236,15.0661
7187,239.567,1218,620,2086,1882,-9.4685,11.7339
7188,239.600,1215,596,2086,1896,-6.9566,14.1456
7189,239.633,1218,621,2085,1884,-7.5133,13.0262
7190,239.667,1219,621,2084,1884,-9.6592,12.3781
7191,239.700,1218,619,2084,1885,-9.3131,13.1275
7192,239.733,1217,619,2084,1887,-9.6250,11.9758
7193,239.767,1217,620,2084,1886,-9.3605,10.2135
7194,239.800,1217,619,2084,1887,-9.8799,11.2523
7195,239.833,1216,619,2084,1888,-7.9955,11.0392
7196,239.867,1216,619,2084,1888,-7.7168,10.8766
7197,239.900,1216,619,2084,1888,-7.8490,10.7871
7198,239.933,1216,619,2084,1888,-6.9819,10.9416
7199,239.967,1216,619,2084,1888,-7.3906,11.0912
7200,240.000,1217,620,2084,1887,-8.2142,12.0519
7201,240.033,1217,619,2084,1886,-10.0212,13.5743
7202,240.067,1219,623,2083,1881,-6.8691,11.4149
7203,240.100,1214,600,2082,1892,-5.1678,13.8360
7204,240.133,1214,600,2082,1892,-5.2910,13.6935
7205,240.167,1214,600,2082,1893,-5.2607,13.1920
7206,240.200,1214,602,2082,1893,-6.5127,12.8761
7207,240.233,1214,604,2082,1893,-6.1461,11.1468
7208,240.267,1219,628,2082,1879,-7.0495,13.1590
7209,240.300,1218,627,2082,1880,-5.8649,14.4645
7210,240.333,1218,627,2082,1880,-5.7533,13.7363
7211,240.367,1219,628,2082,1880,-6.8806,13.3662
7212,240.400,1218,627,2083,1882,-7.0971,14.4826
7213,240.433,1214,602,2083,1895,-9.0435,12.2539
7214,240.467,1219,625,2083,1881,-7.3115,13.4282
7215,240.500,1215,599,2083,1894,-8.2720,11.2529
7216,240.533,1215,599,2083,1894,-9.7328,12.0545
7217,240.567,1215,599,2083,1894,-8.7713,11.7347
7218,240.600,1219,625,2083,1882,-6.9293,12.5972
7219,240.633,1215,600,2082,1893,-7.5183,11.2151
7220,240.667,1215,600,2082,1894,-5.8713,11.3922
7221,240.700,1214,604,2082,1894,-7.0724,12.2161
7222,240.733,1214,605,2082,1894,-5.4790,12.5216
7223,240.767,1215,606,2081,1893,-5.8334,14.0108
7224,240.800,1214,609,2080,1896,-6.2205,14.8484
7225,240.833,1215,611,2079,1896,-6.5883,14.4470
7226,240.867,1214,613,2078,1897,-8.6279,13.9866
7227,240.900,1214,615,2078,1898,-9.2889,12.3563
7228,240.933,1214,613,2079,1898,-9.5060,13.2411
7229,240.967,1213,612,2079,1897,-7.7547,11.9887
7230,241.000,1214,612,2079,1898,-7.5327,13.3329
7231,241.033,1213,612,2081,1900,-6.9329,14.4075
7232,241.067,1214,610,2084,1904,-5.6544,15.6446
7233,241.100,1214,607,2083,1904,-7.3647,12.4931
7234,241.133,1215,603,2084,1905,-7.5930,11.4876
7235,241.167,1215,601,2084,1905,-6.5856,12.7991
7236,241.200,1216,602,2083,1905,-4.3718,11.5699
7237,241.233,1216,600,2083,1905,-7.1490,7.0010
7238,241.267,1216,600,2083,1904,-7.3526,7.7311
7239,241.300,1216,601,2083,1905,-6.3012,10.0907
7240,241.333,1216,601,2083,1905,-6.5118,10.3435
7241,241.367,1216,601,2083,1904,-8.1940,11.3956
7242,241.400,1216,600,2083,1904,-7.4663,8.9116
7243,241.433,1216,599,2082,1906,-7.1535,9.8776
7244,241.467,1216,599,2083,1904,-7.7310,11.5201
7245,241.500,1218,600,2082,1904,-8.1718,11.4426
7246,241.533,1218,600,2081,1901,-6.1298,10.8472
7247,241.567,1217,601,2080,1899,-5.7572,11.7655
7248,241.600,1217,601,2080,1899,-5.9399,11.6288
7249,241.633,1217,601,2080,1899,-5.4793,11.8245
7250,241.667,1217,600,2080,1898,-6.4756,12.2712
7251,241.700,1217,600,2080,1897,-6.9221,11.2108
7252,241.733,1217,600,2080,1897,-6.5019,11.0836
7253,241.767,1217,601,2080,1897,-6.5557,12.5518
7254,241.800,1217,601,2080,1897,-6.1734,12.4009
7255,241.833,1216,602,2081,1899,-3.9596,11.6638
7256,241.867,1216,601,2082,1902,-5.7454,9.7537
7257,241.900,1216,601,2082,1903,-6.6118,10.5289
7258,241.933,1214,600,2083,1905,-7.5649,11.4025
7259,241.967,1214,599,2082,1904,-5.2515,10.9689
7260,242.000,1213,597,2084,1906,-10.7222,10.7537
7261,242.033,1213,597,2083,1906,-9.8868,9.9146
7262,242.067,1213,597,2083,1905,-9.3561,9.7739
7263,242.100,1213,597,2083,1905,-9.0860,10.0967
7264,242.133,1214,597,2083,1904,-9.3181,10.3918
7265,242.167,1213,597,2083,1904,-9.3627,9.8986
7266,242.200,1213,597,2083,1904,-9.3368,10.0076
7267,242.233,1213,596,2084,1904,-10.7260,11.5383
7268,242.267,1213,596,2083,1903,-11.1945,10.8869
7269,242.300,1213,596,2084,1905,-8.6039,13.1534
7270,242.333,1213,596,2084,1907,-9.3003,12.5639
7271,242.367,1213,598,2084,1907,-10.1483,8.9653
7272,242.400,1213,598,2083,1907,-9.4358,8.1036
7273,242.433,1214,598,2083,1907,-8.6772,8.2950
7274,242.467,1213,598,2083,1907,-8.9390,8.1810
7275,242.500,1213,597,2083,1907,-9.8485,9.1238
7276,242.533,1213,597,2083,1907,-9.2617,9.2268
7277,242.567,1214,597,2082,1906,-9.5090,7.9546
7278,242.600,1214,597,2083,1907,-8.9496,9.0360
7279,242.633,1213,598,2082,1908,-10.0226,9.3860
7280,242.667,1214,598,2082,1906,-9.1732,9.0449
7281,242.700,1214,600,2082,1904,-8.2656,5.1098
7282,242.733,1213,600,2082,1903,-7.7298,9.2106
7283,242.767,1213,600,2082,1903,-7.8562,8.8717
7284,242.800,1213,601,2081,1903,-7.4716,9.0236
7285,242.833,1213,600,2081,1903,-7.1234,8.1589
7286,242.867,1213,600,2082,1905,-7.9830,8.7963
7287,242.900,1214,599,2081,1903,-8.3745,7.9413
7288,242.933,1215,596,2080,1902,-6.4060,9.4860
7289,242.967,1215,597,2080,1899,-7.6624,7.5910
7290,243.000,1215,602,2080,1898,-9.0025,11.0082
7291,243.033,1216,602,2080,1897,-9.3200,10.1288
7292,243.067,1215,602,2080,1897,-10.6504,9.9290
7293,243.100,1215,602,2080,1897,-10.8852,10.5188
7294,243.133,1215,602,2080,1897,-9.7737,10.4476
7295,243.167,1215,601,2080,1896,-10.1468,9.5468
7296,243.200,1216,601,2079,1895,-7.6548,11.3188
7297,243.233,1216,601,2079,1895,-8.0941,11.0063
7298,243.267,1215,601,2079,1895,-9.2404,9.8170
7299,243.300,1215,602,2079,1895,-8.4005,11.0630
7300,243.333,1215,603,2078,1895,-8.6942,10.4897
7301,243.367,1214,602,2079,1896,-8.9791,10.5784
7302,243.400,1214,603,2079,1895,-8.5787,11.7834
7303,243.433,1213,603,2080,1898,-5.7117,11.6218
7304,243.467,1213,602,2080,1898,-7.2393,12.6441
7305,243.500,1213,602,2081,1901,-7.0491,12.4396
7306,243.533,1213,601,2081,1901,-9.0243,12.0307
7307,243.567,1213,600,2082,1902,-8.1495,11.7221
7308,243.600,1213,600,2082,1901,-8.5685,11.9016
7309,243.633,1214,599,2083,1901,-8.7919,12.1443
7310,243.667,1214,598,2083,1901,-7.8113,12.1069
7311,243.700,1214,596,2082,1901,-10.2667,9.6089
7312,243.733,1214,596,2082,1902,-10.5207,9.1205
7313,243.767,1214,595,2082,1901,-10.5507,10.3975
7314,243.800,1214,595,2083,1901,-10.2522,11.3668
7315,243.833,1215,597,2081,1899,-11.2256,9.0429
7316,243.867,1215,597,2081,1898,-11.4069,9.7505
7317,243.900,1215,599,2081,1897,-9.7490,12.8737
7318,243.933,1216,601,2080,1896,-7.6818,12.1053
7319,243.967,1216,602,2080,1896,-8.9317,13.1219
7320,244.000,1216,603,2079,1896,-8.1152,11.9821
7321,244.033,1217,601,2080,1896,-8.7383,11.2747
7322,244.067,1216,599,2080,1897,-8.9464,4.9503
7323,244.100,1216,599,2080,1897,-9.3770,6.2271
7324,244.133,1217,599,2080,1897,-10.3148,9.5742
7325,244.167,1216,598,2081,1897,-10.1037,11.0622
7326,244.200,1216,598,2081,1898,-11.9202,9.4646
7327,244.233,1216,597,2081,1898,-10.8257,9.9387
7328,244.267,1216,599,2082,1898,-10.1509,10.7307
7329,244.300,1216,599,2082,1899,-9.3319,11.5134
7330,244.333,1216,599,2082,1900,-9.0900,11.1259
7331,244.367,1216,599,2083,1900,-9.3704,11.4601
7332,244.400,1216,600,2083,1900,-9.0501,10.6771
7333,244.433,1216,600,2083,1898,-9.3386,11.2133
7334,244.467,1216,601,2082,1898,-8.6532,10.4296
7335,244.500,1216,601,2082,1898,-8.2458,10.8758
7336,244.533,1217,602,2082,1897,-8.3875,10.7894
7337,244.567,1217,601,2082,1897,-8.6903,11.7656
7338,244.600,1217,602,2082,1897,-8.0258,11.5774
7339,244.633,1217,601,2082,1896,-8.4285,11.4678
7340,244.667,1217,602,2082,1897,-7.8957,11.2790
7341,244.700,1217,601,2082,1898,-8.6283,11.4379
7342,244.733,1217,601,2083,1898,-8.1609,11.2811
7343,244.767,1217,602,2083,1898,-8.8374,12.5128
7344,244.800,1217,601,2083,1898,-10.1475,10.5044
7345,244.833,1217,601,2084,1899,-9.3503,9.4944
7346,244.867,1217,601,2084,1899,-9.2017,9.0568
7347,244.900,1217,601,2083,1899,-9.3071,8.9728
7348,244.933,1217,602,2084,1899,-10.2803,9.0354
7349,244.967,1217,604,2084,1899,-8.9367,7.7159
7350,245.000,1217,604,2083,1900,-8.2349,7.4722
7351,245.033,1217,604,2083,1901,-9.7796,7.7074
7352,245.067,1218,604,2083,1900,-6.4403,9.3574
7353,245.100,1218,604,2083,1900,-6.4117,9.4478
7354,245.133,1218,604,2083,1901,-7.7633,8.3931
7355,245.167,1218,604,2083,1901,-6.0358,7.7136
7356,245.200,1218,604,2083,1901,-6.3640,8.1068
7357,245.233,1218,605,2083,1900,-5.2364,7.1363
7358,245.267,1217,605,2083,1901,-6.9121,7.3412
7359,245.300,1218,604,2082,1901,-6.3179,9.5937
7360,245.333,1218,605,2082,1901,-7.6944,8.4500
7361,245.367,1218,605,2082,1901,-7.5169,8.8179
7362,245.400,1218,604,2082,1902,-6.1085,9.5961
7363,245.433,1218,605,2082,1902,-8.7336,8.2437
7364,245.467,1218,605,2082,1902,-8.2157,8.2107
7365,245.500,1218,605,2082,1902,-8.3815,8.3630
7366,245.533,1218,605,2082,1902,-7.4876,7.6757
7367,245.567,1218,606,2083,1904,-5.8891,9.0004
7368,245.600,1218,604,2083,1902,-7.0952,10.9753
7369,245.633,1218,604,2083,1901,-5.1350,10.3339
7370,245.667,1218,603,2083,1902,-4.7596,10.3103
7371,245.700,1218,603,2084,1898,-6.7658,10.4989
7372,245.733,1218,602,2084,1897,-6.2261,10.6985
7373,245.767,1218,602,2085,1896,-5.5179,10.3493
7374,245.800,1218,602,2085,1896,-7.3770,10.5870
7375,245.833,1218,601,2084,1896,-5.0748,11.0413
7376,245.867,1218,602,2084,1896,-4.4130,11.2705
7377,245.900,1218,602,2084,1896,-4.2692,11.5679
7378,245.933,1218,601,2084,1896,-4.0141,11.3622
7379,245.967,1218,599,2084,1896,-7.1891,9.0329
7380,246.000,1218,598,2082,1895,-8.0368,8.3427
7381,246.033,1218,598,2081,1897,-8.3157,9.6395
7382,246.067,1218,600,2081,1901,-8.4547,10.3206
7383,246.100,1218,600,2081,1900,-8.8676,10.0421
7384,246.133,1219,603,2080,1903,-7.2133,10.1438
7385,246.167,1218,603,2080,1904,-8.0323,11.1264
7386,246.200,1218,604,2080,1904,-8.4262,9.4403
7387,246.233,1217,604,2081,1903,-8.2030,9.7391
7388,246.267,1217,605,2081,1904,-4.8009,11.6725
7389,246.300,1217,604,2081,1902,-7.7898,8.3134
7390,246.333,1217,604,2081,1903,-6.6113,8.8413
7391,246.367,1217,604,2081,1902,-7.8070,8.5904
7392,246.400,1217,605,2080,1899,-5.6863,7.5024
7393,246.433,1217,606,2080,1900,-4.2212,7.8669
7394,246.467,1218,603,2080,1902,-8.7465,8.1909
7395,246.500,1218,603,2080,1898,-9.1773,8.3482
7396,246.533,1218,603,2081,1898,-8.5710,7.2999
7397,246.567,1218,602,2081,1897,-7.2594,7.9227
7398,246.600,1218,601,2082,1896,-8.0537,9.0422
7399,246.633,1218,601,2081,1896,-10.0570,8.2695
7400,246.667,1218,603,2081,1895,-7.7407,7.3696
7401,246.700,1218,603,2081,1896,-7.5614,6.9520
7402,246.733,1218,602,2081,1896,-8.3575,7.2917
7403,246.767,1218,603,2081,1895,-7.6509,7.1367
7404,246.800,1218,601,2081,1895,-10.1204,6.3529
7405,246.833,1218,601,2081,1896,-10.5752,7.3390
7406,246.867,1218,600,2081,1896,-11.8442,6.7433
7407,246.900,1218,600,2081,1896,-11.1352,6.6911
7408,246.933,1218,599,2080,1896,-8.6134,7.4353
7409,246.967,1218,599,2080,1895,-8.5984,7.2525
7410,247.000,1218,599,2081,1900,-6.8254,7.6755
7411,247.033,1218,599,2082,1902,-8.8804,8.1489
7412,247.067,1218,599,2082,1903,-8.4960,10.0742
7413,247.100,1218,598,2083,1905,-8.5488,10.5643
7414,247.133,1218,599,2082,1904,-9.1519,9.8551
7415,247.167,1218,599,2082,1904,-8.7670,10.6238
7416,247.200,1218,599,2082,1905,-9.8978,9.9640
7417,247.233,1218,599,2082,1904,-9.4294,10.1780
7418,247.267,1218,598,2082,1904,-10.1789,9.1633
7419,247.300,1218,598,2082,1905,-7.9003,8.7087
7420,247.333,1218,598,2082,1904,-9.4803,8.7371
7421,247.367,1218,599,2083,1904,-9.5895,8.0161
7422,247.400,1218,598,2083,1905,-9.0548,9.0656
7423,247.433,1218,599,2083,1905,-7.0907,8.5209
7424,247.467,1218,599,2083,1905,-7.5627,8.4023
7425,247.500,1218,599,2083,1905,-8.0545,9.2259
7426,247.533,1218,598,2083,1905,-9.8135,9.2743
7427,247.567,1218,598,2084,1904,-8.6570,7.2463
7428,247.600,1218,598,2083,1904,-10.1257,8.1715
7429,247.633,1218,599,2083,1903,-9.1871,8.1810
7430,247.667,1218,598,2084,1903,-9.9496,8.4438
7431,247.700,1218,598,2084,1903,-9.0462,8.9529
7432,247.733,1218,598,2084,1904,-8.7360,8.1057
7433,247.767,1217,598,2084,1904,-6.9413,8.9080
7434,247.800,1217,598,2084,1904,-7.5332,8.5438
7435,247.833,1217,599,2084,1903,-8.3935,9.5775
7436,247.867,1217,598,2084,1903,-7.2351,8.3531
7437,247.900,1218,599,2084,1903,-8.5366,7.9222
7438,247.933,1218,598,2083,1901,-10.6352,7.3362
7439,247.967,1218,598,2083,1901,-10.8049,7.3272
7440,248.000,1217,595,2084,1906,-13.3725,7.3427
7441,248.033,1217,595,2084,1907,-13.0319,6.9858
7442,248.067,1217,595,2084,1907,-13.0603,7.0869
7443,248.100,1217,596,2084,1908,-7.9974,8.1126
7444,248.133,1218,595,2085,1908,-8.8130,5.9918
7445,248.167,1218,596,2084,1907,-6.7068,6.7981
7446,248.200,1222,617,2082,1897,-4.9223,5.3464
7447,248.233,1222,618,2082,1897,-5.9173,6.8634
7448,248.267,1223,619,2083,1896,-8.5058,6.3725
7449,248.300,1222,619,2084,1894,-9.6555,7.2271
7450,248.333,1222,619,2084,1894,-8.8235,9.0316
7451,248.367,1222,620,2084,1893,-7.2685,8.5752
7452,248.400,1222,621,2084,1892,-10.2142,8.0452
7453,248.433,1221,621,2083,1892,-9.3904,8.6455
7454,248.467,1221,620,2083,1892,-9.2450,8.8624
7455,248.500,1222,620,2082,1892,-8.6402,8.3725
7456,248.533,1221,620,2082,1891,-10.0499,7.6362
7457,248.567,1221,621,2082,1891,-9.6415,9.1629
7458,248.600,1221,621,2083,1892,-9.5641,8.7858
7459,248.633,1221,621,2082,1892,-9.8689,9.4558
7460,248.667,1216,598,2083,1903,-10.5685,8.5027
7461,248.700,1216,598,2082,1903,-8.9345,8.7165
7462,248.733,1216,599,2083,1903,-9.4784,8.2989
7463,248.767,1216,600,2083,1904,-11.0475,8.6372
7464,248.800,1217,599,2082,1903,-7.7915,6.7155
7465,248.833,1217,598,2082,1903,-8.0668,7.7015
7466,248.867,1217,599,2082,1901,-5.9592,7.9019
7467,248.900,1217,599,2082,1900,-6.7125,6.9549
7468,248.933,1218,599,2082,1899,-8.7888,8.7180
7469,248.967,1218,599,2082,1898,-6.8951,8.2518
7470,249.000,1218,599,2082,1895,-7.8031,8.5894
7471,249.033,1218,598,2081,1895,-8.0116,7.5070
7472,249.067,1218,599,2080,1894,-7.5247,7.8315
7473,249.100,1219,600,2079,1892,-9.3431,9.2932
7474,249.133,1219,601,2078,1892,-8.7434,7.8303
7475,249.167,1219,601,2078,1891,-7.4942,8.8386
7476,249.200,1219,601,2078,1891,-7.6291,8.9062
7477,249.233,1219,601,2078,1890,-8.1217,8.3055
7478,249.267,1219,601,2078,1891,-8.1259,8.2224
7479,249.300,1219,600,2078,1892,-9.2643,7.7063
7480,249.333,1220,600,2079,1892,-8.5545,6.9241
7481,249.367,1219,599,2079,1893,-9.7823,8.2689
7482,249.400,1220,600,2079,1893,-9.2889,7.7610
7483,249.433,1220,598,2080,1893,-10.8205,8.4750
7484,249.467,1219,598,2080,1893,-10.3565,8.4926
7485,249.500,1219,598,2080,1894,-11.9180,8.6614
7486,249.533,1218,598,2080,1895,-9.6223,8.6187
7487,249.567,1219,595,2080,1894,-11.4178,8.1791
7488,249.600,1219,596,2080,1894,-10.3526,8.5574
7489,249.633,1218,595,2081,1894,-10.7788,8.0996
7490,249.667,1218,593,2081,1894,-8.2354,8.7211
7491,249.700,1219,593,2081,1894,-8.0783,7.0237
7492,249.733,1218,592,2081,1894,-7.1711,7.1009
7493,249.767,1218,593,2081,1894,-7.4576,8.5456
7494,249.800,1218,592,2081,1894,-7.8469,7.8603
7495,249.833,1219,592,2081,1893,-9.4122,8.3480
7496,249.867,1219,592,2081,1893,-9.6209,8.5806
7497,249.900,1224,615,2082,1879,-9.7685,12.7043
7498,249.933,1224,615,2082,1878,-10.0696,11.4056
7499,249.967,1223,613,2082,1878,-9.6574,10.9556
7500,250.000,1223,612,2081,1878,-10.1284,10.9411
7501,250.033,1223,610,2081,1877,-10.4493,10.2454
7502,250.067,1222,609,2081,1878,-10.8734,9.2689
7503,250.100,1222,609,2081,1878,-10.8287,9.2131
7504,250.133,1223,609,2080,1877,-10.2412,9.7223
7505,250.167,1222,608,2080,1877,-9.9862,7.5129
7506,250.200,1223,608,2080,1877,-10.1579,7.4516
7507,250.233,1222,608,2080,1877,-10.3191,7.4028
7508,250.267,1222,609,2079,1877,-9.3742,8.6746
7509,250.300,1223,609,2080,1877,-10.4650,8.6483
7510,250.333,1222,609,2080,1877,-12.1060,8.0002
7511,250.367,1222,609,2080,1877,-10.7969,7.0594
7512,250.400,1222,610,2080,1877,-7.0530,5.9213
7513,250.433,1223,610,2080,1877,-10.8165,5.8349
7514,250.467,1223,609,2081,1877,-9.5712,6.5855
7515,250.500,1223,609,2080,1877,-10.5315,5.6113
7516,250.533,1224,609,2080,1877,-7.1659,6.3525
7517,250.567,1223,609,2080,1877,-8.6259,4.8560
7518,250.600,1223,609,2080,1877,-8.9197,4.7392
7519,250.633,1224,609,2079,1877,-8.6696,5.1844
7520,250.667,1224,610,2079,1876,-7.0993,5.4033
7521,250.700,1223,610,2079,1876,-10.1196,4.7280
7522,250.733,1224,611,2079,1876,-9.5506,4.0681
7523,250.767,1223,611,2079,1876,-11.5439,4.3161
7524,250.800,1223,611,2079,1876,-10.6203,4.1084
7525,250.833,1223,611,2079,1875,-12.6417,5.0099
7526,250.867,1223,611,2079,1875,-12.7837,4.9241
7527,250.900,1223,612,2079,1875,-9.4778,5.6869
7528,250.933,1222,612,2079,1875,-9.9529,5.8403
7529,250.967,1222,612,2079,1874,-10.3982,5.8829
7530,251.000,1223,610,2079,1877,-6.5088,5.3877
7531,251.033,1223,610,2079,1876,-7.8193,5.4981
7532,251.067,1223,609,2079,1876,-5.4745,6.9282
7533,251.100,1223,608,2079,1876,-6.4812,4.8600
7534,251.133,1223,610,2079,1877,-4.5695,4.6841
7535,251.167,1222,612,2080,1878,-8.4273,6.2454
7536,251.200,1222,613,2081,1880,-8.6987,5.1240
7537,251.233,1222,612,2081,1881,-6.3551,4.4649
7538,251.267,1221,614,2081,1881,-6.7091,5.0091
7539,251.300,1221,614,2081,1880,-8.0708,4.5723
7540,251.333,1221,613,2081,1880,-6.5803,5.3251
7541,251.367,1221,613,2081,1880,-5.6158,5.0099
7542,251.400,1220,612,2081,1880,-5.5241,4.4458
7543,251.433,1221,616,2082,1880,-7.5387,4.0245
7544,251.467,1220,617,2083,1885,-3.3558,3.5655
7545,251.500,1222,616,2082,1882,-5.2183,5.7767
7546,251.533,1223,619,2081,1877,-2.4868,1.0140
7547,251.567,1223,618,2081,1877,-3.4445,4.6340
7548,251.600,1219,595,2081,1889,-5.4863,3.5858
7549,251.633,1220,595,2081,1889,-2.6563,1.8985
7550,251.667,1220,596,2081,1888,-7.2839,4.4806
7551,251.700,1219,596,2082,1892,-9.3483,6.2210
7552,251.733,1220,595,2083,1892,-7.5974,4.6113
7553,251.767,1219,597,2084,1893,-8.7913,6.3940
7554,251.800,1219,596,2084,1896,-8.1136,4.8007
7555,251.833,1219,593,2083,1900,-5.9382,4.0083
7556,251.867,1218,594,2083,1899,-8.6285,5.7496
7557,251.900,1218,595,2083,1901,-3.2795,5.2838
7558,251.933,1217,595,2082,1901,-2.9177,7.0362
7559,251.967,1217,595,2082,1901,-4.0439,6.8068
7560,252.000,1220,595,2082,1896,-8.0168,5.5734
7561,252.033,1220,597,2082,1895,-8.3079,4.6072
7562,252.067,1220,597,2082,1894,-7.0782,4.7173
7563,252.100,1220,597,2082,1895,-7.8494,4.3193
7564,252.133,1220,597,2081,1892,-6.0483,5.3005
7565,252.167,1220,596,2080,1891,-5.6875,5.7410
7566,252.200,1225,620,2081,1876,-4.7233,5.0611
7567,252.233,1224,621,2082,1876,-2.3347,3.0325
7568,252.267,1224,623,2080,1873,-1.9880,4.0723
7569,252.300,1222,622,2080,1872,-0.2187,6.2054
7570,252.333,1222,623,2080,1872,-4.3399,4.3385
7571,252.367,1221,624,2080,1872,-5.8596,2.6186
7572,252.400,1221,621,2080,1871,-3.1890,2.9320
7573,252.433,1221,621,2080,1871,-3.0768,3.7859
7574,252.467,1221,620,2080,1871,-3.9747,3.8744
7575,252.500,1221,619,2080,1871,-3.5901,3.6241
7576,252.533,1221,618,2081,1872,-4.2024,3.3902
7577,252.567,1221,618,2082,1870,-4.5908,2.8055
7578,252.600,1221,619,2081,1870,-2.6383,2.5638
7579,252.633,1221,619,2082,1870,-5.4157,2.6996
7580,252.667,1222,620,2082,1869,-2.9120,4.1001
7581,252.700,1222,619,2082,1870,-5.4743,2.2326
7582,252.733,1221,618,2082,1872,-7.0786,1.4342
7583,252.767,1222,619,2082,1872,-7.1546,1.8226
7584,252.800,1221,619,2082,1873,-5.3479,0.7983
7585,252.833,1221,620,2081,1873,-3.8266,3.2233
7586,252.867,1221,620,2081,1872,-2.7029,2.0516
7587,252.900,1222,620,2081,1872,-4.4871,3.7026
7588,252.933,1221,622,2082,1871,-8.5683,2.3945
7589,252.967,1221,622,2083,1873,-7.1983,3.6172
7590,253.000,1221,623,2083,1873,-4.6400,2.8454
7591,253.033,1221,623,2083,1873,-4.6884,3.4675
7592,253.067,1221,623,2083,1872,-7.1765,3.5246
7593,253.100,1221,623,2083,1872,-7.2172,3.7820
7594,253.133,1222,623,2083,1871,-4.8414,3.5580
7595,253.167,1221,622,2082,1871,-7.8163,3.9071
7596,253.200,1222,622,2081,1866,-6.4140,1.8170
7597,253.233,1221,622,2080,1866,-6.2165,5.0144
7598,253.267,1221,621,2080,1864,-8.6342,4.1721
7599,253.300,1221,620,2079,1862,-7.4188,4.1672
7600,253.333,1222,621,2079,1860,-9.3844,5.1014
7601,253.367,1221,621,2079,1860,-8.1734,4.3062
7602,253.400,1221,620,2079,1859,-7.3907,4.4253
7603,253.433,1221,619,2079,1858,-5.4645,3.7223
7604,253.467,1221,619,2078,1858,-5.3980,4.9367
7605,253.500,1221,619,2079,1860,-5.8114,4.1621
7606,253.533,1221,619,2079,1859,-6.3618,4.7935
7607,253.567,1220,618,2079,1862,-6.6196,3.7421
7608,253.600,1220,618,2079,1863,-6.5680,3.8272
7609,253.633,1220,618,2079,1863,-6.3784,4.4816
7610,253.667,1220,617,2078,1862,-6.6527,3.3692
7611,253.700,1221,617,2078,1862,-5.7554,3.1432
7612,253.733,1220,618,2079,1867,-6.2094,3.7015
7613,253.767,1220,620,2078,1867,-6.1328,5.2664
7614,253.800,1220,618,2079,1869,-6.5188,4.7319
7615,253.833,1220,621,2079,1868,-3.9498,3.5691
7616,253.867,1220,621,2080,1870,-1.8095,4.0415
7617,253.900,1221,619,2080,1869,-5.5097,1.9253
7618,253.933,1220,621,2081,1871,-2.1888,3.8140
7619,253.967,1221,619,2080,1870,-5.4828,2.4447
7620,254.000,1221,613,2081,1872,-4.9607,5.9054
7621,254.033,1221,610,2081,1873,-4.3655,4.7524
7622,254.067,1221,608,2081,1873,-7.9617,4.1634
7623,254.100,1221,609,2081,1873,-8.3569,5.8698
7624,254.133,1221,608,2081,1872,-8.3975,4.4950
7625,254.167,1221,608,2082,1872,-7.5232,5.3487
7626,254.200,1221,608,2082,1872,-7.8320,5.7431
7627,254.233,1221,609,2082,1872,-6.0992,5.2035
7628,254.267,1221,610,2081,1874,-5.7704,6.5543
7629,254.300,1220,609,2082,1876,-5.0744,7.0710
7630,254.333,1221,609,2082,1877,-8.0955,4.3684
7631,254.367,1221,610,2082,1874,-7.5781,5.7247
7632,254.400,1223,610,2081,1870,-6.0648,5.1869
7633,254.433,1223,610,2081,1867,-6.1266,5.6456
7634,254.467,1223,611,2081,1863,-2.6255,5.2214
7635,254.500,1223,612,2080,1865,-0.7053,5.7009
7636,254.533,1223,612,2080,1865,-0.5309,5.2757
7637,254.567,1223,615,2081,1865,-5.7491,4.6893
7638,254.600,1223,615,2081,1863,-3.3508,3.3644
7639,254.633,1223,614,2080,1862,0.0553,4.6006
7640,254.667,1222,616,2079,1861,-8.1268,4.7333
7641,254.700,1222,615,2078,1858,-6.4713,2.7505
7642,254.733,1221,616,2077,1857,-5.4394,1.7154
7643,254.767,1222,615,2077,1854,-2.7789,2.8037
7644,254.800,1221,614,2078,1853,-3.0138,3.7288
7645,254.833,1221,612,2078,1853,-3.7977,3.8762
7646,254.867,1221,612,2078,1853,-4.3716,3.9641
7647,254.900,1221,613,2078,1853,-3.8787,3.4667
7648,254.933,1220,612,2078,1853,-3.8860,2.7809
7649,254.967,1220,612,2079,1853,-3.9002,3.2638
7650,255.000,1220,609,2079,1853,-5.0825,4.9848
7651,255.033,1220,609,2079,1852,-5.6381,5.5797
7652,255.067,1220,609,2079,1854,-6.6713,4.2972
7653,255.100,1220,609,2079,1855,-8.0517,3.3730
7654,255.133,1221,609,2079,1859,-7.3906,6.0310
7655,255.167,1221,608,2079,1860,-5.3254,6.7010
7656,255.200,1220,607,2079,1859,-6.3410,6.9532
7657,255.233,1216,603,2078,1874,-4.8393,6.0491
7658,255.267,1221,622,2081,1865,-7.6338,5.5013
7659,255.300,1220,621,2082,1866,-8.9177,5.4946
7660,255.333,1220,621,2083,1867,-5.4143,5.8854
7661,255.367,1219,618,2083,1868,-6.0198,5.6037
7662,255.400,1220,616,2083,1869,-7.6349,4.1842
7663,255.433,1219,613,2084,1869,-5.4532,4.8515
7664,255.467,1220,613,2085,1870,-7.6298,4.9064
7665,255.500,1220,611,2085,1867,-5.8049,4.0941
7666,255.533,1220,613,2085,1867,-6.3843,4.2275
7667,255.567,1214,597,2083,1876,-5.6611,6.0323
7668,255.600,1214,597,2083,1876,-5.6542,6.3193
7669,255.633,1214,600,2082,1875,-7.2288,6.5914
7670,255.667,1213,600,2083,1877,-6.6346,6.3195
7671,255.700,1213,601,2082,1878,-5.6983,4.9556
7672,255.733,1213,601,2082,1878,-5.1996,5.0949
7673,255.767,1213,602,2081,1875,-6.6480,3.0252
7674,255.800,1213,602,2080,1876,-3.4767,4.6053
7675,255.833,1213,602,2080,1876,-5.6625,4.5818
7676,255.867,1213,602,2080,1877,-4.8880,4.6421
7677,255.900,1213,605,2080,1875,-4.7221,3.8519
7678,255.933,1214,604,2080,1875,-4.6527,5.9999
7679,255.967,1214,603,2080,1872,-4.7820,6.3515
7680,256.000,1215,605,2079,1869,-4.2596,4.9004
7681,256.033,1215,605,2078,1868,-7.3912,5.8327
7682,256.067,1215,605,2078,1868,-6.3935,6.1586
7683,256.100,1215,605,2078,1867,-5.0614,5.9172
7684,256.133,1215,605,2078,1869,-5.7919,4.8440
7685,256.167,1216,604,2078,1872,-1.1623,5.5568
7686,256.200,1216,604,2078,1871,-2.8460,5.9059
7687,256.233,1216,604,2078,1872,-2.2593,5.8098
7688,256.267,1217,601,2078,1871,-6.1962,5.7288
7689,256.300,1217,602,2078,1870,-5.4732,5.9601
7690,256.333,1217,601,2078,1871,-5.3259,5.8656
7691,256.367,1217,601,2078,1870,-4.2561,5.3032
7692,256.400,1217,601,2078,1870,-4.7693,4.8919
7693,256.433,1217,601,2078,1871,-3.8373,5.6817
7694,256.467,1216,601,2079,1869,8.9172,3.6159
7695,256.500,1216,601,2079,1868,9.6348,3.9020
7696,256.533,1216,601,2079,1866,13.2249,2.7248
7697,256.567,1216,599,2079,1866,11.6428,3.5125
7698,256.600,1216,599,2080,1868,11.3805,3.0741
7699,256.633,1216,599,2079,1864,12.1576,2.8544
7700,256.667,1216,599,2079,1866,11.6685,4.0261
7701,256.700,1216,599,2079,1867,11.2242,2.9156
7702,256.733,1220,617,2082,1854,11.2474,0.5988
7703,256.767,1220,616,2083,1853,11.7872,1.6275
7704,256.800,1221,616,2081,1852,13.0727,2.8868
7705,256.833,1221,618,2081,1854,10.4301,0.5260
7706,256.867,1221,617,2080,1854,11.5157,2.2953
7707,256.900,1221,616,2080,1853,9.8239,2.7934
7708,256.933,1221,615,2081,1856,12.2181,2.6102
7709,256.967,1220,615,2082,1856,9.6670,2.2034
7710,257.000,1219,614,2082,1857,11.4690,5.1201
7711,257.033,1219,614,2083,1858,12.1583,5.7358
7712,257.067,1219,614,2082,1858,13.3214,5.7170
7713,257.100,1219,615,2083,1857,10.7095,4.0131
7714,257.133,1219,615,2083,1859,11.9731,4.6291
7715,257.167,1219,616,2083,1858,10.3758,3.6668
7716,257.200,1220,616,2083,1859,10.3741,4.8251
7717,257.233,1219,618,2083,1859,11.4377,3.2500
7718,257.267,1220,617,2082,1859,11.7976,3.7834
7719,257.300,1220,617,2081,1858,11.5222,4.1828
7720,257.333,1220,617,2082,1859,11.4181,4.8737
7721,257.367,1219,619,2081,1859,7.4977,3.3016
7722,257.400,1219,618,2082,1859,8.5444,5.7539
7723,257.433,1219,619,2082,1859,6.4321,2.8130
7724,257.467,1218,619,2082,1860,7.7399,2.9883
7725,257.500,1218,617,2082,1861,8.0244,6.6168
7726,257.533,1218,617,2082,1859,7.4007,5.1934
7727,257.567,1219,618,2080,1858,7.6120,3.7860
7728,257.600,1219,617,2080,1859,7.5891,2.1191
7729,257.633,1219,617,2080,1859,7.4490,1.9263
7730,257.667,1220,618,2080,1860,8.2175,2.7050
7731,257.700,1219,620,2080,1860,6.6406,3.9027
7732,257.733,1219,620,2080,1861,7.9479,3.5242
7733,257.767,1220,621,2080,1860,7.6648,4.2764
7734,257.800,1219,621,2080,1859,7.0039,3.0818
7735,257.833,1219,621,2081,1858,8.3735,1.7538
7736,257.867,1219,620,2081,1860,5.8648,3.8289
7737,257.900,1219,620,2081,1859,4.9140,2.9487
7738,257.933,1218,619,2080,1859,9.0159,2.2289
7739,257.967,1218,619,2080,1859,10.1046,1.6811
7740,258.000,1217,619,2080,1858,8.9629,2.8923
7741,258.033,1217,620,2080,1856,8.3953,3.2670
7742,258.067,1217,617,2080,1857,9.2186,1.5927
7743,258.100,1217,618,2080,1857,10.5897,1.7343
7744,258.133,1218,616,2080,1857,8.5507,1.8993
7745,258.167,1218,616,2081,1856,8.4678,2.8692
7746,258.200,1218,616,2081,1855,9.7285,2.4667
7747,258.233,1218,617,2081,1854,9.7640,3.0069
7748,258.267,1218,616,2081,1853,9.2240,3.3310
7749,258.300,1218,614,2081,1852,10.2879,1.1921
7750,258.333,1218,615,2080,1852,9.0857,1.7483
7751,258.367,1218,614,2080,1852,10.0806,-0.4526
7752,258.400,1218,614,2080,1853,8.1750,-0.8099
7753,258.433,1217,613,2080,1855,9.2865,-0.8145
7754,258.467,1218,615,2079,1855,10.7117,1.4235
7755,258.500,1217,615,2079,1856,9.1027,2.6094
7756,258.533,1218,616,2079,1857,10.0412,2.9468
7757,258.567,1218,616,2079,1857,9.7406,2.8320
7758,258.600,1218,616,2079,1856,8.7346,2.4970
7759,258.633,1218,616,2079,1856,8.9574,2.5144
7760,258.667,1217,616,2080,1857,9.5311,0.3876
7761,258.700,1217,616,2080,1857,9.7462,1.1098
7762,258.733,1216,614,2080,1855,8.4089,0.9016
7763,258.767,1216,615,2080,1855,10.8893,1.0894
7764,258.800,1216,612,2081,1857,8.2511,2.2530
7765,258.833,1216,609,2081,1855,10.3697,1.7306
7766,258.867,1216,608,2081,1856,9.9216,1.7910
7767,258.900,1216,609,2081,1856,11.6812,3.1240
7768,258.933,1215,606,2082,1855,10.6639,2.4402
7769,258.967,1215,606,2083,1854,10.7299,2.5420
7770,259.000,1216,607,2081,1854,7.7939,1.8247
7771,259.033,1216,606,2082,1853,11.6660,0.8648
7772,259.067,1216,606,2082,1853,11.7931,0.9061
7773,259.100,1216,606,2082,1854,9.4892,0.2171
7774,259.133,1216,605,2082,1854,10.4825,1.0674
7775,259.167,1216,605,2081,1855,11.3265,2.2135
7776,259.200,1216,605,2081,1855,11.1865,2.1660
7777,259.233,1216,605,2081,1855,11.4922,1.9565
7778,259.267,1216,604,2082,1856,12.0092,1.5619
7779,259.300,1216,606,2082,1857,11.5892,0.1310
7780,259.333,1216,607,2082,1856,10.1832,-0.7761
7781,259.367,1217,608,2082,1856,12.3468,0.1243
7782,259.400,1216,608,2082,1858,10.6475,1.3472
7783,259.433,1217,605,2082,1858,10.2613,1.3380
7784,259.467,1218,606,2084,1858,9.2372,-0.6769
7785,259.500,1218,604,2083,1859,8.5549,0.4588
7786,259.533,1218,604,2083,1859,9.3507,0.3630
7787,259.567,1217,605,2084,1860,9.7781,-0.2134
7788,259.600,1217,606,2083,1859,9.6428,-1.2638
7789,259.633,1218,605,2083,1859,7.9089,-1.0111
7790,259.667,1218,606,2083,1858,10.1410,-0.5450
7791,259.700,1218,606,2083,1858,9.6251,-0.7911
7792,259.733,1218,606,2084,1859,11.7879,0.5938
7793,259.767,1217,607,2083,1859,11.9658,0.4484
7794,259.800,1217,609,2083,1859,9.1866,1.3619
7795,259.833,1217,611,2083,1859,9.5593,3.3277
7796,259.867,1218,610,2083,1858,8.1156,2.2657
7797,259.900,1217,610,2083,1858,9.8626,3.3427
7798,259.933,1218,610,2083,1857,9.3894,1.8989
7799,259.967,1218,611,2083,1856,7.5626,1.7684
7800,260.000,1218,612,2081,1854,11.5790,1.4899
7801,260.033,1218,613,2081,1855,10.3461,1.7922
7802,260.067,1218,613,2081,1855,9.9085,1.9522
7803,260.100,1218,613,2081,1855,10.2112,2.0826
7804,260.133,1218,614,2081,1856,11.2923,0.0152
7805,260.167,1217,614,2081,1856,10.1613,1.1290
7806,260.200,1217,614,2081,1857,11.8121,1.5195
7807,260.233,1217,614,2081,1856,10.3139,0.9014
7808,260.267,1217,614,2080,1857,11.3846,1.3628
7809,260.300,1216,615,2081,1857,8.8224,4.8412
7810,260.333,1216,614,2081,1857,10.1487,4.0571
7811,260.367,1216,614,2081,1857,10.6062,4.1771
7812,260.400,1216,615,2081,1857,8.0365,4.4099
7813,260.433,1216,616,2081,1858,7.6230,2.6024
7814,260.467,1216,616,2081,1858,8.4126,1.7758
7815,260.500,1216,616,2081,1858,7.5021,2.2792
7816,260.533,1216,617,2081,1859,8.9472,1.4614
7817,260.567,1215,618,2081,1858,9.1980,3.9659
7818,260.600,1215,618,2081,1858,9.0460,3.0971
7819,260.633,1215,618,2081,1858,8.6147,2.8933
7820,260.667,1215,619,2081,1858,8.5079,2.9232
7821,260.700,1215,617,2081,1858,10.6978,1.5960
7822,260.733,1215,619,2081,1858,9.7639,3.5054
7823,260.767,1215,619,2081,1858,9.0739,4.3337
7824,260.800,1215,619,2080,1857,8.0070,1.2387
7825,260.833,1215,619,2079,1858,8.2863,1.2141
7826,260.867,1215,618,2080,1859,8.7986,1.9797
7827,260.900,1216,619,2079,1858,9.7077,1.0597
7828,260.933,1215,620,2079,1857,7.7516,3.2048
7829,260.967,1215,619,2079,1858,8.2113,0.0430
7830,261.000,1215,621,2080,1857,7.9577,4.4388
7831,261.033,1215,621,2080,1857,7.8503,4.4556
7832,261.067,1215,620,2080,1857,8.1981,5.1131
7833,261.100,1215,621,2080,1856,8.5913,5.3466
7834,261.133,1215,621,2080,1855,8.3526,5.4716
7835,261.167,1215,624,2079,1854,8.9897,5.3363
7836,261.200,1215,623,2080,1855,7.6524,3.7000
7837,261.233,1214,623,2079,1857,8.5726,4.0118
7838,261.267,1214,621,2078,1857,8.9973,4.5581
7839,261.300,1212,620,2077,1860,9.9932,4.2155
7840,261.333,1212,617,2077,1861,10.2575,1.9560
7841,261.367,1212,619,2076,1861,10.7995,3.7686
7842,261.400,1211,616,2077,1862,9.6393,1.4975
7843,261.433,1211,619,2076,1862,10.5458,2.8885
7844,261.467,1211,620,2077,1862,9.4641,3.8647
7845,261.500,1211,619,2077,1862,11.1733,3.8383
7846,261.533,1211,620,2076,1861,8.7714,4.3378
7847,261.567,1212,620,2076,1859,9.7889,3.9543
7848,261.600,1212,620,2076,1858,9.3450,3.2569
7849,261.633,1212,620,2076,1858,9.8130,3.5733
7850,261.667,1212,620,2076,1859,10.1649,2.9851
7851,261.700,1212,621,2076,1856,11.0864,3.6590
7852,261.733,1212,621,2076,1854,10.1748,4.9390
7853,261.767,1213,622,2075,1857,8.2392,4.4092
7854,261.800,1213,623,2074,1858,7.4746,4.1854
7855,261.833,1209,605,2071,1867,12.2117,1.3386
7856,261.867,1209,608,2070,1865,10.4277,0.2582
7857,261.900,1209,609,2070,1866,8.5129,-0.4348
7858,261.933,1209,616,2065,1847,11.0930,4.0148
7859,261.967,1209,616,2064,1847,9.5248,5.5070
7860,262.000,1208,614,2065,1848,9.3374,3.7005
7861,262.033,1208,613,2065,1848,9.0458,3.6125
7862,262.067,1208,613,2065,1848,9.1346,3.6395
7863,262.100,1208,614,2065,1847,8.6675,3.3298
7864,262.133,1207,614,2065,1847,8.0704,3.7781
7865,262.167,1207,615,2066,1848,11.4408,2.4848
7866,262.200,1206,615,2066,1847,9.3213,3.8543
7867,262.233,1206,615,2066,1847,9.6274,4.5589
7868,262.267,1207,616,2066,1849,10.0024,3.4232
7869,262.300,1207,616,2066,1852,10.5362,3.8353
7870,262.333,1207,614,2066,1853,10.9565,5.1244
7871,262.367,1207,615,2067,1851,12.3997,3.1410
7872,262.400,1207,615,2067,1852,9.4202,3.8785
7873,262.433,1206,617,2068,1851,8.0030,3.9008
7874,262.467,1205,615,2070,1855,11.2002,1.9199
7875,262.500,1205,617,2070,1854,9.9440,5.5024
7876,262.533,1205,618,2070,1854,8.5884,6.3986
7877,262.567,1206,617,2070,1853,9.5647,3.8229
7878,262.600,1207,616,2069,1854,11.2320,4.0270
7879,262.633,1206,616,2069,1854,15.1278,2.2521
7880,262.667,1206,616,2069,1853,20.5228,3.4592
7881,262.700,1206,616,2069,1852,21.9903,4.7406
7882,262.733,1206,616,2069,1852,21.9923,4.6246
7883,262.767,1206,615,2069,1856,20.2741,6.5161
7884,262.800,1207,613,2070,1857,24.0829,5.3861
7885,262.833,1209,613,2069,1858,21.3885,3.8899
7886,262.867,1211,612,2068,1858,23.5366,4.0768
7887,262.900,1211,610,2069,1855,21.8806,5.5280
7888,262.933,1211,611,2069,1855,22.0317,4.9305
7889,262.967,1212,610,2069,1854,21.4563,6.8693
7890,263.000,1212,610,2069,1853,23.5001,6.1570
7891,263.033,1212,609,2070,1854,23.5608,6.5180
7892,263.067,1211,608,2071,1860,22.1379,6.5608
7893,263.100,1211,605,2071,1863,23.5192,1.7109
7894,263.133,1211,606,2071,1864,24.5991,3.4095
7895,263.167,1211,607,2071,1863,24.3152,3.8989
7896,263.200,1211,605,2072,1864,24.0064,2.0494
7897,263.233,1210,603,2072,1866,25.7033,1.5710
7898,263.267,1210,607,2072,1865,25.5101,4.4762
7899,263.300,1211,606,2072,1863,23.9091,2.0360
7900,263.333,1211,607,2072,1863,22.7411,3.7819
7901,263.367,1211,607,2072,1863,23.6539,3.6561
7902,263.400,1212,605,2072,1864,23.0948,2.1802
7903,263.433,1212,607,2071,1863,22.7572,2.1680
7904,263.467,1213,607,2071,1861,20.6672,2.4799
7905,263.500,1213,609,2070,1860,22.8540,4.4096
7906,263.533,1214,610,2071,1855,22.2922,5.4977
7907,263.567,1213,608,2070,1857,21.2973,5.5200
7908,263.600,1213,610,2068,1856,21.5786,5.3124
7909,263.633,1213,612,2068,1856,22.6530,5.2489
7910,263.667,1212,612,2067,1855,21.3794,3.1691
7911,263.700,1211,612,2067,1854,22.4336,3.5022
7912,263.733,1211,612,2067,1854,22.6173,2.8522
7913,263.767,1211,612,2067,1854,22.2381,3.1879
7914,263.800,1211,612,2066,1854,21.4332,4.4563
7915,263.833,1211,611,2067,1856,20.9535,3.4963
7916,263.867,1211,610,2067,1857,23.1189,4.5381
7917,263.900,1211,608,2067,1857,23.4586,2.8222
7918,263.933,1211,607,2067,1858,21.8559,2.6063
7919,263.967,1212,604,2067,1859,18.9917,1.8215
7920,264.000,1213,607,2067,1853,20.4907,4.5527
7921,264.033,1213,605,2069,1853,19.3965,1.2130
7922,264.067,1213,603,2070,1853,18.5482,3.8197
7923,264.100,1213,603,2070,1854,17.6772,3.2937
7924,264.133,1213,604,2070,1854,16.7537,1.1576
7925,264.167,1213,602,2071,1853,20.9811,4.0328
7926,264.200,1213,602,2071,1853,20.9279,3.8634
7927,264.233,1213,603,2070,1854,17.0466,2.9092
7928,264.267,1214,601,2070,1854,19.0664,1.8870
7929,264.300,1214,604,2070,1853,16.2326,1.9963
7930,264.333,1215,605,2068,1853,16.7209,0.0263
7931,264.367,1215,605,2069,1853,16.7338,0.1212
7932,264.400,1214,607,2069,1852,17.6108,1.3447
7933,264.433,1214,607,2069,1851,19.2545,1.6020
7934,264.467,1214,607,2069,1851,18.5094,2.1801
7935,264.500,1214,607,2068,1850,19.5154,2.5223
7936,264.533,1213,607,2069,1850,18.3703,2.9594
7937,264.567,1214,608,2069,1849,17.8210,3.1360
7938,264.600,1213,608,2069,1850,18.5808,3.3780
7939,264.633,1213,608,2069,1850,17.8773,2.4775
7940,264.667,1213,607,2069,1849,18.4050,1.4984
7941,264.700,1212,606,2069,1851,18.7829,2.1820
7942,264.733,1212,604,2069,1851,17.8648,-0.1847
7943,264.767,1212,604,2069,1851,17.9501,0.1902
7944,264.800,1212,603,2069,1853,18.4827,2.2043
7945,264.833,1212,602,2070,1853,18.7959,0.5059
7946,264.867,1212,602,2070,1852,17.3355,0.7968
7947,264.900,1212,602,2070,1855,19.2163,-0.7136
7948,264.933,1213,605,2069,1856,17.5785,-1.4745
7949,264.967,1216,622,2074,1848,18.9753,0.6354
7950,265.000,1216,623,2074,1849,21.9900,3.0698
7951,265.033,1216,623,2074,1850,21.4575,2.8382
7952,265.067,1216,622,2074,1850,19.9493,2.5616
7953,265.100,1216,621,2075,1849,20.6111,1.3623
7954,265.133,1216,621,2075,1851,18.4053,2.9367
7955,265.167,1216,620,2075,1850,17.5325,3.6213
7956,265.200,1216,620,2075,1850,17.3284,3.5723
7957,265.233,1216,620,2075,1849,17.6837,3.7199
7958,265.267,1215,618,2076,1850,19.4297,1.9064
7959,265.300,1216,616,2076,1851,20.8078,2.9776
7960,265.333,1215,616,2077,1851,22.4207,2.8891
7961,265.367,1215,616,2077,1851,19.8985,2.4697
7962,265.400,1216,617,2077,1854,19.9355,2.2469
7963,265.433,1216,620,2079,1852,21.7416,3.2420
7964,265.467,1216,623,2079,1852,19.1697,0.6264
7965,265.500,1215,620,2080,1853,20.0164,3.9094
7966,265.533,1215,625,2080,1855,20.7657,3.1289
7967,265.567,1215,624,2080,1858,19.0610,3.4943
7968,265.600,1215,624,2080,1858,19.0286,3.3010
7969,265.633,1215,624,2080,1858,19.2439,3.4620
7970,265.667,1211,603,2076,1868,18.1185,2.0466
7971,265.700,1215,624,2079,1859,19.5461,4.2765
7972,265.733,1215,623,2079,1858,20.9239,3.5861
7973,265.767,1215,624,2079,1858,20.1300,4.6324
7974,265.800,1211,604,2076,1867,18.2242,2.8529
7975,265.833,1215,625,2080,1860,21.0931,1.7856
7976,265.867,1210,604,2076,1871,18.9733,3.2492
7977,265.900,1214,625,2081,1862,19.1262,2.2203
7978,265.933,1209,603,2076,1873,16.9399,1.1892
7979,265.967,1214,622,2080,1863,18.7136,3.0444
7980,266.000,1214,618,2080,1862,18.9329,4.6506
7981,266.033,1214,617,2080,1864,19.4130,5.1159
7982,266.067,1215,616,2080,1863,21.2383,3.5508
7983,266.100,1214,618,2081,1862,18.9805,2.7397
7984,266.133,1215,621,2082,1859,19.6900,2.5595
7985,266.167,1215,621,2083,1859,20.0178,2.4023
7986,266.200,1216,621,2083,1858,19.6035,1.9244
7987,266.233,1216,621,2083,1857,19.5345,2.1023
7988,266.267,1216,618,2083,1856,18.9823,2.8831
7989,266.300,1216,619,2083,1856,19.6049,3.0066
7990,266.333,1215,619,2083,1855,21.7917,3.6471
7991,266.367,1215,620,2082,1857,19.8008,1.0748
7992,266.400,1214,620,2082,1861,17.8610,0.8192
7993,266.433,1215,620,2081,1859,16.3219,1.6176
7994,266.467,1216,620,2079,1857,20.7697,4.0229
7995,266.500,1216,621,2079,1857,19.6163,1.3190
7996,266.533,1216,621,2079,1857,17.5230,1.0938
7997,266.567,1216,622,2079,1856,16.5479,1.9206
7998,266.600,1216,622,2079,1856,17.1574,1.5053
7999,266.633,1216,622,2079,1855,16.6602,0.6867
8000,266.667,1216,623,2079,1854,18.8792,3.2267
8001,266.700,1216,623,2079,1856,18.8075,2.5344
8002,266.733,1216,623,2079,1857,18.2836,2.1254
8003,266.767,1216,623,2080,1857,19.2379,3.6704
8004,266.800,1216,624,2080,1857,18.1548,3.4362
8005,266.833,1215,623,2080,1856,18.5854,0.9657
8006,266.867,1215,622,2080,1855,17.9108,2.8631
8007,266.900,1215,622,2080,1855,17.9644,3.0045
8008,266.933,1215,621,2080,1856,17.8498,4.0812
8009,266.967,1215,622,2080,1855,17.6595,3.1505
8010,267.000,1216,623,2081,1856,16.6484,2.5677
8011,267.033,1215,624,2081,1858,17.0199,1.7382
8012,267.067,1216,624,2083,1861,17.9957,1.9215
8013,267.100,1216,624,2083,1862,18.3108,3.5148
8014,267.133,1217,623,2083,1863,17.7220,2.5525
8015,267.167,1217,626,2084,1863,20.0879,5.2715
8016,267.200,1212,604,2081,1879,20.0835,2.2379
8017,267.233,1212,605,2080,1877,18.9296,2.6399
8018,267.267,1212,607,2082,1882,16.9296,3.7751
8019,267.300,1213,608,2081,1881,17.9116,5.4181
8020,267.333,1213,608,2081,1882,16.6237,4.6724
8021,267.367,1213,608,2081,1881,17.9397,5.3212
8022,267.400,1214,609,2080,1881,16.5093,6.0755
8023,267.433,1214,610,2081,1883,19.0532,6.1966
8024,267.467,1215,610,2081,1883,18.1020,3.7294
8025,267.500,1215,610,2081,1881,17.9774,3.5231
8026,267.533,1215,609,2080,1882,18.1266,3.7194
8027,267.567,1215,609,2081,1884,18.2536,3.4130
8028,267.600,1216,609,2081,1884,17.4419,4.7929
8029,267.633,1216,610,2081,1885,18.4922,3.0049
8030,267.667,1216,611,2082,1886,19.8499,3.9040
8031,267.700,1216,610,2082,1887,18.2448,2.7327
8032,267.733,1216,610,2082,1887,18.7495,2.7710
8033,267.767,1216,609,2082,1887,18.0986,4.0420
8034,267.800,1216,608,2083,1887,17.0416,4.7966
8035,267.833,1216,609,2084,1888,18.3772,2.9572
8036,267.867,1216,607,2083,1885,18.4503,3.1727
8037,267.900,1216,606,2083,1887,18.4183,4.2606
8038,267.933,1216,606,2082,1882,18.5290,3.0776
8039,267.967,1216,604,2082,1882,17.6982,3.7787
8040,268.000,1217,604,2083,1882,19.3773,2.2900
8041,268.033,1216,604,2083,1882,20.4676,3.2333
8042,268.067,1216,604,2083,1882,20.5476,3.0583
8043,268.100,1216,604,2084,1883,20.4700,4.6317
8044,268.133,1216,602,2084,1882,19.9142,2.1033
8045,268.167,1216,602,2085,1881,19.5047,1.9371
8046,268.200,1215,602,2085,1882,19.7843,1.6972
8047,268.233,1216,604,2084,1880,20.9194,3.9396
8048,268.267,1216,604,2085,1875,20.5633,5.6137
8049,268.300,1216,605,2085,1873,20.5705,6.9182
8050,268.333,1216,603,2084,1872,21.4366,6.0019
8051,268.367,1216,603,2084,1872,22.0350,5.9173
8052,268.400,1217,602,2085,1874,20.1870,5.2447
8053,268.433,1217,602,2084,1874,18.8777,6.8906
8054,268.467,1217,602,2084,1874,18.8812,7.0369
8055,268.500,1217,602,2084,1873,19.1249,6.5815
8056,268.533,1218,603,2083,1873,20.2354,7.6900
8057,268.567,1218,602,2083,1873,21.5596,5.0288
8058,268.600,1218,603,2084,1872,20.3184,6.7820
8059,268.633,1218,603,2084,1871,19.2047,6.2838
8060,268.667,1218,604,2084,1871,19.0489,7.9954
8061,268.700,1218,603,2084,1870,21.2239,9.5386
8062,268.733,1219,601,2085,1873,19.2616,6.4369
8063,268.767,1219,601,2085,1872,18.5209,6.6349
8064,268.800,1218,600,2085,1873,19.4443,7.2771
8065,268.833,1218,599,2085,1872,16.5634,6.2025
8066,268.867,1218,600,2085,1872,19.0613,5.9830
8067,268.900,1218,600,2085,1872,18.8150,5.5223
8068,268.933,1218,600,2085,1872,19.3104,5.4655
8069,268.967,1218,600,2085,1872,18.6062,5.1361
8070,269.000,1217,600,2084,1870,19.0714,6.5328
8071,269.033,1218,603,2087,1870,23.1519,9.2613
8072,269.067,1218,603,2087,1870,23.3982,9.1709
8073,269.100,1218,601,2087,1870,21.0179,3.9920
8074,269.133,1217,601,2087,1871,20.8757,8.3136
8075,269.167,1218,601,2087,1871,21.5374,6.4797
8076,269.200,1217,600,2086,1869,21.5891,5.9473
8077,269.233,1217,597,2085,1871,21.7367,7.6421
8078,269.267,1216,599,2086,1880,20.7443,3.6358
8079,269.300,1216,605,2084,1879,21.0762,0.2121
8080,269.333,1216,602,2081,1875,21.3363,-0.7502
8081,269.367,1219,606,2080,1874,23.5012,-1.3468
8082,269.400,1217,606,2083,1877,15.7010,-2.5879
8083,269.433,1218,609,2084,1875,17.9421,-6.7793
8084,269.467,1218,596,2086,1877,18.9304,3.7291
8085,269.500,1221,595,2089,1879,19.8422,7.7987
8086,269.533,1219,593,2092,1880,19.2811,8.8047
8087,269.567,1220,591,2090,1881,19.3628,11.4215
8088,269.600,1221,590,2090,1881,18.9032,8.8083
8089,269.633,1221,590,2090,1884,17.8827,8.3270
8090,269.667,1221,590,2090,1883,17.7770,8.8333
8091,269.700,1221,592,2090,1883,18.5636,9.7504
8092,269.733,1222,593,2090,1882,18.1651,8.7350
8093,269.767,1223,595,2089,1882,19.3168,8.8168
8094,269.800,1223,594,2088,1883,18.5484,9.7790
8095,269.833,1223,595,2087,1880,19.2419,8.9523
8096,269.867,1223,595,2088,1880,18.6698,8.4703
8097,269.900,1223,594,2087,1879,19.6000,9.1281
8098,269.933,1223,595,2087,1879,20.1425,9.8545
8099,269.967,1222,596,2087,1877,21.4888,8.5558
8100,270.000,1222,596,2088,1881,20.2468,9.1990
8101,270.033,1222,596,2088,1880,20.3844,10.3187
8102,270.067,1222,596,2088,1880,20.4125,10.2383
8103,270.100,1222,596,2087,1879,20.1943,9.1786
8104,270.133,1222,596,2087,1880,21.5980,9.2817
8105,270.167,1222,594,2087,1880,22.0607,10.0310
8106,270.200,1221,593,2087,1880,22.9956,10.9334
8107,270.233,1222,591,2087,1881,20.4756,12.7314
8108,270.267,1222,592,2087,1880,21.7087,11.3985
8109,270.300,1222,590,2089,1884,19.1060,10.9818
8110,270.333,1221,590,2089,1885,20.3130,12.0206
8111,270.367,1223,590,2089,1885,18.0302,10.0135
8112,270.400,1223,590,2089,1884,19.5010,10.0759
8113,270.433,1223,591,2089,1886,20.4534,11.7079
8114,270.467,1223,591,2089,1886,20.7590,11.6187
8115,270.500,1224,590,2088,1887,20.7382,9.6325
8116,270.533,1224,589,2089,1886,20.8138,8.7435
8117,270.567,1223,590,2090,1890,19.8434,10.2244
8118,270.600,1223,589,2090,1889,19.0018,8.2469
8119,270.633,1223,588,2089,1889,21.2080,9.9534
8120,270.667,1223,588,2090,1890,20.0517,8.1248
8121,270.700,1223,587,2093,1891,22.2323,9.6630
8122,270.733,1223,588,2092,1890,22.2199,8.7387
8123,270.767,1224,586,2092,1889,17.9922,9.3637
8124,270.800,1224,587,2092,1890,19.8077,8.4120
8125,270.833,1224,584,2092,1890,22.3938,9.6405
8126,270.867,1224,585,2091,1888,21.2827,8.8813
8127,270.900,1225,584,2091,1888,23.5609,9.8082
8128,270.933,1225,582,2091,1890,21.7251,8.7148
8129,270.967,1226,581,2093,1890,20.6593,9.1817
8130,271.000,1226,584,2096,1897,23.1595,8.0926
8131,271.033,1227,583,2095,1896,22.1298,8.6570
8132,271.067,1226,582,2095,1896,22.3943,7.7592
8133,271.100,1226,582,2096,1896,22.1237,7.6305
8134,271.133,1226,580,2095,1896,21.2299,6.6467
8135,271.167,1226,579,2096,1896,21.5206,8.2849
8136,271.200,1226,580,2096,1896,22.9562,8.7618
8137,271.233,1226,579,2095,1897,22.1715,9.0317
8138,271.267,1226,582,2095,1896,23.4431,8.2918
8139,271.300,1227,581,2095,1896,19.9361,10.3533
8140,271.333,1226,582,2095,1897,21.6835,9.6108
8141,271.367,1226,584,2095,1897,18.9706,9.7044
8142,271.400,1227,586,2094,1899,19.7682,10.1391
8143,271.433,1225,586,2094,1900,20.8285,10.0932
8144,271.467,1226,586,2093,1898,23.4161,10.4280
8145,271.500,1226,586,2093,1898,23.9361,10.2926
8146,271.533,1226,586,2093,1898,24.4355,9.0769
8147,271.567,1226,586,2093,1897,21.6699,9.6173
8148,271.600,1225,585,2094,1897,20.9739,10.3642
8149,271.633,1225,586,2094,1896,20.2770,9.1886
8150,271.667,1225,584,2094,1898,21.1623,9.5371
8151,271.700,1225,585,2094,1900,22.9787,9.8669
8152,271.733,1226,586,2092,1896,23.2396,10.2550
8153,271.767,1227,586,2092,1894,22.4180,9.8798
8154,271.800,1227,590,2091,1893,19.9193,6.8449
8155,271.833,1227,589,2090,1892,20.7006,7.4557
8156,271.867,1227,587,2090,1891,21.9069,7.9094
8157,271.900,1226,593,2091,1891,18.6887,4.0726
8158,271.933,1224,593,2087,1885,17.1166,6.4254
8159,271.967,1224,594,2087,1883,17.3045,6.3157
8160,272.000,1226,599,2087,1881,17.1457,0.9401
8161,272.033,1226,590,2088,1886,23.5699,8.0707
8162,272.067,1227,592,2088,1884,23.4228,6.7394
8163,272.100,1227,594,2090,1888,20.4190,8.5844
8164,272.133,1229,591,2089,1887,24.3002,6.3761
8165,272.167,1230,591,2089,1888,24.3970,4.0469
8166,272.200,1230,592,2090,1888,22.7586,4.8253
8167,272.233,1228,589,2092,1890,22.4166,4.8586
8168,272.267,1229,590,2093,1890,23.6205,7.6216
8169,272.300,1228,588,2092,1888,24.7861,6.2094
8170,272.333,1228,587,2092,1889,25.5083,8.7000
8171,272.367,1228,589,2092,1888,23.5018,7.6436
8172,272.400,1229,589,2093,1887,21.3882,6.6991
8173,272.433,1229,589,2092,1887,22.2028,6.8539
8174,272.467,1229,590,2091,1887,21.5673,5.7238
8175,272.500,1230,590,2091,1887,21.7104,5.5625
8176,272.533,1230,589,2090,1887,23.7308,4.2208
8177,272.567,1230,587,2090,1887,23.5816,6.6599
8178,272.600,1230,587,2090,1887,23.3970,7.1104
8179,272.633,1229,585,2091,1888,23.0193,7.5791
8180,272.667,1229,587,2090,1888,24.3701,8.0404
8181,272.700,1229,592,2089,1888,22.3918,8.6506
8182,272.733,1227,593,2089,1891,21.5453,7.0240
8183,272.767,1227,598,2087,1884,20.7685,8.1312
8184,272.800,1226,601,2087,1884,19.5462,7.0035
8185,272.833,1225,599,2087,1883,17.6903,6.4412
8186,272.867,1225,601,2088,1885,19.0207,7.3821
8187,272.900,1224,597,2088,1885,17.5185,7.4876
8188,272.933,1224,598,2088,1887,18.5688,5.5054
8189,272.967,1225,597,2088,1888,17.4028,7.0322
8190,273.000,1222,597,2090,1896,20.0443,8.8052
8191,273.033,1223,596,2089,1894,19.1811,8.0915
8192,273.067,1224,593,2091,1894,19.2877,8.3403
8193,273.100,1225,593,2091,1894,19.5294,8.0174
8194,273.133,1225,592,2092,1894,19.7495,6.9164
8195,273.167,1225,593,2093,1894,19.4747,9.0125
8196,273.200,1225,594,2092,1894,20.5745,10.5299
8197,273.233,1226,594,2093,1894,20.9018,10.0432
8198,273.267,1226,596,2093,1892,17.5298,9.8561
8199,273.300,1226,595,2093,1892,20.4431,10.6578
8200,273.333,1226,595,2092,1892,20.3622,10.3695
8201,273.367,1226,596,2092,1893,18.3538,9.9541
8202,273.400,1227,595,2092,1893,19.3710,7.6771
8203,273.433,1227,595,2092,1893,19.9606,7.1395
8204,273.467,1227,596,2092,1892,19.3415,7.7010
8205,273.500,1227,596,2092,1892,19.4397,7.6283
8206,273.533,1227,596,2092,1892,19.7524,8.1780
8207,273.567,1227,597,2093,1893,20.1190,8.3100
8208,273.600,1227,596,2093,1893,19.0535,7.8846
8209,273.633,1227,596,2093,1893,19.2274,8.0443
8210,273.667,1226,595,2092,1891,19.0339,8.7511
8211,273.700,1227,595,2092,1892,19.6880,7.2753
8212,273.733,1227,593,2092,1888,19.2190,8.1924
8213,273.767,1228,594,2092,1886,18.8084,8.4806
8214,273.800,1228,592,2092,1884,20.2267,7.9949
8215,273.833,1228,591,2092,1885,20.5086,7.6829
8216,273.867,1228,592,2092,1885,19.9764,7.6720
8217,273.900,1228,592,2092,1885,19.5024,7.8804
8218,273.933,1228,593,2092,1885,19.9924,7.8188
8219,273.967,1229,594,2091,1885,20.9653,7.0942
8220,274.000,1228,594,2092,1885,20.8345,7.9927
8221,274.033,1228,594,2092,1886,20.6116,9.6860
8222,274.067,1228,593,2092,1886,20.6291,8.6570
8223,274.100,1227,593,2091,1888,21.1245,7.7559
8224,274.133,1227,594,2092,1889,20.3078,9.7052
8225,274.167,1227,594,2091,1888,21.2697,9.4641
8226,274.200,1227,594,2091,1888,21.1542,9.2799
8227,274.233,1227,595,2091,1887,20.3473,9.5281
8228,274.267,1227,593,2091,1888,22.2434,9.5749
8229,274.300,1227,591,2091,1888,20.3482,8.6747
8230,274.333,1227,591,2091,1888,20.0039,8.4711
8231,274.367,1227,591,2091,1889,19.7655,8.1950
8232,274.400,1227,591,2091,1888,19.9657,10.2592
8233,274.433,1226,593,2091,1891,19.7799,11.6926
8234,274.467,1226,593,2091,1892,21.3089,11.3476
8235,274.500,1225,592,2090,1893,20.0758,12.1045
8236,274.533,1226,593,2090,1894,21.3280,11.0357
8237,274.567,1225,595,2089,1892,21.3624,12.2171
8238,274.600,1225,595,2089,1892,21.2577,12.3821
8239,274.633,1225,597,2089,1891,20.1296,11.5061
8240,274.667,1225,597,2089,1891,20.0339,11.2992
8241,274.700,1226,596,2089,1890,21.3927,11.8114
8242,274.733,1226,596,2089,1890,21.4829,11.8111
8243,274.767,1226,597,2089,1889,19.4621,9.2374
8244,274.800,1227,597,2090,1887,20.8098,11.7181
8245,274.833,1226,598,2090,1889,18.9056,10.3383
8246,274.867,1226,597,2090,1888,20.0666,11.3186
8247,274.900,1226,596,2090,1886,20.5100,12.7101
8248,274.933,1226,594,2092,1887,21.1137,12.7863
8249,274.967,1225,592,2093,1890,19.2823,12.3618
8250,275.000,1226,589,2095,1890,20.2070,13.4467
8251,275.033,1226,589,2095,1891,19.9817,13.4677
8252,275.067,1227,588,2094,1892,21.3840,12.2288
8253,275.100,1227,589,2095,1893,21.3896,14.3773
8254,275.133,1227,588,2095,1893,20.5236,12.1524
8255,275.167,1227,588,2095,1893,19.8277,12.3788
8256,275.200,1227,587,2096,1893,18.1526,13.0077
8257,275.233,1227,588,2096,1893,18.8013,13.5168
8258,275.267,1227,588,2096,1894,19.7305,13.4549
8259,275.300,1227,588,2095,1894,21.1092,11.2845
8260,275.333,1227,589,2095,1895,21.4643,12.5078
8261,275.367,1227,590,2095,1895,22.0211,12.0844
8262,275.400,1226,591,2095,1895,19.4919,11.6322
8263,275.433,1225,591,2095,1896,22.2757,11.8102
8264,275.467,1225,590,2095,1896,20.6467,11.3921
8265,275.500,1225,591,2095,1896,22.2540,11.5918
8266,275.533,1225,591,2095,1897,20.5530,12.4263
8267,275.567,1225,590,2095,1897,22.5520,10.8404
8268,275.600,1225,591,2094,1896,20.8641,11.6955
8269,275.633,1225,591,2095,1896,20.8772,11.8360
8270,275.667,1225,592,2095,1897,21.8655,12.5220
8271,275.700,1225,593,2094,1896,23.2294,11.4810
8272,275.733,1226,593,2094,1896,21.1713,11.9672
8273,275.767,1226,592,2095,1896,19.6837,13.0360
8274,275.800,1227,592,2094,1896,20.2500,12.9655
8275,275.833,1229,594,2090,1888,21.7319,6.5288
8276,275.867,1229,594,2090,1888,21.5786,6.6247
8277,275.900,1228,593,2090,1889,22.6374,7.5990
8278,275.933,1228,592,2090,1889,22.8320,5.5626
8279,275.967,1228,594,2090,1888,21.3381,9.1346
8280,276.000,1228,598,2093,1889,21.3891,11.6101
8281,276.033,1228,599,2093,1890,19.8790,12.7506
8282,276.067,1227,600,2092,1890,22.1593,12.9375
8283,276.100,1226,600,2092,1888,19.8622,12.5986
8284,276.133,1226,598,2092,1888,20.3965,12.1633
8285,276.167,1225,599,2093,1888,19.2689,11.4384
8286,276.200,1225,599,2093,1889,18.4918,12.7959
8287,276.233,1225,599,2093,1890,20.1778,10.8587
8288,276.267,1225,599,2093,1889,18.8148,11.8812
8289,276.300,1225,598,2091,1889,22.5558,11.3986
8290,276.333,1225,599,2091,1889,23.2896,11.5199
8291,276.367,1226,597,2092,1888,19.9404,11.5449
8292,276.400,1227,597,2092,1887,18.9135,13.4030
8293,276.433,1226,594,2093,1889,19.6160,12.2833
8294,276.467,1227,595,2092,1888,18.6449,12.2232
8295,276.500,1227,594,2092,1887,16.5611,10.3773
8296,276.533,1227,595,2092,1889,17.6467,11.8031
8297,276.567,1227,593,2091,1888,19.3663,11.3766
8298,276.600,1227,593,2092,1888,19.3509,10.4537
8299,276.633,1227,591,2092,1890,21.8374,9.4965
8300,276.667,1228,590,2092,1889,21.6501,10.1790
8301,276.700,1228,591,2092,1890,20.5183,9.9998
8302,276.733,1229,596,2092,1889,17.1128,8.0676
8303,276.767,1229,598,2092,1889,16.4407,7.2047
8304,276.800,1220,605,2089,1886,8.6915,5.7267
8305,276.833,1222,599,2088,1885,22.5732,8.6110
8306,276.867,1228,595,2091,1888,15.6645,8.6814
8307,276.900,1227,595,2091,1889,15.8497,10.5311
8308,276.933,1227,595,2092,1890,17.5197,12.3034
8309,276.967,1228,593,2093,1889,19.1422,11.7288
8310,277.000,1226,591,2093,1891,21.3705,11.7744
8311,277.033,1226,590,2093,1891,20.4833,12.8253
8312,277.067,1226,590,2093,1891,19.9501,11.8638
8313,277.100,1226,589,2093,1891,19.6825,12.5224
8314,277.133,1226,589,2093,1889,19.0732,12.7262
8315,277.167,1227,588,2092,1886,19.8670,11.6340
8316,277.200,1227,588,2092,1885,19.3841,11.9174
8317,277.233,1227,587,2091,1885,20.5282,11.3559
8318,277.267,1227,586,2092,1887,20.8302,10.7032
8319,277.300,1226,586,2092,1889,19.0467,10.2796
8320,277.333,1226,585,2094,1891,20.4125,11.2033
8321,277.367,1226,587,2094,1890,20.3226,12.2361
8322,277.400,1224,587,2095,1892,19.8171,9.8671
8323,277.433,1225,587,2095,1892,18.7559,10.7374
8324,277.467,1224,589,2096,1892,18.9345,11.8113
8325,277.500,1224,589,2097,1892,20.9266,10.7590
8326,277.533,1225,588,2097,1891,20.2393,11.9311
8327,277.567,1224,586,2096,1893,19.4016,9.5865
8328,277.600,1225,586,2097,1892,20.4282,11.7873
8329,277.633,1225,585,2097,1891,18.7934,11.4560
8330,277.667,1226,585,2097,1891,20.0118,9.7286
8331,277.700,1226,585,2098,1892,19.7979,11.1697
8332,277.733,1226,586,2098,1893,19.1889,11.5345
8333,277.767,1225,585,2098,1894,20.0364,12.3185
8334,277.800,1225,588,2097,1894,19.2893,12.2586
8335,277.833,1226,589,2096,1894,18.8095,12.5591
8336,277.867,1226,589,2096,1894,19.3488,13.0987
8337,277.900,1226,588,2095,1895,20.2881,11.2737
8338,277.933,1227,588,2096,1897,20.8700,12.8893
8339,277.967,1226,589,2096,1898,20.1227,11.6971
8340,278.000,1227,591,2096,1898,18.9986,7.7692
8341,278.033,1228,591,2095,1898,20.2627,9.2039
8342,278.067,1228,591,2095,1898,20.3024,9.0164
8343,278.100,1227,591,2095,1899,19.7750,8.2789
8344,278.133,1227,591,2096,1899,18.2194,7.6889
8345,278.167,1227,593,2096,1898,18.9220,9.5247
8346,278.200,1227,593,2096,1898,18.9517,9.4374
8347,278.233,1227,592,2096,1899,20.6853,9.8374
8348,278.267,1227,594,2096,1899,20.0719,9.8893
8349,278.300,1227,593,2096,1899,19.8087,9.2256
8350,278.333,1227,593,2096,1899,19.6200,9.4377
8351,278.367,1227,593,2096,1900,18.5485,9.6102
8352,278.400,1227,593,2097,1899,17.2204,8.8634
8353,278.433,1227,592,2097,1899,19.2917,9.7095
8354,278.467,1227,592,2097,1899,19.2432,10.0671
8355,278.500,1226,593,2097,1899,17.8433,11.9217
8356,278.533,1226,592,2097,1899,17.9973,9.6720
8357,278.567,1226,593,2096,1897,18.0715,11.2567
8358,278.600,1226,593,2096,1897,18.5838,11.1620
8359,278.633,1227,592,2096,1897,17.2454,9.5084
8360,278.667,1227,592,2095,1897,17.0318,10.9589
8361,278.700,1227,592,2095,1898,17.1879,10.5037
8362,278.733,1227,592,2095,1897,16.9358,10.6394
8363,278.767,1227,592,2095,1897,16.5641,10.9512
8364,278.800,1227,592,2094,1897,17.5156,10.8463
8365,278.833,1227,591,2094,1895,16.8470,9.5892
8366,278.867,1227,591,2094,1896,17.2782,9.6495
8367,278.900,1227,592,2094,1894,17.6594,11.3391
8368,278.933,1227,593,2094,1893,18.9531,11.6713
8369,278.967,1228,593,2094,1894,16.4700,11.2363
8370,279.000,1228,592,2093,1895,18.9428,10.6531
8371,279.033,1229,590,2093,1895,18.4073,10.7634
8372,279.067,1228,591,2094,1895,17.6502,10.5002
8373,279.100,1228,591,2094,1895,17.6179,11.1465
8374,279.133,1228,592,2095,1894,17.0496,10.4740
8375,279.167,1228,594,2095,1895,18.0446,10.9999
8376,279.200,1228,593,2095,1895,17.4580,10.4637
8377,279.233,1228,594,2095,1895,18.2193,10.9106
8378,279.267,1228,595,2095,1895,16.7677,8.8986
8379,279.300,1228,594,2095,1896,17.6420,9.1015
8380,279.333,1228,594,2094,1896,17.1074,9.6791
8381,279.367,1228,593,2094,1896,18.5971,9.0844
8382,279.400,1228,592,2093,1895,19.6489,8.8204
8383,279.433,1228,592,2093,1894,19.0849,10.2847
8384,279.467,1228,594,2092,1894,16.3811,10.2786
8385,279.500,1228,594,2092,1894,17.1203,10.1481
8386,279.533,1227,595,2093,1895,15.7933,10.8766
8387,279.567,1228,594,2091,1895,18.7419,8.6819
8388,279.600,1228,594,2092,1892,18.9309,9.4137
8389,279.633,1228,595,2092,1892,17.9676,9.6389
8390,279.667,1228,597,2092,1889,18.6792,10.4787
8391,279.700,1228,598,2092,1888,17.9536,9.8925
8392,279.733,1228,598,2092,1889,18.3130,10.0417
8393,279.767,1228,598,2092,1889,18.3197,9.8405
8394,279.800,1228,598,2093,1889,19.1076,9.3100
8395,279.833,1228,599,2093,1890,18.4503,8.6974
8396,279.867,1228,599,2093,1889,18.5320,8.4346
8397,279.900,1228,599,2093,1889,18.9326,8.6082
8398,279.933,1228,599,2093,1889,17.4551,8.4923
8399,279.967,1228,599,2093,1889,18.0905,8.5306
8400,280.000,1229,599,2091,1887,18.7806,9.1198
8401,280.033,1229,598,2091,1887,18.0064,8.8291
8402,280.067,1229,598,2091,1887,17.9664,9.1851
8403,280.100,1229,598,2091,1887,17.8588,9.2535
8404,280.133,1229,598,2091,1886,19.1546,8.7641
8405,280.167,1229,594,2093,1888,15.6430,10.0559
8406,280.200,1229,593,2094,1888,16.9044,10.1197
8407,280.233,1229,592,2094,1888,17.5891,10.4694
8408,280.267,1229,588,2095,1889,17.8467,10.5075
8409,280.300,1229,585,2097,1894,14.0436,10.6017
8410,280.333,1229,583,2098,1894,9.2435,10.6827
8411,280.367,1229,582,2100,1900,5.6899,10.2889
8412,280.400,1229,584,2099,1900,8.4753,9.2611
8413,280.433,1229,583,2099,1901,6.3618,8.2590
8414,280.467,1229,584,2099,1901,7.2270,8.6682
8415,280.500,1230,583,2099,1901,5.3138,9.8395
8416,280.533,1230,583,2098,1901,6.7136,8.9788
8417,280.567,1229,582,2099,1901,8.0031,8.5806
8418,280.600,1229,583,2098,1901,7.3082,8.6359
8419,280.633,1229,583,2098,1901,7.1740,8.9781
8420,280.667,1229,583,2098,1901,5.9910,9.4187
8421,280.700,1228,584,2096,1902,4.8195,10.6523
8422,280.733,1228,584,2096,1902,4.6269,10.5359
8423,280.767,1227,584,2096,1902,3.7432,10.2377
8424,280.800,1227,584,2095,1902,3.5996,10.4274
8425,280.833,1227,583,2095,1901,4.6029,9.8971
8426,280.867,1227,584,2095,1901,3.0302,11.6127
8427,280.900,1226,584,2094,1901,4.1545,11.8524
8428,280.933,1226,584,2094,1901,2.7261,11.7866
8429,280.967,1227,584,2094,1900,3.0006,11.2050
8430,281.000,1226,590,2095,1901,8.3243,10.4433
8431,281.033,1226,590,2095,1901,7.2196,9.7125
8432,281.067,1225,590,2095,1901,8.3439,10.0068
8433,281.100,1225,590,2095,1902,5.6477,10.4823
8434,281.133,1226,591,2095,1901,5.6369,10.0584
8435,281.167,1226,590,2094,1901,6.9754,11.1663
8436,281.200,1226,591,2095,1900,3.9200,11.6646
8437,281.233,1226,590,2095,1901,6.5579,10.1286
8438,281.267,1225,591,2095,1901,5.1595,11.2807
8439,281.300,1224,591,2095,1904,7.2478,11.8275
8440,281.333,1224,588,2095,1905,4.6427,12.2918
8441,281.367,1224,588,2095,1907,5.0323,12.1588
8442,281.400,1223,585,2095,1908,6.2191,11.2932
8443,281.433,1223,583,2095,1908,3.8836,11.0993
8444,281.467,1223,583,2095,1908,3.7338,10.7355
8445,281.500,1223,582,2095,1908,4.0793,13.4547
8446,281.533,1224,582,2094,1908,3.8578,12.8751
8447,281.567,1224,581,2095,1908,4.8259,12.6333
8448,281.600,1224,581,2095,1907,5.9049,12.8189
8449,281.633,1223,581,2095,1908,4.9398,12.1787
8450,281.667,1224,582,2095,1908,5.1382,13.0342
8451,281.700,1224,583,2096,1909,4.9286,10.2760
8452,281.733,1225,582,2094,1904,3.0822,12.5056
8453,281.767,1225,582,2094,1904,2.5410,11.5001
8454,281.800,1226,584,2093,1902,6.6539,11.0405
8455,281.833,1225,585,2093,1903,5.3118,11.0643
8456,281.867,1225,586,2093,1903,6.1734,10.1905
8457,281.900,1225,586,2092,1903,6.9990,9.6961
8458,281.933,1226,587,2092,1903,5.0443,9.8354
8459,281.967,1225,589,2092,1904,6.0504,9.7094
8460,282.000,1224,587,2091,1899,5.4200,9.1024
8461,282.033,1224,587,2091,1899,5.3529,9.2967
8462,282.067,1224,586,2091,1899,4.2684,10.1873
8463,282.100,1224,586,2091,1900,3.8871,9.9787
8464,282.133,1224,586,2091,1900,4.5294,10.0232
8465,282.167,1225,586,2091,1900,5.7954,9.8778
8466,282.200,1225,587,2091,1899,5.2016,10.5456
8467,282.233,1226,590,2091,1899,4.2776,9.6570
8468,282.267,1226,590,2091,1898,5.0492,8.7103
8469,282.300,1225,589,2091,1897,7.0252,10.2411
8470,282.333,1225,588,2091,1897,4.8486,10.0251
8471,282.367,1225,588,2092,1897,4.5081,9.9738
8472,282.400,1224,587,2092,1897,5.3675,10.4983
8473,282.433,1224,587,2092,1898,5.4793,10.7403
8474,282.467,1224,587,2092,1898,5.5047,10.9216
8475,282.500,1224,587,2091,1898,4.2929,10.2297
8476,282.533,1224,588,2091,1898,5.9789,11.1825
8477,282.567,1224,588,2092,1898,5.4000,10.0728
8478,282.600,1224,587,2092,1898,5.4995,10.7865
8479,282.633,1224,587,2092,1898,5.4641,10.4835
8480,282.667,1226,588,2092,1897,4.2123,10.9425
8481,282.700,1227,588,2094,1898,3.6632,10.0821
8482,282.733,1227,586,2094,1899,2.5341,10.3073
8483,282.767,1226,586,2095,1899,4.2240,9.1586
8484,282.800,1226,584,2095,1899,5.3325,11.0647
8485,282.833,1227,585,2095,1899,3.7425,10.1520
8486,282.867,1230,585,2093,1896,6.0409,11.5390
8487,282.900,1230,585,2092,1895,5.2605,12.0760
8488,282.933,1230,585,2092,1895,5.0577,11.8020
8489,282.967,1230,586,2092,1894,6.8910,10.4313
8490,283.000,1230,589,2092,1895,-0.5164,10.9312
8491,283.033,1230,588,2093,1895,2.4993,11.2924
8492,283.067,1230,587,2093,1896,4.4767,11.1052
8493,283.100,1230,588,2093,1896,1.8925,10.8422
8494,283.133,1230,587,2093,1895,6.4725,10.8420
8495,283.167,1230,588,2095,1897,0.7370,10.8418
8496,283.200,1230,589,2095,1897,1.1488,11.2993
8497,283.233,1230,589,2095,1897,1.3020,11.1147
8498,283.267,1229,589,2096,1898,2.6140,10.9594
8499,283.300,1230,588,2096,1898,-0.0573,10.9902
8500,283.333,1230,588,2096,1897,0.1493,10.7678
8501,283.367,1229,588,2097,1897,0.7894,11.4915
8502,283.400,1229,588,2097,1900,-0.0192,10.6117
8503,283.433,1229,588,2098,1903,2.1065,10.6531
8504,283.467,1229,587,2098,1905,1.4595,10.5139
8505,283.500,1229,586,2098,1903,2.2051,9.2494
8506,283.533,1229,587,2098,1904,1.8321,10.2058
8507,283.567,1229,587,2097,1902,-0.7362,11.4070
8508,283.600,1230,586,2097,1902,4.5412,10.3890
8509,283.633,1230,585,2097,1903,6.3502,11.5256
8510,283.667,1230,585,2096,1902,3.2541,11.5694
8511,283.700,1229,585,2096,1902,5.2672,12.2663
8512,283.733,1229,585,2096,1902,5.2902,12.1385
8513,283.767,1230,586,2096,1902,4.7132,11.3173
8514,283.800,1229,588,2098,1901,3.8165,13.3165
8515,283.833,1229,587,2098,1902,4.2357,12.9465
8516,283.867,1229,586,2098,1901,3.0529,12.3137
8517,283.900,1229,587,2098,1902,4.0959,12.8614
8518,283.933,1229,586,2099,1902,3.6280,13.0360
8519,283.967,1229,587,2098,1901,2.4363,12.8472
8520,284.000,1230,585,2096,1901,9.2927,8.9608
8521,284.033,1230,586,2096,1901,7.6005,10.8799
8522,284.067,1231,586,2096,1900,8.5140,11.4881
8523,284.100,1231,587,2096,1901,5.7518,10.3233
8524,284.133,1231,587,2096,1901,5.7787,9.7924
8525,284.167,1230,587,2097,1902,3.2439,12.4614
8526,284.200,1230,587,2097,1902,3.9055,12.4464
8527,284.233,1230,588,2097,1902,4.5428,11.7659
8528,284.267,1229,588,2098,1902,4.3039,10.9457
8529,284.300,1229,587,2098,1903,2.8331,11.5863
8530,284.333,1228,587,2098,1903,3.8036,12.4501
8531,284.367,1228,587,2098,1903,3.5963,12.4775
8532,284.400,1228,586,2098,1903,3.3521,11.4971
8533,284.433,1228,584,2098,1902,3.9965,10.7498
8534,284.467,1228,584,2098,1902,3.7411,10.4528
8535,284.500,1227,585,2099,1902,4.4637,12.2083
8536,284.533,1227,584,2099,1902,3.8577,10.9280
8537,284.567,1226,584,2099,1902,6.2191,11.0716
8538,284.600,1226,586,2099,1903,2.2751,11.0247
8539,284.633,1227,585,2098,1902,3.1870,11.6775
8540,284.667,1227,584,2097,1903,8.8493,11.3363
8541,284.700,1226,582,2097,1904,5.4825,10.3495
8542,284.733,1225,582,2098,1905,4.3238,9.3425
8543,284.767,1226,583,2098,1904,6.2320,9.7119
8544,284.800,1226,583,2098,1904,5.2213,9.4253
8545,284.833,1226,584,2098,1903,5.0712,10.1957
8546,284.867,1226,583,2098,1903,6.3513,9.8094
8547,284.900,1226,584,2098,1903,5.6260,10.0287
8548,284.933,1226,584,2099,1904,4.6869,8.6233
8549,284.967,1226,584,2099,1904,5.1506,8.8091
8550,285.000,1228,588,2098,1901,2.8957,7.4599
8551,285.033,1228,588,2097,1901,2.0335,9.5132
8552,285.067,1228,587,2097,1901,3.3962,8.7331
8553,285.100,1228,587,2097,1901,3.8465,7.8595
8554,285.133,1227,588,2097,1903,3.4863,9.5325
8555,285.167,1227,587,2097,1903,4.0077,8.7755
8556,285.200,1227,587,2097,1903,4.2175,8.9533
8557,285.233,1227,587,2097,1902,3.8111,8.6864
8558,285.267,1228,587,2096,1901,3.6973,7.1264
8559,285.300,1227,586,2096,1902,5.5002,9.5315
8560,285.333,1227,586,2096,1902,5.8854,9.8140
8561,285.367,1227,585,2096,1902,7.1547,9.3117
8562,285.400,1228,585,2096,1902,3.5990,7.5499
8563,285.433,1228,585,2094,1902,1.7275,11.9338
8564,285.467,1228,584,2094,1903,3.5241,11.5643
8565,285.500,1228,584,2094,1902,1.7842,11.5515
8566,285.533,1229,584,2093,1901,2.2226,12.9851
8567,285.567,1228,585,2093,1901,3.0144,11.6693
8568,285.600,1228,585,2093,1901,2.7061,11.6498
8569,285.633,1228,586,2093,1901,3.6046,11.7008
8570,285.667,1228,587,2093,1900,6.3719,11.3678
8571,285.700,1228,587,2093,1900,5.6074,11.0666
8572,285.733,1229,587,2094,1900,4.9056,11.8120
8573,285.767,1229,587,2093,1900,5.1336,11.5514
8574,285.800,1229,588,2093,1900,4.6074,10.3132
8575,285.833,1229,588,2093,1899,6.4646,9.8848
8576,285.867,1229,588,2093,1900,6.1188,10.4870
8577,285.900,1229,588,2093,1900,6.0574,10.5831
8578,285.933,1229,588,2094,1900,4.7771,8.6127
8579,285.967,1228,586,2095,1902,4.5995,9.7154
8580,286.000,1229,586,2095,1905,4.7331,11.5564
8581,286.033,1228,586,2095,1906,5.8964,12.2286
8582,286.067,1229,584,2095,1906,3.6862,13.1975
8583,286.100,1229,584,2095,1905,4.3304,13.2458
8584,286.133,1228,583,2097,1905,2.6600,12.6327
8585,286.167,1229,580,2096,1903,3.7604,12.1106
8586,286.200,1229,581,2097,1902,2.6552,12.6337
8587,286.233,1229,582,2097,1902,2.3554,12.1964
8588,286.267,1230,583,2097,1902,1.7844,13.4901
8589,286.300,1230,584,2097,1902,2.0926,14.1716
8590,286.333,1230,584,2097,1902,2.1792,13.9743
8591,286.367,1230,585,2097,1902,2.4769,13.7149
8592,286.400,1230,585,2097,1902,2.1784,13.8653
8593,286.433,1230,587,2096,1902,1.9537,10.7289
8594,286.467,1230,586,2096,1902,2.4534,11.7163
8595,286.500,1230,587,2096,1901,0.4700,9.9796
8596,286.533,1230,587,2096,1901,0.1946,10.1552
8597,286.567,1230,588,2097,1901,4.1778,9.9156
8598,286.600,1231,589,2097,1901,4.3339,9.9986
8599,286.633,1231,588,2096,1901,3.4659,11.4689
8600,286.667,1231,590,2097,1900,2.3017,11.6801
8601,286.700,1231,591,2098,1902,1.6016,9.7336
8602,286.733,1231,591,2098,1902,1.2986,10.3046
8603,286.767,1232,592,2098,1901,3.5406,10.3058
8604,286.800,1231,592,2098,1902,3.1549,10.1643
8605,286.833,1231,594,2099,1902,4.9909,10.3117
8606,286.867,1232,597,2097,1897,-4.9317,10.6675
8607,286.900,1232,597,2097,1897,-5.3948,10.9600
8608,286.933,1233,597,2097,1896,-6.0269,11.1584
8609,286.967,1232,597,2097,1896,-9.1230,10.8966
8610,287.000,1231,596,2099,1905,-8.2187,10.1708
8611,287.033,1231,596,2099,1905,-8.4788,10.0839
8612,287.067,1231,596,2099,1905,-8.3347,9.9606
8613,287.100,1231,596,2099,1905,-8.3096,10.0580
8614,287.133,1231,596,2099,1905,-8.0336,9.9023
8615,287.167,1230,595,2099,1905,-6.7471,10.0719
8616,287.200,1230,596,2099,1905,-5.7717,10.4567
8617,287.233,1230,596,2099,1905,-5.8607,10.3932
8618,287.267,1230,597,2099,1904,-7.1092,11.0337
8619,287.300,1230,594,2098,1902,-9.1733,11.2654
8620,287.333,1230,598,2097,1895,-10.0498,11.1495
8621,287.367,1231,597,2098,1896,-9.7796,10.3868
8622,287.400,1230,592,2100,1904,-7.2045,12.0251
8623,287.433,1229,615,2095,1887,-9.8576,15.8628
8624,287.467,1229,618,2096,1888,-6.7315,14.0475
8625,287.500,1228,618,2098,1887,-9.4288,13.6615
8626,287.533,1230,617,2099,1887,-7.6533,15.0805
8627,287.567,1230,617,2098,1886,-7.9371,15.4010
8628,287.600,1230,617,2098,1886,-7.9086,15.1168
8629,287.633,1230,617,2098,1886,-7.7894,15.5036
8630,287.667,1230,618,2098,1886,-6.3047,16.2225
8631,287.700,1230,617,2097,1887,-9.7656,15.3059
8632,287.733,1230,617,2097,1886,-8.4369,15.2667
8633,287.767,1230,617,2097,1887,-9.6263,15.0740
8634,287.800,1230,617,2097,1887,-9.9325,15.6938
8635,287.833,1232,596,2101,1895,-9.6848,11.5671
8636,287.867,1230,617,2097,1888,-9.3983,15.8998
8637,287.900,1232,595,2101,1895,-7.1132,10.4197
8638,287.933,1232,596,2100,1895,-7.8215,9.9869
8639,287.967,1229,617,2097,1890,-10.1788,16.0200
8640,288.000,1229,621,2098,1892,-8.9092,16.0646
8641,288.033,1229,621,2098,1891,-9.0946,15.0259
8642,288.067,1230,621,2098,1891,-9.9169,17.3287
8643,288.100,1230,624,2099,1891,-8.7390,14.4649
8644,288.133,1232,622,2100,1893,-8.9033,15.8651
8645,288.167,1231,621,2101,1895,-9.4721,15.0918
8646,288.200,1231,622,2102,1895,-8.9215,13.4624
8647,288.233,1232,622,2102,1895,-8.7525,13.6544
8648,288.267,1231,621,2104,1895,-6.9006,14.0369
8649,288.300,1231,621,2104,1896,-6.3042,13.7516
8650,288.333,1231,621,2104,1896,-6.3753,13.7332
8651,288.367,1231,622,2104,1896,-8.6207,14.1531
8652,288.400,1231,622,2105,1895,-8.7208,11.9396
8653,288.433,1231,621,2104,1896,-7.3409,12.4888
8654,288.467,1231,622,2103,1896,-7.8675,12.8461
8655,288.500,1231,623,2102,1896,-8.2086,13.3755
8656,288.533,1230,622,2102,1896,-7.2560,13.3243
8657,288.567,1230,622,2102,1896,-7.1223,13.2623
8658,288.600,1230,623,2102,1897,-9.4132,12.9776
8659,288.633,1230,622,2102,1897,-6.8036,13.2362
8660,288.667,1230,622,2102,1896,-7.0260,14.6450
8661,288.700,1230,622,2102,1896,-6.5750,14.5091
8662,288.733,1230,622,2102,1896,-6.6911,14.1079
8663,288.767,1230,622,2101,1895,-6.4965,13.1291
8664,288.800,1230,622,2101,1895,-5.9382,13.0823
8665,288.833,1231,619,2100,1894,-8.2030,14.0623
8666,288.867,1231,620,2100,1893,-9.4419,14.4285
8667,288.900,1232,619,2099,1893,-8.6255,15.3602
8668,288.933,1232,618,2100,1894,-7.7625,14.0996
8669,288.967,1232,619,2100,1895,-7.3623,13.5704
8670,289.000,1233,620,2101,1896,-11.0538,15.2973
8671,289.033,1233,619,2101,1897,-8.9435,13.7646
8672,289.067,1233,619,2101,1897,-9.2039,13.9588
8673,289.100,1233,620,2101,1896,-9.6778,15.3300
8674,289.133,1234,619,2102,1897,-9.7948,13.5608
8675,289.167,1234,620,2101,1897,-9.3592,15.3747
8676,289.200,1234,620,2102,1897,-9.7913,15.0318
8677,289.233,1235,620,2102,1898,-9.8334,13.5388
8678,289.267,1233,603,2104,1907,-9.7338,8.9698
8679,289.300,1232,603,2104,1906,-11.7519,9.3717
8680,289.333,1233,603,2104,1905,-11.9728,7.3029
8681,289.367,1232,603,2104,1905,-10.0034,9.7348
8682,289.400,1232,603,2103,1904,-10.8694,9.3689
8683,289.433,1232,603,2102,1902,-8.9988,7.9383
8684,289.467,1232,603,2101,1901,-9.0293,11.3699
8685,289.500,1232,604,2102,1900,-9.3462,10.4901
8686,289.533,1231,603,2102,1900,-6.4608,11.1961
8687,289.567,1231,601,2101,1901,-7.4894,8.0251
8688,289.600,1231,602,2101,1901,-7.1797,11.5881
8689,289.633,1231,600,2101,1902,-8.1266,8.7841
8690,289.667,1231,597,2101,1904,-6.4904,9.8600
8691,289.700,1231,599,2101,1904,-6.6731,7.7553
8692,289.733,1228,595,2102,1915,-9.1890,10.7296
8693,289.767,1228,596,2101,1915,-8.8056,7.5870
8694,289.800,1229,595,2099,1914,-9.2717,9.3212
8695,289.833,1229,595,2100,1913,-9.5853,9.8400
8696,289.867,1229,596,2100,1915,-9.2871,8.9084
8697,289.900,1229,596,2100,1915,-8.8455,9.2065
8698,289.933,1229,597,2100,1913,-7.1306,9.4716
8699,289.967,1229,597,2101,1912,-8.5814,10.2073
8700,290.000,1229,599,2101,1913,-9.1018,8.9932
8701,290.033,1230,602,2101,1903,-8.1998,11.9705
8702,290.067,1231,602,2102,1902,-8.4787,11.5333
8703,290.100,1231,601,2102,1902,-9.8708,13.1064
8704,290.133,1231,601,2103,1902,-9.0128,12.6791
8705,290.167,1232,603,2103,1901,-8.6506,13.2698
8706,290.200,1232,603,2103,1902,-7.9954,12.6859
8707,290.233,1231,604,2103,1904,-8.0656,13.9574
8708,290.267,1230,605,2103,1905,-7.2490,15.0603
8709,290.300,1230,605,2103,1903,-6.5436,14.4093
8710,290.333,1230,604,2103,1903,-6.3325,14.7965
8711,290.367,1230,605,2102,1903,-6.0945,14.4177
8712,290.400,1230,605,2103,1903,-7.5579,13.6445
8713,290.433,1230,605,2103,1903,-7.7227,14.0220
8714,290.467,1230,605,2103,1902,-9.2613,14.8577
8715,290.500,1230,605,2104,1902,-11.3587,14.2863
8716,290.533,1229,605,2104,1903,-9.8056,13.6021
8717,290.567,1231,603,2105,1902,-10.2952,12.0865
8718,290.600,1231,602,2105,1901,-10.8638,12.7256
8719,290.633,1232,602,2105,1902,-8.7700,11.2637
8720,290.667,1233,621,2103,1893,-9.5155,12.8354
8721,290.700,1233,620,2103,1893,-8.7380,13.0051
8722,290.733,1234,620,2103,1892,-8.8492,13.3508
8723,290.767,1234,620,2103,1893,-7.1428,13.6726
8724,290.800,1234,620,2103,1893,-7.7381,14.2953
8725,290.833,1234,619,2103,1893,-8.1971,15.0206
8726,290.867,1234,621,2103,1892,-9.9780,14.1471
8727,290.900,1234,619,2103,1893,-8.2867,15.3579
8728,290.933,1234,619,2103,1893,-8.2569,14.8609
8729,290.967,1234,618,2103,1894,-8.8280,13.6091
8730,291.000,1234,618,2103,1888,-7.5652,12.8670
8731,291.033,1234,618,2102,1888,-9.5142,12.6215
8732,291.067,1234,618,2102,1888,-9.3585,12.9089
8733,291.100,1234,618,2102,1888,-9.5439,12.7996
8734,291.133,1234,619,2102,1888,-9.0140,14.8958
8735,291.167,1234,618,2102,1890,-7.6637,12.8002
8736,291.200,1234,619,2103,1890,-7.6621,14.9267
8737,291.233,1233,618,2102,1890,-8.8857,15.4009
8738,291.267,1232,618,2101,1889,-8.5509,13.1557
8739,291.300,1231,617,2101,1889,-8.3909,13.9270
8740,291.333,1231,617,2101,1890,-9.2434,13.8121
8741,291.367,1231,617,2101,1889,-9.3104,12.9615
8742,291.400,1231,615,2102,1889,-7.4278,14.3288
8743,291.433,1231,614,2102,1888,-8.0753,12.9699
8744,291.467,1231,614,2102,1889,-8.3714,13.1889
8745,291.500,1231,613,2101,1889,-7.9313,13.9240
8746,291.533,1231,613,2101,1889,-7.7960,14.5372
8747,291.567,1231,612,2100,1888,-8.9480,14.5597
8748,291.600,1231,612,2101,1889,-8.9536,14.1997
8749,291.633,1231,613,2100,1888,-8.9859,15.3327
8750,291.667,1231,613,2101,1887,-7.1704,14.3725
8751,291.700,1232,615,2100,1886,-6.3183,12.9519
8752,291.733,1232,614,2100,1885,-6.4099,13.9119
8753,291.767,1232,613,2101,1886,-7.0882,12.1492
8754,291.800,1233,615,2102,1886,-8.4602,13.2029
8755,291.833,1234,615,2102,1885,-8.4604,12.9907
8756,291.867,1234,614,2102,1885,-8.0621,13.2666
8757,291.900,1235,615,2102,1885,-7.8798,13.7098
8758,291.933,1236,616,2101,1884,-8.8814,13.1315
8759,291.967,1237,616,2102,1886,-8.6831,13.6356
8760,292.000,1238,616,2101,1888,-6.5910,14.1458
8761,292.033,1238,617,2101,1891,-8.9538,14.7832
8762,292.067,1238,618,2101,1892,-10.4316,13.4789
8763,292.100,1238,617,2102,1893,-8.0462,13.9949
8764,292.133,1239,617,2102,1892,-9.2340,13.5863
8765,292.167,1238,616,2102,1892,-7.8909,13.8708
8766,292.200,1238,616,2102,1892,-7.7582,13.8040
8767,292.233,1238,617,2102,1892,-9.4584,13.4007
8768,292.267,1238,617,2102,1892,-8.8878,13.6424
8769,292.300,1238,617,2102,1892,-8.7967,13.2456
8770,292.333,1238,617,2102,1892,-8.7847,13.4641
8771,292.367,1238,617,2102,1892,-8.9588,13.2448
8772,292.400,1238,617,2102,1892,-8.7882,13.0347
8773,292.433,1239,615,2100,1889,-8.3376,12.2650
8774,292.467,1239,615,2100,1887,-8.2064,12.6502
8775,292.500,1240,614,2100,1886,-9.0898,10.7854
8776,292.533,1240,614,2100,1883,-9.5641,12.1915
8777,292.567,1240,615,2100,1883,-9.8777,12.9888
8778,292.600,1241,614,2099,1882,-8.6882,10.8110
8779,292.633,1240,614,2100,1883,-9.5737,12.7883
8780,292.667,1240,612,2100,1881,-8.4285,12.1873
8781,292.700,1241,612,2101,1882,-8.8580,12.3849
8782,292.733,1241,613,2101,1881,-9.7619,11.7399
8783,292.767,1241,612,2100,1882,-7.9706,13.6489
8784,292.800,1241,613,2100,1882,-9.5838,12.4265
8785,292.833,1240,613,2101,1882,-10.3140,11.0374
8786,292.867,1240,613,2101,1882,-9.2260,12.1308
8787,292.900,1240,614,2102,1882,-8.8363,12.0518
8788,292.933,1240,615,2103,1882,1.7705,11.6060
8789,292.967,1240,616,2103,1883,2.8140,9.5555
8790,293.000,1240,618,2105,1885,4.7833,10.7482
8791,293.033,1240,620,2104,1887,5.9531,10.3247
8792,293.067,1240,620,2105,1887,5.5250,8.7494
8793,293.100,1240,620,2105,1887,5.9211,8.9761
8794,293.133,1239,621,2104,1889,5.5514,8.7768
8795,293.167,1239,621,2104,1888,5.2509,8.2541
8796,293.200,1239,621,2104,1888,5.6039,8.0085
8797,293.233,1239,620,2104,1887,7.3060,8.8253
8798,293.267,1239,620,2103,1889,8.1811,10.5189
8799,293.300,1239,621,2103,1888,5.9724,7.8337
8800,293.333,1239,620,2103,1890,8.4376,9.9425
8801,293.367,1238,620,2103,1889,8.1404,8.6449
8802,293.400,1238,619,2102,1889,9.6139,10.2580
8803,293.433,1236,618,2102,1890,7.5990,10.6837
8804,293.467,1236,619,2101,1890,9.4488,11.1587
8805,293.500,1235,619,2102,1889,9.6608,9.7905
8806,293.533,1235,620,2101,1890,8.4461,9.8277
8807,293.567,1234,620,2101,1890,9.1903,9.0694
8808,293.600,1233,619,2102,1890,9.4903,9.6537
8809,293.633,1233,619,2102,1891,9.0767,9.5762
8810,293.667,1233,617,2102,1891,7.5024,9.5168
8811,293.700,1233,617,2102,1891,7.9788,9.2969
8812,293.733,1233,617,2102,1891,8.4587,9.2147
8813,293.767,1233,616,2102,1891,7.7465,9.4988
8814,293.800,1233,616,2102,1891,7.1216,9.8345
8815,293.833,1234,616,2102,1889,7.1395,9.9105
8816,293.867,1233,616,2102,1891,6.9533,10.2568
8817,293.900,1233,615,2103,1890,8.2012,9.7338
8818,293.933,1233,615,2103,1889,7.2187,10.0439
8819,293.967,1233,616,2102,1890,5.9366,9.3614
8820,294.000,1232,616,2100,1890,5.3528,10.2475
8821,294.033,1232,616,2100,1890,6.4834,11.0141
8822,294.067,1232,616,2100,1890,6.6739,11.7706
8823,294.100,1232,617,2100,1890,7.1174,10.8061
8824,294.133,1232,616,2099,1890,8.2409,9.0892
8825,294.167,1231,611,2096,1894,7.4063,1.5461
8826,294.200,1230,610,2095,1895,4.0063,3.1333
8827,294.233,1230,612,2094,1896,3.4627,5.6707
8828,294.267,1230,612,2093,1896,4.4257,7.6730
8829,294.300,1230,612,2098,1895,3.2802,7.3650
8830,294.333,1229,616,2100,1894,6.2757,4.8704
8831,294.367,1230,613,2100,1894,7.3321,8.5825
8832,294.400,1230,613,2101,1893,7.6145,9.6418
8833,294.433,1231,613,2098,1890,7.0793,9.2498
8834,294.467,1231,613,2098,1889,8.0963,8.8779
8835,294.500,1231,613,2097,1888,8.8546,8.4310
8836,294.533,1231,612,2095,1887,9.4554,7.5965
8837,294.567,1231,611,2094,1886,8.0054,10.0353
8838,294.600,1231,611,2094,1886,8.7429,10.0776
8839,294.633,1231,612,2095,1886,7.6330,8.4864
8840,294.667,1230,611,2095,1886,7.2616,9.0982
8841,294.700,1231,612,2095,1887,7.4573,8.0327
8842,294.733,1230,611,2095,1887,6.3908,9.1467
8843,294.767,1230,612,2094,1887,8.5454,8.8249
8844,294.800,1231,586,2099,1906,5.3260,9.8727
8845,294.833,1230,611,2095,1888,6.3170,8.0670
8846,294.867,1230,611,2095,1888,6.1243,7.9946
8847,294.900,1230,611,2095,1887,5.8731,7.3915
8848,294.933,1229,610,2096,1888,5.7821,8.0071
8849,294.967,1228,610,2096,1888,7.4129,8.6906
8850,295.000,1228,611,2095,1887,5.4280,5.9995
8851,295.033,1229,611,2095,1887,3.5547,6.6712
8852,295.067,1228,611,2095,1887,4.9398,6.3354
8853,295.100,1228,611,2094,1887,5.3460,8.7320
8854,295.133,1228,612,2093,1887,5.5138,7.4506
8855,295.167,1228,613,2094,1887,9.2716,5.2779
8856,295.200,1228,612,2094,1887,7.4271,5.7869
8857,295.233,1227,610,2093,1886,5.9241,9.9935
8858,295.267,1227,607,2093,1887,9.5185,7.9244
8859,295.300,1226,607,2093,1890,6.9341,8.2400
8860,295.333,1229,582,2098,1906,8.7041,8.7297
8861,295.367,1225,607,2092,1891,6.8454,7.7334
8862,295.400,1226,606,2093,1890,7.2281,6.7636
8863,295.433,1226,607,2093,1890,6.4030,7.3102
8864,295.467,1225,608,2093,1890,6.1966,8.4347
8865,295.500,1226,608,2093,1890,7.1662,6.7360
8866,295.533,1226,608,2093,1890,5.6053,7.9279
8867,295.567,1226,609,2093,1891,4.8053,8.6986
8868,295.600,1226,608,2093,1891,5.4875,8.7364
8869,295.633,1226,608,2093,1891,5.0828,8.9115
8870,295.667,1226,607,2093,1891,5.2503,6.9778
8871,295.700,1227,610,2093,1891,7.3522,7.7869
8872,295.733,1227,610,2094,1891,3.9706,9.2688
8873,295.767,1227,610,2094,1890,4.1116,8.2918
8874,295.800,1228,610,2093,1889,3.3180,7.7405
8875,295.833,1228,604,2091,1890,2.9708,3.7682
8876,295.867,1227,593,2094,1904,7.9997,1.0224
8877,295.900,1226,592,2094,1905,6.2327,0.2178
8878,295.933,1226,592,2094,1905,6.8672,-0.1486
8879,295.967,1224,599,2094,1905,7.8020,2.6929
8880,296.000,1223,600,2096,1908,3.3685,3.4913
8881,296.033,1224,594,2096,1907,4.0626,-1.8762
8882,296.067,1227,615,2093,1891,9.4253,7.7158
8883,296.100,1227,616,2093,1890,7.4655,6.2425
8884,296.133,1227,619,2096,1889,7.3467,6.9575
8885,296.167,1230,596,2099,1907,5.7749,8.9086
8886,296.200,1231,596,2099,1905,5.4774,9.5807
8887,296.233,1234,602,2098,1893,6.8118,7.6360
8888,296.267,1231,618,2094,1883,7.5618,10.8568
8889,296.300,1234,599,2097,1893,6.5649,9.9935
8890,296.333,1234,599,2097,1893,6.7189,9.9708
8891,296.367,1234,599,2097,1893,7.1820,9.8791
8892,296.400,1233,601,2098,1893,5.5776,9.3163
8893,296.433,1233,600,2098,1893,7.1046,8.6081
8894,296.467,1233,600,2098,1894,7.8882,8.2166
8895,296.500,1233,599,2098,1893,7.0128,9.3406
8896,296.533,1233,599,2098,1893,7.7579,9.1959
8897,296.567,1234,598,2098,1894,5.0499,9.4759
8898,296.600,1233,599,2099,1895,6.4307,8.6174
8899,296.633,1233,600,2099,1896,5.7597,9.5287
8900,296.667,1233,599,2099,1896,6.0048,7.8640
8901,296.700,1233,600,2099,1895,7.6878,8.7843
8902,296.733,1233,601,2099,1895,6.7245,8.7974
8903,296.767,1233,601,2099,1895,6.8641,8.6459
8904,296.800,1232,603,2100,1895,3.5439,8.8311
8905,296.833,1232,603,2100,1895,3.7704,8.9243
8906,296.867,1232,604,2100,1895,5.6326,10.1765
8907,296.900,1232,604,2100,1895,5.5595,10.4369
8908,296.933,1232,604,2100,1896,4.5625,9.3102
8909,296.967,1232,604,2100,1896,4.3591,10.3369
8910,297.000,1234,600,2101,1896,6.2531,8.7761
8911,297.033,1234,599,2100,1895,4.5917,9.1508
8912,297.067,1234,599,2100,1896,5.9733,8.9080
8913,297.100,1233,600,2100,1897,6.7761,9.3938
8914,297.133,1233,598,2101,1897,5.9326,8.3733
8915,297.167,1232,596,2101,1898,5.4665,9.3214
8916,297.200,1232,596,2100,1897,7.1582,9.3808
8917,297.233,1232,596,2100,1897,7.5668,9.2462
8918,297.267,1232,594,2100,1898,6.2653,9.5361
8919,297.300,1232,595,2100,1897,6.7869,9.7222
8920,297.333,1232,595,2100,1899,5.9384,9.8797
8921,297.367,1231,595,2100,1899,7.6233,9.5872
8922,297.400,1232,596,2100,1898,6.7925,8.7844
8923,297.433,1231,591,2101,1908,5.4579,10.2598
8924,297.467,1231,592,2101,1908,6.2181,9.9469
8925,297.500,1231,591,2101,1908,5.9797,9.4631
8926,297.533,1230,592,2101,1907,6.7853,8.3909
8927,297.567,1231,591,2101,1906,5.9574,9.2987
8928,297.600,1231,591,2101,1906,5.8848,9.6091
8929,297.633,1231,590,2101,1907,5.5543,10.0764
8930,297.667,1230,590,2101,1906,6.7530,9.2564
8931,297.700,1230,588,2102,1907,5.7685,9.5274
8932,297.733,1229,589,2102,1909,7.0700,8.5374
8933,297.767,1229,589,2103,1909,6.4658,9.9225
8934,297.800,1229,616,2098,1889,4.9627,7.8922
8935,297.833,1231,594,2102,1900,6.3824,9.0432
8936,297.867,1230,594,2102,1900,6.9733,8.8578
8937,297.900,1231,594,2102,1900,6.8080,9.1684
8938,297.933,1231,595,2102,1900,5.8762,8.8613
8939,297.967,1231,596,2102,1900,5.9564,7.9609
8940,298.000,1230,617,2097,1887,6.2953,9.2904
8941,298.033,1233,596,2100,1897,5.0833,9.3488
8942,298.067,1233,597,2101,1897,6.4330,9.0821
8943,298.100,1234,599,2102,1895,5.9914,8.6992
8944,298.133,1234,598,2102,1897,4.1895,7.8537
8945,298.167,1235,599,2103,1897,5.2200,9.0348
8946,298.200,1235,598,2103,1897,4.5845,8.7980
8947,298.233,1235,599,2103,1897,5.9572,9.0709
8948,298.267,1235,599,2103,1898,5.4597,8.9223
8949,298.300,1236,598,2104,1899,4.7679,7.2812
8950,298.333,1238,619,2102,1890,5.9923,8.1603
8951,298.367,1239,618,2102,1891,5.1544,8.8791
8952,298.400,1240,619,2103,1891,3.9942,10.1053
8953,298.433,1238,618,2103,1893,5.5126,9.8505
8954,298.467,1237,618,2103,1894,5.9847,9.2586
8955,298.500,1237,618,2103,1895,5.2082,10.2006
8956,298.533,1237,621,2103,1893,3.5804,9.0364
8957,298.567,1239,620,2104,1890,3.2875,11.9877
8958,298.600,1239,620,2104,1889,3.7838,11.3718
8959,298.633,1239,619,2104,1889,3.9038,10.0841
8960,298.667,1239,620,2103,1887,3.7069,9.7567
8961,298.700,1239,620,2103,1886,3.6554,9.3190
8962,298.733,1239,620,2103,1886,3.6304,9.6549
8963,298.767,1239,620,2103,1886,3.7816,9.7610
8964,298.800,1240,620,2103,1886,4.8591,8.9533
8965,298.833,1240,620,2103,1885,4.8000,8.7034
8966,298.867,1240,621,2103,1885,4.6876,9.0697
8967,298.900,1240,621,2103,1885,4.7208,9.2843
8968,298.933,1240,621,2104,1885,6.6832,9.5728
8969,298.967,1240,620,2104,1886,6.1121,9.9609
8970,299.000,1241,623,2103,1886,6.3616,9.0634
8971,299.033,1240,623,2103,1887,5.6588,8.7079
8972,299.067,1240,623,2103,1887,5.1741,8.5751
8973,299.100,1240,623,2103,1888,5.4786,8.2035
8974,299.133,1240,622,2103,1888,4.2965,8.6006
8975,299.167,1240,621,2103,1889,5.2635,9.0534
8976,299.200,1240,621,2103,1888,5.0562,8.7429
8977,299.233,1240,622,2102,1888,4.3354,9.0434
8978,299.267,1240,622,2103,1888,4.2554,8.6816
8979,299.300,1239,620,2103,1889,6.9408,8.5822
8980,299.333,1239,620,2103,1889,6.6032,8.3749
8981,299.367,1239,621,2103,1889,3.2350,8.1342
8982,299.400,1239,619,2103,1890,4.3528,8.6852
8983,299.433,1238,617,2103,1891,4.7233,8.3943
8984,299.467,1238,616,2104,1893,3.6485,8.8799
8985,299.500,1238,617,2103,1890,4.2685,8.9614
8986,299.533,1238,617,2103,1890,5.9294,8.3146
8987,299.567,1238,619,2104,1889,3.2844,9.4457
8988,299.600,1238,620,2104,1888,5.5357,8.8592
8989,299.633,1238,620,2104,1888,5.7570,8.7387
8990,299.667,1239,600,2108,1897,5.5152,9.1949
8991,299.700,1239,600,2108,1897,4.9902,8.6747
8992,299.733,1239,600,2108,1898,5.3644,8.6678
8993,299.767,1239,600,2107,1898,5.8888,8.3874
8994,299.800,1239,600,2107,1898,6.3382,8.2462
8995,299.833,1238,603,2106,1899,5.9452,10.5411
8996,299.867,1238,602,2106,1899,3.9918,8.0987
8997,299.900,1238,602,2105,1900,7.3384,7.8593
8998,299.933,1237,601,2105,1901,4.8849,7.3811
8999,299.967,1236,601,2105,1901,7.0416,7.2650
9000,300.000,1233,602,2104,1899,8.4532,8.1300
9001,300.033,1232,600,2104,1899,8.3031,5.8638
9002,300.067,1232,599,2103,1898,7.7880,7.4740
9003,300.100,1233,599,2103,1897,7.6423,7.8782
9004,300.133,1232,598,2102,1896,6.5043,7.3117
9005,300.167,1234,598,2103,1897,5.8150,7.6976
9006,300.200,1233,598,2103,1897,6.0844,8.8123
9007,300.233,1233,599,2103,1896,6.7822,6.9125
9008,300.267,1233,600,2103,1898,7.7132,6.4178
9009,300.300,1232,601,2103,1898,6.3998,5.5120
9010,300.333,1232,601,2103,1898,6.4122,5.6228
9011,300.367,1232,600,2103,1898,6.0608,4.8580
9012,300.400,1232,600,2104,1897,6.8882,4.6238
9013,300.433,1232,601,2104,1898,6.7062,6.0832
9014,300.467,1232,602,2104,1898,5.5248,6.6400
9015,300.500,1233,602,2104,1897,4.6586,7.2608
9016,300.533,1233,603,2105,1898,4.2199,7.0310
9017,300.567,1231,604,2107,1902,5.3481,5.8311
9018,300.600,1230,603,2108,1902,4.5674,7.6473
9019,300.633,1230,603,2108,1904,5.5363,6.2571
9020,300.667,1228,624,2106,1896,5.1222,6.9900
9021,300.700,1228,625,2106,1897,7.7003,7.5800
9022,300.733,1228,625,2106,1897,7.7943,7.7465
9023,300.767,1228,625,2106,1896,6.5895,7.4196
9024,300.800,1230,603,2111,1906,5.0077,6.7669
9025,300.833,1230,605,2111,1909,7.1163,8.5380
9026,300.867,1230,605,2110,1908,6.0317,7.9151
9027,300.900,1230,605,2110,1908,6.6971,7.3567
9028,300.933,1230,605,2110,1911,7.0545,7.0143
9029,300.967,1230,605,2109,1910,8.3452,7.1578
9030,301.000,1230,609,2109,1911,5.2440,8.3185
9031,301.033,1230,609,2109,1909,4.9252,9.7273
9032,301.067,1231,610,2108,1908,7.1822,10.2874
9033,301.100,1231,610,2108,1908,7.0410,10.1571
9034,301.133,1231,608,2108,1908,6.3978,8.8829
9035,301.167,1231,606,2107,1905,7.2660,9.7008
9036,301.200,1231,604,2108,1906,4.5322,9.7465
9037,301.233,1231,604,2107,1906,5.4689,8.5172
9038,301.267,1232,604,2107,1905,4.9035,8.2150
9039,301.300,1232,602,2107,1906,9.5884,8.6715
9040,301.333,1232,600,2106,1905,7.4945,8.0418
9041,301.367,1231,600,2106,1906,8.6555,7.1294
9042,301.400,1232,600,2106,1906,8.4062,7.6823
9043,301.433,1232,601,2106,1907,7.1896,7.2952
9044,301.467,1231,601,2107,1907,9.0476,6.6715
9045,301.500,1231,601,2106,1908,8.4945,6.7094
9046,301.533,1231,602,2107,1908,7.5057,7.0452
9047,301.567,1231,603,2107,1909,6.7821,8.1961
9048,301.600,1231,602,2107,1908,10.1164,7.2916
9049,301.633,1232,604,2107,1908,8.7049,7.7530
9050,301.667,1232,605,2108,1907,6.4983,8.3004
9051,301.700,1232,606,2108,1906,7.8970,8.4318
9052,301.733,1232,607,2108,1907,7.7297,9.3508
9053,301.767,1232,607,2108,1907,7.7292,9.0888
9054,301.800,1232,608,2108,1907,8.8217,8.7439
9055,301.833,1232,609,2108,1906,7.6441,8.3010
9056,301.867,1232,608,2108,1906,6.4874,8.2160
9057,301.900,1232,607,2108,1906,7.8491,8.5870
9058,301.933,1232,607,2108,1906,7.0280,9.0752
9059,301.967,1233,607,2108,1906,5.4595,8.4901
9060,302.000,1233,609,2109,1908,5.0126,8.1344
9061,302.033,1234,610,2108,1906,5.2291,8.6422
9062,302.067,1235,608,2108,1905,4.9957,9.6346
9063,302.100,1234,607,2109,1906,3.8378,8.6746
9064,302.133,1235,608,2110,1902,1.8405,8.2098
9065,302.167,1236,609,2110,1898,1.0914,8.7565
9066,302.200,1236,609,2110,1897,1.3831,8.4739
9067,302.233,1235,608,2110,1900,-0.3129,7.7811
9068,302.267,1236,607,2110,1894,1.7455,6.6359
9069,302.300,1236,606,2110,1895,-0.2236,7.2346
9070,302.333,1235,608,2110,1894,2.2502,6.8582
9071,302.367,1235,607,2111,1894,1.8840,6.8929
9072,302.400,1233,627,2109,1888,3.2683,7.5387
9073,302.433,1237,603,2110,1897,3.5380,8.0321
9074,302.467,1237,602,2111,1898,4.0231,7.4207
9075,302.500,1237,602,2110,1897,3.8248,8.0939
9076,302.533,1237,602,2110,1897,3.6855,8.1476
9077,302.567,1235,601,2111,1905,-0.5088,8.2381
9078,302.600,1235,601,2111,1905,-0.5988,7.8288
9079,302.633,1235,601,2111,1905,-0.7047,7.6856
9080,302.667,1235,601,2111,1905,-0.6223,7.8439
9081,302.700,1234,601,2111,1905,1.9137,8.2702
9082,302.733,1234,600,2111,1906,2.4186,7.0958
9083,302.767,1234,600,2110,1907,2.2107,8.0103
9084,302.800,1231,622,2108,1898,2.1988,5.6718
9085,302.833,1231,622,2107,1898,4.1565,8.6569
9086,302.867,1231,622,2108,1898,3.4593,6.9888
9087,302.900,1231,622,2108,1898,3.7189,6.5007
9088,302.933,1234,600,2112,1907,3.6315,7.4982
9089,302.967,1234,600,2113,1907,4.4130,6.3642
9090,303.000,1234,601,2111,1903,2.4931,7.9579
9091,303.033,1234,603,2110,1903,3.6999,7.1288
9092,303.067,1234,603,2110,1904,2.7346,7.6223
9093,303.100,1234,604,2110,1904,5.0235,6.2889
9094,303.133,1235,604,2111,1903,2.3918,11.3228
9095,303.167,1235,604,2111,1903,1.0890,10.9199
9096,303.200,1234,604,2111,1903,3.2132,9.8201
9097,303.233,1235,604,2110,1902,-1.4120,10.3451
9098,303.267,1235,601,2110,1904,-3.6836,10.5096
9099,303.300,1235,601,2111,1907,-2.6609,10.2197
9100,303.333,1236,600,2111,1907,-2.0215,10.0790
9101,303.367,1236,600,2112,1907,-5.0907,8.4519
9102,303.400,1236,599,2112,1907,-4.3352,7.9175
9103,303.433,1233,622,2108,1897,-1.4212,11.6577
9104,303.467,1233,622,2108,1896,-1.1600,11.5704
9105,303.500,1233,622,2107,1895,-2.2456,11.5990
9106,303.533,1234,620,2107,1894,-2.2075,10.1031
9107,303.567,1234,620,2107,1894,-1.9894,10.3683
9108,303.600,1234,621,2107,1894,-2.2543,10.3882
9109,303.633,1233,620,2108,1895,-1.1081,11.0634
9110,303.667,1233,620,2107,1894,-2.1315,10.7831
9111,303.700,1233,619,2107,1894,-1.7113,10.4144
9112,303.733,1233,619,2107,1895,-1.6762,9.6512
9113,303.767,1232,618,2108,1895,-0.9069,11.2464
9114,303.800,1232,617,2108,1895,-0.5872,10.7254
9115,303.833,1231,619,2107,1896,-2.8159,10.1133
9116,303.867,1232,619,2107,1895,-3.7024,11.1723
9117,303.900,1231,618,2108,1898,-2.1208,9.7057
9118,303.933,1231,620,2108,1896,-3.3422,8.7188
9119,303.967,1231,620,2108,1896,-0.9493,9.0081
9120,304.000,1230,619,2108,1895,4.3956,8.0253
9121,304.033,1231,619,2109,1894,5.2258,7.2489
9122,304.067,1232,619,2108,1894,3.4210,10.4856
9123,304.100,1232,619,2108,1894,2.9416,10.2119
9124,304.133,1233,618,2108,1894,2.2174,8.1201
9125,304.167,1233,618,2109,1896,3.0778,10.6877
9126,304.200,1234,617,2108,1892,2.1327,8.8884
9127,304.233,1234,616,2108,1892,8.6754,10.1655
9128,304.267,1234,615,2109,1896,8.9737,7.8678
9129,304.300,1234,617,2110,1895,9.8312,6.4979
9130,304.333,1234,619,2109,1898,7.4167,6.4799
9131,304.367,1234,620,2108,1899,9.3051,7.2743
9132,304.400,1233,622,2109,1901,8.6523,9.0272
9133,304.433,1232,621,2111,1902,7.8348,9.2528
9134,304.467,1232,621,2111,1902,7.4303,9.2657
9135,304.500,1232,621,2111,1903,7.2606,9.8241
9136,304.533,1232,622,2112,1904,8.0863,5.3752
9137,304.567,1232,622,2112,1905,8.0004,8.9222
9138,304.600,1232,622,2112,1905,8.1541,9.1819
9139,304.633,1232,622,2112,1905,8.3799,8.4927
9140,304.667,1232,622,2112,1905,7.4877,9.0609
9141,304.700,1232,624,2112,1905,6.9462,9.9473
9142,304.733,1234,599,2113,1911,5.9884,10.5432
9143,304.767,1234,600,2112,1908,2.3122,11.9926
9144,304.800,1235,601,2112,1904,3.6102,11.1066
9145,304.833,1236,602,2112,1902,2.6446,10.5452
9146,304.867,1236,600,2112,1903,4.7170,10.8971
9147,304.900,1236,600,2111,1901,5.0150,10.1680
9148,304.933,1237,599,2111,1901,3.5498,10.7188
9149,304.967,1237,600,2111,1901,3.4886,10.0654
9150,305.000,1237,600,2111,1898,4.3806,10.4022
9151,305.033,1238,600,2110,1900,5.7030,10.3128
9152,305.067,1238,599,2110,1900,6.0072,12.3500
9153,305.100,1238,598,2111,1901,4.9217,12.8943
9154,305.133,1238,598,2111,1901,5.7630,12.7317
9155,305.167,1238,600,2110,1902,7.5174,9.7394
9156,305.200,1237,600,2110,1901,9.6494,9.8651
9157,305.233,1238,602,2111,1900,14.2043,6.6353
9158,305.267,1238,603,2111,1900,11.9908,6.9513
9159,305.300,1237,605,2110,1902,11.5376,6.3793
9160,305.333,1237,605,2110,1902,10.8947,6.5149
9161,305.367,1235,607,2110,1905,12.4156,6.0443
9162,305.400,1235,606,2109,1905,12.3456,7.8414
9163,305.433,1234,605,2109,1906,12.1007,6.6900
9164,305.467,1234,605,2109,1905,11.2726,7.2361
9165,305.500,1234,604,2109,1904,10.4316,5.6087
9166,305.533,1234,604,2109,1904,10.5884,5.2275
9167,305.567,1233,603,2110,1907,11.7337,5.6473
9168,305.600,1234,604,2109,1906,12.4333,5.5215
9169,305.633,1233,603,2109,1906,11.5786,3.8000
9170,305.667,1233,603,2110,1906,9.7907,4.9760
9171,305.700,1234,604,2109,1910,10.7767,6.1124
9172,305.733,1234,604,2109,1910,10.7836,6.1393
9173,305.767,1235,606,2109,1911,10.2863,3.3737
9174,305.800,1235,605,2109,1912,10.1193,4.2188
9175,305.833,1235,605,2109,1913,10.6664,4.2907
9176,305.867,1235,605,2109,1912,9.8067,4.2249
9177,305.900,1235,605,2109,1912,9.5805,4.1344
9178,305.933,1235,604,2109,1914,9.7290,5.1866
9179,305.967,1235,604,2109,1913,11.1421,3.9745
9180,306.000,1236,602,2109,1912,14.6439,6.8781
9181,306.033,1236,602,2109,1912,14.7316,6.8354
9182,306.067,1236,602,2109,1912,14.1407,6.4889
9183,306.100,1236,602,2109,1913,13.4798,6.0508
9184,306.133,1236,601,2109,1913,13.7421,7.3312
9185,306.167,1235,601,2108,1914,15.0451,8.0310
9186,306.200,1236,601,2109,1916,15.5594,7.7969
9187,306.233,1236,601,2109,1917,14.7317,7.1988
9188,306.267,1235,599,2109,1920,13.8437,6.5064
9189,306.300,1235,600,2109,1920,14.8362,6.4595
9190,306.333,1236,602,2112,1918,12.4898,8.8089
9191,306.367,1237,603,2112,1915,8.3144,7.9401
9192,306.400,1232,626,2109,1908,15.5525,3.7616
9193,306.433,1230,628,2109,1910,12.9238,2.6563
9194,306.467,1229,627,2110,1910,14.6947,4.5761
9195,306.500,1229,627,2110,1908,13.8319,3.0256
9196,306.533,1229,627,2110,1907,13.8945,2.6369
9197,306.567,1231,602,2111,1920,10.5623,4.1472
9198,306.600,1231,603,2111,1919,10.8315,5.7335
9199,306.633,1231,604,2111,1919,9.7369,7.1835
9200,306.667,1227,628,2108,1910,12.7500,-0.5327
9201,306.700,1228,628,2108,1911,11.0607,1.6270
9202,306.733,1229,628,2108,1908,12.5435,1.6548
9203,306.767,1229,628,2109,1909,12.7890,2.0557
9204,306.800,1229,629,2111,1908,14.2517,3.0929
9205,306.833,1232,607,2112,1914,8.1205,6.5152
9206,306.867,1232,606,2114,1916,10.1615,6.4327
9207,306.900,1232,605,2114,1917,9.0764,7.2034
9208,306.933,1231,627,2111,1908,10.6131,6.8002
9209,306.967,1232,625,2111,1911,12.8558,4.5693
9210,307.000,1233,623,2113,1913,10.0620,9.6998
9211,307.033,1233,623,2112,1914,9.5014,7.8558
9212,307.067,1233,623,2112,1914,9.6272,7.4877
9213,307.100,1233,623,2111,1913,8.8737,7.5450
9214,307.133,1233,623,2110,1912,8.1044,8.6156
9215,307.167,1233,624,2110,1912,8.9463,6.8037
9216,307.200,1233,625,2110,1912,9.2998,6.9082
9217,307.233,1234,626,2111,1911,8.6075,6.5460
9218,307.267,1234,626,2111,1910,8.6354,8.7387
9219,307.300,1237,599,2113,1919,8.8794,7.7874
9220,307.333,1237,599,2113,1920,8.7931,7.4409
9221,307.367,1237,623,2110,1907,8.5635,9.2836
9222,307.400,1238,598,2113,1918,10.7473,8.3618
9223,307.433,1236,622,2109,1907,8.4018,7.8304
9224,307.467,1238,596,2112,1918,11.2595,8.1627
9225,307.500,1238,597,2112,1918,9.9660,7.0364
9226,307.533,1238,598,2111,1917,8.1597,6.6160
9227,307.567,1237,597,2111,1916,10.6621,7.6867
9228,307.600,1237,597,2111,1917,11.0132,7.0083
9229,307.633,1236,622,2108,1904,10.6264,7.7315
9230,307.667,1236,621,2108,1902,9.6466,8.2275
9231,307.700,1235,621,2108,1904,10.7951,8.3256
9232,307.733,1235,621,2108,1905,11.9765,7.0226
9233,307.767,1236,596,2111,1915,12.7487,7.3128
9234,307.800,1234,621,2108,1905,10.5632,4.9271
9235,307.833,1236,597,2112,1915,10.5716,6.8583
9236,307.867,1234,622,2109,1904,12.1056,4.6416
9237,307.900,1234,622,2107,1903,12.1640,7.9793
9238,307.933,1233,622,2109,1906,15.4343,4.0109
9239,307.967,1232,621,2110,1907,12.5623,8.2697
9240,308.000,1234,623,2109,1901,11.9819,6.7566
9241,308.033,1233,623,2109,1903,12.8431,8.3543
9242,308.067,1233,623,2110,1903,12.8497,8.9031
9243,308.100,1232,624,2110,1905,11.9525,6.9348
9244,308.133,1232,623,2110,1904,12.8146,4.5774
9245,308.167,1232,623,2109,1902,12.8273,5.1503
9246,308.200,1232,623,2109,1907,14.0065,5.8851
9247,308.233,1231,623,2109,1909,14.5179,5.4774
9248,308.267,1231,623,2109,1910,14.2168,4.6140
9249,308.300,1230,621,2110,1914,14.1140,6.2131
9250,308.333,1230,620,2112,1917,14.4980,1.4927
9251,308.367,1230,621,2112,1918,14.5905,3.3622
9252,308.400,1231,619,2114,1920,11.4046,2.1591
9253,308.433,1233,620,2116,1921,11.3416,3.2712
9254,308.467,1233,619,2116,1921,10.4874,4.5316
9255,308.500,1233,619,2116,1922,8.3721,3.8216
9256,308.533,1233,618,2116,1921,9.0029,4.9356
9257,308.567,1233,619,2115,1921,10.5355,5.7184
9258,308.600,1233,618,2115,1920,9.0591,6.3557
9259,308.633,1233,618,2115,1920,8.6465,6.6797
9260,308.667,1234,619,2114,1918,9.9669,6.4832
9261,308.700,1235,619,2113,1915,10.0813,7.0334
9262,308.733,1236,620,2112,1912,10.8473,6.9926
9263,308.767,1237,621,2112,1911,11.2525,6.7872
9264,308.800,1238,620,2111,1909,10.0977,7.1854
9265,308.833,1238,619,2111,1910,9.3924,5.7057
9266,308.867,1239,619,2111,1910,7.9417,6.5075
9267,308.900,1239,618,2111,1910,8.1612,5.4686
9268,308.933,1239,619,2111,1909,9.4258,6.2157
9269,308.967,1239,618,2111,1910,8.3005,6.3009
9270,309.000,1239,619,2109,1906,11.0057,6.4227
9271,309.033,1238,620,2107,1906,13.8658,6.2966
9272,309.067,1237,621,2106,1906,12.9163,6.1289
9273,309.100,1235,622,2106,1907,11.5823,6.6314
9274,309.133,1236,598,2109,1917,10.6412,6.1042
9275,309.167,1236,598,2109,1917,10.8332,5.8497
9276,309.200,1236,599,2109,1916,11.8759,5.8357
9277,309.233,1236,598,2109,1916,12.1913,6.1651
9278,309.267,1239,626,2111,1905,11.7604,8.2177
9279,309.300,1239,624,2111,1903,12.9903,6.1737
9280,309.333,1239,624,2112,1903,12.8954,5.6670
9281,309.367,1240,623,2113,1903,12.7605,4.5921
9282,309.400,1240,623,2113,1903,13.6805,3.5982
9283,309.433,1240,623,2113,1904,13.1650,4.6243
9284,309.467,1240,623,2114,1903,14.0048,4.6234
9285,309.500,1240,622,2114,1903,12.8194,2.7482
9286,309.533,1240,623,2114,1903,14.6341,4.6277
9287,309.567,1240,621,2115,1906,12.7505,6.7545
9288,309.600,1241,620,2116,1904,11.5681,4.1382
9289,309.633,1242,620,2116,1903,12.4177,3.3581
9290,309.667,1243,615,2118,1904,10.4169,8.0663
9291,309.700,1243,615,2117,1903,9.2422,7.1193
9292,309.733,1244,615,2117,1902,10.1837,7.2102
9293,309.767,1244,615,2116,1901,11.5107,6.5307
9294,309.800,1244,615,2116,1900,14.0204,5.8787
9295,309.833,1244,615,2116,1900,13.8747,5.9283
9296,309.867,1245,615,2116,1900,13.6348,6.2644
9297,309.900,1244,615,2116,1900,13.9480,6.4026
9298,309.933,1245,616,2116,1900,11.1901,7.3190
9299,309.967,1245,616,2115,1899,12.8699,6.5090
9300,310.000,1242,621,2113,1901,14.2007,3.7652
9301,310.033,1240,622,2112,1902,12.2857,3.0719
9302,310.067,1239,596,2114,1916,11.0598,2.5835
9303,310.100,1239,622,2112,1903,11.0074,2.0944
9304,310.133,1239,598,2114,1915,9.2659,3.1492
9305,310.167,1239,598,2114,1914,9.0095,5.9843
9306,310.200,1239,622,2112,1901,11.7159,0.7885
9307,310.233,1238,596,2115,1913,11.6182,2.3667
9308,310.267,1238,619,2114,1903,13.7092,0.1038
9309,310.300,1238,620,2117,1906,13.8360,0.8380
9310,310.333,1239,620,2118,1906,12.2737,3.2892
9311,310.367,1240,618,2119,1904,7.5643,3.5891
9312,310.400,1243,614,2122,1902,8.5006,3.4027
9313,310.433,1243,617,2122,1901,8.6153,5.1308
9314,310.467,1245,618,2123,1902,4.9845,8.7032
9315,310.500,1245,617,2124,1904,5.7559,7.2764
9316,310.533,1245,615,2126,1902,3.6201,7.3055
9317,310.567,1246,613,2128,1906,3.5258,8.7550
9318,310.600,1247,613,2129,1905,1.8041,9.4534
9319,310.633,1247,616,2129,1905,4.8266,9.3884
9320,310.667,1249,617,2130,1905,3.5052,10.1449
9321,310.700,1247,618,2130,1907,2.7348,9.2124
9322,310.733,1248,617,2129,1904,1.5526,9.3109
9323,310.767,1248,618,2129,1904,0.5287,10.2333
9324,310.800,1247,617,2128,1904,0.0537,10.7090
9325,310.833,1247,614,2129,1905,2.0052,8.3491
9326,310.867,1247,614,2128,1904,0.1671,5.8257
9327,310.900,1248,614,2128,1903,-0.3107,7.3644
9328,310.933,1247,612,2128,1902,-1.3070,7.9401
9329,310.967,1248,612,2128,1902,-1.7432,7.8922
9330,311.000,1249,609,2129,1907,-1.2277,10.3120
9331,311.033,1248,609,2130,1909,-0.4105,11.0988
9332,311.067,1249,609,2130,1908,0.7526,9.5803
9333,311.100,1249,606,2130,1909,0.0185,7.1579
9334,311.133,1249,606,2131,1909,1.6774,7.9008
9335,311.167,1247,605,2132,1910,1.6465,9.4122
9336,311.200,1247,605,2132,1911,0.9501,10.5757
9337,311.233,1247,607,2132,1910,2.0482,11.1484
9338,311.267,1246,606,2133,1910,2.2223,8.0024
9339,311.300,1244,606,2133,1914,2.5727,8.8511
9340,311.333,1244,605,2133,1913,1.1773,12.0666
9341,311.367,1243,606,2133,1916,3.9078,9.9691
9342,311.400,1242,607,2134,1918,1.1031,8.4689
9343,311.433,1243,610,2131,1918,5.0917,11.4449
9344,311.467,1242,608,2131,1919,4.7426,8.5446
9345,311.500,1241,609,2130,1919,3.1279,9.8516
9346,311.533,1241,609,2129,1918,2.8014,9.4252
9347,311.567,1240,610,2127,1918,4.8185,9.2584
9348,311.600,1240,609,2128,1918,4.9452,9.0924
9349,311.633,1239,609,2127,1919,3.5460,8.7989
9350,311.667,1239,610,2125,1917,3.9073,7.5861
9351,311.700,1239,612,2125,1917,1.4744,7.1986
9352,311.733,1240,611,2125,1915,2.7155,10.2141
9353,311.767,1239,612,2125,1917,2.0161,6.1657
9354,311.800,1239,610,2125,1916,4.3763,10.4295
9355,311.833,1239,610,2124,1916,2.5939,10.2480
9356,311.867,1240,608,2124,1917,0.2400,9.8788
9357,311.900,1240,610,2123,1916,-0.5696,10.2166
9358,311.933,1240,606,2123,1915,-2.2959,10.4372
9359,311.967,1240,607,2123,1917,-2.3636,9.2725
9360,312.000,1240,601,2123,1915,-2.7487,7.9848
9361,312.033,1240,600,2123,1915,-2.4315,9.0253
9362,312.067,1240,600,2123,1914,-3.3454,8.9256
9363,312.100,1241,600,2123,1913,-0.8845,10.1605
9364,312.133,1242,602,2123,1910,-1.6632,9.6583
9365,312.167,1243,602,2123,1907,-0.5786,10.2728
9366,312.200,1245,604,2115,1906,2.1033,4.0662
9367,312.233,1244,606,2111,1904,-1.0798,6.3922
9368,312.267,1245,607,2110,1901,0.1271,3.6314
9369,312.300,1244,607,2113,1901,-2.8312,5.1096
9370,312.333,1243,605,2117,1903,-3.0730,9.0763
9371,312.367,1242,605,2119,1904,-0.7925,10.5398
9372,312.400,1242,604,2118,1901,-3.0043,10.0811
9373,312.433,1244,604,2118,1896,-0.3455,10.6034
9374,312.467,1245,603,2117,1893,-0.8283,9.1239
9375,312.500,1244,604,2117,1893,-1.3926,13.5924
9376,312.533,1245,605,2117,1889,-2.7364,13.3255
9377,312.567,1245,605,2117,1889,-2.2072,11.6927
9378,312.600,1245,604,2117,1890,-1.0401,12.5600
9379,312.633,1245,605,2117,1890,-1.7796,12.8061
9380,312.667,1244,607,2117,1889,-4.2607,11.6772
9381,312.700,1244,606,2118,1891,-2.7606,10.3383
9382,312.733,1243,605,2118,1893,-0.9320,10.2743
9383,312.767,1244,606,2118,1893,-3.4406,9.8410
9384,312.800,1244,606,2118,1894,-2.1233,9.9835
9385,312.833,1244,606,2118,1894,-2.7188,9.8484
9386,312.867,1244,606,2119,1894,-3.8190,8.8088
9387,312.900,1244,606,2119,1894,-3.4318,9.1484
9388,312.933,1244,607,2119,1894,-3.4073,11.5113
9389,312.967,1244,606,2119,1894,-1.3959,11.4707
9390,313.000,1244,609,2120,1891,-2.2904,11.0773
9391,313.033,1244,608,2120,1891,-3.0502,9.9779
9392,313.067,1244,609,2120,1890,-3.5398,9.5573
9393,313.100,1244,609,2120,1891,-2.2368,10.6317
9394,313.133,1244,608,2120,1891,-3.2898,9.6949
9395,313.167,1245,608,2121,1894,-2.2772,12.4977
9396,313.200,1246,608,2121,1895,-1.0836,12.2110
9397,313.233,1246,609,2122,1895,-0.3667,8.8502
9398,313.267,1246,609,2122,1896,0.1183,10.0273
9399,313.300,1247,609,2122,1895,-1.2704,10.2347
9400,313.333,1247,609,2122,1895,-1.6377,10.5955
9401,313.367,1247,609,2122,1895,-1.5224,10.7986
9402,313.400,1247,608,2122,1894,-0.1615,9.4008
9403,313.433,1247,608,2123,1896,-0.5739,11.8356
9404,313.467,1247,609,2122,1894,-0.3104,12.4381
9405,313.500,1247,609,2122,1895,1.2220,11.3828
9406,313.533,1247,608,2122,1892,-0.5057,10.2943
9407,313.567,1246,606,2122,1896,0.6660,9.3518
9408,313.600,1246,606,2123,1897,0.8885,9.3258
9409,313.633,1246,606,2123,1897,0.3940,9.4170
9410,313.667,1245,606,2123,1900,0.4955,5.8514
9411,313.700,1244,608,2124,1902,1.6614,10.4884
9412,313.733,1244,608,2123,1902,2.6322,10.8050
9413,313.767,1244,607,2123,1903,0.9710,12.1427
9414,313.800,1243,607,2123,1904,1.7981,11.4457
9415,313.833,1242,608,2124,1906,4.0911,9.3374
9416,313.867,1242,607,2125,1907,4.9236,8.7234
9417,313.900,1242,607,2125,1907,5.4596,8.7167
9418,313.933,1241,607,2126,1909,3.4713,10.3368
9419,313.967,1241,607,2126,1912,3.5147,10.7717
9420,314.000,1241,608,2126,1914,4.4871,9.8841
9421,314.033,1241,609,2126,1916,3.3379,7.5891
9422,314.067,1240,609,2126,1917,3.2867,6.0779
9423,314.100,1240,609,2125,1916,4.3025,7.1000
9424,314.133,1240,609,2125,1916,6.0584,7.2938
9425,314.167,1241,607,2125,1917,5.7740,10.5719
9426,314.200,1241,607,2126,1918,6.5026,8.9615
9427,314.233,1241,607,2125,1917,5.7265,10.3199
9428,314.267,1241,607,2125,1917,5.1726,10.3555
9429,314.300,1241,606,2125,1917,3.8050,10.5163
9430,314.333,1241,606,2124,1918,3.0541,9.2762
9431,314.367,1241,607,2123,1918,4.1975,9.4893
9432,314.400,1241,606,2123,1918,3.4786,9.5521
9433,314.433,1242,605,2123,1918,4.8297,9.9303
9434,314.467,1241,606,2123,1918,3.8914,9.1609
9435,314.500,1241,606,2122,1918,6.1357,8.6662
9436,314.533,1241,606,2121,1917,5.9466,9.8921
9437,314.567,1240,606,2119,1914,4.6513,10.3635
9438,314.600,1239,607,2120,1913,6.3220,11.1037
9439,314.633,1238,608,2119,1912,8.0218,9.5488
9440,314.667,1237,610,2119,1910,5.7043,6.4053
9441,314.700,1237,610,2121,1908,-0.0306,11.6317
9442,314.733,1237,609,2121,1904,-1.0970,9.9858
9443,314.767,1237,609,2120,1900,-0.5707,10.3269
9444,314.800,1237,609,2120,1901,-0.1206,8.7001
9445,314.833,1237,609,2120,1901,-1.3692,9.6042
9446,314.867,1238,609,2119,1899,-0.8087,11.4099
9447,314.900,1237,609,2119,1899,-0.6827,9.9672
9448,314.933,1237,609,2118,1897,-1.6515,9.0320
9449,314.967,1239,610,2118,1894,-2.9001,7.5713
9450,315.000,1241,612,2116,1893,-4.9906,7.8581
9451,315.033,1242,611,2114,1892,-3.9733,9.0229
9452,315.067,1243,612,2114,1890,-4.0710,8.4755
9453,315.100,1243,613,2113,1889,-4.5044,8.5364
9454,315.133,1244,611,2113,1887,-5.0965,9.4508
9455,315.167,1244,611,2113,1888,-5.6983,8.9697
9456,315.200,1245,611,2112,1888,-5.3741,9.6719
9457,315.233,1245,611,2113,1888,-4.1626,9.8439
9458,315.267,1244,612,2113,1889,-2.4452,8.1969
9459,315.300,1243,611,2115,1894,-2.1301,9.8387
9460,315.333,1243,610,2116,1893,-2.0942,9.1285
9461,315.367,1244,609,2117,1893,-3.5915,10.1964
9462,315.400,1244,609,2118,1895,-3.4792,8.2080
9463,315.433,1244,609,2119,1895,-4.3454,9.5704
9464,315.467,1244,609,2119,1895,-4.4090,9.6194
9465,315.500,1244,609,2119,1896,-3.2788,8.1964
9466,315.533,1245,610,2118,1893,-3.2881,8.3456
9467,315.567,1244,611,2118,1895,-1.1440,6.4435
9468,315.600,1244,610,2119,1895,-2.1143,6.9571
9469,315.633,1244,611,2119,1896,-1.8260,7.8823
9470,315.667,1244,611,2119,1896,-2.0298,7.9917
9471,315.700,1244,609,2119,1895,-2.2098,9.4572
9472,315.733,1245,608,2119,1894,-1.9071,8.1950
9473,315.767,1245,608,2119,1895,-2.5105,8.2743
9474,315.800,1245,609,2120,1894,-0.6633,9.6753
9475,315.833,1245,606,2121,1896,-2.0544,7.0014
9476,315.867,1245,607,2121,1896,-2.0621,9.2223
9477,315.900,1245,606,2122,1894,-3.5810,10.4609
9478,315.933,1246,604,2122,1893,-3.3579,7.8654
9479,315.967,1246,604,2123,1894,-3.4653,9.2535
9480,316.000,1247,604,2124,1894,-2.0596,6.9604
9481,316.033,1248,605,2124,1894,-0.9243,9.1625
9482,316.067,1248,606,2124,1895,-1.5816,6.8342
9483,316.100,1248,605,2125,1895,-2.5224,8.8867
9484,316.133,1248,605,2124,1895,-0.0479,7.7702
9485,316.167,1248,605,2124,1895,-0.1239,7.1890
9486,316.200,1248,605,2124,1894,-1.5481,9.9597
9487,316.233,1247,604,2124,1896,-2.6286,7.4038
9488,316.267,1247,605,2124,1898,-1.5451,9.3495
9489,316.300,1248,605,2125,1897,-2.5193,9.4797
9490,316.333,1247,605,2125,1898,-2.9989,9.1081
9491,316.367,1247,605,2126,1901,-3.6509,10.5757
9492,316.400,1246,604,2127,1904,-1.9738,8.5171
9493,316.433,1245,601,2128,1909,-3.1120,7.7639
9494,316.467,1245,601,2129,1911,0.1069,8.1826
9495,316.500,1245,601,2129,1909,0.3637,8.6317
9496,316.533,1245,599,2129,1911,0.8474,7.4058
9497,316.567,1245,599,2129,1911,1.8233,8.2984
9498,316.600,1244,598,2129,1912,1.4297,8.0829
9499,316.633,1244,599,2129,1913,2.6798,8.0809
9500,316.667,1244,599,2128,1911,4.4362,8.5641
9501,316.700,1244,599,2128,1912,4.1464,7.9142
9502,316.733,1244,600,2128,1912,2.1589,9.5309
9503,316.767,1244,600,2128,1912,2.4887,10.5787
9504,316.800,1245,600,2128,1911,3.6468,7.9254
9505,316.833,1244,600,2128,1910,3.3971,8.9504
9506,316.867,1244,599,2129,1909,3.1161,7.8593
9507,316.900,1244,599,2129,1909,3.2351,7.6261
9508,316.933,1244,598,2128,1908,4.2363,6.2737
9509,316.967,1244,598,2128,1908,4.3710,7.0654
9510,317.000,1244,599,2128,1910,3.4990,8.9671
9511,317.033,1245,598,2128,1909,0.5783,8.0092
9512,317.067,1245,599,2128,1909,3.3951,8.3866
9513,317.100,1245,598,2128,1910,1.7847,7.2337
9514,317.133,1244,597,2128,1912,0.5917,7.9349
9515,317.167,1244,599,2127,1913,-0.6028,8.4539
9516,317.200,1243,601,2128,1918,-2.0398,11.0236
9517,317.233,1242,601,2128,1920,-1.9787,9.7837
9518,317.267,1242,602,2127,1920,-1.7274,9.2826
9519,317.300,1242,602,2127,1920,-2.6672,10.0518
9520,317.333,1242,602,2127,1920,-2.6997,9.5841
9521,317.367,1242,603,2127,1919,-2.7839,10.7833
9522,317.400,1242,603,2127,1918,-2.8531,12.0195
9523,317.433,1242,602,2127,1918,-4.2000,10.4831
9524,317.467,1242,601,2127,1919,-5.2256,8.5352
9525,317.500,1242,601,2127,1919,-4.9417,8.2867
9526,317.533,1241,601,2127,1917,-2.1661,9.0112
9527,317.567,1241,602,2127,1917,-3.1225,11.8725
9528,317.600,1239,599,2123,1916,-1.0007,7.6058
9529,317.633,1239,599,2124,1916,-0.7662,8.1547
9530,317.667,1239,599,2124,1916,-0.7903,8.3800
9531,317.700,1240,598,2124,1915,-3.0254,6.4442
9532,317.733,1240,598,2124,1915,-2.9693,6.5234
9533,317.767,1240,598,2124,1915,-3.2687,6.7581
9534,317.800,1239,598,2124,1914,-1.1071,8.8105
9535,317.833,1239,597,2124,1915,-2.9930,8.7159
9536,317.867,1239,597,2124,1916,-2.7115,9.4200
9537,317.900,1239,598,2124,1916,-1.3671,10.5783
9538,317.933,1239,598,2124,1916,-1.7282,9.6741
9539,317.967,1239,599,2124,1916,-1.9975,8.1901
9540,318.000,1240,597,2125,1914,-4.0234,7.7238
9541,318.033,1240,596,2124,1914,-4.7901,7.4745
9542,318.067,1240,598,2124,1913,-4.4276,7.2502
9543,318.100,1240,596,2124,1913,-4.5389,5.9380
9544,318.133,1239,595,2124,1914,-4.7552,7.6030
9545,318.167,1239,595,2123,1913,-3.1016,8.7020
9546,318.200,1239,595,2123,1913,-3.0950,9.3626
9547,318.233,1239,595,2122,1913,-2.5705,10.6449
9548,318.267,1238,596,2122,1912,-2.8654,6.1179
9549,318.300,1243,597,2114,1907,1.7893,0.9426
9550,318.333,1244,597,2108,1904,3.0672,1.0093
9551,318.367,1244,597,2110,1904,0.4863,0.4301
9552,318.400,1242,596,2110,1907,4.0767,4.8190
9553,318.433,1242,601,2111,1902,1.8109,5.4487
9554,318.467,1242,602,2111,1900,0.8964,8.6919
9555,318.500,1240,603,2115,1898,3.0063,10.0547
9556,318.533,1240,606,2116,1899,2.0641,9.1000
9557,318.567,1240,605,2116,1900,1.3251,9.8343
9558,318.600,1240,606,2116,1900,-0.4073,9.6225
9559,318.633,1241,606,2116,1899,-1.7596,8.9961
9560,318.667,1241,607,2115,1900,-1.1383,10.5434
9561,318.700,1240,608,2115,1900,2.0609,11.2961
9562,318.733,1242,610,2112,1896,10.2967,8.5822
9563,318.767,1242,610,2112,1896,11.7410,9.4353
9564,318.800,1243,609,2112,1896,11.9578,10.2451
9565,318.833,1243,608,2113,1897,12.2139,13.6217
9566,318.867,1243,607,2114,1901,12.9601,14.1442
9567,318.900,1243,608,2115,1902,13.5454,10.7658
9568,318.933,1243,606,2116,1904,13.5447,13.6058
9569,318.967,1243,606,2116,1903,13.1734,13.5591
9570,319.000,1243,603,2119,1905,12.8626,11.5886
9571,319.033,1243,602,2122,1906,13.4039,10.9621
9572,319.067,1243,602,2124,1905,12.2536,13.4455
9573,319.100,1244,602,2126,1907,11.8333,16.0031
9574,319.133,1242,599,2128,1910,2.7443,12.6163
9575,319.167,1242,598,2129,1912,1.8365,15.7504
9576,319.200,1242,597,2129,1912,0.8427,13.0574
9577,319.233,1243,598,2129,1910,0.7727,13.8963
9578,319.267,1243,597,2129,1910,0.7262,14.5614
9579,319.300,1243,597,2129,1910,0.6261,15.1177
9580,319.333,1243,597,2129,1910,0.6914,15.0792
9581,319.367,1243,597,2129,1910,0.6433,14.8982
9582,319.400,1243,596,2129,1910,3.3189,13.3443
9583,319.433,1244,595,2129,1910,2.1876,12.9061
9584,319.467,1243,595,2129,1911,0.9511,14.8550
9585,319.500,1243,595,2129,1912,3.4091,12.7862
9586,319.533,1243,596,2129,1912,1.2422,12.9998
9587,319.567,1243,594,2128,1914,2.2550,12.4931
9588,319.600,1242,595,2127,1915,3.3145,12.0233
9589,319.633,1242,596,2128,1915,1.7293,11.0758
9590,319.667,1242,595,2127,1915,2.8912,10.0736
9591,319.700,1241,597,2127,1915,2.1629,11.6347
9592,319.733,1241,597,2127,1914,1.9919,12.2361
9593,319.767,1241,596,2127,1915,1.6464,11.2888
9594,319.800,1240,597,2127,1915,3.2650,10.9293
9595,319.833,1240,596,2127,1916,1.2770,10.2315
9596,319.867,1241,596,2126,1916,3.4124,10.4940
9597,319.900,1240,597,2126,1915,0.5519,10.1918
9598,319.933,1241,597,2126,1913,0.6714,8.9717
9599,319.967,1241,596,2124,1913,2.4686,5.1691
9600,320.000,1243,598,2123,1910,2.5277,7.0658
9601,320.033,1247,593,2116,1907,7.1285,5.2353
9602,320.067,1247,594,2115,1905,4.4185,3.0166
9603,320.100,1246,597,2116,1906,5.6108,3.0352
9604,320.133,1243,597,2118,1906,3.7278,7.7751
9605,320.167,1241,597,2121,1908,3.4890,9.6490
9606,320.200,1242,598,2121,1908,3.7033,12.6411
9607,320.233,1241,597,2122,1910,5.4829,10.8706
9608,320.267,1241,599,2122,1907,3.1121,9.1109
9609,320.300,1241,598,2122,1908,3.6868,9.0870
9610,320.333,1241,597,2123,1909,1.7695,11.5458
9611,320.367,1240,597,2122,1909,2.7403,9.8707
9612,320.400,1241,598,2123,1908,-0.8922,10.8638
9613,320.433,1241,599,2123,1908,-1.5719,9.6750
9614,320.467,1240,599,2123,1909,-0.4116,9.3186
9615,320.500,1241,599,2123,1909,-1.5404,10.0083
9616,320.533,1240,600,2123,1910,2.0108,7.3553
9617,320.567,1240,600,2122,1913,-0.2529,9.0242
9618,320.600,1240,599,2122,1914,0.3233,9.5626
9619,320.633,1239,600,2122,1915,-0.4733,9.0111
9620,320.667,1239,600,2120,1912,1.8573,9.7542
9621,320.700,1239,599,2120,1913,1.1603,6.4046
9622,320.733,1238,599,2120,1913,0.0919,9.2578
9623,320.767,1239,600,2120,1913,-0.3907,10.6440
9624,320.800,1238,598,2120,1912,0.1915,10.0138
9625,320.833,1238,600,2121,1911,-0.0431,9.7546
9626,320.867,1238,599,2121,1910,-0.7327,12.2032
9627,320.900,1238,601,2121,1910,-0.8531,9.3266
9628,320.933,1237,600,2121,1909,-0.4222,7.5021
9629,320.967,1238,600,2121,1908,-0.3993,9.2482
9630,321.000,1238,601,2121,1909,1.0176,10.2426
9631,321.033,1239,600,2120,1909,-0.3096,12.9661
9632,321.067,1238,600,2120,1909,1.2703,12.2580
9633,321.100,1238,600,2119,1910,0.6690,12.4089
9634,321.133,1238,603,2118,1911,2.0039,8.7194
9635,321.167,1238,603,2116,1912,1.3717,11.7877
9636,321.200,1238,605,2114,1910,1.1380,9.4611
9637,321.233,1238,606,2115,1911,2.2879,5.8226
9638,321.267,1236,606,2115,1910,2.9039,5.7906
9639,321.300,1236,606,2115,1909,2.6593,8.0711
9640,321.333,1236,608,2115,1910,0.2896,6.7469
9641,321.367,1236,608,2115,1909,0.6821,6.8255
9642,321.400,1236,606,2114,1907,2.0244,8.0681
9643,321.433,1237,605,2114,1907,0.8528,7.4468
9644,321.467,1237,604,2115,1907,0.4219,8.0179
9645,321.500,1237,604,2114,1908,0.7393,8.1438
9646,321.533,1237,603,2115,1907,-1.0573,8.8315
9647,321.567,1237,603,2116,1907,-1.2142,7.8011
9648,321.600,1237,602,2117,1908,-0.5061,8.4405
9649,321.633,1239,601,2116,1906,-2.0535,9.5198
9650,321.667,1240,601,2116,1906,-0.6693,11.0101
9651,321.700,1241,601,2117,1907,-1.9925,8.9484
9652,321.733,1240,602,2118,1908,-1.9599,8.5090
9653,321.767,1240,602,2118,1909,-0.8375,8.8853
9654,321.800,1240,602,2118,1906,-1.1362,9.8561
9655,321.833,1240,599,2119,1907,-0.7641,8.8965
9656,321.867,1240,599,2119,1906,-0.9037,7.6530
9657,321.900,1243,601,2116,1901,1.3521,4.4787
9658,321.933,1242,602,2108,1899,6.0826,-0.4756
9659,321.967,1242,604,2106,1896,1.2899,0.1793
9660,322.000,1244,608,2102,1892,5.8917,2.3141
9661,322.033,1244,605,2106,1896,5.2057,0.6279
9662,322.067,1244,606,2105,1895,4.4798,1.8448
9663,322.100,1242,606,2113,1898,-1.3467,9.5368
9664,322.133,1242,608,2112,1896,-0.1118,10.5839
9665,322.167,1240,608,2112,1897,1.8515,10.3535
9666,322.200,1240,607,2113,1896,3.2854,9.4484
9667,322.233,1240,607,2113,1895,2.2956,10.1295
9668,322.267,1240,606,2113,1895,3.1521,8.6361
9669,322.300,1240,603,2114,1897,1.4154,10.1425
9670,322.333,1240,604,2115,1896,-0.0198,10.7976
9671,322.367,1239,604,2115,1898,-0.8421,8.8653
9672,322.400,1239,605,2115,1898,-0.2300,8.9986
9673,322.433,1237,606,2115,1903,0.4626,8.8134
9674,322.467,1238,606,2115,1903,-1.4173,8.0221
9675,322.500,1238,606,2116,1903,-0.2791,7.8295
9676,322.533,1238,606,2115,1902,-1.1245,9.7224
9677,322.567,1238,605,2116,1906,-0.0307,10.3328
9678,322.600,1238,605,2116,1906,-0.0064,9.8593
9679,322.633,1238,605,2117,1907,-0.7317,8.0465
9680,322.667,1238,605,2118,1909,-0.6015,9.0488
9681,322.700,1238,603,2119,1915,0.4824,10.6949
9682,322.733,1238,603,2118,1915,1.7387,10.4791
9683,322.767,1236,603,2121,1916,-0.2611,9.4095
9684,322.800,1237,603,2121,1916,0.0653,9.2280
9685,322.833,1238,602,2120,1913,0.9141,10.4486
9686,322.867,1238,602,2119,1913,0.4324,9.7861
9687,322.900,1239,602,2119,1911,0.0867,10.6295
9688,322.933,1239,601,2119,1910,-1.9887,12.3001
9689,322.967,1239,601,2119,1910,-3.0929,12.4886
9690,323.000,1239,597,2120,1908,-2.2476,13.3607
9691,323.033,1239,597,2120,1906,-2.4729,13.2879
9692,323.067,1239,595,2121,1908,-1.4832,13.1852
9693,323.100,1239,595,2121,1908,-1.5839,12.7701
9694,323.133,1239,593,2122,1908,-1.8796,12.9391
9695,323.167,1239,593,2123,1908,-0.6840,13.0676
9696,323.200,1239,592,2123,1910,-0.6648,12.7157
9697,323.233,1239,592,2123,1910,0.2449,12.3634
9698,323.267,1239,594,2121,1907,5.9242,12.1625
9699,323.300,1238,594,2122,1908,2.8263,10.0679
9700,323.333,1237,593,2120,1910,4.4486,12.1018
9701,323.367,1237,593,2120,1909,4.4549,11.4644
9702,323.400,1237,593,2119,1910,5.3047,10.1576
9703,323.433,1236,593,2117,1908,3.8153,9.4527
9704,323.467,1235,597,2116,1909,4.9945,8.6340
9705,323.500,1235,596,2116,1908,5.8586,9.7381
9706,323.533,1233,598,2115,1910,6.6691,10.7001
9707,323.567,1233,600,2116,1908,7.3669,7.3317
9708,323.600,1234,600,2116,1909,5.2792,8.5440
9709,323.633,1234,600,2116,1909,5.6109,8.1959
9710,323.667,1234,600,2117,1907,1.5457,8.7614
9711,323.700,1235,600,2117,1906,1.9774,8.9557
9712,323.733,1235,599,2117,1907,4.1851,9.3403
9713,323.767,1235,599,2118,1907,1.2799,7.9519
9714,323.800,1235,599,2117,1909,3.1203,8.3635
9715,323.833,1234,599,2117,1908,0.6740,9.1006
9716,323.867,1235,598,2117,1909,0.8518,9.2505
9717,323.900,1235,598,2117,1908,-1.1243,10.3181
9718,323.933,1236,598,2117,1906,0.1518,9.9022
9719,323.967,1236,600,2118,1906,1.6622,8.2463
9720,324.000,1234,604,2116,1910,2.0663,4.6377
9721,324.033,1233,605,2115,1912,5.0764,7.4389
9722,324.067,1234,606,2114,1910,13.9091,3.5317
9723,324.100,1234,605,2113,1908,16.4046,1.0142
9724,324.133,1234,605,2114,1912,14.8258,2.2331
9725,324.167,1234,604,2114,1916,13.8348,1.0383
9726,324.200,1234,603,2114,1917,14.7417,1.3799
9727,324.233,1233,603,2114,1919,13.6801,4.1940
9728,324.267,1234,603,2114,1919,13.5502,2.3312
9729,324.300,1234,606,2115,1919,12.2220,1.9807
9730,324.333,1235,605,2115,1920,11.7601,1.7598
9731,324.367,1236,605,2115,1918,12.5959,3.1276
9732,324.400,1236,607,2116,1919,14.8510,3.5985
9733,324.433,1236,605,2117,1922,11.5418,0.9698
9734,324.467,1236,605,2116,1922,12.4328,2.5288
9735,324.500,1236,605,2116,1922,12.4918,2.5178
9736,324.533,1237,605,2117,1921,12.1332,0.6083
9737,324.567,1236,606,2116,1921,10.5103,2.1186
9738,324.600,1237,606,2116,1920,11.6608,2.5048
9739,324.633,1238,606,2116,1918,12.8668,1.8143
9740,324.667,1238,608,2116,1917,12.9341,3.9889
9741,324.700,1237,611,2117,1920,12.6369,2.8032
9742,324.733,1236,610,2117,1921,13.0463,1.5300
9743,324.767,1236,610,2118,1924,13.5474,2.3401
9744,324.800,1237,612,2118,1924,15.1293,2.3225
9745,324.833,1237,613,2119,1921,14.5136,1.9280
9746,324.867,1237,611,2119,1921,12.7300,1.7344
9747,324.900,1237,610,2120,1919,12.1405,1.3572
9748,324.933,1238,608,2121,1920,11.9576,2.2946
9749,324.967,1239,610,2122,1918,10.6993,2.5540
9750,325.000,1241,617,2120,1916,14.6921,5.0559
9751,325.033,1241,616,2121,1917,12.2145,3.9148
9752,325.067,1241,617,2121,1917,12.3977,4.8949
9753,325.100,1241,617,2121,1915,12.1359,5.3083
9754,325.133,1240,617,2121,1915,12.0766,4.5549
9755,325.167,1240,617,2121,1917,12.9131,3.6899
9756,325.200,1240,617,2121,1918,15.3190,3.3022
9757,325.233,1241,615,2122,1919,5.5619,10.1614
9758,325.267,1241,615,2121,1919,4.2134,7.9380
9759,325.300,1241,615,2121,1918,0.4685,9.4281
9760,325.333,1242,616,2121,1917,1.3741,8.4213
9761,325.367,1242,617,2121,1918,2.6456,9.7711
9762,325.400,1242,614,2122,1917,1.1801,10.0794
9763,325.433,1244,612,2122,1915,1.2250,11.4944
9764,325.467,1244,615,2121,1916,0.4302,8.8956
9765,325.500,1244,615,2127,1912,1.0921,8.5426
9766,325.533,1246,607,2129,1916,-2.7491,5.0435
9767,325.567,1246,608,2129,1917,-2.3217,6.2743
9768,325.600,1246,608,2129,1916,-2.5163,7.9776
9769,325.633,1246,608,2129,1917,-2.4042,6.1919
9770,325.667,1245,608,2129,1917,-1.8438,6.9500
9771,325.700,1245,609,2129,1918,0.1501,8.4657
9772,325.733,1246,608,2129,1917,-0.0729,5.8145
9773,325.767,1246,609,2129,1918,1.4250,6.9913
9774,325.800,1246,609,2129,1917,0.7047,6.4189
9775,325.833,1246,608,2129,1918,0.1191,6.5523
9776,325.867,1246,609,2129,1918,1.6386,7.0159
9777,325.900,1246,609,2129,1919,1.5052,6.1924
9778,325.933,1246,608,2129,1919,-0.8663,6.1187
9779,325.967,1246,609,2130,1919,-0.3281,7.5711
9780,326.000,1245,618,2128,1919,0.6190,9.1352
9781,326.033,1245,617,2128,1919,0.4510,8.5125
9782,326.067,1245,616,2127,1917,-1.1366,9.7265
9783,326.100,1245,617,2127,1918,0.5359,8.8504
9784,326.133,1245,615,2127,1918,-1.7949,10.3848
9785,326.167,1244,618,2124,1920,-0.4043,11.6660
9786,326.200,1243,620,2122,1919,1.2691,8.5130
9787,326.233,1242,620,2122,1919,3.0543,7.0224
9788,326.267,1241,618,2122,1921,-1.3930,8.6099
9789,326.300,1241,617,2121,1921,0.2653,9.0561
9790,326.333,1240,615,2121,1921,0.4254,11.1198
9791,326.367,1240,616,2121,1921,-1.6424,11.6868
9792,326.400,1240,617,2121,1919,0.7885,10.3289
9793,326.433,1240,616,2120,1915,-1.5729,9.7805
9794,326.467,1240,617,2120,1913,1.3700,11.0084
9795,326.500,1240,617,2120,1913,1.9751,10.7467
9796,326.533,1241,615,2119,1911,0.0062,11.4506
9797,326.567,1241,616,2120,1912,-1.0172,11.7380
9798,326.600,1240,614,2120,1915,0.9153,11.3488
9799,326.633,1239,617,2119,1915,3.1910,13.0911
9800,326.667,1237,618,2119,1918,2.7933,13.2892
9801,326.700,1237,618,2117,1918,2.9185,12.0103
9802,326.733,1234,620,2116,1920,3.0400,11.0204
9803,326.767,1234,619,2117,1920,2.1846,12.3585
9804,326.800,1235,617,2117,1916,1.0468,11.2999
9805,326.833,1236,614,2118,1917,2.2511,13.1088
9806,326.867,1236,614,2120,1918,0.6479,12.1774
9807,326.900,1236,614,2121,1919,0.6914,10.7316
9808,326.933,1236,613,2119,1918,-1.5633,13.3185
9809,326.967,1236,613,2120,1918,0.2323,13.0684
9810,327.000,1236,613,2121,1920,2.3182,11.5684
9811,327.033,1237,613,2121,1915,3.0506,12.4311
9812,327.067,1237,614,2121,1916,5.1370,15.2609
9813,327.100,1238,613,2123,1918,3.8591,12.4290
9814,327.133,1239,612,2122,1914,1.6590,11.8352
9815,327.167,1240,615,2123,1913,3.1598,15.4882
9816,327.200,1241,615,2123,1913,3.6394,12.8215
9817,327.233,1241,615,2123,1913,2.8989,12.6605
9818,327.267,1242,616,2123,1910,2.9115,12.2540
9819,327.300,1243,619,2124,1912,2.8328,15.6135
9820,327.333,1243,618,2125,1912,3.7685,14.4557
9821,327.367,1242,616,2125,1912,2.9445,14.7163
9822,327.400,1243,617,2126,1914,3.9729,12.4714
9823,327.433,1243,615,2126,1916,1.3452,8.4690
9824,327.467,1245,614,2127,1917,-1.2118,7.8995
9825,327.500,1245,611,2127,1918,0.5014,11.4173
9826,327.533,1245,613,2127,1919,-1.3392,10.2604
9827,327.567,1246,616,2127,1916,1.4213,9.6863
9828,327.600,1249,617,2129,1911,-0.2160,13.1485
9829,327.633,1248,618,2130,1913,1.8569,12.0349
9830,327.667,1249,595,2132,1926,0.1930,5.8087
9831,327.700,1251,621,2132,1915,0.0751,9.9951
9832,327.733,1252,620,2134,1916,0.8608,4.5724
9833,327.767,1251,619,2133,1915,1.2265,6.5800
9834,327.800,1255,616,2124,1915,1.5934,1.6226
9835,327.833,1256,623,2120,1912,2.4664,2.1867
9836,327.867,1254,620,2116,1909,-0.3158,2.3946
9837,327.900,1252,625,2108,1903,10.7321,-3.0730
9838,327.933,1243,615,2104,1899,1.5578,2.0899
9839,327.967,1243,611,2104,1897,0.6604,5.5148
9840,328.000,1243,605,2100,1904,5.2695,9.6091
9841,328.033,1237,605,2099,1910,6.3815,7.0576
9842,328.067,1236,605,2097,1909,4.5262,7.7211
9843,328.100,1235,603,2093,1910,1.6017,9.7489
9844,328.133,1233,604,2092,1906,4.5107,8.4023
9845,328.167,1233,603,2091,1901,3.4842,8.7589
9846,328.200,1234,603,2092,1901,4.4557,12.3742
9847,328.233,1233,602,2092,1902,3.5987,11.1411
9848,328.267,1232,601,2091,1899,4.5756,10.6279
9849,328.300,1234,603,2095,1895,5.8480,7.0137
9850,328.333,1238,607,2102,1895,3.6940,9.1407
9851,328.367,1239,608,2102,1897,3.5394,12.3565
9852,328.400,1244,625,2114,1886,6.2512,10.6819
9853,328.433,1244,627,2115,1892,7.8117,8.6127
9854,328.467,1246,626,2117,1894,6.3216,7.3922
9855,328.500,1246,625,2120,1901,8.1351,10.1803
9856,328.533,1247,625,2121,1901,6.2268,9.2431
9857,328.567,1248,626,2118,1895,4.2588,11.5376
9858,328.600,1249,624,2117,1893,6.9734,10.3403
9859,328.633,1249,626,2116,1894,5.9770,10.6197
9860,328.667,1246,599,2119,1908,2.4262,9.4905
9861,328.700,1247,604,2116,1901,3.0764,7.7427
9862,328.733,1251,623,2115,1897,2.7540,12.1936
9863,328.767,1250,623,2113,1895,2.3570,13.9503
9864,328.800,1248,623,2106,1900,2.5094,3.3232
9865,328.833,1249,620,2107,1900,-0.7804,1.0373
9866,328.867,1249,619,2109,1902,-2.6613,3.5190
9867,328.900,1244,613,2120,1903,1.9172,6.9223
9868,328.933,1243,608,2127,1901,1.0636,10.4603
9869,328.967,1241,612,2131,1904,6.0658,12.6119
9870,329.000,1242,615,2135,1913,5.5722,8.6199
9871,329.033,1239,615,2134,1913,6.8484,9.8705
9872,329.067,1239,619,2132,1903,7.4526,9.5820
9873,329.100,1239,620,2129,1901,7.6143,10.9659
9874,329.133,1235,618,2125,1901,9.9128,12.5541
9875,329.167,1232,619,2119,1903,10.3028,9.0813
9876,329.200,1231,623,2117,1905,12.7275,13.6731
9877,329.233,1230,627,2111,1909,10.4801,11.7404
9878,329.267,1226,620,2109,1905,10.3635,9.7028
9879,329.300,1225,620,2107,1907,8.3556,12.9103
9880,329.333,1226,618,2106,1910,6.0591,16.5148
9881,329.367,1233,599,2106,1922,1.8041,16.1526
9882,329.400,1234,600,2106,1920,1.2267,14.5815
9883,329.433,1235,603,2106,1919,-1.5822,12.7056
9884,329.467,1231,607,2109,1926,-1.0587,13.6583
9885,329.500,1228,626,2110,1918,2.2580,12.0268
9886,329.533,1231,626,2114,1923,-0.8469,13.5109
9887,329.567,1235,627,2118,1923,-1.3501,15.8943
9888,329.600,1235,625,2121,1925,-2.3271,15.5573
9889,329.633,1236,626,2121,1925,-2.2987,15.4345
9890,329.667,1235,625,2121,1927,-2.3917,12.8697
9891,329.700,1235,626,2119,1926,1.4748,8.9368
9892,329.733,1234,626,2120,1929,1.8988,11.0167
9893,329.767,1233,628,2119,1927,3.2761,9.2287
9894,329.800,1233,631,2116,1927,2.5843,13.3571
9895,329.833,1232,630,2114,1927,3.0732,10.3686
9896,329.867,1230,629,2113,1925,0.1425,9.0446
9897,329.900,1230,628,2113,1926,5.2024,8.1244
9898,329.933,1231,629,2113,1925,3.6464,5.8317
9899,329.967,1230,629,2113,1927,3.5433,6.3732
9900,330.000,1230,624,2112,1927,3.6477,6.0554
9901,330.033,1230,627,2113,1927,6.0345,10.4572
9902,330.067,1235,623,2113,1927,6.3071,8.6436
9903,330.100,1234,624,2115,1928,3.9165,7.5744
9904,330.133,1235,618,2118,1930,4.7542,7.2412
9905,330.167,1236,619,2118,1929,4.6261,8.7689
9906,330.200,1238,618,2119,1925,4.9329,8.6287
9907,330.233,1238,618,2121,1924,5.0405,11.4149
9908,330.267,1240,617,2124,1923,1.7612,9.0507
9909,330.300,1240,615,2122,1921,3.1580,8.8933
9910,330.333,1239,613,2122,1921,5.9490,8.1445
9911,330.367,1237,613,2121,1920,4.6915,7.3107
9912,330.400,1237,613,2118,1918,2.0976,4.8178
9913,330.433,1229,622,2113,1922,6.3877,6.9259
9914,330.467,1223,616,2106,1920,3.6927,9.7267
9915,330.500,1224,612,2103,1918,3.9520,8.2017
9916,330.533,1223,611,2098,1916,5.1133,8.0343
9917,330.567,1223,611,2098,1916,6.7441,5.6236
9918,330.600,1227,584,2100,1936,5.4915,7.2800
9919,330.633,1223,611,2098,1916,6.9046,4.6991
9920,330.667,1224,610,2099,1913,5.4827,7.6771
9921,330.700,1223,613,2099,1914,5.9636,7.6599
9922,330.733,1227,622,2101,1912,10.5468,10.3203
9923,330.767,1231,609,2108,1914,5.6715,7.9240
9924,330.800,1234,617,2106,1912,1.8239,11.6570
9925,330.833,1236,616,2111,1914,3.0970,8.0007
9926,330.867,1241,600,2115,1922,7.2534,11.6057
9927,330.900,1242,620,2116,1916,6.6423,9.4067
9928,330.933,1247,614,2121,1908,3.5361,9.1319
9929,330.967,1249,612,2122,1908,2.3183,6.7483
9930,331.000,1249,622,2123,1911,3.3160,10.5727
9931,331.033,1249,621,2123,1911,4.3171,11.4691
9932,331.067,1250,621,2125,1912,3.6103,11.7553
9933,331.100,1248,622,2122,1913,3.9120,11.6632
9934,331.133,1245,623,2121,1916,4.0308,11.4283
9935,331.167,1241,626,2119,1919,5.7629,8.7141
9936,331.200,1239,626,2115,1919,3.9239,5.6725
9937,331.233,1239,626,2112,1914,8.2858,8.3924
9938,331.267,1239,626,2111,1911,8.3750,11.0889
9939,331.300,1237,626,2109,1911,8.9032,7.8985
9940,331.333,1234,625,2106,1914,7.3841,6.3764
9941,331.367,1234,624,2106,1913,6.5064,10.0169
9942,331.400,1235,624,2106,1912,7.6965,6.4767
9943,331.433,1236,624,2107,1910,8.7554,7.3690
9944,331.467,1235,625,2108,1912,8.4610,9.3814
9945,331.500,1235,622,2110,1914,9.7041,5.4366
9946,331.533,1235,623,2113,1914,8.6491,7.1953
9947,331.567,1236,622,2114,1915,9.5322,4.5244
9948,331.600,1236,623,2116,1915,6.9622,8.3314
9949,331.633,1236,625,2116,1916,6.1060,6.5949
9950,331.667,1237,625,2116,1915,6.3635,5.9552
9951,331.700,1237,626,2116,1916,4.2947,6.7199
9952,331.733,1237,627,2116,1916,3.1963,3.4218
9953,331.767,1237,627,2117,1919,3.4060,6.0994
9954,331.800,1238,628,2116,1918,3.0390,5.1971
9955,331.833,1238,628,2117,1919,2.4596,7.0231
9956,331.867,1239,628,2118,1920,1.8701,7.0995
9957,331.900,1240,626,2119,1921,3.4893,7.4416
9958,331.933,1241,625,2119,1921,1.1716,8.3852
9959,331.967,1242,625,2120,1920,-0.5280,6.5595
9960,332.000,1242,623,2121,1922,-1.4406,4.1082
9961,332.033,1242,622,2122,1923,-0.3096,4.0411
9962,332.067,1241,622,2122,1924,-0.0317,3.1026
9963,332.100,1241,622,2123,1923,0.0612,8.1627
9964,332.133,1242,623,2125,1922,0.6626,5.5007
9965,332.167,1242,622,2124,1924,-0.6443,6.7521
9966,332.200,1242,621,2124,1924,-0.4411,7.0329
9967,332.233,1242,621,2125,1925,-0.0046,4.9176
9968,332.267,1241,622,2126,1926,2.8433,4.7287
9969,332.300,1241,624,2124,1925,0.7653,2.1920
9970,332.333,1242,623,2124,1925,2.2321,8.3385
9971,332.367,1242,624,2123,1922,3.2439,6.3866
9972,332.400,1241,624,2122,1920,2.7792,5.2026
9973,332.433,1241,624,2122,1920,2.9156,5.3351
9974,332.467,1241,624,2122,1921,2.5514,6.6050
9975,332.500,1241,624,2122,1921,3.3416,5.8752
9976,332.533,1240,623,2122,1922,3.0576,3.7682
9977,332.567,1242,623,2122,1920,2.1644,11.1190
9978,332.600,1244,623,2123,1921,-0.6586,11.1443
9979,332.633,1245,621,2122,1918,0.4901,5.8893
9980,332.667,1247,621,2122,1919,0.5097,5.5421
9981,332.700,1247,619,2122,1918,1.4917,8.7541
9982,332.733,1247,619,2122,1918,0.9310,8.2906
9983,332.767,1248,619,2123,1919,-0.3814,9.9673
9984,332.800,1247,619,2122,1918,-1.9165,8.6169
9985,332.833,1248,618,2122,1917,-1.1193,9.1080
9986,332.867,1247,617,2123,1916,0.1210,7.3649
9987,332.900,1248,616,2122,1916,1.1404,8.1057
9988,332.933,1248,616,2123,1917,1.3229,8.0067
9989,332.967,1248,616,2123,1918,2.8931,6.9654
9990,333.000,1248,616,2122,1913,2.3233,8.1944
9991,333.033,1247,615,2123,1914,2.1692,9.2042
9992,333.067,1246,620,2124,1922,6.8384,10.2536
9993,333.100,1245,621,2123,1920,4.8717,6.7046
9994,333.133,1243,622,2122,1921,4.0951,6.4318
9995,333.167,1243,622,2122,1923,3.9102,6.6796
9996,333.200,1241,622,2121,1923,5.1451,7.9295
9997,333.233,1241,624,2120,1922,4.8614,9.6122
9998,333.267,1241,621,2121,1922,5.5880,8.6669
9999,333.300,1242,622,2121,1922,6.9729,8.6663
10000,333.333,1242,622,2121,1922,6.6179,8.1565
10001,333.367,1241,621,2121,1923,5.4018,7.1414
10002,333.400,1242,622,2121,1922,5.8473,9.2236
10003,333.433,1242,622,2121,1922,4.3343,8.7804
10004,333.467,1241,624,2121,1922,2.9531,6.9255
10005,333.500,1241,624,2120,1921,3.3220,7.2268
10006,333.533,1241,624,2121,1921,3.9886,7.0948
10007,333.567,1241,624,2122,1921,4.0531,7.5563
10008,333.600,1241,624,2122,1921,3.9198,6.8739
10009,333.633,1241,624,2123,1923,4.2107,6.2432
10010,333.667,1241,623,2124,1923,5.3052,6.9697
10011,333.700,1242,623,2124,1921,4.6921,6.8986
10012,333.733,1242,623,2124,1921,4.7697,7.2858
10013,333.767,1243,623,2125,1923,4.3314,8.1459
10014,333.800,1243,624,2125,1922,0.6668,7.7641
10015,333.833,1243,623,2125,1923,3.0084,4.0440
10016,333.867,1243,625,2126,1921,3.3786,8.3448
10017,333.900,1243,624,2125,1918,2.5919,9.1219
10018,333.933,1243,623,2124,1918,4.0622,6.8178
10019,333.967,1243,623,2124,1918,4.0880,6.7994
10020,334.000,1243,623,2123,1916,2.2728,8.0467
10021,334.033,1243,620,2124,1917,0.6183,6.9847
10022,334.067,1243,620,2115,1917,2.7121,6.9019
10023,334.100,1244,622,2113,1916,2.2160,6.3045
10024,334.133,1243,621,2114,1918,3.1317,4.9067
10025,334.167,1243,619,2116,1919,-1.6115,7.7315
10026,334.200,1244,618,2117,1918,-1.2578,7.5781
10027,334.233,1243,622,2119,1917,-1.3573,8.9556
10028,334.267,1243,625,2119,1915,-3.4896,13.6145
10029,334.300,1243,626,2120,1915,-1.2504,11.2411
10030,334.333,1243,626,2120,1914,-3.6444,11.0913
10031,334.367,1246,600,2120,1925,-1.1584,7.4923
10032,334.400,1246,600,2121,1926,-3.1457,8.7320
10033,334.433,1245,600,2119,1926,-1.1182,9.0285
10034,334.467,1242,624,2118,1916,-1.1948,12.2414
10035,334.500,1240,625,2117,1915,0.2395,12.9666
10036,334.533,1239,626,2114,1917,-1.9063,10.4361
10037,334.567,1238,626,2113,1918,-0.0937,11.8186
10038,334.600,1238,627,2112,1917,-0.6890,12.1190
10039,334.633,1237,629,2112,1918,2.1243,9.0628
10040,334.667,1236,628,2111,1919,3.7545,9.1434
10041,334.700,1237,626,2113,1917,3.3466,7.8016
10042,334.733,1237,625,2114,1918,3.4155,9.3431
10043,334.767,1236,624,2116,1917,3.0375,9.0242
10044,334.800,1236,624,2116,1919,2.0139,9.2749
10045,334.833,1236,624,2118,1920,2.3464,8.5441
10046,334.867,1237,621,2120,1922,3.1628,10.7601
10047,334.900,1238,624,2122,1922,1.3189,12.5922
10048,334.933,1239,622,2123,1920,1.9092,10.5779
10049,334.967,1238,622,2124,1922,1.0230,9.3627
10050,335.000,1237,622,2125,1922,4.4115,8.0705
10051,335.033,1237,622,2124,1923,4.1443,10.3917
10052,335.067,1237,621,2124,1920,5.3875,8.1205
10053,335.100,1237,621,2122,1921,2.6233,11.2171
10054,335.133,1238,618,2121,1920,-0.6561,8.3299
10055,335.167,1237,620,2120,1924,-3.0853,10.9182
10056,335.200,1236,620,2119,1924,-1.8940,9.6639
10057,335.233,1236,621,2118,1924,-2.5225,8.8351
10058,335.267,1235,622,2118,1923,-1.0855,9.6756
10059,335.300,1235,622,2118,1922,-2.2898,9.3573
10060,335.333,1235,621,2116,1921,-2.5075,7.5268
10061,335.367,1235,620,2117,1922,-1.7966,7.5492
10062,335.400,1235,619,2117,1922,-2.4776,7.7338
10063,335.433,1234,620,2117,1923,-3.2832,9.6334
10064,335.467,1235,620,2117,1923,-2.4645,8.5580
10065,335.500,1234,621,2117,1922,0.2046,8.3958
10066,335.533,1234,623,2116,1924,-0.6267,9.4394
10067,335.567,1234,624,2116,1925,-0.4877,8.9193
10068,335.600,1234,626,2115,1923,-0.4406,8.5792
10069,335.633,1234,626,2115,1923,-0.3092,8.5813
10070,335.667,1234,627,2115,1924,0.3853,8.5347
10071,335.700,1234,626,2115,1925,0.6920,8.5957
10072,335.733,1234,625,2115,1925,-0.4157,8.5109
10073,335.767,1234,626,2115,1925,0.4484,8.8298
10074,335.800,1234,625,2116,1925,0.6229,10.1518
10075,335.833,1236,622,2117,1924,0.5165,8.0322
10076,335.867,1232,618,2106,1926,2.9728,-2.1096
10077,335.900,1231,618,2105,1925,1.8383,-2.6921
10078,335.933,1231,618,2106,1925,0.7827,-0.5487
10079,335.967,1234,617,2110,1927,2.4315,-1.6275
10080,336.000,1233,618,2111,1926,4.5799,-1.3344
10081,336.033,1235,621,2116,1925,3.2439,4.1157
10082,336.067,1237,620,2118,1925,1.6951,5.4995
10083,336.100,1238,622,2118,1924,5.7588,7.0804
10084,336.133,1240,625,2117,1919,4.2940,8.5669
10085,336.167,1240,626,2119,1922,5.0609,8.9647
10086,336.200,1240,624,2121,1924,4.4877,8.8264
10087,336.233,1239,624,2123,1924,5.2862,6.1506
10088,336.267,1239,621,2125,1922,5.9908,6.4440
10089,336.300,1240,620,2125,1923,4.1781,7.5085
10090,336.333,1239,620,2125,1924,4.0542,8.1252
10091,336.367,1240,620,2124,1923,4.3134,7.5979
10092,336.400,1240,621,2124,1924,3.2645,7.2636
10093,336.433,1240,620,2123,1924,7.8790,4.3558
10094,336.467,1240,620,2123,1924,9.7621,4.2344
10095,336.500,1240,620,2122,1923,8.8389,5.3811
10096,336.533,1239,623,2121,1922,8.7419,5.9301
10097,336.567,1238,625,2118,1925,7.5472,8.2474
10098,336.600,1237,622,2119,1925,9.2815,8.7122
10099,336.633,1235,619,2116,1925,9.8294,1.9146
10100,336.667,1233,622,2115,1922,9.7943,6.6648
10101,336.700,1232,623,2114,1925,10.1628,3.9115
10102,336.733,1231,623,2114,1925,8.2001,4.5616
10103,336.767,1230,625,2114,1925,10.9394,4.5617
10104,336.800,1230,626,2114,1925,9.6625,3.6972
10105,336.833,1230,626,2114,1925,9.3333,5.1110
10106,336.867,1229,626,2113,1925,8.1642,4.0092
10107,336.900,1229,626,2113,1924,6.4504,5.5449
10108,336.933,1229,627,2112,1923,4.1160,5.5099
10109,336.967,1230,627,2112,1923,5.9908,7.7203
10110,337.000,1229,627,2111,1923,6.0849,10.3336
10111,337.033,1229,628,2111,1924,5.1432,7.7063
10112,337.067,1229,627,2111,1925,4.9471,10.9154
10113,337.100,1229,628,2111,1926,4.5667,8.3312
10114,337.133,1229,627,2111,1926,3.1860,10.1501
10115,337.167,1230,627,2111,1924,3.4969,11.6610
10116,337.200,1229,628,2111,1925,5.3928,11.1747
10117,337.233,1230,628,2114,1927,6.5191,11.7172
10118,337.267,1234,625,2116,1924,3.1216,10.3276
10119,337.300,1235,623,2116,1922,4.7802,8.9490
10120,337.333,1237,619,2119,1924,-4.9260,8.6449
10121,337.367,1236,619,2120,1927,-0.2773,9.3304
10122,337.400,1236,618,2121,1928,-2.7840,8.2162
10123,337.433,1237,619,2120,1926,-3.1473,10.0984
10124,337.467,1239,620,2120,1924,-2.2055,9.4103
10125,337.500,1238,619,2120,1925,-1.8304,11.3244
10126,337.533,1237,619,2120,1925,-1.9217,11.2397
10127,337.567,1238,619,2119,1925,-0.2161,6.5481
10128,337.600,1237,618,2120,1925,0.2720,6.5951
10129,337.633,1235,621,2118,1924,0.5120,9.6655
10130,337.667,1235,623,2117,1924,0.0702,11.6541
10131,337.700,1233,625,2113,1922,-0.3043,9.5289
10132,337.733,1233,625,2112,1921,-2.0110,12.9337
10133,337.767,1232,626,2111,1920,-1.9142,12.4112
10134,337.800,1232,626,2111,1920,-1.7543,12.3368
10135,337.833,1232,625,2111,1921,-1.2830,12.2307
10136,337.867,1231,625,2111,1921,-1.2092,10.3253
10137,337.900,1231,624,2110,1923,-0.3303,9.4902
10138,337.933,1231,624,2110,1924,1.4868,8.0724
10139,337.967,1232,623,2110,1924,1.6570,9.6433
10140,338.000,1230,622,2108,1922,8.2207,4.7096
10141,338.033,1230,624,2108,1921,6.8992,6.2248
10142,338.067,1230,624,2108,1921,6.9800,6.2779
10143,338.100,1230,624,2109,1922,8.1871,6.6363
10144,338.133,1230,624,2109,1920,7.3972,7.0715
10145,338.167,1231,622,2109,1921,7.7492,4.4242
10146,338.200,1232,620,2110,1922,7.8445,3.3663
10147,338.233,1233,621,2110,1919,8.0912,3.0747
10148,338.267,1235,618,2112,1918,8.4010,5.0450
10149,338.300,1234,620,2112,1917,9.3712,3.4395
10150,338.333,1235,619,2113,1919,7.3900,5.1928
10151,338.367,1235,619,2113,1917,7.0649,2.4444
10152,338.400,1236,618,2114,1918,6.8242,8.0620
10153,338.433,1235,617,2116,1920,9.3205,2.2771
10154,338.467,1235,617,2116,1918,8.6159,6.2222
10155,338.500,1236,616,2118,1919,7.1823,4.4233
10156,338.533,1236,615,2120,1922,3.5997,8.1073
10157,338.567,1236,615,2120,1924,3.7799,9.0012
10158,338.600,1236,613,2121,1924,2.9565,12.0012
10159,338.633,1237,613,2122,1925,1.4277,8.4582
10160,338.667,1238,613,2123,1923,0.6452,8.4706
10161,338.700,1238,614,2124,1922,1.1822,7.7522
10162,338.733,1239,615,2124,1922,2.3649,5.7092
10163,338.767,1239,615,2124,1921,2.8101,9.0766
10164,338.800,1239,616,2124,1921,-0.2782,7.5588
10165,338.833,1239,616,2124,1921,-0.4041,6.2802
10166,338.867,1239,616,2124,1922,0.4892,5.7524
10167,338.900,1239,616,2124,1922,0.7365,6.5095
10168,338.933,1240,616,2124,1921,1.9343,6.1647
10169,338.967,1238,615,2123,1922,3.2336,8.8395
10170,339.000,1237,616,2123,1923,2.0945,7.7071
10171,339.033,1236,619,2121,1923,1.8671,9.6448
10172,339.067,1235,620,2119,1919,3.4389,10.5992
10173,339.100,1234,620,2118,1920,1.6614,12.6379
10174,339.133,1233,621,2118,1921,4.5457,11.0000
10175,339.167,1231,617,2116,1925,10.9474,6.8852
10176,339.200,1229,617,2116,1925,9.7384,9.9657
10177,339.233,1229,619,2116,1927,10.0085,8.0880
10178,339.267,1229,616,2115,1926,11.0448,7.7015
10179,339.300,1228,619,2114,1925,9.5564,8.5275
10180,339.333,1228,619,2113,1927,12.2708,8.5446
10181,339.367,1228,619,2112,1925,12.5405,9.1178
10182,339.400,1228,621,2111,1924,11.2527,9.2058
10183,339.433,1228,623,2110,1922,7.0614,7.4430
10184,339.467,1229,623,2110,1921,4.8490,10.0199
10185,339.500,1229,623,2110,1921,4.5972,9.7771
10186,339.533,1229,622,2109,1920,5.0497,8.1198
10187,339.567,1229,622,2109,1921,5.4246,7.9093
10188,339.600,1229,623,2108,1920,3.8394,7.8162
10189,339.633,1229,623,2108,1920,4.3090,7.8341
10190,339.667,1229,624,2108,1919,2.7649,9.8731
10191,339.700,1230,626,2107,1917,5.1301,9.1387
10192,339.733,1230,625,2107,1918,4.0598,10.2643
10193,339.767,1230,624,2108,1918,3.4829,10.3535
10194,339.800,1231,622,2110,1918,4.0652,9.4609
10195,339.833,1231,620,2112,1921,3.6841,9.6946
10196,339.867,1231,623,2113,1921,2.5192,10.8317
10197,339.900,1231,622,2113,1922,2.3565,10.9483
10198,339.933,1231,621,2113,1922,1.3620,10.4700
10199,339.967,1231,621,2113,1922,1.3119,10.1189
10200,340.000,1231,618,2113,1921,5.3073,7.5177
10201,340.033,1230,619,2113,1922,4.7593,9.8994
10202,340.067,1230,620,2112,1924,4.7898,8.9013
10203,340.100,1230,621,2112,1923,2.4043,9.5867
10204,340.133,1229,623,2111,1924,3.3118,7.5837
10205,340.167,1229,624,2110,1926,3.5775,10.6351
10206,340.200,1229,624,2110,1927,1.8867,9.6138
10207,340.233,1228,623,2108,1928,3.0248,11.3034
10208,340.267,1228,624,2108,1926,2.5208,9.9854
10209,340.300,1229,624,2109,1925,3.2695,10.2171
10210,340.333,1229,624,2109,1925,2.8987,10.4625
10211,340.367,1229,624,2110,1924,1.4347,12.0915
10212,340.400,1229,623,2110,1925,0.9763,11.4778
10213,340.433,1232,622,2111,1922,1.4651,9.8563
10214,340.467,1240,630,2117,1920,2.4365,11.5787
10215,340.500,1241,630,2119,1920,3.8071,10.6410
10216,340.533,1242,628,2120,1920,1.9891,9.9953
10217,340.567,1244,630,2122,1920,1.5838,11.3163
10218,340.600,1246,628,2122,1923,2.6148,9.5365
10219,340.633,1246,628,2123,1923,0.8793,10.5797
10220,340.667,1246,628,2125,1925,-0.5875,9.4850
10221,340.700,1246,627,2125,1925,1.0437,9.4282
10222,340.733,1245,626,2125,1926,2.2039,8.6427
10223,340.767,1245,626,2125,1926,4.1320,9.3098
10224,340.800,1245,628,2125,1926,3.4338,8.8889
10225,340.833,1245,625,2125,1924,2.2840,8.7396
10226,340.867,1246,623,2125,1923,4.6997,7.5896
10227,340.900,1246,623,2124,1922,3.0884,6.7495
10228,340.933,1247,623,2124,1921,2.1411,6.7873
10229,340.967,1246,624,2124,1921,2.5269,7.1719
10230,341.000,1245,622,2125,1924,-0.2221,6.8947
10231,341.033,1245,623,2125,1922,0.9405,6.9610
10232,341.067,1245,624,2124,1922,-0.1822,7.4735
10233,341.100,1246,628,2125,1921,2.1585,7.1595
10234,341.133,1245,628,2124,1921,1.8676,8.4036
10235,341.167,1244,628,2124,1922,3.5042,8.1526
10236,341.200,1244,628,2124,1922,3.4550,8.0703
10237,341.233,1244,628,2124,1922,3.8038,7.7400
10238,341.267,1244,628,2124,1923,2.9338,7.0081
10239,341.300,1243,629,2125,1923,3.9078,7.9645
10240,341.333,1242,629,2124,1923,3.7777,9.5133
10241,341.367,1240,630,2123,1924,2.9979,9.2914
10242,341.400,1239,629,2121,1924,3.0058,8.0654
10243,341.433,1237,628,2119,1924,3.8185,8.2024
10244,341.467,1237,628,2119,1923,4.9140,8.4034
10245,341.500,1237,627,2117,1919,3.5288,7.4295
10246,341.533,1236,624,2117,1921,2.3340,9.7204
10247,341.567,1236,625,2118,1920,2.5920,9.9369
10248,341.600,1236,624,2118,1918,0.1863,10.6383
10249,341.633,1237,624,2118,1918,2.6879,9.1087
10250,341.667,1237,624,2118,1919,1.5874,9.1563
10251,341.700,1236,625,2117,1918,1.3638,8.6463
10252,341.733,1237,626,2117,1915,3.7527,7.3581
10253,341.767,1237,629,2117,1915,4.0724,9.9842
10254,341.800,1237,628,2116,1914,2.9304,7.5446
10255,341.833,1237,627,2117,1917,4.4519,7.4551
10256,341.867,1237,627,2116,1917,4.0151,9.1676
10257,341.900,1237,626,2117,1917,4.2127,9.0316
10258,341.933,1237,624,2116,1920,4.2892,6.6449
10259,341.967,1236,624,2116,1921,4.7018,7.9363
10260,342.000,1236,625,2117,1924,3.8556,9.4427
10261,342.033,1236,625,2117,1924,3.5642,9.1280
10262,342.067,1235,625,2117,1923,2.9921,10.4264
10263,342.100,1235,628,2114,1921,3.6260,10.6841
10264,342.133,1234,627,2113,1922,3.0430,10.7041
10265,342.167,1233,629,2112,1925,2.3235,10.3213
10266,342.200,1231,623,2112,1930,2.4604,9.8152
10267,342.233,1231,625,2111,1930,3.1462,9.3452
10268,342.267,1231,625,2111,1930,3.1246,9.4577
10269,342.300,1231,625,2110,1929,3.6113,10.2132
10270,342.333,1231,625,2111,1928,3.7551,9.3457
10271,342.367,1231,625,2110,1928,4.2083,9.8212
10272,342.400,1230,626,2109,1923,3.0365,9.1501
10273,342.433,1231,625,2109,1922,3.2793,11.5829
10274,342.467,1231,625,2109,1920,3.9567,11.0531
10275,342.500,1232,626,2109,1919,2.4919,11.9699
10276,342.533,1231,625,2109,1919,4.2347,11.3350
10277,342.567,1231,626,2109,1918,3.9093,9.3049
10278,342.600,1231,626,2109,1916,3.3604,10.4697
10279,342.633,1232,626,2109,1916,3.6034,9.9810
10280,342.667,1232,625,2110,1916,3.0103,10.1718
10281,342.700,1233,625,2110,1916,2.1650,11.6926
10282,342.733,1233,623,2111,1917,2.3642,11.0128
10283,342.767,1234,622,2111,1917,1.3672,10.7078
10284,342.800,1234,622,2112,1919,1.8029,11.2001
10285,342.833,1235,621,2112,1918,1.2591,7.9656
10286,342.867,1235,619,2115,1919,0.5614,4.9849
10287,342.900,1235,620,2113,1918,0.5018,5.9944
10288,342.933,1235,619,2114,1919,-0.7179,6.5504
10289,342.967,1235,620,2114,1918,0.3236,6.3452
10290,343.000,1233,624,2114,1921,2.2124,6.9180
10291,343.033,1233,624,2114,1921,2.2117,7.5308
10292,343.067,1233,624,2114,1921,2.1500,7.3828
10293,343.100,1233,624,2114,1920,3.5671,6.3321
10294,343.133,1233,625,2113,1920,3.0967,8.4237
10295,343.167,1233,625,2112,1919,2.8311,7.7476
10296,343.200,1233,624,2112,1917,2.9132,8.1379
10297,343.233,1233,625,2112,1916,1.7156,9.8944
10298,343.267,1233,624,2112,1914,2.7348,7.7466
10299,343.300,1232,623,2112,1917,2.7784,8.4076
10300,343.333,1233,624,2112,1917,4.2128,7.3483
10301,343.367,1233,625,2112,1918,1.9956,7.2753
10302,343.400,1232,623,2112,1920,3.5170,8.3154
10303,343.433,1232,624,2113,1922,2.1373,8.3278
10304,343.467,1232,624,2113,1922,-0.4954,8.7273
10305,343.500,1232,623,2113,1922,-0.5562,11.2173
10306,343.533,1232,623,2113,1922,-2.5498,11.3579
10307,343.567,1234,624,2113,1919,-4.6810,10.4290
10308,343.600,1234,624,2114,1920,-4.9873,10.3295
10309,343.633,1234,624,2113,1920,-4.2085,11.6886
10310,343.667,1234,624,2114,1919,-5.2013,10.8093
10311,343.700,1234,624,2114,1921,-4.5887,11.1844
10312,343.733,1234,624,2114,1921,-4.6083,11.0263
10313,343.767,1234,624,2114,1921,-4.7148,11.1817
10314,343.800,1234,624,2115,1922,-5.2999,6.8465
10315,343.833,1234,623,2115,1923,-4.0901,9.3907
10316,343.867,1234,622,2115,1924,-2.9890,9.0710
10317,343.900,1234,621,2115,1925,-4.3436,9.5692
10318,343.933,1234,620,2115,1925,-7.5468,9.5831
10319,343.967,1234,619,2115,1924,-5.6612,8.2759
10320,344.000,1235,622,2115,1922,-3.8613,12.9995
10321,344.033,1236,622,2115,1923,-4.6407,11.9124
10322,344.067,1236,620,2116,1923,-4.2914,11.6258
10323,344.100,1236,620,2116,1924,-4.9925,11.4326
10324,344.133,1237,618,2116,1924,-8.0673,10.9073
10325,344.167,1237,618,2116,1924,-7.2867,10.7281
10326,344.200,1237,617,2116,1924,-5.3750,10.6627
10327,344.233,1237,618,2117,1924,-8.2471,11.4267
10328,344.267,1237,618,2117,1923,-7.3208,10.8316
10329,344.300,1237,618,2116,1924,-6.7998,11.3103
10330,344.333,1238,620,2116,1923,-6.1008,10.9249
10331,344.367,1237,621,2116,1923,-4.1618,13.6026
10332,344.400,1237,622,2115,1924,-3.9697,12.9310
10333,344.433,1237,623,2114,1924,-2.5051,14.6605
10334,344.467,1237,624,2114,1923,-2.3799,15.7953
10335,344.500,1237,626,2113,1923,-1.2463,12.1999
10336,344.533,1237,627,2113,1924,-2.9400,12.1506
10337,344.567,1236,629,2112,1923,0.1468,13.9471
10338,344.600,1236,630,2111,1923,-1.1707,12.8570
10339,344.633,1236,628,2112,1922,-2.0042,13.6454
10340,344.667,1236,629,2112,1921,0.2448,14.1659
10341,344.700,1235,628,2112,1920,1.6216,12.1185
10342,344.733,1235,632,2112,1919,5.7738,12.5826
10343,344.767,1235,631,2112,1920,3.5271,13.8421
10344,344.800,1234,630,2112,1920,4.3682,11.0103
10345,344.833,1234,628,2112,1922,4.6792,9.4587
10346,344.867,1234,628,2112,1922,4.9142,9.0636
10347,344.900,1234,627,2112,1922,3.8222,8.4800
10348,344.933,1234,625,2112,1923,4.7534,10.0688
10349,344.967,1234,623,2112,1922,3.2253,11.4126
10350,345.000,1234,625,2111,1920,4.3485,10.2519
10351,345.033,1234,627,2111,1920,4.0573,9.9469
10352,345.067,1235,626,2112,1920,3.6342,10.3166
10353,345.100,1234,625,2113,1920,4.1159,9.5398
10354,345.133,1236,626,2114,1920,3.3676,7.3129
10355,345.167,1236,625,2115,1918,2.0791,8.4868
10356,345.200,1237,626,2115,1918,1.0339,9.2211
10357,345.233,1236,626,2115,1918,1.7399,9.1115
10358,345.267,1237,623,2116,1918,0.8172,8.0254
10359,345.300,1237,621,2116,1921,1.6150,6.9440
10360,345.333,1237,621,2116,1921,1.7324,7.3206
10361,345.367,1238,621,2116,1921,-3.8964,9.3629
10362,345.400,1239,617,2116,1925,-2.8071,9.8822
10363,345.433,1239,616,2116,1925,-1.5340,8.7035
10364,345.467,1239,616,2116,1925,-1.5960,8.6467
10365,345.500,1239,616,2116,1926,-3.4159,7.4688
10366,345.533,1239,616,2116,1925,-2.6992,8.7084
10367,345.567,1239,616,2116,1926,-4.1750,6.9700
10368,345.600,1239,615,2116,1925,-3.1978,7.9444
10369,345.633,1239,615,2116,1926,-5.1840,9.1452
10370,345.667,1239,615,2116,1926,-5.7505,8.4172
10371,345.700,1239,615,2117,1926,-5.0414,9.3736
10372,345.733,1239,616,2117,1925,-6.2251,9.4167
10373,345.767,1239,615,2117,1926,-5.1523,9.7067
10374,345.800,1239,616,2117,1925,-7.0859,10.3681
10375,345.833,1240,616,2117,1924,-6.7199,10.5838
10376,345.867,1240,616,2116,1924,-6.6123,9.6894
10377,345.900,1240,616,2117,1925,-6.1439,10.3230
10378,345.933,1240,617,2117,1925,-6.9063,8.9657
10379,345.967,1239,619,2117,1924,-3.4675,9.9205
10380,346.000,1238,620,2116,1922,-0.3905,9.2561
10381,346.033,1238,619,2115,1922,-0.4794,9.1759
10382,346.067,1239,618,2116,1922,1.3894,8.5778
10383,346.100,1239,618,2116,1922,1.8703,8.4674
10384,346.133,1239,619,2115,1921,0.8997,7.6878
10385,346.167,1238,619,2115,1922,0.4861,9.2622
10386,346.200,1238,619,2115,1923,0.5892,7.4866
10387,346.233,1239,618,2115,1923,1.5566,8.5814
10388,346.267,1239,618,2115,1923,2.1439,7.6857
10389,346.300,1239,617,2115,1924,1.7871,7.0734
10390,346.333,1239,617,2114,1924,0.9833,6.4814
10391,346.367,1239,617,2115,1925,2.1786,8.0668
10392,346.400,1238,617,2115,1926,0.8843,7.9417
10393,346.433,1238,615,2113,1924,5.9441,8.9332
10394,346.467,1238,616,2113,1925,7.1298,6.6180
10395,346.500,1238,616,2113,1925,7.3453,7.5084
10396,346.533,1237,616,2112,1924,8.0825,8.8410
10397,346.567,1237,616,2112,1924,7.9256,10.5882
10398,346.600,1237,616,2112,1924,8.4238,9.9042
10399,346.633,1237,616,2112,1923,8.9963,8.9942
10400,346.667,1237,617,2112,1923,6.7614,9.9219
10401,346.700,1237,616,2112,1924,8.4751,8.6827
10402,346.733,1237,616,2112,1924,8.4700,8.3169
10403,346.767,1236,616,2112,1926,8.4524,8.7899
10404,346.800,1236,616,2112,1927,8.2681,8.7320
10405,346.833,1235,615,2112,1928,10.2488,10.2317
10406,346.867,1235,615,2112,1927,10.5016,9.3434
10407,346.900,1236,614,2112,1928,9.5882,9.8369
10408,346.933,1236,613,2112,1928,6.9674,10.1528
10409,346.967,1236,613,2113,1928,5.0298,8.7160
10410,347.000,1233,617,2115,1929,2.7931,8.1050
10411,347.033,1233,618,2115,1928,1.8453,8.8510
10412,347.067,1233,618,2115,1930,2.0788,9.3995
10413,347.100,1233,619,2115,1929,1.4143,9.5704
10414,347.133,1233,620,2114,1929,0.8762,9.8604
10415,347.167,1233,621,2114,1928,2.0609,9.4707
10416,347.200,1233,622,2113,1926,0.6754,13.9678
10417,347.233,1232,623,2113,1927,-0.7925,12.1856
10418,347.267,1233,623,2114,1927,0.1245,13.1927
10419,347.300,1233,623,2114,1927,-0.2028,13.4658
10420,347.333,1233,623,2114,1927,-0.2951,13.6171
10421,347.367,1233,623,2114,1927,-0.4057,13.7899
10422,347.400,1233,623,2115,1927,0.2456,13.6531
10423,347.433,1234,620,2116,1926,-0.9341,13.2720
10424,347.467,1235,620,2116,1925,-1.1514,10.0352
10425,347.500,1236,621,2115,1923,-3.9599,10.7389
10426,347.533,1237,621,2115,1919,-4.6833,8.5311
10427,347.567,1238,622,2116,1919,-4.7120,13.4240
10428,347.600,1239,621,2117,1920,-6.8556,8.4101
10429,347.633,1239,621,2118,1919,-5.4589,10.5186
10430,347.667,1239,619,2119,1921,-4.1168,7.1378
10431,347.700,1239,621,2120,1920,-1.5954,11.3549
10432,347.733,1239,622,2120,1917,1.0860,12.3266
10433,347.767,1239,621,2120,1918,-0.7938,10.6434
10434,347.800,1239,621,2121,1917,1.0080,12.0359
10435,347.833,1238,623,2120,1919,0.8872,10.6069
10436,347.867,1238,623,2119,1917,0.5692,10.5171
10437,347.900,1238,622,2117,1918,8.0945,9.8428
10438,347.933,1237,624,2116,1917,7.2248,8.2728
10439,347.967,1237,624,2116,1917,6.9289,8.5156
10440,348.000,1236,621,2117,1921,8.3395,7.2816
10441,348.033,1236,621,2117,1921,8.1935,7.3833
10442,348.067,1236,620,2117,1921,8.4467,6.1799
10443,348.100,1238,629,2116,1924,8.9298,7.7024
10444,348.133,1238,628,2116,1924,8.3409,7.5665
10445,348.167,1239,628,2117,1923,5.8357,8.3911
10446,348.200,1239,628,2117,1924,3.2684,9.3699
10447,348.233,1239,628,2118,1923,1.6591,9.6691
10448,348.267,1240,628,2118,1922,1.3254,9.9665
10449,348.300,1239,628,2118,1922,1.8274,9.6698
10450,348.333,1239,628,2118,1922,1.9483,9.5984
10451,348.367,1239,628,2118,1922,1.8772,10.0408
10452,348.400,1239,629,2118,1923,3.7790,6.8447
10453,348.433,1239,630,2119,1924,3.3323,7.4568
10454,348.467,1239,630,2119,1925,3.0538,7.7262
10455,348.500,1239,631,2118,1925,3.9916,7.6929
10456,348.533,1239,631,2119,1926,4.0694,8.1099
10457,348.567,1238,629,2119,1929,3.3775,10.2378
10458,348.600,1238,629,2120,1928,1.3338,9.3082
10459,348.633,1238,628,2120,1930,1.5255,6.7003
10460,348.667,1238,628,2121,1932,0.3727,9.4260
10461,348.700,1238,626,2121,1930,1.6244,9.9502
10462,348.733,1238,627,2121,1929,0.8482,9.8144
10463,348.767,1237,626,2122,1926,2.8218,9.4570
10464,348.800,1237,625,2122,1925,2.1509,8.4180
10465,348.833,1237,626,2122,1924,2.6281,10.3025
10466,348.867,1237,626,2120,1924,3.2551,9.3506
10467,348.900,1238,628,2119,1918,2.4592,8.5098
10468,348.933,1238,627,2119,1919,3.4664,7.5832
10469,348.967,1238,627,2119,1918,4.4657,7.9308
10470,349.000,1238,629,2120,1916,3.3738,7.7071
10471,349.033,1238,629,2120,1916,3.9109,8.3554
10472,349.067,1238,629,2120,1915,2.8842,8.5583
10473,349.100,1238,629,2121,1914,2.1279,6.0750
10474,349.133,1238,628,2120,1914,3.2081,7.5741
10475,349.167,1238,627,2120,1912,4.3076,7.3889
10476,349.200,1237,626,2120,1915,3.8385,7.4674
10477,349.233,1238,626,2120,1915,2.7520,6.6773
10478,349.267,1237,625,2120,1916,-0.0839,8.8923
10479,349.300,1237,625,2119,1917,0.6185,8.9173
10480,349.333,1237,625,2119,1920,-4.3665,9.5603
10481,349.367,1237,624,2119,1919,-4.7187,11.2459
10482,349.400,1237,623,2118,1917,-4.8905,8.2936
10483,349.433,1238,626,2118,1916,-4.6218,10.7020
10484,349.467,1236,629,2116,1918,1.6143,10.5235
10485,349.500,1236,629,2116,1919,0.8517,8.8728
10486,349.533,1236,633,2114,1919,-0.3873,9.4976
10487,349.567,1235,634,2111,1918,2.4436,7.6559
10488,349.600,1234,635,2111,1918,0.6442,6.0226
10489,349.633,1234,635,2111,1916,0.7692,5.9765
10490,349.667,1234,636,2110,1916,1.2309,5.0457
10491,349.700,1234,636,2110,1915,1.0827,6.4593
10492,349.733,1233,634,2110,1914,0.9048,7.4890
10493,349.767,1233,635,2110,1915,0.0034,7.1641
10494,349.800,1232,633,2109,1911,2.7486,6.5671
10495,349.833,1232,636,2108,1912,1.2197,6.7544
10496,349.867,1232,634,2109,1913,0.6207,8.0615
10497,349.900,1231,636,2109,1912,-1.6632,5.9288
10498,349.933,1231,633,2109,1913,0.2678,9.0079
10499,349.967,1231,630,2109,1914,-0.1011,8.6173
10500,350.000,1230,629,2109,1914,1.0521,7.8661
10501,350.033,1231,629,2109,1914,-0.3892,9.8462
10502,350.067,1230,628,2109,1914,-0.7630,10.1791
10503,350.100,1230,628,2109,1914,-0.5952,8.9873
10504,350.133,1231,628,2109,1916,-0.0142,9.7067
10505,350.167,1231,628,2109,1914,2.1595,9.0267
10506,350.200,1232,629,2109,1914,2.0966,9.5751
10507,350.233,1232,631,2110,1912,2.9580,8.9904
10508,350.267,1233,630,2111,1913,2.5091,6.9143
10509,350.300,1234,631,2111,1914,2.0907,8.5416
10510,350.333,1234,630,2111,1914,0.3739,8.9214
10511,350.367,1234,631,2112,1917,2.3937,7.2443
10512,350.400,1234,631,2111,1916,2.0557,7.6671
10513,350.433,1234,632,2111,1916,3.5837,7.9223
10514,350.467,1234,631,2111,1916,2.3128,8.2388
10515,350.500,1234,632,2111,1915,4.1971,9.3566
10516,350.533,1234,632,2111,1915,4.1281,9.2797
10517,350.567,1234,632,2111,1915,4.3418,9.4788
10518,350.600,1234,632,2111,1916,3.4996,7.8708
10519,350.633,1234,633,2111,1915,4.1696,7.5710
10520,350.667,1234,632,2111,1916,2.3995,8.5582
10521,350.700,1234,632,2111,1914,2.2417,8.3968
10522,350.733,1235,632,2111,1914,1.3487,10.3278
10523,350.767,1235,631,2110,1915,-1.8618,8.3016
10524,350.800,1235,632,2110,1915,-0.1537,9.2852
10525,350.833,1234,632,2110,1914,3.6608,9.4568
10526,350.867,1234,632,2111,1914,4.0577,9.0066
10527,350.900,1234,632,2111,1915,3.6323,8.8591
10528,350.933,1234,632,2111,1916,3.2272,8.5198
10529,350.967,1234,631,2111,1916,3.4295,7.4314
10530,351.000,1234,633,2110,1914,1.8235,6.6216
10531,351.033,1234,633,2111,1913,3.2264,7.0822
10531,351.033,2888,1362,3149,1668,-20.7724,7.5696
10532,351.067,1234,633,2111,1913,3.2303,7.1238
10532,351.067,2888,1362,3149,1668,-18.1832,7.5445
10533,351.100,1234,633,2111,1913,3.1915,7.1091
10533,351.100,2889,1362,3149,1668,-18.7560,8.0970
10534,351.133,1234,632,2111,1913,2.1462,5.7886
10534,351.133,2889,1361,3149,1668,-15.8738,6.4407
